  0
SECTION
  2
HEADER
  9
$ACADVER
  1
AC1032
  9
$ACADMAINTVER
 90
      327
  9
$DWGCODEPAGE
  3
ANSI_1252
  9
$REQUIREDVERSIONS
160
                 0
  9
$INSBASE
 10
0.0
 20
0.0
 30
0.0
  9
$EXTMIN
 10
1.000000000000000E+20
 20
1.000000000000000E+20
 30
1.000000000000000E+20
  9
$EXTMAX
 10
-1.000000000000000E+20
 20
-1.000000000000000E+20
 30
-1.000000000000000E+20
  9
$LIMMIN
 10
0.0
 20
0.0
  9
$LIMMAX
 10
12.0
 20
9.0
  9
$ORTHOMODE
 70
     0
  9
$REGENMODE
 70
     1
  9
$FILLMODE
 70
     1
  9
$QTEXTMODE
 70
     0
  9
$MIRRTEXT
 70
     0
  9
$LTSCALE
 40
1.0
  9
$ATTMODE
 70
     1
  9
$TEXTSIZE
 40
0.2
  9
$TRACEWID
 40
0.05
  9
$TEXTSTYLE
  7
Standard
  9
$CLAYER
  8
0
  9
$CELTYPE
  6
ByLayer
  9
$CECOLOR
 62
   256
  9
$CELTSCALE
 40
1.0
  9
$DISPSILH
 70
     0
  9
$DIMSCALE
 40
1.0
  9
$DIMASZ
 40
0.18
  9
$DIMEXO
 40
0.0625
  9
$DIMDLI
 40
0.38
  9
$DIMRND
 40
0.0
  9
$DIMDLE
 40
0.0
  9
$DIMEXE
 40
0.18
  9
$DIMTP
 40
0.0
  9
$DIMTM
 40
0.0
  9
$DIMTXT
 40
0.18
  9
$DIMCEN
 40
0.09
  9
$DIMTSZ
 40
0.0
  9
$DIMTOL
 70
     0
  9
$DIMLIM
 70
     0
  9
$DIMTIH
 70
     1
  9
$DIMTOH
 70
     1
  9
$DIMSE1
 70
     0
  9
$DIMSE2
 70
     0
  9
$DIMTAD
 70
     0
  9
$DIMZIN
 70
     0
  9
$DIMBLK
  1

  9
$DIMASO
 70
     1
  9
$DIMSHO
 70
     1
  9
$DIMPOST
  1

  9
$DIMAPOST
  1

  9
$DIMALT
 70
     0
  9
$DIMALTD
 70
     2
  9
$DIMALTF
 40
25.4
  9
$DIMLFAC
 40
1.0
  9
$DIMTOFL
 70
     0
  9
$DIMTVP
 40
0.0
  9
$DIMTIX
 70
     0
  9
$DIMSOXD
 70
     0
  9
$DIMSAH
 70
     0
  9
$DIMBLK1
  1

  9
$DIMBLK2
  1

  9
$DIMSTYLE
  2
Standard
  9
$DIMCLRD
 70
     0
  9
$DIMCLRE
 70
     0
  9
$DIMCLRT
 70
     0
  9
$DIMTFAC
 40
1.0
  9
$DIMGAP
 40
0.09
  9
$DIMJUST
 70
     0
  9
$DIMSD1
 70
     0
  9
$DIMSD2
 70
     0
  9
$DIMTOLJ
 70
     1
  9
$DIMTZIN
 70
     0
  9
$DIMALTZ
 70
     0
  9
$DIMALTTZ
 70
     0
  9
$DIMUPT
 70
     0
  9
$DIMDEC
 70
     4
  9
$DIMTDEC
 70
     4
  9
$DIMALTU
 70
     2
  9
$DIMALTTD
 70
     2
  9
$DIMTXSTY
  7
Standard
  9
$DIMAUNIT
 70
     0
  9
$DIMADEC
 70
     0
  9
$DIMALTRND
 40
0.0
  9
$DIMAZIN
 70
     0
  9
$DIMDSEP
 70
    46
  9
$DIMATFIT
 70
     3
  9
$DIMFRAC
 70
     0
  9
$DIMLDRBLK
  1

  9
$DIMLUNIT
 70
     2
  9
$DIMLWD
 70
    -2
  9
$DIMLWE
 70
    -2
  9
$DIMTMOVE
 70
     0
  9
$DIMFXL
 40
1.0
  9
$DIMFXLON
 70
     0
  9
$DIMJOGANG
 40
0.7853981633974483
  9
$DIMTFILL
 70
     0
  9
$DIMTFILLCLR
 70
     0
  9
$DIMARCSYM
 70
     0
  9
$DIMLTYPE
  6

  9
$DIMLTEX1
  6

  9
$DIMLTEX2
  6

  9
$DIMTXTDIRECTION
 70
     0
  9
$LUNITS
 70
     2
  9
$LUPREC
 70
     4
  9
$SKETCHINC
 40
0.1
  9
$FILLETRAD
 40
0.0
  9
$AUNITS
 70
     0
  9
$AUPREC
 70
     0
  9
$MENU
  1
.
  9
$ELEVATION
 40
0.0
  9
$PELEVATION
 40
0.0
  9
$THICKNESS
 40
0.0
  9
$LIMCHECK
 70
     0
  9
$CHAMFERA
 40
0.0
  9
$CHAMFERB
 40
0.0
  9
$CHAMFERC
 40
0.0
  9
$CHAMFERD
 40
0.0
  9
$SKPOLY
 70
     0
  9
$TDCREATE
 40
2461250.489212963
  9
$TDUCREATE
 40
2461250.614212963
  9
$TDUPDATE
 40
2461250.489212963
  9
$TDUUPDATE
 40
2461250.614212963
  9
$TDINDWG
 40
0.0000000000
  9
$TDUSRTIMER
 40
0.0000000000
  9
$USRTIMER
 70
     1
  9
$ANGBASE
 50
0.0
  9
$ANGDIR
 70
     0
  9
$PDMODE
 70
     0
  9
$PDSIZE
 40
0.0
  9
$PLINEWID
 40
0.0
  9
$SPLFRAME
 70
     0
  9
$SPLINETYPE
 70
     6
  9
$SPLINESEGS
 70
     8
  9
$HANDSEED
  5
A30
  9
$SURFTAB1
 70
     6
  9
$SURFTAB2
 70
     6
  9
$SURFTYPE
 70
     6
  9
$SURFU
 70
     6
  9
$SURFV
 70
     6
  9
$UCSBASE
  2

  9
$UCSNAME
  2

  9
$UCSORG
 10
0.0
 20
0.0
 30
0.0
  9
$UCSXDIR
 10
1.0
 20
0.0
 30
0.0
  9
$UCSYDIR
 10
0.0
 20
1.0
 30
0.0
  9
$UCSORTHOREF
  2

  9
$UCSORTHOVIEW
 70
     0
  9
$UCSORGTOP
 10
0.0
 20
0.0
 30
0.0
  9
$UCSORGBOTTOM
 10
0.0
 20
0.0
 30
0.0
  9
$UCSORGLEFT
 10
0.0
 20
0.0
 30
0.0
  9
$UCSORGRIGHT
 10
0.0
 20
0.0
 30
0.0
  9
$UCSORGFRONT
 10
0.0
 20
0.0
 30
0.0
  9
$UCSORGBACK
 10
0.0
 20
0.0
 30
0.0
  9
$PUCSBASE
  2

  9
$PUCSNAME
  2

  9
$PUCSORG
 10
0.0
 20
0.0
 30
0.0
  9
$PUCSXDIR
 10
1.0
 20
0.0
 30
0.0
  9
$PUCSYDIR
 10
0.0
 20
1.0
 30
0.0
  9
$PUCSORTHOREF
  2

  9
$PUCSORTHOVIEW
 70
     0
  9
$PUCSORGTOP
 10
0.0
 20
0.0
 30
0.0
  9
$PUCSORGBOTTOM
 10
0.0
 20
0.0
 30
0.0
  9
$PUCSORGLEFT
 10
0.0
 20
0.0
 30
0.0
  9
$PUCSORGRIGHT
 10
0.0
 20
0.0
 30
0.0
  9
$PUCSORGFRONT
 10
0.0
 20
0.0
 30
0.0
  9
$PUCSORGBACK
 10
0.0
 20
0.0
 30
0.0
  9
$USERI1
 70
     0
  9
$USERI2
 70
     0
  9
$USERI3
 70
     0
  9
$USERI4
 70
     0
  9
$USERI5
 70
     0
  9
$USERR1
 40
0.0
  9
$USERR2
 40
0.0
  9
$USERR3
 40
0.0
  9
$USERR4
 40
0.0
  9
$USERR5
 40
0.0
  9
$WORLDVIEW
 70
     1
  9
$SHADEDGE
 70
     3
  9
$SHADEDIF
 70
    70
  9
$TILEMODE
 70
     1
  9
$MAXACTVP
 70
    64
  9
$PINSBASE
 10
0.0
 20
0.0
 30
0.0
  9
$PLIMCHECK
 70
     0
  9
$PEXTMIN
 10
1.000000000000000E+20
 20
1.000000000000000E+20
 30
1.000000000000000E+20
  9
$PEXTMAX
 10
-1.000000000000000E+20
 20
-1.000000000000000E+20
 30
-1.000000000000000E+20
  9
$PLIMMIN
 10
0.0
 20
0.0
  9
$PLIMMAX
 10
12.0
 20
9.0
  9
$UNITMODE
 70
     0
  9
$VISRETAIN
 70
     1
  9
$PLINEGEN
 70
     0
  9
$PSLTSCALE
 70
     1
  9
$TREEDEPTH
 70
  3020
  9
$CMLSTYLE
  2
Standard
  9
$CMLJUST
 70
     0
  9
$CMLSCALE
 40
1.0
  9
$PROXYGRAPHICS
 70
     1
  9
$MEASUREMENT
 70
     0
  9
$CELWEIGHT
370
    -1
  9
$ENDCAPS
280
     0
  9
$JOINSTYLE
280
     0
  9
$LWDISPLAY
290
     1
  9
$INSUNITS
 70
     4
  9
$HYPERLINKBASE
  1

  9
$STYLESHEET
  1

  9
$XEDIT
290
     1
  9
$CEPSNTYPE
380
     0
  9
$PSTYLEMODE
290
     1
  9
$FINGERPRINTGUID
  2
{2A679F8F-61C3-324A-B114-55325FB0CAC5}
  9
$VERSIONGUID
  2
{89E1A7D4-A493-5C4C-86BE-8DA8D7CFD12B}
  9
$EXTNAMES
290
     1
  9
$PSVPSCALE
 40
0.0
  9
$OLESTARTUP
290
     0
  9
$SORTENTS
280
   127
  9
$INDEXCTL
280
     0
  9
$HIDETEXT
280
     1
  9
$XCLIPFRAME
280
     2
  9
$HALOGAP
280
     0
  9
$OBSCOLOR
 70
   257
  9
$OBSLTYPE
280
     0
  9
$INTERSECTIONDISPLAY
280
     0
  9
$INTERSECTIONCOLOR
 70
   257
  9
$DIMASSOC
280
     2
  9
$PROJECTNAME
  1

  9
$CAMERADISPLAY
290
     0
  9
$LENSLENGTH
 40
50.0
  9
$CAMERAHEIGHT
 40
0.0
  9
$STEPSPERSEC
 40
2.0
  9
$STEPSIZE
 40
6.0
  9
$3DDWFPREC
 40
2.0
  9
$PSOLWIDTH
 40
0.25
  9
$PSOLHEIGHT
 40
4.0
  9
$LOFTANG1
 40
1.570796326794896
  9
$LOFTANG2
 40
1.570796326794896
  9
$LOFTMAG1
 40
0.0
  9
$LOFTMAG2
 40
0.0
  9
$LOFTPARAM
 70
     7
  9
$LOFTNORMALS
280
     1
  9
$LATITUDE
 40
37.795
  9
$LONGITUDE
 40
-122.394
  9
$NORTHDIRECTION
 40
0.0
  9
$TIMEZONE
 70
 -8000
  9
$LIGHTGLYPHDISPLAY
280
     1
  9
$TILEMODELIGHTSYNCH
280
     1
  9
$CMATERIAL
347
11
  9
$SOLIDHIST
280
     0
  9
$SHOWHIST
280
     1
  9
$DWFFRAME
280
     2
  9
$DGNFRAME
280
     0
  9
$REALWORLDSCALE
290
     1
  9
$INTERFERECOLOR
 62
     1
  9
$INTERFEREOBJVS
345
33
  9
$INTERFEREVPVS
346
30
  9
$CSHADOW
280
     0
  9
$SHADOWPLANELOCATION
 40
0.0
  0
ENDSEC
  0
SECTION
  2
CLASSES
  0
CLASS
  1
ACDBDICTIONARYWDFLT
  2
AcDbDictionaryWithDefault
  3
ObjectDBX Classes
 90
        0
 91
        1
280
     0
281
     0
  0
CLASS
  1
MATERIAL
  2
AcDbMaterial
  3
ObjectDBX Classes
 90
     1153
 91
        3
280
     0
281
     0
  0
CLASS
  1
VISUALSTYLE
  2
AcDbVisualStyle
  3
ObjectDBX Classes
 90
     4095
 91
       24
280
     0
281
     0
  0
CLASS
  1
SCALE
  2
AcDbScale
  3
ObjectDBX Classes
 90
     1153
 91
       17
280
     0
281
     0
  0
CLASS
  1
TABLESTYLE
  2
AcDbTableStyle
  3
ObjectDBX Classes
 90
     4095
 91
        1
280
     0
281
     0
  0
CLASS
  1
MLEADERSTYLE
  2
AcDbMLeaderStyle
  3
ACDB_MLEADERSTYLE_CLASS
 90
     4095
 91
        1
280
     0
281
     0
  0
CLASS
  1
ACDBSECTIONVIEWSTYLE
  2
AcDbSectionViewStyle
  3
ObjectDBX Classes
 90
     1025
 91
        1
280
     0
281
     0
  0
CLASS
  1
ACDBDETAILVIEWSTYLE
  2
AcDbDetailViewStyle
  3
ObjectDBX Classes
 90
     1025
 91
        1
280
     0
281
     0
  0
CLASS
  1
DICTIONARYVAR
  2
AcDbDictionaryVar
  3
ObjectDBX Classes
 90
        0
 91
        5
280
     0
281
     0
  0
CLASS
  1
CELLSTYLEMAP
  2
AcDbCellStyleMap
  3
ObjectDBX Classes
 90
     1152
 91
        1
280
     0
281
     0
  0
ENDSEC
  0
SECTION
  2
TABLES
  0
TABLE
  2
VPORT
  5
8
330
0
100
AcDbSymbolTable
 70
     1
  0
VPORT
  5
57
330
8
100
AcDbSymbolTableRecord
100
AcDbViewportTableRecord
  2
*Active
 70
     0
 10
0.0
 20
0.0
 11
1.0
 21
1.0
 12
0.0
 22
0.0
 13
0.0
 23
0.0
 14
1.0
 24
1.0
 15
0.0
 25
0.0
 16
0.0
 26
0.0
 36
1.0
 17
53.26944443112708
 27
321.2041665863657
 37
0.0
 40
121.9834999695041
 41
0.8908554572271384
 42
50.0
 43
0.0
 44
0.0
 50
0.0
 51
0.0
 71
     0
 72
   100
 73
     1
 74
     1
 75
     0
 76
     0
 77
     0
 78
     0
281
     0
 65
     1
110
0.0
120
0.0
130
0.0
111
1.0
121
0.0
131
0.0
112
0.0
122
1.0
132
0.0
 79
     0
146
0.0
 60
     3
 61
     5
292
     1
282
     1
141
0.0
142
0.0
 63
   250
421
  3355443
  0
ENDTAB
  0
TABLE
  2
LTYPE
  5
5
330
0
100
AcDbSymbolTable
 70
     1
  0
LTYPE
  5
5B
330
5
100
AcDbSymbolTableRecord
100
AcDbLinetypeTableRecord
  2
ByBlock
 70
     0
  3

 72
    65
 73
     0
 40
0.0
  0
LTYPE
  5
5C
330
5
100
AcDbSymbolTableRecord
100
AcDbLinetypeTableRecord
  2
ByLayer
 70
     0
  3

 72
    65
 73
     0
 40
0.0
  0
LTYPE
  5
5D
330
5
100
AcDbSymbolTableRecord
100
AcDbLinetypeTableRecord
  2
Continuous
 70
     0
  3
Solid line
 72
    65
 73
     0
 40
0.0
  0
ENDTAB
  0
TABLE
  2
LAYER
  5
2
330
0
100
AcDbSymbolTable
 70
     6
  0
LAYER
  5
54
330
2
100
AcDbSymbolTableRecord
100
AcDbLayerTableRecord
  2
0
 70
     0
 62
     7
  6
Continuous
370
     0
390
F
347
21
348
0
  0
LAYER
  5
5CA
330
2
100
AcDbSymbolTableRecord
100
AcDbLayerTableRecord
  2
03_AXES
 70
     0
 62
     7
  6
Continuous
370
     0
390
F
347
21
348
0
  0
LAYER
  5
86A
330
2
100
AcDbSymbolTableRecord
100
AcDbLayerTableRecord
  2
10_CHAMFER
 70
     0
 62
     7
  6
Continuous
370
     0
390
F
347
21
348
0
  0
LAYER
  5
893
330
2
100
AcDbSymbolTableRecord
100
AcDbLayerTableRecord
  2
09_ROUNDS
 70
     0
 62
     7
  6
Continuous
370
     0
390
F
347
21
348
0
  0
LAYER
  5
9FF
330
2
100
AcDbSymbolTableRecord
100
AcDbLayerTableRecord
  2
08_DRAFTS
 70
     0
 62
     7
  6
Continuous
370
     0
390
F
347
21
348
0
  0
LAYER
  5
A1C
330
2
100
AcDbSymbolTableRecord
100
AcDbLayerTableRecord
  2
02_PLANES
 70
     0
 62
     7
  6
Continuous
370
     0
390
F
347
21
348
0
  0
ENDTAB
  0
TABLE
  2
STYLE
  5
3
330
0
100
AcDbSymbolTable
 70
     2
  0
STYLE
  5
55
330
3
100
AcDbSymbolTableRecord
100
AcDbTextStyleTableRecord
  2
Standard
 70
     0
 40
0.0
 41
1.0
 50
0.0
 71
     0
 42
0.2
  3
txt
  4

  0
STYLE
  5
5A
330
3
100
AcDbSymbolTableRecord
100
AcDbTextStyleTableRecord
  2
Annotative
 70
     0
 40
0.0
 41
1.0
 50
0.0
 71
     0
 42
0.2
  3
txt
  4

1001
AcadAnnotative
1000
AnnotativeData
1002
{
1070
     1
1070
     1
1002
}
  0
ENDTAB
  0
TABLE
  2
VIEW
  5
6
330
0
100
AcDbSymbolTable
 70
     0
  0
ENDTAB
  0
TABLE
  2
UCS
  5
7
330
0
100
AcDbSymbolTable
 70
     0
  0
ENDTAB
  0
TABLE
  2
APPID
  5
9
330
0
100
AcDbSymbolTable
 70
     2
  0
APPID
  5
56
330
9
100
AcDbSymbolTableRecord
100
AcDbRegAppTableRecord
  2
ACAD
 70
     0
  0
APPID
  5
5E
330
9
100
AcDbSymbolTableRecord
100
AcDbRegAppTableRecord
  2
AcadAnnotative
 70
     0
  0
ENDTAB
  0
TABLE
  2
DIMSTYLE
  5
A
330
0
100
AcDbSymbolTable
 70
     2
100
AcDbDimStyleTable
 71
     0
  0
DIMSTYLE
105
58
330
A
100
AcDbSymbolTableRecord
100
AcDbDimStyleTableRecord
  2
Standard
 70
     0
340
55
  0
DIMSTYLE
105
59
330
A
100
AcDbSymbolTableRecord
100
AcDbDimStyleTableRecord
  2
Annotative
 70
     0
340
55
1001
AcadAnnotative
1000
AnnotativeData
1002
{
1070
     1
1070
     1
1002
}
  0
ENDTAB
  0
TABLE
  2
BLOCK_RECORD
  5
1
330
0
100
AcDbSymbolTable
 70
     1
  0
BLOCK_RECORD
  5
70
330
1
100
AcDbSymbolTableRecord
100
AcDbBlockTableRecord
  2
*Model_Space
340
73
 70
     0
280
     1
281
     0
  0
BLOCK_RECORD
  5
6C
330
1
100
AcDbSymbolTableRecord
100
AcDbBlockTableRecord
  2
*Paper_Space
340
6F
 70
     0
280
     1
281
     0
  0
BLOCK_RECORD
  5
74
330
1
100
AcDbSymbolTableRecord
100
AcDbBlockTableRecord
  2
*Paper_Space0
340
77
 70
     0
280
     1
281
     0
  0
ENDTAB
  0
ENDSEC
  0
SECTION
  2
BLOCKS
  0
BLOCK
  5
71
330
70
100
AcDbEntity
  8
0
100
AcDbBlockBegin
  2
*Model_Space
 70
     0
 10
0.0
 20
0.0
 30
0.0
  3
*Model_Space
  1

  0
ENDBLK
  5
72
330
70
100
AcDbEntity
  8
0
100
AcDbBlockEnd
  0
BLOCK
  5
6D
330
6C
100
AcDbEntity
 67
     1
  8
0
100
AcDbBlockBegin
  2
*Paper_Space
 70
     0
 10
0.0
 20
0.0
 30
0.0
  3
*Paper_Space
  1

  0
ENDBLK
  5
6E
330
6C
100
AcDbEntity
 67
     1
  8
0
100
AcDbBlockEnd
  0
BLOCK
  5
75
330
74
100
AcDbEntity
 67
     1
  8
0
100
AcDbBlockBegin
  2
*Paper_Space0
 70
     0
 10
0.0
 20
0.0
 30
0.0
  3
*Paper_Space0
  1

  0
ENDBLK
  5
76
330
74
100
AcDbEntity
 67
     1
  8
0
100
AcDbBlockEnd
  0
ENDSEC
  0
SECTION
  2
ENTITIES
  0
LINE
  5
78
330
70
100
AcDbEntity
  8
0
 62
     7
370
    25
100
AcDbLine
 10
85.23205302954727
 20
287.787917480971
 30
0.0
 11
86.15129184504725
 21
288.8485776527709
 31
0.0
  0
LINE
  5
79
330
70
100
AcDbEntity
  8
0
 62
     7
370
    25
100
AcDbLine
 10
83.42893073754755
 20
286.2676379014711
 30
0.0
 11
82.50969192194745
 21
285.2069777296705
 31
0.0
  0
LINE
  5
7A
330
70
100
AcDbEntity
  8
0
 62
     7
370
    25
100
AcDbLine
 10
85.23205302954727
 20
286.2676379014711
 30
0.0
 11
85.12675725854716
 21
286.1623421303709
 31
0.0
  0
LINE
  5
7B
330
70
100
AcDbEntity
  8
0
 62
     7
370
    25
100
AcDbLine
 10
83.42893073754755
 20
287.787917480971
 30
0.0
 11
83.53484639814707
 21
287.8938331416706
 31
0.0
  0
LINE
  5
7C
330
70
100
AcDbEntity
  8
0
 62
     7
370
    25
100
AcDbLine
 10
82.50969192194745
 20
285.2069777296705
 30
0.0
 11
83.50198928474728
 21
286.0669687774706
 31
0.0
  0
LINE
  5
7D
330
70
100
AcDbEntity
  8
0
 62
     7
370
    25
100
AcDbLine
 10
86.15129184504725
 20
288.8485776527709
 30
0.0
 11
85.14450877514716
 21
287.9760323254706
 31
0.0
  0
LINE
  5
7E
330
70
100
AcDbEntity
  8
0
 62
     3
370
    25
100
AcDbLine
 10
92.23049188354705
 20
313.0141579161707
 30
0.0
 11
92.23049188354705
 21
316.1641762423708
 31
0.0
  0
LINE
  5
7F
330
70
100
AcDbEntity
  8
0
 62
     3
370
    25
100
AcDbLine
 10
92.19235438634735
 20
315.1734556489711
 30
0.0
 11
92.19235438634735
 21
314.979169158571
 31
0.0
  0
LINE
  5
80
330
70
100
AcDbEntity
  8
0
 62
     3
370
    25
100
AcDbLine
 10
92.19235438634735
 20
313.0363042549708
 30
0.0
 11
92.19235438634735
 21
312.8420177645707
 31
0.0
  0
LINE
  5
81
330
70
100
AcDbEntity
  8
0
 62
     7
370
    25
100
AcDbLine
 10
91.33049188354732
 20
316.1641762423708
 30
0.0
 11
91.33049188354732
 21
315.3455958005711
 31
0.0
  0
LINE
  5
82
330
70
100
AcDbEntity
  8
0
 62
     7
370
    25
100
AcDbLine
 10
91.32667813384733
 20
315.3283817853707
 30
0.0
 11
91.32667813384733
 21
315.1340952950708
 31
0.0
  0
LINE
  5
83
330
70
100
AcDbEntity
  8
0
 62
     3
370
    25
100
AcDbLine
 10
91.230491883547
 20
312.967696996271
 30
0.0
 11
91.230491883547
 21
314.1334159384705
 31
0.0
  0
LINE
  5
84
330
70
100
AcDbEntity
  8
0
 62
     7
370
    25
100
AcDbLine
 10
91.230491883547
 20
314.1334159384705
 30
0.0
 11
91.230491883547
 21
314.6998042903711
 31
0.0
  0
LINE
  5
85
330
70
100
AcDbEntity
  8
0
 62
     7
370
    25
100
AcDbLine
 10
90.73830871364746
 20
314.8109729496711
 30
0.0
 11
90.73830871364746
 21
315.0460766712711
 31
0.0
  0
LINE
  5
86
330
70
100
AcDbEntity
  8
0
 62
     3
370
    25
100
AcDbLine
 10
90.73049188354731
 20
312.6398283143707
 30
0.0
 11
90.73049188354731
 21
314.8556277590708
 31
0.0
  0
LINE
  5
87
330
70
100
AcDbEntity
  8
0
 62
     7
370
    25
100
AcDbLine
 10
90.73049188354731
 20
314.8556277590708
 30
0.0
 11
90.73049188354731
 21
315.0765560631709
 31
0.0
  0
LINE
  5
88
330
70
100
AcDbEntity
  8
0
 62
     7
370
    25
100
AcDbLine
 10
84.66424188354736
 20
323.2821592324711
 30
0.0
 11
84.70507529474705
 21
323.4253951182707
 31
0.0
  0
LINE
  5
89
330
70
100
AcDbEntity
  8
0
 62
     7
370
    25
100
AcDbLine
 10
84.66424188354736
 20
323.3631952805711
 30
0.0
 11
84.70507529474705
 21
323.5064311663707
 31
0.0
  0
LINE
  5
8A
330
70
100
AcDbEntity
  8
0
 62
     7
370
    25
100
AcDbLine
 10
83.9700751779471
 20
324.5448913068706
 30
0.0
 11
83.92924188354754
 21
324.401655446171
 31
0.0
  0
LINE
  5
8B
330
70
100
AcDbEntity
  8
0
 62
     7
370
    25
100
AcDbLine
 10
82.683825236347
 20
323.2821592324711
 30
0.0
 11
82.7246585307472
 21
323.4253951182707
 31
0.0
  0
LINE
  5
8C
330
70
100
AcDbEntity
  8
0
 62
     7
370
    25
100
AcDbLine
 10
82.683825236347
 20
323.3631952805711
 30
0.0
 11
82.7246585307472
 21
323.5064311663707
 31
0.0
  0
LINE
  5
8D
330
70
100
AcDbEntity
  8
0
 62
     7
370
    25
100
AcDbLine
 10
82.11215855264736
 20
324.5448913068706
 30
0.0
 11
82.07132521804728
 21
324.401655446171
 31
0.0
  0
LINE
  5
8E
330
70
100
AcDbEntity
  8
0
 62
     7
370
    25
100
AcDbLine
 10
84.58257529474698
 20
323.5422401314711
 30
0.0
 11
84.54174188354729
 21
323.4348132359709
 31
0.0
  0
LINE
  5
8F
330
70
100
AcDbEntity
  8
0
 62
     7
370
    25
100
AcDbLine
 10
84.05174188354697
 20
324.2848103326705
 30
0.0
 11
84.0925752947473
 21
324.3922373284708
 31
0.0
  0
LINE
  5
90
330
70
100
AcDbEntity
  8
0
 62
     7
370
    25
100
AcDbLine
 10
84.05174188354697
 20
324.365846380671
 30
0.0
 11
84.0925752947473
 21
324.4732733765709
 31
0.0
  0
LINE
  5
91
330
70
100
AcDbEntity
  8
0
 62
     7
370
    25
100
AcDbLine
 10
82.64299188354707
 20
323.6138580618709
 30
0.0
 11
82.56132523634693
 21
323.3990042457711
 31
0.0
  0
LINE
  5
92
330
70
100
AcDbEntity
  8
0
 62
     7
370
    25
100
AcDbLine
 10
82.15299188354739
 20
324.2131924022707
 30
0.0
 11
82.23465854534747
 21
324.4280462936708
 31
0.0
  0
LINE
  5
93
330
70
100
AcDbEntity
  8
0
 62
     7
370
    25
100
AcDbLine
 10
82.15299188354739
 20
324.2942284503707
 30
0.0
 11
82.23465854534747
 21
324.5090823417708
 31
0.0
  0
LINE
  5
94
330
70
100
AcDbEntity
  8
0
 62
     7
370
    25
100
AcDbLine
 10
84.58257529474698
 20
323.1389233592706
 30
0.0
 11
84.66424188354736
 21
323.2821592324711
 31
0.0
  0
LINE
  5
95
330
70
100
AcDbEntity
  8
0
 62
     7
370
    25
100
AcDbLine
 10
84.58257529474698
 20
323.2199594072706
 30
0.0
 11
84.66424188354736
 21
323.3631952805711
 31
0.0
  0
LINE
  5
96
330
70
100
AcDbEntity
  8
0
 62
     7
370
    25
100
AcDbLine
 10
84.05174188354697
 20
324.6881271675708
 30
0.0
 11
83.9700751779471
 21
324.5448913068706
 31
0.0
  0
LINE
  5
97
330
70
100
AcDbEntity
  8
0
 62
     7
370
    25
100
AcDbLine
 10
82.62257523634728
 20
323.1747323243711
 30
0.0
 11
82.683825236347
 21
323.2821592324711
 31
0.0
  0
LINE
  5
98
330
70
100
AcDbEntity
  8
0
 62
     7
370
    25
100
AcDbLine
 10
82.62257523634728
 20
323.2557683724711
 30
0.0
 11
82.683825236347
 21
323.3631952805711
 31
0.0
  0
LINE
  5
99
330
70
100
AcDbEntity
  8
0
 62
     7
370
    25
100
AcDbLine
 10
82.17340854534711
 20
324.652318202471
 30
0.0
 11
82.11215855264736
 21
324.5448913068706
 31
0.0
  0
LINE
  5
9A
330
70
100
AcDbEntity
  8
0
 62
     7
370
    25
100
AcDbLine
 10
67.8320530295473
 20
287.787917480971
 30
0.0
 11
68.75129184504728
 21
288.8485776527709
 31
0.0
  0
LINE
  5
9B
330
70
100
AcDbEntity
  8
0
 62
     7
370
    25
100
AcDbLine
 10
66.02893073754692
 20
286.2676379014711
 30
0.0
 11
65.10969192194749
 21
285.2069777296705
 31
0.0
  0
LINE
  5
9C
330
70
100
AcDbEntity
  8
0
 62
     7
370
    25
100
AcDbLine
 10
67.8320530295473
 20
286.2676379014711
 30
0.0
 11
67.72675725854718
 21
286.1623421303709
 31
0.0
  0
LINE
  5
9D
330
70
100
AcDbEntity
  8
0
 62
     7
370
    25
100
AcDbLine
 10
66.02893073754692
 20
287.787917480971
 30
0.0
 11
66.13484639814709
 21
287.8938331416706
 31
0.0
  0
LINE
  5
9E
330
70
100
AcDbEntity
  8
0
 62
     7
370
    25
100
AcDbLine
 10
65.10969192194749
 20
285.2069777296705
 30
0.0
 11
66.10198928474732
 21
286.0669687774706
 31
0.0
  0
LINE
  5
9F
330
70
100
AcDbEntity
  8
0
 62
     7
370
    25
100
AcDbLine
 10
68.75129184504728
 20
288.8485776527709
 30
0.0
 11
67.74450877514718
 21
287.9760323254706
 31
0.0
  0
LINE
  5
A0
330
70
100
AcDbEntity
  8
0
 62
     3
370
    25
100
AcDbLine
 10
90.73830871364746
 20
314.8109729496711
 30
0.0
 11
90.73049188354731
 21
314.8556277590708
 31
0.0
  0
LINE
  5
A1
330
70
100
AcDbEntity
  8
0
 62
     7
370
    25
100
AcDbLine
 10
84.58257529474698
 20
324.365846380671
 30
0.0
 11
84.60299188354701
 21
324.2226105199709
 31
0.0
  0
LINE
  5
A2
330
70
100
AcDbEntity
  8
0
 62
     7
370
    25
100
AcDbLine
 10
84.58257529474698
 20
324.2848103326705
 30
0.0
 11
84.60299188354701
 21
324.141574471971
 31
0.0
  0
LINE
  5
A3
330
70
100
AcDbEntity
  8
0
 62
     7
370
    25
100
AcDbLine
 10
84.05174188354697
 20
323.5422401314711
 30
0.0
 11
84.03132529474694
 21
323.6854759921707
 31
0.0
  0
LINE
  5
A4
330
70
100
AcDbEntity
  8
0
 62
     7
370
    25
100
AcDbLine
 10
84.72549188354708
 20
324.2226105199709
 30
0.0
 11
84.70507529474705
 21
324.401655446171
 31
0.0
  0
LINE
  5
A5
330
70
100
AcDbEntity
  8
0
 62
     7
370
    25
100
AcDbLine
 10
83.90882517794738
 20
323.6854759921707
 30
0.0
 11
83.92924188354754
 21
323.5064311663707
 31
0.0
  0
LINE
  5
A6
330
70
100
AcDbEntity
  8
0
 62
     7
370
    25
100
AcDbLine
 10
83.90882517794738
 20
323.6044399441707
 30
0.0
 11
83.92924188354754
 21
323.4253951182707
 31
0.0
  0
LINE
  5
A7
330
70
100
AcDbEntity
  8
0
 62
     7
370
    25
100
AcDbLine
 10
82.76549188354714
 20
324.1151836244706
 30
0.0
 11
82.74507523634737
 21
324.2942284503707
 31
0.0
  0
LINE
  5
A8
330
70
100
AcDbEntity
  8
0
 62
     7
370
    25
100
AcDbLine
 10
82.03049188354732
 20
323.792902937871
 30
0.0
 11
82.05090855084703
 21
323.6138580618709
 31
0.0
  0
LINE
  5
A9
330
70
100
AcDbEntity
  8
0
 62
     7
370
    25
100
AcDbLine
 10
82.03049188354732
 20
323.7118668898712
 30
0.0
 11
82.05090855084703
 21
323.532822013771
 31
0.0
  0
LINE
  5
AA
330
70
100
AcDbEntity
  8
0
 62
     7
370
    25
100
AcDbLine
 10
82.64299188354707
 20
324.2942284503707
 30
0.0
 11
82.66340853074748
 21
324.0793746592707
 31
0.0
  0
LINE
  5
AB
330
70
100
AcDbEntity
  8
0
 62
     7
370
    25
100
AcDbLine
 10
82.64299188354707
 20
324.2131924022707
 30
0.0
 11
82.66340853074748
 21
323.9983386112708
 31
0.0
  0
LINE
  5
AC
330
70
100
AcDbEntity
  8
0
 62
     7
370
    25
100
AcDbLine
 10
82.15299188354739
 20
323.6138580618709
 30
0.0
 11
82.13257521444708
 21
323.8287119030709
 31
0.0
  0
LINE
  5
AD
330
70
100
AcDbEntity
  8
0
 62
     3
370
    25
100
AcDbLine
 10
90.23049188354697
 20
318.0197939534709
 30
0.0
 11
90.23049188354697
 21
319.7081641922711
 31
0.0
  0
LINE
  5
AE
330
70
100
AcDbEntity
  8
0
 62
     7
370
    25
100
AcDbLine
 10
89.23049188354694
 20
320.068102681471
 30
0.0
 11
89.23049188354694
 21
319.7081641922711
 31
0.0
  0
LINE
  5
AF
330
70
100
AcDbEntity
  8
0
 62
     7
370
    25
100
AcDbLine
 10
88.33049188354722
 20
324.9339798725705
 30
0.0
 11
88.33049188354722
 21
321.8113058171706
 31
0.0
  0
LINE
  5
B0
330
70
100
AcDbEntity
  8
0
 62
     7
370
    25
100
AcDbLine
 10
87.53049188354721
 20
325.3369779038706
 30
0.0
 11
87.53049188354721
 21
325.257099224271
 31
0.0
  0
LINE
  5
B1
330
70
100
AcDbEntity
  8
0
 62
     7
370
    25
100
AcDbLine
 10
87.13049188354718
 20
319.7081641922711
 30
0.0
 11
87.13049188354718
 21
320.068102681471
 31
0.0
  0
LINE
  5
B2
330
70
100
AcDbEntity
  8
0
 62
     7
370
    25
100
AcDbLine
 10
86.93049188354718
 20
320.068102681471
 30
0.0
 11
86.93049188354718
 21
319.7081641922711
 31
0.0
  0
LINE
  5
B3
330
70
100
AcDbEntity
  8
0
 62
     7
370
    25
100
AcDbLine
 10
86.52215870594753
 20
324.4996642239705
 30
0.0
 11
86.52215870594753
 21
324.7955540631711
 31
0.0
  0
LINE
  5
B4
330
70
100
AcDbEntity
  8
0
 62
     7
370
    25
100
AcDbLine
 10
86.44049188354751
 20
323.8192937853707
 30
0.0
 11
86.44049188354751
 21
324.1151836244706
 31
0.0
  0
LINE
  5
B5
330
70
100
AcDbEntity
  8
0
 62
     7
370
    25
100
AcDbLine
 10
86.33049188354716
 20
325.3918150730706
 30
0.0
 11
86.33049188354716
 21
325.257099224271
 31
0.0
  0
LINE
  5
B6
330
70
100
AcDbEntity
  8
0
 62
     7
370
    25
100
AcDbLine
 10
85.90965847234752
 20
323.0314964511706
 30
0.0
 11
85.90965847234752
 21
323.9003298334707
 31
0.0
  0
LINE
  5
B7
330
70
100
AcDbEntity
  8
0
 62
     7
370
    25
100
AcDbLine
 10
85.90965847234752
 20
324.1151836244706
 30
0.0
 11
85.90965847234752
 21
324.5807002720705
 31
0.0
  0
LINE
  5
B8
330
70
100
AcDbEntity
  8
0
 62
     7
370
    25
100
AcDbLine
 10
85.78715847234745
 20
323.0314964511706
 30
0.0
 11
85.78715847234745
 21
324.7955540631711
 31
0.0
  0
LINE
  5
B9
330
70
100
AcDbEntity
  8
0
 62
     7
370
    25
100
AcDbLine
 10
85.63049188354744
 20
319.7081641922711
 30
0.0
 11
85.63049188354744
 21
320.068102681471
 31
0.0
  0
LINE
  5
BA
330
70
100
AcDbEntity
  8
0
 62
     7
370
    25
100
AcDbLine
 10
85.6238252947473
 20
324.4996642239705
 30
0.0
 11
85.6238252947473
 21
324.7955540631711
 31
0.0
  0
LINE
  5
BB
330
70
100
AcDbEntity
  8
0
 62
     7
370
    25
100
AcDbLine
 10
85.54215847234727
 20
323.8192937853707
 30
0.0
 11
85.54215847234727
 21
324.1151836244706
 31
0.0
  0
LINE
  5
BC
330
70
100
AcDbEntity
  8
0
 62
     7
370
    25
100
AcDbLine
 10
85.43049188354745
 20
320.068102681471
 30
0.0
 11
85.43049188354745
 21
319.7081641922711
 31
0.0
  0
LINE
  5
BD
330
70
100
AcDbEntity
  8
0
 62
     3
370
    25
100
AcDbLine
 10
85.13049188354711
 20
319.7081641922711
 30
0.0
 11
85.13049188354711
 21
318.362139165271
 31
0.0
  0
LINE
  5
BE
330
70
100
AcDbEntity
  8
0
 62
     7
370
    25
100
AcDbLine
 10
85.01132529474693
 20
323.0314964511706
 30
0.0
 11
85.01132529474693
 21
323.9003298334707
 31
0.0
  0
LINE
  5
BF
330
70
100
AcDbEntity
  8
0
 62
     7
370
    25
100
AcDbLine
 10
85.01132529474693
 20
324.1151836244706
 30
0.0
 11
85.01132529474693
 21
324.5807002720705
 31
0.0
  0
LINE
  5
C0
330
70
100
AcDbEntity
  8
0
 62
     7
370
    25
100
AcDbLine
 10
84.92049188354707
 20
319.7099694403706
 30
0.0
 11
84.92049188354707
 21
320.068102681471
 31
0.0
  0
LINE
  5
C1
330
70
100
AcDbEntity
  8
0
 62
     7
370
    25
100
AcDbLine
 10
84.88882529474748
 20
323.0314964511706
 30
0.0
 11
84.88882529474748
 21
324.7955540631711
 31
0.0
  0
LINE
  5
C2
330
70
100
AcDbEntity
  8
0
 62
     7
370
    25
100
AcDbLine
 10
84.72549188354708
 20
323.6044399441707
 30
0.0
 11
84.72549188354708
 21
324.2226105199709
 31
0.0
  0
LINE
  5
C3
330
70
100
AcDbEntity
  8
0
 62
     7
370
    25
100
AcDbLine
 10
84.72049188354707
 20
320.068102681471
 30
0.0
 11
84.72049188354707
 21
319.7099694403706
 31
0.0
  0
LINE
  5
C4
330
70
100
AcDbEntity
  8
0
 62
     7
370
    25
100
AcDbLine
 10
84.70507529474705
 20
323.4253951182707
 30
0.0
 11
84.70507529474705
 21
323.5064311663707
 31
0.0
  0
LINE
  5
C5
330
70
100
AcDbEntity
  8
0
 62
     7
370
    25
100
AcDbLine
 10
84.66424188354736
 20
323.2821592324711
 30
0.0
 11
84.66424188354736
 21
323.3631952805711
 31
0.0
  0
LINE
  5
C6
330
70
100
AcDbEntity
  8
0
 62
     7
370
    25
100
AcDbLine
 10
84.60299188354701
 20
324.2226105199709
 30
0.0
 11
84.60299188354701
 21
323.6854759921707
 31
0.0
  0
LINE
  5
C7
330
70
100
AcDbEntity
  8
0
 62
     7
370
    25
100
AcDbLine
 10
84.58257529474698
 20
323.1389233592706
 30
0.0
 11
84.58257529474698
 21
323.2199594072706
 31
0.0
  0
LINE
  5
C8
330
70
100
AcDbEntity
  8
0
 62
     7
370
    25
100
AcDbLine
 10
84.58257529474698
 20
324.2848103326705
 30
0.0
 11
84.58257529474698
 21
324.365846380671
 31
0.0
  0
LINE
  5
C9
330
70
100
AcDbEntity
  8
0
 62
     7
370
    25
100
AcDbLine
 10
84.54174188354729
 20
324.3922373284708
 30
0.0
 11
84.54174188354729
 21
324.4732733765709
 31
0.0
  0
LINE
  5
CA
330
70
100
AcDbEntity
  8
0
 62
     7
370
    25
100
AcDbLine
 10
84.50090847234696
 20
323.0673054194706
 30
0.0
 11
84.50090847234696
 21
323.1483414675706
 31
0.0
  0
LINE
  5
CB
330
70
100
AcDbEntity
  8
0
 62
     7
370
    25
100
AcDbLine
 10
84.48049188354692
 20
324.4638552588707
 30
0.0
 11
84.48049188354692
 21
324.5448913068706
 31
0.0
  0
LINE
  5
CC
330
70
100
AcDbEntity
  8
0
 62
     7
370
    25
100
AcDbLine
 10
84.39882529474719
 20
323.0314964511706
 30
0.0
 11
84.39882529474719
 21
323.1125324992706
 31
0.0
  0
LINE
  5
CD
330
70
100
AcDbEntity
  8
0
 62
     7
370
    25
100
AcDbLine
 10
84.39882529474719
 20
324.4996642239705
 30
0.0
 11
84.39882529474719
 21
324.5807002720705
 31
0.0
  0
LINE
  5
CE
330
70
100
AcDbEntity
  8
0
 62
     7
370
    25
100
AcDbLine
 10
84.23549188354741
 20
323.0314964511706
 30
0.0
 11
84.23549188354741
 21
323.1125324992706
 31
0.0
  0
LINE
  5
CF
330
70
100
AcDbEntity
  8
0
 62
     7
370
    25
100
AcDbLine
 10
84.23549188354741
 20
324.4996642239705
 30
0.0
 11
84.23549188354741
 21
324.5807002720705
 31
0.0
  0
LINE
  5
D0
330
70
100
AcDbEntity
  8
0
 62
     7
370
    25
100
AcDbLine
 10
84.15382529474703
 20
324.4638552588707
 30
0.0
 11
84.15382529474703
 21
324.5448913068706
 31
0.0
  0
LINE
  5
D1
330
70
100
AcDbEntity
  8
0
 62
     7
370
    25
100
AcDbLine
 10
84.13340847234737
 20
323.0673054194706
 30
0.0
 11
84.13340847234737
 21
323.1483414675706
 31
0.0
  0
LINE
  5
D2
330
70
100
AcDbEntity
  8
0
 62
     3
370
    25
100
AcDbLine
 10
84.13049188354708
 20
318.8428364045709
 30
0.0
 11
84.13049188354708
 21
318.362139165271
 31
0.0
  0
LINE
  5
D3
330
70
100
AcDbEntity
  8
0
 62
     7
370
    25
100
AcDbLine
 10
84.12049188354705
 20
319.7099694403706
 30
0.0
 11
84.12049188354705
 21
320.068102681471
 31
0.0
  0
LINE
  5
D4
330
70
100
AcDbEntity
  8
0
 62
     7
370
    25
100
AcDbLine
 10
84.0925752947473
 20
324.3922373284708
 30
0.0
 11
84.0925752947473
 21
324.4732733765709
 31
0.0
  0
LINE
  5
D5
330
70
100
AcDbEntity
  8
0
 62
     7
370
    25
100
AcDbLine
 10
84.05174188354697
 20
323.1389233592706
 30
0.0
 11
84.05174188354697
 21
323.2199594072706
 31
0.0
  0
LINE
  5
D6
330
70
100
AcDbEntity
  8
0
 62
     7
370
    25
100
AcDbLine
 10
84.05174188354697
 20
324.2848103326705
 30
0.0
 11
84.05174188354697
 21
324.365846380671
 31
0.0
  0
LINE
  5
D7
330
70
100
AcDbEntity
  8
0
 62
     7
370
    25
100
AcDbLine
 10
84.03132529474694
 20
323.6854759921707
 30
0.0
 11
84.03132529474694
 21
324.2226105199709
 31
0.0
  0
LINE
  5
D8
330
70
100
AcDbEntity
  8
0
 62
     7
370
    25
100
AcDbLine
 10
83.9700751779471
 20
323.2821592324711
 30
0.0
 11
83.9700751779471
 21
323.3631952805711
 31
0.0
  0
LINE
  5
D9
330
70
100
AcDbEntity
  8
0
 62
     7
370
    25
100
AcDbLine
 10
83.92924188354754
 20
323.4253951182707
 30
0.0
 11
83.92924188354754
 21
323.5064311663707
 31
0.0
  0
LINE
  5
DA
330
70
100
AcDbEntity
  8
0
 62
     7
370
    25
100
AcDbLine
 10
83.92049188354702
 20
320.068102681471
 30
0.0
 11
83.92049188354702
 21
319.7099694403706
 31
0.0
  0
LINE
  5
DB
330
70
100
AcDbEntity
  8
0
 62
     7
370
    25
100
AcDbLine
 10
83.90882517794738
 20
323.6044399441707
 30
0.0
 11
83.90882517794738
 21
324.2226105199709
 31
0.0
  0
LINE
  5
DC
330
70
100
AcDbEntity
  8
0
 62
     7
370
    25
100
AcDbLine
 10
82.76549188354714
 20
323.7118668898712
 30
0.0
 11
82.76549188354714
 21
324.1151836244706
 31
0.0
  0
LINE
  5
DD
330
70
100
AcDbEntity
  8
0
 62
     7
370
    25
100
AcDbLine
 10
82.74507523634737
 20
323.532822013771
 30
0.0
 11
82.74507523634737
 21
323.6138580618709
 31
0.0
  0
LINE
  5
DE
330
70
100
AcDbEntity
  8
0
 62
     7
370
    25
100
AcDbLine
 10
82.7246585307472
 20
323.4253951182707
 30
0.0
 11
82.7246585307472
 21
323.5064311663707
 31
0.0
  0
LINE
  5
DF
330
70
100
AcDbEntity
  8
0
 62
     7
370
    25
100
AcDbLine
 10
82.683825236347
 20
323.2821592324711
 30
0.0
 11
82.683825236347
 21
323.3631952805711
 31
0.0
  0
LINE
  5
E0
330
70
100
AcDbEntity
  8
0
 62
     7
370
    25
100
AcDbLine
 10
82.66340853074748
 20
324.0793746592707
 30
0.0
 11
82.66340853074748
 21
323.8287119030709
 31
0.0
  0
LINE
  5
E1
330
70
100
AcDbEntity
  8
0
 62
     7
370
    25
100
AcDbLine
 10
82.64299188354707
 20
324.2131924022707
 30
0.0
 11
82.64299188354707
 21
324.2942284503707
 31
0.0
  0
LINE
  5
E2
330
70
100
AcDbEntity
  8
0
 62
     7
370
    25
100
AcDbLine
 10
82.62257523634728
 20
323.1747323243711
 30
0.0
 11
82.62257523634728
 21
323.2557683724711
 31
0.0
  0
LINE
  5
E3
330
70
100
AcDbEntity
  8
0
 62
     7
370
    25
100
AcDbLine
 10
82.56132523634693
 20
324.4280462936708
 30
0.0
 11
82.56132523634693
 21
324.5090823417708
 31
0.0
  0
LINE
  5
E4
330
70
100
AcDbEntity
  8
0
 62
     7
370
    25
100
AcDbLine
 10
82.52049188354698
 20
323.0673054194706
 30
0.0
 11
82.52049188354698
 21
323.1483414675706
 31
0.0
  0
LINE
  5
E5
330
70
100
AcDbEntity
  8
0
 62
     7
370
    25
100
AcDbLine
 10
82.50007520714733
 20
324.4996642239705
 30
0.0
 11
82.50007520714733
 21
324.5807002720705
 31
0.0
  0
LINE
  5
E6
330
70
100
AcDbEntity
  8
0
 62
     7
370
    25
100
AcDbLine
 10
82.39799188354755
 20
323.0314964511706
 30
0.0
 11
82.39799188354755
 21
323.1125324992706
 31
0.0
  0
LINE
  5
E7
330
70
100
AcDbEntity
  8
0
 62
     7
370
    25
100
AcDbLine
 10
82.39799188354755
 20
324.5354731891711
 30
0.0
 11
82.39799188354755
 21
324.616509237271
 31
0.0
  0
LINE
  5
E8
330
70
100
AcDbEntity
  8
0
 62
     7
370
    25
100
AcDbLine
 10
82.29590855994713
 20
324.4996642239705
 30
0.0
 11
82.29590855994713
 21
324.5807002720705
 31
0.0
  0
LINE
  5
E9
330
70
100
AcDbEntity
  8
0
 62
     7
370
    25
100
AcDbLine
 10
82.27549188354748
 20
323.0673054194706
 30
0.0
 11
82.27549188354748
 21
323.1483414675706
 31
0.0
  0
LINE
  5
EA
330
70
100
AcDbEntity
  8
0
 62
     7
370
    25
100
AcDbLine
 10
82.23465854534747
 20
324.4280462936708
 30
0.0
 11
82.23465854534747
 21
324.5090823417708
 31
0.0
  0
LINE
  5
EB
330
70
100
AcDbEntity
  8
0
 62
     7
370
    25
100
AcDbLine
 10
82.17340854534711
 20
323.1747323243711
 30
0.0
 11
82.17340854534711
 21
323.2557683724711
 31
0.0
  0
LINE
  5
EC
330
70
100
AcDbEntity
  8
0
 62
     7
370
    25
100
AcDbLine
 10
82.15299188354739
 20
324.2131924022707
 30
0.0
 11
82.15299188354739
 21
324.2942284503707
 31
0.0
  0
LINE
  5
ED
330
70
100
AcDbEntity
  8
0
 62
     7
370
    25
100
AcDbLine
 10
82.13257521444708
 20
323.8287119030709
 30
0.0
 11
82.13257521444708
 21
324.0793746592707
 31
0.0
  0
LINE
  5
EE
330
70
100
AcDbEntity
  8
0
 62
     7
370
    25
100
AcDbLine
 10
82.12049188354697
 20
319.7099694403706
 30
0.0
 11
82.12049188354697
 21
320.068102681471
 31
0.0
  0
LINE
  5
EF
330
70
100
AcDbEntity
  8
0
 62
     7
370
    25
100
AcDbLine
 10
82.11215855264736
 20
323.2821592324711
 30
0.0
 11
82.11215855264736
 21
323.3631952805711
 31
0.0
  0
LINE
  5
F0
330
70
100
AcDbEntity
  8
0
 62
     7
370
    25
100
AcDbLine
 10
82.07132521804728
 20
323.4253951182707
 30
0.0
 11
82.07132521804728
 21
323.5064311663707
 31
0.0
  0
LINE
  5
F1
330
70
100
AcDbEntity
  8
0
 62
     7
370
    25
100
AcDbLine
 10
82.05090855084703
 20
323.532822013771
 30
0.0
 11
82.05090855084703
 21
323.6138580618709
 31
0.0
  0
LINE
  5
F2
330
70
100
AcDbEntity
  8
0
 62
     7
370
    25
100
AcDbLine
 10
82.03049188354732
 20
323.7118668898712
 30
0.0
 11
82.03049188354732
 21
324.1151836244706
 31
0.0
  0
LINE
  5
F3
330
70
100
AcDbEntity
  8
0
 62
     7
370
    25
100
AcDbLine
 10
81.92049188354697
 20
320.068102681471
 30
0.0
 11
81.92049188354697
 21
319.7099694403706
 31
0.0
  0
LINE
  5
F4
330
70
100
AcDbEntity
  8
0
 62
     3
370
    25
100
AcDbLine
 10
81.63049188354731
 20
318.8428364045709
 30
0.0
 11
81.63049188354731
 21
318.362139165271
 31
0.0
  0
LINE
  5
F5
330
70
100
AcDbEntity
  8
0
 62
     7
370
    25
100
AcDbLine
 10
81.13049188354697
 20
325.3369779038706
 30
0.0
 11
81.13049188354697
 21
325.257099224271
 31
0.0
  0
LINE
  5
F6
330
70
100
AcDbEntity
  8
0
 62
     7
370
    25
100
AcDbLine
 10
81.02049188354724
 20
319.7099694403706
 30
0.0
 11
81.02049188354724
 21
320.068102681471
 31
0.0
  0
LINE
  5
F7
330
70
100
AcDbEntity
  8
0
 62
     7
370
    25
100
AcDbLine
 10
80.82049188354725
 20
320.068102681471
 30
0.0
 11
80.82049188354725
 21
319.7099694403706
 31
0.0
  0
LINE
  5
F8
330
70
100
AcDbEntity
  8
0
 62
     3
370
    25
100
AcDbLine
 10
80.63049188354728
 20
319.7081641922711
 30
0.0
 11
80.63049188354728
 21
318.362139165271
 31
0.0
  0
LINE
  5
F9
330
70
100
AcDbEntity
  8
0
 62
     7
370
    25
100
AcDbLine
 10
80.33049188354693
 20
324.9339798725705
 30
0.0
 11
80.33049188354693
 21
321.8113058171706
 31
0.0
  0
LINE
  5
FA
330
70
100
AcDbEntity
  8
0
 62
     7
370
    25
100
AcDbLine
 10
79.43049188354724
 20
319.7081641922711
 30
0.0
 11
79.43049188354724
 21
320.068102681471
 31
0.0
  0
LINE
  5
FB
330
70
100
AcDbEntity
  8
0
 62
     7
370
    25
100
AcDbLine
 10
76.13049188354743
 20
319.7081641922711
 30
0.0
 11
76.13049188354743
 21
327.1533325675708
 31
0.0
  0
LINE
  5
FC
330
70
100
AcDbEntity
  8
0
 62
     7
370
    25
100
AcDbLine
 10
76.1204918835474
 20
278.9277776911707
 30
0.0
 11
76.1204918835474
 21
312.2902457968708
 31
0.0
  0
LINE
  5
FD
330
70
100
AcDbEntity
  8
0
 62
     7
370
    25
100
AcDbLine
 10
76.1204918835474
 20
327.1672064515706
 30
0.0
 11
76.1204918835474
 21
363.9277776911705
 31
0.0
  0
LINE
  5
FE
330
70
100
AcDbEntity
  8
0
 62
     7
370
    25
100
AcDbLine
 10
82.66340853074748
 20
323.8287119030709
 30
0.0
 11
82.64299188354707
 21
323.6138580618709
 31
0.0
  0
LINE
  5
FF
330
70
100
AcDbEntity
  8
0
 62
     7
370
    25
100
AcDbLine
 10
82.13257521444708
 20
323.9983386112708
 30
0.0
 11
82.15299188354739
 21
324.2131924022707
 31
0.0
  0
LINE
  5
100
330
70
100
AcDbEntity
  8
0
 62
     7
370
    25
100
AcDbLine
 10
82.13257521444708
 20
324.0793746592707
 30
0.0
 11
82.15299188354739
 21
324.2942284503707
 31
0.0
  0
LINE
  5
101
330
70
100
AcDbEntity
  8
0
 62
     7
370
    25
100
AcDbLine
 10
84.70507529474705
 20
323.4253951182707
 30
0.0
 11
84.72549188354708
 21
323.6044399441707
 31
0.0
  0
LINE
  5
102
330
70
100
AcDbEntity
  8
0
 62
     7
370
    25
100
AcDbLine
 10
84.70507529474705
 20
323.5064311663707
 30
0.0
 11
84.72549188354708
 21
323.6854759921707
 31
0.0
  0
LINE
  5
103
330
70
100
AcDbEntity
  8
0
 62
     7
370
    25
100
AcDbLine
 10
83.92924188354754
 20
324.401655446171
 30
0.0
 11
83.90882517794738
 21
324.2226105199709
 31
0.0
  0
LINE
  5
104
330
70
100
AcDbEntity
  8
0
 62
     7
370
    25
100
AcDbLine
 10
82.74507523634737
 20
323.532822013771
 30
0.0
 11
82.76549188354714
 21
323.7118668898712
 31
0.0
  0
LINE
  5
105
330
70
100
AcDbEntity
  8
0
 62
     7
370
    25
100
AcDbLine
 10
82.74507523634737
 20
323.6138580618709
 30
0.0
 11
82.76549188354714
 21
323.792902937871
 31
0.0
  0
LINE
  5
106
330
70
100
AcDbEntity
  8
0
 62
     7
370
    25
100
AcDbLine
 10
82.05090855084703
 20
324.2942284503707
 30
0.0
 11
82.03049188354732
 21
324.1151836244706
 31
0.0
  0
LINE
  5
107
330
70
100
AcDbEntity
  8
0
 62
     7
370
    25
100
AcDbLine
 10
84.60299188354701
 20
323.6854759921707
 30
0.0
 11
84.58257529474698
 21
323.5422401314711
 31
0.0
  0
LINE
  5
108
330
70
100
AcDbEntity
  8
0
 62
     7
370
    25
100
AcDbLine
 10
84.03132529474694
 20
324.141574471971
 30
0.0
 11
84.05174188354697
 21
324.2848103326705
 31
0.0
  0
LINE
  5
109
330
70
100
AcDbEntity
  8
0
 62
     7
370
    25
100
AcDbLine
 10
84.03132529474694
 20
324.2226105199709
 30
0.0
 11
84.05174188354697
 21
324.365846380671
 31
0.0
  0
LINE
  5
10A
330
70
100
AcDbEntity
  8
0
 62
     7
370
    25
100
AcDbLine
 10
82.7246585307472
 20
323.4253951182707
 30
0.0
 11
82.74507523634737
 21
323.532822013771
 31
0.0
  0
LINE
  5
10B
330
70
100
AcDbEntity
  8
0
 62
     7
370
    25
100
AcDbLine
 10
82.7246585307472
 20
323.5064311663707
 30
0.0
 11
82.74507523634737
 21
323.6138580618709
 31
0.0
  0
LINE
  5
10C
330
70
100
AcDbEntity
  8
0
 62
     7
370
    25
100
AcDbLine
 10
82.07132521804728
 20
324.401655446171
 30
0.0
 11
82.05090855084703
 21
324.2942284503707
 31
0.0
  0
LINE
  5
10D
330
70
100
AcDbEntity
  8
0
 62
     7
370
    25
100
AcDbLine
 10
67.26424188354738
 20
323.2821592324711
 30
0.0
 11
67.30507529474708
 21
323.4253951182707
 31
0.0
  0
LINE
  5
10E
330
70
100
AcDbEntity
  8
0
 62
     7
370
    25
100
AcDbLine
 10
67.26424188354738
 20
323.3631952805711
 30
0.0
 11
67.30507529474708
 21
323.5064311663707
 31
0.0
  0
LINE
  5
10F
330
70
100
AcDbEntity
  8
0
 62
     7
370
    25
100
AcDbLine
 10
66.57007517794713
 20
324.5448913068706
 30
0.0
 11
66.52924188354693
 21
324.401655446171
 31
0.0
  0
LINE
  5
110
330
70
100
AcDbEntity
  8
0
 62
     7
370
    25
100
AcDbLine
 10
67.182575294747
 20
323.5422401314711
 30
0.0
 11
67.14174188354731
 21
323.4348132359709
 31
0.0
  0
LINE
  5
111
330
70
100
AcDbEntity
  8
0
 62
     7
370
    25
100
AcDbLine
 10
66.65174188354701
 20
324.2848103326705
 30
0.0
 11
66.69257529474734
 21
324.3922373284708
 31
0.0
  0
LINE
  5
112
330
70
100
AcDbEntity
  8
0
 62
     7
370
    25
100
AcDbLine
 10
66.65174188354701
 20
324.365846380671
 30
0.0
 11
66.69257529474734
 21
324.4732733765709
 31
0.0
  0
LINE
  5
113
330
70
100
AcDbEntity
  8
0
 62
     7
370
    25
100
AcDbLine
 10
65.24299188354709
 20
323.6138580618709
 30
0.0
 11
65.16132523634695
 21
323.3990042457711
 31
0.0
  0
LINE
  5
114
330
70
100
AcDbEntity
  8
0
 62
     7
370
    25
100
AcDbLine
 10
67.182575294747
 20
323.1389233592706
 30
0.0
 11
67.26424188354738
 21
323.2821592324711
 31
0.0
  0
LINE
  5
115
330
70
100
AcDbEntity
  8
0
 62
     7
370
    25
100
AcDbLine
 10
67.182575294747
 20
323.2199594072706
 30
0.0
 11
67.26424188354738
 21
323.3631952805711
 31
0.0
  0
LINE
  5
116
330
70
100
AcDbEntity
  8
0
 62
     7
370
    25
100
AcDbLine
 10
66.65174188354701
 20
324.6881271675708
 30
0.0
 11
66.57007517794713
 21
324.5448913068706
 31
0.0
  0
LINE
  5
117
330
70
100
AcDbEntity
  8
0
 62
     7
370
    25
100
AcDbLine
 10
65.22257523634731
 20
323.1747323243711
 30
0.0
 11
65.28382523634703
 21
323.2821592324711
 31
0.0
  0
LINE
  5
118
330
70
100
AcDbEntity
  8
0
 62
     7
370
    25
100
AcDbLine
 10
65.22257523634731
 20
323.2557683724711
 30
0.0
 11
65.28382523634703
 21
323.3631952805711
 31
0.0
  0
LINE
  5
119
330
70
100
AcDbEntity
  8
0
 62
     7
370
    25
100
AcDbLine
 10
64.77340854534713
 20
324.652318202471
 30
0.0
 11
64.71215855264739
 21
324.5448913068706
 31
0.0
  0
LINE
  5
11A
330
70
100
AcDbEntity
  8
0
 62
     7
370
    25
100
AcDbLine
 10
84.54174188354729
 20
323.4348132359709
 30
0.0
 11
84.48049188354692
 21
323.3631952805711
 31
0.0
  0
LINE
  5
11B
330
70
100
AcDbEntity
  8
0
 62
     7
370
    25
100
AcDbLine
 10
84.0925752947473
 20
324.3922373284708
 30
0.0
 11
84.15382529474703
 21
324.4638552588707
 31
0.0
  0
LINE
  5
11C
330
70
100
AcDbEntity
  8
0
 62
     7
370
    25
100
AcDbLine
 10
84.0925752947473
 20
324.4732733765709
 30
0.0
 11
84.15382529474703
 21
324.5448913068706
 31
0.0
  0
LINE
  5
11D
330
70
100
AcDbEntity
  8
0
 62
     7
370
    25
100
AcDbLine
 10
82.56132523634693
 20
323.3990042457711
 30
0.0
 11
82.50007520714733
 21
323.3273863153706
 31
0.0
  0
LINE
  5
11E
330
70
100
AcDbEntity
  8
0
 62
     7
370
    25
100
AcDbLine
 10
82.23465854534747
 20
324.4280462936708
 30
0.0
 11
82.29590855994713
 21
324.4996642239705
 31
0.0
  0
LINE
  5
11F
330
70
100
AcDbEntity
  8
0
 62
     7
370
    25
100
AcDbLine
 10
82.23465854534747
 20
324.5090823417708
 30
0.0
 11
82.29590855994713
 21
324.5807002720705
 31
0.0
  0
LINE
  5
120
330
70
100
AcDbEntity
  8
0
 62
     7
370
    25
100
AcDbLine
 10
67.14174188354731
 20
323.4348132359709
 30
0.0
 11
67.08049188354696
 21
323.3631952805711
 31
0.0
  0
LINE
  5
121
330
70
100
AcDbEntity
  8
0
 62
     7
370
    25
100
AcDbLine
 10
50.43205302954731
 20
287.787917480971
 30
0.0
 11
51.3512918450473
 21
288.8485776527709
 31
0.0
  0
LINE
  5
122
330
70
100
AcDbEntity
  8
0
 62
     7
370
    25
100
AcDbLine
 10
48.62893073754695
 20
286.2676379014711
 30
0.0
 11
47.7096919219475
 21
285.2069777296705
 31
0.0
  0
LINE
  5
123
330
70
100
AcDbEntity
  8
0
 62
     7
370
    25
100
AcDbLine
 10
82.52049188354698
 20
323.0673054194706
 30
0.0
 11
82.62257523634728
 21
323.1747323243711
 31
0.0
  0
LINE
  5
124
330
70
100
AcDbEntity
  8
0
 62
     7
370
    25
100
AcDbLine
 10
82.52049188354698
 20
323.1483414675706
 30
0.0
 11
82.62257523634728
 21
323.2557683724711
 31
0.0
  0
LINE
  5
125
330
70
100
AcDbEntity
  8
0
 62
     7
370
    25
100
AcDbLine
 10
82.27549188354748
 20
324.7597450979705
 30
0.0
 11
82.17340854534711
 21
324.652318202471
 31
0.0
  0
LINE
  5
126
330
70
100
AcDbEntity
  8
0
 62
     7
370
    25
100
AcDbLine
 10
50.43205302954731
 20
286.2676379014711
 30
0.0
 11
50.32675725854721
 21
286.1623421303709
 31
0.0
  0
LINE
  5
127
330
70
100
AcDbEntity
  8
0
 62
     7
370
    25
100
AcDbLine
 10
48.62893073754695
 20
287.787917480971
 30
0.0
 11
48.73484639814712
 21
287.8938331416706
 31
0.0
  0
LINE
  5
128
330
70
100
AcDbEntity
  8
0
 62
     7
370
    25
100
AcDbLine
 10
33.03205302954735
 20
286.2676379014711
 30
0.0
 11
32.92675725854724
 21
286.1623421303709
 31
0.0
  0
LINE
  5
129
330
70
100
AcDbEntity
  8
0
 62
     7
370
    25
100
AcDbLine
 10
84.50090847234696
 20
323.0673054194706
 30
0.0
 11
84.58257529474698
 21
323.1389233592706
 31
0.0
  0
LINE
  5
12A
330
70
100
AcDbEntity
  8
0
 62
     7
370
    25
100
AcDbLine
 10
84.50090847234696
 20
323.1483414675706
 30
0.0
 11
84.58257529474698
 21
323.2199594072706
 31
0.0
  0
LINE
  5
12B
330
70
100
AcDbEntity
  8
0
 62
     7
370
    25
100
AcDbLine
 10
84.13340847234737
 20
324.7597450979705
 30
0.0
 11
84.05174188354697
 21
324.6881271675708
 31
0.0
  0
LINE
  5
12C
330
70
100
AcDbEntity
  8
0
 62
     7
370
    25
100
AcDbLine
 10
47.7096919219475
 20
285.2069777296705
 30
0.0
 11
48.70198928474734
 21
286.0669687774706
 31
0.0
  0
LINE
  5
12D
330
70
100
AcDbEntity
  8
0
 62
     7
370
    25
100
AcDbLine
 10
51.3512918450473
 20
288.8485776527709
 30
0.0
 11
50.34450877514721
 21
287.9760323254706
 31
0.0
  0
LINE
  5
12E
330
70
100
AcDbEntity
  8
0
 62
     7
370
    25
100
AcDbLine
 10
30.30969192194754
 20
285.2069777296705
 30
0.0
 11
31.30198928474737
 21
286.0669687774706
 31
0.0
  0
LINE
  5
12F
330
70
100
AcDbEntity
  8
0
 62
     7
370
    25
100
AcDbLine
 10
33.95129184504733
 20
288.8485776527709
 30
0.0
 11
32.94450877514724
 21
287.9760323254706
 31
0.0
  0
LINE
  5
130
330
70
100
AcDbEntity
  8
0
 62
     7
370
    25
100
AcDbLine
 10
84.33049188354708
 20
278.9277776911707
 30
0.0
 11
76.1204918835474
 21
278.9277776911707
 31
0.0
  0
LINE
  5
131
330
70
100
AcDbEntity
  8
0
 62
     7
370
    25
100
AcDbLine
 10
66.9304918835471
 20
278.9277776911707
 30
0.0
 11
58.72049188354743
 21
278.9277776911707
 31
0.0
  0
LINE
  5
132
330
70
100
AcDbEntity
  8
0
 62
     7
370
    25
100
AcDbLine
 10
49.53049188354714
 20
278.9277776911707
 30
0.0
 11
41.32049188354746
 21
278.9277776911707
 31
0.0
  0
LINE
  5
133
330
70
100
AcDbEntity
  8
0
 62
     7
370
    25
100
AcDbLine
 10
32.13049188354716
 20
278.9277776911707
 30
0.0
 11
23.92049188354748
 21
278.9277776911707
 31
0.0
  0
LINE
  5
134
330
70
100
AcDbEntity
  8
0
 62
     7
370
    25
100
AcDbLine
 10
76.1204918835474
 20
279.027777691171
 30
0.0
 11
75.8304918835471
 21
279.027777691171
 31
0.0
  0
LINE
  5
135
330
70
100
AcDbEntity
  8
0
 62
     7
370
    25
100
AcDbLine
 10
58.72049188354743
 20
279.027777691171
 30
0.0
 11
58.43049188354713
 21
279.027777691171
 31
0.0
  0
LINE
  5
136
330
70
100
AcDbEntity
  8
0
 62
     7
370
    25
100
AcDbLine
 10
41.32049188354746
 20
279.027777691171
 30
0.0
 11
41.03049188354716
 21
279.027777691171
 31
0.0
  0
LINE
  5
137
330
70
100
AcDbEntity
  8
0
 62
     7
370
    25
100
AcDbLine
 10
23.92049188354748
 20
279.027777691171
 30
0.0
 11
23.63049188354719
 21
279.027777691171
 31
0.0
  0
LINE
  5
138
330
70
100
AcDbEntity
  8
0
 62
     7
370
    25
100
AcDbLine
 10
84.33049188354708
 20
280.7882647436706
 30
0.0
 11
76.1204918835474
 21
280.7882647436706
 31
0.0
  0
LINE
  5
139
330
70
100
AcDbEntity
  8
0
 62
     7
370
    25
100
AcDbLine
 10
66.9304918835471
 20
280.7882647436706
 30
0.0
 11
58.72049188354743
 21
280.7882647436706
 31
0.0
  0
LINE
  5
13A
330
70
100
AcDbEntity
  8
0
 62
     7
370
    25
100
AcDbLine
 10
49.53049188354714
 20
280.7882647436706
 30
0.0
 11
41.32049188354746
 21
280.7882647436706
 31
0.0
  0
LINE
  5
13B
330
70
100
AcDbEntity
  8
0
 62
     7
370
    25
100
AcDbLine
 10
32.13049188354716
 20
280.7882647436706
 30
0.0
 11
23.92049188354748
 21
280.7882647436706
 31
0.0
  0
LINE
  5
13C
330
70
100
AcDbEntity
  8
0
 62
     7
370
    25
100
AcDbLine
 10
76.1204918835474
 20
280.7952403910709
 30
0.0
 11
75.8304918835471
 21
280.7952403910709
 31
0.0
  0
LINE
  5
13D
330
70
100
AcDbEntity
  8
0
 62
     7
370
    25
100
AcDbLine
 10
58.72049188354743
 20
280.7952403910709
 30
0.0
 11
58.43049188354713
 21
280.7952403910709
 31
0.0
  0
LINE
  5
13E
330
70
100
AcDbEntity
  8
0
 62
     7
370
    25
100
AcDbLine
 10
41.32049188354746
 20
280.7952403910709
 30
0.0
 11
41.03049188354716
 21
280.7952403910709
 31
0.0
  0
LINE
  5
13F
330
70
100
AcDbEntity
  8
0
 62
     7
370
    25
100
AcDbLine
 10
23.92049188354748
 20
280.7952403910709
 30
0.0
 11
23.63049188354719
 21
280.7952403910709
 31
0.0
  0
LINE
  5
140
330
70
100
AcDbEntity
  8
0
 62
     7
370
    25
100
AcDbLine
 10
90.73830871364746
 20
315.0460766712711
 30
0.0
 11
90.73049188354731
 21
315.0765560631709
 31
0.0
  0
LINE
  5
141
330
70
100
AcDbEntity
  8
0
 62
     7
370
    25
100
AcDbLine
 10
82.74507523634737
 20
324.2942284503707
 30
0.0
 11
82.7246585307472
 21
324.401655446171
 31
0.0
  0
LINE
  5
142
330
70
100
AcDbEntity
  8
0
 62
     7
370
    25
100
AcDbLine
 10
82.05090855084703
 20
323.6138580618709
 30
0.0
 11
82.07132521804728
 21
323.5064311663707
 31
0.0
  0
LINE
  5
143
330
70
100
AcDbEntity
  8
0
 62
     7
370
    25
100
AcDbLine
 10
82.05090855084703
 20
323.532822013771
 30
0.0
 11
82.07132521804728
 21
323.4253951182707
 31
0.0
  0
LINE
  5
144
330
70
100
AcDbEntity
  8
0
 62
     7
370
    25
100
AcDbLine
 10
67.3254918835471
 20
324.2226105199709
 30
0.0
 11
67.30507529474708
 21
324.401655446171
 31
0.0
  0
LINE
  5
145
330
70
100
AcDbEntity
  8
0
 62
     7
370
    25
100
AcDbLine
 10
75.8304918835471
 20
279.027777691171
 30
0.0
 11
75.8304918835471
 21
312.2902457968708
 31
0.0
  0
LINE
  5
146
330
70
100
AcDbEntity
  8
0
 62
     7
370
    25
100
AcDbLine
 10
75.8304918835471
 20
327.8827606973711
 30
0.0
 11
75.8304918835471
 21
363.8277776911708
 31
0.0
  0
LINE
  5
147
330
70
100
AcDbEntity
  8
0
 62
     7
370
    25
100
AcDbLine
 10
75.63049188354709
 20
279.2277776911711
 30
0.0
 11
75.63049188354709
 21
312.2902457968708
 31
0.0
  0
LINE
  5
148
330
70
100
AcDbEntity
  8
0
 62
     7
370
    25
100
AcDbLine
 10
75.63049188354709
 20
319.7081641922711
 30
0.0
 11
75.63049188354709
 21
320.3408777514708
 31
0.0
  0
LINE
  5
149
330
70
100
AcDbEntity
  8
0
 62
     7
370
    25
100
AcDbLine
 10
75.63049188354709
 20
322.5146776308711
 30
0.0
 11
75.63049188354709
 21
363.6277776911708
 31
0.0
  0
LINE
  5
14A
330
70
100
AcDbEntity
  8
0
 62
     7
370
    25
100
AcDbLine
 10
71.83049188354697
 20
320.068102681471
 30
0.0
 11
71.83049188354697
 21
319.7081641922711
 31
0.0
  0
LINE
  5
14B
330
70
100
AcDbEntity
  8
0
 62
     7
370
    25
100
AcDbLine
 10
70.93049188354725
 20
324.9339798725705
 30
0.0
 11
70.93049188354725
 21
321.8113058171706
 31
0.0
  0
LINE
  5
14C
330
70
100
AcDbEntity
  8
0
 62
     7
370
    25
100
AcDbLine
 10
70.13049188354722
 20
325.3369779038706
 30
0.0
 11
70.13049188354722
 21
325.257099224271
 31
0.0
  0
LINE
  5
14D
330
70
100
AcDbEntity
  8
0
 62
     7
370
    25
100
AcDbLine
 10
69.73049188354721
 20
319.7081641922711
 30
0.0
 11
69.73049188354721
 21
320.068102681471
 31
0.0
  0
LINE
  5
14E
330
70
100
AcDbEntity
  8
0
 62
     7
370
    25
100
AcDbLine
 10
69.5304918835472
 20
320.068102681471
 30
0.0
 11
69.5304918835472
 21
319.7081641922711
 31
0.0
  0
LINE
  5
14F
330
70
100
AcDbEntity
  8
0
 62
     7
370
    25
100
AcDbLine
 10
69.12215870594692
 20
324.4996642239705
 30
0.0
 11
69.12215870594692
 21
324.7955540631711
 31
0.0
  0
LINE
  5
150
330
70
100
AcDbEntity
  8
0
 62
     7
370
    25
100
AcDbLine
 10
69.04049188354753
 20
323.8192937853707
 30
0.0
 11
69.04049188354753
 21
324.1151836244706
 31
0.0
  0
LINE
  5
151
330
70
100
AcDbEntity
  8
0
 62
     7
370
    25
100
AcDbLine
 10
68.93049188354718
 20
325.3918150730706
 30
0.0
 11
68.93049188354718
 21
325.257099224271
 31
0.0
  0
LINE
  5
152
330
70
100
AcDbEntity
  8
0
 62
     7
370
    25
100
AcDbLine
 10
68.50965847234753
 20
323.0314964511706
 30
0.0
 11
68.50965847234753
 21
323.9003298334707
 31
0.0
  0
LINE
  5
153
330
70
100
AcDbEntity
  8
0
 62
     7
370
    25
100
AcDbLine
 10
68.50965847234753
 20
324.1151836244706
 30
0.0
 11
68.50965847234753
 21
324.5807002720705
 31
0.0
  0
LINE
  5
154
330
70
100
AcDbEntity
  8
0
 62
     7
370
    25
100
AcDbLine
 10
68.38715847234746
 20
323.0314964511706
 30
0.0
 11
68.38715847234746
 21
324.7955540631711
 31
0.0
  0
LINE
  5
155
330
70
100
AcDbEntity
  8
0
 62
     7
370
    25
100
AcDbLine
 10
68.23049188354747
 20
319.7081641922711
 30
0.0
 11
68.23049188354747
 21
320.068102681471
 31
0.0
  0
LINE
  5
156
330
70
100
AcDbEntity
  8
0
 62
     7
370
    25
100
AcDbLine
 10
68.22382529474733
 20
324.4996642239705
 30
0.0
 11
68.22382529474733
 21
324.7955540631711
 31
0.0
  0
LINE
  5
157
330
70
100
AcDbEntity
  8
0
 62
     7
370
    25
100
AcDbLine
 10
68.14215847234732
 20
323.8192937853707
 30
0.0
 11
68.14215847234732
 21
324.1151836244706
 31
0.0
  0
LINE
  5
158
330
70
100
AcDbEntity
  8
0
 62
     7
370
    25
100
AcDbLine
 10
68.03049188354747
 20
320.068102681471
 30
0.0
 11
68.03049188354747
 21
319.7081641922711
 31
0.0
  0
LINE
  5
159
330
70
100
AcDbEntity
  8
0
 62
     7
370
    25
100
AcDbLine
 10
67.61132529474695
 20
323.0314964511706
 30
0.0
 11
67.61132529474695
 21
323.9003298334707
 31
0.0
  0
LINE
  5
15A
330
70
100
AcDbEntity
  8
0
 62
     7
370
    25
100
AcDbLine
 10
67.61132529474695
 20
324.1151836244706
 30
0.0
 11
67.61132529474695
 21
324.5807002720705
 31
0.0
  0
LINE
  5
15B
330
70
100
AcDbEntity
  8
0
 62
     7
370
    25
100
AcDbLine
 10
67.5204918835471
 20
319.7099694403706
 30
0.0
 11
67.5204918835471
 21
320.068102681471
 31
0.0
  0
LINE
  5
15C
330
70
100
AcDbEntity
  8
0
 62
     7
370
    25
100
AcDbLine
 10
67.48882529474752
 20
323.0314964511706
 30
0.0
 11
67.48882529474752
 21
324.7955540631711
 31
0.0
  0
LINE
  5
15D
330
70
100
AcDbEntity
  8
0
 62
     7
370
    25
100
AcDbLine
 10
67.3254918835471
 20
323.6044399441707
 30
0.0
 11
67.3254918835471
 21
324.2226105199709
 31
0.0
  0
LINE
  5
15E
330
70
100
AcDbEntity
  8
0
 62
     7
370
    25
100
AcDbLine
 10
67.32049188354709
 20
320.068102681471
 30
0.0
 11
67.32049188354709
 21
319.7099694403706
 31
0.0
  0
LINE
  5
15F
330
70
100
AcDbEntity
  8
0
 62
     7
370
    25
100
AcDbLine
 10
67.30507529474708
 20
323.4253951182707
 30
0.0
 11
67.30507529474708
 21
323.5064311663707
 31
0.0
  0
LINE
  5
160
330
70
100
AcDbEntity
  8
0
 62
     7
370
    25
100
AcDbLine
 10
67.26424188354738
 20
323.2821592324711
 30
0.0
 11
67.26424188354738
 21
323.3631952805711
 31
0.0
  0
LINE
  5
161
330
70
100
AcDbEntity
  8
0
 62
     7
370
    25
100
AcDbLine
 10
67.20299188354703
 20
324.2226105199709
 30
0.0
 11
67.20299188354703
 21
323.6854759921707
 31
0.0
  0
LINE
  5
162
330
70
100
AcDbEntity
  8
0
 62
     7
370
    25
100
AcDbLine
 10
67.182575294747
 20
323.1389233592706
 30
0.0
 11
67.182575294747
 21
323.2199594072706
 31
0.0
  0
LINE
  5
163
330
70
100
AcDbEntity
  8
0
 62
     7
370
    25
100
AcDbLine
 10
67.182575294747
 20
324.2848103326705
 30
0.0
 11
67.182575294747
 21
324.365846380671
 31
0.0
  0
LINE
  5
164
330
70
100
AcDbEntity
  8
0
 62
     7
370
    25
100
AcDbLine
 10
67.14174188354731
 20
324.3922373284708
 30
0.0
 11
67.14174188354731
 21
324.4732733765709
 31
0.0
  0
LINE
  5
165
330
70
100
AcDbEntity
  8
0
 62
     7
370
    25
100
AcDbLine
 10
67.10090847234699
 20
323.0673054194706
 30
0.0
 11
67.10090847234699
 21
323.1483414675706
 31
0.0
  0
LINE
  5
166
330
70
100
AcDbEntity
  8
0
 62
     7
370
    25
100
AcDbLine
 10
67.08049188354696
 20
324.4638552588707
 30
0.0
 11
67.08049188354696
 21
324.5448913068706
 31
0.0
  0
LINE
  5
167
330
70
100
AcDbEntity
  8
0
 62
     7
370
    25
100
AcDbLine
 10
66.9988252947472
 20
323.0314964511706
 30
0.0
 11
66.9988252947472
 21
323.1125324992706
 31
0.0
  0
LINE
  5
168
330
70
100
AcDbEntity
  8
0
 62
     7
370
    25
100
AcDbLine
 10
66.9988252947472
 20
324.4996642239705
 30
0.0
 11
66.9988252947472
 21
324.5807002720705
 31
0.0
  0
LINE
  5
169
330
70
100
AcDbEntity
  8
0
 62
     7
370
    25
100
AcDbLine
 10
66.83549188354745
 20
323.0314964511706
 30
0.0
 11
66.83549188354745
 21
323.1125324992706
 31
0.0
  0
LINE
  5
16A
330
70
100
AcDbEntity
  8
0
 62
     7
370
    25
100
AcDbLine
 10
66.83549188354745
 20
324.4996642239705
 30
0.0
 11
66.83549188354745
 21
324.5807002720705
 31
0.0
  0
LINE
  5
16B
330
70
100
AcDbEntity
  8
0
 62
     7
370
    25
100
AcDbLine
 10
66.75382529474706
 20
324.4638552588707
 30
0.0
 11
66.75382529474706
 21
324.5448913068706
 31
0.0
  0
LINE
  5
16C
330
70
100
AcDbEntity
  8
0
 62
     7
370
    25
100
AcDbLine
 10
66.73340847234739
 20
323.0673054194706
 30
0.0
 11
66.73340847234739
 21
323.1483414675706
 31
0.0
  0
LINE
  5
16D
330
70
100
AcDbEntity
  8
0
 62
     7
370
    25
100
AcDbLine
 10
66.72049188354707
 20
319.7099694403706
 30
0.0
 11
66.72049188354707
 21
320.068102681471
 31
0.0
  0
LINE
  5
16E
330
70
100
AcDbEntity
  8
0
 62
     7
370
    25
100
AcDbLine
 10
66.69257529474734
 20
324.3922373284708
 30
0.0
 11
66.69257529474734
 21
324.4732733765709
 31
0.0
  0
LINE
  5
16F
330
70
100
AcDbEntity
  8
0
 62
     7
370
    25
100
AcDbLine
 10
66.65174188354701
 20
323.1389233592706
 30
0.0
 11
66.65174188354701
 21
323.2199594072706
 31
0.0
  0
LINE
  5
170
330
70
100
AcDbEntity
  8
0
 62
     7
370
    25
100
AcDbLine
 10
66.65174188354701
 20
324.2848103326705
 30
0.0
 11
66.65174188354701
 21
324.365846380671
 31
0.0
  0
LINE
  5
171
330
70
100
AcDbEntity
  8
0
 62
     7
370
    25
100
AcDbLine
 10
66.63132529474697
 20
323.6854759921707
 30
0.0
 11
66.63132529474697
 21
324.2226105199709
 31
0.0
  0
LINE
  5
172
330
70
100
AcDbEntity
  8
0
 62
     7
370
    25
100
AcDbLine
 10
66.57007517794713
 20
323.2821592324711
 30
0.0
 11
66.57007517794713
 21
323.3631952805711
 31
0.0
  0
LINE
  5
173
330
70
100
AcDbEntity
  8
0
 62
     7
370
    25
100
AcDbLine
 10
66.52924188354693
 20
323.4253951182707
 30
0.0
 11
66.52924188354693
 21
323.5064311663707
 31
0.0
  0
LINE
  5
174
330
70
100
AcDbEntity
  8
0
 62
     7
370
    25
100
AcDbLine
 10
66.52049188354706
 20
320.068102681471
 30
0.0
 11
66.52049188354706
 21
319.7099694403706
 31
0.0
  0
LINE
  5
175
330
70
100
AcDbEntity
  8
0
 62
     7
370
    25
100
AcDbLine
 10
66.50882517794741
 20
323.6044399441707
 30
0.0
 11
66.50882517794741
 21
324.2226105199709
 31
0.0
  0
LINE
  5
176
330
70
100
AcDbEntity
  8
0
 62
     7
370
    25
100
AcDbLine
 10
65.36549188354716
 20
323.7118668898712
 30
0.0
 11
65.36549188354716
 21
324.1151836244706
 31
0.0
  0
LINE
  5
177
330
70
100
AcDbEntity
  8
0
 62
     7
370
    25
100
AcDbLine
 10
65.3450752363474
 20
323.532822013771
 30
0.0
 11
65.3450752363474
 21
323.6138580618709
 31
0.0
  0
LINE
  5
178
330
70
100
AcDbEntity
  8
0
 62
     7
370
    25
100
AcDbLine
 10
65.32465853074723
 20
323.4253951182707
 30
0.0
 11
65.32465853074723
 21
323.5064311663707
 31
0.0
  0
LINE
  5
179
330
70
100
AcDbEntity
  8
0
 62
     7
370
    25
100
AcDbLine
 10
65.28382523634703
 20
323.2821592324711
 30
0.0
 11
65.28382523634703
 21
323.3631952805711
 31
0.0
  0
LINE
  5
17A
330
70
100
AcDbEntity
  8
0
 62
     7
370
    25
100
AcDbLine
 10
65.26340853074751
 20
324.0793746592707
 30
0.0
 11
65.26340853074751
 21
323.8287119030709
 31
0.0
  0
LINE
  5
17B
330
70
100
AcDbEntity
  8
0
 62
     7
370
    25
100
AcDbLine
 10
65.24299188354709
 20
324.2131924022707
 30
0.0
 11
65.24299188354709
 21
324.2942284503707
 31
0.0
  0
LINE
  5
17C
330
70
100
AcDbEntity
  8
0
 62
     7
370
    25
100
AcDbLine
 10
65.22257523634731
 20
323.1747323243711
 30
0.0
 11
65.22257523634731
 21
323.2557683724711
 31
0.0
  0
LINE
  5
17D
330
70
100
AcDbEntity
  8
0
 62
     7
370
    25
100
AcDbLine
 10
65.16132523634695
 20
324.4280462936708
 30
0.0
 11
65.16132523634695
 21
324.5090823417708
 31
0.0
  0
LINE
  5
17E
330
70
100
AcDbEntity
  8
0
 62
     7
370
    25
100
AcDbLine
 10
65.12049188354701
 20
323.0673054194706
 30
0.0
 11
65.12049188354701
 21
323.1483414675706
 31
0.0
  0
LINE
  5
17F
330
70
100
AcDbEntity
  8
0
 62
     7
370
    25
100
AcDbLine
 10
65.10007520714736
 20
324.4996642239705
 30
0.0
 11
65.10007520714736
 21
324.5807002720705
 31
0.0
  0
LINE
  5
180
330
70
100
AcDbEntity
  8
0
 62
     7
370
    25
100
AcDbLine
 10
64.99799188354694
 20
323.0314964511706
 30
0.0
 11
64.99799188354694
 21
323.1125324992706
 31
0.0
  0
LINE
  5
181
330
70
100
AcDbEntity
  8
0
 62
     7
370
    25
100
AcDbLine
 10
64.99799188354694
 20
324.5354731891711
 30
0.0
 11
64.99799188354694
 21
324.616509237271
 31
0.0
  0
LINE
  5
182
330
70
100
AcDbEntity
  8
0
 62
     7
370
    25
100
AcDbLine
 10
64.89590855994716
 20
324.4996642239705
 30
0.0
 11
64.89590855994716
 21
324.5807002720705
 31
0.0
  0
LINE
  5
183
330
70
100
AcDbEntity
  8
0
 62
     7
370
    25
100
AcDbLine
 10
64.8754918835475
 20
323.0673054194706
 30
0.0
 11
64.8754918835475
 21
323.1483414675706
 31
0.0
  0
LINE
  5
184
330
70
100
AcDbEntity
  8
0
 62
     7
370
    25
100
AcDbLine
 10
64.83465854534749
 20
324.4280462936708
 30
0.0
 11
64.83465854534749
 21
324.5090823417708
 31
0.0
  0
LINE
  5
185
330
70
100
AcDbEntity
  8
0
 62
     7
370
    25
100
AcDbLine
 10
64.77340854534713
 20
323.1747323243711
 30
0.0
 11
64.77340854534713
 21
323.2557683724711
 31
0.0
  0
LINE
  5
186
330
70
100
AcDbEntity
  8
0
 62
     7
370
    25
100
AcDbLine
 10
64.75299188354743
 20
324.2131924022707
 30
0.0
 11
64.75299188354743
 21
324.2942284503707
 31
0.0
  0
LINE
  5
187
330
70
100
AcDbEntity
  8
0
 62
     7
370
    25
100
AcDbLine
 10
64.73257521444711
 20
323.8287119030709
 30
0.0
 11
64.73257521444711
 21
324.0793746592707
 31
0.0
  0
LINE
  5
188
330
70
100
AcDbEntity
  8
0
 62
     7
370
    25
100
AcDbLine
 10
64.720491883547
 20
319.7099694403706
 30
0.0
 11
64.720491883547
 21
320.068102681471
 31
0.0
  0
LINE
  5
189
330
70
100
AcDbEntity
  8
0
 62
     7
370
    25
100
AcDbLine
 10
64.71215855264739
 20
323.2821592324711
 30
0.0
 11
64.71215855264739
 21
323.3631952805711
 31
0.0
  0
LINE
  5
18A
330
70
100
AcDbEntity
  8
0
 62
     7
370
    25
100
AcDbLine
 10
64.67132521804732
 20
323.4253951182707
 30
0.0
 11
64.67132521804732
 21
323.5064311663707
 31
0.0
  0
LINE
  5
18B
330
70
100
AcDbEntity
  8
0
 62
     7
370
    25
100
AcDbLine
 10
64.65090855084707
 20
323.532822013771
 30
0.0
 11
64.65090855084707
 21
323.6138580618709
 31
0.0
  0
LINE
  5
18C
330
70
100
AcDbEntity
  8
0
 62
     7
370
    25
100
AcDbLine
 10
64.63049188354735
 20
323.7118668898712
 30
0.0
 11
64.63049188354735
 21
324.1151836244706
 31
0.0
  0
LINE
  5
18D
330
70
100
AcDbEntity
  8
0
 62
     7
370
    25
100
AcDbLine
 10
64.52049188354699
 20
320.068102681471
 30
0.0
 11
64.52049188354699
 21
319.7099694403706
 31
0.0
  0
LINE
  5
18E
330
70
100
AcDbEntity
  8
0
 62
     7
370
    25
100
AcDbLine
 10
63.73049188354699
 20
325.3369779038706
 30
0.0
 11
63.73049188354699
 21
325.257099224271
 31
0.0
  0
LINE
  5
18F
330
70
100
AcDbEntity
  8
0
 62
     7
370
    25
100
AcDbLine
 10
63.62049188354728
 20
319.7099694403706
 30
0.0
 11
63.62049188354728
 21
320.068102681471
 31
0.0
  0
LINE
  5
190
330
70
100
AcDbEntity
  8
0
 62
     7
370
    25
100
AcDbLine
 10
63.42049188354728
 20
320.068102681471
 30
0.0
 11
63.42049188354728
 21
319.7099694403706
 31
0.0
  0
LINE
  5
191
330
70
100
AcDbEntity
  8
0
 62
     7
370
    25
100
AcDbLine
 10
62.93049188354697
 20
324.9339798725705
 30
0.0
 11
62.93049188354697
 21
321.8113058171706
 31
0.0
  0
LINE
  5
192
330
70
100
AcDbEntity
  8
0
 62
     7
370
    25
100
AcDbLine
 10
62.03049188354725
 20
319.7081641922711
 30
0.0
 11
62.03049188354725
 21
320.068102681471
 31
0.0
  0
LINE
  5
193
330
70
100
AcDbEntity
  8
0
 62
     7
370
    25
100
AcDbLine
 10
65.26340853074751
 20
323.8287119030709
 30
0.0
 11
65.24299188354709
 21
323.6138580618709
 31
0.0
  0
LINE
  5
194
330
70
100
AcDbEntity
  8
0
 62
     7
370
    25
100
AcDbLine
 10
64.73257521444711
 20
323.9983386112708
 30
0.0
 11
64.75299188354743
 21
324.2131924022707
 31
0.0
  0
LINE
  5
195
330
70
100
AcDbEntity
  8
0
 62
     7
370
    25
100
AcDbLine
 10
64.73257521444711
 20
324.0793746592707
 30
0.0
 11
64.75299188354743
 21
324.2942284503707
 31
0.0
  0
LINE
  5
196
330
70
100
AcDbEntity
  8
0
 62
     7
370
    25
100
AcDbLine
 10
67.30507529474708
 20
323.4253951182707
 30
0.0
 11
67.3254918835471
 21
323.6044399441707
 31
0.0
  0
LINE
  5
197
330
70
100
AcDbEntity
  8
0
 62
     7
370
    25
100
AcDbLine
 10
67.30507529474708
 20
323.5064311663707
 30
0.0
 11
67.3254918835471
 21
323.6854759921707
 31
0.0
  0
LINE
  5
198
330
70
100
AcDbEntity
  8
0
 62
     7
370
    25
100
AcDbLine
 10
66.52924188354693
 20
324.401655446171
 30
0.0
 11
66.50882517794741
 21
324.2226105199709
 31
0.0
  0
LINE
  5
199
330
70
100
AcDbEntity
  8
0
 62
     7
370
    25
100
AcDbLine
 10
65.3450752363474
 20
323.532822013771
 30
0.0
 11
65.36549188354716
 21
323.7118668898712
 31
0.0
  0
LINE
  5
19A
330
70
100
AcDbEntity
  8
0
 62
     7
370
    25
100
AcDbLine
 10
65.3450752363474
 20
323.6138580618709
 30
0.0
 11
65.36549188354716
 21
323.792902937871
 31
0.0
  0
LINE
  5
19B
330
70
100
AcDbEntity
  8
0
 62
     7
370
    25
100
AcDbLine
 10
64.65090855084707
 20
324.2942284503707
 30
0.0
 11
64.63049188354735
 21
324.1151836244706
 31
0.0
  0
LINE
  5
19C
330
70
100
AcDbEntity
  8
0
 62
     7
370
    25
100
AcDbLine
 10
67.20299188354703
 20
323.6854759921707
 30
0.0
 11
67.182575294747
 21
323.5422401314711
 31
0.0
  0
LINE
  5
19D
330
70
100
AcDbEntity
  8
0
 62
     7
370
    25
100
AcDbLine
 10
66.63132529474697
 20
324.141574471971
 30
0.0
 11
66.65174188354701
 21
324.2848103326705
 31
0.0
  0
LINE
  5
19E
330
70
100
AcDbEntity
  8
0
 62
     7
370
    25
100
AcDbLine
 10
66.63132529474697
 20
324.2226105199709
 30
0.0
 11
66.65174188354701
 21
324.365846380671
 31
0.0
  0
LINE
  5
19F
330
70
100
AcDbEntity
  8
0
 62
     7
370
    25
100
AcDbLine
 10
65.32465853074723
 20
323.4253951182707
 30
0.0
 11
65.3450752363474
 21
323.532822013771
 31
0.0
  0
LINE
  5
1A0
330
70
100
AcDbEntity
  8
0
 62
     7
370
    25
100
AcDbLine
 10
65.32465853074723
 20
323.5064311663707
 30
0.0
 11
65.3450752363474
 21
323.6138580618709
 31
0.0
  0
LINE
  5
1A1
330
70
100
AcDbEntity
  8
0
 62
     7
370
    25
100
AcDbLine
 10
64.67132521804732
 20
324.401655446171
 30
0.0
 11
64.65090855084707
 21
324.2942284503707
 31
0.0
  0
LINE
  5
1A2
330
70
100
AcDbEntity
  8
0
 62
     7
370
    25
100
AcDbLine
 10
65.28382523634703
 20
323.2821592324711
 30
0.0
 11
65.32465853074723
 21
323.4253951182707
 31
0.0
  0
LINE
  5
1A3
330
70
100
AcDbEntity
  8
0
 62
     7
370
    25
100
AcDbLine
 10
65.28382523634703
 20
323.3631952805711
 30
0.0
 11
65.32465853074723
 21
323.5064311663707
 31
0.0
  0
LINE
  5
1A4
330
70
100
AcDbEntity
  8
0
 62
     7
370
    25
100
AcDbLine
 10
64.71215855264739
 20
324.5448913068706
 30
0.0
 11
64.67132521804732
 21
324.401655446171
 31
0.0
  0
LINE
  5
1A5
330
70
100
AcDbEntity
  8
0
 62
     7
370
    25
100
AcDbLine
 10
64.75299188354743
 20
324.2131924022707
 30
0.0
 11
64.83465854534749
 21
324.4280462936708
 31
0.0
  0
LINE
  5
1A6
330
70
100
AcDbEntity
  8
0
 62
     7
370
    25
100
AcDbLine
 10
64.75299188354743
 20
324.2942284503707
 30
0.0
 11
64.83465854534749
 21
324.5090823417708
 31
0.0
  0
LINE
  5
1A7
330
70
100
AcDbEntity
  8
0
 62
     7
370
    25
100
AcDbLine
 10
49.78257529474703
 20
323.5422401314711
 30
0.0
 11
49.74174188354734
 21
323.4348132359709
 31
0.0
  0
LINE
  5
1A8
330
70
100
AcDbEntity
  8
0
 62
     7
370
    25
100
AcDbLine
 10
49.25174188354703
 20
324.2848103326705
 30
0.0
 11
49.29257529474736
 21
324.3922373284708
 31
0.0
  0
LINE
  5
1A9
330
70
100
AcDbEntity
  8
0
 62
     7
370
    25
100
AcDbLine
 10
49.25174188354703
 20
324.365846380671
 30
0.0
 11
49.29257529474736
 21
324.4732733765709
 31
0.0
  0
LINE
  5
1AA
330
70
100
AcDbEntity
  8
0
 62
     7
370
    25
100
AcDbLine
 10
49.78257529474703
 20
323.1389233592706
 30
0.0
 11
49.86424188354742
 21
323.2821592324711
 31
0.0
  0
LINE
  5
1AB
330
70
100
AcDbEntity
  8
0
 62
     7
370
    25
100
AcDbLine
 10
49.78257529474703
 20
323.2199594072706
 30
0.0
 11
49.86424188354742
 21
323.3631952805711
 31
0.0
  0
LINE
  5
1AC
330
70
100
AcDbEntity
  8
0
 62
     7
370
    25
100
AcDbLine
 10
49.25174188354703
 20
324.6881271675708
 30
0.0
 11
49.17007517794715
 21
324.5448913068706
 31
0.0
  0
LINE
  5
1AD
330
70
100
AcDbEntity
  8
0
 62
     7
370
    25
100
AcDbLine
 10
47.82257523634734
 20
323.1747323243711
 30
0.0
 11
47.88382523634705
 21
323.2821592324711
 31
0.0
  0
LINE
  5
1AE
330
70
100
AcDbEntity
  8
0
 62
     7
370
    25
100
AcDbLine
 10
47.82257523634734
 20
323.2557683724711
 30
0.0
 11
47.88382523634705
 21
323.3631952805711
 31
0.0
  0
LINE
  5
1AF
330
70
100
AcDbEntity
  8
0
 62
     7
370
    25
100
AcDbLine
 10
66.69257529474734
 20
324.3922373284708
 30
0.0
 11
66.75382529474706
 21
324.4638552588707
 31
0.0
  0
LINE
  5
1B0
330
70
100
AcDbEntity
  8
0
 62
     7
370
    25
100
AcDbLine
 10
66.69257529474734
 20
324.4732733765709
 30
0.0
 11
66.75382529474706
 21
324.5448913068706
 31
0.0
  0
LINE
  5
1B1
330
70
100
AcDbEntity
  8
0
 62
     7
370
    25
100
AcDbLine
 10
65.16132523634695
 20
323.3990042457711
 30
0.0
 11
65.10007520714736
 21
323.3273863153706
 31
0.0
  0
LINE
  5
1B2
330
70
100
AcDbEntity
  8
0
 62
     7
370
    25
100
AcDbLine
 10
64.83465854534749
 20
324.4280462936708
 30
0.0
 11
64.89590855994716
 21
324.4996642239705
 31
0.0
  0
LINE
  5
1B3
330
70
100
AcDbEntity
  8
0
 62
     7
370
    25
100
AcDbLine
 10
64.83465854534749
 20
324.5090823417708
 30
0.0
 11
64.89590855994716
 21
324.5807002720705
 31
0.0
  0
LINE
  5
1B4
330
70
100
AcDbEntity
  8
0
 62
     7
370
    25
100
AcDbLine
 10
49.74174188354734
 20
323.4348132359709
 30
0.0
 11
49.68049188354698
 21
323.3631952805711
 31
0.0
  0
LINE
  5
1B5
330
70
100
AcDbEntity
  8
0
 62
     7
370
    25
100
AcDbLine
 10
49.29257529474736
 20
324.3922373284708
 30
0.0
 11
49.35382529474708
 21
324.4638552588707
 31
0.0
  0
LINE
  5
1B6
330
70
100
AcDbEntity
  8
0
 62
     7
370
    25
100
AcDbLine
 10
49.29257529474736
 20
324.4732733765709
 30
0.0
 11
49.35382529474708
 21
324.5448913068706
 31
0.0
  0
LINE
  5
1B7
330
70
100
AcDbEntity
  8
0
 62
     7
370
    25
100
AcDbLine
 10
47.76132523634698
 20
323.3990042457711
 30
0.0
 11
47.70007520714739
 21
323.3273863153706
 31
0.0
  0
LINE
  5
1B8
330
70
100
AcDbEntity
  8
0
 62
     7
370
    25
100
AcDbLine
 10
33.03205302954735
 20
287.787917480971
 30
0.0
 11
33.95129184504733
 21
288.8485776527709
 31
0.0
  0
LINE
  5
1B9
330
70
100
AcDbEntity
  8
0
 62
     7
370
    25
100
AcDbLine
 10
31.22893073754698
 20
286.2676379014711
 30
0.0
 11
30.30969192194754
 21
285.2069777296705
 31
0.0
  0
LINE
  5
1BA
330
70
100
AcDbEntity
  8
0
 62
     7
370
    25
100
AcDbLine
 10
85.23205302954727
 20
356.6878774809709
 30
0.0
 11
86.15129184504725
 21
357.7485376527708
 31
0.0
  0
LINE
  5
1BB
330
70
100
AcDbEntity
  8
0
 62
     7
370
    25
100
AcDbLine
 10
83.42893073754755
 20
355.167597901471
 30
0.0
 11
82.50969192194745
 21
354.106937729671
 31
0.0
  0
LINE
  5
1BC
330
70
100
AcDbEntity
  8
0
 62
     7
370
    25
100
AcDbLine
 10
65.12049188354701
 20
323.0673054194706
 30
0.0
 11
65.22257523634731
 21
323.1747323243711
 31
0.0
  0
LINE
  5
1BD
330
70
100
AcDbEntity
  8
0
 62
     7
370
    25
100
AcDbLine
 10
65.12049188354701
 20
323.1483414675706
 30
0.0
 11
65.22257523634731
 21
323.2557683724711
 31
0.0
  0
LINE
  5
1BE
330
70
100
AcDbEntity
  8
0
 62
     7
370
    25
100
AcDbLine
 10
64.8754918835475
 20
324.7597450979705
 30
0.0
 11
64.77340854534713
 21
324.652318202471
 31
0.0
  0
LINE
  5
1BF
330
70
100
AcDbEntity
  8
0
 62
     7
370
    25
100
AcDbLine
 10
47.72049188354704
 20
323.0673054194706
 30
0.0
 11
47.82257523634734
 21
323.1747323243711
 31
0.0
  0
LINE
  5
1C0
330
70
100
AcDbEntity
  8
0
 62
     7
370
    25
100
AcDbLine
 10
31.22893073754698
 20
287.787917480971
 30
0.0
 11
31.33484639814715
 21
287.8938331416706
 31
0.0
  0
LINE
  5
1C1
330
70
100
AcDbEntity
  8
0
 62
     7
370
    25
100
AcDbLine
 10
85.23205302954727
 20
355.167597901471
 30
0.0
 11
85.126137368847
 21
355.0616822407707
 31
0.0
  0
LINE
  5
1C2
330
70
100
AcDbEntity
  8
0
 62
     7
370
    25
100
AcDbLine
 10
83.42893073754755
 20
356.6878774809709
 30
0.0
 11
83.53422650854701
 21
356.793173251971
 31
0.0
  0
LINE
  5
1C3
330
70
100
AcDbEntity
  8
0
 62
     7
370
    25
100
AcDbLine
 10
67.10090847234699
 20
323.0673054194706
 30
0.0
 11
67.182575294747
 21
323.1389233592706
 31
0.0
  0
LINE
  5
1C4
330
70
100
AcDbEntity
  8
0
 62
     7
370
    25
100
AcDbLine
 10
67.10090847234699
 20
323.1483414675706
 30
0.0
 11
67.182575294747
 21
323.2199594072706
 31
0.0
  0
LINE
  5
1C5
330
70
100
AcDbEntity
  8
0
 62
     7
370
    25
100
AcDbLine
 10
66.73340847234739
 20
324.7597450979705
 30
0.0
 11
66.65174188354701
 21
324.6881271675708
 31
0.0
  0
LINE
  5
1C6
330
70
100
AcDbEntity
  8
0
 62
     7
370
    25
100
AcDbLine
 10
86.08045527994738
 20
325.257099224271
 30
0.0
 11
86.33049188354716
 21
325.391148680471
 31
0.0
  0
LINE
  5
1C7
330
70
100
AcDbEntity
  8
0
 62
     7
370
    25
100
AcDbLine
 10
84.48049188354692
 20
323.3631952805711
 30
0.0
 11
84.39882529474719
 21
323.3273863153706
 31
0.0
  0
LINE
  5
1C8
330
70
100
AcDbEntity
  8
0
 62
     7
370
    25
100
AcDbLine
 10
84.15382529474703
 20
324.4638552588707
 30
0.0
 11
84.23549188354741
 21
324.4996642239705
 31
0.0
  0
LINE
  5
1C9
330
70
100
AcDbEntity
  8
0
 62
     7
370
    25
100
AcDbLine
 10
84.15382529474703
 20
324.5448913068706
 30
0.0
 11
84.23549188354741
 21
324.5807002720705
 31
0.0
  0
LINE
  5
1CA
330
70
100
AcDbEntity
  8
0
 62
     7
370
    25
100
AcDbLine
 10
84.33049188354708
 20
296.427777691171
 30
0.0
 11
76.1204918835474
 21
296.427777691171
 31
0.0
  0
LINE
  5
1CB
330
70
100
AcDbEntity
  8
0
 62
     7
370
    25
100
AcDbLine
 10
66.9304918835471
 20
296.427777691171
 30
0.0
 11
58.72049188354743
 21
296.427777691171
 31
0.0
  0
LINE
  5
1CC
330
70
100
AcDbEntity
  8
0
 62
     7
370
    25
100
AcDbLine
 10
49.53049188354714
 20
296.427777691171
 30
0.0
 11
41.32049188354746
 21
296.427777691171
 31
0.0
  0
LINE
  5
1CD
330
70
100
AcDbEntity
  8
0
 62
     7
370
    25
100
AcDbLine
 10
32.13049188354716
 20
296.427777691171
 30
0.0
 11
23.92049188354748
 21
296.427777691171
 31
0.0
  0
LINE
  5
1CE
330
70
100
AcDbEntity
  8
0
 62
     7
370
    25
100
AcDbLine
 10
76.1204918835474
 20
296.4312697681708
 30
0.0
 11
75.8304918835471
 21
296.4312697681708
 31
0.0
  0
LINE
  5
1CF
330
70
100
AcDbEntity
  8
0
 62
     7
370
    25
100
AcDbLine
 10
58.72049188354743
 20
296.4312697681708
 30
0.0
 11
58.43049188354713
 21
296.4312697681708
 31
0.0
  0
LINE
  5
1D0
330
70
100
AcDbEntity
  8
0
 62
     7
370
    25
100
AcDbLine
 10
41.32049188354746
 20
296.4312697681708
 30
0.0
 11
41.03049188354716
 21
296.4312697681708
 31
0.0
  0
LINE
  5
1D1
330
70
100
AcDbEntity
  8
0
 62
     7
370
    25
100
AcDbLine
 10
23.92049188354748
 20
296.4312697681708
 30
0.0
 11
23.63049188354719
 21
296.4312697681708
 31
0.0
  0
LINE
  5
1D2
330
70
100
AcDbEntity
  8
0
 62
     7
370
    25
100
AcDbLine
 10
84.33049188354708
 20
298.9277776911708
 30
0.0
 11
76.1204918835474
 21
298.9277776911708
 31
0.0
  0
LINE
  5
1D3
330
70
100
AcDbEntity
  8
0
 62
     7
370
    25
100
AcDbLine
 10
66.9304918835471
 20
298.9277776911708
 30
0.0
 11
58.72049188354743
 21
298.9277776911708
 31
0.0
  0
LINE
  5
1D4
330
70
100
AcDbEntity
  8
0
 62
     7
370
    25
100
AcDbLine
 10
49.53049188354714
 20
298.9277776911708
 30
0.0
 11
41.32049188354746
 21
298.9277776911708
 31
0.0
  0
LINE
  5
1D5
330
70
100
AcDbEntity
  8
0
 62
     7
370
    25
100
AcDbLine
 10
32.13049188354716
 20
298.9277776911708
 30
0.0
 11
23.92049188354748
 21
298.9277776911708
 31
0.0
  0
LINE
  5
1D6
330
70
100
AcDbEntity
  8
0
 62
     7
370
    25
100
AcDbLine
 10
76.1204918835474
 20
299.0277776911711
 30
0.0
 11
75.8304918835471
 21
299.0277776911711
 31
0.0
  0
LINE
  5
1D7
330
70
100
AcDbEntity
  8
0
 62
     7
370
    25
100
AcDbLine
 10
58.72049188354743
 20
299.0277776911711
 30
0.0
 11
58.43049188354713
 21
299.0277776911711
 31
0.0
  0
LINE
  5
1D8
330
70
100
AcDbEntity
  8
0
 62
     7
370
    25
100
AcDbLine
 10
41.32049188354746
 20
299.0277776911711
 30
0.0
 11
41.03049188354716
 21
299.0277776911711
 31
0.0
  0
LINE
  5
1D9
330
70
100
AcDbEntity
  8
0
 62
     7
370
    25
100
AcDbLine
 10
23.92049188354748
 20
299.0277776911711
 30
0.0
 11
23.63049188354719
 21
299.0277776911711
 31
0.0
  0
LINE
  5
1DA
330
70
100
AcDbEntity
  8
0
 62
     7
370
    25
100
AcDbLine
 10
65.3450752363474
 20
324.2942284503707
 30
0.0
 11
65.32465853074723
 21
324.401655446171
 31
0.0
  0
LINE
  5
1DB
330
70
100
AcDbEntity
  8
0
 62
     7
370
    25
100
AcDbLine
 10
64.65090855084707
 20
323.6138580618709
 30
0.0
 11
64.67132521804732
 21
323.5064311663707
 31
0.0
  0
LINE
  5
1DC
330
70
100
AcDbEntity
  8
0
 62
     7
370
    25
100
AcDbLine
 10
64.65090855084707
 20
323.532822013771
 30
0.0
 11
64.67132521804732
 21
323.4253951182707
 31
0.0
  0
LINE
  5
1DD
330
70
100
AcDbEntity
  8
0
 62
     7
370
    25
100
AcDbLine
 10
67.182575294747
 20
324.365846380671
 30
0.0
 11
67.20299188354703
 21
324.2226105199709
 31
0.0
  0
LINE
  5
1DE
330
70
100
AcDbEntity
  8
0
 62
     7
370
    25
100
AcDbLine
 10
67.182575294747
 20
324.2848103326705
 30
0.0
 11
67.20299188354703
 21
324.141574471971
 31
0.0
  0
LINE
  5
1DF
330
70
100
AcDbEntity
  8
0
 62
     7
370
    25
100
AcDbLine
 10
66.65174188354701
 20
323.5422401314711
 30
0.0
 11
66.63132529474697
 21
323.6854759921707
 31
0.0
  0
LINE
  5
1E0
330
70
100
AcDbEntity
  8
0
 62
     7
370
    25
100
AcDbLine
 10
66.50882517794741
 20
323.6854759921707
 30
0.0
 11
66.52924188354693
 21
323.5064311663707
 31
0.0
  0
LINE
  5
1E1
330
70
100
AcDbEntity
  8
0
 62
     7
370
    25
100
AcDbLine
 10
66.50882517794741
 20
323.6044399441707
 30
0.0
 11
66.52924188354693
 21
323.4253951182707
 31
0.0
  0
LINE
  5
1E2
330
70
100
AcDbEntity
  8
0
 62
     7
370
    25
100
AcDbLine
 10
65.36549188354716
 20
324.1151836244706
 30
0.0
 11
65.3450752363474
 21
324.2942284503707
 31
0.0
  0
LINE
  5
1E3
330
70
100
AcDbEntity
  8
0
 62
     7
370
    25
100
AcDbLine
 10
64.63049188354735
 20
323.792902937871
 30
0.0
 11
64.65090855084707
 21
323.6138580618709
 31
0.0
  0
LINE
  5
1E4
330
70
100
AcDbEntity
  8
0
 62
     7
370
    25
100
AcDbLine
 10
64.63049188354735
 20
323.7118668898712
 30
0.0
 11
64.65090855084707
 21
323.532822013771
 31
0.0
  0
LINE
  5
1E5
330
70
100
AcDbEntity
  8
0
 62
     7
370
    25
100
AcDbLine
 10
65.24299188354709
 20
324.2942284503707
 30
0.0
 11
65.26340853074751
 21
324.0793746592707
 31
0.0
  0
LINE
  5
1E6
330
70
100
AcDbEntity
  8
0
 62
     7
370
    25
100
AcDbLine
 10
65.24299188354709
 20
324.2131924022707
 30
0.0
 11
65.26340853074751
 21
323.9983386112708
 31
0.0
  0
LINE
  5
1E7
330
70
100
AcDbEntity
  8
0
 62
     7
370
    25
100
AcDbLine
 10
64.75299188354743
 20
323.6138580618709
 30
0.0
 11
64.73257521444711
 21
323.8287119030709
 31
0.0
  0
LINE
  5
1E8
330
70
100
AcDbEntity
  8
0
 62
     7
370
    25
100
AcDbLine
 10
58.73049188354746
 20
319.7081641922711
 30
0.0
 11
58.73049188354746
 21
327.1533325675708
 31
0.0
  0
LINE
  5
1E9
330
70
100
AcDbEntity
  8
0
 62
     7
370
    25
100
AcDbLine
 10
58.72049188354743
 20
278.9277776911707
 30
0.0
 11
58.72049188354743
 21
312.2902457968708
 31
0.0
  0
LINE
  5
1EA
330
70
100
AcDbEntity
  8
0
 62
     7
370
    25
100
AcDbLine
 10
58.72049188354743
 20
327.1672064515706
 30
0.0
 11
58.72049188354743
 21
363.9277776911705
 31
0.0
  0
LINE
  5
1EB
330
70
100
AcDbEntity
  8
0
 62
     7
370
    25
100
AcDbLine
 10
58.43049188354713
 20
279.027777691171
 30
0.0
 11
58.43049188354713
 21
312.2902457968708
 31
0.0
  0
LINE
  5
1EC
330
70
100
AcDbEntity
  8
0
 62
     7
370
    25
100
AcDbLine
 10
58.43049188354713
 20
327.8827606973711
 30
0.0
 11
58.43049188354713
 21
363.8277776911708
 31
0.0
  0
LINE
  5
1ED
330
70
100
AcDbEntity
  8
0
 62
     7
370
    25
100
AcDbLine
 10
58.23049188354712
 20
279.2277776911711
 30
0.0
 11
58.23049188354712
 21
312.2902457968708
 31
0.0
  0
LINE
  5
1EE
330
70
100
AcDbEntity
  8
0
 62
     7
370
    25
100
AcDbLine
 10
58.23049188354712
 20
319.7081641922711
 30
0.0
 11
58.23049188354712
 21
320.3408777514708
 31
0.0
  0
LINE
  5
1EF
330
70
100
AcDbEntity
  8
0
 62
     7
370
    25
100
AcDbLine
 10
58.23049188354712
 20
322.5146776308711
 30
0.0
 11
58.23049188354712
 21
363.6277776911708
 31
0.0
  0
LINE
  5
1F0
330
70
100
AcDbEntity
  8
0
 62
     7
370
    25
100
AcDbLine
 10
54.43049188354699
 20
320.068102681471
 30
0.0
 11
54.43049188354699
 21
319.7081641922711
 31
0.0
  0
LINE
  5
1F1
330
70
100
AcDbEntity
  8
0
 62
     7
370
    25
100
AcDbLine
 10
53.53049188354727
 20
324.9339798725705
 30
0.0
 11
53.53049188354727
 21
321.8113058171706
 31
0.0
  0
LINE
  5
1F2
330
70
100
AcDbEntity
  8
0
 62
     7
370
    25
100
AcDbLine
 10
52.73049188354725
 20
325.3369779038706
 30
0.0
 11
52.73049188354725
 21
325.257099224271
 31
0.0
  0
LINE
  5
1F3
330
70
100
AcDbEntity
  8
0
 62
     7
370
    25
100
AcDbLine
 10
52.33049188354724
 20
319.7081641922711
 30
0.0
 11
52.33049188354724
 21
320.068102681471
 31
0.0
  0
LINE
  5
1F4
330
70
100
AcDbEntity
  8
0
 62
     7
370
    25
100
AcDbLine
 10
52.13049188354723
 20
320.068102681471
 30
0.0
 11
52.13049188354723
 21
319.7081641922711
 31
0.0
  0
LINE
  5
1F5
330
70
100
AcDbEntity
  8
0
 62
     7
370
    25
100
AcDbLine
 10
51.72215870594694
 20
324.4996642239705
 30
0.0
 11
51.72215870594694
 21
324.7955540631711
 31
0.0
  0
LINE
  5
1F6
330
70
100
AcDbEntity
  8
0
 62
     7
370
    25
100
AcDbLine
 10
51.64049188354757
 20
323.8192937853707
 30
0.0
 11
51.64049188354757
 21
324.1151836244706
 31
0.0
  0
LINE
  5
1F7
330
70
100
AcDbEntity
  8
0
 62
     7
370
    25
100
AcDbLine
 10
51.53049188354721
 20
325.3918150730706
 30
0.0
 11
51.53049188354721
 21
325.257099224271
 31
0.0
  0
LINE
  5
1F8
330
70
100
AcDbEntity
  8
0
 62
     7
370
    25
100
AcDbLine
 10
51.10965847234693
 20
323.0314964511706
 30
0.0
 11
51.10965847234693
 21
323.9003298334707
 31
0.0
  0
LINE
  5
1F9
330
70
100
AcDbEntity
  8
0
 62
     7
370
    25
100
AcDbLine
 10
51.10965847234693
 20
324.1151836244706
 30
0.0
 11
51.10965847234693
 21
324.5807002720705
 31
0.0
  0
LINE
  5
1FA
330
70
100
AcDbEntity
  8
0
 62
     7
370
    25
100
AcDbLine
 10
50.9871584723475
 20
323.0314964511706
 30
0.0
 11
50.9871584723475
 21
324.7955540631711
 31
0.0
  0
LINE
  5
1FB
330
70
100
AcDbEntity
  8
0
 62
     7
370
    25
100
AcDbLine
 10
50.8304918835475
 20
319.7081641922711
 30
0.0
 11
50.8304918835475
 21
320.068102681471
 31
0.0
  0
LINE
  5
1FC
330
70
100
AcDbEntity
  8
0
 62
     7
370
    25
100
AcDbLine
 10
50.82382529474736
 20
324.4996642239705
 30
0.0
 11
50.82382529474736
 21
324.7955540631711
 31
0.0
  0
LINE
  5
1FD
330
70
100
AcDbEntity
  8
0
 62
     7
370
    25
100
AcDbLine
 10
50.74215847234734
 20
323.8192937853707
 30
0.0
 11
50.74215847234734
 21
324.1151836244706
 31
0.0
  0
LINE
  5
1FE
330
70
100
AcDbEntity
  8
0
 62
     7
370
    25
100
AcDbLine
 10
50.63049188354749
 20
320.068102681471
 30
0.0
 11
50.63049188354749
 21
319.7081641922711
 31
0.0
  0
LINE
  5
1FF
330
70
100
AcDbEntity
  8
0
 62
     7
370
    25
100
AcDbLine
 10
50.21132529474698
 20
323.0314964511706
 30
0.0
 11
50.21132529474698
 21
323.9003298334707
 31
0.0
  0
LINE
  5
200
330
70
100
AcDbEntity
  8
0
 62
     7
370
    25
100
AcDbLine
 10
50.21132529474698
 20
324.1151836244706
 30
0.0
 11
50.21132529474698
 21
324.5807002720705
 31
0.0
  0
LINE
  5
201
330
70
100
AcDbEntity
  8
0
 62
     7
370
    25
100
AcDbLine
 10
50.12049188354712
 20
319.7099694403706
 30
0.0
 11
50.12049188354712
 21
320.068102681471
 31
0.0
  0
LINE
  5
202
330
70
100
AcDbEntity
  8
0
 62
     7
370
    25
100
AcDbLine
 10
50.08882529474754
 20
323.0314964511706
 30
0.0
 11
50.08882529474754
 21
324.7955540631711
 31
0.0
  0
LINE
  5
203
330
70
100
AcDbEntity
  8
0
 62
     7
370
    25
100
AcDbLine
 10
49.92549188354714
 20
323.6044399441707
 30
0.0
 11
49.92549188354714
 21
324.2226105199709
 31
0.0
  0
LINE
  5
204
330
70
100
AcDbEntity
  8
0
 62
     7
370
    25
100
AcDbLine
 10
49.92049188354712
 20
320.068102681471
 30
0.0
 11
49.92049188354712
 21
319.7099694403706
 31
0.0
  0
LINE
  5
205
330
70
100
AcDbEntity
  8
0
 62
     7
370
    25
100
AcDbLine
 10
49.90507529474711
 20
323.4253951182707
 30
0.0
 11
49.90507529474711
 21
323.5064311663707
 31
0.0
  0
LINE
  5
206
330
70
100
AcDbEntity
  8
0
 62
     7
370
    25
100
AcDbLine
 10
49.86424188354742
 20
323.2821592324711
 30
0.0
 11
49.86424188354742
 21
323.3631952805711
 31
0.0
  0
LINE
  5
207
330
70
100
AcDbEntity
  8
0
 62
     7
370
    25
100
AcDbLine
 10
49.80299188354706
 20
324.2226105199709
 30
0.0
 11
49.80299188354706
 21
323.6854759921707
 31
0.0
  0
LINE
  5
208
330
70
100
AcDbEntity
  8
0
 62
     7
370
    25
100
AcDbLine
 10
49.78257529474703
 20
323.1389233592706
 30
0.0
 11
49.78257529474703
 21
323.2199594072706
 31
0.0
  0
LINE
  5
209
330
70
100
AcDbEntity
  8
0
 62
     7
370
    25
100
AcDbLine
 10
49.78257529474703
 20
324.2848103326705
 30
0.0
 11
49.78257529474703
 21
324.365846380671
 31
0.0
  0
LINE
  5
20A
330
70
100
AcDbEntity
  8
0
 62
     7
370
    25
100
AcDbLine
 10
49.74174188354734
 20
324.3922373284708
 30
0.0
 11
49.74174188354734
 21
324.4732733765709
 31
0.0
  0
LINE
  5
20B
330
70
100
AcDbEntity
  8
0
 62
     7
370
    25
100
AcDbLine
 10
49.70090847234701
 20
323.0673054194706
 30
0.0
 11
49.70090847234701
 21
323.1483414675706
 31
0.0
  0
LINE
  5
20C
330
70
100
AcDbEntity
  8
0
 62
     7
370
    25
100
AcDbLine
 10
49.68049188354698
 20
324.4638552588707
 30
0.0
 11
49.68049188354698
 21
324.5448913068706
 31
0.0
  0
LINE
  5
20D
330
70
100
AcDbEntity
  8
0
 62
     7
370
    25
100
AcDbLine
 10
49.59882529474723
 20
323.0314964511706
 30
0.0
 11
49.59882529474723
 21
323.1125324992706
 31
0.0
  0
LINE
  5
20E
330
70
100
AcDbEntity
  8
0
 62
     7
370
    25
100
AcDbLine
 10
49.59882529474723
 20
324.4996642239705
 30
0.0
 11
49.59882529474723
 21
324.5807002720705
 31
0.0
  0
LINE
  5
20F
330
70
100
AcDbEntity
  8
0
 62
     7
370
    25
100
AcDbLine
 10
49.43549188354747
 20
323.0314964511706
 30
0.0
 11
49.43549188354747
 21
323.1125324992706
 31
0.0
  0
LINE
  5
210
330
70
100
AcDbEntity
  8
0
 62
     7
370
    25
100
AcDbLine
 10
49.43549188354747
 20
324.4996642239705
 30
0.0
 11
49.43549188354747
 21
324.5807002720705
 31
0.0
  0
LINE
  5
211
330
70
100
AcDbEntity
  8
0
 62
     7
370
    25
100
AcDbLine
 10
49.35382529474708
 20
324.4638552588707
 30
0.0
 11
49.35382529474708
 21
324.5448913068706
 31
0.0
  0
LINE
  5
212
330
70
100
AcDbEntity
  8
0
 62
     7
370
    25
100
AcDbLine
 10
49.33340847234742
 20
323.0673054194706
 30
0.0
 11
49.33340847234742
 21
323.1483414675706
 31
0.0
  0
LINE
  5
213
330
70
100
AcDbEntity
  8
0
 62
     7
370
    25
100
AcDbLine
 10
49.3204918835471
 20
319.7099694403706
 30
0.0
 11
49.3204918835471
 21
320.068102681471
 31
0.0
  0
LINE
  5
214
330
70
100
AcDbEntity
  8
0
 62
     7
370
    25
100
AcDbLine
 10
49.29257529474736
 20
324.3922373284708
 30
0.0
 11
49.29257529474736
 21
324.4732733765709
 31
0.0
  0
LINE
  5
215
330
70
100
AcDbEntity
  8
0
 62
     7
370
    25
100
AcDbLine
 10
49.25174188354703
 20
323.1389233592706
 30
0.0
 11
49.25174188354703
 21
323.2199594072706
 31
0.0
  0
LINE
  5
216
330
70
100
AcDbEntity
  8
0
 62
     7
370
    25
100
AcDbLine
 10
49.25174188354703
 20
324.2848103326705
 30
0.0
 11
49.25174188354703
 21
324.365846380671
 31
0.0
  0
LINE
  5
217
330
70
100
AcDbEntity
  8
0
 62
     7
370
    25
100
AcDbLine
 10
49.23132529474701
 20
323.6854759921707
 30
0.0
 11
49.23132529474701
 21
324.2226105199709
 31
0.0
  0
LINE
  5
218
330
70
100
AcDbEntity
  8
0
 62
     7
370
    25
100
AcDbLine
 10
49.17007517794715
 20
323.2821592324711
 30
0.0
 11
49.17007517794715
 21
323.3631952805711
 31
0.0
  0
LINE
  5
219
330
70
100
AcDbEntity
  8
0
 62
     7
370
    25
100
AcDbLine
 10
49.12924188354696
 20
323.4253951182707
 30
0.0
 11
49.12924188354696
 21
323.5064311663707
 31
0.0
  0
LINE
  5
21A
330
70
100
AcDbEntity
  8
0
 62
     7
370
    25
100
AcDbLine
 10
49.12049188354709
 20
320.068102681471
 30
0.0
 11
49.12049188354709
 21
319.7099694403706
 31
0.0
  0
LINE
  5
21B
330
70
100
AcDbEntity
  8
0
 62
     7
370
    25
100
AcDbLine
 10
49.10882517794743
 20
323.6044399441707
 30
0.0
 11
49.10882517794743
 21
324.2226105199709
 31
0.0
  0
LINE
  5
21C
330
70
100
AcDbEntity
  8
0
 62
     7
370
    25
100
AcDbLine
 10
47.96549188354719
 20
323.7118668898712
 30
0.0
 11
47.96549188354719
 21
324.1151836244706
 31
0.0
  0
LINE
  5
21D
330
70
100
AcDbEntity
  8
0
 62
     7
370
    25
100
AcDbLine
 10
47.94507523634742
 20
323.532822013771
 30
0.0
 11
47.94507523634742
 21
323.6138580618709
 31
0.0
  0
LINE
  5
21E
330
70
100
AcDbEntity
  8
0
 62
     7
370
    25
100
AcDbLine
 10
47.92465853074725
 20
323.4253951182707
 30
0.0
 11
47.92465853074725
 21
323.5064311663707
 31
0.0
  0
LINE
  5
21F
330
70
100
AcDbEntity
  8
0
 62
     7
370
    25
100
AcDbLine
 10
47.88382523634705
 20
323.2821592324711
 30
0.0
 11
47.88382523634705
 21
323.3631952805711
 31
0.0
  0
LINE
  5
220
330
70
100
AcDbEntity
  8
0
 62
     7
370
    25
100
AcDbLine
 10
47.86340853074753
 20
324.0793746592707
 30
0.0
 11
47.86340853074753
 21
323.8287119030709
 31
0.0
  0
LINE
  5
221
330
70
100
AcDbEntity
  8
0
 62
     7
370
    25
100
AcDbLine
 10
47.84299188354712
 20
324.2131924022707
 30
0.0
 11
47.84299188354712
 21
324.2942284503707
 31
0.0
  0
LINE
  5
222
330
70
100
AcDbEntity
  8
0
 62
     7
370
    25
100
AcDbLine
 10
47.82257523634734
 20
323.1747323243711
 30
0.0
 11
47.82257523634734
 21
323.2557683724711
 31
0.0
  0
LINE
  5
223
330
70
100
AcDbEntity
  8
0
 62
     7
370
    25
100
AcDbLine
 10
47.76132523634698
 20
324.4280462936708
 30
0.0
 11
47.76132523634698
 21
324.5090823417708
 31
0.0
  0
LINE
  5
224
330
70
100
AcDbEntity
  8
0
 62
     7
370
    25
100
AcDbLine
 10
47.72049188354704
 20
323.0673054194706
 30
0.0
 11
47.72049188354704
 21
323.1483414675706
 31
0.0
  0
LINE
  5
225
330
70
100
AcDbEntity
  8
0
 62
     7
370
    25
100
AcDbLine
 10
47.70007520714739
 20
324.4996642239705
 30
0.0
 11
47.70007520714739
 21
324.5807002720705
 31
0.0
  0
LINE
  5
226
330
70
100
AcDbEntity
  8
0
 62
     7
370
    25
100
AcDbLine
 10
47.59799188354697
 20
323.0314964511706
 30
0.0
 11
47.59799188354697
 21
323.1125324992706
 31
0.0
  0
LINE
  5
227
330
70
100
AcDbEntity
  8
0
 62
     7
370
    25
100
AcDbLine
 10
47.59799188354697
 20
324.5354731891711
 30
0.0
 11
47.59799188354697
 21
324.616509237271
 31
0.0
  0
LINE
  5
228
330
70
100
AcDbEntity
  8
0
 62
     7
370
    25
100
AcDbLine
 10
47.49590855994718
 20
324.4996642239705
 30
0.0
 11
47.49590855994718
 21
324.5807002720705
 31
0.0
  0
LINE
  5
229
330
70
100
AcDbEntity
  8
0
 62
     7
370
    25
100
AcDbLine
 10
47.47549188354753
 20
323.0673054194706
 30
0.0
 11
47.47549188354753
 21
323.1483414675706
 31
0.0
  0
LINE
  5
22A
330
70
100
AcDbEntity
  8
0
 62
     7
370
    25
100
AcDbLine
 10
47.43465854534752
 20
324.4280462936708
 30
0.0
 11
47.43465854534752
 21
324.5090823417708
 31
0.0
  0
LINE
  5
22B
330
70
100
AcDbEntity
  8
0
 62
     7
370
    25
100
AcDbLine
 10
47.37340854534717
 20
323.1747323243711
 30
0.0
 11
47.37340854534717
 21
323.2557683724711
 31
0.0
  0
LINE
  5
22C
330
70
100
AcDbEntity
  8
0
 62
     7
370
    25
100
AcDbLine
 10
47.35299188354745
 20
324.2131924022707
 30
0.0
 11
47.35299188354745
 21
324.2942284503707
 31
0.0
  0
LINE
  5
22D
330
70
100
AcDbEntity
  8
0
 62
     7
370
    25
100
AcDbLine
 10
47.33257521444713
 20
323.8287119030709
 30
0.0
 11
47.33257521444713
 21
324.0793746592707
 31
0.0
  0
LINE
  5
22E
330
70
100
AcDbEntity
  8
0
 62
     7
370
    25
100
AcDbLine
 10
47.32049188354703
 20
319.7099694403706
 30
0.0
 11
47.32049188354703
 21
320.068102681471
 31
0.0
  0
LINE
  5
22F
330
70
100
AcDbEntity
  8
0
 62
     7
370
    25
100
AcDbLine
 10
47.31215855264742
 20
323.2821592324711
 30
0.0
 11
47.31215855264742
 21
323.3631952805711
 31
0.0
  0
LINE
  5
230
330
70
100
AcDbEntity
  8
0
 62
     7
370
    25
100
AcDbLine
 10
47.27132521804734
 20
323.4253951182707
 30
0.0
 11
47.27132521804734
 21
323.5064311663707
 31
0.0
  0
LINE
  5
231
330
70
100
AcDbEntity
  8
0
 62
     7
370
    25
100
AcDbLine
 10
47.25090855084709
 20
323.532822013771
 30
0.0
 11
47.25090855084709
 21
323.6138580618709
 31
0.0
  0
LINE
  5
232
330
70
100
AcDbEntity
  8
0
 62
     7
370
    25
100
AcDbLine
 10
47.23049188354738
 20
323.7118668898712
 30
0.0
 11
47.23049188354738
 21
324.1151836244706
 31
0.0
  0
LINE
  5
233
330
70
100
AcDbEntity
  8
0
 62
     7
370
    25
100
AcDbLine
 10
47.12049188354701
 20
320.068102681471
 30
0.0
 11
47.12049188354701
 21
319.7099694403706
 31
0.0
  0
LINE
  5
234
330
70
100
AcDbEntity
  8
0
 62
     7
370
    25
100
AcDbLine
 10
47.86340853074753
 20
323.8287119030709
 30
0.0
 11
47.84299188354712
 21
323.6138580618709
 31
0.0
  0
LINE
  5
235
330
70
100
AcDbEntity
  8
0
 62
     7
370
    25
100
AcDbLine
 10
47.33257521444713
 20
323.9983386112708
 30
0.0
 11
47.35299188354745
 21
324.2131924022707
 31
0.0
  0
LINE
  5
236
330
70
100
AcDbEntity
  8
0
 62
     7
370
    25
100
AcDbLine
 10
47.33257521444713
 20
324.0793746592707
 30
0.0
 11
47.35299188354745
 21
324.2942284503707
 31
0.0
  0
LINE
  5
237
330
70
100
AcDbEntity
  8
0
 62
     7
370
    25
100
AcDbLine
 10
49.90507529474711
 20
323.4253951182707
 30
0.0
 11
49.92549188354714
 21
323.6044399441707
 31
0.0
  0
LINE
  5
238
330
70
100
AcDbEntity
  8
0
 62
     7
370
    25
100
AcDbLine
 10
49.90507529474711
 20
323.5064311663707
 30
0.0
 11
49.92549188354714
 21
323.6854759921707
 31
0.0
  0
LINE
  5
239
330
70
100
AcDbEntity
  8
0
 62
     7
370
    25
100
AcDbLine
 10
49.12924188354696
 20
324.401655446171
 30
0.0
 11
49.10882517794743
 21
324.2226105199709
 31
0.0
  0
LINE
  5
23A
330
70
100
AcDbEntity
  8
0
 62
     7
370
    25
100
AcDbLine
 10
47.94507523634742
 20
323.532822013771
 30
0.0
 11
47.96549188354719
 21
323.7118668898712
 31
0.0
  0
LINE
  5
23B
330
70
100
AcDbEntity
  8
0
 62
     7
370
    25
100
AcDbLine
 10
47.94507523634742
 20
323.6138580618709
 30
0.0
 11
47.96549188354719
 21
323.792902937871
 31
0.0
  0
LINE
  5
23C
330
70
100
AcDbEntity
  8
0
 62
     7
370
    25
100
AcDbLine
 10
47.25090855084709
 20
324.2942284503707
 30
0.0
 11
47.23049188354738
 21
324.1151836244706
 31
0.0
  0
LINE
  5
23D
330
70
100
AcDbEntity
  8
0
 62
     7
370
    25
100
AcDbLine
 10
49.80299188354706
 20
323.6854759921707
 30
0.0
 11
49.78257529474703
 21
323.5422401314711
 31
0.0
  0
LINE
  5
23E
330
70
100
AcDbEntity
  8
0
 62
     7
370
    25
100
AcDbLine
 10
49.23132529474701
 20
324.141574471971
 30
0.0
 11
49.25174188354703
 21
324.2848103326705
 31
0.0
  0
LINE
  5
23F
330
70
100
AcDbEntity
  8
0
 62
     7
370
    25
100
AcDbLine
 10
49.23132529474701
 20
324.2226105199709
 30
0.0
 11
49.25174188354703
 21
324.365846380671
 31
0.0
  0
LINE
  5
240
330
70
100
AcDbEntity
  8
0
 62
     7
370
    25
100
AcDbLine
 10
47.92465853074725
 20
323.4253951182707
 30
0.0
 11
47.94507523634742
 21
323.532822013771
 31
0.0
  0
LINE
  5
241
330
70
100
AcDbEntity
  8
0
 62
     7
370
    25
100
AcDbLine
 10
47.92465853074725
 20
323.5064311663707
 30
0.0
 11
47.94507523634742
 21
323.6138580618709
 31
0.0
  0
LINE
  5
242
330
70
100
AcDbEntity
  8
0
 62
     7
370
    25
100
AcDbLine
 10
47.27132521804734
 20
324.401655446171
 30
0.0
 11
47.25090855084709
 21
324.2942284503707
 31
0.0
  0
LINE
  5
243
330
70
100
AcDbEntity
  8
0
 62
     7
370
    25
100
AcDbLine
 10
49.86424188354742
 20
323.2821592324711
 30
0.0
 11
49.90507529474711
 21
323.4253951182707
 31
0.0
  0
LINE
  5
244
330
70
100
AcDbEntity
  8
0
 62
     7
370
    25
100
AcDbLine
 10
49.86424188354742
 20
323.3631952805711
 30
0.0
 11
49.90507529474711
 21
323.5064311663707
 31
0.0
  0
LINE
  5
245
330
70
100
AcDbEntity
  8
0
 62
     7
370
    25
100
AcDbLine
 10
49.17007517794715
 20
324.5448913068706
 30
0.0
 11
49.12924188354696
 21
324.401655446171
 31
0.0
  0
LINE
  5
246
330
70
100
AcDbEntity
  8
0
 62
     7
370
    25
100
AcDbLine
 10
47.88382523634705
 20
323.2821592324711
 30
0.0
 11
47.92465853074725
 21
323.4253951182707
 31
0.0
  0
LINE
  5
247
330
70
100
AcDbEntity
  8
0
 62
     7
370
    25
100
AcDbLine
 10
47.88382523634705
 20
323.3631952805711
 30
0.0
 11
47.92465853074725
 21
323.5064311663707
 31
0.0
  0
LINE
  5
248
330
70
100
AcDbEntity
  8
0
 62
     7
370
    25
100
AcDbLine
 10
47.31215855264742
 20
324.5448913068706
 30
0.0
 11
47.27132521804734
 21
324.401655446171
 31
0.0
  0
LINE
  5
249
330
70
100
AcDbEntity
  8
0
 62
     7
370
    25
100
AcDbLine
 10
47.84299188354712
 20
323.6138580618709
 30
0.0
 11
47.76132523634698
 21
323.3990042457711
 31
0.0
  0
LINE
  5
24A
330
70
100
AcDbEntity
  8
0
 62
     7
370
    25
100
AcDbLine
 10
47.35299188354745
 20
324.2131924022707
 30
0.0
 11
47.43465854534752
 21
324.4280462936708
 31
0.0
  0
LINE
  5
24B
330
70
100
AcDbEntity
  8
0
 62
     7
370
    25
100
AcDbLine
 10
47.35299188354745
 20
324.2942284503707
 30
0.0
 11
47.43465854534752
 21
324.5090823417708
 31
0.0
  0
LINE
  5
24C
330
70
100
AcDbEntity
  8
0
 62
     7
370
    25
100
AcDbLine
 10
47.37340854534717
 20
324.652318202471
 30
0.0
 11
47.31215855264742
 21
324.5448913068706
 31
0.0
  0
LINE
  5
24D
330
70
100
AcDbEntity
  8
0
 62
     7
370
    25
100
AcDbLine
 10
32.38257529474706
 20
323.1389233592706
 30
0.0
 11
32.46424188354744
 21
323.2821592324711
 31
0.0
  0
LINE
  5
24E
330
70
100
AcDbEntity
  8
0
 62
     7
370
    25
100
AcDbLine
 10
32.38257529474706
 20
323.2199594072706
 30
0.0
 11
32.46424188354744
 21
323.3631952805711
 31
0.0
  0
LINE
  5
24F
330
70
100
AcDbEntity
  8
0
 62
     7
370
    25
100
AcDbLine
 10
31.85174188354706
 20
324.6881271675708
 30
0.0
 11
31.77007517794718
 21
324.5448913068706
 31
0.0
  0
LINE
  5
250
330
70
100
AcDbEntity
  8
0
 62
     7
370
    25
100
AcDbLine
 10
30.42257523634737
 20
323.1747323243711
 30
0.0
 11
30.48382523634709
 21
323.2821592324711
 31
0.0
  0
LINE
  5
251
330
70
100
AcDbEntity
  8
0
 62
     7
370
    25
100
AcDbLine
 10
30.42257523634737
 20
323.2557683724711
 30
0.0
 11
30.48382523634709
 21
323.3631952805711
 31
0.0
  0
LINE
  5
252
330
70
100
AcDbEntity
  8
0
 62
     7
370
    25
100
AcDbLine
 10
47.43465854534752
 20
324.4280462936708
 30
0.0
 11
47.49590855994718
 21
324.4996642239705
 31
0.0
  0
LINE
  5
253
330
70
100
AcDbEntity
  8
0
 62
     7
370
    25
100
AcDbLine
 10
47.43465854534752
 20
324.5090823417708
 30
0.0
 11
47.49590855994718
 21
324.5807002720705
 31
0.0
  0
LINE
  5
254
330
70
100
AcDbEntity
  8
0
 62
     7
370
    25
100
AcDbLine
 10
32.34174188354737
 20
323.4348132359709
 30
0.0
 11
32.28049188354701
 21
323.3631952805711
 31
0.0
  0
LINE
  5
255
330
70
100
AcDbEntity
  8
0
 62
     7
370
    25
100
AcDbLine
 10
31.89257529474739
 20
324.3922373284708
 30
0.0
 11
31.95382529474711
 21
324.4638552588707
 31
0.0
  0
LINE
  5
256
330
70
100
AcDbEntity
  8
0
 62
     7
370
    25
100
AcDbLine
 10
31.89257529474739
 20
324.4732733765709
 30
0.0
 11
31.95382529474711
 21
324.5448913068706
 31
0.0
  0
LINE
  5
257
330
70
100
AcDbEntity
  8
0
 62
     7
370
    25
100
AcDbLine
 10
30.36132523634701
 20
323.3990042457711
 30
0.0
 11
30.30007520714742
 21
323.3273863153706
 31
0.0
  0
LINE
  5
258
330
70
100
AcDbEntity
  8
0
 62
     7
370
    25
100
AcDbLine
 10
30.03465854534691
 20
324.4280462936708
 30
0.0
 11
30.09590855994721
 21
324.4996642239705
 31
0.0
  0
LINE
  5
259
330
70
100
AcDbEntity
  8
0
 62
     7
370
    25
100
AcDbLine
 10
30.03465854534691
 20
324.5090823417708
 30
0.0
 11
30.09590855994721
 21
324.5807002720705
 31
0.0
  0
LINE
  5
25A
330
70
100
AcDbEntity
  8
0
 62
     7
370
    25
100
AcDbLine
 10
67.8320530295473
 20
356.6878774809709
 30
0.0
 11
68.75129184504728
 21
357.7485376527708
 31
0.0
  0
LINE
  5
25B
330
70
100
AcDbEntity
  8
0
 62
     7
370
    25
100
AcDbLine
 10
66.02893073754692
 20
355.167597901471
 30
0.0
 11
65.10969192194749
 21
354.106937729671
 31
0.0
  0
LINE
  5
25C
330
70
100
AcDbEntity
  8
0
 62
     7
370
    25
100
AcDbLine
 10
47.72049188354704
 20
323.1483414675706
 30
0.0
 11
47.82257523634734
 21
323.2557683724711
 31
0.0
  0
LINE
  5
25D
330
70
100
AcDbEntity
  8
0
 62
     7
370
    25
100
AcDbLine
 10
47.47549188354753
 20
324.7597450979705
 30
0.0
 11
47.37340854534717
 21
324.652318202471
 31
0.0
  0
LINE
  5
25E
330
70
100
AcDbEntity
  8
0
 62
     7
370
    25
100
AcDbLine
 10
30.32049188354707
 20
323.0673054194706
 30
0.0
 11
30.42257523634737
 21
323.1747323243711
 31
0.0
  0
LINE
  5
25F
330
70
100
AcDbEntity
  8
0
 62
     7
370
    25
100
AcDbLine
 10
30.32049188354707
 20
323.1483414675706
 30
0.0
 11
30.42257523634737
 21
323.2557683724711
 31
0.0
  0
LINE
  5
260
330
70
100
AcDbEntity
  8
0
 62
     7
370
    25
100
AcDbLine
 10
30.07549188354756
 20
324.7597450979705
 30
0.0
 11
29.9734085453472
 21
324.652318202471
 31
0.0
  0
LINE
  5
261
330
70
100
AcDbEntity
  8
0
 62
     7
370
    25
100
AcDbLine
 10
67.8320530295473
 20
355.167597901471
 30
0.0
 11
67.72613736884702
 21
355.0616822407707
 31
0.0
  0
LINE
  5
262
330
70
100
AcDbEntity
  8
0
 62
     7
370
    25
100
AcDbLine
 10
66.02893073754692
 20
356.6878774809709
 30
0.0
 11
66.13422650854705
 21
356.793173251971
 31
0.0
  0
LINE
  5
263
330
70
100
AcDbEntity
  8
0
 62
     7
370
    25
100
AcDbLine
 10
49.70090847234701
 20
323.0673054194706
 30
0.0
 11
49.78257529474703
 21
323.1389233592706
 31
0.0
  0
LINE
  5
264
330
70
100
AcDbEntity
  8
0
 62
     7
370
    25
100
AcDbLine
 10
49.70090847234701
 20
323.1483414675706
 30
0.0
 11
49.78257529474703
 21
323.2199594072706
 31
0.0
  0
LINE
  5
265
330
70
100
AcDbEntity
  8
0
 62
     7
370
    25
100
AcDbLine
 10
49.33340847234742
 20
324.7597450979705
 30
0.0
 11
49.25174188354703
 21
324.6881271675708
 31
0.0
  0
LINE
  5
266
330
70
100
AcDbEntity
  8
0
 62
     7
370
    25
100
AcDbLine
 10
32.30090847234704
 20
323.0673054194706
 30
0.0
 11
32.38257529474706
 21
323.1389233592706
 31
0.0
  0
LINE
  5
267
330
70
100
AcDbEntity
  8
0
 62
     7
370
    25
100
AcDbLine
 10
32.30090847234704
 20
323.1483414675706
 30
0.0
 11
32.38257529474706
 21
323.2199594072706
 31
0.0
  0
LINE
  5
268
330
70
100
AcDbEntity
  8
0
 62
     7
370
    25
100
AcDbLine
 10
31.93340847234745
 20
324.7597450979705
 30
0.0
 11
31.85174188354706
 21
324.6881271675708
 31
0.0
  0
LINE
  5
269
330
70
100
AcDbEntity
  8
0
 62
     7
370
    25
100
AcDbLine
 10
82.50969192194745
 20
354.106937729671
 30
0.0
 11
83.51647499194701
 21
354.9794830569707
 31
0.0
  0
LINE
  5
26A
330
70
100
AcDbEntity
  8
0
 62
     7
370
    25
100
AcDbLine
 10
86.15129184504725
 20
357.7485376527708
 30
0.0
 11
85.15899448224741
 21
356.8885466049708
 31
0.0
  0
LINE
  5
26B
330
70
100
AcDbEntity
  8
0
 62
     7
370
    25
100
AcDbLine
 10
65.10969192194749
 20
354.106937729671
 30
0.0
 11
66.11647499194702
 21
354.9794830569707
 31
0.0
  0
LINE
  5
26C
330
70
100
AcDbEntity
  8
0
 62
     7
370
    25
100
AcDbLine
 10
68.75129184504728
 20
357.7485376527708
 30
0.0
 11
67.75899448224745
 21
356.8885466049708
 31
0.0
  0
LINE
  5
26D
330
70
100
AcDbEntity
  8
0
 62
     7
370
    25
100
AcDbLine
 10
68.68045527994741
 20
325.257099224271
 30
0.0
 11
68.93049188354718
 21
325.391148680471
 31
0.0
  0
LINE
  5
26E
330
70
100
AcDbEntity
  8
0
 62
     7
370
    25
100
AcDbLine
 10
51.28045527994743
 20
325.257099224271
 30
0.0
 11
51.53049188354721
 21
325.391148680471
 31
0.0
  0
LINE
  5
26F
330
70
100
AcDbEntity
  8
0
 62
     7
370
    25
100
AcDbLine
 10
67.08049188354696
 20
323.3631952805711
 30
0.0
 11
66.9988252947472
 21
323.3273863153706
 31
0.0
  0
LINE
  5
270
330
70
100
AcDbEntity
  8
0
 62
     7
370
    25
100
AcDbLine
 10
66.75382529474706
 20
324.4638552588707
 30
0.0
 11
66.83549188354745
 21
324.4996642239705
 31
0.0
  0
LINE
  5
271
330
70
100
AcDbEntity
  8
0
 62
     7
370
    25
100
AcDbLine
 10
66.75382529474706
 20
324.5448913068706
 30
0.0
 11
66.83549188354745
 21
324.5807002720705
 31
0.0
  0
LINE
  5
272
330
70
100
AcDbEntity
  8
0
 62
     7
370
    25
100
AcDbLine
 10
49.68049188354698
 20
323.3631952805711
 30
0.0
 11
49.59882529474723
 21
323.3273863153706
 31
0.0
  0
LINE
  5
273
330
70
100
AcDbEntity
  8
0
 62
     7
370
    25
100
AcDbLine
 10
49.35382529474708
 20
324.4638552588707
 30
0.0
 11
49.43549188354747
 21
324.4996642239705
 31
0.0
  0
LINE
  5
274
330
70
100
AcDbEntity
  8
0
 62
     7
370
    25
100
AcDbLine
 10
49.35382529474708
 20
324.5448913068706
 30
0.0
 11
49.43549188354747
 21
324.5807002720705
 31
0.0
  0
LINE
  5
275
330
70
100
AcDbEntity
  8
0
 62
     7
370
    25
100
AcDbLine
 10
84.39882529474719
 20
323.0314964511706
 30
0.0
 11
84.50090847234696
 21
323.0673054194706
 31
0.0
  0
LINE
  5
276
330
70
100
AcDbEntity
  8
0
 62
     7
370
    25
100
AcDbLine
 10
84.39882529474719
 20
323.1125324992706
 30
0.0
 11
84.50090847234696
 21
323.1483414675706
 31
0.0
  0
LINE
  5
277
330
70
100
AcDbEntity
  8
0
 62
     7
370
    25
100
AcDbLine
 10
82.50007520714733
 20
323.3273863153706
 30
0.0
 11
82.39799188354755
 21
323.2915773501706
 31
0.0
  0
LINE
  5
278
330
70
100
AcDbEntity
  8
0
 62
     7
370
    25
100
AcDbLine
 10
84.23549188354741
 20
324.7955540631711
 30
0.0
 11
84.13340847234737
 21
324.7597450979705
 31
0.0
  0
LINE
  5
279
330
70
100
AcDbEntity
  8
0
 62
     7
370
    25
100
AcDbLine
 10
82.29590855994713
 20
324.4996642239705
 30
0.0
 11
82.39799188354755
 21
324.5354731891711
 31
0.0
  0
LINE
  5
27A
330
70
100
AcDbEntity
  8
0
 62
     7
370
    25
100
AcDbLine
 10
82.29590855994713
 20
324.5807002720705
 30
0.0
 11
82.39799188354755
 21
324.616509237271
 31
0.0
  0
LINE
  5
27B
330
70
100
AcDbEntity
  8
0
 62
     7
370
    25
100
AcDbLine
 10
66.9988252947472
 20
323.0314964511706
 30
0.0
 11
67.10090847234699
 21
323.0673054194706
 31
0.0
  0
LINE
  5
27C
330
70
100
AcDbEntity
  8
0
 62
     7
370
    25
100
AcDbLine
 10
66.9988252947472
 20
323.1125324992706
 30
0.0
 11
67.10090847234699
 21
323.1483414675706
 31
0.0
  0
LINE
  5
27D
330
70
100
AcDbEntity
  8
0
 62
     7
370
    25
100
AcDbLine
 10
65.10007520714736
 20
323.3273863153706
 30
0.0
 11
64.99799188354694
 21
323.2915773501706
 31
0.0
  0
LINE
  5
27E
330
70
100
AcDbEntity
  8
0
 62
     7
370
    25
100
AcDbLine
 10
66.83549188354745
 20
324.7955540631711
 30
0.0
 11
66.73340847234739
 21
324.7597450979705
 31
0.0
  0
LINE
  5
27F
330
70
100
AcDbEntity
  8
0
 62
     7
370
    25
100
AcDbLine
 10
64.89590855994716
 20
324.4996642239705
 30
0.0
 11
64.99799188354694
 21
324.5354731891711
 31
0.0
  0
LINE
  5
280
330
70
100
AcDbEntity
  8
0
 62
     7
370
    25
100
AcDbLine
 10
64.89590855994716
 20
324.5807002720705
 30
0.0
 11
64.99799188354694
 21
324.616509237271
 31
0.0
  0
LINE
  5
281
330
70
100
AcDbEntity
  8
0
 62
     7
370
    25
100
AcDbLine
 10
82.39799188354755
 20
323.0314964511706
 30
0.0
 11
82.52049188354698
 21
323.0673054194706
 31
0.0
  0
LINE
  5
282
330
70
100
AcDbEntity
  8
0
 62
     7
370
    25
100
AcDbLine
 10
82.39799188354755
 20
323.1125324992706
 30
0.0
 11
82.52049188354698
 21
323.1483414675706
 31
0.0
  0
LINE
  5
283
330
70
100
AcDbEntity
  8
0
 62
     7
370
    25
100
AcDbLine
 10
82.39799188354755
 20
324.7955540631711
 30
0.0
 11
82.27549188354748
 21
324.7597450979705
 31
0.0
  0
LINE
  5
284
330
70
100
AcDbEntity
  8
0
 62
     7
370
    25
100
AcDbLine
 10
64.99799188354694
 20
323.0314964511706
 30
0.0
 11
65.12049188354701
 21
323.0673054194706
 31
0.0
  0
LINE
  5
285
330
70
100
AcDbEntity
  8
0
 62
     7
370
    25
100
AcDbLine
 10
64.99799188354694
 20
323.1125324992706
 30
0.0
 11
65.12049188354701
 21
323.1483414675706
 31
0.0
  0
LINE
  5
286
330
70
100
AcDbEntity
  8
0
 62
     7
370
    25
100
AcDbLine
 10
84.33049188354708
 20
300.7201827544709
 30
0.0
 11
76.1204918835474
 21
300.7201827544709
 31
0.0
  0
LINE
  5
287
330
70
100
AcDbEntity
  8
0
 62
     7
370
    25
100
AcDbLine
 10
66.9304918835471
 20
300.7201827544709
 30
0.0
 11
58.72049188354743
 21
300.7201827544709
 31
0.0
  0
LINE
  5
288
330
70
100
AcDbEntity
  8
0
 62
     7
370
    25
100
AcDbLine
 10
49.53049188354714
 20
300.7201827544709
 30
0.0
 11
41.32049188354746
 21
300.7201827544709
 31
0.0
  0
LINE
  5
289
330
70
100
AcDbEntity
  8
0
 62
     7
370
    25
100
AcDbLine
 10
32.13049188354716
 20
300.7201827544709
 30
0.0
 11
23.92049188354748
 21
300.7201827544709
 31
0.0
  0
LINE
  5
28A
330
70
100
AcDbEntity
  8
0
 62
     7
370
    25
100
AcDbLine
 10
76.1204918835474
 20
300.7305625013706
 30
0.0
 11
75.8304918835471
 21
300.7305625013706
 31
0.0
  0
LINE
  5
28B
330
70
100
AcDbEntity
  8
0
 62
     7
370
    25
100
AcDbLine
 10
58.72049188354743
 20
300.7305625013706
 30
0.0
 11
58.43049188354713
 21
300.7305625013706
 31
0.0
  0
LINE
  5
28C
330
70
100
AcDbEntity
  8
0
 62
     7
370
    25
100
AcDbLine
 10
41.32049188354746
 20
300.7305625013706
 30
0.0
 11
41.03049188354716
 21
300.7305625013706
 31
0.0
  0
LINE
  5
28D
330
70
100
AcDbEntity
  8
0
 62
     7
370
    25
100
AcDbLine
 10
23.92049188354748
 20
300.7305625013706
 30
0.0
 11
23.63049188354719
 21
300.7305625013706
 31
0.0
  0
LINE
  5
28E
330
70
100
AcDbEntity
  8
0
 62
     7
370
    25
100
AcDbLine
 10
84.33049188354708
 20
305.927777691171
 30
0.0
 11
76.1204918835474
 21
305.927777691171
 31
0.0
  0
LINE
  5
28F
330
70
100
AcDbEntity
  8
0
 62
     7
370
    25
100
AcDbLine
 10
66.9304918835471
 20
305.927777691171
 30
0.0
 11
58.72049188354743
 21
305.927777691171
 31
0.0
  0
LINE
  5
290
330
70
100
AcDbEntity
  8
0
 62
     7
370
    25
100
AcDbLine
 10
49.53049188354714
 20
305.927777691171
 30
0.0
 11
41.32049188354746
 21
305.927777691171
 31
0.0
  0
LINE
  5
291
330
70
100
AcDbEntity
  8
0
 62
     7
370
    25
100
AcDbLine
 10
32.13049188354716
 20
305.927777691171
 30
0.0
 11
23.92049188354748
 21
305.927777691171
 31
0.0
  0
LINE
  5
292
330
70
100
AcDbEntity
  8
0
 62
     7
370
    25
100
AcDbLine
 10
76.1204918835474
 20
306.0277776911707
 30
0.0
 11
75.8304918835471
 21
306.0277776911707
 31
0.0
  0
LINE
  5
293
330
70
100
AcDbEntity
  8
0
 62
     7
370
    25
100
AcDbLine
 10
58.72049188354743
 20
306.0277776911707
 30
0.0
 11
58.43049188354713
 21
306.0277776911707
 31
0.0
  0
LINE
  5
294
330
70
100
AcDbEntity
  8
0
 62
     7
370
    25
100
AcDbLine
 10
41.32049188354746
 20
306.0277776911707
 30
0.0
 11
41.03049188354716
 21
306.0277776911707
 31
0.0
  0
LINE
  5
295
330
70
100
AcDbEntity
  8
0
 62
     7
370
    25
100
AcDbLine
 10
23.92049188354748
 20
306.0277776911707
 30
0.0
 11
23.63049188354719
 21
306.0277776911707
 31
0.0
  0
LINE
  5
296
330
70
100
AcDbEntity
  8
0
 62
     3
370
    25
100
AcDbLine
 10
24.53049188354754
 20
312.2902457968708
 30
0.0
 11
90.50241389054706
 21
312.2902457968708
 31
0.0
  0
LINE
  5
297
330
70
100
AcDbEntity
  8
0
 62
     7
370
    25
100
AcDbLine
 10
24.53049188354754
 20
313.6926331732706
 30
0.0
 11
23.92049188354748
 21
313.6926331732706
 31
0.0
  0
LINE
  5
298
330
70
100
AcDbEntity
  8
0
 62
     7
370
    25
100
AcDbLine
 10
23.92049188354748
 20
313.6965009478708
 30
0.0
 11
23.63049188354719
 21
313.6965009478708
 31
0.0
  0
LINE
  5
299
330
70
100
AcDbEntity
  8
0
 62
     7
370
    25
100
AcDbLine
 10
47.94507523634742
 20
324.2942284503707
 30
0.0
 11
47.92465853074725
 21
324.401655446171
 31
0.0
  0
LINE
  5
29A
330
70
100
AcDbEntity
  8
0
 62
     7
370
    25
100
AcDbLine
 10
47.25090855084709
 20
323.6138580618709
 30
0.0
 11
47.27132521804734
 21
323.5064311663707
 31
0.0
  0
LINE
  5
29B
330
70
100
AcDbEntity
  8
0
 62
     7
370
    25
100
AcDbLine
 10
47.25090855084709
 20
323.532822013771
 30
0.0
 11
47.27132521804734
 21
323.4253951182707
 31
0.0
  0
LINE
  5
29C
330
70
100
AcDbEntity
  8
0
 62
     7
370
    25
100
AcDbLine
 10
49.78257529474703
 20
324.365846380671
 30
0.0
 11
49.80299188354706
 21
324.2226105199709
 31
0.0
  0
LINE
  5
29D
330
70
100
AcDbEntity
  8
0
 62
     7
370
    25
100
AcDbLine
 10
49.78257529474703
 20
324.2848103326705
 30
0.0
 11
49.80299188354706
 21
324.141574471971
 31
0.0
  0
LINE
  5
29E
330
70
100
AcDbEntity
  8
0
 62
     7
370
    25
100
AcDbLine
 10
49.25174188354703
 20
323.5422401314711
 30
0.0
 11
49.23132529474701
 21
323.6854759921707
 31
0.0
  0
LINE
  5
29F
330
70
100
AcDbEntity
  8
0
 62
     7
370
    25
100
AcDbLine
 10
49.92549188354714
 20
324.2226105199709
 30
0.0
 11
49.90507529474711
 21
324.401655446171
 31
0.0
  0
LINE
  5
2A0
330
70
100
AcDbEntity
  8
0
 62
     7
370
    25
100
AcDbLine
 10
49.10882517794743
 20
323.6854759921707
 30
0.0
 11
49.12924188354696
 21
323.5064311663707
 31
0.0
  0
LINE
  5
2A1
330
70
100
AcDbEntity
  8
0
 62
     7
370
    25
100
AcDbLine
 10
49.10882517794743
 20
323.6044399441707
 30
0.0
 11
49.12924188354696
 21
323.4253951182707
 31
0.0
  0
LINE
  5
2A2
330
70
100
AcDbEntity
  8
0
 62
     7
370
    25
100
AcDbLine
 10
47.96549188354719
 20
324.1151836244706
 30
0.0
 11
47.94507523634742
 21
324.2942284503707
 31
0.0
  0
LINE
  5
2A3
330
70
100
AcDbEntity
  8
0
 62
     7
370
    25
100
AcDbLine
 10
47.23049188354738
 20
323.792902937871
 30
0.0
 11
47.25090855084709
 21
323.6138580618709
 31
0.0
  0
LINE
  5
2A4
330
70
100
AcDbEntity
  8
0
 62
     7
370
    25
100
AcDbLine
 10
47.23049188354738
 20
323.7118668898712
 30
0.0
 11
47.25090855084709
 21
323.532822013771
 31
0.0
  0
LINE
  5
2A5
330
70
100
AcDbEntity
  8
0
 62
     7
370
    25
100
AcDbLine
 10
47.84299188354712
 20
324.2942284503707
 30
0.0
 11
47.86340853074753
 21
324.0793746592707
 31
0.0
  0
LINE
  5
2A6
330
70
100
AcDbEntity
  8
0
 62
     7
370
    25
100
AcDbLine
 10
47.84299188354712
 20
324.2131924022707
 30
0.0
 11
47.86340853074753
 21
323.9983386112708
 31
0.0
  0
LINE
  5
2A7
330
70
100
AcDbEntity
  8
0
 62
     7
370
    25
100
AcDbLine
 10
47.35299188354745
 20
323.6138580618709
 30
0.0
 11
47.33257521444713
 21
323.8287119030709
 31
0.0
  0
LINE
  5
2A8
330
70
100
AcDbEntity
  8
0
 62
     7
370
    25
100
AcDbLine
 10
46.33049188354703
 20
325.3369779038706
 30
0.0
 11
46.33049188354703
 21
325.257099224271
 31
0.0
  0
LINE
  5
2A9
330
70
100
AcDbEntity
  8
0
 62
     7
370
    25
100
AcDbLine
 10
46.22049188354731
 20
319.7099694403706
 30
0.0
 11
46.22049188354731
 21
320.068102681471
 31
0.0
  0
LINE
  5
2AA
330
70
100
AcDbEntity
  8
0
 62
     7
370
    25
100
AcDbLine
 10
46.0204918835473
 20
320.068102681471
 30
0.0
 11
46.0204918835473
 21
319.7099694403706
 31
0.0
  0
LINE
  5
2AB
330
70
100
AcDbEntity
  8
0
 62
     7
370
    25
100
AcDbLine
 10
45.530491883547
 20
324.9339798725705
 30
0.0
 11
45.530491883547
 21
321.8113058171706
 31
0.0
  0
LINE
  5
2AC
330
70
100
AcDbEntity
  8
0
 62
     7
370
    25
100
AcDbLine
 10
44.63049188354728
 20
319.7081641922711
 30
0.0
 11
44.63049188354728
 21
320.068102681471
 31
0.0
  0
LINE
  5
2AD
330
70
100
AcDbEntity
  8
0
 62
     7
370
    25
100
AcDbLine
 10
41.33049188354749
 20
319.7081641922711
 30
0.0
 11
41.33049188354749
 21
327.1533325675708
 31
0.0
  0
LINE
  5
2AE
330
70
100
AcDbEntity
  8
0
 62
     7
370
    25
100
AcDbLine
 10
41.32049188354746
 20
278.9277776911707
 30
0.0
 11
41.32049188354746
 21
312.2902457968708
 31
0.0
  0
LINE
  5
2AF
330
70
100
AcDbEntity
  8
0
 62
     7
370
    25
100
AcDbLine
 10
41.32049188354746
 20
327.1672064515706
 30
0.0
 11
41.32049188354746
 21
363.9277776911705
 31
0.0
  0
LINE
  5
2B0
330
70
100
AcDbEntity
  8
0
 62
     7
370
    25
100
AcDbLine
 10
41.03049188354716
 20
279.027777691171
 30
0.0
 11
41.03049188354716
 21
312.2902457968708
 31
0.0
  0
LINE
  5
2B1
330
70
100
AcDbEntity
  8
0
 62
     7
370
    25
100
AcDbLine
 10
41.03049188354716
 20
327.8827606973711
 30
0.0
 11
41.03049188354716
 21
363.8277776911708
 31
0.0
  0
LINE
  5
2B2
330
70
100
AcDbEntity
  8
0
 62
     7
370
    25
100
AcDbLine
 10
40.83049188354715
 20
279.2277776911711
 30
0.0
 11
40.83049188354715
 21
312.2902457968708
 31
0.0
  0
LINE
  5
2B3
330
70
100
AcDbEntity
  8
0
 62
     7
370
    25
100
AcDbLine
 10
40.83049188354715
 20
319.7081641922711
 30
0.0
 11
40.83049188354715
 21
320.3408777514708
 31
0.0
  0
LINE
  5
2B4
330
70
100
AcDbEntity
  8
0
 62
     7
370
    25
100
AcDbLine
 10
40.83049188354715
 20
322.5146776308711
 30
0.0
 11
40.83049188354715
 21
363.6277776911708
 31
0.0
  0
LINE
  5
2B5
330
70
100
AcDbEntity
  8
0
 62
     7
370
    25
100
AcDbLine
 10
37.03049188354702
 20
320.068102681471
 30
0.0
 11
37.03049188354702
 21
319.7081641922711
 31
0.0
  0
LINE
  5
2B6
330
70
100
AcDbEntity
  8
0
 62
     7
370
    25
100
AcDbLine
 10
36.13049188354731
 20
324.9339798725705
 30
0.0
 11
36.13049188354731
 21
321.8113058171706
 31
0.0
  0
LINE
  5
2B7
330
70
100
AcDbEntity
  8
0
 62
     7
370
    25
100
AcDbLine
 10
35.33049188354728
 20
325.3369779038706
 30
0.0
 11
35.33049188354728
 21
325.257099224271
 31
0.0
  0
LINE
  5
2B8
330
70
100
AcDbEntity
  8
0
 62
     7
370
    25
100
AcDbLine
 10
34.93049188354726
 20
319.7081641922711
 30
0.0
 11
34.93049188354726
 21
320.068102681471
 31
0.0
  0
LINE
  5
2B9
330
70
100
AcDbEntity
  8
0
 62
     7
370
    25
100
AcDbLine
 10
34.73049188354726
 20
320.068102681471
 30
0.0
 11
34.73049188354726
 21
319.7081641922711
 31
0.0
  0
LINE
  5
2BA
330
70
100
AcDbEntity
  8
0
 62
     7
370
    25
100
AcDbLine
 10
34.32215870594697
 20
324.4996642239705
 30
0.0
 11
34.32215870594697
 21
324.7955540631711
 31
0.0
  0
LINE
  5
2BB
330
70
100
AcDbEntity
  8
0
 62
     7
370
    25
100
AcDbLine
 10
34.24049188354695
 20
323.8192937853707
 30
0.0
 11
34.24049188354695
 21
324.1151836244706
 31
0.0
  0
LINE
  5
2BC
330
70
100
AcDbEntity
  8
0
 62
     7
370
    25
100
AcDbLine
 10
34.13049188354724
 20
325.3918150730706
 30
0.0
 11
34.13049188354724
 21
325.257099224271
 31
0.0
  0
LINE
  5
2BD
330
70
100
AcDbEntity
  8
0
 62
     7
370
    25
100
AcDbLine
 10
33.70965847234696
 20
323.0314964511706
 30
0.0
 11
33.70965847234696
 21
323.9003298334707
 31
0.0
  0
LINE
  5
2BE
330
70
100
AcDbEntity
  8
0
 62
     7
370
    25
100
AcDbLine
 10
33.70965847234696
 20
324.1151836244706
 30
0.0
 11
33.70965847234696
 21
324.5807002720705
 31
0.0
  0
LINE
  5
2BF
330
70
100
AcDbEntity
  8
0
 62
     7
370
    25
100
AcDbLine
 10
33.58715847234753
 20
323.0314964511706
 30
0.0
 11
33.58715847234753
 21
324.7955540631711
 31
0.0
  0
LINE
  5
2C0
330
70
100
AcDbEntity
  8
0
 62
     7
370
    25
100
AcDbLine
 10
33.43049188354753
 20
319.7081641922711
 30
0.0
 11
33.43049188354753
 21
320.068102681471
 31
0.0
  0
LINE
  5
2C1
330
70
100
AcDbEntity
  8
0
 62
     7
370
    25
100
AcDbLine
 10
33.42382529474739
 20
324.4996642239705
 30
0.0
 11
33.42382529474739
 21
324.7955540631711
 31
0.0
  0
LINE
  5
2C2
330
70
100
AcDbEntity
  8
0
 62
     7
370
    25
100
AcDbLine
 10
33.34215847234737
 20
323.8192937853707
 30
0.0
 11
33.34215847234737
 21
324.1151836244706
 31
0.0
  0
LINE
  5
2C3
330
70
100
AcDbEntity
  8
0
 62
     7
370
    25
100
AcDbLine
 10
33.23049188354752
 20
320.068102681471
 30
0.0
 11
33.23049188354752
 21
319.7081641922711
 31
0.0
  0
LINE
  5
2C4
330
70
100
AcDbEntity
  8
0
 62
     7
370
    25
100
AcDbLine
 10
32.811325294747
 20
323.0314964511706
 30
0.0
 11
32.811325294747
 21
323.9003298334707
 31
0.0
  0
LINE
  5
2C5
330
70
100
AcDbEntity
  8
0
 62
     7
370
    25
100
AcDbLine
 10
32.811325294747
 20
324.1151836244706
 30
0.0
 11
32.811325294747
 21
324.5807002720705
 31
0.0
  0
LINE
  5
2C6
330
70
100
AcDbEntity
  8
0
 62
     7
370
    25
100
AcDbLine
 10
32.72049188354716
 20
319.7099694403706
 30
0.0
 11
32.72049188354716
 21
320.068102681471
 31
0.0
  0
LINE
  5
2C7
330
70
100
AcDbEntity
  8
0
 62
     7
370
    25
100
AcDbLine
 10
32.68882529474757
 20
323.0314964511706
 30
0.0
 11
32.68882529474757
 21
324.7955540631711
 31
0.0
  0
LINE
  5
2C8
330
70
100
AcDbEntity
  8
0
 62
     7
370
    25
100
AcDbLine
 10
32.52549188354716
 20
323.6044399441707
 30
0.0
 11
32.52549188354716
 21
324.2226105199709
 31
0.0
  0
LINE
  5
2C9
330
70
100
AcDbEntity
  8
0
 62
     7
370
    25
100
AcDbLine
 10
32.52049188354714
 20
320.068102681471
 30
0.0
 11
32.52049188354714
 21
319.7099694403706
 31
0.0
  0
LINE
  5
2CA
330
70
100
AcDbEntity
  8
0
 62
     7
370
    25
100
AcDbLine
 10
32.50507529474714
 20
323.4253951182707
 30
0.0
 11
32.50507529474714
 21
323.5064311663707
 31
0.0
  0
LINE
  5
2CB
330
70
100
AcDbEntity
  8
0
 62
     7
370
    25
100
AcDbLine
 10
32.46424188354744
 20
323.2821592324711
 30
0.0
 11
32.46424188354744
 21
323.3631952805711
 31
0.0
  0
LINE
  5
2CC
330
70
100
AcDbEntity
  8
0
 62
     7
370
    25
100
AcDbLine
 10
32.40299188354709
 20
324.2226105199709
 30
0.0
 11
32.40299188354709
 21
323.6854759921707
 31
0.0
  0
LINE
  5
2CD
330
70
100
AcDbEntity
  8
0
 62
     7
370
    25
100
AcDbLine
 10
32.38257529474706
 20
323.1389233592706
 30
0.0
 11
32.38257529474706
 21
323.2199594072706
 31
0.0
  0
LINE
  5
2CE
330
70
100
AcDbEntity
  8
0
 62
     7
370
    25
100
AcDbLine
 10
32.38257529474706
 20
324.2848103326705
 30
0.0
 11
32.38257529474706
 21
324.365846380671
 31
0.0
  0
LINE
  5
2CF
330
70
100
AcDbEntity
  8
0
 62
     7
370
    25
100
AcDbLine
 10
32.34174188354737
 20
324.3922373284708
 30
0.0
 11
32.34174188354737
 21
324.4732733765709
 31
0.0
  0
LINE
  5
2D0
330
70
100
AcDbEntity
  8
0
 62
     7
370
    25
100
AcDbLine
 10
32.30090847234704
 20
323.0673054194706
 30
0.0
 11
32.30090847234704
 21
323.1483414675706
 31
0.0
  0
LINE
  5
2D1
330
70
100
AcDbEntity
  8
0
 62
     7
370
    25
100
AcDbLine
 10
32.28049188354701
 20
324.4638552588707
 30
0.0
 11
32.28049188354701
 21
324.5448913068706
 31
0.0
  0
LINE
  5
2D2
330
70
100
AcDbEntity
  8
0
 62
     7
370
    25
100
AcDbLine
 10
32.19882529474727
 20
323.0314964511706
 30
0.0
 11
32.19882529474727
 21
323.1125324992706
 31
0.0
  0
LINE
  5
2D3
330
70
100
AcDbEntity
  8
0
 62
     7
370
    25
100
AcDbLine
 10
32.19882529474727
 20
324.4996642239705
 30
0.0
 11
32.19882529474727
 21
324.5807002720705
 31
0.0
  0
LINE
  5
2D4
330
70
100
AcDbEntity
  8
0
 62
     7
370
    25
100
AcDbLine
 10
32.0354918835475
 20
323.0314964511706
 30
0.0
 11
32.0354918835475
 21
323.1125324992706
 31
0.0
  0
LINE
  5
2D5
330
70
100
AcDbEntity
  8
0
 62
     7
370
    25
100
AcDbLine
 10
32.0354918835475
 20
324.4996642239705
 30
0.0
 11
32.0354918835475
 21
324.5807002720705
 31
0.0
  0
LINE
  5
2D6
330
70
100
AcDbEntity
  8
0
 62
     7
370
    25
100
AcDbLine
 10
31.95382529474711
 20
324.4638552588707
 30
0.0
 11
31.95382529474711
 21
324.5448913068706
 31
0.0
  0
LINE
  5
2D7
330
70
100
AcDbEntity
  8
0
 62
     7
370
    25
100
AcDbLine
 10
31.93340847234745
 20
323.0673054194706
 30
0.0
 11
31.93340847234745
 21
323.1483414675706
 31
0.0
  0
LINE
  5
2D8
330
70
100
AcDbEntity
  8
0
 62
     7
370
    25
100
AcDbLine
 10
31.92049188354713
 20
319.7099694403706
 30
0.0
 11
31.92049188354713
 21
320.068102681471
 31
0.0
  0
LINE
  5
2D9
330
70
100
AcDbEntity
  8
0
 62
     7
370
    25
100
AcDbLine
 10
31.89257529474739
 20
324.3922373284708
 30
0.0
 11
31.89257529474739
 21
324.4732733765709
 31
0.0
  0
LINE
  5
2DA
330
70
100
AcDbEntity
  8
0
 62
     7
370
    25
100
AcDbLine
 10
30.46340853074692
 20
323.8287119030709
 30
0.0
 11
30.44299188354715
 21
323.6138580618709
 31
0.0
  0
LINE
  5
2DB
330
70
100
AcDbEntity
  8
0
 62
     7
370
    25
100
AcDbLine
 10
29.93257521444716
 20
323.9983386112708
 30
0.0
 11
29.95299188354748
 21
324.2131924022707
 31
0.0
  0
LINE
  5
2DC
330
70
100
AcDbEntity
  8
0
 62
     7
370
    25
100
AcDbLine
 10
29.93257521444716
 20
324.0793746592707
 30
0.0
 11
29.95299188354748
 21
324.2942284503707
 31
0.0
  0
LINE
  5
2DD
330
70
100
AcDbEntity
  8
0
 62
     7
370
    25
100
AcDbLine
 10
32.50507529474714
 20
323.4253951182707
 30
0.0
 11
32.52549188354716
 21
323.6044399441707
 31
0.0
  0
LINE
  5
2DE
330
70
100
AcDbEntity
  8
0
 62
     7
370
    25
100
AcDbLine
 10
32.50507529474714
 20
323.5064311663707
 30
0.0
 11
32.52549188354716
 21
323.6854759921707
 31
0.0
  0
LINE
  5
2DF
330
70
100
AcDbEntity
  8
0
 62
     7
370
    25
100
AcDbLine
 10
31.72924188354699
 20
324.401655446171
 30
0.0
 11
31.70882517794746
 21
324.2226105199709
 31
0.0
  0
LINE
  5
2E0
330
70
100
AcDbEntity
  8
0
 62
     7
370
    25
100
AcDbLine
 10
30.54507523634745
 20
323.532822013771
 30
0.0
 11
30.56549188354722
 21
323.7118668898712
 31
0.0
  0
LINE
  5
2E1
330
70
100
AcDbEntity
  8
0
 62
     7
370
    25
100
AcDbLine
 10
30.54507523634745
 20
323.6138580618709
 30
0.0
 11
30.56549188354722
 21
323.792902937871
 31
0.0
  0
LINE
  5
2E2
330
70
100
AcDbEntity
  8
0
 62
     7
370
    25
100
AcDbLine
 10
29.85090855084712
 20
324.2942284503707
 30
0.0
 11
29.83049188354741
 21
324.1151836244706
 31
0.0
  0
LINE
  5
2E3
330
70
100
AcDbEntity
  8
0
 62
     7
370
    25
100
AcDbLine
 10
32.40299188354709
 20
323.6854759921707
 30
0.0
 11
32.38257529474706
 21
323.5422401314711
 31
0.0
  0
LINE
  5
2E4
330
70
100
AcDbEntity
  8
0
 62
     7
370
    25
100
AcDbLine
 10
31.83132529474703
 20
324.141574471971
 30
0.0
 11
31.85174188354706
 21
324.2848103326705
 31
0.0
  0
LINE
  5
2E5
330
70
100
AcDbEntity
  8
0
 62
     7
370
    25
100
AcDbLine
 10
31.83132529474703
 20
324.2226105199709
 30
0.0
 11
31.85174188354706
 21
324.365846380671
 31
0.0
  0
LINE
  5
2E6
330
70
100
AcDbEntity
  8
0
 62
     7
370
    25
100
AcDbLine
 10
30.52465853074728
 20
323.4253951182707
 30
0.0
 11
30.54507523634745
 21
323.532822013771
 31
0.0
  0
LINE
  5
2E7
330
70
100
AcDbEntity
  8
0
 62
     7
370
    25
100
AcDbLine
 10
30.52465853074728
 20
323.5064311663707
 30
0.0
 11
30.54507523634745
 21
323.6138580618709
 31
0.0
  0
LINE
  5
2E8
330
70
100
AcDbEntity
  8
0
 62
     7
370
    25
100
AcDbLine
 10
29.87132521804737
 20
324.401655446171
 30
0.0
 11
29.85090855084712
 21
324.2942284503707
 31
0.0
  0
LINE
  5
2E9
330
70
100
AcDbEntity
  8
0
 62
     7
370
    25
100
AcDbLine
 10
32.46424188354744
 20
323.2821592324711
 30
0.0
 11
32.50507529474714
 21
323.4253951182707
 31
0.0
  0
LINE
  5
2EA
330
70
100
AcDbEntity
  8
0
 62
     7
370
    25
100
AcDbLine
 10
32.46424188354744
 20
323.3631952805711
 30
0.0
 11
32.50507529474714
 21
323.5064311663707
 31
0.0
  0
LINE
  5
2EB
330
70
100
AcDbEntity
  8
0
 62
     7
370
    25
100
AcDbLine
 10
31.77007517794718
 20
324.5448913068706
 30
0.0
 11
31.72924188354699
 21
324.401655446171
 31
0.0
  0
LINE
  5
2EC
330
70
100
AcDbEntity
  8
0
 62
     7
370
    25
100
AcDbLine
 10
30.48382523634709
 20
323.2821592324711
 30
0.0
 11
30.52465853074728
 21
323.4253951182707
 31
0.0
  0
LINE
  5
2ED
330
70
100
AcDbEntity
  8
0
 62
     7
370
    25
100
AcDbLine
 10
30.48382523634709
 20
323.3631952805711
 30
0.0
 11
30.52465853074728
 21
323.5064311663707
 31
0.0
  0
LINE
  5
2EE
330
70
100
AcDbEntity
  8
0
 62
     7
370
    25
100
AcDbLine
 10
29.91215855264745
 20
324.5448913068706
 30
0.0
 11
29.87132521804737
 21
324.401655446171
 31
0.0
  0
LINE
  5
2EF
330
70
100
AcDbEntity
  8
0
 62
     7
370
    25
100
AcDbLine
 10
32.38257529474706
 20
323.5422401314711
 30
0.0
 11
32.34174188354737
 21
323.4348132359709
 31
0.0
  0
LINE
  5
2F0
330
70
100
AcDbEntity
  8
0
 62
     7
370
    25
100
AcDbLine
 10
31.85174188354706
 20
324.2848103326705
 30
0.0
 11
31.89257529474739
 21
324.3922373284708
 31
0.0
  0
LINE
  5
2F1
330
70
100
AcDbEntity
  8
0
 62
     7
370
    25
100
AcDbLine
 10
31.85174188354706
 20
324.365846380671
 30
0.0
 11
31.89257529474739
 21
324.4732733765709
 31
0.0
  0
LINE
  5
2F2
330
70
100
AcDbEntity
  8
0
 62
     7
370
    25
100
AcDbLine
 10
30.44299188354715
 20
323.6138580618709
 30
0.0
 11
30.36132523634701
 21
323.3990042457711
 31
0.0
  0
LINE
  5
2F3
330
70
100
AcDbEntity
  8
0
 62
     7
370
    25
100
AcDbLine
 10
29.95299188354748
 20
324.2131924022707
 30
0.0
 11
30.03465854534691
 21
324.4280462936708
 31
0.0
  0
LINE
  5
2F4
330
70
100
AcDbEntity
  8
0
 62
     7
370
    25
100
AcDbLine
 10
29.95299188354748
 20
324.2942284503707
 30
0.0
 11
30.03465854534691
 21
324.5090823417708
 31
0.0
  0
LINE
  5
2F5
330
70
100
AcDbEntity
  8
0
 62
     7
370
    25
100
AcDbLine
 10
29.9734085453472
 20
324.652318202471
 30
0.0
 11
29.91215855264745
 21
324.5448913068706
 31
0.0
  0
LINE
  5
2F6
330
70
100
AcDbEntity
  8
0
 62
     7
370
    25
100
AcDbLine
 10
50.43205302954731
 20
356.6878774809709
 30
0.0
 11
51.3512918450473
 21
357.7485376527708
 31
0.0
  0
LINE
  5
2F7
330
70
100
AcDbEntity
  8
0
 62
     7
370
    25
100
AcDbLine
 10
48.62893073754695
 20
355.167597901471
 30
0.0
 11
47.7096919219475
 21
354.106937729671
 31
0.0
  0
LINE
  5
2F8
330
70
100
AcDbEntity
  8
0
 62
     7
370
    25
100
AcDbLine
 10
50.43205302954731
 20
355.167597901471
 30
0.0
 11
50.32613736884705
 21
355.0616822407707
 31
0.0
  0
LINE
  5
2F9
330
70
100
AcDbEntity
  8
0
 62
     7
370
    25
100
AcDbLine
 10
48.62893073754695
 20
356.6878774809709
 30
0.0
 11
48.73422650854706
 21
356.793173251971
 31
0.0
  0
LINE
  5
2FA
330
70
100
AcDbEntity
  8
0
 62
     7
370
    25
100
AcDbLine
 10
47.7096919219475
 20
354.106937729671
 30
0.0
 11
48.71647499194706
 21
354.9794830569707
 31
0.0
  0
LINE
  5
2FB
330
70
100
AcDbEntity
  8
0
 62
     7
370
    25
100
AcDbLine
 10
51.3512918450473
 20
357.7485376527708
 30
0.0
 11
50.35899448224747
 21
356.8885466049708
 31
0.0
  0
LINE
  5
2FC
330
70
100
AcDbEntity
  8
0
 62
     7
370
    25
100
AcDbLine
 10
33.88045527994747
 20
325.257099224271
 30
0.0
 11
34.13049188354724
 21
325.391148680471
 31
0.0
  0
LINE
  5
2FD
330
70
100
AcDbEntity
  8
0
 62
     7
370
    25
100
AcDbLine
 10
32.28049188354701
 20
323.3631952805711
 30
0.0
 11
32.19882529474727
 21
323.3273863153706
 31
0.0
  0
LINE
  5
2FE
330
70
100
AcDbEntity
  8
0
 62
     7
370
    25
100
AcDbLine
 10
31.95382529474711
 20
324.4638552588707
 30
0.0
 11
32.0354918835475
 21
324.4996642239705
 31
0.0
  0
LINE
  5
2FF
330
70
100
AcDbEntity
  8
0
 62
     7
370
    25
100
AcDbLine
 10
31.95382529474711
 20
324.5448913068706
 30
0.0
 11
32.0354918835475
 21
324.5807002720705
 31
0.0
  0
LINE
  5
300
330
70
100
AcDbEntity
  8
0
 62
     7
370
    25
100
AcDbLine
 10
49.59882529474723
 20
323.0314964511706
 30
0.0
 11
49.70090847234701
 21
323.0673054194706
 31
0.0
  0
LINE
  5
301
330
70
100
AcDbEntity
  8
0
 62
     7
370
    25
100
AcDbLine
 10
49.59882529474723
 20
323.1125324992706
 30
0.0
 11
49.70090847234701
 21
323.1483414675706
 31
0.0
  0
LINE
  5
302
330
70
100
AcDbEntity
  8
0
 62
     7
370
    25
100
AcDbLine
 10
47.70007520714739
 20
323.3273863153706
 30
0.0
 11
47.59799188354697
 21
323.2915773501706
 31
0.0
  0
LINE
  5
303
330
70
100
AcDbEntity
  8
0
 62
     7
370
    25
100
AcDbLine
 10
49.43549188354747
 20
324.7955540631711
 30
0.0
 11
49.33340847234742
 21
324.7597450979705
 31
0.0
  0
LINE
  5
304
330
70
100
AcDbEntity
  8
0
 62
     7
370
    25
100
AcDbLine
 10
47.49590855994718
 20
324.4996642239705
 30
0.0
 11
47.59799188354697
 21
324.5354731891711
 31
0.0
  0
LINE
  5
305
330
70
100
AcDbEntity
  8
0
 62
     7
370
    25
100
AcDbLine
 10
47.49590855994718
 20
324.5807002720705
 30
0.0
 11
47.59799188354697
 21
324.616509237271
 31
0.0
  0
LINE
  5
306
330
70
100
AcDbEntity
  8
0
 62
     7
370
    25
100
AcDbLine
 10
32.19882529474727
 20
323.0314964511706
 30
0.0
 11
32.30090847234704
 21
323.0673054194706
 31
0.0
  0
LINE
  5
307
330
70
100
AcDbEntity
  8
0
 62
     7
370
    25
100
AcDbLine
 10
32.19882529474727
 20
323.1125324992706
 30
0.0
 11
32.30090847234704
 21
323.1483414675706
 31
0.0
  0
LINE
  5
308
330
70
100
AcDbEntity
  8
0
 62
     7
370
    25
100
AcDbLine
 10
30.30007520714742
 20
323.3273863153706
 30
0.0
 11
30.197991883547
 21
323.2915773501706
 31
0.0
  0
LINE
  5
309
330
70
100
AcDbEntity
  8
0
 62
     7
370
    25
100
AcDbLine
 10
32.0354918835475
 20
324.7955540631711
 30
0.0
 11
31.93340847234745
 21
324.7597450979705
 31
0.0
  0
LINE
  5
30A
330
70
100
AcDbEntity
  8
0
 62
     7
370
    25
100
AcDbLine
 10
30.09590855994721
 20
324.4996642239705
 30
0.0
 11
30.197991883547
 21
324.5354731891711
 31
0.0
  0
LINE
  5
30B
330
70
100
AcDbEntity
  8
0
 62
     7
370
    25
100
AcDbLine
 10
30.09590855994721
 20
324.5807002720705
 30
0.0
 11
30.197991883547
 21
324.616509237271
 31
0.0
  0
LINE
  5
30C
330
70
100
AcDbEntity
  8
0
 62
     7
370
    25
100
AcDbLine
 10
64.99799188354694
 20
324.7955540631711
 30
0.0
 11
64.8754918835475
 21
324.7597450979705
 31
0.0
  0
LINE
  5
30D
330
70
100
AcDbEntity
  8
0
 62
     7
370
    25
100
AcDbLine
 10
47.59799188354697
 20
323.0314964511706
 30
0.0
 11
47.72049188354704
 21
323.0673054194706
 31
0.0
  0
LINE
  5
30E
330
70
100
AcDbEntity
  8
0
 62
     7
370
    25
100
AcDbLine
 10
47.59799188354697
 20
323.1125324992706
 30
0.0
 11
47.72049188354704
 21
323.1483414675706
 31
0.0
  0
LINE
  5
30F
330
70
100
AcDbEntity
  8
0
 62
     7
370
    25
100
AcDbLine
 10
47.59799188354697
 20
324.7955540631711
 30
0.0
 11
47.47549188354753
 21
324.7597450979705
 31
0.0
  0
LINE
  5
310
330
70
100
AcDbEntity
  8
0
 62
     7
370
    25
100
AcDbLine
 10
30.197991883547
 20
323.0314964511706
 30
0.0
 11
30.32049188354707
 21
323.0673054194706
 31
0.0
  0
LINE
  5
311
330
70
100
AcDbEntity
  8
0
 62
     7
370
    25
100
AcDbLine
 10
30.197991883547
 20
323.1125324992706
 30
0.0
 11
30.32049188354707
 21
323.1483414675706
 31
0.0
  0
LINE
  5
312
330
70
100
AcDbEntity
  8
0
 62
     7
370
    25
100
AcDbLine
 10
30.197991883547
 20
324.7955540631711
 30
0.0
 11
30.07549188354756
 21
324.7597450979705
 31
0.0
  0
LINE
  5
313
330
70
100
AcDbEntity
  8
0
 62
     7
370
    25
100
AcDbLine
 10
82.03001953324731
 20
325.5518576085706
 30
0.0
 11
81.82762795864709
 21
325.5273460882711
 31
0.0
  0
LINE
  5
314
330
70
100
AcDbEntity
  8
0
 62
     7
370
    25
100
AcDbLine
 10
91.33049188354732
 20
315.3455958005711
 30
0.0
 11
92.23049188354705
 21
315.3455958005711
 31
0.0
  0
LINE
  5
315
330
70
100
AcDbEntity
  8
0
 62
     7
370
    25
100
AcDbLine
 10
24.53049188354754
 20
315.4535160723706
 30
0.0
 11
23.92049188354748
 21
315.4535160723706
 31
0.0
  0
LINE
  5
316
330
70
100
AcDbEntity
  8
0
 62
     7
370
    25
100
AcDbLine
 10
23.92049188354748
 20
315.5454277895707
 30
0.0
 11
23.87950138234705
 21
315.5454277895707
 31
0.0
  0
LINE
  5
317
330
70
100
AcDbEntity
  8
0
 62
     7
370
    25
100
AcDbLine
 10
92.23049188354705
 20
316.1641762423708
 30
0.0
 11
91.33049188354732
 21
316.1641762423708
 31
0.0
  0
LINE
  5
318
330
70
100
AcDbEntity
  8
0
 62
     7
370
    25
100
AcDbLine
 10
90.23049188354697
 20
318.2049915198705
 30
0.0
 11
24.53049188354754
 21
318.2049915198705
 31
0.0
  0
LINE
  5
319
330
70
100
AcDbEntity
  8
0
 62
     3
370
    25
100
AcDbLine
 10
26.6304918835473
 20
318.362139165271
 30
0.0
 11
27.63049188354733
 21
318.362139165271
 31
0.0
  0
LINE
  5
31A
330
70
100
AcDbEntity
  8
0
 62
     3
370
    25
100
AcDbLine
 10
29.6304918835474
 20
318.362139165271
 30
0.0
 11
30.63049188354744
 21
318.362139165271
 31
0.0
  0
LINE
  5
31B
330
70
100
AcDbEntity
  8
0
 62
     3
370
    25
100
AcDbLine
 10
80.63049188354728
 20
318.362139165271
 30
0.0
 11
81.63049188354731
 21
318.362139165271
 31
0.0
  0
LINE
  5
31C
330
70
100
AcDbEntity
  8
0
 62
     3
370
    25
100
AcDbLine
 10
84.13049188354708
 20
318.362139165271
 30
0.0
 11
85.13049188354711
 21
318.362139165271
 31
0.0
  0
LINE
  5
31D
330
70
100
AcDbEntity
  8
0
 62
     7
370
    25
100
AcDbLine
 10
29.6304918835474
 20
318.4967416679708
 30
0.0
 11
27.63049188354733
 21
318.4967416679708
 31
0.0
  0
LINE
  5
31E
330
70
100
AcDbEntity
  8
0
 62
     7
370
    25
100
AcDbLine
 10
84.13049188354708
 20
318.5303922936708
 30
0.0
 11
81.63049188354731
 21
318.5303922936708
 31
0.0
  0
LINE
  5
31F
330
70
100
AcDbEntity
  8
0
 62
     3
370
    25
100
AcDbLine
 10
29.6304918835474
 20
318.8091843540706
 30
0.0
 11
27.63049188354733
 21
318.8091843540706
 31
0.0
  0
LINE
  5
320
330
70
100
AcDbEntity
  8
0
 62
     3
370
    25
100
AcDbLine
 10
84.13049188354708
 20
318.8428349796705
 30
0.0
 11
81.63049188354731
 21
318.8428349796705
 31
0.0
  0
LINE
  5
321
330
70
100
AcDbEntity
  8
0
 62
     7
370
    25
100
AcDbLine
 10
91.03049188354701
 20
319.0074760401707
 30
0.0
 11
90.23049188354697
 21
319.0074760401707
 31
0.0
  0
LINE
  5
322
330
70
100
AcDbEntity
  8
0
 62
     3
370
    25
100
AcDbLine
 10
90.23049188354697
 20
319.7081641922711
 30
0.0
 11
85.13049188354711
 21
319.7081641922711
 31
0.0
  0
LINE
  5
323
330
70
100
AcDbEntity
  8
0
 62
     3
370
    25
100
AcDbLine
 10
80.63049188354728
 20
319.7081641922711
 30
0.0
 11
30.63049188354744
 21
319.7081641922711
 31
0.0
  0
LINE
  5
324
330
70
100
AcDbEntity
  8
0
 62
     3
370
    25
100
AcDbLine
 10
26.6304918835473
 20
319.7081641922711
 30
0.0
 11
24.53049188354754
 21
319.7081641922711
 31
0.0
  0
LINE
  5
325
330
70
100
AcDbEntity
  8
0
 62
     7
370
    25
100
AcDbLine
 10
28.62049188354733
 20
320.0196285708705
 30
0.0
 11
28.82049188354734
 21
320.0196285708705
 31
0.0
  0
LINE
  5
326
330
70
100
AcDbEntity
  8
0
 62
     7
370
    25
100
AcDbLine
 10
29.72049188354705
 20
320.0196285708705
 30
0.0
 11
29.92049188354706
 21
320.0196285708705
 31
0.0
  0
LINE
  5
327
330
70
100
AcDbEntity
  8
0
 62
     7
370
    25
100
AcDbLine
 10
31.72049188354712
 20
320.0196285708705
 30
0.0
 11
31.92049188354713
 21
320.0196285708705
 31
0.0
  0
LINE
  5
328
330
70
100
AcDbEntity
  8
0
 62
     7
370
    25
100
AcDbLine
 10
32.52049188354714
 20
320.0196285708705
 30
0.0
 11
32.72049188354716
 21
320.0196285708705
 31
0.0
  0
LINE
  5
329
330
70
100
AcDbEntity
  8
0
 62
     7
370
    25
100
AcDbLine
 10
33.23049188354752
 20
320.0196285708705
 30
0.0
 11
33.43049188354753
 21
320.0196285708705
 31
0.0
  0
LINE
  5
32A
330
70
100
AcDbEntity
  8
0
 62
     7
370
    25
100
AcDbLine
 10
34.73049188354726
 20
320.0196285708705
 30
0.0
 11
34.93049188354726
 21
320.0196285708705
 31
0.0
  0
LINE
  5
32B
330
70
100
AcDbEntity
  8
0
 62
     7
370
    25
100
AcDbLine
 10
46.0204918835473
 20
320.0196285708705
 30
0.0
 11
46.22049188354731
 21
320.0196285708705
 31
0.0
  0
LINE
  5
32C
330
70
100
AcDbEntity
  8
0
 62
     7
370
    25
100
AcDbLine
 10
47.12049188354701
 20
320.0196285708705
 30
0.0
 11
47.32049188354703
 21
320.0196285708705
 31
0.0
  0
LINE
  5
32D
330
70
100
AcDbEntity
  8
0
 62
     7
370
    25
100
AcDbLine
 10
49.12049188354709
 20
320.0196285708705
 30
0.0
 11
49.3204918835471
 21
320.0196285708705
 31
0.0
  0
LINE
  5
32E
330
70
100
AcDbEntity
  8
0
 62
     7
370
    25
100
AcDbLine
 10
49.92049188354712
 20
320.0196285708705
 30
0.0
 11
50.12049188354712
 21
320.0196285708705
 31
0.0
  0
LINE
  5
32F
330
70
100
AcDbEntity
  8
0
 62
     7
370
    25
100
AcDbLine
 10
50.63049188354749
 20
320.0196285708705
 30
0.0
 11
50.8304918835475
 21
320.0196285708705
 31
0.0
  0
LINE
  5
330
330
70
100
AcDbEntity
  8
0
 62
     7
370
    25
100
AcDbLine
 10
52.13049188354723
 20
320.0196285708705
 30
0.0
 11
52.33049188354724
 21
320.0196285708705
 31
0.0
  0
LINE
  5
331
330
70
100
AcDbEntity
  8
0
 62
     7
370
    25
100
AcDbLine
 10
63.42049188354728
 20
320.0196285708705
 30
0.0
 11
63.62049188354728
 21
320.0196285708705
 31
0.0
  0
LINE
  5
332
330
70
100
AcDbEntity
  8
0
 62
     7
370
    25
100
AcDbLine
 10
64.52049188354699
 20
320.0196285708705
 30
0.0
 11
64.720491883547
 21
320.0196285708705
 31
0.0
  0
LINE
  5
333
330
70
100
AcDbEntity
  8
0
 62
     7
370
    25
100
AcDbLine
 10
66.52049188354706
 20
320.0196285708705
 30
0.0
 11
66.72049188354707
 21
320.0196285708705
 31
0.0
  0
LINE
  5
334
330
70
100
AcDbEntity
  8
0
 62
     7
370
    25
100
AcDbLine
 10
67.32049188354709
 20
320.0196285708705
 30
0.0
 11
67.5204918835471
 21
320.0196285708705
 31
0.0
  0
LINE
  5
335
330
70
100
AcDbEntity
  8
0
 62
     7
370
    25
100
AcDbLine
 10
68.03049188354747
 20
320.0196285708705
 30
0.0
 11
68.23049188354747
 21
320.0196285708705
 31
0.0
  0
LINE
  5
336
330
70
100
AcDbEntity
  8
0
 62
     7
370
    25
100
AcDbLine
 10
69.5304918835472
 20
320.0196285708705
 30
0.0
 11
69.73049188354721
 21
320.0196285708705
 31
0.0
  0
LINE
  5
337
330
70
100
AcDbEntity
  8
0
 62
     7
370
    25
100
AcDbLine
 10
80.82049188354725
 20
320.0196285708705
 30
0.0
 11
81.02049188354724
 21
320.0196285708705
 31
0.0
  0
LINE
  5
338
330
70
100
AcDbEntity
  8
0
 62
     7
370
    25
100
AcDbLine
 10
81.92049188354697
 20
320.0196285708705
 30
0.0
 11
82.12049188354697
 21
320.0196285708705
 31
0.0
  0
LINE
  5
339
330
70
100
AcDbEntity
  8
0
 62
     7
370
    25
100
AcDbLine
 10
83.92049188354702
 20
320.0196285708705
 30
0.0
 11
84.12049188354705
 21
320.0196285708705
 31
0.0
  0
LINE
  5
33A
330
70
100
AcDbEntity
  8
0
 62
     7
370
    25
100
AcDbLine
 10
84.72049188354707
 20
320.0196285708705
 30
0.0
 11
84.92049188354707
 21
320.0196285708705
 31
0.0
  0
LINE
  5
33B
330
70
100
AcDbEntity
  8
0
 62
     7
370
    25
100
AcDbLine
 10
85.43049188354745
 20
320.0196285708705
 30
0.0
 11
85.63049188354744
 21
320.0196285708705
 31
0.0
  0
LINE
  5
33C
330
70
100
AcDbEntity
  8
0
 62
     7
370
    25
100
AcDbLine
 10
86.93049188354718
 20
320.0196285708705
 30
0.0
 11
87.13049188354718
 21
320.0196285708705
 31
0.0
  0
LINE
  5
33D
330
70
100
AcDbEntity
  8
0
 62
     7
370
    25
100
AcDbLine
 10
27.23049188354731
 20
320.068102681471
 30
0.0
 11
28.62049188354733
 21
320.068102681471
 31
0.0
  0
LINE
  5
33E
330
70
100
AcDbEntity
  8
0
 62
     7
370
    25
100
AcDbLine
 10
28.82049188354734
 20
320.068102681471
 30
0.0
 11
29.72049188354705
 21
320.068102681471
 31
0.0
  0
LINE
  5
33F
330
70
100
AcDbEntity
  8
0
 62
     7
370
    25
100
AcDbLine
 10
29.92049188354706
 20
320.068102681471
 30
0.0
 11
31.72049188354712
 21
320.068102681471
 31
0.0
  0
LINE
  5
340
330
70
100
AcDbEntity
  8
0
 62
     7
370
    25
100
AcDbLine
 10
31.92049188354713
 20
320.068102681471
 30
0.0
 11
32.52049188354714
 21
320.068102681471
 31
0.0
  0
LINE
  5
341
330
70
100
AcDbEntity
  8
0
 62
     7
370
    25
100
AcDbLine
 10
32.72049188354716
 20
320.068102681471
 30
0.0
 11
33.23049188354752
 21
320.068102681471
 31
0.0
  0
LINE
  5
342
330
70
100
AcDbEntity
  8
0
 62
     7
370
    25
100
AcDbLine
 10
33.43049188354753
 20
320.068102681471
 30
0.0
 11
34.73049188354726
 21
320.068102681471
 31
0.0
  0
LINE
  5
343
330
70
100
AcDbEntity
  8
0
 62
     7
370
    25
100
AcDbLine
 10
34.93049188354726
 20
320.068102681471
 30
0.0
 11
37.03049188354702
 21
320.068102681471
 31
0.0
  0
LINE
  5
344
330
70
100
AcDbEntity
  8
0
 62
     7
370
    25
100
AcDbLine
 10
44.63049188354728
 20
320.068102681471
 30
0.0
 11
46.0204918835473
 21
320.068102681471
 31
0.0
  0
LINE
  5
345
330
70
100
AcDbEntity
  8
0
 62
     7
370
    25
100
AcDbLine
 10
46.22049188354731
 20
320.068102681471
 30
0.0
 11
47.12049188354701
 21
320.068102681471
 31
0.0
  0
LINE
  5
346
330
70
100
AcDbEntity
  8
0
 62
     7
370
    25
100
AcDbLine
 10
47.32049188354703
 20
320.068102681471
 30
0.0
 11
49.12049188354709
 21
320.068102681471
 31
0.0
  0
LINE
  5
347
330
70
100
AcDbEntity
  8
0
 62
     7
370
    25
100
AcDbLine
 10
49.3204918835471
 20
320.068102681471
 30
0.0
 11
49.92049188354712
 21
320.068102681471
 31
0.0
  0
LINE
  5
348
330
70
100
AcDbEntity
  8
0
 62
     7
370
    25
100
AcDbLine
 10
50.12049188354712
 20
320.068102681471
 30
0.0
 11
50.63049188354749
 21
320.068102681471
 31
0.0
  0
LINE
  5
349
330
70
100
AcDbEntity
  8
0
 62
     7
370
    25
100
AcDbLine
 10
50.8304918835475
 20
320.068102681471
 30
0.0
 11
52.13049188354723
 21
320.068102681471
 31
0.0
  0
LINE
  5
34A
330
70
100
AcDbEntity
  8
0
 62
     7
370
    25
100
AcDbLine
 10
52.33049188354724
 20
320.068102681471
 30
0.0
 11
54.43049188354699
 21
320.068102681471
 31
0.0
  0
LINE
  5
34B
330
70
100
AcDbEntity
  8
0
 62
     7
370
    25
100
AcDbLine
 10
62.03049188354725
 20
320.068102681471
 30
0.0
 11
63.42049188354728
 21
320.068102681471
 31
0.0
  0
LINE
  5
34C
330
70
100
AcDbEntity
  8
0
 62
     7
370
    25
100
AcDbLine
 10
63.62049188354728
 20
320.068102681471
 30
0.0
 11
64.52049188354699
 21
320.068102681471
 31
0.0
  0
LINE
  5
34D
330
70
100
AcDbEntity
  8
0
 62
     7
370
    25
100
AcDbLine
 10
64.720491883547
 20
320.068102681471
 30
0.0
 11
66.52049188354706
 21
320.068102681471
 31
0.0
  0
LINE
  5
34E
330
70
100
AcDbEntity
  8
0
 62
     7
370
    25
100
AcDbLine
 10
66.72049188354707
 20
320.068102681471
 30
0.0
 11
67.32049188354709
 21
320.068102681471
 31
0.0
  0
LINE
  5
34F
330
70
100
AcDbEntity
  8
0
 62
     7
370
    25
100
AcDbLine
 10
67.5204918835471
 20
320.068102681471
 30
0.0
 11
68.03049188354747
 21
320.068102681471
 31
0.0
  0
LINE
  5
350
330
70
100
AcDbEntity
  8
0
 62
     7
370
    25
100
AcDbLine
 10
68.23049188354747
 20
320.068102681471
 30
0.0
 11
69.5304918835472
 21
320.068102681471
 31
0.0
  0
LINE
  5
351
330
70
100
AcDbEntity
  8
0
 62
     7
370
    25
100
AcDbLine
 10
69.73049188354721
 20
320.068102681471
 30
0.0
 11
71.83049188354697
 21
320.068102681471
 31
0.0
  0
LINE
  5
352
330
70
100
AcDbEntity
  8
0
 62
     7
370
    25
100
AcDbLine
 10
79.43049188354724
 20
320.068102681471
 30
0.0
 11
80.82049188354725
 21
320.068102681471
 31
0.0
  0
LINE
  5
353
330
70
100
AcDbEntity
  8
0
 62
     7
370
    25
100
AcDbLine
 10
81.02049188354724
 20
320.068102681471
 30
0.0
 11
81.92049188354697
 21
320.068102681471
 31
0.0
  0
LINE
  5
354
330
70
100
AcDbEntity
  8
0
 62
     7
370
    25
100
AcDbLine
 10
82.12049188354697
 20
320.068102681471
 30
0.0
 11
83.92049188354702
 21
320.068102681471
 31
0.0
  0
LINE
  5
355
330
70
100
AcDbEntity
  8
0
 62
     7
370
    25
100
AcDbLine
 10
84.12049188354705
 20
320.068102681471
 30
0.0
 11
84.72049188354707
 21
320.068102681471
 31
0.0
  0
LINE
  5
356
330
70
100
AcDbEntity
  8
0
 62
     7
370
    25
100
AcDbLine
 10
84.92049188354707
 20
320.068102681471
 30
0.0
 11
85.43049188354745
 21
320.068102681471
 31
0.0
  0
LINE
  5
357
330
70
100
AcDbEntity
  8
0
 62
     7
370
    25
100
AcDbLine
 10
85.63049188354744
 20
320.068102681471
 30
0.0
 11
86.93049188354718
 21
320.068102681471
 31
0.0
  0
LINE
  5
358
330
70
100
AcDbEntity
  8
0
 62
     7
370
    25
100
AcDbLine
 10
87.13049188354718
 20
320.068102681471
 30
0.0
 11
89.23049188354694
 21
320.068102681471
 31
0.0
  0
LINE
  5
359
330
70
100
AcDbEntity
  8
0
 62
     7
370
    25
100
AcDbLine
 10
28.13049188354702
 20
321.8113058173709
 30
0.0
 11
36.13049188354731
 21
321.8113058173709
 31
0.0
  0
LINE
  5
35A
330
70
100
AcDbEntity
  8
0
 62
     7
370
    25
100
AcDbLine
 10
45.530491883547
 20
321.8113058173709
 30
0.0
 11
53.53049188354727
 21
321.8113058173709
 31
0.0
  0
LINE
  5
35B
330
70
100
AcDbEntity
  8
0
 62
     7
370
    25
100
AcDbLine
 10
62.93049188354697
 20
321.8113058173709
 30
0.0
 11
70.93049188354725
 21
321.8113058173709
 31
0.0
  0
LINE
  5
35C
330
70
100
AcDbEntity
  8
0
 62
     7
370
    25
100
AcDbLine
 10
80.33049188354693
 20
321.8113058173709
 30
0.0
 11
88.33049188354722
 21
321.8113058173709
 31
0.0
  0
LINE
  5
35D
330
70
100
AcDbEntity
  8
0
 62
     7
370
    25
100
AcDbLine
 10
32.0354918835475
 20
323.0314964511706
 30
0.0
 11
32.19882529474727
 21
323.0314964511706
 31
0.0
  0
LINE
  5
35E
330
70
100
AcDbEntity
  8
0
 62
     7
370
    25
100
AcDbLine
 10
32.68882529474757
 20
323.0314964511706
 30
0.0
 11
32.811325294747
 21
323.0314964511706
 31
0.0
  0
LINE
  5
35F
330
70
100
AcDbEntity
  8
0
 62
     7
370
    25
100
AcDbLine
 10
33.58715847234753
 20
323.0314964511706
 30
0.0
 11
33.70965847234696
 21
323.0314964511706
 31
0.0
  0
LINE
  5
360
330
70
100
AcDbEntity
  8
0
 62
     7
370
    25
100
AcDbLine
 10
49.43549188354747
 20
323.0314964511706
 30
0.0
 11
49.59882529474723
 21
323.0314964511706
 31
0.0
  0
LINE
  5
361
330
70
100
AcDbEntity
  8
0
 62
     7
370
    25
100
AcDbLine
 10
50.08882529474754
 20
323.0314964511706
 30
0.0
 11
50.21132529474698
 21
323.0314964511706
 31
0.0
  0
LINE
  5
362
330
70
100
AcDbEntity
  8
0
 62
     7
370
    25
100
AcDbLine
 10
50.9871584723475
 20
323.0314964511706
 30
0.0
 11
51.10965847234693
 21
323.0314964511706
 31
0.0
  0
LINE
  5
363
330
70
100
AcDbEntity
  8
0
 62
     7
370
    25
100
AcDbLine
 10
66.83549188354745
 20
323.0314964511706
 30
0.0
 11
66.9988252947472
 21
323.0314964511706
 31
0.0
  0
LINE
  5
364
330
70
100
AcDbEntity
  8
0
 62
     7
370
    25
100
AcDbLine
 10
67.48882529474752
 20
323.0314964511706
 30
0.0
 11
67.61132529474695
 21
323.0314964511706
 31
0.0
  0
LINE
  5
365
330
70
100
AcDbEntity
  8
0
 62
     7
370
    25
100
AcDbLine
 10
68.38715847234746
 20
323.0314964511706
 30
0.0
 11
68.50965847234753
 21
323.0314964511706
 31
0.0
  0
LINE
  5
366
330
70
100
AcDbEntity
  8
0
 62
     7
370
    25
100
AcDbLine
 10
84.23549188354741
 20
323.0314964511706
 30
0.0
 11
84.39882529474719
 21
323.0314964511706
 31
0.0
  0
LINE
  5
367
330
70
100
AcDbEntity
  8
0
 62
     7
370
    25
100
AcDbLine
 10
84.88882529474748
 20
323.0314964511706
 30
0.0
 11
85.01132529474693
 21
323.0314964511706
 31
0.0
  0
LINE
  5
368
330
70
100
AcDbEntity
  8
0
 62
     7
370
    25
100
AcDbLine
 10
85.78715847234745
 20
323.0314964511706
 30
0.0
 11
85.90965847234752
 21
323.0314964511706
 31
0.0
  0
LINE
  5
369
330
70
100
AcDbEntity
  8
0
 62
     7
370
    25
100
AcDbLine
 10
32.0354918835475
 20
323.1125324992706
 30
0.0
 11
32.19882529474727
 21
323.1125324992706
 31
0.0
  0
LINE
  5
36A
330
70
100
AcDbEntity
  8
0
 62
     7
370
    25
100
AcDbLine
 10
32.68882529474757
 20
323.1125324992706
 30
0.0
 11
32.811325294747
 21
323.1125324992706
 31
0.0
  0
LINE
  5
36B
330
70
100
AcDbEntity
  8
0
 62
     7
370
    25
100
AcDbLine
 10
33.58715847234753
 20
323.1125324992706
 30
0.0
 11
33.70965847234696
 21
323.1125324992706
 31
0.0
  0
LINE
  5
36C
330
70
100
AcDbEntity
  8
0
 62
     7
370
    25
100
AcDbLine
 10
49.43549188354747
 20
323.1125324992706
 30
0.0
 11
49.59882529474723
 21
323.1125324992706
 31
0.0
  0
LINE
  5
36D
330
70
100
AcDbEntity
  8
0
 62
     7
370
    25
100
AcDbLine
 10
50.08882529474754
 20
323.1125324992706
 30
0.0
 11
50.21132529474698
 21
323.1125324992706
 31
0.0
  0
LINE
  5
36E
330
70
100
AcDbEntity
  8
0
 62
     7
370
    25
100
AcDbLine
 10
50.9871584723475
 20
323.1125324992706
 30
0.0
 11
51.10965847234693
 21
323.1125324992706
 31
0.0
  0
LINE
  5
36F
330
70
100
AcDbEntity
  8
0
 62
     7
370
    25
100
AcDbLine
 10
66.83549188354745
 20
323.1125324992706
 30
0.0
 11
66.9988252947472
 21
323.1125324992706
 31
0.0
  0
LINE
  5
370
330
70
100
AcDbEntity
  8
0
 62
     7
370
    25
100
AcDbLine
 10
67.48882529474752
 20
323.1125324992706
 30
0.0
 11
67.61132529474695
 21
323.1125324992706
 31
0.0
  0
LINE
  5
371
330
70
100
AcDbEntity
  8
0
 62
     7
370
    25
100
AcDbLine
 10
68.38715847234746
 20
323.1125324992706
 30
0.0
 11
68.50965847234753
 21
323.1125324992706
 31
0.0
  0
LINE
  5
372
330
70
100
AcDbEntity
  8
0
 62
     7
370
    25
100
AcDbLine
 10
84.23549188354741
 20
323.1125324992706
 30
0.0
 11
84.39882529474719
 21
323.1125324992706
 31
0.0
  0
LINE
  5
373
330
70
100
AcDbEntity
  8
0
 62
     7
370
    25
100
AcDbLine
 10
84.88882529474748
 20
323.1125324992706
 30
0.0
 11
85.01132529474693
 21
323.1125324992706
 31
0.0
  0
LINE
  5
374
330
70
100
AcDbEntity
  8
0
 62
     7
370
    25
100
AcDbLine
 10
85.78715847234745
 20
323.1125324992706
 30
0.0
 11
85.90965847234752
 21
323.1125324992706
 31
0.0
  0
LINE
  5
375
330
70
100
AcDbEntity
  8
0
 62
     7
370
    25
100
AcDbLine
 10
84.39882529474719
 20
323.3273863153706
 30
0.0
 11
84.23549188354741
 21
323.3273863153706
 31
0.0
  0
LINE
  5
376
330
70
100
AcDbEntity
  8
0
 62
     7
370
    25
100
AcDbLine
 10
66.9988252947472
 20
323.3273863153706
 30
0.0
 11
66.83549188354745
 21
323.3273863153706
 31
0.0
  0
LINE
  5
377
330
70
100
AcDbEntity
  8
0
 62
     7
370
    25
100
AcDbLine
 10
49.59882529474723
 20
323.3273863153706
 30
0.0
 11
49.43549188354747
 21
323.3273863153706
 31
0.0
  0
LINE
  5
378
330
70
100
AcDbEntity
  8
0
 62
     7
370
    25
100
AcDbLine
 10
32.19882529474727
 20
323.3273863153706
 30
0.0
 11
32.0354918835475
 21
323.3273863153706
 31
0.0
  0
LINE
  5
379
330
70
100
AcDbEntity
  8
0
 62
     7
370
    25
100
AcDbLine
 10
32.811325294747
 20
323.8192937853707
 30
0.0
 11
33.34215847234737
 21
323.8192937853707
 31
0.0
  0
LINE
  5
37A
330
70
100
AcDbEntity
  8
0
 62
     7
370
    25
100
AcDbLine
 10
33.70965847234696
 20
323.8192937853707
 30
0.0
 11
34.24049188354695
 21
323.8192937853707
 31
0.0
  0
LINE
  5
37B
330
70
100
AcDbEntity
  8
0
 62
     7
370
    25
100
AcDbLine
 10
50.21132529474698
 20
323.8192937853707
 30
0.0
 11
50.74215847234734
 21
323.8192937853707
 31
0.0
  0
LINE
  5
37C
330
70
100
AcDbEntity
  8
0
 62
     7
370
    25
100
AcDbLine
 10
51.10965847234693
 20
323.8192937853707
 30
0.0
 11
51.64049188354757
 21
323.8192937853707
 31
0.0
  0
LINE
  5
37D
330
70
100
AcDbEntity
  8
0
 62
     7
370
    25
100
AcDbLine
 10
67.61132529474695
 20
323.8192937853707
 30
0.0
 11
68.14215847234732
 21
323.8192937853707
 31
0.0
  0
LINE
  5
37E
330
70
100
AcDbEntity
  8
0
 62
     7
370
    25
100
AcDbLine
 10
68.50965847234753
 20
323.8192937853707
 30
0.0
 11
69.04049188354753
 21
323.8192937853707
 31
0.0
  0
LINE
  5
37F
330
70
100
AcDbEntity
  8
0
 62
     7
370
    25
100
AcDbLine
 10
85.01132529474693
 20
323.8192937853707
 30
0.0
 11
85.54215847234727
 21
323.8192937853707
 31
0.0
  0
LINE
  5
380
330
70
100
AcDbEntity
  8
0
 62
     7
370
    25
100
AcDbLine
 10
85.90965847234752
 20
323.8192937853707
 30
0.0
 11
86.44049188354751
 21
323.8192937853707
 31
0.0
  0
LINE
  5
381
330
70
100
AcDbEntity
  8
0
 62
     7
370
    25
100
AcDbLine
 10
32.811325294747
 20
323.9003298334707
 30
0.0
 11
33.34215847234737
 21
323.9003298334707
 31
0.0
  0
LINE
  5
382
330
70
100
AcDbEntity
  8
0
 62
     7
370
    25
100
AcDbLine
 10
33.70965847234696
 20
323.9003298334707
 30
0.0
 11
34.24049188354695
 21
323.9003298334707
 31
0.0
  0
LINE
  5
383
330
70
100
AcDbEntity
  8
0
 62
     7
370
    25
100
AcDbLine
 10
50.21132529474698
 20
323.9003298334707
 30
0.0
 11
50.74215847234734
 21
323.9003298334707
 31
0.0
  0
LINE
  5
384
330
70
100
AcDbEntity
  8
0
 62
     7
370
    25
100
AcDbLine
 10
51.10965847234693
 20
323.9003298334707
 30
0.0
 11
51.64049188354757
 21
323.9003298334707
 31
0.0
  0
LINE
  5
385
330
70
100
AcDbEntity
  8
0
 62
     7
370
    25
100
AcDbLine
 10
67.61132529474695
 20
323.9003298334707
 30
0.0
 11
68.14215847234732
 21
323.9003298334707
 31
0.0
  0
LINE
  5
386
330
70
100
AcDbEntity
  8
0
 62
     7
370
    25
100
AcDbLine
 10
68.50965847234753
 20
323.9003298334707
 30
0.0
 11
69.04049188354753
 21
323.9003298334707
 31
0.0
  0
LINE
  5
387
330
70
100
AcDbEntity
  8
0
 62
     7
370
    25
100
AcDbLine
 10
85.01132529474693
 20
323.9003298334707
 30
0.0
 11
85.54215847234727
 21
323.9003298334707
 31
0.0
  0
LINE
  5
388
330
70
100
AcDbEntity
  8
0
 62
     7
370
    25
100
AcDbLine
 10
85.90965847234752
 20
323.9003298334707
 30
0.0
 11
86.44049188354751
 21
323.9003298334707
 31
0.0
  0
LINE
  5
389
330
70
100
AcDbEntity
  8
0
 62
     7
370
    25
100
AcDbLine
 10
86.44049188354751
 20
324.1151836244706
 30
0.0
 11
85.90965847234752
 21
324.1151836244706
 31
0.0
  0
LINE
  5
38A
330
70
100
AcDbEntity
  8
0
 62
     7
370
    25
100
AcDbLine
 10
85.54215847234727
 20
324.1151836244706
 30
0.0
 11
85.01132529474693
 21
324.1151836244706
 31
0.0
  0
LINE
  5
38B
330
70
100
AcDbEntity
  8
0
 62
     7
370
    25
100
AcDbLine
 10
69.04049188354753
 20
324.1151836244706
 30
0.0
 11
68.50965847234753
 21
324.1151836244706
 31
0.0
  0
LINE
  5
38C
330
70
100
AcDbEntity
  8
0
 62
     7
370
    25
100
AcDbLine
 10
68.14215847234732
 20
324.1151836244706
 30
0.0
 11
67.61132529474695
 21
324.1151836244706
 31
0.0
  0
LINE
  5
38D
330
70
100
AcDbEntity
  8
0
 62
     7
370
    25
100
AcDbLine
 10
51.64049188354757
 20
324.1151836244706
 30
0.0
 11
51.10965847234693
 21
324.1151836244706
 31
0.0
  0
LINE
  5
38E
330
70
100
AcDbEntity
  8
0
 62
     7
370
    25
100
AcDbLine
 10
50.74215847234734
 20
324.1151836244706
 30
0.0
 11
50.21132529474698
 21
324.1151836244706
 31
0.0
  0
LINE
  5
38F
330
70
100
AcDbEntity
  8
0
 62
     7
370
    25
100
AcDbLine
 10
34.24049188354695
 20
324.1151836244706
 30
0.0
 11
33.70965847234696
 21
324.1151836244706
 31
0.0
  0
LINE
  5
390
330
70
100
AcDbEntity
  8
0
 62
     7
370
    25
100
AcDbLine
 10
33.34215847234737
 20
324.1151836244706
 30
0.0
 11
32.811325294747
 21
324.1151836244706
 31
0.0
  0
LINE
  5
391
330
70
100
AcDbEntity
  8
0
 62
     7
370
    25
100
AcDbLine
 10
32.0354918835475
 20
324.4996642239705
 30
0.0
 11
32.19882529474727
 21
324.4996642239705
 31
0.0
  0
LINE
  5
392
330
70
100
AcDbEntity
  8
0
 62
     7
370
    25
100
AcDbLine
 10
32.811325294747
 20
324.4996642239705
 30
0.0
 11
33.42382529474739
 21
324.4996642239705
 31
0.0
  0
LINE
  5
393
330
70
100
AcDbEntity
  8
0
 62
     7
370
    25
100
AcDbLine
 10
33.70965847234696
 20
324.4996642239705
 30
0.0
 11
34.32215870594697
 21
324.4996642239705
 31
0.0
  0
LINE
  5
394
330
70
100
AcDbEntity
  8
0
 62
     7
370
    25
100
AcDbLine
 10
49.43549188354747
 20
324.4996642239705
 30
0.0
 11
49.59882529474723
 21
324.4996642239705
 31
0.0
  0
LINE
  5
395
330
70
100
AcDbEntity
  8
0
 62
     7
370
    25
100
AcDbLine
 10
50.21132529474698
 20
324.4996642239705
 30
0.0
 11
50.82382529474736
 21
324.4996642239705
 31
0.0
  0
LINE
  5
396
330
70
100
AcDbEntity
  8
0
 62
     7
370
    25
100
AcDbLine
 10
51.10965847234693
 20
324.4996642239705
 30
0.0
 11
51.72215870594694
 21
324.4996642239705
 31
0.0
  0
LINE
  5
397
330
70
100
AcDbEntity
  8
0
 62
     7
370
    25
100
AcDbLine
 10
66.83549188354745
 20
324.4996642239705
 30
0.0
 11
66.9988252947472
 21
324.4996642239705
 31
0.0
  0
LINE
  5
398
330
70
100
AcDbEntity
  8
0
 62
     7
370
    25
100
AcDbLine
 10
67.61132529474695
 20
324.4996642239705
 30
0.0
 11
68.22382529474733
 21
324.4996642239705
 31
0.0
  0
LINE
  5
399
330
70
100
AcDbEntity
  8
0
 62
     7
370
    25
100
AcDbLine
 10
68.50965847234753
 20
324.4996642239705
 30
0.0
 11
69.12215870594692
 21
324.4996642239705
 31
0.0
  0
LINE
  5
39A
330
70
100
AcDbEntity
  8
0
 62
     7
370
    25
100
AcDbLine
 10
84.23549188354741
 20
324.4996642239705
 30
0.0
 11
84.39882529474719
 21
324.4996642239705
 31
0.0
  0
LINE
  5
39B
330
70
100
AcDbEntity
  8
0
 62
     7
370
    25
100
AcDbLine
 10
85.01132529474693
 20
324.4996642239705
 30
0.0
 11
85.6238252947473
 21
324.4996642239705
 31
0.0
  0
LINE
  5
39C
330
70
100
AcDbEntity
  8
0
 62
     7
370
    25
100
AcDbLine
 10
85.90965847234752
 20
324.4996642239705
 30
0.0
 11
86.52215870594753
 21
324.4996642239705
 31
0.0
  0
LINE
  5
39D
330
70
100
AcDbEntity
  8
0
 62
     7
370
    25
100
AcDbLine
 10
32.0354918835475
 20
324.5807002720705
 30
0.0
 11
32.19882529474727
 21
324.5807002720705
 31
0.0
  0
LINE
  5
39E
330
70
100
AcDbEntity
  8
0
 62
     7
370
    25
100
AcDbLine
 10
32.811325294747
 20
324.5807002720705
 30
0.0
 11
33.42382529474739
 21
324.5807002720705
 31
0.0
  0
LINE
  5
39F
330
70
100
AcDbEntity
  8
0
 62
     7
370
    25
100
AcDbLine
 10
33.70965847234696
 20
324.5807002720705
 30
0.0
 11
34.32215870594697
 21
324.5807002720705
 31
0.0
  0
LINE
  5
3A0
330
70
100
AcDbEntity
  8
0
 62
     7
370
    25
100
AcDbLine
 10
49.43549188354747
 20
324.5807002720705
 30
0.0
 11
49.59882529474723
 21
324.5807002720705
 31
0.0
  0
LINE
  5
3A1
330
70
100
AcDbEntity
  8
0
 62
     7
370
    25
100
AcDbLine
 10
50.21132529474698
 20
324.5807002720705
 30
0.0
 11
50.82382529474736
 21
324.5807002720705
 31
0.0
  0
LINE
  5
3A2
330
70
100
AcDbEntity
  8
0
 62
     7
370
    25
100
AcDbLine
 10
51.10965847234693
 20
324.5807002720705
 30
0.0
 11
51.72215870594694
 21
324.5807002720705
 31
0.0
  0
LINE
  5
3A3
330
70
100
AcDbEntity
  8
0
 62
     7
370
    25
100
AcDbLine
 10
66.83549188354745
 20
324.5807002720705
 30
0.0
 11
66.9988252947472
 21
324.5807002720705
 31
0.0
  0
LINE
  5
3A4
330
70
100
AcDbEntity
  8
0
 62
     7
370
    25
100
AcDbLine
 10
67.61132529474695
 20
324.5807002720705
 30
0.0
 11
68.22382529474733
 21
324.5807002720705
 31
0.0
  0
LINE
  5
3A5
330
70
100
AcDbEntity
  8
0
 62
     7
370
    25
100
AcDbLine
 10
68.50965847234753
 20
324.5807002720705
 30
0.0
 11
69.12215870594692
 21
324.5807002720705
 31
0.0
  0
LINE
  5
3A6
330
70
100
AcDbEntity
  8
0
 62
     7
370
    25
100
AcDbLine
 10
84.23549188354741
 20
324.5807002720705
 30
0.0
 11
84.39882529474719
 21
324.5807002720705
 31
0.0
  0
LINE
  5
3A7
330
70
100
AcDbEntity
  8
0
 62
     7
370
    25
100
AcDbLine
 10
85.01132529474693
 20
324.5807002720705
 30
0.0
 11
85.6238252947473
 21
324.5807002720705
 31
0.0
  0
LINE
  5
3A8
330
70
100
AcDbEntity
  8
0
 62
     7
370
    25
100
AcDbLine
 10
85.90965847234752
 20
324.5807002720705
 30
0.0
 11
86.52215870594753
 21
324.5807002720705
 31
0.0
  0
LINE
  5
3A9
330
70
100
AcDbEntity
  8
0
 62
     7
370
    25
100
AcDbLine
 10
86.52215870594753
 20
324.7955540631711
 30
0.0
 11
85.78715847234745
 21
324.7955540631711
 31
0.0
  0
LINE
  5
3AA
330
70
100
AcDbEntity
  8
0
 62
     7
370
    25
100
AcDbLine
 10
85.6238252947473
 20
324.7955540631711
 30
0.0
 11
84.88882529474748
 21
324.7955540631711
 31
0.0
  0
LINE
  5
3AB
330
70
100
AcDbEntity
  8
0
 62
     7
370
    25
100
AcDbLine
 10
84.39882529474719
 20
324.7955540631711
 30
0.0
 11
84.23549188354741
 21
324.7955540631711
 31
0.0
  0
LINE
  5
3AC
330
70
100
AcDbEntity
  8
0
 62
     7
370
    25
100
AcDbLine
 10
69.12215870594692
 20
324.7955540631711
 30
0.0
 11
68.38715847234746
 21
324.7955540631711
 31
0.0
  0
LINE
  5
3AD
330
70
100
AcDbEntity
  8
0
 62
     7
370
    25
100
AcDbLine
 10
68.22382529474733
 20
324.7955540631711
 30
0.0
 11
67.48882529474752
 21
324.7955540631711
 31
0.0
  0
LINE
  5
3AE
330
70
100
AcDbEntity
  8
0
 62
     7
370
    25
100
AcDbLine
 10
66.9988252947472
 20
324.7955540631711
 30
0.0
 11
66.83549188354745
 21
324.7955540631711
 31
0.0
  0
LINE
  5
3AF
330
70
100
AcDbEntity
  8
0
 62
     7
370
    25
100
AcDbLine
 10
51.72215870594694
 20
324.7955540631711
 30
0.0
 11
50.9871584723475
 21
324.7955540631711
 31
0.0
  0
LINE
  5
3B0
330
70
100
AcDbEntity
  8
0
 62
     7
370
    25
100
AcDbLine
 10
50.82382529474736
 20
324.7955540631711
 30
0.0
 11
50.08882529474754
 21
324.7955540631711
 31
0.0
  0
LINE
  5
3B1
330
70
100
AcDbEntity
  8
0
 62
     7
370
    25
100
AcDbLine
 10
49.59882529474723
 20
324.7955540631711
 30
0.0
 11
49.43549188354747
 21
324.7955540631711
 31
0.0
  0
LINE
  5
3B2
330
70
100
AcDbEntity
  8
0
 62
     7
370
    25
100
AcDbLine
 10
34.32215870594697
 20
324.7955540631711
 30
0.0
 11
33.58715847234753
 21
324.7955540631711
 31
0.0
  0
LINE
  5
3B3
330
70
100
AcDbEntity
  8
0
 62
     7
370
    25
100
AcDbLine
 10
33.42382529474739
 20
324.7955540631711
 30
0.0
 11
32.68882529474757
 21
324.7955540631711
 31
0.0
  0
LINE
  5
3B4
330
70
100
AcDbEntity
  8
0
 62
     7
370
    25
100
AcDbLine
 10
32.19882529474727
 20
324.7955540631711
 30
0.0
 11
32.0354918835475
 21
324.7955540631711
 31
0.0
  0
LINE
  5
3B5
330
70
100
AcDbEntity
  8
0
 62
     7
370
    25
100
AcDbLine
 10
28.13049188354702
 20
324.9339798724711
 30
0.0
 11
36.13049188354731
 21
324.9339798724711
 31
0.0
  0
LINE
  5
3B6
330
70
100
AcDbEntity
  8
0
 62
     7
370
    25
100
AcDbLine
 10
45.530491883547
 20
324.9339798724711
 30
0.0
 11
53.53049188354727
 21
324.9339798724711
 31
0.0
  0
LINE
  5
3B7
330
70
100
AcDbEntity
  8
0
 62
     7
370
    25
100
AcDbLine
 10
62.93049188354697
 20
324.9339798724711
 30
0.0
 11
70.93049188354725
 21
324.9339798724711
 31
0.0
  0
LINE
  5
3B8
330
70
100
AcDbEntity
  8
0
 62
     7
370
    25
100
AcDbLine
 10
80.33049188354693
 20
324.9339798724711
 30
0.0
 11
88.33049188354722
 21
324.9339798724711
 31
0.0
  0
LINE
  5
3B9
330
70
100
AcDbEntity
  8
0
 62
     7
370
    25
100
AcDbLine
 10
28.93049188354705
 20
325.257099224271
 30
0.0
 11
35.33049188354728
 21
325.257099224271
 31
0.0
  0
LINE
  5
3BA
330
70
100
AcDbEntity
  8
0
 62
     7
370
    25
100
AcDbLine
 10
46.33049188354703
 20
325.257099224271
 30
0.0
 11
52.73049188354725
 21
325.257099224271
 31
0.0
  0
LINE
  5
3BB
330
70
100
AcDbEntity
  8
0
 62
     7
370
    25
100
AcDbLine
 10
63.73049188354699
 20
325.257099224271
 30
0.0
 11
70.13049188354722
 21
325.257099224271
 31
0.0
  0
LINE
  5
3BC
330
70
100
AcDbEntity
  8
0
 62
     7
370
    25
100
AcDbLine
 10
81.13049188354697
 20
325.257099224271
 30
0.0
 11
87.53049188354721
 21
325.257099224271
 31
0.0
  0
LINE
  5
3BD
330
70
100
AcDbEntity
  8
0
 62
     7
370
    25
100
AcDbLine
 10
76.1204918835474
 20
327.3101275928706
 30
0.0
 11
76.07950138234696
 21
327.3101275928706
 31
0.0
  0
LINE
  5
3BE
330
70
100
AcDbEntity
  8
0
 62
     7
370
    25
100
AcDbLine
 10
58.72049188354743
 20
327.3101275928706
 30
0.0
 11
58.679501382347
 21
327.3101275928706
 31
0.0
  0
LINE
  5
3BF
330
70
100
AcDbEntity
  8
0
 62
     7
370
    25
100
AcDbLine
 10
41.32049188354746
 20
327.3101275928706
 30
0.0
 11
41.27950138234702
 21
327.3101275928706
 31
0.0
  0
LINE
  5
3C0
330
70
100
AcDbEntity
  8
0
 62
     7
370
    25
100
AcDbLine
 10
23.92049188354748
 20
327.3101275928706
 30
0.0
 11
23.87950138234705
 21
327.3101275928706
 31
0.0
  0
LINE
  5
3C1
330
70
100
AcDbEntity
  8
0
 62
     7
370
    25
100
AcDbLine
 10
84.33049188354708
 20
327.4020393100707
 30
0.0
 11
76.1204918835474
 21
327.4020393100707
 31
0.0
  0
LINE
  5
3C2
330
70
100
AcDbEntity
  8
0
 62
     7
370
    25
100
AcDbLine
 10
66.9304918835471
 20
327.4020393100707
 30
0.0
 11
58.72049188354743
 21
327.4020393100707
 31
0.0
  0
LINE
  5
3C3
330
70
100
AcDbEntity
  8
0
 62
     7
370
    25
100
AcDbLine
 10
49.53049188354714
 20
327.4020393100707
 30
0.0
 11
41.32049188354746
 21
327.4020393100707
 31
0.0
  0
LINE
  5
3C4
330
70
100
AcDbEntity
  8
0
 62
     7
370
    25
100
AcDbLine
 10
32.13049188354716
 20
327.4020393100707
 30
0.0
 11
23.92049188354748
 21
327.4020393100707
 31
0.0
  0
LINE
  5
3C5
330
70
100
AcDbEntity
  8
0
 62
     7
370
    25
100
AcDbLine
 10
76.1204918835474
 20
329.1590546368707
 30
0.0
 11
75.8304918835471
 21
329.1590546368707
 31
0.0
  0
LINE
  5
3C6
330
70
100
AcDbEntity
  8
0
 62
     7
370
    25
100
AcDbLine
 10
58.72049188354743
 20
329.1590546368707
 30
0.0
 11
58.43049188354713
 21
329.1590546368707
 31
0.0
  0
LINE
  5
3C7
330
70
100
AcDbEntity
  8
0
 62
     7
370
    25
100
AcDbLine
 10
41.32049188354746
 20
329.1590546368707
 30
0.0
 11
41.03049188354716
 21
329.1590546368707
 31
0.0
  0
LINE
  5
3C8
330
70
100
AcDbEntity
  8
0
 62
     7
370
    25
100
AcDbLine
 10
23.92049188354748
 20
329.1590546368707
 30
0.0
 11
23.63049188354719
 21
329.1590546368707
 31
0.0
  0
LINE
  5
3C9
330
70
100
AcDbEntity
  8
0
 62
     7
370
    25
100
AcDbLine
 10
84.33049188354708
 20
329.1629222091707
 30
0.0
 11
76.1204918835474
 21
329.1629222091707
 31
0.0
  0
LINE
  5
3CA
330
70
100
AcDbEntity
  8
0
 62
     7
370
    25
100
AcDbLine
 10
66.9304918835471
 20
329.1629222091707
 30
0.0
 11
58.72049188354743
 21
329.1629222091707
 31
0.0
  0
LINE
  5
3CB
330
70
100
AcDbEntity
  8
0
 62
     7
370
    25
100
AcDbLine
 10
49.53049188354714
 20
329.1629222091707
 30
0.0
 11
41.32049188354746
 21
329.1629222091707
 31
0.0
  0
LINE
  5
3CC
330
70
100
AcDbEntity
  8
0
 62
     7
370
    25
100
AcDbLine
 10
32.13049188354716
 20
329.1629222091707
 30
0.0
 11
23.92049188354748
 21
329.1629222091707
 31
0.0
  0
LINE
  5
3CD
330
70
100
AcDbEntity
  8
0
 62
     7
370
    25
100
AcDbLine
 10
30.54507523634745
 20
324.2942284503707
 30
0.0
 11
30.52465853074728
 21
324.401655446171
 31
0.0
  0
LINE
  5
3CE
330
70
100
AcDbEntity
  8
0
 62
     7
370
    25
100
AcDbLine
 10
29.85090855084712
 20
323.6138580618709
 30
0.0
 11
29.87132521804737
 21
323.5064311663707
 31
0.0
  0
LINE
  5
3CF
330
70
100
AcDbEntity
  8
0
 62
     7
370
    25
100
AcDbLine
 10
29.85090855084712
 20
323.532822013771
 30
0.0
 11
29.87132521804737
 21
323.4253951182707
 31
0.0
  0
LINE
  5
3D0
330
70
100
AcDbEntity
  8
0
 62
     7
370
    25
100
AcDbLine
 10
32.38257529474706
 20
324.365846380671
 30
0.0
 11
32.40299188354709
 21
324.2226105199709
 31
0.0
  0
LINE
  5
3D1
330
70
100
AcDbEntity
  8
0
 62
     7
370
    25
100
AcDbLine
 10
32.38257529474706
 20
324.2848103326705
 30
0.0
 11
32.40299188354709
 21
324.141574471971
 31
0.0
  0
LINE
  5
3D2
330
70
100
AcDbEntity
  8
0
 62
     7
370
    25
100
AcDbLine
 10
31.85174188354706
 20
323.5422401314711
 30
0.0
 11
31.83132529474703
 21
323.6854759921707
 31
0.0
  0
LINE
  5
3D3
330
70
100
AcDbEntity
  8
0
 62
     7
370
    25
100
AcDbLine
 10
32.52549188354716
 20
324.2226105199709
 30
0.0
 11
32.50507529474714
 21
324.401655446171
 31
0.0
  0
LINE
  5
3D4
330
70
100
AcDbEntity
  8
0
 62
     7
370
    25
100
AcDbLine
 10
31.70882517794746
 20
323.6854759921707
 30
0.0
 11
31.72924188354699
 21
323.5064311663707
 31
0.0
  0
LINE
  5
3D5
330
70
100
AcDbEntity
  8
0
 62
     7
370
    25
100
AcDbLine
 10
31.70882517794746
 20
323.6044399441707
 30
0.0
 11
31.72924188354699
 21
323.4253951182707
 31
0.0
  0
LINE
  5
3D6
330
70
100
AcDbEntity
  8
0
 62
     7
370
    25
100
AcDbLine
 10
30.56549188354722
 20
324.1151836244706
 30
0.0
 11
30.54507523634745
 21
324.2942284503707
 31
0.0
  0
LINE
  5
3D7
330
70
100
AcDbEntity
  8
0
 62
     7
370
    25
100
AcDbLine
 10
29.83049188354741
 20
323.792902937871
 30
0.0
 11
29.85090855084712
 21
323.6138580618709
 31
0.0
  0
LINE
  5
3D8
330
70
100
AcDbEntity
  8
0
 62
     7
370
    25
100
AcDbLine
 10
29.83049188354741
 20
323.7118668898712
 30
0.0
 11
29.85090855084712
 21
323.532822013771
 31
0.0
  0
LINE
  5
3D9
330
70
100
AcDbEntity
  8
0
 62
     7
370
    25
100
AcDbLine
 10
30.44299188354715
 20
324.2942284503707
 30
0.0
 11
30.46340853074692
 21
324.0793746592707
 31
0.0
  0
LINE
  5
3DA
330
70
100
AcDbEntity
  8
0
 62
     7
370
    25
100
AcDbLine
 10
30.44299188354715
 20
324.2131924022707
 30
0.0
 11
30.46340853074692
 21
323.9983386112708
 31
0.0
  0
LINE
  5
3DB
330
70
100
AcDbEntity
  8
0
 62
     7
370
    25
100
AcDbLine
 10
29.95299188354748
 20
323.6138580618709
 30
0.0
 11
29.93257521444716
 21
323.8287119030709
 31
0.0
  0
LINE
  5
3DC
330
70
100
AcDbEntity
  8
0
 62
     7
370
    25
100
AcDbLine
 10
31.85174188354706
 20
323.1389233592706
 30
0.0
 11
31.85174188354706
 21
323.2199594072706
 31
0.0
  0
LINE
  5
3DD
330
70
100
AcDbEntity
  8
0
 62
     7
370
    25
100
AcDbLine
 10
31.85174188354706
 20
324.2848103326705
 30
0.0
 11
31.85174188354706
 21
324.365846380671
 31
0.0
  0
LINE
  5
3DE
330
70
100
AcDbEntity
  8
0
 62
     7
370
    25
100
AcDbLine
 10
31.83132529474703
 20
323.6854759921707
 30
0.0
 11
31.83132529474703
 21
324.2226105199709
 31
0.0
  0
LINE
  5
3DF
330
70
100
AcDbEntity
  8
0
 62
     7
370
    25
100
AcDbLine
 10
31.77007517794718
 20
323.2821592324711
 30
0.0
 11
31.77007517794718
 21
323.3631952805711
 31
0.0
  0
LINE
  5
3E0
330
70
100
AcDbEntity
  8
0
 62
     7
370
    25
100
AcDbLine
 10
31.72924188354699
 20
323.4253951182707
 30
0.0
 11
31.72924188354699
 21
323.5064311663707
 31
0.0
  0
LINE
  5
3E1
330
70
100
AcDbEntity
  8
0
 62
     7
370
    25
100
AcDbLine
 10
31.72049188354712
 20
320.068102681471
 30
0.0
 11
31.72049188354712
 21
319.7099694403706
 31
0.0
  0
LINE
  5
3E2
330
70
100
AcDbEntity
  8
0
 62
     7
370
    25
100
AcDbLine
 10
31.70882517794746
 20
323.6044399441707
 30
0.0
 11
31.70882517794746
 21
324.2226105199709
 31
0.0
  0
LINE
  5
3E3
330
70
100
AcDbEntity
  8
0
 62
     3
370
    25
100
AcDbLine
 10
30.63049188354744
 20
319.7081641922711
 30
0.0
 11
30.63049188354744
 21
318.362139165271
 31
0.0
  0
LINE
  5
3E4
330
70
100
AcDbEntity
  8
0
 62
     7
370
    25
100
AcDbLine
 10
30.56549188354722
 20
323.7118668898712
 30
0.0
 11
30.56549188354722
 21
324.1151836244706
 31
0.0
  0
LINE
  5
3E5
330
70
100
AcDbEntity
  8
0
 62
     7
370
    25
100
AcDbLine
 10
30.54507523634745
 20
323.532822013771
 30
0.0
 11
30.54507523634745
 21
323.6138580618709
 31
0.0
  0
LINE
  5
3E6
330
70
100
AcDbEntity
  8
0
 62
     7
370
    25
100
AcDbLine
 10
30.52465853074728
 20
323.4253951182707
 30
0.0
 11
30.52465853074728
 21
323.5064311663707
 31
0.0
  0
LINE
  5
3E7
330
70
100
AcDbEntity
  8
0
 62
     7
370
    25
100
AcDbLine
 10
30.48382523634709
 20
323.2821592324711
 30
0.0
 11
30.48382523634709
 21
323.3631952805711
 31
0.0
  0
LINE
  5
3E8
330
70
100
AcDbEntity
  8
0
 62
     7
370
    25
100
AcDbLine
 10
30.46340853074692
 20
324.0793746592707
 30
0.0
 11
30.46340853074692
 21
323.8287119030709
 31
0.0
  0
LINE
  5
3E9
330
70
100
AcDbEntity
  8
0
 62
     7
370
    25
100
AcDbLine
 10
30.44299188354715
 20
324.2131924022707
 30
0.0
 11
30.44299188354715
 21
324.2942284503707
 31
0.0
  0
LINE
  5
3EA
330
70
100
AcDbEntity
  8
0
 62
     7
370
    25
100
AcDbLine
 10
30.42257523634737
 20
323.1747323243711
 30
0.0
 11
30.42257523634737
 21
323.2557683724711
 31
0.0
  0
LINE
  5
3EB
330
70
100
AcDbEntity
  8
0
 62
     7
370
    25
100
AcDbLine
 10
30.36132523634701
 20
324.4280462936708
 30
0.0
 11
30.36132523634701
 21
324.5090823417708
 31
0.0
  0
LINE
  5
3EC
330
70
100
AcDbEntity
  8
0
 62
     7
370
    25
100
AcDbLine
 10
30.32049188354707
 20
323.0673054194706
 30
0.0
 11
30.32049188354707
 21
323.1483414675706
 31
0.0
  0
LINE
  5
3ED
330
70
100
AcDbEntity
  8
0
 62
     7
370
    25
100
AcDbLine
 10
30.30007520714742
 20
324.4996642239705
 30
0.0
 11
30.30007520714742
 21
324.5807002720705
 31
0.0
  0
LINE
  5
3EE
330
70
100
AcDbEntity
  8
0
 62
     7
370
    25
100
AcDbLine
 10
30.197991883547
 20
323.0314964511706
 30
0.0
 11
30.197991883547
 21
323.1125324992706
 31
0.0
  0
LINE
  5
3EF
330
70
100
AcDbEntity
  8
0
 62
     7
370
    25
100
AcDbLine
 10
30.197991883547
 20
324.5354731891711
 30
0.0
 11
30.197991883547
 21
324.616509237271
 31
0.0
  0
LINE
  5
3F0
330
70
100
AcDbEntity
  8
0
 62
     7
370
    25
100
AcDbLine
 10
30.09590855994721
 20
324.4996642239705
 30
0.0
 11
30.09590855994721
 21
324.5807002720705
 31
0.0
  0
LINE
  5
3F1
330
70
100
AcDbEntity
  8
0
 62
     7
370
    25
100
AcDbLine
 10
30.07549188354756
 20
323.0673054194706
 30
0.0
 11
30.07549188354756
 21
323.1483414675706
 31
0.0
  0
LINE
  5
3F2
330
70
100
AcDbEntity
  8
0
 62
     7
370
    25
100
AcDbLine
 10
30.03465854534691
 20
324.4280462936708
 30
0.0
 11
30.03465854534691
 21
324.5090823417708
 31
0.0
  0
LINE
  5
3F3
330
70
100
AcDbEntity
  8
0
 62
     7
370
    25
100
AcDbLine
 10
29.9734085453472
 20
323.1747323243711
 30
0.0
 11
29.9734085453472
 21
323.2557683724711
 31
0.0
  0
LINE
  5
3F4
330
70
100
AcDbEntity
  8
0
 62
     7
370
    25
100
AcDbLine
 10
29.95299188354748
 20
324.2131924022707
 30
0.0
 11
29.95299188354748
 21
324.2942284503707
 31
0.0
  0
LINE
  5
3F5
330
70
100
AcDbEntity
  8
0
 62
     7
370
    25
100
AcDbLine
 10
29.93257521444716
 20
323.8287119030709
 30
0.0
 11
29.93257521444716
 21
324.0793746592707
 31
0.0
  0
LINE
  5
3F6
330
70
100
AcDbEntity
  8
0
 62
     7
370
    25
100
AcDbLine
 10
29.92049188354706
 20
319.7099694403706
 30
0.0
 11
29.92049188354706
 21
320.068102681471
 31
0.0
  0
LINE
  5
3F7
330
70
100
AcDbEntity
  8
0
 62
     7
370
    25
100
AcDbLine
 10
29.91215855264745
 20
323.2821592324711
 30
0.0
 11
29.91215855264745
 21
323.3631952805711
 31
0.0
  0
LINE
  5
3F8
330
70
100
AcDbEntity
  8
0
 62
     7
370
    25
100
AcDbLine
 10
29.87132521804737
 20
323.4253951182707
 30
0.0
 11
29.87132521804737
 21
323.5064311663707
 31
0.0
  0
LINE
  5
3F9
330
70
100
AcDbEntity
  8
0
 62
     7
370
    25
100
AcDbLine
 10
29.85090855084712
 20
323.532822013771
 30
0.0
 11
29.85090855084712
 21
323.6138580618709
 31
0.0
  0
LINE
  5
3FA
330
70
100
AcDbEntity
  8
0
 62
     7
370
    25
100
AcDbLine
 10
29.83049188354741
 20
323.7118668898712
 30
0.0
 11
29.83049188354741
 21
324.1151836244706
 31
0.0
  0
LINE
  5
3FB
330
70
100
AcDbEntity
  8
0
 62
     7
370
    25
100
AcDbLine
 10
29.72049188354705
 20
320.068102681471
 30
0.0
 11
29.72049188354705
 21
319.7099694403706
 31
0.0
  0
LINE
  5
3FC
330
70
100
AcDbEntity
  8
0
 62
     3
370
    25
100
AcDbLine
 10
29.6304918835474
 20
318.8091857788709
 30
0.0
 11
29.6304918835474
 21
318.362139165271
 31
0.0
  0
LINE
  5
3FD
330
70
100
AcDbEntity
  8
0
 62
     7
370
    25
100
AcDbLine
 10
28.93049188354705
 20
325.3369779038706
 30
0.0
 11
28.93049188354705
 21
325.257099224271
 31
0.0
  0
LINE
  5
3FE
330
70
100
AcDbEntity
  8
0
 62
     7
370
    25
100
AcDbLine
 10
28.82049188354734
 20
319.7099694403706
 30
0.0
 11
28.82049188354734
 21
320.068102681471
 31
0.0
  0
LINE
  5
3FF
330
70
100
AcDbEntity
  8
0
 62
     7
370
    25
100
AcDbLine
 10
28.62049188354733
 20
320.068102681471
 30
0.0
 11
28.62049188354733
 21
319.7099694403706
 31
0.0
  0
LINE
  5
400
330
70
100
AcDbEntity
  8
0
 62
     7
370
    25
100
AcDbLine
 10
28.13049188354702
 20
324.9339798725705
 30
0.0
 11
28.13049188354702
 21
321.8113058171706
 31
0.0
  0
LINE
  5
401
330
70
100
AcDbEntity
  8
0
 62
     3
370
    25
100
AcDbLine
 10
27.63049188354733
 20
318.8091857788709
 30
0.0
 11
27.63049188354733
 21
318.362139165271
 31
0.0
  0
LINE
  5
402
330
70
100
AcDbEntity
  8
0
 62
     7
370
    25
100
AcDbLine
 10
27.23049188354731
 20
319.2114284022709
 30
0.0
 11
27.23049188354731
 21
320.068102681471
 31
0.0
  0
LINE
  5
403
330
70
100
AcDbEntity
  8
0
 62
     3
370
    25
100
AcDbLine
 10
26.6304918835473
 20
319.7081641922711
 30
0.0
 11
26.6304918835473
 21
318.362139165271
 31
0.0
  0
LINE
  5
404
330
70
100
AcDbEntity
  8
0
 62
     3
370
    25
100
AcDbLine
 10
24.53049188354754
 20
319.7081641922711
 30
0.0
 11
24.53049188354754
 21
312.2902536547708
 31
0.0
  0
LINE
  5
405
330
70
100
AcDbEntity
  8
0
 62
     7
370
    25
100
AcDbLine
 10
23.93049188354752
 20
315.7022228148705
 30
0.0
 11
23.93049188354752
 21
327.1533325675708
 31
0.0
  0
LINE
  5
406
330
70
100
AcDbEntity
  8
0
 62
     7
370
    25
100
AcDbLine
 10
23.92049188354748
 20
278.9277776911707
 30
0.0
 11
23.92049188354748
 21
315.6883489307706
 31
0.0
  0
LINE
  5
407
330
70
100
AcDbEntity
  8
0
 62
     7
370
    25
100
AcDbLine
 10
23.92049188354748
 20
327.1672064515706
 30
0.0
 11
23.92049188354748
 21
363.9277776911705
 31
0.0
  0
LINE
  5
408
330
70
100
AcDbEntity
  8
0
 62
     7
370
    25
100
AcDbLine
 10
23.63049188354719
 20
279.027777691171
 30
0.0
 11
23.63049188354719
 21
314.9727946849708
 31
0.0
  0
LINE
  5
409
330
70
100
AcDbEntity
  8
0
 62
     7
370
    25
100
AcDbLine
 10
23.63049188354719
 20
327.8827606973711
 30
0.0
 11
23.63049188354719
 21
363.8277776911708
 31
0.0
  0
LINE
  5
40A
330
70
100
AcDbEntity
  8
0
 62
     7
370
    25
100
AcDbLine
 10
23.43049188354718
 20
279.2277776911711
 30
0.0
 11
23.43049188354718
 21
363.6277776911708
 31
0.0
  0
LINE
  5
40B
330
70
100
AcDbEntity
  8
0
 62
     7
370
    25
100
AcDbLine
 10
33.03205302954735
 20
356.6878774809709
 30
0.0
 11
33.95129184504733
 21
357.7485376527708
 31
0.0
  0
LINE
  5
40C
330
70
100
AcDbEntity
  8
0
 62
     7
370
    25
100
AcDbLine
 10
31.22893073754698
 20
355.167597901471
 30
0.0
 11
30.30969192194754
 21
354.106937729671
 31
0.0
  0
LINE
  5
40D
330
70
100
AcDbEntity
  8
0
 62
     7
370
    25
100
AcDbLine
 10
33.03205302954735
 20
355.167597901471
 30
0.0
 11
32.92613736884708
 21
355.0616822407707
 31
0.0
  0
LINE
  5
40E
330
70
100
AcDbEntity
  8
0
 62
     7
370
    25
100
AcDbLine
 10
31.22893073754698
 20
356.6878774809709
 30
0.0
 11
31.3342265085471
 21
356.793173251971
 31
0.0
  0
LINE
  5
40F
330
70
100
AcDbEntity
  8
0
 62
     7
370
    25
100
AcDbLine
 10
30.30969192194754
 20
354.106937729671
 30
0.0
 11
31.31647499194709
 21
354.9794830569707
 31
0.0
  0
LINE
  5
410
330
70
100
AcDbEntity
  8
0
 62
     7
370
    25
100
AcDbLine
 10
33.95129184504733
 20
357.7485376527708
 30
0.0
 11
32.9589944822475
 21
356.8885466049708
 31
0.0
  0
LINE
  5
411
330
70
100
AcDbEntity
  8
0
 62
     7
370
    25
100
AcDbLine
 10
76.1204918835474
 20
342.1244948629708
 30
0.0
 11
75.8304918835471
 21
342.1244948629708
 31
0.0
  0
LINE
  5
412
330
70
100
AcDbEntity
  8
0
 62
     7
370
    25
100
AcDbLine
 10
58.72049188354743
 20
342.1244948629708
 30
0.0
 11
58.43049188354713
 21
342.1244948629708
 31
0.0
  0
LINE
  5
413
330
70
100
AcDbEntity
  8
0
 62
     7
370
    25
100
AcDbLine
 10
41.32049188354746
 20
342.1244948629708
 30
0.0
 11
41.03049188354716
 21
342.1244948629708
 31
0.0
  0
LINE
  5
414
330
70
100
AcDbEntity
  8
0
 62
     7
370
    25
100
AcDbLine
 10
23.92049188354748
 20
342.1244948629708
 30
0.0
 11
23.63049188354719
 21
342.1244948629708
 31
0.0
  0
LINE
  5
415
330
70
100
AcDbEntity
  8
0
 62
     7
370
    25
100
AcDbLine
 10
84.33049188354708
 20
342.1348483982705
 30
0.0
 11
76.1204918835474
 21
342.1348483982705
 31
0.0
  0
LINE
  5
416
330
70
100
AcDbEntity
  8
0
 62
     7
370
    25
100
AcDbLine
 10
66.9304918835471
 20
342.1348483982705
 30
0.0
 11
58.72049188354743
 21
342.1348483982705
 31
0.0
  0
LINE
  5
417
330
70
100
AcDbEntity
  8
0
 62
     7
370
    25
100
AcDbLine
 10
49.53049188354714
 20
342.1348483982705
 30
0.0
 11
41.32049188354746
 21
342.1348483982705
 31
0.0
  0
LINE
  5
418
330
70
100
AcDbEntity
  8
0
 62
     7
370
    25
100
AcDbLine
 10
32.13049188354716
 20
342.1348483982705
 30
0.0
 11
23.92049188354748
 21
342.1348483982705
 31
0.0
  0
LINE
  5
419
330
70
100
AcDbEntity
  8
0
 62
     7
370
    25
100
AcDbLine
 10
76.1204918835474
 20
343.8277776911708
 30
0.0
 11
75.8304918835471
 21
343.8277776911708
 31
0.0
  0
LINE
  5
41A
330
70
100
AcDbEntity
  8
0
 62
     7
370
    25
100
AcDbLine
 10
58.72049188354743
 20
343.8277776911708
 30
0.0
 11
58.43049188354713
 21
343.8277776911708
 31
0.0
  0
LINE
  5
41B
330
70
100
AcDbEntity
  8
0
 62
     7
370
    25
100
AcDbLine
 10
41.32049188354746
 20
343.8277776911708
 30
0.0
 11
41.03049188354716
 21
343.8277776911708
 31
0.0
  0
LINE
  5
41C
330
70
100
AcDbEntity
  8
0
 62
     7
370
    25
100
AcDbLine
 10
23.92049188354748
 20
343.8277776911708
 30
0.0
 11
23.63049188354719
 21
343.8277776911708
 31
0.0
  0
LINE
  5
41D
330
70
100
AcDbEntity
  8
0
 62
     7
370
    25
100
AcDbLine
 10
84.33049188354708
 20
343.9277776911711
 30
0.0
 11
76.1204918835474
 21
343.9277776911711
 31
0.0
  0
LINE
  5
41E
330
70
100
AcDbEntity
  8
0
 62
     7
370
    25
100
AcDbLine
 10
66.9304918835471
 20
343.9277776911711
 30
0.0
 11
58.72049188354743
 21
343.9277776911711
 31
0.0
  0
LINE
  5
41F
330
70
100
AcDbEntity
  8
0
 62
     7
370
    25
100
AcDbLine
 10
49.53049188354714
 20
343.9277776911711
 30
0.0
 11
41.32049188354746
 21
343.9277776911711
 31
0.0
  0
LINE
  5
420
330
70
100
AcDbEntity
  8
0
 62
     7
370
    25
100
AcDbLine
 10
32.13049188354716
 20
343.9277776911711
 30
0.0
 11
23.92049188354748
 21
343.9277776911711
 31
0.0
  0
LINE
  5
421
330
70
100
AcDbEntity
  8
0
 62
     7
370
    25
100
AcDbLine
 10
92.19235438634735
 20
312.8420177645707
 30
0.0
 11
91.4387198844474
 21
312.9768922991707
 31
0.0
  0
LINE
  5
422
330
70
100
AcDbEntity
  8
0
 62
     7
370
    25
100
AcDbLine
 10
92.19235438634735
 20
313.0363042549708
 30
0.0
 11
91.95720447434702
 21
313.0783879637708
 31
0.0
  0
LINE
  5
423
330
70
100
AcDbEntity
  8
0
 62
     7
370
    25
100
AcDbLine
 10
92.19235438634735
 20
314.979169158571
 30
0.0
 11
91.32667813384733
 21
315.1340952950708
 31
0.0
  0
LINE
  5
424
330
70
100
AcDbEntity
  8
0
 62
     7
370
    25
100
AcDbLine
 10
92.19235438634735
 20
315.1734556489711
 30
0.0
 11
91.32667813384733
 21
315.3283817853707
 31
0.0
  0
LINE
  5
425
330
70
100
AcDbEntity
  8
0
 62
     7
370
    25
100
AcDbLine
 10
30.07549188354756
 20
323.0673054194706
 30
0.0
 11
30.197991883547
 21
323.0314964511706
 31
0.0
  0
LINE
  5
426
330
70
100
AcDbEntity
  8
0
 62
     7
370
    25
100
AcDbLine
 10
30.07549188354756
 20
323.1483414675706
 30
0.0
 11
30.197991883547
 21
323.1125324992706
 31
0.0
  0
LINE
  5
427
330
70
100
AcDbEntity
  8
0
 62
     7
370
    25
100
AcDbLine
 10
30.32049188354707
 20
324.7597450979705
 30
0.0
 11
30.197991883547
 21
324.7955540631711
 31
0.0
  0
LINE
  5
428
330
70
100
AcDbEntity
  8
0
 62
     7
370
    25
100
AcDbLine
 10
30.197991883547
 20
323.2915773501706
 30
0.0
 11
30.09590855994721
 21
323.3273863153706
 31
0.0
  0
LINE
  5
429
330
70
100
AcDbEntity
  8
0
 62
     7
370
    25
100
AcDbLine
 10
76.1204918835474
 20
346.4242856142705
 30
0.0
 11
75.8304918835471
 21
346.4242856142705
 31
0.0
  0
LINE
  5
42A
330
70
100
AcDbEntity
  8
0
 62
     7
370
    25
100
AcDbLine
 10
58.72049188354743
 20
346.4242856142705
 30
0.0
 11
58.43049188354713
 21
346.4242856142705
 31
0.0
  0
LINE
  5
42B
330
70
100
AcDbEntity
  8
0
 62
     7
370
    25
100
AcDbLine
 10
41.32049188354746
 20
346.4242856142705
 30
0.0
 11
41.03049188354716
 21
346.4242856142705
 31
0.0
  0
LINE
  5
42C
330
70
100
AcDbEntity
  8
0
 62
     7
370
    25
100
AcDbLine
 10
23.92049188354748
 20
346.4242856142705
 30
0.0
 11
23.63049188354719
 21
346.4242856142705
 31
0.0
  0
LINE
  5
42D
330
70
100
AcDbEntity
  8
0
 62
     7
370
    25
100
AcDbLine
 10
84.33049188354708
 20
346.4277776911708
 30
0.0
 11
76.1204918835474
 21
346.4277776911708
 31
0.0
  0
LINE
  5
42E
330
70
100
AcDbEntity
  8
0
 62
     7
370
    25
100
AcDbLine
 10
66.9304918835471
 20
346.4277776911708
 30
0.0
 11
58.72049188354743
 21
346.4277776911708
 31
0.0
  0
LINE
  5
42F
330
70
100
AcDbEntity
  8
0
 62
     7
370
    25
100
AcDbLine
 10
49.53049188354714
 20
346.4277776911708
 30
0.0
 11
41.32049188354746
 21
346.4277776911708
 31
0.0
  0
LINE
  5
430
330
70
100
AcDbEntity
  8
0
 62
     7
370
    25
100
AcDbLine
 10
32.13049188354716
 20
346.4277776911708
 30
0.0
 11
23.92049188354748
 21
346.4277776911708
 31
0.0
  0
LINE
  5
431
330
70
100
AcDbEntity
  8
0
 62
     7
370
    25
100
AcDbLine
 10
47.47549188354753
 20
323.0673054194706
 30
0.0
 11
47.59799188354697
 21
323.0314964511706
 31
0.0
  0
LINE
  5
432
330
70
100
AcDbEntity
  8
0
 62
     7
370
    25
100
AcDbLine
 10
47.47549188354753
 20
323.1483414675706
 30
0.0
 11
47.59799188354697
 21
323.1125324992706
 31
0.0
  0
LINE
  5
433
330
70
100
AcDbEntity
  8
0
 62
     7
370
    25
100
AcDbLine
 10
47.72049188354704
 20
324.7597450979705
 30
0.0
 11
47.59799188354697
 21
324.7955540631711
 31
0.0
  0
LINE
  5
434
330
70
100
AcDbEntity
  8
0
 62
     7
370
    25
100
AcDbLine
 10
64.8754918835475
 20
323.0673054194706
 30
0.0
 11
64.99799188354694
 21
323.0314964511706
 31
0.0
  0
LINE
  5
435
330
70
100
AcDbEntity
  8
0
 62
     7
370
    25
100
AcDbLine
 10
64.8754918835475
 20
323.1483414675706
 30
0.0
 11
64.99799188354694
 21
323.1125324992706
 31
0.0
  0
LINE
  5
436
330
70
100
AcDbEntity
  8
0
 62
     7
370
    25
100
AcDbLine
 10
65.12049188354701
 20
324.7597450979705
 30
0.0
 11
64.99799188354694
 21
324.7955540631711
 31
0.0
  0
LINE
  5
437
330
70
100
AcDbEntity
  8
0
 62
     7
370
    25
100
AcDbLine
 10
82.27549188354748
 20
323.0673054194706
 30
0.0
 11
82.39799188354755
 21
323.0314964511706
 31
0.0
  0
LINE
  5
438
330
70
100
AcDbEntity
  8
0
 62
     7
370
    25
100
AcDbLine
 10
82.27549188354748
 20
323.1483414675706
 30
0.0
 11
82.39799188354755
 21
323.1125324992706
 31
0.0
  0
LINE
  5
439
330
70
100
AcDbEntity
  8
0
 62
     7
370
    25
100
AcDbLine
 10
82.52049188354698
 20
324.7597450979705
 30
0.0
 11
82.39799188354755
 21
324.7955540631711
 31
0.0
  0
LINE
  5
43A
330
70
100
AcDbEntity
  8
0
 62
     7
370
    25
100
AcDbLine
 10
31.93340847234745
 20
323.0673054194706
 30
0.0
 11
32.0354918835475
 21
323.0314964511706
 31
0.0
  0
LINE
  5
43B
330
70
100
AcDbEntity
  8
0
 62
     7
370
    25
100
AcDbLine
 10
31.93340847234745
 20
323.1483414675706
 30
0.0
 11
32.0354918835475
 21
323.1125324992706
 31
0.0
  0
LINE
  5
43C
330
70
100
AcDbEntity
  8
0
 62
     7
370
    25
100
AcDbLine
 10
30.197991883547
 20
324.5354731891711
 30
0.0
 11
30.30007520714742
 21
324.4996642239705
 31
0.0
  0
LINE
  5
43D
330
70
100
AcDbEntity
  8
0
 62
     7
370
    25
100
AcDbLine
 10
30.197991883547
 20
324.616509237271
 30
0.0
 11
30.30007520714742
 21
324.5807002720705
 31
0.0
  0
LINE
  5
43E
330
70
100
AcDbEntity
  8
0
 62
     7
370
    25
100
AcDbLine
 10
32.30090847234704
 20
324.7597450979705
 30
0.0
 11
32.19882529474727
 21
324.7955540631711
 31
0.0
  0
LINE
  5
43F
330
70
100
AcDbEntity
  8
0
 62
     7
370
    25
100
AcDbLine
 10
47.59799188354697
 20
323.2915773501706
 30
0.0
 11
47.49590855994718
 21
323.3273863153706
 31
0.0
  0
LINE
  5
440
330
70
100
AcDbEntity
  8
0
 62
     7
370
    25
100
AcDbLine
 10
49.33340847234742
 20
323.0673054194706
 30
0.0
 11
49.43549188354747
 21
323.0314964511706
 31
0.0
  0
LINE
  5
441
330
70
100
AcDbEntity
  8
0
 62
     7
370
    25
100
AcDbLine
 10
49.33340847234742
 20
323.1483414675706
 30
0.0
 11
49.43549188354747
 21
323.1125324992706
 31
0.0
  0
LINE
  5
442
330
70
100
AcDbEntity
  8
0
 62
     7
370
    25
100
AcDbLine
 10
47.59799188354697
 20
324.5354731891711
 30
0.0
 11
47.70007520714739
 21
324.4996642239705
 31
0.0
  0
LINE
  5
443
330
70
100
AcDbEntity
  8
0
 62
     7
370
    25
100
AcDbLine
 10
47.59799188354697
 20
324.616509237271
 30
0.0
 11
47.70007520714739
 21
324.5807002720705
 31
0.0
  0
LINE
  5
444
330
70
100
AcDbEntity
  8
0
 62
     7
370
    25
100
AcDbLine
 10
49.70090847234701
 20
324.7597450979705
 30
0.0
 11
49.59882529474723
 21
324.7955540631711
 31
0.0
  0
LINE
  5
445
330
70
100
AcDbEntity
  8
0
 62
     7
370
    25
100
AcDbLine
 10
64.99799188354694
 20
323.2915773501706
 30
0.0
 11
64.89590855994716
 21
323.3273863153706
 31
0.0
  0
LINE
  5
446
330
70
100
AcDbEntity
  8
0
 62
     7
370
    25
100
AcDbLine
 10
66.73340847234739
 20
323.0673054194706
 30
0.0
 11
66.83549188354745
 21
323.0314964511706
 31
0.0
  0
LINE
  5
447
330
70
100
AcDbEntity
  8
0
 62
     7
370
    25
100
AcDbLine
 10
66.73340847234739
 20
323.1483414675706
 30
0.0
 11
66.83549188354745
 21
323.1125324992706
 31
0.0
  0
LINE
  5
448
330
70
100
AcDbEntity
  8
0
 62
     7
370
    25
100
AcDbLine
 10
64.99799188354694
 20
324.5354731891711
 30
0.0
 11
65.10007520714736
 21
324.4996642239705
 31
0.0
  0
LINE
  5
449
330
70
100
AcDbEntity
  8
0
 62
     7
370
    25
100
AcDbLine
 10
64.99799188354694
 20
324.616509237271
 30
0.0
 11
65.10007520714736
 21
324.5807002720705
 31
0.0
  0
LINE
  5
44A
330
70
100
AcDbEntity
  8
0
 62
     7
370
    25
100
AcDbLine
 10
67.10090847234699
 20
324.7597450979705
 30
0.0
 11
66.9988252947472
 21
324.7955540631711
 31
0.0
  0
LINE
  5
44B
330
70
100
AcDbEntity
  8
0
 62
     7
370
    25
100
AcDbLine
 10
32.0354918835475
 20
323.3273863153706
 30
0.0
 11
31.95382529474711
 21
323.3631952805711
 31
0.0
  0
LINE
  5
44C
330
70
100
AcDbEntity
  8
0
 62
     7
370
    25
100
AcDbLine
 10
32.19882529474727
 20
324.4996642239705
 30
0.0
 11
32.28049188354701
 21
324.4638552588707
 31
0.0
  0
LINE
  5
44D
330
70
100
AcDbEntity
  8
0
 62
     7
370
    25
100
AcDbLine
 10
32.19882529474727
 20
324.5807002720705
 30
0.0
 11
32.28049188354701
 21
324.5448913068706
 31
0.0
  0
LINE
  5
44E
330
70
100
AcDbEntity
  8
0
 62
     7
370
    25
100
AcDbLine
 10
49.43549188354747
 20
323.3273863153706
 30
0.0
 11
49.35382529474708
 21
323.3631952805711
 31
0.0
  0
LINE
  5
44F
330
70
100
AcDbEntity
  8
0
 62
     7
370
    25
100
AcDbLine
 10
49.59882529474723
 20
324.4996642239705
 30
0.0
 11
49.68049188354698
 21
324.4638552588707
 31
0.0
  0
LINE
  5
450
330
70
100
AcDbEntity
  8
0
 62
     7
370
    25
100
AcDbLine
 10
49.59882529474723
 20
324.5807002720705
 30
0.0
 11
49.68049188354698
 21
324.5448913068706
 31
0.0
  0
LINE
  5
451
330
70
100
AcDbEntity
  8
0
 62
     7
370
    25
100
AcDbLine
 10
32.96059470064732
 20
286.0655819214711
 30
0.0
 11
33.95129184504733
 21
285.2069777296705
 31
0.0
  0
LINE
  5
452
330
70
100
AcDbEntity
  8
0
 62
     7
370
    25
100
AcDbLine
 10
31.30198928474737
 20
287.9885866049709
 30
0.0
 11
30.30969192194754
 21
288.8485776527709
 31
0.0
  0
LINE
  5
453
330
70
100
AcDbEntity
  8
0
 62
     7
370
    25
100
AcDbLine
 10
50.36059470064728
 20
286.0655819214711
 30
0.0
 11
51.3512918450473
 21
285.2069777296705
 31
0.0
  0
LINE
  5
454
330
70
100
AcDbEntity
  8
0
 62
     7
370
    25
100
AcDbLine
 10
48.70198928474734
 20
287.9885866049709
 30
0.0
 11
47.7096919219475
 21
288.8485776527709
 31
0.0
  0
LINE
  5
455
330
70
100
AcDbEntity
  8
0
 62
     7
370
    25
100
AcDbLine
 10
31.33484639814715
 20
286.1617222407708
 30
0.0
 11
31.22893073754698
 21
286.2676379014711
 31
0.0
  0
LINE
  5
456
330
70
100
AcDbEntity
  8
0
 62
     7
370
    25
100
AcDbLine
 10
32.91995053184741
 20
287.900019978671
 30
0.0
 11
33.03205302954735
 21
287.787917480971
 31
0.0
  0
LINE
  5
457
330
70
100
AcDbEntity
  8
0
 62
     7
370
    25
100
AcDbLine
 10
76.1204918835474
 20
362.0603149912709
 30
0.0
 11
75.8304918835471
 21
362.0603149912709
 31
0.0
  0
LINE
  5
458
330
70
100
AcDbEntity
  8
0
 62
     7
370
    25
100
AcDbLine
 10
58.72049188354743
 20
362.0603149912709
 30
0.0
 11
58.43049188354713
 21
362.0603149912709
 31
0.0
  0
LINE
  5
459
330
70
100
AcDbEntity
  8
0
 62
     7
370
    25
100
AcDbLine
 10
41.32049188354746
 20
362.0603149912709
 30
0.0
 11
41.03049188354716
 21
362.0603149912709
 31
0.0
  0
LINE
  5
45A
330
70
100
AcDbEntity
  8
0
 62
     7
370
    25
100
AcDbLine
 10
23.92049188354748
 20
362.0603149912709
 30
0.0
 11
23.63049188354719
 21
362.0603149912709
 31
0.0
  0
LINE
  5
45B
330
70
100
AcDbEntity
  8
0
 62
     7
370
    25
100
AcDbLine
 10
84.33049188354708
 20
362.0672906386706
 30
0.0
 11
76.1204918835474
 21
362.0672906386706
 31
0.0
  0
LINE
  5
45C
330
70
100
AcDbEntity
  8
0
 62
     7
370
    25
100
AcDbLine
 10
66.9304918835471
 20
362.0672906386706
 30
0.0
 11
58.72049188354743
 21
362.0672906386706
 31
0.0
  0
LINE
  5
45D
330
70
100
AcDbEntity
  8
0
 62
     7
370
    25
100
AcDbLine
 10
49.53049188354714
 20
362.0672906386706
 30
0.0
 11
41.32049188354746
 21
362.0672906386706
 31
0.0
  0
LINE
  5
45E
330
70
100
AcDbEntity
  8
0
 62
     7
370
    25
100
AcDbLine
 10
32.13049188354716
 20
362.0672906386706
 30
0.0
 11
23.92049188354748
 21
362.0672906386706
 31
0.0
  0
LINE
  5
45F
330
70
100
AcDbEntity
  8
0
 62
     7
370
    25
100
AcDbLine
 10
76.1204918835474
 20
363.8277776911708
 30
0.0
 11
75.8304918835471
 21
363.8277776911708
 31
0.0
  0
LINE
  5
460
330
70
100
AcDbEntity
  8
0
 62
     7
370
    25
100
AcDbLine
 10
58.72049188354743
 20
363.8277776911708
 30
0.0
 11
58.43049188354713
 21
363.8277776911708
 31
0.0
  0
LINE
  5
461
330
70
100
AcDbEntity
  8
0
 62
     7
370
    25
100
AcDbLine
 10
41.32049188354746
 20
363.8277776911708
 30
0.0
 11
41.03049188354716
 21
363.8277776911708
 31
0.0
  0
LINE
  5
462
330
70
100
AcDbEntity
  8
0
 62
     7
370
    25
100
AcDbLine
 10
23.92049188354748
 20
363.8277776911708
 30
0.0
 11
23.63049188354719
 21
363.8277776911708
 31
0.0
  0
LINE
  5
463
330
70
100
AcDbEntity
  8
0
 62
     7
370
    25
100
AcDbLine
 10
84.33049188354708
 20
363.9277776911705
 30
0.0
 11
76.1204918835474
 21
363.9277776911705
 31
0.0
  0
LINE
  5
464
330
70
100
AcDbEntity
  8
0
 62
     7
370
    25
100
AcDbLine
 10
66.9304918835471
 20
363.9277776911705
 30
0.0
 11
58.72049188354743
 21
363.9277776911705
 31
0.0
  0
LINE
  5
465
330
70
100
AcDbEntity
  8
0
 62
     7
370
    25
100
AcDbLine
 10
49.53049188354714
 20
363.9277776911705
 30
0.0
 11
41.32049188354746
 21
363.9277776911705
 31
0.0
  0
LINE
  5
466
330
70
100
AcDbEntity
  8
0
 62
     7
370
    25
100
AcDbLine
 10
32.13049188354716
 20
363.9277776911705
 30
0.0
 11
23.92049188354748
 21
363.9277776911705
 31
0.0
  0
LINE
  5
467
330
70
100
AcDbEntity
  8
0
 62
     7
370
    25
100
AcDbLine
 10
82.39799188354755
 20
323.2915773501706
 30
0.0
 11
82.29590855994713
 21
323.3273863153706
 31
0.0
  0
LINE
  5
468
330
70
100
AcDbEntity
  8
0
 62
     7
370
    25
100
AcDbLine
 10
84.13340847234737
 20
323.0673054194706
 30
0.0
 11
84.23549188354741
 21
323.0314964511706
 31
0.0
  0
LINE
  5
469
330
70
100
AcDbEntity
  8
0
 62
     7
370
    25
100
AcDbLine
 10
84.13340847234737
 20
323.1483414675706
 30
0.0
 11
84.23549188354741
 21
323.1125324992706
 31
0.0
  0
LINE
  5
46A
330
70
100
AcDbEntity
  8
0
 62
     7
370
    25
100
AcDbLine
 10
82.39799188354755
 20
324.5354731891711
 30
0.0
 11
82.50007520714733
 21
324.4996642239705
 31
0.0
  0
LINE
  5
46B
330
70
100
AcDbEntity
  8
0
 62
     7
370
    25
100
AcDbLine
 10
82.39799188354755
 20
324.616509237271
 30
0.0
 11
82.50007520714733
 21
324.5807002720705
 31
0.0
  0
LINE
  5
46C
330
70
100
AcDbEntity
  8
0
 62
     7
370
    25
100
AcDbLine
 10
84.50090847234696
 20
324.7597450979705
 30
0.0
 11
84.39882529474719
 21
324.7955540631711
 31
0.0
  0
LINE
  5
46D
330
70
100
AcDbEntity
  8
0
 62
     7
370
    25
100
AcDbLine
 10
66.83549188354745
 20
323.3273863153706
 30
0.0
 11
66.75382529474706
 21
323.3631952805711
 31
0.0
  0
LINE
  5
46E
330
70
100
AcDbEntity
  8
0
 62
     7
370
    25
100
AcDbLine
 10
66.9988252947472
 20
324.4996642239705
 30
0.0
 11
67.08049188354696
 21
324.4638552588707
 31
0.0
  0
LINE
  5
46F
330
70
100
AcDbEntity
  8
0
 62
     7
370
    25
100
AcDbLine
 10
66.9988252947472
 20
324.5807002720705
 30
0.0
 11
67.08049188354696
 21
324.5448913068706
 31
0.0
  0
LINE
  5
470
330
70
100
AcDbEntity
  8
0
 62
     7
370
    25
100
AcDbLine
 10
84.23549188354741
 20
323.3273863153706
 30
0.0
 11
84.15382529474703
 21
323.3631952805711
 31
0.0
  0
LINE
  5
471
330
70
100
AcDbEntity
  8
0
 62
     7
370
    25
100
AcDbLine
 10
84.39882529474719
 20
324.4996642239705
 30
0.0
 11
84.48049188354692
 21
324.4638552588707
 31
0.0
  0
LINE
  5
472
330
70
100
AcDbEntity
  8
0
 62
     7
370
    25
100
AcDbLine
 10
84.39882529474719
 20
324.5807002720705
 30
0.0
 11
84.48049188354692
 21
324.5448913068706
 31
0.0
  0
LINE
  5
473
330
70
100
AcDbEntity
  8
0
 62
     7
370
    25
100
AcDbLine
 10
67.76059470064726
 20
286.0655819214711
 30
0.0
 11
68.75129184504728
 21
285.2069777296705
 31
0.0
  0
LINE
  5
474
330
70
100
AcDbEntity
  8
0
 62
     7
370
    25
100
AcDbLine
 10
66.10198928474732
 20
287.9885866049709
 30
0.0
 11
65.10969192194749
 21
288.8485776527709
 31
0.0
  0
LINE
  5
475
330
70
100
AcDbEntity
  8
0
 62
     7
370
    25
100
AcDbLine
 10
31.85174188354706
 20
323.1389233592706
 30
0.0
 11
31.93340847234745
 21
323.0673054194706
 31
0.0
  0
LINE
  5
476
330
70
100
AcDbEntity
  8
0
 62
     7
370
    25
100
AcDbLine
 10
31.85174188354706
 20
323.2199594072706
 30
0.0
 11
31.93340847234745
 21
323.1483414675706
 31
0.0
  0
LINE
  5
477
330
70
100
AcDbEntity
  8
0
 62
     7
370
    25
100
AcDbLine
 10
48.73484639814712
 20
286.1617222407708
 30
0.0
 11
48.62893073754695
 21
286.2676379014711
 31
0.0
  0
LINE
  5
478
330
70
100
AcDbEntity
  8
0
 62
     7
370
    25
100
AcDbLine
 10
50.31995053184737
 20
287.900019978671
 30
0.0
 11
50.43205302954731
 21
287.787917480971
 31
0.0
  0
LINE
  5
479
330
70
100
AcDbEntity
  8
0
 62
     7
370
    25
100
AcDbLine
 10
30.30969192194754
 20
288.8485776527709
 30
0.0
 11
31.22893073754698
 21
287.787917480971
 31
0.0
  0
LINE
  5
47A
330
70
100
AcDbEntity
  8
0
 62
     7
370
    25
100
AcDbLine
 10
33.95129184504733
 20
285.2069777296705
 30
0.0
 11
33.03205302954735
 21
286.2676379014711
 31
0.0
  0
LINE
  5
47B
330
70
100
AcDbEntity
  8
0
 62
     7
370
    25
100
AcDbLine
 10
47.7096919219475
 20
288.8485776527709
 30
0.0
 11
48.62893073754695
 21
287.787917480971
 31
0.0
  0
LINE
  5
47C
330
70
100
AcDbEntity
  8
0
 62
     7
370
    25
100
AcDbLine
 10
51.3512918450473
 20
285.2069777296705
 30
0.0
 11
50.43205302954731
 21
286.2676379014711
 31
0.0
  0
LINE
  5
47D
330
70
100
AcDbEntity
  8
0
 62
     7
370
    25
100
AcDbLine
 10
85.16059470064723
 20
286.0655819214711
 30
0.0
 11
86.15129184504725
 21
285.2069777296705
 31
0.0
  0
LINE
  5
47E
330
70
100
AcDbEntity
  8
0
 62
     7
370
    25
100
AcDbLine
 10
83.50198928474728
 20
287.9885866049709
 30
0.0
 11
82.50969192194745
 21
288.8485776527709
 31
0.0
  0
LINE
  5
47F
330
70
100
AcDbEntity
  8
0
 62
     7
370
    25
100
AcDbLine
 10
32.38257529474706
 20
324.6881271675708
 30
0.0
 11
32.30090847234704
 21
324.7597450979705
 31
0.0
  0
LINE
  5
480
330
70
100
AcDbEntity
  8
0
 62
     7
370
    25
100
AcDbLine
 10
49.25174188354703
 20
323.1389233592706
 30
0.0
 11
49.33340847234742
 21
323.0673054194706
 31
0.0
  0
LINE
  5
481
330
70
100
AcDbEntity
  8
0
 62
     7
370
    25
100
AcDbLine
 10
49.25174188354703
 20
323.2199594072706
 30
0.0
 11
49.33340847234742
 21
323.1483414675706
 31
0.0
  0
LINE
  5
482
330
70
100
AcDbEntity
  8
0
 62
     7
370
    25
100
AcDbLine
 10
49.78257529474703
 20
324.6881271675708
 30
0.0
 11
49.70090847234701
 21
324.7597450979705
 31
0.0
  0
LINE
  5
483
330
70
100
AcDbEntity
  8
0
 62
     7
370
    25
100
AcDbLine
 10
66.13484639814709
 20
286.1617222407708
 30
0.0
 11
66.02893073754692
 21
286.2676379014711
 31
0.0
  0
LINE
  5
484
330
70
100
AcDbEntity
  8
0
 62
     7
370
    25
100
AcDbLine
 10
67.71995053184735
 20
287.900019978671
 30
0.0
 11
67.8320530295473
 21
287.787917480971
 31
0.0
  0
LINE
  5
485
330
70
100
AcDbEntity
  8
0
 62
     7
370
    25
100
AcDbLine
 10
83.53484639814707
 20
286.1617222407708
 30
0.0
 11
83.42893073754755
 21
286.2676379014711
 31
0.0
  0
LINE
  5
486
330
70
100
AcDbEntity
  8
0
 62
     7
370
    25
100
AcDbLine
 10
29.9734085453472
 20
323.1747323243711
 30
0.0
 11
30.07549188354756
 21
323.0673054194706
 31
0.0
  0
LINE
  5
487
330
70
100
AcDbEntity
  8
0
 62
     7
370
    25
100
AcDbLine
 10
29.9734085453472
 20
323.2557683724711
 30
0.0
 11
30.07549188354756
 21
323.1483414675706
 31
0.0
  0
LINE
  5
488
330
70
100
AcDbEntity
  8
0
 62
     7
370
    25
100
AcDbLine
 10
30.42257523634737
 20
324.652318202471
 30
0.0
 11
30.32049188354707
 21
324.7597450979705
 31
0.0
  0
LINE
  5
489
330
70
100
AcDbEntity
  8
0
 62
     7
370
    25
100
AcDbLine
 10
65.10969192194749
 20
288.8485776527709
 30
0.0
 11
66.02893073754692
 21
287.787917480971
 31
0.0
  0
LINE
  5
48A
330
70
100
AcDbEntity
  8
0
 62
     7
370
    25
100
AcDbLine
 10
68.75129184504728
 20
285.2069777296705
 30
0.0
 11
67.8320530295473
 21
286.2676379014711
 31
0.0
  0
LINE
  5
48B
330
70
100
AcDbEntity
  8
0
 62
     7
370
    25
100
AcDbLine
 10
30.09590855994721
 20
323.3273863153706
 30
0.0
 11
30.03465854534691
 21
323.3990042457711
 31
0.0
  0
LINE
  5
48C
330
70
100
AcDbEntity
  8
0
 62
     7
370
    25
100
AcDbLine
 10
30.30007520714742
 20
324.4996642239705
 30
0.0
 11
30.36132523634701
 21
324.4280462936708
 31
0.0
  0
LINE
  5
48D
330
70
100
AcDbEntity
  8
0
 62
     7
370
    25
100
AcDbLine
 10
30.30007520714742
 20
324.5807002720705
 30
0.0
 11
30.36132523634701
 21
324.5090823417708
 31
0.0
  0
LINE
  5
48E
330
70
100
AcDbEntity
  8
0
 62
     7
370
    25
100
AcDbLine
 10
31.95382529474711
 20
323.3631952805711
 30
0.0
 11
31.89257529474739
 21
323.4348132359709
 31
0.0
  0
LINE
  5
48F
330
70
100
AcDbEntity
  8
0
 62
     7
370
    25
100
AcDbLine
 10
32.28049188354701
 20
324.4638552588707
 30
0.0
 11
32.34174188354737
 21
324.3922373284708
 31
0.0
  0
LINE
  5
490
330
70
100
AcDbEntity
  8
0
 62
     7
370
    25
100
AcDbLine
 10
32.28049188354701
 20
324.5448913068706
 30
0.0
 11
32.34174188354737
 21
324.4732733765709
 31
0.0
  0
LINE
  5
491
330
70
100
AcDbEntity
  8
0
 62
     7
370
    25
100
AcDbLine
 10
32.9589944822475
 20
354.966928777471
 30
0.0
 11
33.95129184504733
 21
354.106937729671
 31
0.0
  0
LINE
  5
492
330
70
100
AcDbEntity
  8
0
 62
     7
370
    25
100
AcDbLine
 10
31.30038906634756
 20
356.8899334609708
 30
0.0
 11
30.30969192194754
 21
357.7485376527708
 31
0.0
  0
LINE
  5
493
330
70
100
AcDbEntity
  8
0
 62
     7
370
    25
100
AcDbLine
 10
66.65174188354701
 20
323.1389233592706
 30
0.0
 11
66.73340847234739
 21
323.0673054194706
 31
0.0
  0
LINE
  5
494
330
70
100
AcDbEntity
  8
0
 62
     7
370
    25
100
AcDbLine
 10
66.65174188354701
 20
323.2199594072706
 30
0.0
 11
66.73340847234739
 21
323.1483414675706
 31
0.0
  0
LINE
  5
495
330
70
100
AcDbEntity
  8
0
 62
     7
370
    25
100
AcDbLine
 10
67.182575294747
 20
324.6881271675708
 30
0.0
 11
67.10090847234699
 21
324.7597450979705
 31
0.0
  0
LINE
  5
496
330
70
100
AcDbEntity
  8
0
 62
     7
370
    25
100
AcDbLine
 10
85.11995053184731
 20
287.900019978671
 30
0.0
 11
85.23205302954727
 21
287.787917480971
 31
0.0
  0
LINE
  5
497
330
70
100
AcDbEntity
  8
0
 62
     7
370
    25
100
AcDbLine
 10
31.34103323524693
 20
355.0554954037711
 30
0.0
 11
31.22893073754698
 21
355.167597901471
 31
0.0
  0
LINE
  5
498
330
70
100
AcDbEntity
  8
0
 62
     7
370
    25
100
AcDbLine
 10
32.92613736884708
 20
356.7937931416705
 30
0.0
 11
33.03205302954735
 21
356.6878774809709
 31
0.0
  0
LINE
  5
499
330
70
100
AcDbEntity
  8
0
 62
     7
370
    25
100
AcDbLine
 10
47.37340854534717
 20
323.1747323243711
 30
0.0
 11
47.47549188354753
 21
323.0673054194706
 31
0.0
  0
LINE
  5
49A
330
70
100
AcDbEntity
  8
0
 62
     7
370
    25
100
AcDbLine
 10
47.37340854534717
 20
323.2557683724711
 30
0.0
 11
47.47549188354753
 21
323.1483414675706
 31
0.0
  0
LINE
  5
49B
330
70
100
AcDbEntity
  8
0
 62
     7
370
    25
100
AcDbLine
 10
47.82257523634734
 20
324.652318202471
 30
0.0
 11
47.72049188354704
 21
324.7597450979705
 31
0.0
  0
LINE
  5
49C
330
70
100
AcDbEntity
  8
0
 62
     7
370
    25
100
AcDbLine
 10
82.50969192194745
 20
288.8485776527709
 30
0.0
 11
83.42893073754755
 21
287.787917480971
 31
0.0
  0
LINE
  5
49D
330
70
100
AcDbEntity
  8
0
 62
     7
370
    25
100
AcDbLine
 10
86.15129184504725
 20
285.2069777296705
 30
0.0
 11
85.23205302954727
 21
286.2676379014711
 31
0.0
  0
LINE
  5
49E
330
70
100
AcDbEntity
  8
0
 62
     7
370
    25
100
AcDbLine
 10
47.49590855994718
 20
323.3273863153706
 30
0.0
 11
47.43465854534752
 21
323.3990042457711
 31
0.0
  0
LINE
  5
49F
330
70
100
AcDbEntity
  8
0
 62
     7
370
    25
100
AcDbLine
 10
47.70007520714739
 20
324.4996642239705
 30
0.0
 11
47.76132523634698
 21
324.4280462936708
 31
0.0
  0
LINE
  5
4A0
330
70
100
AcDbEntity
  8
0
 62
     7
370
    25
100
AcDbLine
 10
47.70007520714739
 20
324.5807002720705
 30
0.0
 11
47.76132523634698
 21
324.5090823417708
 31
0.0
  0
LINE
  5
4A1
330
70
100
AcDbEntity
  8
0
 62
     7
370
    25
100
AcDbLine
 10
49.35382529474708
 20
323.3631952805711
 30
0.0
 11
49.29257529474736
 21
323.4348132359709
 31
0.0
  0
LINE
  5
4A2
330
70
100
AcDbEntity
  8
0
 62
     7
370
    25
100
AcDbLine
 10
49.68049188354698
 20
324.4638552588707
 30
0.0
 11
49.74174188354734
 21
324.3922373284708
 31
0.0
  0
LINE
  5
4A3
330
70
100
AcDbEntity
  8
0
 62
     7
370
    25
100
AcDbLine
 10
49.68049188354698
 20
324.5448913068706
 30
0.0
 11
49.74174188354734
 21
324.4732733765709
 31
0.0
  0
LINE
  5
4A4
330
70
100
AcDbEntity
  8
0
 62
     7
370
    25
100
AcDbLine
 10
29.91215855264745
 20
323.2821592324711
 30
0.0
 11
29.9734085453472
 21
323.1747323243711
 31
0.0
  0
LINE
  5
4A5
330
70
100
AcDbEntity
  8
0
 62
     7
370
    25
100
AcDbLine
 10
29.91215855264745
 20
323.3631952805711
 30
0.0
 11
29.9734085453472
 21
323.2557683724711
 31
0.0
  0
LINE
  5
4A6
330
70
100
AcDbEntity
  8
0
 62
     7
370
    25
100
AcDbLine
 10
30.48382523634709
 20
324.5448913068706
 30
0.0
 11
30.42257523634737
 21
324.652318202471
 31
0.0
  0
LINE
  5
4A7
330
70
100
AcDbEntity
  8
0
 62
     7
370
    25
100
AcDbLine
 10
31.77007517794718
 20
323.2821592324711
 30
0.0
 11
31.85174188354706
 21
323.1389233592706
 31
0.0
  0
LINE
  5
4A8
330
70
100
AcDbEntity
  8
0
 62
     7
370
    25
100
AcDbLine
 10
31.77007517794718
 20
323.3631952805711
 30
0.0
 11
31.85174188354706
 21
323.2199594072706
 31
0.0
  0
LINE
  5
4A9
330
70
100
AcDbEntity
  8
0
 62
     7
370
    25
100
AcDbLine
 10
32.46424188354744
 20
324.5448913068706
 30
0.0
 11
32.38257529474706
 21
324.6881271675708
 31
0.0
  0
LINE
  5
4AA
330
70
100
AcDbEntity
  8
0
 62
     7
370
    25
100
AcDbLine
 10
50.35899448224747
 20
354.966928777471
 30
0.0
 11
51.3512918450473
 21
354.106937729671
 31
0.0
  0
LINE
  5
4AB
330
70
100
AcDbEntity
  8
0
 62
     7
370
    25
100
AcDbLine
 10
48.70038906634754
 20
356.8899334609708
 30
0.0
 11
47.7096919219475
 21
357.7485376527708
 31
0.0
  0
LINE
  5
4AC
330
70
100
AcDbEntity
  8
0
 62
     7
370
    25
100
AcDbLine
 10
84.05174188354697
 20
323.1389233592706
 30
0.0
 11
84.13340847234737
 21
323.0673054194706
 31
0.0
  0
LINE
  5
4AD
330
70
100
AcDbEntity
  8
0
 62
     7
370
    25
100
AcDbLine
 10
84.05174188354697
 20
323.2199594072706
 30
0.0
 11
84.13340847234737
 21
323.1483414675706
 31
0.0
  0
LINE
  5
4AE
330
70
100
AcDbEntity
  8
0
 62
     7
370
    25
100
AcDbLine
 10
84.58257529474698
 20
324.6881271675708
 30
0.0
 11
84.50090847234696
 21
324.7597450979705
 31
0.0
  0
LINE
  5
4AF
330
70
100
AcDbEntity
  8
0
 62
     7
370
    25
100
AcDbLine
 10
48.74103323524754
 20
355.0554954037711
 30
0.0
 11
48.62893073754695
 21
355.167597901471
 31
0.0
  0
LINE
  5
4B0
330
70
100
AcDbEntity
  8
0
 62
     7
370
    25
100
AcDbLine
 10
50.32613736884705
 20
356.7937931416705
 30
0.0
 11
50.43205302954731
 21
356.6878774809709
 31
0.0
  0
LINE
  5
4B1
330
70
100
AcDbEntity
  8
0
 62
     7
370
    25
100
AcDbLine
 10
64.77340854534713
 20
323.1747323243711
 30
0.0
 11
64.8754918835475
 21
323.0673054194706
 31
0.0
  0
LINE
  5
4B2
330
70
100
AcDbEntity
  8
0
 62
     7
370
    25
100
AcDbLine
 10
64.77340854534713
 20
323.2557683724711
 30
0.0
 11
64.8754918835475
 21
323.1483414675706
 31
0.0
  0
LINE
  5
4B3
330
70
100
AcDbEntity
  8
0
 62
     7
370
    25
100
AcDbLine
 10
65.22257523634731
 20
324.652318202471
 30
0.0
 11
65.12049188354701
 21
324.7597450979705
 31
0.0
  0
LINE
  5
4B4
330
70
100
AcDbEntity
  8
0
 62
     7
370
    25
100
AcDbLine
 10
82.17340854534711
 20
323.1747323243711
 30
0.0
 11
82.27549188354748
 21
323.0673054194706
 31
0.0
  0
LINE
  5
4B5
330
70
100
AcDbEntity
  8
0
 62
     7
370
    25
100
AcDbLine
 10
82.17340854534711
 20
323.2557683724711
 30
0.0
 11
82.27549188354748
 21
323.1483414675706
 31
0.0
  0
LINE
  5
4B6
330
70
100
AcDbEntity
  8
0
 62
     7
370
    25
100
AcDbLine
 10
82.62257523634728
 20
324.652318202471
 30
0.0
 11
82.52049188354698
 21
324.7597450979705
 31
0.0
  0
LINE
  5
4B7
330
70
100
AcDbEntity
  8
0
 62
     7
370
    25
100
AcDbLine
 10
30.30969192194754
 20
357.7485376527708
 30
0.0
 11
31.22893073754698
 21
356.6878774809709
 31
0.0
  0
LINE
  5
4B8
330
70
100
AcDbEntity
  8
0
 62
     7
370
    25
100
AcDbLine
 10
33.95129184504733
 20
354.106937729671
 30
0.0
 11
33.03205302954735
 21
355.167597901471
 31
0.0
  0
LINE
  5
4B9
330
70
100
AcDbEntity
  8
0
 62
     7
370
    25
100
AcDbLine
 10
47.7096919219475
 20
357.7485376527708
 30
0.0
 11
48.62893073754695
 21
356.6878774809709
 31
0.0
  0
LINE
  5
4BA
330
70
100
AcDbEntity
  8
0
 62
     7
370
    25
100
AcDbLine
 10
64.89590855994716
 20
323.3273863153706
 30
0.0
 11
64.83465854534749
 21
323.3990042457711
 31
0.0
  0
LINE
  5
4BB
330
70
100
AcDbEntity
  8
0
 62
     7
370
    25
100
AcDbLine
 10
65.10007520714736
 20
324.4996642239705
 30
0.0
 11
65.16132523634695
 21
324.4280462936708
 31
0.0
  0
LINE
  5
4BC
330
70
100
AcDbEntity
  8
0
 62
     7
370
    25
100
AcDbLine
 10
65.10007520714736
 20
324.5807002720705
 30
0.0
 11
65.16132523634695
 21
324.5090823417708
 31
0.0
  0
LINE
  5
4BD
330
70
100
AcDbEntity
  8
0
 62
     7
370
    25
100
AcDbLine
 10
66.75382529474706
 20
323.3631952805711
 30
0.0
 11
66.69257529474734
 21
323.4348132359709
 31
0.0
  0
LINE
  5
4BE
330
70
100
AcDbEntity
  8
0
 62
     7
370
    25
100
AcDbLine
 10
67.08049188354696
 20
324.4638552588707
 30
0.0
 11
67.14174188354731
 21
324.3922373284708
 31
0.0
  0
LINE
  5
4BF
330
70
100
AcDbEntity
  8
0
 62
     7
370
    25
100
AcDbLine
 10
67.08049188354696
 20
324.5448913068706
 30
0.0
 11
67.14174188354731
 21
324.4732733765709
 31
0.0
  0
LINE
  5
4C0
330
70
100
AcDbEntity
  8
0
 62
     7
370
    25
100
AcDbLine
 10
47.31215855264742
 20
323.2821592324711
 30
0.0
 11
47.37340854534717
 21
323.1747323243711
 31
0.0
  0
LINE
  5
4C1
330
70
100
AcDbEntity
  8
0
 62
     7
370
    25
100
AcDbLine
 10
47.31215855264742
 20
323.3631952805711
 30
0.0
 11
47.37340854534717
 21
323.2557683724711
 31
0.0
  0
LINE
  5
4C2
330
70
100
AcDbEntity
  8
0
 62
     7
370
    25
100
AcDbLine
 10
47.88382523634705
 20
324.5448913068706
 30
0.0
 11
47.82257523634734
 21
324.652318202471
 31
0.0
  0
LINE
  5
4C3
330
70
100
AcDbEntity
  8
0
 62
     7
370
    25
100
AcDbLine
 10
49.17007517794715
 20
323.2821592324711
 30
0.0
 11
49.25174188354703
 21
323.1389233592706
 31
0.0
  0
LINE
  5
4C4
330
70
100
AcDbEntity
  8
0
 62
     7
370
    25
100
AcDbLine
 10
49.17007517794715
 20
323.3631952805711
 30
0.0
 11
49.25174188354703
 21
323.2199594072706
 31
0.0
  0
LINE
  5
4C5
330
70
100
AcDbEntity
  8
0
 62
     7
370
    25
100
AcDbLine
 10
49.86424188354742
 20
324.5448913068706
 30
0.0
 11
49.78257529474703
 21
324.6881271675708
 31
0.0
  0
LINE
  5
4C6
330
70
100
AcDbEntity
  8
0
 62
     7
370
    25
100
AcDbLine
 10
30.03465854534691
 20
323.3990042457711
 30
0.0
 11
29.95299188354748
 21
323.6138580618709
 31
0.0
  0
LINE
  5
4C7
330
70
100
AcDbEntity
  8
0
 62
     7
370
    25
100
AcDbLine
 10
30.36132523634701
 20
324.4280462936708
 30
0.0
 11
30.44299188354715
 21
324.2131924022707
 31
0.0
  0
LINE
  5
4C8
330
70
100
AcDbEntity
  8
0
 62
     7
370
    25
100
AcDbLine
 10
30.36132523634701
 20
324.5090823417708
 30
0.0
 11
30.44299188354715
 21
324.2942284503707
 31
0.0
  0
LINE
  5
4C9
330
70
100
AcDbEntity
  8
0
 62
     7
370
    25
100
AcDbLine
 10
31.89257529474739
 20
323.4348132359709
 30
0.0
 11
31.85174188354706
 21
323.5422401314711
 31
0.0
  0
LINE
  5
4CA
330
70
100
AcDbEntity
  8
0
 62
     7
370
    25
100
AcDbLine
 10
32.34174188354737
 20
324.3922373284708
 30
0.0
 11
32.38257529474706
 21
324.2848103326705
 31
0.0
  0
LINE
  5
4CB
330
70
100
AcDbEntity
  8
0
 62
     7
370
    25
100
AcDbLine
 10
32.34174188354737
 20
324.4732733765709
 30
0.0
 11
32.38257529474706
 21
324.365846380671
 31
0.0
  0
LINE
  5
4CC
330
70
100
AcDbEntity
  8
0
 62
     7
370
    25
100
AcDbLine
 10
29.87132521804737
 20
323.4253951182707
 30
0.0
 11
29.91215855264745
 21
323.2821592324711
 31
0.0
  0
LINE
  5
4CD
330
70
100
AcDbEntity
  8
0
 62
     7
370
    25
100
AcDbLine
 10
29.87132521804737
 20
323.5064311663707
 30
0.0
 11
29.91215855264745
 21
323.3631952805711
 31
0.0
  0
LINE
  5
4CE
330
70
100
AcDbEntity
  8
0
 62
     7
370
    25
100
AcDbLine
 10
30.52465853074728
 20
324.401655446171
 30
0.0
 11
30.48382523634709
 21
324.5448913068706
 31
0.0
  0
LINE
  5
4CF
330
70
100
AcDbEntity
  8
0
 62
     7
370
    25
100
AcDbLine
 10
31.72924188354699
 20
323.4253951182707
 30
0.0
 11
31.77007517794718
 21
323.2821592324711
 31
0.0
  0
LINE
  5
4D0
330
70
100
AcDbEntity
  8
0
 62
     7
370
    25
100
AcDbLine
 10
31.72924188354699
 20
323.5064311663707
 30
0.0
 11
31.77007517794718
 21
323.3631952805711
 31
0.0
  0
LINE
  5
4D1
330
70
100
AcDbEntity
  8
0
 62
     7
370
    25
100
AcDbLine
 10
32.50507529474714
 20
324.401655446171
 30
0.0
 11
32.46424188354744
 21
324.5448913068706
 31
0.0
  0
LINE
  5
4D2
330
70
100
AcDbEntity
  8
0
 62
     7
370
    25
100
AcDbLine
 10
67.75899448224745
 20
354.966928777471
 30
0.0
 11
68.75129184504728
 21
354.106937729671
 31
0.0
  0
LINE
  5
4D3
330
70
100
AcDbEntity
  8
0
 62
     7
370
    25
100
AcDbLine
 10
66.1003890663475
 20
356.8899334609708
 30
0.0
 11
65.10969192194749
 21
357.7485376527708
 31
0.0
  0
LINE
  5
4D4
330
70
100
AcDbEntity
  8
0
 62
     7
370
    25
100
AcDbLine
 10
85.15899448224741
 20
354.966928777471
 30
0.0
 11
86.15129184504725
 21
354.106937729671
 31
0.0
  0
LINE
  5
4D5
330
70
100
AcDbEntity
  8
0
 62
     7
370
    25
100
AcDbLine
 10
83.50038906634749
 20
356.8899334609708
 30
0.0
 11
82.50969192194745
 21
357.7485376527708
 31
0.0
  0
LINE
  5
4D6
330
70
100
AcDbEntity
  8
0
 62
     7
370
    25
100
AcDbLine
 10
66.14103323524751
 20
355.0554954037711
 30
0.0
 11
66.02893073754692
 21
355.167597901471
 31
0.0
  0
LINE
  5
4D7
330
70
100
AcDbEntity
  8
0
 62
     7
370
    25
100
AcDbLine
 10
67.72613736884702
 20
356.7937931416705
 30
0.0
 11
67.8320530295473
 21
356.6878774809709
 31
0.0
  0
LINE
  5
4D8
330
70
100
AcDbEntity
  8
0
 62
     7
370
    25
100
AcDbLine
 10
51.3512918450473
 20
354.106937729671
 30
0.0
 11
50.43205302954731
 21
355.167597901471
 31
0.0
  0
LINE
  5
4D9
330
70
100
AcDbEntity
  8
0
 62
     7
370
    25
100
AcDbLine
 10
65.10969192194749
 20
357.7485376527708
 30
0.0
 11
66.02893073754692
 21
356.6878774809709
 31
0.0
  0
LINE
  5
4DA
330
70
100
AcDbEntity
  8
0
 62
     7
370
    25
100
AcDbLine
 10
68.75129184504728
 20
354.106937729671
 30
0.0
 11
67.8320530295473
 21
355.167597901471
 31
0.0
  0
LINE
  5
4DB
330
70
100
AcDbEntity
  8
0
 62
     7
370
    25
100
AcDbLine
 10
82.29590855994713
 20
323.3273863153706
 30
0.0
 11
82.23465854534747
 21
323.3990042457711
 31
0.0
  0
LINE
  5
4DC
330
70
100
AcDbEntity
  8
0
 62
     7
370
    25
100
AcDbLine
 10
82.50007520714733
 20
324.4996642239705
 30
0.0
 11
82.56132523634693
 21
324.4280462936708
 31
0.0
  0
LINE
  5
4DD
330
70
100
AcDbEntity
  8
0
 62
     7
370
    25
100
AcDbLine
 10
82.50007520714733
 20
324.5807002720705
 30
0.0
 11
82.56132523634693
 21
324.5090823417708
 31
0.0
  0
LINE
  5
4DE
330
70
100
AcDbEntity
  8
0
 62
     7
370
    25
100
AcDbLine
 10
84.15382529474703
 20
323.3631952805711
 30
0.0
 11
84.0925752947473
 21
323.4348132359709
 31
0.0
  0
LINE
  5
4DF
330
70
100
AcDbEntity
  8
0
 62
     7
370
    25
100
AcDbLine
 10
84.48049188354692
 20
324.4638552588707
 30
0.0
 11
84.54174188354729
 21
324.3922373284708
 31
0.0
  0
LINE
  5
4E0
330
70
100
AcDbEntity
  8
0
 62
     7
370
    25
100
AcDbLine
 10
84.48049188354692
 20
324.5448913068706
 30
0.0
 11
84.54174188354729
 21
324.4732733765709
 31
0.0
  0
LINE
  5
4E1
330
70
100
AcDbEntity
  8
0
 62
     7
370
    25
100
AcDbLine
 10
64.71215855264739
 20
323.2821592324711
 30
0.0
 11
64.77340854534713
 21
323.1747323243711
 31
0.0
  0
LINE
  5
4E2
330
70
100
AcDbEntity
  8
0
 62
     7
370
    25
100
AcDbLine
 10
64.71215855264739
 20
323.3631952805711
 30
0.0
 11
64.77340854534713
 21
323.2557683724711
 31
0.0
  0
LINE
  5
4E3
330
70
100
AcDbEntity
  8
0
 62
     7
370
    25
100
AcDbLine
 10
65.28382523634703
 20
324.5448913068706
 30
0.0
 11
65.22257523634731
 21
324.652318202471
 31
0.0
  0
LINE
  5
4E4
330
70
100
AcDbEntity
  8
0
 62
     7
370
    25
100
AcDbLine
 10
66.57007517794713
 20
323.2821592324711
 30
0.0
 11
66.65174188354701
 21
323.1389233592706
 31
0.0
  0
LINE
  5
4E5
330
70
100
AcDbEntity
  8
0
 62
     7
370
    25
100
AcDbLine
 10
66.57007517794713
 20
323.3631952805711
 30
0.0
 11
66.65174188354701
 21
323.2199594072706
 31
0.0
  0
LINE
  5
4E6
330
70
100
AcDbEntity
  8
0
 62
     7
370
    25
100
AcDbLine
 10
67.26424188354738
 20
324.5448913068706
 30
0.0
 11
67.182575294747
 21
324.6881271675708
 31
0.0
  0
LINE
  5
4E7
330
70
100
AcDbEntity
  8
0
 62
     7
370
    25
100
AcDbLine
 10
47.43465854534752
 20
323.3990042457711
 30
0.0
 11
47.35299188354745
 21
323.6138580618709
 31
0.0
  0
LINE
  5
4E8
330
70
100
AcDbEntity
  8
0
 62
     7
370
    25
100
AcDbLine
 10
47.76132523634698
 20
324.4280462936708
 30
0.0
 11
47.84299188354712
 21
324.2131924022707
 31
0.0
  0
LINE
  5
4E9
330
70
100
AcDbEntity
  8
0
 62
     7
370
    25
100
AcDbLine
 10
47.76132523634698
 20
324.5090823417708
 30
0.0
 11
47.84299188354712
 21
324.2942284503707
 31
0.0
  0
LINE
  5
4EA
330
70
100
AcDbEntity
  8
0
 62
     7
370
    25
100
AcDbLine
 10
49.29257529474736
 20
323.4348132359709
 30
0.0
 11
49.25174188354703
 21
323.5422401314711
 31
0.0
  0
LINE
  5
4EB
330
70
100
AcDbEntity
  8
0
 62
     7
370
    25
100
AcDbLine
 10
49.74174188354734
 20
324.3922373284708
 30
0.0
 11
49.78257529474703
 21
324.2848103326705
 31
0.0
  0
LINE
  5
4EC
330
70
100
AcDbEntity
  8
0
 62
     7
370
    25
100
AcDbLine
 10
49.74174188354734
 20
324.4732733765709
 30
0.0
 11
49.78257529474703
 21
324.365846380671
 31
0.0
  0
LINE
  5
4ED
330
70
100
AcDbEntity
  8
0
 62
     7
370
    25
100
AcDbLine
 10
47.27132521804734
 20
323.4253951182707
 30
0.0
 11
47.31215855264742
 21
323.2821592324711
 31
0.0
  0
LINE
  5
4EE
330
70
100
AcDbEntity
  8
0
 62
     7
370
    25
100
AcDbLine
 10
47.27132521804734
 20
323.5064311663707
 30
0.0
 11
47.31215855264742
 21
323.3631952805711
 31
0.0
  0
LINE
  5
4EF
330
70
100
AcDbEntity
  8
0
 62
     7
370
    25
100
AcDbLine
 10
47.92465853074725
 20
324.401655446171
 30
0.0
 11
47.88382523634705
 21
324.5448913068706
 31
0.0
  0
LINE
  5
4F0
330
70
100
AcDbEntity
  8
0
 62
     7
370
    25
100
AcDbLine
 10
49.12924188354696
 20
323.4253951182707
 30
0.0
 11
49.17007517794715
 21
323.2821592324711
 31
0.0
  0
LINE
  5
4F1
330
70
100
AcDbEntity
  8
0
 62
     7
370
    25
100
AcDbLine
 10
49.12924188354696
 20
323.5064311663707
 30
0.0
 11
49.17007517794715
 21
323.3631952805711
 31
0.0
  0
LINE
  5
4F2
330
70
100
AcDbEntity
  8
0
 62
     7
370
    25
100
AcDbLine
 10
49.90507529474711
 20
324.401655446171
 30
0.0
 11
49.86424188354742
 21
324.5448913068706
 31
0.0
  0
LINE
  5
4F3
330
70
100
AcDbEntity
  8
0
 62
     7
370
    25
100
AcDbLine
 10
83.54103323524748
 20
355.0554954037711
 30
0.0
 11
83.42893073754755
 21
355.167597901471
 31
0.0
  0
LINE
  5
4F4
330
70
100
AcDbEntity
  8
0
 62
     7
370
    25
100
AcDbLine
 10
85.126137368847
 20
356.7937931416705
 30
0.0
 11
85.23205302954727
 21
356.6878774809709
 31
0.0
  0
LINE
  5
4F5
330
70
100
AcDbEntity
  8
0
 62
     7
370
    25
100
AcDbLine
 10
82.50969192194745
 20
357.7485376527708
 30
0.0
 11
83.42893073754755
 21
356.6878774809709
 31
0.0
  0
LINE
  5
4F6
330
70
100
AcDbEntity
  8
0
 62
     7
370
    25
100
AcDbLine
 10
86.15129184504725
 20
354.106937729671
 30
0.0
 11
85.23205302954727
 21
355.167597901471
 31
0.0
  0
LINE
  5
4F7
330
70
100
AcDbEntity
  8
0
 62
     7
370
    25
100
AcDbLine
 10
82.11215855264736
 20
323.2821592324711
 30
0.0
 11
82.17340854534711
 21
323.1747323243711
 31
0.0
  0
LINE
  5
4F8
330
70
100
AcDbEntity
  8
0
 62
     7
370
    25
100
AcDbLine
 10
82.11215855264736
 20
323.3631952805711
 30
0.0
 11
82.17340854534711
 21
323.2557683724711
 31
0.0
  0
LINE
  5
4F9
330
70
100
AcDbEntity
  8
0
 62
     7
370
    25
100
AcDbLine
 10
82.683825236347
 20
324.5448913068706
 30
0.0
 11
82.62257523634728
 21
324.652318202471
 31
0.0
  0
LINE
  5
4FA
330
70
100
AcDbEntity
  8
0
 62
     7
370
    25
100
AcDbLine
 10
83.9700751779471
 20
323.2821592324711
 30
0.0
 11
84.05174188354697
 21
323.1389233592706
 31
0.0
  0
LINE
  5
4FB
330
70
100
AcDbEntity
  8
0
 62
     7
370
    25
100
AcDbLine
 10
83.9700751779471
 20
323.3631952805711
 30
0.0
 11
84.05174188354697
 21
323.2199594072706
 31
0.0
  0
LINE
  5
4FC
330
70
100
AcDbEntity
  8
0
 62
     7
370
    25
100
AcDbLine
 10
84.66424188354736
 20
324.5448913068706
 30
0.0
 11
84.58257529474698
 21
324.6881271675708
 31
0.0
  0
LINE
  5
4FD
330
70
100
AcDbEntity
  8
0
 62
     7
370
    25
100
AcDbLine
 10
64.83465854534749
 20
323.3990042457711
 30
0.0
 11
64.75299188354743
 21
323.6138580618709
 31
0.0
  0
LINE
  5
4FE
330
70
100
AcDbEntity
  8
0
 62
     7
370
    25
100
AcDbLine
 10
65.16132523634695
 20
324.4280462936708
 30
0.0
 11
65.24299188354709
 21
324.2131924022707
 31
0.0
  0
LINE
  5
4FF
330
70
100
AcDbEntity
  8
0
 62
     7
370
    25
100
AcDbLine
 10
65.16132523634695
 20
324.5090823417708
 30
0.0
 11
65.24299188354709
 21
324.2942284503707
 31
0.0
  0
LINE
  5
500
330
70
100
AcDbEntity
  8
0
 62
     7
370
    25
100
AcDbLine
 10
66.69257529474734
 20
323.4348132359709
 30
0.0
 11
66.65174188354701
 21
323.5422401314711
 31
0.0
  0
LINE
  5
501
330
70
100
AcDbEntity
  8
0
 62
     7
370
    25
100
AcDbLine
 10
67.14174188354731
 20
324.3922373284708
 30
0.0
 11
67.182575294747
 21
324.2848103326705
 31
0.0
  0
LINE
  5
502
330
70
100
AcDbEntity
  8
0
 62
     7
370
    25
100
AcDbLine
 10
67.14174188354731
 20
324.4732733765709
 30
0.0
 11
67.182575294747
 21
324.365846380671
 31
0.0
  0
LINE
  5
503
330
70
100
AcDbEntity
  8
0
 62
     7
370
    25
100
AcDbLine
 10
64.67132521804732
 20
323.4253951182707
 30
0.0
 11
64.71215855264739
 21
323.2821592324711
 31
0.0
  0
LINE
  5
504
330
70
100
AcDbEntity
  8
0
 62
     7
370
    25
100
AcDbLine
 10
64.67132521804732
 20
323.5064311663707
 30
0.0
 11
64.71215855264739
 21
323.3631952805711
 31
0.0
  0
LINE
  5
505
330
70
100
AcDbEntity
  8
0
 62
     7
370
    25
100
AcDbLine
 10
65.32465853074723
 20
324.401655446171
 30
0.0
 11
65.28382523634703
 21
324.5448913068706
 31
0.0
  0
LINE
  5
506
330
70
100
AcDbEntity
  8
0
 62
     7
370
    25
100
AcDbLine
 10
66.52924188354693
 20
323.4253951182707
 30
0.0
 11
66.57007517794713
 21
323.2821592324711
 31
0.0
  0
LINE
  5
507
330
70
100
AcDbEntity
  8
0
 62
     7
370
    25
100
AcDbLine
 10
66.52924188354693
 20
323.5064311663707
 30
0.0
 11
66.57007517794713
 21
323.3631952805711
 31
0.0
  0
LINE
  5
508
330
70
100
AcDbEntity
  8
0
 62
     7
370
    25
100
AcDbLine
 10
82.23465854534747
 20
323.3990042457711
 30
0.0
 11
82.15299188354739
 21
323.6138580618709
 31
0.0
  0
LINE
  5
509
330
70
100
AcDbEntity
  8
0
 62
     7
370
    25
100
AcDbLine
 10
82.56132523634693
 20
324.4280462936708
 30
0.0
 11
82.64299188354707
 21
324.2131924022707
 31
0.0
  0
LINE
  5
50A
330
70
100
AcDbEntity
  8
0
 62
     7
370
    25
100
AcDbLine
 10
82.56132523634693
 20
324.5090823417708
 30
0.0
 11
82.64299188354707
 21
324.2942284503707
 31
0.0
  0
LINE
  5
50B
330
70
100
AcDbEntity
  8
0
 62
     7
370
    25
100
AcDbLine
 10
84.0925752947473
 20
323.4348132359709
 30
0.0
 11
84.05174188354697
 21
323.5422401314711
 31
0.0
  0
LINE
  5
50C
330
70
100
AcDbEntity
  8
0
 62
     7
370
    25
100
AcDbLine
 10
84.54174188354729
 20
324.3922373284708
 30
0.0
 11
84.58257529474698
 21
324.2848103326705
 31
0.0
  0
LINE
  5
50D
330
70
100
AcDbEntity
  8
0
 62
     7
370
    25
100
AcDbLine
 10
84.54174188354729
 20
324.4732733765709
 30
0.0
 11
84.58257529474698
 21
324.365846380671
 31
0.0
  0
LINE
  5
50E
330
70
100
AcDbEntity
  8
0
 62
     7
370
    25
100
AcDbLine
 10
67.30507529474708
 20
324.401655446171
 30
0.0
 11
67.26424188354738
 21
324.5448913068706
 31
0.0
  0
LINE
  5
50F
330
70
100
AcDbEntity
  8
0
 62
     7
370
    25
100
AcDbLine
 10
82.07132521804728
 20
323.4253951182707
 30
0.0
 11
82.11215855264736
 21
323.2821592324711
 31
0.0
  0
LINE
  5
510
330
70
100
AcDbEntity
  8
0
 62
     7
370
    25
100
AcDbLine
 10
82.07132521804728
 20
323.5064311663707
 30
0.0
 11
82.11215855264736
 21
323.3631952805711
 31
0.0
  0
LINE
  5
511
330
70
100
AcDbEntity
  8
0
 62
     7
370
    25
100
AcDbLine
 10
82.7246585307472
 20
324.401655446171
 30
0.0
 11
82.683825236347
 21
324.5448913068706
 31
0.0
  0
LINE
  5
512
330
70
100
AcDbEntity
  8
0
 62
     7
370
    25
100
AcDbLine
 10
83.92924188354754
 20
323.4253951182707
 30
0.0
 11
83.9700751779471
 21
323.2821592324711
 31
0.0
  0
LINE
  5
513
330
70
100
AcDbEntity
  8
0
 62
     7
370
    25
100
AcDbLine
 10
83.92924188354754
 20
323.5064311663707
 30
0.0
 11
83.9700751779471
 21
323.3631952805711
 31
0.0
  0
LINE
  5
514
330
70
100
AcDbEntity
  8
0
 62
     7
370
    25
100
AcDbLine
 10
84.70507529474705
 20
324.401655446171
 30
0.0
 11
84.66424188354736
 21
324.5448913068706
 31
0.0
  0
SPLINE
  5
515
330
70
100
AcDbEntity
  8
0
 62
     3
370
    25
100
AcDbSpline
210
0.0
220
0.0
230
1.0
 70
     8
 71
     3
 72
     8
 73
     4
 74
     0
 42
0.0000000001
 43
0.0000000001
 40
0.0
 40
0.0
 40
0.0
 40
0.0
 40
1.0
 40
1.0
 40
1.0
 40
1.0
 10
90.60683726752627
 20
315.6902457969018
 30
0.0
 10
90.64732229477701
 20
315.4119316522359
 30
0.0
 10
90.68854064319678
 20
315.1337246736628
 30
0.0
 10
90.73049188346452
 20
314.8556277589149
 30
0.0
  0
SPLINE
  5
516
330
70
100
AcDbEntity
  8
0
 62
     7
370
    25
100
AcDbSpline
210
0.0
220
0.0
230
1.0
 70
     8
 71
     3
 72
     8
 73
     4
 74
     0
 42
0.0000000001
 43
0.0000000001
 40
0.0
 40
0.0
 40
0.0
 40
0.0
 40
1.0
 40
1.0
 40
1.0
 40
1.0
 10
29.83001953309018
 20
325.5518576085796
 30
0.0
 10
29.59602372731558
 20
325.5237107172012
 30
0.0
 10
29.3621083250067
 20
325.4948993799475
 30
0.0
 10
29.12827615577201
 20
325.4654239453393
 30
0.0
  0
SPLINE
  5
517
330
70
100
AcDbEntity
  8
0
 62
     7
370
    25
100
AcDbSpline
210
0.0
220
0.0
230
1.0
 70
     8
 71
     3
 72
     8
 73
     4
 74
     0
 42
0.0000000001
 43
0.0000000001
 40
0.0
 40
0.0
 40
0.0
 40
0.0
 40
1.0
 40
1.0
 40
1.0
 40
1.0
 10
75.63049188354709
 20
279.2277776911711
 30
0.0
 10
75.63049188354709
 20
279.1173207412049
 30
0.0
 10
75.72003493358092
 20
279.027777691171
 30
0.0
 10
75.8304918835471
 20
279.027777691171
 30
0.0
  0
SPLINE
  5
518
330
70
100
AcDbEntity
  8
0
 62
     7
370
    25
100
AcDbSpline
210
0.0
220
0.0
230
1.0
 70
     8
 71
     3
 72
     8
 73
     4
 74
     0
 42
0.0000000001
 43
0.0000000001
 40
0.0
 40
0.0
 40
0.0
 40
0.0
 40
1.0
 40
1.0
 40
1.0
 40
1.0
 10
84.84549188354682
 20
289.5507521262374
 30
0.0
 10
84.50566231643568
 20
289.6201195461484
 30
0.0
 10
84.15532145065849
 20
289.6201195461484
 30
0.0
 10
83.81549188354798
 20
289.5507521262374
 30
0.0
  0
SPLINE
  5
519
330
70
100
AcDbEntity
  8
0
 62
     7
370
    25
100
AcDbSpline
210
0.0
220
0.0
230
1.0
 70
     8
 71
     3
 72
     8
 73
     4
 74
     0
 42
0.0000000001
 43
0.0000000001
 40
0.0
 40
0.0
 40
0.0
 40
0.0
 40
1.0
 40
1.0
 40
1.0
 40
1.0
 10
83.81549188354798
 20
284.5048032561039
 30
0.0
 10
84.15532145065849
 20
284.4354358361929
 30
0.0
 10
84.50566231643568
 20
284.4354358361929
 30
0.0
 10
84.84549188354682
 20
284.5048032561039
 30
0.0
  0
SPLINE
  5
51A
330
70
100
AcDbEntity
  8
0
 62
     7
370
    25
100
AcDbSpline
210
0.0
220
0.0
230
1.0
 70
     8
 71
     3
 72
     8
 73
     4
 74
     0
 42
0.0000000001
 43
0.0000000001
 40
0.0
 40
0.0
 40
0.0
 40
0.0
 40
1.0
 40
1.0
 40
1.0
 40
1.0
 10
82.31335074761197
 20
287.6777776911676
 30
0.0
 10
82.17716224725931
 20
287.2551447276219
 30
0.0
 10
82.17716224725931
 20
286.8004106547194
 30
0.0
 10
82.31335074761197
 20
286.3777776911744
 30
0.0
  0
SPLINE
  5
51B
330
70
100
AcDbEntity
  8
0
 62
     7
370
    25
100
AcDbSpline
210
0.0
220
0.0
230
1.0
 70
     8
 71
     3
 72
     8
 73
     4
 74
     0
 42
0.0000000001
 43
0.0000000001
 40
0.0
 40
0.0
 40
0.0
 40
0.0
 40
1.0
 40
1.0
 40
1.0
 40
1.0
 10
85.5504918835472
 20
287.0277776911707
 30
0.0
 10
85.5504918835472
 20
287.2577947154624
 30
0.0
 10
85.48546626884066
 20
287.4831259104271
 30
0.0
 10
85.36291621491466
 20
287.6777776911709
 30
0.0
  0
SPLINE
  5
51C
330
70
100
AcDbEntity
  8
0
 62
     7
370
    25
100
AcDbSpline
210
0.0
220
0.0
230
1.0
 70
     8
 71
     3
 72
     8
 73
     4
 74
     0
 42
0.0000000001
 43
0.0000000001
 40
0.0
 40
0.0
 40
0.0
 40
0.0
 40
1.0
 40
1.0
 40
1.0
 40
1.0
 10
83.29806755217949
 20
287.6777776911709
 30
0.0
 10
83.04796666066989
 20
287.280531159338
 30
0.0
 10
83.04796666066989
 20
286.775024223004
 30
0.0
 10
83.29806755217949
 20
286.3777776911712
 30
0.0
  0
SPLINE
  5
51D
330
70
100
AcDbEntity
  8
0
 62
     7
370
    25
100
AcDbSpline
210
0.0
220
0.0
230
1.0
 70
     8
 71
     3
 72
    11
 73
     7
 74
     0
 42
0.0000000001
 43
0.0000000001
 40
0.0
 40
0.0
 40
0.0
 40
0.0
 40
1.0
 40
1.0
 40
1.0
 40
2.0
 40
2.0
 40
2.0
 40
2.0
 10
83.47549188354753
 20
286.0349491225997
 30
0.0
 10
83.55437392380926
 20
286.1122689875763
 30
0.0
 10
83.55564031709457
 20
286.2388956509091
 30
0.0
 10
83.47832045211793
 20
286.317777691171
 30
0.0
 10
83.44070473792172
 20
286.3561533955598
 30
0.0
 10
83.38922861811353
 20
286.3777776911705
 30
0.0
 10
83.33549188354707
 20
286.3777776911705
 30
0.0
  0
SPLINE
  5
51E
330
70
100
AcDbEntity
  8
0
 62
     7
370
    25
100
AcDbSpline
210
0.0
220
0.0
230
1.0
 70
     8
 71
     3
 72
    11
 73
     7
 74
     0
 42
0.0000000001
 43
0.0000000001
 40
0.0
 40
0.0
 40
0.0
 40
0.0
 40
1.0
 40
1.0
 40
1.0
 40
2.0
 40
2.0
 40
2.0
 40
2.0
 10
83.33549188354707
 20
287.6777776911709
 30
0.0
 10
83.44594883351325
 20
287.6777776911709
 30
0.0
 10
83.53549188354707
 20
287.7673207412047
 30
0.0
 10
83.53549188354707
 20
287.8777776911709
 30
0.0
 10
83.53549188354707
 20
287.9315144257373
 30
0.0
 10
83.51386758793635
 20
287.9829905455449
 30
0.0
 10
83.47549188354753
 20
288.0206062597417
 30
0.0
  0
SPLINE
  5
51F
330
70
100
AcDbEntity
  8
0
 62
     7
370
    25
100
AcDbSpline
210
0.0
220
0.0
230
1.0
 70
     8
 71
     3
 72
    11
 73
     7
 74
     0
 42
0.0000000001
 43
0.0000000001
 40
0.0
 40
0.0
 40
0.0
 40
0.0
 40
1.0
 40
1.0
 40
1.0
 40
2.0
 40
2.0
 40
2.0
 40
2.0
 10
85.32616072754741
 20
286.3777776911705
 30
0.0
 10
85.21570377758122
 20
286.3777776911705
 30
0.0
 10
85.12616072754742
 20
286.2882346411367
 30
0.0
 10
85.12616072754742
 20
286.1777776911705
 30
0.0
 10
85.12616072754742
 20
286.1242035578248
 30
0.0
 10
85.1476547355312
 20
286.072869166359
 30
0.0
 10
85.18582630554007
 20
286.035277691171
 30
0.0
  0
SPLINE
  5
520
330
70
100
AcDbEntity
  8
0
 62
     7
370
    25
100
AcDbSpline
210
0.0
220
0.0
230
1.0
 70
     8
 71
     3
 72
    11
 73
     7
 74
     0
 42
0.0000000001
 43
0.0000000001
 40
0.0
 40
0.0
 40
0.0
 40
0.0
 40
1.0
 40
1.0
 40
1.0
 40
2.0
 40
2.0
 40
2.0
 40
2.0
 10
85.18210088447629
 20
288.0238529486706
 30
0.0
 10
85.1014257474314
 20
287.9484058807452
 30
0.0
 10
85.09718756002106
 20
287.8218438272446
 30
0.0
 10
85.17263462794707
 20
287.7411686901997
 30
0.0
 10
85.21045288491391
 20
287.7007298348876
 30
0.0
 10
85.26334273291992
 20
287.6777776911709
 30
0.0
 10
85.31870988544744
 20
287.6777776911709
 30
0.0
  0
SPLINE
  5
521
330
70
100
AcDbEntity
  8
0
 62
     7
370
    25
100
AcDbSpline
210
0.0
220
0.0
230
1.0
 70
     8
 71
     3
 72
     8
 73
     4
 74
     0
 42
0.0000000001
 43
0.0000000001
 40
0.0
 40
0.0
 40
0.0
 40
0.0
 40
1.0
 40
1.0
 40
1.0
 40
1.0
 10
67.44549188354685
 20
289.5507521262374
 30
0.0
 10
67.1056623164357
 20
289.6201195461484
 30
0.0
 10
66.75532145065853
 20
289.6201195461484
 30
0.0
 10
66.415491883548
 20
289.5507521262374
 30
0.0
  0
SPLINE
  5
522
330
70
100
AcDbEntity
  8
0
 62
     7
370
    25
100
AcDbSpline
210
0.0
220
0.0
230
1.0
 70
     8
 71
     3
 72
     8
 73
     4
 74
     0
 42
0.0000000001
 43
0.0000000001
 40
0.0
 40
0.0
 40
0.0
 40
0.0
 40
1.0
 40
1.0
 40
1.0
 40
1.0
 10
66.415491883548
 20
284.5048032561039
 30
0.0
 10
66.75532145065853
 20
284.4354358361929
 30
0.0
 10
67.1056623164357
 20
284.4354358361929
 30
0.0
 10
67.44549188354685
 20
284.5048032561039
 30
0.0
  0
SPLINE
  5
523
330
70
100
AcDbEntity
  8
0
 62
     7
370
    25
100
AcDbSpline
210
0.0
220
0.0
230
1.0
 70
     8
 71
     3
 72
     8
 73
     4
 74
     0
 42
0.0000000001
 43
0.0000000001
 40
0.0
 40
0.0
 40
0.0
 40
0.0
 40
1.0
 40
1.0
 40
1.0
 40
1.0
 10
64.91335074761201
 20
287.6777776911676
 30
0.0
 10
64.7771622472587
 20
287.2551447276219
 30
0.0
 10
64.7771622472587
 20
286.8004106547194
 30
0.0
 10
64.91335074761201
 20
286.3777776911744
 30
0.0
  0
SPLINE
  5
524
330
70
100
AcDbEntity
  8
0
 62
     7
370
    25
100
AcDbSpline
210
0.0
220
0.0
230
1.0
 70
     8
 71
     3
 72
     8
 73
     4
 74
     0
 42
0.0000000001
 43
0.0000000001
 40
0.0
 40
0.0
 40
0.0
 40
0.0
 40
1.0
 40
1.0
 40
1.0
 40
1.0
 10
68.15049188354722
 20
287.0277776911707
 30
0.0
 10
68.15049188354722
 20
287.2577947154624
 30
0.0
 10
68.08546626884067
 20
287.4831259104271
 30
0.0
 10
67.96291621491469
 20
287.6777776911709
 30
0.0
  0
SPLINE
  5
525
330
70
100
AcDbEntity
  8
0
 62
     7
370
    25
100
AcDbSpline
210
0.0
220
0.0
230
1.0
 70
     8
 71
     3
 72
     8
 73
     4
 74
     0
 42
0.0000000001
 43
0.0000000001
 40
0.0
 40
0.0
 40
0.0
 40
0.0
 40
1.0
 40
1.0
 40
1.0
 40
1.0
 10
65.89806755217953
 20
287.6777776911709
 30
0.0
 10
65.64796666066992
 20
287.280531159338
 30
0.0
 10
65.64796666066992
 20
286.775024223004
 30
0.0
 10
65.89806755217953
 20
286.3777776911712
 30
0.0
  0
SPLINE
  5
526
330
70
100
AcDbEntity
  8
0
 62
     7
370
    25
100
AcDbSpline
210
0.0
220
0.0
230
1.0
 70
     8
 71
     3
 72
    11
 73
     7
 74
     0
 42
0.0000000001
 43
0.0000000001
 40
0.0
 40
0.0
 40
0.0
 40
0.0
 40
1.0
 40
1.0
 40
1.0
 40
2.0
 40
2.0
 40
2.0
 40
2.0
 10
66.07549188354754
 20
286.0349491225997
 30
0.0
 10
66.15437392380929
 20
286.1122689875763
 30
0.0
 10
66.1556403170946
 20
286.2388956509091
 30
0.0
 10
66.07832045211795
 20
286.317777691171
 30
0.0
 10
66.04070473792176
 20
286.3561533955598
 30
0.0
 10
65.98922861811356
 20
286.3777776911705
 30
0.0
 10
65.93549188354709
 20
286.3777776911705
 30
0.0
  0
SPLINE
  5
527
330
70
100
AcDbEntity
  8
0
 62
     7
370
    25
100
AcDbSpline
210
0.0
220
0.0
230
1.0
 70
     8
 71
     3
 72
    11
 73
     7
 74
     0
 42
0.0000000001
 43
0.0000000001
 40
0.0
 40
0.0
 40
0.0
 40
0.0
 40
1.0
 40
1.0
 40
1.0
 40
2.0
 40
2.0
 40
2.0
 40
2.0
 10
65.93549188354709
 20
287.6777776911709
 30
0.0
 10
66.04594883351328
 20
287.6777776911709
 30
0.0
 10
66.1354918835471
 20
287.7673207412047
 30
0.0
 10
66.1354918835471
 20
287.8777776911709
 30
0.0
 10
66.1354918835471
 20
287.9315144257373
 30
0.0
 10
66.11386758793639
 20
287.9829905455449
 30
0.0
 10
66.07549188354754
 20
288.0206062597417
 30
0.0
  0
SPLINE
  5
528
330
70
100
AcDbEntity
  8
0
 62
     7
370
    25
100
AcDbSpline
210
0.0
220
0.0
230
1.0
 70
     8
 71
     3
 72
    11
 73
     7
 74
     0
 42
0.0000000001
 43
0.0000000001
 40
0.0
 40
0.0
 40
0.0
 40
0.0
 40
1.0
 40
1.0
 40
1.0
 40
2.0
 40
2.0
 40
2.0
 40
2.0
 10
67.92616072754745
 20
286.3777776911705
 30
0.0
 10
67.81570377758126
 20
286.3777776911705
 30
0.0
 10
67.72616072754743
 20
286.2882346411367
 30
0.0
 10
67.72616072754743
 20
286.1777776911705
 30
0.0
 10
67.72616072754743
 20
286.1242035578248
 30
0.0
 10
67.74765473553123
 20
286.072869166359
 30
0.0
 10
67.7858263055401
 20
286.035277691171
 30
0.0
  0
SPLINE
  5
529
330
70
100
AcDbEntity
  8
0
 62
     7
370
    25
100
AcDbSpline
210
0.0
220
0.0
230
1.0
 70
     8
 71
     3
 72
    11
 73
     7
 74
     0
 42
0.0000000001
 43
0.0000000001
 40
0.0
 40
0.0
 40
0.0
 40
0.0
 40
1.0
 40
1.0
 40
1.0
 40
2.0
 40
2.0
 40
2.0
 40
2.0
 10
67.78210088447631
 20
288.0238529486706
 30
0.0
 10
67.70142574743143
 20
287.9484058807452
 30
0.0
 10
67.69718756002109
 20
287.8218438272446
 30
0.0
 10
67.7726346279471
 20
287.7411686901997
 30
0.0
 10
67.81045288491393
 20
287.7007298348876
 30
0.0
 10
67.86334273291993
 20
287.6777776911709
 30
0.0
 10
67.91870988544747
 20
287.6777776911709
 30
0.0
  0
SPLINE
  5
52A
330
70
100
AcDbEntity
  8
0
 62
     7
370
    25
100
AcDbSpline
210
0.0
220
0.0
230
1.0
 70
     8
 71
     3
 72
     8
 73
     4
 74
     0
 42
0.0000000001
 43
0.0000000001
 40
0.0
 40
0.0
 40
0.0
 40
0.0
 40
1.0
 40
1.0
 40
1.0
 40
1.0
 10
50.04549188354688
 20
289.5507521262374
 30
0.0
 10
49.70566231643572
 20
289.6201195461484
 30
0.0
 10
49.35532145065855
 20
289.6201195461484
 30
0.0
 10
49.01549188354803
 20
289.5507521262374
 30
0.0
  0
SPLINE
  5
52B
330
70
100
AcDbEntity
  8
0
 62
     7
370
    25
100
AcDbSpline
210
0.0
220
0.0
230
1.0
 70
     8
 71
     3
 72
     8
 73
     4
 74
     0
 42
0.0000000001
 43
0.0000000001
 40
0.0
 40
0.0
 40
0.0
 40
0.0
 40
1.0
 40
1.0
 40
1.0
 40
1.0
 10
49.01549188354803
 20
284.5048032561039
 30
0.0
 10
49.35532145065855
 20
284.4354358361929
 30
0.0
 10
49.70566231643572
 20
284.4354358361929
 30
0.0
 10
50.04549188354688
 20
284.5048032561039
 30
0.0
  0
SPLINE
  5
52C
330
70
100
AcDbEntity
  8
0
 62
     7
370
    25
100
AcDbSpline
210
0.0
220
0.0
230
1.0
 70
     8
 71
     3
 72
     8
 73
     4
 74
     0
 42
0.0000000001
 43
0.0000000001
 40
0.0
 40
0.0
 40
0.0
 40
0.0
 40
1.0
 40
1.0
 40
1.0
 40
1.0
 10
47.51335074761203
 20
287.6777776911676
 30
0.0
 10
47.37716224725872
 20
287.2551447276219
 30
0.0
 10
47.37716224725872
 20
286.8004106547194
 30
0.0
 10
47.51335074761203
 20
286.3777776911744
 30
0.0
  0
SPLINE
  5
52D
330
70
100
AcDbEntity
  8
0
 62
     7
370
    25
100
AcDbSpline
210
0.0
220
0.0
230
1.0
 70
     8
 71
     3
 72
     8
 73
     4
 74
     0
 42
0.0000000001
 43
0.0000000001
 40
0.0
 40
0.0
 40
0.0
 40
0.0
 40
1.0
 40
1.0
 40
1.0
 40
1.0
 10
50.75049188354725
 20
287.0277776911707
 30
0.0
 10
50.75049188354725
 20
287.2577947154624
 30
0.0
 10
50.68546626884071
 20
287.4831259104271
 30
0.0
 10
50.56291621491472
 20
287.6777776911709
 30
0.0
  0
SPLINE
  5
52E
330
70
100
AcDbEntity
  8
0
 62
     7
370
    25
100
AcDbSpline
210
0.0
220
0.0
230
1.0
 70
     8
 71
     3
 72
     8
 73
     4
 74
     0
 42
0.0000000001
 43
0.0000000001
 40
0.0
 40
0.0
 40
0.0
 40
0.0
 40
1.0
 40
1.0
 40
1.0
 40
1.0
 10
48.49806755217955
 20
287.6777776911709
 30
0.0
 10
48.24796666066995
 20
287.280531159338
 30
0.0
 10
48.24796666066995
 20
286.775024223004
 30
0.0
 10
48.49806755217955
 20
286.3777776911712
 30
0.0
  0
SPLINE
  5
52F
330
70
100
AcDbEntity
  8
0
 62
     7
370
    25
100
AcDbSpline
210
0.0
220
0.0
230
1.0
 70
     8
 71
     3
 72
     8
 73
     4
 74
     0
 42
0.0000000001
 43
0.0000000001
 40
0.0
 40
0.0
 40
0.0
 40
0.0
 40
1.0
 40
1.0
 40
1.0
 40
1.0
 10
58.23049188354712
 20
279.2277776911711
 30
0.0
 10
58.23049188354712
 20
279.1173207412049
 30
0.0
 10
58.32003493358094
 20
279.027777691171
 30
0.0
 10
58.43049188354713
 20
279.027777691171
 30
0.0
  0
SPLINE
  5
530
330
70
100
AcDbEntity
  8
0
 62
     7
370
    25
100
AcDbSpline
210
0.0
220
0.0
230
1.0
 70
     8
 71
     3
 72
     8
 73
     4
 74
     0
 42
0.0000000001
 43
0.0000000001
 40
0.0
 40
0.0
 40
0.0
 40
0.0
 40
1.0
 40
1.0
 40
1.0
 40
1.0
 10
40.83049188354715
 20
279.2277776911711
 30
0.0
 10
40.83049188354715
 20
279.1173207412049
 30
0.0
 10
40.92003493358096
 20
279.027777691171
 30
0.0
 10
41.03049188354716
 20
279.027777691171
 30
0.0
  0
SPLINE
  5
531
330
70
100
AcDbEntity
  8
0
 62
     7
370
    25
100
AcDbSpline
210
0.0
220
0.0
230
1.0
 70
     8
 71
     3
 72
    11
 73
     7
 74
     0
 42
0.0000000001
 43
0.0000000001
 40
0.0
 40
0.0
 40
0.0
 40
0.0
 40
1.0
 40
1.0
 40
1.0
 40
2.0
 40
2.0
 40
2.0
 40
2.0
 10
48.67549188354693
 20
286.0349491225997
 30
0.0
 10
48.75437392380931
 20
286.1122689875763
 30
0.0
 10
48.75564031709463
 20
286.2388956509091
 30
0.0
 10
48.67832045211798
 20
286.317777691171
 30
0.0
 10
48.64070473792178
 20
286.3561533955598
 30
0.0
 10
48.58922861811358
 20
286.3777776911705
 30
0.0
 10
48.53549188354712
 20
286.3777776911705
 30
0.0
  0
SPLINE
  5
532
330
70
100
AcDbEntity
  8
0
 62
     7
370
    25
100
AcDbSpline
210
0.0
220
0.0
230
1.0
 70
     8
 71
     3
 72
    11
 73
     7
 74
     0
 42
0.0000000001
 43
0.0000000001
 40
0.0
 40
0.0
 40
0.0
 40
0.0
 40
1.0
 40
1.0
 40
1.0
 40
2.0
 40
2.0
 40
2.0
 40
2.0
 10
48.53549188354712
 20
287.6777776911709
 30
0.0
 10
48.64594883351331
 20
287.6777776911709
 30
0.0
 10
48.73549188354712
 20
287.7673207412047
 30
0.0
 10
48.73549188354712
 20
287.8777776911709
 30
0.0
 10
48.73549188354712
 20
287.9315144257373
 30
0.0
 10
48.71386758793642
 20
287.9829905455449
 30
0.0
 10
48.67549188354693
 20
288.0206062597417
 30
0.0
  0
SPLINE
  5
533
330
70
100
AcDbEntity
  8
0
 62
     7
370
    25
100
AcDbSpline
210
0.0
220
0.0
230
1.0
 70
     8
 71
     3
 72
    11
 73
     7
 74
     0
 42
0.0000000001
 43
0.0000000001
 40
0.0
 40
0.0
 40
0.0
 40
0.0
 40
1.0
 40
1.0
 40
1.0
 40
2.0
 40
2.0
 40
2.0
 40
2.0
 10
50.52616072754748
 20
286.3777776911705
 30
0.0
 10
50.41570377758128
 20
286.3777776911705
 30
0.0
 10
50.32616072754747
 20
286.2882346411367
 30
0.0
 10
50.32616072754747
 20
286.1777776911705
 30
0.0
 10
50.32616072754747
 20
286.1242035578248
 30
0.0
 10
50.34765473553125
 20
286.072869166359
 30
0.0
 10
50.38582630554013
 20
286.035277691171
 30
0.0
  0
SPLINE
  5
534
330
70
100
AcDbEntity
  8
0
 62
     7
370
    25
100
AcDbSpline
210
0.0
220
0.0
230
1.0
 70
     8
 71
     3
 72
    11
 73
     7
 74
     0
 42
0.0000000001
 43
0.0000000001
 40
0.0
 40
0.0
 40
0.0
 40
0.0
 40
1.0
 40
1.0
 40
1.0
 40
2.0
 40
2.0
 40
2.0
 40
2.0
 10
50.38210088447634
 20
288.0238529486706
 30
0.0
 10
50.30142574743146
 20
287.9484058807452
 30
0.0
 10
50.29718756002112
 20
287.8218438272446
 30
0.0
 10
50.37263462794712
 20
287.7411686901997
 30
0.0
 10
50.41045288491396
 20
287.7007298348876
 30
0.0
 10
50.46334273291996
 20
287.6777776911709
 30
0.0
 10
50.51870988544749
 20
287.6777776911709
 30
0.0
  0
SPLINE
  5
535
330
70
100
AcDbEntity
  8
0
 62
     7
370
    25
100
AcDbSpline
210
0.0
220
0.0
230
1.0
 70
     8
 71
     3
 72
     8
 73
     4
 74
     0
 42
0.0000000001
 43
0.0000000001
 40
0.0
 40
0.0
 40
0.0
 40
0.0
 40
1.0
 40
1.0
 40
1.0
 40
1.0
 10
75.63049188354709
 20
299.2277776911711
 30
0.0
 10
75.63049188354709
 20
299.117320741205
 30
0.0
 10
75.72003493358092
 20
299.0277776911711
 30
0.0
 10
75.8304918835471
 20
299.0277776911711
 30
0.0
  0
SPLINE
  5
536
330
70
100
AcDbEntity
  8
0
 62
     7
370
    25
100
AcDbSpline
210
0.0
220
0.0
230
1.0
 70
     8
 71
     3
 72
     8
 73
     4
 74
     0
 42
0.0000000001
 43
0.0000000001
 40
0.0
 40
0.0
 40
0.0
 40
0.0
 40
1.0
 40
1.0
 40
1.0
 40
1.0
 10
58.23049188354712
 20
299.2277776911711
 30
0.0
 10
58.23049188354712
 20
299.117320741205
 30
0.0
 10
58.32003493358094
 20
299.0277776911711
 30
0.0
 10
58.43049188354713
 20
299.0277776911711
 30
0.0
  0
SPLINE
  5
537
330
70
100
AcDbEntity
  8
0
 62
     7
370
    25
100
AcDbSpline
210
0.0
220
0.0
230
1.0
 70
     8
 71
     3
 72
     8
 73
     4
 74
     0
 42
0.0000000001
 43
0.0000000001
 40
0.0
 40
0.0
 40
0.0
 40
0.0
 40
1.0
 40
1.0
 40
1.0
 40
1.0
 10
40.83049188354715
 20
299.2277776911711
 30
0.0
 10
40.83049188354715
 20
299.117320741205
 30
0.0
 10
40.92003493358096
 20
299.0277776911711
 30
0.0
 10
41.03049188354716
 20
299.0277776911711
 30
0.0
  0
SPLINE
  5
538
330
70
100
AcDbEntity
  8
0
 62
     7
370
    25
100
AcDbSpline
210
0.0
220
0.0
230
1.0
 70
     8
 71
     3
 72
     8
 73
     4
 74
     0
 42
0.0000000001
 43
0.0000000001
 40
0.0
 40
0.0
 40
0.0
 40
0.0
 40
1.0
 40
1.0
 40
1.0
 40
1.0
 10
32.64549188354627
 20
289.5507521262374
 30
0.0
 10
32.30566231643575
 20
289.6201195461484
 30
0.0
 10
31.95532145065858
 20
289.6201195461484
 30
0.0
 10
31.61549188354806
 20
289.5507521262374
 30
0.0
  0
SPLINE
  5
539
330
70
100
AcDbEntity
  8
0
 62
     7
370
    25
100
AcDbSpline
210
0.0
220
0.0
230
1.0
 70
     8
 71
     3
 72
     8
 73
     4
 74
     0
 42
0.0000000001
 43
0.0000000001
 40
0.0
 40
0.0
 40
0.0
 40
0.0
 40
1.0
 40
1.0
 40
1.0
 40
1.0
 10
31.61549188354806
 20
284.5048032561039
 30
0.0
 10
31.95532145065858
 20
284.4354358361929
 30
0.0
 10
32.30566231643575
 20
284.4354358361929
 30
0.0
 10
32.64549188354627
 20
284.5048032561039
 30
0.0
  0
SPLINE
  5
53A
330
70
100
AcDbEntity
  8
0
 62
     7
370
    25
100
AcDbSpline
210
0.0
220
0.0
230
1.0
 70
     8
 71
     3
 72
     8
 73
     4
 74
     0
 42
0.0000000001
 43
0.0000000001
 40
0.0
 40
0.0
 40
0.0
 40
0.0
 40
1.0
 40
1.0
 40
1.0
 40
1.0
 10
30.11335074761206
 20
287.6777776911676
 30
0.0
 10
29.97716224725876
 20
287.2551447276219
 30
0.0
 10
29.97716224725876
 20
286.8004106547194
 30
0.0
 10
30.11335074761206
 20
286.3777776911744
 30
0.0
  0
SPLINE
  5
53B
330
70
100
AcDbEntity
  8
0
 62
     7
370
    25
100
AcDbSpline
210
0.0
220
0.0
230
1.0
 70
     8
 71
     3
 72
     8
 73
     4
 74
     0
 42
0.0000000001
 43
0.0000000001
 40
0.0
 40
0.0
 40
0.0
 40
0.0
 40
1.0
 40
1.0
 40
1.0
 40
1.0
 10
33.35049188354727
 20
287.0277776911707
 30
0.0
 10
33.35049188354727
 20
287.2577947154624
 30
0.0
 10
33.28546626884073
 20
287.4831259104271
 30
0.0
 10
33.16291621491475
 20
287.6777776911709
 30
0.0
  0
SPLINE
  5
53C
330
70
100
AcDbEntity
  8
0
 62
     7
370
    25
100
AcDbSpline
210
0.0
220
0.0
230
1.0
 70
     8
 71
     3
 72
     8
 73
     4
 74
     0
 42
0.0000000001
 43
0.0000000001
 40
0.0
 40
0.0
 40
0.0
 40
0.0
 40
1.0
 40
1.0
 40
1.0
 40
1.0
 10
31.09806755217958
 20
287.6777776911709
 30
0.0
 10
30.84796666066998
 20
287.280531159338
 30
0.0
 10
30.84796666066998
 20
286.775024223004
 30
0.0
 10
31.09806755217958
 20
286.3777776911712
 30
0.0
  0
SPLINE
  5
53D
330
70
100
AcDbEntity
  8
0
 62
     7
370
    25
100
AcDbSpline
210
0.0
220
0.0
230
1.0
 70
     8
 71
     3
 72
     8
 73
     4
 74
     0
 42
0.0000000001
 43
0.0000000001
 40
0.0
 40
0.0
 40
0.0
 40
0.0
 40
1.0
 40
1.0
 40
1.0
 40
1.0
 10
23.43049188354718
 20
279.2277776911711
 30
0.0
 10
23.43049188354718
 20
279.1173207412049
 30
0.0
 10
23.52003493358099
 20
279.027777691171
 30
0.0
 10
23.63049188354719
 20
279.027777691171
 30
0.0
  0
SPLINE
  5
53E
330
70
100
AcDbEntity
  8
0
 62
     7
370
    25
100
AcDbSpline
210
0.0
220
0.0
230
1.0
 70
     8
 71
     3
 72
    11
 73
     7
 74
     0
 42
0.0000000001
 43
0.0000000001
 40
0.0
 40
0.0
 40
0.0
 40
0.0
 40
1.0
 40
1.0
 40
1.0
 40
2.0
 40
2.0
 40
2.0
 40
2.0
 10
31.27549188354696
 20
286.0349491225997
 30
0.0
 10
31.35437392380935
 20
286.1122689875763
 30
0.0
 10
31.35564031709466
 20
286.2388956509091
 30
0.0
 10
31.27832045211801
 20
286.317777691171
 30
0.0
 10
31.24070473792181
 20
286.3561533955598
 30
0.0
 10
31.18922861811361
 20
286.3777776911705
 30
0.0
 10
31.13549188354715
 20
286.3777776911705
 30
0.0
  0
SPLINE
  5
53F
330
70
100
AcDbEntity
  8
0
 62
     7
370
    25
100
AcDbSpline
210
0.0
220
0.0
230
1.0
 70
     8
 71
     3
 72
    11
 73
     7
 74
     0
 42
0.0000000001
 43
0.0000000001
 40
0.0
 40
0.0
 40
0.0
 40
0.0
 40
1.0
 40
1.0
 40
1.0
 40
2.0
 40
2.0
 40
2.0
 40
2.0
 10
31.13549188354715
 20
287.6777776911709
 30
0.0
 10
31.24594883351334
 20
287.6777776911709
 30
0.0
 10
31.33549188354715
 20
287.7673207412047
 30
0.0
 10
31.33549188354715
 20
287.8777776911709
 30
0.0
 10
31.33549188354715
 20
287.9315144257373
 30
0.0
 10
31.31386758793645
 20
287.9829905455449
 30
0.0
 10
31.27549188354696
 20
288.0206062597417
 30
0.0
  0
SPLINE
  5
540
330
70
100
AcDbEntity
  8
0
 62
     7
370
    25
100
AcDbSpline
210
0.0
220
0.0
230
1.0
 70
     8
 71
     3
 72
    11
 73
     7
 74
     0
 42
0.0000000001
 43
0.0000000001
 40
0.0
 40
0.0
 40
0.0
 40
0.0
 40
1.0
 40
1.0
 40
1.0
 40
2.0
 40
2.0
 40
2.0
 40
2.0
 10
33.12616072754751
 20
286.3777776911705
 30
0.0
 10
33.01570377758132
 20
286.3777776911705
 30
0.0
 10
32.9261607275475
 20
286.2882346411367
 30
0.0
 10
32.9261607275475
 20
286.1777776911705
 30
0.0
 10
32.9261607275475
 20
286.1242035578248
 30
0.0
 10
32.94765473553128
 20
286.072869166359
 30
0.0
 10
32.98582630554015
 20
286.035277691171
 30
0.0
  0
SPLINE
  5
541
330
70
100
AcDbEntity
  8
0
 62
     7
370
    25
100
AcDbSpline
210
0.0
220
0.0
230
1.0
 70
     8
 71
     3
 72
    11
 73
     7
 74
     0
 42
0.0000000001
 43
0.0000000001
 40
0.0
 40
0.0
 40
0.0
 40
0.0
 40
1.0
 40
1.0
 40
1.0
 40
2.0
 40
2.0
 40
2.0
 40
2.0
 10
32.98210088447637
 20
288.0238529486706
 30
0.0
 10
32.90142574743148
 20
287.9484058807452
 30
0.0
 10
32.89718756002115
 20
287.8218438272446
 30
0.0
 10
32.97263462794715
 20
287.7411686901997
 30
0.0
 10
33.01045288491399
 20
287.7007298348876
 30
0.0
 10
33.06334273291998
 20
287.6777776911709
 30
0.0
 10
33.11870988544753
 20
287.6777776911709
 30
0.0
  0
SPLINE
  5
542
330
70
100
AcDbEntity
  8
0
 62
     7
370
    25
100
AcDbSpline
210
0.0
220
0.0
230
1.0
 70
     8
 71
     3
 72
     8
 73
     4
 74
     0
 42
0.0000000001
 43
0.0000000001
 40
0.0
 40
0.0
 40
0.0
 40
0.0
 40
1.0
 40
1.0
 40
1.0
 40
1.0
 10
23.43049188354718
 20
299.2277776911711
 30
0.0
 10
23.43049188354718
 20
299.117320741205
 30
0.0
 10
23.52003493358099
 20
299.0277776911711
 30
0.0
 10
23.63049188354719
 20
299.0277776911711
 30
0.0
  0
SPLINE
  5
543
330
70
100
AcDbEntity
  8
0
 62
     3
370
    25
100
AcDbSpline
210
0.0
220
0.0
230
1.0
 70
     8
 71
     3
 72
     8
 73
     4
 74
     0
 42
0.0000000001
 43
0.0000000001
 40
0.0
 40
0.0
 40
0.0
 40
0.0
 40
1.0
 40
1.0
 40
1.0
 40
1.0
 10
90.73049188355437
 20
312.6398283143367
 30
0.0
 10
90.73312288027832
 20
312.6466921668003
 30
0.0
 10
90.73572850811029
 20
312.6535657165973
 30
0.0
 10
90.73830871369624
 20
312.6604488229845
 30
0.0
  0
SPLINE
  5
544
330
70
100
AcDbEntity
  8
0
 62
     7
370
    25
100
AcDbSpline
210
0.0
220
0.0
230
1.0
 70
     8
 71
     3
 72
     8
 73
     4
 74
     0
 42
0.0000000001
 43
0.0000000001
 40
0.0
 40
0.0
 40
0.0
 40
0.0
 40
1.0
 40
1.0
 40
1.0
 40
1.0
 10
75.63049188354709
 20
306.2277776911707
 30
0.0
 10
75.63049188354709
 20
306.1173207412045
 30
0.0
 10
75.72003493358092
 20
306.0277776911707
 30
0.0
 10
75.8304918835471
 20
306.0277776911707
 30
0.0
  0
SPLINE
  5
545
330
70
100
AcDbEntity
  8
0
 62
     7
370
    25
100
AcDbSpline
210
0.0
220
0.0
230
1.0
 70
     8
 71
     3
 72
     8
 73
     4
 74
     0
 42
0.0000000001
 43
0.0000000001
 40
0.0
 40
0.0
 40
0.0
 40
0.0
 40
1.0
 40
1.0
 40
1.0
 40
1.0
 10
58.23049188354712
 20
306.2277776911707
 30
0.0
 10
58.23049188354712
 20
306.1173207412045
 30
0.0
 10
58.32003493358094
 20
306.0277776911707
 30
0.0
 10
58.43049188354713
 20
306.0277776911707
 30
0.0
  0
SPLINE
  5
546
330
70
100
AcDbEntity
  8
0
 62
     7
370
    25
100
AcDbSpline
210
0.0
220
0.0
230
1.0
 70
     8
 71
     3
 72
     8
 73
     4
 74
     0
 42
0.0000000001
 43
0.0000000001
 40
0.0
 40
0.0
 40
0.0
 40
0.0
 40
1.0
 40
1.0
 40
1.0
 40
1.0
 10
40.83049188354715
 20
306.2277776911707
 30
0.0
 10
40.83049188354715
 20
306.1173207412045
 30
0.0
 10
40.92003493358096
 20
306.0277776911707
 30
0.0
 10
41.03049188354716
 20
306.0277776911707
 30
0.0
  0
SPLINE
  5
547
330
70
100
AcDbEntity
  8
0
 62
     7
370
    25
100
AcDbSpline
210
0.0
220
0.0
230
1.0
 70
     8
 71
     3
 72
     8
 73
     4
 74
     0
 42
0.0000000001
 43
0.0000000001
 40
0.0
 40
0.0
 40
0.0
 40
0.0
 40
1.0
 40
1.0
 40
1.0
 40
1.0
 10
23.43049188354718
 20
306.2277776911707
 30
0.0
 10
23.43049188354718
 20
306.1173207412045
 30
0.0
 10
23.52003493358099
 20
306.0277776911707
 30
0.0
 10
23.63049188354719
 20
306.0277776911707
 30
0.0
  0
SPLINE
  5
548
330
70
100
AcDbEntity
  8
0
 62
     7
370
    25
100
AcDbSpline
210
0.0
220
0.0
230
1.0
 70
     8
 71
     3
 72
     8
 73
     4
 74
     0
 42
0.0000000001
 43
0.0000000001
 40
0.0
 40
0.0
 40
0.0
 40
0.0
 40
1.0
 40
1.0
 40
1.0
 40
1.0
 10
75.8304918835471
 20
343.8277776911708
 30
0.0
 10
75.72003493358092
 20
343.8277776911708
 30
0.0
 10
75.63049188354709
 20
343.738234641137
 30
0.0
 10
75.63049188354709
 20
343.6277776911708
 30
0.0
  0
SPLINE
  5
549
330
70
100
AcDbEntity
  8
0
 62
     7
370
    25
100
AcDbSpline
210
0.0
220
0.0
230
1.0
 70
     8
 71
     3
 72
     8
 73
     4
 74
     0
 42
0.0000000001
 43
0.0000000001
 40
0.0
 40
0.0
 40
0.0
 40
0.0
 40
1.0
 40
1.0
 40
1.0
 40
1.0
 10
58.43049188354713
 20
343.8277776911708
 30
0.0
 10
58.32003493358094
 20
343.8277776911708
 30
0.0
 10
58.23049188354712
 20
343.738234641137
 30
0.0
 10
58.23049188354712
 20
343.6277776911708
 30
0.0
  0
SPLINE
  5
54A
330
70
100
AcDbEntity
  8
0
 62
     7
370
    25
100
AcDbSpline
210
0.0
220
0.0
230
1.0
 70
     8
 71
     3
 72
     8
 73
     4
 74
     0
 42
0.0000000001
 43
0.0000000001
 40
0.0
 40
0.0
 40
0.0
 40
0.0
 40
1.0
 40
1.0
 40
1.0
 40
1.0
 10
41.03049188354716
 20
343.8277776911708
 30
0.0
 10
40.92003493358096
 20
343.8277776911708
 30
0.0
 10
40.83049188354715
 20
343.738234641137
 30
0.0
 10
40.83049188354715
 20
343.6277776911708
 30
0.0
  0
SPLINE
  5
54B
330
70
100
AcDbEntity
  8
0
 62
     7
370
    25
100
AcDbSpline
210
0.0
220
0.0
230
1.0
 70
     8
 71
     3
 72
     8
 73
     4
 74
     0
 42
0.0000000001
 43
0.0000000001
 40
0.0
 40
0.0
 40
0.0
 40
0.0
 40
1.0
 40
1.0
 40
1.0
 40
1.0
 10
23.63049188354719
 20
343.8277776911708
 30
0.0
 10
23.52003493358099
 20
343.8277776911708
 30
0.0
 10
23.43049188354718
 20
343.738234641137
 30
0.0
 10
23.43049188354718
 20
343.6277776911708
 30
0.0
  0
SPLINE
  5
54C
330
70
100
AcDbEntity
  8
0
 62
     7
370
    25
100
AcDbSpline
210
0.0
220
0.0
230
1.0
 70
     8
 71
     3
 72
    11
 73
     7
 74
     0
 42
0.0000000001
 43
0.0000000001
 40
0.0
 40
0.0
 40
0.0
 40
0.0
 40
1.0
 40
1.0
 40
1.0
 40
2.0
 40
2.0
 40
2.0
 40
2.0
 10
85.3254918835471
 20
355.277737691171
 30
0.0
 10
85.21503493358091
 20
355.277737691171
 30
0.0
 10
85.12549188354709
 20
355.1881946411372
 30
0.0
 10
85.12549188354709
 20
355.077737691171
 30
0.0
 10
85.12549188354709
 20
355.0240009566045
 30
0.0
 10
85.14711617915844
 20
354.9725248367963
 30
0.0
 10
85.18549188354729
 20
354.9349091226001
 30
0.0
  0
SPLINE
  5
54D
330
70
100
AcDbEntity
  8
0
 62
     7
370
    25
100
AcDbSpline
210
0.0
220
0.0
230
1.0
 70
     8
 71
     3
 72
    11
 73
     7
 74
     0
 42
0.0000000001
 43
0.0000000001
 40
0.0
 40
0.0
 40
0.0
 40
0.0
 40
1.0
 40
1.0
 40
1.0
 40
2.0
 40
2.0
 40
2.0
 40
2.0
 10
83.47888288251843
 20
354.9316624336706
 30
0.0
 10
83.5595580195633
 20
355.0071095015966
 30
0.0
 10
83.563796206973
 20
355.1336715550966
 30
0.0
 10
83.48834913904765
 20
355.2143466921415
 30
0.0
 10
83.4505308820808
 20
355.2547855474542
 30
0.0
 10
83.39764103407416
 20
355.277737691171
 30
0.0
 10
83.34227388154728
 20
355.277737691171
 30
0.0
  0
SPLINE
  5
54E
330
70
100
AcDbEntity
  8
0
 62
     7
370
    25
100
AcDbSpline
210
0.0
220
0.0
230
1.0
 70
     8
 71
     3
 72
    11
 73
     7
 74
     0
 42
0.0000000001
 43
0.0000000001
 40
0.0
 40
0.0
 40
0.0
 40
0.0
 40
1.0
 40
1.0
 40
1.0
 40
2.0
 40
2.0
 40
2.0
 40
2.0
 10
67.92549188354712
 20
355.277737691171
 30
0.0
 10
67.81503493358093
 20
355.277737691171
 30
0.0
 10
67.72549188354712
 20
355.1881946411372
 30
0.0
 10
67.72549188354712
 20
355.077737691171
 30
0.0
 10
67.72549188354712
 20
355.0240009566045
 30
0.0
 10
67.74711617915847
 20
354.9725248367963
 30
0.0
 10
67.78549188354732
 20
354.9349091226001
 30
0.0
  0
SPLINE
  5
54F
330
70
100
AcDbEntity
  8
0
 62
     7
370
    25
100
AcDbSpline
210
0.0
220
0.0
230
1.0
 70
     8
 71
     3
 72
     8
 73
     4
 74
     0
 42
0.0000000001
 43
0.0000000001
 40
0.0
 40
0.0
 40
0.0
 40
0.0
 40
1.0
 40
1.0
 40
1.0
 40
1.0
 10
83.81549188354798
 20
353.4047632561037
 30
0.0
 10
84.15532145065849
 20
353.3353958361928
 30
0.0
 10
84.50566231643568
 20
353.3353958361928
 30
0.0
 10
84.84549188354682
 20
353.4047632561037
 30
0.0
  0
SPLINE
  5
550
330
70
100
AcDbEntity
  8
0
 62
     7
370
    25
100
AcDbSpline
210
0.0
220
0.0
230
1.0
 70
     8
 71
     3
 72
     8
 73
     4
 74
     0
 42
0.0000000001
 43
0.0000000001
 40
0.0
 40
0.0
 40
0.0
 40
0.0
 40
1.0
 40
1.0
 40
1.0
 40
1.0
 10
84.84549188354682
 20
358.4507121262373
 30
0.0
 10
84.50566231643568
 20
358.5200795461483
 30
0.0
 10
84.15532145065849
 20
358.5200795461483
 30
0.0
 10
83.81549188354798
 20
358.4507121262373
 30
0.0
  0
SPLINE
  5
551
330
70
100
AcDbEntity
  8
0
 62
     7
370
    25
100
AcDbSpline
210
0.0
220
0.0
230
1.0
 70
     8
 71
     3
 72
     8
 73
     4
 74
     0
 42
0.0000000001
 43
0.0000000001
 40
0.0
 40
0.0
 40
0.0
 40
0.0
 40
1.0
 40
1.0
 40
1.0
 40
1.0
 10
86.34763301948282
 20
355.2777376911742
 30
0.0
 10
86.4838215198355
 20
355.7003706547199
 30
0.0
 10
86.4838215198355
 20
356.1551047276219
 30
0.0
 10
86.34763301948282
 20
356.5777376911675
 30
0.0
  0
SPLINE
  5
552
330
70
100
AcDbEntity
  8
0
 62
     7
370
    25
100
AcDbSpline
210
0.0
220
0.0
230
1.0
 70
     8
 71
     3
 72
     8
 73
     4
 74
     0
 42
0.0000000001
 43
0.0000000001
 40
0.0
 40
0.0
 40
0.0
 40
0.0
 40
1.0
 40
1.0
 40
1.0
 40
1.0
 10
83.11049188354697
 20
355.9277376911705
 30
0.0
 10
83.11049188354697
 20
355.6977206668795
 30
0.0
 10
83.17551749825351
 20
355.4723894719148
 30
0.0
 10
83.29806755217949
 20
355.277737691171
 30
0.0
  0
SPLINE
  5
553
330
70
100
AcDbEntity
  8
0
 62
     7
370
    25
100
AcDbSpline
210
0.0
220
0.0
230
1.0
 70
     8
 71
     3
 72
     8
 73
     4
 74
     0
 42
0.0000000001
 43
0.0000000001
 40
0.0
 40
0.0
 40
0.0
 40
0.0
 40
1.0
 40
1.0
 40
1.0
 40
1.0
 10
85.36291621491466
 20
355.277737691171
 30
0.0
 10
85.6130171064249
 20
355.6749842230038
 30
0.0
 10
85.6130171064249
 20
356.1804911593378
 30
0.0
 10
85.36291621491466
 20
356.5777376911707
 30
0.0
  0
SPLINE
  5
554
330
70
100
AcDbEntity
  8
0
 62
     7
370
    25
100
AcDbSpline
210
0.0
220
0.0
230
1.0
 70
     8
 71
     3
 72
    11
 73
     7
 74
     0
 42
0.0000000001
 43
0.0000000001
 40
0.0
 40
0.0
 40
0.0
 40
0.0
 40
1.0
 40
1.0
 40
1.0
 40
2.0
 40
2.0
 40
2.0
 40
2.0
 10
85.18549188354729
 20
356.9205662597416
 30
0.0
 10
85.10660984328554
 20
356.8432463947656
 30
0.0
 10
85.10534345000023
 20
356.7166197314327
 30
0.0
 10
85.18266331497624
 20
356.6377376911709
 30
0.0
 10
85.22027902917308
 20
356.5993619867821
 30
0.0
 10
85.27175514898065
 20
356.5777376911707
 30
0.0
 10
85.3254918835471
 20
356.5777376911707
 30
0.0
  0
SPLINE
  5
555
330
70
100
AcDbEntity
  8
0
 62
     7
370
    25
100
AcDbSpline
210
0.0
220
0.0
230
1.0
 70
     8
 71
     3
 72
    11
 73
     7
 74
     0
 42
0.0000000001
 43
0.0000000001
 40
0.0
 40
0.0
 40
0.0
 40
0.0
 40
1.0
 40
1.0
 40
1.0
 40
2.0
 40
2.0
 40
2.0
 40
2.0
 10
83.33482303954738
 20
356.5777376911707
 30
0.0
 10
83.44527998951358
 20
356.5777376911707
 30
0.0
 10
83.5348230395474
 20
356.6672807412045
 30
0.0
 10
83.5348230395474
 20
356.7777376911707
 30
0.0
 10
83.5348230395474
 20
356.8313118245171
 30
0.0
 10
83.51332903156295
 20
356.8826462159829
 30
0.0
 10
83.47515746155409
 20
356.9202376911709
 30
0.0
  0
SPLINE
  5
556
330
70
100
AcDbEntity
  8
0
 62
     7
370
    25
100
AcDbSpline
210
0.0
220
0.0
230
1.0
 70
     8
 71
     3
 72
     8
 73
     4
 74
     0
 42
0.0000000001
 43
0.0000000001
 40
0.0
 40
0.0
 40
0.0
 40
0.0
 40
1.0
 40
1.0
 40
1.0
 40
1.0
 10
66.415491883548
 20
353.4047632561037
 30
0.0
 10
66.75532145065853
 20
353.3353958361928
 30
0.0
 10
67.1056623164357
 20
353.3353958361928
 30
0.0
 10
67.44549188354685
 20
353.4047632561037
 30
0.0
  0
SPLINE
  5
557
330
70
100
AcDbEntity
  8
0
 62
     7
370
    25
100
AcDbSpline
210
0.0
220
0.0
230
1.0
 70
     8
 71
     3
 72
     8
 73
     4
 74
     0
 42
0.0000000001
 43
0.0000000001
 40
0.0
 40
0.0
 40
0.0
 40
0.0
 40
1.0
 40
1.0
 40
1.0
 40
1.0
 10
67.44549188354685
 20
358.4507121262373
 30
0.0
 10
67.1056623164357
 20
358.5200795461483
 30
0.0
 10
66.75532145065853
 20
358.5200795461483
 30
0.0
 10
66.415491883548
 20
358.4507121262373
 30
0.0
  0
SPLINE
  5
558
330
70
100
AcDbEntity
  8
0
 62
     7
370
    25
100
AcDbSpline
210
0.0
220
0.0
230
1.0
 70
     8
 71
     3
 72
     8
 73
     4
 74
     0
 42
0.0000000001
 43
0.0000000001
 40
0.0
 40
0.0
 40
0.0
 40
0.0
 40
1.0
 40
1.0
 40
1.0
 40
1.0
 10
68.94763301948285
 20
355.2777376911742
 30
0.0
 10
69.08382151983552
 20
355.7003706547199
 30
0.0
 10
69.08382151983552
 20
356.1551047276219
 30
0.0
 10
68.94763301948285
 20
356.5777376911675
 30
0.0
  0
SPLINE
  5
559
330
70
100
AcDbEntity
  8
0
 62
     7
370
    25
100
AcDbSpline
210
0.0
220
0.0
230
1.0
 70
     8
 71
     3
 72
     8
 73
     4
 74
     0
 42
0.0000000001
 43
0.0000000001
 40
0.0
 40
0.0
 40
0.0
 40
0.0
 40
1.0
 40
1.0
 40
1.0
 40
1.0
 10
65.71049188354701
 20
355.9277376911705
 30
0.0
 10
65.71049188354701
 20
355.6977206668795
 30
0.0
 10
65.77551749825355
 20
355.4723894719148
 30
0.0
 10
65.89806755217953
 20
355.277737691171
 30
0.0
  0
SPLINE
  5
55A
330
70
100
AcDbEntity
  8
0
 62
     7
370
    25
100
AcDbSpline
210
0.0
220
0.0
230
1.0
 70
     8
 71
     3
 72
     8
 73
     4
 74
     0
 42
0.0000000001
 43
0.0000000001
 40
0.0
 40
0.0
 40
0.0
 40
0.0
 40
1.0
 40
1.0
 40
1.0
 40
1.0
 10
67.96291621491469
 20
355.277737691171
 30
0.0
 10
68.21301710642494
 20
355.6749842230038
 30
0.0
 10
68.21301710642494
 20
356.1804911593378
 30
0.0
 10
67.96291621491469
 20
356.5777376911707
 30
0.0
  0
SPLINE
  5
55B
330
70
100
AcDbEntity
  8
0
 62
     7
370
    25
100
AcDbSpline
210
0.0
220
0.0
230
1.0
 70
     8
 71
     3
 72
    11
 73
     7
 74
     0
 42
0.0000000001
 43
0.0000000001
 40
0.0
 40
0.0
 40
0.0
 40
0.0
 40
1.0
 40
1.0
 40
1.0
 40
2.0
 40
2.0
 40
2.0
 40
2.0
 10
67.78549188354732
 20
356.9205662597416
 30
0.0
 10
67.70660984328557
 20
356.8432463947656
 30
0.0
 10
67.70534345000026
 20
356.7166197314327
 30
0.0
 10
67.78266331497627
 20
356.6377376911709
 30
0.0
 10
67.8202790291731
 20
356.5993619867821
 30
0.0
 10
67.87175514898066
 20
356.5777376911707
 30
0.0
 10
67.92549188354712
 20
356.5777376911707
 30
0.0
  0
SPLINE
  5
55C
330
70
100
AcDbEntity
  8
0
 62
     7
370
    25
100
AcDbSpline
210
0.0
220
0.0
230
1.0
 70
     8
 71
     3
 72
     8
 73
     4
 74
     0
 42
0.0000000001
 43
0.0000000001
 40
0.0
 40
0.0
 40
0.0
 40
0.0
 40
1.0
 40
1.0
 40
1.0
 40
1.0
 10
49.01549188354803
 20
353.4047632561037
 30
0.0
 10
49.35532145065855
 20
353.3353958361928
 30
0.0
 10
49.70566231643572
 20
353.3353958361928
 30
0.0
 10
50.04549188354688
 20
353.4047632561037
 30
0.0
  0
SPLINE
  5
55D
330
70
100
AcDbEntity
  8
0
 62
     7
370
    25
100
AcDbSpline
210
0.0
220
0.0
230
1.0
 70
     8
 71
     3
 72
     8
 73
     4
 74
     0
 42
0.0000000001
 43
0.0000000001
 40
0.0
 40
0.0
 40
0.0
 40
0.0
 40
1.0
 40
1.0
 40
1.0
 40
1.0
 10
50.04549188354688
 20
358.4507121262373
 30
0.0
 10
49.70566231643572
 20
358.5200795461483
 30
0.0
 10
49.35532145065855
 20
358.5200795461483
 30
0.0
 10
49.01549188354803
 20
358.4507121262373
 30
0.0
  0
SPLINE
  5
55E
330
70
100
AcDbEntity
  8
0
 62
     7
370
    25
100
AcDbSpline
210
0.0
220
0.0
230
1.0
 70
     8
 71
     3
 72
     8
 73
     4
 74
     0
 42
0.0000000001
 43
0.0000000001
 40
0.0
 40
0.0
 40
0.0
 40
0.0
 40
1.0
 40
1.0
 40
1.0
 40
1.0
 10
51.54763301948288
 20
355.2777376911742
 30
0.0
 10
51.68382151983555
 20
355.7003706547199
 30
0.0
 10
51.68382151983555
 20
356.1551047276219
 30
0.0
 10
51.54763301948288
 20
356.5777376911675
 30
0.0
  0
SPLINE
  5
55F
330
70
100
AcDbEntity
  8
0
 62
     7
370
    25
100
AcDbSpline
210
0.0
220
0.0
230
1.0
 70
     8
 71
     3
 72
     8
 73
     4
 74
     0
 42
0.0000000001
 43
0.0000000001
 40
0.0
 40
0.0
 40
0.0
 40
0.0
 40
1.0
 40
1.0
 40
1.0
 40
1.0
 10
48.31049188354703
 20
355.9277376911705
 30
0.0
 10
48.31049188354703
 20
355.6977206668795
 30
0.0
 10
48.37551749825357
 20
355.4723894719148
 30
0.0
 10
48.49806755217955
 20
355.277737691171
 30
0.0
  0
SPLINE
  5
560
330
70
100
AcDbEntity
  8
0
 62
     7
370
    25
100
AcDbSpline
210
0.0
220
0.0
230
1.0
 70
     8
 71
     3
 72
     8
 73
     4
 74
     0
 42
0.0000000001
 43
0.0000000001
 40
0.0
 40
0.0
 40
0.0
 40
0.0
 40
1.0
 40
1.0
 40
1.0
 40
1.0
 10
50.56291621491472
 20
355.277737691171
 30
0.0
 10
50.81301710642496
 20
355.6749842230038
 30
0.0
 10
50.81301710642496
 20
356.1804911593378
 30
0.0
 10
50.56291621491472
 20
356.5777376911707
 30
0.0
  0
SPLINE
  5
561
330
70
100
AcDbEntity
  8
0
 62
     7
370
    25
100
AcDbSpline
210
0.0
220
0.0
230
1.0
 70
     8
 71
     3
 72
    11
 73
     7
 74
     0
 42
0.0000000001
 43
0.0000000001
 40
0.0
 40
0.0
 40
0.0
 40
0.0
 40
1.0
 40
1.0
 40
1.0
 40
2.0
 40
2.0
 40
2.0
 40
2.0
 10
65.93482303954741
 20
356.5777376911707
 30
0.0
 10
66.0452799895136
 20
356.5777376911707
 30
0.0
 10
66.13482303954741
 20
356.6672807412045
 30
0.0
 10
66.13482303954741
 20
356.7777376911707
 30
0.0
 10
66.13482303954741
 20
356.8313118245171
 30
0.0
 10
66.11332903156299
 20
356.8826462159829
 30
0.0
 10
66.07515746155413
 20
356.9202376911709
 30
0.0
  0
SPLINE
  5
562
330
70
100
AcDbEntity
  8
0
 62
     7
370
    25
100
AcDbSpline
210
0.0
220
0.0
230
1.0
 70
     8
 71
     3
 72
    11
 73
     7
 74
     0
 42
0.0000000001
 43
0.0000000001
 40
0.0
 40
0.0
 40
0.0
 40
0.0
 40
1.0
 40
1.0
 40
1.0
 40
2.0
 40
2.0
 40
2.0
 40
2.0
 10
66.07888288251844
 20
354.9316624336706
 30
0.0
 10
66.15955801956333
 20
355.0071095015966
 30
0.0
 10
66.16379620697301
 20
355.1336715550966
 30
0.0
 10
66.08834913904766
 20
355.2143466921415
 30
0.0
 10
66.05053088208082
 20
355.2547855474542
 30
0.0
 10
65.99764103407418
 20
355.277737691171
 30
0.0
 10
65.94227388154729
 20
355.277737691171
 30
0.0
  0
SPLINE
  5
563
330
70
100
AcDbEntity
  8
0
 62
     7
370
    25
100
AcDbSpline
210
0.0
220
0.0
230
1.0
 70
     8
 71
     3
 72
    11
 73
     7
 74
     0
 42
0.0000000001
 43
0.0000000001
 40
0.0
 40
0.0
 40
0.0
 40
0.0
 40
1.0
 40
1.0
 40
1.0
 40
2.0
 40
2.0
 40
2.0
 40
2.0
 10
50.38549188354735
 20
356.9205662597416
 30
0.0
 10
50.3066098432856
 20
356.8432463947656
 30
0.0
 10
50.30534345000028
 20
356.7166197314327
 30
0.0
 10
50.3826633149763
 20
356.6377376911709
 30
0.0
 10
50.42027902917314
 20
356.5993619867821
 30
0.0
 10
50.4717551489807
 20
356.5777376911707
 30
0.0
 10
50.52549188354715
 20
356.5777376911707
 30
0.0
  0
SPLINE
  5
564
330
70
100
AcDbEntity
  8
0
 62
     7
370
    25
100
AcDbSpline
210
0.0
220
0.0
230
1.0
 70
     8
 71
     3
 72
    11
 73
     7
 74
     0
 42
0.0000000001
 43
0.0000000001
 40
0.0
 40
0.0
 40
0.0
 40
0.0
 40
1.0
 40
1.0
 40
1.0
 40
2.0
 40
2.0
 40
2.0
 40
2.0
 10
50.52549188354715
 20
355.277737691171
 30
0.0
 10
50.41503493358097
 20
355.277737691171
 30
0.0
 10
50.32549188354715
 20
355.1881946411372
 30
0.0
 10
50.32549188354715
 20
355.077737691171
 30
0.0
 10
50.32549188354715
 20
355.0240009566045
 30
0.0
 10
50.34711617915849
 20
354.9725248367963
 30
0.0
 10
50.38549188354735
 20
354.9349091226001
 30
0.0
  0
SPLINE
  5
565
330
70
100
AcDbEntity
  8
0
 62
     7
370
    25
100
AcDbSpline
210
0.0
220
0.0
230
1.0
 70
     8
 71
     3
 72
    11
 73
     7
 74
     0
 42
0.0000000001
 43
0.0000000001
 40
0.0
 40
0.0
 40
0.0
 40
0.0
 40
1.0
 40
1.0
 40
1.0
 40
2.0
 40
2.0
 40
2.0
 40
2.0
 10
48.53482303954744
 20
356.5777376911707
 30
0.0
 10
48.64527998951363
 20
356.5777376911707
 30
0.0
 10
48.73482303954745
 20
356.6672807412045
 30
0.0
 10
48.73482303954745
 20
356.7777376911707
 30
0.0
 10
48.73482303954745
 20
356.8313118245171
 30
0.0
 10
48.71332903156302
 20
356.8826462159829
 30
0.0
 10
48.67515746155415
 20
356.9202376911709
 30
0.0
  0
SPLINE
  5
566
330
70
100
AcDbEntity
  8
0
 62
     7
370
    25
100
AcDbSpline
210
0.0
220
0.0
230
1.0
 70
     8
 71
     3
 72
    11
 73
     7
 74
     0
 42
0.0000000001
 43
0.0000000001
 40
0.0
 40
0.0
 40
0.0
 40
0.0
 40
1.0
 40
1.0
 40
1.0
 40
2.0
 40
2.0
 40
2.0
 40
2.0
 10
48.67888288251847
 20
354.9316624336706
 30
0.0
 10
48.75955801956336
 20
355.0071095015966
 30
0.0
 10
48.76379620697305
 20
355.1336715550966
 30
0.0
 10
48.68834913904705
 20
355.2143466921415
 30
0.0
 10
48.65053088208085
 20
355.2547855474542
 30
0.0
 10
48.59764103407421
 20
355.277737691171
 30
0.0
 10
48.54227388154732
 20
355.277737691171
 30
0.0
  0
SPLINE
  5
567
330
70
100
AcDbEntity
  8
0
 62
     7
370
    25
100
AcDbSpline
210
0.0
220
0.0
230
1.0
 70
     8
 71
     3
 72
     8
 73
     4
 74
     0
 42
0.0000000001
 43
0.0000000001
 40
0.0
 40
0.0
 40
0.0
 40
0.0
 40
1.0
 40
1.0
 40
1.0
 40
1.0
 10
75.8304918835471
 20
363.8277776911708
 30
0.0
 10
75.72003493358092
 20
363.8277776911708
 30
0.0
 10
75.63049188354709
 20
363.738234641137
 30
0.0
 10
75.63049188354709
 20
363.6277776911708
 30
0.0
  0
SPLINE
  5
568
330
70
100
AcDbEntity
  8
0
 62
     7
370
    25
100
AcDbSpline
210
0.0
220
0.0
230
1.0
 70
     8
 71
     3
 72
     8
 73
     4
 74
     0
 42
0.0000000001
 43
0.0000000001
 40
0.0
 40
0.0
 40
0.0
 40
0.0
 40
1.0
 40
1.0
 40
1.0
 40
1.0
 10
58.43049188354713
 20
363.8277776911708
 30
0.0
 10
58.32003493358094
 20
363.8277776911708
 30
0.0
 10
58.23049188354712
 20
363.738234641137
 30
0.0
 10
58.23049188354712
 20
363.6277776911708
 30
0.0
  0
SPLINE
  5
569
330
70
100
AcDbEntity
  8
0
 62
     7
370
    25
100
AcDbSpline
210
0.0
220
0.0
230
1.0
 70
     8
 71
     3
 72
     8
 73
     4
 74
     0
 42
0.0000000001
 43
0.0000000001
 40
0.0
 40
0.0
 40
0.0
 40
0.0
 40
1.0
 40
1.0
 40
1.0
 40
1.0
 10
41.03049188354716
 20
363.8277776911708
 30
0.0
 10
40.92003493358096
 20
363.8277776911708
 30
0.0
 10
40.83049188354715
 20
363.738234641137
 30
0.0
 10
40.83049188354715
 20
363.6277776911708
 30
0.0
  0
SPLINE
  5
56A
330
70
100
AcDbEntity
  8
0
 62
     7
370
    25
100
AcDbSpline
210
0.0
220
0.0
230
1.0
 70
     8
 71
     3
 72
     8
 73
     4
 74
     0
 42
0.0000000001
 43
0.0000000001
 40
0.0
 40
0.0
 40
0.0
 40
0.0
 40
1.0
 40
1.0
 40
1.0
 40
1.0
 10
31.61549188354806
 20
353.4047632561037
 30
0.0
 10
31.95532145065858
 20
353.3353958361928
 30
0.0
 10
32.30566231643575
 20
353.3353958361928
 30
0.0
 10
32.64549188354627
 20
353.4047632561037
 30
0.0
  0
SPLINE
  5
56B
330
70
100
AcDbEntity
  8
0
 62
     7
370
    25
100
AcDbSpline
210
0.0
220
0.0
230
1.0
 70
     8
 71
     3
 72
     8
 73
     4
 74
     0
 42
0.0000000001
 43
0.0000000001
 40
0.0
 40
0.0
 40
0.0
 40
0.0
 40
1.0
 40
1.0
 40
1.0
 40
1.0
 10
32.64549188354627
 20
358.4507121262373
 30
0.0
 10
32.30566231643575
 20
358.5200795461483
 30
0.0
 10
31.95532145065858
 20
358.5200795461483
 30
0.0
 10
31.61549188354806
 20
358.4507121262373
 30
0.0
  0
SPLINE
  5
56C
330
70
100
AcDbEntity
  8
0
 62
     7
370
    25
100
AcDbSpline
210
0.0
220
0.0
230
1.0
 70
     8
 71
     3
 72
     8
 73
     4
 74
     0
 42
0.0000000001
 43
0.0000000001
 40
0.0
 40
0.0
 40
0.0
 40
0.0
 40
1.0
 40
1.0
 40
1.0
 40
1.0
 10
34.14763301948227
 20
355.2777376911742
 30
0.0
 10
34.28382151983558
 20
355.7003706547199
 30
0.0
 10
34.28382151983558
 20
356.1551047276219
 30
0.0
 10
34.14763301948227
 20
356.5777376911675
 30
0.0
  0
SPLINE
  5
56D
330
70
100
AcDbEntity
  8
0
 62
     7
370
    25
100
AcDbSpline
210
0.0
220
0.0
230
1.0
 70
     8
 71
     3
 72
     8
 73
     4
 74
     0
 42
0.0000000001
 43
0.0000000001
 40
0.0
 40
0.0
 40
0.0
 40
0.0
 40
1.0
 40
1.0
 40
1.0
 40
1.0
 10
30.91049188354706
 20
355.9277376911705
 30
0.0
 10
30.91049188354706
 20
355.6977206668795
 30
0.0
 10
30.9755174982536
 20
355.4723894719148
 30
0.0
 10
31.09806755217958
 20
355.277737691171
 30
0.0
  0
SPLINE
  5
56E
330
70
100
AcDbEntity
  8
0
 62
     7
370
    25
100
AcDbSpline
210
0.0
220
0.0
230
1.0
 70
     8
 71
     3
 72
     8
 73
     4
 74
     0
 42
0.0000000001
 43
0.0000000001
 40
0.0
 40
0.0
 40
0.0
 40
0.0
 40
1.0
 40
1.0
 40
1.0
 40
1.0
 10
33.16291621491475
 20
355.277737691171
 30
0.0
 10
33.413017106425
 20
355.6749842230038
 30
0.0
 10
33.413017106425
 20
356.1804911593378
 30
0.0
 10
33.16291621491475
 20
356.5777376911707
 30
0.0
  0
SPLINE
  5
56F
330
70
100
AcDbEntity
  8
0
 62
     7
370
    25
100
AcDbSpline
210
0.0
220
0.0
230
1.0
 70
     8
 71
     3
 72
    11
 73
     7
 74
     0
 42
0.0000000001
 43
0.0000000001
 40
0.0
 40
0.0
 40
0.0
 40
0.0
 40
1.0
 40
1.0
 40
1.0
 40
2.0
 40
2.0
 40
2.0
 40
2.0
 10
32.98549188354737
 20
356.9205662597416
 30
0.0
 10
32.90660984328563
 20
356.8432463947656
 30
0.0
 10
32.90534345000031
 20
356.7166197314327
 30
0.0
 10
32.98266331497633
 20
356.6377376911709
 30
0.0
 10
33.02027902917317
 20
356.5993619867821
 30
0.0
 10
33.07175514898073
 20
356.5777376911707
 30
0.0
 10
33.12549188354719
 20
356.5777376911707
 30
0.0
  0
SPLINE
  5
570
330
70
100
AcDbEntity
  8
0
 62
     7
370
    25
100
AcDbSpline
210
0.0
220
0.0
230
1.0
 70
     8
 71
     3
 72
    11
 73
     7
 74
     0
 42
0.0000000001
 43
0.0000000001
 40
0.0
 40
0.0
 40
0.0
 40
0.0
 40
1.0
 40
1.0
 40
1.0
 40
2.0
 40
2.0
 40
2.0
 40
2.0
 10
33.12549188354719
 20
355.277737691171
 30
0.0
 10
33.015034933581
 20
355.277737691171
 30
0.0
 10
32.92549188354718
 20
355.1881946411372
 30
0.0
 10
32.92549188354718
 20
355.077737691171
 30
0.0
 10
32.92549188354718
 20
355.0240009566045
 30
0.0
 10
32.94711617915853
 20
354.9725248367963
 30
0.0
 10
32.98549188354737
 20
354.9349091226001
 30
0.0
  0
SPLINE
  5
571
330
70
100
AcDbEntity
  8
0
 62
     7
370
    25
100
AcDbSpline
210
0.0
220
0.0
230
1.0
 70
     8
 71
     3
 72
    11
 73
     7
 74
     0
 42
0.0000000001
 43
0.0000000001
 40
0.0
 40
0.0
 40
0.0
 40
0.0
 40
1.0
 40
1.0
 40
1.0
 40
2.0
 40
2.0
 40
2.0
 40
2.0
 10
31.13482303954747
 20
356.5777376911707
 30
0.0
 10
31.24527998951366
 20
356.5777376911707
 30
0.0
 10
31.33482303954747
 20
356.6672807412045
 30
0.0
 10
31.33482303954747
 20
356.7777376911707
 30
0.0
 10
31.33482303954747
 20
356.8313118245171
 30
0.0
 10
31.31332903156305
 20
356.8826462159829
 30
0.0
 10
31.27515746155418
 20
356.9202376911709
 30
0.0
  0
SPLINE
  5
572
330
70
100
AcDbEntity
  8
0
 62
     7
370
    25
100
AcDbSpline
210
0.0
220
0.0
230
1.0
 70
     8
 71
     3
 72
    11
 73
     7
 74
     0
 42
0.0000000001
 43
0.0000000001
 40
0.0
 40
0.0
 40
0.0
 40
0.0
 40
1.0
 40
1.0
 40
1.0
 40
2.0
 40
2.0
 40
2.0
 40
2.0
 10
31.27888288251851
 20
354.9316624336706
 30
0.0
 10
31.35955801956339
 20
355.0071095015966
 30
0.0
 10
31.36379620697308
 20
355.1336715550966
 30
0.0
 10
31.28834913904708
 20
355.2143466921415
 30
0.0
 10
31.25053088208088
 20
355.2547855474542
 30
0.0
 10
31.19764103407424
 20
355.277737691171
 30
0.0
 10
31.14227388154735
 20
355.277737691171
 30
0.0
  0
SPLINE
  5
573
330
70
100
AcDbEntity
  8
0
 62
     7
370
    25
100
AcDbSpline
210
0.0
220
0.0
230
1.0
 70
     8
 71
     3
 72
     8
 73
     4
 74
     0
 42
0.0000000001
 43
0.0000000001
 40
0.0
 40
0.0
 40
0.0
 40
0.0
 40
1.0
 40
1.0
 40
1.0
 40
1.0
 10
23.63049188354719
 20
363.8277776911708
 30
0.0
 10
23.52003493358099
 20
363.8277776911708
 30
0.0
 10
23.43049188354718
 20
363.738234641137
 30
0.0
 10
23.43049188354718
 20
363.6277776911708
 30
0.0
  0
SPLINE
  5
574
330
70
100
AcDbEntity
  8
0
 62
     7
370
    25
100
AcDbSpline
210
0.0
220
0.0
230
1.0
 70
     8
 71
     3
 72
    20
 73
    16
 74
     0
 42
0.0000000001
 43
0.0000000001
 40
0.0
 40
0.0
 40
0.0
 40
0.0
 40
1.0
 40
1.0
 40
1.0
 40
2.0
 40
2.0
 40
2.0
 40
3.0
 40
3.0
 40
3.0
 40
4.0
 40
4.0
 40
4.0
 40
5.0
 40
5.0
 40
5.0
 40
5.0
 10
34.57049188354738
 20
324.3410576296708
 30
0.0
 10
34.54859073294696
 20
324.3410576296708
 30
0.0
 10
34.52655215963335
 20
324.338072324946
 30
0.0
 10
34.50542881545203
 20
324.3319066329326
 30
0.0
 10
34.48582202881792
 20
324.3261836088361
 30
0.0
 10
34.46700377056736
 20
324.3177204778564
 30
0.0
 10
34.45029019666041
 20
324.3058479402472
 30
0.0
 10
34.43558541136739
 20
324.2954023516848
 30
0.0
 10
34.42250979340765
 20
324.2823176529277
 30
0.0
 10
34.41343703109296
 20
324.2668498593383
 30
0.0
 10
34.40928780996042
 20
324.2597760163564
 30
0.0
 10
34.40597577881149
 20
324.2522037534214
 30
0.0
 10
34.40375856220033
 20
324.244300665571
 30
0.0
 10
34.40161922431184
 20
324.236675170079
 30
0.0
 10
34.40049914194712
 20
324.2287416816706
 30
0.0
 10
34.40049914194712
 20
324.220849476871
 30
0.0
  0
SPLINE
  5
575
330
70
100
AcDbEntity
  8
0
 62
     7
370
    25
100
AcDbSpline
210
0.0
220
0.0
230
1.0
 70
     8
 71
     3
 72
    20
 73
    16
 74
     0
 42
0.0000000001
 43
0.0000000001
 40
0.0
 40
0.0
 40
0.0
 40
0.0
 40
1.0
 40
1.0
 40
1.0
 40
2.0
 40
2.0
 40
2.0
 40
3.0
 40
3.0
 40
3.0
 40
4.0
 40
4.0
 40
4.0
 40
5.0
 40
5.0
 40
5.0
 40
5.0
 10
34.740484625147
 20
324.220849476871
 30
0.0
 10
34.740484625147
 20
324.2287416816706
 30
0.0
 10
34.73936454273351
 20
324.236675170079
 30
0.0
 10
34.73722520483154
 20
324.244300665571
 30
0.0
 10
34.73500798820627
 20
324.2522037534214
 30
0.0
 10
34.73169595708107
 20
324.2597760163564
 30
0.0
 10
34.72754673596523
 20
324.2668498593383
 30
0.0
 10
34.71847397368647
 20
324.2823176529277
 30
0.0
 10
34.70539835572737
 20
324.2954023516848
 30
0.0
 10
34.6906935704337
 20
324.3058479402466
 30
0.0
 10
34.6739799965274
 20
324.3177204778564
 30
0.0
 10
34.6551617382762
 20
324.3261836088361
 30
0.0
 10
34.63555495164273
 20
324.3319066329326
 30
0.0
 10
34.61443160746142
 20
324.338072324946
 30
0.0
 10
34.59239303414716
 20
324.3410576296708
 30
0.0
 10
34.57049188354738
 20
324.3410576296708
 30
0.0
  0
SPLINE
  5
576
330
70
100
AcDbEntity
  8
0
 62
     7
370
    25
100
AcDbSpline
210
0.0
220
0.0
230
1.0
 70
     8
 71
     3
 72
    20
 73
    16
 74
     0
 42
0.0000000001
 43
0.0000000001
 40
0.0
 40
0.0
 40
0.0
 40
0.0
 40
1.0
 40
1.0
 40
1.0
 40
2.0
 40
2.0
 40
2.0
 40
3.0
 40
3.0
 40
3.0
 40
4.0
 40
4.0
 40
4.0
 40
5.0
 40
5.0
 40
5.0
 40
5.0
 10
34.57049188354738
 20
324.1006413240705
 30
0.0
 10
34.59239303414716
 20
324.1006413240705
 30
0.0
 10
34.61443160746142
 20
324.1036266287953
 30
0.0
 10
34.63555495164273
 20
324.1097923208087
 30
0.0
 10
34.6551617382762
 20
324.1155153449053
 30
0.0
 10
34.6739799965274
 20
324.1239784758856
 30
0.0
 10
34.6906935704337
 20
324.1358510135179
 30
0.0
 10
34.70539835572737
 20
324.1462966021009
 30
0.0
 10
34.71847397368647
 20
324.1593813008964
 30
0.0
 10
34.72754673596523
 20
324.1748490944974
 30
0.0
 10
34.73169595708107
 20
324.1819229374851
 30
0.0
 10
34.73500798820627
 20
324.18949520042
 30
0.0
 10
34.73722520483154
 20
324.1973982882448
 30
0.0
 10
34.73936454273351
 20
324.2050237837117
 30
0.0
 10
34.740484625147
 20
324.2129572720708
 30
0.0
 10
34.740484625147
 20
324.220849476871
 30
0.0
  0
SPLINE
  5
577
330
70
100
AcDbEntity
  8
0
 62
     7
370
    25
100
AcDbSpline
210
0.0
220
0.0
230
1.0
 70
     8
 71
     3
 72
    20
 73
    16
 74
     0
 42
0.0000000001
 43
0.0000000001
 40
0.0
 40
0.0
 40
0.0
 40
0.0
 40
1.0
 40
1.0
 40
1.0
 40
2.0
 40
2.0
 40
2.0
 40
3.0
 40
3.0
 40
3.0
 40
4.0
 40
4.0
 40
4.0
 40
5.0
 40
5.0
 40
5.0
 40
5.0
 10
34.40049914194712
 20
324.220849476871
 30
0.0
 10
34.40049914194712
 20
324.2129572720708
 30
0.0
 10
34.40161922431184
 20
324.2050237837117
 30
0.0
 10
34.40375856220033
 20
324.1973982882448
 30
0.0
 10
34.40597577881149
 20
324.18949520042
 30
0.0
 10
34.40928780996042
 20
324.1819229374851
 30
0.0
 10
34.41343703109296
 20
324.1748490944974
 30
0.0
 10
34.42250979340765
 20
324.1593813008964
 30
0.0
 10
34.43558541136739
 20
324.1462966021009
 30
0.0
 10
34.45029019666041
 20
324.1358510135179
 30
0.0
 10
34.46700377056736
 20
324.1239784758856
 30
0.0
 10
34.48582202881792
 20
324.1155153449053
 30
0.0
 10
34.50542881545203
 20
324.1097923208087
 30
0.0
 10
34.52655215963335
 20
324.1036266287953
 30
0.0
 10
34.54859073294696
 20
324.1006413240705
 30
0.0
 10
34.57049188354738
 20
324.1006413240705
 30
0.0
  0
SPLINE
  5
578
330
70
100
AcDbEntity
  8
0
 62
     7
370
    25
100
AcDbSpline
210
0.0
220
0.0
230
1.0
 70
     8
 71
     3
 72
    20
 73
    16
 74
     0
 42
0.0000000001
 43
0.0000000001
 40
0.0
 40
0.0
 40
0.0
 40
0.0
 40
1.0
 40
1.0
 40
1.0
 40
2.0
 40
2.0
 40
2.0
 40
3.0
 40
3.0
 40
3.0
 40
4.0
 40
4.0
 40
4.0
 40
5.0
 40
5.0
 40
5.0
 40
5.0
 10
51.97049188354736
 20
324.3410576296708
 30
0.0
 10
51.94859073294693
 20
324.3410576296708
 30
0.0
 10
51.92655215963331
 20
324.338072324946
 30
0.0
 10
51.905428815452
 20
324.3319066329326
 30
0.0
 10
51.88582202881789
 20
324.3261836088361
 30
0.0
 10
51.86700377056734
 20
324.3177204778564
 30
0.0
 10
51.85029019666039
 20
324.3058479402472
 30
0.0
 10
51.83558541136736
 20
324.2954023516848
 30
0.0
 10
51.82250979340762
 20
324.2823176529277
 30
0.0
 10
51.81343703109293
 20
324.2668498593383
 30
0.0
 10
51.8092878099604
 20
324.2597760163564
 30
0.0
 10
51.80597577881146
 20
324.2522037534214
 30
0.0
 10
51.80375856220031
 20
324.244300665571
 30
0.0
 10
51.80161922431181
 20
324.236675170079
 30
0.0
 10
51.80049914194709
 20
324.2287416816706
 30
0.0
 10
51.80049914194709
 20
324.220849476871
 30
0.0
  0
SPLINE
  5
579
330
70
100
AcDbEntity
  8
0
 62
     7
370
    25
100
AcDbSpline
210
0.0
220
0.0
230
1.0
 70
     8
 71
     3
 72
    20
 73
    16
 74
     0
 42
0.0000000001
 43
0.0000000001
 40
0.0
 40
0.0
 40
0.0
 40
0.0
 40
1.0
 40
1.0
 40
1.0
 40
2.0
 40
2.0
 40
2.0
 40
3.0
 40
3.0
 40
3.0
 40
4.0
 40
4.0
 40
4.0
 40
5.0
 40
5.0
 40
5.0
 40
5.0
 10
52.14048462514696
 20
324.220849476871
 30
0.0
 10
52.14048462514696
 20
324.2287416816706
 30
0.0
 10
52.13936454273349
 20
324.236675170079
 30
0.0
 10
52.13722520483152
 20
324.244300665571
 30
0.0
 10
52.13500798820624
 20
324.2522037534214
 30
0.0
 10
52.13169595708105
 20
324.2597760163564
 30
0.0
 10
52.1275467359652
 20
324.2668498593383
 30
0.0
 10
52.11847397368645
 20
324.2823176529277
 30
0.0
 10
52.10539835572735
 20
324.2954023516848
 30
0.0
 10
52.09069357043368
 20
324.3058479402466
 30
0.0
 10
52.07397999652737
 20
324.3177204778564
 30
0.0
 10
52.05516173827681
 20
324.3261836088361
 30
0.0
 10
52.0355549516427
 20
324.3319066329326
 30
0.0
 10
52.01443160746139
 20
324.338072324946
 30
0.0
 10
51.99239303414713
 20
324.3410576296708
 30
0.0
 10
51.97049188354736
 20
324.3410576296708
 30
0.0
  0
SPLINE
  5
57A
330
70
100
AcDbEntity
  8
0
 62
     7
370
    25
100
AcDbSpline
210
0.0
220
0.0
230
1.0
 70
     8
 71
     3
 72
    20
 73
    16
 74
     0
 42
0.0000000001
 43
0.0000000001
 40
0.0
 40
0.0
 40
0.0
 40
0.0
 40
1.0
 40
1.0
 40
1.0
 40
2.0
 40
2.0
 40
2.0
 40
3.0
 40
3.0
 40
3.0
 40
4.0
 40
4.0
 40
4.0
 40
5.0
 40
5.0
 40
5.0
 40
5.0
 10
51.97049188354736
 20
324.1006413240705
 30
0.0
 10
51.99239303414713
 20
324.1006413240705
 30
0.0
 10
52.01443160746139
 20
324.1036266287953
 30
0.0
 10
52.0355549516427
 20
324.1097923208087
 30
0.0
 10
52.05516173827681
 20
324.1155153449053
 30
0.0
 10
52.07397999652737
 20
324.1239784758856
 30
0.0
 10
52.09069357043368
 20
324.1358510135179
 30
0.0
 10
52.10539835572735
 20
324.1462966021009
 30
0.0
 10
52.11847397368645
 20
324.1593813008964
 30
0.0
 10
52.1275467359652
 20
324.1748490944974
 30
0.0
 10
52.13169595708105
 20
324.1819229374851
 30
0.0
 10
52.13500798820624
 20
324.18949520042
 30
0.0
 10
52.13722520483152
 20
324.1973982882448
 30
0.0
 10
52.13936454273349
 20
324.2050237837117
 30
0.0
 10
52.14048462514696
 20
324.2129572720708
 30
0.0
 10
52.14048462514696
 20
324.220849476871
 30
0.0
  0
SPLINE
  5
57B
330
70
100
AcDbEntity
  8
0
 62
     7
370
    25
100
AcDbSpline
210
0.0
220
0.0
230
1.0
 70
     8
 71
     3
 72
    20
 73
    16
 74
     0
 42
0.0000000001
 43
0.0000000001
 40
0.0
 40
0.0
 40
0.0
 40
0.0
 40
1.0
 40
1.0
 40
1.0
 40
2.0
 40
2.0
 40
2.0
 40
3.0
 40
3.0
 40
3.0
 40
4.0
 40
4.0
 40
4.0
 40
5.0
 40
5.0
 40
5.0
 40
5.0
 10
51.80049914194709
 20
324.220849476871
 30
0.0
 10
51.80049914194709
 20
324.2129572720708
 30
0.0
 10
51.80161922431181
 20
324.2050237837117
 30
0.0
 10
51.80375856220031
 20
324.1973982882448
 30
0.0
 10
51.80597577881146
 20
324.18949520042
 30
0.0
 10
51.8092878099604
 20
324.1819229374851
 30
0.0
 10
51.81343703109293
 20
324.1748490944974
 30
0.0
 10
51.82250979340762
 20
324.1593813008964
 30
0.0
 10
51.83558541136736
 20
324.1462966021009
 30
0.0
 10
51.85029019666039
 20
324.1358510135179
 30
0.0
 10
51.86700377056734
 20
324.1239784758856
 30
0.0
 10
51.88582202881789
 20
324.1155153449053
 30
0.0
 10
51.905428815452
 20
324.1097923208087
 30
0.0
 10
51.92655215963331
 20
324.1036266287953
 30
0.0
 10
51.94859073294693
 20
324.1006413240705
 30
0.0
 10
51.97049188354736
 20
324.1006413240705
 30
0.0
  0
SPLINE
  5
57C
330
70
100
AcDbEntity
  8
0
 62
     7
370
    25
100
AcDbSpline
210
0.0
220
0.0
230
1.0
 70
     8
 71
     3
 72
    20
 73
    16
 74
     0
 42
0.0000000001
 43
0.0000000001
 40
0.0
 40
0.0
 40
0.0
 40
0.0
 40
1.0
 40
1.0
 40
1.0
 40
2.0
 40
2.0
 40
2.0
 40
3.0
 40
3.0
 40
3.0
 40
4.0
 40
4.0
 40
4.0
 40
5.0
 40
5.0
 40
5.0
 40
5.0
 10
69.37049188354733
 20
324.3410576296708
 30
0.0
 10
69.3485907329469
 20
324.3410576296708
 30
0.0
 10
69.32655215963329
 20
324.338072324946
 30
0.0
 10
69.30542881545197
 20
324.3319066329326
 30
0.0
 10
69.28582202881786
 20
324.3261836088361
 30
0.0
 10
69.26700377056731
 20
324.3177204778564
 30
0.0
 10
69.25029019666036
 20
324.3058479402472
 30
0.0
 10
69.23558541136734
 20
324.2954023516848
 30
0.0
 10
69.22250979340759
 20
324.2823176529277
 30
0.0
 10
69.21343703109291
 20
324.2668498593383
 30
0.0
 10
69.20928780996037
 20
324.2597760163564
 30
0.0
 10
69.20597577881143
 20
324.2522037534214
 30
0.0
 10
69.20375856220028
 20
324.244300665571
 30
0.0
 10
69.20161922431178
 20
324.236675170079
 30
0.0
 10
69.20049914194706
 20
324.2287416816706
 30
0.0
 10
69.20049914194706
 20
324.220849476871
 30
0.0
  0
SPLINE
  5
57D
330
70
100
AcDbEntity
  8
0
 62
     7
370
    25
100
AcDbSpline
210
0.0
220
0.0
230
1.0
 70
     8
 71
     3
 72
    20
 73
    16
 74
     0
 42
0.0000000001
 43
0.0000000001
 40
0.0
 40
0.0
 40
0.0
 40
0.0
 40
1.0
 40
1.0
 40
1.0
 40
2.0
 40
2.0
 40
2.0
 40
3.0
 40
3.0
 40
3.0
 40
4.0
 40
4.0
 40
4.0
 40
5.0
 40
5.0
 40
5.0
 40
5.0
 10
69.54048462514695
 20
324.220849476871
 30
0.0
 10
69.54048462514695
 20
324.2287416816706
 30
0.0
 10
69.53936454273346
 20
324.236675170079
 30
0.0
 10
69.53722520483148
 20
324.244300665571
 30
0.0
 10
69.53500798820622
 20
324.2522037534214
 30
0.0
 10
69.53169595708103
 20
324.2597760163564
 30
0.0
 10
69.52754673596581
 20
324.2668498593383
 30
0.0
 10
69.51847397368641
 20
324.2823176529277
 30
0.0
 10
69.50539835572732
 20
324.2954023516848
 30
0.0
 10
69.49069357043429
 20
324.3058479402466
 30
0.0
 10
69.47397999652735
 20
324.3177204778564
 30
0.0
 10
69.45516173827678
 20
324.3261836088361
 30
0.0
 10
69.43555495164267
 20
324.3319066329326
 30
0.0
 10
69.41443160746136
 20
324.338072324946
 30
0.0
 10
69.3923930341471
 20
324.3410576296708
 30
0.0
 10
69.37049188354733
 20
324.3410576296708
 30
0.0
  0
SPLINE
  5
57E
330
70
100
AcDbEntity
  8
0
 62
     7
370
    25
100
AcDbSpline
210
0.0
220
0.0
230
1.0
 70
     8
 71
     3
 72
    20
 73
    16
 74
     0
 42
0.0000000001
 43
0.0000000001
 40
0.0
 40
0.0
 40
0.0
 40
0.0
 40
1.0
 40
1.0
 40
1.0
 40
2.0
 40
2.0
 40
2.0
 40
3.0
 40
3.0
 40
3.0
 40
4.0
 40
4.0
 40
4.0
 40
5.0
 40
5.0
 40
5.0
 40
5.0
 10
69.37049188354733
 20
324.1006413240705
 30
0.0
 10
69.3923930341471
 20
324.1006413240705
 30
0.0
 10
69.41443160746136
 20
324.1036266287953
 30
0.0
 10
69.43555495164267
 20
324.1097923208087
 30
0.0
 10
69.45516173827678
 20
324.1155153449053
 30
0.0
 10
69.47397999652735
 20
324.1239784758856
 30
0.0
 10
69.49069357043429
 20
324.1358510135179
 30
0.0
 10
69.50539835572732
 20
324.1462966021009
 30
0.0
 10
69.51847397368641
 20
324.1593813008964
 30
0.0
 10
69.52754673596517
 20
324.1748490944974
 30
0.0
 10
69.53169595708103
 20
324.1819229374851
 30
0.0
 10
69.53500798820622
 20
324.18949520042
 30
0.0
 10
69.53722520483148
 20
324.1973982882448
 30
0.0
 10
69.53936454273346
 20
324.2050237837117
 30
0.0
 10
69.54048462514695
 20
324.2129572720708
 30
0.0
 10
69.54048462514695
 20
324.220849476871
 30
0.0
  0
SPLINE
  5
57F
330
70
100
AcDbEntity
  8
0
 62
     7
370
    25
100
AcDbSpline
210
0.0
220
0.0
230
1.0
 70
     8
 71
     3
 72
    20
 73
    16
 74
     0
 42
0.0000000001
 43
0.0000000001
 40
0.0
 40
0.0
 40
0.0
 40
0.0
 40
1.0
 40
1.0
 40
1.0
 40
2.0
 40
2.0
 40
2.0
 40
3.0
 40
3.0
 40
3.0
 40
4.0
 40
4.0
 40
4.0
 40
5.0
 40
5.0
 40
5.0
 40
5.0
 10
69.20049914194706
 20
324.220849476871
 30
0.0
 10
69.20049914194706
 20
324.2129572720708
 30
0.0
 10
69.20161922431178
 20
324.2050237837117
 30
0.0
 10
69.20375856220028
 20
324.1973982882448
 30
0.0
 10
69.20597577881143
 20
324.18949520042
 30
0.0
 10
69.20928780996037
 20
324.1819229374851
 30
0.0
 10
69.21343703109291
 20
324.1748490944974
 30
0.0
 10
69.22250979340759
 20
324.1593813008964
 30
0.0
 10
69.23558541136734
 20
324.1462966021009
 30
0.0
 10
69.25029019666036
 20
324.1358510135179
 30
0.0
 10
69.26700377056731
 20
324.1239784758856
 30
0.0
 10
69.28582202881786
 20
324.1155153449053
 30
0.0
 10
69.30542881545197
 20
324.1097923208087
 30
0.0
 10
69.32655215963329
 20
324.1036266287953
 30
0.0
 10
69.3485907329469
 20
324.1006413240705
 30
0.0
 10
69.37049188354733
 20
324.1006413240705
 30
0.0
  0
SPLINE
  5
580
330
70
100
AcDbEntity
  8
0
 62
     7
370
    25
100
AcDbSpline
210
0.0
220
0.0
230
1.0
 70
     8
 71
     3
 72
    20
 73
    16
 74
     0
 42
0.0000000001
 43
0.0000000001
 40
0.0
 40
0.0
 40
0.0
 40
0.0
 40
1.0
 40
1.0
 40
1.0
 40
2.0
 40
2.0
 40
2.0
 40
3.0
 40
3.0
 40
3.0
 40
4.0
 40
4.0
 40
4.0
 40
5.0
 40
5.0
 40
5.0
 40
5.0
 10
86.77049188354729
 20
324.3410576296708
 30
0.0
 10
86.74859073294753
 20
324.3410576296708
 30
0.0
 10
86.72655215963326
 20
324.338072324946
 30
0.0
 10
86.70542881545195
 20
324.3319066329326
 30
0.0
 10
86.68582202881784
 20
324.3261836088361
 30
0.0
 10
86.66700377056727
 20
324.3177204778564
 30
0.0
 10
86.65029019666034
 20
324.3058479402472
 30
0.0
 10
86.6355854113673
 20
324.2954023516848
 30
0.0
 10
86.6225097934082
 20
324.2823176529277
 30
0.0
 10
86.61343703109286
 20
324.2668498593383
 30
0.0
 10
86.60928780996034
 20
324.2597760163564
 30
0.0
 10
86.60597577881139
 20
324.2522037534214
 30
0.0
 10
86.60375856220026
 20
324.244300665571
 30
0.0
 10
86.60161922431175
 20
324.236675170079
 30
0.0
 10
86.60049914194704
 20
324.2287416816706
 30
0.0
 10
86.60049914194704
 20
324.220849476871
 30
0.0
  0
SPLINE
  5
581
330
70
100
AcDbEntity
  8
0
 62
     7
370
    25
100
AcDbSpline
210
0.0
220
0.0
230
1.0
 70
     8
 71
     3
 72
    20
 73
    16
 74
     0
 42
0.0000000001
 43
0.0000000001
 40
0.0
 40
0.0
 40
0.0
 40
0.0
 40
1.0
 40
1.0
 40
1.0
 40
2.0
 40
2.0
 40
2.0
 40
3.0
 40
3.0
 40
3.0
 40
4.0
 40
4.0
 40
4.0
 40
5.0
 40
5.0
 40
5.0
 40
5.0
 10
86.94048462514755
 20
324.220849476871
 30
0.0
 10
86.94048462514755
 20
324.2287416816706
 30
0.0
 10
86.93936454273343
 20
324.236675170079
 30
0.0
 10
86.93722520483147
 20
324.244300665571
 30
0.0
 10
86.93500798820618
 20
324.2522037534214
 30
0.0
 10
86.93169595708098
 20
324.2597760163564
 30
0.0
 10
86.92754673596578
 20
324.2668498593383
 30
0.0
 10
86.91847397368638
 20
324.2823176529277
 30
0.0
 10
86.90539835572728
 20
324.2954023516848
 30
0.0
 10
86.89069357043427
 20
324.3058479402466
 30
0.0
 10
86.87397999652731
 20
324.3177204778564
 30
0.0
 10
86.85516173827675
 20
324.3261836088361
 30
0.0
 10
86.83555495164265
 20
324.3319066329326
 30
0.0
 10
86.81443160746132
 20
324.338072324946
 30
0.0
 10
86.79239303414709
 20
324.3410576296708
 30
0.0
 10
86.77049188354729
 20
324.3410576296708
 30
0.0
  0
SPLINE
  5
582
330
70
100
AcDbEntity
  8
0
 62
     7
370
    25
100
AcDbSpline
210
0.0
220
0.0
230
1.0
 70
     8
 71
     3
 72
    20
 73
    16
 74
     0
 42
0.0000000001
 43
0.0000000001
 40
0.0
 40
0.0
 40
0.0
 40
0.0
 40
1.0
 40
1.0
 40
1.0
 40
2.0
 40
2.0
 40
2.0
 40
3.0
 40
3.0
 40
3.0
 40
4.0
 40
4.0
 40
4.0
 40
5.0
 40
5.0
 40
5.0
 40
5.0
 10
86.77049188354729
 20
324.1006413240705
 30
0.0
 10
86.79239303414709
 20
324.1006413240705
 30
0.0
 10
86.81443160746132
 20
324.1036266287953
 30
0.0
 10
86.83555495164265
 20
324.1097923208087
 30
0.0
 10
86.85516173827675
 20
324.1155153449053
 30
0.0
 10
86.87397999652731
 20
324.1239784758856
 30
0.0
 10
86.89069357043427
 20
324.1358510135179
 30
0.0
 10
86.90539835572728
 20
324.1462966021009
 30
0.0
 10
86.91847397368638
 20
324.1593813008964
 30
0.0
 10
86.92754673596578
 20
324.1748490944974
 30
0.0
 10
86.93169595708098
 20
324.1819229374851
 30
0.0
 10
86.93500798820618
 20
324.18949520042
 30
0.0
 10
86.93722520483147
 20
324.1973982882448
 30
0.0
 10
86.93936454273343
 20
324.2050237837117
 30
0.0
 10
86.94048462514755
 20
324.2129572720708
 30
0.0
 10
86.94048462514755
 20
324.220849476871
 30
0.0
  0
SPLINE
  5
583
330
70
100
AcDbEntity
  8
0
 62
     7
370
    25
100
AcDbSpline
210
0.0
220
0.0
230
1.0
 70
     8
 71
     3
 72
    20
 73
    16
 74
     0
 42
0.0000000001
 43
0.0000000001
 40
0.0
 40
0.0
 40
0.0
 40
0.0
 40
1.0
 40
1.0
 40
1.0
 40
2.0
 40
2.0
 40
2.0
 40
3.0
 40
3.0
 40
3.0
 40
4.0
 40
4.0
 40
4.0
 40
5.0
 40
5.0
 40
5.0
 40
5.0
 10
86.60049914194704
 20
324.220849476871
 30
0.0
 10
86.60049914194704
 20
324.2129572720708
 30
0.0
 10
86.60161922431175
 20
324.2050237837117
 30
0.0
 10
86.60375856220026
 20
324.1973982882448
 30
0.0
 10
86.60597577881139
 20
324.18949520042
 30
0.0
 10
86.60928780996034
 20
324.1819229374851
 30
0.0
 10
86.61343703109286
 20
324.1748490944974
 30
0.0
 10
86.6225097934082
 20
324.1593813008964
 30
0.0
 10
86.6355854113673
 20
324.1462966021009
 30
0.0
 10
86.65029019666034
 20
324.1358510135179
 30
0.0
 10
86.66700377056727
 20
324.1239784758856
 30
0.0
 10
86.68582202881784
 20
324.1155153449053
 30
0.0
 10
86.70542881545195
 20
324.1097923208087
 30
0.0
 10
86.72655215963326
 20
324.1036266287953
 30
0.0
 10
86.74859073294753
 20
324.1006413240705
 30
0.0
 10
86.77049188354729
 20
324.1006413240705
 30
0.0
  0
SPLINE
  5
584
330
70
100
AcDbEntity
  8
0
 62
     7
370
    25
100
AcDbSpline
210
0.0
220
0.0
230
1.0
 70
     8
 71
     3
 72
    50
 73
    46
 74
     0
 42
0.0000000001
 43
0.0000000001
 40
0.0
 40
0.0
 40
0.0
 40
0.0
 40
1.0
 40
1.0
 40
1.0
 40
2.0
 40
2.0
 40
2.0
 40
3.0
 40
3.0
 40
3.0
 40
4.0
 40
4.0
 40
4.0
 40
5.0
 40
5.0
 40
5.0
 40
6.0
 40
6.0
 40
6.0
 40
7.0
 40
7.0
 40
7.0
 40
8.0
 40
8.0
 40
8.0
 40
9.0
 40
9.0
 40
9.0
 40
10.0
 40
10.0
 40
10.0
 40
11.0
 40
11.0
 40
11.0
 40
12.0
 40
12.0
 40
12.0
 40
13.0
 40
13.0
 40
13.0
 40
14.0
 40
14.0
 40
14.0
 40
15.0
 40
15.0
 40
15.0
 40
15.0
 10
91.230491883547
 20
314.6998042903711
 30
0.0
 10
91.19370350174754
 20
314.7212156274707
 30
0.0
 10
91.15643871159727
 20
314.741814654989
 30
0.0
 10
91.11886837443764
 20
314.7618257846531
 30
0.0
 10
91.09906873492967
 20
314.7723716882418
 30
0.0
 10
91.07918423554098
 20
314.7827543143636
 30
0.0
 10
91.05928628809374
 20
314.7931113793122
 30
0.0
 10
91.04643236365525
 20
314.7998019653944
 30
0.0
 10
91.03357282725772
 20
314.8064818846386
 30
0.0
 10
91.02073846199143
 20
314.8132103200932
 30
0.0
 10
91.00093390695009
 20
314.8235928881065
 30
0.0
 10
90.98118928740694
 20
314.8340909790656
 30
0.0
 10
90.96151395210652
 20
314.8447149661162
 30
0.0
 10
90.94007343376242
 20
314.8562920897471
 30
0.0
 10
90.91871518906645
 20
314.8680187124589
 30
0.0
 10
90.8974395098377
 20
314.8799034132334
 30
0.0
 10
90.88227675180297
 20
314.8883734056699
 30
0.0
 10
90.86715592986314
 20
314.8969236880485
 30
0.0
 10
90.85245974621654
 20
314.9061900610085
 30
0.0
 10
90.84257011942858
 20
314.9124257595045
 30
0.0
 10
90.83287278845045
 20
314.9189857368511
 30
0.0
 10
90.82362064548938
 20
314.9261251130401
 30
0.0
 10
90.82003260562919
 20
314.9288938085143
 30
0.0
 10
90.81651151927356
 20
314.931749641965
 30
0.0
 10
90.81302561294092
 20
314.9346453403416
 30
0.0
 10
90.80982247006886
 20
314.9373061506827
 30
0.0
 10
90.80664903136
 20
314.9400006208721
 30
0.0
 10
90.80352813557873
 20
314.9427616630784
 30
0.0
 10
90.79455850264562
 20
314.9506970562608
 30
0.0
 10
90.78602288505178
 20
314.9591823479304
 30
0.0
 10
90.7784333792331
 20
314.9684419916634
 30
0.0
 10
90.77308737919606
 20
314.9749644263147
 30
0.0
 10
90.76821081188903
 20
314.9818710715978
 30
0.0
 10
90.76365862729405
 20
314.9889695979684
 30
0.0
 10
90.75843781714594
 20
314.9971107569517
 30
0.0
 10
90.75364367863448
 20
315.0055043036686
 30
0.0
 10
90.74919892054007
 20
315.0141152618299
 30
0.0
 10
90.74611600979656
 20
315.0200878738072
 30
0.0
 10
90.74320118221242
 20
315.0261650800907
 30
0.0
 10
90.74108193475103
 20
315.0325244178779
 30
0.0
 10
90.74027683622816
 20
315.0349403195384
 30
0.0
 10
90.73958655799502
 20
315.0373969391859
 30
0.0
 10
90.73906982838559
 20
315.0398980695089
 30
0.0
 10
90.73864896055676
 20
315.0419351993128
 30
0.0
 10
90.73834322204708
 20
315.0440018567709
 30
0.0
 10
90.73830871364746
 20
315.0460766712711
 30
0.0
  0
SPLINE
  5
585
330
70
100
AcDbEntity
  8
0
 62
     7
370
    25
100
AcDbSpline
210
0.0
220
0.0
230
1.0
 70
     8
 71
     3
 72
    41
 73
    37
 74
     0
 42
0.0000000001
 43
0.0000000001
 40
0.0
 40
0.0
 40
0.0
 40
0.0
 40
1.0
 40
1.0
 40
1.0
 40
2.0
 40
2.0
 40
2.0
 40
3.0
 40
3.0
 40
3.0
 40
4.0
 40
4.0
 40
4.0
 40
5.0
 40
5.0
 40
5.0
 40
6.0
 40
6.0
 40
6.0
 40
7.0
 40
7.0
 40
7.0
 40
8.0
 40
8.0
 40
8.0
 40
9.0
 40
9.0
 40
9.0
 40
10.0
 40
10.0
 40
10.0
 40
11.0
 40
11.0
 40
11.0
 40
12.0
 40
12.0
 40
12.0
 40
12.0
 10
91.32667813384733
 20
315.1340952950708
 30
0.0
 10
91.32667813384733
 20
315.0983246182706
 30
0.0
 10
91.32627612486791
 20
315.0625503201887
 30
0.0
 10
91.32526783324451
 20
315.0267925322551
 30
0.0
 10
91.32474414022768
 20
315.0082204213845
 30
0.0
 10
91.32405689501458
 20
314.98965276433
 30
0.0
 10
91.3231096544934
 20
314.9710979160297
 30
0.0
 10
91.32213812384886
 20
314.9520672650804
 30
0.0
 10
91.32089309279386
 20
314.9330500882194
 30
0.0
 10
91.3192415958805
 20
314.9140632639855
 30
0.0
 10
91.31754827297628
 20
314.8945955773773
 30
0.0
 10
91.3154276351045
 20
314.8751598002935
 30
0.0
 10
91.31257160963496
 20
314.85583055975
 30
0.0
 10
91.31111449141204
 20
314.8459689570025
 30
0.0
 10
91.30946595565099
 20
314.8361350851583
 30
0.0
 10
91.30755527456859
 20
314.8263502519297
 30
0.0
 10
91.30561722046801
 20
314.8164252381016
 30
0.0
 10
91.30340945609011
 20
314.8065506780393
 30
0.0
 10
91.30084154374829
 20
314.7967701201094
 30
0.0
 10
91.29823693324928
 20
314.7868497877626
 30
0.0
 10
91.29526180744852
 20
314.7770261635242
 30
0.0
 10
91.29175519881014
 20
314.7673765524521
 30
0.0
 10
91.28819287846756
 20
314.7575736319216
 30
0.0
 10
91.28408205312624
 20
314.7479502977938
 30
0.0
 10
91.27905451477493
 20
314.7388186866873
 30
0.0
 10
91.27649882201465
 20
314.7341767345493
 30
0.0
 10
91.27370624298086
 20
314.7296618477337
 30
0.0
 10
91.27059102694518
 20
314.7253725760598
 30
0.0
 10
91.26743256679967
 20
314.7210237625335
 30
0.0
 10
91.26394245006082
 20
314.7169068714127
 30
0.0
 10
91.26002736763643
 20
314.71321138884
 30
0.0
 10
91.25604471575796
 20
314.7094521268335
 30
0.0
 10
91.25162230285232
 20
314.7061289448726
 30
0.0
 10
91.24666352126261
 20
314.7037284008098
 30
0.0
 10
91.24162776542059
 20
314.701290593545
 30
0.0
 10
91.2360388597472
 20
314.6998042903711
 30
0.0
 10
91.230491883547
 20
314.6998042903711
 30
0.0
  0
SPLINE
  5
586
330
70
100
AcDbEntity
  8
0
 62
     7
370
    25
100
AcDbSpline
210
0.0
220
0.0
230
1.0
 70
     8
 71
     3
 72
    11
 73
     7
 74
     0
 42
0.0000000001
 43
0.0000000001
 40
0.0
 40
0.0
 40
0.0
 40
0.0
 40
1.0
 40
1.0
 40
1.0
 40
2.0
 40
2.0
 40
2.0
 40
2.0
 10
91.33049188354732
 20
315.3455958005711
 30
0.0
 10
91.33049188354732
 20
315.3441417947707
 30
0.0
 10
91.33041256544046
 20
315.3426881668689
 30
0.0
 10
91.33025207030804
 20
315.3412403804375
 30
0.0
 10
91.32976101937014
 20
315.3368107328038
 30
0.0
 10
91.32851005784749
 20
315.332435768071
 30
0.0
 10
91.32667813384733
 20
315.3283817853707
 30
0.0
  0
SPLINE
  5
587
330
70
100
AcDbEntity
  8
0
 62
     7
370
    25
100
AcDbSpline
210
0.0
220
0.0
230
1.0
 70
     8
 71
     3
 72
    11
 73
     7
 74
     0
 42
0.0000000001
 43
0.0000000001
 40
0.0
 40
0.0
 40
0.0
 40
0.0
 40
1.0
 40
1.0
 40
1.0
 40
2.0
 40
2.0
 40
2.0
 40
2.0
 10
90.73049188354731
 20
315.0765560631709
 30
0.0
 10
90.72011589104711
 20
315.1269912478708
 30
0.0
 10
90.70981894153236
 20
315.1774427139749
 30
0.0
 10
90.69957822955311
 20
315.2279055516002
 30
0.0
 10
90.66831732506033
 20
315.3819489375205
 30
0.0
 10
90.63758046614729
 20
315.5360982881709
 30
0.0
 10
90.60683726764755
 20
315.690245796871
 30
0.0
  0
SPLINE
  5
588
330
70
100
AcDbEntity
  8
0
 62
     7
370
    25
100
AcDbSpline
210
0.0
220
0.0
230
1.0
 70
     8
 71
     3
 72
    17
 73
    13
 74
     0
 42
0.0000000001
 43
0.0000000001
 40
0.0
 40
0.0
 40
0.0
 40
0.0
 40
1.0
 40
1.0
 40
1.0
 40
2.0
 40
2.0
 40
2.0
 40
3.0
 40
3.0
 40
3.0
 40
4.0
 40
4.0
 40
4.0
 40
4.0
 10
75.83018050934706
 20
321.4277776911706
 30
0.0
 10
75.83018050934706
 20
321.329439132271
 30
0.0
 10
75.82647380932143
 20
321.2310570245995
 30
0.0
 10
75.8187041939164
 20
321.132985317346
 30
0.0
 10
75.81112912125988
 20
321.0373692193456
 30
0.0
 10
75.79969204798491
 20
320.9420481721874
 30
0.0
 10
75.78335810523049
 20
320.847536577937
 30
0.0
 10
75.76780181317729
 20
320.7575246325878
 30
0.0
 10
75.74780382701618
 20
320.6682468996218
 30
0.0
 10
75.72167512018165
 20
320.5806366672562
 30
0.0
 10
75.69720820559901
 20
320.498598467453
 30
0.0
 10
75.6673656023472
 20
320.4180224063706
 30
0.0
 10
75.63049188354709
 20
320.3408777514708
 30
0.0
  0
SPLINE
  5
589
330
70
100
AcDbEntity
  8
0
 62
     7
370
    25
100
AcDbSpline
210
0.0
220
0.0
230
1.0
 70
     8
 71
     3
 72
    17
 73
    13
 74
     0
 42
0.0000000001
 43
0.0000000001
 40
0.0
 40
0.0
 40
0.0
 40
0.0
 40
1.0
 40
1.0
 40
1.0
 40
2.0
 40
2.0
 40
2.0
 40
3.0
 40
3.0
 40
3.0
 40
4.0
 40
4.0
 40
4.0
 40
4.0
 10
75.63049188354709
 20
322.5146776308711
 30
0.0
 10
75.66736559864716
 20
322.4375329838705
 30
0.0
 10
75.69720819950927
 20
322.3569569313825
 30
0.0
 10
75.72167511269559
 20
322.2749187403089
 30
0.0
 10
75.74780381872864
 20
322.1873085149526
 30
0.0
 10
75.76780180489681
 20
322.0980307890632
 30
0.0
 10
75.78335809739086
 20
322.0080188507715
 30
0.0
 10
75.79969204253174
 20
321.9135072528017
 30
0.0
 10
75.81112911751877
 20
321.8181862017125
 30
0.0
 10
75.81870419138938
 20
321.7225700997182
 30
0.0
 10
75.82647380862646
 20
321.6244983809603
 30
0.0
 10
75.83018050934706
 20
321.5261162616709
 30
0.0
 10
75.83018050934706
 20
321.4277776911706
 30
0.0
  0
SPLINE
  5
58A
330
70
100
AcDbEntity
  8
0
 62
     7
370
    25
100
AcDbSpline
210
0.0
220
0.0
230
1.0
 70
     8
 71
     3
 72
    59
 73
    55
 74
     0
 42
0.0000000001
 43
0.0000000001
 40
0.0
 40
0.0
 40
0.0
 40
0.0
 40
1.0
 40
1.0
 40
1.0
 40
2.0
 40
2.0
 40
2.0
 40
3.0
 40
3.0
 40
3.0
 40
4.0
 40
4.0
 40
4.0
 40
5.0
 40
5.0
 40
5.0
 40
6.0
 40
6.0
 40
6.0
 40
7.0
 40
7.0
 40
7.0
 40
8.0
 40
8.0
 40
8.0
 40
9.0
 40
9.0
 40
9.0
 40
10.0
 40
10.0
 40
10.0
 40
11.0
 40
11.0
 40
11.0
 40
12.0
 40
12.0
 40
12.0
 40
13.0
 40
13.0
 40
13.0
 40
14.0
 40
14.0
 40
14.0
 40
15.0
 40
15.0
 40
15.0
 40
16.0
 40
16.0
 40
16.0
 40
17.0
 40
17.0
 40
17.0
 40
18.0
 40
18.0
 40
18.0
 40
18.0
 10
75.8304918835471
 20
327.8827606973711
 30
0.0
 10
75.82296080204717
 20
327.901849415671
 30
0.0
 10
75.81530070520095
 20
327.9208875492887
 30
0.0
 10
75.80747364093285
 20
327.9398573495513
 30
0.0
 10
75.79965017205508
 20
327.9588184359677
 30
0.0
 10
75.79165988911443
 20
327.9777112517922
 30
0.0
 10
75.78342342240505
 20
327.9964963218902
 30
0.0
 10
75.77932224071904
 20
328.0058499668667
 30
0.0
 10
75.77516002170037
 20
328.0151768980117
 30
0.0
 10
75.7709188466099
 20
328.0244679063625
 30
0.0
 10
75.76670342950881
 20
328.0337024874975
 30
0.0
 10
75.76241001247325
 20
328.0429015808544
 30
0.0
 10
75.7580132625188
 20
328.0520514438785
 30
0.0
 10
75.75366079193172
 20
328.0611091592573
 30
0.0
 10
75.749207059263
 20
328.070118630901
 30
0.0
 10
75.74461032403907
 20
328.0790548004979
 30
0.0
 10
75.74008933871599
 20
328.0878437103701
 30
0.0
 10
75.73543002510054
 20
328.0965617141881
 30
0.0
 10
75.73056340944316
 20
328.1051660625997
 30
0.0
 10
75.72583162188775
 20
328.1135320301629
 30
0.0
 10
75.72090385965488
 20
328.1217905526599
 30
0.0
 10
75.71563761541802
 20
328.1298297624764
 30
0.0
 10
75.71309169019174
 20
328.1337162565605
 30
0.0
 10
75.71046665615067
 20
328.1375514936613
 30
0.0
 10
75.70772979404579
 20
328.1413059478552
 30
0.0
 10
75.70508574157694
 20
328.1449330848831
 30
0.0
 10
75.70233731684273
 20
328.1484848249599
 30
0.0
 10
75.69943205537227
 20
328.1519094318707
 30
0.0
 10
75.6966680934096
 20
328.1551674805307
 30
0.0
 10
75.69376217946085
 20
328.1583104617288
 30
0.0
 10
75.69064551154065
 20
328.1612302593105
 30
0.0
 10
75.6877489076285
 20
328.1639438936511
 30
0.0
 10
75.68467026115735
 20
328.1664647491031
 30
0.0
 10
75.68125227700027
 20
328.1685443027322
 30
0.0
 10
75.67814604630789
 20
328.1704341808045
 30
0.0
 10
75.67475955671335
 20
328.1719595878223
 30
0.0
 10
75.67118637378889
 20
328.1725105075499
 30
0.0
 10
75.66946241829142
 20
328.1727763100893
 30
0.0
 10
75.66769500472689
 20
328.1728152735988
 30
0.0
 10
75.66596674468723
 20
328.1725639709307
 30
0.0
 10
75.66416026919397
 20
328.172301295118
 30
0.0
 10
75.66239657134153
 20
328.1717214855965
 30
0.0
 10
75.66077052117427
 20
328.1709000262636
 30
0.0
 10
75.65689250112966
 20
328.1689409011255
 30
0.0
 10
75.65379740782998
 20
328.1656072951834
 30
0.0
 10
75.65128525332728
 20
328.1619918584088
 30
0.0
 10
75.64813528463502
 20
328.1574584936659
 30
0.0
 10
75.64590183762374
 20
328.1524820222542
 30
0.0
 10
75.64401665665049
 20
328.147384024416
 30
0.0
 10
75.63972793220535
 20
328.1357862477273
 30
0.0
 10
75.6372416498285
 20
328.1235595140917
 30
0.0
 10
75.63539827872663
 20
328.1112793816356
 30
0.0
 10
75.63152817957048
 20
328.0854976330846
 30
0.0
 10
75.63049188354709
 20
328.059480514971
 30
0.0
 10
75.63049188354709
 20
328.0335037797705
 30
0.0
  0
SPLINE
  5
58B
330
70
100
AcDbEntity
  8
0
 62
     7
370
    25
100
AcDbSpline
210
0.0
220
0.0
230
1.0
 70
     8
 71
     3
 72
    14
 73
    10
 74
     0
 42
0.0000000001
 43
0.0000000001
 40
0.0
 40
0.0
 40
0.0
 40
0.0
 40
1.0
 40
1.0
 40
1.0
 40
2.0
 40
2.0
 40
2.0
 40
3.0
 40
3.0
 40
3.0
 40
3.0
 10
76.07950138234696
 20
327.3101275928706
 30
0.0
 10
76.06364591514733
 20
327.3469968281708
 30
0.0
 10
76.04717750232373
 20
327.3836002544903
 30
0.0
 10
76.03064432672598
 20
327.4201712900241
 30
0.0
 10
76.01052576561632
 20
327.4646731226504
 30
0.0
 10
75.99031130713166
 20
327.5091269926724
 30
0.0
 10
75.97033319593887
 20
327.5536944161361
 30
0.0
 10
75.9215787707239
 20
327.6624564053614
 30
0.0
 10
75.87423191504704
 20
327.7718946636711
 30
0.0
 10
75.8304918835471
 20
327.8827606973711
 30
0.0
  0
SPLINE
  5
58C
330
70
100
AcDbEntity
  8
0
 62
     7
370
    25
100
AcDbSpline
210
0.0
220
0.0
230
1.0
 70
     8
 71
     3
 72
    11
 73
     7
 74
     0
 42
0.0000000001
 43
0.0000000001
 40
0.0
 40
0.0
 40
0.0
 40
0.0
 40
1.0
 40
1.0
 40
1.0
 40
2.0
 40
2.0
 40
2.0
 40
2.0
 10
76.1204918835474
 20
327.1672064515706
 30
0.0
 10
76.118441989047
 20
327.1797438601705
 30
0.0
 10
76.11605270515449
 20
327.1922213907954
 30
0.0
 10
76.11329091850087
 20
327.2046316334769
 30
0.0
 10
76.10526352380877
 20
327.2407031801648
 30
0.0
 10
76.09408911654707
 20
327.2762062585707
 30
0.0
 10
76.07950138234696
 20
327.3101275928706
 30
0.0
  0
SPLINE
  5
58D
330
70
100
AcDbEntity
  8
0
 62
     7
370
    25
100
AcDbSpline
210
0.0
220
0.0
230
1.0
 70
     8
 71
     3
 72
    35
 73
    31
 74
     0
 42
0.0000000001
 43
0.0000000001
 40
0.0
 40
0.0
 40
0.0
 40
0.0
 40
1.0
 40
1.0
 40
1.0
 40
2.0
 40
2.0
 40
2.0
 40
3.0
 40
3.0
 40
3.0
 40
4.0
 40
4.0
 40
4.0
 40
5.0
 40
5.0
 40
5.0
 40
6.0
 40
6.0
 40
6.0
 40
7.0
 40
7.0
 40
7.0
 40
8.0
 40
8.0
 40
8.0
 40
9.0
 40
9.0
 40
9.0
 40
10.0
 40
10.0
 40
10.0
 40
10.0
 10
75.8304918835471
 20
280.7952403910709
 30
0.0
 10
75.81748513694744
 20
280.7952403910709
 30
0.0
 10
75.80447825478564
 20
280.7953280413979
 30
0.0
 10
75.79147256457147
 20
280.7955084737075
 30
0.0
 10
75.77896514761341
 20
280.7956819933046
 30
0.0
 10
75.76645883302113
 20
280.7959413217539
 30
0.0
 10
75.75395566519262
 20
280.7963023901344
 30
0.0
 10
75.74242658312844
 20
280.7966353287185
 30
0.0
 10
75.73090017661749
 20
280.7970547722174
 30
0.0
 10
75.7193778804058
 20
280.7975916194486
 30
0.0
 10
75.70926910149558
 20
280.7980626080311
 30
0.0
 10
75.69916348626751
 20
280.7986239618172
 30
0.0
 10
75.68907052727087
 20
280.7993266307255
 30
0.0
 10
75.68077123568375
 20
280.7999044250232
 30
0.0
 10
75.67248050164744
 20
280.8005777699763
 30
0.0
 10
75.66419812198074
 20
280.8014407647863
 30
0.0
 10
75.65801387058543
 20
280.8020851420157
 30
0.0
 10
75.65183427695552
 20
280.8028352536976
 30
0.0
 10
75.64571626339834
 20
280.8038527891323
 30
0.0
 10
75.64350493671165
 20
280.8042205724402
 30
0.0
 10
75.64130165500775
 20
280.8046232926923
 30
0.0
 10
75.63910390533544
 20
280.8051418105553
 30
0.0
 10
75.63748895392483
 20
280.8055228280858
 30
0.0
 10
75.63587698959628
 20
280.8059663718216
 30
0.0
 10
75.63433500551842
 20
280.8064698357318
 30
0.0
 10
75.63334368731267
 20
280.8067935050535
 30
0.0
 10
75.63238129201052
 20
280.8071419394387
 30
0.0
 10
75.63145520744936
 20
280.8078245087219
 30
0.0
 10
75.63096853150707
 20
280.8081832125196
 30
0.0
 10
75.63049188354709
 20
280.808634194771
 30
0.0
 10
75.63049188354709
 20
280.8091916858709
 30
0.0
  0
SPLINE
  5
58E
330
70
100
AcDbEntity
  8
0
 62
     7
370
    25
100
AcDbSpline
210
0.0
220
0.0
230
1.0
 70
     8
 71
     3
 72
    41
 73
    37
 74
     0
 42
0.0000000001
 43
0.0000000001
 40
0.0
 40
0.0
 40
0.0
 40
0.0
 40
1.0
 40
1.0
 40
1.0
 40
2.0
 40
2.0
 40
2.0
 40
3.0
 40
3.0
 40
3.0
 40
4.0
 40
4.0
 40
4.0
 40
5.0
 40
5.0
 40
5.0
 40
6.0
 40
6.0
 40
6.0
 40
7.0
 40
7.0
 40
7.0
 40
8.0
 40
8.0
 40
8.0
 40
9.0
 40
9.0
 40
9.0
 40
10.0
 40
10.0
 40
10.0
 40
11.0
 40
11.0
 40
11.0
 40
12.0
 40
12.0
 40
12.0
 40
12.0
 10
75.8304918835471
 20
296.4312697681708
 30
0.0
 10
75.81748154654698
 20
296.431270016371
 30
0.0
 10
75.80447117991129
 20
296.4313137349666
 30
0.0
 10
75.79146110349295
 20
296.4314040276113
 30
0.0
 10
75.7789521905663
 20
296.4314908420765
 30
0.0
 10
75.76644354592888
 20
296.4316207115267
 30
0.0
 10
75.75393572037473
 20
296.4318017104014
 30
0.0
 10
75.7424078477034
 20
296.4319685285243
 30
0.0
 10
75.73088067079682
 20
296.4321787782262
 30
0.0
 10
75.71935442991481
 20
296.4324473615099
 30
0.0
 10
75.70925096264851
 20
296.4326827914686
 30
0.0
 10
75.69914821458758
 20
296.4329630426954
 30
0.0
 10
75.68904894443533
 20
296.4333161332296
 30
0.0
 10
75.68465596041811
 20
296.4334697206721
 30
0.0
 10
75.68026363444849
 20
296.4336370898874
 30
0.0
 10
75.67587102226892
 20
296.4338240285825
 30
0.0
 10
75.67197343441295
 20
296.4339899002685
 30
0.0
 10
75.66807562122114
 20
296.4341711792134
 30
0.0
 10
75.66418245967679
 20
296.4343745692694
 30
0.0
 10
75.66082084164913
 20
296.4345501899502
 30
0.0
 10
75.65746269177759
 20
296.4347422961424
 30
0.0
 10
75.65409569299823
 20
296.4349624146704
 30
0.0
 10
75.65129298508907
 20
296.4351456425182
 30
0.0
 10
75.64848414578344
 20
296.4353482800774
 30
0.0
 10
75.64570800651947
 20
296.4355818122889
 30
0.0
 10
75.64351613031334
 20
296.4357661955812
 30
0.0
 10
75.64134463850433
 20
296.4359698378344
 30
0.0
 10
75.63909898550463
 20
296.4362271782783
 30
0.0
 10
75.63747153436013
 20
296.4364136759247
 30
0.0
 10
75.63580513322938
 20
296.4366283762445
 30
0.0
 10
75.63433272675786
 20
296.436892107532
 30
0.0
 10
75.63342814708507
 20
296.4370541320585
 30
0.0
 10
75.63259678711948
 20
296.4372346624204
 30
0.0
 10
75.63145462342879
 20
296.4375685629813
 30
0.0
 10
75.63099808247551
 20
296.4377020283346
 30
0.0
 10
75.63049188354709
 20
296.4378599980707
 30
0.0
 10
75.63049188354709
 20
296.4382539220709
 30
0.0
  0
SPLINE
  5
58F
330
70
100
AcDbEntity
  8
0
 62
     7
370
    25
100
AcDbSpline
210
0.0
220
0.0
230
1.0
 70
     8
 71
     3
 72
    32
 73
    28
 74
     0
 42
0.0000000001
 43
0.0000000001
 40
0.0
 40
0.0
 40
0.0
 40
0.0
 40
1.0
 40
1.0
 40
1.0
 40
2.0
 40
2.0
 40
2.0
 40
3.0
 40
3.0
 40
3.0
 40
4.0
 40
4.0
 40
4.0
 40
5.0
 40
5.0
 40
5.0
 40
6.0
 40
6.0
 40
6.0
 40
7.0
 40
7.0
 40
7.0
 40
8.0
 40
8.0
 40
8.0
 40
9.0
 40
9.0
 40
9.0
 40
9.0
 10
75.8304918835471
 20
300.7305625013706
 30
0.0
 10
75.80497437344739
 20
300.7305625013706
 30
0.0
 10
75.77945062318386
 20
300.7310436205066
 30
0.0
 10
75.75395566522984
 20
300.7321427534088
 30
0.0
 10
75.74242221430534
 20
300.7326399809553
 30
0.0
 10
75.73089465570269
 20
300.733263684493
 30
0.0
 10
75.71937788042568
 20
300.7340611235607
 30
0.0
 10
75.70926244999563
 20
300.7347615313757
 30
0.0
 10
75.69915533834529
 20
300.7355959672082
 30
0.0
 10
75.68907052732413
 20
300.736642816254
 30
0.0
 10
75.68075837046954
 20
300.7375056557715
 30
0.0
 10
75.67246136348886
 20
300.7385127976576
 30
0.0
 10
75.66419812197434
 20
300.7397886427809
 30
0.0
 10
75.65799271183658
 20
300.7407467585819
 30
0.0
 10
75.651806343711
 20
300.741856409394
 30
0.0
 10
75.64571626341823
 20
300.7433777292708
 30
0.0
 10
75.64348917004112
 20
300.7439340637127
 30
0.0
 10
75.64127495329405
 20
300.744545450909
 30
0.0
 10
75.63910390538165
 20
300.7452957901098
 30
0.0
 10
75.63747611991003
 20
300.745858371545
 30
0.0
 10
75.63587260198295
 20
300.7464990654444
 30
0.0
 10
75.63433500558002
 20
300.7472718884743
 30
0.0
 10
75.63328796703281
 20
300.7477981484875
 30
0.0
 10
75.6322714965451
 20
300.7483856772775
 30
0.0
 10
75.63145520746028
 20
300.7492876386739
 30
0.0
 10
75.63093250475768
 20
300.7498652007991
 30
0.0
 10
75.63049188354709
 20
300.7505716914705
 30
0.0
 10
75.63049188354709
 20
300.751321994971
 30
0.0
  0
SPLINE
  5
590
330
70
100
AcDbEntity
  8
0
 62
     7
370
    25
100
AcDbSpline
210
0.0
220
0.0
230
1.0
 70
     8
 71
     3
 72
    41
 73
    37
 74
     0
 42
0.0000000001
 43
0.0000000001
 40
0.0
 40
0.0
 40
0.0
 40
0.0
 40
1.0
 40
1.0
 40
1.0
 40
2.0
 40
2.0
 40
2.0
 40
3.0
 40
3.0
 40
3.0
 40
4.0
 40
4.0
 40
4.0
 40
5.0
 40
5.0
 40
5.0
 40
6.0
 40
6.0
 40
6.0
 40
7.0
 40
7.0
 40
7.0
 40
8.0
 40
8.0
 40
8.0
 40
9.0
 40
9.0
 40
9.0
 40
10.0
 40
10.0
 40
10.0
 40
11.0
 40
11.0
 40
11.0
 40
12.0
 40
12.0
 40
12.0
 40
12.0
 10
75.8304918835471
 20
329.1590546368707
 30
0.0
 10
75.81748538874693
 20
329.1590546368707
 30
0.0
 10
75.80447885268039
 20
329.1590060187541
 30
0.0
 10
75.79147268222699
 20
329.1589060048932
 30
0.0
 10
75.77896650975181
 20
329.1588098358787
 30
0.0
 10
75.76646067531919
 20
329.1586661467902
 30
0.0
 10
75.75395581135241
 20
329.1584658246447
 30
0.0
 10
75.74242888715076
 20
329.1582811686432
 30
0.0
 10
75.73090278755998
 20
329.1580483911667
 30
0.0
 10
75.71937794537269
 20
329.1577510169351
 30
0.0
 10
75.70927364677693
 20
329.1574902968338
 30
0.0
 10
75.69917031471597
 20
329.1571799228661
 30
0.0
 10
75.68907090767776
 20
329.1567890508154
 30
0.0
 10
75.68467670506766
 20
329.1566189842978
 30
0.0
 10
75.68028324549434
 20
329.1564336788692
 30
0.0
 10
75.67588981697539
 20
329.1562266163979
 30
0.0
 10
75.67199113448481
 20
329.1560428713286
 30
0.0
 10
75.66809247644809
 20
329.1558419934538
 30
0.0
 10
75.66419829915898
 20
329.1556169042338
 30
0.0
 10
75.66083496680089
 20
329.1554224986376
 30
0.0
 10
75.65747497684454
 20
329.1552100326541
 30
0.0
 10
75.65410780397865
 20
329.1549658042483
 30
0.0
 10
75.65130403743932
 20
329.1547624409345
 30
0.0
 10
75.64849529062498
 20
329.1545370551276
 30
0.0
 10
75.6457162211893
 20
329.1542795802735
 30
0.0
 10
75.64352105880965
 20
329.1540762031619
 30
0.0
 10
75.64134441297857
 20
329.1538528047945
 30
0.0
 10
75.63910416663978
 20
329.1535649319331
 30
0.0
 10
75.63747860610686
 20
329.1533560465289
 30
0.0
 10
75.63581955864496
 20
329.1531132140251
 30
0.0
 10
75.63433491475201
 20
329.1528285881716
 30
0.0
 10
75.63341938897766
 20
329.1526530697828
 30
0.0
 10
75.63257018433524
 20
329.1524616584724
 30
0.0
 10
75.63145540889729
 20
329.1520774207492
 30
0.0
 10
75.63099617999765
 20
329.1519191349987
 30
0.0
 10
75.63049188354709
 20
329.1517281264706
 30
0.0
 10
75.63049188354709
 20
329.1513194923708
 30
0.0
  0
SPLINE
  5
591
330
70
100
AcDbEntity
  8
0
 62
     7
370
    25
100
AcDbSpline
210
0.0
220
0.0
230
1.0
 70
     8
 71
     3
 72
    32
 73
    28
 74
     0
 42
0.0000000001
 43
0.0000000001
 40
0.0
 40
0.0
 40
0.0
 40
0.0
 40
1.0
 40
1.0
 40
1.0
 40
2.0
 40
2.0
 40
2.0
 40
3.0
 40
3.0
 40
3.0
 40
4.0
 40
4.0
 40
4.0
 40
5.0
 40
5.0
 40
5.0
 40
6.0
 40
6.0
 40
6.0
 40
7.0
 40
7.0
 40
7.0
 40
8.0
 40
8.0
 40
8.0
 40
9.0
 40
9.0
 40
9.0
 40
9.0
 10
75.8304918835471
 20
342.1244948629708
 30
0.0
 10
75.80497444954712
 20
342.1244948629708
 30
0.0
 10
75.77945080417828
 20
342.1240149626498
 30
0.0
 10
75.75395581140567
 20
342.1229186057646
 30
0.0
 10
75.74242237215239
 20
342.1224226352166
 30
0.0
 10
75.7308947966012
 20
342.1218005079575
 30
0.0
 10
75.71937794541056
 20
342.1210050572918
 30
0.0
 10
75.70926268177476
 20
342.1203064120578
 30
0.0
 10
75.6991556910494
 20
342.1194740629106
 30
0.0
 10
75.68907090765979
 20
342.118429862973
 30
0.0
 10
75.68075880174392
 20
342.1175692098345
 30
0.0
 10
75.67246178222124
 20
342.1165646373838
 30
0.0
 10
75.66419829913844
 20
342.115292013102
 30
0.0
 10
75.65799300736016
 20
342.1143363622082
 30
0.0
 10
75.65180662660722
 20
342.1132295582669
 30
0.0
 10
75.64571622120277
 20
342.1117119814937
 30
0.0
 10
75.6434893693753
 20
342.1111571056877
 30
0.0
 10
75.64127534823606
 20
342.1105473147602
 30
0.0
 10
75.63910416661669
 20
342.1097988597123
 30
0.0
 10
75.63747637503545
 20
342.1092377234101
 30
0.0
 10
75.63587266308875
 20
342.1085986454951
 30
0.0
 10
75.63433491471608
 20
342.1078276590341
 30
0.0
 10
75.63328836096222
 20
342.1073029445954
 30
0.0
 10
75.63227236040805
 20
342.1067171323721
 30
0.0
 10
75.63145540890115
 20
342.1058167752298
 30
0.0
 10
75.63093294026406
 20
342.1052409658157
 30
0.0
 10
75.63049188354709
 20
342.1045365061711
 30
0.0
 10
75.63049188354709
 20
342.1037877921707
 30
0.0
  0
SPLINE
  5
592
330
70
100
AcDbEntity
  8
0
 62
     7
370
    25
100
AcDbSpline
210
0.0
220
0.0
230
1.0
 70
     8
 71
     3
 72
    41
 73
    37
 74
     0
 42
0.0000000001
 43
0.0000000001
 40
0.0
 40
0.0
 40
0.0
 40
0.0
 40
1.0
 40
1.0
 40
1.0
 40
2.0
 40
2.0
 40
2.0
 40
3.0
 40
3.0
 40
3.0
 40
4.0
 40
4.0
 40
4.0
 40
5.0
 40
5.0
 40
5.0
 40
6.0
 40
6.0
 40
6.0
 40
7.0
 40
7.0
 40
7.0
 40
8.0
 40
8.0
 40
8.0
 40
9.0
 40
9.0
 40
9.0
 40
10.0
 40
10.0
 40
10.0
 40
11.0
 40
11.0
 40
11.0
 40
12.0
 40
12.0
 40
12.0
 40
12.0
 10
75.8304918835471
 20
346.4242856142705
 30
0.0
 10
75.81748154474702
 20
346.424285827271
 30
0.0
 10
75.80447117679968
 20
346.4242417200278
 30
0.0
 10
75.79146109837733
 20
346.4241513084737
 30
0.0
 10
75.77895219029743
 20
346.4240643797264
 30
0.0
 10
75.76644354986699
 20
346.4239346453981
 30
0.0
 10
75.75393572981027
 20
346.4237536849901
 30
0.0
 10
75.74240785089071
 20
346.4235869021568
 30
0.0
 10
75.73088066883322
 20
346.4233766055569
 30
0.0
 10
75.7193544197856
 20
346.4231080174759
 30
0.0
 10
75.70925095454065
 20
346.4228725835251
 30
0.0
 10
75.69914820618196
 20
346.4225923607366
 30
0.0
 10
75.68904894429865
 20
346.4222392491091
 30
0.0
 10
75.68465596891036
 20
346.422085652668
 30
0.0
 10
75.68026365318868
 20
346.4219182651136
 30
0.0
 10
75.67587104219367
 20
346.4217313390427
 30
0.0
 10
75.67197344785461
 20
346.4215654782372
 30
0.0
 10
75.66807562104338
 20
346.4213842344915
 30
0.0
 10
75.66418247220404
 20
346.4211808433388
 30
0.0
 10
75.6608208574933
 20
346.4210052213124
 30
0.0
 10
75.65746273058242
 20
346.4208130866377
 30
0.0
 10
75.65409567772388
 20
346.4205930010352
 30
0.0
 10
75.65129292778919
 20
346.4204098007908
 30
0.0
 10
75.64848399308987
 20
346.4202072334258
 30
0.0
 10
75.64570799473402
 20
346.4199733651585
 30
0.0
 10
75.643516253311
 20
346.4197887185187
 30
0.0
 10
75.64134504314821
 20
346.419584560091
 30
0.0
 10
75.6390989952591
 20
346.4193283989835
 30
0.0
 10
75.63747126666832
 20
346.4191427570114
 30
0.0
 10
75.63580423319065
 20
346.4189298031544
 30
0.0
 10
75.63433273048613
 20
346.4186640160948
 30
0.0
 10
75.63342847868113
 20
346.4185006875274
 30
0.0
 10
75.63259806348774
 20
346.4183174080107
 30
0.0
 10
75.63145462103398
 20
346.4179845297193
 30
0.0
 10
75.63099819089635
 20
346.417851654047
 30
0.0
 10
75.63049188354709
 20
346.4176949415706
 30
0.0
 10
75.63049188354709
 20
346.417301460371
 30
0.0
  0
SPLINE
  5
593
330
70
100
AcDbEntity
  8
0
 62
     7
370
    25
100
AcDbSpline
210
0.0
220
0.0
230
1.0
 70
     8
 71
     3
 72
    35
 73
    31
 74
     0
 42
0.0000000001
 43
0.0000000001
 40
0.0
 40
0.0
 40
0.0
 40
0.0
 40
1.0
 40
1.0
 40
1.0
 40
2.0
 40
2.0
 40
2.0
 40
3.0
 40
3.0
 40
3.0
 40
4.0
 40
4.0
 40
4.0
 40
5.0
 40
5.0
 40
5.0
 40
6.0
 40
6.0
 40
6.0
 40
7.0
 40
7.0
 40
7.0
 40
8.0
 40
8.0
 40
8.0
 40
9.0
 40
9.0
 40
9.0
 40
10.0
 40
10.0
 40
10.0
 40
10.0
 10
75.8304918835471
 20
362.0603149912709
 30
0.0
 10
75.81748513524694
 20
362.0603149912709
 30
0.0
 10
75.80447825140197
 20
362.0602273405647
 30
0.0
 10
75.79147255947832
 20
362.0600469083982
 30
0.0
 10
75.77896514737919
 20
362.059873389029
 30
0.0
 10
75.76645883762019
 20
362.0596140613798
 30
0.0
 10
75.75395567465768
 20
362.0592529930526
 30
0.0
 10
75.74242658602571
 20
362.0589200541983
 30
0.0
 10
75.73090017297906
 20
362.0585006096297
 30
0.0
 10
75.71937787020278
 20
362.0579637621149
 30
0.0
 10
75.70926909470384
 20
362.0574927737101
 30
0.0
 10
75.69916348285751
 20
362.0569314208712
 30
0.0
 10
75.68907052729525
 20
362.0562287517299
 30
0.0
 10
75.68077123985929
 20
362.0556509573328
 30
0.0
 10
75.67248051000493
 20
362.0549776115127
 30
0.0
 10
75.66419813437132
 20
362.0541146183538
 30
0.0
 10
75.6580138749169
 20
362.053470241204
 30
0.0
 10
75.65183427316309
 20
362.0527201306271
 30
0.0
 10
75.64571625166552
 20
362.0517025926288
 30
0.0
 10
75.64350493203881
 20
362.051334810046
 30
0.0
 10
75.64130165734738
 20
362.0509320903528
 30
0.0
 10
75.63910391509697
 20
362.0504135736001
 30
0.0
 10
75.6374889619666
 20
362.0500325551923
 30
0.0
 10
75.63587699616601
 20
362.0495890103214
 30
0.0
 10
75.63433500929097
 20
362.0490855470541
 30
0.0
 10
75.63334368869104
 20
362.0487618779512
 30
0.0
 10
75.63238129048134
 20
362.0484134444901
 30
0.0
 10
75.63145520505262
 20
362.047730873303
 30
0.0
 10
75.63096853005554
 20
362.0473721695386
 30
0.0
 10
75.63049188354709
 20
362.0469211870709
 30
0.0
 10
75.63049188354709
 20
362.046363696571
 30
0.0
  0
SPLINE
  5
594
330
70
100
AcDbEntity
  8
0
 62
     7
370
    25
100
AcDbSpline
210
0.0
220
0.0
230
1.0
 70
     8
 71
     3
 72
    11
 73
     7
 74
     0
 42
0.0000000001
 43
0.0000000001
 40
0.0
 40
0.0
 40
0.0
 40
0.0
 40
1.0
 40
1.0
 40
1.0
 40
2.0
 40
2.0
 40
2.0
 40
2.0
 10
76.1204918835474
 20
327.2800793680711
 30
0.0
 10
76.12219109094734
 20
327.2698989409708
 30
0.0
 10
76.12365549335144
 20
327.2596797222317
 30
0.0
 10
76.12489876959827
 20
327.2494307960139
 30
0.0
 10
76.12876389328703
 20
327.2175687158126
 30
0.0
 10
76.13049188354743
 20
327.1854195196711
 30
0.0
 10
76.13049188354743
 20
327.1533325675708
 30
0.0
  0
SPLINE
  5
595
330
70
100
AcDbEntity
  8
0
 62
     7
370
    25
100
AcDbSpline
210
0.0
220
0.0
230
1.0
 70
     8
 71
     3
 72
    17
 73
    13
 74
     0
 42
0.0000000001
 43
0.0000000001
 40
0.0
 40
0.0
 40
0.0
 40
0.0
 40
1.0
 40
1.0
 40
1.0
 40
2.0
 40
2.0
 40
2.0
 40
3.0
 40
3.0
 40
3.0
 40
4.0
 40
4.0
 40
4.0
 40
4.0
 10
58.43018050934709
 20
321.4277776911706
 30
0.0
 10
58.43018050934709
 20
321.329439132271
 30
0.0
 10
58.42647380932145
 20
321.2310570245995
 30
0.0
 10
58.41870419391643
 20
321.132985317346
 30
0.0
 10
58.4111291212599
 20
321.0373692193456
 30
0.0
 10
58.39969204798492
 20
320.9420481721874
 30
0.0
 10
58.38335810522988
 20
320.847536577937
 30
0.0
 10
58.36780181317731
 20
320.7575246325878
 30
0.0
 10
58.34780382701621
 20
320.6682468996218
 30
0.0
 10
58.32167512018168
 20
320.5806366672562
 30
0.0
 10
58.29720820559903
 20
320.498598467453
 30
0.0
 10
58.26736560234722
 20
320.4180224063706
 30
0.0
 10
58.23049188354712
 20
320.3408777514708
 30
0.0
  0
SPLINE
  5
596
330
70
100
AcDbEntity
  8
0
 62
     7
370
    25
100
AcDbSpline
210
0.0
220
0.0
230
1.0
 70
     8
 71
     3
 72
    17
 73
    13
 74
     0
 42
0.0000000001
 43
0.0000000001
 40
0.0
 40
0.0
 40
0.0
 40
0.0
 40
1.0
 40
1.0
 40
1.0
 40
2.0
 40
2.0
 40
2.0
 40
3.0
 40
3.0
 40
3.0
 40
4.0
 40
4.0
 40
4.0
 40
4.0
 10
58.23049188354712
 20
322.5146776308711
 30
0.0
 10
58.26736559864719
 20
322.4375329838705
 30
0.0
 10
58.29720819950931
 20
322.3569569313825
 30
0.0
 10
58.32167511269561
 20
322.2749187403089
 30
0.0
 10
58.34780381872867
 20
322.1873085149526
 30
0.0
 10
58.36780180489683
 20
322.0980307890632
 30
0.0
 10
58.38335809739088
 20
322.0080188507715
 30
0.0
 10
58.39969204253177
 20
321.9135072528017
 30
0.0
 10
58.4111291175188
 20
321.8181862017125
 30
0.0
 10
58.41870419138942
 20
321.7225700997182
 30
0.0
 10
58.42647380862649
 20
321.6244983809603
 30
0.0
 10
58.43018050934709
 20
321.5261162616709
 30
0.0
 10
58.43018050934709
 20
321.4277776911706
 30
0.0
  0
SPLINE
  5
597
330
70
100
AcDbEntity
  8
0
 62
     7
370
    25
100
AcDbSpline
210
0.0
220
0.0
230
1.0
 70
     8
 71
     3
 72
    59
 73
    55
 74
     0
 42
0.0000000001
 43
0.0000000001
 40
0.0
 40
0.0
 40
0.0
 40
0.0
 40
1.0
 40
1.0
 40
1.0
 40
2.0
 40
2.0
 40
2.0
 40
3.0
 40
3.0
 40
3.0
 40
4.0
 40
4.0
 40
4.0
 40
5.0
 40
5.0
 40
5.0
 40
6.0
 40
6.0
 40
6.0
 40
7.0
 40
7.0
 40
7.0
 40
8.0
 40
8.0
 40
8.0
 40
9.0
 40
9.0
 40
9.0
 40
10.0
 40
10.0
 40
10.0
 40
11.0
 40
11.0
 40
11.0
 40
12.0
 40
12.0
 40
12.0
 40
13.0
 40
13.0
 40
13.0
 40
14.0
 40
14.0
 40
14.0
 40
15.0
 40
15.0
 40
15.0
 40
16.0
 40
16.0
 40
16.0
 40
17.0
 40
17.0
 40
17.0
 40
18.0
 40
18.0
 40
18.0
 40
18.0
 10
58.43049188354713
 20
327.8827606973711
 30
0.0
 10
58.42296080204719
 20
327.901849415671
 30
0.0
 10
58.41530070520097
 20
327.9208875492887
 30
0.0
 10
58.40747364093289
 20
327.9398573495513
 30
0.0
 10
58.39965017205511
 20
327.9588184359677
 30
0.0
 10
58.39165988911446
 20
327.9777112517922
 30
0.0
 10
58.38342342240507
 20
327.9964963218902
 30
0.0
 10
58.37932224071906
 20
328.0058499668667
 30
0.0
 10
58.3751600217004
 20
328.0151768980117
 30
0.0
 10
58.37091884660992
 20
328.0244679063625
 30
0.0
 10
58.36670342950884
 20
328.0337024874975
 30
0.0
 10
58.36241001247327
 20
328.0429015808544
 30
0.0
 10
58.35801326251883
 20
328.0520514438785
 30
0.0
 10
58.35366079193175
 20
328.0611091592573
 30
0.0
 10
58.34920705926303
 20
328.070118630901
 30
0.0
 10
58.34461032403909
 20
328.0790548004979
 30
0.0
 10
58.34008933871601
 20
328.0878437103701
 30
0.0
 10
58.33543002510057
 20
328.0965617141881
 30
0.0
 10
58.3305634094432
 20
328.1051660625997
 30
0.0
 10
58.32583162188777
 20
328.1135320301629
 30
0.0
 10
58.3209038596549
 20
328.1217905526599
 30
0.0
 10
58.31563761541804
 20
328.1298297624764
 30
0.0
 10
58.31309169019177
 20
328.1337162565605
 30
0.0
 10
58.3104666561507
 20
328.1375514936613
 30
0.0
 10
58.30772979404582
 20
328.1413059478552
 30
0.0
 10
58.30508574157696
 20
328.1449330848831
 30
0.0
 10
58.30233731684276
 20
328.1484848249599
 30
0.0
 10
58.2994320553723
 20
328.1519094318707
 30
0.0
 10
58.29666809340963
 20
328.1551674805307
 30
0.0
 10
58.29376217946087
 20
328.1583104617288
 30
0.0
 10
58.29064551154068
 20
328.1612302593105
 30
0.0
 10
58.28774890762853
 20
328.1639438936511
 30
0.0
 10
58.28467026115737
 20
328.1664647491031
 30
0.0
 10
58.28125227700029
 20
328.1685443027322
 30
0.0
 10
58.27814604630791
 20
328.1704341808045
 30
0.0
 10
58.27475955671338
 20
328.1719595878223
 30
0.0
 10
58.27118637378892
 20
328.1725105075499
 30
0.0
 10
58.26946241829144
 20
328.1727763100893
 30
0.0
 10
58.26769500472692
 20
328.1728152735988
 30
0.0
 10
58.26596674468724
 20
328.1725639709307
 30
0.0
 10
58.264160269194
 20
328.172301295118
 30
0.0
 10
58.26239657134156
 20
328.1717214855965
 30
0.0
 10
58.2607705211743
 20
328.1709000262636
 30
0.0
 10
58.25689250112969
 20
328.1689409011255
 30
0.0
 10
58.25379740783001
 20
328.1656072951834
 30
0.0
 10
58.25128525332732
 20
328.1619918584088
 30
0.0
 10
58.24813528463504
 20
328.1574584936659
 30
0.0
 10
58.24590183762377
 20
328.1524820222542
 30
0.0
 10
58.24401665665051
 20
328.147384024416
 30
0.0
 10
58.23972793220537
 20
328.1357862477273
 30
0.0
 10
58.23724164982852
 20
328.1235595140917
 30
0.0
 10
58.23539827872665
 20
328.1112793816356
 30
0.0
 10
58.2315281795705
 20
328.0854976330846
 30
0.0
 10
58.23049188354712
 20
328.059480514971
 30
0.0
 10
58.23049188354712
 20
328.0335037797705
 30
0.0
  0
SPLINE
  5
598
330
70
100
AcDbEntity
  8
0
 62
     7
370
    25
100
AcDbSpline
210
0.0
220
0.0
230
1.0
 70
     8
 71
     3
 72
    14
 73
    10
 74
     0
 42
0.0000000001
 43
0.0000000001
 40
0.0
 40
0.0
 40
0.0
 40
0.0
 40
1.0
 40
1.0
 40
1.0
 40
2.0
 40
2.0
 40
2.0
 40
3.0
 40
3.0
 40
3.0
 40
3.0
 10
58.679501382347
 20
327.3101275928706
 30
0.0
 10
58.66364591514735
 20
327.3469968281708
 30
0.0
 10
58.64717750232377
 20
327.3836002544903
 30
0.0
 10
58.630644326726
 20
327.4201712900241
 30
0.0
 10
58.61052576561635
 20
327.4646731226504
 30
0.0
 10
58.59031130713169
 20
327.5091269926724
 30
0.0
 10
58.5703331959389
 20
327.5536944161361
 30
0.0
 10
58.52157877072393
 20
327.6624564053614
 30
0.0
 10
58.47423191504708
 20
327.7718946636711
 30
0.0
 10
58.43049188354713
 20
327.8827606973711
 30
0.0
  0
SPLINE
  5
599
330
70
100
AcDbEntity
  8
0
 62
     7
370
    25
100
AcDbSpline
210
0.0
220
0.0
230
1.0
 70
     8
 71
     3
 72
    11
 73
     7
 74
     0
 42
0.0000000001
 43
0.0000000001
 40
0.0
 40
0.0
 40
0.0
 40
0.0
 40
1.0
 40
1.0
 40
1.0
 40
2.0
 40
2.0
 40
2.0
 40
2.0
 10
58.72049188354743
 20
327.1672064515706
 30
0.0
 10
58.71844198904703
 20
327.1797438601705
 30
0.0
 10
58.71605270515452
 20
327.1922213907954
 30
0.0
 10
58.71329091850089
 20
327.2046316334769
 30
0.0
 10
58.70526352380815
 20
327.2407031801648
 30
0.0
 10
58.69408911654709
 20
327.2762062585707
 30
0.0
 10
58.679501382347
 20
327.3101275928706
 30
0.0
  0
SPLINE
  5
59A
330
70
100
AcDbEntity
  8
0
 62
     7
370
    25
100
AcDbSpline
210
0.0
220
0.0
230
1.0
 70
     8
 71
     3
 72
    35
 73
    31
 74
     0
 42
0.0000000001
 43
0.0000000001
 40
0.0
 40
0.0
 40
0.0
 40
0.0
 40
1.0
 40
1.0
 40
1.0
 40
2.0
 40
2.0
 40
2.0
 40
3.0
 40
3.0
 40
3.0
 40
4.0
 40
4.0
 40
4.0
 40
5.0
 40
5.0
 40
5.0
 40
6.0
 40
6.0
 40
6.0
 40
7.0
 40
7.0
 40
7.0
 40
8.0
 40
8.0
 40
8.0
 40
9.0
 40
9.0
 40
9.0
 40
10.0
 40
10.0
 40
10.0
 40
10.0
 10
58.43049188354713
 20
280.7952403910709
 30
0.0
 10
58.41748513694747
 20
280.7952403910709
 30
0.0
 10
58.40447825478568
 20
280.7953280413979
 30
0.0
 10
58.39147256457151
 20
280.7955084737075
 30
0.0
 10
58.37896514761344
 20
280.7956819933046
 30
0.0
 10
58.36645883302052
 20
280.7959413217539
 30
0.0
 10
58.35395566519264
 20
280.7963023901344
 30
0.0
 10
58.34242658312846
 20
280.7966353287185
 30
0.0
 10
58.33090017661753
 20
280.7970547722174
 30
0.0
 10
58.31937788040582
 20
280.7975916194486
 30
0.0
 10
58.3092691014956
 20
280.7980626080311
 30
0.0
 10
58.29916348626689
 20
280.7986239618172
 30
0.0
 10
58.2890705272709
 20
280.7993266307255
 30
0.0
 10
58.28077123568379
 20
280.7999044250232
 30
0.0
 10
58.27248050164747
 20
280.8005777699763
 30
0.0
 10
58.26419812198078
 20
280.8014407647863
 30
0.0
 10
58.25801387058546
 20
280.8020851420157
 30
0.0
 10
58.25183427695556
 20
280.8028352536976
 30
0.0
 10
58.24571626339836
 20
280.8038527891323
 30
0.0
 10
58.24350493671168
 20
280.8042205724402
 30
0.0
 10
58.24130165500778
 20
280.8046232926923
 30
0.0
 10
58.23910390533548
 20
280.8051418105553
 30
0.0
 10
58.23748895392485
 20
280.8055228280858
 30
0.0
 10
58.23587698959631
 20
280.8059663718216
 30
0.0
 10
58.23433500551844
 20
280.8064698357318
 30
0.0
 10
58.2333436873127
 20
280.8067935050535
 30
0.0
 10
58.23238129200991
 20
280.8071419394387
 30
0.0
 10
58.23145520744939
 20
280.8078245087219
 30
0.0
 10
58.23096853150709
 20
280.8081832125196
 30
0.0
 10
58.23049188354712
 20
280.808634194771
 30
0.0
 10
58.23049188354712
 20
280.8091916858709
 30
0.0
  0
SPLINE
  5
59B
330
70
100
AcDbEntity
  8
0
 62
     7
370
    25
100
AcDbSpline
210
0.0
220
0.0
230
1.0
 70
     8
 71
     3
 72
    41
 73
    37
 74
     0
 42
0.0000000001
 43
0.0000000001
 40
0.0
 40
0.0
 40
0.0
 40
0.0
 40
1.0
 40
1.0
 40
1.0
 40
2.0
 40
2.0
 40
2.0
 40
3.0
 40
3.0
 40
3.0
 40
4.0
 40
4.0
 40
4.0
 40
5.0
 40
5.0
 40
5.0
 40
6.0
 40
6.0
 40
6.0
 40
7.0
 40
7.0
 40
7.0
 40
8.0
 40
8.0
 40
8.0
 40
9.0
 40
9.0
 40
9.0
 40
10.0
 40
10.0
 40
10.0
 40
11.0
 40
11.0
 40
11.0
 40
12.0
 40
12.0
 40
12.0
 40
12.0
 10
58.43049188354713
 20
296.4312697681708
 30
0.0
 10
58.41748154654702
 20
296.431270016371
 30
0.0
 10
58.40447117991131
 20
296.4313137349666
 30
0.0
 10
58.39146110349298
 20
296.4314040276113
 30
0.0
 10
58.37895219056632
 20
296.4314908420765
 30
0.0
 10
58.36644354592891
 20
296.4316207115267
 30
0.0
 10
58.35393572037474
 20
296.4318017104014
 30
0.0
 10
58.34240784770343
 20
296.4319685285243
 30
0.0
 10
58.33088067079685
 20
296.4321787782262
 30
0.0
 10
58.31935442991484
 20
296.4324473615099
 30
0.0
 10
58.30925096264854
 20
296.4326827914686
 30
0.0
 10
58.29914821458697
 20
296.4329630426954
 30
0.0
 10
58.28904894443535
 20
296.4333161332296
 30
0.0
 10
58.28465596041814
 20
296.4334697206721
 30
0.0
 10
58.28026363444788
 20
296.4336370898874
 30
0.0
 10
58.27587102226895
 20
296.4338240285825
 30
0.0
 10
58.27197343441297
 20
296.4339899002685
 30
0.0
 10
58.26807562122116
 20
296.4341711792134
 30
0.0
 10
58.26418245967682
 20
296.4343745692694
 30
0.0
 10
58.26082084164915
 20
296.4345501899502
 30
0.0
 10
58.25746269177763
 20
296.4347422961424
 30
0.0
 10
58.25409569299827
 20
296.4349624146704
 30
0.0
 10
58.25129298508909
 20
296.4351456425182
 30
0.0
 10
58.24848414578282
 20
296.4353482800774
 30
0.0
 10
58.24570800651951
 20
296.4355818122889
 30
0.0
 10
58.24351613031336
 20
296.4357661955812
 30
0.0
 10
58.24134463850437
 20
296.4359698378344
 30
0.0
 10
58.23909898550466
 20
296.4362271782783
 30
0.0
 10
58.23747153436016
 20
296.4364136759247
 30
0.0
 10
58.23580513322941
 20
296.4366283762445
 30
0.0
 10
58.23433272675789
 20
296.436892107532
 30
0.0
 10
58.2334281470851
 20
296.4370541320585
 30
0.0
 10
58.23259678711951
 20
296.4372346624204
 30
0.0
 10
58.23145462342883
 20
296.4375685629813
 30
0.0
 10
58.23099808247555
 20
296.4377020283346
 30
0.0
 10
58.23049188354712
 20
296.4378599980707
 30
0.0
 10
58.23049188354712
 20
296.4382539220709
 30
0.0
  0
SPLINE
  5
59C
330
70
100
AcDbEntity
  8
0
 62
     7
370
    25
100
AcDbSpline
210
0.0
220
0.0
230
1.0
 70
     8
 71
     3
 72
    32
 73
    28
 74
     0
 42
0.0000000001
 43
0.0000000001
 40
0.0
 40
0.0
 40
0.0
 40
0.0
 40
1.0
 40
1.0
 40
1.0
 40
2.0
 40
2.0
 40
2.0
 40
3.0
 40
3.0
 40
3.0
 40
4.0
 40
4.0
 40
4.0
 40
5.0
 40
5.0
 40
5.0
 40
6.0
 40
6.0
 40
6.0
 40
7.0
 40
7.0
 40
7.0
 40
8.0
 40
8.0
 40
8.0
 40
9.0
 40
9.0
 40
9.0
 40
9.0
 10
58.43049188354713
 20
300.7305625013706
 30
0.0
 10
58.40497437344741
 20
300.7305625013706
 30
0.0
 10
58.37945062318389
 20
300.7310436205066
 30
0.0
 10
58.35395566522922
 20
300.7321427534088
 30
0.0
 10
58.34242221430536
 20
300.7326399809553
 30
0.0
 10
58.33089465570273
 20
300.733263684493
 30
0.0
 10
58.31937788042572
 20
300.7340611235607
 30
0.0
 10
58.30926244999566
 20
300.7347615313757
 30
0.0
 10
58.29915533834532
 20
300.7355959672082
 30
0.0
 10
58.28907052732416
 20
300.736642816254
 30
0.0
 10
58.28075837046894
 20
300.7375056557715
 30
0.0
 10
58.2724613634889
 20
300.7385127976576
 30
0.0
 10
58.26419812197435
 20
300.7397886427809
 30
0.0
 10
58.25799271183662
 20
300.7407467585819
 30
0.0
 10
58.25180634371102
 20
300.741856409394
 30
0.0
 10
58.24571626341826
 20
300.7433777292708
 30
0.0
 10
58.24348917004115
 20
300.7439340637127
 30
0.0
 10
58.24127495329408
 20
300.744545450909
 30
0.0
 10
58.23910390538167
 20
300.7452957901098
 30
0.0
 10
58.23747611991006
 20
300.745858371545
 30
0.0
 10
58.23587260198298
 20
300.7464990654444
 30
0.0
 10
58.23433500558005
 20
300.7472718884743
 30
0.0
 10
58.23328796703283
 20
300.7477981484875
 30
0.0
 10
58.23227149654513
 20
300.7483856772775
 30
0.0
 10
58.2314552074603
 20
300.7492876386739
 30
0.0
 10
58.2309325047577
 20
300.7498652007991
 30
0.0
 10
58.23049188354712
 20
300.7505716914705
 30
0.0
 10
58.23049188354712
 20
300.751321994971
 30
0.0
  0
SPLINE
  5
59D
330
70
100
AcDbEntity
  8
0
 62
     7
370
    25
100
AcDbSpline
210
0.0
220
0.0
230
1.0
 70
     8
 71
     3
 72
    41
 73
    37
 74
     0
 42
0.0000000001
 43
0.0000000001
 40
0.0
 40
0.0
 40
0.0
 40
0.0
 40
1.0
 40
1.0
 40
1.0
 40
2.0
 40
2.0
 40
2.0
 40
3.0
 40
3.0
 40
3.0
 40
4.0
 40
4.0
 40
4.0
 40
5.0
 40
5.0
 40
5.0
 40
6.0
 40
6.0
 40
6.0
 40
7.0
 40
7.0
 40
7.0
 40
8.0
 40
8.0
 40
8.0
 40
9.0
 40
9.0
 40
9.0
 40
10.0
 40
10.0
 40
10.0
 40
11.0
 40
11.0
 40
11.0
 40
12.0
 40
12.0
 40
12.0
 40
12.0
 10
58.43049188354713
 20
329.1590546368707
 30
0.0
 10
58.41748538874696
 20
329.1590546368707
 30
0.0
 10
58.40447885268041
 20
329.1590060187541
 30
0.0
 10
58.39147268222703
 20
329.1589060048932
 30
0.0
 10
58.3789665097512
 20
329.1588098358787
 30
0.0
 10
58.36646067531922
 20
329.1586661467902
 30
0.0
 10
58.35395581135244
 20
329.1584658246447
 30
0.0
 10
58.34242888715079
 20
329.1582811686432
 30
0.0
 10
58.33090278756
 20
329.1580483911667
 30
0.0
 10
58.31937794537271
 20
329.1577510169351
 30
0.0
 10
58.30927364677696
 20
329.1574902968338
 30
0.0
 10
58.29917031471599
 20
329.1571799228661
 30
0.0
 10
58.2890709076778
 20
329.1567890508154
 30
0.0
 10
58.28467670506768
 20
329.1566189842978
 30
0.0
 10
58.28028324549436
 20
329.1564336788692
 30
0.0
 10
58.27588981697544
 20
329.1562266163979
 30
0.0
 10
58.27199113448485
 20
329.1560428713286
 30
0.0
 10
58.26809247644813
 20
329.1558419934538
 30
0.0
 10
58.26419829915901
 20
329.1556169042338
 30
0.0
 10
58.26083496680091
 20
329.1554224986376
 30
0.0
 10
58.25747497684456
 20
329.1552100326541
 30
0.0
 10
58.25410780397867
 20
329.1549658042483
 30
0.0
 10
58.25130403743934
 20
329.1547624409345
 30
0.0
 10
58.248495290625
 20
329.1545370551276
 30
0.0
 10
58.24571622118933
 20
329.1542795802735
 30
0.0
 10
58.24352105880969
 20
329.1540762031619
 30
0.0
 10
58.2413444129786
 20
329.1538528047945
 30
0.0
 10
58.23910416663981
 20
329.1535649319331
 30
0.0
 10
58.23747860610689
 20
329.1533560465289
 30
0.0
 10
58.23581955864499
 20
329.1531132140251
 30
0.0
 10
58.23433491475205
 20
329.1528285881716
 30
0.0
 10
58.23341938897768
 20
329.1526530697828
 30
0.0
 10
58.23257018433526
 20
329.1524616584724
 30
0.0
 10
58.23145540889733
 20
329.1520774207492
 30
0.0
 10
58.23099617999767
 20
329.1519191349987
 30
0.0
 10
58.23049188354712
 20
329.1517281264706
 30
0.0
 10
58.23049188354712
 20
329.1513194923708
 30
0.0
  0
SPLINE
  5
59E
330
70
100
AcDbEntity
  8
0
 62
     7
370
    25
100
AcDbSpline
210
0.0
220
0.0
230
1.0
 70
     8
 71
     3
 72
    32
 73
    28
 74
     0
 42
0.0000000001
 43
0.0000000001
 40
0.0
 40
0.0
 40
0.0
 40
0.0
 40
1.0
 40
1.0
 40
1.0
 40
2.0
 40
2.0
 40
2.0
 40
3.0
 40
3.0
 40
3.0
 40
4.0
 40
4.0
 40
4.0
 40
5.0
 40
5.0
 40
5.0
 40
6.0
 40
6.0
 40
6.0
 40
7.0
 40
7.0
 40
7.0
 40
8.0
 40
8.0
 40
8.0
 40
9.0
 40
9.0
 40
9.0
 40
9.0
 10
58.43049188354713
 20
342.1244948629708
 30
0.0
 10
58.40497444954714
 20
342.1244948629708
 30
0.0
 10
58.37945080417831
 20
342.1240149626498
 30
0.0
 10
58.3539558114057
 20
342.1229186057646
 30
0.0
 10
58.34242237215242
 20
342.1224226352166
 30
0.0
 10
58.33089479660123
 20
342.1218005079575
 30
0.0
 10
58.31937794541058
 20
342.1210050572918
 30
0.0
 10
58.30926268177478
 20
342.1203064120578
 30
0.0
 10
58.29915569104942
 20
342.1194740629106
 30
0.0
 10
58.28907090765983
 20
342.118429862973
 30
0.0
 10
58.28075880174395
 20
342.1175692098345
 30
0.0
 10
58.27246178222126
 20
342.1165646373838
 30
0.0
 10
58.26419829913848
 20
342.115292013102
 30
0.0
 10
58.2579930073602
 20
342.1143363622082
 30
0.0
 10
58.25180662660725
 20
342.1132295582669
 30
0.0
 10
58.24571622120281
 20
342.1117119814937
 30
0.0
 10
58.24348936937533
 20
342.1111571056877
 30
0.0
 10
58.2412753482361
 20
342.1105473147602
 30
0.0
 10
58.23910416661671
 20
342.1097988597123
 30
0.0
 10
58.23747637503547
 20
342.1092377234101
 30
0.0
 10
58.23587266308877
 20
342.1085986454951
 30
0.0
 10
58.23433491471611
 20
342.1078276590341
 30
0.0
 10
58.23328836096226
 20
342.1073029445954
 30
0.0
 10
58.23227236040807
 20
342.1067171323721
 30
0.0
 10
58.23145540890117
 20
342.1058167752298
 30
0.0
 10
58.23093294026408
 20
342.1052409658157
 30
0.0
 10
58.23049188354712
 20
342.1045365061711
 30
0.0
 10
58.23049188354712
 20
342.1037877921707
 30
0.0
  0
SPLINE
  5
59F
330
70
100
AcDbEntity
  8
0
 62
     7
370
    25
100
AcDbSpline
210
0.0
220
0.0
230
1.0
 70
     8
 71
     3
 72
    41
 73
    37
 74
     0
 42
0.0000000001
 43
0.0000000001
 40
0.0
 40
0.0
 40
0.0
 40
0.0
 40
1.0
 40
1.0
 40
1.0
 40
2.0
 40
2.0
 40
2.0
 40
3.0
 40
3.0
 40
3.0
 40
4.0
 40
4.0
 40
4.0
 40
5.0
 40
5.0
 40
5.0
 40
6.0
 40
6.0
 40
6.0
 40
7.0
 40
7.0
 40
7.0
 40
8.0
 40
8.0
 40
8.0
 40
9.0
 40
9.0
 40
9.0
 40
10.0
 40
10.0
 40
10.0
 40
11.0
 40
11.0
 40
11.0
 40
12.0
 40
12.0
 40
12.0
 40
12.0
 10
58.43049188354713
 20
346.4242856142705
 30
0.0
 10
58.41748154474704
 20
346.424285827271
 30
0.0
 10
58.40447117679971
 20
346.4242417200278
 30
0.0
 10
58.39146109837735
 20
346.4241513084737
 30
0.0
 10
58.37895219029745
 20
346.4240643797264
 30
0.0
 10
58.36644354986701
 20
346.4239346453981
 30
0.0
 10
58.35393572981029
 20
346.4237536849901
 30
0.0
 10
58.34240785089074
 20
346.4235869021568
 30
0.0
 10
58.33088066883325
 20
346.4233766055569
 30
0.0
 10
58.31935441978562
 20
346.4231080174759
 30
0.0
 10
58.30925095454067
 20
346.4228725835251
 30
0.0
 10
58.29914820618199
 20
346.4225923607366
 30
0.0
 10
58.28904894429868
 20
346.4222392491091
 30
0.0
 10
58.28465596891039
 20
346.422085652668
 30
0.0
 10
58.2802636531887
 20
346.4219182651136
 30
0.0
 10
58.27587104219371
 20
346.4217313390427
 30
0.0
 10
58.27197344785464
 20
346.4215654782372
 30
0.0
 10
58.26807562104342
 20
346.4213842344915
 30
0.0
 10
58.26418247220407
 20
346.4211808433388
 30
0.0
 10
58.26082085749334
 20
346.4210052213124
 30
0.0
 10
58.25746273058245
 20
346.4208130866377
 30
0.0
 10
58.25409567772391
 20
346.4205930010352
 30
0.0
 10
58.25129292778922
 20
346.4204098007908
 30
0.0
 10
58.24848399308989
 20
346.4202072334258
 30
0.0
 10
58.24570799473406
 20
346.4199733651585
 30
0.0
 10
58.24351625331103
 20
346.4197887185187
 30
0.0
 10
58.24134504314823
 20
346.419584560091
 30
0.0
 10
58.23909899525912
 20
346.4193283989835
 30
0.0
 10
58.23747126666835
 20
346.4191427570114
 30
0.0
 10
58.23580423319068
 20
346.4189298031544
 30
0.0
 10
58.23433273048616
 20
346.4186640160948
 30
0.0
 10
58.23342847868115
 20
346.4185006875274
 30
0.0
 10
58.23259806348778
 20
346.4183174080107
 30
0.0
 10
58.23145462103401
 20
346.4179845297193
 30
0.0
 10
58.23099819089637
 20
346.417851654047
 30
0.0
 10
58.23049188354712
 20
346.4176949415706
 30
0.0
 10
58.23049188354712
 20
346.417301460371
 30
0.0
  0
SPLINE
  5
5A0
330
70
100
AcDbEntity
  8
0
 62
     7
370
    25
100
AcDbSpline
210
0.0
220
0.0
230
1.0
 70
     8
 71
     3
 72
    35
 73
    31
 74
     0
 42
0.0000000001
 43
0.0000000001
 40
0.0
 40
0.0
 40
0.0
 40
0.0
 40
1.0
 40
1.0
 40
1.0
 40
2.0
 40
2.0
 40
2.0
 40
3.0
 40
3.0
 40
3.0
 40
4.0
 40
4.0
 40
4.0
 40
5.0
 40
5.0
 40
5.0
 40
6.0
 40
6.0
 40
6.0
 40
7.0
 40
7.0
 40
7.0
 40
8.0
 40
8.0
 40
8.0
 40
9.0
 40
9.0
 40
9.0
 40
10.0
 40
10.0
 40
10.0
 40
10.0
 10
58.43049188354713
 20
362.0603149912709
 30
0.0
 10
58.41748513524697
 20
362.0603149912709
 30
0.0
 10
58.40447825140199
 20
362.0602273405647
 30
0.0
 10
58.39147255947835
 20
362.0600469083982
 30
0.0
 10
58.37896514737922
 20
362.059873389029
 30
0.0
 10
58.36645883762022
 20
362.0596140613798
 30
0.0
 10
58.3539556746577
 20
362.0592529930526
 30
0.0
 10
58.34242658602573
 20
362.0589200541983
 30
0.0
 10
58.33090017297909
 20
362.0585006096297
 30
0.0
 10
58.3193778702028
 20
362.0579637621149
 30
0.0
 10
58.30926909470386
 20
362.0574927737101
 30
0.0
 10
58.29916348285754
 20
362.0569314208712
 30
0.0
 10
58.28907052729529
 20
362.0562287517299
 30
0.0
 10
58.28077123985932
 20
362.0556509573328
 30
0.0
 10
58.27248051000495
 20
362.0549776115127
 30
0.0
 10
58.26419813437134
 20
362.0541146183538
 30
0.0
 10
58.25801387491693
 20
362.053470241204
 30
0.0
 10
58.25183427316247
 20
362.0527201306271
 30
0.0
 10
58.24571625166554
 20
362.0517025926288
 30
0.0
 10
58.24350493203883
 20
362.051334810046
 30
0.0
 10
58.24130165734742
 20
362.0509320903528
 30
0.0
 10
58.23910391509699
 20
362.0504135736001
 30
0.0
 10
58.23748896196662
 20
362.0500325551923
 30
0.0
 10
58.23587699616602
 20
362.0495890103214
 30
0.0
 10
58.23433500929099
 20
362.0490855470541
 30
0.0
 10
58.23334368869107
 20
362.0487618779512
 30
0.0
 10
58.23238129048138
 20
362.0484134444901
 30
0.0
 10
58.231455205052
 20
362.047730873303
 30
0.0
 10
58.23096853005557
 20
362.0473721695386
 30
0.0
 10
58.23049188354712
 20
362.0469211870709
 30
0.0
 10
58.23049188354712
 20
362.046363696571
 30
0.0
  0
SPLINE
  5
5A1
330
70
100
AcDbEntity
  8
0
 62
     7
370
    25
100
AcDbSpline
210
0.0
220
0.0
230
1.0
 70
     8
 71
     3
 72
    11
 73
     7
 74
     0
 42
0.0000000001
 43
0.0000000001
 40
0.0
 40
0.0
 40
0.0
 40
0.0
 40
1.0
 40
1.0
 40
1.0
 40
2.0
 40
2.0
 40
2.0
 40
2.0
 10
58.72049188354743
 20
327.2800793680711
 30
0.0
 10
58.72219109094736
 20
327.2698989409708
 30
0.0
 10
58.72365549335147
 20
327.2596797222317
 30
0.0
 10
58.7248987695983
 20
327.2494307960139
 30
0.0
 10
58.72876389328705
 20
327.2175687158126
 30
0.0
 10
58.73049188354746
 20
327.1854195196711
 30
0.0
 10
58.73049188354746
 20
327.1533325675708
 30
0.0
  0
SPLINE
  5
5A2
330
70
100
AcDbEntity
  8
0
 62
     7
370
    25
100
AcDbSpline
210
0.0
220
0.0
230
1.0
 70
     8
 71
     3
 72
    17
 73
    13
 74
     0
 42
0.0000000001
 43
0.0000000001
 40
0.0
 40
0.0
 40
0.0
 40
0.0
 40
1.0
 40
1.0
 40
1.0
 40
2.0
 40
2.0
 40
2.0
 40
3.0
 40
3.0
 40
3.0
 40
4.0
 40
4.0
 40
4.0
 40
4.0
 10
41.03018050934712
 20
321.4277776911706
 30
0.0
 10
41.03018050934712
 20
321.329439132271
 30
0.0
 10
41.02647380932148
 20
321.2310570245995
 30
0.0
 10
41.01870419391645
 20
321.132985317346
 30
0.0
 10
41.01112912125993
 20
321.0373692193456
 30
0.0
 10
40.99969204798495
 20
320.9420481721874
 30
0.0
 10
40.9833581052299
 20
320.847536577937
 30
0.0
 10
40.96780181317734
 20
320.7575246325878
 30
0.0
 10
40.94780382701624
 20
320.6682468996218
 30
0.0
 10
40.9216751201817
 20
320.5806366672562
 30
0.0
 10
40.89720820559906
 20
320.498598467453
 30
0.0
 10
40.86736560234725
 20
320.4180224063706
 30
0.0
 10
40.83049188354715
 20
320.3408777514708
 30
0.0
  0
SPLINE
  5
5A3
330
70
100
AcDbEntity
  8
0
 62
     7
370
    25
100
AcDbSpline
210
0.0
220
0.0
230
1.0
 70
     8
 71
     3
 72
    17
 73
    13
 74
     0
 42
0.0000000001
 43
0.0000000001
 40
0.0
 40
0.0
 40
0.0
 40
0.0
 40
1.0
 40
1.0
 40
1.0
 40
2.0
 40
2.0
 40
2.0
 40
3.0
 40
3.0
 40
3.0
 40
4.0
 40
4.0
 40
4.0
 40
4.0
 10
40.83049188354715
 20
322.5146776308711
 30
0.0
 10
40.86736559864721
 20
322.4375329838705
 30
0.0
 10
40.89720819950933
 20
322.3569569313825
 30
0.0
 10
40.92167511269564
 20
322.2749187403089
 30
0.0
 10
40.9478038187287
 20
322.1873085149526
 30
0.0
 10
40.96780180489686
 20
322.0980307890632
 30
0.0
 10
40.9833580973909
 20
322.0080188507715
 30
0.0
 10
40.9996920425318
 20
321.9135072528017
 30
0.0
 10
41.01112911751882
 20
321.8181862017125
 30
0.0
 10
41.01870419138944
 20
321.7225700997182
 30
0.0
 10
41.02647380862651
 20
321.6244983809603
 30
0.0
 10
41.03018050934712
 20
321.5261162616709
 30
0.0
 10
41.03018050934712
 20
321.4277776911706
 30
0.0
  0
SPLINE
  5
5A4
330
70
100
AcDbEntity
  8
0
 62
     7
370
    25
100
AcDbSpline
210
0.0
220
0.0
230
1.0
 70
     8
 71
     3
 72
    59
 73
    55
 74
     0
 42
0.0000000001
 43
0.0000000001
 40
0.0
 40
0.0
 40
0.0
 40
0.0
 40
1.0
 40
1.0
 40
1.0
 40
2.0
 40
2.0
 40
2.0
 40
3.0
 40
3.0
 40
3.0
 40
4.0
 40
4.0
 40
4.0
 40
5.0
 40
5.0
 40
5.0
 40
6.0
 40
6.0
 40
6.0
 40
7.0
 40
7.0
 40
7.0
 40
8.0
 40
8.0
 40
8.0
 40
9.0
 40
9.0
 40
9.0
 40
10.0
 40
10.0
 40
10.0
 40
11.0
 40
11.0
 40
11.0
 40
12.0
 40
12.0
 40
12.0
 40
13.0
 40
13.0
 40
13.0
 40
14.0
 40
14.0
 40
14.0
 40
15.0
 40
15.0
 40
15.0
 40
16.0
 40
16.0
 40
16.0
 40
17.0
 40
17.0
 40
17.0
 40
18.0
 40
18.0
 40
18.0
 40
18.0
 10
41.03049188354716
 20
327.8827606973711
 30
0.0
 10
41.02296080204722
 20
327.901849415671
 30
0.0
 10
41.01530070520037
 20
327.9208875492887
 30
0.0
 10
41.00747364093291
 20
327.9398573495513
 30
0.0
 10
40.99965017205513
 20
327.9588184359677
 30
0.0
 10
40.99165988911448
 20
327.9777112517922
 30
0.0
 10
40.98342342240509
 20
327.9964963218902
 30
0.0
 10
40.97932224071844
 20
328.0058499668667
 30
0.0
 10
40.97516002170043
 20
328.0151768980117
 30
0.0
 10
40.97091884660931
 20
328.0244679063625
 30
0.0
 10
40.96670342950885
 20
328.0337024874975
 30
0.0
 10
40.9624100124733
 20
328.0429015808544
 30
0.0
 10
40.95801326251821
 20
328.0520514438785
 30
0.0
 10
40.95366079193178
 20
328.0611091592573
 30
0.0
 10
40.94920705926305
 20
328.070118630901
 30
0.0
 10
40.94461032403912
 20
328.0790548004979
 30
0.0
 10
40.94008933871604
 20
328.0878437103701
 30
0.0
 10
40.9354300251006
 20
328.0965617141881
 30
0.0
 10
40.93056340944322
 20
328.1051660625997
 30
0.0
 10
40.9258316218878
 20
328.1135320301629
 30
0.0
 10
40.92090385965493
 20
328.1217905526599
 30
0.0
 10
40.91563761541806
 20
328.1298297624764
 30
0.0
 10
40.91309169019178
 20
328.1337162565605
 30
0.0
 10
40.91046665615072
 20
328.1375514936613
 30
0.0
 10
40.90772979404585
 20
328.1413059478552
 30
0.0
 10
40.90508574157698
 20
328.1449330848831
 30
0.0
 10
40.90233731684278
 20
328.1484848249599
 30
0.0
 10
40.89943205537233
 20
328.1519094318707
 30
0.0
 10
40.89666809340966
 20
328.1551674805307
 30
0.0
 10
40.8937621794609
 20
328.1583104617288
 30
0.0
 10
40.8906455115407
 20
328.1612302593105
 30
0.0
 10
40.88774890762856
 20
328.1639438936511
 30
0.0
 10
40.8846702611574
 20
328.1664647491031
 30
0.0
 10
40.88125227700031
 20
328.1685443027322
 30
0.0
 10
40.87814604630794
 20
328.1704341808045
 30
0.0
 10
40.8747595567134
 20
328.1719595878223
 30
0.0
 10
40.87118637378895
 20
328.1725105075499
 30
0.0
 10
40.86946241829146
 20
328.1727763100893
 30
0.0
 10
40.86769500472693
 20
328.1728152735988
 30
0.0
 10
40.86596674468728
 20
328.1725639709307
 30
0.0
 10
40.86416026919402
 20
328.172301295118
 30
0.0
 10
40.86239657134158
 20
328.1717214855965
 30
0.0
 10
40.86077052117432
 20
328.1709000262636
 30
0.0
 10
40.85689250112971
 20
328.1689409011255
 30
0.0
 10
40.85379740783003
 20
328.1656072951834
 30
0.0
 10
40.85128525332734
 20
328.1619918584088
 30
0.0
 10
40.84813528463442
 20
328.1574584936659
 30
0.0
 10
40.84590183762379
 20
328.1524820222542
 30
0.0
 10
40.84401665665054
 20
328.147384024416
 30
0.0
 10
40.8397279322054
 20
328.1357862477273
 30
0.0
 10
40.83724164982854
 20
328.1235595140917
 30
0.0
 10
40.83539827872605
 20
328.1112793816356
 30
0.0
 10
40.83152817957052
 20
328.0854976330846
 30
0.0
 10
40.83049188354715
 20
328.059480514971
 30
0.0
 10
40.83049188354715
 20
328.0335037797705
 30
0.0
  0
SPLINE
  5
5A5
330
70
100
AcDbEntity
  8
0
 62
     7
370
    25
100
AcDbSpline
210
0.0
220
0.0
230
1.0
 70
     8
 71
     3
 72
    14
 73
    10
 74
     0
 42
0.0000000001
 43
0.0000000001
 40
0.0
 40
0.0
 40
0.0
 40
0.0
 40
1.0
 40
1.0
 40
1.0
 40
2.0
 40
2.0
 40
2.0
 40
3.0
 40
3.0
 40
3.0
 40
3.0
 10
41.27950138234702
 20
327.3101275928706
 30
0.0
 10
41.26364591514739
 20
327.3469968281708
 30
0.0
 10
41.24717750232379
 20
327.3836002544903
 30
0.0
 10
41.23064432672602
 20
327.4201712900241
 30
0.0
 10
41.21052576561637
 20
327.4646731226504
 30
0.0
 10
41.19031130713171
 20
327.5091269926724
 30
0.0
 10
41.17033319593892
 20
327.5536944161361
 30
0.0
 10
41.12157877072395
 20
327.6624564053614
 30
0.0
 10
41.0742319150471
 20
327.7718946636711
 30
0.0
 10
41.03049188354716
 20
327.8827606973711
 30
0.0
  0
SPLINE
  5
5A6
330
70
100
AcDbEntity
  8
0
 62
     7
370
    25
100
AcDbSpline
210
0.0
220
0.0
230
1.0
 70
     8
 71
     3
 72
    11
 73
     7
 74
     0
 42
0.0000000001
 43
0.0000000001
 40
0.0
 40
0.0
 40
0.0
 40
0.0
 40
1.0
 40
1.0
 40
1.0
 40
2.0
 40
2.0
 40
2.0
 40
2.0
 10
41.32049188354746
 20
327.1672064515706
 30
0.0
 10
41.31844198904705
 20
327.1797438601705
 30
0.0
 10
41.31605270515454
 20
327.1922213907954
 30
0.0
 10
41.31329091850092
 20
327.2046316334769
 30
0.0
 10
41.30526352380818
 20
327.2407031801648
 30
0.0
 10
41.29408911654712
 20
327.2762062585707
 30
0.0
 10
41.27950138234702
 20
327.3101275928706
 30
0.0
  0
SPLINE
  5
5A7
330
70
100
AcDbEntity
  8
0
 62
     7
370
    25
100
AcDbSpline
210
0.0
220
0.0
230
1.0
 70
     8
 71
     3
 72
    35
 73
    31
 74
     0
 42
0.0000000001
 43
0.0000000001
 40
0.0
 40
0.0
 40
0.0
 40
0.0
 40
1.0
 40
1.0
 40
1.0
 40
2.0
 40
2.0
 40
2.0
 40
3.0
 40
3.0
 40
3.0
 40
4.0
 40
4.0
 40
4.0
 40
5.0
 40
5.0
 40
5.0
 40
6.0
 40
6.0
 40
6.0
 40
7.0
 40
7.0
 40
7.0
 40
8.0
 40
8.0
 40
8.0
 40
9.0
 40
9.0
 40
9.0
 40
10.0
 40
10.0
 40
10.0
 40
10.0
 10
41.03049188354716
 20
280.7952403910709
 30
0.0
 10
41.0174851369475
 20
280.7952403910709
 30
0.0
 10
41.0044782547857
 20
280.7953280413979
 30
0.0
 10
40.99147256457089
 20
280.7955084737075
 30
0.0
 10
40.97896514761346
 20
280.7956819933046
 30
0.0
 10
40.96645883302055
 20
280.7959413217539
 30
0.0
 10
40.95395566519267
 20
280.7963023901344
 30
0.0
 10
40.94242658312849
 20
280.7966353287185
 30
0.0
 10
40.93090017661754
 20
280.7970547722174
 30
0.0
 10
40.91937788040585
 20
280.7975916194486
 30
0.0
 10
40.90926910149563
 20
280.7980626080311
 30
0.0
 10
40.89916348626692
 20
280.7986239618172
 30
0.0
 10
40.88907052727093
 20
280.7993266307255
 30
0.0
 10
40.88077123568381
 20
280.7999044250232
 30
0.0
 10
40.87248050164749
 20
280.8005777699763
 30
0.0
 10
40.8641981219808
 20
280.8014407647863
 30
0.0
 10
40.85801387058547
 20
280.8020851420157
 30
0.0
 10
40.85183427695558
 20
280.8028352536976
 30
0.0
 10
40.84571626339775
 20
280.8038527891323
 30
0.0
 10
40.84350493671171
 20
280.8042205724402
 30
0.0
 10
40.84130165500781
 20
280.8046232926923
 30
0.0
 10
40.83910390533549
 20
280.8051418105553
 30
0.0
 10
40.83748895392488
 20
280.8055228280858
 30
0.0
 10
40.83587698959634
 20
280.8059663718216
 30
0.0
 10
40.83433500551847
 20
280.8064698357318
 30
0.0
 10
40.83334368731272
 20
280.8067935050535
 30
0.0
 10
40.83238129200993
 20
280.8071419394387
 30
0.0
 10
40.83145520744941
 20
280.8078245087219
 30
0.0
 10
40.83096853150712
 20
280.8081832125196
 30
0.0
 10
40.83049188354715
 20
280.808634194771
 30
0.0
 10
40.83049188354715
 20
280.8091916858709
 30
0.0
  0
SPLINE
  5
5A8
330
70
100
AcDbEntity
  8
0
 62
     7
370
    25
100
AcDbSpline
210
0.0
220
0.0
230
1.0
 70
     8
 71
     3
 72
    41
 73
    37
 74
     0
 42
0.0000000001
 43
0.0000000001
 40
0.0
 40
0.0
 40
0.0
 40
0.0
 40
1.0
 40
1.0
 40
1.0
 40
2.0
 40
2.0
 40
2.0
 40
3.0
 40
3.0
 40
3.0
 40
4.0
 40
4.0
 40
4.0
 40
5.0
 40
5.0
 40
5.0
 40
6.0
 40
6.0
 40
6.0
 40
7.0
 40
7.0
 40
7.0
 40
8.0
 40
8.0
 40
8.0
 40
9.0
 40
9.0
 40
9.0
 40
10.0
 40
10.0
 40
10.0
 40
11.0
 40
11.0
 40
11.0
 40
12.0
 40
12.0
 40
12.0
 40
12.0
 10
41.03049188354716
 20
296.4312697681708
 30
0.0
 10
41.01748154654703
 20
296.431270016371
 30
0.0
 10
41.00447117991134
 20
296.4313137349666
 30
0.0
 10
40.99146110349301
 20
296.4314040276113
 30
0.0
 10
40.97895219056635
 20
296.4314908420765
 30
0.0
 10
40.96644354592893
 20
296.4316207115267
 30
0.0
 10
40.95393572037478
 20
296.4318017104014
 30
0.0
 10
40.94240784770344
 20
296.4319685285243
 30
0.0
 10
40.93088067079688
 20
296.4321787782262
 30
0.0
 10
40.91935442991487
 20
296.4324473615099
 30
0.0
 10
40.90925096264856
 20
296.4326827914686
 30
0.0
 10
40.89914821458698
 20
296.4329630426954
 30
0.0
 10
40.88904894443539
 20
296.4333161332296
 30
0.0
 10
40.88465596041817
 20
296.4334697206721
 30
0.0
 10
40.88026363444791
 20
296.4336370898874
 30
0.0
 10
40.87587102226898
 20
296.4338240285825
 30
0.0
 10
40.871973434413
 20
296.4339899002685
 30
0.0
 10
40.86807562122119
 20
296.4341711792134
 30
0.0
 10
40.86418245967684
 20
296.4343745692694
 30
0.0
 10
40.86082084164917
 20
296.4345501899502
 30
0.0
 10
40.85746269177765
 20
296.4347422961424
 30
0.0
 10
40.85409569299829
 20
296.4349624146704
 30
0.0
 10
40.85129298508912
 20
296.4351456425182
 30
0.0
 10
40.84848414578284
 20
296.4353482800774
 30
0.0
 10
40.84570800651952
 20
296.4355818122889
 30
0.0
 10
40.8435161303134
 20
296.4357661955812
 30
0.0
 10
40.84134463850439
 20
296.4359698378344
 30
0.0
 10
40.83909898550468
 20
296.4362271782783
 30
0.0
 10
40.83747153436019
 20
296.4364136759247
 30
0.0
 10
40.83580513322943
 20
296.4366283762445
 30
0.0
 10
40.83433272675791
 20
296.436892107532
 30
0.0
 10
40.83342814708512
 20
296.4370541320585
 30
0.0
 10
40.83259678711954
 20
296.4372346624204
 30
0.0
 10
40.83145462342885
 20
296.4375685629813
 30
0.0
 10
40.83099808247492
 20
296.4377020283346
 30
0.0
 10
40.83049188354715
 20
296.4378599980707
 30
0.0
 10
40.83049188354715
 20
296.4382539220709
 30
0.0
  0
SPLINE
  5
5A9
330
70
100
AcDbEntity
  8
0
 62
     7
370
    25
100
AcDbSpline
210
0.0
220
0.0
230
1.0
 70
     8
 71
     3
 72
    32
 73
    28
 74
     0
 42
0.0000000001
 43
0.0000000001
 40
0.0
 40
0.0
 40
0.0
 40
0.0
 40
1.0
 40
1.0
 40
1.0
 40
2.0
 40
2.0
 40
2.0
 40
3.0
 40
3.0
 40
3.0
 40
4.0
 40
4.0
 40
4.0
 40
5.0
 40
5.0
 40
5.0
 40
6.0
 40
6.0
 40
6.0
 40
7.0
 40
7.0
 40
7.0
 40
8.0
 40
8.0
 40
8.0
 40
9.0
 40
9.0
 40
9.0
 40
9.0
 10
41.03049188354716
 20
300.7305625013706
 30
0.0
 10
41.00497437344744
 20
300.7305625013706
 30
0.0
 10
40.97945062318391
 20
300.7310436205066
 30
0.0
 10
40.95395566522925
 20
300.7321427534088
 30
0.0
 10
40.9424222143054
 20
300.7326399809553
 30
0.0
 10
40.93089465570275
 20
300.733263684493
 30
0.0
 10
40.91937788042574
 20
300.7340611235607
 30
0.0
 10
40.90926244999568
 20
300.7347615313757
 30
0.0
 10
40.89915533834534
 20
300.7355959672082
 30
0.0
 10
40.88907052732419
 20
300.736642816254
 30
0.0
 10
40.88075837046896
 20
300.7375056557715
 30
0.0
 10
40.87246136348892
 20
300.7385127976576
 30
0.0
 10
40.86419812197439
 20
300.7397886427809
 30
0.0
 10
40.85799271183663
 20
300.7407467585819
 30
0.0
 10
40.85180634371105
 20
300.741856409394
 30
0.0
 10
40.84571626341829
 20
300.7433777292708
 30
0.0
 10
40.84348917004118
 20
300.7439340637127
 30
0.0
 10
40.8412749532941
 20
300.744545450909
 30
0.0
 10
40.83910390538171
 20
300.7452957901098
 30
0.0
 10
40.83747611990943
 20
300.745858371545
 30
0.0
 10
40.83587260198301
 20
300.7464990654444
 30
0.0
 10
40.83433500558007
 20
300.7472718884743
 30
0.0
 10
40.83328796703287
 20
300.7477981484875
 30
0.0
 10
40.83227149654516
 20
300.7483856772775
 30
0.0
 10
40.83145520746032
 20
300.7492876386739
 30
0.0
 10
40.83093250475773
 20
300.7498652007991
 30
0.0
 10
40.83049188354715
 20
300.7505716914705
 30
0.0
 10
40.83049188354715
 20
300.751321994971
 30
0.0
  0
SPLINE
  5
5AA
330
70
100
AcDbEntity
  8
0
 62
     7
370
    25
100
AcDbSpline
210
0.0
220
0.0
230
1.0
 70
     8
 71
     3
 72
    41
 73
    37
 74
     0
 42
0.0000000001
 43
0.0000000001
 40
0.0
 40
0.0
 40
0.0
 40
0.0
 40
1.0
 40
1.0
 40
1.0
 40
2.0
 40
2.0
 40
2.0
 40
3.0
 40
3.0
 40
3.0
 40
4.0
 40
4.0
 40
4.0
 40
5.0
 40
5.0
 40
5.0
 40
6.0
 40
6.0
 40
6.0
 40
7.0
 40
7.0
 40
7.0
 40
8.0
 40
8.0
 40
8.0
 40
9.0
 40
9.0
 40
9.0
 40
10.0
 40
10.0
 40
10.0
 40
11.0
 40
11.0
 40
11.0
 40
12.0
 40
12.0
 40
12.0
 40
12.0
 10
41.03049188354716
 20
329.1590546368707
 30
0.0
 10
41.01748538874699
 20
329.1590546368707
 30
0.0
 10
41.00447885268044
 20
329.1590060187541
 30
0.0
 10
40.99147268222641
 20
329.1589060048932
 30
0.0
 10
40.97896650975123
 20
329.1588098358787
 30
0.0
 10
40.96646067531924
 20
329.1586661467902
 30
0.0
 10
40.95395581135246
 20
329.1584658246447
 30
0.0
 10
40.94242888715082
 20
329.1582811686432
 30
0.0
 10
40.93090278756004
 20
329.1580483911667
 30
0.0
 10
40.91937794537274
 20
329.1577510169351
 30
0.0
 10
40.90927364677699
 20
329.1574902968338
 30
0.0
 10
40.89917031471602
 20
329.1571799228661
 30
0.0
 10
40.88907090767782
 20
329.1567890508154
 30
0.0
 10
40.88467670506771
 20
329.1566189842978
 30
0.0
 10
40.8802832454944
 20
329.1564336788692
 30
0.0
 10
40.87588981697545
 20
329.1562266163979
 30
0.0
 10
40.87199113448487
 20
329.1560428713286
 30
0.0
 10
40.86809247644815
 20
329.1558419934538
 30
0.0
 10
40.86419829915904
 20
329.1556169042338
 30
0.0
 10
40.86083496680094
 20
329.1554224986376
 30
0.0
 10
40.85747497684459
 20
329.1552100326541
 30
0.0
 10
40.85410780397871
 20
329.1549658042483
 30
0.0
 10
40.85130403743938
 20
329.1547624409345
 30
0.0
 10
40.84849529062503
 20
329.1545370551276
 30
0.0
 10
40.84571622118935
 20
329.1542795802735
 30
0.0
 10
40.84352105880971
 20
329.1540762031619
 30
0.0
 10
40.84134441297862
 20
329.1538528047945
 30
0.0
 10
40.83910416663984
 20
329.1535649319331
 30
0.0
 10
40.83747860610691
 20
329.1533560465289
 30
0.0
 10
40.83581955864501
 20
329.1531132140251
 30
0.0
 10
40.83433491475207
 20
329.1528285881716
 30
0.0
 10
40.8334193889777
 20
329.1526530697828
 30
0.0
 10
40.83257018433529
 20
329.1524616584724
 30
0.0
 10
40.83145540889735
 20
329.1520774207492
 30
0.0
 10
40.8309961799977
 20
329.1519191349987
 30
0.0
 10
40.83049188354715
 20
329.1517281264706
 30
0.0
 10
40.83049188354715
 20
329.1513194923708
 30
0.0
  0
SPLINE
  5
5AB
330
70
100
AcDbEntity
  8
0
 62
     7
370
    25
100
AcDbSpline
210
0.0
220
0.0
230
1.0
 70
     8
 71
     3
 72
    32
 73
    28
 74
     0
 42
0.0000000001
 43
0.0000000001
 40
0.0
 40
0.0
 40
0.0
 40
0.0
 40
1.0
 40
1.0
 40
1.0
 40
2.0
 40
2.0
 40
2.0
 40
3.0
 40
3.0
 40
3.0
 40
4.0
 40
4.0
 40
4.0
 40
5.0
 40
5.0
 40
5.0
 40
6.0
 40
6.0
 40
6.0
 40
7.0
 40
7.0
 40
7.0
 40
8.0
 40
8.0
 40
8.0
 40
9.0
 40
9.0
 40
9.0
 40
9.0
 10
41.03049188354716
 20
342.1244948629708
 30
0.0
 10
41.00497444954717
 20
342.1244948629708
 30
0.0
 10
40.97945080417834
 20
342.1240149626498
 30
0.0
 10
40.95395581140572
 20
342.1229186057646
 30
0.0
 10
40.94242237215245
 20
342.1224226352166
 30
0.0
 10
40.93089479660124
 20
342.1218005079575
 30
0.0
 10
40.9193779454106
 20
342.1210050572918
 30
0.0
 10
40.90926268177481
 20
342.1203064120578
 30
0.0
 10
40.89915569104944
 20
342.1194740629106
 30
0.0
 10
40.88907090765985
 20
342.118429862973
 30
0.0
 10
40.88075880174398
 20
342.1175692098345
 30
0.0
 10
40.87246178222129
 20
342.1165646373838
 30
0.0
 10
40.8641982991385
 20
342.115292013102
 30
0.0
 10
40.85799300736022
 20
342.1143363622082
 30
0.0
 10
40.85180662660728
 20
342.1132295582669
 30
0.0
 10
40.84571622120283
 20
342.1117119814937
 30
0.0
 10
40.84348936937536
 20
342.1111571056877
 30
0.0
 10
40.84127534823612
 20
342.1105473147602
 30
0.0
 10
40.83910416661674
 20
342.1097988597123
 30
0.0
 10
40.83747637503551
 20
342.1092377234101
 30
0.0
 10
40.8358726630888
 20
342.1085986454951
 30
0.0
 10
40.83433491471613
 20
342.1078276590341
 30
0.0
 10
40.83328836096227
 20
342.1073029445954
 30
0.0
 10
40.8322723604081
 20
342.1067171323721
 30
0.0
 10
40.83145540890121
 20
342.1058167752298
 30
0.0
 10
40.83093294026411
 20
342.1052409658157
 30
0.0
 10
40.83049188354715
 20
342.1045365061711
 30
0.0
 10
40.83049188354715
 20
342.1037877921707
 30
0.0
  0
SPLINE
  5
5AC
330
70
100
AcDbEntity
  8
0
 62
     7
370
    25
100
AcDbSpline
210
0.0
220
0.0
230
1.0
 70
     8
 71
     3
 72
    41
 73
    37
 74
     0
 42
0.0000000001
 43
0.0000000001
 40
0.0
 40
0.0
 40
0.0
 40
0.0
 40
1.0
 40
1.0
 40
1.0
 40
2.0
 40
2.0
 40
2.0
 40
3.0
 40
3.0
 40
3.0
 40
4.0
 40
4.0
 40
4.0
 40
5.0
 40
5.0
 40
5.0
 40
6.0
 40
6.0
 40
6.0
 40
7.0
 40
7.0
 40
7.0
 40
8.0
 40
8.0
 40
8.0
 40
9.0
 40
9.0
 40
9.0
 40
10.0
 40
10.0
 40
10.0
 40
11.0
 40
11.0
 40
11.0
 40
12.0
 40
12.0
 40
12.0
 40
12.0
 10
41.03049188354716
 20
346.4242856142705
 30
0.0
 10
41.01748154474708
 20
346.424285827271
 30
0.0
 10
41.0044711767991
 20
346.4242417200278
 30
0.0
 10
40.99146109837739
 20
346.4241513084737
 30
0.0
 10
40.97895219029748
 20
346.4240643797264
 30
0.0
 10
40.96644354986704
 20
346.4239346453981
 30
0.0
 10
40.95393572981032
 20
346.4237536849901
 30
0.0
 10
40.94240785089077
 20
346.4235869021568
 30
0.0
 10
40.93088066883328
 20
346.4233766055569
 30
0.0
 10
40.91935441978566
 20
346.4231080174759
 30
0.0
 10
40.90925095454005
 20
346.4228725835251
 30
0.0
 10
40.89914820618201
 20
346.4225923607366
 30
0.0
 10
40.8890489442987
 20
346.4222392491091
 30
0.0
 10
40.8846559689104
 20
346.422085652668
 30
0.0
 10
40.88026365318873
 20
346.4219182651136
 30
0.0
 10
40.87587104219373
 20
346.4217313390427
 30
0.0
 10
40.87197344785467
 20
346.4215654782372
 30
0.0
 10
40.86807562104279
 20
346.4213842344915
 30
0.0
 10
40.8641824722041
 20
346.4211808433388
 30
0.0
 10
40.86082085749336
 20
346.4210052213124
 30
0.0
 10
40.85746273058247
 20
346.4208130866377
 30
0.0
 10
40.85409567772393
 20
346.4205930010352
 30
0.0
 10
40.85129292778925
 20
346.4204098007908
 30
0.0
 10
40.84848399308992
 20
346.4202072334258
 30
0.0
 10
40.84570799473344
 20
346.4199733651585
 30
0.0
 10
40.84351625331105
 20
346.4197887185187
 30
0.0
 10
40.84134504314826
 20
346.419584560091
 30
0.0
 10
40.83909899525915
 20
346.4193283989835
 30
0.0
 10
40.83747126666838
 20
346.4191427570114
 30
0.0
 10
40.8358042331907
 20
346.4189298031544
 30
0.0
 10
40.83433273048618
 20
346.4186640160948
 30
0.0
 10
40.83342847868117
 20
346.4185006875274
 30
0.0
 10
40.8325980634878
 20
346.4183174080107
 30
0.0
 10
40.83145462103403
 20
346.4179845297193
 30
0.0
 10
40.8309981908964
 20
346.417851654047
 30
0.0
 10
40.83049188354715
 20
346.4176949415706
 30
0.0
 10
40.83049188354715
 20
346.417301460371
 30
0.0
  0
SPLINE
  5
5AD
330
70
100
AcDbEntity
  8
0
 62
     7
370
    25
100
AcDbSpline
210
0.0
220
0.0
230
1.0
 70
     8
 71
     3
 72
    35
 73
    31
 74
     0
 42
0.0000000001
 43
0.0000000001
 40
0.0
 40
0.0
 40
0.0
 40
0.0
 40
1.0
 40
1.0
 40
1.0
 40
2.0
 40
2.0
 40
2.0
 40
3.0
 40
3.0
 40
3.0
 40
4.0
 40
4.0
 40
4.0
 40
5.0
 40
5.0
 40
5.0
 40
6.0
 40
6.0
 40
6.0
 40
7.0
 40
7.0
 40
7.0
 40
8.0
 40
8.0
 40
8.0
 40
9.0
 40
9.0
 40
9.0
 40
10.0
 40
10.0
 40
10.0
 40
10.0
 10
41.03049188354716
 20
362.0603149912709
 30
0.0
 10
41.01748513524699
 20
362.0603149912709
 30
0.0
 10
41.00447825140203
 20
362.0602273405647
 30
0.0
 10
40.99147255947837
 20
362.0600469083982
 30
0.0
 10
40.97896514737924
 20
362.059873389029
 30
0.0
 10
40.96645883762024
 20
362.0596140613798
 30
0.0
 10
40.95395567465773
 20
362.0592529930526
 30
0.0
 10
40.94242658602577
 20
362.0589200541983
 30
0.0
 10
40.93090017297911
 20
362.0585006096297
 30
0.0
 10
40.91937787020284
 20
362.0579637621149
 30
0.0
 10
40.90926909470389
 20
362.0574927737101
 30
0.0
 10
40.89916348285757
 20
362.0569314208712
 30
0.0
 10
40.88907052729531
 20
362.0562287517299
 30
0.0
 10
40.88077123985935
 20
362.0556509573328
 30
0.0
 10
40.87248051000498
 20
362.0549776115127
 30
0.0
 10
40.86419813437137
 20
362.0541146183538
 30
0.0
 10
40.85801387491694
 20
362.053470241204
 30
0.0
 10
40.8518342731625
 20
362.0527201306271
 30
0.0
 10
40.84571625166557
 20
362.0517025926288
 30
0.0
 10
40.84350493203886
 20
362.051334810046
 30
0.0
 10
40.84130165734744
 20
362.0509320903528
 30
0.0
 10
40.83910391509703
 20
362.0504135736001
 30
0.0
 10
40.83748896196666
 20
362.0500325551923
 30
0.0
 10
40.83587699616606
 20
362.0495890103214
 30
0.0
 10
40.83433500929102
 20
362.0490855470541
 30
0.0
 10
40.8333436886911
 20
362.0487618779512
 30
0.0
 10
40.8323812904814
 20
362.0484134444901
 30
0.0
 10
40.83145520505203
 20
362.047730873303
 30
0.0
 10
40.83096853005559
 20
362.0473721695386
 30
0.0
 10
40.83049188354715
 20
362.0469211870709
 30
0.0
 10
40.83049188354715
 20
362.046363696571
 30
0.0
  0
SPLINE
  5
5AE
330
70
100
AcDbEntity
  8
0
 62
     7
370
    25
100
AcDbSpline
210
0.0
220
0.0
230
1.0
 70
     8
 71
     3
 72
    11
 73
     7
 74
     0
 42
0.0000000001
 43
0.0000000001
 40
0.0
 40
0.0
 40
0.0
 40
0.0
 40
1.0
 40
1.0
 40
1.0
 40
2.0
 40
2.0
 40
2.0
 40
2.0
 10
41.32049188354746
 20
327.2800793680711
 30
0.0
 10
41.32219109094739
 20
327.2698989409708
 30
0.0
 10
41.3236554933515
 20
327.2596797222317
 30
0.0
 10
41.32489876959833
 20
327.2494307960139
 30
0.0
 10
41.32876389328708
 20
327.2175687158126
 30
0.0
 10
41.33049188354749
 20
327.1854195196711
 30
0.0
 10
41.33049188354749
 20
327.1533325675708
 30
0.0
  0
SPLINE
  5
5AF
330
70
100
AcDbEntity
  8
0
 62
     7
370
    25
100
AcDbSpline
210
0.0
220
0.0
230
1.0
 70
     8
 71
     3
 72
    17
 73
    13
 74
     0
 42
0.0000000001
 43
0.0000000001
 40
0.0
 40
0.0
 40
0.0
 40
0.0
 40
1.0
 40
1.0
 40
1.0
 40
2.0
 40
2.0
 40
2.0
 40
3.0
 40
3.0
 40
3.0
 40
4.0
 40
4.0
 40
4.0
 40
4.0
 10
23.63018050934715
 20
321.4277776911706
 30
0.0
 10
23.63018050934715
 20
321.329439132271
 30
0.0
 10
23.62647380932151
 20
321.2310570245995
 30
0.0
 10
23.61870419391649
 20
321.132985317346
 30
0.0
 10
23.61112912125996
 20
321.0373692193456
 30
0.0
 10
23.59969204798498
 20
320.9420481721874
 30
0.0
 10
23.58335810522993
 20
320.847536577937
 30
0.0
 10
23.56780181317737
 20
320.7575246325878
 30
0.0
 10
23.54780382701627
 20
320.6682468996218
 30
0.0
 10
23.52167512018173
 20
320.5806366672562
 30
0.0
 10
23.49720820559909
 20
320.498598467453
 30
0.0
 10
23.46736560234728
 20
320.4180224063706
 30
0.0
 10
23.43049188354718
 20
320.3408777514708
 30
0.0
  0
SPLINE
  5
5B0
330
70
100
AcDbEntity
  8
0
 62
     7
370
    25
100
AcDbSpline
210
0.0
220
0.0
230
1.0
 70
     8
 71
     3
 72
    17
 73
    13
 74
     0
 42
0.0000000001
 43
0.0000000001
 40
0.0
 40
0.0
 40
0.0
 40
0.0
 40
1.0
 40
1.0
 40
1.0
 40
2.0
 40
2.0
 40
2.0
 40
3.0
 40
3.0
 40
3.0
 40
4.0
 40
4.0
 40
4.0
 40
4.0
 10
23.43049188354718
 20
322.5146776308711
 30
0.0
 10
23.46736559864725
 20
322.4375329838705
 30
0.0
 10
23.49720819950936
 20
322.3569569313825
 30
0.0
 10
23.52167511269567
 20
322.2749187403089
 30
0.0
 10
23.54780381872873
 20
322.1873085149526
 30
0.0
 10
23.56780180489689
 20
322.0980307890632
 30
0.0
 10
23.58335809739093
 20
322.0080188507715
 30
0.0
 10
23.59969204253182
 20
321.9135072528017
 30
0.0
 10
23.61112911751886
 20
321.8181862017125
 30
0.0
 10
23.61870419138947
 20
321.7225700997182
 30
0.0
 10
23.62647380862655
 20
321.6244983809603
 30
0.0
 10
23.63018050934715
 20
321.5261162616709
 30
0.0
 10
23.63018050934715
 20
321.4277776911706
 30
0.0
  0
SPLINE
  5
5B1
330
70
100
AcDbEntity
  8
0
 62
     7
370
    25
100
AcDbSpline
210
0.0
220
0.0
230
1.0
 70
     8
 71
     3
 72
    11
 73
     7
 74
     0
 42
0.0000000001
 43
0.0000000001
 40
0.0
 40
0.0
 40
0.0
 40
0.0
 40
1.0
 40
1.0
 40
1.0
 40
2.0
 40
2.0
 40
2.0
 40
2.0
 10
23.87950138234705
 20
315.5454277895707
 30
0.0
 10
23.8843119481473
 20
315.5566139550709
 30
0.0
 10
23.88875285751181
 20
315.5679579690896
 30
0.0
 10
23.89282862816997
 20
315.5794400092553
 30
0.0
 10
23.90536578528927
 20
315.6147590086991
 30
0.0
 10
23.91444803404748
 20
315.6513839986705
 30
0.0
 10
23.92049188354748
 20
315.6883489307706
 30
0.0
  0
SPLINE
  5
5B2
330
70
100
AcDbEntity
  8
0
 62
     7
370
    25
100
AcDbSpline
210
0.0
220
0.0
230
1.0
 70
     8
 71
     3
 72
    14
 73
    10
 74
     0
 42
0.0000000001
 43
0.0000000001
 40
0.0
 40
0.0
 40
0.0
 40
0.0
 40
1.0
 40
1.0
 40
1.0
 40
2.0
 40
2.0
 40
2.0
 40
3.0
 40
3.0
 40
3.0
 40
3.0
 10
23.63049188354719
 20
314.9727946849708
 30
0.0
 10
23.67423191184698
 20
315.0836607105706
 30
0.0
 10
23.72157876414914
 20
315.1930989607321
 30
0.0
 10
23.77033318527135
 20
315.3018609421421
 30
0.0
 10
23.79031129700894
 20
315.3464283673601
 30
0.0
 10
23.81052575596974
 20
315.390882239166
 30
0.0
 10
23.83064431789243
 20
315.435384073448
 30
0.0
 10
23.84717749640222
 20
315.4719551153057
 30
0.0
 10
23.86364591234704
 20
315.5085585478709
 30
0.0
 10
23.87950138234705
 20
315.5454277895707
 30
0.0
  0
SPLINE
  5
5B3
330
70
100
AcDbEntity
  8
0
 62
     7
370
    25
100
AcDbSpline
210
0.0
220
0.0
230
1.0
 70
     8
 71
     3
 72
    59
 73
    55
 74
     0
 42
0.0000000001
 43
0.0000000001
 40
0.0
 40
0.0
 40
0.0
 40
0.0
 40
1.0
 40
1.0
 40
1.0
 40
2.0
 40
2.0
 40
2.0
 40
3.0
 40
3.0
 40
3.0
 40
4.0
 40
4.0
 40
4.0
 40
5.0
 40
5.0
 40
5.0
 40
6.0
 40
6.0
 40
6.0
 40
7.0
 40
7.0
 40
7.0
 40
8.0
 40
8.0
 40
8.0
 40
9.0
 40
9.0
 40
9.0
 40
10.0
 40
10.0
 40
10.0
 40
11.0
 40
11.0
 40
11.0
 40
12.0
 40
12.0
 40
12.0
 40
13.0
 40
13.0
 40
13.0
 40
14.0
 40
14.0
 40
14.0
 40
15.0
 40
15.0
 40
15.0
 40
16.0
 40
16.0
 40
16.0
 40
17.0
 40
17.0
 40
17.0
 40
18.0
 40
18.0
 40
18.0
 40
18.0
 10
23.43049188354718
 20
314.8220516025707
 30
0.0
 10
23.43049188354718
 20
314.7960749677711
 30
0.0
 10
23.4315283155992
 20
314.7700580146846
 30
0.0
 10
23.43539827593853
 20
314.7442763024833
 30
0.0
 10
23.43724158644475
 20
314.7319961505451
 30
0.0
 10
23.43972774972227
 20
314.7197693685537
 30
0.0
 10
23.4440164933664
 20
314.7081716545435
 30
0.0
 10
23.44590165316872
 20
314.7030737643297
 30
0.0
 10
23.44813509478908
 20
314.6980974181783
 30
0.0
 10
23.45128497442123
 20
314.6935640650625
 30
0.0
 10
23.45379723664722
 20
314.6899483802994
 30
0.0
 10
23.45689246740846
 20
314.6866144941935
 30
0.0
 10
23.46077071873424
 20
314.6846553670853
 30
0.0
 10
23.46239670209293
 20
314.6838339896634
 30
0.0
 10
23.46416032190193
 20
314.6832542622781
 30
0.0
 10
23.46596671562155
 20
314.6829915402991
 30
0.0
 10
23.46769489410576
 20
314.6827401939467
 30
0.0
 10
23.4694622225489
 20
314.6827789952243
 30
0.0
 10
23.471186096969
 20
314.6830446900679
 30
0.0
 10
23.47475912430389
 20
314.6835953884986
 30
0.0
 10
23.47814547438022
 20
314.6851208152987
 30
0.0
 10
23.48125159077573
 20
314.6870106180573
 30
0.0
 10
23.4846696732918
 20
314.6890902251759
 30
0.0
 10
23.48774840415794
 20
314.6916110768374
 30
0.0
 10
23.49064507525854
 20
314.6943247472082
 30
0.0
 10
23.4937617824135
 20
314.6972445525871
 30
0.0
 10
23.49666772014812
 20
314.7003875829457
 30
0.0
 10
23.49943171804786
 20
314.7036456640693
 30
0.0
 10
23.50233698500933
 20
314.7070702670498
 30
0.0
 10
23.50508543214461
 20
314.7106219819213
 30
0.0
 10
23.50772949776445
 20
314.7142491035419
 30
0.0
 10
23.51046637737166
 20
314.7180035471254
 30
0.0
 10
23.51309141868703
 20
314.7218387843429
 30
0.0
 10
23.51563735509812
 20
314.7257252758775
 30
0.0
 10
23.52090361855131
 20
314.7337644744374
 30
0.0
 10
23.5258314172391
 20
314.7420229739417
 30
0.0
 10
23.5305632128902
 20
314.750388935464
 30
0.0
 10
23.53542984998609
 20
314.7589933008439
 30
0.0
 10
23.54008915392343
 20
314.7677113401735
 30
0.0
 10
23.54461014950086
 20
314.7765002746748
 30
0.0
 10
23.5492068874193
 20
314.7854364542822
 30
0.0
 10
23.5536606438681
 20
314.7944459244397
 30
0.0
 10
23.55801312786155
 20
314.8035036438356
 30
0.0
 10
23.56240989403943
 20
314.8126535164949
 30
0.0
 10
23.56670331658719
 20
314.8218526251627
 30
0.0
 10
23.57091874012773
 20
314.8310872210079
 30
0.0
 10
23.57515992255667
 20
314.840378246041
 30
0.0
 10
23.57932214981988
 20
314.849705193274
 30
0.0
 10
23.58342333948927
 20
314.859058854499
 30
0.0
 10
23.59165982227001
 20
314.8778439573185
 30
0.0
 10
23.59965012022256
 20
314.896736806512
 30
0.0
 10
23.60747360216085
 20
314.915697927011
 30
0.0
 10
23.61530067990012
 20
314.9346677623527
 30
0.0
 10
23.62296078824751
 20
314.9537059317708
 30
0.0
 10
23.63049188354719
 20
314.9727946849708
 30
0.0
  0
SPLINE
  5
5B4
330
70
100
AcDbEntity
  8
0
 62
     7
370
    25
100
AcDbSpline
210
0.0
220
0.0
230
1.0
 70
     8
 71
     3
 72
    59
 73
    55
 74
     0
 42
0.0000000001
 43
0.0000000001
 40
0.0
 40
0.0
 40
0.0
 40
0.0
 40
1.0
 40
1.0
 40
1.0
 40
2.0
 40
2.0
 40
2.0
 40
3.0
 40
3.0
 40
3.0
 40
4.0
 40
4.0
 40
4.0
 40
5.0
 40
5.0
 40
5.0
 40
6.0
 40
6.0
 40
6.0
 40
7.0
 40
7.0
 40
7.0
 40
8.0
 40
8.0
 40
8.0
 40
9.0
 40
9.0
 40
9.0
 40
10.0
 40
10.0
 40
10.0
 40
11.0
 40
11.0
 40
11.0
 40
12.0
 40
12.0
 40
12.0
 40
13.0
 40
13.0
 40
13.0
 40
14.0
 40
14.0
 40
14.0
 40
15.0
 40
15.0
 40
15.0
 40
16.0
 40
16.0
 40
16.0
 40
17.0
 40
17.0
 40
17.0
 40
18.0
 40
18.0
 40
18.0
 40
18.0
 10
23.63049188354719
 20
327.8827606973711
 30
0.0
 10
23.62296080204725
 20
327.901849415671
 30
0.0
 10
23.61530070520039
 20
327.9208875492887
 30
0.0
 10
23.60747364093294
 20
327.9398573495513
 30
0.0
 10
23.59965017205516
 20
327.9588184359677
 30
0.0
 10
23.59165988911452
 20
327.9777112517922
 30
0.0
 10
23.58342342240513
 20
327.9964963218902
 30
0.0
 10
23.57932224071848
 20
328.0058499668667
 30
0.0
 10
23.57516002170046
 20
328.0151768980117
 30
0.0
 10
23.57091884660934
 20
328.0244679063625
 30
0.0
 10
23.56670342950889
 20
328.0337024874975
 30
0.0
 10
23.56241001247333
 20
328.0429015808544
 30
0.0
 10
23.55801326251825
 20
328.0520514438785
 30
0.0
 10
23.55366079193181
 20
328.0611091592573
 30
0.0
 10
23.54920705926309
 20
328.070118630901
 30
0.0
 10
23.54461032403915
 20
328.0790548004979
 30
0.0
 10
23.54008933871607
 20
328.0878437103701
 30
0.0
 10
23.53543002510063
 20
328.0965617141881
 30
0.0
 10
23.53056340944325
 20
328.1051660625997
 30
0.0
 10
23.52583162188783
 20
328.1135320301629
 30
0.0
 10
23.52090385965496
 20
328.1217905526599
 30
0.0
 10
23.51563761541809
 20
328.1298297624764
 30
0.0
 10
23.51309169019182
 20
328.1337162565605
 30
0.0
 10
23.51046665615076
 20
328.1375514936613
 30
0.0
 10
23.50772979404588
 20
328.1413059478552
 30
0.0
 10
23.50508574157702
 20
328.1449330848831
 30
0.0
 10
23.50233731684282
 20
328.1484848249599
 30
0.0
 10
23.49943205537236
 20
328.1519094318707
 30
0.0
 10
23.49666809340904
 20
328.1551674805307
 30
0.0
 10
23.49376217946093
 20
328.1583104617288
 30
0.0
 10
23.49064551154073
 20
328.1612302593105
 30
0.0
 10
23.48774890762859
 20
328.1639438936511
 30
0.0
 10
23.48467026115743
 20
328.1664647491031
 30
0.0
 10
23.48125227700035
 20
328.1685443027322
 30
0.0
 10
23.47814604630797
 20
328.1704341808045
 30
0.0
 10
23.47475955671279
 20
328.1719595878223
 30
0.0
 10
23.47118637378898
 20
328.1725105075499
 30
0.0
 10
23.46946241829149
 20
328.1727763100893
 30
0.0
 10
23.46769500472697
 20
328.1728152735988
 30
0.0
 10
23.4659667446873
 20
328.1725639709307
 30
0.0
 10
23.46416026919404
 20
328.172301295118
 30
0.0
 10
23.46239657134161
 20
328.1717214855965
 30
0.0
 10
23.46077052117435
 20
328.1709000262636
 30
0.0
 10
23.45689250112974
 20
328.1689409011255
 30
0.0
 10
23.45379740783006
 20
328.1656072951834
 30
0.0
 10
23.45128525332737
 20
328.1619918584088
 30
0.0
 10
23.44813528463445
 20
328.1574584936659
 30
0.0
 10
23.44590183762382
 20
328.1524820222542
 30
0.0
 10
23.44401665665057
 20
328.147384024416
 30
0.0
 10
23.43972793220543
 20
328.1357862477273
 30
0.0
 10
23.43724164982857
 20
328.1235595140917
 30
0.0
 10
23.43539827872607
 20
328.1112793816356
 30
0.0
 10
23.43152817957056
 20
328.0854976330846
 30
0.0
 10
23.43049188354718
 20
328.059480514971
 30
0.0
 10
23.43049188354718
 20
328.0335037797705
 30
0.0
  0
SPLINE
  5
5B5
330
70
100
AcDbEntity
  8
0
 62
     7
370
    25
100
AcDbSpline
210
0.0
220
0.0
230
1.0
 70
     8
 71
     3
 72
    14
 73
    10
 74
     0
 42
0.0000000001
 43
0.0000000001
 40
0.0
 40
0.0
 40
0.0
 40
0.0
 40
1.0
 40
1.0
 40
1.0
 40
2.0
 40
2.0
 40
2.0
 40
3.0
 40
3.0
 40
3.0
 40
3.0
 10
23.87950138234705
 20
327.3101275928706
 30
0.0
 10
23.86364591514741
 20
327.3469968281708
 30
0.0
 10
23.84717750232383
 20
327.3836002544903
 30
0.0
 10
23.83064432672606
 20
327.4201712900241
 30
0.0
 10
23.81052576561641
 20
327.4646731226504
 30
0.0
 10
23.79031130713174
 20
327.5091269926724
 30
0.0
 10
23.77033319593895
 20
327.5536944161361
 30
0.0
 10
23.72157877072399
 20
327.6624564053614
 30
0.0
 10
23.67423191504713
 20
327.7718946636711
 30
0.0
 10
23.63049188354719
 20
327.8827606973711
 30
0.0
  0
SPLINE
  5
5B6
330
70
100
AcDbEntity
  8
0
 62
     7
370
    25
100
AcDbSpline
210
0.0
220
0.0
230
1.0
 70
     8
 71
     3
 72
    11
 73
     7
 74
     0
 42
0.0000000001
 43
0.0000000001
 40
0.0
 40
0.0
 40
0.0
 40
0.0
 40
1.0
 40
1.0
 40
1.0
 40
2.0
 40
2.0
 40
2.0
 40
2.0
 10
23.92049188354748
 20
327.1672064515706
 30
0.0
 10
23.91844198904708
 20
327.1797438601705
 30
0.0
 10
23.91605270515457
 20
327.1922213907954
 30
0.0
 10
23.91329091850095
 20
327.2046316334769
 30
0.0
 10
23.90526352380821
 20
327.2407031801648
 30
0.0
 10
23.89408911654715
 20
327.2762062585707
 30
0.0
 10
23.87950138234705
 20
327.3101275928706
 30
0.0
  0
SPLINE
  5
5B7
330
70
100
AcDbEntity
  8
0
 62
     7
370
    25
100
AcDbSpline
210
0.0
220
0.0
230
1.0
 70
     8
 71
     3
 72
    35
 73
    31
 74
     0
 42
0.0000000001
 43
0.0000000001
 40
0.0
 40
0.0
 40
0.0
 40
0.0
 40
1.0
 40
1.0
 40
1.0
 40
2.0
 40
2.0
 40
2.0
 40
3.0
 40
3.0
 40
3.0
 40
4.0
 40
4.0
 40
4.0
 40
5.0
 40
5.0
 40
5.0
 40
6.0
 40
6.0
 40
6.0
 40
7.0
 40
7.0
 40
7.0
 40
8.0
 40
8.0
 40
8.0
 40
9.0
 40
9.0
 40
9.0
 40
10.0
 40
10.0
 40
10.0
 40
10.0
 10
23.63049188354719
 20
280.7952403910709
 30
0.0
 10
23.61748513694752
 20
280.7952403910709
 30
0.0
 10
23.60447825478573
 20
280.7953280413979
 30
0.0
 10
23.59147256457093
 20
280.7955084737075
 30
0.0
 10
23.5789651476135
 20
280.7956819933046
 30
0.0
 10
23.56645883302058
 20
280.7959413217539
 30
0.0
 10
23.5539556651927
 20
280.7963023901344
 30
0.0
 10
23.54242658312852
 20
280.7966353287185
 30
0.0
 10
23.53090017661758
 20
280.7970547722174
 30
0.0
 10
23.51937788040588
 20
280.7975916194486
 30
0.0
 10
23.50926910149566
 20
280.7980626080311
 30
0.0
 10
23.49916348626695
 20
280.7986239618172
 30
0.0
 10
23.48907052727096
 20
280.7993266307255
 30
0.0
 10
23.48077123568384
 20
280.7999044250232
 30
0.0
 10
23.47248050164752
 20
280.8005777699763
 30
0.0
 10
23.46419812198083
 20
280.8014407647863
 30
0.0
 10
23.45801387058551
 20
280.8020851420157
 30
0.0
 10
23.45183427695561
 20
280.8028352536976
 30
0.0
 10
23.44571626339778
 20
280.8038527891323
 30
0.0
 10
23.44350493671174
 20
280.8042205724402
 30
0.0
 10
23.44130165500784
 20
280.8046232926923
 30
0.0
 10
23.43910390533553
 20
280.8051418105553
 30
0.0
 10
23.43748895392491
 20
280.8055228280858
 30
0.0
 10
23.43587698959637
 20
280.8059663718216
 30
0.0
 10
23.4343350055185
 20
280.8064698357318
 30
0.0
 10
23.43334368731276
 20
280.8067935050535
 30
0.0
 10
23.43238129200996
 20
280.8071419394387
 30
0.0
 10
23.43145520744945
 20
280.8078245087219
 30
0.0
 10
23.43096853150651
 20
280.8081832125196
 30
0.0
 10
23.43049188354718
 20
280.808634194771
 30
0.0
 10
23.43049188354718
 20
280.8091916858709
 30
0.0
  0
SPLINE
  5
5B8
330
70
100
AcDbEntity
  8
0
 62
     7
370
    25
100
AcDbSpline
210
0.0
220
0.0
230
1.0
 70
     8
 71
     3
 72
    41
 73
    37
 74
     0
 42
0.0000000001
 43
0.0000000001
 40
0.0
 40
0.0
 40
0.0
 40
0.0
 40
1.0
 40
1.0
 40
1.0
 40
2.0
 40
2.0
 40
2.0
 40
3.0
 40
3.0
 40
3.0
 40
4.0
 40
4.0
 40
4.0
 40
5.0
 40
5.0
 40
5.0
 40
6.0
 40
6.0
 40
6.0
 40
7.0
 40
7.0
 40
7.0
 40
8.0
 40
8.0
 40
8.0
 40
9.0
 40
9.0
 40
9.0
 40
10.0
 40
10.0
 40
10.0
 40
11.0
 40
11.0
 40
11.0
 40
12.0
 40
12.0
 40
12.0
 40
12.0
 10
23.63049188354719
 20
296.4312697681708
 30
0.0
 10
23.61748154654707
 20
296.431270016371
 30
0.0
 10
23.60447117991137
 20
296.4313137349666
 30
0.0
 10
23.59146110349304
 20
296.4314040276113
 30
0.0
 10
23.57895219056638
 20
296.4314908420765
 30
0.0
 10
23.56644354592896
 20
296.4316207115267
 30
0.0
 10
23.55393572037481
 20
296.4318017104014
 30
0.0
 10
23.54240784770348
 20
296.4319685285243
 30
0.0
 10
23.53088067079691
 20
296.4321787782262
 30
0.0
 10
23.51935442991426
 20
296.4324473615099
 30
0.0
 10
23.50925096264859
 20
296.4326827914686
 30
0.0
 10
23.49914821458702
 20
296.4329630426954
 30
0.0
 10
23.48904894443541
 20
296.4333161332296
 30
0.0
 10
23.48465596041819
 20
296.4334697206721
 30
0.0
 10
23.48026363444794
 20
296.4336370898874
 30
0.0
 10
23.47587102226901
 20
296.4338240285825
 30
0.0
 10
23.47197343441303
 20
296.4339899002685
 30
0.0
 10
23.46807562122122
 20
296.4341711792134
 30
0.0
 10
23.46418245967687
 20
296.4343745692694
 30
0.0
 10
23.46082084164921
 20
296.4345501899502
 30
0.0
 10
23.45746269177768
 20
296.4347422961424
 30
0.0
 10
23.45409569299833
 20
296.4349624146704
 30
0.0
 10
23.45129298508915
 20
296.4351456425182
 30
0.0
 10
23.44848414578287
 20
296.4353482800774
 30
0.0
 10
23.44570800651956
 20
296.4355818122889
 30
0.0
 10
23.44351613031342
 20
296.4357661955812
 30
0.0
 10
23.44134463850442
 20
296.4359698378344
 30
0.0
 10
23.43909898550471
 20
296.4362271782783
 30
0.0
 10
23.43747153436022
 20
296.4364136759247
 30
0.0
 10
23.43580513322947
 20
296.4366283762445
 30
0.0
 10
23.4343327267573
 20
296.436892107532
 30
0.0
 10
23.43342814708515
 20
296.4370541320585
 30
0.0
 10
23.43259678711957
 20
296.4372346624204
 30
0.0
 10
23.43145462342889
 20
296.4375685629813
 30
0.0
 10
23.43099808247496
 20
296.4377020283346
 30
0.0
 10
23.43049188354718
 20
296.4378599980707
 30
0.0
 10
23.43049188354718
 20
296.4382539220709
 30
0.0
  0
SPLINE
  5
5B9
330
70
100
AcDbEntity
  8
0
 62
     7
370
    25
100
AcDbSpline
210
0.0
220
0.0
230
1.0
 70
     8
 71
     3
 72
    32
 73
    28
 74
     0
 42
0.0000000001
 43
0.0000000001
 40
0.0
 40
0.0
 40
0.0
 40
0.0
 40
1.0
 40
1.0
 40
1.0
 40
2.0
 40
2.0
 40
2.0
 40
3.0
 40
3.0
 40
3.0
 40
4.0
 40
4.0
 40
4.0
 40
5.0
 40
5.0
 40
5.0
 40
6.0
 40
6.0
 40
6.0
 40
7.0
 40
7.0
 40
7.0
 40
8.0
 40
8.0
 40
8.0
 40
9.0
 40
9.0
 40
9.0
 40
9.0
 10
23.63049188354719
 20
300.7305625013706
 30
0.0
 10
23.60497437344747
 20
300.7305625013706
 30
0.0
 10
23.5794506231833
 20
300.7310436205066
 30
0.0
 10
23.55395566522927
 20
300.7321427534088
 30
0.0
 10
23.54242221430542
 20
300.7326399809553
 30
0.0
 10
23.53089465570278
 20
300.733263684493
 30
0.0
 10
23.51937788042577
 20
300.7340611235607
 30
0.0
 10
23.50926244999572
 20
300.7347615313757
 30
0.0
 10
23.49915533834538
 20
300.7355959672082
 30
0.0
 10
23.48907052732422
 20
300.736642816254
 30
0.0
 10
23.48075837046899
 20
300.7375056557715
 30
0.0
 10
23.47246136348895
 20
300.7385127976576
 30
0.0
 10
23.46419812197442
 20
300.7397886427809
 30
0.0
 10
23.45799271183667
 20
300.7407467585819
 30
0.0
 10
23.45180634371108
 20
300.741856409394
 30
0.0
 10
23.44571626341831
 20
300.7433777292708
 30
0.0
 10
23.44348917004121
 20
300.7439340637127
 30
0.0
 10
23.44127495329413
 20
300.744545450909
 30
0.0
 10
23.43910390538173
 20
300.7452957901098
 30
0.0
 10
23.43747611990947
 20
300.745858371545
 30
0.0
 10
23.43587260198304
 20
300.7464990654444
 30
0.0
 10
23.43433500558011
 20
300.7472718884743
 30
0.0
 10
23.43328796703289
 20
300.7477981484875
 30
0.0
 10
23.43227149654519
 20
300.7483856772775
 30
0.0
 10
23.43145520746036
 20
300.7492876386739
 30
0.0
 10
23.43093250475776
 20
300.7498652007991
 30
0.0
 10
23.43049188354718
 20
300.7505716914705
 30
0.0
 10
23.43049188354718
 20
300.751321994971
 30
0.0
  0
SPLINE
  5
5BA
330
70
100
AcDbEntity
  8
0
 62
     7
370
    25
100
AcDbSpline
210
0.0
220
0.0
230
1.0
 70
     8
 71
     3
 72
    41
 73
    37
 74
     0
 42
0.0000000001
 43
0.0000000001
 40
0.0
 40
0.0
 40
0.0
 40
0.0
 40
1.0
 40
1.0
 40
1.0
 40
2.0
 40
2.0
 40
2.0
 40
3.0
 40
3.0
 40
3.0
 40
4.0
 40
4.0
 40
4.0
 40
5.0
 40
5.0
 40
5.0
 40
6.0
 40
6.0
 40
6.0
 40
7.0
 40
7.0
 40
7.0
 40
8.0
 40
8.0
 40
8.0
 40
9.0
 40
9.0
 40
9.0
 40
10.0
 40
10.0
 40
10.0
 40
11.0
 40
11.0
 40
11.0
 40
12.0
 40
12.0
 40
12.0
 40
12.0
 10
23.63049188354719
 20
313.6965009478708
 30
0.0
 10
23.61748534774694
 20
313.6965009478708
 30
0.0
 10
23.60447877079903
 20
313.6965495700807
 30
0.0
 10
23.59147255936418
 20
313.6966495835752
 30
0.0
 10
23.57896638217314
 20
313.6967457519705
 30
0.0
 10
23.56646054293034
 20
313.6968894360531
 30
0.0
 10
23.55395567443637
 20
313.6970897613313
 30
0.0
 10
23.54242877098279
 20
313.6972744198214
 30
0.0
 10
23.53090269237749
 20
313.6975072064954
 30
0.0
 10
23.51937787016179
 20
313.6978045614631
 30
0.0
 10
23.50927346947301
 20
313.6980652677609
 30
0.0
 10
23.49917003456244
 20
313.6983756072225
 30
0.0
 10
23.48907052726647
 20
313.6987665192221
 30
0.0
 10
23.48467652294329
 20
313.6989365937584
 30
0.0
 10
23.4802832620663
 20
313.6991219196213
 30
0.0
 10
23.47589003174895
 20
313.699328974851
 30
0.0
 10
23.47199122365027
 20
313.6995127277042
 30
0.0
 10
23.46809243961915
 20
313.6997135942151
 30
0.0
 10
23.46419813439514
 20
313.6999386775513
 30
0.0
 10
23.46083480036478
 20
313.7001330717766
 30
0.0
 10
23.45747480707159
 20
313.7003455293076
 30
0.0
 10
23.45410763919491
 20
313.7005897731124
 30
0.0
 10
23.45130394149962
 20
313.7007931445558
 30
0.0
 10
23.44849526953241
 20
313.7010185540137
 30
0.0
 10
23.44571625173105
 20
313.7012759991303
 30
0.0
 10
23.44352098565092
 20
313.7014793661377
 30
0.0
 10
23.44134422407208
 20
313.7017027237218
 30
0.0
 10
23.43910391514903
 20
313.7019906817721
 30
0.0
 10
23.43747849558648
 20
313.7021996050339
 30
0.0
 10
23.4358196247593
 20
313.7024425339228
 30
0.0
 10
23.43433500929747
 20
313.7027269917384
 30
0.0
 10
23.43341935281799
 20
313.702902434908
 30
0.0
 10
23.43256998257295
 20
313.7030936755599
 30
0.0
 10
23.43145520506297
 20
313.703478075921
 30
0.0
 10
23.43099605626532
 20
313.7036364007548
 30
0.0
 10
23.43049188354718
 20
313.7038274933705
 30
0.0
 10
23.43049188354718
 20
313.7042360921711
 30
0.0
  0
SPLINE
  5
5BB
330
70
100
AcDbEntity
  8
0
 62
     7
370
    25
100
AcDbSpline
210
0.0
220
0.0
230
1.0
 70
     8
 71
     3
 72
    41
 73
    37
 74
     0
 42
0.0000000001
 43
0.0000000001
 40
0.0
 40
0.0
 40
0.0
 40
0.0
 40
1.0
 40
1.0
 40
1.0
 40
2.0
 40
2.0
 40
2.0
 40
3.0
 40
3.0
 40
3.0
 40
4.0
 40
4.0
 40
4.0
 40
5.0
 40
5.0
 40
5.0
 40
6.0
 40
6.0
 40
6.0
 40
7.0
 40
7.0
 40
7.0
 40
8.0
 40
8.0
 40
8.0
 40
9.0
 40
9.0
 40
9.0
 40
10.0
 40
10.0
 40
10.0
 40
11.0
 40
11.0
 40
11.0
 40
12.0
 40
12.0
 40
12.0
 40
12.0
 10
23.63049188354719
 20
329.1590546368707
 30
0.0
 10
23.61748538874702
 20
329.1590546368707
 30
0.0
 10
23.60447885268047
 20
329.1590060187541
 30
0.0
 10
23.59147268222644
 20
329.1589060048932
 30
0.0
 10
23.57896650975126
 20
329.1588098358787
 30
0.0
 10
23.56646067531928
 20
329.1586661467902
 30
0.0
 10
23.55395581135249
 20
329.1584658246447
 30
0.0
 10
23.54242888715085
 20
329.1582811686432
 30
0.0
 10
23.53090278756006
 20
329.1580483911667
 30
0.0
 10
23.51937794537278
 20
329.1577510169351
 30
0.0
 10
23.50927364677701
 20
329.1574902968338
 30
0.0
 10
23.49917031471605
 20
329.1571799228661
 30
0.0
 10
23.48907090767785
 20
329.1567890508154
 30
0.0
 10
23.4846767050671
 20
329.1566189842978
 30
0.0
 10
23.48028324549442
 20
329.1564336788692
 30
0.0
 10
23.47588981697549
 20
329.1562266163979
 30
0.0
 10
23.4719911344849
 20
329.1560428713286
 30
0.0
 10
23.46809247644818
 20
329.1558419934538
 30
0.0
 10
23.46419829915907
 20
329.1556169042338
 30
0.0
 10
23.46083496680098
 20
329.1554224986376
 30
0.0
 10
23.45747497684462
 20
329.1552100326541
 30
0.0
 10
23.45410780397873
 20
329.1549658042483
 30
0.0
 10
23.4513040374394
 20
329.1547624409345
 30
0.0
 10
23.44849529062506
 20
329.1545370551276
 30
0.0
 10
23.44571622118939
 20
329.1542795802735
 30
0.0
 10
23.44352105880974
 20
329.1540762031619
 30
0.0
 10
23.44134441297866
 20
329.1538528047945
 30
0.0
 10
23.43910416663987
 20
329.1535649319331
 30
0.0
 10
23.43747860610695
 20
329.1533560465289
 30
0.0
 10
23.43581955864505
 20
329.1531132140251
 30
0.0
 10
23.4343349147521
 20
329.1528285881716
 30
0.0
 10
23.43341938897774
 20
329.1526530697828
 30
0.0
 10
23.43257018433532
 20
329.1524616584724
 30
0.0
 10
23.43145540889739
 20
329.1520774207492
 30
0.0
 10
23.43099617999773
 20
329.1519191349987
 30
0.0
 10
23.43049188354718
 20
329.1517281264706
 30
0.0
 10
23.43049188354718
 20
329.1513194923708
 30
0.0
  0
SPLINE
  5
5BC
330
70
100
AcDbEntity
  8
0
 62
     7
370
    25
100
AcDbSpline
210
0.0
220
0.0
230
1.0
 70
     8
 71
     3
 72
    32
 73
    28
 74
     0
 42
0.0000000001
 43
0.0000000001
 40
0.0
 40
0.0
 40
0.0
 40
0.0
 40
1.0
 40
1.0
 40
1.0
 40
2.0
 40
2.0
 40
2.0
 40
3.0
 40
3.0
 40
3.0
 40
4.0
 40
4.0
 40
4.0
 40
5.0
 40
5.0
 40
5.0
 40
6.0
 40
6.0
 40
6.0
 40
7.0
 40
7.0
 40
7.0
 40
8.0
 40
8.0
 40
8.0
 40
9.0
 40
9.0
 40
9.0
 40
9.0
 10
23.63049188354719
 20
342.1244948629708
 30
0.0
 10
23.6049744495472
 20
342.1244948629708
 30
0.0
 10
23.57945080417837
 20
342.1240149626498
 30
0.0
 10
23.55395581140575
 20
342.1229186057646
 30
0.0
 10
23.54242237215248
 20
342.1224226352166
 30
0.0
 10
23.53089479660128
 20
342.1218005079575
 30
0.0
 10
23.51937794540999
 20
342.1210050572918
 30
0.0
 10
23.50926268177484
 20
342.1203064120578
 30
0.0
 10
23.49915569104948
 20
342.1194740629106
 30
0.0
 10
23.48907090765989
 20
342.118429862973
 30
0.0
 10
23.48075880174401
 20
342.1175692098345
 30
0.0
 10
23.47246178222132
 20
342.1165646373838
 30
0.0
 10
23.46419829913854
 20
342.115292013102
 30
0.0
 10
23.45799300736025
 20
342.1143363622082
 30
0.0
 10
23.45180662660731
 20
342.1132295582669
 30
0.0
 10
23.44571622120286
 20
342.1117119814937
 30
0.0
 10
23.44348936937539
 20
342.1111571056877
 30
0.0
 10
23.44127534823615
 20
342.1105473147602
 30
0.0
 10
23.43910416661677
 20
342.1097988597123
 30
0.0
 10
23.43747637503553
 20
342.1092377234101
 30
0.0
 10
23.43587266308883
 20
342.1085986454951
 30
0.0
 10
23.43433491471616
 20
342.1078276590341
 30
0.0
 10
23.43328836096231
 20
342.1073029445954
 30
0.0
 10
23.43227236040814
 20
342.1067171323721
 30
0.0
 10
23.43145540890124
 20
342.1058167752298
 30
0.0
 10
23.43093294026414
 20
342.1052409658157
 30
0.0
 10
23.43049188354718
 20
342.1045365061711
 30
0.0
 10
23.43049188354718
 20
342.1037877921707
 30
0.0
  0
SPLINE
  5
5BD
330
70
100
AcDbEntity
  8
0
 62
     7
370
    25
100
AcDbSpline
210
0.0
220
0.0
230
1.0
 70
     8
 71
     3
 72
    41
 73
    37
 74
     0
 42
0.0000000001
 43
0.0000000001
 40
0.0
 40
0.0
 40
0.0
 40
0.0
 40
1.0
 40
1.0
 40
1.0
 40
2.0
 40
2.0
 40
2.0
 40
3.0
 40
3.0
 40
3.0
 40
4.0
 40
4.0
 40
4.0
 40
5.0
 40
5.0
 40
5.0
 40
6.0
 40
6.0
 40
6.0
 40
7.0
 40
7.0
 40
7.0
 40
8.0
 40
8.0
 40
8.0
 40
9.0
 40
9.0
 40
9.0
 40
10.0
 40
10.0
 40
10.0
 40
11.0
 40
11.0
 40
11.0
 40
12.0
 40
12.0
 40
12.0
 40
12.0
 10
23.63049188354719
 20
346.4242856142705
 30
0.0
 10
23.6174815447471
 20
346.424285827271
 30
0.0
 10
23.60447117679913
 20
346.4242417200278
 30
0.0
 10
23.59146109837741
 20
346.4241513084737
 30
0.0
 10
23.57895219029751
 20
346.4240643797264
 30
0.0
 10
23.56644354986707
 20
346.4239346453981
 30
0.0
 10
23.55393572981035
 20
346.4237536849901
 30
0.0
 10
23.5424078508908
 20
346.4235869021568
 30
0.0
 10
23.53088066883331
 20
346.4233766055569
 30
0.0
 10
23.51935441978568
 20
346.4231080174759
 30
0.0
 10
23.50925095454009
 20
346.4228725835251
 30
0.0
 10
23.49914820618204
 20
346.4225923607366
 30
0.0
 10
23.48904894429873
 20
346.4222392491091
 30
0.0
 10
23.48465596891044
 20
346.422085652668
 30
0.0
 10
23.48026365318876
 20
346.4219182651136
 30
0.0
 10
23.47587104219376
 20
346.4217313390427
 30
0.0
 10
23.4719734478547
 20
346.4215654782372
 30
0.0
 10
23.46807562104283
 20
346.4213842344915
 30
0.0
 10
23.46418247220348
 20
346.4211808433388
 30
0.0
 10
23.4608208574934
 20
346.4210052213124
 30
0.0
 10
23.45746273058251
 20
346.4208130866377
 30
0.0
 10
23.45409567772396
 20
346.4205930010352
 30
0.0
 10
23.45129292778928
 20
346.4204098007908
 30
0.0
 10
23.44848399308995
 20
346.4202072334258
 30
0.0
 10
23.44570799473347
 20
346.4199733651585
 30
0.0
 10
23.44351625331109
 20
346.4197887185187
 30
0.0
 10
23.44134504314829
 20
346.419584560091
 30
0.0
 10
23.43909899525918
 20
346.4193283989835
 30
0.0
 10
23.43747126666841
 20
346.4191427570114
 30
0.0
 10
23.43580423319073
 20
346.4189298031544
 30
0.0
 10
23.43433273048622
 20
346.4186640160948
 30
0.0
 10
23.4334284786812
 20
346.4185006875274
 30
0.0
 10
23.43259806348783
 20
346.4183174080107
 30
0.0
 10
23.43145462103406
 20
346.4179845297193
 30
0.0
 10
23.43099819089578
 20
346.417851654047
 30
0.0
 10
23.43049188354718
 20
346.4176949415706
 30
0.0
 10
23.43049188354718
 20
346.417301460371
 30
0.0
  0
SPLINE
  5
5BE
330
70
100
AcDbEntity
  8
0
 62
     7
370
    25
100
AcDbSpline
210
0.0
220
0.0
230
1.0
 70
     8
 71
     3
 72
    35
 73
    31
 74
     0
 42
0.0000000001
 43
0.0000000001
 40
0.0
 40
0.0
 40
0.0
 40
0.0
 40
1.0
 40
1.0
 40
1.0
 40
2.0
 40
2.0
 40
2.0
 40
3.0
 40
3.0
 40
3.0
 40
4.0
 40
4.0
 40
4.0
 40
5.0
 40
5.0
 40
5.0
 40
6.0
 40
6.0
 40
6.0
 40
7.0
 40
7.0
 40
7.0
 40
8.0
 40
8.0
 40
8.0
 40
9.0
 40
9.0
 40
9.0
 40
10.0
 40
10.0
 40
10.0
 40
10.0
 10
23.63049188354719
 20
362.0603149912709
 30
0.0
 10
23.61748513524702
 20
362.0603149912709
 30
0.0
 10
23.60447825140205
 20
362.0602273405647
 30
0.0
 10
23.5914725594784
 20
362.0600469083982
 30
0.0
 10
23.57896514737928
 20
362.059873389029
 30
0.0
 10
23.56645883762028
 20
362.0596140613798
 30
0.0
 10
23.55395567465776
 20
362.0592529930526
 30
0.0
 10
23.54242658602579
 20
362.0589200541983
 30
0.0
 10
23.53090017297915
 20
362.0585006096297
 30
0.0
 10
23.51937787020286
 20
362.0579637621149
 30
0.0
 10
23.50926909470392
 20
362.0574927737101
 30
0.0
 10
23.49916348285761
 20
362.0569314208712
 30
0.0
 10
23.48907052729535
 20
362.0562287517299
 30
0.0
 10
23.48077123985937
 20
362.0556509573328
 30
0.0
 10
23.47248051000501
 20
362.0549776115127
 30
0.0
 10
23.46419813437076
 20
362.0541146183538
 30
0.0
 10
23.45801387491698
 20
362.053470241204
 30
0.0
 10
23.45183427316253
 20
362.0527201306271
 30
0.0
 10
23.4457162516656
 20
362.0517025926288
 30
0.0
 10
23.44350493203889
 20
362.051334810046
 30
0.0
 10
23.44130165734683
 20
362.0509320903528
 30
0.0
 10
23.43910391509705
 20
362.0504135736001
 30
0.0
 10
23.43748896196668
 20
362.0500325551923
 30
0.0
 10
23.43587699616608
 20
362.0495890103214
 30
0.0
 10
23.43433500929105
 20
362.0490855470541
 30
0.0
 10
23.43334368869113
 20
362.0487618779512
 30
0.0
 10
23.43238129048144
 20
362.0484134444901
 30
0.0
 10
23.43145520505206
 20
362.047730873303
 30
0.0
 10
23.43096853005563
 20
362.0473721695386
 30
0.0
 10
23.43049188354718
 20
362.0469211870709
 30
0.0
 10
23.43049188354718
 20
362.046363696571
 30
0.0
  0
SPLINE
  5
5BF
330
70
100
AcDbEntity
  8
0
 62
     7
370
    25
100
AcDbSpline
210
0.0
220
0.0
230
1.0
 70
     8
 71
     3
 72
    11
 73
     7
 74
     0
 42
0.0000000001
 43
0.0000000001
 40
0.0
 40
0.0
 40
0.0
 40
0.0
 40
1.0
 40
1.0
 40
1.0
 40
2.0
 40
2.0
 40
2.0
 40
2.0
 10
23.93049188354752
 20
315.7022228148705
 30
0.0
 10
23.93049188354752
 20
315.691317570771
 30
0.0
 10
23.93029276172387
 20
315.6804142858157
 30
0.0
 10
23.92987770640814
 20
315.6695128482383
 30
0.0
 10
23.92867875974677
 20
315.6380224861067
 30
0.0
 10
23.92567800814726
 20
315.6065475389709
 30
0.0
 10
23.92049188354748
 20
315.5754760142707
 30
0.0
  0
SPLINE
  5
5C0
330
70
100
AcDbEntity
  8
0
 62
     7
370
    25
100
AcDbSpline
210
0.0
220
0.0
230
1.0
 70
     8
 71
     3
 72
    11
 73
     7
 74
     0
 42
0.0000000001
 43
0.0000000001
 40
0.0
 40
0.0
 40
0.0
 40
0.0
 40
1.0
 40
1.0
 40
1.0
 40
2.0
 40
2.0
 40
2.0
 40
2.0
 10
23.92049188354748
 20
327.2800793680711
 30
0.0
 10
23.92219109094742
 20
327.2698989409708
 30
0.0
 10
23.92365549335153
 20
327.2596797222317
 30
0.0
 10
23.92489876959836
 20
327.2494307960139
 30
0.0
 10
23.92876389328711
 20
327.2175687158126
 30
0.0
 10
23.93049188354752
 20
327.1854195196711
 30
0.0
 10
23.93049188354752
 20
327.1533325675708
 30
0.0
  0
SPLINE
  5
5C1
330
70
100
AcDbEntity
  8
0
 62
     3
370
    25
100
AcDbSpline
210
0.0
220
0.0
230
1.0
 70
     8
 71
     3
 72
    17
 73
    13
 74
     0
 42
0.0000000001
 43
0.0000000001
 40
0.0
 40
0.0
 40
0.0
 40
0.0
 40
1.0
 40
1.0
 40
1.0
 40
2.0
 40
2.0
 40
2.0
 40
3.0
 40
3.0
 40
3.0
 40
4.0
 40
4.0
 40
4.0
 40
4.0
 10
90.60683726764755
 20
315.690245796871
 30
0.0
 10
90.57565626684729
 20
315.9028718212706
 30
0.0
 10
90.54447939397567
 20
316.1154982590399
 30
0.0
 10
90.51275092161887
 20
316.3280439535805
 30
0.0
 10
90.48212494896274
 20
316.5332041187462
 30
0.0
 10
90.45098504472377
 20
316.7382890545181
 30
0.0
 10
90.41866457556775
 20
316.9431887684492
 30
0.0
 10
90.38862551597919
 20
317.1336251970421
 30
0.0
 10
90.35756667466465
 20
317.32390162948
 30
0.0
 10
90.32457822954933
 20
317.5138569368873
 30
0.0
 10
90.29522651180093
 20
317.6828711037612
 30
0.0
 10
90.26434718754707
 20
317.8516310460707
 30
0.0
 10
90.23049188354697
 20
318.0197939534709
 30
0.0
  0
SPLINE
  5
5C2
330
70
100
AcDbEntity
  8
0
 62
     3
370
    25
100
AcDbSpline
210
0.0
220
0.0
230
1.0
 70
     8
 71
     3
 72
    29
 73
    25
 74
     0
 42
0.0000000001
 43
0.0000000001
 40
0.0
 40
0.0
 40
0.0
 40
0.0
 40
1.0
 40
1.0
 40
1.0
 40
2.0
 40
2.0
 40
2.0
 40
3.0
 40
3.0
 40
3.0
 40
4.0
 40
4.0
 40
4.0
 40
5.0
 40
5.0
 40
5.0
 40
6.0
 40
6.0
 40
6.0
 40
7.0
 40
7.0
 40
7.0
 40
8.0
 40
8.0
 40
8.0
 40
8.0
 10
90.5024138903475
 20
312.290257701271
 30
0.0
 10
90.51209732894699
 20
312.2902659963707
 30
0.0
 10
90.52183971606728
 20
312.2923213643714
 30
0.0
 10
90.53092363945465
 20
312.295835844474
 30
0.0
 10
90.54124762917227
 20
312.2998300939737
 30
0.0
 10
90.55072110764429
 20
312.30570902017
 30
0.0
 10
90.55943338862467
 20
312.3124867842379
 30
0.0
 10
90.56991754588672
 20
312.3206429886278
 30
0.0
 10
90.57929940099773
 20
312.3301008143841
 30
0.0
 10
90.58794313775043
 20
312.3401585528197
 30
0.0
 10
90.59838997103831
 20
312.3523143506749
 30
0.0
 10
90.60775862184273
 20
312.3653464515435
 30
0.0
 10
90.61645288692238
 20
312.3787977107444
 30
0.0
 10
90.62679409195252
 20
312.3947970192596
 30
0.0
 10
90.63618121671979
 20
312.4113893277107
 30
0.0
 10
90.64496263605262
 20
312.4282879858538
 30
0.0
 10
90.65519557913303
 20
312.4479799058435
 30
0.0
 10
90.664606027426
 20
312.4680878218117
 30
0.0
 10
90.67347238522456
 20
312.4884280739745
 30
0.0
 10
90.68361329296742
 20
312.5116922626459
 30
0.0
 10
90.69304243953425
 20
312.535260385839
 30
0.0
 10
90.70198213436702
 20
312.5590106313767
 30
0.0
 10
90.71204640735993
 20
312.5857485636222
 30
0.0
 10
90.72149034104755
 20
312.6127173207708
 30
0.0
 10
90.73049188354731
 20
312.6398283143707
 30
0.0
  0
SPLINE
  5
5C3
330
70
100
AcDbEntity
  8
0
 62
     3
370
    25
100
AcDbSpline
210
0.0
220
0.0
230
1.0
 70
     8
 71
     3
 72
    44
 73
    40
 74
     0
 42
0.0000000001
 43
0.0000000001
 40
0.0
 40
0.0
 40
0.0
 40
0.0
 40
1.0
 40
1.0
 40
1.0
 40
2.0
 40
2.0
 40
2.0
 40
3.0
 40
3.0
 40
3.0
 40
4.0
 40
4.0
 40
4.0
 40
5.0
 40
5.0
 40
5.0
 40
6.0
 40
6.0
 40
6.0
 40
7.0
 40
7.0
 40
7.0
 40
8.0
 40
8.0
 40
8.0
 40
9.0
 40
9.0
 40
9.0
 40
10.0
 40
10.0
 40
10.0
 40
11.0
 40
11.0
 40
11.0
 40
12.0
 40
12.0
 40
12.0
 40
13.0
 40
13.0
 40
13.0
 40
13.0
 10
90.73830871364746
 20
312.6604488230705
 30
0.0
 10
90.7413913795475
 20
312.6697479723709
 30
0.0
 10
90.74599747649626
 20
312.6785662948997
 30
0.0
 10
90.751439093584
 20
312.6867430466071
 30
0.0
 10
90.75488081955443
 20
312.6919146965505
 30
0.0
 10
90.75865678177017
 20
312.6968296965195
 30
0.0
 10
90.76261862616716
 20
312.701594458054
 30
0.0
 10
90.76735978203444
 20
312.7072964682384
 30
0.0
 10
90.77236713995329
 20
312.7127833218159
 30
0.0
 10
90.77760932613019
 20
312.7180302789205
 30
0.0
 10
90.78303742741008
 20
312.7234633203301
 30
0.0
 10
90.78871730876544
 20
312.7286391475848
 30
0.0
 10
90.79454556740151
 20
312.7336425771594
 30
0.0
 10
90.80036435607544
 20
312.7386378769835
 30
0.0
 10
90.80633104024437
 20
312.7434613389086
 30
0.0
 10
90.81247952114512
 20
312.7480380839279
 30
0.0
 10
90.82089863508397
 20
312.7543050201696
 30
0.0
 10
90.82965861463264
 20
312.7601093666385
 30
0.0
 10
90.8385182316241
 20
312.7657463738807
 30
0.0
 10
90.84838532561551
 20
312.7720243969991
 30
0.0
 10
90.85837600615622
 20
312.778094858812
 30
0.0
 10
90.86846513815155
 20
312.7839980520761
 30
0.0
 10
90.88000582016691
 20
312.7907505533192
 30
0.0
 10
90.89167532045699
 20
312.7972841929308
 30
0.0
 10
90.90336431947314
 20
312.8037807913791
 30
0.0
 10
90.91792381594059
 20
312.8118727761616
 30
0.0
 10
90.93251356372553
 20
312.8199072933934
 30
0.0
 10
90.94719552342052
 20
312.8277722609956
 30
0.0
 10
90.96079549297668
 20
312.835057618139
 30
0.0
 10
90.9744745840924
 20
312.8421974948237
 30
0.0
 10
90.98823640625679
 20
312.8491725323603
 30
0.0
 10
90.99878326487335
 20
312.8545180988032
 30
0.0
 10
91.00937871528017
 20
312.8597668475528
 30
0.0
 10
91.01997162565675
 20
312.8650206642585
 30
0.0
 10
91.0423505241817
 20
312.8761200341889
 30
0.0
 10
91.0647180860343
 20
312.8872420234413
 30
0.0
 10
91.0871378442072
 20
312.8982575961073
 30
0.0
 10
91.13479155680137
 20
312.9216714496304
 30
0.0
 10
91.18268108444743
 20
312.9446045291708
 30
0.0
 10
91.230491883547
 20
312.967696996271
 30
0.0
  0
SPLINE
  5
5C4
330
70
100
AcDbEntity
  8
0
 62
     3
370
    25
100
AcDbSpline
210
0.0
220
0.0
230
1.0
 70
     8
 71
     3
 72
    35
 73
    31
 74
     0
 42
0.0000000001
 43
0.0000000001
 40
0.0
 40
0.0
 40
0.0
 40
0.0
 40
1.0
 40
1.0
 40
1.0
 40
2.0
 40
2.0
 40
2.0
 40
3.0
 40
3.0
 40
3.0
 40
4.0
 40
4.0
 40
4.0
 40
5.0
 40
5.0
 40
5.0
 40
6.0
 40
6.0
 40
6.0
 40
7.0
 40
7.0
 40
7.0
 40
8.0
 40
8.0
 40
8.0
 40
9.0
 40
9.0
 40
9.0
 40
10.0
 40
10.0
 40
10.0
 40
10.0
 10
91.230491883547
 20
312.967696996271
 30
0.0
 10
91.28201413794702
 20
312.967696996271
 30
0.0
 10
91.33355069647057
 20
312.9692761818574
 30
0.0
 10
91.38498558333587
 20
312.9724489403209
 30
0.0
 10
91.43526300292657
 20
312.975550300472
 30
0.0
 10
91.48544327531595
 20
312.9801743184233
 30
0.0
 10
91.53543242104809
 20
312.9863583864095
 30
0.0
 10
91.58313767596469
 20
312.9922599183391
 30
0.0
 10
91.63066886955867
 20
312.9995822064
 30
0.0
 10
91.67792837977977
 20
313.0083670514514
 30
0.0
 10
91.72180802312288
 20
313.0165236291619
 30
0.0
 10
91.76545345356972
 20
313.0259410485126
 30
0.0
 10
91.80878729775809
 20
313.0366185185696
 30
0.0
 10
91.84768022629263
 20
313.0462017458979
 30
0.0
 10
91.88632215978065
 20
313.0567999938783
 30
0.0
 10
91.92468441905443
 20
313.0683186645001
 30
0.0
 10
91.95751728371787
 20
313.0781770764074
 30
0.0
 10
91.99014528627868
 20
313.0887097003387
 30
0.0
 10
92.02274396924847
 20
313.0992943990511
 30
0.0
 10
92.03658455515078
 20
313.1037883975331
 30
0.0
 10
92.0504198557888
 20
313.1082917832205
 30
0.0
 10
92.06432668960264
 20
313.1126060246662
 30
0.0
 10
92.07635067796335
 20
313.1163361612034
 30
0.0
 10
92.0884281409897
 20
313.1199249028603
 30
0.0
 10
92.10061549530186
 20
313.1230076900562
 30
0.0
 10
92.11072485512554
 20
313.1255648492413
 30
0.0
 10
92.12090982711769
 20
313.1277738796978
 30
0.0
 10
92.13138211481615
 20
313.1288347821759
 30
0.0
 10
92.13975834408968
 20
313.1296833419794
 30
0.0
 10
92.14831838514745
 20
313.1297973806707
 30
0.0
 10
92.15640312864698
 20
313.127714700071
 30
0.0
  0
SPLINE
  5
5C5
330
70
100
AcDbEntity
  8
0
 62
     3
370
    25
100
AcDbSpline
210
0.0
220
0.0
230
1.0
 70
     8
 71
     3
 72
    11
 73
     7
 74
     0
 42
0.0000000001
 43
0.0000000001
 40
0.0
 40
0.0
 40
0.0
 40
0.0
 40
1.0
 40
1.0
 40
1.0
 40
2.0
 40
2.0
 40
2.0
 40
2.0
 10
92.19235438634735
 20
312.8420177645707
 30
0.0
 10
92.20469358214737
 20
312.8693239651707
 30
0.0
 10
92.21441683257985
 20
312.897920349297
 30
0.0
 10
92.2209118040593
 20
312.9272552739266
 30
0.0
 10
92.22722867190553
 20
312.9557857829127
 30
0.0
 10
92.23049188354705
 20
312.9850148835708
 30
0.0
 10
92.23049188354705
 20
313.0141579161707
 30
0.0
  0
SPLINE
  5
5C6
330
70
100
AcDbEntity
  8
0
 62
     3
370
    25
100
AcDbSpline
210
0.0
220
0.0
230
1.0
 70
     8
 71
     3
 72
    47
 73
    43
 74
     0
 42
0.0000000001
 43
0.0000000001
 40
0.0
 40
0.0
 40
0.0
 40
0.0
 40
1.0
 40
1.0
 40
1.0
 40
2.0
 40
2.0
 40
2.0
 40
3.0
 40
3.0
 40
3.0
 40
4.0
 40
4.0
 40
4.0
 40
5.0
 40
5.0
 40
5.0
 40
6.0
 40
6.0
 40
6.0
 40
7.0
 40
7.0
 40
7.0
 40
8.0
 40
8.0
 40
8.0
 40
9.0
 40
9.0
 40
9.0
 40
10.0
 40
10.0
 40
10.0
 40
11.0
 40
11.0
 40
11.0
 40
12.0
 40
12.0
 40
12.0
 40
13.0
 40
13.0
 40
13.0
 40
14.0
 40
14.0
 40
14.0
 40
14.0
 10
91.230491883547
 20
314.1334159384705
 30
0.0
 10
91.19794980964746
 20
314.1748821401707
 30
0.0
 10
91.16465926822666
 20
314.2157691823404
 30
0.0
 10
91.1306663946291
 20
314.256056730537
 30
0.0
 10
91.11084947419938
 20
314.2795432749925
 30
0.0
 10
91.09079386106841
 20
314.3028260770595
 30
0.0
 10
91.0706131661017
 20
314.325999879821
 30
0.0
 10
91.05860001725892
 20
314.3397947636091
 30
0.0
 10
91.04654254474523
 20
314.3535510226888
 30
0.0
 10
91.03442675883622
 20
314.3672555079775
 30
0.0
 10
91.02219957629115
 20
314.3810859969424
 30
0.0
 10
91.00991300311648
 20
314.3948637556883
 30
0.0
 10
90.99768719817411
 20
314.4086960603189
 30
0.0
 10
90.97970967728105
 20
314.4290358699816
 30
0.0
 10
90.96186355212969
 20
314.4494936211511
 30
0.0
 10
90.94398353925184
 20
314.4699150691362
 30
0.0
 10
90.92562326891913
 20
314.4908850375684
 30
0.0
 10
90.90722726596176
 20
314.5118167264171
 30
0.0
 10
90.88914239297888
 20
314.5330446701241
 30
0.0
 10
90.86481614755857
 20
314.5615987091205
 30
0.0
 10
90.8410528408247
 20
314.5906887727207
 30
0.0
 10
90.81949724746008
 20
314.6213739180701
 30
0.0
 10
90.81329121500322
 20
314.6302084235634
 30
0.0
 10
90.80726818242734
 20
314.6391751472037
 30
0.0
 10
90.80157645478408
 20
314.6483484533085
 30
0.0
 10
90.79699628831725
 20
314.6557302662912
 30
0.0
 10
90.79263065885204
 20
314.6632458520561
 30
0.0
 10
90.7884813115403
 20
314.6708796873115
 30
0.0
 10
90.78123604752633
 20
314.6842092901899
 30
0.0
 10
90.77465021478756
 20
314.6978994286526
 30
0.0
 10
90.7685884714046
 20
314.7118055926314
 30
0.0
 10
90.7653387980137
 20
314.7192606246591
 30
0.0
 10
90.76223974706087
 20
314.7267777420718
 30
0.0
 10
90.7592667213415
 20
314.7343490582151
 30
0.0
 10
90.75518317388262
 20
314.744748507031
 30
0.0
 10
90.75133738456345
 20
314.7552502067116
 30
0.0
 10
90.74805902159267
 20
314.765926003892
 30
0.0
 10
90.74550077336478
 20
314.7742567895495
 30
0.0
 10
90.74328805118289
 20
314.7826935893549
 30
0.0
 10
90.74145713115232
 20
314.7912257408113
 30
0.0
 10
90.74005688189739
 20
314.7977509513717
 30
0.0
 10
90.73887994374711
 20
314.8043319318705
 30
0.0
 10
90.73830871364746
 20
314.8109729496711
 30
0.0
  0
SPLINE
  5
5C7
330
70
100
AcDbEntity
  8
0
 62
     3
370
    25
100
AcDbSpline
210
0.0
220
0.0
230
1.0
 70
     8
 71
     3
 72
    20
 73
    16
 74
     0
 42
0.0000000001
 43
0.0000000001
 40
0.0
 40
0.0
 40
0.0
 40
0.0
 40
1.0
 40
1.0
 40
1.0
 40
2.0
 40
2.0
 40
2.0
 40
3.0
 40
3.0
 40
3.0
 40
4.0
 40
4.0
 40
4.0
 40
5.0
 40
5.0
 40
5.0
 40
5.0
 10
92.15640312864698
 20
313.127714700071
 30
0.0
 10
92.1618721572471
 20
313.1263058440707
 30
0.0
 10
92.16717422764274
 20
313.1236709543069
 30
0.0
 10
92.17146493853654
 20
313.1199559483805
 30
0.0
 10
92.17646928682723
 20
313.1156230571611
 30
0.0
 10
92.18009787692091
 20
313.1098208776611
 30
0.0
 10
92.1827561202804
 20
313.1037388701488
 30
0.0
 10
92.18447948103838
 20
313.0997958552853
 30
0.0
 10
92.18579500174527
 20
313.095735227751
 30
0.0
 10
92.18687335165894
 20
313.0916074918419
 30
0.0
 10
92.18817999026612
 20
313.0866059065193
 30
0.0
 10
92.1891384096331
 20
313.0815057912424
 30
0.0
 10
92.18988689584451
 20
313.0763796919068
 30
0.0
 10
92.19182289261945
 20
313.0631207812755
 30
0.0
 10
92.19235438634735
 20
313.049688031071
 30
0.0
 10
92.19235438634735
 20
313.0363042549708
 30
0.0
  0
SPLINE
  5
5C8
330
70
100
AcDbEntity
  8
0
 62
     3
370
    25
100
AcDbSpline
210
0.0
220
0.0
230
1.0
 70
     8
 71
     3
 72
    11
 73
     7
 74
     0
 42
0.0000000001
 43
0.0000000001
 40
0.0
 40
0.0
 40
0.0
 40
0.0
 40
1.0
 40
1.0
 40
1.0
 40
2.0
 40
2.0
 40
2.0
 40
2.0
 10
92.23049188354705
 20
315.3455958005711
 30
0.0
 10
92.23049188354705
 20
315.3164527679706
 30
0.0
 10
92.22722867190553
 20
315.2872236673131
 30
0.0
 10
92.2209118040593
 20
315.2586931583263
 30
0.0
 10
92.21441683257985
 20
315.2293582336974
 30
0.0
 10
92.20469358214737
 20
315.200761849571
 30
0.0
 10
92.19235438634735
 20
315.1734556489711
 30
0.0
  0
SPLINE
  5
5C9
330
70
100
AcDbEntity
  8
0
 62
     3
370
    25
100
AcDbSpline
210
0.0
220
0.0
230
1.0
 70
     8
 71
     3
 72
    35
 73
    31
 74
     0
 42
0.0000000001
 43
0.0000000001
 40
0.0
 40
0.0
 40
0.0
 40
0.0
 40
1.0
 40
1.0
 40
1.0
 40
2.0
 40
2.0
 40
2.0
 40
3.0
 40
3.0
 40
3.0
 40
4.0
 40
4.0
 40
4.0
 40
5.0
 40
5.0
 40
5.0
 40
6.0
 40
6.0
 40
6.0
 40
7.0
 40
7.0
 40
7.0
 40
8.0
 40
8.0
 40
8.0
 40
9.0
 40
9.0
 40
9.0
 40
10.0
 40
10.0
 40
10.0
 40
10.0
 10
92.19235438634735
 20
314.979169158571
 30
0.0
 10
92.19235438634735
 20
314.966191820971
 30
0.0
 10
92.19178617207598
 20
314.9532133170309
 30
0.0
 10
92.19085007251022
 20
314.940266219568
 30
0.0
 10
92.18980860004442
 20
314.925861720284
 30
0.0
 10
92.18831175809251
 20
314.9114960960293
 30
0.0
 10
92.18645110119583
 20
314.89717574578
 30
0.0
 10
92.18251579020707
 20
314.8668880383709
 30
0.0
 10
92.17695303520246
 20
314.8368028540054
 30
0.0
 10
92.169906008285
 20
314.8070716501117
 30
0.0
 10
92.1628536956104
 20
314.777318145759
 30
0.0
 10
92.15431488357458
 20
314.7479191530977
 30
0.0
 10
92.14424349792599
 20
314.7190573425498
 30
0.0
 10
92.13438820918581
 20
314.6908148060771
 30
0.0
 10
92.1230654086619
 20
314.6630866469076
 30
0.0
 10
92.11023131434851
 20
314.6360426691026
 30
0.0
 10
92.0852588419288
 20
314.5834207252927
 30
0.0
 10
92.05456445283356
 20
314.5333891638342
 30
0.0
 10
92.01880872227752
 20
314.487336640098
 30
0.0
 10
91.98340468741564
 20
314.4417370919839
 30
0.0
 10
91.94303838878616
 20
314.4000386904089
 30
0.0
 10
91.89890265938863
 20
314.3628472156964
 30
0.0
 10
91.85422343473742
 20
314.3251977585237
 30
0.0
 10
91.80568137283851
 20
314.2921669098435
 30
0.0
 10
91.75460773043011
 20
314.2638807639546
 30
0.0
 10
91.70244461735462
 20
314.2349912358743
 30
0.0
 10
91.64764076767967
 20
314.2110509915585
 30
0.0
 10
91.59105027129349
 20
314.1918779196899
 30
0.0
 10
91.47538108277036
 20
314.1526887659251
 30
0.0
 10
91.35224762914706
 20
314.1334159384705
 30
0.0
 10
91.230491883547
 20
314.1334159384705
 30
0.0
  0
LINE
  5
5CB
330
70
100
AcDbEntity
  8
03_AXES
 62
     7
370
    25
100
AcDbLine
 10
88.7804918835474
 20
277.9277776911706
 30
0.0
 11
89.08049188354709
 21
278.1727266654706
 31
0.0
  0
LINE
  5
5CC
330
70
100
AcDbEntity
  8
03_AXES
 62
     7
370
    25
100
AcDbLine
 10
71.38049188354742
 20
277.9277776911706
 30
0.0
 11
71.68049188354712
 21
278.1727266654706
 31
0.0
  0
LINE
  5
5CD
330
70
100
AcDbEntity
  8
03_AXES
 62
     7
370
    25
100
AcDbLine
 10
88.7804918835474
 20
277.427777691171
 30
0.0
 11
89.08049188354709
 21
277.6009827719708
 31
0.0
  0
LINE
  5
5CE
330
70
100
AcDbEntity
  8
03_AXES
 62
     7
370
    25
100
AcDbLine
 10
93.03049188354707
 20
279.2277776911711
 30
0.0
 11
93.03049188354707
 21
363.6277776911708
 31
0.0
  0
LINE
  5
5CF
330
70
100
AcDbEntity
  8
03_AXES
 62
     7
370
    25
100
AcDbLine
 10
92.83049188354707
 20
279.027777691171
 30
0.0
 11
92.83049188354707
 21
314.9727946849708
 31
0.0
  0
LINE
  5
5D0
330
70
100
AcDbEntity
  8
03_AXES
 62
     7
370
    25
100
AcDbLine
 10
92.83049188354707
 20
327.8827606973711
 30
0.0
 11
92.83049188354707
 21
363.8277776911708
 31
0.0
  0
LINE
  5
5D1
330
70
100
AcDbEntity
  8
03_AXES
 62
     7
370
    25
100
AcDbLine
 10
92.54049188354739
 20
278.9277776911707
 30
0.0
 11
92.54049188354739
 21
315.6883489307706
 31
0.0
  0
LINE
  5
5D2
330
70
100
AcDbEntity
  8
03_AXES
 62
     7
370
    25
100
AcDbLine
 10
92.54049188354739
 20
327.1672064515706
 30
0.0
 11
92.54049188354739
 21
363.9277776911705
 31
0.0
  0
LINE
  5
5D3
330
70
100
AcDbEntity
  8
03_AXES
 62
     7
370
    25
100
AcDbLine
 10
92.53049188354736
 20
327.1533325675708
 30
0.0
 11
92.53049188354736
 21
315.7022228148705
 31
0.0
  0
LINE
  5
5D4
330
70
100
AcDbEntity
  8
03_AXES
 62
     7
370
    25
100
AcDbLine
 10
53.98049188354746
 20
277.9277776911706
 30
0.0
 11
54.28049188354714
 21
278.1727266654706
 31
0.0
  0
LINE
  5
5D5
330
70
100
AcDbEntity
  8
03_AXES
 62
     7
370
    25
100
AcDbLine
 10
71.38049188354742
 20
277.427777691171
 30
0.0
 11
71.68049188354712
 21
277.6009827719708
 31
0.0
  0
LINE
  5
5D6
330
70
100
AcDbEntity
  8
03_AXES
 62
     7
370
    25
100
AcDbLine
 10
53.98049188354746
 20
277.427777691171
 30
0.0
 11
54.28049188354714
 21
277.6009827719708
 31
0.0
  0
LINE
  5
5D7
330
70
100
AcDbEntity
  8
03_AXES
 62
     7
370
    25
100
AcDbLine
 10
83.28748627954697
 20
278.6204873041711
 30
0.0
 11
83.28795620734712
 21
278.6011525122706
 31
0.0
  0
LINE
  5
5D8
330
70
100
AcDbEntity
  8
03_AXES
 62
     7
370
    25
100
AcDbLine
 10
89.58049188354742
 20
319.7081641922711
 30
0.0
 11
89.58049188354742
 21
326.9971024242706
 31
0.0
  0
LINE
  5
5D9
330
70
100
AcDbEntity
  8
03_AXES
 62
     7
370
    25
100
AcDbLine
 10
89.08049188354709
 20
277.6009827719708
 30
0.0
 11
89.08049188354709
 21
278.9277776911707
 31
0.0
  0
LINE
  5
5DA
330
70
100
AcDbEntity
  8
03_AXES
 62
     7
370
    25
100
AcDbLine
 10
89.08049188354709
 20
363.9277776911705
 30
0.0
 11
89.08049188354709
 21
365.2545726104711
 31
0.0
  0
LINE
  5
5DB
330
70
100
AcDbEntity
  8
03_AXES
 62
     7
370
    25
100
AcDbLine
 10
88.7804918835474
 20
277.427777691171
 30
0.0
 11
88.7804918835474
 21
277.9277776911706
 31
0.0
  0
LINE
  5
5DC
330
70
100
AcDbEntity
  8
03_AXES
 62
     7
370
    25
100
AcDbLine
 10
88.38049188354739
 20
365.4277776911709
 30
0.0
 11
88.38049188354739
 21
364.9277776911706
 31
0.0
  0
LINE
  5
5DD
330
70
100
AcDbEntity
  8
03_AXES
 62
     7
370
    25
100
AcDbLine
 10
88.38049188354739
 20
277.9277776911706
 30
0.0
 11
88.38049188354739
 21
277.427777691171
 31
0.0
  0
LINE
  5
5DE
330
70
100
AcDbEntity
  8
03_AXES
 62
     7
370
    25
100
AcDbLine
 10
88.08049188354706
 20
278.9277776911707
 30
0.0
 11
88.08049188354706
 21
277.7277776911707
 31
0.0
  0
LINE
  5
5DF
330
70
100
AcDbEntity
  8
03_AXES
 62
     7
370
    25
100
AcDbLine
 10
88.08049188354706
 20
363.9277776911705
 30
0.0
 11
88.08049188354706
 21
365.4277776911709
 31
0.0
  0
LINE
  5
5E0
330
70
100
AcDbEntity
  8
03_AXES
 62
     7
370
    25
100
AcDbLine
 10
87.63049188354752
 20
325.5428010870708
 30
0.0
 11
87.63049188354752
 21
325.7368620790709
 31
0.0
  0
LINE
  5
5E1
330
70
100
AcDbEntity
  8
03_AXES
 62
     7
370
    25
100
AcDbLine
 10
87.53049188354721
 20
325.7379499450707
 30
0.0
 11
87.53049188354721
 21
325.3369779038706
 31
0.0
  0
LINE
  5
5E2
330
70
100
AcDbEntity
  8
03_AXES
 62
     7
370
    25
100
AcDbLine
 10
84.84549188354746
 20
358.4507121262707
 30
0.0
 11
84.84549188354746
 21
357.0633948283709
 31
0.0
  0
LINE
  5
5E3
330
70
100
AcDbEntity
  8
03_AXES
 62
     7
370
    25
100
AcDbLine
 10
84.84549188354746
 20
354.792080554071
 30
0.0
 11
84.84549188354746
 21
353.4047632561705
 31
0.0
  0
LINE
  5
5E4
330
70
100
AcDbEntity
  8
03_AXES
 62
     7
370
    25
100
AcDbLine
 10
84.84549188354746
 20
285.8927776911709
 30
0.0
 11
84.84549188354746
 21
284.5048032561706
 31
0.0
  0
LINE
  5
5E5
330
70
100
AcDbEntity
  8
03_AXES
 62
     7
370
    25
100
AcDbLine
 10
84.84549188354746
 20
288.169928206171
 30
0.0
 11
84.84549188354746
 21
289.5507521262708
 31
0.0
  0
LINE
  5
5E6
330
70
100
AcDbEntity
  8
03_AXES
 62
     7
370
    25
100
AcDbLine
 10
84.72049188354707
 20
319.7099694403706
 30
0.0
 11
84.72049188354707
 21
319.5552013984707
 31
0.0
  0
LINE
  5
5E7
330
70
100
AcDbEntity
  8
03_AXES
 62
     7
370
    25
100
AcDbLine
 10
84.33049188354708
 20
278.9277776911707
 30
0.0
 11
84.33049188354708
 21
283.177777691171
 31
0.0
  0
LINE
  5
5E8
330
70
100
AcDbEntity
  8
03_AXES
 62
     7
370
    25
100
AcDbLine
 10
84.33049188354708
 20
290.677777691171
 30
0.0
 11
84.33049188354708
 21
312.2902457968708
 31
0.0
  0
LINE
  5
5E9
330
70
100
AcDbEntity
  8
03_AXES
 62
     7
370
    25
100
AcDbLine
 10
84.33049188354708
 20
325.7727616561711
 30
0.0
 11
84.33049188354708
 21
352.1544837095707
 31
0.0
  0
LINE
  5
5EA
330
70
100
AcDbEntity
  8
03_AXES
 62
     7
370
    25
100
AcDbLine
 10
84.33049188354708
 20
359.6777776911708
 30
0.0
 11
84.33049188354708
 21
365.4277776911709
 31
0.0
  0
LINE
  5
5EB
330
70
100
AcDbEntity
  8
03_AXES
 62
     7
370
    25
100
AcDbLine
 10
84.12049188354705
 20
319.7099694403706
 30
0.0
 11
84.12049188354705
 21
319.5552013984707
 31
0.0
  0
LINE
  5
5EC
330
70
100
AcDbEntity
  8
03_AXES
 62
     7
370
    25
100
AcDbLine
 10
83.81549188354734
 20
354.7855871761709
 30
0.0
 11
83.81549188354734
 21
353.4047632561705
 31
0.0
  0
LINE
  5
5ED
330
70
100
AcDbEntity
  8
03_AXES
 62
     7
370
    25
100
AcDbLine
 10
83.81549188354734
 20
284.5048032561706
 30
0.0
 11
83.81549188354734
 21
285.8921205540712
 31
0.0
  0
LINE
  5
5EE
330
70
100
AcDbEntity
  8
03_AXES
 62
     7
370
    25
100
AcDbLine
 10
83.81549188354734
 20
288.163434828371
 30
0.0
 11
83.81549188354734
 21
289.5507521262708
 31
0.0
  0
LINE
  5
5EF
330
70
100
AcDbEntity
  8
03_AXES
 62
     7
370
    25
100
AcDbLine
 10
83.81549188354734
 20
357.062737691171
 30
0.0
 11
83.81549188354734
 21
358.4507121262707
 31
0.0
  0
LINE
  5
5F0
330
70
100
AcDbEntity
  8
03_AXES
 62
     7
370
    25
100
AcDbLine
 10
83.53529915424712
 20
278.9277776911707
 30
0.0
 11
83.53529915424712
 21
278.6204873983706
 31
0.0
  0
LINE
  5
5F1
330
70
100
AcDbEntity
  8
03_AXES
 62
     7
370
    25
100
AcDbLine
 10
83.28748078804702
 20
278.9277776911707
 30
0.0
 11
83.28748078804702
 21
278.6204873038707
 31
0.0
  0
LINE
  5
5F2
330
70
100
AcDbEntity
  8
03_AXES
 62
     7
370
    25
100
AcDbLine
 10
81.92049188354697
 20
319.7099694403706
 30
0.0
 11
81.92049188354697
 21
319.5552013984707
 31
0.0
  0
LINE
  5
5F3
330
70
100
AcDbEntity
  8
03_AXES
 62
     7
370
    25
100
AcDbLine
 10
81.13049188354697
 20
325.5619344195709
 30
0.0
 11
81.13049188354697
 21
325.3369779038706
 31
0.0
  0
LINE
  5
5F4
330
70
100
AcDbEntity
  8
03_AXES
 62
     7
370
    25
100
AcDbLine
 10
81.02049188354724
 20
319.7099694403706
 30
0.0
 11
81.02049188354724
 21
319.5552013984707
 31
0.0
  0
LINE
  5
5F5
330
70
100
AcDbEntity
  8
03_AXES
 62
     7
370
    25
100
AcDbLine
 10
36.58049188354748
 20
277.9277776911706
 30
0.0
 11
36.88049188354717
 21
278.1727266654706
 31
0.0
  0
LINE
  5
5F6
330
70
100
AcDbEntity
  8
03_AXES
 62
     7
370
    25
100
AcDbLine
 10
36.58049188354748
 20
277.427777691171
 30
0.0
 11
36.88049188354717
 21
277.6009827719708
 31
0.0
  0
LINE
  5
5F7
330
70
100
AcDbEntity
  8
03_AXES
 62
     7
370
    25
100
AcDbLine
 10
88.7804918835474
 20
277.427777691171
 30
0.0
 11
88.38049188354739
 21
277.427777691171
 31
0.0
  0
LINE
  5
5F8
330
70
100
AcDbEntity
  8
03_AXES
 62
     7
370
    25
100
AcDbLine
 10
71.38049188354742
 20
277.427777691171
 30
0.0
 11
70.98049188354742
 21
277.427777691171
 31
0.0
  0
LINE
  5
5F9
330
70
100
AcDbEntity
  8
03_AXES
 62
     7
370
    25
100
AcDbLine
 10
53.98049188354746
 20
277.427777691171
 30
0.0
 11
53.58049188354744
 21
277.427777691171
 31
0.0
  0
LINE
  5
5FA
330
70
100
AcDbEntity
  8
03_AXES
 62
     7
370
    25
100
AcDbLine
 10
36.58049188354748
 20
277.427777691171
 30
0.0
 11
36.18049188354747
 21
277.427777691171
 31
0.0
  0
LINE
  5
5FB
330
70
100
AcDbEntity
  8
03_AXES
 62
     7
370
    25
100
AcDbLine
 10
88.7804918835474
 20
277.9277776911706
 30
0.0
 11
88.38049188354739
 21
277.9277776911706
 31
0.0
  0
LINE
  5
5FC
330
70
100
AcDbEntity
  8
03_AXES
 62
     7
370
    25
100
AcDbLine
 10
71.38049188354742
 20
277.9277776911706
 30
0.0
 11
70.98049188354742
 21
277.9277776911706
 31
0.0
  0
LINE
  5
5FD
330
70
100
AcDbEntity
  8
03_AXES
 62
     7
370
    25
100
AcDbLine
 10
53.98049188354746
 20
277.9277776911706
 30
0.0
 11
53.58049188354744
 21
277.9277776911706
 31
0.0
  0
LINE
  5
5FE
330
70
100
AcDbEntity
  8
03_AXES
 62
     7
370
    25
100
AcDbLine
 10
36.58049188354748
 20
277.9277776911706
 30
0.0
 11
36.18049188354747
 21
277.9277776911706
 31
0.0
  0
LINE
  5
5FF
330
70
100
AcDbEntity
  8
03_AXES
 62
     7
370
    25
100
AcDbLine
 10
83.53529915424712
 20
278.6204873983706
 30
0.0
 11
83.28748078804702
 21
278.6204873038707
 31
0.0
  0
LINE
  5
600
330
70
100
AcDbEntity
  8
03_AXES
 62
     7
370
    25
100
AcDbLine
 10
66.13529915424715
 20
278.6204873983706
 30
0.0
 11
65.88748078804704
 21
278.6204873038707
 31
0.0
  0
LINE
  5
601
330
70
100
AcDbEntity
  8
03_AXES
 62
     7
370
    25
100
AcDbLine
 10
48.73529915424717
 20
278.6204873983706
 30
0.0
 11
48.48748078804707
 21
278.6204873038707
 31
0.0
  0
LINE
  5
602
330
70
100
AcDbEntity
  8
03_AXES
 62
     7
370
    25
100
AcDbLine
 10
31.3352991542472
 20
278.6204873983706
 30
0.0
 11
31.08748078804711
 21
278.6204873038707
 31
0.0
  0
LINE
  5
603
330
70
100
AcDbEntity
  8
03_AXES
 62
     7
370
    25
100
AcDbLine
 10
32.13049188354716
 20
278.9277776911707
 30
0.0
 11
40.34049188354749
 21
278.9277776911707
 31
0.0
  0
LINE
  5
604
330
70
100
AcDbEntity
  8
03_AXES
 62
     7
370
    25
100
AcDbLine
 10
49.53049188354714
 20
278.9277776911707
 30
0.0
 11
57.74049188354746
 21
278.9277776911707
 31
0.0
  0
LINE
  5
605
330
70
100
AcDbEntity
  8
03_AXES
 62
     7
370
    25
100
AcDbLine
 10
66.9304918835471
 20
278.9277776911707
 30
0.0
 11
75.14049188354743
 21
278.9277776911707
 31
0.0
  0
LINE
  5
606
330
70
100
AcDbEntity
  8
03_AXES
 62
     7
370
    25
100
AcDbLine
 10
84.33049188354708
 20
278.9277776911707
 30
0.0
 11
92.54049188354739
 21
278.9277776911707
 31
0.0
  0
LINE
  5
607
330
70
100
AcDbEntity
  8
03_AXES
 62
     7
370
    25
100
AcDbLine
 10
92.83049188354707
 20
279.027777691171
 30
0.0
 11
92.54049188354739
 21
279.027777691171
 31
0.0
  0
LINE
  5
608
330
70
100
AcDbEntity
  8
03_AXES
 62
     7
370
    25
100
AcDbLine
 10
75.43049188354709
 20
279.027777691171
 30
0.0
 11
75.14049188354743
 21
279.027777691171
 31
0.0
  0
LINE
  5
609
330
70
100
AcDbEntity
  8
03_AXES
 62
     7
370
    25
100
AcDbLine
 10
58.03049188354711
 20
279.027777691171
 30
0.0
 11
57.74049188354746
 21
279.027777691171
 31
0.0
  0
LINE
  5
60A
330
70
100
AcDbEntity
  8
03_AXES
 62
     7
370
    25
100
AcDbLine
 10
40.63049188354714
 20
279.027777691171
 30
0.0
 11
40.34049188354749
 21
279.027777691171
 31
0.0
  0
LINE
  5
60B
330
70
100
AcDbEntity
  8
03_AXES
 62
     7
370
    25
100
AcDbLine
 10
32.13049188354716
 20
280.7882647436706
 30
0.0
 11
40.34049188354749
 21
280.7882647436706
 31
0.0
  0
LINE
  5
60C
330
70
100
AcDbEntity
  8
03_AXES
 62
     7
370
    25
100
AcDbLine
 10
49.53049188354714
 20
280.7882647436706
 30
0.0
 11
57.74049188354746
 21
280.7882647436706
 31
0.0
  0
LINE
  5
60D
330
70
100
AcDbEntity
  8
03_AXES
 62
     7
370
    25
100
AcDbLine
 10
66.9304918835471
 20
280.7882647436706
 30
0.0
 11
75.14049188354743
 21
280.7882647436706
 31
0.0
  0
LINE
  5
60E
330
70
100
AcDbEntity
  8
03_AXES
 62
     7
370
    25
100
AcDbLine
 10
84.33049188354708
 20
280.7882647436706
 30
0.0
 11
92.54049188354739
 21
280.7882647436706
 31
0.0
  0
LINE
  5
60F
330
70
100
AcDbEntity
  8
03_AXES
 62
     7
370
    25
100
AcDbLine
 10
92.83049188354707
 20
280.7952403910709
 30
0.0
 11
92.54049188354739
 21
280.7952403910709
 31
0.0
  0
LINE
  5
610
330
70
100
AcDbEntity
  8
03_AXES
 62
     7
370
    25
100
AcDbLine
 10
75.43049188354709
 20
280.7952403910709
 30
0.0
 11
75.14049188354743
 21
280.7952403910709
 31
0.0
  0
LINE
  5
611
330
70
100
AcDbEntity
  8
03_AXES
 62
     7
370
    25
100
AcDbLine
 10
58.03049188354711
 20
280.7952403910709
 30
0.0
 11
57.74049188354746
 21
280.7952403910709
 31
0.0
  0
LINE
  5
612
330
70
100
AcDbEntity
  8
03_AXES
 62
     7
370
    25
100
AcDbLine
 10
40.63049188354714
 20
280.7952403910709
 30
0.0
 11
40.34049188354749
 21
280.7952403910709
 31
0.0
  0
LINE
  5
613
330
70
100
AcDbEntity
  8
03_AXES
 62
     7
370
    25
100
AcDbLine
 10
31.76024397114717
 20
278.1140730336705
 30
0.0
 11
35.88049188354714
 21
278.0517939273705
 31
0.0
  0
LINE
  5
614
330
70
100
AcDbEntity
  8
03_AXES
 62
     7
370
    25
100
AcDbLine
 10
49.16024397114714
 20
278.1140730336705
 30
0.0
 11
53.28049188354711
 21
278.0517939273705
 31
0.0
  0
LINE
  5
615
330
70
100
AcDbEntity
  8
03_AXES
 62
     7
370
    25
100
AcDbLine
 10
31.3352991542472
 20
278.6204873983706
 30
0.0
 11
35.88049188354714
 21
278.551785090371
 31
0.0
  0
LINE
  5
616
330
70
100
AcDbEntity
  8
03_AXES
 62
     7
370
    25
100
AcDbLine
 10
66.56024397114712
 20
278.1140730336705
 30
0.0
 11
70.68049188354708
 21
278.0517939273705
 31
0.0
  0
LINE
  5
617
330
70
100
AcDbEntity
  8
03_AXES
 62
     7
370
    25
100
AcDbLine
 10
48.73529915424717
 20
278.6204873983706
 30
0.0
 11
53.28049188354711
 21
278.551785090371
 31
0.0
  0
LINE
  5
618
330
70
100
AcDbEntity
  8
03_AXES
 62
     7
370
    25
100
AcDbLine
 10
83.96024397114709
 20
278.1140730336705
 30
0.0
 11
88.08049188354706
 21
278.0517939273705
 31
0.0
  0
LINE
  5
619
330
70
100
AcDbEntity
  8
03_AXES
 62
     7
370
    25
100
AcDbLine
 10
66.13529915424715
 20
278.6204873983706
 30
0.0
 11
70.68049188354708
 21
278.551785090371
 31
0.0
  0
LINE
  5
61A
330
70
100
AcDbEntity
  8
03_AXES
 62
     7
370
    25
100
AcDbLine
 10
83.53529915424712
 20
278.6204873983706
 30
0.0
 11
88.08049188354706
 21
278.551785090371
 31
0.0
  0
LINE
  5
61B
330
70
100
AcDbEntity
  8
03_AXES
 62
     7
370
    25
100
AcDbLine
 10
31.73607931694733
 20
278.1147363570711
 30
0.0
 11
31.76026929074703
 21
278.1140724232709
 31
0.0
  0
LINE
  5
61C
330
70
100
AcDbEntity
  8
03_AXES
 62
     7
370
    25
100
AcDbLine
 10
49.1360793169473
 20
278.1147363570711
 30
0.0
 11
49.160269290747
 21
278.1140724232709
 31
0.0
  0
LINE
  5
61D
330
70
100
AcDbEntity
  8
03_AXES
 62
     7
370
    25
100
AcDbLine
 10
66.53607931694728
 20
278.1147363570711
 30
0.0
 11
66.56026929074697
 21
278.1140724232709
 31
0.0
  0
LINE
  5
61E
330
70
100
AcDbEntity
  8
03_AXES
 62
     7
370
    25
100
AcDbLine
 10
83.93607931694724
 20
278.1147363570711
 30
0.0
 11
83.96026929074693
 21
278.1140724232709
 31
0.0
  0
LINE
  5
61F
330
70
100
AcDbEntity
  8
03_AXES
 62
     7
370
    25
100
AcDbLine
 10
31.66028550894747
 20
278.1207267378707
 30
0.0
 11
31.73607931694733
 21
278.1147363570711
 31
0.0
  0
LINE
  5
620
330
70
100
AcDbEntity
  8
03_AXES
 62
     7
370
    25
100
AcDbLine
 10
49.06028550894745
 20
278.1207267378707
 30
0.0
 11
49.1360793169473
 21
278.1147363570711
 31
0.0
  0
LINE
  5
621
330
70
100
AcDbEntity
  8
03_AXES
 62
     7
370
    25
100
AcDbLine
 10
66.46028550894742
 20
278.1207267378707
 30
0.0
 11
66.53607931694728
 21
278.1147363570711
 31
0.0
  0
LINE
  5
622
330
70
100
AcDbEntity
  8
03_AXES
 62
     7
370
    25
100
AcDbLine
 10
83.28795620734712
 20
278.6011525122706
 30
0.0
 11
83.29382604624695
 21
278.5497547584707
 31
0.0
  0
LINE
  5
623
330
70
100
AcDbEntity
  8
03_AXES
 62
     7
370
    25
100
AcDbLine
 10
65.887486279547
 20
278.6204873041711
 30
0.0
 11
65.88795620734714
 21
278.6011525122706
 31
0.0
  0
LINE
  5
624
330
70
100
AcDbEntity
  8
03_AXES
 62
     7
370
    25
100
AcDbLine
 10
75.63049188354709
 20
279.2277776911711
 30
0.0
 11
75.63049188354709
 21
312.2902457968708
 31
0.0
  0
LINE
  5
625
330
70
100
AcDbEntity
  8
03_AXES
 62
     7
370
    25
100
AcDbLine
 10
75.63049188354709
 20
319.7081641922711
 30
0.0
 11
75.63049188354709
 21
363.6277776911708
 31
0.0
  0
LINE
  5
626
330
70
100
AcDbEntity
  8
03_AXES
 62
     7
370
    25
100
AcDbLine
 10
75.43049188354709
 20
279.027777691171
 30
0.0
 11
75.43049188354709
 21
312.2902457968708
 31
0.0
  0
LINE
  5
627
330
70
100
AcDbEntity
  8
03_AXES
 62
     7
370
    25
100
AcDbLine
 10
75.43049188354709
 20
327.8827606973711
 30
0.0
 11
75.43049188354709
 21
363.8277776911708
 31
0.0
  0
LINE
  5
628
330
70
100
AcDbEntity
  8
03_AXES
 62
     7
370
    25
100
AcDbLine
 10
75.14049188354743
 20
278.9277776911707
 30
0.0
 11
75.14049188354743
 21
312.2902457968708
 31
0.0
  0
LINE
  5
629
330
70
100
AcDbEntity
  8
03_AXES
 62
     7
370
    25
100
AcDbLine
 10
75.14049188354743
 20
327.1672064515706
 30
0.0
 11
75.14049188354743
 21
363.9277776911705
 31
0.0
  0
LINE
  5
62A
330
70
100
AcDbEntity
  8
03_AXES
 62
     7
370
    25
100
AcDbLine
 10
75.13049188354741
 20
327.1533325675708
 30
0.0
 11
75.13049188354741
 21
319.7081641922711
 31
0.0
  0
LINE
  5
62B
330
70
100
AcDbEntity
  8
03_AXES
 62
     7
370
    25
100
AcDbLine
 10
72.18049188354746
 20
319.7081641922711
 30
0.0
 11
72.18049188354746
 21
326.9971024242706
 31
0.0
  0
LINE
  5
62C
330
70
100
AcDbEntity
  8
03_AXES
 62
     7
370
    25
100
AcDbLine
 10
71.68049188354712
 20
277.6009827719708
 30
0.0
 11
71.68049188354712
 21
278.9277776911707
 31
0.0
  0
LINE
  5
62D
330
70
100
AcDbEntity
  8
03_AXES
 62
     7
370
    25
100
AcDbLine
 10
71.68049188354712
 20
363.9277776911705
 30
0.0
 11
71.68049188354712
 21
365.2545726104711
 31
0.0
  0
LINE
  5
62E
330
70
100
AcDbEntity
  8
03_AXES
 62
     7
370
    25
100
AcDbLine
 10
71.38049188354742
 20
277.427777691171
 30
0.0
 11
71.38049188354742
 21
277.9277776911706
 31
0.0
  0
LINE
  5
62F
330
70
100
AcDbEntity
  8
03_AXES
 62
     7
370
    25
100
AcDbLine
 10
70.98049188354742
 20
365.4277776911709
 30
0.0
 11
70.98049188354742
 21
364.9277776911706
 31
0.0
  0
LINE
  5
630
330
70
100
AcDbEntity
  8
03_AXES
 62
     7
370
    25
100
AcDbLine
 10
70.98049188354742
 20
277.9277776911706
 30
0.0
 11
70.98049188354742
 21
277.427777691171
 31
0.0
  0
LINE
  5
631
330
70
100
AcDbEntity
  8
03_AXES
 62
     7
370
    25
100
AcDbLine
 10
70.68049188354708
 20
278.9277776911707
 30
0.0
 11
70.68049188354708
 21
277.7277776911707
 31
0.0
  0
LINE
  5
632
330
70
100
AcDbEntity
  8
03_AXES
 62
     7
370
    25
100
AcDbLine
 10
70.68049188354708
 20
363.9277776911705
 30
0.0
 11
70.68049188354708
 21
365.4277776911709
 31
0.0
  0
LINE
  5
633
330
70
100
AcDbEntity
  8
03_AXES
 62
     7
370
    25
100
AcDbLine
 10
70.23049188354754
 20
325.5428010870708
 30
0.0
 11
70.23049188354754
 21
325.7368620790709
 31
0.0
  0
LINE
  5
634
330
70
100
AcDbEntity
  8
03_AXES
 62
     7
370
    25
100
AcDbLine
 10
70.13049188354722
 20
325.7379499450707
 30
0.0
 11
70.13049188354722
 21
325.3369779038706
 31
0.0
  0
LINE
  5
635
330
70
100
AcDbEntity
  8
03_AXES
 62
     7
370
    25
100
AcDbLine
 10
67.5204918835471
 20
319.7099694403706
 30
0.0
 11
67.5204918835471
 21
319.7081641922711
 31
0.0
  0
LINE
  5
636
330
70
100
AcDbEntity
  8
03_AXES
 62
     7
370
    25
100
AcDbLine
 10
67.4454918835475
 20
358.4507121262707
 30
0.0
 11
67.4454918835475
 21
357.0633948283709
 31
0.0
  0
LINE
  5
637
330
70
100
AcDbEntity
  8
03_AXES
 62
     7
370
    25
100
AcDbLine
 10
67.4454918835475
 20
354.792080554071
 30
0.0
 11
67.4454918835475
 21
353.4047632561705
 31
0.0
  0
LINE
  5
638
330
70
100
AcDbEntity
  8
03_AXES
 62
     7
370
    25
100
AcDbLine
 10
67.4454918835475
 20
285.8927776911709
 30
0.0
 11
67.4454918835475
 21
284.5048032561706
 31
0.0
  0
LINE
  5
639
330
70
100
AcDbEntity
  8
03_AXES
 62
     7
370
    25
100
AcDbLine
 10
67.4454918835475
 20
288.169928206171
 30
0.0
 11
67.4454918835475
 21
289.5507521262708
 31
0.0
  0
LINE
  5
63A
330
70
100
AcDbEntity
  8
03_AXES
 62
     7
370
    25
100
AcDbLine
 10
67.32049188354709
 20
319.7099694403706
 30
0.0
 11
67.32049188354709
 21
319.7081641922711
 31
0.0
  0
LINE
  5
63B
330
70
100
AcDbEntity
  8
03_AXES
 62
     7
370
    25
100
AcDbLine
 10
66.9304918835471
 20
278.9277776911707
 30
0.0
 11
66.9304918835471
 21
283.177777691171
 31
0.0
  0
LINE
  5
63C
330
70
100
AcDbEntity
  8
03_AXES
 62
     7
370
    25
100
AcDbLine
 10
66.9304918835471
 20
290.677777691171
 30
0.0
 11
66.9304918835471
 21
312.2902457968708
 31
0.0
  0
LINE
  5
63D
330
70
100
AcDbEntity
  8
03_AXES
 62
     7
370
    25
100
AcDbLine
 10
66.9304918835471
 20
325.7727616561711
 30
0.0
 11
66.9304918835471
 21
352.1544837095707
 31
0.0
  0
LINE
  5
63E
330
70
100
AcDbEntity
  8
03_AXES
 62
     7
370
    25
100
AcDbLine
 10
66.9304918835471
 20
359.6777776911708
 30
0.0
 11
66.9304918835471
 21
365.4277776911709
 31
0.0
  0
LINE
  5
63F
330
70
100
AcDbEntity
  8
03_AXES
 62
     7
370
    25
100
AcDbLine
 10
66.72049188354707
 20
319.7099694403706
 30
0.0
 11
66.72049188354707
 21
319.7081641922711
 31
0.0
  0
LINE
  5
640
330
70
100
AcDbEntity
  8
03_AXES
 62
     7
370
    25
100
AcDbLine
 10
66.52049188354706
 20
319.7099694403706
 30
0.0
 11
66.52049188354706
 21
319.7081641922711
 31
0.0
  0
LINE
  5
641
330
70
100
AcDbEntity
  8
03_AXES
 62
     7
370
    25
100
AcDbLine
 10
66.41549188354736
 20
354.7855871761709
 30
0.0
 11
66.41549188354736
 21
353.4047632561705
 31
0.0
  0
LINE
  5
642
330
70
100
AcDbEntity
  8
03_AXES
 62
     7
370
    25
100
AcDbLine
 10
66.41549188354736
 20
284.5048032561706
 30
0.0
 11
66.41549188354736
 21
285.8921205540712
 31
0.0
  0
LINE
  5
643
330
70
100
AcDbEntity
  8
03_AXES
 62
     7
370
    25
100
AcDbLine
 10
66.41549188354736
 20
288.163434828371
 30
0.0
 11
66.41549188354736
 21
289.5507521262708
 31
0.0
  0
LINE
  5
644
330
70
100
AcDbEntity
  8
03_AXES
 62
     7
370
    25
100
AcDbLine
 10
66.41549188354736
 20
357.062737691171
 30
0.0
 11
66.41549188354736
 21
358.4507121262707
 31
0.0
  0
LINE
  5
645
330
70
100
AcDbEntity
  8
03_AXES
 62
     7
370
    25
100
AcDbLine
 10
66.13529915424715
 20
278.9277776911707
 30
0.0
 11
66.13529915424715
 21
278.6204873983706
 31
0.0
  0
LINE
  5
646
330
70
100
AcDbEntity
  8
03_AXES
 62
     7
370
    25
100
AcDbLine
 10
65.88748078804704
 20
278.9277776911707
 30
0.0
 11
65.88748078804704
 21
278.6204873038707
 31
0.0
  0
LINE
  5
647
330
70
100
AcDbEntity
  8
03_AXES
 62
     7
370
    25
100
AcDbLine
 10
64.720491883547
 20
319.7099694403706
 30
0.0
 11
64.720491883547
 21
319.7081641922711
 31
0.0
  0
LINE
  5
648
330
70
100
AcDbEntity
  8
03_AXES
 62
     7
370
    25
100
AcDbLine
 10
64.52049188354699
 20
319.7099694403706
 30
0.0
 11
64.52049188354699
 21
319.7081641922711
 31
0.0
  0
LINE
  5
649
330
70
100
AcDbEntity
  8
03_AXES
 62
     7
370
    25
100
AcDbLine
 10
63.73049188354699
 20
325.5619344195709
 30
0.0
 11
63.73049188354699
 21
325.3369779038706
 31
0.0
  0
LINE
  5
64A
330
70
100
AcDbEntity
  8
03_AXES
 62
     7
370
    25
100
AcDbLine
 10
63.62049188354728
 20
319.7099694403706
 30
0.0
 11
63.62049188354728
 21
319.7081641922711
 31
0.0
  0
LINE
  5
64B
330
70
100
AcDbEntity
  8
03_AXES
 62
     7
370
    25
100
AcDbLine
 10
63.42049188354728
 20
319.7099694403706
 30
0.0
 11
63.42049188354728
 21
319.7081641922711
 31
0.0
  0
LINE
  5
64C
330
70
100
AcDbEntity
  8
03_AXES
 62
     7
370
    25
100
AcDbLine
 10
87.51482854914717
 20
286.3777776911705
 30
0.0
 11
85.32616072754741
 21
286.3777776911705
 31
0.0
  0
LINE
  5
64D
330
70
100
AcDbEntity
  8
03_AXES
 62
     7
370
    25
100
AcDbLine
 10
83.33549188354707
 20
286.3777776911705
 30
0.0
 11
81.14482854914705
 21
286.3777776911705
 31
0.0
  0
LINE
  5
64E
330
70
100
AcDbEntity
  8
03_AXES
 62
     7
370
    25
100
AcDbLine
 10
70.11482854914722
 20
286.3777776911705
 30
0.0
 11
67.92616072754745
 21
286.3777776911705
 31
0.0
  0
LINE
  5
64F
330
70
100
AcDbEntity
  8
03_AXES
 62
     7
370
    25
100
AcDbLine
 10
65.93549188354709
 20
286.3777776911705
 30
0.0
 11
63.74482854914709
 21
286.3777776911705
 31
0.0
  0
LINE
  5
650
330
70
100
AcDbEntity
  8
03_AXES
 62
     7
370
    25
100
AcDbLine
 10
52.71482854914724
 20
286.3777776911705
 30
0.0
 11
50.52616072754748
 21
286.3777776911705
 31
0.0
  0
LINE
  5
651
330
70
100
AcDbEntity
  8
03_AXES
 62
     7
370
    25
100
AcDbLine
 10
48.53549188354712
 20
286.3777776911705
 30
0.0
 11
46.3448285491471
 21
286.3777776911705
 31
0.0
  0
LINE
  5
652
330
70
100
AcDbEntity
  8
03_AXES
 62
     7
370
    25
100
AcDbLine
 10
35.31482854914727
 20
286.3777776911705
 30
0.0
 11
33.12616072754751
 21
286.3777776911705
 31
0.0
  0
LINE
  5
653
330
70
100
AcDbEntity
  8
03_AXES
 62
     7
370
    25
100
AcDbLine
 10
31.13549188354715
 20
286.3777776911705
 30
0.0
 11
28.94482854914714
 21
286.3777776911705
 31
0.0
  0
LINE
  5
654
330
70
100
AcDbEntity
  8
03_AXES
 62
     7
370
    25
100
AcDbLine
 10
28.94482854914714
 20
287.6777776911709
 30
0.0
 11
31.13549188354715
 21
287.6777776911709
 31
0.0
  0
LINE
  5
655
330
70
100
AcDbEntity
  8
03_AXES
 62
     7
370
    25
100
AcDbLine
 10
33.11870988544753
 20
287.6777776911709
 30
0.0
 11
35.31482854914727
 21
287.6777776911709
 31
0.0
  0
LINE
  5
656
330
70
100
AcDbEntity
  8
03_AXES
 62
     7
370
    25
100
AcDbLine
 10
46.3448285491471
 20
287.6777776911709
 30
0.0
 11
48.53549188354712
 21
287.6777776911709
 31
0.0
  0
LINE
  5
657
330
70
100
AcDbEntity
  8
03_AXES
 62
     7
370
    25
100
AcDbLine
 10
50.51870988544749
 20
287.6777776911709
 30
0.0
 11
52.71482854914724
 21
287.6777776911709
 31
0.0
  0
LINE
  5
658
330
70
100
AcDbEntity
  8
03_AXES
 62
     7
370
    25
100
AcDbLine
 10
63.74482854914709
 20
287.6777776911709
 30
0.0
 11
65.93549188354709
 21
287.6777776911709
 31
0.0
  0
LINE
  5
659
330
70
100
AcDbEntity
  8
03_AXES
 62
     7
370
    25
100
AcDbLine
 10
67.91870988544747
 20
287.6777776911709
 30
0.0
 11
70.11482854914722
 21
287.6777776911709
 31
0.0
  0
LINE
  5
65A
330
70
100
AcDbEntity
  8
03_AXES
 62
     7
370
    25
100
AcDbLine
 10
81.14482854914705
 20
287.6777776911709
 30
0.0
 11
83.33549188354707
 21
287.6777776911709
 31
0.0
  0
LINE
  5
65B
330
70
100
AcDbEntity
  8
03_AXES
 62
     7
370
    25
100
AcDbLine
 10
85.31870988544744
 20
287.6777776911709
 30
0.0
 11
87.51482854914717
 21
287.6777776911709
 31
0.0
  0
LINE
  5
65C
330
70
100
AcDbEntity
  8
03_AXES
 62
     7
370
    25
100
AcDbLine
 10
32.13049188354716
 20
296.427777691171
 30
0.0
 11
40.34049188354749
 21
296.427777691171
 31
0.0
  0
LINE
  5
65D
330
70
100
AcDbEntity
  8
03_AXES
 62
     7
370
    25
100
AcDbLine
 10
49.53049188354714
 20
296.427777691171
 30
0.0
 11
57.74049188354746
 21
296.427777691171
 31
0.0
  0
LINE
  5
65E
330
70
100
AcDbEntity
  8
03_AXES
 62
     7
370
    25
100
AcDbLine
 10
66.9304918835471
 20
296.427777691171
 30
0.0
 11
75.14049188354743
 21
296.427777691171
 31
0.0
  0
LINE
  5
65F
330
70
100
AcDbEntity
  8
03_AXES
 62
     7
370
    25
100
AcDbLine
 10
84.33049188354708
 20
296.427777691171
 30
0.0
 11
92.54049188354739
 21
296.427777691171
 31
0.0
  0
LINE
  5
660
330
70
100
AcDbEntity
  8
03_AXES
 62
     7
370
    25
100
AcDbLine
 10
92.83049188354707
 20
296.4312697681708
 30
0.0
 11
92.54049188354739
 21
296.4312697681708
 31
0.0
  0
LINE
  5
661
330
70
100
AcDbEntity
  8
03_AXES
 62
     7
370
    25
100
AcDbLine
 10
75.43049188354709
 20
296.4312697681708
 30
0.0
 11
75.14049188354743
 21
296.4312697681708
 31
0.0
  0
LINE
  5
662
330
70
100
AcDbEntity
  8
03_AXES
 62
     7
370
    25
100
AcDbLine
 10
58.03049188354711
 20
296.4312697681708
 30
0.0
 11
57.74049188354746
 21
296.4312697681708
 31
0.0
  0
LINE
  5
663
330
70
100
AcDbEntity
  8
03_AXES
 62
     7
370
    25
100
AcDbLine
 10
40.63049188354714
 20
296.4312697681708
 30
0.0
 11
40.34049188354749
 21
296.4312697681708
 31
0.0
  0
LINE
  5
664
330
70
100
AcDbEntity
  8
03_AXES
 62
     7
370
    25
100
AcDbLine
 10
32.13049188354716
 20
298.9277776911708
 30
0.0
 11
40.34049188354749
 21
298.9277776911708
 31
0.0
  0
LINE
  5
665
330
70
100
AcDbEntity
  8
03_AXES
 62
     7
370
    25
100
AcDbLine
 10
49.53049188354714
 20
298.9277776911708
 30
0.0
 11
57.74049188354746
 21
298.9277776911708
 31
0.0
  0
LINE
  5
666
330
70
100
AcDbEntity
  8
03_AXES
 62
     7
370
    25
100
AcDbLine
 10
66.9304918835471
 20
298.9277776911708
 30
0.0
 11
75.14049188354743
 21
298.9277776911708
 31
0.0
  0
LINE
  5
667
330
70
100
AcDbEntity
  8
03_AXES
 62
     7
370
    25
100
AcDbLine
 10
84.33049188354708
 20
298.9277776911708
 30
0.0
 11
92.54049188354739
 21
298.9277776911708
 31
0.0
  0
LINE
  5
668
330
70
100
AcDbEntity
  8
03_AXES
 62
     7
370
    25
100
AcDbLine
 10
92.83049188354707
 20
299.0277776911711
 30
0.0
 11
92.54049188354739
 21
299.0277776911711
 31
0.0
  0
LINE
  5
669
330
70
100
AcDbEntity
  8
03_AXES
 62
     7
370
    25
100
AcDbLine
 10
75.43049188354709
 20
299.0277776911711
 30
0.0
 11
75.14049188354743
 21
299.0277776911711
 31
0.0
  0
LINE
  5
66A
330
70
100
AcDbEntity
  8
03_AXES
 62
     7
370
    25
100
AcDbLine
 10
58.03049188354711
 20
299.0277776911711
 30
0.0
 11
57.74049188354746
 21
299.0277776911711
 31
0.0
  0
LINE
  5
66B
330
70
100
AcDbEntity
  8
03_AXES
 62
     7
370
    25
100
AcDbLine
 10
40.63049188354714
 20
299.0277776911711
 30
0.0
 11
40.34049188354749
 21
299.0277776911711
 31
0.0
  0
LINE
  5
66C
330
70
100
AcDbEntity
  8
03_AXES
 62
     7
370
    25
100
AcDbLine
 10
83.8602855089474
 20
278.1207267378707
 30
0.0
 11
83.93607931694724
 21
278.1147363570711
 31
0.0
  0
LINE
  5
66D
330
70
100
AcDbEntity
  8
03_AXES
 62
     7
370
    25
100
AcDbLine
 10
31.58776217134749
 20
278.1321995511711
 30
0.0
 11
31.66028550894747
 21
278.1207267378707
 31
0.0
  0
LINE
  5
66E
330
70
100
AcDbEntity
  8
03_AXES
 62
     7
370
    25
100
AcDbLine
 10
48.98776217134746
 20
278.1321995511711
 30
0.0
 11
49.06028550894745
 21
278.1207267378707
 31
0.0
  0
LINE
  5
66F
330
70
100
AcDbEntity
  8
03_AXES
 62
     7
370
    25
100
AcDbLine
 10
66.38776217134743
 20
278.1321995511711
 30
0.0
 11
66.46028550894742
 21
278.1207267378707
 31
0.0
  0
LINE
  5
670
330
70
100
AcDbEntity
  8
03_AXES
 62
     7
370
    25
100
AcDbLine
 10
83.7877621713474
 20
278.1321995511711
 30
0.0
 11
83.8602855089474
 21
278.1207267378707
 31
0.0
  0
LINE
  5
671
330
70
100
AcDbEntity
  8
03_AXES
 62
     7
370
    25
100
AcDbLine
 10
31.51846461634755
 20
278.1488386351706
 30
0.0
 11
31.58776217134749
 21
278.1321995511711
 31
0.0
  0
LINE
  5
672
330
70
100
AcDbEntity
  8
03_AXES
 62
     7
370
    25
100
AcDbLine
 10
48.91846461634752
 20
278.1488386351706
 30
0.0
 11
48.98776217134746
 21
278.1321995511711
 31
0.0
  0
LINE
  5
673
330
70
100
AcDbEntity
  8
03_AXES
 62
     7
370
    25
100
AcDbLine
 10
83.29382604624695
 20
278.5497547584707
 30
0.0
 11
83.30649131084701
 21
278.4987049716708
 31
0.0
  0
LINE
  5
674
330
70
100
AcDbEntity
  8
03_AXES
 62
     7
370
    25
100
AcDbLine
 10
65.88795620734714
 20
278.6011525122706
 30
0.0
 11
65.893826046247
 21
278.5497547584707
 31
0.0
  0
LINE
  5
675
330
70
100
AcDbEntity
  8
03_AXES
 62
     7
370
    25
100
AcDbLine
 10
58.23049188354712
 20
279.2277776911711
 30
0.0
 11
58.23049188354712
 21
312.2902457968708
 31
0.0
  0
LINE
  5
676
330
70
100
AcDbEntity
  8
03_AXES
 62
     7
370
    25
100
AcDbLine
 10
58.23049188354712
 20
319.7081641922711
 30
0.0
 11
58.23049188354712
 21
363.6277776911708
 31
0.0
  0
LINE
  5
677
330
70
100
AcDbEntity
  8
03_AXES
 62
     7
370
    25
100
AcDbLine
 10
58.03049188354711
 20
279.027777691171
 30
0.0
 11
58.03049188354711
 21
312.2902457968708
 31
0.0
  0
LINE
  5
678
330
70
100
AcDbEntity
  8
03_AXES
 62
     7
370
    25
100
AcDbLine
 10
58.03049188354711
 20
327.8827606973711
 30
0.0
 11
58.03049188354711
 21
363.8277776911708
 31
0.0
  0
LINE
  5
679
330
70
100
AcDbEntity
  8
03_AXES
 62
     7
370
    25
100
AcDbLine
 10
57.74049188354746
 20
278.9277776911707
 30
0.0
 11
57.74049188354746
 21
312.2902457968708
 31
0.0
  0
LINE
  5
67A
330
70
100
AcDbEntity
  8
03_AXES
 62
     7
370
    25
100
AcDbLine
 10
57.74049188354746
 20
327.1672064515706
 30
0.0
 11
57.74049188354746
 21
363.9277776911705
 31
0.0
  0
LINE
  5
67B
330
70
100
AcDbEntity
  8
03_AXES
 62
     7
370
    25
100
AcDbLine
 10
57.73049188354743
 20
327.1533325675708
 30
0.0
 11
57.73049188354743
 21
319.7081641922711
 31
0.0
  0
LINE
  5
67C
330
70
100
AcDbEntity
  8
03_AXES
 62
     7
370
    25
100
AcDbLine
 10
54.78049188354749
 20
319.7081641922711
 30
0.0
 11
54.78049188354749
 21
326.9971024242706
 31
0.0
  0
LINE
  5
67D
330
70
100
AcDbEntity
  8
03_AXES
 62
     7
370
    25
100
AcDbLine
 10
54.28049188354714
 20
277.6009827719708
 30
0.0
 11
54.28049188354714
 21
278.9277776911707
 31
0.0
  0
LINE
  5
67E
330
70
100
AcDbEntity
  8
03_AXES
 62
     7
370
    25
100
AcDbLine
 10
54.28049188354714
 20
363.9277776911705
 30
0.0
 11
54.28049188354714
 21
365.2545726104711
 31
0.0
  0
LINE
  5
67F
330
70
100
AcDbEntity
  8
03_AXES
 62
     7
370
    25
100
AcDbLine
 10
53.98049188354746
 20
277.427777691171
 30
0.0
 11
53.98049188354746
 21
277.9277776911706
 31
0.0
  0
LINE
  5
680
330
70
100
AcDbEntity
  8
03_AXES
 62
     7
370
    25
100
AcDbLine
 10
53.58049188354744
 20
365.4277776911709
 30
0.0
 11
53.58049188354744
 21
364.9277776911706
 31
0.0
  0
LINE
  5
681
330
70
100
AcDbEntity
  8
03_AXES
 62
     7
370
    25
100
AcDbLine
 10
53.58049188354744
 20
277.9277776911706
 30
0.0
 11
53.58049188354744
 21
277.427777691171
 31
0.0
  0
LINE
  5
682
330
70
100
AcDbEntity
  8
03_AXES
 62
     7
370
    25
100
AcDbLine
 10
53.28049188354711
 20
278.9277776911707
 30
0.0
 11
53.28049188354711
 21
277.7277776911707
 31
0.0
  0
LINE
  5
683
330
70
100
AcDbEntity
  8
03_AXES
 62
     7
370
    25
100
AcDbLine
 10
53.28049188354711
 20
363.9277776911705
 30
0.0
 11
53.28049188354711
 21
365.4277776911709
 31
0.0
  0
LINE
  5
684
330
70
100
AcDbEntity
  8
03_AXES
 62
     7
370
    25
100
AcDbLine
 10
52.83049188354757
 20
325.5428010870708
 30
0.0
 11
52.83049188354757
 21
325.7368620790709
 31
0.0
  0
LINE
  5
685
330
70
100
AcDbEntity
  8
03_AXES
 62
     7
370
    25
100
AcDbLine
 10
52.73049188354725
 20
325.7379499450707
 30
0.0
 11
52.73049188354725
 21
325.3369779038706
 31
0.0
  0
LINE
  5
686
330
70
100
AcDbEntity
  8
03_AXES
 62
     7
370
    25
100
AcDbLine
 10
50.12049188354712
 20
319.7099694403706
 30
0.0
 11
50.12049188354712
 21
319.7081641922711
 31
0.0
  0
LINE
  5
687
330
70
100
AcDbEntity
  8
03_AXES
 62
     7
370
    25
100
AcDbLine
 10
50.04549188354753
 20
358.4507121262707
 30
0.0
 11
50.04549188354753
 21
357.0633948283709
 31
0.0
  0
LINE
  5
688
330
70
100
AcDbEntity
  8
03_AXES
 62
     7
370
    25
100
AcDbLine
 10
50.04549188354753
 20
354.792080554071
 30
0.0
 11
50.04549188354753
 21
353.4047632561705
 31
0.0
  0
LINE
  5
689
330
70
100
AcDbEntity
  8
03_AXES
 62
     7
370
    25
100
AcDbLine
 10
50.04549188354753
 20
285.8927776911709
 30
0.0
 11
50.04549188354753
 21
284.5048032561706
 31
0.0
  0
LINE
  5
68A
330
70
100
AcDbEntity
  8
03_AXES
 62
     7
370
    25
100
AcDbLine
 10
50.04549188354753
 20
288.169928206171
 30
0.0
 11
50.04549188354753
 21
289.5507521262708
 31
0.0
  0
LINE
  5
68B
330
70
100
AcDbEntity
  8
03_AXES
 62
     7
370
    25
100
AcDbLine
 10
49.92049188354712
 20
319.7099694403706
 30
0.0
 11
49.92049188354712
 21
319.7081641922711
 31
0.0
  0
LINE
  5
68C
330
70
100
AcDbEntity
  8
03_AXES
 62
     7
370
    25
100
AcDbLine
 10
49.53049188354714
 20
278.9277776911707
 30
0.0
 11
49.53049188354714
 21
283.177777691171
 31
0.0
  0
LINE
  5
68D
330
70
100
AcDbEntity
  8
03_AXES
 62
     7
370
    25
100
AcDbLine
 10
49.53049188354714
 20
290.677777691171
 30
0.0
 11
49.53049188354714
 21
312.2902457968708
 31
0.0
  0
LINE
  5
68E
330
70
100
AcDbEntity
  8
03_AXES
 62
     7
370
    25
100
AcDbLine
 10
49.53049188354714
 20
325.7727616561711
 30
0.0
 11
49.53049188354714
 21
352.1544837095707
 31
0.0
  0
LINE
  5
68F
330
70
100
AcDbEntity
  8
03_AXES
 62
     7
370
    25
100
AcDbLine
 10
49.53049188354714
 20
359.6777776911708
 30
0.0
 11
49.53049188354714
 21
365.4277776911709
 31
0.0
  0
LINE
  5
690
330
70
100
AcDbEntity
  8
03_AXES
 62
     7
370
    25
100
AcDbLine
 10
49.3204918835471
 20
319.7099694403706
 30
0.0
 11
49.3204918835471
 21
319.7081641922711
 31
0.0
  0
LINE
  5
691
330
70
100
AcDbEntity
  8
03_AXES
 62
     7
370
    25
100
AcDbLine
 10
49.12049188354709
 20
319.7099694403706
 30
0.0
 11
49.12049188354709
 21
319.7081641922711
 31
0.0
  0
LINE
  5
692
330
70
100
AcDbEntity
  8
03_AXES
 62
     7
370
    25
100
AcDbLine
 10
49.01549188354739
 20
354.7855871761709
 30
0.0
 11
49.01549188354739
 21
353.4047632561705
 31
0.0
  0
LINE
  5
693
330
70
100
AcDbEntity
  8
03_AXES
 62
     7
370
    25
100
AcDbLine
 10
49.01549188354739
 20
284.5048032561706
 30
0.0
 11
49.01549188354739
 21
285.8921205540712
 31
0.0
  0
LINE
  5
694
330
70
100
AcDbEntity
  8
03_AXES
 62
     7
370
    25
100
AcDbLine
 10
49.01549188354739
 20
288.163434828371
 30
0.0
 11
49.01549188354739
 21
289.5507521262708
 31
0.0
  0
LINE
  5
695
330
70
100
AcDbEntity
  8
03_AXES
 62
     7
370
    25
100
AcDbLine
 10
49.01549188354739
 20
357.062737691171
 30
0.0
 11
49.01549188354739
 21
358.4507121262707
 31
0.0
  0
LINE
  5
696
330
70
100
AcDbEntity
  8
03_AXES
 62
     7
370
    25
100
AcDbLine
 10
48.73529915424717
 20
278.9277776911707
 30
0.0
 11
48.73529915424717
 21
278.6204873983706
 31
0.0
  0
LINE
  5
697
330
70
100
AcDbEntity
  8
03_AXES
 62
     7
370
    25
100
AcDbLine
 10
48.48748078804707
 20
278.9277776911707
 30
0.0
 11
48.48748078804707
 21
278.6204873038707
 31
0.0
  0
LINE
  5
698
330
70
100
AcDbEntity
  8
03_AXES
 62
     7
370
    25
100
AcDbLine
 10
47.32049188354703
 20
319.7099694403706
 30
0.0
 11
47.32049188354703
 21
319.7081641922711
 31
0.0
  0
LINE
  5
699
330
70
100
AcDbEntity
  8
03_AXES
 62
     7
370
    25
100
AcDbLine
 10
47.12049188354701
 20
319.7099694403706
 30
0.0
 11
47.12049188354701
 21
319.7081641922711
 31
0.0
  0
LINE
  5
69A
330
70
100
AcDbEntity
  8
03_AXES
 62
     7
370
    25
100
AcDbLine
 10
32.13049188354716
 20
300.7201827544709
 30
0.0
 11
40.34049188354749
 21
300.7201827544709
 31
0.0
  0
LINE
  5
69B
330
70
100
AcDbEntity
  8
03_AXES
 62
     7
370
    25
100
AcDbLine
 10
49.53049188354714
 20
300.7201827544709
 30
0.0
 11
57.74049188354746
 21
300.7201827544709
 31
0.0
  0
LINE
  5
69C
330
70
100
AcDbEntity
  8
03_AXES
 62
     7
370
    25
100
AcDbLine
 10
66.9304918835471
 20
300.7201827544709
 30
0.0
 11
75.14049188354743
 21
300.7201827544709
 31
0.0
  0
LINE
  5
69D
330
70
100
AcDbEntity
  8
03_AXES
 62
     7
370
    25
100
AcDbLine
 10
84.33049188354708
 20
300.7201827544709
 30
0.0
 11
92.54049188354739
 21
300.7201827544709
 31
0.0
  0
LINE
  5
69E
330
70
100
AcDbEntity
  8
03_AXES
 62
     7
370
    25
100
AcDbLine
 10
92.83049188354707
 20
300.7305625013706
 30
0.0
 11
92.54049188354739
 21
300.7305625013706
 31
0.0
  0
LINE
  5
69F
330
70
100
AcDbEntity
  8
03_AXES
 62
     7
370
    25
100
AcDbLine
 10
75.43049188354709
 20
300.7305625013706
 30
0.0
 11
75.14049188354743
 21
300.7305625013706
 31
0.0
  0
LINE
  5
6A0
330
70
100
AcDbEntity
  8
03_AXES
 62
     7
370
    25
100
AcDbLine
 10
58.03049188354711
 20
300.7305625013706
 30
0.0
 11
57.74049188354746
 21
300.7305625013706
 31
0.0
  0
LINE
  5
6A1
330
70
100
AcDbEntity
  8
03_AXES
 62
     7
370
    25
100
AcDbLine
 10
40.63049188354714
 20
300.7305625013706
 30
0.0
 11
40.34049188354749
 21
300.7305625013706
 31
0.0
  0
LINE
  5
6A2
330
70
100
AcDbEntity
  8
03_AXES
 62
     7
370
    25
100
AcDbLine
 10
32.13049188354716
 20
305.927777691171
 30
0.0
 11
40.34049188354749
 21
305.927777691171
 31
0.0
  0
LINE
  5
6A3
330
70
100
AcDbEntity
  8
03_AXES
 62
     7
370
    25
100
AcDbLine
 10
49.53049188354714
 20
305.927777691171
 30
0.0
 11
57.74049188354746
 21
305.927777691171
 31
0.0
  0
LINE
  5
6A4
330
70
100
AcDbEntity
  8
03_AXES
 62
     7
370
    25
100
AcDbLine
 10
66.9304918835471
 20
305.927777691171
 30
0.0
 11
75.14049188354743
 21
305.927777691171
 31
0.0
  0
LINE
  5
6A5
330
70
100
AcDbEntity
  8
03_AXES
 62
     7
370
    25
100
AcDbLine
 10
84.33049188354708
 20
305.927777691171
 30
0.0
 11
92.54049188354739
 21
305.927777691171
 31
0.0
  0
LINE
  5
6A6
330
70
100
AcDbEntity
  8
03_AXES
 62
     7
370
    25
100
AcDbLine
 10
92.83049188354707
 20
306.0277776911707
 30
0.0
 11
92.54049188354739
 21
306.0277776911707
 31
0.0
  0
LINE
  5
6A7
330
70
100
AcDbEntity
  8
03_AXES
 62
     7
370
    25
100
AcDbLine
 10
75.43049188354709
 20
306.0277776911707
 30
0.0
 11
75.14049188354743
 21
306.0277776911707
 31
0.0
  0
LINE
  5
6A8
330
70
100
AcDbEntity
  8
03_AXES
 62
     7
370
    25
100
AcDbLine
 10
58.03049188354711
 20
306.0277776911707
 30
0.0
 11
57.74049188354746
 21
306.0277776911707
 31
0.0
  0
LINE
  5
6A9
330
70
100
AcDbEntity
  8
03_AXES
 62
     7
370
    25
100
AcDbLine
 10
40.63049188354714
 20
306.0277776911707
 30
0.0
 11
40.34049188354749
 21
306.0277776911707
 31
0.0
  0
LINE
  5
6AA
330
70
100
AcDbEntity
  8
03_AXES
 62
     7
370
    25
100
AcDbLine
 10
92.23049188354705
 20
313.6926331732706
 30
0.0
 11
92.54049188354739
 21
313.6926331732706
 31
0.0
  0
LINE
  5
6AB
330
70
100
AcDbEntity
  8
03_AXES
 62
     7
370
    25
100
AcDbLine
 10
92.83049188354707
 20
313.6965007455706
 30
0.0
 11
92.54049188354739
 21
313.6965007455706
 31
0.0
  0
LINE
  5
6AC
330
70
100
AcDbEntity
  8
03_AXES
 62
     7
370
    25
100
AcDbLine
 10
66.3184646163475
 20
278.1488386351706
 30
0.0
 11
66.38776217134743
 21
278.1321995511711
 31
0.0
  0
LINE
  5
6AD
330
70
100
AcDbEntity
  8
03_AXES
 62
     7
370
    25
100
AcDbLine
 10
83.71846461634746
 20
278.1488386351706
 30
0.0
 11
83.7877621713474
 21
278.1321995511711
 31
0.0
  0
LINE
  5
6AE
330
70
100
AcDbEntity
  8
03_AXES
 62
     7
370
    25
100
AcDbLine
 10
31.45243934654744
 20
278.1705138961708
 30
0.0
 11
31.51846461634755
 21
278.1488386351706
 31
0.0
  0
LINE
  5
6AF
330
70
100
AcDbEntity
  8
03_AXES
 62
     7
370
    25
100
AcDbLine
 10
48.85243934654741
 20
278.1705138961708
 30
0.0
 11
48.91846461634752
 21
278.1488386351706
 31
0.0
  0
LINE
  5
6B0
330
70
100
AcDbEntity
  8
03_AXES
 62
     7
370
    25
100
AcDbLine
 10
66.25243934654737
 20
278.1705138961708
 30
0.0
 11
66.3184646163475
 21
278.1488386351706
 31
0.0
  0
LINE
  5
6B1
330
70
100
AcDbEntity
  8
03_AXES
 62
     7
370
    25
100
AcDbLine
 10
31.390087277447
 20
278.1971228438709
 30
0.0
 11
31.45243934654744
 21
278.1705138961708
 31
0.0
  0
LINE
  5
6B2
330
70
100
AcDbEntity
  8
03_AXES
 62
     7
370
    25
100
AcDbLine
 10
48.79008727744697
 20
278.1971228438709
 30
0.0
 11
48.85243934654741
 21
278.1705138961708
 31
0.0
  0
LINE
  5
6B3
330
70
100
AcDbEntity
  8
03_AXES
 62
     7
370
    25
100
AcDbLine
 10
65.893826046247
 20
278.5497547584707
 30
0.0
 11
65.90649131084703
 21
278.4987049716708
 31
0.0
  0
LINE
  5
6B4
330
70
100
AcDbEntity
  8
03_AXES
 62
     7
370
    25
100
AcDbLine
 10
48.48795620734717
 20
278.6011525122706
 30
0.0
 11
48.49382604624702
 21
278.5497547584707
 31
0.0
  0
LINE
  5
6B5
330
70
100
AcDbEntity
  8
03_AXES
 62
     7
370
    25
100
AcDbLine
 10
48.48748627954702
 20
278.6204873041711
 30
0.0
 11
48.48795620734717
 21
278.6011525122706
 31
0.0
  0
LINE
  5
6B6
330
70
100
AcDbEntity
  8
03_AXES
 62
     7
370
    25
100
AcDbLine
 10
46.33049188354703
 20
325.5619344195709
 30
0.0
 11
46.33049188354703
 21
325.3369779038706
 31
0.0
  0
LINE
  5
6B7
330
70
100
AcDbEntity
  8
03_AXES
 62
     7
370
    25
100
AcDbLine
 10
46.22049188354731
 20
319.7099694403706
 30
0.0
 11
46.22049188354731
 21
319.7081641922711
 31
0.0
  0
LINE
  5
6B8
330
70
100
AcDbEntity
  8
03_AXES
 62
     7
370
    25
100
AcDbLine
 10
46.0204918835473
 20
319.7099694403706
 30
0.0
 11
46.0204918835473
 21
319.7081641922711
 31
0.0
  0
LINE
  5
6B9
330
70
100
AcDbEntity
  8
03_AXES
 62
     7
370
    25
100
AcDbLine
 10
40.83049188354715
 20
279.2277776911711
 30
0.0
 11
40.83049188354715
 21
312.2902457968708
 31
0.0
  0
LINE
  5
6BA
330
70
100
AcDbEntity
  8
03_AXES
 62
     7
370
    25
100
AcDbLine
 10
40.83049188354715
 20
319.7081641922711
 30
0.0
 11
40.83049188354715
 21
363.6277776911708
 31
0.0
  0
LINE
  5
6BB
330
70
100
AcDbEntity
  8
03_AXES
 62
     7
370
    25
100
AcDbLine
 10
40.63049188354714
 20
279.027777691171
 30
0.0
 11
40.63049188354714
 21
312.2902457968708
 31
0.0
  0
LINE
  5
6BC
330
70
100
AcDbEntity
  8
03_AXES
 62
     7
370
    25
100
AcDbLine
 10
40.63049188354714
 20
327.8827606973711
 30
0.0
 11
40.63049188354714
 21
363.8277776911708
 31
0.0
  0
LINE
  5
6BD
330
70
100
AcDbEntity
  8
03_AXES
 62
     7
370
    25
100
AcDbLine
 10
40.34049188354749
 20
278.9277776911707
 30
0.0
 11
40.34049188354749
 21
312.2902457968708
 31
0.0
  0
LINE
  5
6BE
330
70
100
AcDbEntity
  8
03_AXES
 62
     7
370
    25
100
AcDbLine
 10
40.34049188354749
 20
327.1672064515706
 30
0.0
 11
40.34049188354749
 21
363.9277776911705
 31
0.0
  0
LINE
  5
6BF
330
70
100
AcDbEntity
  8
03_AXES
 62
     7
370
    25
100
AcDbLine
 10
40.33049188354745
 20
327.1533325675708
 30
0.0
 11
40.33049188354745
 21
319.7081641922711
 31
0.0
  0
LINE
  5
6C0
330
70
100
AcDbEntity
  8
03_AXES
 62
     7
370
    25
100
AcDbLine
 10
37.38049188354751
 20
319.7081641922711
 30
0.0
 11
37.38049188354751
 21
326.9971024242706
 31
0.0
  0
LINE
  5
6C1
330
70
100
AcDbEntity
  8
03_AXES
 62
     7
370
    25
100
AcDbLine
 10
36.88049188354717
 20
277.6009827719708
 30
0.0
 11
36.88049188354717
 21
278.9277776911707
 31
0.0
  0
LINE
  5
6C2
330
70
100
AcDbEntity
  8
03_AXES
 62
     7
370
    25
100
AcDbLine
 10
36.88049188354717
 20
363.9277776911705
 30
0.0
 11
36.88049188354717
 21
365.2545726104711
 31
0.0
  0
LINE
  5
6C3
330
70
100
AcDbEntity
  8
03_AXES
 62
     7
370
    25
100
AcDbLine
 10
36.58049188354748
 20
277.427777691171
 30
0.0
 11
36.58049188354748
 21
277.9277776911706
 31
0.0
  0
LINE
  5
6C4
330
70
100
AcDbEntity
  8
03_AXES
 62
     7
370
    25
100
AcDbLine
 10
36.18049188354747
 20
365.4277776911709
 30
0.0
 11
36.18049188354747
 21
364.9277776911706
 31
0.0
  0
LINE
  5
6C5
330
70
100
AcDbEntity
  8
03_AXES
 62
     7
370
    25
100
AcDbLine
 10
36.18049188354747
 20
277.9277776911706
 30
0.0
 11
36.18049188354747
 21
277.427777691171
 31
0.0
  0
LINE
  5
6C6
330
70
100
AcDbEntity
  8
03_AXES
 62
     7
370
    25
100
AcDbLine
 10
35.88049188354714
 20
278.9277776911707
 30
0.0
 11
35.88049188354714
 21
277.7277776911707
 31
0.0
  0
LINE
  5
6C7
330
70
100
AcDbEntity
  8
03_AXES
 62
     7
370
    25
100
AcDbLine
 10
35.88049188354714
 20
363.9277776911705
 30
0.0
 11
35.88049188354714
 21
365.4277776911709
 31
0.0
  0
LINE
  5
6C8
330
70
100
AcDbEntity
  8
03_AXES
 62
     7
370
    25
100
AcDbLine
 10
35.43049188354697
 20
325.5428010870708
 30
0.0
 11
35.43049188354697
 21
325.7368620790709
 31
0.0
  0
LINE
  5
6C9
330
70
100
AcDbEntity
  8
03_AXES
 62
     7
370
    25
100
AcDbLine
 10
35.33049188354728
 20
325.7379499450707
 30
0.0
 11
35.33049188354728
 21
325.3369779038706
 31
0.0
  0
LINE
  5
6CA
330
70
100
AcDbEntity
  8
03_AXES
 62
     7
370
    25
100
AcDbLine
 10
32.72049188354716
 20
319.7099694403706
 30
0.0
 11
32.72049188354716
 21
319.7081641922711
 31
0.0
  0
LINE
  5
6CB
330
70
100
AcDbEntity
  8
03_AXES
 62
     7
370
    25
100
AcDbLine
 10
32.64549188354691
 20
358.4507121262707
 30
0.0
 11
32.64549188354691
 21
357.0633948283709
 31
0.0
  0
LINE
  5
6CC
330
70
100
AcDbEntity
  8
03_AXES
 62
     7
370
    25
100
AcDbLine
 10
32.64549188354691
 20
354.792080554071
 30
0.0
 11
32.64549188354691
 21
353.4047632561705
 31
0.0
  0
LINE
  5
6CD
330
70
100
AcDbEntity
  8
03_AXES
 62
     7
370
    25
100
AcDbLine
 10
32.64549188354691
 20
285.8927776911709
 30
0.0
 11
32.64549188354691
 21
284.5048032561706
 31
0.0
  0
LINE
  5
6CE
330
70
100
AcDbEntity
  8
03_AXES
 62
     7
370
    25
100
AcDbLine
 10
32.64549188354691
 20
288.169928206171
 30
0.0
 11
32.64549188354691
 21
289.5507521262708
 31
0.0
  0
LINE
  5
6CF
330
70
100
AcDbEntity
  8
03_AXES
 62
     7
370
    25
100
AcDbLine
 10
32.52049188354714
 20
319.7099694403706
 30
0.0
 11
32.52049188354714
 21
319.7081641922711
 31
0.0
  0
LINE
  5
6D0
330
70
100
AcDbEntity
  8
03_AXES
 62
     7
370
    25
100
AcDbLine
 10
32.13049188354716
 20
278.9277776911707
 30
0.0
 11
32.13049188354716
 21
283.177777691171
 31
0.0
  0
LINE
  5
6D1
330
70
100
AcDbEntity
  8
03_AXES
 62
     7
370
    25
100
AcDbLine
 10
32.13049188354716
 20
290.677777691171
 30
0.0
 11
32.13049188354716
 21
312.2902457968708
 31
0.0
  0
LINE
  5
6D2
330
70
100
AcDbEntity
  8
03_AXES
 62
     7
370
    25
100
AcDbLine
 10
32.13049188354716
 20
325.7727616561711
 30
0.0
 11
32.13049188354716
 21
352.1544837095707
 31
0.0
  0
LINE
  5
6D3
330
70
100
AcDbEntity
  8
03_AXES
 62
     7
370
    25
100
AcDbLine
 10
32.13049188354716
 20
359.6777776911708
 30
0.0
 11
32.13049188354716
 21
365.4277776911709
 31
0.0
  0
LINE
  5
6D4
330
70
100
AcDbEntity
  8
03_AXES
 62
     7
370
    25
100
AcDbLine
 10
31.92049188354713
 20
319.7099694403706
 30
0.0
 11
31.92049188354713
 21
319.7081641922711
 31
0.0
  0
LINE
  5
6D5
330
70
100
AcDbEntity
  8
03_AXES
 62
     7
370
    25
100
AcDbLine
 10
91.03049188354701
 20
315.4535160723706
 30
0.0
 11
91.33049188354732
 21
315.4535160723706
 31
0.0
  0
LINE
  5
6D6
330
70
100
AcDbEntity
  8
03_AXES
 62
     7
370
    25
100
AcDbLine
 10
92.23049188354705
 20
315.4535160723706
 30
0.0
 11
92.54049188354739
 21
315.4535160723706
 31
0.0
  0
LINE
  5
6D7
330
70
100
AcDbEntity
  8
03_AXES
 62
     7
370
    25
100
AcDbLine
 10
92.58148238474721
 20
315.5454277895707
 30
0.0
 11
92.54049188354739
 21
315.5454277895707
 31
0.0
  0
LINE
  5
6D8
330
70
100
AcDbEntity
  8
03_AXES
 62
     7
370
    25
100
AcDbLine
 10
26.88049188354746
 20
325.3369779038706
 30
0.0
 11
28.93049188354705
 21
325.3369779038706
 31
0.0
  0
LINE
  5
6D9
330
70
100
AcDbEntity
  8
03_AXES
 62
     7
370
    25
100
AcDbLine
 10
35.33049188354728
 20
325.3369779038706
 30
0.0
 11
37.38049188354751
 21
325.3369779038706
 31
0.0
  0
LINE
  5
6DA
330
70
100
AcDbEntity
  8
03_AXES
 62
     7
370
    25
100
AcDbLine
 10
44.28049188354743
 20
325.3369779038706
 30
0.0
 11
46.33049188354703
 21
325.3369779038706
 31
0.0
  0
LINE
  5
6DB
330
70
100
AcDbEntity
  8
03_AXES
 62
     7
370
    25
100
AcDbLine
 10
52.73049188354725
 20
325.3369779038706
 30
0.0
 11
54.78049188354749
 21
325.3369779038706
 31
0.0
  0
LINE
  5
6DC
330
70
100
AcDbEntity
  8
03_AXES
 62
     7
370
    25
100
AcDbLine
 10
61.6804918835474
 20
325.3369779038706
 30
0.0
 11
63.73049188354699
 21
325.3369779038706
 31
0.0
  0
LINE
  5
6DD
330
70
100
AcDbEntity
  8
03_AXES
 62
     7
370
    25
100
AcDbLine
 10
70.13049188354722
 20
325.3369779038706
 30
0.0
 11
72.18049188354746
 21
325.3369779038706
 31
0.0
  0
LINE
  5
6DE
330
70
100
AcDbEntity
  8
03_AXES
 62
     7
370
    25
100
AcDbLine
 10
79.08049188354738
 20
325.3369779038706
 30
0.0
 11
81.13049188354697
 21
325.3369779038706
 31
0.0
  0
LINE
  5
6DF
330
70
100
AcDbEntity
  8
03_AXES
 62
     7
370
    25
100
AcDbLine
 10
87.53049188354721
 20
325.3369779038706
 30
0.0
 11
89.58049188354742
 21
325.3369779038706
 31
0.0
  0
LINE
  5
6E0
330
70
100
AcDbEntity
  8
03_AXES
 62
     7
370
    25
100
AcDbLine
 10
92.58148238474721
 20
327.3101275928706
 30
0.0
 11
92.54049188354739
 21
327.3101275928706
 31
0.0
  0
LINE
  5
6E1
330
70
100
AcDbEntity
  8
03_AXES
 62
     7
370
    25
100
AcDbLine
 10
75.18148238474722
 20
327.3101275928706
 30
0.0
 11
75.14049188354743
 21
327.3101275928706
 31
0.0
  0
LINE
  5
6E2
330
70
100
AcDbEntity
  8
03_AXES
 62
     7
370
    25
100
AcDbLine
 10
57.78148238474725
 20
327.3101275928706
 30
0.0
 11
57.74049188354746
 21
327.3101275928706
 31
0.0
  0
LINE
  5
6E3
330
70
100
AcDbEntity
  8
03_AXES
 62
     7
370
    25
100
AcDbLine
 10
40.38148238474728
 20
327.3101275928706
 30
0.0
 11
40.34049188354749
 21
327.3101275928706
 31
0.0
  0
LINE
  5
6E4
330
70
100
AcDbEntity
  8
03_AXES
 62
     7
370
    25
100
AcDbLine
 10
32.13049188354716
 20
327.4020393100707
 30
0.0
 11
40.34049188354749
 21
327.4020393100707
 31
0.0
  0
LINE
  5
6E5
330
70
100
AcDbEntity
  8
03_AXES
 62
     7
370
    25
100
AcDbLine
 10
49.53049188354714
 20
327.4020393100707
 30
0.0
 11
57.74049188354746
 21
327.4020393100707
 31
0.0
  0
LINE
  5
6E6
330
70
100
AcDbEntity
  8
03_AXES
 62
     7
370
    25
100
AcDbLine
 10
66.9304918835471
 20
327.4020393100707
 30
0.0
 11
75.14049188354743
 21
327.4020393100707
 31
0.0
  0
LINE
  5
6E7
330
70
100
AcDbEntity
  8
03_AXES
 62
     7
370
    25
100
AcDbLine
 10
84.33049188354708
 20
327.4020393100707
 30
0.0
 11
92.54049188354739
 21
327.4020393100707
 31
0.0
  0
LINE
  5
6E8
330
70
100
AcDbEntity
  8
03_AXES
 62
     7
370
    25
100
AcDbLine
 10
92.83049188354707
 20
329.1590546368707
 30
0.0
 11
92.54049188354739
 21
329.1590546368707
 31
0.0
  0
LINE
  5
6E9
330
70
100
AcDbEntity
  8
03_AXES
 62
     7
370
    25
100
AcDbLine
 10
75.43049188354709
 20
329.1590546368707
 30
0.0
 11
75.14049188354743
 21
329.1590546368707
 31
0.0
  0
LINE
  5
6EA
330
70
100
AcDbEntity
  8
03_AXES
 62
     7
370
    25
100
AcDbLine
 10
58.03049188354711
 20
329.1590546368707
 30
0.0
 11
57.74049188354746
 21
329.1590546368707
 31
0.0
  0
LINE
  5
6EB
330
70
100
AcDbEntity
  8
03_AXES
 62
     7
370
    25
100
AcDbLine
 10
40.63049188354714
 20
329.1590546368707
 30
0.0
 11
40.34049188354749
 21
329.1590546368707
 31
0.0
  0
LINE
  5
6EC
330
70
100
AcDbEntity
  8
03_AXES
 62
     7
370
    25
100
AcDbLine
 10
92.54049188354739
 20
329.1629222091707
 30
0.0
 11
84.33049188354708
 21
329.1629222091707
 31
0.0
  0
LINE
  5
6ED
330
70
100
AcDbEntity
  8
03_AXES
 62
     7
370
    25
100
AcDbLine
 10
75.14049188354743
 20
329.1629222091707
 30
0.0
 11
66.9304918835471
 21
329.1629222091707
 31
0.0
  0
LINE
  5
6EE
330
70
100
AcDbEntity
  8
03_AXES
 62
     7
370
    25
100
AcDbLine
 10
57.74049188354746
 20
329.1629222091707
 30
0.0
 11
49.53049188354714
 21
329.1629222091707
 31
0.0
  0
LINE
  5
6EF
330
70
100
AcDbEntity
  8
03_AXES
 62
     7
370
    25
100
AcDbLine
 10
40.34049188354749
 20
329.1629222091707
 30
0.0
 11
32.13049188354716
 21
329.1629222091707
 31
0.0
  0
LINE
  5
6F0
330
70
100
AcDbEntity
  8
03_AXES
 62
     7
370
    25
100
AcDbLine
 10
37.38049188354751
 20
326.9971024242706
 30
0.0
 11
32.13049188354716
 21
327.0225431281706
 31
0.0
  0
LINE
  5
6F1
330
70
100
AcDbEntity
  8
03_AXES
 62
     7
370
    25
100
AcDbLine
 10
54.78049188354749
 20
326.9971024242706
 30
0.0
 11
49.53049188354714
 21
327.0225431281706
 31
0.0
  0
LINE
  5
6F2
330
70
100
AcDbEntity
  8
03_AXES
 62
     7
370
    25
100
AcDbLine
 10
72.18049188354746
 20
326.9971024242706
 30
0.0
 11
66.9304918835471
 21
327.0225431281706
 31
0.0
  0
LINE
  5
6F3
330
70
100
AcDbEntity
  8
03_AXES
 62
     7
370
    25
100
AcDbLine
 10
89.58049188354742
 20
326.9971024242706
 30
0.0
 11
84.33049188354708
 21
327.0225431281706
 31
0.0
  0
LINE
  5
6F4
330
70
100
AcDbEntity
  8
03_AXES
 62
     7
370
    25
100
AcDbLine
 10
35.43049188354697
 20
325.7368620790709
 30
0.0
 11
32.13049188354716
 21
325.7727616561711
 31
0.0
  0
LINE
  5
6F5
330
70
100
AcDbEntity
  8
03_AXES
 62
     7
370
    25
100
AcDbLine
 10
52.83049188354757
 20
325.7368620790709
 30
0.0
 11
49.53049188354714
 21
325.7727616561711
 31
0.0
  0
LINE
  5
6F6
330
70
100
AcDbEntity
  8
03_AXES
 62
     7
370
    25
100
AcDbLine
 10
70.23049188354754
 20
325.7368620790709
 30
0.0
 11
66.9304918835471
 21
325.7727616561711
 31
0.0
  0
LINE
  5
6F7
330
70
100
AcDbEntity
  8
03_AXES
 62
     7
370
    25
100
AcDbLine
 10
87.63049188354752
 20
325.7368620790709
 30
0.0
 11
84.33049188354708
 21
325.7727616561711
 31
0.0
  0
LINE
  5
6F8
330
70
100
AcDbEntity
  8
03_AXES
 62
     7
370
    25
100
AcDbLine
 10
83.65243934654735
 20
278.1705138961708
 30
0.0
 11
83.71846461634746
 21
278.1488386351706
 31
0.0
  0
LINE
  5
6F9
330
70
100
AcDbEntity
  8
03_AXES
 62
     7
370
    25
100
AcDbLine
 10
66.19008727744695
 20
278.1971228438709
 30
0.0
 11
66.25243934654737
 21
278.1705138961708
 31
0.0
  0
LINE
  5
6FA
330
70
100
AcDbEntity
  8
03_AXES
 62
     7
370
    25
100
AcDbLine
 10
83.59008727744756
 20
278.1971228438709
 30
0.0
 11
83.65243934654735
 21
278.1705138961708
 31
0.0
  0
LINE
  5
6FB
330
70
100
AcDbEntity
  8
03_AXES
 62
     7
370
    25
100
AcDbLine
 10
31.33188031274747
 20
278.2285917991708
 30
0.0
 11
31.390087277447
 21
278.1971228438709
 31
0.0
  0
LINE
  5
6FC
330
70
100
AcDbEntity
  8
03_AXES
 62
     7
370
    25
100
AcDbLine
 10
48.73188031274744
 20
278.2285917991708
 30
0.0
 11
48.79008727744697
 21
278.1971228438709
 31
0.0
  0
LINE
  5
6FD
330
70
100
AcDbEntity
  8
03_AXES
 62
     7
370
    25
100
AcDbLine
 10
31.27835118784706
 20
278.2648481574711
 30
0.0
 11
31.33188031274747
 21
278.2285917991708
 31
0.0
  0
LINE
  5
6FE
330
70
100
AcDbEntity
  8
03_AXES
 62
     7
370
    25
100
AcDbLine
 10
48.49382604624702
 20
278.5497547584707
 30
0.0
 11
48.50649131084706
 21
278.4987049716708
 31
0.0
  0
LINE
  5
6FF
330
70
100
AcDbEntity
  8
03_AXES
 62
     7
370
    25
100
AcDbLine
 10
31.0879562073472
 20
278.6011525122706
 30
0.0
 11
31.09382604624705
 21
278.5497547584707
 31
0.0
  0
LINE
  5
700
330
70
100
AcDbEntity
  8
03_AXES
 62
     7
370
    25
100
AcDbLine
 10
31.08748627954705
 20
278.6204873041711
 30
0.0
 11
31.0879562073472
 21
278.6011525122706
 31
0.0
  0
LINE
  5
701
330
70
100
AcDbEntity
  8
03_AXES
 62
     7
370
    25
100
AcDbLine
 10
31.72049188354712
 20
319.7099694403706
 30
0.0
 11
31.72049188354712
 21
319.7081641922711
 31
0.0
  0
LINE
  5
702
330
70
100
AcDbEntity
  8
03_AXES
 62
     7
370
    25
100
AcDbLine
 10
31.61549188354742
 20
354.7855871761709
 30
0.0
 11
31.61549188354742
 21
353.4047632561705
 31
0.0
  0
LINE
  5
703
330
70
100
AcDbEntity
  8
03_AXES
 62
     7
370
    25
100
AcDbLine
 10
31.61549188354742
 20
284.5048032561706
 30
0.0
 11
31.61549188354742
 21
285.8921205540712
 31
0.0
  0
LINE
  5
704
330
70
100
AcDbEntity
  8
03_AXES
 62
     7
370
    25
100
AcDbLine
 10
31.61549188354742
 20
288.163434828371
 30
0.0
 11
31.61549188354742
 21
289.5507521262708
 31
0.0
  0
LINE
  5
705
330
70
100
AcDbEntity
  8
03_AXES
 62
     7
370
    25
100
AcDbLine
 10
31.61549188354742
 20
357.062737691171
 30
0.0
 11
31.61549188354742
 21
358.4507121262707
 31
0.0
  0
LINE
  5
706
330
70
100
AcDbEntity
  8
03_AXES
 62
     7
370
    25
100
AcDbLine
 10
31.3352991542472
 20
278.9277776911707
 30
0.0
 11
31.3352991542472
 21
278.6204873983706
 31
0.0
  0
LINE
  5
707
330
70
100
AcDbEntity
  8
03_AXES
 62
     7
370
    25
100
AcDbLine
 10
31.08748078804711
 20
278.9277776911707
 30
0.0
 11
31.08748078804711
 21
278.6204873038707
 31
0.0
  0
LINE
  5
708
330
70
100
AcDbEntity
  8
03_AXES
 62
     7
370
    25
100
AcDbLine
 10
29.72049188354705
 20
319.7099694403706
 30
0.0
 11
29.72049188354705
 21
319.5552013984707
 31
0.0
  0
LINE
  5
709
330
70
100
AcDbEntity
  8
03_AXES
 62
     7
370
    25
100
AcDbLine
 10
28.93049188354705
 20
325.5619344195709
 30
0.0
 11
28.93049188354705
 21
325.3369779038706
 31
0.0
  0
LINE
  5
70A
330
70
100
AcDbEntity
  8
03_AXES
 62
     7
370
    25
100
AcDbLine
 10
28.82049188354734
 20
319.7099694403706
 30
0.0
 11
28.82049188354734
 21
319.5552013984707
 31
0.0
  0
LINE
  5
70B
330
70
100
AcDbEntity
  8
03_AXES
 62
     7
370
    25
100
AcDbLine
 10
92.83049188354707
 20
342.1244948629708
 30
0.0
 11
92.54049188354739
 21
342.1244948629708
 31
0.0
  0
LINE
  5
70C
330
70
100
AcDbEntity
  8
03_AXES
 62
     7
370
    25
100
AcDbLine
 10
75.43049188354709
 20
342.1244948629708
 30
0.0
 11
75.14049188354743
 21
342.1244948629708
 31
0.0
  0
LINE
  5
70D
330
70
100
AcDbEntity
  8
03_AXES
 62
     7
370
    25
100
AcDbLine
 10
58.03049188354711
 20
342.1244948629708
 30
0.0
 11
57.74049188354746
 21
342.1244948629708
 31
0.0
  0
LINE
  5
70E
330
70
100
AcDbEntity
  8
03_AXES
 62
     7
370
    25
100
AcDbLine
 10
40.63049188354714
 20
342.1244948629708
 30
0.0
 11
40.34049188354749
 21
342.1244948629708
 31
0.0
  0
LINE
  5
70F
330
70
100
AcDbEntity
  8
03_AXES
 62
     7
370
    25
100
AcDbLine
 10
92.54049188354739
 20
342.1348483982705
 30
0.0
 11
84.33049188354708
 21
342.1348483982705
 31
0.0
  0
LINE
  5
710
330
70
100
AcDbEntity
  8
03_AXES
 62
     7
370
    25
100
AcDbLine
 10
75.14049188354743
 20
342.1348483982705
 30
0.0
 11
66.9304918835471
 21
342.1348483982705
 31
0.0
  0
LINE
  5
711
330
70
100
AcDbEntity
  8
03_AXES
 62
     7
370
    25
100
AcDbLine
 10
57.74049188354746
 20
342.1348483982705
 30
0.0
 11
49.53049188354714
 21
342.1348483982705
 31
0.0
  0
LINE
  5
712
330
70
100
AcDbEntity
  8
03_AXES
 62
     7
370
    25
100
AcDbLine
 10
40.34049188354749
 20
342.1348483982705
 30
0.0
 11
32.13049188354716
 21
342.1348483982705
 31
0.0
  0
LINE
  5
713
330
70
100
AcDbEntity
  8
03_AXES
 62
     7
370
    25
100
AcDbLine
 10
92.83049188354707
 20
343.8277776911708
 30
0.0
 11
92.54049188354739
 21
343.8277776911708
 31
0.0
  0
LINE
  5
714
330
70
100
AcDbEntity
  8
03_AXES
 62
     7
370
    25
100
AcDbLine
 10
75.43049188354709
 20
343.8277776911708
 30
0.0
 11
75.14049188354743
 21
343.8277776911708
 31
0.0
  0
LINE
  5
715
330
70
100
AcDbEntity
  8
03_AXES
 62
     7
370
    25
100
AcDbLine
 10
58.03049188354711
 20
343.8277776911708
 30
0.0
 11
57.74049188354746
 21
343.8277776911708
 31
0.0
  0
LINE
  5
716
330
70
100
AcDbEntity
  8
03_AXES
 62
     7
370
    25
100
AcDbLine
 10
40.63049188354714
 20
343.8277776911708
 30
0.0
 11
40.34049188354749
 21
343.8277776911708
 31
0.0
  0
LINE
  5
717
330
70
100
AcDbEntity
  8
03_AXES
 62
     7
370
    25
100
AcDbLine
 10
92.54049188354739
 20
343.9277776911711
 30
0.0
 11
84.33049188354708
 21
343.9277776911711
 31
0.0
  0
LINE
  5
718
330
70
100
AcDbEntity
  8
03_AXES
 62
     7
370
    25
100
AcDbLine
 10
75.14049188354743
 20
343.9277776911711
 30
0.0
 11
66.9304918835471
 21
343.9277776911711
 31
0.0
  0
LINE
  5
719
330
70
100
AcDbEntity
  8
03_AXES
 62
     7
370
    25
100
AcDbLine
 10
57.74049188354746
 20
343.9277776911711
 30
0.0
 11
49.53049188354714
 21
343.9277776911711
 31
0.0
  0
LINE
  5
71A
330
70
100
AcDbEntity
  8
03_AXES
 62
     7
370
    25
100
AcDbLine
 10
40.34049188354749
 20
343.9277776911711
 30
0.0
 11
32.13049188354716
 21
343.9277776911711
 31
0.0
  0
LINE
  5
71B
330
70
100
AcDbEntity
  8
03_AXES
 62
     7
370
    25
100
AcDbLine
 10
66.13188031274741
 20
278.2285917991708
 30
0.0
 11
66.19008727744695
 21
278.1971228438709
 31
0.0
  0
LINE
  5
71C
330
70
100
AcDbEntity
  8
03_AXES
 62
     7
370
    25
100
AcDbLine
 10
83.53188031274738
 20
278.2285917991708
 30
0.0
 11
83.59008727744756
 21
278.1971228438709
 31
0.0
  0
LINE
  5
71D
330
70
100
AcDbEntity
  8
03_AXES
 62
     7
370
    25
100
AcDbLine
 10
48.67835118784703
 20
278.2648481574711
 30
0.0
 11
48.73188031274744
 21
278.2285917991708
 31
0.0
  0
LINE
  5
71E
330
70
100
AcDbEntity
  8
03_AXES
 62
     7
370
    25
100
AcDbLine
 10
31.23019739494728
 20
278.3056834934708
 30
0.0
 11
31.27835118784706
 21
278.2648481574711
 31
0.0
  0
LINE
  5
71F
330
70
100
AcDbEntity
  8
03_AXES
 62
     7
370
    25
100
AcDbLine
 10
31.09382604624705
 20
278.5497547584707
 30
0.0
 11
31.10649131084709
 21
278.4987049716708
 31
0.0
  0
LINE
  5
720
330
70
100
AcDbEntity
  8
03_AXES
 62
     7
370
    25
100
AcDbLine
 10
84.33049188354708
 20
352.1544837095707
 30
0.0
 11
83.42570420814714
 21
352.0939595286706
 31
0.0
  0
LINE
  5
721
330
70
100
AcDbEntity
  8
03_AXES
 62
     7
370
    25
100
AcDbLine
 10
66.9304918835471
 20
352.1544837095707
 30
0.0
 11
66.02570420814716
 21
352.0939595286706
 31
0.0
  0
LINE
  5
722
330
70
100
AcDbEntity
  8
03_AXES
 62
     7
370
    25
100
AcDbLine
 10
49.53049188354714
 20
352.1544837095707
 30
0.0
 11
48.62570420814719
 21
352.0939595286706
 31
0.0
  0
LINE
  5
723
330
70
100
AcDbEntity
  8
03_AXES
 62
     7
370
    25
100
AcDbLine
 10
32.13049188354716
 20
352.1544837095707
 30
0.0
 11
31.22570420814722
 21
352.0939595286706
 31
0.0
  0
LINE
  5
724
330
70
100
AcDbEntity
  8
03_AXES
 62
     7
370
    25
100
AcDbLine
 10
84.33049188354708
 20
352.073174366671
 30
0.0
 11
83.70662878254753
 21
352.032164499571
 31
0.0
  0
LINE
  5
725
330
70
100
AcDbEntity
  8
03_AXES
 62
     7
370
    25
100
AcDbLine
 10
66.9304918835471
 20
352.073174366671
 30
0.0
 11
66.30662878254755
 21
352.032164499571
 31
0.0
  0
LINE
  5
726
330
70
100
AcDbEntity
  8
03_AXES
 62
     7
370
    25
100
AcDbLine
 10
49.53049188354714
 20
352.073174366671
 30
0.0
 11
48.90662878254757
 21
352.032164499571
 31
0.0
  0
LINE
  5
727
330
70
100
AcDbEntity
  8
03_AXES
 62
     7
370
    25
100
AcDbLine
 10
32.13049188354716
 20
352.073174366671
 30
0.0
 11
31.50662878254696
 21
352.032164499571
 31
0.0
  0
LINE
  5
728
330
70
100
AcDbEntity
  8
03_AXES
 62
     7
370
    25
100
AcDbLine
 10
84.52527327754726
 20
352.0148700529706
 30
0.0
 11
84.33049188354708
 21
352.0130638684711
 31
0.0
  0
LINE
  5
729
330
70
100
AcDbEntity
  8
03_AXES
 62
     7
370
    25
100
AcDbLine
 10
67.12527327754729
 20
352.0148700529706
 30
0.0
 11
66.9304918835471
 21
352.0130638684711
 31
0.0
  0
LINE
  5
72A
330
70
100
AcDbEntity
  8
03_AXES
 62
     7
370
    25
100
AcDbLine
 10
49.72527327754732
 20
352.0148700529706
 30
0.0
 11
49.53049188354714
 21
352.0130638684711
 31
0.0
  0
LINE
  5
72B
330
70
100
AcDbEntity
  8
03_AXES
 62
     7
370
    25
100
AcDbLine
 10
32.32527327754735
 20
352.0148700529706
 30
0.0
 11
32.13049188354716
 21
352.0130638684711
 31
0.0
  0
LINE
  5
72C
330
70
100
AcDbEntity
  8
03_AXES
 62
     7
370
    25
100
AcDbLine
 10
85.71378950674747
 20
352.2398495466705
 30
0.0
 11
85.25795321224698
 21
352.2358715235707
 31
0.0
  0
LINE
  5
72D
330
70
100
AcDbEntity
  8
03_AXES
 62
     7
370
    25
100
AcDbLine
 10
68.3137895067475
 20
352.2398495466705
 30
0.0
 11
67.85795321224701
 21
352.2358715235707
 31
0.0
  0
LINE
  5
72E
330
70
100
AcDbEntity
  8
03_AXES
 62
     7
370
    25
100
AcDbLine
 10
50.91378950674752
 20
352.2398495466705
 30
0.0
 11
50.45795321224704
 21
352.2358715235707
 31
0.0
  0
LINE
  5
72F
330
70
100
AcDbEntity
  8
03_AXES
 62
     7
370
    25
100
AcDbLine
 10
33.51378950674755
 20
352.2398495466705
 30
0.0
 11
33.05795321224707
 21
352.2358715235707
 31
0.0
  0
LINE
  5
730
330
70
100
AcDbEntity
  8
03_AXES
 62
     7
370
    25
100
AcDbLine
 10
84.33049188354708
 20
352.073174366671
 30
0.0
 11
85.12735778664723
 21
352.0800572584708
 31
0.0
  0
LINE
  5
731
330
70
100
AcDbEntity
  8
03_AXES
 62
     7
370
    25
100
AcDbLine
 10
66.9304918835471
 20
352.073174366671
 30
0.0
 11
67.72735778664724
 21
352.0800572584708
 31
0.0
  0
LINE
  5
732
330
70
100
AcDbEntity
  8
03_AXES
 62
     7
370
    25
100
AcDbLine
 10
49.53049188354714
 20
352.073174366671
 30
0.0
 11
50.32735778664727
 21
352.0800572584708
 31
0.0
  0
LINE
  5
733
330
70
100
AcDbEntity
  8
03_AXES
 62
     7
370
    25
100
AcDbLine
 10
32.13049188354716
 20
352.073174366671
 30
0.0
 11
32.9273577866473
 21
352.0800572584708
 31
0.0
  0
LINE
  5
734
330
70
100
AcDbEntity
  8
03_AXES
 62
     7
370
    25
100
AcDbLine
 10
92.83049188354707
 20
346.4242856142705
 30
0.0
 11
92.54049188354739
 21
346.4242856142705
 31
0.0
  0
LINE
  5
735
330
70
100
AcDbEntity
  8
03_AXES
 62
     7
370
    25
100
AcDbLine
 10
75.43049188354709
 20
346.4242856142705
 30
0.0
 11
75.14049188354743
 21
346.4242856142705
 31
0.0
  0
LINE
  5
736
330
70
100
AcDbEntity
  8
03_AXES
 62
     7
370
    25
100
AcDbLine
 10
58.03049188354711
 20
346.4242856142705
 30
0.0
 11
57.74049188354746
 21
346.4242856142705
 31
0.0
  0
LINE
  5
737
330
70
100
AcDbEntity
  8
03_AXES
 62
     7
370
    25
100
AcDbLine
 10
40.63049188354714
 20
346.4242856142705
 30
0.0
 11
40.34049188354749
 21
346.4242856142705
 31
0.0
  0
LINE
  5
738
330
70
100
AcDbEntity
  8
03_AXES
 62
     7
370
    25
100
AcDbLine
 10
32.13049188354716
 20
346.4277776911708
 30
0.0
 11
40.34049188354749
 21
346.4277776911708
 31
0.0
  0
LINE
  5
739
330
70
100
AcDbEntity
  8
03_AXES
 62
     7
370
    25
100
AcDbLine
 10
49.53049188354714
 20
346.4277776911708
 30
0.0
 11
57.74049188354746
 21
346.4277776911708
 31
0.0
  0
LINE
  5
73A
330
70
100
AcDbEntity
  8
03_AXES
 62
     7
370
    25
100
AcDbLine
 10
66.9304918835471
 20
346.4277776911708
 30
0.0
 11
75.14049188354743
 21
346.4277776911708
 31
0.0
  0
LINE
  5
73B
330
70
100
AcDbEntity
  8
03_AXES
 62
     7
370
    25
100
AcDbLine
 10
84.33049188354708
 20
346.4277776911708
 30
0.0
 11
92.54049188354739
 21
346.4277776911708
 31
0.0
  0
LINE
  5
73C
330
70
100
AcDbEntity
  8
03_AXES
 62
     7
370
    25
100
AcDbLine
 10
87.51615521794711
 20
355.277737691171
 30
0.0
 11
85.3254918835471
 21
355.277737691171
 31
0.0
  0
LINE
  5
73D
330
70
100
AcDbEntity
  8
03_AXES
 62
     7
370
    25
100
AcDbLine
 10
83.34227388154728
 20
355.277737691171
 30
0.0
 11
81.14615521794698
 21
355.277737691171
 31
0.0
  0
LINE
  5
73E
330
70
100
AcDbEntity
  8
03_AXES
 62
     7
370
    25
100
AcDbLine
 10
70.11615521794714
 20
355.277737691171
 30
0.0
 11
67.92549188354712
 21
355.277737691171
 31
0.0
  0
LINE
  5
73F
330
70
100
AcDbEntity
  8
03_AXES
 62
     7
370
    25
100
AcDbLine
 10
65.94227388154729
 20
355.277737691171
 30
0.0
 11
63.74615521794701
 21
355.277737691171
 31
0.0
  0
LINE
  5
740
330
70
100
AcDbEntity
  8
03_AXES
 62
     7
370
    25
100
AcDbLine
 10
52.71615521794716
 20
355.277737691171
 30
0.0
 11
50.52549188354715
 21
355.277737691171
 31
0.0
  0
LINE
  5
741
330
70
100
AcDbEntity
  8
03_AXES
 62
     7
370
    25
100
AcDbLine
 10
48.54227388154732
 20
355.277737691171
 30
0.0
 11
46.34615521794703
 21
355.277737691171
 31
0.0
  0
LINE
  5
742
330
70
100
AcDbEntity
  8
03_AXES
 62
     7
370
    25
100
AcDbLine
 10
35.31615521794719
 20
355.277737691171
 30
0.0
 11
33.12549188354719
 21
355.277737691171
 31
0.0
  0
LINE
  5
743
330
70
100
AcDbEntity
  8
03_AXES
 62
     7
370
    25
100
AcDbLine
 10
31.14227388154735
 20
355.277737691171
 30
0.0
 11
28.94615521794706
 21
355.277737691171
 31
0.0
  0
LINE
  5
744
330
70
100
AcDbEntity
  8
03_AXES
 62
     7
370
    25
100
AcDbLine
 10
28.94615521794706
 20
356.5777376911707
 30
0.0
 11
31.13482303954747
 21
356.5777376911707
 31
0.0
  0
LINE
  5
745
330
70
100
AcDbEntity
  8
03_AXES
 62
     7
370
    25
100
AcDbLine
 10
33.12549188354719
 20
356.5777376911707
 30
0.0
 11
35.31615521794719
 21
356.5777376911707
 31
0.0
  0
LINE
  5
746
330
70
100
AcDbEntity
  8
03_AXES
 62
     7
370
    25
100
AcDbLine
 10
46.34615521794703
 20
356.5777376911707
 30
0.0
 11
48.53482303954744
 21
356.5777376911707
 31
0.0
  0
LINE
  5
747
330
70
100
AcDbEntity
  8
03_AXES
 62
     7
370
    25
100
AcDbLine
 10
50.52549188354715
 20
356.5777376911707
 30
0.0
 11
52.71615521794716
 21
356.5777376911707
 31
0.0
  0
LINE
  5
748
330
70
100
AcDbEntity
  8
03_AXES
 62
     7
370
    25
100
AcDbLine
 10
63.74615521794701
 20
356.5777376911707
 30
0.0
 11
65.93482303954741
 21
356.5777376911707
 31
0.0
  0
LINE
  5
749
330
70
100
AcDbEntity
  8
03_AXES
 62
     7
370
    25
100
AcDbLine
 10
67.92549188354712
 20
356.5777376911707
 30
0.0
 11
70.11615521794714
 21
356.5777376911707
 31
0.0
  0
LINE
  5
74A
330
70
100
AcDbEntity
  8
03_AXES
 62
     7
370
    25
100
AcDbLine
 10
81.14615521794698
 20
356.5777376911707
 30
0.0
 11
83.33482303954738
 21
356.5777376911707
 31
0.0
  0
LINE
  5
74B
330
70
100
AcDbEntity
  8
03_AXES
 62
     7
370
    25
100
AcDbLine
 10
85.3254918835471
 20
356.5777376911707
 30
0.0
 11
87.51615521794711
 21
356.5777376911707
 31
0.0
  0
LINE
  5
74C
330
70
100
AcDbEntity
  8
03_AXES
 62
     7
370
    25
100
AcDbLine
 10
66.07835118784699
 20
278.2648481574711
 30
0.0
 11
66.13188031274741
 21
278.2285917991708
 31
0.0
  0
LINE
  5
74D
330
70
100
AcDbEntity
  8
03_AXES
 62
     7
370
    25
100
AcDbLine
 10
83.47835118784697
 20
278.2648481574711
 30
0.0
 11
83.53188031274738
 21
278.2285917991708
 31
0.0
  0
LINE
  5
74E
330
70
100
AcDbEntity
  8
03_AXES
 62
     7
370
    25
100
AcDbLine
 10
48.63019739494725
 20
278.3056834934708
 30
0.0
 11
48.67835118784703
 21
278.2648481574711
 31
0.0
  0
LINE
  5
74F
330
70
100
AcDbEntity
  8
03_AXES
 62
     7
370
    25
100
AcDbLine
 10
31.18832068894701
 20
278.3505162649706
 30
0.0
 11
31.23019739494728
 21
278.3056834934708
 31
0.0
  0
LINE
  5
750
330
70
100
AcDbEntity
  8
03_AXES
 62
     7
370
    25
100
AcDbLine
 10
92.83049188354707
 20
362.0603149912709
 30
0.0
 11
92.54049188354739
 21
362.0603149912709
 31
0.0
  0
LINE
  5
751
330
70
100
AcDbEntity
  8
03_AXES
 62
     7
370
    25
100
AcDbLine
 10
75.43049188354709
 20
362.0603149912709
 30
0.0
 11
75.14049188354743
 21
362.0603149912709
 31
0.0
  0
LINE
  5
752
330
70
100
AcDbEntity
  8
03_AXES
 62
     7
370
    25
100
AcDbLine
 10
58.03049188354711
 20
362.0603149912709
 30
0.0
 11
57.74049188354746
 21
362.0603149912709
 31
0.0
  0
LINE
  5
753
330
70
100
AcDbEntity
  8
03_AXES
 62
     7
370
    25
100
AcDbLine
 10
40.63049188354714
 20
362.0603149912709
 30
0.0
 11
40.34049188354749
 21
362.0603149912709
 31
0.0
  0
LINE
  5
754
330
70
100
AcDbEntity
  8
03_AXES
 62
     7
370
    25
100
AcDbLine
 10
32.13049188354716
 20
362.0672906386706
 30
0.0
 11
40.34049188354749
 21
362.0672906386706
 31
0.0
  0
LINE
  5
755
330
70
100
AcDbEntity
  8
03_AXES
 62
     7
370
    25
100
AcDbLine
 10
49.53049188354714
 20
362.0672906386706
 30
0.0
 11
57.74049188354746
 21
362.0672906386706
 31
0.0
  0
LINE
  5
756
330
70
100
AcDbEntity
  8
03_AXES
 62
     7
370
    25
100
AcDbLine
 10
66.9304918835471
 20
362.0672906386706
 30
0.0
 11
75.14049188354743
 21
362.0672906386706
 31
0.0
  0
LINE
  5
757
330
70
100
AcDbEntity
  8
03_AXES
 62
     7
370
    25
100
AcDbLine
 10
84.33049188354708
 20
362.0672906386706
 30
0.0
 11
92.54049188354739
 21
362.0672906386706
 31
0.0
  0
LINE
  5
758
330
70
100
AcDbEntity
  8
03_AXES
 62
     7
370
    25
100
AcDbLine
 10
92.83049188354707
 20
363.8277776911708
 30
0.0
 11
92.54049188354739
 21
363.8277776911708
 31
0.0
  0
LINE
  5
759
330
70
100
AcDbEntity
  8
03_AXES
 62
     7
370
    25
100
AcDbLine
 10
75.43049188354709
 20
363.8277776911708
 30
0.0
 11
75.14049188354743
 21
363.8277776911708
 31
0.0
  0
LINE
  5
75A
330
70
100
AcDbEntity
  8
03_AXES
 62
     7
370
    25
100
AcDbLine
 10
58.03049188354711
 20
363.8277776911708
 30
0.0
 11
57.74049188354746
 21
363.8277776911708
 31
0.0
  0
LINE
  5
75B
330
70
100
AcDbEntity
  8
03_AXES
 62
     7
370
    25
100
AcDbLine
 10
40.63049188354714
 20
363.8277776911708
 30
0.0
 11
40.34049188354749
 21
363.8277776911708
 31
0.0
  0
LINE
  5
75C
330
70
100
AcDbEntity
  8
03_AXES
 62
     7
370
    25
100
AcDbLine
 10
32.13049188354716
 20
363.9277776911705
 30
0.0
 11
40.34049188354749
 21
363.9277776911705
 31
0.0
  0
LINE
  5
75D
330
70
100
AcDbEntity
  8
03_AXES
 62
     7
370
    25
100
AcDbLine
 10
49.53049188354714
 20
363.9277776911705
 30
0.0
 11
57.74049188354746
 21
363.9277776911705
 31
0.0
  0
LINE
  5
75E
330
70
100
AcDbEntity
  8
03_AXES
 62
     7
370
    25
100
AcDbLine
 10
66.9304918835471
 20
363.9277776911705
 30
0.0
 11
75.14049188354743
 21
363.9277776911705
 31
0.0
  0
LINE
  5
75F
330
70
100
AcDbEntity
  8
03_AXES
 62
     7
370
    25
100
AcDbLine
 10
84.33049188354708
 20
363.9277776911705
 30
0.0
 11
92.54049188354739
 21
363.9277776911705
 31
0.0
  0
LINE
  5
760
330
70
100
AcDbEntity
  8
03_AXES
 62
     7
370
    25
100
AcDbLine
 10
36.18049188354747
 20
364.9277776911706
 30
0.0
 11
36.88049188354717
 21
364.9277776911706
 31
0.0
  0
LINE
  5
761
330
70
100
AcDbEntity
  8
03_AXES
 62
     7
370
    25
100
AcDbLine
 10
53.58049188354744
 20
364.9277776911706
 30
0.0
 11
54.28049188354714
 21
364.9277776911706
 31
0.0
  0
LINE
  5
762
330
70
100
AcDbEntity
  8
03_AXES
 62
     7
370
    25
100
AcDbLine
 10
70.98049188354742
 20
364.9277776911706
 30
0.0
 11
71.68049188354712
 21
364.9277776911706
 31
0.0
  0
LINE
  5
763
330
70
100
AcDbEntity
  8
03_AXES
 62
     7
370
    25
100
AcDbLine
 10
88.38049188354739
 20
364.9277776911706
 30
0.0
 11
89.08049188354709
 21
364.9277776911706
 31
0.0
  0
LINE
  5
764
330
70
100
AcDbEntity
  8
03_AXES
 62
     7
370
    25
100
AcDbLine
 10
88.08049188354706
 20
365.1277776911705
 30
0.0
 11
84.33049188354708
 21
365.1277776911705
 31
0.0
  0
LINE
  5
765
330
70
100
AcDbEntity
  8
03_AXES
 62
     7
370
    25
100
AcDbLine
 10
70.68049188354708
 20
365.1277776911705
 30
0.0
 11
66.9304918835471
 21
365.1277776911705
 31
0.0
  0
LINE
  5
766
330
70
100
AcDbEntity
  8
03_AXES
 62
     7
370
    25
100
AcDbLine
 10
53.28049188354711
 20
365.1277776911705
 30
0.0
 11
49.53049188354714
 21
365.1277776911705
 31
0.0
  0
LINE
  5
767
330
70
100
AcDbEntity
  8
03_AXES
 62
     7
370
    25
100
AcDbLine
 10
35.88049188354714
 20
365.1277776911705
 30
0.0
 11
32.13049188354716
 21
365.1277776911705
 31
0.0
  0
LINE
  5
768
330
70
100
AcDbEntity
  8
03_AXES
 62
     7
370
    25
100
AcDbLine
 10
88.7804918835474
 20
365.4277776911709
 30
0.0
 11
84.33049188354708
 21
365.4277776911709
 31
0.0
  0
LINE
  5
769
330
70
100
AcDbEntity
  8
03_AXES
 62
     7
370
    25
100
AcDbLine
 10
71.38049188354742
 20
365.4277776911709
 30
0.0
 11
66.9304918835471
 21
365.4277776911709
 31
0.0
  0
LINE
  5
76A
330
70
100
AcDbEntity
  8
03_AXES
 62
     7
370
    25
100
AcDbLine
 10
53.98049188354746
 20
365.4277776911709
 30
0.0
 11
49.53049188354714
 21
365.4277776911709
 31
0.0
  0
LINE
  5
76B
330
70
100
AcDbEntity
  8
03_AXES
 62
     7
370
    25
100
AcDbLine
 10
36.58049188354748
 20
365.4277776911709
 30
0.0
 11
32.13049188354716
 21
365.4277776911709
 31
0.0
  0
LINE
  5
76C
330
70
100
AcDbEntity
  8
03_AXES
 62
     7
370
    25
100
AcDbLine
 10
66.03019739494722
 20
278.3056834934708
 30
0.0
 11
66.07835118784699
 21
278.2648481574711
 31
0.0
  0
LINE
  5
76D
330
70
100
AcDbEntity
  8
03_AXES
 62
     7
370
    25
100
AcDbLine
 10
83.43019739494719
 20
278.3056834934708
 30
0.0
 11
83.47835118784697
 21
278.2648481574711
 31
0.0
  0
LINE
  5
76E
330
70
100
AcDbEntity
  8
03_AXES
 62
     7
370
    25
100
AcDbLine
 10
48.58832068894699
 20
278.3505162649706
 30
0.0
 11
48.63019739494725
 21
278.3056834934708
 31
0.0
  0
LINE
  5
76F
330
70
100
AcDbEntity
  8
03_AXES
 62
     7
370
    25
100
AcDbLine
 10
31.15347974924733
 20
278.3984570267709
 30
0.0
 11
31.18832068894701
 21
278.3505162649706
 31
0.0
  0
LINE
  5
770
330
70
100
AcDbEntity
  8
03_AXES
 62
     7
370
    25
100
AcDbLine
 10
65.98832068894695
 20
278.3505162649706
 30
0.0
 11
66.03019739494722
 21
278.3056834934708
 31
0.0
  0
LINE
  5
771
330
70
100
AcDbEntity
  8
03_AXES
 62
     7
370
    25
100
AcDbLine
 10
83.38832068894694
 20
278.3505162649706
 30
0.0
 11
83.43019739494719
 21
278.3056834934708
 31
0.0
  0
LINE
  5
772
330
70
100
AcDbEntity
  8
03_AXES
 62
     7
370
    25
100
AcDbLine
 10
48.5534797492473
 20
278.3984570267709
 30
0.0
 11
48.58832068894699
 21
278.3505162649706
 31
0.0
  0
LINE
  5
773
330
70
100
AcDbEntity
  8
03_AXES
 62
     7
370
    25
100
AcDbLine
 10
31.1262402392472
 20
278.4481588625707
 30
0.0
 11
31.15347974924733
 21
278.3984570267709
 31
0.0
  0
LINE
  5
774
330
70
100
AcDbEntity
  8
03_AXES
 62
     7
370
    25
100
AcDbLine
 10
36.88049188354717
 20
365.2545726104711
 30
0.0
 11
36.58049188354748
 21
365.4277776911709
 31
0.0
  0
LINE
  5
775
330
70
100
AcDbEntity
  8
03_AXES
 62
     7
370
    25
100
AcDbLine
 10
65.95347974924727
 20
278.3984570267709
 30
0.0
 11
65.98832068894695
 21
278.3505162649706
 31
0.0
  0
LINE
  5
776
330
70
100
AcDbEntity
  8
03_AXES
 62
     7
370
    25
100
AcDbLine
 10
48.52624023924717
 20
278.4481588625707
 30
0.0
 11
48.5534797492473
 21
278.3984570267709
 31
0.0
  0
LINE
  5
777
330
70
100
AcDbEntity
  8
03_AXES
 62
     7
370
    25
100
AcDbLine
 10
31.10649131084709
 20
278.4987049716708
 30
0.0
 11
31.1262402392472
 21
278.4481588625707
 31
0.0
  0
LINE
  5
778
330
70
100
AcDbEntity
  8
03_AXES
 62
     7
370
    25
100
AcDbLine
 10
54.28049188354714
 20
365.2545726104711
 30
0.0
 11
53.98049188354746
 21
365.4277776911709
 31
0.0
  0
LINE
  5
779
330
70
100
AcDbEntity
  8
03_AXES
 62
     7
370
    25
100
AcDbLine
 10
71.68049188354712
 20
365.2545726104711
 30
0.0
 11
71.38049188354742
 21
365.4277776911709
 31
0.0
  0
LINE
  5
77A
330
70
100
AcDbEntity
  8
03_AXES
 62
     7
370
    25
100
AcDbLine
 10
83.35347974924724
 20
278.3984570267709
 30
0.0
 11
83.38832068894694
 21
278.3505162649706
 31
0.0
  0
LINE
  5
77B
330
70
100
AcDbEntity
  8
03_AXES
 62
     7
370
    25
100
AcDbLine
 10
65.92624023924715
 20
278.4481588625707
 30
0.0
 11
65.95347974924727
 21
278.3984570267709
 31
0.0
  0
LINE
  5
77C
330
70
100
AcDbEntity
  8
03_AXES
 62
     7
370
    25
100
AcDbLine
 10
48.50649131084706
 20
278.4987049716708
 30
0.0
 11
48.52624023924717
 21
278.4481588625707
 31
0.0
  0
LINE
  5
77D
330
70
100
AcDbEntity
  8
03_AXES
 62
     7
370
    25
100
AcDbLine
 10
89.08049188354709
 20
365.2545726104711
 30
0.0
 11
88.7804918835474
 21
365.4277776911709
 31
0.0
  0
LINE
  5
77E
330
70
100
AcDbEntity
  8
03_AXES
 62
     7
370
    25
100
AcDbLine
 10
83.32624023924712
 20
278.4481588625707
 30
0.0
 11
83.35347974924724
 21
278.3984570267709
 31
0.0
  0
LINE
  5
77F
330
70
100
AcDbEntity
  8
03_AXES
 62
     7
370
    25
100
AcDbLine
 10
65.90649131084703
 20
278.4987049716708
 30
0.0
 11
65.92624023924715
 21
278.4481588625707
 31
0.0
  0
LINE
  5
780
330
70
100
AcDbEntity
  8
03_AXES
 62
     7
370
    25
100
AcDbLine
 10
83.30649131084701
 20
278.4987049716708
 30
0.0
 11
83.32624023924712
 21
278.4481588625707
 31
0.0
  0
SPLINE
  5
781
330
70
100
AcDbEntity
  8
03_AXES
 62
     7
370
    25
100
AcDbSpline
210
0.0
220
0.0
230
1.0
 70
     8
 71
     3
 72
     8
 73
     4
 74
     0
 42
0.0000000001
 43
0.0000000001
 40
0.0
 40
0.0
 40
0.0
 40
0.0
 40
1.0
 40
1.0
 40
1.0
 40
1.0
 10
88.08049188354706
 20
277.7277776911707
 30
0.0
 10
88.08049188354706
 20
277.5620922662217
 30
0.0
 10
88.21480645859777
 20
277.427777691171
 30
0.0
 10
88.38049188354739
 20
277.427777691171
 30
0.0
  0
SPLINE
  5
782
330
70
100
AcDbEntity
  8
03_AXES
 62
     7
370
    25
100
AcDbSpline
210
0.0
220
0.0
230
1.0
 70
     8
 71
     3
 72
     8
 73
     4
 74
     0
 42
0.0000000001
 43
0.0000000001
 40
0.0
 40
0.0
 40
0.0
 40
0.0
 40
1.0
 40
1.0
 40
1.0
 40
1.0
 10
92.83049188354707
 20
279.027777691171
 30
0.0
 10
92.94094883351325
 20
279.027777691171
 30
0.0
 10
93.03049188354707
 20
279.1173207412049
 30
0.0
 10
93.03049188354707
 20
279.2277776911711
 30
0.0
  0
SPLINE
  5
783
330
70
100
AcDbEntity
  8
03_AXES
 62
     7
370
    25
100
AcDbSpline
210
0.0
220
0.0
230
1.0
 70
     8
 71
     3
 72
     8
 73
     4
 74
     0
 42
0.0000000001
 43
0.0000000001
 40
0.0
 40
0.0
 40
0.0
 40
0.0
 40
1.0
 40
1.0
 40
1.0
 40
1.0
 10
70.68049188354708
 20
277.7277776911707
 30
0.0
 10
70.68049188354708
 20
277.5620922662217
 30
0.0
 10
70.8148064585978
 20
277.427777691171
 30
0.0
 10
70.98049188354742
 20
277.427777691171
 30
0.0
  0
SPLINE
  5
784
330
70
100
AcDbEntity
  8
03_AXES
 62
     7
370
    25
100
AcDbSpline
210
0.0
220
0.0
230
1.0
 70
     8
 71
     3
 72
     8
 73
     4
 74
     0
 42
0.0000000001
 43
0.0000000001
 40
0.0
 40
0.0
 40
0.0
 40
0.0
 40
1.0
 40
1.0
 40
1.0
 40
1.0
 10
75.43049188354709
 20
279.027777691171
 30
0.0
 10
75.54094883351329
 20
279.027777691171
 30
0.0
 10
75.63049188354709
 20
279.1173207412049
 30
0.0
 10
75.63049188354709
 20
279.2277776911711
 30
0.0
  0
CIRCLE
  5
785
330
70
100
AcDbEntity
  8
03_AXES
 62
     7
370
    25
100
AcDbCircle
 10
84.33049188354708
 20
286.927777691171
 30
0.0
 40
3.749999999999972
  0
SPLINE
  5
786
330
70
100
AcDbEntity
  8
03_AXES
 62
     7
370
    25
100
AcDbSpline
210
0.0
220
0.0
230
1.0
 70
     8
 71
     3
 72
     8
 73
     4
 74
     0
 42
0.0000000001
 43
0.0000000001
 40
0.0
 40
0.0
 40
0.0
 40
0.0
 40
1.0
 40
1.0
 40
1.0
 40
1.0
 10
81.14482854920352
 20
287.6777776911651
 30
0.0
 10
81.05731316112841
 20
287.2488629788835
 30
0.0
 10
81.05731316112841
 20
286.8066924034578
 30
0.0
 10
81.14482854920352
 20
286.3777776911763
 30
0.0
  0
SPLINE
  5
787
330
70
100
AcDbEntity
  8
03_AXES
 62
     7
370
    25
100
AcDbSpline
210
0.0
220
0.0
230
1.0
 70
     8
 71
     3
 72
     8
 73
     4
 74
     0
 42
0.0000000001
 43
0.0000000001
 40
0.0
 40
0.0
 40
0.0
 40
0.0
 40
1.0
 40
1.0
 40
1.0
 40
1.0
 10
87.51482854916579
 20
286.3777776911718
 30
0.0
 10
87.60237966167434
 20
286.806688795292
 30
0.0
 10
87.60237966167434
 20
287.2488665870494
 30
0.0
 10
87.51482854916579
 20
287.6777776911702
 30
0.0
  0
SPLINE
  5
788
330
70
100
AcDbEntity
  8
03_AXES
 62
     7
370
    25
100
AcDbSpline
210
0.0
220
0.0
230
1.0
 70
     8
 71
     3
 72
     8
 73
     4
 74
     0
 42
0.0000000001
 43
0.0000000001
 40
0.0
 40
0.0
 40
0.0
 40
0.0
 40
1.0
 40
1.0
 40
1.0
 40
1.0
 10
86.34763301948282
 20
286.3777776911744
 30
0.0
 10
86.4838215198355
 20
286.8004106547194
 30
0.0
 10
86.4838215198355
 20
287.2551447276219
 30
0.0
 10
86.34763301948282
 20
287.6777776911676
 30
0.0
  0
SPLINE
  5
789
330
70
100
AcDbEntity
  8
03_AXES
 62
     7
370
    25
100
AcDbSpline
210
0.0
220
0.0
230
1.0
 70
     8
 71
     3
 72
     8
 73
     4
 74
     0
 42
0.0000000001
 43
0.0000000001
 40
0.0
 40
0.0
 40
0.0
 40
0.0
 40
1.0
 40
1.0
 40
1.0
 40
1.0
 10
83.8154918835467
 20
285.9218052683683
 30
0.0
 10
84.14199377563582
 20
285.7697684987715
 30
0.0
 10
84.518989991459
 20
285.7697684987715
 30
0.0
 10
84.8454918835481
 20
285.9218052683683
 30
0.0
  0
SPLINE
  5
78A
330
70
100
AcDbEntity
  8
03_AXES
 62
     7
370
    25
100
AcDbSpline
210
0.0
220
0.0
230
1.0
 70
     8
 71
     3
 72
     8
 73
     4
 74
     0
 42
0.0000000001
 43
0.0000000001
 40
0.0
 40
0.0
 40
0.0
 40
0.0
 40
1.0
 40
1.0
 40
1.0
 40
1.0
 10
85.36291621491466
 20
286.3777776911712
 30
0.0
 10
85.48546626884066
 20
286.5724294719143
 30
0.0
 10
85.5504918835472
 20
286.7977606668796
 30
0.0
 10
85.5504918835472
 20
287.0277776911707
 30
0.0
  0
SPLINE
  5
78B
330
70
100
AcDbEntity
  8
03_AXES
 62
     7
370
    25
100
AcDbSpline
210
0.0
220
0.0
230
1.0
 70
     8
 71
     3
 72
     8
 73
     4
 74
     0
 42
0.0000000001
 43
0.0000000001
 40
0.0
 40
0.0
 40
0.0
 40
0.0
 40
1.0
 40
1.0
 40
1.0
 40
1.0
 10
84.8454918835481
 20
288.133750113973
 30
0.0
 10
84.518989991459
 20
288.2857868835698
 30
0.0
 10
84.14199377563582
 20
288.2857868835698
 30
0.0
 10
83.8154918835467
 20
288.133750113973
 30
0.0
  0
SPLINE
  5
78C
330
70
100
AcDbEntity
  8
03_AXES
 62
     7
370
    25
100
AcDbSpline
210
0.0
220
0.0
230
1.0
 70
     8
 71
     3
 72
    11
 73
     7
 74
     0
 42
0.0000000001
 43
0.0000000001
 40
0.0
 40
0.0
 40
0.0
 40
0.0
 40
1.0
 40
1.0
 40
1.0
 40
2.0
 40
2.0
 40
2.0
 40
2.0
 10
83.81549188354734
 20
285.8921205540712
 30
0.0
 10
83.81549188354734
 20
286.0025775040366
 30
0.0
 10
83.72594883351352
 20
286.0921205540711
 30
0.0
 10
83.61549188354734
 20
286.0921205540711
 30
0.0
 10
83.5631413328076
 20
286.0921205540711
 30
0.0
 10
83.51287765467757
 20
286.0715945081595
 30
0.0
 10
83.47549188354753
 20
286.034949122642
 30
0.0
  0
SPLINE
  5
78D
330
70
100
AcDbEntity
  8
03_AXES
 62
     7
370
    25
100
AcDbSpline
210
0.0
220
0.0
230
1.0
 70
     8
 71
     3
 72
    11
 73
     7
 74
     0
 42
0.0000000001
 43
0.0000000001
 40
0.0
 40
0.0
 40
0.0
 40
0.0
 40
1.0
 40
1.0
 40
1.0
 40
2.0
 40
2.0
 40
2.0
 40
2.0
 10
85.18582630555419
 20
286.035277691171
 30
0.0
 10
85.10712572870332
 20
286.1127822523215
 30
0.0
 10
84.98049644469784
 20
286.1118126900284
 30
0.0
 10
84.90299188354732
 20
286.0331121131775
 30
0.0
 10
84.86614506959204
 20
285.9956966956803
 30
0.0
 10
84.84549188354746
 20
285.9452905578338
 30
0.0
 10
84.84549188354746
 20
285.8927776911709
 30
0.0
  0
SPLINE
  5
78E
330
70
100
AcDbEntity
  8
03_AXES
 62
     7
370
    25
100
AcDbSpline
210
0.0
220
0.0
230
1.0
 70
     8
 71
     3
 72
    11
 73
     7
 74
     0
 42
0.0000000001
 43
0.0000000001
 40
0.0
 40
0.0
 40
0.0
 40
0.0
 40
1.0
 40
1.0
 40
1.0
 40
2.0
 40
2.0
 40
2.0
 40
2.0
 10
84.84549188354746
 20
288.169928206171
 30
0.0
 10
84.84549188354746
 20
288.0594712562048
 30
0.0
 10
84.93503493358129
 20
287.9699282061709
 30
0.0
 10
85.04549188354749
 20
287.9699282061709
 30
0.0
 10
85.09621905096725
 20
287.9699282061709
 30
0.0
 10
85.14505096430267
 20
287.9892040103538
 30
0.0
 10
85.182100884518
 20
288.0238529486706
 30
0.0
  0
SPLINE
  5
78F
330
70
100
AcDbEntity
  8
03_AXES
 62
     7
370
    25
100
AcDbSpline
210
0.0
220
0.0
230
1.0
 70
     8
 71
     3
 72
    11
 73
     7
 74
     0
 42
0.0000000001
 43
0.0000000001
 40
0.0
 40
0.0
 40
0.0
 40
0.0
 40
1.0
 40
1.0
 40
1.0
 40
2.0
 40
2.0
 40
2.0
 40
2.0
 10
83.47549188354753
 20
288.0206062598001
 30
0.0
 10
83.55437392380926
 20
287.9432863948235
 30
0.0
 10
83.68100058714153
 20
287.9445527881088
 30
0.0
 10
83.75832045211819
 20
288.0234348283705
 30
0.0
 10
83.79496583763566
 20
288.0608205995012
 30
0.0
 10
83.81549188354734
 20
288.1110842776313
 30
0.0
 10
83.81549188354734
 20
288.163434828371
 30
0.0
  0
CIRCLE
  5
790
330
70
100
AcDbEntity
  8
03_AXES
 62
     7
370
    25
100
AcDbCircle
 10
66.9304918835471
 20
286.927777691171
 30
0.0
 40
3.749999999999972
  0
SPLINE
  5
791
330
70
100
AcDbEntity
  8
03_AXES
 62
     7
370
    25
100
AcDbSpline
210
0.0
220
0.0
230
1.0
 70
     8
 71
     3
 72
     8
 73
     4
 74
     0
 42
0.0000000001
 43
0.0000000001
 40
0.0
 40
0.0
 40
0.0
 40
0.0
 40
1.0
 40
1.0
 40
1.0
 40
1.0
 10
63.74482854920355
 20
287.6777776911651
 30
0.0
 10
63.65731316112843
 20
287.2488629788835
 30
0.0
 10
63.65731316112843
 20
286.8066924034578
 30
0.0
 10
63.74482854920355
 20
286.3777776911763
 30
0.0
  0
SPLINE
  5
792
330
70
100
AcDbEntity
  8
03_AXES
 62
     7
370
    25
100
AcDbSpline
210
0.0
220
0.0
230
1.0
 70
     8
 71
     3
 72
     8
 73
     4
 74
     0
 42
0.0000000001
 43
0.0000000001
 40
0.0
 40
0.0
 40
0.0
 40
0.0
 40
1.0
 40
1.0
 40
1.0
 40
1.0
 10
70.11482854916582
 20
286.3777776911718
 30
0.0
 10
70.20237966167435
 20
286.806688795292
 30
0.0
 10
70.20237966167435
 20
287.2488665870494
 30
0.0
 10
70.11482854916582
 20
287.6777776911702
 30
0.0
  0
SPLINE
  5
793
330
70
100
AcDbEntity
  8
03_AXES
 62
     7
370
    25
100
AcDbSpline
210
0.0
220
0.0
230
1.0
 70
     8
 71
     3
 72
     8
 73
     4
 74
     0
 42
0.0000000001
 43
0.0000000001
 40
0.0
 40
0.0
 40
0.0
 40
0.0
 40
1.0
 40
1.0
 40
1.0
 40
1.0
 10
68.94763301948285
 20
286.3777776911744
 30
0.0
 10
69.08382151983552
 20
286.8004106547194
 30
0.0
 10
69.08382151983552
 20
287.2551447276219
 30
0.0
 10
68.94763301948285
 20
287.6777776911676
 30
0.0
  0
SPLINE
  5
794
330
70
100
AcDbEntity
  8
03_AXES
 62
     7
370
    25
100
AcDbSpline
210
0.0
220
0.0
230
1.0
 70
     8
 71
     3
 72
     8
 73
     4
 74
     0
 42
0.0000000001
 43
0.0000000001
 40
0.0
 40
0.0
 40
0.0
 40
0.0
 40
1.0
 40
1.0
 40
1.0
 40
1.0
 10
66.41549188354672
 20
285.9218052683683
 30
0.0
 10
66.74199377563583
 20
285.7697684987715
 30
0.0
 10
67.11898999145903
 20
285.7697684987715
 30
0.0
 10
67.44549188354814
 20
285.9218052683683
 30
0.0
  0
SPLINE
  5
795
330
70
100
AcDbEntity
  8
03_AXES
 62
     7
370
    25
100
AcDbSpline
210
0.0
220
0.0
230
1.0
 70
     8
 71
     3
 72
     8
 73
     4
 74
     0
 42
0.0000000001
 43
0.0000000001
 40
0.0
 40
0.0
 40
0.0
 40
0.0
 40
1.0
 40
1.0
 40
1.0
 40
1.0
 10
67.96291621491469
 20
286.3777776911712
 30
0.0
 10
68.08546626884067
 20
286.5724294719143
 30
0.0
 10
68.15049188354722
 20
286.7977606668796
 30
0.0
 10
68.15049188354722
 20
287.0277776911707
 30
0.0
  0
SPLINE
  5
796
330
70
100
AcDbEntity
  8
03_AXES
 62
     7
370
    25
100
AcDbSpline
210
0.0
220
0.0
230
1.0
 70
     8
 71
     3
 72
     8
 73
     4
 74
     0
 42
0.0000000001
 43
0.0000000001
 40
0.0
 40
0.0
 40
0.0
 40
0.0
 40
1.0
 40
1.0
 40
1.0
 40
1.0
 10
67.44549188354814
 20
288.133750113973
 30
0.0
 10
67.11898999145903
 20
288.2857868835698
 30
0.0
 10
66.74199377563583
 20
288.2857868835698
 30
0.0
 10
66.41549188354672
 20
288.133750113973
 30
0.0
  0
SPLINE
  5
797
330
70
100
AcDbEntity
  8
03_AXES
 62
     7
370
    25
100
AcDbSpline
210
0.0
220
0.0
230
1.0
 70
     8
 71
     3
 72
    11
 73
     7
 74
     0
 42
0.0000000001
 43
0.0000000001
 40
0.0
 40
0.0
 40
0.0
 40
0.0
 40
1.0
 40
1.0
 40
1.0
 40
2.0
 40
2.0
 40
2.0
 40
2.0
 10
66.41549188354736
 20
285.8921205540712
 30
0.0
 10
66.41549188354736
 20
286.0025775040366
 30
0.0
 10
66.32594883351355
 20
286.0921205540711
 30
0.0
 10
66.21549188354736
 20
286.0921205540711
 30
0.0
 10
66.16314133280764
 20
286.0921205540711
 30
0.0
 10
66.11287765467759
 20
286.0715945081595
 30
0.0
 10
66.07549188354754
 20
286.034949122642
 30
0.0
  0
SPLINE
  5
798
330
70
100
AcDbEntity
  8
03_AXES
 62
     7
370
    25
100
AcDbSpline
210
0.0
220
0.0
230
1.0
 70
     8
 71
     3
 72
    11
 73
     7
 74
     0
 42
0.0000000001
 43
0.0000000001
 40
0.0
 40
0.0
 40
0.0
 40
0.0
 40
1.0
 40
1.0
 40
1.0
 40
2.0
 40
2.0
 40
2.0
 40
2.0
 10
67.78582630555421
 20
286.035277691171
 30
0.0
 10
67.70712572870334
 20
286.1127822523215
 30
0.0
 10
67.58049644469785
 20
286.1118126900284
 30
0.0
 10
67.50299188354737
 20
286.0331121131775
 30
0.0
 10
67.46614506959208
 20
285.9956966956803
 30
0.0
 10
67.4454918835475
 20
285.9452905578338
 30
0.0
 10
67.4454918835475
 20
285.8927776911709
 30
0.0
  0
SPLINE
  5
799
330
70
100
AcDbEntity
  8
03_AXES
 62
     7
370
    25
100
AcDbSpline
210
0.0
220
0.0
230
1.0
 70
     8
 71
     3
 72
    11
 73
     7
 74
     0
 42
0.0000000001
 43
0.0000000001
 40
0.0
 40
0.0
 40
0.0
 40
0.0
 40
1.0
 40
1.0
 40
1.0
 40
2.0
 40
2.0
 40
2.0
 40
2.0
 10
67.4454918835475
 20
288.169928206171
 30
0.0
 10
67.4454918835475
 20
288.0594712562048
 30
0.0
 10
67.53503493358131
 20
287.9699282061709
 30
0.0
 10
67.64549188354751
 20
287.9699282061709
 30
0.0
 10
67.69621905096727
 20
287.9699282061709
 30
0.0
 10
67.74505096430269
 20
287.9892040103538
 30
0.0
 10
67.78210088451801
 20
288.0238529486706
 30
0.0
  0
SPLINE
  5
79A
330
70
100
AcDbEntity
  8
03_AXES
 62
     7
370
    25
100
AcDbSpline
210
0.0
220
0.0
230
1.0
 70
     8
 71
     3
 72
    11
 73
     7
 74
     0
 42
0.0000000001
 43
0.0000000001
 40
0.0
 40
0.0
 40
0.0
 40
0.0
 40
1.0
 40
1.0
 40
1.0
 40
2.0
 40
2.0
 40
2.0
 40
2.0
 10
66.07549188354754
 20
288.0206062598001
 30
0.0
 10
66.15437392380929
 20
287.9432863948235
 30
0.0
 10
66.28100058714156
 20
287.9445527881088
 30
0.0
 10
66.35832045211822
 20
288.0234348283705
 30
0.0
 10
66.39496583763571
 20
288.0608205995012
 30
0.0
 10
66.41549188354736
 20
288.1110842776313
 30
0.0
 10
66.41549188354736
 20
288.163434828371
 30
0.0
  0
CIRCLE
  5
79B
330
70
100
AcDbEntity
  8
03_AXES
 62
     7
370
    25
100
AcDbCircle
 10
49.53049188354714
 20
286.927777691171
 30
0.0
 40
3.749999999999972
  0
SPLINE
  5
79C
330
70
100
AcDbEntity
  8
03_AXES
 62
     7
370
    25
100
AcDbSpline
210
0.0
220
0.0
230
1.0
 70
     8
 71
     3
 72
     8
 73
     4
 74
     0
 42
0.0000000001
 43
0.0000000001
 40
0.0
 40
0.0
 40
0.0
 40
0.0
 40
1.0
 40
1.0
 40
1.0
 40
1.0
 10
46.34482854920358
 20
287.6777776911651
 30
0.0
 10
46.25731316112847
 20
287.2488629788835
 30
0.0
 10
46.25731316112847
 20
286.8066924034578
 30
0.0
 10
46.34482854920358
 20
286.3777776911763
 30
0.0
  0
SPLINE
  5
79D
330
70
100
AcDbEntity
  8
03_AXES
 62
     7
370
    25
100
AcDbSpline
210
0.0
220
0.0
230
1.0
 70
     8
 71
     3
 72
     8
 73
     4
 74
     0
 42
0.0000000001
 43
0.0000000001
 40
0.0
 40
0.0
 40
0.0
 40
0.0
 40
1.0
 40
1.0
 40
1.0
 40
1.0
 10
52.71482854916585
 20
286.3777776911718
 30
0.0
 10
52.80237966167439
 20
286.806688795292
 30
0.0
 10
52.80237966167439
 20
287.2488665870494
 30
0.0
 10
52.71482854916585
 20
287.6777776911702
 30
0.0
  0
SPLINE
  5
79E
330
70
100
AcDbEntity
  8
03_AXES
 62
     7
370
    25
100
AcDbSpline
210
0.0
220
0.0
230
1.0
 70
     8
 71
     3
 72
     8
 73
     4
 74
     0
 42
0.0000000001
 43
0.0000000001
 40
0.0
 40
0.0
 40
0.0
 40
0.0
 40
1.0
 40
1.0
 40
1.0
 40
1.0
 10
51.54763301948288
 20
286.3777776911744
 30
0.0
 10
51.68382151983555
 20
286.8004106547194
 30
0.0
 10
51.68382151983555
 20
287.2551447276219
 30
0.0
 10
51.54763301948288
 20
287.6777776911676
 30
0.0
  0
SPLINE
  5
79F
330
70
100
AcDbEntity
  8
03_AXES
 62
     7
370
    25
100
AcDbSpline
210
0.0
220
0.0
230
1.0
 70
     8
 71
     3
 72
     8
 73
     4
 74
     0
 42
0.0000000001
 43
0.0000000001
 40
0.0
 40
0.0
 40
0.0
 40
0.0
 40
1.0
 40
1.0
 40
1.0
 40
1.0
 10
49.01549188354675
 20
285.9218052683683
 30
0.0
 10
49.34199377563587
 20
285.7697684987715
 30
0.0
 10
49.71898999145905
 20
285.7697684987715
 30
0.0
 10
50.04549188354816
 20
285.9218052683683
 30
0.0
  0
SPLINE
  5
7A0
330
70
100
AcDbEntity
  8
03_AXES
 62
     7
370
    25
100
AcDbSpline
210
0.0
220
0.0
230
1.0
 70
     8
 71
     3
 72
     8
 73
     4
 74
     0
 42
0.0000000001
 43
0.0000000001
 40
0.0
 40
0.0
 40
0.0
 40
0.0
 40
1.0
 40
1.0
 40
1.0
 40
1.0
 10
50.56291621491472
 20
286.3777776911712
 30
0.0
 10
50.68546626884071
 20
286.5724294719143
 30
0.0
 10
50.75049188354725
 20
286.7977606668796
 30
0.0
 10
50.75049188354725
 20
287.0277776911707
 30
0.0
  0
SPLINE
  5
7A1
330
70
100
AcDbEntity
  8
03_AXES
 62
     7
370
    25
100
AcDbSpline
210
0.0
220
0.0
230
1.0
 70
     8
 71
     3
 72
     8
 73
     4
 74
     0
 42
0.0000000001
 43
0.0000000001
 40
0.0
 40
0.0
 40
0.0
 40
0.0
 40
1.0
 40
1.0
 40
1.0
 40
1.0
 10
50.04549188354816
 20
288.133750113973
 30
0.0
 10
49.71898999145905
 20
288.2857868835698
 30
0.0
 10
49.34199377563587
 20
288.2857868835698
 30
0.0
 10
49.01549188354675
 20
288.133750113973
 30
0.0
  0
SPLINE
  5
7A2
330
70
100
AcDbEntity
  8
03_AXES
 62
     7
370
    25
100
AcDbSpline
210
0.0
220
0.0
230
1.0
 70
     8
 71
     3
 72
     8
 73
     4
 74
     0
 42
0.0000000001
 43
0.0000000001
 40
0.0
 40
0.0
 40
0.0
 40
0.0
 40
1.0
 40
1.0
 40
1.0
 40
1.0
 10
53.28049188354711
 20
277.7277776911707
 30
0.0
 10
53.28049188354711
 20
277.5620922662217
 30
0.0
 10
53.41480645859784
 20
277.427777691171
 30
0.0
 10
53.58049188354744
 20
277.427777691171
 30
0.0
  0
SPLINE
  5
7A3
330
70
100
AcDbEntity
  8
03_AXES
 62
     7
370
    25
100
AcDbSpline
210
0.0
220
0.0
230
1.0
 70
     8
 71
     3
 72
     8
 73
     4
 74
     0
 42
0.0000000001
 43
0.0000000001
 40
0.0
 40
0.0
 40
0.0
 40
0.0
 40
1.0
 40
1.0
 40
1.0
 40
1.0
 10
35.88049188354714
 20
277.7277776911707
 30
0.0
 10
35.88049188354714
 20
277.5620922662217
 30
0.0
 10
36.01480645859786
 20
277.427777691171
 30
0.0
 10
36.18049188354747
 20
277.427777691171
 30
0.0
  0
SPLINE
  5
7A4
330
70
100
AcDbEntity
  8
03_AXES
 62
     7
370
    25
100
AcDbSpline
210
0.0
220
0.0
230
1.0
 70
     8
 71
     3
 72
     8
 73
     4
 74
     0
 42
0.0000000001
 43
0.0000000001
 40
0.0
 40
0.0
 40
0.0
 40
0.0
 40
1.0
 40
1.0
 40
1.0
 40
1.0
 10
58.03049188354711
 20
279.027777691171
 30
0.0
 10
58.1409488335133
 20
279.027777691171
 30
0.0
 10
58.23049188354712
 20
279.1173207412049
 30
0.0
 10
58.23049188354712
 20
279.2277776911711
 30
0.0
  0
SPLINE
  5
7A5
330
70
100
AcDbEntity
  8
03_AXES
 62
     7
370
    25
100
AcDbSpline
210
0.0
220
0.0
230
1.0
 70
     8
 71
     3
 72
     8
 73
     4
 74
     0
 42
0.0000000001
 43
0.0000000001
 40
0.0
 40
0.0
 40
0.0
 40
0.0
 40
1.0
 40
1.0
 40
1.0
 40
1.0
 10
40.63049188354714
 20
279.027777691171
 30
0.0
 10
40.74094883351333
 20
279.027777691171
 30
0.0
 10
40.83049188354715
 20
279.1173207412049
 30
0.0
 10
40.83049188354715
 20
279.2277776911711
 30
0.0
  0
SPLINE
  5
7A6
330
70
100
AcDbEntity
  8
03_AXES
 62
     7
370
    25
100
AcDbSpline
210
0.0
220
0.0
230
1.0
 70
     8
 71
     3
 72
    11
 73
     7
 74
     0
 42
0.0000000001
 43
0.0000000001
 40
0.0
 40
0.0
 40
0.0
 40
0.0
 40
1.0
 40
1.0
 40
1.0
 40
2.0
 40
2.0
 40
2.0
 40
2.0
 10
49.01549188354739
 20
285.8921205540712
 30
0.0
 10
49.01549188354739
 20
286.0025775040366
 30
0.0
 10
48.92594883351358
 20
286.0921205540711
 30
0.0
 10
48.81549188354739
 20
286.0921205540711
 30
0.0
 10
48.76314133280766
 20
286.0921205540711
 30
0.0
 10
48.71287765467762
 20
286.0715945081595
 30
0.0
 10
48.67549188354757
 20
286.034949122642
 30
0.0
  0
SPLINE
  5
7A7
330
70
100
AcDbEntity
  8
03_AXES
 62
     7
370
    25
100
AcDbSpline
210
0.0
220
0.0
230
1.0
 70
     8
 71
     3
 72
    11
 73
     7
 74
     0
 42
0.0000000001
 43
0.0000000001
 40
0.0
 40
0.0
 40
0.0
 40
0.0
 40
1.0
 40
1.0
 40
1.0
 40
2.0
 40
2.0
 40
2.0
 40
2.0
 10
50.38582630555424
 20
286.035277691171
 30
0.0
 10
50.30712572870337
 20
286.1127822523215
 30
0.0
 10
50.18049644469789
 20
286.1118126900284
 30
0.0
 10
50.10299188354739
 20
286.0331121131775
 30
0.0
 10
50.06614506959211
 20
285.9956966956803
 30
0.0
 10
50.04549188354753
 20
285.9452905578338
 30
0.0
 10
50.04549188354753
 20
285.8927776911709
 30
0.0
  0
SPLINE
  5
7A8
330
70
100
AcDbEntity
  8
03_AXES
 62
     7
370
    25
100
AcDbSpline
210
0.0
220
0.0
230
1.0
 70
     8
 71
     3
 72
    11
 73
     7
 74
     0
 42
0.0000000001
 43
0.0000000001
 40
0.0
 40
0.0
 40
0.0
 40
0.0
 40
1.0
 40
1.0
 40
1.0
 40
2.0
 40
2.0
 40
2.0
 40
2.0
 10
50.04549188354753
 20
288.169928206171
 30
0.0
 10
50.04549188354753
 20
288.0594712562048
 30
0.0
 10
50.13503493358134
 20
287.9699282061709
 30
0.0
 10
50.24549188354753
 20
287.9699282061709
 30
0.0
 10
50.2962190509673
 20
287.9699282061709
 30
0.0
 10
50.34505096430272
 20
287.9892040103538
 30
0.0
 10
50.38210088451805
 20
288.0238529486706
 30
0.0
  0
SPLINE
  5
7A9
330
70
100
AcDbEntity
  8
03_AXES
 62
     7
370
    25
100
AcDbSpline
210
0.0
220
0.0
230
1.0
 70
     8
 71
     3
 72
    11
 73
     7
 74
     0
 42
0.0000000001
 43
0.0000000001
 40
0.0
 40
0.0
 40
0.0
 40
0.0
 40
1.0
 40
1.0
 40
1.0
 40
2.0
 40
2.0
 40
2.0
 40
2.0
 10
48.67549188354757
 20
288.0206062598001
 30
0.0
 10
48.75437392380931
 20
287.9432863948235
 30
0.0
 10
48.88100058714159
 20
287.9445527881088
 30
0.0
 10
48.95832045211824
 20
288.0234348283705
 30
0.0
 10
48.99496583763573
 20
288.0608205995012
 30
0.0
 10
49.01549188354739
 20
288.1110842776313
 30
0.0
 10
49.01549188354739
 20
288.163434828371
 30
0.0
  0
SPLINE
  5
7AA
330
70
100
AcDbEntity
  8
03_AXES
 62
     7
370
    25
100
AcDbSpline
210
0.0
220
0.0
230
1.0
 70
     8
 71
     3
 72
     8
 73
     4
 74
     0
 42
0.0000000001
 43
0.0000000001
 40
0.0
 40
0.0
 40
0.0
 40
0.0
 40
1.0
 40
1.0
 40
1.0
 40
1.0
 10
92.83049188354707
 20
299.0277776911711
 30
0.0
 10
92.94094883351325
 20
299.0277776911711
 30
0.0
 10
93.03049188354707
 20
299.117320741205
 30
0.0
 10
93.03049188354707
 20
299.2277776911711
 30
0.0
  0
SPLINE
  5
7AB
330
70
100
AcDbEntity
  8
03_AXES
 62
     7
370
    25
100
AcDbSpline
210
0.0
220
0.0
230
1.0
 70
     8
 71
     3
 72
     8
 73
     4
 74
     0
 42
0.0000000001
 43
0.0000000001
 40
0.0
 40
0.0
 40
0.0
 40
0.0
 40
1.0
 40
1.0
 40
1.0
 40
1.0
 10
75.43049188354709
 20
299.0277776911711
 30
0.0
 10
75.54094883351329
 20
299.0277776911711
 30
0.0
 10
75.63049188354709
 20
299.117320741205
 30
0.0
 10
75.63049188354709
 20
299.2277776911711
 30
0.0
  0
SPLINE
  5
7AC
330
70
100
AcDbEntity
  8
03_AXES
 62
     7
370
    25
100
AcDbSpline
210
0.0
220
0.0
230
1.0
 70
     8
 71
     3
 72
     8
 73
     4
 74
     0
 42
0.0000000001
 43
0.0000000001
 40
0.0
 40
0.0
 40
0.0
 40
0.0
 40
1.0
 40
1.0
 40
1.0
 40
1.0
 10
58.03049188354711
 20
299.0277776911711
 30
0.0
 10
58.1409488335133
 20
299.0277776911711
 30
0.0
 10
58.23049188354712
 20
299.117320741205
 30
0.0
 10
58.23049188354712
 20
299.2277776911711
 30
0.0
  0
SPLINE
  5
7AD
330
70
100
AcDbEntity
  8
03_AXES
 62
     7
370
    25
100
AcDbSpline
210
0.0
220
0.0
230
1.0
 70
     8
 71
     3
 72
     8
 73
     4
 74
     0
 42
0.0000000001
 43
0.0000000001
 40
0.0
 40
0.0
 40
0.0
 40
0.0
 40
1.0
 40
1.0
 40
1.0
 40
1.0
 10
40.63049188354714
 20
299.0277776911711
 30
0.0
 10
40.74094883351333
 20
299.0277776911711
 30
0.0
 10
40.83049188354715
 20
299.117320741205
 30
0.0
 10
40.83049188354715
 20
299.2277776911711
 30
0.0
  0
CIRCLE
  5
7AE
330
70
100
AcDbEntity
  8
03_AXES
 62
     7
370
    25
100
AcDbCircle
 10
32.13049188354716
 20
286.927777691171
 30
0.0
 40
3.749999999999972
  0
SPLINE
  5
7AF
330
70
100
AcDbEntity
  8
03_AXES
 62
     7
370
    25
100
AcDbSpline
210
0.0
220
0.0
230
1.0
 70
     8
 71
     3
 72
     8
 73
     4
 74
     0
 42
0.0000000001
 43
0.0000000001
 40
0.0
 40
0.0
 40
0.0
 40
0.0
 40
1.0
 40
1.0
 40
1.0
 40
1.0
 10
28.94482854920361
 20
287.6777776911651
 30
0.0
 10
28.85731316112849
 20
287.2488629788835
 30
0.0
 10
28.85731316112849
 20
286.8066924034578
 30
0.0
 10
28.94482854920361
 20
286.3777776911763
 30
0.0
  0
SPLINE
  5
7B0
330
70
100
AcDbEntity
  8
03_AXES
 62
     7
370
    25
100
AcDbSpline
210
0.0
220
0.0
230
1.0
 70
     8
 71
     3
 72
     8
 73
     4
 74
     0
 42
0.0000000001
 43
0.0000000001
 40
0.0
 40
0.0
 40
0.0
 40
0.0
 40
1.0
 40
1.0
 40
1.0
 40
1.0
 10
35.31482854916588
 20
286.3777776911718
 30
0.0
 10
35.40237966167442
 20
286.806688795292
 30
0.0
 10
35.40237966167442
 20
287.2488665870494
 30
0.0
 10
35.31482854916588
 20
287.6777776911702
 30
0.0
  0
SPLINE
  5
7B1
330
70
100
AcDbEntity
  8
03_AXES
 62
     7
370
    25
100
AcDbSpline
210
0.0
220
0.0
230
1.0
 70
     8
 71
     3
 72
     8
 73
     4
 74
     0
 42
0.0000000001
 43
0.0000000001
 40
0.0
 40
0.0
 40
0.0
 40
0.0
 40
1.0
 40
1.0
 40
1.0
 40
1.0
 10
34.14763301948227
 20
286.3777776911744
 30
0.0
 10
34.28382151983558
 20
286.8004106547194
 30
0.0
 10
34.28382151983558
 20
287.2551447276219
 30
0.0
 10
34.14763301948227
 20
287.6777776911676
 30
0.0
  0
SPLINE
  5
7B2
330
70
100
AcDbEntity
  8
03_AXES
 62
     7
370
    25
100
AcDbSpline
210
0.0
220
0.0
230
1.0
 70
     8
 71
     3
 72
     8
 73
     4
 74
     0
 42
0.0000000001
 43
0.0000000001
 40
0.0
 40
0.0
 40
0.0
 40
0.0
 40
1.0
 40
1.0
 40
1.0
 40
1.0
 10
31.61549188354678
 20
285.9218052683683
 30
0.0
 10
31.94199377563589
 20
285.7697684987715
 30
0.0
 10
32.31898999145908
 20
285.7697684987715
 30
0.0
 10
32.6454918835482
 20
285.9218052683683
 30
0.0
  0
SPLINE
  5
7B3
330
70
100
AcDbEntity
  8
03_AXES
 62
     7
370
    25
100
AcDbSpline
210
0.0
220
0.0
230
1.0
 70
     8
 71
     3
 72
     8
 73
     4
 74
     0
 42
0.0000000001
 43
0.0000000001
 40
0.0
 40
0.0
 40
0.0
 40
0.0
 40
1.0
 40
1.0
 40
1.0
 40
1.0
 10
33.16291621491475
 20
286.3777776911712
 30
0.0
 10
33.28546626884073
 20
286.5724294719143
 30
0.0
 10
33.35049188354727
 20
286.7977606668796
 30
0.0
 10
33.35049188354727
 20
287.0277776911707
 30
0.0
  0
SPLINE
  5
7B4
330
70
100
AcDbEntity
  8
03_AXES
 62
     7
370
    25
100
AcDbSpline
210
0.0
220
0.0
230
1.0
 70
     8
 71
     3
 72
     8
 73
     4
 74
     0
 42
0.0000000001
 43
0.0000000001
 40
0.0
 40
0.0
 40
0.0
 40
0.0
 40
1.0
 40
1.0
 40
1.0
 40
1.0
 10
32.6454918835482
 20
288.133750113973
 30
0.0
 10
32.31898999145908
 20
288.2857868835698
 30
0.0
 10
31.94199377563589
 20
288.2857868835698
 30
0.0
 10
31.61549188354678
 20
288.133750113973
 30
0.0
  0
SPLINE
  5
7B5
330
70
100
AcDbEntity
  8
03_AXES
 62
     7
370
    25
100
AcDbSpline
210
0.0
220
0.0
230
1.0
 70
     8
 71
     3
 72
    11
 73
     7
 74
     0
 42
0.0000000001
 43
0.0000000001
 40
0.0
 40
0.0
 40
0.0
 40
0.0
 40
1.0
 40
1.0
 40
1.0
 40
2.0
 40
2.0
 40
2.0
 40
2.0
 10
31.61549188354742
 20
285.8921205540712
 30
0.0
 10
31.61549188354742
 20
286.0025775040366
 30
0.0
 10
31.52594883351361
 20
286.0921205540711
 30
0.0
 10
31.41549188354741
 20
286.0921205540711
 30
0.0
 10
31.36314133280769
 20
286.0921205540711
 30
0.0
 10
31.31287765467765
 20
286.0715945081595
 30
0.0
 10
31.27549188354696
 20
286.034949122642
 30
0.0
  0
SPLINE
  5
7B6
330
70
100
AcDbEntity
  8
03_AXES
 62
     7
370
    25
100
AcDbSpline
210
0.0
220
0.0
230
1.0
 70
     8
 71
     3
 72
    11
 73
     7
 74
     0
 42
0.0000000001
 43
0.0000000001
 40
0.0
 40
0.0
 40
0.0
 40
0.0
 40
1.0
 40
1.0
 40
1.0
 40
2.0
 40
2.0
 40
2.0
 40
2.0
 10
32.98582630555427
 20
286.035277691171
 30
0.0
 10
32.9071257287034
 20
286.1127822523215
 30
0.0
 10
32.78049644469792
 20
286.1118126900284
 30
0.0
 10
32.70299188354742
 20
286.0331121131775
 30
0.0
 10
32.66614506959213
 20
285.9956966956803
 30
0.0
 10
32.64549188354691
 20
285.9452905578338
 30
0.0
 10
32.64549188354691
 20
285.8927776911709
 30
0.0
  0
SPLINE
  5
7B7
330
70
100
AcDbEntity
  8
03_AXES
 62
     7
370
    25
100
AcDbSpline
210
0.0
220
0.0
230
1.0
 70
     8
 71
     3
 72
    11
 73
     7
 74
     0
 42
0.0000000001
 43
0.0000000001
 40
0.0
 40
0.0
 40
0.0
 40
0.0
 40
1.0
 40
1.0
 40
1.0
 40
2.0
 40
2.0
 40
2.0
 40
2.0
 10
32.64549188354691
 20
288.169928206171
 30
0.0
 10
32.64549188354691
 20
288.0594712562048
 30
0.0
 10
32.73503493358137
 20
287.9699282061709
 30
0.0
 10
32.84549188354756
 20
287.9699282061709
 30
0.0
 10
32.89621905096733
 20
287.9699282061709
 30
0.0
 10
32.94505096430211
 20
287.9892040103538
 30
0.0
 10
32.98210088451808
 20
288.0238529486706
 30
0.0
  0
SPLINE
  5
7B8
330
70
100
AcDbEntity
  8
03_AXES
 62
     7
370
    25
100
AcDbSpline
210
0.0
220
0.0
230
1.0
 70
     8
 71
     3
 72
    11
 73
     7
 74
     0
 42
0.0000000001
 43
0.0000000001
 40
0.0
 40
0.0
 40
0.0
 40
0.0
 40
1.0
 40
1.0
 40
1.0
 40
2.0
 40
2.0
 40
2.0
 40
2.0
 10
31.27549188354696
 20
288.0206062598001
 30
0.0
 10
31.35437392380935
 20
287.9432863948235
 30
0.0
 10
31.48100058714162
 20
287.9445527881088
 30
0.0
 10
31.55832045211827
 20
288.0234348283705
 30
0.0
 10
31.59496583763576
 20
288.0608205995012
 30
0.0
 10
31.61549188354742
 20
288.1110842776313
 30
0.0
 10
31.61549188354742
 20
288.163434828371
 30
0.0
  0
LINE
  5
7B9
330
70
100
AcDbEntity
  8
03_AXES
 62
     7
370
    25
100
AcDbLine
 10
63.42049188344716
 20
319.7099694404264
 30
0.0
 11
63.42049397837058
 21
319.7087654802154
 31
0.0
  0
LINE
  5
7BA
330
70
100
AcDbEntity
  8
03_AXES
 62
     7
370
    25
100
AcDbLine
 10
47.32048559960907
 20
319.708163513779
 30
0.0
 11
47.32049188328264
 21
319.7093674594145
 31
0.0
  0
LINE
  5
7BB
330
70
100
AcDbEntity
  8
03_AXES
 62
     7
370
    25
100
AcDbLine
 10
64.72048559960905
 20
319.7081635137809
 30
0.0
 11
64.72049188328262
 21
319.7093674594164
 31
0.0
  0
LINE
  5
7BC
330
70
100
AcDbEntity
  8
03_AXES
 62
     7
370
    25
100
AcDbLine
 10
46.0204918835473
 20
319.7099694404328
 30
0.0
 11
46.0204939784707
 21
319.7087654802225
 31
0.0
  0
SPLINE
  5
7BD
330
70
100
AcDbEntity
  8
03_AXES
 62
     7
370
    25
100
AcDbSpline
210
0.0
220
0.0
230
1.0
 70
     8
 71
     3
 72
     8
 73
     4
 74
     0
 42
0.0000000001
 43
0.0000000001
 40
0.0
 40
0.0
 40
0.0
 40
0.0
 40
1.0
 40
1.0
 40
1.0
 40
1.0
 10
92.83049188354707
 20
306.0277776911707
 30
0.0
 10
92.94094883351325
 20
306.0277776911707
 30
0.0
 10
93.03049188354707
 20
306.1173207412045
 30
0.0
 10
93.03049188354707
 20
306.2277776911707
 30
0.0
  0
SPLINE
  5
7BE
330
70
100
AcDbEntity
  8
03_AXES
 62
     7
370
    25
100
AcDbSpline
210
0.0
220
0.0
230
1.0
 70
     8
 71
     3
 72
     8
 73
     4
 74
     0
 42
0.0000000001
 43
0.0000000001
 40
0.0
 40
0.0
 40
0.0
 40
0.0
 40
1.0
 40
1.0
 40
1.0
 40
1.0
 10
75.43049188354709
 20
306.0277776911707
 30
0.0
 10
75.54094883351329
 20
306.0277776911707
 30
0.0
 10
75.63049188354709
 20
306.1173207412045
 30
0.0
 10
75.63049188354709
 20
306.2277776911707
 30
0.0
  0
SPLINE
  5
7BF
330
70
100
AcDbEntity
  8
03_AXES
 62
     7
370
    25
100
AcDbSpline
210
0.0
220
0.0
230
1.0
 70
     8
 71
     3
 72
     8
 73
     4
 74
     0
 42
0.0000000001
 43
0.0000000001
 40
0.0
 40
0.0
 40
0.0
 40
0.0
 40
1.0
 40
1.0
 40
1.0
 40
1.0
 10
58.03049188354711
 20
306.0277776911707
 30
0.0
 10
58.1409488335133
 20
306.0277776911707
 30
0.0
 10
58.23049188354712
 20
306.1173207412045
 30
0.0
 10
58.23049188354712
 20
306.2277776911707
 30
0.0
  0
SPLINE
  5
7C0
330
70
100
AcDbEntity
  8
03_AXES
 62
     7
370
    25
100
AcDbSpline
210
0.0
220
0.0
230
1.0
 70
     8
 71
     3
 72
     8
 73
     4
 74
     0
 42
0.0000000001
 43
0.0000000001
 40
0.0
 40
0.0
 40
0.0
 40
0.0
 40
1.0
 40
1.0
 40
1.0
 40
1.0
 10
40.63049188354714
 20
306.0277776911707
 30
0.0
 10
40.74094883351333
 20
306.0277776911707
 30
0.0
 10
40.83049188354715
 20
306.1173207412045
 30
0.0
 10
40.83049188354715
 20
306.2277776911707
 30
0.0
  0
LINE
  5
7C1
330
70
100
AcDbEntity
  8
03_AXES
 62
     7
370
    25
100
AcDbLine
 10
67.5204837078207
 20
319.7081632629106
 30
0.0
 11
67.52049188306647
 21
319.7093673719689
 31
0.0
  0
LINE
  5
7C2
330
70
100
AcDbEntity
  8
03_AXES
 62
     7
370
    25
100
AcDbLine
 10
49.12049188354709
 20
319.7099694403738
 30
0.0
 11
49.12049460929788
 21
319.7087653066486
 31
0.0
  0
LINE
  5
7C3
330
70
100
AcDbEntity
  8
03_AXES
 62
     7
370
    25
100
AcDbLine
 10
66.5204918834476
 20
319.7099694403789
 30
0.0
 11
66.52049460919774
 21
319.7087653066531
 31
0.0
  0
LINE
  5
7C4
330
70
100
AcDbEntity
  8
03_AXES
 62
     7
370
    25
100
AcDbLine
 10
50.12048370782073
 20
319.7081632629151
 30
0.0
 11
50.12049188306649
 21
319.709367371974
 31
0.0
  0
LINE
  5
7C5
330
70
100
AcDbEntity
  8
03_AXES
 62
     7
370
    25
100
AcDbLine
 10
64.52048279156357
 20
319.708163095594
 30
0.0
 11
64.52049188291427
 21
319.7093673140632
 31
0.0
  0
LINE
  5
7C6
330
70
100
AcDbEntity
  8
03_AXES
 62
     7
370
    25
100
AcDbLine
 10
63.62049188354728
 20
319.7099694404578
 30
0.0
 11
63.62049491488028
 21
319.708765191486
 31
0.0
  0
LINE
  5
7C7
330
70
100
AcDbEntity
  8
03_AXES
 62
     7
370
    25
100
AcDbLine
 10
46.22049188354731
 20
319.7099694404578
 30
0.0
 11
46.22049491488031
 21
319.708765191486
 31
0.0
  0
LINE
  5
7C8
330
70
100
AcDbEntity
  8
03_AXES
 62
     7
370
    25
100
AcDbLine
 10
47.12048279156359
 20
319.7081630955953
 30
0.0
 11
47.1204918829143
 21
319.7093673140646
 31
0.0
  0
LINE
  5
7C9
330
70
100
AcDbEntity
  8
03_AXES
 62
     7
370
    25
100
AcDbLine
 10
66.72049188354771
 20
319.7099694404065
 30
0.0
 11
66.72049643750677
 21
319.7087647431784
 31
0.0
  0
LINE
  5
7CA
330
70
100
AcDbEntity
  8
03_AXES
 62
     7
370
    25
100
AcDbLine
 10
67.32047822676503
 20
319.7081624590484
 30
0.0
 11
67.32049188197814
 21
319.7093670874921
 31
0.0
  0
LINE
  5
7CB
330
70
100
AcDbEntity
  8
03_AXES
 62
     7
370
    25
100
AcDbLine
 10
49.32049188344763
 20
319.7099694404097
 30
0.0
 11
49.32049643740668
 21
319.708764743181
 31
0.0
  0
LINE
  5
7CC
330
70
100
AcDbEntity
  8
03_AXES
 62
     7
370
    25
100
AcDbLine
 10
49.92047822676506
 20
319.7081624590459
 30
0.0
 11
49.92049188197817
 21
319.709367087489
 31
0.0
  0
LINE
  5
7CD
330
70
100
AcDbEntity
  8
03_AXES
 62
     7
370
    25
100
AcDbLine
 10
31.72049188354712
 20
319.7099694403725
 30
0.0
 11
31.72049460929791
 21
319.7087653066467
 31
0.0
  0
LINE
  5
7CE
330
70
100
AcDbEntity
  8
03_AXES
 62
     7
370
    25
100
AcDbLine
 10
32.72048370782076
 20
319.7081632629087
 30
0.0
 11
32.72049188306652
 21
319.709367371967
 31
0.0
  0
LINE
  5
7CF
330
70
100
AcDbEntity
  8
03_AXES
 62
     7
370
    25
100
AcDbLine
 10
31.92049188354777
 20
319.7099694404091
 30
0.0
 11
31.92049643750682
 21
319.7087647431804
 31
0.0
  0
LINE
  5
7D0
330
70
100
AcDbEntity
  8
03_AXES
 62
     7
370
    25
100
AcDbLine
 10
32.52047822676509
 20
319.7081624590491
 30
0.0
 11
32.52049188197819
 21
319.7093670874928
 31
0.0
  0
SPLINE
  5
7D1
330
70
100
AcDbEntity
  8
03_AXES
 62
     7
370
    25
100
AcDbSpline
210
0.0
220
0.0
230
1.0
 70
     8
 71
     3
 72
     8
 73
     4
 74
     0
 42
0.0000000001
 43
0.0000000001
 40
0.0
 40
0.0
 40
0.0
 40
0.0
 40
1.0
 40
1.0
 40
1.0
 40
1.0
 10
93.03049188354707
 20
343.6277776911708
 30
0.0
 10
93.03049188354707
 20
343.738234641137
 30
0.0
 10
92.94094883351325
 20
343.8277776911708
 30
0.0
 10
92.83049188354707
 20
343.8277776911708
 30
0.0
  0
SPLINE
  5
7D2
330
70
100
AcDbEntity
  8
03_AXES
 62
     7
370
    25
100
AcDbSpline
210
0.0
220
0.0
230
1.0
 70
     8
 71
     3
 72
     8
 73
     4
 74
     0
 42
0.0000000001
 43
0.0000000001
 40
0.0
 40
0.0
 40
0.0
 40
0.0
 40
1.0
 40
1.0
 40
1.0
 40
1.0
 10
75.63049188354709
 20
343.6277776911708
 30
0.0
 10
75.63049188354709
 20
343.738234641137
 30
0.0
 10
75.54094883351329
 20
343.8277776911708
 30
0.0
 10
75.43049188354709
 20
343.8277776911708
 30
0.0
  0
SPLINE
  5
7D3
330
70
100
AcDbEntity
  8
03_AXES
 62
     7
370
    25
100
AcDbSpline
210
0.0
220
0.0
230
1.0
 70
     8
 71
     3
 72
     8
 73
     4
 74
     0
 42
0.0000000001
 43
0.0000000001
 40
0.0
 40
0.0
 40
0.0
 40
0.0
 40
1.0
 40
1.0
 40
1.0
 40
1.0
 10
58.23049188354712
 20
343.6277776911708
 30
0.0
 10
58.23049188354712
 20
343.738234641137
 30
0.0
 10
58.1409488335133
 20
343.8277776911708
 30
0.0
 10
58.03049188354711
 20
343.8277776911708
 30
0.0
  0
SPLINE
  5
7D4
330
70
100
AcDbEntity
  8
03_AXES
 62
     7
370
    25
100
AcDbSpline
210
0.0
220
0.0
230
1.0
 70
     8
 71
     3
 72
     8
 73
     4
 74
     0
 42
0.0000000001
 43
0.0000000001
 40
0.0
 40
0.0
 40
0.0
 40
0.0
 40
1.0
 40
1.0
 40
1.0
 40
1.0
 10
40.83049188354715
 20
343.6277776911708
 30
0.0
 10
40.83049188354715
 20
343.738234641137
 30
0.0
 10
40.74094883351333
 20
343.8277776911708
 30
0.0
 10
40.63049188354714
 20
343.8277776911708
 30
0.0
  0
SPLINE
  5
7D5
330
70
100
AcDbEntity
  8
03_AXES
 62
     7
370
    25
100
AcDbSpline
210
0.0
220
0.0
230
1.0
 70
     8
 71
     3
 72
    11
 73
     7
 74
     0
 42
0.0000000001
 43
0.0000000001
 40
0.0
 40
0.0
 40
0.0
 40
0.0
 40
1.0
 40
1.0
 40
1.0
 40
2.0
 40
2.0
 40
2.0
 40
2.0
 10
83.81549188354734
 20
354.7855871761709
 30
0.0
 10
83.81549188354734
 20
354.8960441261371
 30
0.0
 10
83.72594883351352
 20
354.9855871761709
 30
0.0
 10
83.61549188354734
 20
354.9855871761709
 30
0.0
 10
83.56476471612692
 20
354.9855871761709
 30
0.0
 10
83.51593280279214
 20
354.9663113719875
 30
0.0
 10
83.47888288257617
 20
354.9316624336706
 30
0.0
  0
SPLINE
  5
7D6
330
70
100
AcDbEntity
  8
03_AXES
 62
     7
370
    25
100
AcDbSpline
210
0.0
220
0.0
230
1.0
 70
     8
 71
     3
 72
    11
 73
     7
 74
     0
 42
0.0000000001
 43
0.0000000001
 40
0.0
 40
0.0
 40
0.0
 40
0.0
 40
1.0
 40
1.0
 40
1.0
 40
2.0
 40
2.0
 40
2.0
 40
2.0
 10
85.18549188354729
 20
354.9349091226418
 30
0.0
 10
85.10660984328554
 20
355.0122289876179
 30
0.0
 10
84.97998317995262
 20
355.0109625943326
 30
0.0
 10
84.90266331497663
 20
354.9320805540708
 30
0.0
 10
84.86601792945849
 20
354.8946947829407
 30
0.0
 10
84.84549188354746
 20
354.84443110481
 30
0.0
 10
84.84549188354746
 20
354.792080554071
 30
0.0
  0
SPLINE
  5
7D7
330
70
100
AcDbEntity
  8
03_AXES
 62
     7
370
    25
100
AcDbSpline
210
0.0
220
0.0
230
1.0
 70
     8
 71
     3
 72
    11
 73
     7
 74
     0
 42
0.0000000001
 43
0.0000000001
 40
0.0
 40
0.0
 40
0.0
 40
0.0
 40
1.0
 40
1.0
 40
1.0
 40
2.0
 40
2.0
 40
2.0
 40
2.0
 10
67.78549188354732
 20
354.9349091226418
 30
0.0
 10
67.70660984328557
 20
355.0122289876179
 30
0.0
 10
67.57998317995266
 20
355.0109625943326
 30
0.0
 10
67.50266331497664
 20
354.9320805540708
 30
0.0
 10
67.46601792945852
 20
354.8946947829407
 30
0.0
 10
67.4454918835475
 20
354.84443110481
 30
0.0
 10
67.4454918835475
 20
354.792080554071
 30
0.0
  0
SPLINE
  5
7D8
330
70
100
AcDbEntity
  8
03_AXES
 62
     7
370
    25
100
AcDbSpline
210
0.0
220
0.0
230
1.0
 70
     8
 71
     3
 72
    11
 73
     7
 74
     0
 42
0.0000000001
 43
0.0000000001
 40
0.0
 40
0.0
 40
0.0
 40
0.0
 40
1.0
 40
1.0
 40
1.0
 40
2.0
 40
2.0
 40
2.0
 40
2.0
 10
84.33049188354708
 20
352.1777776911709
 30
0.0
 10
86.40155969541268
 20
352.1777776911709
 30
0.0
 10
88.08049188354706
 20
353.8567098793052
 30
0.0
 10
88.08049188354706
 20
355.9277776911709
 30
0.0
 10
88.08049188354706
 20
357.9988455030365
 30
0.0
 10
86.40155969541268
 20
359.6777776911708
 30
0.0
 10
84.33049188354708
 20
359.6777776911708
 30
0.0
  0
SPLINE
  5
7D9
330
70
100
AcDbEntity
  8
03_AXES
 62
     7
370
    25
100
AcDbSpline
210
0.0
220
0.0
230
1.0
 70
     8
 71
     3
 72
     8
 73
     4
 74
     0
 42
0.0000000001
 43
0.0000000001
 40
0.0
 40
0.0
 40
0.0
 40
0.0
 40
1.0
 40
1.0
 40
1.0
 40
1.0
 10
87.51615521789128
 20
355.2777376911761
 30
0.0
 10
87.60367060596577
 20
355.7066524034577
 30
0.0
 10
87.60367060596577
 20
356.1488229788834
 30
0.0
 10
87.51615521789128
 20
356.5777376911656
 30
0.0
  0
SPLINE
  5
7DA
330
70
100
AcDbEntity
  8
03_AXES
 62
     7
370
    25
100
AcDbSpline
210
0.0
220
0.0
230
1.0
 70
     8
 71
     3
 72
     8
 73
     4
 74
     0
 42
0.0000000001
 43
0.0000000001
 40
0.0
 40
0.0
 40
0.0
 40
0.0
 40
1.0
 40
1.0
 40
1.0
 40
1.0
 10
81.14615521792901
 20
356.5777376911701
 30
0.0
 10
81.05860410541984
 20
356.14882658705
 30
0.0
 10
81.05860410541984
 20
355.7066487952918
 30
0.0
 10
81.14615521792901
 20
355.2777376911716
 30
0.0
  0
SPLINE
  5
7DB
330
70
100
AcDbEntity
  8
03_AXES
 62
     7
370
    25
100
AcDbSpline
210
0.0
220
0.0
230
1.0
 70
     8
 71
     3
 72
     8
 73
     4
 74
     0
 42
0.0000000001
 43
0.0000000001
 40
0.0
 40
0.0
 40
0.0
 40
0.0
 40
1.0
 40
1.0
 40
1.0
 40
1.0
 10
82.31335074761197
 20
356.5777376911675
 30
0.0
 10
82.17716224725931
 20
356.1551047276219
 30
0.0
 10
82.17716224725931
 20
355.7003706547199
 30
0.0
 10
82.31335074761197
 20
355.2777376911742
 30
0.0
  0
SPLINE
  5
7DC
330
70
100
AcDbEntity
  8
03_AXES
 62
     7
370
    25
100
AcDbSpline
210
0.0
220
0.0
230
1.0
 70
     8
 71
     3
 72
     8
 73
     4
 74
     0
 42
0.0000000001
 43
0.0000000001
 40
0.0
 40
0.0
 40
0.0
 40
0.0
 40
1.0
 40
1.0
 40
1.0
 40
1.0
 10
84.8454918835481
 20
357.0337101139735
 30
0.0
 10
84.518989991459
 20
357.1857468835704
 30
0.0
 10
84.14199377563582
 20
357.1857468835704
 30
0.0
 10
83.8154918835467
 20
357.0337101139735
 30
0.0
  0
SPLINE
  5
7DD
330
70
100
AcDbEntity
  8
03_AXES
 62
     7
370
    25
100
AcDbSpline
210
0.0
220
0.0
230
1.0
 70
     8
 71
     3
 72
     8
 73
     4
 74
     0
 42
0.0000000001
 43
0.0000000001
 40
0.0
 40
0.0
 40
0.0
 40
0.0
 40
1.0
 40
1.0
 40
1.0
 40
1.0
 10
83.29806755217949
 20
356.5777376911707
 30
0.0
 10
83.17551749825351
 20
356.383085910427
 30
0.0
 10
83.11049188354697
 20
356.1577547154622
 30
0.0
 10
83.11049188354697
 20
355.9277376911705
 30
0.0
  0
SPLINE
  5
7DE
330
70
100
AcDbEntity
  8
03_AXES
 62
     7
370
    25
100
AcDbSpline
210
0.0
220
0.0
230
1.0
 70
     8
 71
     3
 72
     8
 73
     4
 74
     0
 42
0.0000000001
 43
0.0000000001
 40
0.0
 40
0.0
 40
0.0
 40
0.0
 40
1.0
 40
1.0
 40
1.0
 40
1.0
 10
83.8154918835467
 20
354.8217652683682
 30
0.0
 10
84.14199377563582
 20
354.6697284987714
 30
0.0
 10
84.518989991459
 20
354.6697284987714
 30
0.0
 10
84.8454918835481
 20
354.8217652683682
 30
0.0
  0
SPLINE
  5
7DF
330
70
100
AcDbEntity
  8
03_AXES
 62
     7
370
    25
100
AcDbSpline
210
0.0
220
0.0
230
1.0
 70
     8
 71
     3
 72
    11
 73
     7
 74
     0
 42
0.0000000001
 43
0.0000000001
 40
0.0
 40
0.0
 40
0.0
 40
0.0
 40
1.0
 40
1.0
 40
1.0
 40
2.0
 40
2.0
 40
2.0
 40
2.0
 10
84.84549188354746
 20
357.0633948283709
 30
0.0
 10
84.84549188354746
 20
356.9529378784047
 30
0.0
 10
84.93503493358129
 20
356.8633948283708
 30
0.0
 10
85.04549188354749
 20
356.8633948283708
 30
0.0
 10
85.09784243428656
 20
356.8633948283708
 30
0.0
 10
85.14810611241724
 20
356.8839208742825
 30
0.0
 10
85.18549188354729
 20
356.9205662598
 30
0.0
  0
SPLINE
  5
7E0
330
70
100
AcDbEntity
  8
03_AXES
 62
     7
370
    25
100
AcDbSpline
210
0.0
220
0.0
230
1.0
 70
     8
 71
     3
 72
    11
 73
     7
 74
     0
 42
0.0000000001
 43
0.0000000001
 40
0.0
 40
0.0
 40
0.0
 40
0.0
 40
1.0
 40
1.0
 40
1.0
 40
2.0
 40
2.0
 40
2.0
 40
2.0
 10
83.47515746154062
 20
356.9202376911709
 30
0.0
 10
83.55385803839149
 20
356.8427331300203
 30
0.0
 10
83.68048732239634
 20
356.8437026923128
 30
0.0
 10
83.75799188354747
 20
356.9224032691637
 30
0.0
 10
83.79483869750275
 20
356.959818686661
 30
0.0
 10
83.81549188354734
 20
357.010224824508
 30
0.0
 10
83.81549188354734
 20
357.062737691171
 30
0.0
  0
SPLINE
  5
7E1
330
70
100
AcDbEntity
  8
03_AXES
 62
     7
370
    25
100
AcDbSpline
210
0.0
220
0.0
230
1.0
 70
     8
 71
     3
 72
    11
 73
     7
 74
     0
 42
0.0000000001
 43
0.0000000001
 40
0.0
 40
0.0
 40
0.0
 40
0.0
 40
1.0
 40
1.0
 40
1.0
 40
2.0
 40
2.0
 40
2.0
 40
2.0
 10
66.9304918835471
 20
352.1777776911709
 30
0.0
 10
69.00155969541271
 20
352.1777776911709
 30
0.0
 10
70.68049188354708
 20
353.8567098793052
 30
0.0
 10
70.68049188354708
 20
355.9277776911709
 30
0.0
 10
70.68049188354708
 20
357.9988455030365
 30
0.0
 10
69.00155969541271
 20
359.6777776911708
 30
0.0
 10
66.9304918835471
 20
359.6777776911708
 30
0.0
  0
SPLINE
  5
7E2
330
70
100
AcDbEntity
  8
03_AXES
 62
     7
370
    25
100
AcDbSpline
210
0.0
220
0.0
230
1.0
 70
     8
 71
     3
 72
     8
 73
     4
 74
     0
 42
0.0000000001
 43
0.0000000001
 40
0.0
 40
0.0
 40
0.0
 40
0.0
 40
1.0
 40
1.0
 40
1.0
 40
1.0
 10
70.1161552178913
 20
355.2777376911761
 30
0.0
 10
70.20367060596578
 20
355.7066524034577
 30
0.0
 10
70.20367060596578
 20
356.1488229788834
 30
0.0
 10
70.1161552178913
 20
356.5777376911656
 30
0.0
  0
SPLINE
  5
7E3
330
70
100
AcDbEntity
  8
03_AXES
 62
     7
370
    25
100
AcDbSpline
210
0.0
220
0.0
230
1.0
 70
     8
 71
     3
 72
     8
 73
     4
 74
     0
 42
0.0000000001
 43
0.0000000001
 40
0.0
 40
0.0
 40
0.0
 40
0.0
 40
1.0
 40
1.0
 40
1.0
 40
1.0
 10
63.74615521792904
 20
356.5777376911701
 30
0.0
 10
63.65860410541986
 20
356.14882658705
 30
0.0
 10
63.65860410541986
 20
355.7066487952918
 30
0.0
 10
63.74615521792904
 20
355.2777376911716
 30
0.0
  0
SPLINE
  5
7E4
330
70
100
AcDbEntity
  8
03_AXES
 62
     7
370
    25
100
AcDbSpline
210
0.0
220
0.0
230
1.0
 70
     8
 71
     3
 72
     8
 73
     4
 74
     0
 42
0.0000000001
 43
0.0000000001
 40
0.0
 40
0.0
 40
0.0
 40
0.0
 40
1.0
 40
1.0
 40
1.0
 40
1.0
 10
64.91335074761201
 20
356.5777376911675
 30
0.0
 10
64.7771622472587
 20
356.1551047276219
 30
0.0
 10
64.7771622472587
 20
355.7003706547199
 30
0.0
 10
64.91335074761201
 20
355.2777376911742
 30
0.0
  0
SPLINE
  5
7E5
330
70
100
AcDbEntity
  8
03_AXES
 62
     7
370
    25
100
AcDbSpline
210
0.0
220
0.0
230
1.0
 70
     8
 71
     3
 72
     8
 73
     4
 74
     0
 42
0.0000000001
 43
0.0000000001
 40
0.0
 40
0.0
 40
0.0
 40
0.0
 40
1.0
 40
1.0
 40
1.0
 40
1.0
 10
67.44549188354814
 20
357.0337101139735
 30
0.0
 10
67.11898999145903
 20
357.1857468835704
 30
0.0
 10
66.74199377563583
 20
357.1857468835704
 30
0.0
 10
66.41549188354672
 20
357.0337101139735
 30
0.0
  0
SPLINE
  5
7E6
330
70
100
AcDbEntity
  8
03_AXES
 62
     7
370
    25
100
AcDbSpline
210
0.0
220
0.0
230
1.0
 70
     8
 71
     3
 72
     8
 73
     4
 74
     0
 42
0.0000000001
 43
0.0000000001
 40
0.0
 40
0.0
 40
0.0
 40
0.0
 40
1.0
 40
1.0
 40
1.0
 40
1.0
 10
65.89806755217953
 20
356.5777376911707
 30
0.0
 10
65.77551749825355
 20
356.383085910427
 30
0.0
 10
65.71049188354701
 20
356.1577547154622
 30
0.0
 10
65.71049188354701
 20
355.9277376911705
 30
0.0
  0
SPLINE
  5
7E7
330
70
100
AcDbEntity
  8
03_AXES
 62
     7
370
    25
100
AcDbSpline
210
0.0
220
0.0
230
1.0
 70
     8
 71
     3
 72
     8
 73
     4
 74
     0
 42
0.0000000001
 43
0.0000000001
 40
0.0
 40
0.0
 40
0.0
 40
0.0
 40
1.0
 40
1.0
 40
1.0
 40
1.0
 10
66.41549188354672
 20
354.8217652683682
 30
0.0
 10
66.74199377563583
 20
354.6697284987714
 30
0.0
 10
67.11898999145903
 20
354.6697284987714
 30
0.0
 10
67.44549188354814
 20
354.8217652683682
 30
0.0
  0
SPLINE
  5
7E8
330
70
100
AcDbEntity
  8
03_AXES
 62
     7
370
    25
100
AcDbSpline
210
0.0
220
0.0
230
1.0
 70
     8
 71
     3
 72
    11
 73
     7
 74
     0
 42
0.0000000001
 43
0.0000000001
 40
0.0
 40
0.0
 40
0.0
 40
0.0
 40
1.0
 40
1.0
 40
1.0
 40
2.0
 40
2.0
 40
2.0
 40
2.0
 10
67.4454918835475
 20
357.0633948283709
 30
0.0
 10
67.4454918835475
 20
356.9529378784047
 30
0.0
 10
67.53503493358131
 20
356.8633948283708
 30
0.0
 10
67.64549188354751
 20
356.8633948283708
 30
0.0
 10
67.69784243428659
 20
356.8633948283708
 30
0.0
 10
67.74810611241726
 20
356.8839208742825
 30
0.0
 10
67.78549188354732
 20
356.9205662598
 30
0.0
  0
SPLINE
  5
7E9
330
70
100
AcDbEntity
  8
03_AXES
 62
     7
370
    25
100
AcDbSpline
210
0.0
220
0.0
230
1.0
 70
     8
 71
     3
 72
    11
 73
     7
 74
     0
 42
0.0000000001
 43
0.0000000001
 40
0.0
 40
0.0
 40
0.0
 40
0.0
 40
1.0
 40
1.0
 40
1.0
 40
2.0
 40
2.0
 40
2.0
 40
2.0
 10
49.53049188354714
 20
352.1777776911709
 30
0.0
 10
51.60155969541274
 20
352.1777776911709
 30
0.0
 10
53.28049188354711
 20
353.8567098793052
 30
0.0
 10
53.28049188354711
 20
355.9277776911709
 30
0.0
 10
53.28049188354711
 20
357.9988455030365
 30
0.0
 10
51.60155969541274
 20
359.6777776911708
 30
0.0
 10
49.53049188354714
 20
359.6777776911708
 30
0.0
  0
SPLINE
  5
7EA
330
70
100
AcDbEntity
  8
03_AXES
 62
     7
370
    25
100
AcDbSpline
210
0.0
220
0.0
230
1.0
 70
     8
 71
     3
 72
     8
 73
     4
 74
     0
 42
0.0000000001
 43
0.0000000001
 40
0.0
 40
0.0
 40
0.0
 40
0.0
 40
1.0
 40
1.0
 40
1.0
 40
1.0
 10
52.71615521789133
 20
355.2777376911761
 30
0.0
 10
52.80367060596582
 20
355.7066524034577
 30
0.0
 10
52.80367060596582
 20
356.1488229788834
 30
0.0
 10
52.71615521789133
 20
356.5777376911656
 30
0.0
  0
SPLINE
  5
7EB
330
70
100
AcDbEntity
  8
03_AXES
 62
     7
370
    25
100
AcDbSpline
210
0.0
220
0.0
230
1.0
 70
     8
 71
     3
 72
     8
 73
     4
 74
     0
 42
0.0000000001
 43
0.0000000001
 40
0.0
 40
0.0
 40
0.0
 40
0.0
 40
1.0
 40
1.0
 40
1.0
 40
1.0
 10
46.34615521792906
 20
356.5777376911701
 30
0.0
 10
46.25860410541989
 20
356.14882658705
 30
0.0
 10
46.25860410541989
 20
355.7066487952918
 30
0.0
 10
46.34615521792906
 20
355.2777376911716
 30
0.0
  0
SPLINE
  5
7EC
330
70
100
AcDbEntity
  8
03_AXES
 62
     7
370
    25
100
AcDbSpline
210
0.0
220
0.0
230
1.0
 70
     8
 71
     3
 72
     8
 73
     4
 74
     0
 42
0.0000000001
 43
0.0000000001
 40
0.0
 40
0.0
 40
0.0
 40
0.0
 40
1.0
 40
1.0
 40
1.0
 40
1.0
 10
47.51335074761203
 20
356.5777376911675
 30
0.0
 10
47.37716224725872
 20
356.1551047276219
 30
0.0
 10
47.37716224725872
 20
355.7003706547199
 30
0.0
 10
47.51335074761203
 20
355.2777376911742
 30
0.0
  0
SPLINE
  5
7ED
330
70
100
AcDbEntity
  8
03_AXES
 62
     7
370
    25
100
AcDbSpline
210
0.0
220
0.0
230
1.0
 70
     8
 71
     3
 72
     8
 73
     4
 74
     0
 42
0.0000000001
 43
0.0000000001
 40
0.0
 40
0.0
 40
0.0
 40
0.0
 40
1.0
 40
1.0
 40
1.0
 40
1.0
 10
50.04549188354816
 20
357.0337101139735
 30
0.0
 10
49.71898999145905
 20
357.1857468835704
 30
0.0
 10
49.34199377563587
 20
357.1857468835704
 30
0.0
 10
49.01549188354675
 20
357.0337101139735
 30
0.0
  0
SPLINE
  5
7EE
330
70
100
AcDbEntity
  8
03_AXES
 62
     7
370
    25
100
AcDbSpline
210
0.0
220
0.0
230
1.0
 70
     8
 71
     3
 72
     8
 73
     4
 74
     0
 42
0.0000000001
 43
0.0000000001
 40
0.0
 40
0.0
 40
0.0
 40
0.0
 40
1.0
 40
1.0
 40
1.0
 40
1.0
 10
48.49806755217955
 20
356.5777376911707
 30
0.0
 10
48.37551749825357
 20
356.383085910427
 30
0.0
 10
48.31049188354703
 20
356.1577547154622
 30
0.0
 10
48.31049188354703
 20
355.9277376911705
 30
0.0
  0
SPLINE
  5
7EF
330
70
100
AcDbEntity
  8
03_AXES
 62
     7
370
    25
100
AcDbSpline
210
0.0
220
0.0
230
1.0
 70
     8
 71
     3
 72
     8
 73
     4
 74
     0
 42
0.0000000001
 43
0.0000000001
 40
0.0
 40
0.0
 40
0.0
 40
0.0
 40
1.0
 40
1.0
 40
1.0
 40
1.0
 10
49.01549188354675
 20
354.8217652683682
 30
0.0
 10
49.34199377563587
 20
354.6697284987714
 30
0.0
 10
49.71898999145905
 20
354.6697284987714
 30
0.0
 10
50.04549188354816
 20
354.8217652683682
 30
0.0
  0
SPLINE
  5
7F0
330
70
100
AcDbEntity
  8
03_AXES
 62
     7
370
    25
100
AcDbSpline
210
0.0
220
0.0
230
1.0
 70
     8
 71
     3
 72
    11
 73
     7
 74
     0
 42
0.0000000001
 43
0.0000000001
 40
0.0
 40
0.0
 40
0.0
 40
0.0
 40
1.0
 40
1.0
 40
1.0
 40
2.0
 40
2.0
 40
2.0
 40
2.0
 10
66.07515746154
 20
356.9202376911709
 30
0.0
 10
66.15385803839088
 20
356.8427331300203
 30
0.0
 10
66.28048732239635
 20
356.8437026923128
 30
0.0
 10
66.3579918835475
 20
356.9224032691637
 30
0.0
 10
66.39483869750214
 20
356.959818686661
 30
0.0
 10
66.41549188354736
 20
357.010224824508
 30
0.0
 10
66.41549188354736
 20
357.062737691171
 30
0.0
  0
SPLINE
  5
7F1
330
70
100
AcDbEntity
  8
03_AXES
 62
     7
370
    25
100
AcDbSpline
210
0.0
220
0.0
230
1.0
 70
     8
 71
     3
 72
    11
 73
     7
 74
     0
 42
0.0000000001
 43
0.0000000001
 40
0.0
 40
0.0
 40
0.0
 40
0.0
 40
1.0
 40
1.0
 40
1.0
 40
2.0
 40
2.0
 40
2.0
 40
2.0
 10
66.41549188354736
 20
354.7855871761709
 30
0.0
 10
66.41549188354736
 20
354.8960441261371
 30
0.0
 10
66.32594883351355
 20
354.9855871761709
 30
0.0
 10
66.21549188354736
 20
354.9855871761709
 30
0.0
 10
66.16476471612694
 20
354.9855871761709
 30
0.0
 10
66.11593280279217
 20
354.9663113719875
 30
0.0
 10
66.07888288257619
 20
354.9316624336706
 30
0.0
  0
SPLINE
  5
7F2
330
70
100
AcDbEntity
  8
03_AXES
 62
     7
370
    25
100
AcDbSpline
210
0.0
220
0.0
230
1.0
 70
     8
 71
     3
 72
    11
 73
     7
 74
     0
 42
0.0000000001
 43
0.0000000001
 40
0.0
 40
0.0
 40
0.0
 40
0.0
 40
1.0
 40
1.0
 40
1.0
 40
2.0
 40
2.0
 40
2.0
 40
2.0
 10
50.04549188354753
 20
357.0633948283709
 30
0.0
 10
50.04549188354753
 20
356.9529378784047
 30
0.0
 10
50.13503493358134
 20
356.8633948283708
 30
0.0
 10
50.24549188354753
 20
356.8633948283708
 30
0.0
 10
50.29784243428661
 20
356.8633948283708
 30
0.0
 10
50.3481061124173
 20
356.8839208742825
 30
0.0
 10
50.38549188354735
 20
356.9205662598
 30
0.0
  0
SPLINE
  5
7F3
330
70
100
AcDbEntity
  8
03_AXES
 62
     7
370
    25
100
AcDbSpline
210
0.0
220
0.0
230
1.0
 70
     8
 71
     3
 72
    11
 73
     7
 74
     0
 42
0.0000000001
 43
0.0000000001
 40
0.0
 40
0.0
 40
0.0
 40
0.0
 40
1.0
 40
1.0
 40
1.0
 40
2.0
 40
2.0
 40
2.0
 40
2.0
 10
48.67515746154003
 20
356.9202376911709
 30
0.0
 10
48.7538580383909
 20
356.8427331300203
 30
0.0
 10
48.88048732239639
 20
356.8437026923128
 30
0.0
 10
48.95799188354753
 20
356.9224032691637
 30
0.0
 10
48.99483869750216
 20
356.959818686661
 30
0.0
 10
49.01549188354739
 20
357.010224824508
 30
0.0
 10
49.01549188354739
 20
357.062737691171
 30
0.0
  0
SPLINE
  5
7F4
330
70
100
AcDbEntity
  8
03_AXES
 62
     7
370
    25
100
AcDbSpline
210
0.0
220
0.0
230
1.0
 70
     8
 71
     3
 72
    11
 73
     7
 74
     0
 42
0.0000000001
 43
0.0000000001
 40
0.0
 40
0.0
 40
0.0
 40
0.0
 40
1.0
 40
1.0
 40
1.0
 40
2.0
 40
2.0
 40
2.0
 40
2.0
 10
49.01549188354739
 20
354.7855871761709
 30
0.0
 10
49.01549188354739
 20
354.8960441261371
 30
0.0
 10
48.92594883351358
 20
354.9855871761709
 30
0.0
 10
48.81549188354739
 20
354.9855871761709
 30
0.0
 10
48.76476471612697
 20
354.9855871761709
 30
0.0
 10
48.7159328027922
 20
354.9663113719875
 30
0.0
 10
48.67888288257623
 20
354.9316624336706
 30
0.0
  0
SPLINE
  5
7F5
330
70
100
AcDbEntity
  8
03_AXES
 62
     7
370
    25
100
AcDbSpline
210
0.0
220
0.0
230
1.0
 70
     8
 71
     3
 72
    11
 73
     7
 74
     0
 42
0.0000000001
 43
0.0000000001
 40
0.0
 40
0.0
 40
0.0
 40
0.0
 40
1.0
 40
1.0
 40
1.0
 40
2.0
 40
2.0
 40
2.0
 40
2.0
 10
50.38549188354735
 20
354.9349091226418
 30
0.0
 10
50.3066098432856
 20
355.0122289876179
 30
0.0
 10
50.17998317995268
 20
355.0109625943326
 30
0.0
 10
50.10266331497668
 20
354.9320805540708
 30
0.0
 10
50.06601792945854
 20
354.8946947829407
 30
0.0
 10
50.04549188354753
 20
354.84443110481
 30
0.0
 10
50.04549188354753
 20
354.792080554071
 30
0.0
  0
SPLINE
  5
7F6
330
70
100
AcDbEntity
  8
03_AXES
 62
     7
370
    25
100
AcDbSpline
210
0.0
220
0.0
230
1.0
 70
     8
 71
     3
 72
     8
 73
     4
 74
     0
 42
0.0000000001
 43
0.0000000001
 40
0.0
 40
0.0
 40
0.0
 40
0.0
 40
1.0
 40
1.0
 40
1.0
 40
1.0
 10
93.03049188354707
 20
363.6277776911708
 30
0.0
 10
93.03049188354707
 20
363.738234641137
 30
0.0
 10
92.94094883351325
 20
363.8277776911708
 30
0.0
 10
92.83049188354707
 20
363.8277776911708
 30
0.0
  0
SPLINE
  5
7F7
330
70
100
AcDbEntity
  8
03_AXES
 62
     7
370
    25
100
AcDbSpline
210
0.0
220
0.0
230
1.0
 70
     8
 71
     3
 72
     8
 73
     4
 74
     0
 42
0.0000000001
 43
0.0000000001
 40
0.0
 40
0.0
 40
0.0
 40
0.0
 40
1.0
 40
1.0
 40
1.0
 40
1.0
 10
75.63049188354709
 20
363.6277776911708
 30
0.0
 10
75.63049188354709
 20
363.738234641137
 30
0.0
 10
75.54094883351329
 20
363.8277776911708
 30
0.0
 10
75.43049188354709
 20
363.8277776911708
 30
0.0
  0
SPLINE
  5
7F8
330
70
100
AcDbEntity
  8
03_AXES
 62
     7
370
    25
100
AcDbSpline
210
0.0
220
0.0
230
1.0
 70
     8
 71
     3
 72
     8
 73
     4
 74
     0
 42
0.0000000001
 43
0.0000000001
 40
0.0
 40
0.0
 40
0.0
 40
0.0
 40
1.0
 40
1.0
 40
1.0
 40
1.0
 10
58.23049188354712
 20
363.6277776911708
 30
0.0
 10
58.23049188354712
 20
363.738234641137
 30
0.0
 10
58.1409488335133
 20
363.8277776911708
 30
0.0
 10
58.03049188354711
 20
363.8277776911708
 30
0.0
  0
SPLINE
  5
7F9
330
70
100
AcDbEntity
  8
03_AXES
 62
     7
370
    25
100
AcDbSpline
210
0.0
220
0.0
230
1.0
 70
     8
 71
     3
 72
     8
 73
     4
 74
     0
 42
0.0000000001
 43
0.0000000001
 40
0.0
 40
0.0
 40
0.0
 40
0.0
 40
1.0
 40
1.0
 40
1.0
 40
1.0
 10
40.83049188354715
 20
363.6277776911708
 30
0.0
 10
40.83049188354715
 20
363.738234641137
 30
0.0
 10
40.74094883351333
 20
363.8277776911708
 30
0.0
 10
40.63049188354714
 20
363.8277776911708
 30
0.0
  0
SPLINE
  5
7FA
330
70
100
AcDbEntity
  8
03_AXES
 62
     7
370
    25
100
AcDbSpline
210
0.0
220
0.0
230
1.0
 70
     8
 71
     3
 72
    11
 73
     7
 74
     0
 42
0.0000000001
 43
0.0000000001
 40
0.0
 40
0.0
 40
0.0
 40
0.0
 40
1.0
 40
1.0
 40
1.0
 40
2.0
 40
2.0
 40
2.0
 40
2.0
 10
32.13049188354716
 20
352.1777776911709
 30
0.0
 10
34.20155969541277
 20
352.1777776911709
 30
0.0
 10
35.88049188354714
 20
353.8567098793052
 30
0.0
 10
35.88049188354714
 20
355.9277776911709
 30
0.0
 10
35.88049188354714
 20
357.9988455030365
 30
0.0
 10
34.20155969541277
 20
359.6777776911708
 30
0.0
 10
32.13049188354716
 20
359.6777776911708
 30
0.0
  0
SPLINE
  5
7FB
330
70
100
AcDbEntity
  8
03_AXES
 62
     7
370
    25
100
AcDbSpline
210
0.0
220
0.0
230
1.0
 70
     8
 71
     3
 72
     8
 73
     4
 74
     0
 42
0.0000000001
 43
0.0000000001
 40
0.0
 40
0.0
 40
0.0
 40
0.0
 40
1.0
 40
1.0
 40
1.0
 40
1.0
 10
35.31615521789137
 20
355.2777376911761
 30
0.0
 10
35.40367060596584
 20
355.7066524034577
 30
0.0
 10
35.40367060596584
 20
356.1488229788834
 30
0.0
 10
35.31615521789137
 20
356.5777376911656
 30
0.0
  0
SPLINE
  5
7FC
330
70
100
AcDbEntity
  8
03_AXES
 62
     7
370
    25
100
AcDbSpline
210
0.0
220
0.0
230
1.0
 70
     8
 71
     3
 72
     8
 73
     4
 74
     0
 42
0.0000000001
 43
0.0000000001
 40
0.0
 40
0.0
 40
0.0
 40
0.0
 40
1.0
 40
1.0
 40
1.0
 40
1.0
 10
28.9461552179291
 20
356.5777376911701
 30
0.0
 10
28.85860410541992
 20
356.14882658705
 30
0.0
 10
28.85860410541992
 20
355.7066487952918
 30
0.0
 10
28.9461552179291
 20
355.2777376911716
 30
0.0
  0
SPLINE
  5
7FD
330
70
100
AcDbEntity
  8
03_AXES
 62
     7
370
    25
100
AcDbSpline
210
0.0
220
0.0
230
1.0
 70
     8
 71
     3
 72
     8
 73
     4
 74
     0
 42
0.0000000001
 43
0.0000000001
 40
0.0
 40
0.0
 40
0.0
 40
0.0
 40
1.0
 40
1.0
 40
1.0
 40
1.0
 10
30.11335074761206
 20
356.5777376911675
 30
0.0
 10
29.97716224725876
 20
356.1551047276219
 30
0.0
 10
29.97716224725876
 20
355.7003706547199
 30
0.0
 10
30.11335074761206
 20
355.2777376911742
 30
0.0
  0
SPLINE
  5
7FE
330
70
100
AcDbEntity
  8
03_AXES
 62
     7
370
    25
100
AcDbSpline
210
0.0
220
0.0
230
1.0
 70
     8
 71
     3
 72
     8
 73
     4
 74
     0
 42
0.0000000001
 43
0.0000000001
 40
0.0
 40
0.0
 40
0.0
 40
0.0
 40
1.0
 40
1.0
 40
1.0
 40
1.0
 10
32.6454918835482
 20
357.0337101139735
 30
0.0
 10
32.31898999145908
 20
357.1857468835704
 30
0.0
 10
31.94199377563589
 20
357.1857468835704
 30
0.0
 10
31.61549188354678
 20
357.0337101139735
 30
0.0
  0
SPLINE
  5
7FF
330
70
100
AcDbEntity
  8
03_AXES
 62
     7
370
    25
100
AcDbSpline
210
0.0
220
0.0
230
1.0
 70
     8
 71
     3
 72
     8
 73
     4
 74
     0
 42
0.0000000001
 43
0.0000000001
 40
0.0
 40
0.0
 40
0.0
 40
0.0
 40
1.0
 40
1.0
 40
1.0
 40
1.0
 10
31.09806755217958
 20
356.5777376911707
 30
0.0
 10
30.9755174982536
 20
356.383085910427
 30
0.0
 10
30.91049188354706
 20
356.1577547154622
 30
0.0
 10
30.91049188354706
 20
355.9277376911705
 30
0.0
  0
SPLINE
  5
800
330
70
100
AcDbEntity
  8
03_AXES
 62
     7
370
    25
100
AcDbSpline
210
0.0
220
0.0
230
1.0
 70
     8
 71
     3
 72
     8
 73
     4
 74
     0
 42
0.0000000001
 43
0.0000000001
 40
0.0
 40
0.0
 40
0.0
 40
0.0
 40
1.0
 40
1.0
 40
1.0
 40
1.0
 10
31.61549188354678
 20
354.8217652683682
 30
0.0
 10
31.94199377563589
 20
354.6697284987714
 30
0.0
 10
32.31898999145908
 20
354.6697284987714
 30
0.0
 10
32.6454918835482
 20
354.8217652683682
 30
0.0
  0
SPLINE
  5
801
330
70
100
AcDbEntity
  8
03_AXES
 62
     7
370
    25
100
AcDbSpline
210
0.0
220
0.0
230
1.0
 70
     8
 71
     3
 72
    11
 73
     7
 74
     0
 42
0.0000000001
 43
0.0000000001
 40
0.0
 40
0.0
 40
0.0
 40
0.0
 40
1.0
 40
1.0
 40
1.0
 40
2.0
 40
2.0
 40
2.0
 40
2.0
 10
32.64549188354691
 20
357.0633948283709
 30
0.0
 10
32.64549188354691
 20
356.9529378784047
 30
0.0
 10
32.73503493358137
 20
356.8633948283708
 30
0.0
 10
32.84549188354756
 20
356.8633948283708
 30
0.0
 10
32.89784243428665
 20
356.8633948283708
 30
0.0
 10
32.94810611241732
 20
356.8839208742825
 30
0.0
 10
32.98549188354737
 20
356.9205662598
 30
0.0
  0
SPLINE
  5
802
330
70
100
AcDbEntity
  8
03_AXES
 62
     7
370
    25
100
AcDbSpline
210
0.0
220
0.0
230
1.0
 70
     8
 71
     3
 72
    11
 73
     7
 74
     0
 42
0.0000000001
 43
0.0000000001
 40
0.0
 40
0.0
 40
0.0
 40
0.0
 40
1.0
 40
1.0
 40
1.0
 40
2.0
 40
2.0
 40
2.0
 40
2.0
 10
31.27515746154006
 20
356.9202376911709
 30
0.0
 10
31.35385803839093
 20
356.8427331300203
 30
0.0
 10
31.48048732239641
 20
356.8437026923128
 30
0.0
 10
31.55799188354691
 20
356.9224032691637
 30
0.0
 10
31.5948386975022
 20
356.959818686661
 30
0.0
 10
31.61549188354742
 20
357.010224824508
 30
0.0
 10
31.61549188354742
 20
357.062737691171
 30
0.0
  0
SPLINE
  5
803
330
70
100
AcDbEntity
  8
03_AXES
 62
     7
370
    25
100
AcDbSpline
210
0.0
220
0.0
230
1.0
 70
     8
 71
     3
 72
    11
 73
     7
 74
     0
 42
0.0000000001
 43
0.0000000001
 40
0.0
 40
0.0
 40
0.0
 40
0.0
 40
1.0
 40
1.0
 40
1.0
 40
2.0
 40
2.0
 40
2.0
 40
2.0
 10
31.61549188354742
 20
354.7855871761709
 30
0.0
 10
31.61549188354742
 20
354.8960441261371
 30
0.0
 10
31.52594883351361
 20
354.9855871761709
 30
0.0
 10
31.41549188354741
 20
354.9855871761709
 30
0.0
 10
31.364764716127
 20
354.9855871761709
 30
0.0
 10
31.31593280279223
 20
354.9663113719875
 30
0.0
 10
31.27888288257626
 20
354.9316624336706
 30
0.0
  0
SPLINE
  5
804
330
70
100
AcDbEntity
  8
03_AXES
 62
     7
370
    25
100
AcDbSpline
210
0.0
220
0.0
230
1.0
 70
     8
 71
     3
 72
    11
 73
     7
 74
     0
 42
0.0000000001
 43
0.0000000001
 40
0.0
 40
0.0
 40
0.0
 40
0.0
 40
1.0
 40
1.0
 40
1.0
 40
2.0
 40
2.0
 40
2.0
 40
2.0
 10
32.98549188354737
 20
354.9349091226418
 30
0.0
 10
32.90660984328563
 20
355.0122289876179
 30
0.0
 10
32.77998317995272
 20
355.0109625943326
 30
0.0
 10
32.70266331497606
 20
354.9320805540708
 30
0.0
 10
32.66601792945858
 20
354.8946947829407
 30
0.0
 10
32.64549188354691
 20
354.84443110481
 30
0.0
 10
32.64549188354691
 20
354.792080554071
 30
0.0
  0
SPLINE
  5
805
330
70
100
AcDbEntity
  8
03_AXES
 62
     7
370
    25
100
AcDbSpline
210
0.0
220
0.0
230
1.0
 70
     8
 71
     3
 72
    47
 73
    43
 74
     0
 42
0.0000000001
 43
0.0000000001
 40
0.0
 40
0.0
 40
0.0
 40
0.0
 40
1.0
 40
1.0
 40
1.0
 40
2.0
 40
2.0
 40
2.0
 40
3.0
 40
3.0
 40
3.0
 40
4.0
 40
4.0
 40
4.0
 40
5.0
 40
5.0
 40
5.0
 40
6.0
 40
6.0
 40
6.0
 40
7.0
 40
7.0
 40
7.0
 40
8.0
 40
8.0
 40
8.0
 40
9.0
 40
9.0
 40
9.0
 40
10.0
 40
10.0
 40
10.0
 40
11.0
 40
11.0
 40
11.0
 40
12.0
 40
12.0
 40
12.0
 40
13.0
 40
13.0
 40
13.0
 40
14.0
 40
14.0
 40
14.0
 40
14.0
 10
80.82049188354725
 20
319.7099694403706
 30
0.0
 10
80.82049188354725
 20
319.6828741612711
 30
0.0
 10
80.82484772652973
 20
319.6556158766413
 30
0.0
 10
80.8329817354822
 20
319.6296488891611
 30
0.0
 10
80.84155037729637
 20
319.602294380946
 30
0.0
 10
80.85431173773416
 20
319.5763728552015
 30
0.0
 10
80.86997097644065
 20
319.5524208669032
 30
0.0
 10
80.88700301790934
 20
319.5263690730965
 30
0.0
 10
80.90746330761074
 20
319.5026472816723
 30
0.0
 10
80.93003775943055
 20
319.4812427502981
 30
0.0
 10
80.954787394315
 20
319.457775764672
 30
0.0
 10
80.98207824445426
 20
319.4370941172826
 30
0.0
 10
81.01087359486987
 20
319.4188560818603
 30
0.0
 10
81.04217886531063
 20
319.3990283449862
 30
0.0
 10
81.07526234332581
 20
319.3820887759497
 30
0.0
 10
81.10937205344564
 20
319.3676561197569
 30
0.0
 10
81.1458264267144
 20
319.3522313789932
 30
0.0
 10
81.1834529651516
 20
319.339670041064
 30
0.0
 10
81.22174807249596
 20
319.3296109870896
 30
0.0
 10
81.30267234240307
 20
319.3083544440147
 30
0.0
 10
81.38658211297524
 20
319.2982718731925
 30
0.0
 10
81.47049188354742
 20
319.2982718731925
 30
0.0
 10
81.55440165411897
 20
319.2982718731925
 30
0.0
 10
81.63831142469115
 20
319.3083544440147
 30
0.0
 10
81.71923569459826
 20
319.3296109870896
 30
0.0
 10
81.75753080194262
 20
319.339670041064
 30
0.0
 10
81.79515734038046
 20
319.3522313789932
 30
0.0
 10
81.83161171362998
 20
319.3676561197569
 30
0.0
 10
81.86572142373311
 20
319.3820887759497
 30
0.0
 10
81.89880490171493
 20
319.3990283449862
 30
0.0
 10
81.93011017215825
 20
319.4188560818603
 30
0.0
 10
81.95890552257644
 20
319.4370941172826
 30
0.0
 10
81.98619637274905
 20
319.457775764672
 30
0.0
 10
82.01094600764955
 20
319.4812427502981
 30
0.0
 10
82.03352045948411
 20
319.5026472816723
 30
0.0
 10
82.05398074918488
 20
319.5263690730965
 30
0.0
 10
82.07101279065357
 20
319.5524208669032
 30
0.0
 10
82.08667202936069
 20
319.5763728552015
 30
0.0
 10
82.09943338979849
 20
319.602294380946
 30
0.0
 10
82.10800203161266
 20
319.6296488891611
 30
0.0
 10
82.11613604056514
 20
319.6556158766413
 30
0.0
 10
82.12049188354697
 20
319.6828741612711
 30
0.0
 10
82.12049188354697
 20
319.7099694403706
 30
0.0
  0
SPLINE
  5
806
330
70
100
AcDbEntity
  8
03_AXES
 62
     7
370
    25
100
AcDbSpline
210
0.0
220
0.0
230
1.0
 70
     8
 71
     3
 72
    47
 73
    43
 74
     0
 42
0.0000000001
 43
0.0000000001
 40
0.0
 40
0.0
 40
0.0
 40
0.0
 40
1.0
 40
1.0
 40
1.0
 40
2.0
 40
2.0
 40
2.0
 40
3.0
 40
3.0
 40
3.0
 40
4.0
 40
4.0
 40
4.0
 40
5.0
 40
5.0
 40
5.0
 40
6.0
 40
6.0
 40
6.0
 40
7.0
 40
7.0
 40
7.0
 40
8.0
 40
8.0
 40
8.0
 40
9.0
 40
9.0
 40
9.0
 40
10.0
 40
10.0
 40
10.0
 40
11.0
 40
11.0
 40
11.0
 40
12.0
 40
12.0
 40
12.0
 40
13.0
 40
13.0
 40
13.0
 40
14.0
 40
14.0
 40
14.0
 40
14.0
 10
83.92049188354702
 20
319.7099694403706
 30
0.0
 10
83.92049188354702
 20
319.6891271202707
 30
0.0
 10
83.92384257368197
 20
319.6681594581658
 30
0.0
 10
83.93009931856921
 20
319.6481849927438
 30
0.0
 10
83.93669051904089
 20
319.6271427881661
 30
0.0
 10
83.94650676570584
 20
319.607202801356
 30
0.0
 10
83.95855236263168
 20
319.5887779576524
 30
0.0
 10
83.97165380000423
 20
319.5687381092854
 30
0.0
 10
83.98739253743597
 20
319.550490660737
 30
0.0
 10
84.00475750336184
 20
319.5340256952406
 30
0.0
 10
84.02379574796011
 20
319.5159741746231
 30
0.0
 10
84.04478872580625
 20
319.5000652058649
 30
0.0
 10
84.066939039414
 20
319.4860359758065
 30
0.0
 10
84.09102007685689
 20
319.4707838931346
 30
0.0
 10
84.11646900060139
 20
319.4577535242483
 30
0.0
 10
84.14270732894442
 20
319.4466515706143
 30
0.0
 10
84.17074923212203
 20
319.4347864889364
 30
0.0
 10
84.19969279425037
 20
319.4251240456456
 30
0.0
 10
84.22915062695958
 20
319.4173864354814
 30
0.0
 10
84.29140006513934
 20
319.4010355419734
 30
0.0
 10
84.35594597434336
 20
319.3932799748723
 30
0.0
 10
84.42049188354737
 20
319.3932799748723
 30
0.0
 10
84.4850377927514
 20
319.3932799748723
 30
0.0
 10
84.54958370195477
 20
319.4010355419734
 30
0.0
 10
84.61183314013517
 20
319.4173864354814
 30
0.0
 10
84.64129097284374
 20
319.4251240456456
 30
0.0
 10
84.67023453497272
 20
319.4347864889364
 30
0.0
 10
84.69827643815033
 20
319.4466515706143
 30
0.0
 10
84.72451476649338
 20
319.4577535242483
 30
0.0
 10
84.7499636902372
 20
319.4707838931346
 30
0.0
 10
84.77404472766149
 20
319.4860359758065
 30
0.0
 10
84.79619504125192
 20
319.5000652058649
 30
0.0
 10
84.8171880190647
 20
319.5159741746231
 30
0.0
 10
84.83622626366617
 20
319.5340256952406
 30
0.0
 10
84.85359122959462
 20
319.550490660737
 30
0.0
 10
84.86932996705972
 20
319.5687381092854
 30
0.0
 10
84.88243140442971
 20
319.5887779576524
 30
0.0
 10
84.89447700135231
 20
319.607202801356
 30
0.0
 10
84.90429324798455
 20
319.6271427881661
 30
0.0
 10
84.91088444846649
 20
319.6481849927438
 30
0.0
 10
84.91714119336334
 20
319.6681594581658
 30
0.0
 10
84.92049188354707
 20
319.6891271202707
 30
0.0
 10
84.92049188354707
 20
319.7099694403706
 30
0.0
  0
SPLINE
  5
807
330
70
100
AcDbEntity
  8
03_AXES
 62
     7
370
    25
100
AcDbSpline
210
0.0
220
0.0
230
1.0
 70
     8
 71
     3
 72
    47
 73
    43
 74
     0
 42
0.0000000001
 43
0.0000000001
 40
0.0
 40
0.0
 40
0.0
 40
0.0
 40
1.0
 40
1.0
 40
1.0
 40
2.0
 40
2.0
 40
2.0
 40
3.0
 40
3.0
 40
3.0
 40
4.0
 40
4.0
 40
4.0
 40
5.0
 40
5.0
 40
5.0
 40
6.0
 40
6.0
 40
6.0
 40
7.0
 40
7.0
 40
7.0
 40
8.0
 40
8.0
 40
8.0
 40
9.0
 40
9.0
 40
9.0
 40
10.0
 40
10.0
 40
10.0
 40
11.0
 40
11.0
 40
11.0
 40
12.0
 40
12.0
 40
12.0
 40
13.0
 40
13.0
 40
13.0
 40
14.0
 40
14.0
 40
14.0
 40
14.0
 10
81.02049188354724
 20
319.7099694403706
 30
0.0
 10
81.02049188354724
 20
319.6912117139709
 30
0.0
 10
81.02350770776652
 20
319.6723412855082
 30
0.0
 10
81.02913850737065
 20
319.6543645251312
 30
0.0
 10
81.03507056533301
 20
319.6354259743003
 30
0.0
 10
81.04390489611157
 20
319.6174792754787
 30
0.0
 10
81.05474609388432
 20
319.6008964755835
 30
0.0
 10
81.06653716414276
 20
319.5828607416408
 30
0.0
 10
81.08070217862193
 20
319.5664383781824
 30
0.0
 10
81.09633055797671
 20
319.5516200389144
 30
0.0
 10
81.113465069075
 20
319.5353736327516
 30
0.0
 10
81.13235858962115
 20
319.5210553128451
 30
0.0
 10
81.15229383202425
 20
319.5084288808729
 30
0.0
 10
81.17396668167662
 20
319.4947018964577
 30
0.0
 10
81.19687076581552
 20
319.482974592434
 30
0.0
 10
81.22048527862181
 20
319.4729828135856
 30
0.0
 10
81.24572304329475
 20
319.4623042039814
 30
0.0
 10
81.27177226265047
 20
319.4536079187049
 30
0.0
 10
81.29828433900994
 20
319.446644009402
 30
0.0
 10
81.35430892919108
 20
319.4319280679029
 30
0.0
 10
81.41240040636926
 20
319.4249480477369
 30
0.0
 10
81.47049188354742
 20
319.4249480477369
 30
0.0
 10
81.52858336072496
 20
319.4249480477369
 30
0.0
 10
81.58667483790315
 20
319.4319280679029
 30
0.0
 10
81.64269942804898
 20
319.446644009402
 30
0.0
 10
81.66921150439177
 20
319.4536079187049
 30
0.0
 10
81.6952607237231
 20
319.4623042039814
 30
0.0
 10
81.72049848840179
 20
319.4729828135856
 30
0.0
 10
81.74411300121454
 20
319.482974592434
 30
0.0
 10
81.76701708538677
 20
319.4947018964577
 30
0.0
 10
81.7886899350552
 20
319.5084288808729
 30
0.0
 10
81.80862517747307
 20
319.5210553128451
 30
0.0
 10
81.8275186980192
 20
319.5353736327516
 30
0.0
 10
81.84465320909891
 20
319.5516200389144
 30
0.0
 10
81.86028158843635
 20
319.5664383781824
 30
0.0
 10
81.87444660288214
 20
319.5828607416408
 30
0.0
 10
81.8862376731438
 20
319.6008964755835
 30
0.0
 10
81.89707887091847
 20
319.6174792754787
 30
0.0
 10
81.90591320173039
 20
319.6354259743003
 30
0.0
 10
81.91184525970816
 20
319.6543645251312
 30
0.0
 10
81.91747605932834
 20
319.6723412855082
 30
0.0
 10
81.92049188354697
 20
319.6912117139709
 30
0.0
 10
81.92049188354697
 20
319.7099694403706
 30
0.0
  0
SPLINE
  5
808
330
70
100
AcDbEntity
  8
03_AXES
 62
     7
370
    25
100
AcDbSpline
210
0.0
220
0.0
230
1.0
 70
     8
 71
     3
 72
    41
 73
    37
 74
     0
 42
0.0000000001
 43
0.0000000001
 40
0.0
 40
0.0
 40
0.0
 40
0.0
 40
1.0
 40
1.0
 40
1.0
 40
2.0
 40
2.0
 40
2.0
 40
3.0
 40
3.0
 40
3.0
 40
4.0
 40
4.0
 40
4.0
 40
5.0
 40
5.0
 40
5.0
 40
6.0
 40
6.0
 40
6.0
 40
7.0
 40
7.0
 40
7.0
 40
8.0
 40
8.0
 40
8.0
 40
9.0
 40
9.0
 40
9.0
 40
10.0
 40
10.0
 40
10.0
 40
11.0
 40
11.0
 40
11.0
 40
12.0
 40
12.0
 40
12.0
 40
12.0
 10
84.12049188354705
 20
319.7099694403706
 30
0.0
 10
84.12049188354705
 20
319.6974647174711
 30
0.0
 10
84.12250274478342
 20
319.6848848684798
 30
0.0
 10
84.12625638900815
 20
319.6729008102493
 30
0.0
 10
84.13021118929959
 20
319.6602745318537
 30
0.0
 10
84.13610056744879
 20
319.6483096115386
 30
0.0
 10
84.1433283201646
 20
319.6372533965103
 30
0.0
 10
84.15118881966833
 20
319.6252292755764
 30
0.0
 10
84.16063228446645
 20
319.6142799277053
 30
0.0
 10
84.17105152046621
 20
319.6044036420052
 30
0.0
 10
84.18247514695837
 20
319.5935753049786
 30
0.0
 10
84.1950717362438
 20
319.584036883046
 30
0.0
 10
84.20836052305018
 20
319.5756092880398
 30
0.0
 10
84.23816026480585
 20
319.5567106362333
 30
0.0
 10
84.27144084906096
 20
319.5433979818566
 30
0.0
 10
84.30568742715029
 20
319.5344199053878
 30
0.0
 10
84.34318357103039
 20
319.5245899233628
 30
0.0
 10
84.38183772728857
 20
319.5199561389666
 30
0.0
 10
84.42049188353005
 20
319.5199561389666
 30
0.0
 10
84.45914603977152
 20
319.5199561389666
 30
0.0
 10
84.49780019599504
 20
319.5245899233628
 30
0.0
 10
84.53529633985912
 20
319.5344199053878
 30
0.0
 10
84.56954291793369
 20
319.5433979818566
 30
0.0
 10
84.60282350218879
 20
319.5567106362333
 30
0.0
 10
84.63262324398169
 20
319.5756092880398
 30
0.0
 10
84.64591203080475
 20
319.584036883046
 30
0.0
 10
84.65850862011391
 20
319.5935753049786
 30
0.0
 10
84.66993224661761
 20
319.6044036420052
 30
0.0
 10
84.68035148262828
 20
319.6142799277053
 30
0.0
 10
84.68979494742576
 20
319.6252292755764
 30
0.0
 10
84.69765544691087
 20
319.6372533965103
 30
0.0
 10
84.70488319961003
 20
319.6483096115386
 30
0.0
 10
84.71077257772648
 20
319.6602745318537
 30
0.0
 10
84.7147273780282
 20
319.6729008102493
 30
0.0
 10
84.71848102226257
 20
319.6848848684798
 30
0.0
 10
84.72049188354707
 20
319.6974647174711
 30
0.0
 10
84.72049188354707
 20
319.7099694403706
 30
0.0
  0
SPLINE
  5
809
330
70
100
AcDbEntity
  8
03_AXES
 62
     7
370
    25
100
AcDbSpline
210
0.0
220
0.0
230
1.0
 70
     8
 71
     3
 72
    17
 73
    13
 74
     0
 42
0.0000000001
 43
0.0000000001
 40
0.0
 40
0.0
 40
0.0
 40
0.0
 40
1.0
 40
1.0
 40
1.0
 40
2.0
 40
2.0
 40
2.0
 40
3.0
 40
3.0
 40
3.0
 40
4.0
 40
4.0
 40
4.0
 40
4.0
 10
81.92049188354697
 20
319.5552013984707
 30
0.0
 10
81.92049188354697
 20
319.5357637779709
 30
0.0
 10
81.9172462542955
 20
319.5162029288372
 30
0.0
 10
81.91121632164856
 20
319.4976309740457
 30
0.0
 10
81.90484178562448
 20
319.4779976544404
 30
0.0
 10
81.89535561355169
 20
319.4594694871283
 30
0.0
 10
81.88377202982108
 20
319.4424316747459
 30
0.0
 10
81.87111968043065
 20
319.4238218593274
 30
0.0
 10
81.8559650266056
 20
319.4069901029453
 30
0.0
 10
81.83929041237522
 20
319.3918833406468
 30
0.0
 10
81.82095439963111
 20
319.3752713949551
 30
0.0
 10
81.80078045044728
 20
319.3607453124708
 30
0.0
 10
81.7796052344471
 20
319.3480668024711
 30
0.0
  0
SPLINE
  5
80A
330
70
100
AcDbEntity
  8
03_AXES
 62
     7
370
    25
100
AcDbSpline
210
0.0
220
0.0
230
1.0
 70
     8
 71
     3
 72
    17
 73
    13
 74
     0
 42
0.0000000001
 43
0.0000000001
 40
0.0
 40
0.0
 40
0.0
 40
0.0
 40
1.0
 40
1.0
 40
1.0
 40
2.0
 40
2.0
 40
2.0
 40
3.0
 40
3.0
 40
3.0
 40
4.0
 40
4.0
 40
4.0
 40
4.0
 10
81.16137853264712
 20
319.3480668024711
 30
0.0
 10
81.14020331664695
 20
319.3607453124708
 30
0.0
 10
81.12002936746311
 20
319.3752713949551
 30
0.0
 10
81.10169335469974
 20
319.3918833406468
 30
0.0
 10
81.08501874045268
 20
319.4069901029453
 30
0.0
 10
81.06986408659427
 20
319.4238218593274
 30
0.0
 10
81.0572117371878
 20
319.4424316747459
 30
0.0
 10
81.04562815344307
 20
319.4594694871283
 30
0.0
 10
81.03614198137028
 20
319.4779976544404
 30
0.0
 10
81.02976744537251
 20
319.4976309740457
 30
0.0
 10
81.02373751274994
 20
319.5162029288372
 30
0.0
 10
81.02049188354724
 20
319.5357637779709
 30
0.0
 10
81.02049188354724
 20
319.5552013984707
 30
0.0
  0
SPLINE
  5
80B
330
70
100
AcDbEntity
  8
03_AXES
 62
     7
370
    25
100
AcDbSpline
210
0.0
220
0.0
230
1.0
 70
     8
 71
     3
 72
    17
 73
    13
 74
     0
 42
0.0000000001
 43
0.0000000001
 40
0.0
 40
0.0
 40
0.0
 40
0.0
 40
1.0
 40
1.0
 40
1.0
 40
2.0
 40
2.0
 40
2.0
 40
3.0
 40
3.0
 40
3.0
 40
4.0
 40
4.0
 40
4.0
 40
4.0
 10
84.72049188354707
 20
319.5552013984707
 30
0.0
 10
84.72049188354707
 20
319.5430579294707
 30
0.0
 10
84.71859786338965
 20
319.5308454335454
 30
0.0
 10
84.71505001008454
 20
319.5191797303246
 30
0.0
 10
84.71132126972658
 20
319.5069192520422
 30
0.0
 10
84.70576575600878
 20
319.4952627442075
 30
0.0
 10
84.69892254987426
 20
319.4844542161511
 30
0.0
 10
84.69150700387679
 20
319.4727417037112
 30
0.0
 10
84.68257936259238
 20
319.4620249463203
 30
0.0
 10
84.67269531427771
 20
319.4523052366394
 30
0.0
 10
84.66188500788581
 20
319.4416746694523
 30
0.0
 10
84.64993064084721
 20
319.4322367775709
 30
0.0
 10
84.63731989374752
 20
319.4238841223706
 30
0.0
  0
SPLINE
  5
80C
330
70
100
AcDbEntity
  8
03_AXES
 62
     7
370
    25
100
AcDbSpline
210
0.0
220
0.0
230
1.0
 70
     8
 71
     3
 72
    17
 73
    13
 74
     0
 42
0.0000000001
 43
0.0000000001
 40
0.0
 40
0.0
 40
0.0
 40
0.0
 40
1.0
 40
1.0
 40
1.0
 40
2.0
 40
2.0
 40
2.0
 40
3.0
 40
3.0
 40
3.0
 40
4.0
 40
4.0
 40
4.0
 40
4.0
 10
84.20366387324712
 20
319.4238841223706
 30
0.0
 10
84.19105312624756
 20
319.4322367775709
 30
0.0
 10
84.17909875920893
 20
319.4416746694523
 30
0.0
 10
84.16828845281704
 20
319.4523052366394
 30
0.0
 10
84.15840440450173
 20
319.4620249463203
 30
0.0
 10
84.14947676321796
 20
319.4727417037112
 30
0.0
 10
84.14206121720123
 20
319.4844542161511
 30
0.0
 10
84.13521801105003
 20
319.4952627442075
 30
0.0
 10
84.12966249729887
 20
319.5069192520422
 30
0.0
 10
84.12593375695182
 20
319.5191797303246
 30
0.0
 10
84.1223859036557
 20
319.5308454335454
 30
0.0
 10
84.12049188354705
 20
319.5430579294707
 30
0.0
 10
84.12049188354705
 20
319.5552013984707
 30
0.0
  0
SPLINE
  5
80D
330
70
100
AcDbEntity
  8
03_AXES
 62
     7
370
    25
100
AcDbSpline
210
0.0
220
0.0
230
1.0
 70
     8
 71
     3
 72
    47
 73
    43
 74
     0
 42
0.0000000001
 43
0.0000000001
 40
0.0
 40
0.0
 40
0.0
 40
0.0
 40
1.0
 40
1.0
 40
1.0
 40
2.0
 40
2.0
 40
2.0
 40
3.0
 40
3.0
 40
3.0
 40
4.0
 40
4.0
 40
4.0
 40
5.0
 40
5.0
 40
5.0
 40
6.0
 40
6.0
 40
6.0
 40
7.0
 40
7.0
 40
7.0
 40
8.0
 40
8.0
 40
8.0
 40
9.0
 40
9.0
 40
9.0
 40
10.0
 40
10.0
 40
10.0
 40
11.0
 40
11.0
 40
11.0
 40
12.0
 40
12.0
 40
12.0
 40
13.0
 40
13.0
 40
13.0
 40
14.0
 40
14.0
 40
14.0
 40
14.0
 10
28.62049188354733
 20
319.7099694403706
 30
0.0
 10
28.62049188354733
 20
319.6828741612711
 30
0.0
 10
28.62484772652917
 20
319.6556158766413
 30
0.0
 10
28.6329817354823
 20
319.6296488891611
 30
0.0
 10
28.64155037729581
 20
319.602294380946
 30
0.0
 10
28.65431173773425
 20
319.5763728552015
 30
0.0
 10
28.66997097644074
 20
319.5524208669032
 30
0.0
 10
28.68700301790944
 20
319.5263690730965
 30
0.0
 10
28.70746330761082
 20
319.5026472816723
 30
0.0
 10
28.73003775943063
 20
319.4812427502981
 30
0.0
 10
28.75478739431509
 20
319.457775764672
 30
0.0
 10
28.78207824445434
 20
319.4370941172826
 30
0.0
 10
28.81087359486932
 20
319.4188560818603
 30
0.0
 10
28.84217886531071
 20
319.3990283449862
 30
0.0
 10
28.8752623433259
 20
319.3820887759497
 30
0.0
 10
28.90937205344572
 20
319.3676561197569
 30
0.0
 10
28.94582642671384
 20
319.3522313789932
 30
0.0
 10
28.98345296515168
 20
319.339670041064
 30
0.0
 10
29.02174807249603
 20
319.3296109870896
 30
0.0
 10
29.10267234240315
 20
319.3083544440147
 30
0.0
 10
29.18658211297533
 20
319.2982718731925
 30
0.0
 10
29.27049188354752
 20
319.2982718731925
 30
0.0
 10
29.35440165411905
 20
319.2982718731925
 30
0.0
 10
29.43831142469124
 20
319.3083544440147
 30
0.0
 10
29.51923569459836
 20
319.3296109870896
 30
0.0
 10
29.55753080194271
 20
319.339670041064
 30
0.0
 10
29.59515734038055
 20
319.3522313789932
 30
0.0
 10
29.63161171363006
 20
319.3676561197569
 30
0.0
 10
29.66572142373319
 20
319.3820887759497
 30
0.0
 10
29.69880490171501
 20
319.3990283449862
 30
0.0
 10
29.73011017215834
 20
319.4188560818603
 30
0.0
 10
29.75890552257652
 20
319.4370941172826
 30
0.0
 10
29.78619637274914
 20
319.457775764672
 30
0.0
 10
29.810946007649
 20
319.4812427502981
 30
0.0
 10
29.83352045948421
 20
319.5026472816723
 30
0.0
 10
29.85398074918495
 20
319.5263690730965
 30
0.0
 10
29.87101279065365
 20
319.5524208669032
 30
0.0
 10
29.88667202936014
 20
319.5763728552015
 30
0.0
 10
29.89943338979857
 20
319.602294380946
 30
0.0
 10
29.90800203161209
 20
319.6296488891611
 30
0.0
 10
29.91613604056523
 20
319.6556158766413
 30
0.0
 10
29.92049188354706
 20
319.6828741612711
 30
0.0
 10
29.92049188354706
 20
319.7099694403706
 30
0.0
  0
SPLINE
  5
80E
330
70
100
AcDbEntity
  8
03_AXES
 62
     7
370
    25
100
AcDbSpline
210
0.0
220
0.0
230
1.0
 70
     8
 71
     3
 72
    47
 73
    43
 74
     0
 42
0.0000000001
 43
0.0000000001
 40
0.0
 40
0.0
 40
0.0
 40
0.0
 40
1.0
 40
1.0
 40
1.0
 40
2.0
 40
2.0
 40
2.0
 40
3.0
 40
3.0
 40
3.0
 40
4.0
 40
4.0
 40
4.0
 40
5.0
 40
5.0
 40
5.0
 40
6.0
 40
6.0
 40
6.0
 40
7.0
 40
7.0
 40
7.0
 40
8.0
 40
8.0
 40
8.0
 40
9.0
 40
9.0
 40
9.0
 40
10.0
 40
10.0
 40
10.0
 40
11.0
 40
11.0
 40
11.0
 40
12.0
 40
12.0
 40
12.0
 40
13.0
 40
13.0
 40
13.0
 40
14.0
 40
14.0
 40
14.0
 40
14.0
 10
28.82049188354734
 20
319.7099694403706
 30
0.0
 10
28.82049188354734
 20
319.6912117139709
 30
0.0
 10
28.8235077077666
 20
319.6723412855082
 30
0.0
 10
28.82913850737075
 20
319.6543645251312
 30
0.0
 10
28.83507056533309
 20
319.6354259743003
 30
0.0
 10
28.84390489611166
 20
319.6174792754787
 30
0.0
 10
28.8547460938844
 20
319.6008964755835
 30
0.0
 10
28.86653716414285
 20
319.5828607416408
 30
0.0
 10
28.88070217862202
 20
319.5664383781824
 30
0.0
 10
28.89633055797613
 20
319.5516200389144
 30
0.0
 10
28.9134650690751
 20
319.5353736327516
 30
0.0
 10
28.93235858962123
 20
319.5210553128451
 30
0.0
 10
28.95229383202434
 20
319.5084288808729
 30
0.0
 10
28.97396668167672
 20
319.4947018964577
 30
0.0
 10
28.9968707658156
 20
319.482974592434
 30
0.0
 10
29.02048527862191
 20
319.4729828135856
 30
0.0
 10
29.04572304329485
 20
319.4623042039814
 30
0.0
 10
29.07177226265055
 20
319.4536079187049
 30
0.0
 10
29.09828433901003
 20
319.446644009402
 30
0.0
 10
29.15430892919115
 20
319.4319280679029
 30
0.0
 10
29.21240040636933
 20
319.4249480477369
 30
0.0
 10
29.27049188354752
 20
319.4249480477369
 30
0.0
 10
29.32858336072505
 20
319.4249480477369
 30
0.0
 10
29.38667483790323
 20
319.4319280679029
 30
0.0
 10
29.44269942804906
 20
319.446644009402
 30
0.0
 10
29.46921150439186
 20
319.4536079187049
 30
0.0
 10
29.49526072372318
 20
319.4623042039814
 30
0.0
 10
29.52049848840189
 20
319.4729828135856
 30
0.0
 10
29.54411300121462
 20
319.482974592434
 30
0.0
 10
29.56701708538687
 20
319.4947018964577
 30
0.0
 10
29.58868993505529
 20
319.5084288808729
 30
0.0
 10
29.60862517747316
 20
319.5210553128451
 30
0.0
 10
29.62751869801929
 20
319.5353736327516
 30
0.0
 10
29.644653209099
 20
319.5516200389144
 30
0.0
 10
29.66028158843643
 20
319.5664383781824
 30
0.0
 10
29.67444660288223
 20
319.5828607416408
 30
0.0
 10
29.68623767314325
 20
319.6008964755835
 30
0.0
 10
29.69707887091855
 20
319.6174792754787
 30
0.0
 10
29.70591320172985
 20
319.6354259743003
 30
0.0
 10
29.71184525970824
 20
319.6543645251312
 30
0.0
 10
29.71747605932778
 20
319.6723412855082
 30
0.0
 10
29.72049188354705
 20
319.6912117139709
 30
0.0
 10
29.72049188354705
 20
319.7099694403706
 30
0.0
  0
SPLINE
  5
80F
330
70
100
AcDbEntity
  8
03_AXES
 62
     7
370
    25
100
AcDbSpline
210
0.0
220
0.0
230
1.0
 70
     8
 71
     3
 72
    17
 73
    13
 74
     0
 42
0.0000000001
 43
0.0000000001
 40
0.0
 40
0.0
 40
0.0
 40
0.0
 40
1.0
 40
1.0
 40
1.0
 40
2.0
 40
2.0
 40
2.0
 40
3.0
 40
3.0
 40
3.0
 40
4.0
 40
4.0
 40
4.0
 40
4.0
 10
29.72049188354705
 20
319.5552013984707
 30
0.0
 10
29.72049188354705
 20
319.5357637779709
 30
0.0
 10
29.71724625429559
 20
319.5162029288372
 30
0.0
 10
29.71121632164864
 20
319.4976309740457
 30
0.0
 10
29.70484178562457
 20
319.4779976544404
 30
0.0
 10
29.69535561355113
 20
319.4594694871283
 30
0.0
 10
29.68377202982115
 20
319.4424316747459
 30
0.0
 10
29.67111968043074
 20
319.4238218593274
 30
0.0
 10
29.65596502660569
 20
319.4069901029453
 30
0.0
 10
29.6392904123753
 20
319.3918833406468
 30
0.0
 10
29.6209543996312
 20
319.3752713949551
 30
0.0
 10
29.60078045044735
 20
319.3607453124708
 30
0.0
 10
29.57960523444718
 20
319.3480668024711
 30
0.0
  0
SPLINE
  5
810
330
70
100
AcDbEntity
  8
03_AXES
 62
     7
370
    25
100
AcDbSpline
210
0.0
220
0.0
230
1.0
 70
     8
 71
     3
 72
    17
 73
    13
 74
     0
 42
0.0000000001
 43
0.0000000001
 40
0.0
 40
0.0
 40
0.0
 40
0.0
 40
1.0
 40
1.0
 40
1.0
 40
2.0
 40
2.0
 40
2.0
 40
3.0
 40
3.0
 40
3.0
 40
4.0
 40
4.0
 40
4.0
 40
4.0
 10
28.9613785326472
 20
319.3480668024711
 30
0.0
 10
28.94020331664703
 20
319.3607453124708
 30
0.0
 10
28.92002936746319
 20
319.3752713949551
 30
0.0
 10
28.90169335469984
 20
319.3918833406468
 30
0.0
 10
28.88501874045276
 20
319.4069901029453
 30
0.0
 10
28.86986408659435
 20
319.4238218593274
 30
0.0
 10
28.85721173718789
 20
319.4424316747459
 30
0.0
 10
28.84562815344315
 20
319.4594694871283
 30
0.0
 10
28.83614198137036
 20
319.4779976544404
 30
0.0
 10
28.82976744537259
 20
319.4976309740457
 30
0.0
 10
28.82373751275003
 20
319.5162029288372
 30
0.0
 10
28.82049188354734
 20
319.5357637779709
 30
0.0
 10
28.82049188354734
 20
319.5552013984707
 30
0.0
  0
SPLINE
  5
811
330
70
100
AcDbEntity
  8
03_AXES
 62
     7
370
    25
100
AcDbSpline
210
0.0
220
0.0
230
1.0
 70
     8
 71
     3
 72
    32
 73
    28
 74
     0
 42
0.0000000001
 43
0.0000000001
 40
0.0
 40
0.0
 40
0.0
 40
0.0
 40
1.0
 40
1.0
 40
1.0
 40
2.0
 40
2.0
 40
2.0
 40
3.0
 40
3.0
 40
3.0
 40
4.0
 40
4.0
 40
4.0
 40
5.0
 40
5.0
 40
5.0
 40
6.0
 40
6.0
 40
6.0
 40
7.0
 40
7.0
 40
7.0
 40
8.0
 40
8.0
 40
8.0
 40
9.0
 40
9.0
 40
9.0
 40
9.0
 10
85.25795310544708
 20
352.2358714665711
 30
0.0
 10
85.25071464844755
 20
352.235808649071
 30
0.0
 10
85.24348564836248
 20
352.2352810852543
 30
0.0
 10
85.23627220287027
 20
352.2346340036536
 30
0.0
 10
85.22631289234729
 20
352.2337406044302
 30
0.0
 10
85.21638323230041
 20
352.2326193780072
 30
0.0
 10
85.20646387240544
 20
352.2314055062758
 30
0.0
 10
85.19405278668536
 20
352.2298867120917
 30
0.0
 10
85.18165782582324
 20
352.2282228819513
 30
0.0
 10
85.1692702524058
 20
352.226511276111
 30
0.0
 10
85.15467155699724
 20
352.2244941568998
 30
0.0
 10
85.14008312164726
 20
352.2224106843678
 30
0.0
 10
85.12549553208099
 20
352.2203201646462
 30
0.0
 10
85.09080827653681
 20
352.2153492000133
 30
0.0
 10
85.05612580324187
 20
352.210338389008
 30
0.0
 10
85.02141156573413
 20
352.2055546545125
 30
0.0
 10
84.98104724008472
 20
352.19999231955
 30
0.0
 10
84.94063996887787
 20
352.1947369944672
 30
0.0
 10
84.90018058693223
 20
352.1899090125572
 30
0.0
 10
84.85577981564549
 20
352.1846107081777
 30
0.0
 10
84.81131628626007
 20
352.1798270624889
 30
0.0
 10
84.76679810077952
 20
352.1756341788492
 30
0.0
 10
84.71968524042315
 20
352.1711969193501
 30
0.0
 10
84.67251116721085
 20
352.1674212920371
 30
0.0
 10
84.62528457639498
 20
352.1643518546992
 30
0.0
 10
84.52716115569002
 20
352.1579744371038
 30
0.0
 10
84.42881102164731
 20
352.154645572271
 30
0.0
 10
84.33049188354708
 20
352.1544837095707
 30
0.0
  0
SPLINE
  5
812
330
70
100
AcDbEntity
  8
03_AXES
 62
     7
370
    25
100
AcDbSpline
210
0.0
220
0.0
230
1.0
 70
     8
 71
     3
 72
    20
 73
    16
 74
     0
 42
0.0000000001
 43
0.0000000001
 40
0.0
 40
0.0
 40
0.0
 40
0.0
 40
1.0
 40
1.0
 40
1.0
 40
2.0
 40
2.0
 40
2.0
 40
3.0
 40
3.0
 40
3.0
 40
4.0
 40
4.0
 40
4.0
 40
5.0
 40
5.0
 40
5.0
 40
5.0
 10
84.45099914784711
 20
352.0133823801708
 30
0.0
 10
84.53388084294754
 20
352.014125226071
 30
0.0
 10
84.61676157085289
 20
352.0177275460572
 30
0.0
 10
84.69943026231083
 20
352.0239335003216
 30
0.0
 10
84.78248819938315
 20
352.0301686753279
 30
0.0
 10
84.86533209855904
 20
352.0390320607638
 30
0.0
 10
84.94783120276382
 20
352.0505781125757
 30
0.0
 10
85.11430783670872
 20
352.0738771272691
 30
0.0
 10
85.27938046444011
 20
352.1080999679266
 30
0.0
 10
85.44143177856799
 20
352.1530683680396
 30
0.0
 10
85.60674650915357
 20
352.1989423493122
 30
0.0
 10
85.76891701341713
 20
352.2559990396026
 30
0.0
 10
85.92646470211436
 20
352.3240302705591
 30
0.0
 10
86.08730033252149
 20
352.3934812793856
 30
0.0
 10
86.24331818224744
 20
352.4743696750708
 30
0.0
 10
86.39226881864734
 20
352.5662408463708
 30
0.0
  0
SPLINE
  5
813
330
70
100
AcDbEntity
  8
03_AXES
 62
     7
370
    25
100
AcDbSpline
210
0.0
220
0.0
230
1.0
 70
     8
 71
     3
 72
    35
 73
    31
 74
     0
 42
0.0000000001
 43
0.0000000001
 40
0.0
 40
0.0
 40
0.0
 40
0.0
 40
1.0
 40
1.0
 40
1.0
 40
2.0
 40
2.0
 40
2.0
 40
3.0
 40
3.0
 40
3.0
 40
4.0
 40
4.0
 40
4.0
 40
5.0
 40
5.0
 40
5.0
 40
6.0
 40
6.0
 40
6.0
 40
7.0
 40
7.0
 40
7.0
 40
8.0
 40
8.0
 40
8.0
 40
9.0
 40
9.0
 40
9.0
 40
10.0
 40
10.0
 40
10.0
 40
10.0
 10
93.03049188354707
 20
280.8091916858709
 30
0.0
 10
93.03049188354707
 20
280.808634194771
 30
0.0
 10
93.03001523555309
 20
280.8081832125196
 30
0.0
 10
93.02952855958833
 20
280.8078245087219
 30
0.0
 10
93.02860247498418
 20
280.8071419394387
 30
0.0
 10
93.02764007968139
 20
280.8067935050535
 30
0.0
 10
93.02664876147565
 20
280.8064698357318
 30
0.0
 10
93.02510677739842
 20
280.8059663718216
 30
0.0
 10
93.02349481306924
 20
280.8055228280858
 30
0.0
 10
93.02187986165861
 20
280.8051418105553
 30
0.0
 10
93.01968211198696
 20
280.8046232926923
 30
0.0
 10
93.01747883028303
 20
280.8042205724402
 30
0.0
 10
93.01526750360022
 20
280.8038527891323
 30
0.0
 10
93.00914949005202
 20
280.8028352536976
 30
0.0
 10
93.00296989645998
 20
280.8020851420157
 30
0.0
 10
92.99678564507427
 20
280.8014407647863
 30
0.0
 10
92.9885032654217
 20
280.8005777699763
 30
0.0
 10
92.98021253135138
 20
280.7999044250232
 30
0.0
 10
92.97191323974628
 20
280.7993266307255
 30
0.0
 10
92.96182028072719
 20
280.7986239618172
 30
0.0
 10
92.95171466549849
 20
280.7980626080311
 30
0.0
 10
92.9416058865889
 20
280.7975916194486
 30
0.0
 10
92.93008359037656
 20
280.7970547722174
 30
0.0
 10
92.91855718386562
 20
280.7966353287185
 30
0.0
 10
92.90702810180144
 20
280.7963023901344
 30
0.0
 10
92.89452493397355
 20
280.7959413217539
 30
0.0
 10
92.88201861938064
 20
280.7956819933046
 30
0.0
 10
92.86951120244761
 20
280.7955084737075
 30
0.0
 10
92.85650551225783
 20
280.7953280413979
 30
0.0
 10
92.84349863014737
 20
280.7952403910709
 30
0.0
 10
92.83049188354707
 20
280.7952403910709
 30
0.0
  0
SPLINE
  5
814
330
70
100
AcDbEntity
  8
03_AXES
 62
     7
370
    25
100
AcDbSpline
210
0.0
220
0.0
230
1.0
 70
     8
 71
     3
 72
    41
 73
    37
 74
     0
 42
0.0000000001
 43
0.0000000001
 40
0.0
 40
0.0
 40
0.0
 40
0.0
 40
1.0
 40
1.0
 40
1.0
 40
2.0
 40
2.0
 40
2.0
 40
3.0
 40
3.0
 40
3.0
 40
4.0
 40
4.0
 40
4.0
 40
5.0
 40
5.0
 40
5.0
 40
6.0
 40
6.0
 40
6.0
 40
7.0
 40
7.0
 40
7.0
 40
8.0
 40
8.0
 40
8.0
 40
9.0
 40
9.0
 40
9.0
 40
10.0
 40
10.0
 40
10.0
 40
11.0
 40
11.0
 40
11.0
 40
12.0
 40
12.0
 40
12.0
 40
12.0
 10
93.03049188354707
 20
296.4382539220709
 30
0.0
 10
93.03049188354707
 20
296.4378599980707
 30
0.0
 10
93.02998568461928
 20
296.4377020283346
 30
0.0
 10
93.02952914366152
 20
296.4375685629813
 30
0.0
 10
93.02838697996184
 20
296.4372346624204
 30
0.0
 10
93.02755561996354
 20
296.4370541320585
 30
0.0
 10
93.02665104027791
 20
296.436892107532
 30
0.0
 10
93.02517863378586
 20
296.4366283762445
 30
0.0
 10
93.02351223268848
 20
296.4364136759247
 30
0.0
 10
93.02188478156322
 20
296.4362271782783
 30
0.0
 10
93.01963912858983
 20
296.4359698378344
 30
0.0
 10
93.01746763678082
 20
296.4357661955812
 30
0.0
 10
93.01527576056313
 20
296.4355818122889
 30
0.0
 10
93.01249962128506
 20
296.4353482800774
 30
0.0
 10
93.00969078194542
 20
296.4351456425182
 30
0.0
 10
93.00688807403046
 20
296.4349624146704
 30
0.0
 10
93.00352107524469
 20
296.4347422961424
 30
0.0
 10
93.00016292540654
 20
296.4345501899502
 30
0.0
 10
92.99680130739684
 20
296.4343745692694
 30
0.0
 10
92.99290814587367
 20
296.4341711792134
 30
0.0
 10
92.98901033268185
 20
296.4339899002685
 30
0.0
 10
92.9851127448156
 20
296.4338240285825
 30
0.0
 10
92.98072013262514
 20
296.4336370898874
 30
0.0
 10
92.97632780663176
 20
296.4334697206721
 30
0.0
 10
92.97193482260237
 20
296.4333161332296
 30
0.0
 10
92.96183555242381
 20
296.4329630426954
 30
0.0
 10
92.95173280440137
 20
296.4326827914686
 30
0.0
 10
92.94162933715623
 20
296.4324473615099
 30
0.0
 10
92.93010309629798
 20
296.4321787782262
 30
0.0
 10
92.91857591939141
 20
296.4319685285243
 30
0.0
 10
92.90704804670468
 20
296.4318017104014
 30
0.0
 10
92.89454022113449
 20
296.4316207115267
 30
0.0
 10
92.88203157646305
 20
296.4314908420765
 30
0.0
 10
92.86952266354346
 20
296.4314040276113
 30
0.0
 10
92.85651258713219
 20
296.4313137349666
 30
0.0
 10
92.84350222054717
 20
296.431270016371
 30
0.0
 10
92.83049188354707
 20
296.4312697681708
 30
0.0
  0
SPLINE
  5
815
330
70
100
AcDbEntity
  8
03_AXES
 62
     7
370
    25
100
AcDbSpline
210
0.0
220
0.0
230
1.0
 70
     8
 71
     3
 72
    32
 73
    28
 74
     0
 42
0.0000000001
 43
0.0000000001
 40
0.0
 40
0.0
 40
0.0
 40
0.0
 40
1.0
 40
1.0
 40
1.0
 40
2.0
 40
2.0
 40
2.0
 40
3.0
 40
3.0
 40
3.0
 40
4.0
 40
4.0
 40
4.0
 40
5.0
 40
5.0
 40
5.0
 40
6.0
 40
6.0
 40
6.0
 40
7.0
 40
7.0
 40
7.0
 40
8.0
 40
8.0
 40
8.0
 40
9.0
 40
9.0
 40
9.0
 40
9.0
 10
93.03049188354707
 20
300.751321994971
 30
0.0
 10
93.03049188354707
 20
300.7505716914705
 30
0.0
 10
93.03005126233648
 20
300.7498652007991
 30
0.0
 10
93.02952855963452
 20
300.7492876386739
 30
0.0
 10
93.02871227054906
 20
300.7483856772775
 30
0.0
 10
93.02769580006135
 20
300.7477981484875
 30
0.0
 10
93.02664876151414
 20
300.7472718884743
 30
0.0
 10
93.02511116511185
 20
300.7464990654444
 30
0.0
 10
93.02350764718477
 20
300.745858371545
 30
0.0
 10
93.02187986171317
 20
300.7452957901098
 30
0.0
 10
93.01970881380077
 20
300.744545450909
 30
0.0
 10
93.01749459705368
 20
300.7439340637127
 30
0.0
 10
93.01526750367273
 20
300.7433777292708
 30
0.0
 10
93.00917742337032
 20
300.741856409394
 30
0.0
 10
93.00299105520753
 20
300.7407467585819
 30
0.0
 10
92.99678564505887
 20
300.7397886427809
 30
0.0
 10
92.98852240353086
 20
300.7385127976576
 30
0.0
 10
92.98022539658418
 20
300.7375056557715
 30
0.0
 10
92.97191323974756
 20
300.736642816254
 30
0.0
 10
92.96182842874888
 20
300.7355959672082
 30
0.0
 10
92.95172131709916
 20
300.7347615313757
 30
0.0
 10
92.94160588666912
 20
300.7340611235607
 30
0.0
 10
92.93008911139146
 20
300.733263684493
 30
0.0
 10
92.91856155278884
 20
300.7326399809553
 30
0.0
 10
92.90702810186497
 20
300.7321427534088
 30
0.0
 10
92.88153314391093
 20
300.7310436205066
 30
0.0
 10
92.85600939364742
 20
300.7305625013706
 30
0.0
 10
92.83049188354707
 20
300.7305625013706
 30
0.0
  0
SPLINE
  5
816
330
70
100
AcDbEntity
  8
03_AXES
 62
     7
370
    25
100
AcDbSpline
210
0.0
220
0.0
230
1.0
 70
     8
 71
     3
 72
    41
 73
    37
 74
     0
 42
0.0000000001
 43
0.0000000001
 40
0.0
 40
0.0
 40
0.0
 40
0.0
 40
1.0
 40
1.0
 40
1.0
 40
2.0
 40
2.0
 40
2.0
 40
3.0
 40
3.0
 40
3.0
 40
4.0
 40
4.0
 40
4.0
 40
5.0
 40
5.0
 40
5.0
 40
6.0
 40
6.0
 40
6.0
 40
7.0
 40
7.0
 40
7.0
 40
8.0
 40
8.0
 40
8.0
 40
9.0
 40
9.0
 40
9.0
 40
10.0
 40
10.0
 40
10.0
 40
11.0
 40
11.0
 40
11.0
 40
12.0
 40
12.0
 40
12.0
 40
12.0
 10
93.03049188354707
 20
313.7042358900705
 30
0.0
 10
93.03049188354707
 20
313.7038272911705
 30
0.0
 10
93.02998771082314
 20
313.7036361985528
 30
0.0
 10
93.02952856201653
 20
313.7034778737178
 30
0.0
 10
93.02841378450333
 20
313.7030934733585
 30
0.0
 10
93.02756441422685
 20
313.7029022327073
 30
0.0
 10
93.02664875773581
 20
313.7027267895301
 30
0.0
 10
93.02516414225602
 20
313.7024423317023
 30
0.0
 10
93.02350527146158
 20
313.70219940278
 30
0.0
 10
93.02187985190863
 20
313.7019904794982
 30
0.0
 10
93.01963954299841
 20
313.7017025214217
 30
0.0
 10
93.01746278138621
 20
313.7014791638375
 30
0.0
 10
93.01526751528747
 20
313.7012757968301
 30
0.0
 10
93.01248849746173
 20
313.7010183517136
 30
0.0
 10
93.00967982549517
 20
313.7007929422557
 30
0.0
 10
93.00687612779986
 20
313.700589570825
 30
0.0
 10
93.0035089599232
 20
313.7003453270351
 30
0.0
 10
93.00014896663
 20
313.7001328695375
 30
0.0
 10
92.99678563259901
 20
313.6999384753173
 30
0.0
 10
92.99289132737499
 20
313.6997133919862
 30
0.0
 10
92.98899254334452
 20
313.6995125254419
 30
0.0
 10
92.98509373524455
 20
313.6993287725708
 30
0.0
 10
92.98070050492656
 20
313.6991217173212
 30
0.0
 10
92.97630724404829
 20
313.6989363914584
 30
0.0
 10
92.97191323972896
 20
313.698766316922
 30
0.0
 10
92.9618137324484
 20
313.6983754049224
 30
0.0
 10
92.95171029758018
 20
313.6980650654607
 30
0.0
 10
92.94160589690294
 20
313.6978043591489
 30
0.0
 10
92.93008107469239
 20
313.6975070041664
 30
0.0
 10
92.9185549960505
 20
313.6972742174584
 30
0.0
 10
92.90702809257894
 20
313.6970895589503
 30
0.0
 10
92.89452322406445
 20
313.6968892336529
 30
0.0
 10
92.88201738482163
 20
313.6967455495709
 30
0.0
 10
92.86951120762998
 20
313.6966493811994
 30
0.0
 10
92.85650499619512
 20
313.6965493677299
 30
0.0
 10
92.8434984192472
 20
313.6965007455706
 30
0.0
 10
92.83049188354707
 20
313.6965007455706
 30
0.0
  0
SPLINE
  5
817
330
70
100
AcDbEntity
  8
03_AXES
 62
     7
370
    25
100
AcDbSpline
210
0.0
220
0.0
230
1.0
 70
     8
 71
     3
 72
    41
 73
    37
 74
     0
 42
0.0000000001
 43
0.0000000001
 40
0.0
 40
0.0
 40
0.0
 40
0.0
 40
1.0
 40
1.0
 40
1.0
 40
2.0
 40
2.0
 40
2.0
 40
3.0
 40
3.0
 40
3.0
 40
4.0
 40
4.0
 40
4.0
 40
5.0
 40
5.0
 40
5.0
 40
6.0
 40
6.0
 40
6.0
 40
7.0
 40
7.0
 40
7.0
 40
8.0
 40
8.0
 40
8.0
 40
9.0
 40
9.0
 40
9.0
 40
10.0
 40
10.0
 40
10.0
 40
11.0
 40
11.0
 40
11.0
 40
12.0
 40
12.0
 40
12.0
 40
12.0
 10
93.03049188354707
 20
329.1513194923708
 30
0.0
 10
93.03049188354707
 20
329.1517281264706
 30
0.0
 10
93.02998758709716
 20
329.1519191349987
 30
0.0
 10
93.02952835819686
 20
329.1520774207492
 30
0.0
 10
93.02841358275957
 20
329.1524616584724
 30
0.0
 10
93.0275643781165
 20
329.1526530697828
 30
0.0
 10
93.02664885233509
 20
329.1528285881716
 30
0.0
 10
93.02516420842867
 20
329.1531132140251
 30
0.0
 10
93.02350516093339
 20
329.1533560465289
 30
0.0
 10
93.0218796003915
 20
329.1535649319331
 30
0.0
 10
93.01963935403987
 20
329.1538528047945
 30
0.0
 10
93.01746270824216
 20
329.1540762031619
 30
0.0
 10
93.01526754588175
 20
329.1542795802735
 30
0.0
 10
93.01248847646919
 20
329.1545370551276
 30
0.0
 10
93.00967972965549
 20
329.1547624409345
 30
0.0
 10
93.00687596311552
 20
329.1549658042483
 30
0.0
 10
93.00350879024962
 20
329.1552100326541
 30
0.0
 10
93.00014880029328
 20
329.1554224986376
 30
0.0
 10
92.99678546792234
 20
329.1556169042338
 30
0.0
 10
92.99289129061783
 20
329.1558419934538
 30
0.0
 10
92.98899263254709
 20
329.1560428713286
 30
0.0
 10
92.98509395004883
 20
329.1562266163979
 30
0.0
 10
92.98070052152089
 20
329.1564336788692
 30
0.0
 10
92.97630706197196
 20
329.1566189842978
 30
0.0
 10
92.97191285937341
 20
329.1567890508154
 30
0.0
 10
92.96181345236151
 20
329.1571799228661
 30
0.0
 10
92.95171012026141
 20
329.1574902968338
 30
0.0
 10
92.94160582165924
 20
329.1577510169351
 30
0.0
 10
92.93008097946424
 20
329.1580483911667
 30
0.0
 10
92.91855487990746
 20
329.1582811686432
 30
0.0
 10
92.90702795572315
 20
329.1584658246454
 30
0.0
 10
92.89452309177496
 20
329.1586661467902
 30
0.0
 10
92.882017257343
 20
329.1588098358787
 30
0.0
 10
92.8695110848678
 20
329.1589060048932
 30
0.0
 10
92.85650491441442
 20
329.1590060187541
 30
0.0
 10
92.84349837834723
 20
329.1590546368707
 30
0.0
 10
92.83049188354707
 20
329.1590546368707
 30
0.0
  0
SPLINE
  5
818
330
70
100
AcDbEntity
  8
03_AXES
 62
     7
370
    25
100
AcDbSpline
210
0.0
220
0.0
230
1.0
 70
     8
 71
     3
 72
    32
 73
    28
 74
     0
 42
0.0000000001
 43
0.0000000001
 40
0.0
 40
0.0
 40
0.0
 40
0.0
 40
1.0
 40
1.0
 40
1.0
 40
2.0
 40
2.0
 40
2.0
 40
3.0
 40
3.0
 40
3.0
 40
4.0
 40
4.0
 40
4.0
 40
5.0
 40
5.0
 40
5.0
 40
6.0
 40
6.0
 40
6.0
 40
7.0
 40
7.0
 40
7.0
 40
8.0
 40
8.0
 40
8.0
 40
9.0
 40
9.0
 40
9.0
 40
9.0
 10
93.03049188354707
 20
342.1037877921707
 30
0.0
 10
93.03049188354707
 20
342.1045365061711
 30
0.0
 10
93.03005082683011
 20
342.1052409658157
 30
0.0
 10
93.02952835818532
 20
342.1058167752298
 30
0.0
 10
93.02871140666558
 20
342.1067171323721
 30
0.0
 10
93.02769540607995
 20
342.1073029445954
 30
0.0
 10
93.02664885230621
 20
342.1078276590341
 30
0.0
 10
93.02511110390531
 20
342.1085986454951
 30
0.0
 10
93.02350739195862
 20
342.1092377234101
 30
0.0
 10
93.02187960038507
 20
342.1097988597123
 30
0.0
 10
93.01970841877531
 20
342.1105473147602
 30
0.0
 10
93.0174943976579
 20
342.1111571056877
 30
0.0
 10
93.01526754584712
 20
342.1117119814937
 30
0.0
 10
93.00917714048694
 20
342.1132295582669
 30
0.0
 10
93.002990759734
 20
342.1143363622082
 30
0.0
 10
92.9967854679448
 20
342.115292013102
 30
0.0
 10
92.98852198484791
 20
342.1165646373838
 30
0.0
 10
92.98022496529185
 20
342.1175692098345
 30
0.0
 10
92.97191285937019
 20
342.118429862973
 30
0.0
 10
92.9618280759729
 20
342.1194740629106
 30
0.0
 10
92.95172108528154
 20
342.1203064120578
 30
0.0
 10
92.94160582166373
 20
342.1210050572918
 30
0.0
 10
92.93008897049361
 20
342.1218005079575
 30
0.0
 10
92.91856139494177
 20
342.1224226352166
 30
0.0
 10
92.90702795568851
 20
342.1229186057646
 30
0.0
 10
92.88153296291651
 20
342.1240149626498
 30
0.0
 10
92.85600931754705
 20
342.1244948629708
 30
0.0
 10
92.83049188354707
 20
342.1244948629708
 30
0.0
  0
SPLINE
  5
819
330
70
100
AcDbEntity
  8
03_AXES
 62
     7
370
    25
100
AcDbSpline
210
0.0
220
0.0
230
1.0
 70
     8
 71
     3
 72
    41
 73
    37
 74
     0
 42
0.0000000001
 43
0.0000000001
 40
0.0
 40
0.0
 40
0.0
 40
0.0
 40
1.0
 40
1.0
 40
1.0
 40
2.0
 40
2.0
 40
2.0
 40
3.0
 40
3.0
 40
3.0
 40
4.0
 40
4.0
 40
4.0
 40
5.0
 40
5.0
 40
5.0
 40
6.0
 40
6.0
 40
6.0
 40
7.0
 40
7.0
 40
7.0
 40
8.0
 40
8.0
 40
8.0
 40
9.0
 40
9.0
 40
9.0
 40
10.0
 40
10.0
 40
10.0
 40
11.0
 40
11.0
 40
11.0
 40
12.0
 40
12.0
 40
12.0
 40
12.0
 10
93.03049188354707
 20
346.417301460371
 30
0.0
 10
93.03049188354707
 20
346.4176949415706
 30
0.0
 10
93.02998557619845
 20
346.417851654047
 30
0.0
 10
93.02952914606082
 20
346.4179845297193
 30
0.0
 10
93.02838570360705
 20
346.4183174080107
 30
0.0
 10
93.02755528841304
 20
346.4185006875274
 30
0.0
 10
93.02665103660867
 20
346.4186640160948
 30
0.0
 10
93.02517953390351
 20
346.4189298031544
 30
0.0
 10
93.02351250042647
 20
346.4191427570114
 30
0.0
 10
93.02188477182545
 20
346.4193283989835
 30
0.0
 10
93.01963872392221
 20
346.419584560091
 30
0.0
 10
93.01746751372604
 20
346.4197887185187
 30
0.0
 10
93.01527577229597
 20
346.4199733651585
 30
0.0
 10
93.01249977393116
 20
346.4202072334258
 30
0.0
 10
93.00969083926519
 20
346.4204098007908
 30
0.0
 10
93.00688808934847
 20
346.4205930010352
 30
0.0
 10
93.00352103651174
 20
346.4208130866377
 30
0.0
 10
93.00016290960085
 20
346.4210052213124
 30
0.0
 10
92.99680129489077
 20
346.4211808433388
 30
0.0
 10
92.99290814605141
 20
346.4213842344915
 30
0.0
 10
92.98901031923955
 20
346.4215654782372
 30
0.0
 10
92.98511272489085
 20
346.4217313390427
 30
0.0
 10
92.98072011388496
 20
346.4219182651136
 30
0.0
 10
92.9763277981389
 20
346.422085652668
 30
0.0
 10
92.97193482273904
 20
346.4222392491097
 30
0.0
 10
92.96183556082942
 20
346.4225923607366
 30
0.0
 10
92.95173281250988
 20
346.4228725835251
 30
0.0
 10
92.94162934727134
 20
346.4231080174759
 30
0.0
 10
92.93010309823143
 20
346.4233766055569
 30
0.0
 10
92.91857591614057
 20
346.4235869021568
 30
0.0
 10
92.9070480372178
 20
346.4237536849901
 30
0.0
 10
92.89454021715853
 20
346.4239346453981
 30
0.0
 10
92.88203157676145
 20
346.4240643797264
 30
0.0
 10
92.86952266867514
 20
346.4241513084737
 30
0.0
 10
92.85651259024636
 20
346.4242417200278
 30
0.0
 10
92.84350222224704
 20
346.424285827271
 30
0.0
 10
92.83049188354707
 20
346.4242856142705
 30
0.0
  0
SPLINE
  5
81A
330
70
100
AcDbEntity
  8
03_AXES
 62
     7
370
    25
100
AcDbSpline
210
0.0
220
0.0
230
1.0
 70
     8
 71
     3
 72
    35
 73
    31
 74
     0
 42
0.0000000001
 43
0.0000000001
 40
0.0
 40
0.0
 40
0.0
 40
0.0
 40
1.0
 40
1.0
 40
1.0
 40
2.0
 40
2.0
 40
2.0
 40
3.0
 40
3.0
 40
3.0
 40
4.0
 40
4.0
 40
4.0
 40
5.0
 40
5.0
 40
5.0
 40
6.0
 40
6.0
 40
6.0
 40
7.0
 40
7.0
 40
7.0
 40
8.0
 40
8.0
 40
8.0
 40
9.0
 40
9.0
 40
9.0
 40
10.0
 40
10.0
 40
10.0
 40
10.0
 10
93.03049188354707
 20
362.046363696571
 30
0.0
 10
93.03049188354707
 20
362.0469211870709
 30
0.0
 10
93.03001523700462
 20
362.0473721695386
 30
0.0
 10
93.02952856199086
 20
362.0477308733037
 30
0.0
 10
93.02860247653068
 20
362.0484134444901
 30
0.0
 10
93.02764007835307
 20
362.0487618779512
 30
0.0
 10
93.02664875776406
 20
362.0490855470541
 30
0.0
 10
93.02510677090699
 20
362.0495890103214
 30
0.0
 10
93.02349480507302
 20
362.0500325551923
 30
0.0
 10
93.02187985193047
 20
362.0504135736001
 30
0.0
 10
93.019682109664
 20
362.0509320903528
 30
0.0
 10
93.01747883499441
 20
362.051334810046
 30
0.0
 10
93.01526751538373
 20
362.0517025926288
 30
0.0
 10
93.00914949393172
 20
362.0527201306271
 30
0.0
 10
93.00296989217727
 20
362.053470241204
 30
0.0
 10
92.99678563272349
 20
362.0541146183538
 30
0.0
 10
92.98850325708924
 20
362.0549776115127
 30
0.0
 10
92.98021252723552
 20
362.0556509573328
 30
0.0
 10
92.97191323978607
 20
362.0562287517299
 30
0.0
 10
92.96182028420906
 20
362.0569314208712
 30
0.0
 10
92.95171467232938
 20
362.0574927737101
 30
0.0
 10
92.94160589681181
 20
362.0579637621149
 30
0.0
 10
92.930083594015
 20
362.0585006096297
 30
0.0
 10
92.91855718096835
 20
362.0589200541983
 30
0.0
 10
92.90702809235114
 20
362.0592529930526
 30
0.0
 10
92.89452492940531
 20
362.0596140613798
 30
0.0
 10
92.88201861968031
 20
362.059873389029
 30
0.0
 10
92.86951120759852
 20
362.0600469083982
 30
0.0
 10
92.85650551569219
 20
362.0602273405647
 30
0.0
 10
92.84349863184722
 20
362.0603149912709
 30
0.0
 10
92.83049188354707
 20
362.0603149912709
 30
0.0
  0
SPLINE
  5
81B
330
70
100
AcDbEntity
  8
03_AXES
 62
     7
370
    25
100
AcDbSpline
210
0.0
220
0.0
230
1.0
 70
     8
 71
     3
 72
    59
 73
    55
 74
     0
 42
0.0000000001
 43
0.0000000001
 40
0.0
 40
0.0
 40
0.0
 40
0.0
 40
1.0
 40
1.0
 40
1.0
 40
2.0
 40
2.0
 40
2.0
 40
3.0
 40
3.0
 40
3.0
 40
4.0
 40
4.0
 40
4.0
 40
5.0
 40
5.0
 40
5.0
 40
6.0
 40
6.0
 40
6.0
 40
7.0
 40
7.0
 40
7.0
 40
8.0
 40
8.0
 40
8.0
 40
9.0
 40
9.0
 40
9.0
 40
10.0
 40
10.0
 40
10.0
 40
11.0
 40
11.0
 40
11.0
 40
12.0
 40
12.0
 40
12.0
 40
13.0
 40
13.0
 40
13.0
 40
14.0
 40
14.0
 40
14.0
 40
15.0
 40
15.0
 40
15.0
 40
16.0
 40
16.0
 40
16.0
 40
17.0
 40
17.0
 40
17.0
 40
18.0
 40
18.0
 40
18.0
 40
18.0
 10
92.83049188354707
 20
314.9727946849708
 30
0.0
 10
92.83802284444737
 20
314.9537062723705
 30
0.0
 10
92.84568281222801
 20
314.9346684412947
 30
0.0
 10
92.85350973985719
 20
314.9156989400131
 30
0.0
 10
92.86133307468533
 20
314.8967381463187
 30
0.0
 10
92.86932321611722
 20
314.8778456197015
 30
0.0
 10
92.87755953512997
 20
314.8590608368081
 30
0.0
 10
92.88166064669942
 20
314.849707327026
 30
0.0
 10
92.88582279416864
 20
314.8403805306224
 30
0.0
 10
92.89006387737746
 20
314.831089646448
 30
0.0
 10
92.89427920584449
 20
314.8218551828422
 30
0.0
 10
92.89857251425903
 20
314.8126561966234
 30
0.0
 10
92.90296921577033
 20
314.8035064719227
 30
0.0
 10
92.90732162415558
 20
314.7944489231198
 30
0.0
 10
92.91177535293178
 20
314.7854396482968
 30
0.0
 10
92.91637196208688
 20
314.7765036085703
 30
0.0
 10
92.92089286751714
 20
314.7677147406978
 30
0.0
 10
92.92555198575383
 20
314.7589967154991
 30
0.0
 10
92.93041854570788
 20
314.7503924289313
 30
0.0
 10
92.93515023899963
 20
314.742026592401
 30
0.0
 10
92.94007803568788
 20
314.7337682777908
 30
0.0
 10
92.94534408541295
 20
314.7257291213219
 30
0.0
 10
92.94788996928236
 20
314.72184257261
 30
0.0
 10
92.9505149117241
 20
314.7180072468822
 30
0.0
 10
92.95325169647728
 20
314.7142527151306
 30
0.0
 10
92.95589568997465
 20
314.7106254815579
 30
0.0
 10
92.9586440702789
 20
314.7070736561653
 30
0.0
 10
92.96154930083037
 20
314.7036489474514
 30
0.0
 10
92.96431327306214
 20
314.7003907551593
 30
0.0
 10
92.96721921358495
 20
314.6972476187118
 30
0.0
 10
92.97033592942915
 20
314.694327763483
 30
0.0
 10
92.97323274686087
 20
314.6916139172592
 30
0.0
 10
92.97631164653493
 20
314.6890929567328
 30
0.0
 10
92.97972984601283
 20
314.6870129850842
 30
0.0
 10
92.9828366723848
 20
314.6851224837214
 30
0.0
 10
92.98622379854414
 20
314.6835962887536
 30
0.0
 10
92.98979761850313
 20
314.6830452703069
 30
0.0
 10
92.99152119986377
 20
314.6827795252125
 30
0.0
 10
92.99328820505486
 20
314.6827406001845
 30
0.0
 10
92.99501628574736
 20
314.6829913737165
 30
0.0
 10
92.99682292737905
 20
314.6832535477596
 30
0.0
 10
92.99858702494198
 20
314.683832359289
 30
0.0
 10
93.00021320841066
 20
314.6846533540061
 30
0.0
 10
93.00409111286153
 20
314.6866111522076
 30
0.0
 10
93.00718475060875
 20
314.6899461570786
 30
0.0
 10
93.0096963609712
 20
314.6935618835578
 30
0.0
 10
93.01284634992446
 20
314.698096622958
 30
0.0
 10
93.01508084182906
 20
314.7030729219997
 30
0.0
 10
93.01696671928318
 20
314.7081710935824
 30
0.0
 10
93.0212564142346
 20
314.7197676057808
 30
0.0
 10
93.02374238026603
 20
314.7319946857188
 30
0.0
 10
93.02558557154585
 20
314.7442748782483
 30
0.0
 10
93.0294554240759
 20
314.7700576250743
 30
0.0
 10
93.03049188354707
 20
314.7960744956711
 30
0.0
 10
93.03049188354707
 20
314.8220516025707
 30
0.0
  0
SPLINE
  5
81C
330
70
100
AcDbEntity
  8
03_AXES
 62
     7
370
    25
100
AcDbSpline
210
0.0
220
0.0
230
1.0
 70
     8
 71
     3
 72
    14
 73
    10
 74
     0
 42
0.0000000001
 43
0.0000000001
 40
0.0
 40
0.0
 40
0.0
 40
0.0
 40
1.0
 40
1.0
 40
1.0
 40
2.0
 40
2.0
 40
2.0
 40
3.0
 40
3.0
 40
3.0
 40
3.0
 10
92.58148238474721
 20
315.5454277895707
 30
0.0
 10
92.59733785824705
 20
315.5085585395712
 30
0.0
 10
92.61380627844824
 20
315.4719550990328
 30
0.0
 10
92.63033946073701
 20
315.4353840489909
 30
0.0
 10
92.65045802993462
 20
315.3908821988308
 30
0.0
 10
92.6706724954908
 20
315.3464283108464
 30
0.0
 10
92.69065061385843
 20
315.3018608694555
 30
0.0
 10
92.73940502289425
 20
315.1930989116318
 30
0.0
 10
92.78675186494719
 20
315.0836606858709
 30
0.0
 10
92.83049188354707
 20
314.9727946849708
 30
0.0
  0
SPLINE
  5
81D
330
70
100
AcDbEntity
  8
03_AXES
 62
     7
370
    25
100
AcDbSpline
210
0.0
220
0.0
230
1.0
 70
     8
 71
     3
 72
    11
 73
     7
 74
     0
 42
0.0000000001
 43
0.0000000001
 40
0.0
 40
0.0
 40
0.0
 40
0.0
 40
1.0
 40
1.0
 40
1.0
 40
2.0
 40
2.0
 40
2.0
 40
2.0
 10
92.54049188354739
 20
315.6883489307706
 30
0.0
 10
92.54254177804716
 20
315.6758115217709
 30
0.0
 10
92.54493106216811
 20
315.6633339908329
 30
0.0
 10
92.54769284900142
 20
315.65092374781
 30
0.0
 10
92.55572024387832
 20
315.6148522016438
 30
0.0
 10
92.5668946506472
 20
315.5793491234709
 30
0.0
 10
92.58148238474721
 20
315.5454277895707
 30
0.0
  0
SPLINE
  5
81E
330
70
100
AcDbEntity
  8
03_AXES
 62
     7
370
    25
100
AcDbSpline
210
0.0
220
0.0
230
1.0
 70
     8
 71
     3
 72
    11
 73
     7
 74
     0
 42
0.0000000001
 43
0.0000000001
 40
0.0
 40
0.0
 40
0.0
 40
0.0
 40
1.0
 40
1.0
 40
1.0
 40
2.0
 40
2.0
 40
2.0
 40
2.0
 10
92.58148238474721
 20
327.3101275928706
 30
0.0
 10
92.57667181914717
 20
327.2989414276707
 30
0.0
 10
92.5722309097711
 20
327.287597414048
 30
0.0
 10
92.56815513913924
 20
327.2761153742621
 30
0.0
 10
92.55561798159321
 20
327.2407963745572
 30
0.0
 10
92.54653573304741
 20
327.2041713840711
 30
0.0
 10
92.54049188354739
 20
327.1672064515706
 30
0.0
  0
SPLINE
  5
81F
330
70
100
AcDbEntity
  8
03_AXES
 62
     7
370
    25
100
AcDbSpline
210
0.0
220
0.0
230
1.0
 70
     8
 71
     3
 72
    14
 73
    10
 74
     0
 42
0.0000000001
 43
0.0000000001
 40
0.0
 40
0.0
 40
0.0
 40
0.0
 40
1.0
 40
1.0
 40
1.0
 40
2.0
 40
2.0
 40
2.0
 40
3.0
 40
3.0
 40
3.0
 40
3.0
 10
92.83049188354707
 20
327.8827606973711
 30
0.0
 10
92.78675186154748
 20
327.7718946878709
 30
0.0
 10
92.7394050160608
 20
327.6624564536126
 30
0.0
 10
92.69065060265694
 20
327.5536944875777
 30
0.0
 10
92.67067248480651
 20
327.5091270479689
 30
0.0
 10
92.65045801966488
 20
327.4646731617883
 30
0.0
 10
92.63033945132134
 20
327.4201713132966
 30
0.0
 10
92.61380627215125
 20
327.3836002699726
 30
0.0
 10
92.5973378553472
 20
327.3469968360708
 30
0.0
 10
92.58148238474721
 20
327.3101275928706
 30
0.0
  0
SPLINE
  5
820
330
70
100
AcDbEntity
  8
03_AXES
 62
     7
370
    25
100
AcDbSpline
210
0.0
220
0.0
230
1.0
 70
     8
 71
     3
 72
    59
 73
    55
 74
     0
 42
0.0000000001
 43
0.0000000001
 40
0.0
 40
0.0
 40
0.0
 40
0.0
 40
1.0
 40
1.0
 40
1.0
 40
2.0
 40
2.0
 40
2.0
 40
3.0
 40
3.0
 40
3.0
 40
4.0
 40
4.0
 40
4.0
 40
5.0
 40
5.0
 40
5.0
 40
6.0
 40
6.0
 40
6.0
 40
7.0
 40
7.0
 40
7.0
 40
8.0
 40
8.0
 40
8.0
 40
9.0
 40
9.0
 40
9.0
 40
10.0
 40
10.0
 40
10.0
 40
11.0
 40
11.0
 40
11.0
 40
12.0
 40
12.0
 40
12.0
 40
13.0
 40
13.0
 40
13.0
 40
14.0
 40
14.0
 40
14.0
 40
15.0
 40
15.0
 40
15.0
 40
16.0
 40
16.0
 40
16.0
 40
17.0
 40
17.0
 40
17.0
 40
18.0
 40
18.0
 40
18.0
 40
18.0
 10
93.03049188354707
 20
328.0335037797705
 30
0.0
 10
93.03049188354707
 20
328.0594814723706
 30
0.0
 10
93.02945502077317
 20
328.0854983550865
 30
0.0
 10
93.02558544412111
 20
328.1112822565813
 30
0.0
 10
93.02374232935555
 20
328.1235633647781
 30
0.0
 10
93.0212565556426
 20
328.135791616431
 30
0.0
 10
93.01696558423952
 20
328.1473877974851
 30
0.0
 10
93.01507941774358
 20
328.1524850880805
 30
0.0
 10
93.01284445357419
 20
328.1574602509132
 30
0.0
 10
93.00969478990136
 20
328.1619951147228
 30
0.0
 10
93.00718320806886
 20
328.1656112727453
 30
0.0
 10
93.00408999898623
 20
328.1689474591382
 30
0.0
 10
93.00021165619524
 20
328.1709036637327
 30
0.0
 10
92.99858563135135
 20
328.1717238174538
 30
0.0
 10
92.9968215980841
 20
328.1723014021579
 30
0.0
 10
92.99501521848764
 20
328.1725633872797
 30
0.0
 10
92.99328722080019
 20
328.1728140044169
 30
0.0
 10
92.9915204720115
 20
328.172775816563
 30
0.0
 10
92.98979713415638
 20
328.1725104635088
 30
0.0
 10
92.98622378516215
 20
328.1719602527271
 30
0.0
 10
92.98283707806309
 20
328.170433363029
 30
0.0
 10
92.97973055902517
 20
328.1685427827115
 30
0.0
 10
92.97631260684012
 20
328.1664626689099
 30
0.0
 10
92.97323383724615
 20
328.1639422882183
 30
0.0
 10
92.97033716126414
 20
328.1612288400435
 30
0.0
 10
92.96722039293216
 20
328.1583092213528
 30
0.0
 10
92.96431444077088
 20
328.1551660816563
 30
0.0
 10
92.96155046871106
 20
328.1519079248341
 30
0.0
 10
92.95864518957143
 20
328.1484831959138
 30
0.0
 10
92.95589677899439
 20
328.144931388825
 30
0.0
 10
92.95325275046282
 20
328.1413041618496
 30
0.0
 10
92.95051593898351
 20
328.1375496500105
 30
0.0
 10
92.94789096393319
 20
328.1337143322161
 30
0.0
 10
92.94534505948899
 20
328.1298277860941
 30
0.0
 10
92.94007894829109
 20
328.1217886061069
 30
0.0
 10
92.93515114404618
 20
328.1135302435412
 30
0.0
 10
92.93041940566224
 20
328.1051643774139
 30
0.0
 10
92.92555280742185
 20
328.0965600747093
 30
0.0
 10
92.92089361050388
 20
328.0878420531721
 30
0.0
 10
92.91637265597593
 20
328.0790531730464
 30
0.0
 10
92.91177598391122
 20
328.0701170956072
 30
0.0
 10
92.90732222361608
 20
328.0611077662058
 30
0.0
 10
92.90296978633959
 20
328.052050161851
 30
0.0
 10
92.89857305103002
 20
328.042900371432
 30
0.0
 10
92.89427971171511
 20
328.0337013183975
 30
0.0
 10
92.89006435105852
 20
328.0244667884984
 30
0.0
 10
92.88582323607021
 20
328.0151758389568
 30
0.0
 10
92.88166105549381
 20
328.0058489777236
 30
0.0
 10
92.87755990846212
 20
327.9964954040532
 30
0.0
 10
92.86932351822528
 20
327.9777104928426
 30
0.0
 10
92.86133329607151
 20
327.9588178417062
 30
0.0
 10
92.85350990472378
 20
327.9398569134635
 30
0.0
 10
92.84568291288556
 20
327.9208872590001
 30
0.0
 10
92.83802290544727
 20
327.9018492645708
 30
0.0
 10
92.83049188354707
 20
327.8827606973711
 30
0.0
  0
SPLINE
  5
821
330
70
100
AcDbEntity
  8
03_AXES
 62
     7
370
    25
100
AcDbSpline
210
0.0
220
0.0
230
1.0
 70
     8
 71
     3
 72
    71
 73
    67
 74
     0
 42
0.0000000001
 43
0.0000000001
 40
0.0
 40
0.0
 40
0.0
 40
0.0
 40
1.0
 40
1.0
 40
1.0
 40
2.0
 40
2.0
 40
2.0
 40
3.0
 40
3.0
 40
3.0
 40
4.0
 40
4.0
 40
4.0
 40
5.0
 40
5.0
 40
5.0
 40
6.0
 40
6.0
 40
6.0
 40
7.0
 40
7.0
 40
7.0
 40
8.0
 40
8.0
 40
8.0
 40
9.0
 40
9.0
 40
9.0
 40
10.0
 40
10.0
 40
10.0
 40
11.0
 40
11.0
 40
11.0
 40
12.0
 40
12.0
 40
12.0
 40
13.0
 40
13.0
 40
13.0
 40
14.0
 40
14.0
 40
14.0
 40
15.0
 40
15.0
 40
15.0
 40
16.0
 40
16.0
 40
16.0
 40
17.0
 40
17.0
 40
17.0
 40
18.0
 40
18.0
 40
18.0
 40
19.0
 40
19.0
 40
19.0
 40
20.0
 40
20.0
 40
20.0
 40
21.0
 40
21.0
 40
21.0
 40
22.0
 40
22.0
 40
22.0
 40
22.0
 10
84.33049188354708
 20
352.073174366671
 30
0.0
 10
84.39151657064725
 20
352.0730739017707
 30
0.0
 10
84.45255826879556
 20
352.0746770395143
 30
0.0
 10
84.51350280222674
 20
352.0779916668318
 30
0.0
 10
84.57331687606814
 20
352.0812448111574
 30
0.0
 10
84.63303735637586
 20
352.0861465411118
 30
0.0
 10
84.69257536621913
 20
352.0927350675203
 30
0.0
 10
84.74934468184523
 20
352.0990172078902
 30
0.0
 10
84.80594810324619
 20
352.1068329103698
 30
0.0
 10
84.86227349995623
 20
352.1162738408854
 30
0.0
 10
84.88874724237465
 20
352.1207112133184
 30
0.0
 10
84.91515956539922
 20
352.125507620485
 30
0.0
 10
84.9414977527233
 20
352.1306844497257
 30
0.0
 10
84.96625986414807
 20
352.1355514977464
 30
0.0
 10
84.99095644695909
 20
352.1407548011858
 30
0.0
 10
85.01557039096697
 20
352.1463237749131
 30
0.0
 10
85.03819962989572
 20
352.151443703561
 30
0.0
 10
85.0607590196145
 20
352.1568727095397
 30
0.0
 10
85.08322869705082
 20
352.1626543116548
 30
0.0
 10
85.1032477749475
 20
352.1678053577015
 30
0.0
 10
85.12319564196168
 20
352.1732362838426
 30
0.0
 10
85.14304058409996
 20
352.1790195888416
 30
0.0
 10
85.15188916960536
 20
352.1815982846342
 30
0.0
 10
85.16071729215362
 20
352.1842470384481
 30
0.0
 10
85.16951945096646
 20
352.1869799787233
 30
0.0
 10
85.17751911394602
 20
352.1894637558975
 30
0.0
 10
85.18549733162346
 20
352.1920170686757
 30
0.0
 10
85.19344689196511
 20
352.194656642915
 30
0.0
 10
85.20053192199441
 20
352.1970091582668
 30
0.0
 10
85.20759418884054
 20
352.1994301930857
 30
0.0
 10
85.21462401658999
 20
352.2019441357829
 30
0.0
 10
85.22073297763338
 20
352.2041287665511
 30
0.0
 10
85.22681744160866
 20
352.2063835586612
 30
0.0
 10
85.23286169811655
 20
352.2087385663985
 30
0.0
 10
85.23793738111002
 20
352.2107161913888
 30
0.0
 10
85.24298471039079
 20
352.2127644869601
 30
0.0
 10
85.24798323428475
 20
352.2149391560193
 30
0.0
 10
85.25198181535561
 20
352.2166787877032
 30
0.0
 10
85.25594916469744
 20
352.2184992887899
 30
0.0
 10
85.2598369843931
 20
352.2204543607503
 30
0.0
 10
85.26272198594961
 20
352.2219051445028
 30
0.0
 10
85.26556319408076
 20
352.2234300304276
 30
0.0
 10
85.26829692692357
 20
352.2252032842003
 30
0.0
 10
85.26930677676743
 20
352.225858329938
 30
0.0
 10
85.2703019606651
 20
352.2265472676471
 30
0.0
 10
85.27122508997374
 20
352.22726962323
 30
0.0
 10
85.27193627148889
 20
352.2278261280815
 30
0.0
 10
85.27260468711661
 20
352.2284024671309
 30
0.0
 10
85.27327329528548
 20
352.2291211016544
 30
0.0
 10
85.27408844585826
 20
352.2299972431233
 30
0.0
 10
85.27490388262236
 20
352.2310848909403
 30
0.0
 10
85.27471646758831
 20
352.2321621816219
 30
0.0
 10
85.27464242044677
 20
352.2325878160779
 30
0.0
 10
85.27441182639234
 20
352.2330118337673
 30
0.0
 10
85.27410732971469
 20
352.2333444364092
 30
0.0
 10
85.27370165012952
 20
352.2337875614473
 30
0.0
 10
85.27316479253176
 20
352.2340684237179
 30
0.0
 10
85.27261500698987
 20
352.2342997215018
 30
0.0
 10
85.27184566100105
 20
352.2346233895665
 30
0.0
 10
85.27105099952697
 20
352.2348500005179
 30
0.0
 10
85.27024493446672
 20
352.2350282203731
 30
0.0
 10
85.26917857667861
 20
352.2352639905857
 30
0.0
 10
85.26809226134194
 20
352.2354150709896
 30
0.0
 10
85.26700345166398
 20
352.2355306087791
 30
0.0
 10
85.26399718985835
 20
352.2358496148008
 30
0.0
 10
85.26097191264733
 20
352.235897664671
 30
0.0
 10
85.25795310544708
 20
352.2358714665711
 30
0.0
  0
SPLINE
  5
822
330
70
100
AcDbEntity
  8
03_AXES
 62
     7
370
    25
100
AcDbSpline
210
0.0
220
0.0
230
1.0
 70
     8
 71
     3
 72
    11
 73
     7
 74
     0
 42
0.0000000001
 43
0.0000000001
 40
0.0
 40
0.0
 40
0.0
 40
0.0
 40
1.0
 40
1.0
 40
1.0
 40
2.0
 40
2.0
 40
2.0
 40
2.0
 10
84.33049188354708
 20
352.0130638684711
 30
0.0
 10
84.3512243877473
 20
352.0135843804709
 30
0.0
 10
84.37196746343866
 20
352.0135004383071
 30
0.0
 10
84.39270807120493
 20
352.0134029105365
 30
0.0
 10
84.41213990282088
 20
352.0133115369749
 30
0.0
 10
84.43156956814751
 20
352.0132082382707
 30
0.0
 10
84.45099914784711
 20
352.0133823801708
 30
0.0
  0
SPLINE
  5
823
330
70
100
AcDbEntity
  8
03_AXES
 62
     7
370
    25
100
AcDbSpline
210
0.0
220
0.0
230
1.0
 70
     8
 71
     3
 72
    29
 73
    25
 74
     0
 42
0.0000000001
 43
0.0000000001
 40
0.0
 40
0.0
 40
0.0
 40
0.0
 40
1.0
 40
1.0
 40
1.0
 40
2.0
 40
2.0
 40
2.0
 40
3.0
 40
3.0
 40
3.0
 40
4.0
 40
4.0
 40
4.0
 40
5.0
 40
5.0
 40
5.0
 40
6.0
 40
6.0
 40
6.0
 40
7.0
 40
7.0
 40
7.0
 40
8.0
 40
8.0
 40
8.0
 40
8.0
 10
83.53529915424712
 20
278.6204873983706
 30
0.0
 10
83.53502205264733
 20
278.5828091041709
 30
0.0
 10
83.53839093700155
 20
278.5449973529356
 30
0.0
 10
83.54542555772432
 20
278.5079039551322
 30
0.0
 10
83.55214926362208
 20
278.4724500042513
 30
0.0
 10
83.56222183167432
 20
278.4376523107706
 30
0.0
 10
83.57562208889868
 20
278.4041676363191
 30
0.0
 10
83.58806991259077
 20
278.3730629107172
 30
0.0
 10
83.60338920005018
 20
278.3430911895441
 30
0.0
 10
83.62152375707593
 20
278.3149167640913
 30
0.0
 10
83.63822066732231
 20
278.2889759124707
 30
0.0
 10
83.65730417026721
 20
278.2645586850516
 30
0.0
 10
83.67863210993482
 20
278.2422699106656
 30
0.0
 10
83.69837021719527
 20
278.2216425914593
 30
0.0
 10
83.72003062180835
 20
278.2028382328168
 30
0.0
 10
83.74336882028334
 20
278.1863904625561
 30
0.0
 10
83.76526067452946
 20
278.1709620142293
 30
0.0
 10
83.78862880980536
 20
278.157607114272
 30
0.0
 10
83.81311024750806
 20
278.1467532176417
 30
0.0
 10
83.83650205315566
 20
278.1363824116624
 30
0.0
 10
83.86091026384924
 20
278.1282949317048
 30
0.0
 10
83.88591145998018
 20
278.1227764238914
 30
0.0
 10
83.91031915816414
 20
278.1173889187323
 30
0.0
 10
83.935292022447
 20
278.1144498648707
 30
0.0
 10
83.96023197174724
 20
278.1140730160706
 30
0.0
  0
SPLINE
  5
824
330
70
100
AcDbEntity
  8
03_AXES
 62
     7
370
    25
100
AcDbSpline
210
0.0
220
0.0
230
1.0
 70
     8
 71
     3
 72
    11
 73
     7
 74
     0
 42
0.0000000001
 43
0.0000000001
 40
0.0
 40
0.0
 40
0.0
 40
0.0
 40
1.0
 40
1.0
 40
1.0
 40
2.0
 40
2.0
 40
2.0
 40
2.0
 10
92.53049188354736
 20
327.1533325675708
 30
0.0
 10
92.53049188354736
 20
327.1642378115709
 30
0.0
 10
92.53069100534535
 20
327.1751410965602
 30
0.0
 10
92.53110606064247
 20
327.1860425341651
 30
0.0
 10
92.53230500724866
 20
327.2175328963429
 30
0.0
 10
92.53530575884752
 20
327.2490078434711
 30
0.0
 10
92.54049188354739
 20
327.2800793680711
 30
0.0
  0
SPLINE
  5
825
330
70
100
AcDbEntity
  8
03_AXES
 62
     7
370
    25
100
AcDbSpline
210
0.0
220
0.0
230
1.0
 70
     8
 71
     3
 72
    11
 73
     7
 74
     0
 42
0.0000000001
 43
0.0000000001
 40
0.0
 40
0.0
 40
0.0
 40
0.0
 40
1.0
 40
1.0
 40
1.0
 40
2.0
 40
2.0
 40
2.0
 40
2.0
 10
92.54049188354739
 20
315.5754760142707
 30
0.0
 10
92.53879267614747
 20
315.5856564413711
 30
0.0
 10
92.53732827374207
 20
315.5958756601429
 30
0.0
 10
92.53608499749397
 20
315.606124586387
 30
0.0
 10
92.53221987380713
 20
315.6379866666377
 30
0.0
 10
92.53049188354736
 20
315.6701358627709
 30
0.0
 10
92.53049188354736
 20
315.7022228148705
 30
0.0
  0
SPLINE
  5
826
330
70
100
AcDbEntity
  8
03_AXES
 62
     7
370
    25
100
AcDbSpline
210
0.0
220
0.0
230
1.0
 70
     8
 71
     3
 72
    32
 73
    28
 74
     0
 42
0.0000000001
 43
0.0000000001
 40
0.0
 40
0.0
 40
0.0
 40
0.0
 40
1.0
 40
1.0
 40
1.0
 40
2.0
 40
2.0
 40
2.0
 40
3.0
 40
3.0
 40
3.0
 40
4.0
 40
4.0
 40
4.0
 40
5.0
 40
5.0
 40
5.0
 40
6.0
 40
6.0
 40
6.0
 40
7.0
 40
7.0
 40
7.0
 40
8.0
 40
8.0
 40
8.0
 40
9.0
 40
9.0
 40
9.0
 40
9.0
 10
67.85795310544712
 20
352.2358714665711
 30
0.0
 10
67.85071464844694
 20
352.235808649071
 30
0.0
 10
67.84348564836252
 20
352.2352810852543
 30
0.0
 10
67.83627220287029
 20
352.2346340036536
 30
0.0
 10
67.82631289234732
 20
352.2337406044302
 30
0.0
 10
67.81638323230044
 20
352.2326193780072
 30
0.0
 10
67.80646387240548
 20
352.2314055062758
 30
0.0
 10
67.79405278668538
 20
352.2298867120917
 30
0.0
 10
67.78165782582326
 20
352.2282228819513
 30
0.0
 10
67.76927025240581
 20
352.226511276111
 30
0.0
 10
67.75467155699726
 20
352.2244941568998
 30
0.0
 10
67.74008312164728
 20
352.2224106843678
 30
0.0
 10
67.72549553208101
 20
352.2203201646462
 30
0.0
 10
67.69080827653684
 20
352.2153492000133
 30
0.0
 10
67.65612580324191
 20
352.210338389008
 30
0.0
 10
67.62141156573417
 20
352.2055546545125
 30
0.0
 10
67.5810472400841
 20
352.19999231955
 30
0.0
 10
67.54063996887791
 20
352.1947369944672
 30
0.0
 10
67.50018058693226
 20
352.1899090125572
 30
0.0
 10
67.45577981564553
 20
352.1846107081777
 30
0.0
 10
67.41131628626011
 20
352.1798270624889
 30
0.0
 10
67.36679810077953
 20
352.1756341788492
 30
0.0
 10
67.31968524042319
 20
352.1711969193501
 30
0.0
 10
67.27251116721089
 20
352.1674212920371
 30
0.0
 10
67.225284576395
 20
352.1643518546992
 30
0.0
 10
67.12716115569005
 20
352.1579744371038
 30
0.0
 10
67.02881102164733
 20
352.154645572271
 30
0.0
 10
66.9304918835471
 20
352.1544837095707
 30
0.0
  0
SPLINE
  5
827
330
70
100
AcDbEntity
  8
03_AXES
 62
     7
370
    25
100
AcDbSpline
210
0.0
220
0.0
230
1.0
 70
     8
 71
     3
 72
    20
 73
    16
 74
     0
 42
0.0000000001
 43
0.0000000001
 40
0.0
 40
0.0
 40
0.0
 40
0.0
 40
1.0
 40
1.0
 40
1.0
 40
2.0
 40
2.0
 40
2.0
 40
3.0
 40
3.0
 40
3.0
 40
4.0
 40
4.0
 40
4.0
 40
5.0
 40
5.0
 40
5.0
 40
5.0
 10
67.05099914784712
 20
352.0133823801708
 30
0.0
 10
67.13388084294692
 20
352.014125226071
 30
0.0
 10
67.2167615708529
 20
352.0177275460572
 30
0.0
 10
67.29943026231085
 20
352.0239335003216
 30
0.0
 10
67.38248819938319
 20
352.0301686753279
 30
0.0
 10
67.46533209855908
 20
352.0390320607638
 30
0.0
 10
67.54783120276385
 20
352.0505781125757
 30
0.0
 10
67.71430783670876
 20
352.0738771272691
 30
0.0
 10
67.87938046444015
 20
352.1080999679266
 30
0.0
 10
68.04143177856801
 20
352.1530683680396
 30
0.0
 10
68.20674650915359
 20
352.1989423493122
 30
0.0
 10
68.36891701341716
 20
352.2559990396026
 30
0.0
 10
68.52646470211439
 20
352.3240302705591
 30
0.0
 10
68.6873003325215
 20
352.3934812793856
 30
0.0
 10
68.84331818224747
 20
352.4743696750708
 30
0.0
 10
68.99226881864738
 20
352.5662408463708
 30
0.0
  0
SPLINE
  5
828
330
70
100
AcDbEntity
  8
03_AXES
 62
     7
370
    25
100
AcDbSpline
210
0.0
220
0.0
230
1.0
 70
     8
 71
     3
 72
    35
 73
    31
 74
     0
 42
0.0000000001
 43
0.0000000001
 40
0.0
 40
0.0
 40
0.0
 40
0.0
 40
1.0
 40
1.0
 40
1.0
 40
2.0
 40
2.0
 40
2.0
 40
3.0
 40
3.0
 40
3.0
 40
4.0
 40
4.0
 40
4.0
 40
5.0
 40
5.0
 40
5.0
 40
6.0
 40
6.0
 40
6.0
 40
7.0
 40
7.0
 40
7.0
 40
8.0
 40
8.0
 40
8.0
 40
9.0
 40
9.0
 40
9.0
 40
10.0
 40
10.0
 40
10.0
 40
10.0
 10
75.63049188354709
 20
280.8091916858709
 30
0.0
 10
75.63049188354709
 20
280.808634194771
 30
0.0
 10
75.63001523555311
 20
280.8081832125196
 30
0.0
 10
75.62952855958837
 20
280.8078245087219
 30
0.0
 10
75.6286024749842
 20
280.8071419394387
 30
0.0
 10
75.62764007968141
 20
280.8067935050535
 30
0.0
 10
75.62664876147566
 20
280.8064698357318
 30
0.0
 10
75.62510677739844
 20
280.8059663718216
 30
0.0
 10
75.62349481306926
 20
280.8055228280858
 30
0.0
 10
75.62187986165864
 20
280.8051418105553
 30
0.0
 10
75.61968211198697
 20
280.8046232926923
 30
0.0
 10
75.61747883028307
 20
280.8042205724402
 30
0.0
 10
75.61526750360023
 20
280.8038527891323
 30
0.0
 10
75.60914949005203
 20
280.8028352536976
 30
0.0
 10
75.60296989645999
 20
280.8020851420157
 30
0.0
 10
75.5967856450743
 20
280.8014407647863
 30
0.0
 10
75.58850326542174
 20
280.8005777699763
 30
0.0
 10
75.58021253135141
 20
280.7999044250232
 30
0.0
 10
75.57191323974631
 20
280.7993266307255
 30
0.0
 10
75.56182028072722
 20
280.7986239618172
 30
0.0
 10
75.5517146654985
 20
280.7980626080311
 30
0.0
 10
75.54160588658894
 20
280.7975916194486
 30
0.0
 10
75.53008359037659
 20
280.7970547722174
 30
0.0
 10
75.51855718386565
 20
280.7966353287185
 30
0.0
 10
75.50702810180147
 20
280.7963023901344
 30
0.0
 10
75.49452493397359
 20
280.7959413217539
 30
0.0
 10
75.48201861938068
 20
280.7956819933046
 30
0.0
 10
75.46951120244699
 20
280.7955084737075
 30
0.0
 10
75.45650551225785
 20
280.7953280413979
 30
0.0
 10
75.44349863014739
 20
280.7952403910709
 30
0.0
 10
75.43049188354709
 20
280.7952403910709
 30
0.0
  0
SPLINE
  5
829
330
70
100
AcDbEntity
  8
03_AXES
 62
     7
370
    25
100
AcDbSpline
210
0.0
220
0.0
230
1.0
 70
     8
 71
     3
 72
    41
 73
    37
 74
     0
 42
0.0000000001
 43
0.0000000001
 40
0.0
 40
0.0
 40
0.0
 40
0.0
 40
1.0
 40
1.0
 40
1.0
 40
2.0
 40
2.0
 40
2.0
 40
3.0
 40
3.0
 40
3.0
 40
4.0
 40
4.0
 40
4.0
 40
5.0
 40
5.0
 40
5.0
 40
6.0
 40
6.0
 40
6.0
 40
7.0
 40
7.0
 40
7.0
 40
8.0
 40
8.0
 40
8.0
 40
9.0
 40
9.0
 40
9.0
 40
10.0
 40
10.0
 40
10.0
 40
11.0
 40
11.0
 40
11.0
 40
12.0
 40
12.0
 40
12.0
 40
12.0
 10
75.63049188354709
 20
296.4382539220709
 30
0.0
 10
75.63049188354709
 20
296.4378599980707
 30
0.0
 10
75.62998568461932
 20
296.4377020283346
 30
0.0
 10
75.62952914366154
 20
296.4375685629813
 30
0.0
 10
75.62838697996188
 20
296.4372346624204
 30
0.0
 10
75.62755561996356
 20
296.4370541320585
 30
0.0
 10
75.62665104027793
 20
296.436892107532
 30
0.0
 10
75.62517863378587
 20
296.4366283762445
 30
0.0
 10
75.62351223268786
 20
296.4364136759247
 30
0.0
 10
75.62188478156325
 20
296.4362271782783
 30
0.0
 10
75.61963912858985
 20
296.4359698378344
 30
0.0
 10
75.61746763678086
 20
296.4357661955812
 30
0.0
 10
75.61527576056317
 20
296.4355818122889
 30
0.0
 10
75.6124996212851
 20
296.4353482800774
 30
0.0
 10
75.60969078194545
 20
296.4351456425182
 30
0.0
 10
75.6068880740305
 20
296.4349624146704
 30
0.0
 10
75.60352107524472
 20
296.4347422961424
 30
0.0
 10
75.60016292540656
 20
296.4345501899502
 30
0.0
 10
75.59680130739687
 20
296.4343745692694
 30
0.0
 10
75.59290814587369
 20
296.4341711792134
 30
0.0
 10
75.58901033268189
 20
296.4339899002685
 30
0.0
 10
75.58511274481564
 20
296.4338240285825
 30
0.0
 10
75.58072013262516
 20
296.4336370898874
 30
0.0
 10
75.57632780663117
 20
296.4334697206721
 30
0.0
 10
75.5719348226024
 20
296.4333161332296
 30
0.0
 10
75.56183555242384
 20
296.4329630426954
 30
0.0
 10
75.55173280440141
 20
296.4326827914686
 30
0.0
 10
75.54162933715627
 20
296.4324473615099
 30
0.0
 10
75.53010309629801
 20
296.4321787782262
 30
0.0
 10
75.51857591939143
 20
296.4319685285243
 30
0.0
 10
75.50704804670471
 20
296.4318017104014
 30
0.0
 10
75.49454022113451
 20
296.4316207115267
 30
0.0
 10
75.48203157646309
 20
296.4314908420765
 30
0.0
 10
75.46952266354349
 20
296.4314040276113
 30
0.0
 10
75.4565125871322
 20
296.4313137349666
 30
0.0
 10
75.4435022205472
 20
296.431270016371
 30
0.0
 10
75.43049188354709
 20
296.4312697681708
 30
0.0
  0
SPLINE
  5
82A
330
70
100
AcDbEntity
  8
03_AXES
 62
     7
370
    25
100
AcDbSpline
210
0.0
220
0.0
230
1.0
 70
     8
 71
     3
 72
    32
 73
    28
 74
     0
 42
0.0000000001
 43
0.0000000001
 40
0.0
 40
0.0
 40
0.0
 40
0.0
 40
1.0
 40
1.0
 40
1.0
 40
2.0
 40
2.0
 40
2.0
 40
3.0
 40
3.0
 40
3.0
 40
4.0
 40
4.0
 40
4.0
 40
5.0
 40
5.0
 40
5.0
 40
6.0
 40
6.0
 40
6.0
 40
7.0
 40
7.0
 40
7.0
 40
8.0
 40
8.0
 40
8.0
 40
9.0
 40
9.0
 40
9.0
 40
9.0
 10
75.63049188354709
 20
300.751321994971
 30
0.0
 10
75.63049188354709
 20
300.7505716914705
 30
0.0
 10
75.63005126233652
 20
300.7498652007991
 30
0.0
 10
75.62952855963456
 20
300.7492876386739
 30
0.0
 10
75.62871227054909
 20
300.7483856772775
 30
0.0
 10
75.62769580006139
 20
300.7477981484875
 30
0.0
 10
75.62664876151417
 20
300.7472718884743
 30
0.0
 10
75.62511116511188
 20
300.7464990654444
 30
0.0
 10
75.6235076471848
 20
300.745858371545
 30
0.0
 10
75.62187986171318
 20
300.7452957901098
 30
0.0
 10
75.61970881380078
 20
300.744545450909
 30
0.0
 10
75.61749459705371
 20
300.7439340637127
 30
0.0
 10
75.61526750367275
 20
300.7433777292708
 30
0.0
 10
75.60917742337037
 20
300.741856409394
 30
0.0
 10
75.60299105520755
 20
300.7407467585819
 30
0.0
 10
75.5967856450589
 20
300.7397886427809
 30
0.0
 10
75.58852240353089
 20
300.7385127976576
 30
0.0
 10
75.58022539658421
 20
300.7375056557715
 30
0.0
 10
75.5719132397476
 20
300.736642816254
 30
0.0
 10
75.56182842874889
 20
300.7355959672082
 30
0.0
 10
75.5517213170992
 20
300.7347615313757
 30
0.0
 10
75.54160588666914
 20
300.7340611235607
 30
0.0
 10
75.53008911139149
 20
300.733263684493
 30
0.0
 10
75.51856155278885
 20
300.7326399809553
 30
0.0
 10
75.507028101865
 20
300.7321427534088
 30
0.0
 10
75.48153314391097
 20
300.7310436205066
 30
0.0
 10
75.45600939364745
 20
300.7305625013706
 30
0.0
 10
75.43049188354709
 20
300.7305625013706
 30
0.0
  0
SPLINE
  5
82B
330
70
100
AcDbEntity
  8
03_AXES
 62
     7
370
    25
100
AcDbSpline
210
0.0
220
0.0
230
1.0
 70
     8
 71
     3
 72
    41
 73
    37
 74
     0
 42
0.0000000001
 43
0.0000000001
 40
0.0
 40
0.0
 40
0.0
 40
0.0
 40
1.0
 40
1.0
 40
1.0
 40
2.0
 40
2.0
 40
2.0
 40
3.0
 40
3.0
 40
3.0
 40
4.0
 40
4.0
 40
4.0
 40
5.0
 40
5.0
 40
5.0
 40
6.0
 40
6.0
 40
6.0
 40
7.0
 40
7.0
 40
7.0
 40
8.0
 40
8.0
 40
8.0
 40
9.0
 40
9.0
 40
9.0
 40
10.0
 40
10.0
 40
10.0
 40
11.0
 40
11.0
 40
11.0
 40
12.0
 40
12.0
 40
12.0
 40
12.0
 10
75.63049188354709
 20
329.1513194923708
 30
0.0
 10
75.63049188354709
 20
329.1517281264706
 30
0.0
 10
75.62998758709719
 20
329.1519191349987
 30
0.0
 10
75.6295283581969
 20
329.1520774207492
 30
0.0
 10
75.62841358275959
 20
329.1524616584724
 30
0.0
 10
75.62756437811654
 20
329.1526530697828
 30
0.0
 10
75.62664885233447
 20
329.1528285881716
 30
0.0
 10
75.6251642084287
 20
329.1531132140251
 30
0.0
 10
75.62350516093343
 20
329.1533560465289
 30
0.0
 10
75.62187960039152
 20
329.1535649319331
 30
0.0
 10
75.61963935403991
 20
329.1538528047945
 30
0.0
 10
75.61746270824219
 20
329.1540762031619
 30
0.0
 10
75.61526754588179
 20
329.1542795802735
 30
0.0
 10
75.61248847646922
 20
329.1545370551276
 30
0.0
 10
75.60967972965551
 20
329.1547624409345
 30
0.0
 10
75.60687596311554
 20
329.1549658042483
 30
0.0
 10
75.60350879024966
 20
329.1552100326541
 30
0.0
 10
75.6001488002933
 20
329.1554224986376
 30
0.0
 10
75.59678546792238
 20
329.1556169042338
 30
0.0
 10
75.59289129061785
 20
329.1558419934538
 30
0.0
 10
75.58899263254713
 20
329.1560428713286
 30
0.0
 10
75.58509395004884
 20
329.1562266163979
 30
0.0
 10
75.58070052152093
 20
329.1564336788692
 30
0.0
 10
75.57630706197199
 20
329.1566189842978
 30
0.0
 10
75.57191285937342
 20
329.1567890508154
 30
0.0
 10
75.56181345236153
 20
329.1571799228661
 30
0.0
 10
75.55171012026143
 20
329.1574902968338
 30
0.0
 10
75.54160582165926
 20
329.1577510169351
 30
0.0
 10
75.53008097946428
 20
329.1580483911667
 30
0.0
 10
75.51855487990749
 20
329.1582811686432
 30
0.0
 10
75.50702795572317
 20
329.1584658246454
 30
0.0
 10
75.494523091775
 20
329.1586661467902
 30
0.0
 10
75.48201725734301
 20
329.1588098358787
 30
0.0
 10
75.46951108486783
 20
329.1589060048932
 30
0.0
 10
75.4565049144138
 20
329.1590060187541
 30
0.0
 10
75.44349837834726
 20
329.1590546368707
 30
0.0
 10
75.43049188354709
 20
329.1590546368707
 30
0.0
  0
SPLINE
  5
82C
330
70
100
AcDbEntity
  8
03_AXES
 62
     7
370
    25
100
AcDbSpline
210
0.0
220
0.0
230
1.0
 70
     8
 71
     3
 72
    32
 73
    28
 74
     0
 42
0.0000000001
 43
0.0000000001
 40
0.0
 40
0.0
 40
0.0
 40
0.0
 40
1.0
 40
1.0
 40
1.0
 40
2.0
 40
2.0
 40
2.0
 40
3.0
 40
3.0
 40
3.0
 40
4.0
 40
4.0
 40
4.0
 40
5.0
 40
5.0
 40
5.0
 40
6.0
 40
6.0
 40
6.0
 40
7.0
 40
7.0
 40
7.0
 40
8.0
 40
8.0
 40
8.0
 40
9.0
 40
9.0
 40
9.0
 40
9.0
 10
75.63049188354709
 20
342.1037877921707
 30
0.0
 10
75.63049188354709
 20
342.1045365061711
 30
0.0
 10
75.63005082683014
 20
342.1052409658157
 30
0.0
 10
75.62952835818534
 20
342.1058167752298
 30
0.0
 10
75.6287114066656
 20
342.1067171323721
 30
0.0
 10
75.62769540607999
 20
342.1073029445954
 30
0.0
 10
75.62664885230624
 20
342.1078276590341
 30
0.0
 10
75.62511110390534
 20
342.1085986454951
 30
0.0
 10
75.62350739195863
 20
342.1092377234101
 30
0.0
 10
75.6218796003851
 20
342.1097988597123
 30
0.0
 10
75.61970841877535
 20
342.1105473147602
 30
0.0
 10
75.61749439765792
 20
342.1111571056877
 30
0.0
 10
75.61526754584713
 20
342.1117119814937
 30
0.0
 10
75.60917714048696
 20
342.1132295582669
 30
0.0
 10
75.60299075973403
 20
342.1143363622082
 30
0.0
 10
75.59678546794483
 20
342.115292013102
 30
0.0
 10
75.58852198484792
 20
342.1165646373838
 30
0.0
 10
75.58022496529187
 20
342.1175692098345
 30
0.0
 10
75.57191285937022
 20
342.118429862973
 30
0.0
 10
75.56182807597292
 20
342.1194740629106
 30
0.0
 10
75.55172108528093
 20
342.1203064120578
 30
0.0
 10
75.54160582166375
 20
342.1210050572918
 30
0.0
 10
75.53008897049363
 20
342.1218005079575
 30
0.0
 10
75.5185613949418
 20
342.1224226352166
 30
0.0
 10
75.50702795568852
 20
342.1229186057646
 30
0.0
 10
75.48153296291591
 20
342.1240149626498
 30
0.0
 10
75.45600931754707
 20
342.1244948629708
 30
0.0
 10
75.43049188354709
 20
342.1244948629708
 30
0.0
  0
SPLINE
  5
82D
330
70
100
AcDbEntity
  8
03_AXES
 62
     7
370
    25
100
AcDbSpline
210
0.0
220
0.0
230
1.0
 70
     8
 71
     3
 72
    41
 73
    37
 74
     0
 42
0.0000000001
 43
0.0000000001
 40
0.0
 40
0.0
 40
0.0
 40
0.0
 40
1.0
 40
1.0
 40
1.0
 40
2.0
 40
2.0
 40
2.0
 40
3.0
 40
3.0
 40
3.0
 40
4.0
 40
4.0
 40
4.0
 40
5.0
 40
5.0
 40
5.0
 40
6.0
 40
6.0
 40
6.0
 40
7.0
 40
7.0
 40
7.0
 40
8.0
 40
8.0
 40
8.0
 40
9.0
 40
9.0
 40
9.0
 40
10.0
 40
10.0
 40
10.0
 40
11.0
 40
11.0
 40
11.0
 40
12.0
 40
12.0
 40
12.0
 40
12.0
 10
75.63049188354709
 20
346.417301460371
 30
0.0
 10
75.63049188354709
 20
346.4176949415706
 30
0.0
 10
75.62998557619849
 20
346.417851654047
 30
0.0
 10
75.62952914606021
 20
346.4179845297193
 30
0.0
 10
75.62838570360644
 20
346.4183174080107
 30
0.0
 10
75.62755528841307
 20
346.4185006875274
 30
0.0
 10
75.6266510366087
 20
346.4186640160948
 30
0.0
 10
75.62517953390354
 20
346.4189298031544
 30
0.0
 10
75.62351250042651
 20
346.4191427570114
 30
0.0
 10
75.62188477182546
 20
346.4193283989835
 30
0.0
 10
75.61963872392225
 20
346.419584560091
 30
0.0
 10
75.61746751372608
 20
346.4197887185187
 30
0.0
 10
75.61527577229599
 20
346.4199733651585
 30
0.0
 10
75.61249977393117
 20
346.4202072334258
 30
0.0
 10
75.60969083926521
 20
346.4204098007908
 30
0.0
 10
75.60688808934848
 20
346.4205930010352
 30
0.0
 10
75.60352103651176
 20
346.4208130866377
 30
0.0
 10
75.60016290960088
 20
346.4210052213124
 30
0.0
 10
75.5968012948908
 20
346.4211808433388
 30
0.0
 10
75.59290814605144
 20
346.4213842344915
 30
0.0
 10
75.58901031923958
 20
346.4215654782372
 30
0.0
 10
75.58511272489089
 20
346.4217313390427
 30
0.0
 10
75.58072011388498
 20
346.4219182651136
 30
0.0
 10
75.57632779813892
 20
346.422085652668
 30
0.0
 10
75.57193482273908
 20
346.4222392491097
 30
0.0
 10
75.56183556082945
 20
346.4225923607366
 30
0.0
 10
75.55173281250991
 20
346.4228725835251
 30
0.0
 10
75.54162934727137
 20
346.4231080174759
 30
0.0
 10
75.53010309823145
 20
346.4233766055569
 30
0.0
 10
75.51857591614059
 20
346.4235869021568
 30
0.0
 10
75.50704803721782
 20
346.4237536849901
 30
0.0
 10
75.49454021715854
 20
346.4239346453981
 30
0.0
 10
75.48203157676147
 20
346.4240643797264
 30
0.0
 10
75.46952266867515
 20
346.4241513084737
 30
0.0
 10
75.45651259024573
 20
346.4242417200278
 30
0.0
 10
75.44350222224706
 20
346.424285827271
 30
0.0
 10
75.43049188354709
 20
346.4242856142705
 30
0.0
  0
SPLINE
  5
82E
330
70
100
AcDbEntity
  8
03_AXES
 62
     7
370
    25
100
AcDbSpline
210
0.0
220
0.0
230
1.0
 70
     8
 71
     3
 72
    35
 73
    31
 74
     0
 42
0.0000000001
 43
0.0000000001
 40
0.0
 40
0.0
 40
0.0
 40
0.0
 40
1.0
 40
1.0
 40
1.0
 40
2.0
 40
2.0
 40
2.0
 40
3.0
 40
3.0
 40
3.0
 40
4.0
 40
4.0
 40
4.0
 40
5.0
 40
5.0
 40
5.0
 40
6.0
 40
6.0
 40
6.0
 40
7.0
 40
7.0
 40
7.0
 40
8.0
 40
8.0
 40
8.0
 40
9.0
 40
9.0
 40
9.0
 40
10.0
 40
10.0
 40
10.0
 40
10.0
 10
75.63049188354709
 20
362.046363696571
 30
0.0
 10
75.63049188354709
 20
362.0469211870709
 30
0.0
 10
75.63001523700464
 20
362.0473721695386
 30
0.0
 10
75.62952856199088
 20
362.0477308733037
 30
0.0
 10
75.6286024765307
 20
362.0484134444901
 30
0.0
 10
75.62764007835309
 20
362.0487618779512
 30
0.0
 10
75.62664875776409
 20
362.0490855470541
 30
0.0
 10
75.62510677090701
 20
362.0495890103214
 30
0.0
 10
75.62349480507305
 20
362.0500325551923
 30
0.0
 10
75.62187985193048
 20
362.0504135736001
 30
0.0
 10
75.61968210966338
 20
362.0509320903528
 30
0.0
 10
75.61747883499442
 20
362.051334810046
 30
0.0
 10
75.61526751538377
 20
362.0517025926288
 30
0.0
 10
75.60914949393175
 20
362.0527201306271
 30
0.0
 10
75.6029698921773
 20
362.053470241204
 30
0.0
 10
75.59678563272353
 20
362.0541146183538
 30
0.0
 10
75.58850325708927
 20
362.0549776115127
 30
0.0
 10
75.58021252723555
 20
362.0556509573328
 30
0.0
 10
75.5719132397861
 20
362.0562287517299
 30
0.0
 10
75.56182028420908
 20
362.0569314208712
 30
0.0
 10
75.55171467232939
 20
362.0574927737101
 30
0.0
 10
75.54160589681185
 20
362.0579637621149
 30
0.0
 10
75.53008359401502
 20
362.0585006096297
 30
0.0
 10
75.51855718096837
 20
362.0589200541983
 30
0.0
 10
75.50702809235118
 20
362.0592529930526
 30
0.0
 10
75.49452492940533
 20
362.0596140613798
 30
0.0
 10
75.48201861967971
 20
362.059873389029
 30
0.0
 10
75.46951120759856
 20
362.0600469083982
 30
0.0
 10
75.45650551569223
 20
362.0602273405647
 30
0.0
 10
75.44349863184725
 20
362.0603149912709
 30
0.0
 10
75.43049188354709
 20
362.0603149912709
 30
0.0
  0
SPLINE
  5
82F
330
70
100
AcDbEntity
  8
03_AXES
 62
     7
370
    25
100
AcDbSpline
210
0.0
220
0.0
230
1.0
 70
     8
 71
     3
 72
    11
 73
     7
 74
     0
 42
0.0000000001
 43
0.0000000001
 40
0.0
 40
0.0
 40
0.0
 40
0.0
 40
1.0
 40
1.0
 40
1.0
 40
2.0
 40
2.0
 40
2.0
 40
2.0
 10
75.18148238474722
 20
327.3101275928706
 30
0.0
 10
75.17667181914719
 20
327.2989414276707
 30
0.0
 10
75.17223090977111
 20
327.287597414048
 30
0.0
 10
75.16815513913927
 20
327.2761153742621
 30
0.0
 10
75.15561798159325
 20
327.2407963745572
 30
0.0
 10
75.14653573304745
 20
327.2041713840711
 30
0.0
 10
75.14049188354743
 20
327.1672064515706
 30
0.0
  0
SPLINE
  5
830
330
70
100
AcDbEntity
  8
03_AXES
 62
     7
370
    25
100
AcDbSpline
210
0.0
220
0.0
230
1.0
 70
     8
 71
     3
 72
    14
 73
    10
 74
     0
 42
0.0000000001
 43
0.0000000001
 40
0.0
 40
0.0
 40
0.0
 40
0.0
 40
1.0
 40
1.0
 40
1.0
 40
2.0
 40
2.0
 40
2.0
 40
3.0
 40
3.0
 40
3.0
 40
3.0
 10
75.43049188354709
 20
327.8827606973711
 30
0.0
 10
75.38675186154749
 20
327.7718946878709
 30
0.0
 10
75.33940501606082
 20
327.6624564536126
 30
0.0
 10
75.29065060265697
 20
327.5536944875777
 30
0.0
 10
75.27067248480655
 20
327.5091270479689
 30
0.0
 10
75.2504580196649
 20
327.4646731617883
 30
0.0
 10
75.23033945132138
 20
327.4201713132966
 30
0.0
 10
75.21380627215127
 20
327.3836002699726
 30
0.0
 10
75.19733785534723
 20
327.3469968360708
 30
0.0
 10
75.18148238474722
 20
327.3101275928706
 30
0.0
  0
SPLINE
  5
831
330
70
100
AcDbEntity
  8
03_AXES
 62
     7
370
    25
100
AcDbSpline
210
0.0
220
0.0
230
1.0
 70
     8
 71
     3
 72
    59
 73
    55
 74
     0
 42
0.0000000001
 43
0.0000000001
 40
0.0
 40
0.0
 40
0.0
 40
0.0
 40
1.0
 40
1.0
 40
1.0
 40
2.0
 40
2.0
 40
2.0
 40
3.0
 40
3.0
 40
3.0
 40
4.0
 40
4.0
 40
4.0
 40
5.0
 40
5.0
 40
5.0
 40
6.0
 40
6.0
 40
6.0
 40
7.0
 40
7.0
 40
7.0
 40
8.0
 40
8.0
 40
8.0
 40
9.0
 40
9.0
 40
9.0
 40
10.0
 40
10.0
 40
10.0
 40
11.0
 40
11.0
 40
11.0
 40
12.0
 40
12.0
 40
12.0
 40
13.0
 40
13.0
 40
13.0
 40
14.0
 40
14.0
 40
14.0
 40
15.0
 40
15.0
 40
15.0
 40
16.0
 40
16.0
 40
16.0
 40
17.0
 40
17.0
 40
17.0
 40
18.0
 40
18.0
 40
18.0
 40
18.0
 10
75.63049188354709
 20
328.0335037797705
 30
0.0
 10
75.63049188354709
 20
328.0594814723706
 30
0.0
 10
75.62945502077321
 20
328.0854983550865
 30
0.0
 10
75.62558544412048
 20
328.1112822565813
 30
0.0
 10
75.62374232935558
 20
328.1235633647781
 30
0.0
 10
75.62125655564263
 20
328.135791616431
 30
0.0
 10
75.61696558423955
 20
328.1473877974851
 30
0.0
 10
75.61507941774363
 20
328.1524850880805
 30
0.0
 10
75.61284445357422
 20
328.1574602509132
 30
0.0
 10
75.6096947899014
 20
328.1619951147228
 30
0.0
 10
75.60718320806889
 20
328.1656112727453
 30
0.0
 10
75.60408999898625
 20
328.1689474591382
 30
0.0
 10
75.60021165619525
 20
328.1709036637327
 30
0.0
 10
75.59858563135136
 20
328.1717238174538
 30
0.0
 10
75.59682159808414
 20
328.1723014021579
 30
0.0
 10
75.59501521848702
 20
328.1725633872797
 30
0.0
 10
75.59328722080022
 20
328.1728140044169
 30
0.0
 10
75.59152047201152
 20
328.172775816563
 30
0.0
 10
75.58979713415642
 20
328.1725104635088
 30
0.0
 10
75.58622378516218
 20
328.1719602527271
 30
0.0
 10
75.58283707806312
 20
328.170433363029
 30
0.0
 10
75.57973055902519
 20
328.1685427827115
 30
0.0
 10
75.57631260684013
 20
328.1664626689099
 30
0.0
 10
75.57323383724618
 20
328.1639422882183
 30
0.0
 10
75.57033716126416
 20
328.1612288400435
 30
0.0
 10
75.56722039293219
 20
328.1583092213528
 30
0.0
 10
75.5643144407709
 20
328.1551660816563
 30
0.0
 10
75.56155046871109
 20
328.1519079248341
 30
0.0
 10
75.55864518957145
 20
328.1484831959138
 30
0.0
 10
75.5558967789944
 20
328.144931388825
 30
0.0
 10
75.55325275046286
 20
328.1413041618496
 30
0.0
 10
75.55051593898354
 20
328.1375496500105
 30
0.0
 10
75.54789096393323
 20
328.1337143322161
 30
0.0
 10
75.54534505948902
 20
328.1298277860941
 30
0.0
 10
75.54007894829112
 20
328.1217886061069
 30
0.0
 10
75.53515114404621
 20
328.1135302435412
 30
0.0
 10
75.53041940566226
 20
328.1051643774139
 30
0.0
 10
75.52555280742189
 20
328.0965600747093
 30
0.0
 10
75.5208936105039
 20
328.0878420531721
 30
0.0
 10
75.51637265597595
 20
328.0790531730464
 30
0.0
 10
75.51177598391125
 20
328.0701170956072
 30
0.0
 10
75.5073222236161
 20
328.0611077662058
 30
0.0
 10
75.50296978633962
 20
328.052050161851
 30
0.0
 10
75.49857305103003
 20
328.042900371432
 30
0.0
 10
75.49427971171514
 20
328.0337013183975
 30
0.0
 10
75.49006435105853
 20
328.0244667884984
 30
0.0
 10
75.48582323607023
 20
328.0151758389568
 30
0.0
 10
75.48166105549383
 20
328.0058489777236
 30
0.0
 10
75.47755990846214
 20
327.9964954040532
 30
0.0
 10
75.46932351822531
 20
327.9777104928426
 30
0.0
 10
75.46133329607153
 20
327.9588178417062
 30
0.0
 10
75.45350990472383
 20
327.9398569134635
 30
0.0
 10
75.44568291288559
 20
327.9208872590001
 30
0.0
 10
75.43802290544729
 20
327.9018492645708
 30
0.0
 10
75.43049188354709
 20
327.8827606973711
 30
0.0
  0
SPLINE
  5
832
330
70
100
AcDbEntity
  8
03_AXES
 62
     7
370
    25
100
AcDbSpline
210
0.0
220
0.0
230
1.0
 70
     8
 71
     3
 72
    71
 73
    67
 74
     0
 42
0.0000000001
 43
0.0000000001
 40
0.0
 40
0.0
 40
0.0
 40
0.0
 40
1.0
 40
1.0
 40
1.0
 40
2.0
 40
2.0
 40
2.0
 40
3.0
 40
3.0
 40
3.0
 40
4.0
 40
4.0
 40
4.0
 40
5.0
 40
5.0
 40
5.0
 40
6.0
 40
6.0
 40
6.0
 40
7.0
 40
7.0
 40
7.0
 40
8.0
 40
8.0
 40
8.0
 40
9.0
 40
9.0
 40
9.0
 40
10.0
 40
10.0
 40
10.0
 40
11.0
 40
11.0
 40
11.0
 40
12.0
 40
12.0
 40
12.0
 40
13.0
 40
13.0
 40
13.0
 40
14.0
 40
14.0
 40
14.0
 40
15.0
 40
15.0
 40
15.0
 40
16.0
 40
16.0
 40
16.0
 40
17.0
 40
17.0
 40
17.0
 40
18.0
 40
18.0
 40
18.0
 40
19.0
 40
19.0
 40
19.0
 40
20.0
 40
20.0
 40
20.0
 40
21.0
 40
21.0
 40
21.0
 40
22.0
 40
22.0
 40
22.0
 40
22.0
 10
66.9304918835471
 20
352.073174366671
 30
0.0
 10
66.99151657064726
 20
352.0730739017707
 30
0.0
 10
67.05255826879559
 20
352.0746770395143
 30
0.0
 10
67.11350280222678
 20
352.0779916668318
 30
0.0
 10
67.17331687606815
 20
352.0812448111574
 30
0.0
 10
67.23303735637589
 20
352.0861465411118
 30
0.0
 10
67.29257536621915
 20
352.0927350675203
 30
0.0
 10
67.34934468184526
 20
352.0990172078902
 30
0.0
 10
67.40594810324622
 20
352.1068329103698
 30
0.0
 10
67.46227349995627
 20
352.1162738408854
 30
0.0
 10
67.48874724237468
 20
352.1207112133184
 30
0.0
 10
67.51515956539925
 20
352.125507620485
 30
0.0
 10
67.54149775272333
 20
352.1306844497257
 30
0.0
 10
67.56625986414809
 20
352.1355514977464
 30
0.0
 10
67.59095644695911
 20
352.1407548011858
 30
0.0
 10
67.61557039096699
 20
352.1463237749131
 30
0.0
 10
67.63819962989574
 20
352.151443703561
 30
0.0
 10
67.66075901961452
 20
352.1568727095397
 30
0.0
 10
67.68322869705085
 20
352.1626543116548
 30
0.0
 10
67.70324777494753
 20
352.1678053577015
 30
0.0
 10
67.72319564196172
 20
352.1732362838426
 30
0.0
 10
67.74304058409997
 20
352.1790195888416
 30
0.0
 10
67.75188916960537
 20
352.1815982846342
 30
0.0
 10
67.76071729215364
 20
352.1842470384481
 30
0.0
 10
67.76951945096648
 20
352.1869799787233
 30
0.0
 10
67.77751911394606
 20
352.1894637558975
 30
0.0
 10
67.7854973316235
 20
352.1920170686757
 30
0.0
 10
67.79344689196515
 20
352.194656642915
 30
0.0
 10
67.80053192199445
 20
352.1970091582668
 30
0.0
 10
67.80759418884056
 20
352.1994301930857
 30
0.0
 10
67.81462401659002
 20
352.2019441357829
 30
0.0
 10
67.82073297763339
 20
352.2041287665511
 30
0.0
 10
67.82681744160868
 20
352.2063835586612
 30
0.0
 10
67.83286169811657
 20
352.2087385663985
 30
0.0
 10
67.83793738111005
 20
352.2107161913888
 30
0.0
 10
67.84298471039083
 20
352.2127644869601
 30
0.0
 10
67.84798323428477
 20
352.2149391560193
 30
0.0
 10
67.85198181535562
 20
352.2166787877032
 30
0.0
 10
67.85594916469746
 20
352.2184992887899
 30
0.0
 10
67.85983698439313
 20
352.2204543607503
 30
0.0
 10
67.86272198594964
 20
352.2219051445028
 30
0.0
 10
67.86556319408079
 20
352.2234300304276
 30
0.0
 10
67.86829692692362
 20
352.2252032842003
 30
0.0
 10
67.86930677676747
 20
352.225858329938
 30
0.0
 10
67.87030196066513
 20
352.2265472676471
 30
0.0
 10
67.87122508997376
 20
352.22726962323
 30
0.0
 10
67.87193627148893
 20
352.2278261280815
 30
0.0
 10
67.87260468711663
 20
352.2284024671309
 30
0.0
 10
67.8732732952855
 20
352.2291211016544
 30
0.0
 10
67.87408844585828
 20
352.2299972431233
 30
0.0
 10
67.87490388262241
 20
352.2310848909403
 30
0.0
 10
67.87471646758833
 20
352.2321621816219
 30
0.0
 10
67.87464242044679
 20
352.2325878160779
 30
0.0
 10
67.87441182639236
 20
352.2330118337673
 30
0.0
 10
67.87410732971472
 20
352.2333444364092
 30
0.0
 10
67.87370165012955
 20
352.2337875614473
 30
0.0
 10
67.87316479253178
 20
352.2340684237179
 30
0.0
 10
67.8726150069899
 20
352.2342997215018
 30
0.0
 10
67.87184566100108
 20
352.2346233895665
 30
0.0
 10
67.87105099952698
 20
352.2348500005179
 30
0.0
 10
67.87024493446612
 20
352.2350282203731
 30
0.0
 10
67.86917857667863
 20
352.2352639905857
 30
0.0
 10
67.86809226134197
 20
352.2354150709896
 30
0.0
 10
67.86700345166401
 20
352.2355306087791
 30
0.0
 10
67.86399718985838
 20
352.2358496148008
 30
0.0
 10
67.86097191264736
 20
352.235897664671
 30
0.0
 10
67.85795310544712
 20
352.2358714665711
 30
0.0
  0
SPLINE
  5
833
330
70
100
AcDbEntity
  8
03_AXES
 62
     7
370
    25
100
AcDbSpline
210
0.0
220
0.0
230
1.0
 70
     8
 71
     3
 72
    11
 73
     7
 74
     0
 42
0.0000000001
 43
0.0000000001
 40
0.0
 40
0.0
 40
0.0
 40
0.0
 40
1.0
 40
1.0
 40
1.0
 40
2.0
 40
2.0
 40
2.0
 40
2.0
 10
66.9304918835471
 20
352.0130638684711
 30
0.0
 10
66.95122438774733
 20
352.0135843804709
 30
0.0
 10
66.97196746343869
 20
352.0135004383071
 30
0.0
 10
66.99270807120496
 20
352.0134029105365
 30
0.0
 10
67.01213990282091
 20
352.0133115369749
 30
0.0
 10
67.03156956814753
 20
352.0132082382707
 30
0.0
 10
67.05099914784712
 20
352.0133823801708
 30
0.0
  0
SPLINE
  5
834
330
70
100
AcDbEntity
  8
03_AXES
 62
     7
370
    25
100
AcDbSpline
210
0.0
220
0.0
230
1.0
 70
     8
 71
     3
 72
    29
 73
    25
 74
     0
 42
0.0000000001
 43
0.0000000001
 40
0.0
 40
0.0
 40
0.0
 40
0.0
 40
1.0
 40
1.0
 40
1.0
 40
2.0
 40
2.0
 40
2.0
 40
3.0
 40
3.0
 40
3.0
 40
4.0
 40
4.0
 40
4.0
 40
5.0
 40
5.0
 40
5.0
 40
6.0
 40
6.0
 40
6.0
 40
7.0
 40
7.0
 40
7.0
 40
8.0
 40
8.0
 40
8.0
 40
8.0
 10
66.13529915424715
 20
278.6204873983706
 30
0.0
 10
66.13502205264736
 20
278.5828091041709
 30
0.0
 10
66.13839093700159
 20
278.5449973529356
 30
0.0
 10
66.14542555772437
 20
278.5079039551322
 30
0.0
 10
66.1521492636221
 20
278.4724500042513
 30
0.0
 10
66.16222183167434
 20
278.4376523107706
 30
0.0
 10
66.17562208889871
 20
278.4041676363191
 30
0.0
 10
66.18806991259082
 20
278.3730629107172
 30
0.0
 10
66.2033892000502
 20
278.3430911895441
 30
0.0
 10
66.22152375707594
 20
278.3149167640913
 30
0.0
 10
66.23822066732234
 20
278.2889759124707
 30
0.0
 10
66.25730417026725
 20
278.2645586850516
 30
0.0
 10
66.27863210993485
 20
278.2422699106656
 30
0.0
 10
66.2983702171953
 20
278.2216425914593
 30
0.0
 10
66.32003062180837
 20
278.2028382328168
 30
0.0
 10
66.34336882028337
 20
278.1863904625561
 30
0.0
 10
66.36526067452948
 20
278.1709620142293
 30
0.0
 10
66.38862880980539
 20
278.157607114272
 30
0.0
 10
66.41311024750807
 20
278.1467532176417
 30
0.0
 10
66.43650205315569
 20
278.1363824116624
 30
0.0
 10
66.46091026384927
 20
278.1282949317048
 30
0.0
 10
66.48591145998022
 20
278.1227764238914
 30
0.0
 10
66.51031915816417
 20
278.1173889187323
 30
0.0
 10
66.53529202244702
 20
278.1144498648707
 30
0.0
 10
66.56023197174727
 20
278.1140730160706
 30
0.0
  0
SPLINE
  5
835
330
70
100
AcDbEntity
  8
03_AXES
 62
     7
370
    25
100
AcDbSpline
210
0.0
220
0.0
230
1.0
 70
     8
 71
     3
 72
    11
 73
     7
 74
     0
 42
0.0000000001
 43
0.0000000001
 40
0.0
 40
0.0
 40
0.0
 40
0.0
 40
1.0
 40
1.0
 40
1.0
 40
2.0
 40
2.0
 40
2.0
 40
2.0
 10
75.13049188354741
 20
327.1533325675708
 30
0.0
 10
75.13049188354741
 20
327.1642378115709
 30
0.0
 10
75.13069100534538
 20
327.1751410965602
 30
0.0
 10
75.13110606064185
 20
327.1860425341651
 30
0.0
 10
75.13230500724869
 20
327.2175328963429
 30
0.0
 10
75.13530575884755
 20
327.2490078434711
 30
0.0
 10
75.14049188354743
 20
327.2800793680711
 30
0.0
  0
SPLINE
  5
836
330
70
100
AcDbEntity
  8
03_AXES
 62
     7
370
    25
100
AcDbSpline
210
0.0
220
0.0
230
1.0
 70
     8
 71
     3
 72
    32
 73
    28
 74
     0
 42
0.0000000001
 43
0.0000000001
 40
0.0
 40
0.0
 40
0.0
 40
0.0
 40
1.0
 40
1.0
 40
1.0
 40
2.0
 40
2.0
 40
2.0
 40
3.0
 40
3.0
 40
3.0
 40
4.0
 40
4.0
 40
4.0
 40
5.0
 40
5.0
 40
5.0
 40
6.0
 40
6.0
 40
6.0
 40
7.0
 40
7.0
 40
7.0
 40
8.0
 40
8.0
 40
8.0
 40
9.0
 40
9.0
 40
9.0
 40
9.0
 10
50.45795310544715
 20
352.2358714665711
 30
0.0
 10
50.45071464844697
 20
352.235808649071
 30
0.0
 10
50.44348564836254
 20
352.2352810852543
 30
0.0
 10
50.43627220287032
 20
352.2346340036536
 30
0.0
 10
50.42631289234734
 20
352.2337406044302
 30
0.0
 10
50.41638323230046
 20
352.2326193780072
 30
0.0
 10
50.40646387240549
 20
352.2314055062758
 30
0.0
 10
50.39405278668541
 20
352.2298867120917
 30
0.0
 10
50.38165782582328
 20
352.2282228819513
 30
0.0
 10
50.36927025240585
 20
352.226511276111
 30
0.0
 10
50.3546715569973
 20
352.2244941568998
 30
0.0
 10
50.34008312164731
 20
352.2224106843678
 30
0.0
 10
50.32549553208105
 20
352.2203201646462
 30
0.0
 10
50.29080827653686
 20
352.2153492000133
 30
0.0
 10
50.25612580324194
 20
352.210338389008
 30
0.0
 10
50.22141156573419
 20
352.2055546545125
 30
0.0
 10
50.18104724008413
 20
352.19999231955
 30
0.0
 10
50.14063996887793
 20
352.1947369944672
 30
0.0
 10
50.10018058693229
 20
352.1899090125572
 30
0.0
 10
50.05577981564555
 20
352.1846107081777
 30
0.0
 10
50.01131628626014
 20
352.1798270624889
 30
0.0
 10
49.96679810077957
 20
352.1756341788492
 30
0.0
 10
49.91968524042321
 20
352.1711969193501
 30
0.0
 10
49.87251116721092
 20
352.1674212920371
 30
0.0
 10
49.82528457639503
 20
352.1643518546992
 30
0.0
 10
49.72716115569007
 20
352.1579744371038
 30
0.0
 10
49.62881102164736
 20
352.154645572271
 30
0.0
 10
49.53049188354714
 20
352.1544837095707
 30
0.0
  0
SPLINE
  5
837
330
70
100
AcDbEntity
  8
03_AXES
 62
     7
370
    25
100
AcDbSpline
210
0.0
220
0.0
230
1.0
 70
     8
 71
     3
 72
    20
 73
    16
 74
     0
 42
0.0000000001
 43
0.0000000001
 40
0.0
 40
0.0
 40
0.0
 40
0.0
 40
1.0
 40
1.0
 40
1.0
 40
2.0
 40
2.0
 40
2.0
 40
3.0
 40
3.0
 40
3.0
 40
4.0
 40
4.0
 40
4.0
 40
5.0
 40
5.0
 40
5.0
 40
5.0
 10
49.65099914784715
 20
352.0133823801708
 30
0.0
 10
49.73388084294695
 20
352.014125226071
 30
0.0
 10
49.81676157085294
 20
352.0177275460572
 30
0.0
 10
49.89943026231088
 20
352.0239335003216
 30
0.0
 10
49.98248819938321
 20
352.0301686753279
 30
0.0
 10
50.06533209855911
 20
352.0390320607638
 30
0.0
 10
50.14783120276388
 20
352.0505781125757
 30
0.0
 10
50.31430783670878
 20
352.0738771272691
 30
0.0
 10
50.47938046444017
 20
352.1080999679266
 30
0.0
 10
50.64143177856803
 20
352.1530683680396
 30
0.0
 10
50.80674650915362
 20
352.1989423493122
 30
0.0
 10
50.96891701341719
 20
352.2559990396026
 30
0.0
 10
51.12646470211442
 20
352.3240302705591
 30
0.0
 10
51.28730033252153
 20
352.3934812793856
 30
0.0
 10
51.4433181822475
 20
352.4743696750708
 30
0.0
 10
51.5922688186474
 20
352.5662408463708
 30
0.0
  0
SPLINE
  5
838
330
70
100
AcDbEntity
  8
03_AXES
 62
     7
370
    25
100
AcDbSpline
210
0.0
220
0.0
230
1.0
 70
     8
 71
     3
 72
    35
 73
    31
 74
     0
 42
0.0000000001
 43
0.0000000001
 40
0.0
 40
0.0
 40
0.0
 40
0.0
 40
1.0
 40
1.0
 40
1.0
 40
2.0
 40
2.0
 40
2.0
 40
3.0
 40
3.0
 40
3.0
 40
4.0
 40
4.0
 40
4.0
 40
5.0
 40
5.0
 40
5.0
 40
6.0
 40
6.0
 40
6.0
 40
7.0
 40
7.0
 40
7.0
 40
8.0
 40
8.0
 40
8.0
 40
9.0
 40
9.0
 40
9.0
 40
10.0
 40
10.0
 40
10.0
 40
10.0
 10
58.23049188354712
 20
280.8091916858709
 30
0.0
 10
58.23049188354712
 20
280.808634194771
 30
0.0
 10
58.23001523555315
 20
280.8081832125196
 30
0.0
 10
58.22952855958774
 20
280.8078245087219
 30
0.0
 10
58.22860247498423
 20
280.8071419394387
 30
0.0
 10
58.22764007968144
 20
280.8067935050535
 30
0.0
 10
58.2266487614757
 20
280.8064698357318
 30
0.0
 10
58.22510677739847
 20
280.8059663718216
 30
0.0
 10
58.22349481306929
 20
280.8055228280858
 30
0.0
 10
58.22187986165867
 20
280.8051418105553
 30
0.0
 10
58.21968211198636
 20
280.8046232926923
 30
0.0
 10
58.2174788302831
 20
280.8042205724402
 30
0.0
 10
58.21526750360026
 20
280.8038527891323
 30
0.0
 10
58.20914949005207
 20
280.8028352536976
 30
0.0
 10
58.20296989646003
 20
280.8020851420157
 30
0.0
 10
58.19678564507433
 20
280.8014407647863
 30
0.0
 10
58.18850326542175
 20
280.8005777699763
 30
0.0
 10
58.18021253135142
 20
280.7999044250232
 30
0.0
 10
58.17191323974634
 20
280.7993266307255
 30
0.0
 10
58.16182028072724
 20
280.7986239618172
 30
0.0
 10
58.15171466549854
 20
280.7980626080311
 30
0.0
 10
58.14160588658896
 20
280.7975916194486
 30
0.0
 10
58.13008359037662
 20
280.7970547722174
 30
0.0
 10
58.11855718386567
 20
280.7966353287185
 30
0.0
 10
58.10702810180149
 20
280.7963023901344
 30
0.0
 10
58.09452493397362
 20
280.7959413217539
 30
0.0
 10
58.0820186193807
 20
280.7956819933046
 30
0.0
 10
58.06951120244701
 20
280.7955084737075
 30
0.0
 10
58.05650551225788
 20
280.7953280413979
 30
0.0
 10
58.04349863014742
 20
280.7952403910709
 30
0.0
 10
58.03049188354711
 20
280.7952403910709
 30
0.0
  0
SPLINE
  5
839
330
70
100
AcDbEntity
  8
03_AXES
 62
     7
370
    25
100
AcDbSpline
210
0.0
220
0.0
230
1.0
 70
     8
 71
     3
 72
    41
 73
    37
 74
     0
 42
0.0000000001
 43
0.0000000001
 40
0.0
 40
0.0
 40
0.0
 40
0.0
 40
1.0
 40
1.0
 40
1.0
 40
2.0
 40
2.0
 40
2.0
 40
3.0
 40
3.0
 40
3.0
 40
4.0
 40
4.0
 40
4.0
 40
5.0
 40
5.0
 40
5.0
 40
6.0
 40
6.0
 40
6.0
 40
7.0
 40
7.0
 40
7.0
 40
8.0
 40
8.0
 40
8.0
 40
9.0
 40
9.0
 40
9.0
 40
10.0
 40
10.0
 40
10.0
 40
11.0
 40
11.0
 40
11.0
 40
12.0
 40
12.0
 40
12.0
 40
12.0
 10
58.23049188354712
 20
296.4382539220709
 30
0.0
 10
58.23049188354712
 20
296.4378599980707
 30
0.0
 10
58.22998568461934
 20
296.4377020283346
 30
0.0
 10
58.22952914366157
 20
296.4375685629813
 30
0.0
 10
58.2283869799619
 20
296.4372346624204
 30
0.0
 10
58.22755561996359
 20
296.4370541320585
 30
0.0
 10
58.22665104027796
 20
296.436892107532
 30
0.0
 10
58.22517863378591
 20
296.4366283762445
 30
0.0
 10
58.22351223268788
 20
296.4364136759247
 30
0.0
 10
58.22188478156328
 20
296.4362271782783
 30
0.0
 10
58.21963912858988
 20
296.4359698378344
 30
0.0
 10
58.21746763678088
 20
296.4357661955812
 30
0.0
 10
58.21527576056319
 20
296.4355818122889
 30
0.0
 10
58.21249962128511
 20
296.4353482800774
 30
0.0
 10
58.20969078194547
 20
296.4351456425182
 30
0.0
 10
58.20688807403052
 20
296.4349624146704
 30
0.0
 10
58.20352107524475
 20
296.4347422961424
 30
0.0
 10
58.20016292540659
 20
296.4345501899502
 30
0.0
 10
58.1968013073969
 20
296.4343745692694
 30
0.0
 10
58.19290814587372
 20
296.4341711792134
 30
0.0
 10
58.18901033268192
 20
296.4339899002685
 30
0.0
 10
58.18511274481567
 20
296.4338240285825
 30
0.0
 10
58.18072013262518
 20
296.4336370898874
 30
0.0
 10
58.17632780663119
 20
296.4334697206721
 30
0.0
 10
58.17193482260242
 20
296.4333161332296
 30
0.0
 10
58.16183555242386
 20
296.4329630426954
 30
0.0
 10
58.15173280440143
 20
296.4326827914686
 30
0.0
 10
58.1416293371563
 20
296.4324473615099
 30
0.0
 10
58.13010309629803
 20
296.4321787782262
 30
0.0
 10
58.11857591939147
 20
296.4319685285243
 30
0.0
 10
58.10704804670474
 20
296.4318017104014
 30
0.0
 10
58.09454022113454
 20
296.4316207115267
 30
0.0
 10
58.0820315764631
 20
296.4314908420765
 30
0.0
 10
58.06952266354351
 20
296.4314040276113
 30
0.0
 10
58.05651258713225
 20
296.4313137349666
 30
0.0
 10
58.04350222054723
 20
296.431270016371
 30
0.0
 10
58.03049188354711
 20
296.4312697681708
 30
0.0
  0
SPLINE
  5
83A
330
70
100
AcDbEntity
  8
03_AXES
 62
     7
370
    25
100
AcDbSpline
210
0.0
220
0.0
230
1.0
 70
     8
 71
     3
 72
    32
 73
    28
 74
     0
 42
0.0000000001
 43
0.0000000001
 40
0.0
 40
0.0
 40
0.0
 40
0.0
 40
1.0
 40
1.0
 40
1.0
 40
2.0
 40
2.0
 40
2.0
 40
3.0
 40
3.0
 40
3.0
 40
4.0
 40
4.0
 40
4.0
 40
5.0
 40
5.0
 40
5.0
 40
6.0
 40
6.0
 40
6.0
 40
7.0
 40
7.0
 40
7.0
 40
8.0
 40
8.0
 40
8.0
 40
9.0
 40
9.0
 40
9.0
 40
9.0
 10
58.23049188354712
 20
300.751321994971
 30
0.0
 10
58.23049188354712
 20
300.7505716914705
 30
0.0
 10
58.23005126233654
 20
300.7498652007991
 30
0.0
 10
58.22952855963459
 20
300.7492876386739
 30
0.0
 10
58.22871227054911
 20
300.7483856772775
 30
0.0
 10
58.22769580006141
 20
300.7477981484875
 30
0.0
 10
58.2266487615142
 20
300.7472718884743
 30
0.0
 10
58.2251111651119
 20
300.7464990654444
 30
0.0
 10
58.22350764718483
 20
300.745858371545
 30
0.0
 10
58.22187986171257
 20
300.7452957901098
 30
0.0
 10
58.21970881380082
 20
300.744545450909
 30
0.0
 10
58.21749459705373
 20
300.7439340637127
 30
0.0
 10
58.21526750367278
 20
300.7433777292708
 30
0.0
 10
58.20917742337039
 20
300.741856409394
 30
0.0
 10
58.20299105520758
 20
300.7407467585819
 30
0.0
 10
58.19678564505893
 20
300.7397886427809
 30
0.0
 10
58.18852240353091
 20
300.7385127976576
 30
0.0
 10
58.18022539658424
 20
300.7375056557715
 30
0.0
 10
58.17191323974762
 20
300.736642816254
 30
0.0
 10
58.16182842874892
 20
300.7355959672082
 30
0.0
 10
58.15172131709923
 20
300.7347615313757
 30
0.0
 10
58.14160588666918
 20
300.7340611235607
 30
0.0
 10
58.13008911139152
 20
300.733263684493
 30
0.0
 10
58.11856155278888
 20
300.7326399809553
 30
0.0
 10
58.10702810186502
 20
300.7321427534088
 30
0.0
 10
58.081533143911
 20
300.7310436205066
 30
0.0
 10
58.05600939364747
 20
300.7305625013706
 30
0.0
 10
58.03049188354711
 20
300.7305625013706
 30
0.0
  0
SPLINE
  5
83B
330
70
100
AcDbEntity
  8
03_AXES
 62
     7
370
    25
100
AcDbSpline
210
0.0
220
0.0
230
1.0
 70
     8
 71
     3
 72
    41
 73
    37
 74
     0
 42
0.0000000001
 43
0.0000000001
 40
0.0
 40
0.0
 40
0.0
 40
0.0
 40
1.0
 40
1.0
 40
1.0
 40
2.0
 40
2.0
 40
2.0
 40
3.0
 40
3.0
 40
3.0
 40
4.0
 40
4.0
 40
4.0
 40
5.0
 40
5.0
 40
5.0
 40
6.0
 40
6.0
 40
6.0
 40
7.0
 40
7.0
 40
7.0
 40
8.0
 40
8.0
 40
8.0
 40
9.0
 40
9.0
 40
9.0
 40
10.0
 40
10.0
 40
10.0
 40
11.0
 40
11.0
 40
11.0
 40
12.0
 40
12.0
 40
12.0
 40
12.0
 10
58.23049188354712
 20
329.1513194923708
 30
0.0
 10
58.23049188354712
 20
329.1517281264706
 30
0.0
 10
58.22998758709721
 20
329.1519191349987
 30
0.0
 10
58.22952835819691
 20
329.1520774207492
 30
0.0
 10
58.22841358275962
 20
329.1524616584724
 30
0.0
 10
58.22756437811657
 20
329.1526530697828
 30
0.0
 10
58.2266488523345
 20
329.1528285881716
 30
0.0
 10
58.22516420842872
 20
329.1531132140251
 30
0.0
 10
58.22350516093345
 20
329.1533560465289
 30
0.0
 10
58.22187960039155
 20
329.1535649319331
 30
0.0
 10
58.21963935403992
 20
329.1538528047945
 30
0.0
 10
58.2174627082422
 20
329.1540762031619
 30
0.0
 10
58.21526754588181
 20
329.1542795802735
 30
0.0
 10
58.21248847646924
 20
329.1545370551276
 30
0.0
 10
58.20967972965554
 20
329.1547624409345
 30
0.0
 10
58.20687596311557
 20
329.1549658042483
 30
0.0
 10
58.20350879024968
 20
329.1552100326541
 30
0.0
 10
58.20014880029333
 20
329.1554224986376
 30
0.0
 10
58.1967854679224
 20
329.1556169042338
 30
0.0
 10
58.19289129061789
 20
329.1558419934538
 30
0.0
 10
58.18899263254715
 20
329.1560428713286
 30
0.0
 10
58.18509395004888
 20
329.1562266163979
 30
0.0
 10
58.18070052152095
 20
329.1564336788692
 30
0.0
 10
58.17630706197202
 20
329.1566189842978
 30
0.0
 10
58.17191285937346
 20
329.1567890508154
 30
0.0
 10
58.16181345236157
 20
329.1571799228661
 30
0.0
 10
58.15171012026146
 20
329.1574902968338
 30
0.0
 10
58.14160582165929
 20
329.1577510169351
 30
0.0
 10
58.13008097946429
 20
329.1580483911667
 30
0.0
 10
58.11855487990752
 20
329.1582811686432
 30
0.0
 10
58.1070279557232
 20
329.1584658246454
 30
0.0
 10
58.09452309177503
 20
329.1586661467902
 30
0.0
 10
58.08201725734305
 20
329.1588098358787
 30
0.0
 10
58.06951108486786
 20
329.1589060048932
 30
0.0
 10
58.05650491441383
 20
329.1590060187541
 30
0.0
 10
58.04349837834728
 20
329.1590546368707
 30
0.0
 10
58.03049188354711
 20
329.1590546368707
 30
0.0
  0
SPLINE
  5
83C
330
70
100
AcDbEntity
  8
03_AXES
 62
     7
370
    25
100
AcDbSpline
210
0.0
220
0.0
230
1.0
 70
     8
 71
     3
 72
    32
 73
    28
 74
     0
 42
0.0000000001
 43
0.0000000001
 40
0.0
 40
0.0
 40
0.0
 40
0.0
 40
1.0
 40
1.0
 40
1.0
 40
2.0
 40
2.0
 40
2.0
 40
3.0
 40
3.0
 40
3.0
 40
4.0
 40
4.0
 40
4.0
 40
5.0
 40
5.0
 40
5.0
 40
6.0
 40
6.0
 40
6.0
 40
7.0
 40
7.0
 40
7.0
 40
8.0
 40
8.0
 40
8.0
 40
9.0
 40
9.0
 40
9.0
 40
9.0
 10
58.23049188354712
 20
342.1037877921707
 30
0.0
 10
58.23049188354712
 20
342.1045365061711
 30
0.0
 10
58.23005082683017
 20
342.1052409658157
 30
0.0
 10
58.22952835818536
 20
342.1058167752298
 30
0.0
 10
58.22871140666563
 20
342.1067171323721
 30
0.0
 10
58.22769540608002
 20
342.1073029445954
 30
0.0
 10
58.22664885230627
 20
342.1078276590341
 30
0.0
 10
58.22511110390537
 20
342.1085986454951
 30
0.0
 10
58.22350739195867
 20
342.1092377234101
 30
0.0
 10
58.22187960038513
 20
342.1097988597123
 30
0.0
 10
58.21970841877537
 20
342.1105473147602
 30
0.0
 10
58.21749439765795
 20
342.1111571056877
 30
0.0
 10
58.21526754584716
 20
342.1117119814937
 30
0.0
 10
58.20917714048699
 20
342.1132295582669
 30
0.0
 10
58.20299075973405
 20
342.1143363622082
 30
0.0
 10
58.19678546794485
 20
342.115292013102
 30
0.0
 10
58.18852198484796
 20
342.1165646373838
 30
0.0
 10
58.1802249652919
 20
342.1175692098345
 30
0.0
 10
58.17191285936961
 20
342.118429862973
 30
0.0
 10
58.16182807597296
 20
342.1194740629106
 30
0.0
 10
58.15172108528096
 20
342.1203064120578
 30
0.0
 10
58.14160582166378
 20
342.1210050572918
 30
0.0
 10
58.13008897049302
 20
342.1218005079575
 30
0.0
 10
58.11856139494183
 20
342.1224226352166
 30
0.0
 10
58.10702795568855
 20
342.1229186057646
 30
0.0
 10
58.08153296291593
 20
342.1240149626498
 30
0.0
 10
58.0560093175471
 20
342.1244948629708
 30
0.0
 10
58.03049188354711
 20
342.1244948629708
 30
0.0
  0
SPLINE
  5
83D
330
70
100
AcDbEntity
  8
03_AXES
 62
     7
370
    25
100
AcDbSpline
210
0.0
220
0.0
230
1.0
 70
     8
 71
     3
 72
    41
 73
    37
 74
     0
 42
0.0000000001
 43
0.0000000001
 40
0.0
 40
0.0
 40
0.0
 40
0.0
 40
1.0
 40
1.0
 40
1.0
 40
2.0
 40
2.0
 40
2.0
 40
3.0
 40
3.0
 40
3.0
 40
4.0
 40
4.0
 40
4.0
 40
5.0
 40
5.0
 40
5.0
 40
6.0
 40
6.0
 40
6.0
 40
7.0
 40
7.0
 40
7.0
 40
8.0
 40
8.0
 40
8.0
 40
9.0
 40
9.0
 40
9.0
 40
10.0
 40
10.0
 40
10.0
 40
11.0
 40
11.0
 40
11.0
 40
12.0
 40
12.0
 40
12.0
 40
12.0
 10
58.23049188354712
 20
346.417301460371
 30
0.0
 10
58.23049188354712
 20
346.4176949415706
 30
0.0
 10
58.22998557619851
 20
346.417851654047
 30
0.0
 10
58.22952914606024
 20
346.4179845297193
 30
0.0
 10
58.22838570360647
 20
346.4183174080107
 30
0.0
 10
58.2275552884131
 20
346.4185006875274
 30
0.0
 10
58.22665103660873
 20
346.4186640160948
 30
0.0
 10
58.22517953390357
 20
346.4189298031544
 30
0.0
 10
58.22351250042654
 20
346.4191427570114
 30
0.0
 10
58.2218847718255
 20
346.4193283989835
 30
0.0
 10
58.21963872392228
 20
346.419584560091
 30
0.0
 10
58.21746751372611
 20
346.4197887185187
 30
0.0
 10
58.21527577229602
 20
346.4199733651585
 30
0.0
 10
58.2124997739312
 20
346.4202072334258
 30
0.0
 10
58.20969083926524
 20
346.4204098007908
 30
0.0
 10
58.20688808934852
 20
346.4205930010352
 30
0.0
 10
58.2035210365118
 20
346.4208130866377
 30
0.0
 10
58.2001629096009
 20
346.4210052213124
 30
0.0
 10
58.19680129489082
 20
346.4211808433388
 30
0.0
 10
58.19290814605147
 20
346.4213842344915
 30
0.0
 10
58.1890103192396
 20
346.4215654782372
 30
0.0
 10
58.18511272489091
 20
346.4217313390427
 30
0.0
 10
58.18072011388501
 20
346.4219182651136
 30
0.0
 10
58.17632779813894
 20
346.422085652668
 30
0.0
 10
58.17193482273911
 20
346.4222392491097
 30
0.0
 10
58.16183556082884
 20
346.4225923607366
 30
0.0
 10
58.15173281250994
 20
346.4228725835251
 30
0.0
 10
58.1416293472714
 20
346.4231080174759
 30
0.0
 10
58.13010309823148
 20
346.4233766055569
 30
0.0
 10
58.11857591614062
 20
346.4235869021568
 30
0.0
 10
58.10704803721787
 20
346.4237536849901
 30
0.0
 10
58.09454021715858
 20
346.4239346453981
 30
0.0
 10
58.0820315767615
 20
346.4240643797264
 30
0.0
 10
58.06952266867519
 20
346.4241513084737
 30
0.0
 10
58.05651259024577
 20
346.4242417200278
 30
0.0
 10
58.04350222224709
 20
346.424285827271
 30
0.0
 10
58.03049188354711
 20
346.4242856142705
 30
0.0
  0
SPLINE
  5
83E
330
70
100
AcDbEntity
  8
03_AXES
 62
     7
370
    25
100
AcDbSpline
210
0.0
220
0.0
230
1.0
 70
     8
 71
     3
 72
    35
 73
    31
 74
     0
 42
0.0000000001
 43
0.0000000001
 40
0.0
 40
0.0
 40
0.0
 40
0.0
 40
1.0
 40
1.0
 40
1.0
 40
2.0
 40
2.0
 40
2.0
 40
3.0
 40
3.0
 40
3.0
 40
4.0
 40
4.0
 40
4.0
 40
5.0
 40
5.0
 40
5.0
 40
6.0
 40
6.0
 40
6.0
 40
7.0
 40
7.0
 40
7.0
 40
8.0
 40
8.0
 40
8.0
 40
9.0
 40
9.0
 40
9.0
 40
10.0
 40
10.0
 40
10.0
 40
10.0
 10
58.23049188354712
 20
362.046363696571
 30
0.0
 10
58.23049188354712
 20
362.0469211870709
 30
0.0
 10
58.23001523700467
 20
362.0473721695386
 30
0.0
 10
58.22952856199091
 20
362.0477308733037
 30
0.0
 10
58.22860247653073
 20
362.0484134444901
 30
0.0
 10
58.22764007835313
 20
362.0487618779512
 30
0.0
 10
58.22664875776411
 20
362.0490855470541
 30
0.0
 10
58.22510677090704
 20
362.0495890103214
 30
0.0
 10
58.22349480507307
 20
362.0500325551923
 30
0.0
 10
58.22187985193052
 20
362.0504135736001
 30
0.0
 10
58.21968210966341
 20
362.0509320903528
 30
0.0
 10
58.21747883499445
 20
362.051334810046
 30
0.0
 10
58.21526751538378
 20
362.0517025926288
 30
0.0
 10
58.20914949393177
 20
362.0527201306271
 30
0.0
 10
58.20296989217732
 20
362.053470241204
 30
0.0
 10
58.19678563272354
 20
362.0541146183538
 30
0.0
 10
58.18850325708929
 20
362.0549776115127
 30
0.0
 10
58.18021252723557
 20
362.0556509573328
 30
0.0
 10
58.17191323978613
 20
362.0562287517299
 30
0.0
 10
58.16182028420911
 20
362.0569314208712
 30
0.0
 10
58.15171467232942
 20
362.0574927737101
 30
0.0
 10
58.14160589681186
 20
362.0579637621149
 30
0.0
 10
58.13008359401505
 20
362.0585006096297
 30
0.0
 10
58.11855718096841
 20
362.0589200541983
 30
0.0
 10
58.1070280923512
 20
362.0592529930526
 30
0.0
 10
58.09452492940536
 20
362.0596140613798
 30
0.0
 10
58.08201861967973
 20
362.059873389029
 30
0.0
 10
58.06951120759793
 20
362.0600469083982
 30
0.0
 10
58.05650551569225
 20
362.0602273405647
 30
0.0
 10
58.04349863184728
 20
362.0603149912709
 30
0.0
 10
58.03049188354711
 20
362.0603149912709
 30
0.0
  0
SPLINE
  5
83F
330
70
100
AcDbEntity
  8
03_AXES
 62
     7
370
    25
100
AcDbSpline
210
0.0
220
0.0
230
1.0
 70
     8
 71
     3
 72
    11
 73
     7
 74
     0
 42
0.0000000001
 43
0.0000000001
 40
0.0
 40
0.0
 40
0.0
 40
0.0
 40
1.0
 40
1.0
 40
1.0
 40
2.0
 40
2.0
 40
2.0
 40
2.0
 10
57.78148238474725
 20
327.3101275928706
 30
0.0
 10
57.77667181914722
 20
327.2989414276707
 30
0.0
 10
57.77223090977114
 20
327.287597414048
 30
0.0
 10
57.7681551391393
 20
327.2761153742621
 30
0.0
 10
57.75561798159327
 20
327.2407963745572
 30
0.0
 10
57.74653573304746
 20
327.2041713840711
 30
0.0
 10
57.74049188354746
 20
327.1672064515706
 30
0.0
  0
SPLINE
  5
840
330
70
100
AcDbEntity
  8
03_AXES
 62
     7
370
    25
100
AcDbSpline
210
0.0
220
0.0
230
1.0
 70
     8
 71
     3
 72
    14
 73
    10
 74
     0
 42
0.0000000001
 43
0.0000000001
 40
0.0
 40
0.0
 40
0.0
 40
0.0
 40
1.0
 40
1.0
 40
1.0
 40
2.0
 40
2.0
 40
2.0
 40
3.0
 40
3.0
 40
3.0
 40
3.0
 10
58.03049188354711
 20
327.8827606973711
 30
0.0
 10
57.98675186154753
 20
327.7718946878709
 30
0.0
 10
57.93940501606021
 20
327.6624564536126
 30
0.0
 10
57.89065060265699
 20
327.5536944875777
 30
0.0
 10
57.87067248480657
 20
327.5091270479689
 30
0.0
 10
57.85045801966493
 20
327.4646731617883
 30
0.0
 10
57.83033945132141
 20
327.4201713132966
 30
0.0
 10
57.8138062721513
 20
327.3836002699726
 30
0.0
 10
57.79733785534726
 20
327.3469968360708
 30
0.0
 10
57.78148238474725
 20
327.3101275928706
 30
0.0
  0
SPLINE
  5
841
330
70
100
AcDbEntity
  8
03_AXES
 62
     7
370
    25
100
AcDbSpline
210
0.0
220
0.0
230
1.0
 70
     8
 71
     3
 72
    59
 73
    55
 74
     0
 42
0.0000000001
 43
0.0000000001
 40
0.0
 40
0.0
 40
0.0
 40
0.0
 40
1.0
 40
1.0
 40
1.0
 40
2.0
 40
2.0
 40
2.0
 40
3.0
 40
3.0
 40
3.0
 40
4.0
 40
4.0
 40
4.0
 40
5.0
 40
5.0
 40
5.0
 40
6.0
 40
6.0
 40
6.0
 40
7.0
 40
7.0
 40
7.0
 40
8.0
 40
8.0
 40
8.0
 40
9.0
 40
9.0
 40
9.0
 40
10.0
 40
10.0
 40
10.0
 40
11.0
 40
11.0
 40
11.0
 40
12.0
 40
12.0
 40
12.0
 40
13.0
 40
13.0
 40
13.0
 40
14.0
 40
14.0
 40
14.0
 40
15.0
 40
15.0
 40
15.0
 40
16.0
 40
16.0
 40
16.0
 40
17.0
 40
17.0
 40
17.0
 40
18.0
 40
18.0
 40
18.0
 40
18.0
 10
58.23049188354712
 20
328.0335037797705
 30
0.0
 10
58.23049188354712
 20
328.0594814723706
 30
0.0
 10
58.22945502077323
 20
328.0854983550865
 30
0.0
 10
58.22558544412052
 20
328.1112822565813
 30
0.0
 10
58.22374232935561
 20
328.1235633647781
 30
0.0
 10
58.22125655564266
 20
328.135791616431
 30
0.0
 10
58.21696558423893
 20
328.1473877974851
 30
0.0
 10
58.21507941774365
 20
328.1524850880805
 30
0.0
 10
58.21284445357425
 20
328.1574602509132
 30
0.0
 10
58.20969478990142
 20
328.1619951147228
 30
0.0
 10
58.20718320806892
 20
328.1656112727453
 30
0.0
 10
58.20408999898628
 20
328.1689474591382
 30
0.0
 10
58.20021165619529
 20
328.1709036637327
 30
0.0
 10
58.19858563135139
 20
328.1717238174538
 30
0.0
 10
58.19682159808415
 20
328.1723014021579
 30
0.0
 10
58.19501521848704
 20
328.1725633872797
 30
0.0
 10
58.19328722080026
 20
328.1728140044169
 30
0.0
 10
58.19152047201155
 20
328.172775816563
 30
0.0
 10
58.18979713415645
 20
328.1725104635088
 30
0.0
 10
58.18622378516221
 20
328.1719602527271
 30
0.0
 10
58.18283707806314
 20
328.170433363029
 30
0.0
 10
58.17973055902523
 20
328.1685427827115
 30
0.0
 10
58.17631260684016
 20
328.1664626689099
 30
0.0
 10
58.1732338372462
 20
328.1639422882183
 30
0.0
 10
58.1703371612642
 20
328.1612288400435
 30
0.0
 10
58.16722039293222
 20
328.1583092213528
 30
0.0
 10
58.16431444077093
 20
328.1551660816563
 30
0.0
 10
58.16155046871048
 20
328.1519079248341
 30
0.0
 10
58.15864518957148
 20
328.1484831959138
 30
0.0
 10
58.15589677899445
 20
328.144931388825
 30
0.0
 10
58.15325275046288
 20
328.1413041618496
 30
0.0
 10
58.15051593898356
 20
328.1375496500105
 30
0.0
 10
58.14789096393325
 20
328.1337143322161
 30
0.0
 10
58.14534505948905
 20
328.1298277860941
 30
0.0
 10
58.14007894829114
 20
328.1217886061069
 30
0.0
 10
58.13515114404624
 20
328.1135302435412
 30
0.0
 10
58.13041940566229
 20
328.1051643774139
 30
0.0
 10
58.12555280742191
 20
328.0965600747093
 30
0.0
 10
58.12089361050393
 20
328.0878420531721
 30
0.0
 10
58.11637265597599
 20
328.0790531730464
 30
0.0
 10
58.11177598391128
 20
328.0701170956072
 30
0.0
 10
58.10732222361613
 20
328.0611077662058
 30
0.0
 10
58.10296978633965
 20
328.052050161851
 30
0.0
 10
58.09857305102942
 20
328.042900371432
 30
0.0
 10
58.09427971171515
 20
328.0337013183975
 30
0.0
 10
58.09006435105857
 20
328.0244667884984
 30
0.0
 10
58.08582323607026
 20
328.0151758389568
 30
0.0
 10
58.08166105549386
 20
328.0058489777236
 30
0.0
 10
58.07755990846217
 20
327.9964954040532
 30
0.0
 10
58.06932351822534
 20
327.9777104928426
 30
0.0
 10
58.06133329607156
 20
327.9588178417062
 30
0.0
 10
58.05350990472385
 20
327.9398569134635
 30
0.0
 10
58.04568291288561
 20
327.9208872590001
 30
0.0
 10
58.03802290544733
 20
327.9018492645708
 30
0.0
 10
58.03049188354711
 20
327.8827606973711
 30
0.0
  0
SPLINE
  5
842
330
70
100
AcDbEntity
  8
03_AXES
 62
     7
370
    25
100
AcDbSpline
210
0.0
220
0.0
230
1.0
 70
     8
 71
     3
 72
    71
 73
    67
 74
     0
 42
0.0000000001
 43
0.0000000001
 40
0.0
 40
0.0
 40
0.0
 40
0.0
 40
1.0
 40
1.0
 40
1.0
 40
2.0
 40
2.0
 40
2.0
 40
3.0
 40
3.0
 40
3.0
 40
4.0
 40
4.0
 40
4.0
 40
5.0
 40
5.0
 40
5.0
 40
6.0
 40
6.0
 40
6.0
 40
7.0
 40
7.0
 40
7.0
 40
8.0
 40
8.0
 40
8.0
 40
9.0
 40
9.0
 40
9.0
 40
10.0
 40
10.0
 40
10.0
 40
11.0
 40
11.0
 40
11.0
 40
12.0
 40
12.0
 40
12.0
 40
13.0
 40
13.0
 40
13.0
 40
14.0
 40
14.0
 40
14.0
 40
15.0
 40
15.0
 40
15.0
 40
16.0
 40
16.0
 40
16.0
 40
17.0
 40
17.0
 40
17.0
 40
18.0
 40
18.0
 40
18.0
 40
19.0
 40
19.0
 40
19.0
 40
20.0
 40
20.0
 40
20.0
 40
21.0
 40
21.0
 40
21.0
 40
22.0
 40
22.0
 40
22.0
 40
22.0
 10
49.53049188354714
 20
352.073174366671
 30
0.0
 10
49.5915165706473
 20
352.0730739017707
 30
0.0
 10
49.65255826879562
 20
352.0746770395143
 30
0.0
 10
49.7135028022268
 20
352.0779916668318
 30
0.0
 10
49.77331687606818
 20
352.0812448111574
 30
0.0
 10
49.83303735637528
 20
352.0861465411118
 30
0.0
 10
49.89257536621918
 20
352.0927350675203
 30
0.0
 10
49.94934468184465
 20
352.0990172078902
 30
0.0
 10
50.00594810324624
 20
352.1068329103698
 30
0.0
 10
50.06227349995629
 20
352.1162738408854
 30
0.0
 10
50.08874724237471
 20
352.1207112133184
 30
0.0
 10
50.11515956539928
 20
352.125507620485
 30
0.0
 10
50.14149775272335
 20
352.1306844497257
 30
0.0
 10
50.16625986414812
 20
352.1355514977464
 30
0.0
 10
50.19095644695914
 20
352.1407548011858
 30
0.0
 10
50.21557039096702
 20
352.1463237749131
 30
0.0
 10
50.23819962989576
 20
352.151443703561
 30
0.0
 10
50.26075901961455
 20
352.1568727095397
 30
0.0
 10
50.28322869705088
 20
352.1626543116548
 30
0.0
 10
50.30324777494755
 20
352.1678053577015
 30
0.0
 10
50.32319564196175
 20
352.1732362838426
 30
0.0
 10
50.3430405841
 20
352.1790195888416
 30
0.0
 10
50.35188916960541
 20
352.1815982846342
 30
0.0
 10
50.36071729215367
 20
352.1842470384481
 30
0.0
 10
50.36951945096652
 20
352.1869799787233
 30
0.0
 10
50.37751911394607
 20
352.1894637558975
 30
0.0
 10
50.38549733162352
 20
352.1920170686757
 30
0.0
 10
50.39344689196517
 20
352.194656642915
 30
0.0
 10
50.40053192199447
 20
352.1970091582668
 30
0.0
 10
50.40759418884061
 20
352.1994301930857
 30
0.0
 10
50.41462401659004
 20
352.2019441357829
 30
0.0
 10
50.42073297763343
 20
352.2041287665511
 30
0.0
 10
50.42681744160871
 20
352.2063835586612
 30
0.0
 10
50.4328616981166
 20
352.2087385663985
 30
0.0
 10
50.43793738111007
 20
352.2107161913888
 30
0.0
 10
50.44298471039086
 20
352.2127644869601
 30
0.0
 10
50.4479832342848
 20
352.2149391560193
 30
0.0
 10
50.45198181535567
 20
352.2166787877032
 30
0.0
 10
50.45594916469749
 20
352.2184992887899
 30
0.0
 10
50.45983698439315
 20
352.2204543607503
 30
0.0
 10
50.46272198594967
 20
352.2219051445028
 30
0.0
 10
50.46556319408082
 20
352.2234300304276
 30
0.0
 10
50.46829692692299
 20
352.2252032842003
 30
0.0
 10
50.46930677676749
 20
352.225858329938
 30
0.0
 10
50.47030196066515
 20
352.2265472676471
 30
0.0
 10
50.47122508997379
 20
352.22726962323
 30
0.0
 10
50.47193627148896
 20
352.2278261280815
 30
0.0
 10
50.47260468711667
 20
352.2284024671309
 30
0.0
 10
50.47327329528553
 20
352.2291211016544
 30
0.0
 10
50.47408844585831
 20
352.2299972431233
 30
0.0
 10
50.47490388262243
 20
352.2310848909403
 30
0.0
 10
50.47471646758836
 20
352.2321621816219
 30
0.0
 10
50.47464242044682
 20
352.2325878160779
 30
0.0
 10
50.47441182639239
 20
352.2330118337673
 30
0.0
 10
50.47410732971474
 20
352.2333444364092
 30
0.0
 10
50.47370165012956
 20
352.2337875614473
 30
0.0
 10
50.47316479253182
 20
352.2340684237179
 30
0.0
 10
50.47261500698993
 20
352.2342997215018
 30
0.0
 10
50.47184566100111
 20
352.2346233895665
 30
0.0
 10
50.47105099952702
 20
352.2348500005179
 30
0.0
 10
50.47024493446614
 20
352.2350282203731
 30
0.0
 10
50.46917857667803
 20
352.2352639905857
 30
0.0
 10
50.46809226134199
 20
352.2354150709896
 30
0.0
 10
50.46700345166404
 20
352.2355306087791
 30
0.0
 10
50.46399718985841
 20
352.2358496148008
 30
0.0
 10
50.46097191264738
 20
352.235897664671
 30
0.0
 10
50.45795310544715
 20
352.2358714665711
 30
0.0
  0
SPLINE
  5
843
330
70
100
AcDbEntity
  8
03_AXES
 62
     7
370
    25
100
AcDbSpline
210
0.0
220
0.0
230
1.0
 70
     8
 71
     3
 72
    11
 73
     7
 74
     0
 42
0.0000000001
 43
0.0000000001
 40
0.0
 40
0.0
 40
0.0
 40
0.0
 40
1.0
 40
1.0
 40
1.0
 40
2.0
 40
2.0
 40
2.0
 40
2.0
 10
49.53049188354714
 20
352.0130638684711
 30
0.0
 10
49.55122438774735
 20
352.0135843804709
 30
0.0
 10
49.57196746343871
 20
352.0135004383071
 30
0.0
 10
49.59270807120499
 20
352.0134029105365
 30
0.0
 10
49.61213990282094
 20
352.0133115369749
 30
0.0
 10
49.63156956814692
 20
352.0132082382707
 30
0.0
 10
49.65099914784715
 20
352.0133823801708
 30
0.0
  0
SPLINE
  5
844
330
70
100
AcDbEntity
  8
03_AXES
 62
     7
370
    25
100
AcDbSpline
210
0.0
220
0.0
230
1.0
 70
     8
 71
     3
 72
    29
 73
    25
 74
     0
 42
0.0000000001
 43
0.0000000001
 40
0.0
 40
0.0
 40
0.0
 40
0.0
 40
1.0
 40
1.0
 40
1.0
 40
2.0
 40
2.0
 40
2.0
 40
3.0
 40
3.0
 40
3.0
 40
4.0
 40
4.0
 40
4.0
 40
5.0
 40
5.0
 40
5.0
 40
6.0
 40
6.0
 40
6.0
 40
7.0
 40
7.0
 40
7.0
 40
8.0
 40
8.0
 40
8.0
 40
8.0
 10
48.73529915424717
 20
278.6204873983706
 30
0.0
 10
48.73502205264738
 20
278.5828091041709
 30
0.0
 10
48.73839093700161
 20
278.5449973529356
 30
0.0
 10
48.74542555772439
 20
278.5079039551322
 30
0.0
 10
48.75214926362214
 20
278.4724500042513
 30
0.0
 10
48.76222183167373
 20
278.4376523107706
 30
0.0
 10
48.77562208889873
 20
278.4041676363191
 30
0.0
 10
48.78806991259084
 20
278.3730629107172
 30
0.0
 10
48.80338920005023
 20
278.3430911895441
 30
0.0
 10
48.82152375707597
 20
278.3149167640913
 30
0.0
 10
48.83822066732236
 20
278.2889759124707
 30
0.0
 10
48.85730417026727
 20
278.2645586850516
 30
0.0
 10
48.87863210993488
 20
278.2422699106656
 30
0.0
 10
48.89837021719532
 20
278.2216425914593
 30
0.0
 10
48.9200306218084
 20
278.2028382328168
 30
0.0
 10
48.9433688202834
 20
278.1863904625561
 30
0.0
 10
48.96526067452887
 20
278.1709620142293
 30
0.0
 10
48.98862880980542
 20
278.157607114272
 30
0.0
 10
49.01311024750746
 20
278.1467532176417
 30
0.0
 10
49.03650205315572
 20
278.1363824116624
 30
0.0
 10
49.0609102638493
 20
278.1282949317048
 30
0.0
 10
49.08591145998023
 20
278.1227764238914
 30
0.0
 10
49.11031915816419
 20
278.1173889187323
 30
0.0
 10
49.13529202244705
 20
278.1144498648707
 30
0.0
 10
49.16023197174729
 20
278.1140730160706
 30
0.0
  0
SPLINE
  5
845
330
70
100
AcDbEntity
  8
03_AXES
 62
     7
370
    25
100
AcDbSpline
210
0.0
220
0.0
230
1.0
 70
     8
 71
     3
 72
    11
 73
     7
 74
     0
 42
0.0000000001
 43
0.0000000001
 40
0.0
 40
0.0
 40
0.0
 40
0.0
 40
1.0
 40
1.0
 40
1.0
 40
2.0
 40
2.0
 40
2.0
 40
2.0
 10
57.73049188354743
 20
327.1533325675708
 30
0.0
 10
57.73049188354743
 20
327.1642378115709
 30
0.0
 10
57.73069100534541
 20
327.1751410965602
 30
0.0
 10
57.73110606064189
 20
327.1860425341651
 30
0.0
 10
57.73230500724872
 20
327.2175328963429
 30
0.0
 10
57.73530575884694
 20
327.2490078434711
 30
0.0
 10
57.74049188354746
 20
327.2800793680711
 30
0.0
  0
SPLINE
  5
846
330
70
100
AcDbEntity
  8
03_AXES
 62
     7
370
    25
100
AcDbSpline
210
0.0
220
0.0
230
1.0
 70
     8
 71
     3
 72
    32
 73
    28
 74
     0
 42
0.0000000001
 43
0.0000000001
 40
0.0
 40
0.0
 40
0.0
 40
0.0
 40
1.0
 40
1.0
 40
1.0
 40
2.0
 40
2.0
 40
2.0
 40
3.0
 40
3.0
 40
3.0
 40
4.0
 40
4.0
 40
4.0
 40
5.0
 40
5.0
 40
5.0
 40
6.0
 40
6.0
 40
6.0
 40
7.0
 40
7.0
 40
7.0
 40
8.0
 40
8.0
 40
8.0
 40
9.0
 40
9.0
 40
9.0
 40
9.0
 10
33.05795310544718
 20
352.2358714665711
 30
0.0
 10
33.050714648447
 20
352.235808649071
 30
0.0
 10
33.04348564836257
 20
352.2352810852543
 30
0.0
 10
33.03627220287034
 20
352.2346340036536
 30
0.0
 10
33.02631289234738
 20
352.2337406044302
 30
0.0
 10
33.01638323230049
 20
352.2326193780072
 30
0.0
 10
33.00646387240552
 20
352.2314055062758
 30
0.0
 10
32.99405278668544
 20
352.2298867120917
 30
0.0
 10
32.98165782582332
 20
352.2282228819513
 30
0.0
 10
32.96927025240588
 20
352.226511276111
 30
0.0
 10
32.95467155699733
 20
352.2244941568998
 30
0.0
 10
32.94008312164734
 20
352.2224106843678
 30
0.0
 10
32.92549553208107
 20
352.2203201646462
 30
0.0
 10
32.8908082765369
 20
352.2153492000133
 30
0.0
 10
32.85612580324197
 20
352.210338389008
 30
0.0
 10
32.82141156573422
 20
352.2055546545125
 30
0.0
 10
32.78104724008416
 20
352.19999231955
 30
0.0
 10
32.74063996887797
 20
352.1947369944672
 30
0.0
 10
32.70018058693232
 20
352.1899090125572
 30
0.0
 10
32.65577981564558
 20
352.1846107081777
 30
0.0
 10
32.61131628626016
 20
352.1798270624889
 30
0.0
 10
32.56679810077959
 20
352.1756341788492
 30
0.0
 10
32.51968524042324
 20
352.1711969193501
 30
0.0
 10
32.47251116721095
 20
352.1674212920371
 30
0.0
 10
32.42528457639505
 20
352.1643518546992
 30
0.0
 10
32.32716115569011
 20
352.1579744371038
 30
0.0
 10
32.22881102164739
 20
352.154645572271
 30
0.0
 10
32.13049188354716
 20
352.1544837095707
 30
0.0
  0
SPLINE
  5
847
330
70
100
AcDbEntity
  8
03_AXES
 62
     7
370
    25
100
AcDbSpline
210
0.0
220
0.0
230
1.0
 70
     8
 71
     3
 72
    20
 73
    16
 74
     0
 42
0.0000000001
 43
0.0000000001
 40
0.0
 40
0.0
 40
0.0
 40
0.0
 40
1.0
 40
1.0
 40
1.0
 40
2.0
 40
2.0
 40
2.0
 40
3.0
 40
3.0
 40
3.0
 40
4.0
 40
4.0
 40
4.0
 40
5.0
 40
5.0
 40
5.0
 40
5.0
 10
32.25099914784718
 20
352.0133823801708
 30
0.0
 10
32.33388084294698
 20
352.014125226071
 30
0.0
 10
32.41676157085297
 20
352.0177275460572
 30
0.0
 10
32.49943026231091
 20
352.0239335003216
 30
0.0
 10
32.58248819938324
 20
352.0301686753279
 30
0.0
 10
32.66533209855914
 20
352.0390320607638
 30
0.0
 10
32.74783120276391
 20
352.0505781125757
 30
0.0
 10
32.91430783670881
 20
352.0738771272691
 30
0.0
 10
33.07938046444021
 20
352.1080999679266
 30
0.0
 10
33.24143177856806
 20
352.1530683680396
 30
0.0
 10
33.406746509153
 20
352.1989423493122
 30
0.0
 10
33.56891701341722
 20
352.2559990396026
 30
0.0
 10
33.72646470211445
 20
352.3240302705591
 30
0.0
 10
33.88730033252156
 20
352.3934812793856
 30
0.0
 10
34.04331818224753
 20
352.4743696750708
 30
0.0
 10
34.19226881864743
 20
352.5662408463708
 30
0.0
  0
SPLINE
  5
848
330
70
100
AcDbEntity
  8
03_AXES
 62
     7
370
    25
100
AcDbSpline
210
0.0
220
0.0
230
1.0
 70
     8
 71
     3
 72
    35
 73
    31
 74
     0
 42
0.0000000001
 43
0.0000000001
 40
0.0
 40
0.0
 40
0.0
 40
0.0
 40
1.0
 40
1.0
 40
1.0
 40
2.0
 40
2.0
 40
2.0
 40
3.0
 40
3.0
 40
3.0
 40
4.0
 40
4.0
 40
4.0
 40
5.0
 40
5.0
 40
5.0
 40
6.0
 40
6.0
 40
6.0
 40
7.0
 40
7.0
 40
7.0
 40
8.0
 40
8.0
 40
8.0
 40
9.0
 40
9.0
 40
9.0
 40
10.0
 40
10.0
 40
10.0
 40
10.0
 10
40.83049188354715
 20
280.8091916858709
 30
0.0
 10
40.83049188354715
 20
280.808634194771
 30
0.0
 10
40.83001523555317
 20
280.8081832125196
 30
0.0
 10
40.82952855958777
 20
280.8078245087219
 30
0.0
 10
40.82860247498426
 20
280.8071419394387
 30
0.0
 10
40.82764007968147
 20
280.8067935050535
 30
0.0
 10
40.82664876147572
 20
280.8064698357318
 30
0.0
 10
40.8251067773985
 20
280.8059663718216
 30
0.0
 10
40.82349481306931
 20
280.8055228280858
 30
0.0
 10
40.8218798616587
 20
280.8051418105553
 30
0.0
 10
40.81968211198638
 20
280.8046232926923
 30
0.0
 10
40.81747883028312
 20
280.8042205724402
 30
0.0
 10
40.81526750359965
 20
280.8038527891323
 30
0.0
 10
40.80914949005209
 20
280.8028352536976
 30
0.0
 10
40.8029698964594
 20
280.8020851420157
 30
0.0
 10
40.79678564507435
 20
280.8014407647863
 30
0.0
 10
40.78850326542179
 20
280.8005777699763
 30
0.0
 10
40.78021253135145
 20
280.7999044250232
 30
0.0
 10
40.77191323974637
 20
280.7993266307255
 30
0.0
 10
40.76182028072728
 20
280.7986239618172
 30
0.0
 10
40.75171466549856
 20
280.7980626080311
 30
0.0
 10
40.74160588658899
 20
280.7975916194486
 30
0.0
 10
40.73008359037664
 20
280.7970547722174
 30
0.0
 10
40.7185571838657
 20
280.7966353287185
 30
0.0
 10
40.70702810180153
 20
280.7963023901344
 30
0.0
 10
40.69452493397364
 20
280.7959413217539
 30
0.0
 10
40.68201861938073
 20
280.7956819933046
 30
0.0
 10
40.66951120244705
 20
280.7955084737075
 30
0.0
 10
40.6565055122579
 20
280.7953280413979
 30
0.0
 10
40.64349863014744
 20
280.7952403910709
 30
0.0
 10
40.63049188354714
 20
280.7952403910709
 30
0.0
  0
SPLINE
  5
849
330
70
100
AcDbEntity
  8
03_AXES
 62
     7
370
    25
100
AcDbSpline
210
0.0
220
0.0
230
1.0
 70
     8
 71
     3
 72
    41
 73
    37
 74
     0
 42
0.0000000001
 43
0.0000000001
 40
0.0
 40
0.0
 40
0.0
 40
0.0
 40
1.0
 40
1.0
 40
1.0
 40
2.0
 40
2.0
 40
2.0
 40
3.0
 40
3.0
 40
3.0
 40
4.0
 40
4.0
 40
4.0
 40
5.0
 40
5.0
 40
5.0
 40
6.0
 40
6.0
 40
6.0
 40
7.0
 40
7.0
 40
7.0
 40
8.0
 40
8.0
 40
8.0
 40
9.0
 40
9.0
 40
9.0
 40
10.0
 40
10.0
 40
10.0
 40
11.0
 40
11.0
 40
11.0
 40
12.0
 40
12.0
 40
12.0
 40
12.0
 10
40.83049188354715
 20
296.4382539220709
 30
0.0
 10
40.83049188354715
 20
296.4378599980707
 30
0.0
 10
40.82998568461937
 20
296.4377020283346
 30
0.0
 10
40.82952914366159
 20
296.4375685629813
 30
0.0
 10
40.82838697996193
 20
296.4372346624204
 30
0.0
 10
40.82755561996298
 20
296.4370541320585
 30
0.0
 10
40.82665104027799
 20
296.436892107532
 30
0.0
 10
40.82517863378593
 20
296.4366283762445
 30
0.0
 10
40.82351223268791
 20
296.4364136759247
 30
0.0
 10
40.8218847815633
 20
296.4362271782783
 30
0.0
 10
40.81963912858991
 20
296.4359698378344
 30
0.0
 10
40.81746763678091
 20
296.4357661955812
 30
0.0
 10
40.81527576056322
 20
296.4355818122889
 30
0.0
 10
40.81249962128515
 20
296.4353482800774
 30
0.0
 10
40.8096907819455
 20
296.4351456425182
 30
0.0
 10
40.80688807403055
 20
296.4349624146704
 30
0.0
 10
40.80352107524478
 20
296.4347422961424
 30
0.0
 10
40.80016292540662
 20
296.4345501899502
 30
0.0
 10
40.79680130739691
 20
296.4343745692694
 30
0.0
 10
40.79290814587375
 20
296.4341711792134
 30
0.0
 10
40.78901033268194
 20
296.4339899002685
 30
0.0
 10
40.78511274481569
 20
296.4338240285825
 30
0.0
 10
40.78072013262521
 20
296.4336370898874
 30
0.0
 10
40.77632780663122
 20
296.4334697206721
 30
0.0
 10
40.77193482260245
 20
296.4333161332296
 30
0.0
 10
40.7618355524239
 20
296.4329630426954
 30
0.0
 10
40.75173280440146
 20
296.4326827914686
 30
0.0
 10
40.74162933715633
 20
296.4324473615099
 30
0.0
 10
40.73010309629743
 20
296.4321787782262
 30
0.0
 10
40.71857591939148
 20
296.4319685285243
 30
0.0
 10
40.70704804670477
 20
296.4318017104014
 30
0.0
 10
40.69454022113457
 20
296.4316207115267
 30
0.0
 10
40.68203157646314
 20
296.4314908420765
 30
0.0
 10
40.66952266354354
 20
296.4314040276113
 30
0.0
 10
40.65651258713226
 20
296.4313137349666
 30
0.0
 10
40.64350222054726
 20
296.431270016371
 30
0.0
 10
40.63049188354714
 20
296.4312697681708
 30
0.0
  0
SPLINE
  5
84A
330
70
100
AcDbEntity
  8
03_AXES
 62
     7
370
    25
100
AcDbSpline
210
0.0
220
0.0
230
1.0
 70
     8
 71
     3
 72
    32
 73
    28
 74
     0
 42
0.0000000001
 43
0.0000000001
 40
0.0
 40
0.0
 40
0.0
 40
0.0
 40
1.0
 40
1.0
 40
1.0
 40
2.0
 40
2.0
 40
2.0
 40
3.0
 40
3.0
 40
3.0
 40
4.0
 40
4.0
 40
4.0
 40
5.0
 40
5.0
 40
5.0
 40
6.0
 40
6.0
 40
6.0
 40
7.0
 40
7.0
 40
7.0
 40
8.0
 40
8.0
 40
8.0
 40
9.0
 40
9.0
 40
9.0
 40
9.0
 10
40.83049188354715
 20
300.751321994971
 30
0.0
 10
40.83049188354715
 20
300.7505716914705
 30
0.0
 10
40.83005126233657
 20
300.7498652007991
 30
0.0
 10
40.82952855963461
 20
300.7492876386739
 30
0.0
 10
40.82871227054915
 20
300.7483856772775
 30
0.0
 10
40.82769580006143
 20
300.7477981484875
 30
0.0
 10
40.82664876151421
 20
300.7472718884743
 30
0.0
 10
40.82511116511193
 20
300.7464990654444
 30
0.0
 10
40.82350764718486
 20
300.745858371545
 30
0.0
 10
40.8218798617126
 20
300.7452957901098
 30
0.0
 10
40.81970881380083
 20
300.744545450909
 30
0.0
 10
40.81749459705377
 20
300.7439340637127
 30
0.0
 10
40.8152675036728
 20
300.7433777292708
 30
0.0
 10
40.80917742337041
 20
300.741856409394
 30
0.0
 10
40.80299105520761
 20
300.7407467585819
 30
0.0
 10
40.79678564505895
 20
300.7397886427809
 30
0.0
 10
40.78852240353094
 20
300.7385127976576
 30
0.0
 10
40.78022539658427
 20
300.7375056557715
 30
0.0
 10
40.77191323974765
 20
300.736642816254
 30
0.0
 10
40.76182842874895
 20
300.7355959672082
 30
0.0
 10
40.75172131709925
 20
300.7347615313757
 30
0.0
 10
40.7416058866692
 20
300.7340611235607
 30
0.0
 10
40.73008911139154
 20
300.733263684493
 30
0.0
 10
40.71856155278891
 20
300.7326399809553
 30
0.0
 10
40.70702810186506
 20
300.7321427534088
 30
0.0
 10
40.68153314391103
 20
300.7310436205066
 30
0.0
 10
40.6560093936475
 20
300.7305625013706
 30
0.0
 10
40.63049188354714
 20
300.7305625013706
 30
0.0
  0
SPLINE
  5
84B
330
70
100
AcDbEntity
  8
03_AXES
 62
     7
370
    25
100
AcDbSpline
210
0.0
220
0.0
230
1.0
 70
     8
 71
     3
 72
    41
 73
    37
 74
     0
 42
0.0000000001
 43
0.0000000001
 40
0.0
 40
0.0
 40
0.0
 40
0.0
 40
1.0
 40
1.0
 40
1.0
 40
2.0
 40
2.0
 40
2.0
 40
3.0
 40
3.0
 40
3.0
 40
4.0
 40
4.0
 40
4.0
 40
5.0
 40
5.0
 40
5.0
 40
6.0
 40
6.0
 40
6.0
 40
7.0
 40
7.0
 40
7.0
 40
8.0
 40
8.0
 40
8.0
 40
9.0
 40
9.0
 40
9.0
 40
10.0
 40
10.0
 40
10.0
 40
11.0
 40
11.0
 40
11.0
 40
12.0
 40
12.0
 40
12.0
 40
12.0
 10
40.83049188354715
 20
329.1513194923708
 30
0.0
 10
40.83049188354715
 20
329.1517281264706
 30
0.0
 10
40.8299875870966
 20
329.1519191349987
 30
0.0
 10
40.82952835819694
 20
329.1520774207492
 30
0.0
 10
40.82841358275965
 20
329.1524616584724
 30
0.0
 10
40.82756437811659
 20
329.1526530697828
 30
0.0
 10
40.82664885233453
 20
329.1528285881716
 30
0.0
 10
40.82516420842875
 20
329.1531132140251
 30
0.0
 10
40.82350516093348
 20
329.1533560465289
 30
0.0
 10
40.82187960039157
 20
329.1535649319331
 30
0.0
 10
40.81963935403996
 20
329.1538528047945
 30
0.0
 10
40.81746270824224
 20
329.1540762031619
 30
0.0
 10
40.81526754588185
 20
329.1542795802735
 30
0.0
 10
40.81248847646928
 20
329.1545370551276
 30
0.0
 10
40.80967972965557
 20
329.1547624409345
 30
0.0
 10
40.8068759631156
 20
329.1549658042483
 30
0.0
 10
40.80350879024972
 20
329.1552100326541
 30
0.0
 10
40.80014880029335
 20
329.1554224986376
 30
0.0
 10
40.79678546792242
 20
329.1556169042338
 30
0.0
 10
40.79289129061791
 20
329.1558419934538
 30
0.0
 10
40.78899263254718
 20
329.1560428713286
 30
0.0
 10
40.78509395004889
 20
329.1562266163979
 30
0.0
 10
40.78070052152098
 20
329.1564336788692
 30
0.0
 10
40.77630706197204
 20
329.1566189842978
 30
0.0
 10
40.77191285937348
 20
329.1567890508154
 30
0.0
 10
40.76181345236159
 20
329.1571799228661
 30
0.0
 10
40.75171012026149
 20
329.1574902968338
 30
0.0
 10
40.74160582165931
 20
329.1577510169351
 30
0.0
 10
40.73008097946432
 20
329.1580483911667
 30
0.0
 10
40.7185548799069
 20
329.1582811686432
 30
0.0
 10
40.70702795572323
 20
329.1584658246454
 30
0.0
 10
40.69452309177505
 20
329.1586661467902
 30
0.0
 10
40.68201725734307
 20
329.1588098358787
 30
0.0
 10
40.66951108486789
 20
329.1589060048932
 30
0.0
 10
40.65650491441386
 20
329.1590060187541
 30
0.0
 10
40.64349837834731
 20
329.1590546368707
 30
0.0
 10
40.63049188354714
 20
329.1590546368707
 30
0.0
  0
SPLINE
  5
84C
330
70
100
AcDbEntity
  8
03_AXES
 62
     7
370
    25
100
AcDbSpline
210
0.0
220
0.0
230
1.0
 70
     8
 71
     3
 72
    32
 73
    28
 74
     0
 42
0.0000000001
 43
0.0000000001
 40
0.0
 40
0.0
 40
0.0
 40
0.0
 40
1.0
 40
1.0
 40
1.0
 40
2.0
 40
2.0
 40
2.0
 40
3.0
 40
3.0
 40
3.0
 40
4.0
 40
4.0
 40
4.0
 40
5.0
 40
5.0
 40
5.0
 40
6.0
 40
6.0
 40
6.0
 40
7.0
 40
7.0
 40
7.0
 40
8.0
 40
8.0
 40
8.0
 40
9.0
 40
9.0
 40
9.0
 40
9.0
 10
40.83049188354715
 20
342.1037877921707
 30
0.0
 10
40.83049188354715
 20
342.1045365061711
 30
0.0
 10
40.83005082683018
 20
342.1052409658157
 30
0.0
 10
40.8295283581854
 20
342.1058167752298
 30
0.0
 10
40.82871140666566
 20
342.1067171323721
 30
0.0
 10
40.8276954060794
 20
342.1073029445954
 30
0.0
 10
40.8266488523063
 20
342.1078276590341
 30
0.0
 10
40.8251111039054
 20
342.1085986454951
 30
0.0
 10
40.82350739195869
 20
342.1092377234101
 30
0.0
 10
40.82187960038452
 20
342.1097988597123
 30
0.0
 10
40.8197084187754
 20
342.1105473147602
 30
0.0
 10
40.81749439765798
 20
342.1111571056877
 30
0.0
 10
40.81526754584719
 20
342.1117119814937
 30
0.0
 10
40.80917714048702
 20
342.1132295582669
 30
0.0
 10
40.80299075973408
 20
342.1143363622082
 30
0.0
 10
40.79678546794489
 20
342.115292013102
 30
0.0
 10
40.78852198484798
 20
342.1165646373838
 30
0.0
 10
40.78022496529192
 20
342.1175692098345
 30
0.0
 10
40.77191285936963
 20
342.118429862973
 30
0.0
 10
40.76182807597298
 20
342.1194740629106
 30
0.0
 10
40.75172108528099
 20
342.1203064120578
 30
0.0
 10
40.7416058216638
 20
342.1210050572918
 30
0.0
 10
40.73008897049304
 20
342.1218005079575
 30
0.0
 10
40.71856139494186
 20
342.1224226352166
 30
0.0
 10
40.70702795568858
 20
342.1229186057646
 30
0.0
 10
40.68153296291597
 20
342.1240149626498
 30
0.0
 10
40.65600931754713
 20
342.1244948629708
 30
0.0
 10
40.63049188354714
 20
342.1244948629708
 30
0.0
  0
SPLINE
  5
84D
330
70
100
AcDbEntity
  8
03_AXES
 62
     7
370
    25
100
AcDbSpline
210
0.0
220
0.0
230
1.0
 70
     8
 71
     3
 72
    41
 73
    37
 74
     0
 42
0.0000000001
 43
0.0000000001
 40
0.0
 40
0.0
 40
0.0
 40
0.0
 40
1.0
 40
1.0
 40
1.0
 40
2.0
 40
2.0
 40
2.0
 40
3.0
 40
3.0
 40
3.0
 40
4.0
 40
4.0
 40
4.0
 40
5.0
 40
5.0
 40
5.0
 40
6.0
 40
6.0
 40
6.0
 40
7.0
 40
7.0
 40
7.0
 40
8.0
 40
8.0
 40
8.0
 40
9.0
 40
9.0
 40
9.0
 40
10.0
 40
10.0
 40
10.0
 40
11.0
 40
11.0
 40
11.0
 40
12.0
 40
12.0
 40
12.0
 40
12.0
 10
40.83049188354715
 20
346.417301460371
 30
0.0
 10
40.83049188354715
 20
346.4176949415706
 30
0.0
 10
40.82998557619855
 20
346.417851654047
 30
0.0
 10
40.82952914606027
 20
346.4179845297193
 30
0.0
 10
40.8283857036065
 20
346.4183174080107
 30
0.0
 10
40.82755528841312
 20
346.4185006875274
 30
0.0
 10
40.82665103660875
 20
346.4186640160948
 30
0.0
 10
40.82517953390359
 20
346.4189298031544
 30
0.0
 10
40.82351250042656
 20
346.4191427570114
 30
0.0
 10
40.82188477182552
 20
346.4193283989835
 30
0.0
 10
40.8196387239223
 20
346.419584560091
 30
0.0
 10
40.81746751372613
 20
346.4197887185187
 30
0.0
 10
40.81527577229604
 20
346.4199733651585
 30
0.0
 10
40.81249977393123
 20
346.4202072334258
 30
0.0
 10
40.80969083926526
 20
346.4204098007908
 30
0.0
 10
40.80688808934854
 20
346.4205930010352
 30
0.0
 10
40.80352103651182
 20
346.4208130866377
 30
0.0
 10
40.80016290960093
 20
346.4210052213124
 30
0.0
 10
40.79680129489084
 20
346.4211808433388
 30
0.0
 10
40.7929081460515
 20
346.4213842344915
 30
0.0
 10
40.78901031923964
 20
346.4215654782372
 30
0.0
 10
40.78511272489094
 20
346.4217313390427
 30
0.0
 10
40.78072011388504
 20
346.4219182651136
 30
0.0
 10
40.77632779813897
 20
346.422085652668
 30
0.0
 10
40.77193482273913
 20
346.4222392491097
 30
0.0
 10
40.76183556082887
 20
346.4225923607366
 30
0.0
 10
40.75173281250997
 20
346.4228725835251
 30
0.0
 10
40.74162934727143
 20
346.4231080174759
 30
0.0
 10
40.73010309823151
 20
346.4233766055569
 30
0.0
 10
40.71857591614064
 20
346.4235869021568
 30
0.0
 10
40.70704803721788
 20
346.4237536849901
 30
0.0
 10
40.6945402171586
 20
346.4239346453981
 30
0.0
 10
40.68203157676153
 20
346.4240643797264
 30
0.0
 10
40.6695226686752
 20
346.4241513084737
 30
0.0
 10
40.65651259024579
 20
346.4242417200278
 30
0.0
 10
40.64350222224712
 20
346.424285827271
 30
0.0
 10
40.63049188354714
 20
346.4242856142705
 30
0.0
  0
SPLINE
  5
84E
330
70
100
AcDbEntity
  8
03_AXES
 62
     7
370
    25
100
AcDbSpline
210
0.0
220
0.0
230
1.0
 70
     8
 71
     3
 72
    35
 73
    31
 74
     0
 42
0.0000000001
 43
0.0000000001
 40
0.0
 40
0.0
 40
0.0
 40
0.0
 40
1.0
 40
1.0
 40
1.0
 40
2.0
 40
2.0
 40
2.0
 40
3.0
 40
3.0
 40
3.0
 40
4.0
 40
4.0
 40
4.0
 40
5.0
 40
5.0
 40
5.0
 40
6.0
 40
6.0
 40
6.0
 40
7.0
 40
7.0
 40
7.0
 40
8.0
 40
8.0
 40
8.0
 40
9.0
 40
9.0
 40
9.0
 40
10.0
 40
10.0
 40
10.0
 40
10.0
 10
40.83049188354715
 20
362.046363696571
 30
0.0
 10
40.83049188354715
 20
362.0469211870709
 30
0.0
 10
40.83001523700469
 20
362.0473721695386
 30
0.0
 10
40.82952856199093
 20
362.0477308733037
 30
0.0
 10
40.82860247653012
 20
362.0484134444901
 30
0.0
 10
40.82764007835314
 20
362.0487618779512
 30
0.0
 10
40.82664875776413
 20
362.0490855470541
 30
0.0
 10
40.82510677090707
 20
362.0495890103214
 30
0.0
 10
40.8234948050731
 20
362.0500325551923
 30
0.0
 10
40.82187985193054
 20
362.0504135736001
 30
0.0
 10
40.81968210966343
 20
362.0509320903528
 30
0.0
 10
40.81747883499448
 20
362.051334810046
 30
0.0
 10
40.81526751538381
 20
362.0517025926288
 30
0.0
 10
40.8091494939318
 20
362.0527201306271
 30
0.0
 10
40.80296989217734
 20
362.053470241204
 30
0.0
 10
40.79678563272358
 20
362.0541146183538
 30
0.0
 10
40.78850325708932
 20
362.0549776115127
 30
0.0
 10
40.78021252723559
 20
362.0556509573328
 30
0.0
 10
40.77191323978615
 20
362.0562287517299
 30
0.0
 10
40.76182028420913
 20
362.0569314208712
 30
0.0
 10
40.75171467232944
 20
362.0574927737101
 30
0.0
 10
40.7416058968119
 20
362.0579637621149
 30
0.0
 10
40.73008359401508
 20
362.0585006096297
 30
0.0
 10
40.71855718096843
 20
362.0589200541983
 30
0.0
 10
40.70702809235122
 20
362.0592529930526
 30
0.0
 10
40.69452492940539
 20
362.0596140613798
 30
0.0
 10
40.68201861967976
 20
362.059873389029
 30
0.0
 10
40.66951120759796
 20
362.0600469083982
 30
0.0
 10
40.65650551569227
 20
362.0602273405647
 30
0.0
 10
40.6434986318473
 20
362.0603149912709
 30
0.0
 10
40.63049188354714
 20
362.0603149912709
 30
0.0
  0
SPLINE
  5
84F
330
70
100
AcDbEntity
  8
03_AXES
 62
     7
370
    25
100
AcDbSpline
210
0.0
220
0.0
230
1.0
 70
     8
 71
     3
 72
    11
 73
     7
 74
     0
 42
0.0000000001
 43
0.0000000001
 40
0.0
 40
0.0
 40
0.0
 40
0.0
 40
1.0
 40
1.0
 40
1.0
 40
2.0
 40
2.0
 40
2.0
 40
2.0
 10
40.38148238474728
 20
327.3101275928706
 30
0.0
 10
40.37667181914724
 20
327.2989414276707
 30
0.0
 10
40.37223090977117
 20
327.287597414048
 30
0.0
 10
40.36815513913932
 20
327.2761153742621
 30
0.0
 10
40.35561798159331
 20
327.2407963745572
 30
0.0
 10
40.34653573304749
 20
327.2041713840711
 30
0.0
 10
40.34049188354749
 20
327.1672064515706
 30
0.0
  0
SPLINE
  5
850
330
70
100
AcDbEntity
  8
03_AXES
 62
     7
370
    25
100
AcDbSpline
210
0.0
220
0.0
230
1.0
 70
     8
 71
     3
 72
    14
 73
    10
 74
     0
 42
0.0000000001
 43
0.0000000001
 40
0.0
 40
0.0
 40
0.0
 40
0.0
 40
1.0
 40
1.0
 40
1.0
 40
2.0
 40
2.0
 40
2.0
 40
3.0
 40
3.0
 40
3.0
 40
3.0
 10
40.63049188354714
 20
327.8827606973711
 30
0.0
 10
40.58675186154755
 20
327.7718946878709
 30
0.0
 10
40.53940501606024
 20
327.6624564536126
 30
0.0
 10
40.49065060265703
 20
327.5536944875777
 30
0.0
 10
40.47067248480661
 20
327.5091270479689
 30
0.0
 10
40.45045801966496
 20
327.4646731617883
 30
0.0
 10
40.43033945132143
 20
327.4201713132966
 30
0.0
 10
40.41380627215133
 20
327.3836002699726
 30
0.0
 10
40.39733785534727
 20
327.3469968360708
 30
0.0
 10
40.38148238474728
 20
327.3101275928706
 30
0.0
  0
SPLINE
  5
851
330
70
100
AcDbEntity
  8
03_AXES
 62
     7
370
    25
100
AcDbSpline
210
0.0
220
0.0
230
1.0
 70
     8
 71
     3
 72
    59
 73
    55
 74
     0
 42
0.0000000001
 43
0.0000000001
 40
0.0
 40
0.0
 40
0.0
 40
0.0
 40
1.0
 40
1.0
 40
1.0
 40
2.0
 40
2.0
 40
2.0
 40
3.0
 40
3.0
 40
3.0
 40
4.0
 40
4.0
 40
4.0
 40
5.0
 40
5.0
 40
5.0
 40
6.0
 40
6.0
 40
6.0
 40
7.0
 40
7.0
 40
7.0
 40
8.0
 40
8.0
 40
8.0
 40
9.0
 40
9.0
 40
9.0
 40
10.0
 40
10.0
 40
10.0
 40
11.0
 40
11.0
 40
11.0
 40
12.0
 40
12.0
 40
12.0
 40
13.0
 40
13.0
 40
13.0
 40
14.0
 40
14.0
 40
14.0
 40
15.0
 40
15.0
 40
15.0
 40
16.0
 40
16.0
 40
16.0
 40
17.0
 40
17.0
 40
17.0
 40
18.0
 40
18.0
 40
18.0
 40
18.0
 10
40.83049188354715
 20
328.0335037797705
 30
0.0
 10
40.83049188354715
 20
328.0594814723706
 30
0.0
 10
40.82945502077325
 20
328.0854983550865
 30
0.0
 10
40.82558544412054
 20
328.1112822565813
 30
0.0
 10
40.82374232935563
 20
328.1235633647781
 30
0.0
 10
40.82125655564269
 20
328.135791616431
 30
0.0
 10
40.81696558423895
 20
328.1473877974851
 30
0.0
 10
40.81507941774368
 20
328.1524850880805
 30
0.0
 10
40.81284445357428
 20
328.1574602509132
 30
0.0
 10
40.80969478990144
 20
328.1619951147228
 30
0.0
 10
40.80718320806894
 20
328.1656112727453
 30
0.0
 10
40.8040899989863
 20
328.1689474591382
 30
0.0
 10
40.8002116561953
 20
328.1709036637327
 30
0.0
 10
40.79858563135142
 20
328.1717238174538
 30
0.0
 10
40.79682159808418
 20
328.1723014021579
 30
0.0
 10
40.79501521848707
 20
328.1725633872797
 30
0.0
 10
40.79328722080028
 20
328.1728140044169
 30
0.0
 10
40.79152047201158
 20
328.172775816563
 30
0.0
 10
40.78979713415647
 20
328.1725104635088
 30
0.0
 10
40.78622378516224
 20
328.1719602527271
 30
0.0
 10
40.78283707806317
 20
328.170433363029
 30
0.0
 10
40.77973055902525
 20
328.1685427827115
 30
0.0
 10
40.77631260684018
 20
328.1664626689099
 30
0.0
 10
40.77323383724623
 20
328.1639422882183
 30
0.0
 10
40.77033716126422
 20
328.1612288400435
 30
0.0
 10
40.76722039293224
 20
328.1583092213528
 30
0.0
 10
40.76431444077031
 20
328.1551660816563
 30
0.0
 10
40.7615504687105
 20
328.1519079248341
 30
0.0
 10
40.75864518957151
 20
328.1484831959138
 30
0.0
 10
40.75589677899446
 20
328.144931388825
 30
0.0
 10
40.7532527504629
 20
328.1413041618496
 30
0.0
 10
40.7505159389836
 20
328.1375496500105
 30
0.0
 10
40.74789096393327
 20
328.1337143322161
 30
0.0
 10
40.74534505948907
 20
328.1298277860941
 30
0.0
 10
40.74007894829118
 20
328.1217886061069
 30
0.0
 10
40.73515114404627
 20
328.1135302435412
 30
0.0
 10
40.73041940566231
 20
328.1051643774139
 30
0.0
 10
40.72555280742194
 20
328.0965600747093
 30
0.0
 10
40.72089361050396
 20
328.0878420531721
 30
0.0
 10
40.71637265597601
 20
328.0790531730464
 30
0.0
 10
40.7117759839113
 20
328.0701170956072
 30
0.0
 10
40.70732222361615
 20
328.0611077662058
 30
0.0
 10
40.70296978633968
 20
328.052050161851
 30
0.0
 10
40.69857305102945
 20
328.042900371432
 30
0.0
 10
40.69427971171519
 20
328.0337013183975
 30
0.0
 10
40.69006435105858
 20
328.0244667884984
 30
0.0
 10
40.68582323607028
 20
328.0151758389568
 30
0.0
 10
40.68166105549389
 20
328.0058489777236
 30
0.0
 10
40.6775599084622
 20
327.9964954040532
 30
0.0
 10
40.66932351822536
 20
327.9777104928426
 30
0.0
 10
40.66133329607094
 20
327.9588178417062
 30
0.0
 10
40.65350990472388
 20
327.9398569134635
 30
0.0
 10
40.64568291288565
 20
327.9208872590001
 30
0.0
 10
40.63802290544735
 20
327.9018492645708
 30
0.0
 10
40.63049188354714
 20
327.8827606973711
 30
0.0
  0
SPLINE
  5
852
330
70
100
AcDbEntity
  8
03_AXES
 62
     7
370
    25
100
AcDbSpline
210
0.0
220
0.0
230
1.0
 70
     8
 71
     3
 72
    71
 73
    67
 74
     0
 42
0.0000000001
 43
0.0000000001
 40
0.0
 40
0.0
 40
0.0
 40
0.0
 40
1.0
 40
1.0
 40
1.0
 40
2.0
 40
2.0
 40
2.0
 40
3.0
 40
3.0
 40
3.0
 40
4.0
 40
4.0
 40
4.0
 40
5.0
 40
5.0
 40
5.0
 40
6.0
 40
6.0
 40
6.0
 40
7.0
 40
7.0
 40
7.0
 40
8.0
 40
8.0
 40
8.0
 40
9.0
 40
9.0
 40
9.0
 40
10.0
 40
10.0
 40
10.0
 40
11.0
 40
11.0
 40
11.0
 40
12.0
 40
12.0
 40
12.0
 40
13.0
 40
13.0
 40
13.0
 40
14.0
 40
14.0
 40
14.0
 40
15.0
 40
15.0
 40
15.0
 40
16.0
 40
16.0
 40
16.0
 40
17.0
 40
17.0
 40
17.0
 40
18.0
 40
18.0
 40
18.0
 40
19.0
 40
19.0
 40
19.0
 40
20.0
 40
20.0
 40
20.0
 40
21.0
 40
21.0
 40
21.0
 40
22.0
 40
22.0
 40
22.0
 40
22.0
 10
32.13049188354716
 20
352.073174366671
 30
0.0
 10
32.19151657064732
 20
352.0730739017707
 30
0.0
 10
32.25255826879565
 20
352.0746770395143
 30
0.0
 10
32.31350280222684
 20
352.0779916668318
 30
0.0
 10
32.37331687606821
 20
352.0812448111574
 30
0.0
 10
32.4330373563753
 20
352.0861465411118
 30
0.0
 10
32.49257536621922
 20
352.0927350675203
 30
0.0
 10
32.54934468184468
 20
352.0990172078902
 30
0.0
 10
32.60594810324628
 20
352.1068329103698
 30
0.0
 10
32.66227349995632
 20
352.1162738408854
 30
0.0
 10
32.68874724237474
 20
352.1207112133184
 30
0.0
 10
32.71515956539931
 20
352.125507620485
 30
0.0
 10
32.74149775272338
 20
352.1306844497257
 30
0.0
 10
32.76625986414815
 20
352.1355514977464
 30
0.0
 10
32.79095644695917
 20
352.1407548011858
 30
0.0
 10
32.81557039096706
 20
352.1463237749131
 30
0.0
 10
32.83819962989579
 20
352.151443703561
 30
0.0
 10
32.86075901961458
 20
352.1568727095397
 30
0.0
 10
32.88322869705091
 20
352.1626543116548
 30
0.0
 10
32.90324777494758
 20
352.1678053577015
 30
0.0
 10
32.92319564196178
 20
352.1732362838426
 30
0.0
 10
32.94304058410002
 20
352.1790195888416
 30
0.0
 10
32.95188916960544
 20
352.1815982846342
 30
0.0
 10
32.9607172921537
 20
352.1842470384481
 30
0.0
 10
32.96951945096591
 20
352.1869799787233
 30
0.0
 10
32.97751911394611
 20
352.1894637558975
 30
0.0
 10
32.98549733162356
 20
352.1920170686757
 30
0.0
 10
32.99344689196519
 20
352.194656642915
 30
0.0
 10
33.0005319219945
 20
352.1970091582668
 30
0.0
 10
33.00759418884063
 20
352.1994301930857
 30
0.0
 10
33.01462401659007
 20
352.2019441357829
 30
0.0
 10
33.02073297763346
 20
352.2041287665511
 30
0.0
 10
33.02681744160874
 20
352.2063835586612
 30
0.0
 10
33.03286169811663
 20
352.2087385663985
 30
0.0
 10
33.03793738111011
 20
352.2107161913888
 30
0.0
 10
33.04298471039089
 20
352.2127644869601
 30
0.0
 10
33.04798323428483
 20
352.2149391560193
 30
0.0
 10
33.05198181535569
 20
352.2166787877032
 30
0.0
 10
33.05594916469752
 20
352.2184992887899
 30
0.0
 10
33.05983698439318
 20
352.2204543607503
 30
0.0
 10
33.0627219859497
 20
352.2219051445028
 30
0.0
 10
33.06556319408084
 20
352.2234300304276
 30
0.0
 10
33.06829692692303
 20
352.2252032842003
 30
0.0
 10
33.06930677676753
 20
352.225858329938
 30
0.0
 10
33.07030196066519
 20
352.2265472676471
 30
0.0
 10
33.07122508997318
 20
352.22726962323
 30
0.0
 10
33.07193627148899
 20
352.2278261280815
 30
0.0
 10
33.0726046871167
 20
352.2284024671309
 30
0.0
 10
33.07327329528556
 20
352.2291211016544
 30
0.0
 10
33.07408844585833
 20
352.2299972431233
 30
0.0
 10
33.07490388262246
 20
352.2310848909403
 30
0.0
 10
33.07471646758839
 20
352.2321621816219
 30
0.0
 10
33.07464242044684
 20
352.2325878160779
 30
0.0
 10
33.07441182639242
 20
352.2330118337673
 30
0.0
 10
33.07410732971478
 20
352.2333444364092
 30
0.0
 10
33.0737016501296
 20
352.2337875614473
 30
0.0
 10
33.07316479253184
 20
352.2340684237179
 30
0.0
 10
33.07261500698995
 20
352.2342997215018
 30
0.0
 10
33.07184566100114
 20
352.2346233895665
 30
0.0
 10
33.07105099952705
 20
352.2348500005179
 30
0.0
 10
33.07024493446617
 20
352.2350282203731
 30
0.0
 10
33.06917857667805
 20
352.2352639905857
 30
0.0
 10
33.06809226134202
 20
352.2354150709896
 30
0.0
 10
33.06700345166407
 20
352.2355306087791
 30
0.0
 10
33.06399718985844
 20
352.2358496148008
 30
0.0
 10
33.06097191264742
 20
352.235897664671
 30
0.0
 10
33.05795310544718
 20
352.2358714665711
 30
0.0
  0
SPLINE
  5
853
330
70
100
AcDbEntity
  8
03_AXES
 62
     7
370
    25
100
AcDbSpline
210
0.0
220
0.0
230
1.0
 70
     8
 71
     3
 72
    11
 73
     7
 74
     0
 42
0.0000000001
 43
0.0000000001
 40
0.0
 40
0.0
 40
0.0
 40
0.0
 40
1.0
 40
1.0
 40
1.0
 40
2.0
 40
2.0
 40
2.0
 40
2.0
 10
32.13049188354716
 20
352.0130638684711
 30
0.0
 10
32.15122438774738
 20
352.0135843804709
 30
0.0
 10
32.17196746343875
 20
352.0135004383071
 30
0.0
 10
32.19270807120501
 20
352.0134029105365
 30
0.0
 10
32.21213990282097
 20
352.0133115369749
 30
0.0
 10
32.23156956814695
 20
352.0132082382707
 30
0.0
 10
32.25099914784718
 20
352.0133823801708
 30
0.0
  0
SPLINE
  5
854
330
70
100
AcDbEntity
  8
03_AXES
 62
     7
370
    25
100
AcDbSpline
210
0.0
220
0.0
230
1.0
 70
     8
 71
     3
 72
    29
 73
    25
 74
     0
 42
0.0000000001
 43
0.0000000001
 40
0.0
 40
0.0
 40
0.0
 40
0.0
 40
1.0
 40
1.0
 40
1.0
 40
2.0
 40
2.0
 40
2.0
 40
3.0
 40
3.0
 40
3.0
 40
4.0
 40
4.0
 40
4.0
 40
5.0
 40
5.0
 40
5.0
 40
6.0
 40
6.0
 40
6.0
 40
7.0
 40
7.0
 40
7.0
 40
8.0
 40
8.0
 40
8.0
 40
8.0
 10
31.3352991542472
 20
278.6204873983706
 30
0.0
 10
31.33502205264742
 20
278.5828091041709
 30
0.0
 10
31.33839093700164
 20
278.5449973529356
 30
0.0
 10
31.34542555772442
 20
278.5079039551322
 30
0.0
 10
31.35214926362217
 20
278.4724500042513
 30
0.0
 10
31.36222183167376
 20
278.4376523107706
 30
0.0
 10
31.37562208889877
 20
278.4041676363191
 30
0.0
 10
31.38806991259087
 20
278.3730629107172
 30
0.0
 10
31.40338920005025
 20
278.3430911895441
 30
0.0
 10
31.421523757076
 20
278.3149167640913
 30
0.0
 10
31.4382206673224
 20
278.2889759124707
 30
0.0
 10
31.4573041702673
 20
278.2645586850516
 30
0.0
 10
31.47863210993491
 20
278.2422699106656
 30
0.0
 10
31.49837021719535
 20
278.2216425914593
 30
0.0
 10
31.52003062180843
 20
278.2028382328168
 30
0.0
 10
31.54336882028343
 20
278.1863904625561
 30
0.0
 10
31.5652606745289
 20
278.1709620142293
 30
0.0
 10
31.58862880980545
 20
278.157607114272
 30
0.0
 10
31.61311024750748
 20
278.1467532176417
 30
0.0
 10
31.63650205315575
 20
278.1363824116624
 30
0.0
 10
31.66091026384933
 20
278.1282949317048
 30
0.0
 10
31.68591145998027
 20
278.1227764238914
 30
0.0
 10
31.71031915816423
 20
278.1173889187323
 30
0.0
 10
31.73529202244708
 20
278.1144498648707
 30
0.0
 10
31.76023197174732
 20
278.1140730160706
 30
0.0
  0
SPLINE
  5
855
330
70
100
AcDbEntity
  8
03_AXES
 62
     7
370
    25
100
AcDbSpline
210
0.0
220
0.0
230
1.0
 70
     8
 71
     3
 72
    11
 73
     7
 74
     0
 42
0.0000000001
 43
0.0000000001
 40
0.0
 40
0.0
 40
0.0
 40
0.0
 40
1.0
 40
1.0
 40
1.0
 40
2.0
 40
2.0
 40
2.0
 40
2.0
 10
40.33049188354745
 20
327.1533325675708
 30
0.0
 10
40.33049188354745
 20
327.1642378115709
 30
0.0
 10
40.33069100534543
 20
327.1751410965602
 30
0.0
 10
40.33110606064191
 20
327.1860425341651
 30
0.0
 10
40.33230500724874
 20
327.2175328963429
 30
0.0
 10
40.33530575884696
 20
327.2490078434711
 30
0.0
 10
40.34049188354749
 20
327.2800793680711
 30
0.0
  0
SPLINE
  5
856
330
70
100
AcDbEntity
  8
03_AXES
 62
     7
370
    25
100
AcDbSpline
210
0.0
220
0.0
230
1.0
 70
     8
 71
     3
 72
    11
 73
     7
 74
     0
 42
0.0000000001
 43
0.0000000001
 40
0.0
 40
0.0
 40
0.0
 40
0.0
 40
1.0
 40
1.0
 40
1.0
 40
2.0
 40
2.0
 40
2.0
 40
2.0
 10
86.3922688187314
 20
352.5662408464689
 30
0.0
 10
88.24018615930416
 20
353.7060166452223
 30
0.0
 10
88.81425836974861
 20
356.1280302245439
 30
0.0
 10
87.67449498866348
 20
357.9759595871325
 30
0.0
 10
86.95895282623498
 20
359.1360875523447
 30
0.0
 10
85.69353242382378
 20
359.8427712776969
 30
0.0
 10
84.33049188363693
 20
359.8434437586747
 30
0.0
  0
SPLINE
  5
857
330
70
100
AcDbEntity
  8
03_AXES
 62
     7
370
    25
100
AcDbSpline
210
0.0
220
0.0
230
1.0
 70
     8
 71
     3
 72
     8
 73
     4
 74
     0
 42
0.0000000001
 43
0.0000000001
 40
0.0
 40
0.0
 40
0.0
 40
0.0
 40
1.0
 40
1.0
 40
1.0
 40
1.0
 10
88.08049188355026
 20
278.352041759871
 30
0.0
 10
88.08049188355026
 20
278.1177271848264
 30
0.0
 10
88.21480645859971
 20
277.9277776911706
 30
0.0
 10
88.38049188354739
 20
277.9277776911706
 30
0.0
  0
SPLINE
  5
858
330
70
100
AcDbEntity
  8
03_AXES
 62
     7
370
    25
100
AcDbSpline
210
0.0
220
0.0
230
1.0
 70
     8
 71
     3
 72
     8
 73
     4
 74
     0
 42
0.0000000001
 43
0.0000000001
 40
0.0
 40
0.0
 40
0.0
 40
0.0
 40
1.0
 40
1.0
 40
1.0
 40
1.0
 10
88.38049188354418
 20
364.9277776911706
 30
0.0
 10
88.21480645859649
 20
364.9277776911686
 30
0.0
 10
88.08049188354834
 20
364.7378281975103
 30
0.0
 10
88.08049188355026
 20
364.5035136224664
 30
0.0
  0
SPLINE
  5
859
330
70
100
AcDbEntity
  8
03_AXES
 62
     7
370
    25
100
AcDbSpline
210
0.0
220
0.0
230
1.0
 70
     8
 71
     3
 72
    14
 73
    10
 74
     0
 42
0.0000000001
 43
0.0000000001
 40
0.0
 40
0.0
 40
0.0
 40
0.0
 40
1.0
 40
1.0
 40
1.0
 40
2.0
 40
2.0
 40
2.0
 40
3.0
 40
3.0
 40
3.0
 40
3.0
 10
84.33049188350665
 20
351.9277776912708
 30
0.0
 10
86.53090158546811
 20
351.9277776912484
 30
0.0
 10
88.31468609246419
 20
353.7115761794426
 30
0.0
 10
88.31468609248664
 20
355.9120031281303
 30
0.0
 10
88.31468609250912
 20
358.1124300768181
 30
0.0
 10
86.53090158554961
 20
359.8962285650482
 30
0.0
 10
84.33049188358815
 20
359.8962285650707
 30
0.0
 10
84.33049188356761
 20
359.8962285650707
 30
0.0
 10
84.33049188356761
 20
359.8962285650707
 30
0.0
 10
84.33049188354708
 20
359.8962285650707
 30
0.0
  0
SPLINE
  5
85A
330
70
100
AcDbEntity
  8
03_AXES
 62
     7
370
    25
100
AcDbSpline
210
0.0
220
0.0
230
1.0
 70
     8
 71
     3
 72
    11
 73
     7
 74
     0
 42
0.0000000001
 43
0.0000000001
 40
0.0
 40
0.0
 40
0.0
 40
0.0
 40
1.0
 40
1.0
 40
1.0
 40
2.0
 40
2.0
 40
2.0
 40
2.0
 10
68.99226881873144
 20
352.5662408464689
 30
0.0
 10
70.84018615930418
 20
353.7060166452223
 30
0.0
 10
71.41425836974862
 20
356.1280302245439
 30
0.0
 10
70.2744949886635
 20
357.9759595871325
 30
0.0
 10
69.55895282623501
 20
359.1360875523447
 30
0.0
 10
68.29353242382381
 20
359.8427712776969
 30
0.0
 10
66.93049188363694
 20
359.8434437586747
 30
0.0
  0
SPLINE
  5
85B
330
70
100
AcDbEntity
  8
03_AXES
 62
     7
370
    25
100
AcDbSpline
210
0.0
220
0.0
230
1.0
 70
     8
 71
     3
 72
     8
 73
     4
 74
     0
 42
0.0000000001
 43
0.0000000001
 40
0.0
 40
0.0
 40
0.0
 40
0.0
 40
1.0
 40
1.0
 40
1.0
 40
1.0
 10
70.68049188355029
 20
278.352041759871
 30
0.0
 10
70.68049188355029
 20
278.1177271848264
 30
0.0
 10
70.81480645859973
 20
277.9277776911706
 30
0.0
 10
70.98049188354742
 20
277.9277776911706
 30
0.0
  0
SPLINE
  5
85C
330
70
100
AcDbEntity
  8
03_AXES
 62
     7
370
    25
100
AcDbSpline
210
0.0
220
0.0
230
1.0
 70
     8
 71
     3
 72
     8
 73
     4
 74
     0
 42
0.0000000001
 43
0.0000000001
 40
0.0
 40
0.0
 40
0.0
 40
0.0
 40
1.0
 40
1.0
 40
1.0
 40
1.0
 10
70.9804918835442
 20
364.9277776911706
 30
0.0
 10
70.81480645859652
 20
364.9277776911686
 30
0.0
 10
70.68049188354837
 20
364.7378281975103
 30
0.0
 10
70.68049188355029
 20
364.5035136224664
 30
0.0
  0
SPLINE
  5
85D
330
70
100
AcDbEntity
  8
03_AXES
 62
     7
370
    25
100
AcDbSpline
210
0.0
220
0.0
230
1.0
 70
     8
 71
     3
 72
    14
 73
    10
 74
     0
 42
0.0000000001
 43
0.0000000001
 40
0.0
 40
0.0
 40
0.0
 40
0.0
 40
1.0
 40
1.0
 40
1.0
 40
2.0
 40
2.0
 40
2.0
 40
3.0
 40
3.0
 40
3.0
 40
3.0
 10
66.93049188350669
 20
351.9277776912708
 30
0.0
 10
69.13090158546815
 20
351.9277776912484
 30
0.0
 10
70.91468609246422
 20
353.7115761794426
 30
0.0
 10
70.91468609248668
 20
355.9120031281303
 30
0.0
 10
70.91468609250914
 20
358.1124300768181
 30
0.0
 10
69.130901585549
 20
359.8962285650482
 30
0.0
 10
66.93049188358817
 20
359.8962285650707
 30
0.0
 10
66.93049188356764
 20
359.8962285650707
 30
0.0
 10
66.93049188356764
 20
359.8962285650707
 30
0.0
 10
66.9304918835471
 20
359.8962285650707
 30
0.0
  0
SPLINE
  5
85E
330
70
100
AcDbEntity
  8
03_AXES
 62
     7
370
    25
100
AcDbSpline
210
0.0
220
0.0
230
1.0
 70
     8
 71
     3
 72
    11
 73
     7
 74
     0
 42
0.0000000001
 43
0.0000000001
 40
0.0
 40
0.0
 40
0.0
 40
0.0
 40
1.0
 40
1.0
 40
1.0
 40
2.0
 40
2.0
 40
2.0
 40
2.0
 10
51.59226881873147
 20
352.5662408464689
 30
0.0
 10
53.44018615930421
 20
353.7060166452223
 30
0.0
 10
54.01425836974866
 20
356.1280302245439
 30
0.0
 10
52.87449498866289
 20
357.9759595871325
 30
0.0
 10
52.15895282623503
 20
359.1360875523447
 30
0.0
 10
50.89353242382384
 20
359.8427712776969
 30
0.0
 10
49.53049188363698
 20
359.8434437586747
 30
0.0
  0
SPLINE
  5
85F
330
70
100
AcDbEntity
  8
03_AXES
 62
     7
370
    25
100
AcDbSpline
210
0.0
220
0.0
230
1.0
 70
     8
 71
     3
 72
     8
 73
     4
 74
     0
 42
0.0000000001
 43
0.0000000001
 40
0.0
 40
0.0
 40
0.0
 40
0.0
 40
1.0
 40
1.0
 40
1.0
 40
1.0
 10
53.28049188354968
 20
278.352041759871
 30
0.0
 10
53.28049188354968
 20
278.1177271848264
 30
0.0
 10
53.41480645859975
 20
277.9277776911706
 30
0.0
 10
53.58049188354744
 20
277.9277776911706
 30
0.0
  0
SPLINE
  5
860
330
70
100
AcDbEntity
  8
03_AXES
 62
     7
370
    25
100
AcDbSpline
210
0.0
220
0.0
230
1.0
 70
     8
 71
     3
 72
     8
 73
     4
 74
     0
 42
0.0000000001
 43
0.0000000001
 40
0.0
 40
0.0
 40
0.0
 40
0.0
 40
1.0
 40
1.0
 40
1.0
 40
1.0
 10
53.58049188354423
 20
364.9277776911706
 30
0.0
 10
53.41480645859655
 20
364.9277776911686
 30
0.0
 10
53.28049188354839
 20
364.7378281975103
 30
0.0
 10
53.28049188354968
 20
364.5035136224664
 30
0.0
  0
SPLINE
  5
861
330
70
100
AcDbEntity
  8
03_AXES
 62
     7
370
    25
100
AcDbSpline
210
0.0
220
0.0
230
1.0
 70
     8
 71
     3
 72
    14
 73
    10
 74
     0
 42
0.0000000001
 43
0.0000000001
 40
0.0
 40
0.0
 40
0.0
 40
0.0
 40
1.0
 40
1.0
 40
1.0
 40
2.0
 40
2.0
 40
2.0
 40
3.0
 40
3.0
 40
3.0
 40
3.0
 10
49.53049188350671
 20
351.9277776912708
 30
0.0
 10
51.73090158546817
 20
351.9277776912484
 30
0.0
 10
53.51468609246425
 20
353.7115761794426
 30
0.0
 10
53.51468609248671
 20
355.9120031281303
 30
0.0
 10
53.51468609250916
 20
358.1124300768181
 30
0.0
 10
51.73090158554902
 20
359.8962285650482
 30
0.0
 10
49.53049188358821
 20
359.8962285650707
 30
0.0
 10
49.53049188356767
 20
359.8962285650707
 30
0.0
 10
49.53049188356767
 20
359.8962285650707
 30
0.0
 10
49.53049188354714
 20
359.8962285650707
 30
0.0
  0
SPLINE
  5
862
330
70
100
AcDbEntity
  8
03_AXES
 62
     7
370
    25
100
AcDbSpline
210
0.0
220
0.0
230
1.0
 70
     8
 71
     3
 72
    11
 73
     7
 74
     0
 42
0.0000000001
 43
0.0000000001
 40
0.0
 40
0.0
 40
0.0
 40
0.0
 40
1.0
 40
1.0
 40
1.0
 40
2.0
 40
2.0
 40
2.0
 40
2.0
 10
34.1922688187315
 20
352.5662408464689
 30
0.0
 10
36.04018615930424
 20
353.7060166452223
 30
0.0
 10
36.61425836974868
 20
356.1280302245439
 30
0.0
 10
35.47449498866292
 20
357.9759595871325
 30
0.0
 10
34.75895282623507
 20
359.1360875523447
 30
0.0
 10
33.49353242382387
 20
359.8427712776969
 30
0.0
 10
32.13049188363701
 20
359.8434437586747
 30
0.0
  0
SPLINE
  5
863
330
70
100
AcDbEntity
  8
03_AXES
 62
     7
370
    25
100
AcDbSpline
210
0.0
220
0.0
230
1.0
 70
     8
 71
     3
 72
     8
 73
     4
 74
     0
 42
0.0000000001
 43
0.0000000001
 40
0.0
 40
0.0
 40
0.0
 40
0.0
 40
1.0
 40
1.0
 40
1.0
 40
1.0
 10
35.8804918835497
 20
278.352041759871
 30
0.0
 10
35.8804918835497
 20
278.1177271848264
 30
0.0
 10
36.01480645859979
 20
277.9277776911706
 30
0.0
 10
36.18049188354747
 20
277.9277776911706
 30
0.0
  0
SPLINE
  5
864
330
70
100
AcDbEntity
  8
03_AXES
 62
     7
370
    25
100
AcDbSpline
210
0.0
220
0.0
230
1.0
 70
     8
 71
     3
 72
     8
 73
     4
 74
     0
 42
0.0000000001
 43
0.0000000001
 40
0.0
 40
0.0
 40
0.0
 40
0.0
 40
1.0
 40
1.0
 40
1.0
 40
1.0
 10
36.18049188354426
 20
364.9277776911706
 30
0.0
 10
36.01480645859658
 20
364.9277776911686
 30
0.0
 10
35.88049188354843
 20
364.7378281975103
 30
0.0
 10
35.8804918835497
 20
364.5035136224664
 30
0.0
  0
SPLINE
  5
865
330
70
100
AcDbEntity
  8
03_AXES
 62
     7
370
    25
100
AcDbSpline
210
0.0
220
0.0
230
1.0
 70
     8
 71
     3
 72
    14
 73
    10
 74
     0
 42
0.0000000001
 43
0.0000000001
 40
0.0
 40
0.0
 40
0.0
 40
0.0
 40
1.0
 40
1.0
 40
1.0
 40
2.0
 40
2.0
 40
2.0
 40
3.0
 40
3.0
 40
3.0
 40
3.0
 10
32.13049188350673
 20
351.9277776912708
 30
0.0
 10
34.3309015854682
 20
351.9277776912484
 30
0.0
 10
36.11468609246428
 20
353.7115761794426
 30
0.0
 10
36.11468609248674
 20
355.9120031281303
 30
0.0
 10
36.1146860925092
 20
358.1124300768181
 30
0.0
 10
34.33090158554906
 20
359.8962285650482
 30
0.0
 10
32.13049188358823
 20
359.8962285650707
 30
0.0
 10
32.1304918835677
 20
359.8962285650707
 30
0.0
 10
32.1304918835677
 20
359.8962285650707
 30
0.0
 10
32.13049188354716
 20
359.8962285650707
 30
0.0
  0
SPLINE
  5
866
330
70
100
AcDbEntity
  8
03_AXES
 62
     7
370
    25
100
AcDbSpline
210
0.0
220
0.0
230
1.0
 70
     8
 71
     3
 72
    14
 73
    10
 74
     0
 42
0.0000000001
 43
0.0000000001
 40
0.0
 40
0.0
 40
0.0
 40
0.0
 40
1.0
 40
1.0
 40
1.0
 40
2.0
 40
2.0
 40
2.0
 40
3.0
 40
3.0
 40
3.0
 40
3.0
 10
84.33049188354708
 20
359.927777691171
 30
0.0
 10
82.11131461289914
 20
359.927777691171
 30
0.0
 10
80.31231598546549
 20
358.1287605752381
 30
0.0
 10
80.31231598546549
 20
355.9095604978709
 30
0.0
 10
80.31231598546549
 20
353.6903604205031
 30
0.0
 10
82.11131461289914
 20
351.8913433045708
 30
0.0
 10
84.33049188354708
 20
351.8913433045708
 30
0.0
 10
84.33049188356761
 20
351.8913433045708
 30
0.0
 10
84.33049188356761
 20
351.8913433045708
 30
0.0
 10
84.33049188358815
 20
351.8913433045708
 30
0.0
  0
SPLINE
  5
867
330
70
100
AcDbEntity
  8
03_AXES
 62
     7
370
    25
100
AcDbSpline
210
0.0
220
0.0
230
1.0
 70
     8
 71
     3
 72
    14
 73
    10
 74
     0
 42
0.0000000001
 43
0.0000000001
 40
0.0
 40
0.0
 40
0.0
 40
0.0
 40
1.0
 40
1.0
 40
1.0
 40
2.0
 40
2.0
 40
2.0
 40
3.0
 40
3.0
 40
3.0
 40
3.0
 10
66.9304918835471
 20
359.927777691171
 30
0.0
 10
64.71131461289918
 20
359.927777691171
 30
0.0
 10
62.91231598546552
 20
358.1287605752381
 30
0.0
 10
62.91231598546552
 20
355.9095604978709
 30
0.0
 10
62.91231598546552
 20
353.6903604205031
 30
0.0
 10
64.71131461289918
 20
351.8913433045708
 30
0.0
 10
66.9304918835471
 20
351.8913433045708
 30
0.0
 10
66.93049188356764
 20
351.8913433045708
 30
0.0
 10
66.93049188356764
 20
351.8913433045708
 30
0.0
 10
66.93049188358817
 20
351.8913433045708
 30
0.0
  0
SPLINE
  5
868
330
70
100
AcDbEntity
  8
03_AXES
 62
     7
370
    25
100
AcDbSpline
210
0.0
220
0.0
230
1.0
 70
     8
 71
     3
 72
    14
 73
    10
 74
     0
 42
0.0000000001
 43
0.0000000001
 40
0.0
 40
0.0
 40
0.0
 40
0.0
 40
1.0
 40
1.0
 40
1.0
 40
2.0
 40
2.0
 40
2.0
 40
3.0
 40
3.0
 40
3.0
 40
3.0
 10
49.53049188354714
 20
359.927777691171
 30
0.0
 10
47.31131461289921
 20
359.927777691171
 30
0.0
 10
45.51231598546555
 20
358.1287605752381
 30
0.0
 10
45.51231598546555
 20
355.9095604978709
 30
0.0
 10
45.51231598546555
 20
353.6903604205031
 30
0.0
 10
47.31131461289921
 20
351.8913433045708
 30
0.0
 10
49.53049188354714
 20
351.8913433045708
 30
0.0
 10
49.53049188356767
 20
351.8913433045708
 30
0.0
 10
49.53049188356767
 20
351.8913433045708
 30
0.0
 10
49.53049188358821
 20
351.8913433045708
 30
0.0
  0
SPLINE
  5
869
330
70
100
AcDbEntity
  8
03_AXES
 62
     7
370
    25
100
AcDbSpline
210
0.0
220
0.0
230
1.0
 70
     8
 71
     3
 72
    14
 73
    10
 74
     0
 42
0.0000000001
 43
0.0000000001
 40
0.0
 40
0.0
 40
0.0
 40
0.0
 40
1.0
 40
1.0
 40
1.0
 40
2.0
 40
2.0
 40
2.0
 40
3.0
 40
3.0
 40
3.0
 40
3.0
 10
32.13049188354716
 20
359.927777691171
 30
0.0
 10
29.91131461289924
 20
359.927777691171
 30
0.0
 10
28.11231598546557
 20
358.1287605752381
 30
0.0
 10
28.11231598546557
 20
355.9095604978709
 30
0.0
 10
28.11231598546557
 20
353.6903604205031
 30
0.0
 10
29.91131461289924
 20
351.8913433045708
 30
0.0
 10
32.13049188354716
 20
351.8913433045708
 30
0.0
 10
32.1304918835677
 20
351.8913433045708
 30
0.0
 10
32.1304918835677
 20
351.8913433045708
 30
0.0
 10
32.13049188358823
 20
351.8913433045708
 30
0.0
  0
LINE
  5
86B
330
70
100
AcDbEntity
  8
10_CHAMFER
 62
     7
370
    25
100
AcDbLine
 10
93.23049188354707
 20
305.5751605871711
 30
0.0
 11
93.23049188354707
 21
307.9004148582708
 31
0.0
  0
LINE
  5
86C
330
70
100
AcDbEntity
  8
10_CHAMFER
 62
     7
370
    25
100
AcDbLine
 10
93.03049327384707
 20
305.4578894139709
 30
0.0
 11
93.23049188354707
 21
305.5751605135708
 31
0.0
  0
LINE
  5
86D
330
70
100
AcDbEntity
  8
10_CHAMFER
 62
     7
370
    25
100
AcDbLine
 10
79.8804918835474
 20
277.427777691171
 30
0.0
 11
79.8804918835474
 21
277.9277776911706
 31
0.0
  0
LINE
  5
86E
330
70
100
AcDbEntity
  8
10_CHAMFER
 62
     7
370
    25
100
AcDbLine
 10
79.8804918835474
 20
364.9277776911706
 30
0.0
 11
79.8804918835474
 21
365.4277776911709
 31
0.0
  0
LINE
  5
86F
330
70
100
AcDbEntity
  8
10_CHAMFER
 62
     7
370
    25
100
AcDbLine
 10
79.58049188354708
 20
277.6009827719708
 30
0.0
 11
79.58049188354708
 21
278.9277776911707
 31
0.0
  0
LINE
  5
870
330
70
100
AcDbEntity
  8
10_CHAMFER
 62
     7
370
    25
100
AcDbLine
 10
79.58049188354708
 20
363.9277776911705
 30
0.0
 11
79.58049188354708
 21
365.2545726104711
 31
0.0
  0
LINE
  5
871
330
70
100
AcDbEntity
  8
10_CHAMFER
 62
     7
370
    25
100
AcDbLine
 10
62.48049188354744
 20
277.427777691171
 30
0.0
 11
62.48049188354744
 21
277.9277776911706
 31
0.0
  0
LINE
  5
872
330
70
100
AcDbEntity
  8
10_CHAMFER
 62
     7
370
    25
100
AcDbLine
 10
62.48049188354744
 20
364.9277776911706
 30
0.0
 11
62.48049188354744
 21
365.4277776911709
 31
0.0
  0
LINE
  5
873
330
70
100
AcDbEntity
  8
10_CHAMFER
 62
     7
370
    25
100
AcDbLine
 10
62.18049188354711
 20
277.6009827719708
 30
0.0
 11
62.18049188354711
 21
278.9277776911707
 31
0.0
  0
LINE
  5
874
330
70
100
AcDbEntity
  8
10_CHAMFER
 62
     7
370
    25
100
AcDbLine
 10
62.18049188354711
 20
363.9277776911705
 30
0.0
 11
62.18049188354711
 21
365.2545726104711
 31
0.0
  0
LINE
  5
875
330
70
100
AcDbEntity
  8
10_CHAMFER
 62
     7
370
    25
100
AcDbLine
 10
79.8804918835474
 20
364.9277776911706
 30
0.0
 11
79.58049188354708
 21
364.6828287169707
 31
0.0
  0
LINE
  5
876
330
70
100
AcDbEntity
  8
10_CHAMFER
 62
     7
370
    25
100
AcDbLine
 10
45.08049188354745
 20
277.427777691171
 30
0.0
 11
45.08049188354745
 21
277.9277776911706
 31
0.0
  0
LINE
  5
877
330
70
100
AcDbEntity
  8
10_CHAMFER
 62
     7
370
    25
100
AcDbLine
 10
45.08049188354745
 20
364.9277776911706
 30
0.0
 11
45.08049188354745
 21
365.4277776911709
 31
0.0
  0
LINE
  5
878
330
70
100
AcDbEntity
  8
10_CHAMFER
 62
     7
370
    25
100
AcDbLine
 10
44.78049188354712
 20
277.6009827719708
 30
0.0
 11
44.78049188354712
 21
278.9277776911707
 31
0.0
  0
LINE
  5
879
330
70
100
AcDbEntity
  8
10_CHAMFER
 62
     7
370
    25
100
AcDbLine
 10
44.78049188354712
 20
363.9277776911705
 30
0.0
 11
44.78049188354712
 21
365.2545726104711
 31
0.0
  0
LINE
  5
87A
330
70
100
AcDbEntity
  8
10_CHAMFER
 62
     7
370
    25
100
AcDbLine
 10
62.48049188354744
 20
364.9277776911706
 30
0.0
 11
62.18049188354711
 21
364.6828287169707
 31
0.0
  0
LINE
  5
87B
330
70
100
AcDbEntity
  8
10_CHAMFER
 62
     7
370
    25
100
AcDbLine
 10
79.8804918835474
 20
365.4277776911709
 30
0.0
 11
79.58049188354708
 21
365.2545726104711
 31
0.0
  0
LINE
  5
87C
330
70
100
AcDbEntity
  8
10_CHAMFER
 62
     7
370
    25
100
AcDbLine
 10
26.6304918835473
 20
319.0074760401707
 30
0.0
 11
27.23049188354731
 21
319.0074760401707
 31
0.0
  0
LINE
  5
87D
330
70
100
AcDbEntity
  8
10_CHAMFER
 62
     7
370
    25
100
AcDbLine
 10
27.68049188354749
 20
277.427777691171
 30
0.0
 11
27.38049188354716
 21
277.6009827719708
 31
0.0
  0
LINE
  5
87E
330
70
100
AcDbEntity
  8
10_CHAMFER
 62
     7
370
    25
100
AcDbLine
 10
45.08049188354745
 20
277.427777691171
 30
0.0
 11
44.78049188354712
 21
277.6009827719708
 31
0.0
  0
LINE
  5
87F
330
70
100
AcDbEntity
  8
10_CHAMFER
 62
     7
370
    25
100
AcDbLine
 10
27.68049188354749
 20
277.427777691171
 30
0.0
 11
27.68049188354749
 21
277.9277776911706
 31
0.0
  0
LINE
  5
880
330
70
100
AcDbEntity
  8
10_CHAMFER
 62
     7
370
    25
100
AcDbLine
 10
27.68049188354749
 20
364.9277776911706
 30
0.0
 11
27.68049188354749
 21
365.4277776911709
 31
0.0
  0
LINE
  5
881
330
70
100
AcDbEntity
  8
10_CHAMFER
 62
     7
370
    25
100
AcDbLine
 10
27.38049188354716
 20
277.6009827719708
 30
0.0
 11
27.38049188354716
 21
278.9277776911707
 31
0.0
  0
LINE
  5
882
330
70
100
AcDbEntity
  8
10_CHAMFER
 62
     7
370
    25
100
AcDbLine
 10
27.38049188354716
 20
363.9277776911705
 30
0.0
 11
27.38049188354716
 21
365.2545726104711
 31
0.0
  0
LINE
  5
883
330
70
100
AcDbEntity
  8
10_CHAMFER
 62
     7
370
    25
100
AcDbLine
 10
45.08049188354745
 20
364.9277776911706
 30
0.0
 11
44.78049188354712
 21
364.6828287169707
 31
0.0
  0
LINE
  5
884
330
70
100
AcDbEntity
  8
10_CHAMFER
 62
     7
370
    25
100
AcDbLine
 10
62.48049188354744
 20
365.4277776911709
 30
0.0
 11
62.18049188354711
 21
365.2545726104711
 31
0.0
  0
LINE
  5
885
330
70
100
AcDbEntity
  8
10_CHAMFER
 62
     7
370
    25
100
AcDbLine
 10
62.48049188354744
 20
277.427777691171
 30
0.0
 11
62.18049188354711
 21
277.6009827719708
 31
0.0
  0
LINE
  5
886
330
70
100
AcDbEntity
  8
10_CHAMFER
 62
     7
370
    25
100
AcDbLine
 10
79.8804918835474
 20
277.427777691171
 30
0.0
 11
79.58049188354708
 21
277.6009827719708
 31
0.0
  0
LINE
  5
887
330
70
100
AcDbEntity
  8
10_CHAMFER
 62
     7
370
    25
100
AcDbLine
 10
27.68049188354749
 20
277.9277776911706
 30
0.0
 11
27.38049188354716
 21
278.1727266654706
 31
0.0
  0
LINE
  5
888
330
70
100
AcDbEntity
  8
10_CHAMFER
 62
     7
370
    25
100
AcDbLine
 10
45.08049188354745
 20
277.9277776911706
 30
0.0
 11
44.78049188354712
 21
278.1727266654706
 31
0.0
  0
LINE
  5
889
330
70
100
AcDbEntity
  8
10_CHAMFER
 62
     7
370
    25
100
AcDbLine
 10
27.68049188354749
 20
364.9277776911706
 30
0.0
 11
27.38049188354716
 21
364.6828287169707
 31
0.0
  0
LINE
  5
88A
330
70
100
AcDbEntity
  8
10_CHAMFER
 62
     7
370
    25
100
AcDbLine
 10
45.08049188354745
 20
365.4277776911709
 30
0.0
 11
44.78049188354712
 21
365.2545726104711
 31
0.0
  0
LINE
  5
88B
330
70
100
AcDbEntity
  8
10_CHAMFER
 62
     7
370
    25
100
AcDbLine
 10
27.68049188354749
 20
365.4277776911709
 30
0.0
 11
27.38049188354716
 21
365.2545726104711
 31
0.0
  0
LINE
  5
88C
330
70
100
AcDbEntity
  8
10_CHAMFER
 62
     7
370
    25
100
AcDbLine
 10
30.35888064664741
 20
352.4262014386711
 30
0.0
 11
30.24640083904751
 21
352.4278480360711
 31
0.0
  0
LINE
  5
88D
330
70
100
AcDbEntity
  8
10_CHAMFER
 62
     7
370
    25
100
AcDbLine
 10
47.75888064664737
 20
352.4262014386711
 30
0.0
 11
47.64640083904748
 21
352.4278480360711
 31
0.0
  0
LINE
  5
88E
330
70
100
AcDbEntity
  8
10_CHAMFER
 62
     7
370
    25
100
AcDbLine
 10
65.15888064664735
 20
352.4262014386711
 30
0.0
 11
65.04640083904745
 21
352.4278480360711
 31
0.0
  0
LINE
  5
88F
330
70
100
AcDbEntity
  8
10_CHAMFER
 62
     7
370
    25
100
AcDbLine
 10
82.55888064664732
 20
352.4262014386711
 30
0.0
 11
82.44640083904743
 21
352.4278480360711
 31
0.0
  0
LINE
  5
890
330
70
100
AcDbEntity
  8
10_CHAMFER
 62
     7
370
    25
100
AcDbLine
 10
62.48049188354744
 20
277.9277776911706
 30
0.0
 11
62.18049188354711
 21
278.1727266654706
 31
0.0
  0
LINE
  5
891
330
70
100
AcDbEntity
  8
10_CHAMFER
 62
     7
370
    25
100
AcDbLine
 10
79.8804918835474
 20
277.9277776911706
 30
0.0
 11
79.58049188354708
 21
278.1727266654706
 31
0.0
  0
LINE
  5
892
330
70
100
AcDbEntity
  8
10_CHAMFER
 62
     7
370
    25
100
AcDbLine
 10
93.23049188354707
 20
307.9004162588707
 30
0.0
 11
93.03049188354707
 21
308.0158862905706
 31
0.0
  0
LINE
  5
894
330
70
100
AcDbEntity
  8
09_ROUNDS
 62
     7
370
    25
100
AcDbLine
 10
91.03049188354701
 20
319.0074760401707
 30
0.0
 11
91.03049188354701
 21
314.8081389807708
 31
0.0
  0
LINE
  5
895
330
70
100
AcDbEntity
  8
09_ROUNDS
 62
     7
370
    25
100
AcDbLine
 10
81.45299970314717
 20
277.9477038099706
 30
0.0
 11
81.44997678094723
 21
278.2476885794708
 31
0.0
  0
LINE
  5
896
330
70
100
AcDbEntity
  8
09_ROUNDS
 62
     7
370
    25
100
AcDbLine
 10
90.48049188354715
 20
278.827777691171
 30
0.0
 11
90.48049188354715
 21
278.9277776911707
 31
0.0
  0
LINE
  5
897
330
70
100
AcDbEntity
  8
09_ROUNDS
 62
     7
370
    25
100
AcDbLine
 10
90.18049188354744
 20
278.827777691171
 30
0.0
 11
90.18049188354744
 21
278.9277776911707
 31
0.0
  0
LINE
  5
898
330
70
100
AcDbEntity
  8
09_ROUNDS
 62
     7
370
    25
100
AcDbLine
 10
89.23049188354694
 20
320.068102681471
 30
0.0
 11
89.23049188354694
 21
320.798699564171
 31
0.0
  0
LINE
  5
899
330
70
100
AcDbEntity
  8
09_ROUNDS
 62
     7
370
    25
100
AcDbLine
 10
85.03049188354742
 20
318.4066540660707
 30
0.0
 11
85.03049188354742
 21
318.362139165271
 31
0.0
  0
LINE
  5
89A
330
70
100
AcDbEntity
  8
09_ROUNDS
 62
     7
370
    25
100
AcDbLine
 10
84.7304918835471
 20
318.362139165271
 30
0.0
 11
84.7304918835471
 21
318.6353754374707
 31
0.0
  0
LINE
  5
89B
330
70
100
AcDbEntity
  8
09_ROUNDS
 62
     7
370
    25
100
AcDbLine
 10
84.33049188354708
 20
352.1777776911709
 30
0.0
 11
84.33049188354708
 21
352.1544837095707
 31
0.0
  0
LINE
  5
89C
330
70
100
AcDbEntity
  8
09_ROUNDS
 62
     7
370
    25
100
AcDbLine
 10
82.33049188354701
 20
325.5735950910711
 30
0.0
 11
82.33049188354701
 21
325.257099224271
 31
0.0
  0
LINE
  5
89D
330
70
100
AcDbEntity
  8
09_ROUNDS
 62
     7
370
    25
100
AcDbLine
 10
82.14299188354736
 20
325.571773111171
 30
0.0
 11
82.14299188354736
 21
325.257099224271
 31
0.0
  0
LINE
  5
89E
330
70
100
AcDbEntity
  8
09_ROUNDS
 62
     7
370
    25
100
AcDbLine
 10
82.03049188354732
 20
325.5706799231709
 30
0.0
 11
82.03049188354732
 21
325.257099224271
 31
0.0
  0
LINE
  5
89F
330
70
100
AcDbEntity
  8
09_ROUNDS
 62
     7
370
    25
100
AcDbLine
 10
81.83049188354731
 20
325.257099224271
 30
0.0
 11
81.83049188354731
 21
325.5687364779705
 31
0.0
  0
LINE
  5
8A0
330
70
100
AcDbEntity
  8
09_ROUNDS
 62
     7
370
    25
100
AcDbLine
 10
81.74997678094692
 20
278.9277776911707
 30
0.0
 11
81.74997678094692
 21
278.2476885794708
 31
0.0
  0
LINE
  5
8A1
330
70
100
AcDbEntity
  8
09_ROUNDS
 62
     7
370
    25
100
AcDbLine
 10
81.44997678094723
 20
278.9277776911707
 30
0.0
 11
81.44997678094723
 21
278.2476885794708
 31
0.0
  0
LINE
  5
8A2
330
70
100
AcDbEntity
  8
09_ROUNDS
 62
     7
370
    25
100
AcDbLine
 10
80.58049188354711
 20
277.7277776911707
 30
0.0
 11
80.58049188354711
 21
278.9277776911707
 31
0.0
  0
LINE
  5
8A3
330
70
100
AcDbEntity
  8
09_ROUNDS
 62
     7
370
    25
100
AcDbLine
 10
80.58049188354711
 20
363.9277776911705
 30
0.0
 11
80.58049188354711
 21
365.1277776911705
 31
0.0
  0
LINE
  5
8A4
330
70
100
AcDbEntity
  8
09_ROUNDS
 62
     7
370
    25
100
AcDbLine
 10
80.28049188354742
 20
277.427777691171
 30
0.0
 11
80.28049188354742
 21
277.9277776911706
 31
0.0
  0
LINE
  5
8A5
330
70
100
AcDbEntity
  8
09_ROUNDS
 62
     7
370
    25
100
AcDbLine
 10
80.28049188354742
 20
364.9277776911706
 30
0.0
 11
80.28049188354742
 21
365.4277776911709
 31
0.0
  0
LINE
  5
8A6
330
70
100
AcDbEntity
  8
09_ROUNDS
 62
     7
370
    25
100
AcDbLine
 10
79.43049188354724
 20
320.068102681471
 30
0.0
 11
79.43049188354724
 21
320.798699564171
 31
0.0
  0
LINE
  5
8A7
330
70
100
AcDbEntity
  8
09_ROUNDS
 62
     7
370
    25
100
AcDbLine
 10
81.45299970314717
 20
277.9477038099706
 30
0.0
 11
80.58049188354711
 21
277.938911619371
 31
0.0
  0
LINE
  5
8A8
330
70
100
AcDbEntity
  8
09_ROUNDS
 62
     7
370
    25
100
AcDbLine
 10
64.05299970314719
 20
277.9477038099706
 30
0.0
 11
63.18049188354714
 21
277.938911619371
 31
0.0
  0
LINE
  5
8A9
330
70
100
AcDbEntity
  8
09_ROUNDS
 62
     7
370
    25
100
AcDbLine
 10
81.44997678094723
 20
278.2476885794708
 30
0.0
 11
80.58049188354711
 21
278.2389268506711
 31
0.0
  0
LINE
  5
8AA
330
70
100
AcDbEntity
  8
09_ROUNDS
 62
     7
370
    25
100
AcDbLine
 10
46.65299970314722
 20
277.9477038099706
 30
0.0
 11
45.78049188354716
 21
277.938911619371
 31
0.0
  0
LINE
  5
8AB
330
70
100
AcDbEntity
  8
09_ROUNDS
 62
     7
370
    25
100
AcDbLine
 10
64.04997678094726
 20
278.2476885794708
 30
0.0
 11
63.18049188354714
 21
278.2389268506711
 31
0.0
  0
LINE
  5
8AC
330
70
100
AcDbEntity
  8
09_ROUNDS
 62
     7
370
    25
100
AcDbLine
 10
29.25299970314725
 20
277.9477038099706
 30
0.0
 11
28.3804918835472
 21
277.938911619371
 31
0.0
  0
LINE
  5
8AD
330
70
100
AcDbEntity
  8
09_ROUNDS
 62
     7
370
    25
100
AcDbLine
 10
46.64997678094729
 20
278.2476885794708
 30
0.0
 11
45.78049188354716
 21
278.2389268506711
 31
0.0
  0
LINE
  5
8AE
330
70
100
AcDbEntity
  8
09_ROUNDS
 62
     7
370
    25
100
AcDbLine
 10
29.24997678094732
 20
278.2476885794708
 30
0.0
 11
28.3804918835472
 21
278.2389268506711
 31
0.0
  0
LINE
  5
8AF
330
70
100
AcDbEntity
  8
09_ROUNDS
 62
     7
370
    25
100
AcDbLine
 10
80.28049188354742
 20
277.427777691171
 30
0.0
 11
79.8804918835474
 21
277.427777691171
 31
0.0
  0
LINE
  5
8B0
330
70
100
AcDbEntity
  8
09_ROUNDS
 62
     7
370
    25
100
AcDbLine
 10
62.88049188354745
 20
277.427777691171
 30
0.0
 11
62.48049188354744
 21
277.427777691171
 31
0.0
  0
LINE
  5
8B1
330
70
100
AcDbEntity
  8
09_ROUNDS
 62
     7
370
    25
100
AcDbLine
 10
45.48049188354748
 20
277.427777691171
 30
0.0
 11
45.08049188354745
 21
277.427777691171
 31
0.0
  0
LINE
  5
8B2
330
70
100
AcDbEntity
  8
09_ROUNDS
 62
     7
370
    25
100
AcDbLine
 10
28.08049188354751
 20
277.427777691171
 30
0.0
 11
27.68049188354749
 21
277.427777691171
 31
0.0
  0
LINE
  5
8B3
330
70
100
AcDbEntity
  8
09_ROUNDS
 62
     7
370
    25
100
AcDbLine
 10
80.28049188354742
 20
277.9277776911706
 30
0.0
 11
79.8804918835474
 21
277.9277776911706
 31
0.0
  0
LINE
  5
8B4
330
70
100
AcDbEntity
  8
09_ROUNDS
 62
     7
370
    25
100
AcDbLine
 10
62.88049188354745
 20
277.9277776911706
 30
0.0
 11
62.48049188354744
 21
277.9277776911706
 31
0.0
  0
LINE
  5
8B5
330
70
100
AcDbEntity
  8
09_ROUNDS
 62
     7
370
    25
100
AcDbLine
 10
45.48049188354748
 20
277.9277776911706
 30
0.0
 11
45.08049188354745
 21
277.9277776911706
 31
0.0
  0
LINE
  5
8B6
330
70
100
AcDbEntity
  8
09_ROUNDS
 62
     7
370
    25
100
AcDbLine
 10
28.08049188354751
 20
277.9277776911706
 30
0.0
 11
27.68049188354749
 21
277.9277776911706
 31
0.0
  0
LINE
  5
8B7
330
70
100
AcDbEntity
  8
09_ROUNDS
 62
     7
370
    25
100
AcDbLine
 10
81.74997678094692
 20
278.2476885794708
 30
0.0
 11
81.44997678094723
 21
278.2476885794708
 31
0.0
  0
LINE
  5
8B8
330
70
100
AcDbEntity
  8
09_ROUNDS
 62
     7
370
    25
100
AcDbLine
 10
64.34997678094695
 20
278.2476885794708
 30
0.0
 11
64.04997678094726
 21
278.2476885794708
 31
0.0
  0
LINE
  5
8B9
330
70
100
AcDbEntity
  8
09_ROUNDS
 62
     7
370
    25
100
AcDbLine
 10
46.94997678094698
 20
278.2476885794708
 30
0.0
 11
46.64997678094729
 21
278.2476885794708
 31
0.0
  0
LINE
  5
8BA
330
70
100
AcDbEntity
  8
09_ROUNDS
 62
     7
370
    25
100
AcDbLine
 10
29.54997678094701
 20
278.2476885794708
 30
0.0
 11
29.24997678094732
 21
278.2476885794708
 31
0.0
  0
LINE
  5
8BB
330
70
100
AcDbEntity
  8
09_ROUNDS
 62
     7
370
    25
100
AcDbLine
 10
90.48049188354715
 20
278.827777691171
 30
0.0
 11
89.08049188354709
 21
278.827777691171
 31
0.0
  0
LINE
  5
8BC
330
70
100
AcDbEntity
  8
09_ROUNDS
 62
     7
370
    25
100
AcDbLine
 10
55.6804918835472
 20
278.827777691171
 30
0.0
 11
54.28049188354714
 21
278.827777691171
 31
0.0
  0
LINE
  5
8BD
330
70
100
AcDbEntity
  8
09_ROUNDS
 62
     7
370
    25
100
AcDbLine
 10
64.05299970314719
 20
277.9477038099706
 30
0.0
 11
64.04997678094726
 21
278.2476885794708
 31
0.0
  0
LINE
  5
8BE
330
70
100
AcDbEntity
  8
09_ROUNDS
 62
     7
370
    25
100
AcDbLine
 10
71.83049188354697
 20
320.068102681471
 30
0.0
 11
71.83049188354697
 21
320.798699564171
 31
0.0
  0
LINE
  5
8BF
330
70
100
AcDbEntity
  8
09_ROUNDS
 62
     7
370
    25
100
AcDbLine
 10
66.9304918835471
 20
352.1777776911709
 30
0.0
 11
66.9304918835471
 21
352.1544837095707
 31
0.0
  0
LINE
  5
8C0
330
70
100
AcDbEntity
  8
09_ROUNDS
 62
     7
370
    25
100
AcDbLine
 10
64.93049188354703
 20
325.5735950910711
 30
0.0
 11
64.93049188354703
 21
325.257099224271
 31
0.0
  0
LINE
  5
8C1
330
70
100
AcDbEntity
  8
09_ROUNDS
 62
     7
370
    25
100
AcDbLine
 10
64.74299188354739
 20
325.571773111171
 30
0.0
 11
64.74299188354739
 21
325.257099224271
 31
0.0
  0
LINE
  5
8C2
330
70
100
AcDbEntity
  8
09_ROUNDS
 62
     7
370
    25
100
AcDbLine
 10
64.63049188354735
 20
325.5706799231709
 30
0.0
 11
64.63049188354735
 21
325.257099224271
 31
0.0
  0
LINE
  5
8C3
330
70
100
AcDbEntity
  8
09_ROUNDS
 62
     7
370
    25
100
AcDbLine
 10
64.34997678094695
 20
278.9277776911707
 30
0.0
 11
64.34997678094695
 21
278.2476885794708
 31
0.0
  0
LINE
  5
8C4
330
70
100
AcDbEntity
  8
09_ROUNDS
 62
     7
370
    25
100
AcDbLine
 10
64.04997678094726
 20
278.9277776911707
 30
0.0
 11
64.04997678094726
 21
278.2476885794708
 31
0.0
  0
LINE
  5
8C5
330
70
100
AcDbEntity
  8
09_ROUNDS
 62
     7
370
    25
100
AcDbLine
 10
63.18049188354714
 20
277.7277776911707
 30
0.0
 11
63.18049188354714
 21
278.9277776911707
 31
0.0
  0
LINE
  5
8C6
330
70
100
AcDbEntity
  8
09_ROUNDS
 62
     7
370
    25
100
AcDbLine
 10
63.18049188354714
 20
363.9277776911705
 30
0.0
 11
63.18049188354714
 21
365.1277776911705
 31
0.0
  0
LINE
  5
8C7
330
70
100
AcDbEntity
  8
09_ROUNDS
 62
     7
370
    25
100
AcDbLine
 10
62.88049188354745
 20
277.427777691171
 30
0.0
 11
62.88049188354745
 21
277.9277776911706
 31
0.0
  0
LINE
  5
8C8
330
70
100
AcDbEntity
  8
09_ROUNDS
 62
     7
370
    25
100
AcDbLine
 10
62.88049188354745
 20
364.9277776911706
 30
0.0
 11
62.88049188354745
 21
365.4277776911709
 31
0.0
  0
LINE
  5
8C9
330
70
100
AcDbEntity
  8
09_ROUNDS
 62
     7
370
    25
100
AcDbLine
 10
62.03049188354725
 20
320.068102681471
 30
0.0
 11
62.03049188354725
 21
320.798699564171
 31
0.0
  0
LINE
  5
8CA
330
70
100
AcDbEntity
  8
09_ROUNDS
 62
     7
370
    25
100
AcDbLine
 10
55.6804918835472
 20
278.827777691171
 30
0.0
 11
55.6804918835472
 21
278.9277776911707
 31
0.0
  0
LINE
  5
8CB
330
70
100
AcDbEntity
  8
09_ROUNDS
 62
     7
370
    25
100
AcDbLine
 10
55.38049188354751
 20
278.827777691171
 30
0.0
 11
55.38049188354751
 21
278.9277776911707
 31
0.0
  0
LINE
  5
8CC
330
70
100
AcDbEntity
  8
09_ROUNDS
 62
     7
370
    25
100
AcDbLine
 10
54.43049188354699
 20
320.068102681471
 30
0.0
 11
54.43049188354699
 21
320.798699564171
 31
0.0
  0
LINE
  5
8CD
330
70
100
AcDbEntity
  8
09_ROUNDS
 62
     7
370
    25
100
AcDbLine
 10
49.53049188354714
 20
352.1777776911709
 30
0.0
 11
49.53049188354714
 21
352.1544837095707
 31
0.0
  0
LINE
  5
8CE
330
70
100
AcDbEntity
  8
09_ROUNDS
 62
     7
370
    25
100
AcDbLine
 10
47.53049188354706
 20
325.5735950910711
 30
0.0
 11
47.53049188354706
 21
325.257099224271
 31
0.0
  0
LINE
  5
8CF
330
70
100
AcDbEntity
  8
09_ROUNDS
 62
     7
370
    25
100
AcDbLine
 10
47.34299188354742
 20
325.571773111171
 30
0.0
 11
47.34299188354742
 21
325.257099224271
 31
0.0
  0
LINE
  5
8D0
330
70
100
AcDbEntity
  8
09_ROUNDS
 62
     7
370
    25
100
AcDbLine
 10
47.23049188354738
 20
325.5706799231709
 30
0.0
 11
47.23049188354738
 21
325.257099224271
 31
0.0
  0
LINE
  5
8D1
330
70
100
AcDbEntity
  8
09_ROUNDS
 62
     7
370
    25
100
AcDbLine
 10
46.94997678094698
 20
278.9277776911707
 30
0.0
 11
46.94997678094698
 21
278.2476885794708
 31
0.0
  0
LINE
  5
8D2
330
70
100
AcDbEntity
  8
09_ROUNDS
 62
     7
370
    25
100
AcDbLine
 10
46.64997678094729
 20
278.9277776911707
 30
0.0
 11
46.64997678094729
 21
278.2476885794708
 31
0.0
  0
LINE
  5
8D3
330
70
100
AcDbEntity
  8
09_ROUNDS
 62
     7
370
    25
100
AcDbLine
 10
46.65299970314722
 20
277.9477038099706
 30
0.0
 11
46.64997678094729
 21
278.2476885794708
 31
0.0
  0
LINE
  5
8D4
330
70
100
AcDbEntity
  8
09_ROUNDS
 62
     7
370
    25
100
AcDbLine
 10
45.78049188354716
 20
277.7277776911707
 30
0.0
 11
45.78049188354716
 21
278.9277776911707
 31
0.0
  0
LINE
  5
8D5
330
70
100
AcDbEntity
  8
09_ROUNDS
 62
     7
370
    25
100
AcDbLine
 10
45.78049188354716
 20
363.9277776911705
 30
0.0
 11
45.78049188354716
 21
365.1277776911705
 31
0.0
  0
LINE
  5
8D6
330
70
100
AcDbEntity
  8
09_ROUNDS
 62
     7
370
    25
100
AcDbLine
 10
45.48049188354748
 20
277.427777691171
 30
0.0
 11
45.48049188354748
 21
277.9277776911706
 31
0.0
  0
LINE
  5
8D7
330
70
100
AcDbEntity
  8
09_ROUNDS
 62
     7
370
    25
100
AcDbLine
 10
45.48049188354748
 20
364.9277776911706
 30
0.0
 11
45.48049188354748
 21
365.4277776911709
 31
0.0
  0
LINE
  5
8D8
330
70
100
AcDbEntity
  8
09_ROUNDS
 62
     7
370
    25
100
AcDbLine
 10
44.63049188354728
 20
320.068102681471
 30
0.0
 11
44.63049188354728
 21
320.798699564171
 31
0.0
  0
LINE
  5
8D9
330
70
100
AcDbEntity
  8
09_ROUNDS
 62
     7
370
    25
100
AcDbLine
 10
37.03049188354702
 20
320.068102681471
 30
0.0
 11
37.03049188354702
 21
320.798699564171
 31
0.0
  0
LINE
  5
8DA
330
70
100
AcDbEntity
  8
09_ROUNDS
 62
     7
370
    25
100
AcDbLine
 10
32.13049188354716
 20
352.1777776911709
 30
0.0
 11
32.13049188354716
 21
352.1544837095707
 31
0.0
  0
LINE
  5
8DB
330
70
100
AcDbEntity
  8
09_ROUNDS
 62
     7
370
    25
100
AcDbLine
 10
79.0804918424472
 20
325.5420194905706
 30
0.0
 11
84.33049188354708
 21
325.5930295434706
 31
0.0
  0
LINE
  5
8DC
330
70
100
AcDbEntity
  8
09_ROUNDS
 62
     7
370
    25
100
AcDbLine
 10
61.68049184244722
 20
325.5420194905706
 30
0.0
 11
66.9304918835471
 21
325.5930295434706
 31
0.0
  0
LINE
  5
8DD
330
70
100
AcDbEntity
  8
09_ROUNDS
 62
     7
370
    25
100
AcDbLine
 10
44.28049184244725
 20
325.5420194905706
 30
0.0
 11
49.53049188354714
 21
325.5930295434706
 31
0.0
  0
LINE
  5
8DE
330
70
100
AcDbEntity
  8
09_ROUNDS
 62
     7
370
    25
100
AcDbLine
 10
26.88049184244728
 20
325.5420194905706
 30
0.0
 11
32.13049188354716
 21
325.5930295434706
 31
0.0
  0
LINE
  5
8DF
330
70
100
AcDbEntity
  8
09_ROUNDS
 62
     7
370
    25
100
AcDbLine
 10
91.03049188354701
 20
317.2636009187706
 30
0.0
 11
90.36696851524711
 21
317.2636009187706
 31
0.0
  0
LINE
  5
8E0
330
70
100
AcDbEntity
  8
09_ROUNDS
 62
     7
370
    25
100
AcDbLine
 10
26.6304918835473
 20
318.6353754374707
 30
0.0
 11
27.63049188354733
 21
318.6353754374707
 31
0.0
  0
LINE
  5
8E1
330
70
100
AcDbEntity
  8
09_ROUNDS
 62
     7
370
    25
100
AcDbLine
 10
29.6304918835474
 20
318.6353754374707
 30
0.0
 11
30.63049188354744
 21
318.6353754374707
 31
0.0
  0
LINE
  5
8E2
330
70
100
AcDbEntity
  8
09_ROUNDS
 62
     7
370
    25
100
AcDbLine
 10
80.63049188354728
 20
318.6353754374707
 30
0.0
 11
81.63049188354731
 21
318.6353754374707
 31
0.0
  0
LINE
  5
8E3
330
70
100
AcDbEntity
  8
09_ROUNDS
 62
     7
370
    25
100
AcDbLine
 10
84.13049188354708
 20
318.6353754374707
 30
0.0
 11
84.7304918835471
 21
318.6353754374707
 31
0.0
  0
LINE
  5
8E4
330
70
100
AcDbEntity
  8
09_ROUNDS
 62
     7
370
    25
100
AcDbLine
 10
85.13049188354711
 20
319.1259920803711
 30
0.0
 11
80.63049188354728
 21
319.1259920803711
 31
0.0
  0
LINE
  5
8E5
330
70
100
AcDbEntity
  8
09_ROUNDS
 62
     7
370
    25
100
AcDbLine
 10
30.63049188354744
 20
319.1259920803711
 30
0.0
 11
27.23049188354731
 21
319.1259920803711
 31
0.0
  0
LINE
  5
8E6
330
70
100
AcDbEntity
  8
09_ROUNDS
 62
     7
370
    25
100
AcDbLine
 10
85.13049188354711
 20
319.2114395582709
 30
0.0
 11
80.63049188354728
 21
319.2114395582709
 31
0.0
  0
LINE
  5
8E7
330
70
100
AcDbEntity
  8
09_ROUNDS
 62
     7
370
    25
100
AcDbLine
 10
30.63049188354744
 20
319.2114395582709
 30
0.0
 11
27.23049188354731
 21
319.2114395582709
 31
0.0
  0
LINE
  5
8E8
330
70
100
AcDbEntity
  8
09_ROUNDS
 62
     7
370
    25
100
AcDbLine
 10
89.23049188354694
 20
320.1188296359705
 30
0.0
 11
79.43049188354724
 21
320.1188296359705
 31
0.0
  0
LINE
  5
8E9
330
70
100
AcDbEntity
  8
09_ROUNDS
 62
     7
370
    25
100
AcDbLine
 10
71.83049188354697
 20
320.1188296359705
 30
0.0
 11
62.03049188354725
 21
320.1188296359705
 31
0.0
  0
LINE
  5
8EA
330
70
100
AcDbEntity
  8
09_ROUNDS
 62
     7
370
    25
100
AcDbLine
 10
54.43049188354699
 20
320.1188296359705
 30
0.0
 11
44.63049188354728
 21
320.1188296359705
 31
0.0
  0
LINE
  5
8EB
330
70
100
AcDbEntity
  8
09_ROUNDS
 62
     7
370
    25
100
AcDbLine
 10
37.03049188354702
 20
320.1188296359705
 30
0.0
 11
27.23049188354731
 21
320.1188296359705
 31
0.0
  0
LINE
  5
8EC
330
70
100
AcDbEntity
  8
09_ROUNDS
 62
     7
370
    25
100
AcDbLine
 10
89.23049188354694
 20
320.3341154929711
 30
0.0
 11
79.43049188354724
 21
320.3341154929711
 31
0.0
  0
LINE
  5
8ED
330
70
100
AcDbEntity
  8
09_ROUNDS
 62
     7
370
    25
100
AcDbLine
 10
71.83049188354697
 20
320.3341154929711
 30
0.0
 11
62.03049188354725
 21
320.3341154929711
 31
0.0
  0
LINE
  5
8EE
330
70
100
AcDbEntity
  8
09_ROUNDS
 62
     7
370
    25
100
AcDbLine
 10
54.43049188354699
 20
320.3341154929711
 30
0.0
 11
44.63049188354728
 21
320.3341154929711
 31
0.0
  0
LINE
  5
8EF
330
70
100
AcDbEntity
  8
09_ROUNDS
 62
     7
370
    25
100
AcDbLine
 10
37.03049188354702
 20
320.3341154929711
 30
0.0
 11
27.23049188354731
 21
320.3341154929711
 31
0.0
  0
LINE
  5
8F0
330
70
100
AcDbEntity
  8
09_ROUNDS
 62
     7
370
    25
100
AcDbLine
 10
89.23049188354694
 20
320.798699564171
 30
0.0
 11
79.43049188354724
 21
320.798699564171
 31
0.0
  0
LINE
  5
8F1
330
70
100
AcDbEntity
  8
09_ROUNDS
 62
     7
370
    25
100
AcDbLine
 10
71.83049188354697
 20
320.798699564171
 30
0.0
 11
62.03049188354725
 21
320.798699564171
 31
0.0
  0
LINE
  5
8F2
330
70
100
AcDbEntity
  8
09_ROUNDS
 62
     7
370
    25
100
AcDbLine
 10
54.43049188354699
 20
320.798699564171
 30
0.0
 11
44.63049188354728
 21
320.798699564171
 31
0.0
  0
LINE
  5
8F3
330
70
100
AcDbEntity
  8
09_ROUNDS
 62
     7
370
    25
100
AcDbLine
 10
37.03049188354702
 20
320.798699564171
 30
0.0
 11
27.23049188354731
 21
320.798699564171
 31
0.0
  0
LINE
  5
8F4
330
70
100
AcDbEntity
  8
09_ROUNDS
 62
     7
370
    25
100
AcDbLine
 10
81.83049188354731
 20
325.3038497258709
 30
0.0
 11
81.13049188354697
 21
325.3038497258709
 31
0.0
  0
LINE
  5
8F5
330
70
100
AcDbEntity
  8
09_ROUNDS
 62
     7
370
    25
100
AcDbLine
 10
64.63049188354735
 20
325.3038497258709
 30
0.0
 11
63.73049188354699
 21
325.3038497258709
 31
0.0
  0
LINE
  5
8F6
330
70
100
AcDbEntity
  8
09_ROUNDS
 62
     7
370
    25
100
AcDbLine
 10
47.23049188354738
 20
325.3038497258709
 30
0.0
 11
46.33049188354703
 21
325.3038497258709
 31
0.0
  0
LINE
  5
8F7
330
70
100
AcDbEntity
  8
09_ROUNDS
 62
     7
370
    25
100
AcDbLine
 10
37.38049188414751
 20
325.5238673926708
 30
0.0
 11
35.43049188354697
 21
325.5428010870708
 31
0.0
  0
LINE
  5
8F8
330
70
100
AcDbEntity
  8
09_ROUNDS
 62
     7
370
    25
100
AcDbLine
 10
54.78049188414747
 20
325.5238673926708
 30
0.0
 11
52.83049188354757
 21
325.5428010870708
 31
0.0
  0
LINE
  5
8F9
330
70
100
AcDbEntity
  8
09_ROUNDS
 62
     7
370
    25
100
AcDbLine
 10
72.18049188414744
 20
325.5238673926708
 30
0.0
 11
70.23049188354754
 21
325.5428010870708
 31
0.0
  0
LINE
  5
8FA
330
70
100
AcDbEntity
  8
09_ROUNDS
 62
     7
370
    25
100
AcDbLine
 10
89.58049188414742
 20
325.5238673926708
 30
0.0
 11
87.63049188354752
 21
325.5428010870708
 31
0.0
  0
LINE
  5
8FB
330
70
100
AcDbEntity
  8
09_ROUNDS
 62
     7
370
    25
100
AcDbLine
 10
29.25299970314725
 20
277.9477038099706
 30
0.0
 11
29.24997678094732
 21
278.2476885794708
 31
0.0
  0
LINE
  5
8FC
330
70
100
AcDbEntity
  8
09_ROUNDS
 62
     7
370
    25
100
AcDbLine
 10
30.1304918835471
 20
325.5735950910711
 30
0.0
 11
30.1304918835471
 21
325.257099224271
 31
0.0
  0
LINE
  5
8FD
330
70
100
AcDbEntity
  8
09_ROUNDS
 62
     7
370
    25
100
AcDbLine
 10
29.94299188354745
 20
325.571773111171
 30
0.0
 11
29.94299188354745
 21
325.257099224271
 31
0.0
  0
LINE
  5
8FE
330
70
100
AcDbEntity
  8
09_ROUNDS
 62
     7
370
    25
100
AcDbLine
 10
29.83049188354741
 20
325.5706799231709
 30
0.0
 11
29.83049188354741
 21
325.257099224271
 31
0.0
  0
LINE
  5
8FF
330
70
100
AcDbEntity
  8
09_ROUNDS
 62
     7
370
    25
100
AcDbLine
 10
29.54997678094701
 20
278.9277776911707
 30
0.0
 11
29.54997678094701
 21
278.2476885794708
 31
0.0
  0
LINE
  5
900
330
70
100
AcDbEntity
  8
09_ROUNDS
 62
     7
370
    25
100
AcDbLine
 10
29.24997678094732
 20
278.9277776911707
 30
0.0
 11
29.24997678094732
 21
278.2476885794708
 31
0.0
  0
LINE
  5
901
330
70
100
AcDbEntity
  8
09_ROUNDS
 62
     7
370
    25
100
AcDbLine
 10
29.13049188354706
 20
325.5638778648707
 30
0.0
 11
29.13049188354706
 21
325.257099224271
 31
0.0
  0
LINE
  5
902
330
70
100
AcDbEntity
  8
09_ROUNDS
 62
     7
370
    25
100
AcDbLine
 10
28.3804918835472
 20
277.7277776911707
 30
0.0
 11
28.3804918835472
 21
278.9277776911707
 31
0.0
  0
LINE
  5
903
330
70
100
AcDbEntity
  8
09_ROUNDS
 62
     7
370
    25
100
AcDbLine
 10
28.3804918835472
 20
363.9277776911705
 30
0.0
 11
28.3804918835472
 21
365.1277776911705
 31
0.0
  0
LINE
  5
904
330
70
100
AcDbEntity
  8
09_ROUNDS
 62
     7
370
    25
100
AcDbLine
 10
28.08049188354751
 20
277.427777691171
 30
0.0
 11
28.08049188354751
 21
277.9277776911706
 31
0.0
  0
LINE
  5
905
330
70
100
AcDbEntity
  8
09_ROUNDS
 62
     7
370
    25
100
AcDbLine
 10
28.08049188354751
 20
364.9277776911706
 30
0.0
 11
28.08049188354751
 21
365.4277776911709
 31
0.0
  0
LINE
  5
906
330
70
100
AcDbEntity
  8
09_ROUNDS
 62
     7
370
    25
100
AcDbLine
 10
27.23049188354731
 20
319.0074760401707
 30
0.0
 11
27.23049188354731
 21
319.2114284022709
 31
0.0
  0
LINE
  5
907
330
70
100
AcDbEntity
  8
09_ROUNDS
 62
     7
370
    25
100
AcDbLine
 10
27.23049188354731
 20
320.068102681471
 30
0.0
 11
27.23049188354731
 21
320.798699564171
 31
0.0
  0
LINE
  5
908
330
70
100
AcDbEntity
  8
09_ROUNDS
 62
     7
370
    25
100
AcDbLine
 10
84.33049188354708
 20
359.8604818760708
 30
0.0
 11
83.98180199944707
 21
359.8543954715706
 31
0.0
  0
LINE
  5
909
330
70
100
AcDbEntity
  8
09_ROUNDS
 62
     7
370
    25
100
AcDbLine
 10
66.9304918835471
 20
359.8604818760708
 30
0.0
 11
66.58180199944709
 21
359.8543954715706
 31
0.0
  0
LINE
  5
90A
330
70
100
AcDbEntity
  8
09_ROUNDS
 62
     7
370
    25
100
AcDbLine
 10
49.53049188354714
 20
359.8604818760708
 30
0.0
 11
49.18180199944712
 21
359.8543954715706
 31
0.0
  0
LINE
  5
90B
330
70
100
AcDbEntity
  8
09_ROUNDS
 62
     7
370
    25
100
AcDbLine
 10
32.13049188354716
 20
359.8604818760708
 30
0.0
 11
31.78180199944715
 21
359.8543954715706
 31
0.0
  0
LINE
  5
90C
330
70
100
AcDbEntity
  8
09_ROUNDS
 62
     7
370
    25
100
AcDbLine
 10
32.13049188354716
 20
351.9747419378707
 30
0.0
 11
32.04110133624702
 21
351.976404118271
 31
0.0
  0
LINE
  5
90D
330
70
100
AcDbEntity
  8
09_ROUNDS
 62
     7
370
    25
100
AcDbLine
 10
49.53049188354714
 20
351.9747419378707
 30
0.0
 11
49.44110133624699
 21
351.976404118271
 31
0.0
  0
LINE
  5
90E
330
70
100
AcDbEntity
  8
09_ROUNDS
 62
     7
370
    25
100
AcDbLine
 10
66.9304918835471
 20
351.9747419378707
 30
0.0
 11
66.84110133624696
 21
351.976404118271
 31
0.0
  0
LINE
  5
90F
330
70
100
AcDbEntity
  8
09_ROUNDS
 62
     7
370
    25
100
AcDbLine
 10
84.33049188354708
 20
351.9747419378707
 30
0.0
 11
84.24110133624694
 21
351.976404118271
 31
0.0
  0
LINE
  5
910
330
70
100
AcDbEntity
  8
09_ROUNDS
 62
     7
370
    25
100
AcDbLine
 10
30.84121191574734
 20
352.1983633184707
 30
0.0
 11
30.77164079324731
 21
352.2007083216707
 31
0.0
  0
LINE
  5
911
330
70
100
AcDbEntity
  8
09_ROUNDS
 62
     7
370
    25
100
AcDbLine
 10
48.24121191574731
 20
352.1983633184707
 30
0.0
 11
48.17164079324729
 21
352.2007083216707
 31
0.0
  0
LINE
  5
912
330
70
100
AcDbEntity
  8
09_ROUNDS
 62
     7
370
    25
100
AcDbLine
 10
65.64121191574727
 20
352.1983633184707
 30
0.0
 11
65.57164079324725
 21
352.2007083216707
 31
0.0
  0
LINE
  5
913
330
70
100
AcDbEntity
  8
09_ROUNDS
 62
     7
370
    25
100
AcDbLine
 10
83.04121191574726
 20
352.1983633184707
 30
0.0
 11
82.97164079324723
 21
352.2007083216707
 31
0.0
  0
LINE
  5
914
330
70
100
AcDbEntity
  8
09_ROUNDS
 62
     7
370
    25
100
AcDbLine
 10
32.04110133624702
 20
351.976404118271
 30
0.0
 11
31.93273726894747
 21
351.9813143860708
 31
0.0
  0
LINE
  5
915
330
70
100
AcDbEntity
  8
09_ROUNDS
 62
     7
370
    25
100
AcDbLine
 10
49.44110133624699
 20
351.976404118271
 30
0.0
 11
49.33273726894743
 21
351.9813143860708
 31
0.0
  0
LINE
  5
916
330
70
100
AcDbEntity
  8
09_ROUNDS
 62
     7
370
    25
100
AcDbLine
 10
66.84110133624696
 20
351.976404118271
 30
0.0
 11
66.7327372689474
 21
351.9813143860708
 31
0.0
  0
LINE
  5
917
330
70
100
AcDbEntity
  8
09_ROUNDS
 62
     7
370
    25
100
AcDbLine
 10
84.24110133624694
 20
351.976404118271
 30
0.0
 11
84.13273726894738
 21
351.9813143860708
 31
0.0
  0
LINE
  5
918
330
70
100
AcDbEntity
  8
09_ROUNDS
 62
     7
370
    25
100
AcDbLine
 10
31.93273726894747
 20
351.9813143860708
 30
0.0
 11
31.82778513904735
 21
351.989113692071
 31
0.0
  0
LINE
  5
919
330
70
100
AcDbEntity
  8
09_ROUNDS
 62
     7
370
    25
100
AcDbLine
 10
49.33273726894743
 20
351.9813143860708
 30
0.0
 11
49.22778513904732
 21
351.989113692071
 31
0.0
  0
LINE
  5
91A
330
70
100
AcDbEntity
  8
09_ROUNDS
 62
     7
370
    25
100
AcDbLine
 10
66.7327372689474
 20
351.9813143860708
 30
0.0
 11
66.62778513904729
 21
351.989113692071
 31
0.0
  0
LINE
  5
91B
330
70
100
AcDbEntity
  8
09_ROUNDS
 62
     7
370
    25
100
AcDbLine
 10
31.82778513904735
 20
351.989113692071
 30
0.0
 11
31.72626324444719
 21
351.9995312437706
 31
0.0
  0
LINE
  5
91C
330
70
100
AcDbEntity
  8
09_ROUNDS
 62
     7
370
    25
100
AcDbLine
 10
27.68049188354749
 20
364.9277776911706
 30
0.0
 11
28.08049188354751
 21
364.9277776911706
 31
0.0
  0
LINE
  5
91D
330
70
100
AcDbEntity
  8
09_ROUNDS
 62
     7
370
    25
100
AcDbLine
 10
45.08049188354745
 20
364.9277776911706
 30
0.0
 11
45.48049188354748
 21
364.9277776911706
 31
0.0
  0
LINE
  5
91E
330
70
100
AcDbEntity
  8
09_ROUNDS
 62
     7
370
    25
100
AcDbLine
 10
62.48049188354744
 20
364.9277776911706
 30
0.0
 11
62.88049188354745
 21
364.9277776911706
 31
0.0
  0
LINE
  5
91F
330
70
100
AcDbEntity
  8
09_ROUNDS
 62
     7
370
    25
100
AcDbLine
 10
79.8804918835474
 20
364.9277776911706
 30
0.0
 11
80.28049188354742
 21
364.9277776911706
 31
0.0
  0
LINE
  5
920
330
70
100
AcDbEntity
  8
09_ROUNDS
 62
     7
370
    25
100
AcDbLine
 10
84.33049188354708
 20
365.1277776911705
 30
0.0
 11
80.58049188354711
 21
365.1277776911705
 31
0.0
  0
LINE
  5
921
330
70
100
AcDbEntity
  8
09_ROUNDS
 62
     7
370
    25
100
AcDbLine
 10
66.9304918835471
 20
365.1277776911705
 30
0.0
 11
63.18049188354714
 21
365.1277776911705
 31
0.0
  0
LINE
  5
922
330
70
100
AcDbEntity
  8
09_ROUNDS
 62
     7
370
    25
100
AcDbLine
 10
49.53049188354714
 20
365.1277776911705
 30
0.0
 11
45.78049188354716
 21
365.1277776911705
 31
0.0
  0
LINE
  5
923
330
70
100
AcDbEntity
  8
09_ROUNDS
 62
     7
370
    25
100
AcDbLine
 10
32.13049188354716
 20
365.1277776911705
 30
0.0
 11
28.3804918835472
 21
365.1277776911705
 31
0.0
  0
LINE
  5
924
330
70
100
AcDbEntity
  8
09_ROUNDS
 62
     7
370
    25
100
AcDbLine
 10
84.33049188354708
 20
365.4277776911709
 30
0.0
 11
79.8804918835474
 21
365.4277776911709
 31
0.0
  0
LINE
  5
925
330
70
100
AcDbEntity
  8
09_ROUNDS
 62
     7
370
    25
100
AcDbLine
 10
66.9304918835471
 20
365.4277776911709
 30
0.0
 11
62.48049188354744
 21
365.4277776911709
 31
0.0
  0
LINE
  5
926
330
70
100
AcDbEntity
  8
09_ROUNDS
 62
     7
370
    25
100
AcDbLine
 10
49.53049188354714
 20
365.4277776911709
 30
0.0
 11
45.08049188354745
 21
365.4277776911709
 31
0.0
  0
LINE
  5
927
330
70
100
AcDbEntity
  8
09_ROUNDS
 62
     7
370
    25
100
AcDbLine
 10
32.13049188354716
 20
365.4277776911709
 30
0.0
 11
27.68049188354749
 21
365.4277776911709
 31
0.0
  0
LINE
  5
928
330
70
100
AcDbEntity
  8
09_ROUNDS
 62
     7
370
    25
100
AcDbLine
 10
84.13273726894738
 20
351.9813143860708
 30
0.0
 11
84.02778513904726
 21
351.989113692071
 31
0.0
  0
LINE
  5
929
330
70
100
AcDbEntity
  8
09_ROUNDS
 62
     7
370
    25
100
AcDbLine
 10
49.22778513904732
 20
351.989113692071
 30
0.0
 11
49.12626324444715
 21
351.9995312437706
 31
0.0
  0
LINE
  5
92A
330
70
100
AcDbEntity
  8
09_ROUNDS
 62
     7
370
    25
100
AcDbLine
 10
66.62778513904729
 20
351.989113692071
 30
0.0
 11
66.52626324444714
 21
351.9995312437706
 31
0.0
  0
LINE
  5
92B
330
70
100
AcDbEntity
  8
09_ROUNDS
 62
     7
370
    25
100
AcDbLine
 10
84.02778513904726
 20
351.989113692071
 30
0.0
 11
83.92626324444711
 21
351.9995312437706
 31
0.0
  0
LINE
  5
92C
330
70
100
AcDbEntity
  8
09_ROUNDS
 62
     7
370
    25
100
AcDbLine
 10
31.72626324444719
 20
351.9995312437706
 30
0.0
 11
31.62817178584735
 21
352.0123146850711
 31
0.0
  0
LINE
  5
92D
330
70
100
AcDbEntity
  8
09_ROUNDS
 62
     7
370
    25
100
AcDbLine
 10
49.12626324444715
 20
351.9995312437706
 30
0.0
 11
49.02817178584732
 21
352.0123146850711
 31
0.0
  0
LINE
  5
92E
330
70
100
AcDbEntity
  8
09_ROUNDS
 62
     7
370
    25
100
AcDbLine
 10
66.52626324444714
 20
351.9995312437706
 30
0.0
 11
66.4281717858473
 21
352.0123146850711
 31
0.0
  0
LINE
  5
92F
330
70
100
AcDbEntity
  8
09_ROUNDS
 62
     7
370
    25
100
AcDbLine
 10
83.92626324444711
 20
351.9995312437706
 30
0.0
 11
83.82817178584728
 21
352.0123146850711
 31
0.0
  0
LINE
  5
930
330
70
100
AcDbEntity
  8
09_ROUNDS
 62
     7
370
    25
100
AcDbLine
 10
31.62817178584735
 20
352.0123146850711
 30
0.0
 11
31.53350043034744
 21
352.0272194378707
 31
0.0
  0
LINE
  5
931
330
70
100
AcDbEntity
  8
09_ROUNDS
 62
     7
370
    25
100
AcDbLine
 10
49.02817178584732
 20
352.0123146850711
 30
0.0
 11
48.93350043034741
 21
352.0272194378707
 31
0.0
  0
LINE
  5
932
330
70
100
AcDbEntity
  8
09_ROUNDS
 62
     7
370
    25
100
AcDbLine
 10
66.4281717858473
 20
352.0123146850711
 30
0.0
 11
66.33350043034738
 21
352.0272194378707
 31
0.0
  0
LINE
  5
933
330
70
100
AcDbEntity
  8
09_ROUNDS
 62
     7
370
    25
100
AcDbLine
 10
83.82817178584728
 20
352.0123146850711
 30
0.0
 11
83.73350043034736
 21
352.0272194378707
 31
0.0
  0
LINE
  5
934
330
70
100
AcDbEntity
  8
09_ROUNDS
 62
     7
370
    25
100
AcDbLine
 10
31.53350043034744
 20
352.0272194378707
 30
0.0
 11
31.44222850004745
 21
352.044019984471
 31
0.0
  0
LINE
  5
935
330
70
100
AcDbEntity
  8
09_ROUNDS
 62
     7
370
    25
100
AcDbLine
 10
48.93350043034741
 20
352.0272194378707
 30
0.0
 11
48.84222850004743
 21
352.044019984471
 31
0.0
  0
LINE
  5
936
330
70
100
AcDbEntity
  8
09_ROUNDS
 62
     7
370
    25
100
AcDbLine
 10
66.33350043034738
 20
352.0272194378707
 30
0.0
 11
66.24222850004739
 21
352.044019984471
 31
0.0
  0
LINE
  5
937
330
70
100
AcDbEntity
  8
09_ROUNDS
 62
     7
370
    25
100
AcDbLine
 10
83.73350043034736
 20
352.0272194378707
 30
0.0
 11
83.64222850004736
 21
352.044019984471
 31
0.0
  0
LINE
  5
938
330
70
100
AcDbEntity
  8
09_ROUNDS
 62
     7
370
    25
100
AcDbLine
 10
31.44222850004745
 20
352.044019984471
 30
0.0
 11
31.35432880374693
 21
352.0624965892709
 31
0.0
  0
LINE
  5
939
330
70
100
AcDbEntity
  8
09_ROUNDS
 62
     7
370
    25
100
AcDbLine
 10
48.84222850004743
 20
352.044019984471
 30
0.0
 11
48.75432880374755
 21
352.0624965892709
 31
0.0
  0
LINE
  5
93A
330
70
100
AcDbEntity
  8
09_ROUNDS
 62
     7
370
    25
100
AcDbLine
 10
66.24222850004739
 20
352.044019984471
 30
0.0
 11
66.15432880374751
 21
352.0624965892709
 31
0.0
  0
LINE
  5
93B
330
70
100
AcDbEntity
  8
09_ROUNDS
 62
     7
370
    25
100
AcDbLine
 10
31.35432880374693
 20
352.0624965892709
 30
0.0
 11
31.26976603714695
 21
352.0824478492707
 31
0.0
  0
LINE
  5
93C
330
70
100
AcDbEntity
  8
09_ROUNDS
 62
     7
370
    25
100
AcDbLine
 10
48.75432880374755
 20
352.0624965892709
 30
0.0
 11
48.66976603714691
 21
352.0824478492707
 31
0.0
  0
LINE
  5
93D
330
70
100
AcDbEntity
  8
09_ROUNDS
 62
     7
370
    25
100
AcDbLine
 10
66.15432880374751
 20
352.0624965892709
 30
0.0
 11
66.06976603714753
 21
352.0824478492707
 31
0.0
  0
LINE
  5
93E
330
70
100
AcDbEntity
  8
09_ROUNDS
 62
     7
370
    25
100
AcDbLine
 10
31.26976603714695
 20
352.0824478492707
 30
0.0
 11
31.18849704994701
 21
352.103679200071
 31
0.0
  0
LINE
  5
93F
330
70
100
AcDbEntity
  8
09_ROUNDS
 62
     7
370
    25
100
AcDbLine
 10
48.66976603714691
 20
352.0824478492707
 30
0.0
 11
48.58849704994698
 21
352.103679200071
 31
0.0
  0
LINE
  5
940
330
70
100
AcDbEntity
  8
09_ROUNDS
 62
     7
370
    25
100
AcDbLine
 10
31.18849704994701
 20
352.103679200071
 30
0.0
 11
31.11047808754712
 21
352.1260098693708
 31
0.0
  0
LINE
  5
941
330
70
100
AcDbEntity
  8
09_ROUNDS
 62
     7
370
    25
100
AcDbLine
 10
48.58849704994698
 20
352.103679200071
 30
0.0
 11
48.51047808754709
 21
352.1260098693708
 31
0.0
  0
LINE
  5
942
330
70
100
AcDbEntity
  8
09_ROUNDS
 62
     7
370
    25
100
AcDbLine
 10
31.11047808754712
 20
352.1260098693708
 30
0.0
 11
31.03565668044736
 21
352.1492692872709
 31
0.0
  0
LINE
  5
943
330
70
100
AcDbEntity
  8
09_ROUNDS
 62
     7
370
    25
100
AcDbLine
 10
31.03565668044736
 20
352.1492692872709
 30
0.0
 11
30.96399879354736
 21
352.1732891522708
 31
0.0
  0
LINE
  5
944
330
70
100
AcDbEntity
  8
09_ROUNDS
 62
     7
370
    25
100
AcDbLine
 10
30.96399879354736
 20
352.1732891522708
 30
0.0
 11
30.89546358984729
 21
352.1979135603706
 31
0.0
  0
LINE
  5
945
330
70
100
AcDbEntity
  8
09_ROUNDS
 62
     7
370
    25
100
AcDbLine
 10
30.89546358984729
 20
352.1979135603706
 30
0.0
 11
30.83001561494711
 21
352.2229867379709
 31
0.0
  0
LINE
  5
946
330
70
100
AcDbEntity
  8
09_ROUNDS
 62
     7
370
    25
100
AcDbLine
 10
83.64222850004736
 20
352.044019984471
 30
0.0
 11
83.55432880374749
 21
352.0624965892709
 31
0.0
  0
LINE
  5
947
330
70
100
AcDbEntity
  8
09_ROUNDS
 62
     7
370
    25
100
AcDbLine
 10
83.55432880374749
 20
352.0624965892709
 30
0.0
 11
83.4697660371475
 21
352.0824478492707
 31
0.0
  0
LINE
  5
948
330
70
100
AcDbEntity
  8
09_ROUNDS
 62
     7
370
    25
100
AcDbLine
 10
66.06976603714753
 20
352.0824478492707
 30
0.0
 11
65.98849704994695
 21
352.103679200071
 31
0.0
  0
LINE
  5
949
330
70
100
AcDbEntity
  8
09_ROUNDS
 62
     7
370
    25
100
AcDbLine
 10
83.4697660371475
 20
352.0824478492707
 30
0.0
 11
83.38849704994693
 21
352.103679200071
 31
0.0
  0
LINE
  5
94A
330
70
100
AcDbEntity
  8
09_ROUNDS
 62
     7
370
    25
100
AcDbLine
 10
65.98849704994695
 20
352.103679200071
 30
0.0
 11
65.91047808754706
 21
352.1260098693708
 31
0.0
  0
LINE
  5
94B
330
70
100
AcDbEntity
  8
09_ROUNDS
 62
     7
370
    25
100
AcDbLine
 10
83.38849704994693
 20
352.103679200071
 30
0.0
 11
83.31047808754703
 21
352.1260098693708
 31
0.0
  0
LINE
  5
94C
330
70
100
AcDbEntity
  8
09_ROUNDS
 62
     7
370
    25
100
AcDbLine
 10
48.51047808754709
 20
352.1260098693708
 30
0.0
 11
48.43565668044734
 21
352.1492692872709
 31
0.0
  0
LINE
  5
94D
330
70
100
AcDbEntity
  8
09_ROUNDS
 62
     7
370
    25
100
AcDbLine
 10
65.91047808754706
 20
352.1260098693708
 30
0.0
 11
65.83565668044731
 21
352.1492692872709
 31
0.0
  0
LINE
  5
94E
330
70
100
AcDbEntity
  8
09_ROUNDS
 62
     7
370
    25
100
AcDbLine
 10
83.31047808754703
 20
352.1260098693708
 30
0.0
 11
83.23565668044727
 21
352.1492692872709
 31
0.0
  0
LINE
  5
94F
330
70
100
AcDbEntity
  8
09_ROUNDS
 62
     7
370
    25
100
AcDbLine
 10
48.43565668044734
 20
352.1492692872709
 30
0.0
 11
48.36399879354733
 21
352.1732891522708
 31
0.0
  0
LINE
  5
950
330
70
100
AcDbEntity
  8
09_ROUNDS
 62
     7
370
    25
100
AcDbLine
 10
65.83565668044731
 20
352.1492692872709
 30
0.0
 11
65.7639987935473
 21
352.1732891522708
 31
0.0
  0
LINE
  5
951
330
70
100
AcDbEntity
  8
09_ROUNDS
 62
     7
370
    25
100
AcDbLine
 10
83.23565668044727
 20
352.1492692872709
 30
0.0
 11
83.16399879354728
 21
352.1732891522708
 31
0.0
  0
LINE
  5
952
330
70
100
AcDbEntity
  8
09_ROUNDS
 62
     7
370
    25
100
AcDbLine
 10
48.36399879354733
 20
352.1732891522708
 30
0.0
 11
48.29546358984726
 21
352.1979135603706
 31
0.0
  0
LINE
  5
953
330
70
100
AcDbEntity
  8
09_ROUNDS
 62
     7
370
    25
100
AcDbLine
 10
65.7639987935473
 20
352.1732891522708
 30
0.0
 11
65.69546358984723
 21
352.1979135603706
 31
0.0
  0
LINE
  5
954
330
70
100
AcDbEntity
  8
09_ROUNDS
 62
     7
370
    25
100
AcDbLine
 10
48.29546358984726
 20
352.1979135603706
 30
0.0
 11
48.23001561494709
 21
352.2229867379709
 31
0.0
  0
LINE
  5
955
330
70
100
AcDbEntity
  8
09_ROUNDS
 62
     7
370
    25
100
AcDbLine
 10
65.69546358984723
 20
352.1979135603706
 30
0.0
 11
65.63001561494705
 21
352.2229867379709
 31
0.0
  0
LINE
  5
956
330
70
100
AcDbEntity
  8
09_ROUNDS
 62
     7
370
    25
100
AcDbLine
 10
30.83001561494711
 20
352.2229867379709
 30
0.0
 11
30.76761278684754
 21
352.2483679373711
 31
0.0
  0
LINE
  5
957
330
70
100
AcDbEntity
  8
09_ROUNDS
 62
     7
370
    25
100
AcDbLine
 10
48.23001561494709
 20
352.2229867379709
 30
0.0
 11
48.16761278684751
 21
352.2483679373711
 31
0.0
  0
LINE
  5
958
330
70
100
AcDbEntity
  8
09_ROUNDS
 62
     7
370
    25
100
AcDbLine
 10
65.63001561494705
 20
352.2229867379709
 30
0.0
 11
65.56761278684749
 21
352.2483679373711
 31
0.0
  0
LINE
  5
959
330
70
100
AcDbEntity
  8
09_ROUNDS
 62
     7
370
    25
100
AcDbLine
 10
30.76761278684754
 20
352.2483679373711
 30
0.0
 11
30.70821048974739
 21
352.2739178601706
 31
0.0
  0
LINE
  5
95A
330
70
100
AcDbEntity
  8
09_ROUNDS
 62
     7
370
    25
100
AcDbLine
 10
48.16761278684751
 20
352.2483679373711
 30
0.0
 11
48.10821048974736
 21
352.2739178601706
 31
0.0
  0
LINE
  5
95B
330
70
100
AcDbEntity
  8
09_ROUNDS
 62
     7
370
    25
100
AcDbLine
 10
30.70821048974739
 20
352.2739178601706
 30
0.0
 11
30.65177039944722
 21
352.2995060546708
 31
0.0
  0
LINE
  5
95C
330
70
100
AcDbEntity
  8
09_ROUNDS
 62
     7
370
    25
100
AcDbLine
 10
48.10821048974736
 20
352.2739178601706
 30
0.0
 11
48.0517703994472
 21
352.2995060546708
 31
0.0
  0
LINE
  5
95D
330
70
100
AcDbEntity
  8
09_ROUNDS
 62
     7
370
    25
100
AcDbLine
 10
30.65177039944722
 20
352.2995060546708
 30
0.0
 11
30.59824206524707
 21
352.3250101513708
 31
0.0
  0
LINE
  5
95E
330
70
100
AcDbEntity
  8
09_ROUNDS
 62
     7
370
    25
100
AcDbLine
 10
48.0517703994472
 20
352.2995060546708
 30
0.0
 11
47.99824206524704
 21
352.3250101513708
 31
0.0
  0
LINE
  5
95F
330
70
100
AcDbEntity
  8
09_ROUNDS
 62
     7
370
    25
100
AcDbLine
 10
30.59824206524707
 20
352.3250101513708
 30
0.0
 11
30.54762276644698
 21
352.3502914811705
 31
0.0
  0
LINE
  5
960
330
70
100
AcDbEntity
  8
09_ROUNDS
 62
     7
370
    25
100
AcDbLine
 10
47.99824206524704
 20
352.3250101513708
 30
0.0
 11
47.94762276644695
 21
352.3502914811705
 31
0.0
  0
LINE
  5
961
330
70
100
AcDbEntity
  8
09_ROUNDS
 62
     7
370
    25
100
AcDbLine
 10
30.54762276644698
 20
352.3502914811705
 30
0.0
 11
30.49991441244744
 21
352.3752117084707
 31
0.0
  0
LINE
  5
962
330
70
100
AcDbEntity
  8
09_ROUNDS
 62
     7
370
    25
100
AcDbLine
 10
30.49991441244744
 20
352.3752117084707
 30
0.0
 11
30.45512484574696
 21
352.3996286330708
 31
0.0
  0
LINE
  5
963
330
70
100
AcDbEntity
  8
09_ROUNDS
 62
     7
370
    25
100
AcDbLine
 10
30.45512484574696
 20
352.3996286330708
 30
0.0
 11
30.4132431252473
 21
352.4234150593708
 31
0.0
  0
LINE
  5
964
330
70
100
AcDbEntity
  8
09_ROUNDS
 62
     7
370
    25
100
AcDbLine
 10
30.4132431252473
 20
352.4234150593708
 30
0.0
 11
30.37424992034756
 21
352.4464484235709
 31
0.0
  0
LINE
  5
965
330
70
100
AcDbEntity
  8
09_ROUNDS
 62
     7
370
    25
100
AcDbLine
 10
30.37424992034756
 20
352.4464484235709
 30
0.0
 11
30.33812208534712
 21
352.4686141093706
 31
0.0
  0
LINE
  5
966
330
70
100
AcDbEntity
  8
09_ROUNDS
 62
     7
370
    25
100
AcDbLine
 10
30.33812208534712
 20
352.4686141093706
 30
0.0
 11
30.30481702294699
 21
352.4898123279712
 31
0.0
  0
LINE
  5
967
330
70
100
AcDbEntity
  8
09_ROUNDS
 62
     7
370
    25
100
AcDbLine
 10
30.30481702294699
 20
352.4898123279712
 30
0.0
 11
30.27429356884745
 21
352.509947265771
 31
0.0
  0
LINE
  5
968
330
70
100
AcDbEntity
  8
09_ROUNDS
 62
     7
370
    25
100
AcDbLine
 10
30.27429356884745
 20
352.509947265771
 30
0.0
 11
30.24649607154723
 21
352.5289381104708
 31
0.0
  0
LINE
  5
969
330
70
100
AcDbEntity
  8
09_ROUNDS
 62
     7
370
    25
100
AcDbLine
 10
30.24649607154723
 20
352.5289381104708
 30
0.0
 11
30.22136246994703
 21
352.5467132090709
 31
0.0
  0
LINE
  5
96A
330
70
100
AcDbEntity
  8
09_ROUNDS
 62
     7
370
    25
100
AcDbLine
 10
83.16399879354728
 20
352.1732891522708
 30
0.0
 11
83.09546358984722
 21
352.1979135603706
 31
0.0
  0
LINE
  5
96B
330
70
100
AcDbEntity
  8
09_ROUNDS
 62
     7
370
    25
100
AcDbLine
 10
83.09546358984722
 20
352.1979135603706
 30
0.0
 11
83.03001561494703
 21
352.2229867379709
 31
0.0
  0
LINE
  5
96C
330
70
100
AcDbEntity
  8
09_ROUNDS
 62
     7
370
    25
100
AcDbLine
 10
83.03001561494703
 20
352.2229867379709
 30
0.0
 11
82.96761278684746
 21
352.2483679373711
 31
0.0
  0
LINE
  5
96D
330
70
100
AcDbEntity
  8
09_ROUNDS
 62
     7
370
    25
100
AcDbLine
 10
65.56761278684749
 20
352.2483679373711
 30
0.0
 11
65.50821048974732
 21
352.2739178601706
 31
0.0
  0
LINE
  5
96E
330
70
100
AcDbEntity
  8
09_ROUNDS
 62
     7
370
    25
100
AcDbLine
 10
82.96761278684746
 20
352.2483679373711
 30
0.0
 11
82.90821048974731
 21
352.2739178601706
 31
0.0
  0
LINE
  5
96F
330
70
100
AcDbEntity
  8
09_ROUNDS
 62
     7
370
    25
100
AcDbLine
 10
65.50821048974732
 20
352.2739178601706
 30
0.0
 11
65.45177039944717
 21
352.2995060546708
 31
0.0
  0
LINE
  5
970
330
70
100
AcDbEntity
  8
09_ROUNDS
 62
     7
370
    25
100
AcDbLine
 10
82.90821048974731
 20
352.2739178601706
 30
0.0
 11
82.85177039944713
 21
352.2995060546708
 31
0.0
  0
LINE
  5
971
330
70
100
AcDbEntity
  8
09_ROUNDS
 62
     7
370
    25
100
AcDbLine
 10
65.45177039944717
 20
352.2995060546708
 30
0.0
 11
65.39824206524702
 21
352.3250101513708
 31
0.0
  0
LINE
  5
972
330
70
100
AcDbEntity
  8
09_ROUNDS
 62
     7
370
    25
100
AcDbLine
 10
82.85177039944713
 20
352.2995060546708
 30
0.0
 11
82.79824206524699
 21
352.3250101513708
 31
0.0
  0
LINE
  5
973
330
70
100
AcDbEntity
  8
09_ROUNDS
 62
     7
370
    25
100
AcDbLine
 10
65.39824206524702
 20
352.3250101513708
 30
0.0
 11
65.34762276644691
 21
352.3502914811705
 31
0.0
  0
LINE
  5
974
330
70
100
AcDbEntity
  8
09_ROUNDS
 62
     7
370
    25
100
AcDbLine
 10
82.79824206524699
 20
352.3250101513708
 30
0.0
 11
82.74762276644754
 21
352.3502914811705
 31
0.0
  0
LINE
  5
975
330
70
100
AcDbEntity
  8
09_ROUNDS
 62
     7
370
    25
100
AcDbLine
 10
47.94762276644695
 20
352.3502914811705
 30
0.0
 11
47.8999144124474
 21
352.3752117084707
 31
0.0
  0
LINE
  5
976
330
70
100
AcDbEntity
  8
09_ROUNDS
 62
     7
370
    25
100
AcDbLine
 10
65.34762276644691
 20
352.3502914811705
 30
0.0
 11
65.29991441244738
 21
352.3752117084707
 31
0.0
  0
LINE
  5
977
330
70
100
AcDbEntity
  8
09_ROUNDS
 62
     7
370
    25
100
AcDbLine
 10
47.8999144124474
 20
352.3752117084707
 30
0.0
 11
47.85512484574757
 21
352.3996286330708
 31
0.0
  0
LINE
  5
978
330
70
100
AcDbEntity
  8
09_ROUNDS
 62
     7
370
    25
100
AcDbLine
 10
65.29991441244738
 20
352.3752117084707
 30
0.0
 11
65.25512484574754
 21
352.3996286330708
 31
0.0
  0
LINE
  5
979
330
70
100
AcDbEntity
  8
09_ROUNDS
 62
     7
370
    25
100
AcDbLine
 10
47.85512484574757
 20
352.3996286330708
 30
0.0
 11
47.81324312524727
 21
352.4234150593708
 31
0.0
  0
LINE
  5
97A
330
70
100
AcDbEntity
  8
09_ROUNDS
 62
     7
370
    25
100
AcDbLine
 10
65.25512484574754
 20
352.3996286330708
 30
0.0
 11
65.21324312524725
 21
352.4234150593708
 31
0.0
  0
LINE
  5
97B
330
70
100
AcDbEntity
  8
09_ROUNDS
 62
     7
370
    25
100
AcDbLine
 10
47.81324312524727
 20
352.4234150593708
 30
0.0
 11
47.77424992034753
 21
352.4464484235709
 31
0.0
  0
LINE
  5
97C
330
70
100
AcDbEntity
  8
09_ROUNDS
 62
     7
370
    25
100
AcDbLine
 10
65.21324312524725
 20
352.4234150593708
 30
0.0
 11
65.17424992034751
 21
352.4464484235709
 31
0.0
  0
LINE
  5
97D
330
70
100
AcDbEntity
  8
09_ROUNDS
 62
     7
370
    25
100
AcDbLine
 10
47.77424992034753
 20
352.4464484235709
 30
0.0
 11
47.73812208534709
 21
352.4686141093706
 31
0.0
  0
LINE
  5
97E
330
70
100
AcDbEntity
  8
09_ROUNDS
 62
     7
370
    25
100
AcDbLine
 10
65.17424992034751
 20
352.4464484235709
 30
0.0
 11
65.13812208534706
 21
352.4686141093706
 31
0.0
  0
LINE
  5
97F
330
70
100
AcDbEntity
  8
09_ROUNDS
 62
     7
370
    25
100
AcDbLine
 10
47.73812208534709
 20
352.4686141093706
 30
0.0
 11
47.70481702294696
 21
352.4898123279712
 31
0.0
  0
LINE
  5
980
330
70
100
AcDbEntity
  8
09_ROUNDS
 62
     7
370
    25
100
AcDbLine
 10
47.70481702294696
 20
352.4898123279712
 30
0.0
 11
47.67429356884742
 21
352.509947265771
 31
0.0
  0
LINE
  5
981
330
70
100
AcDbEntity
  8
09_ROUNDS
 62
     7
370
    25
100
AcDbLine
 10
47.67429356884742
 20
352.509947265771
 30
0.0
 11
47.64649607154719
 21
352.5289381104708
 31
0.0
  0
LINE
  5
982
330
70
100
AcDbEntity
  8
09_ROUNDS
 62
     7
370
    25
100
AcDbLine
 10
47.64649607154719
 20
352.5289381104708
 30
0.0
 11
47.621362469947
 21
352.5467132090709
 31
0.0
  0
LINE
  5
983
330
70
100
AcDbEntity
  8
09_ROUNDS
 62
     7
370
    25
100
AcDbLine
 10
30.22136246994703
 20
352.5467132090709
 30
0.0
 11
30.19883390864751
 21
352.563203712271
 31
0.0
  0
LINE
  5
984
330
70
100
AcDbEntity
  8
09_ROUNDS
 62
     7
370
    25
100
AcDbLine
 10
47.621362469947
 20
352.5467132090709
 30
0.0
 11
47.59883390864747
 21
352.563203712271
 31
0.0
  0
LINE
  5
985
330
70
100
AcDbEntity
  8
09_ROUNDS
 62
     7
370
    25
100
AcDbLine
 10
30.19883390864751
 20
352.563203712271
 30
0.0
 11
30.17884472014751
 21
352.5783507607708
 31
0.0
  0
LINE
  5
986
330
70
100
AcDbEntity
  8
09_ROUNDS
 62
     7
370
    25
100
AcDbLine
 10
47.59883390864747
 20
352.563203712271
 30
0.0
 11
47.57884472014747
 21
352.5783507607708
 31
0.0
  0
LINE
  5
987
330
70
100
AcDbEntity
  8
09_ROUNDS
 62
     7
370
    25
100
AcDbLine
 10
30.17884472014751
 20
352.5783507607708
 30
0.0
 11
30.16132455514754
 21
352.5921016613708
 31
0.0
  0
LINE
  5
988
330
70
100
AcDbEntity
  8
09_ROUNDS
 62
     7
370
    25
100
AcDbLine
 10
47.57884472014747
 20
352.5783507607708
 30
0.0
 11
47.56132455514751
 21
352.5921016613708
 31
0.0
  0
LINE
  5
989
330
70
100
AcDbEntity
  8
09_ROUNDS
 62
     7
370
    25
100
AcDbLine
 10
30.16132455514754
 20
352.5921016613708
 30
0.0
 11
30.14621811704696
 21
352.6043949218709
 31
0.0
  0
LINE
  5
98A
330
70
100
AcDbEntity
  8
09_ROUNDS
 62
     7
370
    25
100
AcDbLine
 10
47.56132455514751
 20
352.5921016613708
 30
0.0
 11
47.54621811704756
 21
352.6043949218709
 31
0.0
  0
LINE
  5
98B
330
70
100
AcDbEntity
  8
09_ROUNDS
 62
     7
370
    25
100
AcDbLine
 10
30.14621811704696
 20
352.6043949218709
 30
0.0
 11
30.13344981874717
 21
352.6151859358706
 31
0.0
  0
LINE
  5
98C
330
70
100
AcDbEntity
  8
09_ROUNDS
 62
     7
370
    25
100
AcDbLine
 10
30.13344981874717
 20
352.6151859358706
 30
0.0
 11
30.12296960734705
 21
352.6244049971709
 31
0.0
  0
LINE
  5
98D
330
70
100
AcDbEntity
  8
09_ROUNDS
 62
     7
370
    25
100
AcDbLine
 10
30.12296960734705
 20
352.6244049971709
 30
0.0
 11
30.11475959744757
 21
352.6319467298707
 31
0.0
  0
LINE
  5
98E
330
70
100
AcDbEntity
  8
09_ROUNDS
 62
     7
370
    25
100
AcDbLine
 10
30.11475959744757
 20
352.6319467298707
 30
0.0
 11
30.10879131524718
 21
352.6376964786712
 31
0.0
  0
LINE
  5
98F
330
70
100
AcDbEntity
  8
09_ROUNDS
 62
     7
370
    25
100
AcDbLine
 10
30.10879131524718
 20
352.6376964786712
 30
0.0
 11
30.10509917924732
 21
352.6414461155707
 31
0.0
  0
LINE
  5
990
330
70
100
AcDbEntity
  8
09_ROUNDS
 62
     7
370
    25
100
AcDbLine
 10
30.10509917924732
 20
352.6414461155707
 30
0.0
 11
30.10434251704707
 21
352.6422485706709
 31
0.0
  0
LINE
  5
991
330
70
100
AcDbEntity
  8
09_ROUNDS
 62
     7
370
    25
100
AcDbLine
 10
82.74762276644754
 20
352.3502914811705
 30
0.0
 11
82.69991441244735
 21
352.3752117084707
 31
0.0
  0
LINE
  5
992
330
70
100
AcDbEntity
  8
09_ROUNDS
 62
     7
370
    25
100
AcDbLine
 10
82.69991441244735
 20
352.3752117084707
 30
0.0
 11
82.65512484574752
 21
352.3996286330708
 31
0.0
  0
LINE
  5
993
330
70
100
AcDbEntity
  8
09_ROUNDS
 62
     7
370
    25
100
AcDbLine
 10
82.65512484574752
 20
352.3996286330708
 30
0.0
 11
82.61324312524722
 21
352.4234150593708
 31
0.0
  0
LINE
  5
994
330
70
100
AcDbEntity
  8
09_ROUNDS
 62
     7
370
    25
100
AcDbLine
 10
82.61324312524722
 20
352.4234150593708
 30
0.0
 11
82.57424992034748
 21
352.4464484235709
 31
0.0
  0
LINE
  5
995
330
70
100
AcDbEntity
  8
09_ROUNDS
 62
     7
370
    25
100
AcDbLine
 10
82.57424992034748
 20
352.4464484235709
 30
0.0
 11
82.53812208534704
 21
352.4686141093706
 31
0.0
  0
LINE
  5
996
330
70
100
AcDbEntity
  8
09_ROUNDS
 62
     7
370
    25
100
AcDbLine
 10
65.13812208534706
 20
352.4686141093706
 30
0.0
 11
65.10481702294757
 21
352.4898123279712
 31
0.0
  0
LINE
  5
997
330
70
100
AcDbEntity
  8
09_ROUNDS
 62
     7
370
    25
100
AcDbLine
 10
82.53812208534704
 20
352.4686141093706
 30
0.0
 11
82.50481702294754
 21
352.4898123279712
 31
0.0
  0
LINE
  5
998
330
70
100
AcDbEntity
  8
09_ROUNDS
 62
     7
370
    25
100
AcDbLine
 10
65.10481702294757
 20
352.4898123279712
 30
0.0
 11
65.07429356884739
 21
352.509947265771
 31
0.0
  0
LINE
  5
999
330
70
100
AcDbEntity
  8
09_ROUNDS
 62
     7
370
    25
100
AcDbLine
 10
82.50481702294754
 20
352.4898123279712
 30
0.0
 11
82.47429356884735
 21
352.509947265771
 31
0.0
  0
LINE
  5
99A
330
70
100
AcDbEntity
  8
09_ROUNDS
 62
     7
370
    25
100
AcDbLine
 10
65.07429356884739
 20
352.509947265771
 30
0.0
 11
65.04649607154717
 21
352.5289381104708
 31
0.0
  0
LINE
  5
99B
330
70
100
AcDbEntity
  8
09_ROUNDS
 62
     7
370
    25
100
AcDbLine
 10
82.47429356884735
 20
352.509947265771
 30
0.0
 11
82.44649607154714
 21
352.5289381104708
 31
0.0
  0
LINE
  5
99C
330
70
100
AcDbEntity
  8
09_ROUNDS
 62
     7
370
    25
100
AcDbLine
 10
65.04649607154717
 20
352.5289381104708
 30
0.0
 11
65.02136246994698
 21
352.5467132090709
 31
0.0
  0
LINE
  5
99D
330
70
100
AcDbEntity
  8
09_ROUNDS
 62
     7
370
    25
100
AcDbLine
 10
65.02136246994698
 20
352.5467132090709
 30
0.0
 11
64.99883390864745
 21
352.563203712271
 31
0.0
  0
LINE
  5
99E
330
70
100
AcDbEntity
  8
09_ROUNDS
 62
     7
370
    25
100
AcDbLine
 10
64.99883390864745
 20
352.563203712271
 30
0.0
 11
64.97884472014745
 21
352.5783507607708
 31
0.0
  0
LINE
  5
99F
330
70
100
AcDbEntity
  8
09_ROUNDS
 62
     7
370
    25
100
AcDbLine
 10
64.97884472014745
 20
352.5783507607708
 30
0.0
 11
64.96132455514748
 21
352.5921016613708
 31
0.0
  0
LINE
  5
9A0
330
70
100
AcDbEntity
  8
09_ROUNDS
 62
     7
370
    25
100
AcDbLine
 10
64.96132455514748
 20
352.5921016613708
 30
0.0
 11
64.94621811704753
 21
352.6043949218709
 31
0.0
  0
LINE
  5
9A1
330
70
100
AcDbEntity
  8
09_ROUNDS
 62
     7
370
    25
100
AcDbLine
 10
47.54621811704756
 20
352.6043949218709
 30
0.0
 11
47.53344981874714
 21
352.6151859358706
 31
0.0
  0
LINE
  5
9A2
330
70
100
AcDbEntity
  8
09_ROUNDS
 62
     7
370
    25
100
AcDbLine
 10
64.94621811704753
 20
352.6043949218709
 30
0.0
 11
64.9334498187471
 21
352.6151859358706
 31
0.0
  0
LINE
  5
9A3
330
70
100
AcDbEntity
  8
09_ROUNDS
 62
     7
370
    25
100
AcDbLine
 10
47.53344981874714
 20
352.6151859358706
 30
0.0
 11
47.52296960734702
 21
352.6244049971709
 31
0.0
  0
LINE
  5
9A4
330
70
100
AcDbEntity
  8
09_ROUNDS
 62
     7
370
    25
100
AcDbLine
 10
64.9334498187471
 20
352.6151859358706
 30
0.0
 11
64.922969607347
 21
352.6244049971709
 31
0.0
  0
LINE
  5
9A5
330
70
100
AcDbEntity
  8
09_ROUNDS
 62
     7
370
    25
100
AcDbLine
 10
47.52296960734702
 20
352.6244049971709
 30
0.0
 11
47.51475959744754
 21
352.6319467298707
 31
0.0
  0
LINE
  5
9A6
330
70
100
AcDbEntity
  8
09_ROUNDS
 62
     7
370
    25
100
AcDbLine
 10
47.51475959744754
 20
352.6319467298707
 30
0.0
 11
47.50879131524714
 21
352.6376964786712
 31
0.0
  0
LINE
  5
9A7
330
70
100
AcDbEntity
  8
09_ROUNDS
 62
     7
370
    25
100
AcDbLine
 10
47.50879131524714
 20
352.6376964786712
 30
0.0
 11
47.50509917924729
 21
352.6414461155707
 31
0.0
  0
LINE
  5
9A8
330
70
100
AcDbEntity
  8
09_ROUNDS
 62
     7
370
    25
100
AcDbLine
 10
47.50509917924729
 20
352.6414461155707
 30
0.0
 11
47.50434251704704
 21
352.6422485706709
 31
0.0
  0
LINE
  5
9A9
330
70
100
AcDbEntity
  8
09_ROUNDS
 62
     7
370
    25
100
AcDbLine
 10
82.44649607154714
 20
352.5289381104708
 30
0.0
 11
82.42136246994695
 21
352.5467132090709
 31
0.0
  0
LINE
  5
9AA
330
70
100
AcDbEntity
  8
09_ROUNDS
 62
     7
370
    25
100
AcDbLine
 10
82.42136246994695
 20
352.5467132090709
 30
0.0
 11
82.39883390864743
 21
352.563203712271
 31
0.0
  0
LINE
  5
9AB
330
70
100
AcDbEntity
  8
09_ROUNDS
 62
     7
370
    25
100
AcDbLine
 10
82.39883390864743
 20
352.563203712271
 30
0.0
 11
82.37884472014743
 21
352.5783507607708
 31
0.0
  0
LINE
  5
9AC
330
70
100
AcDbEntity
  8
09_ROUNDS
 62
     7
370
    25
100
AcDbLine
 10
82.37884472014743
 20
352.5783507607708
 30
0.0
 11
82.36132455514747
 21
352.5921016613708
 31
0.0
  0
LINE
  5
9AD
330
70
100
AcDbEntity
  8
09_ROUNDS
 62
     7
370
    25
100
AcDbLine
 10
82.36132455514747
 20
352.5921016613708
 30
0.0
 11
82.34621811704752
 21
352.6043949218709
 31
0.0
  0
LINE
  5
9AE
330
70
100
AcDbEntity
  8
09_ROUNDS
 62
     7
370
    25
100
AcDbLine
 10
82.34621811704752
 20
352.6043949218709
 30
0.0
 11
82.33344981874708
 21
352.6151859358706
 31
0.0
  0
LINE
  5
9AF
330
70
100
AcDbEntity
  8
09_ROUNDS
 62
     7
370
    25
100
AcDbLine
 10
82.33344981874708
 20
352.6151859358706
 30
0.0
 11
82.32296960734696
 21
352.6244049971709
 31
0.0
  0
LINE
  5
9B0
330
70
100
AcDbEntity
  8
09_ROUNDS
 62
     7
370
    25
100
AcDbLine
 10
64.922969607347
 20
352.6244049971709
 30
0.0
 11
64.91475959744751
 21
352.6319467298707
 31
0.0
  0
LINE
  5
9B1
330
70
100
AcDbEntity
  8
09_ROUNDS
 62
     7
370
    25
100
AcDbLine
 10
82.32296960734696
 20
352.6244049971709
 30
0.0
 11
82.31475959744747
 21
352.6319467298707
 31
0.0
  0
LINE
  5
9B2
330
70
100
AcDbEntity
  8
09_ROUNDS
 62
     7
370
    25
100
AcDbLine
 10
64.91475959744751
 20
352.6319467298707
 30
0.0
 11
64.90879131524713
 21
352.6376964786712
 31
0.0
  0
LINE
  5
9B3
330
70
100
AcDbEntity
  8
09_ROUNDS
 62
     7
370
    25
100
AcDbLine
 10
64.90879131524713
 20
352.6376964786712
 30
0.0
 11
64.90509917924725
 21
352.6414461155707
 31
0.0
  0
LINE
  5
9B4
330
70
100
AcDbEntity
  8
09_ROUNDS
 62
     7
370
    25
100
AcDbLine
 10
64.90509917924725
 20
352.6414461155707
 30
0.0
 11
64.90434251704702
 21
352.6422485706709
 31
0.0
  0
LINE
  5
9B5
330
70
100
AcDbEntity
  8
09_ROUNDS
 62
     7
370
    25
100
AcDbLine
 10
82.31475959744747
 20
352.6319467298707
 30
0.0
 11
82.30879131524709
 21
352.6376964786712
 31
0.0
  0
LINE
  5
9B6
330
70
100
AcDbEntity
  8
09_ROUNDS
 62
     7
370
    25
100
AcDbLine
 10
82.30879131524709
 20
352.6376964786712
 30
0.0
 11
82.30509917924724
 21
352.6414461155707
 31
0.0
  0
LINE
  5
9B7
330
70
100
AcDbEntity
  8
09_ROUNDS
 62
     7
370
    25
100
AcDbLine
 10
82.30509917924724
 20
352.6414461155707
 30
0.0
 11
82.30434251704698
 21
352.6422485706709
 31
0.0
  0
SPLINE
  5
9B8
330
70
100
AcDbEntity
  8
09_ROUNDS
 62
     7
370
    25
100
AcDbSpline
210
0.0
220
0.0
230
1.0
 70
     8
 71
     3
 72
     8
 73
     4
 74
     0
 42
0.0000000001
 43
0.0000000001
 40
0.0
 40
0.0
 40
0.0
 40
0.0
 40
1.0
 40
1.0
 40
1.0
 40
1.0
 10
81.45299970349496
 20
277.9477038108697
 30
0.0
 10
81.61749737514488
 20
277.9493616416811
 30
0.0
 10
81.74997657951374
 20
278.0831825540634
 30
0.0
 10
81.74997678094692
 20
278.2476885794278
 30
0.0
  0
SPLINE
  5
9B9
330
70
100
AcDbEntity
  8
09_ROUNDS
 62
     7
370
    25
100
AcDbSpline
210
0.0
220
0.0
230
1.0
 70
     8
 71
     3
 72
     8
 73
     4
 74
     0
 42
0.0000000001
 43
0.0000000001
 40
0.0
 40
0.0
 40
0.0
 40
0.0
 40
1.0
 40
1.0
 40
1.0
 40
1.0
 10
80.28049188354742
 20
277.427777691171
 30
0.0
 10
80.44617730849639
 20
277.427777691171
 30
0.0
 10
80.58049188354711
 20
277.5620922662217
 30
0.0
 10
80.58049188354711
 20
277.7277776911707
 30
0.0
  0
SPLINE
  5
9BA
330
70
100
AcDbEntity
  8
09_ROUNDS
 62
     7
370
    25
100
AcDbSpline
210
0.0
220
0.0
230
1.0
 70
     8
 71
     3
 72
     8
 73
     4
 74
     0
 42
0.0000000001
 43
0.0000000001
 40
0.0
 40
0.0
 40
0.0
 40
0.0
 40
1.0
 40
1.0
 40
1.0
 40
1.0
 10
64.05299970349499
 20
277.9477038108697
 30
0.0
 10
64.21749737514492
 20
277.9493616416811
 30
0.0
 10
64.34997657951377
 20
278.0831825540634
 30
0.0
 10
64.34997678094695
 20
278.2476885794278
 30
0.0
  0
SPLINE
  5
9BB
330
70
100
AcDbEntity
  8
09_ROUNDS
 62
     7
370
    25
100
AcDbSpline
210
0.0
220
0.0
230
1.0
 70
     8
 71
     3
 72
     8
 73
     4
 74
     0
 42
0.0000000001
 43
0.0000000001
 40
0.0
 40
0.0
 40
0.0
 40
0.0
 40
1.0
 40
1.0
 40
1.0
 40
1.0
 10
46.65299970349502
 20
277.9477038108697
 30
0.0
 10
46.81749737514494
 20
277.9493616416811
 30
0.0
 10
46.9499765795138
 20
278.0831825540634
 30
0.0
 10
46.94997678094698
 20
278.2476885794278
 30
0.0
  0
SPLINE
  5
9BC
330
70
100
AcDbEntity
  8
09_ROUNDS
 62
     7
370
    25
100
AcDbSpline
210
0.0
220
0.0
230
1.0
 70
     8
 71
     3
 72
     8
 73
     4
 74
     0
 42
0.0000000001
 43
0.0000000001
 40
0.0
 40
0.0
 40
0.0
 40
0.0
 40
1.0
 40
1.0
 40
1.0
 40
1.0
 10
62.88049188354745
 20
277.427777691171
 30
0.0
 10
63.04617730849642
 20
277.427777691171
 30
0.0
 10
63.18049188354714
 20
277.5620922662217
 30
0.0
 10
63.18049188354714
 20
277.7277776911707
 30
0.0
  0
SPLINE
  5
9BD
330
70
100
AcDbEntity
  8
09_ROUNDS
 62
     7
370
    25
100
AcDbSpline
210
0.0
220
0.0
230
1.0
 70
     8
 71
     3
 72
     8
 73
     4
 74
     0
 42
0.0000000001
 43
0.0000000001
 40
0.0
 40
0.0
 40
0.0
 40
0.0
 40
1.0
 40
1.0
 40
1.0
 40
1.0
 10
45.48049188354748
 20
277.427777691171
 30
0.0
 10
45.64617730849644
 20
277.427777691171
 30
0.0
 10
45.78049188354716
 20
277.5620922662217
 30
0.0
 10
45.78049188354716
 20
277.7277776911707
 30
0.0
  0
SPLINE
  5
9BE
330
70
100
AcDbEntity
  8
09_ROUNDS
 62
     7
370
    25
100
AcDbSpline
210
0.0
220
0.0
230
1.0
 70
     8
 71
     3
 72
     8
 73
     4
 74
     0
 42
0.0000000001
 43
0.0000000001
 40
0.0
 40
0.0
 40
0.0
 40
0.0
 40
1.0
 40
1.0
 40
1.0
 40
1.0
 10
29.25299970349505
 20
277.9477038108697
 30
0.0
 10
29.41749737514497
 20
277.9493616416811
 30
0.0
 10
29.54997657951383
 20
278.0831825540634
 30
0.0
 10
29.54997678094701
 20
278.2476885794278
 30
0.0
  0
SPLINE
  5
9BF
330
70
100
AcDbEntity
  8
09_ROUNDS
 62
     7
370
    25
100
AcDbSpline
210
0.0
220
0.0
230
1.0
 70
     8
 71
     3
 72
     8
 73
     4
 74
     0
 42
0.0000000001
 43
0.0000000001
 40
0.0
 40
0.0
 40
0.0
 40
0.0
 40
1.0
 40
1.0
 40
1.0
 40
1.0
 10
28.08049188354751
 20
277.427777691171
 30
0.0
 10
28.24617730849647
 20
277.427777691171
 30
0.0
 10
28.3804918835472
 20
277.5620922662217
 30
0.0
 10
28.3804918835472
 20
277.7277776911707
 30
0.0
  0
SPLINE
  5
9C0
330
70
100
AcDbEntity
  8
09_ROUNDS
 62
     7
370
    25
100
AcDbSpline
210
0.0
220
0.0
230
1.0
 70
     8
 71
     3
 72
     8
 73
     4
 74
     0
 42
0.0000000001
 43
0.0000000001
 40
0.0
 40
0.0
 40
0.0
 40
0.0
 40
1.0
 40
1.0
 40
1.0
 40
1.0
 10
84.29524683455303
 20
351.9745041456119
 30
0.0
 10
84.30699448902664
 20
351.9743159708748
 30
0.0
 10
84.31874297131896
 20
351.9741836170797
 30
0.0
 10
84.33049188355671
 20
351.974107088708
 30
0.0
  0
SPLINE
  5
9C1
330
70
100
AcDbEntity
  8
09_ROUNDS
 62
     7
370
    25
100
AcDbSpline
210
0.0
220
0.0
230
1.0
 70
     8
 71
     3
 72
     8
 73
     4
 74
     0
 42
0.0000000001
 43
0.0000000001
 40
0.0
 40
0.0
 40
0.0
 40
0.0
 40
1.0
 40
1.0
 40
1.0
 40
1.0
 10
83.07997180762326
 20
352.2028419864944
 30
0.0
 10
83.11148009829468
 20
352.1909864767516
 30
0.0
 10
83.14316054977764
 20
352.1795936569983
 30
0.0
 10
83.1750029439974
 20
352.1686672018238
 30
0.0
  0
SPLINE
  5
9C2
330
70
100
AcDbEntity
  8
09_ROUNDS
 62
     7
370
    25
100
AcDbSpline
210
0.0
220
0.0
230
1.0
 70
     8
 71
     3
 72
     8
 73
     4
 74
     0
 42
0.0000000001
 43
0.0000000001
 40
0.0
 40
0.0
 40
0.0
 40
0.0
 40
1.0
 40
1.0
 40
1.0
 40
1.0
 10
66.89524683455307
 20
351.9745041456119
 30
0.0
 10
66.90699448902667
 20
351.9743159708748
 30
0.0
 10
66.91874297131899
 20
351.9741836170797
 30
0.0
 10
66.93049188355674
 20
351.974107088708
 30
0.0
  0
SPLINE
  5
9C3
330
70
100
AcDbEntity
  8
09_ROUNDS
 62
     7
370
    25
100
AcDbSpline
210
0.0
220
0.0
230
1.0
 70
     8
 71
     3
 72
     8
 73
     4
 74
     0
 42
0.0000000001
 43
0.0000000001
 40
0.0
 40
0.0
 40
0.0
 40
0.0
 40
1.0
 40
1.0
 40
1.0
 40
1.0
 10
65.67997180755847
 20
352.2028419864879
 30
0.0
 10
65.71148009822924
 20
352.1909864767458
 30
0.0
 10
65.74316054971093
 20
352.1795936569925
 30
0.0
 10
65.77500294392942
 20
352.1686672018187
 30
0.0
  0
SPLINE
  5
9C4
330
70
100
AcDbEntity
  8
09_ROUNDS
 62
     7
370
    25
100
AcDbSpline
210
0.0
220
0.0
230
1.0
 70
     8
 71
     3
 72
     8
 73
     4
 74
     0
 42
0.0000000001
 43
0.0000000001
 40
0.0
 40
0.0
 40
0.0
 40
0.0
 40
1.0
 40
1.0
 40
1.0
 40
1.0
 10
82.31618256568152
 20
352.7647003965164
 30
0.0
 10
82.91809833004448
 20
352.3813886972491
 30
0.0
 10
83.61688803953821
 20
352.1777776911709
 30
0.0
 10
84.33049188354708
 20
352.1777776911709
 30
0.0
  0
SPLINE
  5
9C5
330
70
100
AcDbEntity
  8
09_ROUNDS
 62
     7
370
    25
100
AcDbSpline
210
0.0
220
0.0
230
1.0
 70
     8
 71
     3
 72
     8
 73
     4
 74
     0
 42
0.0000000001
 43
0.0000000001
 40
0.0
 40
0.0
 40
0.0
 40
0.0
 40
1.0
 40
1.0
 40
1.0
 40
1.0
 10
64.9161825656809
 20
352.7647003965164
 30
0.0
 10
65.51809833004451
 20
352.3813886972491
 30
0.0
 10
66.21688803953823
 20
352.1777776911709
 30
0.0
 10
66.9304918835471
 20
352.1777776911709
 30
0.0
  0
SPLINE
  5
9C6
330
70
100
AcDbEntity
  8
09_ROUNDS
 62
     7
370
    25
100
AcDbSpline
210
0.0
220
0.0
230
1.0
 70
     8
 71
     3
 72
     8
 73
     4
 74
     0
 42
0.0000000001
 43
0.0000000001
 40
0.0
 40
0.0
 40
0.0
 40
0.0
 40
1.0
 40
1.0
 40
1.0
 40
1.0
 10
47.51618256568092
 20
352.7647003965164
 30
0.0
 10
48.11809833004454
 20
352.3813886972491
 30
0.0
 10
48.81688803953826
 20
352.1777776911709
 30
0.0
 10
49.53049188354714
 20
352.1777776911709
 30
0.0
  0
SPLINE
  5
9C7
330
70
100
AcDbEntity
  8
09_ROUNDS
 62
     7
370
    25
100
AcDbSpline
210
0.0
220
0.0
230
1.0
 70
     8
 71
     3
 72
     8
 73
     4
 74
     0
 42
0.0000000001
 43
0.0000000001
 40
0.0
 40
0.0
 40
0.0
 40
0.0
 40
1.0
 40
1.0
 40
1.0
 40
1.0
 10
49.49524683455308
 20
351.9745041456119
 30
0.0
 10
49.50699448902669
 20
351.9743159708748
 30
0.0
 10
49.51874297131902
 20
351.9741836170797
 30
0.0
 10
49.53049188355676
 20
351.974107088708
 30
0.0
  0
SPLINE
  5
9C8
330
70
100
AcDbEntity
  8
09_ROUNDS
 62
     7
370
    25
100
AcDbSpline
210
0.0
220
0.0
230
1.0
 70
     8
 71
     3
 72
     8
 73
     4
 74
     0
 42
0.0000000001
 43
0.0000000001
 40
0.0
 40
0.0
 40
0.0
 40
0.0
 40
1.0
 40
1.0
 40
1.0
 40
1.0
 10
48.27997180755851
 20
352.2028419864051
 30
0.0
 10
48.31148009822991
 20
352.1909864766624
 30
0.0
 10
48.34316054971289
 20
352.1795936569091
 30
0.0
 10
48.37500294393201
 20
352.1686672017353
 30
0.0
  0
SPLINE
  5
9C9
330
70
100
AcDbEntity
  8
09_ROUNDS
 62
     7
370
    25
100
AcDbSpline
210
0.0
220
0.0
230
1.0
 70
     8
 71
     3
 72
     8
 73
     4
 74
     0
 42
0.0000000001
 43
0.0000000001
 40
0.0
 40
0.0
 40
0.0
 40
0.0
 40
1.0
 40
1.0
 40
1.0
 40
1.0
 10
80.58049188354711
 20
365.1277776911705
 30
0.0
 10
80.58049188354711
 20
365.2934631161202
 30
0.0
 10
80.44617730849639
 20
365.4277776911709
 30
0.0
 10
80.28049188354742
 20
365.4277776911709
 30
0.0
  0
SPLINE
  5
9CA
330
70
100
AcDbEntity
  8
09_ROUNDS
 62
     7
370
    25
100
AcDbSpline
210
0.0
220
0.0
230
1.0
 70
     8
 71
     3
 72
     8
 73
     4
 74
     0
 42
0.0000000001
 43
0.0000000001
 40
0.0
 40
0.0
 40
0.0
 40
0.0
 40
1.0
 40
1.0
 40
1.0
 40
1.0
 10
63.18049188354714
 20
365.1277776911705
 30
0.0
 10
63.18049188354714
 20
365.2934631161202
 30
0.0
 10
63.04617730849642
 20
365.4277776911709
 30
0.0
 10
62.88049188354745
 20
365.4277776911709
 30
0.0
  0
SPLINE
  5
9CB
330
70
100
AcDbEntity
  8
09_ROUNDS
 62
     7
370
    25
100
AcDbSpline
210
0.0
220
0.0
230
1.0
 70
     8
 71
     3
 72
     8
 73
     4
 74
     0
 42
0.0000000001
 43
0.0000000001
 40
0.0
 40
0.0
 40
0.0
 40
0.0
 40
1.0
 40
1.0
 40
1.0
 40
1.0
 10
45.78049188354716
 20
365.1277776911705
 30
0.0
 10
45.78049188354716
 20
365.2934631161202
 30
0.0
 10
45.64617730849644
 20
365.4277776911709
 30
0.0
 10
45.48049188354748
 20
365.4277776911709
 30
0.0
  0
SPLINE
  5
9CC
330
70
100
AcDbEntity
  8
09_ROUNDS
 62
     7
370
    25
100
AcDbSpline
210
0.0
220
0.0
230
1.0
 70
     8
 71
     3
 72
     8
 73
     4
 74
     0
 42
0.0000000001
 43
0.0000000001
 40
0.0
 40
0.0
 40
0.0
 40
0.0
 40
1.0
 40
1.0
 40
1.0
 40
1.0
 10
30.11618256568095
 20
352.7647003965164
 30
0.0
 10
30.71809833004456
 20
352.3813886972491
 30
0.0
 10
31.41688803953829
 20
352.1777776911709
 30
0.0
 10
32.13049188354716
 20
352.1777776911709
 30
0.0
  0
SPLINE
  5
9CD
330
70
100
AcDbEntity
  8
09_ROUNDS
 62
     7
370
    25
100
AcDbSpline
210
0.0
220
0.0
230
1.0
 70
     8
 71
     3
 72
     8
 73
     4
 74
     0
 42
0.0000000001
 43
0.0000000001
 40
0.0
 40
0.0
 40
0.0
 40
0.0
 40
1.0
 40
1.0
 40
1.0
 40
1.0
 10
32.09524683455312
 20
351.9745041456119
 30
0.0
 10
32.10699448902673
 20
351.9743159708748
 30
0.0
 10
32.11874297131905
 20
351.9741836170797
 30
0.0
 10
32.13049188355679
 20
351.974107088708
 30
0.0
  0
SPLINE
  5
9CE
330
70
100
AcDbEntity
  8
09_ROUNDS
 62
     7
370
    25
100
AcDbSpline
210
0.0
220
0.0
230
1.0
 70
     8
 71
     3
 72
     8
 73
     4
 74
     0
 42
0.0000000001
 43
0.0000000001
 40
0.0
 40
0.0
 40
0.0
 40
0.0
 40
1.0
 40
1.0
 40
1.0
 40
1.0
 10
30.87997180758805
 20
352.2028419865007
 30
0.0
 10
30.91148009826075
 20
352.1909864767581
 30
0.0
 10
30.94316054974436
 20
352.1795936570041
 30
0.0
 10
30.97500294396477
 20
352.1686672018296
 30
0.0
  0
SPLINE
  5
9CF
330
70
100
AcDbEntity
  8
09_ROUNDS
 62
     7
370
    25
100
AcDbSpline
210
0.0
220
0.0
230
1.0
 70
     8
 71
     3
 72
     8
 73
     4
 74
     0
 42
0.0000000001
 43
0.0000000001
 40
0.0
 40
0.0
 40
0.0
 40
0.0
 40
1.0
 40
1.0
 40
1.0
 40
1.0
 10
28.3804918835472
 20
365.1277776911705
 30
0.0
 10
28.3804918835472
 20
365.2934631161202
 30
0.0
 10
28.24617730849647
 20
365.4277776911709
 30
0.0
 10
28.08049188354751
 20
365.4277776911709
 30
0.0
  0
SPLINE
  5
9D0
330
70
100
AcDbEntity
  8
09_ROUNDS
 62
     7
370
    25
100
AcDbSpline
210
0.0
220
0.0
230
1.0
 70
     8
 71
     3
 72
    14
 73
    10
 74
     0
 42
0.0000000001
 43
0.0000000001
 40
0.0
 40
0.0
 40
0.0
 40
0.0
 40
1.0
 40
1.0
 40
1.0
 40
2.0
 40
2.0
 40
2.0
 40
3.0
 40
3.0
 40
3.0
 40
3.0
 10
81.809566713447
 20
325.258338501271
 30
0.0
 10
81.81521246934691
 20
325.267101053771
 30
0.0
 10
81.82065892533245
 20
325.2760686403105
 30
0.0
 10
81.82502183497875
 20
325.2855239971079
 30
0.0
 10
81.82658281953608
 20
325.2889069839536
 30
0.0
 10
81.82800509904673
 20
325.2923524103964
 30
0.0
 10
81.82909635251483
 20
325.2959442212299
 30
0.0
 10
81.82987932469336
 20
325.2985213383113
 30
0.0
 10
81.83049188354731
 20
325.3011738145707
 30
0.0
 10
81.83049188354731
 20
325.3038497258709
 30
0.0
  0
SPLINE
  5
9D1
330
70
100
AcDbEntity
  8
09_ROUNDS
 62
     7
370
    25
100
AcDbSpline
210
0.0
220
0.0
230
1.0
 70
     8
 71
     3
 72
    14
 73
    10
 74
     0
 42
0.0000000001
 43
0.0000000001
 40
0.0
 40
0.0
 40
0.0
 40
0.0
 40
1.0
 40
1.0
 40
1.0
 40
2.0
 40
2.0
 40
2.0
 40
3.0
 40
3.0
 40
3.0
 40
3.0
 10
64.60956671344705
 20
325.258338501271
 30
0.0
 10
64.61521246934696
 20
325.267101053771
 30
0.0
 10
64.62065892533248
 20
325.2760686403105
 30
0.0
 10
64.62502183497878
 20
325.2855239971079
 30
0.0
 10
64.62658281953612
 20
325.2889069839536
 30
0.0
 10
64.62800509904612
 20
325.2923524103964
 30
0.0
 10
64.62909635251486
 20
325.2959442212299
 30
0.0
 10
64.62987932469274
 20
325.2985213383113
 30
0.0
 10
64.63049188354735
 20
325.3011738145707
 30
0.0
 10
64.63049188354735
 20
325.3038497258709
 30
0.0
  0
SPLINE
  5
9D2
330
70
100
AcDbEntity
  8
09_ROUNDS
 62
     7
370
    25
100
AcDbSpline
210
0.0
220
0.0
230
1.0
 70
     8
 71
     3
 72
    41
 73
    37
 74
     0
 42
0.0000000001
 43
0.0000000001
 40
0.0
 40
0.0
 40
0.0
 40
0.0
 40
1.0
 40
1.0
 40
1.0
 40
2.0
 40
2.0
 40
2.0
 40
3.0
 40
3.0
 40
3.0
 40
4.0
 40
4.0
 40
4.0
 40
5.0
 40
5.0
 40
5.0
 40
6.0
 40
6.0
 40
6.0
 40
7.0
 40
7.0
 40
7.0
 40
8.0
 40
8.0
 40
8.0
 40
9.0
 40
9.0
 40
9.0
 40
10.0
 40
10.0
 40
10.0
 40
11.0
 40
11.0
 40
11.0
 40
12.0
 40
12.0
 40
12.0
 40
12.0
 10
86.33049188354716
 20
325.3918150730706
 30
0.0
 10
86.33049188354716
 20
325.4017400497707
 30
0.0
 10
86.33249317030339
 20
325.4117290074599
 30
0.0
 10
86.33598024752179
 20
325.4210798014696
 30
0.0
 10
86.33988962157182
 20
325.4315630082246
 30
0.0
 10
86.34566644521731
 20
325.4412441244197
 30
0.0
 10
86.35239981802554
 20
325.4501430743563
 30
0.0
 10
86.36037018459481
 20
325.460676858106
 30
0.0
 10
86.3696808405106
 20
325.4701146928504
 30
0.0
 10
86.3796337425258
 20
325.4787718224447
 30
0.0
 10
86.39149145219251
 20
325.4890857719967
 30
0.0
 10
86.40426076044638
 20
325.4982915953783
 30
0.0
 10
86.41748255854139
 20
325.5067638097747
 30
0.0
 10
86.43301666112181
 20
325.5167176940026
 30
0.0
 10
86.44917536104001
 20
325.5256589362285
 30
0.0
 10
86.4656665825875
 20
325.5339168265403
 30
0.0
 10
86.48467900182954
 20
325.5434371930101
 30
0.0
 10
86.50413338722623
 20
325.5520492924966
 30
0.0
 10
86.52383814310701
 20
325.5600295767678
 30
0.0
 10
86.54613592747493
 20
325.5690600189083
 30
0.0
 10
86.56875431251874
 20
325.5772814184581
 30
0.0
 10
86.591566765627
 20
325.5849116816027
 30
0.0
 10
86.61695436497543
 20
325.5934032744489
 30
0.0
 10
86.64258231943945
 20
325.6011627393237
 30
0.0
 10
86.66836008669191
 20
325.6083812175165
 30
0.0
 10
86.72721875101521
 20
325.6248632495224
 30
0.0
 10
86.78685846580549
 20
325.6385248420675
 30
0.0
 10
86.8468277450154
 20
325.6504071705704
 30
0.0
 10
86.91552991857131
 20
325.6640198370193
 30
0.0
 10
86.98466462947768
 20
325.6752973055289
 30
0.0
 10
87.0540286016533
 20
325.6848794859611
 30
0.0
 10
87.13042316534847
 20
325.6954328967657
 30
0.0
 10
87.20709582052899
 20
325.7039299411334
 30
0.0
 10
87.28391186228504
 20
325.7107914054216
 30
0.0
 10
87.36572757227499
 20
325.718099456702
 30
0.0
 10
87.44770594124696
 20
325.7235520916705
 30
0.0
 10
87.52974839924696
 20
325.7273862676706
 30
0.0
  0
SPLINE
  5
9D3
330
70
100
AcDbEntity
  8
09_ROUNDS
 62
     7
370
    25
100
AcDbSpline
210
0.0
220
0.0
230
1.0
 70
     8
 71
     3
 72
    41
 73
    37
 74
     0
 42
0.0000000001
 43
0.0000000001
 40
0.0
 40
0.0
 40
0.0
 40
0.0
 40
1.0
 40
1.0
 40
1.0
 40
2.0
 40
2.0
 40
2.0
 40
3.0
 40
3.0
 40
3.0
 40
4.0
 40
4.0
 40
4.0
 40
5.0
 40
5.0
 40
5.0
 40
6.0
 40
6.0
 40
6.0
 40
7.0
 40
7.0
 40
7.0
 40
8.0
 40
8.0
 40
8.0
 40
9.0
 40
9.0
 40
9.0
 40
10.0
 40
10.0
 40
10.0
 40
11.0
 40
11.0
 40
11.0
 40
12.0
 40
12.0
 40
12.0
 40
12.0
 10
34.13049188354724
 20
325.3918150730706
 30
0.0
 10
34.13049188354724
 20
325.4017400497707
 30
0.0
 10
34.13249317030346
 20
325.4117290074599
 30
0.0
 10
34.13598024752187
 20
325.4210798014696
 30
0.0
 10
34.13988962157191
 20
325.4315630082246
 30
0.0
 10
34.1456664452174
 20
325.4412441244197
 30
0.0
 10
34.15239981802563
 20
325.4501430743563
 30
0.0
 10
34.1603701845949
 20
325.460676858106
 30
0.0
 10
34.16968084051068
 20
325.4701146928504
 30
0.0
 10
34.17963374252587
 20
325.4787718224447
 30
0.0
 10
34.1914914521926
 20
325.4890857719967
 30
0.0
 10
34.20426076044646
 20
325.4982915953783
 30
0.0
 10
34.21748255854148
 20
325.5067638097747
 30
0.0
 10
34.23301666112189
 20
325.5167176940026
 30
0.0
 10
34.24917536103944
 20
325.5256589362285
 30
0.0
 10
34.26566658258759
 20
325.5339168265403
 30
0.0
 10
34.28467900182962
 20
325.5434371930101
 30
0.0
 10
34.30413338722632
 20
325.5520492924966
 30
0.0
 10
34.32383814310707
 20
325.5600295767678
 30
0.0
 10
34.346135927475
 20
325.5690600189083
 30
0.0
 10
34.36875431251817
 20
325.5772814184581
 30
0.0
 10
34.39156676562709
 20
325.5849116816027
 30
0.0
 10
34.4169543649755
 20
325.5934032744489
 30
0.0
 10
34.44258231943954
 20
325.6011627393237
 30
0.0
 10
34.46836008669198
 20
325.6083812175165
 30
0.0
 10
34.52721875101528
 20
325.6248632495224
 30
0.0
 10
34.58685846580494
 20
325.6385248420675
 30
0.0
 10
34.64682774501548
 20
325.6504071705704
 30
0.0
 10
34.71552991857139
 20
325.6640198370193
 30
0.0
 10
34.78466462947775
 20
325.6752973055289
 30
0.0
 10
34.85402860165339
 20
325.6848794859611
 30
0.0
 10
34.93042316534855
 20
325.6954328967657
 30
0.0
 10
35.00709582052908
 20
325.7039299411334
 30
0.0
 10
35.08391186228512
 20
325.7107914054216
 30
0.0
 10
35.16572757227508
 20
325.718099456702
 30
0.0
 10
35.24770594124705
 20
325.7235520916705
 30
0.0
 10
35.32974839924706
 20
325.7273862676706
 30
0.0
  0
SPLINE
  5
9D4
330
70
100
AcDbEntity
  8
09_ROUNDS
 62
     7
370
    25
100
AcDbSpline
210
0.0
220
0.0
230
1.0
 70
     8
 71
     3
 72
    41
 73
    37
 74
     0
 42
0.0000000001
 43
0.0000000001
 40
0.0
 40
0.0
 40
0.0
 40
0.0
 40
1.0
 40
1.0
 40
1.0
 40
2.0
 40
2.0
 40
2.0
 40
3.0
 40
3.0
 40
3.0
 40
4.0
 40
4.0
 40
4.0
 40
5.0
 40
5.0
 40
5.0
 40
6.0
 40
6.0
 40
6.0
 40
7.0
 40
7.0
 40
7.0
 40
8.0
 40
8.0
 40
8.0
 40
9.0
 40
9.0
 40
9.0
 40
10.0
 40
10.0
 40
10.0
 40
11.0
 40
11.0
 40
11.0
 40
12.0
 40
12.0
 40
12.0
 40
12.0
 10
68.93049188354718
 20
325.3918150730706
 30
0.0
 10
68.93049188354718
 20
325.4017400497707
 30
0.0
 10
68.9324931703034
 20
325.4117290074599
 30
0.0
 10
68.93598024752181
 20
325.4210798014696
 30
0.0
 10
68.93988962157185
 20
325.4315630082246
 30
0.0
 10
68.94566644521734
 20
325.4412441244197
 30
0.0
 10
68.95239981802557
 20
325.4501430743563
 30
0.0
 10
68.96037018459484
 20
325.460676858106
 30
0.0
 10
68.96968084051064
 20
325.4701146928504
 30
0.0
 10
68.97963374252582
 20
325.4787718224447
 30
0.0
 10
68.99149145219253
 20
325.4890857719967
 30
0.0
 10
69.0042607604464
 20
325.4982915953783
 30
0.0
 10
69.01748255854143
 20
325.5067638097747
 30
0.0
 10
69.03301666112183
 20
325.5167176940026
 30
0.0
 10
69.04917536103939
 20
325.5256589362285
 30
0.0
 10
69.06566658258753
 20
325.5339168265403
 30
0.0
 10
69.08467900182957
 20
325.5434371930101
 30
0.0
 10
69.10413338722626
 20
325.5520492924966
 30
0.0
 10
69.12383814310702
 20
325.5600295767678
 30
0.0
 10
69.14613592747494
 20
325.5690600189083
 30
0.0
 10
69.16875431251812
 20
325.5772814184581
 30
0.0
 10
69.19156676562703
 20
325.5849116816027
 30
0.0
 10
69.21695436497545
 20
325.5934032744489
 30
0.0
 10
69.24258231943949
 20
325.6011627393237
 30
0.0
 10
69.26836008669193
 20
325.6083812175165
 30
0.0
 10
69.32721875101522
 20
325.6248632495224
 30
0.0
 10
69.38685846580487
 20
325.6385248420675
 30
0.0
 10
69.44682774501543
 20
325.6504071705704
 30
0.0
 10
69.51552991857133
 20
325.6640198370193
 30
0.0
 10
69.5846646294777
 20
325.6752973055289
 30
0.0
 10
69.65402860165333
 20
325.6848794859611
 30
0.0
 10
69.7304231653485
 20
325.6954328967657
 30
0.0
 10
69.80709582052902
 20
325.7039299411334
 30
0.0
 10
69.88391186228508
 20
325.7107914054216
 30
0.0
 10
69.96572757227503
 20
325.718099456702
 30
0.0
 10
70.04770594124699
 20
325.7235520916705
 30
0.0
 10
70.12974839924701
 20
325.7273862676706
 30
0.0
  0
SPLINE
  5
9D5
330
70
100
AcDbEntity
  8
09_ROUNDS
 62
     7
370
    25
100
AcDbSpline
210
0.0
220
0.0
230
1.0
 70
     8
 71
     3
 72
    41
 73
    37
 74
     0
 42
0.0000000001
 43
0.0000000001
 40
0.0
 40
0.0
 40
0.0
 40
0.0
 40
1.0
 40
1.0
 40
1.0
 40
2.0
 40
2.0
 40
2.0
 40
3.0
 40
3.0
 40
3.0
 40
4.0
 40
4.0
 40
4.0
 40
5.0
 40
5.0
 40
5.0
 40
6.0
 40
6.0
 40
6.0
 40
7.0
 40
7.0
 40
7.0
 40
8.0
 40
8.0
 40
8.0
 40
9.0
 40
9.0
 40
9.0
 40
10.0
 40
10.0
 40
10.0
 40
11.0
 40
11.0
 40
11.0
 40
12.0
 40
12.0
 40
12.0
 40
12.0
 10
51.53049188354721
 20
325.3918150730706
 30
0.0
 10
51.53049188354721
 20
325.4017400497707
 30
0.0
 10
51.53249317030343
 20
325.4117290074599
 30
0.0
 10
51.53598024752184
 20
325.4210798014696
 30
0.0
 10
51.53988962157188
 20
325.4315630082246
 30
0.0
 10
51.54566644521737
 20
325.4412441244197
 30
0.0
 10
51.5523998180256
 20
325.4501430743563
 30
0.0
 10
51.56037018459486
 20
325.460676858106
 30
0.0
 10
51.56968084051065
 20
325.4701146928504
 30
0.0
 10
51.57963374252584
 20
325.4787718224447
 30
0.0
 10
51.59149145219256
 20
325.4890857719967
 30
0.0
 10
51.60426076044643
 20
325.4982915953783
 30
0.0
 10
51.61748255854146
 20
325.5067638097747
 30
0.0
 10
51.63301666112186
 20
325.5167176940026
 30
0.0
 10
51.64917536103941
 20
325.5256589362285
 30
0.0
 10
51.66566658258756
 20
325.5339168265403
 30
0.0
 10
51.68467900182959
 20
325.5434371930101
 30
0.0
 10
51.70413338722628
 20
325.5520492924966
 30
0.0
 10
51.72383814310705
 20
325.5600295767678
 30
0.0
 10
51.74613592747498
 20
325.5690600189083
 30
0.0
 10
51.76875431251814
 20
325.5772814184581
 30
0.0
 10
51.79156676562706
 20
325.5849116816027
 30
0.0
 10
51.81695436497547
 20
325.5934032744489
 30
0.0
 10
51.84258231943951
 20
325.6011627393237
 30
0.0
 10
51.86836008669196
 20
325.6083812175165
 30
0.0
 10
51.92721875101526
 20
325.6248632495224
 30
0.0
 10
51.98685846580491
 20
325.6385248420675
 30
0.0
 10
52.04682774501545
 20
325.6504071705704
 30
0.0
 10
52.11552991857136
 20
325.6640198370193
 30
0.0
 10
52.18466462947773
 20
325.6752973055289
 30
0.0
 10
52.25402860165336
 20
325.6848794859611
 30
0.0
 10
52.33042316534852
 20
325.6954328967657
 30
0.0
 10
52.40709582052905
 20
325.7039299411334
 30
0.0
 10
52.48391186228509
 20
325.7107914054216
 30
0.0
 10
52.56572757227505
 20
325.718099456702
 30
0.0
 10
52.64770594124701
 20
325.7235520916705
 30
0.0
 10
52.72974839924703
 20
325.7273862676706
 30
0.0
  0
SPLINE
  5
9D6
330
70
100
AcDbEntity
  8
09_ROUNDS
 62
     7
370
    25
100
AcDbSpline
210
0.0
220
0.0
230
1.0
 70
     8
 71
     3
 72
    53
 73
    49
 74
     0
 42
0.0000000001
 43
0.0000000001
 40
0.0
 40
0.0
 40
0.0
 40
0.0
 40
1.0
 40
1.0
 40
1.0
 40
2.0
 40
2.0
 40
2.0
 40
3.0
 40
3.0
 40
3.0
 40
4.0
 40
4.0
 40
4.0
 40
5.0
 40
5.0
 40
5.0
 40
6.0
 40
6.0
 40
6.0
 40
7.0
 40
7.0
 40
7.0
 40
8.0
 40
8.0
 40
8.0
 40
9.0
 40
9.0
 40
9.0
 40
10.0
 40
10.0
 40
10.0
 40
11.0
 40
11.0
 40
11.0
 40
12.0
 40
12.0
 40
12.0
 40
13.0
 40
13.0
 40
13.0
 40
14.0
 40
14.0
 40
14.0
 40
15.0
 40
15.0
 40
15.0
 40
16.0
 40
16.0
 40
16.0
 40
16.0
 10
83.16799684104731
 20
352.1456588717708
 30
0.0
 10
83.16633348294709
 20
352.1457153002708
 30
0.0
 10
83.1646793093126
 20
352.1459376249358
 30
0.0
 10
83.16303235162168
 20
352.1461911707456
 30
0.0
 10
83.16066991598061
 20
352.1465548629411
 30
0.0
 10
83.15832232766522
 20
352.1469827948977
 30
0.0
 10
83.15598018491886
 20
352.1474406444692
 30
0.0
 10
83.14981928153004
 20
352.1486449976111
 30
0.0
 10
83.14369605765772
 20
352.1500563596663
 30
0.0
 10
83.13758986073873
 20
352.1515291824593
 30
0.0
 10
83.13027721383116
 20
352.1532930025882
 30
0.0
 10
83.12298898686012
 20
352.1551449692756
 30
0.0
 10
83.11571635645032
 20
352.1570585430788
 30
0.0
 10
83.10774667386549
 20
352.1591555251814
 30
0.0
 10
83.09979572085341
 20
352.1613264899354
 30
0.0
 10
83.09185933631088
 20
352.1635484206897
 30
0.0
 10
83.0834855410095
 20
352.1658928122967
 30
0.0
 10
83.07512796430225
 20
352.1682939426619
 30
0.0
 10
83.0667844397888
 20
352.1707430562126
 30
0.0
 10
83.05814520935607
 20
352.1732789696967
 30
0.0
 10
83.04952104482643
 20
352.1758663278174
 30
0.0
 10
83.04091055735266
 20
352.1784984962138
 30
0.0
 10
83.02310475893103
 20
352.1839416096302
 30
0.0
 10
83.00535744760621
 20
352.1895763449048
 30
0.0
 10
82.98766461001788
 20
352.1953766511686
 30
0.0
 10
82.96945979021613
 20
352.201344802393
 30
0.0
 10
82.95131264240648
 20
352.2074882455899
 30
0.0
 10
82.93322228993242
 20
352.2137945242495
 30
0.0
 10
82.91479142466043
 20
352.2202195053266
 30
0.0
 10
82.8964195129523
 20
352.2268135096284
 30
0.0
 10
82.87810712799551
 20
352.2335688633636
 30
0.0
 10
82.8595465666725
 20
352.2404157682071
 30
0.0
 10
82.84104715649261
 20
352.2474284254558
 30
0.0
 10
82.82261047902965
 20
352.2546019680015
 30
0.0
 10
82.8039811443385
 20
352.2618504717126
 30
0.0
 10
82.7854158602877
 20
352.2692632406856
 30
0.0
 10
82.76691603043344
 20
352.2768369780467
 30
0.0
 10
82.72947522241052
 20
352.2921650566706
 30
0.0
 10
82.69230251169537
 20
352.3081524542339
 30
0.0
 10
82.65541972269689
 20
352.3247818926543
 30
0.0
 10
82.61810071005582
 20
352.3416080123564
 30
0.0
 10
82.58107851766755
 20
352.3590914499416
 30
0.0
 10
82.54437724963649
 20
352.3772243053509
 30
0.0
 10
82.50739307289244
 20
352.395496936388
 30
0.0
 10
82.47073478721381
 20
352.4144290358047
 30
0.0
 10
82.43443024422875
 20
352.4340194220475
 30
0.0
 10
82.39802297816604
 20
352.4536652389502
 30
0.0
 10
82.36197145944734
 20
352.4739730731706
 30
0.0
 10
82.32631599084715
 20
352.4949466053708
 30
0.0
  0
SPLINE
  5
9D7
330
70
100
AcDbEntity
  8
09_ROUNDS
 62
     7
370
    25
100
AcDbSpline
210
0.0
220
0.0
230
1.0
 70
     8
 71
     3
 72
    29
 73
    25
 74
     0
 42
0.0000000001
 43
0.0000000001
 40
0.0
 40
0.0
 40
0.0
 40
0.0
 40
1.0
 40
1.0
 40
1.0
 40
2.0
 40
2.0
 40
2.0
 40
3.0
 40
3.0
 40
3.0
 40
4.0
 40
4.0
 40
4.0
 40
5.0
 40
5.0
 40
5.0
 40
6.0
 40
6.0
 40
6.0
 40
7.0
 40
7.0
 40
7.0
 40
8.0
 40
8.0
 40
8.0
 40
8.0
 10
82.23170096814746
 20
352.7406724793711
 30
0.0
 10
82.23444482704733
 20
352.7409560921711
 30
0.0
 10
82.23722165220092
 20
352.7408751946728
 30
0.0
 10
82.23997633312665
 20
352.7406390285358
 30
0.0
 10
82.24353984960714
 20
352.7403335187713
 30
0.0
 10
82.24706630864124
 20
352.7397681733875
 30
0.0
 10
82.25056817117794
 20
352.7390846592988
 30
0.0
 10
82.26007478273386
 20
352.7372291030438
 30
0.0
 10
82.26940012402458
 20
352.7345026718621
 30
0.0
 10
82.27863016949656
 20
352.7315267828302
 30
0.0
 10
82.2911430829547
 20
352.7274924536344
 30
0.0
 10
82.30348085734
 20
352.7229996592378
 30
0.0
 10
82.31574475097248
 20
352.7183075614372
 30
0.0
 10
82.3311752743589
 20
352.7124039286267
 30
0.0
 10
82.34648883814456
 20
352.7061847813475
 30
0.0
 10
82.36175091900536
 20
352.6998478164358
 30
0.0
 10
82.38004415133008
 20
352.6922522878564
 30
0.0
 10
82.3982634202999
 20
352.6844874956328
 30
0.0
 10
82.41646061580263
 20
352.6766704254627
 30
0.0
 10
82.43753853522294
 20
352.667615866747
 30
0.0
 10
82.45858683927773
 20
352.6584911681433
 30
0.0
 10
82.47964581633853
 20
352.6493905033099
 30
0.0
 10
82.52974311487189
 20
352.6277408893859
 30
0.0
 10
82.57990081394721
 20
352.6062272870706
 30
0.0
 10
82.63031844374747
 20
352.5853369252705
 30
0.0
  0
SPLINE
  5
9D8
330
70
100
AcDbEntity
  8
09_ROUNDS
 62
     7
370
    25
100
AcDbSpline
210
0.0
220
0.0
230
1.0
 70
     8
 71
     3
 72
    11
 73
     7
 74
     0
 42
0.0000000001
 43
0.0000000001
 40
0.0
 40
0.0
 40
0.0
 40
0.0
 40
1.0
 40
1.0
 40
1.0
 40
2.0
 40
2.0
 40
2.0
 40
2.0
 10
84.29524683454726
 20
351.9745041455708
 30
0.0
 10
84.10048521894738
 20
351.9776237131705
 30
0.0
 10
83.90565065532475
 20
351.9961038308369
 30
0.0
 10
83.71352889032214
 20
352.0300073059877
 30
0.0
 10
83.53070127289928
 20
352.0622706551412
 30
0.0
 10
83.35033033224737
 20
352.1085012054708
 30
0.0
 10
83.17500294394736
 20
352.1686672017706
 30
0.0
  0
SPLINE
  5
9D9
330
70
100
AcDbEntity
  8
09_ROUNDS
 62
     7
370
    25
100
AcDbSpline
210
0.0
220
0.0
230
1.0
 70
     8
 71
     3
 72
    20
 73
    16
 74
     0
 42
0.0000000001
 43
0.0000000001
 40
0.0
 40
0.0
 40
0.0
 40
0.0
 40
1.0
 40
1.0
 40
1.0
 40
2.0
 40
2.0
 40
2.0
 40
3.0
 40
3.0
 40
3.0
 40
4.0
 40
4.0
 40
4.0
 40
5.0
 40
5.0
 40
5.0
 40
5.0
 10
83.07997180754753
 20
352.2028419864706
 30
0.0
 10
82.99147835214714
 20
352.2361435686706
 30
0.0
 10
82.90430853605917
 20
352.2731309638767
 30
0.0
 10
82.81896391801705
 20
352.3139080247847
 30
0.0
 10
82.74333522512089
 20
352.3500428846891
 30
0.0
 10
82.66913981177944
 20
352.3891536684305
 30
0.0
 10
82.596797497071
 20
352.4314911772815
 30
0.0
 10
82.53694502692889
 20
352.4665191480431
 30
0.0
 10
82.47836102004368
 20
352.5037558421671
 30
0.0
 10
82.42174623607013
 20
352.5437716198898
 30
0.0
 10
82.39875571042345
 20
352.5600215055103
 30
0.0
 10
82.37608992267311
 20
352.5767296804163
 30
0.0
 10
82.35387748548445
 20
352.5940311260937
 30
0.0
 10
82.33546574735498
 20
352.6083721767563
 30
0.0
 10
82.31736549004706
 20
352.6231208423711
 30
0.0
 10
82.29978110704715
 20
352.6384591479708
 30
0.0
  0
SPLINE
  5
9DA
330
70
100
AcDbEntity
  8
09_ROUNDS
 62
     7
370
    25
100
AcDbSpline
210
0.0
220
0.0
230
1.0
 70
     8
 71
     3
 72
    38
 73
    34
 74
     0
 42
0.0000000001
 43
0.0000000001
 40
0.0
 40
0.0
 40
0.0
 40
0.0
 40
1.0
 40
1.0
 40
1.0
 40
2.0
 40
2.0
 40
2.0
 40
3.0
 40
3.0
 40
3.0
 40
4.0
 40
4.0
 40
4.0
 40
5.0
 40
5.0
 40
5.0
 40
6.0
 40
6.0
 40
6.0
 40
7.0
 40
7.0
 40
7.0
 40
8.0
 40
8.0
 40
8.0
 40
9.0
 40
9.0
 40
9.0
 40
10.0
 40
10.0
 40
10.0
 40
11.0
 40
11.0
 40
11.0
 40
11.0
 10
82.29978110704715
 20
352.6384591479708
 30
0.0
 10
82.29137551004745
 20
352.645791086471
 30
0.0
 10
82.28308804795048
 20
352.6532620596285
 30
0.0
 10
82.27498052454254
 20
352.660923198114
 30
0.0
 10
82.26811621039317
 20
352.6674095760934
 30
0.0
 10
82.26138088220093
 20
352.6740322708202
 30
0.0
 10
82.25485336304032
 20
352.6808615237398
 30
0.0
 10
82.24951785533766
 20
352.6864436646206
 30
0.0
 10
82.24432118923528
 20
352.6921638113901
 30
0.0
 10
82.23940445661083
 20
352.698112368765
 30
0.0
 10
82.2355793059364
 20
352.7027402649701
 30
0.0
 10
82.23192358855484
 20
352.7075064095951
 30
0.0
 10
82.22862447709843
 20
352.7125474107133
 30
0.0
 10
82.22623433314955
 20
352.716199520828
 30
0.0
 10
82.22403136198241
 20
352.7199958956634
 30
0.0
 10
82.22249384183387
 20
352.7240703317929
 30
0.0
 10
82.22192444611948
 20
352.725579233302
 30
0.0
 10
82.22144631510898
 20
352.7271262701233
 30
0.0
 10
82.22116383450742
 20
352.7287174595224
 30
0.0
 10
82.22093581893641
 20
352.7300018519974
 30
0.0
 10
82.22083528056423
 20
352.7313150123497
 30
0.0
 10
82.22098559138489
 20
352.7326151063005
 30
0.0
 10
82.22111236794653
 20
352.7337116437341
 30
0.0
 10
82.2214175918816
 20
352.7347988860814
 30
0.0
 10
82.22195506721348
 20
352.7357598875824
 30
0.0
 10
82.22247604945936
 20
352.7366913995795
 30
0.0
 10
82.22321524796656
 20
352.7375042995656
 30
0.0
 10
82.22406784643327
 20
352.7381497117047
 30
0.0
 10
82.22504058883147
 20
352.7388860721099
 30
0.0
 10
82.22616094249307
 20
352.7394044157471
 30
0.0
 10
82.22731839486229
 20
352.7397863927145
 30
0.0
 10
82.22874042818316
 20
352.7402556854379
 30
0.0
 10
82.23021845944709
 20
352.7405191420706
 30
0.0
 10
82.23170096814746
 20
352.7406724793711
 30
0.0
  0
SPLINE
  5
9DB
330
70
100
AcDbEntity
  8
09_ROUNDS
 62
     7
370
    25
100
AcDbSpline
210
0.0
220
0.0
230
1.0
 70
     8
 71
     3
 72
    56
 73
    52
 74
     0
 42
0.0000000001
 43
0.0000000001
 40
0.0
 40
0.0
 40
0.0
 40
0.0
 40
1.0
 40
1.0
 40
1.0
 40
2.0
 40
2.0
 40
2.0
 40
3.0
 40
3.0
 40
3.0
 40
4.0
 40
4.0
 40
4.0
 40
5.0
 40
5.0
 40
5.0
 40
6.0
 40
6.0
 40
6.0
 40
7.0
 40
7.0
 40
7.0
 40
8.0
 40
8.0
 40
8.0
 40
9.0
 40
9.0
 40
9.0
 40
10.0
 40
10.0
 40
10.0
 40
11.0
 40
11.0
 40
11.0
 40
12.0
 40
12.0
 40
12.0
 40
13.0
 40
13.0
 40
13.0
 40
14.0
 40
14.0
 40
14.0
 40
15.0
 40
15.0
 40
15.0
 40
16.0
 40
16.0
 40
16.0
 40
17.0
 40
17.0
 40
17.0
 40
17.0
 10
83.04121191574726
 20
352.1983633184707
 30
0.0
 10
83.04907345604702
 20
352.1953438676707
 30
0.0
 10
83.05693971049574
 20
352.1923366855871
 30
0.0
 10
83.06480903701444
 20
352.1893375798507
 30
0.0
 10
83.07245099127376
 20
352.1864251287271
 30
0.0
 10
83.08009584264318
 20
352.1835202939858
 30
0.0
 10
83.08774120258734
 20
352.1806167998406
 30
0.0
 10
83.09506737013409
 20
352.1778345260512
 30
0.0
 10
83.10239400467731
 20
352.1750534832549
 30
0.0
 10
83.10971656498351
 20
352.1722617166891
 30
0.0
 10
83.11321344390703
 20
352.1709285122827
 30
0.0
 10
83.1167093936895
 20
352.1695928622918
 30
0.0
 10
83.12020352857642
 20
352.1682525016757
 30
0.0
 10
83.12355332370996
 20
352.1669675102215
 30
0.0
 10
83.12690145079434
 20
352.1656781892875
 30
0.0
 10
83.13024652459835
 20
352.1643808761376
 30
0.0
 10
83.13340634036967
 20
352.1631554112326
 30
0.0
 10
83.13656343169219
 20
352.1619228148535
 30
0.0
 10
83.1397157497332
 20
352.1606784255649
 30
0.0
 10
83.14263132918005
 20
352.1595274897188
 30
0.0
 10
83.14554282536949
 20
352.1583664657425
 30
0.0
 10
83.14844706323373
 20
352.1571863256161
 30
0.0
 10
83.15103933785094
 20
352.156132952085
 30
0.0
 10
83.1536258297228
 20
352.1550643486172
 30
0.0
 10
83.15619925287332
 20
352.1539681473293
 30
0.0
 10
83.15836504596106
 20
352.1530455842559
 30
0.0
 10
83.160521582596
 20
352.1521034739036
 30
0.0
 10
83.16265946529716
 20
352.1511103616209
 30
0.0
 10
83.16353963410255
 20
352.1507014961341
 30
0.0
 10
83.16441664110664
 20
352.1502839859301
 30
0.0
 10
83.16528155371312
 20
352.1498522626909
 30
0.0
 10
83.16600177848172
 20
352.1494927607402
 30
0.0
 10
83.16671361684388
 20
352.1491234032938
 30
0.0
 10
83.16742747129223
 20
352.1487297512637
 30
0.0
 10
83.16798238529733
 20
352.1484237462725
 30
0.0
 10
83.16853851756551
 20
352.1481030607588
 30
0.0
 10
83.16904151916558
 20
352.147760783981
 30
0.0
 10
83.16939054383624
 20
352.1475232836631
 30
0.0
 10
83.16971398743138
 20
352.1472753876963
 30
0.0
 10
83.17007496958483
 20
352.1469618159575
 30
0.0
 10
83.17028136463523
 20
352.1467825282714
 30
0.0
 10
83.17050003138467
 20
352.1465817705741
 30
0.0
 10
83.17049680030297
 20
352.1463454664159
 30
0.0
 10
83.17049475051282
 20
352.1461955556241
 30
0.0
 10
83.17040339564959
 20
352.1460313387918
 30
0.0
 10
83.17028339063631
 20
352.1459224298773
 30
0.0
 10
83.17006278284992
 20
352.1457222202871
 30
0.0
 10
83.16974535401282
 20
352.1457089196929
 30
0.0
 10
83.16944275001558
 20
352.1456943585933
 30
0.0
 10
83.16894027638431
 20
352.1456701799016
 30
0.0
 10
83.16847867864751
 20
352.1456425256711
 30
0.0
 10
83.16799684104731
 20
352.1456588717708
 30
0.0
  0
SPLINE
  5
9DC
330
70
100
AcDbEntity
  8
09_ROUNDS
 62
     7
370
    25
100
AcDbSpline
210
0.0
220
0.0
230
1.0
 70
     8
 71
     3
 72
    53
 73
    49
 74
     0
 42
0.0000000001
 43
0.0000000001
 40
0.0
 40
0.0
 40
0.0
 40
0.0
 40
1.0
 40
1.0
 40
1.0
 40
2.0
 40
2.0
 40
2.0
 40
3.0
 40
3.0
 40
3.0
 40
4.0
 40
4.0
 40
4.0
 40
5.0
 40
5.0
 40
5.0
 40
6.0
 40
6.0
 40
6.0
 40
7.0
 40
7.0
 40
7.0
 40
8.0
 40
8.0
 40
8.0
 40
9.0
 40
9.0
 40
9.0
 40
10.0
 40
10.0
 40
10.0
 40
11.0
 40
11.0
 40
11.0
 40
12.0
 40
12.0
 40
12.0
 40
13.0
 40
13.0
 40
13.0
 40
14.0
 40
14.0
 40
14.0
 40
15.0
 40
15.0
 40
15.0
 40
16.0
 40
16.0
 40
16.0
 40
16.0
 10
65.76799684104734
 20
352.1456588717708
 30
0.0
 10
65.76633348294712
 20
352.1457153002708
 30
0.0
 10
65.76467930931264
 20
352.1459376249358
 30
0.0
 10
65.7630323516217
 20
352.1461911707456
 30
0.0
 10
65.76066991598065
 20
352.1465548629411
 30
0.0
 10
65.75832232766524
 20
352.1469827948977
 30
0.0
 10
65.7559801849189
 20
352.1474406444692
 30
0.0
 10
65.74981928153007
 20
352.1486449976111
 30
0.0
 10
65.74369605765776
 20
352.1500563596663
 30
0.0
 10
65.73758986073875
 20
352.1515291824593
 30
0.0
 10
65.7302772138312
 20
352.1532930025882
 30
0.0
 10
65.72298898686014
 20
352.1551449692756
 30
0.0
 10
65.71571635645034
 20
352.1570585430788
 30
0.0
 10
65.70774667386551
 20
352.1591555251814
 30
0.0
 10
65.69979572085343
 20
352.1613264899354
 30
0.0
 10
65.69185933631089
 20
352.1635484206897
 30
0.0
 10
65.68348554100952
 20
352.1658928122967
 30
0.0
 10
65.67512796430228
 20
352.1682939426619
 30
0.0
 10
65.66678443978884
 20
352.1707430562126
 30
0.0
 10
65.65814520935609
 20
352.1732789696967
 30
0.0
 10
65.64952104482644
 20
352.1758663278174
 30
0.0
 10
65.6409105573527
 20
352.1784984962138
 30
0.0
 10
65.62310475893106
 20
352.1839416096302
 30
0.0
 10
65.60535744760625
 20
352.1895763449048
 30
0.0
 10
65.58766461001791
 20
352.1953766511686
 30
0.0
 10
65.56945979021617
 20
352.201344802393
 30
0.0
 10
65.55131264240651
 20
352.2074882455899
 30
0.0
 10
65.53322228993244
 20
352.2137945242495
 30
0.0
 10
65.51479142466044
 20
352.2202195053266
 30
0.0
 10
65.49641951295234
 20
352.2268135096284
 30
0.0
 10
65.47810712799552
 20
352.2335688633636
 30
0.0
 10
65.45954656667254
 20
352.2404157682071
 30
0.0
 10
65.44104715649201
 20
352.2474284254558
 30
0.0
 10
65.42261047902968
 20
352.2546019680015
 30
0.0
 10
65.40398114433854
 20
352.2618504717126
 30
0.0
 10
65.38541586028772
 20
352.2692632406856
 30
0.0
 10
65.36691603043346
 20
352.2768369780467
 30
0.0
 10
65.32947522241056
 20
352.2921650566706
 30
0.0
 10
65.29230251169541
 20
352.3081524542339
 30
0.0
 10
65.25541972269691
 20
352.3247818926543
 30
0.0
 10
65.21810071005586
 20
352.3416080123564
 30
0.0
 10
65.18107851766758
 20
352.3590914499416
 30
0.0
 10
65.14437724963652
 20
352.3772243053509
 30
0.0
 10
65.10739307289246
 20
352.395496936388
 30
0.0
 10
65.07073478721385
 20
352.4144290358047
 30
0.0
 10
65.03443024422877
 20
352.4340194220475
 30
0.0
 10
64.99802297816606
 20
352.4536652389502
 30
0.0
 10
64.96197145944738
 20
352.4739730731706
 30
0.0
 10
64.92631599084718
 20
352.4949466053708
 30
0.0
  0
SPLINE
  5
9DD
330
70
100
AcDbEntity
  8
09_ROUNDS
 62
     7
370
    25
100
AcDbSpline
210
0.0
220
0.0
230
1.0
 70
     8
 71
     3
 72
    29
 73
    25
 74
     0
 42
0.0000000001
 43
0.0000000001
 40
0.0
 40
0.0
 40
0.0
 40
0.0
 40
1.0
 40
1.0
 40
1.0
 40
2.0
 40
2.0
 40
2.0
 40
3.0
 40
3.0
 40
3.0
 40
4.0
 40
4.0
 40
4.0
 40
5.0
 40
5.0
 40
5.0
 40
6.0
 40
6.0
 40
6.0
 40
7.0
 40
7.0
 40
7.0
 40
8.0
 40
8.0
 40
8.0
 40
8.0
 10
64.83170096814747
 20
352.7406724793711
 30
0.0
 10
64.83444482704735
 20
352.7409560921711
 30
0.0
 10
64.83722165220095
 20
352.7408751946728
 30
0.0
 10
64.83997633312667
 20
352.7406390285358
 30
0.0
 10
64.84353984960717
 20
352.7403335187713
 30
0.0
 10
64.84706630864064
 20
352.7397681733875
 30
0.0
 10
64.85056817117795
 20
352.7390846592988
 30
0.0
 10
64.8600747827339
 20
352.7372291030438
 30
0.0
 10
64.8694001240246
 20
352.7345026718621
 30
0.0
 10
64.87863016949659
 20
352.7315267828302
 30
0.0
 10
64.89114308295473
 20
352.7274924536344
 30
0.0
 10
64.90348085734003
 20
352.7229996592378
 30
0.0
 10
64.91574475097251
 20
352.7183075614372
 30
0.0
 10
64.93117527435892
 20
352.7124039286267
 30
0.0
 10
64.94648883814459
 20
352.7061847813475
 30
0.0
 10
64.96175091900538
 20
352.6998478164358
 30
0.0
 10
64.9800441513301
 20
352.6922522878564
 30
0.0
 10
64.99826342029994
 20
352.6844874956328
 30
0.0
 10
65.01646061580267
 20
352.6766704254627
 30
0.0
 10
65.03753853522297
 20
352.667615866747
 30
0.0
 10
65.05858683927776
 20
352.6584911681433
 30
0.0
 10
65.07964581633856
 20
352.6493905033099
 30
0.0
 10
65.12974311487191
 20
352.6277408893859
 30
0.0
 10
65.17990081394724
 20
352.6062272870706
 30
0.0
 10
65.23031844374749
 20
352.5853369252705
 30
0.0
  0
SPLINE
  5
9DE
330
70
100
AcDbEntity
  8
09_ROUNDS
 62
     7
370
    25
100
AcDbSpline
210
0.0
220
0.0
230
1.0
 70
     8
 71
     3
 72
    11
 73
     7
 74
     0
 42
0.0000000001
 43
0.0000000001
 40
0.0
 40
0.0
 40
0.0
 40
0.0
 40
1.0
 40
1.0
 40
1.0
 40
2.0
 40
2.0
 40
2.0
 40
2.0
 10
66.89524683454727
 20
351.9745041455708
 30
0.0
 10
66.70048521894741
 20
351.9776237131705
 30
0.0
 10
66.5056506553248
 20
351.9961038308369
 30
0.0
 10
66.31352889032216
 20
352.0300073059877
 30
0.0
 10
66.13070127289931
 20
352.0622706551412
 30
0.0
 10
65.95033033224741
 20
352.1085012054708
 30
0.0
 10
65.77500294394738
 20
352.1686672017706
 30
0.0
  0
SPLINE
  5
9DF
330
70
100
AcDbEntity
  8
09_ROUNDS
 62
     7
370
    25
100
AcDbSpline
210
0.0
220
0.0
230
1.0
 70
     8
 71
     3
 72
    20
 73
    16
 74
     0
 42
0.0000000001
 43
0.0000000001
 40
0.0
 40
0.0
 40
0.0
 40
0.0
 40
1.0
 40
1.0
 40
1.0
 40
2.0
 40
2.0
 40
2.0
 40
3.0
 40
3.0
 40
3.0
 40
4.0
 40
4.0
 40
4.0
 40
5.0
 40
5.0
 40
5.0
 40
5.0
 10
65.67997180754756
 20
352.2028419864706
 30
0.0
 10
65.59147835214716
 20
352.2361435686706
 30
0.0
 10
65.50430853605921
 20
352.2731309638767
 30
0.0
 10
65.41896391801707
 20
352.3139080247847
 30
0.0
 10
65.34333522512091
 20
352.3500428846891
 30
0.0
 10
65.26913981177947
 20
352.3891536684305
 30
0.0
 10
65.19679749707103
 20
352.4314911772815
 30
0.0
 10
65.13694502692891
 20
352.4665191480431
 30
0.0
 10
65.0783610200437
 20
352.5037558421671
 30
0.0
 10
65.02174623606951
 20
352.5437716198898
 30
0.0
 10
64.99875571042348
 20
352.5600215055103
 30
0.0
 10
64.97608992267314
 20
352.5767296804163
 30
0.0
 10
64.95387748548449
 20
352.5940311260937
 30
0.0
 10
64.93546574735501
 20
352.6083721767563
 30
0.0
 10
64.91736549004707
 20
352.6231208423711
 30
0.0
 10
64.89978110704718
 20
352.6384591479708
 30
0.0
  0
SPLINE
  5
9E0
330
70
100
AcDbEntity
  8
09_ROUNDS
 62
     7
370
    25
100
AcDbSpline
210
0.0
220
0.0
230
1.0
 70
     8
 71
     3
 72
    38
 73
    34
 74
     0
 42
0.0000000001
 43
0.0000000001
 40
0.0
 40
0.0
 40
0.0
 40
0.0
 40
1.0
 40
1.0
 40
1.0
 40
2.0
 40
2.0
 40
2.0
 40
3.0
 40
3.0
 40
3.0
 40
4.0
 40
4.0
 40
4.0
 40
5.0
 40
5.0
 40
5.0
 40
6.0
 40
6.0
 40
6.0
 40
7.0
 40
7.0
 40
7.0
 40
8.0
 40
8.0
 40
8.0
 40
9.0
 40
9.0
 40
9.0
 40
10.0
 40
10.0
 40
10.0
 40
11.0
 40
11.0
 40
11.0
 40
11.0
 10
64.89978110704718
 20
352.6384591479708
 30
0.0
 10
64.89137551004748
 20
352.645791086471
 30
0.0
 10
64.88308804795051
 20
352.6532620596285
 30
0.0
 10
64.87498052454256
 20
352.660923198114
 30
0.0
 10
64.86811621039319
 20
352.6674095760934
 30
0.0
 10
64.86138088220094
 20
352.6740322708202
 30
0.0
 10
64.85485336304036
 20
352.6808615237398
 30
0.0
 10
64.84951785533771
 20
352.6864436646206
 30
0.0
 10
64.8443211892353
 20
352.6921638113901
 30
0.0
 10
64.83940445661087
 20
352.698112368765
 30
0.0
 10
64.83557930593644
 20
352.7027402649701
 30
0.0
 10
64.83192358855487
 20
352.7075064095951
 30
0.0
 10
64.82862447709847
 20
352.7125474107133
 30
0.0
 10
64.82623433314957
 20
352.716199520828
 30
0.0
 10
64.82403136198245
 20
352.7199958956634
 30
0.0
 10
64.82249384183389
 20
352.7240703317929
 30
0.0
 10
64.82192444611951
 20
352.725579233302
 30
0.0
 10
64.821446315109
 20
352.7271262701233
 30
0.0
 10
64.82116383450744
 20
352.7287174595224
 30
0.0
 10
64.82093581893645
 20
352.7300018519974
 30
0.0
 10
64.82083528056425
 20
352.7313150123497
 30
0.0
 10
64.82098559138491
 20
352.7326151063005
 30
0.0
 10
64.82111236794655
 20
352.7337116437341
 30
0.0
 10
64.82141759188161
 20
352.7347988860814
 30
0.0
 10
64.82195506721352
 20
352.7357598875824
 30
0.0
 10
64.82247604945938
 20
352.7366913995795
 30
0.0
 10
64.82321524796659
 20
352.7375042995656
 30
0.0
 10
64.82406784643329
 20
352.7381497117047
 30
0.0
 10
64.82504058883151
 20
352.7388860721099
 30
0.0
 10
64.8261609424931
 20
352.7394044157471
 30
0.0
 10
64.82731839486231
 20
352.7397863927145
 30
0.0
 10
64.82874042818321
 20
352.7402556854379
 30
0.0
 10
64.83021845944712
 20
352.7405191420706
 30
0.0
 10
64.83170096814747
 20
352.7406724793711
 30
0.0
  0
SPLINE
  5
9E1
330
70
100
AcDbEntity
  8
09_ROUNDS
 62
     7
370
    25
100
AcDbSpline
210
0.0
220
0.0
230
1.0
 70
     8
 71
     3
 72
    56
 73
    52
 74
     0
 42
0.0000000001
 43
0.0000000001
 40
0.0
 40
0.0
 40
0.0
 40
0.0
 40
1.0
 40
1.0
 40
1.0
 40
2.0
 40
2.0
 40
2.0
 40
3.0
 40
3.0
 40
3.0
 40
4.0
 40
4.0
 40
4.0
 40
5.0
 40
5.0
 40
5.0
 40
6.0
 40
6.0
 40
6.0
 40
7.0
 40
7.0
 40
7.0
 40
8.0
 40
8.0
 40
8.0
 40
9.0
 40
9.0
 40
9.0
 40
10.0
 40
10.0
 40
10.0
 40
11.0
 40
11.0
 40
11.0
 40
12.0
 40
12.0
 40
12.0
 40
13.0
 40
13.0
 40
13.0
 40
14.0
 40
14.0
 40
14.0
 40
15.0
 40
15.0
 40
15.0
 40
16.0
 40
16.0
 40
16.0
 40
17.0
 40
17.0
 40
17.0
 40
17.0
 10
65.64121191574727
 20
352.1983633184707
 30
0.0
 10
65.64907345604705
 20
352.1953438676707
 30
0.0
 10
65.65693971049578
 20
352.1923366855871
 30
0.0
 10
65.66480903701446
 20
352.1893375798507
 30
0.0
 10
65.67245099127379
 20
352.1864251287271
 30
0.0
 10
65.68009584264321
 20
352.1835202939858
 30
0.0
 10
65.68774120258736
 20
352.1806167998406
 30
0.0
 10
65.69506737013411
 20
352.1778345260512
 30
0.0
 10
65.70239400467734
 20
352.1750534832549
 30
0.0
 10
65.70971656498352
 20
352.1722617166891
 30
0.0
 10
65.71321344390707
 20
352.1709285122827
 30
0.0
 10
65.71670939368954
 20
352.1695928622918
 30
0.0
 10
65.72020352857643
 20
352.1682525016757
 30
0.0
 10
65.72355332371
 20
352.1669675102215
 30
0.0
 10
65.72690145079437
 20
352.1656781892875
 30
0.0
 10
65.73024652459837
 20
352.1643808761376
 30
0.0
 10
65.73340634036968
 20
352.1631554112326
 30
0.0
 10
65.73656343169222
 20
352.1619228148535
 30
0.0
 10
65.73971574973322
 20
352.1606784255649
 30
0.0
 10
65.74263132918007
 20
352.1595274897188
 30
0.0
 10
65.74554282536952
 20
352.1583664657425
 30
0.0
 10
65.74844706323375
 20
352.1571863256161
 30
0.0
 10
65.75103933785095
 20
352.156132952085
 30
0.0
 10
65.75362582972283
 20
352.1550643486172
 30
0.0
 10
65.75619925287334
 20
352.1539681473293
 30
0.0
 10
65.75836504596108
 20
352.1530455842559
 30
0.0
 10
65.76052158259601
 20
352.1521034739036
 30
0.0
 10
65.76265946529717
 20
352.1511103616209
 30
0.0
 10
65.76353963410259
 20
352.1507014961341
 30
0.0
 10
65.76441664110667
 20
352.1502839859301
 30
0.0
 10
65.76528155371313
 20
352.1498522626909
 30
0.0
 10
65.76600177848175
 20
352.1494927607402
 30
0.0
 10
65.7667136168439
 20
352.1491234032938
 30
0.0
 10
65.76742747129225
 20
352.1487297512637
 30
0.0
 10
65.76798238529736
 20
352.1484237462725
 30
0.0
 10
65.76853851756553
 20
352.1481030607588
 30
0.0
 10
65.7690415191656
 20
352.147760783981
 30
0.0
 10
65.76939054383626
 20
352.1475232836631
 30
0.0
 10
65.7697139874314
 20
352.1472753876963
 30
0.0
 10
65.77007496958485
 20
352.1469618159575
 30
0.0
 10
65.77028136463525
 20
352.1467825282714
 30
0.0
 10
65.77050003138471
 20
352.1465817705741
 30
0.0
 10
65.77049680030299
 20
352.1463454664159
 30
0.0
 10
65.77049475051284
 20
352.1461955556241
 30
0.0
 10
65.77040339564961
 20
352.1460313387918
 30
0.0
 10
65.77028339063634
 20
352.1459224298773
 30
0.0
 10
65.77006278284994
 20
352.1457222202871
 30
0.0
 10
65.76974535401285
 20
352.1457089196929
 30
0.0
 10
65.76944275001562
 20
352.1456943585933
 30
0.0
 10
65.76894027638434
 20
352.1456701799016
 30
0.0
 10
65.76847867864754
 20
352.1456425256711
 30
0.0
 10
65.76799684104734
 20
352.1456588717708
 30
0.0
  0
SPLINE
  5
9E2
330
70
100
AcDbEntity
  8
09_ROUNDS
 62
     7
370
    25
100
AcDbSpline
210
0.0
220
0.0
230
1.0
 70
     8
 71
     3
 72
    53
 73
    49
 74
     0
 42
0.0000000001
 43
0.0000000001
 40
0.0
 40
0.0
 40
0.0
 40
0.0
 40
1.0
 40
1.0
 40
1.0
 40
2.0
 40
2.0
 40
2.0
 40
3.0
 40
3.0
 40
3.0
 40
4.0
 40
4.0
 40
4.0
 40
5.0
 40
5.0
 40
5.0
 40
6.0
 40
6.0
 40
6.0
 40
7.0
 40
7.0
 40
7.0
 40
8.0
 40
8.0
 40
8.0
 40
9.0
 40
9.0
 40
9.0
 40
10.0
 40
10.0
 40
10.0
 40
11.0
 40
11.0
 40
11.0
 40
12.0
 40
12.0
 40
12.0
 40
13.0
 40
13.0
 40
13.0
 40
14.0
 40
14.0
 40
14.0
 40
15.0
 40
15.0
 40
15.0
 40
16.0
 40
16.0
 40
16.0
 40
16.0
 10
48.36799684104737
 20
352.1456588717708
 30
0.0
 10
48.36633348294714
 20
352.1457153002708
 30
0.0
 10
48.36467930931267
 20
352.1459376249358
 30
0.0
 10
48.36303235162173
 20
352.1461911707456
 30
0.0
 10
48.36066991598068
 20
352.1465548629411
 30
0.0
 10
48.35832232766527
 20
352.1469827948977
 30
0.0
 10
48.35598018491892
 20
352.1474406444692
 30
0.0
 10
48.3498192815301
 20
352.1486449976111
 30
0.0
 10
48.34369605765778
 20
352.1500563596663
 30
0.0
 10
48.33758986073878
 20
352.1515291824593
 30
0.0
 10
48.33027721383122
 20
352.1532930025882
 30
0.0
 10
48.32298898686017
 20
352.1551449692756
 30
0.0
 10
48.31571635645038
 20
352.1570585430788
 30
0.0
 10
48.30774667386555
 20
352.1591555251814
 30
0.0
 10
48.29979572085346
 20
352.1613264899354
 30
0.0
 10
48.29185933631093
 20
352.1635484206897
 30
0.0
 10
48.28348554100955
 20
352.1658928122967
 30
0.0
 10
48.27512796430231
 20
352.1682939426619
 30
0.0
 10
48.26678443978886
 20
352.1707430562126
 30
0.0
 10
48.25814520935612
 20
352.1732789696967
 30
0.0
 10
48.24952104482647
 20
352.1758663278174
 30
0.0
 10
48.24091055735272
 20
352.1784984962138
 30
0.0
 10
48.22310475893108
 20
352.1839416096302
 30
0.0
 10
48.20535744760627
 20
352.1895763449048
 30
0.0
 10
48.18766461001795
 20
352.1953766511686
 30
0.0
 10
48.16945979021619
 20
352.201344802393
 30
0.0
 10
48.15131264240654
 20
352.2074882455899
 30
0.0
 10
48.13322228993246
 20
352.2137945242495
 30
0.0
 10
48.11479142466047
 20
352.2202195053266
 30
0.0
 10
48.09641951295173
 20
352.2268135096284
 30
0.0
 10
48.07810712799556
 20
352.2335688633636
 30
0.0
 10
48.05954656667257
 20
352.2404157682071
 30
0.0
 10
48.04104715649203
 20
352.2474284254558
 30
0.0
 10
48.02261047902971
 20
352.2546019680015
 30
0.0
 10
48.00398114433857
 20
352.2618504717126
 30
0.0
 10
47.98541586028775
 20
352.2692632406856
 30
0.0
 10
47.96691603043348
 20
352.2768369780467
 30
0.0
 10
47.92947522241059
 20
352.2921650566706
 30
0.0
 10
47.89230251169479
 20
352.3081524542339
 30
0.0
 10
47.85541972269695
 20
352.3247818926543
 30
0.0
 10
47.81810071005589
 20
352.3416080123564
 30
0.0
 10
47.78107851766761
 20
352.3590914499416
 30
0.0
 10
47.74437724963655
 20
352.3772243053509
 30
0.0
 10
47.70739307289249
 20
352.395496936388
 30
0.0
 10
47.67073478721323
 20
352.4144290358047
 30
0.0
 10
47.6344302442288
 20
352.4340194220475
 30
0.0
 10
47.59802297816609
 20
352.4536652389502
 30
0.0
 10
47.5619714594474
 20
352.4739730731706
 30
0.0
 10
47.52631599084721
 20
352.4949466053708
 30
0.0
  0
SPLINE
  5
9E3
330
70
100
AcDbEntity
  8
09_ROUNDS
 62
     7
370
    25
100
AcDbSpline
210
0.0
220
0.0
230
1.0
 70
     8
 71
     3
 72
    29
 73
    25
 74
     0
 42
0.0000000001
 43
0.0000000001
 40
0.0
 40
0.0
 40
0.0
 40
0.0
 40
1.0
 40
1.0
 40
1.0
 40
2.0
 40
2.0
 40
2.0
 40
3.0
 40
3.0
 40
3.0
 40
4.0
 40
4.0
 40
4.0
 40
5.0
 40
5.0
 40
5.0
 40
6.0
 40
6.0
 40
6.0
 40
7.0
 40
7.0
 40
7.0
 40
8.0
 40
8.0
 40
8.0
 40
8.0
 10
47.4317009681475
 20
352.7406724793711
 30
0.0
 10
47.43444482704737
 20
352.7409560921711
 30
0.0
 10
47.43722165220098
 20
352.7408751946728
 30
0.0
 10
47.4399763331267
 20
352.7406390285358
 30
0.0
 10
47.4435398496072
 20
352.7403335187713
 30
0.0
 10
47.44706630864066
 20
352.7397681733875
 30
0.0
 10
47.45056817117798
 20
352.7390846592988
 30
0.0
 10
47.46007478273392
 20
352.7372291030438
 30
0.0
 10
47.46940012402464
 20
352.7345026718621
 30
0.0
 10
47.47863016949661
 20
352.7315267828302
 30
0.0
 10
47.49114308295475
 20
352.7274924536344
 30
0.0
 10
47.50348085734006
 20
352.7229996592378
 30
0.0
 10
47.51574475097253
 20
352.7183075614372
 30
0.0
 10
47.53117527435895
 20
352.7124039286267
 30
0.0
 10
47.54648883814461
 20
352.7061847813475
 30
0.0
 10
47.56175091900541
 20
352.6998478164358
 30
0.0
 10
47.58004415133013
 20
352.6922522878564
 30
0.0
 10
47.59826342029995
 20
352.6844874956328
 30
0.0
 10
47.61646061580269
 20
352.6766704254627
 30
0.0
 10
47.637538535223
 20
352.667615866747
 30
0.0
 10
47.65858683927779
 20
352.6584911681433
 30
0.0
 10
47.67964581633858
 20
352.6493905033099
 30
0.0
 10
47.72974311487195
 20
352.6277408893859
 30
0.0
 10
47.77990081394728
 20
352.6062272870706
 30
0.0
 10
47.83031844374752
 20
352.5853369252705
 30
0.0
  0
SPLINE
  5
9E4
330
70
100
AcDbEntity
  8
09_ROUNDS
 62
     7
370
    25
100
AcDbSpline
210
0.0
220
0.0
230
1.0
 70
     8
 71
     3
 72
    11
 73
     7
 74
     0
 42
0.0000000001
 43
0.0000000001
 40
0.0
 40
0.0
 40
0.0
 40
0.0
 40
1.0
 40
1.0
 40
1.0
 40
2.0
 40
2.0
 40
2.0
 40
2.0
 10
49.49524683454731
 20
351.9745041455708
 30
0.0
 10
49.30048521894743
 20
351.9776237131705
 30
0.0
 10
49.10565065532482
 20
351.9961038308369
 30
0.0
 10
48.91352889032219
 20
352.0300073059877
 30
0.0
 10
48.7307012728987
 20
352.0622706551412
 30
0.0
 10
48.55033033224742
 20
352.1085012054708
 30
0.0
 10
48.37500294394741
 20
352.1686672017706
 30
0.0
  0
SPLINE
  5
9E5
330
70
100
AcDbEntity
  8
09_ROUNDS
 62
     7
370
    25
100
AcDbSpline
210
0.0
220
0.0
230
1.0
 70
     8
 71
     3
 72
    20
 73
    16
 74
     0
 42
0.0000000001
 43
0.0000000001
 40
0.0
 40
0.0
 40
0.0
 40
0.0
 40
1.0
 40
1.0
 40
1.0
 40
2.0
 40
2.0
 40
2.0
 40
3.0
 40
3.0
 40
3.0
 40
4.0
 40
4.0
 40
4.0
 40
5.0
 40
5.0
 40
5.0
 40
5.0
 10
48.27997180754695
 20
352.2028419864706
 30
0.0
 10
48.19147835214719
 20
352.2361435686706
 30
0.0
 10
48.10430853605923
 20
352.2731309638767
 30
0.0
 10
48.0189639180171
 20
352.3139080247847
 30
0.0
 10
47.94333522512093
 20
352.3500428846891
 30
0.0
 10
47.86913981177949
 20
352.3891536684305
 30
0.0
 10
47.79679749707105
 20
352.4314911772815
 30
0.0
 10
47.73694502692894
 20
352.4665191480431
 30
0.0
 10
47.67836102004373
 20
352.5037558421671
 30
0.0
 10
47.62174623606954
 20
352.5437716198898
 30
0.0
 10
47.59875571042352
 20
352.5600215055103
 30
0.0
 10
47.57608992267317
 20
352.5767296804163
 30
0.0
 10
47.55387748548452
 20
352.5940311260937
 30
0.0
 10
47.53546574735504
 20
352.6083721767563
 30
0.0
 10
47.5173654900471
 20
352.6231208423711
 30
0.0
 10
47.4997811070472
 20
352.6384591479708
 30
0.0
  0
SPLINE
  5
9E6
330
70
100
AcDbEntity
  8
09_ROUNDS
 62
     7
370
    25
100
AcDbSpline
210
0.0
220
0.0
230
1.0
 70
     8
 71
     3
 72
    38
 73
    34
 74
     0
 42
0.0000000001
 43
0.0000000001
 40
0.0
 40
0.0
 40
0.0
 40
0.0
 40
1.0
 40
1.0
 40
1.0
 40
2.0
 40
2.0
 40
2.0
 40
3.0
 40
3.0
 40
3.0
 40
4.0
 40
4.0
 40
4.0
 40
5.0
 40
5.0
 40
5.0
 40
6.0
 40
6.0
 40
6.0
 40
7.0
 40
7.0
 40
7.0
 40
8.0
 40
8.0
 40
8.0
 40
9.0
 40
9.0
 40
9.0
 40
10.0
 40
10.0
 40
10.0
 40
11.0
 40
11.0
 40
11.0
 40
11.0
 10
47.4997811070472
 20
352.6384591479708
 30
0.0
 10
47.49137551004752
 20
352.645791086471
 30
0.0
 10
47.48308804795054
 20
352.6532620596285
 30
0.0
 10
47.47498052454259
 20
352.660923198114
 30
0.0
 10
47.46811621039323
 20
352.6674095760934
 30
0.0
 10
47.46138088220098
 20
352.6740322708202
 30
0.0
 10
47.45485336304038
 20
352.6808615237398
 30
0.0
 10
47.44951785533773
 20
352.6864436646206
 30
0.0
 10
47.44432118923533
 20
352.6921638113901
 30
0.0
 10
47.43940445661089
 20
352.698112368765
 30
0.0
 10
47.43557930593645
 20
352.7027402649701
 30
0.0
 10
47.4319235885549
 20
352.7075064095951
 30
0.0
 10
47.42862447709849
 20
352.7125474107133
 30
0.0
 10
47.42623433314959
 20
352.716199520828
 30
0.0
 10
47.42403136198247
 20
352.7199958956634
 30
0.0
 10
47.42249384183391
 20
352.7240703317929
 30
0.0
 10
47.42192444611954
 20
352.725579233302
 30
0.0
 10
47.42144631510902
 20
352.7271262701233
 30
0.0
 10
47.42116383450747
 20
352.7287174595224
 30
0.0
 10
47.42093581893647
 20
352.7300018519974
 30
0.0
 10
47.42083528056428
 20
352.7313150123497
 30
0.0
 10
47.42098559138494
 20
352.7326151063005
 30
0.0
 10
47.42111236794658
 20
352.7337116437341
 30
0.0
 10
47.42141759188164
 20
352.7347988860814
 30
0.0
 10
47.42195506721354
 20
352.7357598875824
 30
0.0
 10
47.42247604945941
 20
352.7366913995795
 30
0.0
 10
47.42321524796661
 20
352.7375042995656
 30
0.0
 10
47.42406784643332
 20
352.7381497117047
 30
0.0
 10
47.42504058883153
 20
352.7388860721099
 30
0.0
 10
47.42616094249313
 20
352.7394044157471
 30
0.0
 10
47.42731839486235
 20
352.7397863927145
 30
0.0
 10
47.42874042818323
 20
352.7402556854379
 30
0.0
 10
47.43021845944714
 20
352.7405191420706
 30
0.0
 10
47.4317009681475
 20
352.7406724793711
 30
0.0
  0
SPLINE
  5
9E7
330
70
100
AcDbEntity
  8
09_ROUNDS
 62
     7
370
    25
100
AcDbSpline
210
0.0
220
0.0
230
1.0
 70
     8
 71
     3
 72
    56
 73
    52
 74
     0
 42
0.0000000001
 43
0.0000000001
 40
0.0
 40
0.0
 40
0.0
 40
0.0
 40
1.0
 40
1.0
 40
1.0
 40
2.0
 40
2.0
 40
2.0
 40
3.0
 40
3.0
 40
3.0
 40
4.0
 40
4.0
 40
4.0
 40
5.0
 40
5.0
 40
5.0
 40
6.0
 40
6.0
 40
6.0
 40
7.0
 40
7.0
 40
7.0
 40
8.0
 40
8.0
 40
8.0
 40
9.0
 40
9.0
 40
9.0
 40
10.0
 40
10.0
 40
10.0
 40
11.0
 40
11.0
 40
11.0
 40
12.0
 40
12.0
 40
12.0
 40
13.0
 40
13.0
 40
13.0
 40
14.0
 40
14.0
 40
14.0
 40
15.0
 40
15.0
 40
15.0
 40
16.0
 40
16.0
 40
16.0
 40
17.0
 40
17.0
 40
17.0
 40
17.0
 10
48.24121191574731
 20
352.1983633184707
 30
0.0
 10
48.24907345604708
 20
352.1953438676707
 30
0.0
 10
48.2569397104958
 20
352.1923366855871
 30
0.0
 10
48.2648090370145
 20
352.1893375798507
 30
0.0
 10
48.27245099127382
 20
352.1864251287271
 30
0.0
 10
48.28009584264325
 20
352.1835202939858
 30
0.0
 10
48.28774120258739
 20
352.1806167998406
 30
0.0
 10
48.29506737013414
 20
352.1778345260512
 30
0.0
 10
48.30239400467736
 20
352.1750534832549
 30
0.0
 10
48.30971656498356
 20
352.1722617166891
 30
0.0
 10
48.31321344390708
 20
352.1709285122827
 30
0.0
 10
48.31670939368956
 20
352.1695928622918
 30
0.0
 10
48.32020352857647
 20
352.1682525016757
 30
0.0
 10
48.32355332371001
 20
352.1669675102215
 30
0.0
 10
48.32690145079376
 20
352.1656781892875
 30
0.0
 10
48.3302465245984
 20
352.1643808761376
 30
0.0
 10
48.33340634036972
 20
352.1631554112326
 30
0.0
 10
48.33656343169224
 20
352.1619228148535
 30
0.0
 10
48.33971574973325
 20
352.1606784255649
 30
0.0
 10
48.3426313291801
 20
352.1595274897188
 30
0.0
 10
48.34554282536955
 20
352.1583664657425
 30
0.0
 10
48.34844706323378
 20
352.1571863256161
 30
0.0
 10
48.35103933785099
 20
352.156132952085
 30
0.0
 10
48.35362582972286
 20
352.1550643486172
 30
0.0
 10
48.35619925287337
 20
352.1539681473293
 30
0.0
 10
48.35836504596112
 20
352.1530455842559
 30
0.0
 10
48.36052158259604
 20
352.1521034739036
 30
0.0
 10
48.36265946529721
 20
352.1511103616209
 30
0.0
 10
48.36353963410261
 20
352.1507014961341
 30
0.0
 10
48.3644166411067
 20
352.1502839859301
 30
0.0
 10
48.36528155371317
 20
352.1498522626909
 30
0.0
 10
48.36600177848178
 20
352.1494927607402
 30
0.0
 10
48.36671361684394
 20
352.1491234032938
 30
0.0
 10
48.36742747129228
 20
352.1487297512637
 30
0.0
 10
48.36798238529739
 20
352.1484237462725
 30
0.0
 10
48.36853851756555
 20
352.1481030607588
 30
0.0
 10
48.36904151916563
 20
352.147760783981
 30
0.0
 10
48.36939054383629
 20
352.1475232836631
 30
0.0
 10
48.36971398743143
 20
352.1472753876963
 30
0.0
 10
48.37007496958488
 20
352.1469618159575
 30
0.0
 10
48.37028136463527
 20
352.1467825282714
 30
0.0
 10
48.37050003138473
 20
352.1465817705741
 30
0.0
 10
48.37049680030301
 20
352.1463454664159
 30
0.0
 10
48.37049475051287
 20
352.1461955556241
 30
0.0
 10
48.37040339564964
 20
352.1460313387918
 30
0.0
 10
48.37028339063635
 20
352.1459224298773
 30
0.0
 10
48.37006278284998
 20
352.1457222202871
 30
0.0
 10
48.36974535401288
 20
352.1457089196929
 30
0.0
 10
48.36944275001564
 20
352.1456943585933
 30
0.0
 10
48.36894027638372
 20
352.1456701799016
 30
0.0
 10
48.36847867864693
 20
352.1456425256711
 30
0.0
 10
48.36799684104737
 20
352.1456588717708
 30
0.0
  0
SPLINE
  5
9E8
330
70
100
AcDbEntity
  8
09_ROUNDS
 62
     7
370
    25
100
AcDbSpline
210
0.0
220
0.0
230
1.0
 70
     8
 71
     3
 72
    53
 73
    49
 74
     0
 42
0.0000000001
 43
0.0000000001
 40
0.0
 40
0.0
 40
0.0
 40
0.0
 40
1.0
 40
1.0
 40
1.0
 40
2.0
 40
2.0
 40
2.0
 40
3.0
 40
3.0
 40
3.0
 40
4.0
 40
4.0
 40
4.0
 40
5.0
 40
5.0
 40
5.0
 40
6.0
 40
6.0
 40
6.0
 40
7.0
 40
7.0
 40
7.0
 40
8.0
 40
8.0
 40
8.0
 40
9.0
 40
9.0
 40
9.0
 40
10.0
 40
10.0
 40
10.0
 40
11.0
 40
11.0
 40
11.0
 40
12.0
 40
12.0
 40
12.0
 40
13.0
 40
13.0
 40
13.0
 40
14.0
 40
14.0
 40
14.0
 40
15.0
 40
15.0
 40
15.0
 40
16.0
 40
16.0
 40
16.0
 40
16.0
 10
30.9679968410474
 20
352.1456588717708
 30
0.0
 10
30.96633348294718
 20
352.1457153002708
 30
0.0
 10
30.96467930931269
 20
352.1459376249358
 30
0.0
 10
30.96303235162177
 20
352.1461911707456
 30
0.0
 10
30.96066991598007
 20
352.1465548629411
 30
0.0
 10
30.9583223276653
 20
352.1469827948977
 30
0.0
 10
30.95598018491895
 20
352.1474406444692
 30
0.0
 10
30.94981928153013
 20
352.1486449976111
 30
0.0
 10
30.94369605765781
 20
352.1500563596663
 30
0.0
 10
30.93758986073881
 20
352.1515291824593
 30
0.0
 10
30.93027721383125
 20
352.1532930025882
 30
0.0
 10
30.92298898686021
 20
352.1551449692756
 30
0.0
 10
30.91571635645041
 20
352.1570585430788
 30
0.0
 10
30.90774667386558
 20
352.1591555251814
 30
0.0
 10
30.89979572085349
 20
352.1613264899354
 30
0.0
 10
30.89185933631096
 20
352.1635484206897
 30
0.0
 10
30.88348554100958
 20
352.1658928122967
 30
0.0
 10
30.87512796430234
 20
352.1682939426619
 30
0.0
 10
30.86678443978889
 20
352.1707430562126
 30
0.0
 10
30.85814520935615
 20
352.1732789696967
 30
0.0
 10
30.8495210448265
 20
352.1758663278174
 30
0.0
 10
30.84091055735275
 20
352.1784984962138
 30
0.0
 10
30.82310475893112
 20
352.1839416096302
 30
0.0
 10
30.8053574476063
 20
352.1895763449048
 30
0.0
 10
30.78766461001797
 20
352.1953766511686
 30
0.0
 10
30.76945979021622
 20
352.201344802393
 30
0.0
 10
30.75131264240657
 20
352.2074882455899
 30
0.0
 10
30.7332222899325
 20
352.2137945242495
 30
0.0
 10
30.7147914246605
 20
352.2202195053266
 30
0.0
 10
30.69641951295175
 20
352.2268135096284
 30
0.0
 10
30.67810712799559
 20
352.2335688633636
 30
0.0
 10
30.65954656667259
 20
352.2404157682071
 30
0.0
 10
30.64104715649206
 20
352.2474284254558
 30
0.0
 10
30.62261047902973
 20
352.2546019680015
 30
0.0
 10
30.60398114433859
 20
352.2618504717126
 30
0.0
 10
30.58541586028778
 20
352.2692632406856
 30
0.0
 10
30.56691603043351
 20
352.2768369780467
 30
0.0
 10
30.52947522241062
 20
352.2921650566706
 30
0.0
 10
30.49230251169482
 20
352.3081524542339
 30
0.0
 10
30.45541972269698
 20
352.3247818926543
 30
0.0
 10
30.41810071005592
 20
352.3416080123564
 30
0.0
 10
30.38107851766764
 20
352.3590914499416
 30
0.0
 10
30.34437724963658
 20
352.3772243053509
 30
0.0
 10
30.30739307289252
 20
352.395496936388
 30
0.0
 10
30.27073478721326
 20
352.4144290358047
 30
0.0
 10
30.23443024422883
 20
352.4340194220475
 30
0.0
 10
30.19802297816612
 20
352.4536652389502
 30
0.0
 10
30.16197145944744
 20
352.4739730731706
 30
0.0
 10
30.12631599084724
 20
352.4949466053708
 30
0.0
  0
SPLINE
  5
9E9
330
70
100
AcDbEntity
  8
09_ROUNDS
 62
     7
370
    25
100
AcDbSpline
210
0.0
220
0.0
230
1.0
 70
     8
 71
     3
 72
    29
 73
    25
 74
     0
 42
0.0000000001
 43
0.0000000001
 40
0.0
 40
0.0
 40
0.0
 40
0.0
 40
1.0
 40
1.0
 40
1.0
 40
2.0
 40
2.0
 40
2.0
 40
3.0
 40
3.0
 40
3.0
 40
4.0
 40
4.0
 40
4.0
 40
5.0
 40
5.0
 40
5.0
 40
6.0
 40
6.0
 40
6.0
 40
7.0
 40
7.0
 40
7.0
 40
8.0
 40
8.0
 40
8.0
 40
8.0
 10
30.03170096814753
 20
352.7406724793711
 30
0.0
 10
30.0344448270474
 20
352.7409560921711
 30
0.0
 10
30.037221652201
 20
352.7408751946728
 30
0.0
 10
30.03997633312673
 20
352.7406390285358
 30
0.0
 10
30.04353984960723
 20
352.7403335187713
 30
0.0
 10
30.04706630864069
 20
352.7397681733875
 30
0.0
 10
30.05056817117801
 20
352.7390846592988
 30
0.0
 10
30.06007478273396
 20
352.7372291030438
 30
0.0
 10
30.06940012402467
 20
352.7345026718621
 30
0.0
 10
30.07863016949664
 20
352.7315267828302
 30
0.0
 10
30.09114308295479
 20
352.7274924536344
 30
0.0
 10
30.10348085734009
 20
352.7229996592378
 30
0.0
 10
30.11574475097257
 20
352.7183075614372
 30
0.0
 10
30.13117527435898
 20
352.7124039286267
 30
0.0
 10
30.146488838144
 20
352.7061847813475
 30
0.0
 10
30.16175091900545
 20
352.6998478164358
 30
0.0
 10
30.18004415133016
 20
352.6922522878564
 30
0.0
 10
30.19826342029999
 20
352.6844874956328
 30
0.0
 10
30.21646061580272
 20
352.6766704254627
 30
0.0
 10
30.23753853522303
 20
352.667615866747
 30
0.0
 10
30.25858683927781
 20
352.6584911681433
 30
0.0
 10
30.27964581633862
 20
352.6493905033099
 30
0.0
 10
30.32974311487198
 20
352.6277408893859
 30
0.0
 10
30.3799008139473
 20
352.6062272870706
 30
0.0
 10
30.43031844374755
 20
352.5853369252705
 30
0.0
  0
SPLINE
  5
9EA
330
70
100
AcDbEntity
  8
09_ROUNDS
 62
     7
370
    25
100
AcDbSpline
210
0.0
220
0.0
230
1.0
 70
     8
 71
     3
 72
    11
 73
     7
 74
     0
 42
0.0000000001
 43
0.0000000001
 40
0.0
 40
0.0
 40
0.0
 40
0.0
 40
1.0
 40
1.0
 40
1.0
 40
2.0
 40
2.0
 40
2.0
 40
2.0
 10
32.09524683454734
 20
351.9745041455708
 30
0.0
 10
31.90048521894747
 20
351.9776237131705
 30
0.0
 10
31.70565065532485
 20
351.9961038308369
 30
0.0
 10
31.51352889032223
 20
352.0300073059877
 30
0.0
 10
31.33070127289873
 20
352.0622706551412
 30
0.0
 10
31.15033033224746
 20
352.1085012054708
 30
0.0
 10
30.97500294394744
 20
352.1686672017706
 30
0.0
  0
SPLINE
  5
9EB
330
70
100
AcDbEntity
  8
09_ROUNDS
 62
     7
370
    25
100
AcDbSpline
210
0.0
220
0.0
230
1.0
 70
     8
 71
     3
 72
    20
 73
    16
 74
     0
 42
0.0000000001
 43
0.0000000001
 40
0.0
 40
0.0
 40
0.0
 40
0.0
 40
1.0
 40
1.0
 40
1.0
 40
2.0
 40
2.0
 40
2.0
 40
3.0
 40
3.0
 40
3.0
 40
4.0
 40
4.0
 40
4.0
 40
5.0
 40
5.0
 40
5.0
 40
5.0
 10
30.87997180754698
 20
352.2028419864706
 30
0.0
 10
30.79147835214722
 20
352.2361435686706
 30
0.0
 10
30.70430853605927
 20
352.2731309638767
 30
0.0
 10
30.61896391801713
 20
352.3139080247847
 30
0.0
 10
30.54333522512097
 20
352.3500428846891
 30
0.0
 10
30.46913981177953
 20
352.3891536684305
 30
0.0
 10
30.39679749707108
 20
352.4314911772815
 30
0.0
 10
30.33694502692897
 20
352.4665191480431
 30
0.0
 10
30.27836102004376
 20
352.5037558421671
 30
0.0
 10
30.22174623606957
 20
352.5437716198898
 30
0.0
 10
30.19875571042354
 20
352.5600215055103
 30
0.0
 10
30.1760899226732
 20
352.5767296804163
 30
0.0
 10
30.15387748548455
 20
352.5940311260937
 30
0.0
 10
30.13546574735507
 20
352.6083721767563
 30
0.0
 10
30.11736549004714
 20
352.6231208423711
 30
0.0
 10
30.09978110704724
 20
352.6384591479708
 30
0.0
  0
SPLINE
  5
9EC
330
70
100
AcDbEntity
  8
09_ROUNDS
 62
     7
370
    25
100
AcDbSpline
210
0.0
220
0.0
230
1.0
 70
     8
 71
     3
 72
    38
 73
    34
 74
     0
 42
0.0000000001
 43
0.0000000001
 40
0.0
 40
0.0
 40
0.0
 40
0.0
 40
1.0
 40
1.0
 40
1.0
 40
2.0
 40
2.0
 40
2.0
 40
3.0
 40
3.0
 40
3.0
 40
4.0
 40
4.0
 40
4.0
 40
5.0
 40
5.0
 40
5.0
 40
6.0
 40
6.0
 40
6.0
 40
7.0
 40
7.0
 40
7.0
 40
8.0
 40
8.0
 40
8.0
 40
9.0
 40
9.0
 40
9.0
 40
10.0
 40
10.0
 40
10.0
 40
11.0
 40
11.0
 40
11.0
 40
11.0
 10
30.09978110704724
 20
352.6384591479708
 30
0.0
 10
30.09137551004754
 20
352.645791086471
 30
0.0
 10
30.08308804795056
 20
352.6532620596285
 30
0.0
 10
30.07498052454262
 20
352.660923198114
 30
0.0
 10
30.06811621039326
 20
352.6674095760934
 30
0.0
 10
30.061380882201
 20
352.6740322708202
 30
0.0
 10
30.05485336304042
 20
352.6808615237398
 30
0.0
 10
30.04951785533776
 20
352.6864436646206
 30
0.0
 10
30.04432118923536
 20
352.6921638113901
 30
0.0
 10
30.03940445661092
 20
352.698112368765
 30
0.0
 10
30.03557930593649
 20
352.7027402649701
 30
0.0
 10
30.03192358855493
 20
352.7075064095951
 30
0.0
 10
30.02862447709853
 20
352.7125474107133
 30
0.0
 10
30.02623433314963
 20
352.716199520828
 30
0.0
 10
30.0240313619825
 20
352.7199958956634
 30
0.0
 10
30.02249384183395
 20
352.7240703317929
 30
0.0
 10
30.02192444611893
 20
352.725579233302
 30
0.0
 10
30.02144631510906
 20
352.7271262701233
 30
0.0
 10
30.0211638345075
 20
352.7287174595224
 30
0.0
 10
30.0209358189365
 20
352.7300018519974
 30
0.0
 10
30.02083528056431
 20
352.7313150123497
 30
0.0
 10
30.02098559138497
 20
352.7326151063005
 30
0.0
 10
30.02111236794661
 20
352.7337116437341
 30
0.0
 10
30.02141759188167
 20
352.7347988860814
 30
0.0
 10
30.02195506721358
 20
352.7357598875824
 30
0.0
 10
30.02247604945945
 20
352.7366913995795
 30
0.0
 10
30.02321524796665
 20
352.7375042995656
 30
0.0
 10
30.02406784643336
 20
352.7381497117047
 30
0.0
 10
30.02504058883156
 20
352.7388860721099
 30
0.0
 10
30.02616094249316
 20
352.7394044157471
 30
0.0
 10
30.02731839486238
 20
352.7397863927145
 30
0.0
 10
30.02874042818326
 20
352.7402556854379
 30
0.0
 10
30.03021845944718
 20
352.7405191420706
 30
0.0
 10
30.03170096814753
 20
352.7406724793711
 30
0.0
  0
SPLINE
  5
9ED
330
70
100
AcDbEntity
  8
09_ROUNDS
 62
     7
370
    25
100
AcDbSpline
210
0.0
220
0.0
230
1.0
 70
     8
 71
     3
 72
    56
 73
    52
 74
     0
 42
0.0000000001
 43
0.0000000001
 40
0.0
 40
0.0
 40
0.0
 40
0.0
 40
1.0
 40
1.0
 40
1.0
 40
2.0
 40
2.0
 40
2.0
 40
3.0
 40
3.0
 40
3.0
 40
4.0
 40
4.0
 40
4.0
 40
5.0
 40
5.0
 40
5.0
 40
6.0
 40
6.0
 40
6.0
 40
7.0
 40
7.0
 40
7.0
 40
8.0
 40
8.0
 40
8.0
 40
9.0
 40
9.0
 40
9.0
 40
10.0
 40
10.0
 40
10.0
 40
11.0
 40
11.0
 40
11.0
 40
12.0
 40
12.0
 40
12.0
 40
13.0
 40
13.0
 40
13.0
 40
14.0
 40
14.0
 40
14.0
 40
15.0
 40
15.0
 40
15.0
 40
16.0
 40
16.0
 40
16.0
 40
17.0
 40
17.0
 40
17.0
 40
17.0
 10
30.84121191574734
 20
352.1983633184707
 30
0.0
 10
30.84907345604711
 20
352.1953438676707
 30
0.0
 10
30.85693971049583
 20
352.1923366855871
 30
0.0
 10
30.86480903701453
 20
352.1893375798507
 30
0.0
 10
30.87245099127385
 20
352.1864251287271
 30
0.0
 10
30.88009584264327
 20
352.1835202939858
 30
0.0
 10
30.88774120258742
 20
352.1806167998406
 30
0.0
 10
30.89506737013417
 20
352.1778345260512
 30
0.0
 10
30.90239400467739
 20
352.1750534832549
 30
0.0
 10
30.90971656498358
 20
352.1722617166891
 30
0.0
 10
30.91321344390712
 20
352.1709285122827
 30
0.0
 10
30.91670939368959
 20
352.1695928622918
 30
0.0
 10
30.92020352857649
 20
352.1682525016757
 30
0.0
 10
30.92355332371005
 20
352.1669675102215
 30
0.0
 10
30.92690145079379
 20
352.1656781892875
 30
0.0
 10
30.93024652459843
 20
352.1643808761376
 30
0.0
 10
30.93340634036974
 20
352.1631554112326
 30
0.0
 10
30.93656343169227
 20
352.1619228148535
 30
0.0
 10
30.93971574973328
 20
352.1606784255649
 30
0.0
 10
30.94263132918013
 20
352.1595274897188
 30
0.0
 10
30.94554282536958
 20
352.1583664657425
 30
0.0
 10
30.94844706323381
 20
352.1571863256161
 30
0.0
 10
30.95103933785102
 20
352.156132952085
 30
0.0
 10
30.95362582972289
 20
352.1550643486172
 30
0.0
 10
30.95619925287341
 20
352.1539681473293
 30
0.0
 10
30.95836504596114
 20
352.1530455842559
 30
0.0
 10
30.96052158259607
 20
352.1521034739036
 30
0.0
 10
30.96265946529724
 20
352.1511103616209
 30
0.0
 10
30.96353963410265
 20
352.1507014961341
 30
0.0
 10
30.96441664110673
 20
352.1502839859301
 30
0.0
 10
30.96528155371319
 20
352.1498522626909
 30
0.0
 10
30.96600177848181
 20
352.1494927607402
 30
0.0
 10
30.96671361684397
 20
352.1491234032938
 30
0.0
 10
30.96742747129231
 20
352.1487297512637
 30
0.0
 10
30.96798238529742
 20
352.1484237462725
 30
0.0
 10
30.96853851756558
 20
352.1481030607588
 30
0.0
 10
30.96904151916565
 20
352.147760783981
 30
0.0
 10
30.96939054383632
 20
352.1475232836631
 30
0.0
 10
30.96971398743146
 20
352.1472753876963
 30
0.0
 10
30.97007496958491
 20
352.1469618159575
 30
0.0
 10
30.97028136463531
 20
352.1467825282714
 30
0.0
 10
30.97050003138477
 20
352.1465817705741
 30
0.0
 10
30.97049680030305
 20
352.1463454664159
 30
0.0
 10
30.9704947505129
 20
352.1461955556241
 30
0.0
 10
30.97040339564967
 20
352.1460313387918
 30
0.0
 10
30.97028339063639
 20
352.1459224298773
 30
0.0
 10
30.97006278285001
 20
352.1457222202871
 30
0.0
 10
30.96974535401226
 20
352.1457089196929
 30
0.0
 10
30.96944275001567
 20
352.1456943585933
 30
0.0
 10
30.96894027638375
 20
352.1456701799016
 30
0.0
 10
30.96847867864696
 20
352.1456425256711
 30
0.0
 10
30.9679968410474
 20
352.1456588717708
 30
0.0
  0
SPLINE
  5
9EE
330
70
100
AcDbEntity
  8
09_ROUNDS
 62
     7
370
    25
100
AcDbSpline
210
0.0
220
0.0
230
1.0
 70
     8
 71
     3
 72
     8
 73
     4
 74
     0
 42
0.0000000001
 43
0.0000000001
 40
0.0
 40
0.0
 40
0.0
 40
0.0
 40
1.0
 40
1.0
 40
1.0
 40
1.0
 10
85.03049188354742
 20
318.4066540660707
 30
0.0
 10
85.03049188354742
 20
318.5329733914828
 30
0.0
 10
84.89617730849671
 20
318.6353754375208
 30
0.0
 10
84.7304918835471
 20
318.6353754375208
 30
0.0
  0
SPLINE
  5
9EF
330
70
100
AcDbEntity
  8
09_ROUNDS
 62
     7
370
    25
100
AcDbSpline
210
0.0
220
0.0
230
1.0
 70
     8
 71
     3
 72
    11
 73
     7
 74
     0
 42
0.0000000001
 43
0.0000000001
 40
0.0
 40
0.0
 40
0.0
 40
0.0
 40
1.0
 40
1.0
 40
1.0
 40
2.0
 40
2.0
 40
2.0
 40
2.0
 10
84.33049188334623
 20
359.8716613715169
 30
0.0
 10
82.14244622001508
 20
359.8691903477556
 30
0.0
 10
80.37069701083375
 20
358.0934086158369
 30
0.0
 10
80.37317926441806
 20
355.9053418609628
 30
0.0
 10
80.37477016340089
 20
354.5029899028084
 30
0.0
 10
81.11758197772129
 20
353.2059573637127
 30
0.0
 10
82.32631599076373
 20
352.4949466053471
 30
0.0
  0
SPLINE
  5
9F0
330
70
100
AcDbEntity
  8
09_ROUNDS
 62
     7
370
    25
100
AcDbSpline
210
0.0
220
0.0
230
1.0
 70
     8
 71
     3
 72
     8
 73
     4
 74
     0
 42
0.0000000001
 43
0.0000000001
 40
0.0
 40
0.0
 40
0.0
 40
0.0
 40
1.0
 40
1.0
 40
1.0
 40
1.0
 10
80.58049188354454
 20
364.5035136224708
 30
0.0
 10
80.58049188354454
 20
364.7378281975148
 30
0.0
 10
80.44617730849511
 20
364.9277776911706
 30
0.0
 10
80.28049188354742
 20
364.9277776911706
 30
0.0
  0
SPLINE
  5
9F1
330
70
100
AcDbEntity
  8
09_ROUNDS
 62
     7
370
    25
100
AcDbSpline
210
0.0
220
0.0
230
1.0
 70
     8
 71
     3
 72
     8
 73
     4
 74
     0
 42
0.0000000001
 43
0.0000000001
 40
0.0
 40
0.0
 40
0.0
 40
0.0
 40
1.0
 40
1.0
 40
1.0
 40
1.0
 10
80.28049188355062
 20
277.9277776911706
 30
0.0
 10
80.44617730849831
 20
277.9277776911732
 30
0.0
 10
80.58049188354647
 20
278.1177271848309
 30
0.0
 10
80.58049188354454
 20
278.3520417598749
 30
0.0
  0
SPLINE
  5
9F2
330
70
100
AcDbEntity
  8
09_ROUNDS
 62
     7
370
    25
100
AcDbSpline
210
0.0
220
0.0
230
1.0
 70
     8
 71
     3
 72
     8
 73
     4
 74
     0
 42
0.0000000001
 43
0.0000000001
 40
0.0
 40
0.0
 40
0.0
 40
0.0
 40
1.0
 40
1.0
 40
1.0
 40
1.0
 10
82.55888064641567
 20
352.4262014387314
 30
0.0
 10
82.71381400540175
 20
352.3383441232109
 30
0.0
 10
82.8750355732677
 20
352.2621881256515
 30
0.0
 10
83.04121191568823
 20
352.1983633184848
 30
0.0
  0
SPLINE
  5
9F3
330
70
100
AcDbEntity
  8
09_ROUNDS
 62
     7
370
    25
100
AcDbSpline
210
0.0
220
0.0
230
1.0
 70
     8
 71
     3
 72
    11
 73
     7
 74
     0
 42
0.0000000001
 43
0.0000000001
 40
0.0
 40
0.0
 40
0.0
 40
0.0
 40
1.0
 40
1.0
 40
1.0
 40
2.0
 40
2.0
 40
2.0
 40
2.0
 10
66.93049188334626
 20
359.8716613715169
 30
0.0
 10
64.74244622001511
 20
359.8691903477556
 30
0.0
 10
62.97069701083377
 20
358.0934086158369
 30
0.0
 10
62.97317926441808
 20
355.9053418609628
 30
0.0
 10
62.97477016340092
 20
354.5029899028084
 30
0.0
 10
63.71758197772131
 20
353.2059573637127
 30
0.0
 10
64.92631599076375
 20
352.4949466053471
 30
0.0
  0
SPLINE
  5
9F4
330
70
100
AcDbEntity
  8
09_ROUNDS
 62
     7
370
    25
100
AcDbSpline
210
0.0
220
0.0
230
1.0
 70
     8
 71
     3
 72
     8
 73
     4
 74
     0
 42
0.0000000001
 43
0.0000000001
 40
0.0
 40
0.0
 40
0.0
 40
0.0
 40
1.0
 40
1.0
 40
1.0
 40
1.0
 10
63.18049188354457
 20
364.5035136224708
 30
0.0
 10
63.18049188354457
 20
364.7378281975148
 30
0.0
 10
63.04617730849513
 20
364.9277776911706
 30
0.0
 10
62.88049188354745
 20
364.9277776911706
 30
0.0
  0
SPLINE
  5
9F5
330
70
100
AcDbEntity
  8
09_ROUNDS
 62
     7
370
    25
100
AcDbSpline
210
0.0
220
0.0
230
1.0
 70
     8
 71
     3
 72
     8
 73
     4
 74
     0
 42
0.0000000001
 43
0.0000000001
 40
0.0
 40
0.0
 40
0.0
 40
0.0
 40
1.0
 40
1.0
 40
1.0
 40
1.0
 10
62.88049188355001
 20
277.9277776911706
 30
0.0
 10
63.04617730849834
 20
277.9277776911732
 30
0.0
 10
63.18049188354649
 20
278.1177271848309
 30
0.0
 10
63.18049188354457
 20
278.3520417598749
 30
0.0
  0
SPLINE
  5
9F6
330
70
100
AcDbEntity
  8
09_ROUNDS
 62
     7
370
    25
100
AcDbSpline
210
0.0
220
0.0
230
1.0
 70
     8
 71
     3
 72
     8
 73
     4
 74
     0
 42
0.0000000001
 43
0.0000000001
 40
0.0
 40
0.0
 40
0.0
 40
0.0
 40
1.0
 40
1.0
 40
1.0
 40
1.0
 10
65.15888064641569
 20
352.4262014387314
 30
0.0
 10
65.31381400540176
 20
352.3383441232109
 30
0.0
 10
65.47503557326772
 20
352.2621881256515
 30
0.0
 10
65.64121191568824
 20
352.1983633184848
 30
0.0
  0
SPLINE
  5
9F7
330
70
100
AcDbEntity
  8
09_ROUNDS
 62
     7
370
    25
100
AcDbSpline
210
0.0
220
0.0
230
1.0
 70
     8
 71
     3
 72
    11
 73
     7
 74
     0
 42
0.0000000001
 43
0.0000000001
 40
0.0
 40
0.0
 40
0.0
 40
0.0
 40
1.0
 40
1.0
 40
1.0
 40
2.0
 40
2.0
 40
2.0
 40
2.0
 10
49.53049188334628
 20
359.8716613715169
 30
0.0
 10
47.34244622001514
 20
359.8691903477556
 30
0.0
 10
45.5706970108338
 20
358.0934086158369
 30
0.0
 10
45.5731792644181
 20
355.9053418609628
 30
0.0
 10
45.57477016340095
 20
354.5029899028084
 30
0.0
 10
46.31758197772135
 20
353.2059573637127
 30
0.0
 10
47.52631599076378
 20
352.4949466053471
 30
0.0
  0
SPLINE
  5
9F8
330
70
100
AcDbEntity
  8
09_ROUNDS
 62
     7
370
    25
100
AcDbSpline
210
0.0
220
0.0
230
1.0
 70
     8
 71
     3
 72
     8
 73
     4
 74
     0
 42
0.0000000001
 43
0.0000000001
 40
0.0
 40
0.0
 40
0.0
 40
0.0
 40
1.0
 40
1.0
 40
1.0
 40
1.0
 10
45.7804918835446
 20
364.5035136224708
 30
0.0
 10
45.7804918835446
 20
364.7378281975148
 30
0.0
 10
45.64617730849516
 20
364.9277776911706
 30
0.0
 10
45.48049188354748
 20
364.9277776911706
 30
0.0
  0
SPLINE
  5
9F9
330
70
100
AcDbEntity
  8
09_ROUNDS
 62
     7
370
    25
100
AcDbSpline
210
0.0
220
0.0
230
1.0
 70
     8
 71
     3
 72
     8
 73
     4
 74
     0
 42
0.0000000001
 43
0.0000000001
 40
0.0
 40
0.0
 40
0.0
 40
0.0
 40
1.0
 40
1.0
 40
1.0
 40
1.0
 10
45.48049188355004
 20
277.9277776911706
 30
0.0
 10
45.64617730849772
 20
277.9277776911732
 30
0.0
 10
45.78049188354652
 20
278.1177271848309
 30
0.0
 10
45.7804918835446
 20
278.3520417598749
 30
0.0
  0
SPLINE
  5
9FA
330
70
100
AcDbEntity
  8
09_ROUNDS
 62
     7
370
    25
100
AcDbSpline
210
0.0
220
0.0
230
1.0
 70
     8
 71
     3
 72
     8
 73
     4
 74
     0
 42
0.0000000001
 43
0.0000000001
 40
0.0
 40
0.0
 40
0.0
 40
0.0
 40
1.0
 40
1.0
 40
1.0
 40
1.0
 10
47.75888064641573
 20
352.4262014387314
 30
0.0
 10
47.9138140054018
 20
352.3383441232109
 30
0.0
 10
48.07503557326775
 20
352.2621881256515
 30
0.0
 10
48.24121191568828
 20
352.1983633184848
 30
0.0
  0
SPLINE
  5
9FB
330
70
100
AcDbEntity
  8
09_ROUNDS
 62
     7
370
    25
100
AcDbSpline
210
0.0
220
0.0
230
1.0
 70
     8
 71
     3
 72
    11
 73
     7
 74
     0
 42
0.0000000001
 43
0.0000000001
 40
0.0
 40
0.0
 40
0.0
 40
0.0
 40
1.0
 40
1.0
 40
1.0
 40
2.0
 40
2.0
 40
2.0
 40
2.0
 10
32.13049188334632
 20
359.8716613715169
 30
0.0
 10
29.94244622001517
 20
359.8691903477556
 30
0.0
 10
28.17069701083383
 20
358.0934086158369
 30
0.0
 10
28.17317926441814
 20
355.9053418609628
 30
0.0
 10
28.17477016340097
 20
354.5029899028084
 30
0.0
 10
28.91758197772137
 20
353.2059573637127
 30
0.0
 10
30.12631599076382
 20
352.4949466053471
 30
0.0
  0
SPLINE
  5
9FC
330
70
100
AcDbEntity
  8
09_ROUNDS
 62
     7
370
    25
100
AcDbSpline
210
0.0
220
0.0
230
1.0
 70
     8
 71
     3
 72
     8
 73
     4
 74
     0
 42
0.0000000001
 43
0.0000000001
 40
0.0
 40
0.0
 40
0.0
 40
0.0
 40
1.0
 40
1.0
 40
1.0
 40
1.0
 10
28.38049188354463
 20
364.5035136224708
 30
0.0
 10
28.38049188354463
 20
364.7378281975148
 30
0.0
 10
28.24617730849519
 20
364.9277776911706
 30
0.0
 10
28.08049188354751
 20
364.9277776911706
 30
0.0
  0
SPLINE
  5
9FD
330
70
100
AcDbEntity
  8
09_ROUNDS
 62
     7
370
    25
100
AcDbSpline
210
0.0
220
0.0
230
1.0
 70
     8
 71
     3
 72
     8
 73
     4
 74
     0
 42
0.0000000001
 43
0.0000000001
 40
0.0
 40
0.0
 40
0.0
 40
0.0
 40
1.0
 40
1.0
 40
1.0
 40
1.0
 10
28.08049188355007
 20
277.9277776911706
 30
0.0
 10
28.24617730849775
 20
277.9277776911732
 30
0.0
 10
28.38049188354591
 20
278.1177271848309
 30
0.0
 10
28.38049188354463
 20
278.3520417598749
 30
0.0
  0
SPLINE
  5
9FE
330
70
100
AcDbEntity
  8
09_ROUNDS
 62
     7
370
    25
100
AcDbSpline
210
0.0
220
0.0
230
1.0
 70
     8
 71
     3
 72
     8
 73
     4
 74
     0
 42
0.0000000001
 43
0.0000000001
 40
0.0
 40
0.0
 40
0.0
 40
0.0
 40
1.0
 40
1.0
 40
1.0
 40
1.0
 10
30.35888064641576
 20
352.4262014387314
 30
0.0
 10
30.51381400540183
 20
352.3383441232109
 30
0.0
 10
30.67503557326777
 20
352.2621881256515
 30
0.0
 10
30.8412119156883
 20
352.1983633184848
 30
0.0
  0
LINE
  5
A00
330
70
100
AcDbEntity
  8
08_DRAFTS
 62
     7
370
    25
100
AcDbLine
 10
84.33049188354708
 20
325.5930295434706
 30
0.0
 11
84.33049188354708
 21
327.4020393100707
 31
0.0
  0
LINE
  5
A01
330
70
100
AcDbEntity
  8
08_DRAFTS
 62
     7
370
    25
100
AcDbLine
 10
79.08049188354738
 20
319.7081641922711
 30
0.0
 11
79.08049188354738
 21
326.9971024242706
 31
0.0
  0
LINE
  5
A02
330
70
100
AcDbEntity
  8
08_DRAFTS
 62
     7
370
    25
100
AcDbLine
 10
66.9304918835471
 20
325.5930295434706
 30
0.0
 11
66.9304918835471
 21
327.4020393100707
 31
0.0
  0
LINE
  5
A03
330
70
100
AcDbEntity
  8
08_DRAFTS
 62
     7
370
    25
100
AcDbLine
 10
61.6804918835474
 20
319.7081641922711
 30
0.0
 11
61.6804918835474
 21
326.9971024242706
 31
0.0
  0
LINE
  5
A04
330
70
100
AcDbEntity
  8
08_DRAFTS
 62
     7
370
    25
100
AcDbLine
 10
49.53049188354714
 20
325.5930295434706
 30
0.0
 11
49.53049188354714
 21
327.4020393100707
 31
0.0
  0
LINE
  5
A05
330
70
100
AcDbEntity
  8
08_DRAFTS
 62
     7
370
    25
100
AcDbLine
 10
44.28049188354743
 20
319.7081641922711
 30
0.0
 11
44.28049188354743
 21
326.9971024242706
 31
0.0
  0
LINE
  5
A06
330
70
100
AcDbEntity
  8
08_DRAFTS
 62
     7
370
    25
100
AcDbLine
 10
32.13049188354716
 20
325.5930295434706
 30
0.0
 11
32.13049188354716
 21
327.4020393100707
 31
0.0
  0
LINE
  5
A07
330
70
100
AcDbEntity
  8
08_DRAFTS
 62
     7
370
    25
100
AcDbLine
 10
84.33049188354708
 20
327.0225431281706
 30
0.0
 11
79.08049188354738
 21
326.9971024242706
 31
0.0
  0
LINE
  5
A08
330
70
100
AcDbEntity
  8
08_DRAFTS
 62
     7
370
    25
100
AcDbLine
 10
66.9304918835471
 20
327.0225431281706
 30
0.0
 11
61.6804918835474
 21
326.9971024242706
 31
0.0
  0
LINE
  5
A09
330
70
100
AcDbEntity
  8
08_DRAFTS
 62
     7
370
    25
100
AcDbLine
 10
49.53049188354714
 20
327.0225431281706
 30
0.0
 11
44.28049188354743
 21
326.9971024242706
 31
0.0
  0
LINE
  5
A0A
330
70
100
AcDbEntity
  8
08_DRAFTS
 62
     7
370
    25
100
AcDbLine
 10
32.13049188354716
 20
327.0225431281706
 30
0.0
 11
26.88049188354746
 21
326.9971024242706
 31
0.0
  0
LINE
  5
A0B
330
70
100
AcDbEntity
  8
08_DRAFTS
 62
     7
370
    25
100
AcDbLine
 10
26.88049188354746
 20
319.0074760401707
 30
0.0
 11
26.88049188354746
 21
326.9971024242706
 31
0.0
  0
LINE
  5
A0C
330
70
100
AcDbEntity
  8
08_DRAFTS
 62
     7
370
    25
100
AcDbLine
 10
29.51628860864694
 20
352.940750285671
 30
0.0
 11
29.76302923284696
 21
352.9364434120705
 31
0.0
  0
LINE
  5
A0D
330
70
100
AcDbEntity
  8
08_DRAFTS
 62
     7
370
    25
100
AcDbLine
 10
46.91628860864756
 20
352.940750285671
 30
0.0
 11
47.16302923284692
 21
352.9364434120705
 31
0.0
  0
LINE
  5
A0E
330
70
100
AcDbEntity
  8
08_DRAFTS
 62
     7
370
    25
100
AcDbLine
 10
64.31628860864752
 20
352.940750285671
 30
0.0
 11
64.56302923284754
 21
352.9364434120705
 31
0.0
  0
LINE
  5
A0F
330
70
100
AcDbEntity
  8
08_DRAFTS
 62
     7
370
    25
100
AcDbLine
 10
81.7162886086475
 20
352.940750285671
 30
0.0
 11
81.96302923284752
 21
352.9364434120705
 31
0.0
  0
SPLINE
  5
A10
330
70
100
AcDbEntity
  8
08_DRAFTS
 62
     7
370
    25
100
AcDbSpline
210
0.0
220
0.0
230
1.0
 70
     8
 71
     3
 72
    11
 73
     7
 74
     0
 42
0.0000000001
 43
0.0000000001
 40
0.0
 40
0.0
 40
0.0
 40
0.0
 40
1.0
 40
1.0
 40
1.0
 40
2.0
 40
2.0
 40
2.0
 40
2.0
 10
84.33049188354708
 20
359.6777776911708
 30
0.0
 10
82.25942407168147
 20
359.6777776911708
 30
0.0
 10
80.58049188354711
 20
357.9988455030365
 30
0.0
 10
80.58049188354711
 20
355.9277776911709
 30
0.0
 10
80.58049188354711
 20
354.6460640910881
 30
0.0
 10
81.23510947330661
 20
353.4531267083032
 30
0.0
 10
82.31622861196655
 20
352.7646710738151
 30
0.0
  0
SPLINE
  5
A11
330
70
100
AcDbEntity
  8
08_DRAFTS
 62
     7
370
    25
100
AcDbSpline
210
0.0
220
0.0
230
1.0
 70
     8
 71
     3
 72
    11
 73
     7
 74
     0
 42
0.0000000001
 43
0.0000000001
 40
0.0
 40
0.0
 40
0.0
 40
0.0
 40
1.0
 40
1.0
 40
1.0
 40
2.0
 40
2.0
 40
2.0
 40
2.0
 10
66.9304918835471
 20
359.6777776911708
 30
0.0
 10
64.8594240716815
 20
359.6777776911708
 30
0.0
 10
63.18049188354714
 20
357.9988455030365
 30
0.0
 10
63.18049188354714
 20
355.9277776911709
 30
0.0
 10
63.18049188354714
 20
354.6460640910881
 30
0.0
 10
63.83510947330663
 20
353.4531267083032
 30
0.0
 10
64.91622861196657
 20
352.7646710738151
 30
0.0
  0
SPLINE
  5
A12
330
70
100
AcDbEntity
  8
08_DRAFTS
 62
     7
370
    25
100
AcDbSpline
210
0.0
220
0.0
230
1.0
 70
     8
 71
     3
 72
    11
 73
     7
 74
     0
 42
0.0000000001
 43
0.0000000001
 40
0.0
 40
0.0
 40
0.0
 40
0.0
 40
1.0
 40
1.0
 40
1.0
 40
2.0
 40
2.0
 40
2.0
 40
2.0
 10
49.53049188354714
 20
359.6777776911708
 30
0.0
 10
47.45942407168153
 20
359.6777776911708
 30
0.0
 10
45.78049188354716
 20
357.9988455030365
 30
0.0
 10
45.78049188354716
 20
355.9277776911709
 30
0.0
 10
45.78049188354716
 20
354.6460640910881
 30
0.0
 10
46.43510947330601
 20
353.4531267083032
 30
0.0
 10
47.51622861196659
 20
352.7646710738151
 30
0.0
  0
SPLINE
  5
A13
330
70
100
AcDbEntity
  8
08_DRAFTS
 62
     7
370
    25
100
AcDbSpline
210
0.0
220
0.0
230
1.0
 70
     8
 71
     3
 72
    11
 73
     7
 74
     0
 42
0.0000000001
 43
0.0000000001
 40
0.0
 40
0.0
 40
0.0
 40
0.0
 40
1.0
 40
1.0
 40
1.0
 40
2.0
 40
2.0
 40
2.0
 40
2.0
 10
32.13049188354716
 20
359.6777776911708
 30
0.0
 10
30.05942407168157
 20
359.6777776911708
 30
0.0
 10
28.3804918835472
 20
357.9988455030365
 30
0.0
 10
28.3804918835472
 20
355.9277776911709
 30
0.0
 10
28.3804918835472
 20
354.6460640910881
 30
0.0
 10
29.03510947330604
 20
353.4531267083032
 30
0.0
 10
30.11622861196663
 20
352.7646710738151
 30
0.0
  0
SPLINE
  5
A14
330
70
100
AcDbEntity
  8
08_DRAFTS
 62
     7
370
    25
100
AcDbSpline
210
0.0
220
0.0
230
1.0
 70
     8
 71
     3
 72
    26
 73
    22
 74
     0
 42
0.0000000001
 43
0.0000000001
 40
0.0
 40
0.0
 40
0.0
 40
0.0
 40
1.0
 40
1.0
 40
1.0
 40
2.0
 40
2.0
 40
2.0
 40
3.0
 40
3.0
 40
3.0
 40
4.0
 40
4.0
 40
4.0
 40
5.0
 40
5.0
 40
5.0
 40
6.0
 40
6.0
 40
6.0
 40
7.0
 40
7.0
 40
7.0
 40
7.0
 10
82.31618256564749
 20
352.7647003965709
 30
0.0
 10
82.27201434444735
 20
352.7877973988708
 30
0.0
 10
82.22807334197298
 20
352.811327769214
 30
0.0
 10
82.18412583654945
 20
352.8348413248567
 30
0.0
 10
82.16571360705049
 20
352.8446925548331
 30
0.0
 10
82.14730023610753
 20
352.8545408333739
 30
0.0
 10
82.12883984356311
 20
352.8643035558847
 30
0.0
 10
82.11289459738603
 20
352.8727361508808
 30
0.0
 10
82.0969142697214
 20
352.8811049149409
 30
0.0
 10
82.08084717346533
 20
352.8892977550981
 30
0.0
 10
82.06739286024863
 20
352.8961583001428
 30
0.0
 10
82.05387770400447
 20
352.9028954855385
 30
0.0
 10
82.04021828882384
 20
352.9093587102195
 30
0.0
 10
82.02926479149637
 20
352.9145415759083
 30
0.0
 10
82.01821852917394
 20
352.9195482725147
 30
0.0
 10
82.00700614452289
 20
352.9240971041821
 30
0.0
 10
81.99857901075459
 20
352.9275159677107
 30
0.0
 10
81.990058036163
 20
352.9306761879661
 30
0.0
 10
81.9812591930354
 20
352.9332020391818
 30
0.0
 10
81.97529355380664
 20
352.9349145730781
 30
0.0
 10
81.96920018184741
 20
352.9363354953709
 30
0.0
 10
81.9630291598472
 20
352.936442932371
 30
0.0
  0
SPLINE
  5
A15
330
70
100
AcDbEntity
  8
08_DRAFTS
 62
     7
370
    25
100
AcDbSpline
210
0.0
220
0.0
230
1.0
 70
     8
 71
     3
 72
    56
 73
    52
 74
     0
 42
0.0000000001
 43
0.0000000001
 40
0.0
 40
0.0
 40
0.0
 40
0.0
 40
1.0
 40
1.0
 40
1.0
 40
2.0
 40
2.0
 40
2.0
 40
3.0
 40
3.0
 40
3.0
 40
4.0
 40
4.0
 40
4.0
 40
5.0
 40
5.0
 40
5.0
 40
6.0
 40
6.0
 40
6.0
 40
7.0
 40
7.0
 40
7.0
 40
8.0
 40
8.0
 40
8.0
 40
9.0
 40
9.0
 40
9.0
 40
10.0
 40
10.0
 40
10.0
 40
11.0
 40
11.0
 40
11.0
 40
12.0
 40
12.0
 40
12.0
 40
13.0
 40
13.0
 40
13.0
 40
14.0
 40
14.0
 40
14.0
 40
15.0
 40
15.0
 40
15.0
 40
16.0
 40
16.0
 40
16.0
 40
17.0
 40
17.0
 40
17.0
 40
17.0
 10
81.9630291598472
 20
352.936442932371
 30
0.0
 10
81.96111905914692
 20
352.936476187071
 30
0.0
 10
81.9591978242034
 20
352.9363670760334
 30
0.0
 10
81.95731911366895
 20
352.9359513158299
 30
0.0
 10
81.95583757116713
 20
352.935623449242
 30
0.0
 10
81.95438247386112
 20
352.9351048828371
 30
0.0
 10
81.95313382637579
 20
352.9342454654576
 30
0.0
 10
81.95204262494755
 20
352.9334944148339
 30
0.0
 10
81.95110909192191
 20
352.9324830519061
 30
0.0
 10
81.9504798675041
 20
352.9313203112604
 30
0.0
 10
81.94979620085595
 20
352.9300569670915
 30
0.0
 10
81.9494717801643
 20
352.9286149167289
 30
0.0
 10
81.94936461813806
 20
352.927176334566
 30
0.0
 10
81.94923030203879
 20
352.9253732262235
 30
0.0
 10
81.94943729782279
 20
352.9235755663981
 30
0.0
 10
81.94979555779651
 20
352.9218147852783
 30
0.0
 10
81.95025287060786
 20
352.9195671778956
 30
0.0
 10
81.95095665467619
 20
352.9173796610128
 30
0.0
 10
81.95178065385647
 20
352.9152420135412
 30
0.0
 10
81.95280608933858
 20
352.9125817929742
 30
0.0
 10
81.95401770017369
 20
352.9099988044204
 30
0.0
 10
81.95532830136549
 20
352.9074688411471
 30
0.0
 10
81.9569113239155
 20
352.904413000104
 30
0.0
 10
81.95863876601093
 20
352.9014345189886
 30
0.0
 10
81.96044690484006
 20
352.8985070811771
 30
0.0
 10
81.96502566256125
 20
352.8910939178358
 30
0.0
 10
81.97012189333614
 20
352.8840080729989
 30
0.0
 10
81.97543041871396
 20
352.8770940614086
 30
0.0
 10
81.98225155670879
 20
352.8682099695377
 30
0.0
 10
81.98942320826814
 20
352.8596095866395
 30
0.0
 10
81.99679570316858
 20
352.8511856731557
 30
0.0
 10
82.00580057284705
 20
352.8408965859281
 30
0.0
 10
82.01510507117609
 20
352.8308707650471
 30
0.0
 10
82.02459734624758
 20
352.8210284095798
 30
0.0
 10
82.03578597788698
 20
352.8094271349689
 30
0.0
 10
82.04723549813984
 20
352.7980807590044
 30
0.0
 10
82.05887202246664
 20
352.7869302178229
 30
0.0
 10
82.07223062063492
 20
352.7741295228042
 30
0.0
 10
82.08583566735944
 20
352.7615869141391
 30
0.0
 10
82.0996309272518
 20
352.7492583106726
 30
0.0
 10
82.11514550862744
 20
352.7353931770536
 30
0.0
 10
82.1309006707831
 20
352.7217987162706
 30
0.0
 10
82.14685135484424
 20
352.708436935766
 30
0.0
 10
82.18373593746919
 20
352.6775389695621
 30
0.0
 10
82.2216660261248
 20
352.6478852047855
 30
0.0
 10
82.26036931596487
 20
352.6192886926602
 30
0.0
 10
82.30537270828003
 20
352.5860372543633
 30
0.0
 10
82.35142151203877
 20
352.5542152810507
 30
0.0
 10
82.39833156513025
 20
352.5237125428057
 30
0.0
 10
82.45083364142436
 20
352.4895736539119
 30
0.0
 10
82.50441454024731
 20
352.4570872719709
 30
0.0
 10
82.55888064664732
 20
352.4262014386711
 30
0.0
  0
SPLINE
  5
A16
330
70
100
AcDbEntity
  8
08_DRAFTS
 62
     7
370
    25
100
AcDbSpline
210
0.0
220
0.0
230
1.0
 70
     8
 71
     3
 72
    26
 73
    22
 74
     0
 42
0.0000000001
 43
0.0000000001
 40
0.0
 40
0.0
 40
0.0
 40
0.0
 40
1.0
 40
1.0
 40
1.0
 40
2.0
 40
2.0
 40
2.0
 40
3.0
 40
3.0
 40
3.0
 40
4.0
 40
4.0
 40
4.0
 40
5.0
 40
5.0
 40
5.0
 40
6.0
 40
6.0
 40
6.0
 40
7.0
 40
7.0
 40
7.0
 40
7.0
 10
64.91618256564753
 20
352.7647003965709
 30
0.0
 10
64.87201434444736
 20
352.7877973988708
 30
0.0
 10
64.82807334197302
 20
352.811327769214
 30
0.0
 10
64.78412583654947
 20
352.8348413248567
 30
0.0
 10
64.76571360705051
 20
352.8446925548331
 30
0.0
 10
64.74730023610757
 20
352.8545408333739
 30
0.0
 10
64.72883984356314
 20
352.8643035558847
 30
0.0
 10
64.71289459738605
 20
352.8727361508808
 30
0.0
 10
64.69691426972078
 20
352.8811049149409
 30
0.0
 10
64.68084717346535
 20
352.8892977550981
 30
0.0
 10
64.66739286024867
 20
352.8961583001428
 30
0.0
 10
64.6538777040045
 20
352.9028954855385
 30
0.0
 10
64.64021828882386
 20
352.9093587102195
 30
0.0
 10
64.62926479149638
 20
352.9145415759083
 30
0.0
 10
64.61821852917395
 20
352.9195482725147
 30
0.0
 10
64.60700614452227
 20
352.9240971041821
 30
0.0
 10
64.59857901075462
 20
352.9275159677107
 30
0.0
 10
64.59005803616303
 20
352.9306761879661
 30
0.0
 10
64.58125919303544
 20
352.9332020391818
 30
0.0
 10
64.57529355380666
 20
352.9349145730781
 30
0.0
 10
64.56920018184745
 20
352.9363354953709
 30
0.0
 10
64.56302915984721
 20
352.936442932371
 30
0.0
  0
SPLINE
  5
A17
330
70
100
AcDbEntity
  8
08_DRAFTS
 62
     7
370
    25
100
AcDbSpline
210
0.0
220
0.0
230
1.0
 70
     8
 71
     3
 72
    56
 73
    52
 74
     0
 42
0.0000000001
 43
0.0000000001
 40
0.0
 40
0.0
 40
0.0
 40
0.0
 40
1.0
 40
1.0
 40
1.0
 40
2.0
 40
2.0
 40
2.0
 40
3.0
 40
3.0
 40
3.0
 40
4.0
 40
4.0
 40
4.0
 40
5.0
 40
5.0
 40
5.0
 40
6.0
 40
6.0
 40
6.0
 40
7.0
 40
7.0
 40
7.0
 40
8.0
 40
8.0
 40
8.0
 40
9.0
 40
9.0
 40
9.0
 40
10.0
 40
10.0
 40
10.0
 40
11.0
 40
11.0
 40
11.0
 40
12.0
 40
12.0
 40
12.0
 40
13.0
 40
13.0
 40
13.0
 40
14.0
 40
14.0
 40
14.0
 40
15.0
 40
15.0
 40
15.0
 40
16.0
 40
16.0
 40
16.0
 40
17.0
 40
17.0
 40
17.0
 40
17.0
 10
64.56302915984721
 20
352.936442932371
 30
0.0
 10
64.56111905914695
 20
352.936476187071
 30
0.0
 10
64.55919782420344
 20
352.9363670760334
 30
0.0
 10
64.55731911366896
 20
352.9359513158299
 30
0.0
 10
64.55583757116716
 20
352.935623449242
 30
0.0
 10
64.55438247386114
 20
352.9351048828371
 30
0.0
 10
64.55313382637581
 20
352.9342454654576
 30
0.0
 10
64.55204262494757
 20
352.9334944148339
 30
0.0
 10
64.55110909192192
 20
352.9324830519061
 30
0.0
 10
64.55047986750414
 20
352.9313203112604
 30
0.0
 10
64.54979620085599
 20
352.9300569670915
 30
0.0
 10
64.54947178016434
 20
352.9286149167289
 30
0.0
 10
64.54936461813808
 20
352.927176334566
 30
0.0
 10
64.54923030203881
 20
352.9253732262235
 30
0.0
 10
64.54943729782282
 20
352.9235755663981
 30
0.0
 10
64.54979555779654
 20
352.9218147852783
 30
0.0
 10
64.55025287060789
 20
352.9195671778956
 30
0.0
 10
64.55095665467621
 20
352.9173796610128
 30
0.0
 10
64.55178065385649
 20
352.9152420135412
 30
0.0
 10
64.5528060893386
 20
352.9125817929742
 30
0.0
 10
64.55401770017373
 20
352.9099988044204
 30
0.0
 10
64.55532830136552
 20
352.9074688411471
 30
0.0
 10
64.55691132391553
 20
352.904413000104
 30
0.0
 10
64.55863876601096
 20
352.9014345189886
 30
0.0
 10
64.56044690484009
 20
352.8985070811771
 30
0.0
 10
64.56502566256128
 20
352.8910939178358
 30
0.0
 10
64.57012189333616
 20
352.8840080729989
 30
0.0
 10
64.57543041871398
 20
352.8770940614086
 30
0.0
 10
64.58225155670881
 20
352.8682099695377
 30
0.0
 10
64.58942320826816
 20
352.8596095866395
 30
0.0
 10
64.59679570316861
 20
352.8511856731557
 30
0.0
 10
64.60580057284708
 20
352.8408965859281
 30
0.0
 10
64.6151050711761
 20
352.8308707650471
 30
0.0
 10
64.62459734624761
 20
352.8210284095798
 30
0.0
 10
64.63578597788701
 20
352.8094271349689
 30
0.0
 10
64.64723549813986
 20
352.7980807590044
 30
0.0
 10
64.65887202246668
 20
352.7869302178229
 30
0.0
 10
64.67223062063496
 20
352.7741295228042
 30
0.0
 10
64.68583566735947
 20
352.7615869141391
 30
0.0
 10
64.69963092725183
 20
352.7492583106726
 30
0.0
 10
64.71514550862747
 20
352.7353931770536
 30
0.0
 10
64.73090067078311
 20
352.7217987162706
 30
0.0
 10
64.74685135484428
 20
352.708436935766
 30
0.0
 10
64.78373593746922
 20
352.6775389695621
 30
0.0
 10
64.82166602612483
 20
352.6478852047855
 30
0.0
 10
64.86036931596489
 20
352.6192886926602
 30
0.0
 10
64.90537270828006
 20
352.5860372543633
 30
0.0
 10
64.95142151203879
 20
352.5542152810507
 30
0.0
 10
64.99833156513028
 20
352.5237125428057
 30
0.0
 10
65.05083364142437
 20
352.4895736539119
 30
0.0
 10
65.10441454024733
 20
352.4570872719709
 30
0.0
 10
65.15888064664735
 20
352.4262014386711
 30
0.0
  0
SPLINE
  5
A18
330
70
100
AcDbEntity
  8
08_DRAFTS
 62
     7
370
    25
100
AcDbSpline
210
0.0
220
0.0
230
1.0
 70
     8
 71
     3
 72
    26
 73
    22
 74
     0
 42
0.0000000001
 43
0.0000000001
 40
0.0
 40
0.0
 40
0.0
 40
0.0
 40
1.0
 40
1.0
 40
1.0
 40
2.0
 40
2.0
 40
2.0
 40
3.0
 40
3.0
 40
3.0
 40
4.0
 40
4.0
 40
4.0
 40
5.0
 40
5.0
 40
5.0
 40
6.0
 40
6.0
 40
6.0
 40
7.0
 40
7.0
 40
7.0
 40
7.0
 10
47.51618256564755
 20
352.7647003965709
 30
0.0
 10
47.47201434444739
 20
352.7877973988708
 30
0.0
 10
47.42807334197304
 20
352.811327769214
 30
0.0
 10
47.38412583654951
 20
352.8348413248567
 30
0.0
 10
47.36571360705054
 20
352.8446925548331
 30
0.0
 10
47.34730023610759
 20
352.8545408333739
 30
0.0
 10
47.32883984356316
 20
352.8643035558847
 30
0.0
 10
47.31289459738608
 20
352.8727361508808
 30
0.0
 10
47.2969142697208
 20
352.8811049149409
 30
0.0
 10
47.28084717346538
 20
352.8892977550981
 30
0.0
 10
47.26739286024868
 20
352.8961583001428
 30
0.0
 10
47.25387770400453
 20
352.9028954855385
 30
0.0
 10
47.24021828882388
 20
352.9093587102195
 30
0.0
 10
47.22926479149641
 20
352.9145415759083
 30
0.0
 10
47.21821852917399
 20
352.9195482725147
 30
0.0
 10
47.20700614452231
 20
352.9240971041821
 30
0.0
 10
47.19857901075464
 20
352.9275159677107
 30
0.0
 10
47.19005803616306
 20
352.9306761879661
 30
0.0
 10
47.18125919303546
 20
352.9332020391818
 30
0.0
 10
47.17529355380668
 20
352.9349145730781
 30
0.0
 10
47.16920018184747
 20
352.9363354953709
 30
0.0
 10
47.16302915984725
 20
352.936442932371
 30
0.0
  0
SPLINE
  5
A19
330
70
100
AcDbEntity
  8
08_DRAFTS
 62
     7
370
    25
100
AcDbSpline
210
0.0
220
0.0
230
1.0
 70
     8
 71
     3
 72
    56
 73
    52
 74
     0
 42
0.0000000001
 43
0.0000000001
 40
0.0
 40
0.0
 40
0.0
 40
0.0
 40
1.0
 40
1.0
 40
1.0
 40
2.0
 40
2.0
 40
2.0
 40
3.0
 40
3.0
 40
3.0
 40
4.0
 40
4.0
 40
4.0
 40
5.0
 40
5.0
 40
5.0
 40
6.0
 40
6.0
 40
6.0
 40
7.0
 40
7.0
 40
7.0
 40
8.0
 40
8.0
 40
8.0
 40
9.0
 40
9.0
 40
9.0
 40
10.0
 40
10.0
 40
10.0
 40
11.0
 40
11.0
 40
11.0
 40
12.0
 40
12.0
 40
12.0
 40
13.0
 40
13.0
 40
13.0
 40
14.0
 40
14.0
 40
14.0
 40
15.0
 40
15.0
 40
15.0
 40
16.0
 40
16.0
 40
16.0
 40
17.0
 40
17.0
 40
17.0
 40
17.0
 10
47.16302915984725
 20
352.936442932371
 30
0.0
 10
47.16111905914696
 20
352.936476187071
 30
0.0
 10
47.15919782420345
 20
352.9363670760334
 30
0.0
 10
47.157319113669
 20
352.9359513158299
 30
0.0
 10
47.15583757116718
 20
352.935623449242
 30
0.0
 10
47.15438247386116
 20
352.9351048828371
 30
0.0
 10
47.15313382637584
 20
352.9342454654576
 30
0.0
 10
47.1520426249476
 20
352.9334944148339
 30
0.0
 10
47.15110909192196
 20
352.9324830519061
 30
0.0
 10
47.15047986750415
 20
352.9313203112604
 30
0.0
 10
47.14979620085602
 20
352.9300569670915
 30
0.0
 10
47.14947178016436
 20
352.9286149167289
 30
0.0
 10
47.14936461813811
 20
352.927176334566
 30
0.0
 10
47.14923030203884
 20
352.9253732262235
 30
0.0
 10
47.14943729782286
 20
352.9235755663981
 30
0.0
 10
47.14979555779657
 20
352.9218147852783
 30
0.0
 10
47.15025287060728
 20
352.9195671778956
 30
0.0
 10
47.15095665467624
 20
352.9173796610128
 30
0.0
 10
47.15178065385653
 20
352.9152420135412
 30
0.0
 10
47.15280608933863
 20
352.9125817929742
 30
0.0
 10
47.15401770017375
 20
352.9099988044204
 30
0.0
 10
47.15532830136555
 20
352.9074688411471
 30
0.0
 10
47.15691132391556
 20
352.904413000104
 30
0.0
 10
47.15863876601098
 20
352.9014345189886
 30
0.0
 10
47.16044690484013
 20
352.8985070811771
 30
0.0
 10
47.16502566256131
 20
352.8910939178358
 30
0.0
 10
47.17012189333619
 20
352.8840080729989
 30
0.0
 10
47.175430418714
 20
352.8770940614086
 30
0.0
 10
47.18225155670883
 20
352.8682099695377
 30
0.0
 10
47.18942320826818
 20
352.8596095866395
 30
0.0
 10
47.196795703168
 20
352.8511856731557
 30
0.0
 10
47.20580057284711
 20
352.8408965859281
 30
0.0
 10
47.21510507117613
 20
352.8308707650471
 30
0.0
 10
47.22459734624764
 20
352.8210284095798
 30
0.0
 10
47.23578597788704
 20
352.8094271349689
 30
0.0
 10
47.24723549813989
 20
352.7980807590044
 30
0.0
 10
47.2588720224667
 20
352.7869302178229
 30
0.0
 10
47.27223062063498
 20
352.7741295228042
 30
0.0
 10
47.28583566735949
 20
352.7615869141391
 30
0.0
 10
47.29963092725186
 20
352.7492583106726
 30
0.0
 10
47.3151455086275
 20
352.7353931770536
 30
0.0
 10
47.33090067078315
 20
352.7217987162706
 30
0.0
 10
47.3468513548443
 20
352.708436935766
 30
0.0
 10
47.38373593746925
 20
352.6775389695621
 30
0.0
 10
47.42166602612485
 20
352.6478852047855
 30
0.0
 10
47.46036931596491
 20
352.6192886926602
 30
0.0
 10
47.50537270828007
 20
352.5860372543633
 30
0.0
 10
47.55142151203882
 20
352.5542152810507
 30
0.0
 10
47.59833156513031
 20
352.5237125428057
 30
0.0
 10
47.6508336414244
 20
352.4895736539119
 30
0.0
 10
47.70441454024736
 20
352.4570872719709
 30
0.0
 10
47.75888064664737
 20
352.4262014386711
 30
0.0
  0
SPLINE
  5
A1A
330
70
100
AcDbEntity
  8
08_DRAFTS
 62
     7
370
    25
100
AcDbSpline
210
0.0
220
0.0
230
1.0
 70
     8
 71
     3
 72
    26
 73
    22
 74
     0
 42
0.0000000001
 43
0.0000000001
 40
0.0
 40
0.0
 40
0.0
 40
0.0
 40
1.0
 40
1.0
 40
1.0
 40
2.0
 40
2.0
 40
2.0
 40
3.0
 40
3.0
 40
3.0
 40
4.0
 40
4.0
 40
4.0
 40
5.0
 40
5.0
 40
5.0
 40
6.0
 40
6.0
 40
6.0
 40
7.0
 40
7.0
 40
7.0
 40
7.0
 10
30.11618256564694
 20
352.7647003965709
 30
0.0
 10
30.07201434444742
 20
352.7877973988708
 30
0.0
 10
30.02807334197307
 20
352.811327769214
 30
0.0
 10
29.98412583654954
 20
352.8348413248567
 30
0.0
 10
29.96571360705057
 20
352.8446925548331
 30
0.0
 10
29.94730023610762
 20
352.8545408333739
 30
0.0
 10
29.92883984356319
 20
352.8643035558847
 30
0.0
 10
29.91289459738611
 20
352.8727361508808
 30
0.0
 10
29.89691426972083
 20
352.8811049149409
 30
0.0
 10
29.88084717346541
 20
352.8892977550981
 30
0.0
 10
29.86739286024872
 20
352.8961583001428
 30
0.0
 10
29.85387770400392
 20
352.9028954855385
 30
0.0
 10
29.84021828882392
 20
352.9093587102195
 30
0.0
 10
29.82926479149644
 20
352.9145415759083
 30
0.0
 10
29.81821852917402
 20
352.9195482725147
 30
0.0
 10
29.80700614452234
 20
352.9240971041821
 30
0.0
 10
29.79857901075467
 20
352.9275159677107
 30
0.0
 10
29.79005803616309
 20
352.9306761879661
 30
0.0
 10
29.78125919303549
 20
352.9332020391818
 30
0.0
 10
29.77529355380671
 20
352.9349145730781
 30
0.0
 10
29.7692001818475
 20
352.9363354953709
 30
0.0
 10
29.76302915984728
 20
352.936442932371
 30
0.0
  0
SPLINE
  5
A1B
330
70
100
AcDbEntity
  8
08_DRAFTS
 62
     7
370
    25
100
AcDbSpline
210
0.0
220
0.0
230
1.0
 70
     8
 71
     3
 72
    56
 73
    52
 74
     0
 42
0.0000000001
 43
0.0000000001
 40
0.0
 40
0.0
 40
0.0
 40
0.0
 40
1.0
 40
1.0
 40
1.0
 40
2.0
 40
2.0
 40
2.0
 40
3.0
 40
3.0
 40
3.0
 40
4.0
 40
4.0
 40
4.0
 40
5.0
 40
5.0
 40
5.0
 40
6.0
 40
6.0
 40
6.0
 40
7.0
 40
7.0
 40
7.0
 40
8.0
 40
8.0
 40
8.0
 40
9.0
 40
9.0
 40
9.0
 40
10.0
 40
10.0
 40
10.0
 40
11.0
 40
11.0
 40
11.0
 40
12.0
 40
12.0
 40
12.0
 40
13.0
 40
13.0
 40
13.0
 40
14.0
 40
14.0
 40
14.0
 40
15.0
 40
15.0
 40
15.0
 40
16.0
 40
16.0
 40
16.0
 40
17.0
 40
17.0
 40
17.0
 40
17.0
 10
29.76302915984728
 20
352.936442932371
 30
0.0
 10
29.761119059147
 20
352.936476187071
 30
0.0
 10
29.75919782420284
 20
352.9363670760334
 30
0.0
 10
29.75731911366903
 20
352.9359513158299
 30
0.0
 10
29.75583757116721
 20
352.935623449242
 30
0.0
 10
29.7543824738612
 20
352.9351048828371
 30
0.0
 10
29.75313382637587
 20
352.9342454654576
 30
0.0
 10
29.75204262494763
 20
352.9334944148339
 30
0.0
 10
29.75110909192199
 20
352.9324830519061
 30
0.0
 10
29.75047986750419
 20
352.9313203112604
 30
0.0
 10
29.74979620085604
 20
352.9300569670915
 30
0.0
 10
29.74947178016439
 20
352.9286149167289
 30
0.0
 10
29.74936461813814
 20
352.927176334566
 30
0.0
 10
29.74923030203887
 20
352.9253732262235
 30
0.0
 10
29.74943729782288
 20
352.9235755663981
 30
0.0
 10
29.7497955577966
 20
352.9218147852783
 30
0.0
 10
29.75025287060731
 20
352.9195671778956
 30
0.0
 10
29.75095665467627
 20
352.9173796610128
 30
0.0
 10
29.75178065385656
 20
352.9152420135412
 30
0.0
 10
29.75280608933866
 20
352.9125817929742
 30
0.0
 10
29.75401770017379
 20
352.9099988044204
 30
0.0
 10
29.75532830136558
 20
352.9074688411471
 30
0.0
 10
29.75691132391559
 20
352.904413000104
 30
0.0
 10
29.75863876601101
 20
352.9014345189886
 30
0.0
 10
29.76044690484016
 20
352.8985070811771
 30
0.0
 10
29.76502566256133
 20
352.8910939178358
 30
0.0
 10
29.77012189333623
 20
352.8840080729989
 30
0.0
 10
29.77543041871403
 20
352.8770940614086
 30
0.0
 10
29.78225155670886
 20
352.8682099695377
 30
0.0
 10
29.78942320826821
 20
352.8596095866395
 30
0.0
 10
29.79679570316802
 20
352.8511856731557
 30
0.0
 10
29.80580057284714
 20
352.8408965859281
 30
0.0
 10
29.81510507117616
 20
352.8308707650471
 30
0.0
 10
29.82459734624767
 20
352.8210284095798
 30
0.0
 10
29.83578597788707
 20
352.8094271349689
 30
0.0
 10
29.84723549813992
 20
352.7980807590044
 30
0.0
 10
29.85887202246674
 20
352.7869302178229
 30
0.0
 10
29.87223062063501
 20
352.7741295228042
 30
0.0
 10
29.88583566735952
 20
352.7615869141391
 30
0.0
 10
29.89963092725189
 20
352.7492583106726
 30
0.0
 10
29.91514550862754
 20
352.7353931770536
 30
0.0
 10
29.93090067078318
 20
352.7217987162706
 30
0.0
 10
29.94685135484433
 20
352.708436935766
 30
0.0
 10
29.98373593746928
 20
352.6775389695621
 30
0.0
 10
30.02166602612489
 20
352.6478852047855
 30
0.0
 10
30.06036931596494
 20
352.6192886926602
 30
0.0
 10
30.10537270828011
 20
352.5860372543633
 30
0.0
 10
30.15142151203885
 20
352.5542152810507
 30
0.0
 10
30.19833156513034
 20
352.5237125428057
 30
0.0
 10
30.25083364142443
 20
352.4895736539119
 30
0.0
 10
30.30441454024739
 20
352.4570872719709
 30
0.0
 10
30.35888064664741
 20
352.4262014386711
 30
0.0
  0
LINE
  5
A1D
330
70
100
AcDbEntity
  8
02_PLANES
 62
     7
370
    25
100
AcDbLine
 10
82.130491883547
 20
278.827777691171
 30
0.0
 11
82.130491883547
 21
278.9277776911707
 31
0.0
  0
LINE
  5
A1E
330
70
100
AcDbEntity
  8
02_PLANES
 62
     7
370
    25
100
AcDbLine
 10
78.48049188354735
 20
278.827777691171
 30
0.0
 11
78.48049188354735
 21
278.9277776911707
 31
0.0
  0
LINE
  5
A1F
330
70
100
AcDbEntity
  8
02_PLANES
 62
     7
370
    25
100
AcDbLine
 10
78.18049188354702
 20
278.827777691171
 30
0.0
 11
78.18049188354702
 21
278.9277776911707
 31
0.0
  0
LINE
  5
A20
330
70
100
AcDbEntity
  8
02_PLANES
 62
     7
370
    25
100
AcDbLine
 10
43.38049188354708
 20
278.827777691171
 30
0.0
 11
44.78049188354712
 21
278.827777691171
 31
0.0
  0
LINE
  5
A21
330
70
100
AcDbEntity
  8
02_PLANES
 62
     7
370
    25
100
AcDbLine
 10
78.18049188354702
 20
278.827777691171
 30
0.0
 11
79.58049188354708
 21
278.827777691171
 31
0.0
  0
LINE
  5
A22
330
70
100
AcDbEntity
  8
02_PLANES
 62
     7
370
    25
100
AcDbLine
 10
83.28748078804702
 20
278.827777691171
 30
0.0
 11
81.74997678094692
 21
278.827777691171
 31
0.0
  0
LINE
  5
A23
330
70
100
AcDbEntity
  8
02_PLANES
 62
     7
370
    25
100
AcDbLine
 10
48.48748078804707
 20
278.827777691171
 30
0.0
 11
46.94997678094698
 21
278.827777691171
 31
0.0
  0
LINE
  5
A24
330
70
100
AcDbEntity
  8
02_PLANES
 62
     7
370
    25
100
AcDbLine
 10
47.33049188354706
 20
278.827777691171
 30
0.0
 11
47.33049188354706
 21
278.9277776911707
 31
0.0
  0
LINE
  5
A25
330
70
100
AcDbEntity
  8
02_PLANES
 62
     7
370
    25
100
AcDbLine
 10
43.68049188354741
 20
278.827777691171
 30
0.0
 11
43.68049188354741
 21
278.9277776911707
 31
0.0
  0
LINE
  5
A26
330
70
100
AcDbEntity
  8
02_PLANES
 62
     7
370
    25
100
AcDbLine
 10
43.38049188354708
 20
278.827777691171
 30
0.0
 11
43.38049188354708
 21
278.9277776911707
 31
0.0
  0
ENDSEC
  0
SECTION
  2
OBJECTS
  0
DICTIONARY
  5
C
330
0
100
AcDbDictionary
281
     1
  3
ACAD_COLOR
350
63
  3
ACAD_DETAILVIEWSTYLE
350
6A
  3
ACAD_GROUP
350
D
  3
ACAD_LAYOUT
350
62
  3
ACAD_MATERIAL
350
10
  3
ACAD_MLEADERSTYLE
350
66
  3
ACAD_MLINESTYLE
350
5F
  3
ACAD_PLOTSETTINGS
350
61
  3
ACAD_PLOTSTYLENAME
350
E
  3
ACAD_SCALELIST
350
42
  3
ACAD_SECTIONVIEWSTYLE
350
68
  3
ACAD_TABLESTYLE
350
64
  3
ACAD_VISUALSTYLE
350
29
  3
ACDB_RECOMPOSE_DATA
350
A2F
  3
AcDbVariableDictionary
350
A27
  0
DICTIONARY
  5
63
102
{ACAD_REACTORS
330
C
102
}
330
C
100
AcDbDictionary
281
     1
  0
DICTIONARY
  5
6A
102
{ACAD_REACTORS
330
C
102
}
330
C
100
AcDbDictionary
281
     1
  3
Imperial24
350
6B
  0
DICTIONARY
  5
D
102
{ACAD_REACTORS
330
C
102
}
330
C
100
AcDbDictionary
281
     1
  0
DICTIONARY
  5
62
102
{ACAD_REACTORS
330
C
102
}
330
C
100
AcDbDictionary
281
     1
  3
Layout1
350
6F
  3
Layout2
350
77
  3
Model
350
73
  0
DICTIONARY
  5
10
102
{ACAD_REACTORS
330
C
102
}
330
C
100
AcDbDictionary
281
     1
  3
ByBlock
350
19
  3
ByLayer
350
11
  3
Global
350
21
  0
DICTIONARY
  5
66
102
{ACAD_REACTORS
330
C
102
}
330
C
100
AcDbDictionary
281
     1
  3
Standard
350
67
  0
DICTIONARY
  5
5F
102
{ACAD_REACTORS
330
C
102
}
330
C
100
AcDbDictionary
281
     1
  3
Standard
350
60
  0
DICTIONARY
  5
61
102
{ACAD_REACTORS
330
C
102
}
330
C
100
AcDbDictionary
281
     1
  0
ACDBDICTIONARYWDFLT
  5
E
102
{ACAD_REACTORS
330
C
102
}
330
C
100
AcDbDictionary
281
     1
  3
Normal
350
F
100
AcDbDictionaryWithDefault
340
F
  0
DICTIONARY
  5
42
102
{ACAD_REACTORS
330
C
102
}
330
C
100
AcDbDictionary
281
     1
  3
A0
350
43
  3
A1
350
44
  3
A2
350
45
  3
A3
350
46
  3
A4
350
47
  3
A5
350
48
  3
A6
350
49
  3
A7
350
4A
  3
A8
350
4B
  3
A9
350
4C
  3
B0
350
4D
  3
B1
350
4E
  3
B2
350
4F
  3
B3
350
50
  3
B4
350
51
  3
B5
350
52
  3
B6
350
53
  0
DICTIONARY
  5
68
102
{ACAD_REACTORS
330
C
102
}
330
C
100
AcDbDictionary
281
     1
  3
Imperial24
350
69
  0
DICTIONARY
  5
64
102
{ACAD_REACTORS
330
C
102
}
330
C
100
AcDbDictionary
281
     1
  3
Standard
350
65
  0
DICTIONARY
  5
29
102
{ACAD_REACTORS
330
C
102
}
330
C
100
AcDbDictionary
281
     1
  3
2dWireframe
350
2F
  3
Basic
350
2E
  3
Brighten
350
35
  3
ColorChange
350
39
  3
Conceptual
350
32
  3
Dim
350
34
  3
EdgeColorOff
350
41
  3
Facepattern
350
38
  3
Flat
350
2A
  3
FlatWithEdges
350
2B
  3
Gouraud
350
2C
  3
GouraudWithEdges
350
2D
  3
Hidden
350
31
  3
JitterOff
350
3F
  3
Linepattern
350
37
  3
OverhangOff
350
40
  3
Realistic
350
33
  3
Shaded
350
3E
  3
Shaded with edges
350
3D
  3
Shades of Gray
350
3A
  3
Sketchy
350
3B
  3
Thicken
350
36
  3
Wireframe
350
30
  3
X-Ray
350
3C
  0
XRECORD
  5
A2F
102
{ACAD_REACTORS
330
C
102
}
330
C
100
AcDbXrecord
280
     1
 90
        1
330
65
  0
DICTIONARY
  5
A27
102
{ACAD_REACTORS
330
C
102
}
330
C
100
AcDbDictionary
281
     1
  3
CANNOSCALE
350
A2C
  3
CMLEADERSTYLE
350
A29
  3
CTABLESTYLE
350
A28
  3
CVIEWDETAILSTYLE
350
A2A
  3
CVIEWSECTIONSTYLE
350
A2B
  0
ACDBDETAILVIEWSTYLE
  5
6B
102
{ACAD_REACTORS
330
6A
102
}
330
6A
100
AcDbModelDocViewStyle
 70
     0
  3
Imperial24
290
     1
300
Imperial24
 90
        0
100
AcDbDetailViewStyle
 70
     0
 71
     0
 90
        3
 71
     1
340
55
 62
   256
 40
0.24
340
0
 62
   256
 40
0.24
300

 40
0.36
280
     3
 71
     2
340
5D
 90
       25
 62
   256
 71
     3
340
55
 62
   256
 40
0.24
 90
        1
 40
0.75
 90
        1
300
%<\AcVar ViewType \f "%tc1">% %<\AcVar ViewDetailId>%\PSCALE %<\AcVar ViewScale \f "%sn">%
 71
     4
340
5D
 90
       25
 62
   256
340
5D
 90
       25
 62
   256
280
     0
  0
LAYOUT
  5
6F
102
{ACAD_REACTORS
330
62
102
}
330
62
100
AcDbPlotSettings
  1

  2

  4

  6

 40
0.0
 41
0.0
 42
0.0
 43
0.0
 44
0.0
 45
0.0
 46
0.0
 47
0.0
 48
0.0
 49
0.0
140
0.0
141
0.0
142
1.0
143
1.0
 70
   688
 72
     0
 73
     0
 74
     5
  7

 75
    16
147
1.0
 76
     0
 77
     2
 78
   300
148
0.0
149
0.0
100
AcDbLayout
  1
Layout1
 70
     1
 71
     1
 10
0.0
 20
0.0
 11
12.0
 21
9.0
 12
0.0
 22
0.0
 32
0.0
 14
0.0
 24
0.0
 34
0.0
 15
0.0
 25
0.0
 35
0.0
146
0.0
 13
0.0
 23
0.0
 33
0.0
 16
1.0
 26
0.0
 36
0.0
 17
0.0
 27
1.0
 37
0.0
 76
     0
330
6C
  0
LAYOUT
  5
77
102
{ACAD_REACTORS
330
62
102
}
330
62
100
AcDbPlotSettings
  1

  2

  4

  6

 40
0.0
 41
0.0
 42
0.0
 43
0.0
 44
0.0
 45
0.0
 46
0.0
 47
0.0
 48
0.0
 49
0.0
140
0.0
141
0.0
142
1.0
143
1.0
 70
   688
 72
     0
 73
     0
 74
     5
  7

 75
    16
147
1.0
 76
     0
 77
     2
 78
   300
148
0.0
149
0.0
100
AcDbLayout
  1
Layout2
 70
     1
 71
     2
 10
0.0
 20
0.0
 11
12.0
 21
9.0
 12
0.0
 22
0.0
 32
0.0
 14
0.0
 24
0.0
 34
0.0
 15
0.0
 25
0.0
 35
0.0
146
0.0
 13
0.0
 23
0.0
 33
0.0
 16
1.0
 26
0.0
 36
0.0
 17
0.0
 27
1.0
 37
0.0
 76
     0
330
74
  0
LAYOUT
  5
73
102
{ACAD_REACTORS
330
62
102
}
330
62
100
AcDbPlotSettings
  1

  2

  4

  6

 40
0.0
 41
0.0
 42
0.0
 43
0.0
 44
0.0
 45
0.0
 46
0.0
 47
0.0
 48
0.0
 49
0.0
140
0.0
141
0.0
142
1.0
143
1.0
 70
  1712
 72
     0
 73
     0
 74
     0
  7

 75
     0
147
1.0
 76
     0
 77
     2
 78
   300
148
0.0
149
0.0
100
AcDbLayout
  1
Model
 70
     1
 71
     0
 10
0.0
 20
0.0
 11
12.0
 21
9.0
 12
0.0
 22
0.0
 32
0.0
 14
0.0
 24
0.0
 34
0.0
 15
0.0
 25
0.0
 35
0.0
146
0.0
 13
0.0
 23
0.0
 33
0.0
 16
1.0
 26
0.0
 36
0.0
 17
0.0
 27
1.0
 37
0.0
 76
     0
330
70
  0
MATERIAL
  5
19
102
{ACAD_XDICTIONARY
360
1A
102
}
102
{ACAD_REACTORS
330
10
102
}
330
10
100
AcDbMaterial
  1
ByBlock
 72
     0
 43
0.0208333333333333
 43
0.0
 43
0.0
 43
0.0
 43
0.0
 43
0.0208333333333333
 43
0.0
 43
0.0
 43
0.0
 43
0.0
 43
1.0
 43
0.0
 43
0.0
 43
0.0
 43
0.0
 43
1.0
 77
     0
 47
0.0208333333333333
 47
0.0
 47
0.0
 47
0.0
 47
0.0
 47
0.0208333333333333
 47
0.0
 47
0.0
 47
0.0
 47
0.0
 47
1.0
 47
0.0
 47
0.0
 47
0.0
 47
0.0
 47
1.0
171
     0
 49
0.0208333333333333
 49
0.0
 49
0.0
 49
0.0
 49
0.0
 49
0.0208333333333333
 49
0.0
 49
0.0
 49
0.0
 49
0.0
 49
1.0
 49
0.0
 49
0.0
 49
0.0
 49
0.0
 49
1.0
175
     0
142
0.0208333333333333
142
0.0
142
0.0
142
0.0
142
0.0
142
0.0208333333333333
142
0.0
142
0.0
142
0.0
142
0.0
142
1.0
142
0.0
142
0.0
142
0.0
142
0.0
142
1.0
179
     0
144
0.0208333333333333
144
0.0
144
0.0
144
0.0
144
0.0
144
0.0208333333333333
144
0.0
144
0.0
144
0.0
144
0.0
144
1.0
144
0.0
144
0.0
144
0.0
144
0.0
144
1.0
147
0.0208333333333333
147
0.0
147
0.0
147
0.0
147
0.0
147
0.0208333333333333
147
0.0
147
0.0
147
0.0
147
0.0
147
1.0
147
0.0
147
0.0
147
0.0
147
0.0
147
1.0
  0
MATERIAL
  5
11
102
{ACAD_XDICTIONARY
360
12
102
}
102
{ACAD_REACTORS
330
10
102
}
330
10
100
AcDbMaterial
  1
ByLayer
 72
     0
 43
0.0208333333333333
 43
0.0
 43
0.0
 43
0.0
 43
0.0
 43
0.0208333333333333
 43
0.0
 43
0.0
 43
0.0
 43
0.0
 43
1.0
 43
0.0
 43
0.0
 43
0.0
 43
0.0
 43
1.0
 77
     0
 47
0.0208333333333333
 47
0.0
 47
0.0
 47
0.0
 47
0.0
 47
0.0208333333333333
 47
0.0
 47
0.0
 47
0.0
 47
0.0
 47
1.0
 47
0.0
 47
0.0
 47
0.0
 47
0.0
 47
1.0
171
     0
 49
0.0208333333333333
 49
0.0
 49
0.0
 49
0.0
 49
0.0
 49
0.0208333333333333
 49
0.0
 49
0.0
 49
0.0
 49
0.0
 49
1.0
 49
0.0
 49
0.0
 49
0.0
 49
0.0
 49
1.0
175
     0
142
0.0208333333333333
142
0.0
142
0.0
142
0.0
142
0.0
142
0.0208333333333333
142
0.0
142
0.0
142
0.0
142
0.0
142
1.0
142
0.0
142
0.0
142
0.0
142
0.0
142
1.0
179
     0
144
0.0208333333333333
144
0.0
144
0.0
144
0.0
144
0.0
144
0.0208333333333333
144
0.0
144
0.0
144
0.0
144
0.0
144
1.0
144
0.0
144
0.0
144
0.0
144
0.0
144
1.0
147
0.0208333333333333
147
0.0
147
0.0
147
0.0
147
0.0
147
0.0208333333333333
147
0.0
147
0.0
147
0.0
147
0.0
147
1.0
147
0.0
147
0.0
147
0.0
147
0.0
147
1.0
  0
MATERIAL
  5
21
102
{ACAD_XDICTIONARY
360
22
102
}
102
{ACAD_REACTORS
330
10
102
}
330
10
100
AcDbMaterial
  1
Global
 72
     0
 43
0.0208333333333333
 43
0.0
 43
0.0
 43
0.0
 43
0.0
 43
0.0208333333333333
 43
0.0
 43
0.0
 43
0.0
 43
0.0
 43
1.0
 43
0.0
 43
0.0
 43
0.0
 43
0.0
 43
1.0
 77
     0
 47
0.0208333333333333
 47
0.0
 47
0.0
 47
0.0
 47
0.0
 47
0.0208333333333333
 47
0.0
 47
0.0
 47
0.0
 47
0.0
 47
1.0
 47
0.0
 47
0.0
 47
0.0
 47
0.0
 47
1.0
171
     0
 49
0.0208333333333333
 49
0.0
 49
0.0
 49
0.0
 49
0.0
 49
0.0208333333333333
 49
0.0
 49
0.0
 49
0.0
 49
0.0
 49
1.0
 49
0.0
 49
0.0
 49
0.0
 49
0.0
 49
1.0
175
     0
142
0.0208333333333333
142
0.0
142
0.0
142
0.0
142
0.0
142
0.0208333333333333
142
0.0
142
0.0
142
0.0
142
0.0
142
1.0
142
0.0
142
0.0
142
0.0
142
0.0
142
1.0
179
     0
144
0.0208333333333333
144
0.0
144
0.0
144
0.0
144
0.0
144
0.0208333333333333
144
0.0
144
0.0
144
0.0
144
0.0
144
1.0
144
0.0
144
0.0
144
0.0
144
0.0
144
1.0
147
0.0208333333333333
147
0.0
147
0.0
147
0.0
147
0.0
147
0.0208333333333333
147
0.0
147
0.0
147
0.0
147
0.0
147
1.0
147
0.0
147
0.0
147
0.0
147
0.0
147
1.0
  0
MLEADERSTYLE
  5
67
102
{ACAD_REACTORS
330
66
102
}
330
66
100
AcDbMLeaderStyle
179
     2
170
     2
171
     1
172
     0
 90
        2
 40
0.0
 41
0.0
173
     1
 91
-1056964608
340
5B
 92
       -2
290
     1
 42
0.09
291
     1
 43
0.36
  3
Standard
 44
0.18
300

342
55
174
     1
178
     6
175
     1
176
     0
 93
-1056964608
 45
0.18
292
     0
297
     0
 46
0.18
 94
-1056964608
 47
1.0
 49
1.0
140
1.0
293
     1
141
0.0
294
     1
177
     0
142
1.0
295
     1
296
     0
143
0.125
271
     0
272
     9
273
     9
298
     1
  0
MLINESTYLE
  5
60
102
{ACAD_REACTORS
330
5F
102
}
330
5F
100
AcDbMlineStyle
  2
STANDARD
 70
     0
  3

 62
   256
 51
90.0
 52
90.0
 71
     2
 49
0.5
 62
   256
  6
BYLAYER
 49
-0.5
 62
   256
  6
BYLAYER
  0
ACDBPLACEHOLDER
  5
F
102
{ACAD_REACTORS
330
E
102
}
330
E
  0
SCALE
  5
43
102
{ACAD_REACTORS
330
42
102
}
330
42
100
AcDbScale
 70
     0
300
1:1
140
1.0
141
1.0
290
     1
  0
SCALE
  5
44
102
{ACAD_REACTORS
330
42
102
}
330
42
100
AcDbScale
 70
     0
300
1/128" = 1'-0"
140
0.0078125
141
12.0
290
     0
  0
SCALE
  5
45
102
{ACAD_REACTORS
330
42
102
}
330
42
100
AcDbScale
 70
     0
300
1/64" = 1'-0"
140
0.015625
141
12.0
290
     0
  0
SCALE
  5
46
102
{ACAD_REACTORS
330
42
102
}
330
42
100
AcDbScale
 70
     0
300
1/32" = 1'-0"
140
0.03125
141
12.0
290
     0
  0
SCALE
  5
47
102
{ACAD_REACTORS
330
42
102
}
330
42
100
AcDbScale
 70
     0
300
1/16" = 1'-0"
140
0.0625
141
12.0
290
     0
  0
SCALE
  5
48
102
{ACAD_REACTORS
330
42
102
}
330
42
100
AcDbScale
 70
     0
300
3/32" = 1'-0"
140
0.09375
141
12.0
290
     0
  0
SCALE
  5
49
102
{ACAD_REACTORS
330
42
102
}
330
42
100
AcDbScale
 70
     0
300
1/8" = 1'-0"
140
0.125
141
12.0
290
     0
  0
SCALE
  5
4A
102
{ACAD_REACTORS
330
42
102
}
330
42
100
AcDbScale
 70
     0
300
3/16" = 1'-0"
140
0.1875
141
12.0
290
     0
  0
SCALE
  5
4B
102
{ACAD_REACTORS
330
42
102
}
330
42
100
AcDbScale
 70
     0
300
1/4" = 1'-0"
140
0.25
141
12.0
290
     0
  0
SCALE
  5
4C
102
{ACAD_REACTORS
330
42
102
}
330
42
100
AcDbScale
 70
     0
300
3/8" = 1'-0"
140
0.375
141
12.0
290
     0
  0
SCALE
  5
4D
102
{ACAD_REACTORS
330
42
102
}
330
42
100
AcDbScale
 70
     0
300
1/2" = 1'-0"
140
0.5
141
12.0
290
     0
  0
SCALE
  5
4E
102
{ACAD_REACTORS
330
42
102
}
330
42
100
AcDbScale
 70
     0
300
3/4" = 1'-0"
140
0.75
141
12.0
290
     0
  0
SCALE
  5
4F
102
{ACAD_REACTORS
330
42
102
}
330
42
100
AcDbScale
 70
     0
300
1" = 1'-0"
140
1.0
141
12.0
290
     0
  0
SCALE
  5
50
102
{ACAD_REACTORS
330
42
102
}
330
42
100
AcDbScale
 70
     0
300
1-1/2" = 1'-0"
140
1.5
141
12.0
290
     0
  0
SCALE
  5
51
102
{ACAD_REACTORS
330
42
102
}
330
42
100
AcDbScale
 70
     0
300
3" = 1'-0"
140
3.0
141
12.0
290
     0
  0
SCALE
  5
52
102
{ACAD_REACTORS
330
42
102
}
330
42
100
AcDbScale
 70
     0
300
6" = 1'-0"
140
6.0
141
12.0
290
     0
  0
SCALE
  5
53
102
{ACAD_REACTORS
330
42
102
}
330
42
100
AcDbScale
 70
     0
300
1'-0" = 1'-0"
140
12.0
141
12.0
290
     0
  0
ACDBSECTIONVIEWSTYLE
  5
69
102
{ACAD_REACTORS
330
68
102
}
330
68
100
AcDbModelDocViewStyle
 70
     0
  3
Imperial24
290
     1
300
Imperial24
 90
        0
100
AcDbSectionViewStyle
 70
     0
 71
     0
 90
       78
 71
     1
340
55
 62
   256
 40
0.24
340
0
340
0
 62
   256
 40
0.24
300
I, O, Q, S, X, Z
 40
0.48
 90
        3
 40
0.18
 90
        1
 71
     2
340
5D
 90
       25
 62
   256
340
5D
 90
       50
 62
   256
 40
0.24
 40
0.0
 40
0.24
 71
     3
340
55
 62
   256
 40
0.24
 90
        1
 40
0.75
 90
        1
300
%<\AcVar ViewType \f "%tc1">% %<\AcVar ViewSectionStartId>%-%<\AcVar ViewSectionEndId>%\PSCALE %<\AcVar ViewScale \f "%sn">%
 71
     4
 62
   256
 62
   257
300
ANSI31
 40
1.0
 90
        0
290
     0
290
     0
 90
        6
 40
0.0
 40
1.570796326794896
 40
0.2617993877991494
 40
1.308996938995747
 40
-0.2617993877991494
 40
1.832595714594046
  0
TABLESTYLE
  5
65
102
{ACAD_XDICTIONARY
360
A2D
102
}
102
{ACAD_REACTORS
330
64
102
}
330
64
100
AcDbTableStyle
280
     0
  3
Standard
 70
     0
 71
     0
 40
0.06
 41
0.06
280
     0
281
     0
  7
Standard
140
0.18
170
     2
 62
     0
 63
     7
283
     0
 90
      512
 91
        0
  1

274
    -2
284
     1
 64
     0
275
    -2
285
     1
 65
     0
276
    -2
286
     1
 66
     0
277
    -2
287
     1
 67
     0
278
    -2
288
     1
 68
     0
279
    -2
289
     1
 69
     0
  7
Standard
140
0.25
170
     5
 62
     0
 63
     7
283
     0
 90
      512
 91
        0
  1

274
    -2
284
     1
 64
     0
275
    -2
285
     1
 65
     0
276
    -2
286
     1
 66
     0
277
    -2
287
     1
 67
     0
278
    -2
288
     1
 68
     0
279
    -2
289
     1
 69
     0
  7
Standard
140
0.18
170
     5
 62
     0
 63
     7
283
     0
 90
      512
 91
        0
  1

274
    -2
284
     1
 64
     0
275
    -2
285
     1
 65
     0
276
    -2
286
     1
 66
     0
277
    -2
287
     1
 67
     0
278
    -2
288
     1
 68
     0
279
    -2
289
     1
 69
     0
  0
VISUALSTYLE
  5
2F
102
{ACAD_REACTORS
330
29
102
}
330
29
100
AcDbVisualStyle
  2
2dWireframe
 70
     4
177
     3
291
     0
 70
    58
 90
        0
176
     1
 90
        2
176
     1
 90
        0
176
     1
 90
        0
176
     1
 40
0.6
176
     1
 40
30.0
176
     1
 62
     7
420
 16777215
176
     1
 90
        1
176
     1
 90
        4
176
     1
 62
     7
176
     1
 62
   257
176
     1
 90
        1
176
     1
 90
        1
176
     1
 40
1.0
176
     1
 90
        0
176
     1
 62
   257
176
     1
 40
1.0
176
     1
 90
        1
176
     1
 90
        6
176
     1
 90
        2
176
     1
 62
     7
176
     1
 90
        5
176
     1
 90
        0
176
     1
 90
        0
176
     1
290
     0
176
     1
 90
        1
176
     1
 40
0.0
176
     1
 90
        0
176
     1
290
     1
176
     1
290
     1
176
     1
290
     0
176
     1
290
     0
176
     1
290
     0
176
     1
290
     0
176
     1
290
     0
176
     1
290
     0
176
     1
290
     0
176
     1
 90
       50
176
     1
 40
0.0
176
     1
 40
1.0
176
     1
 90
        0
176
     1
 62
    18
420
        0
176
     1
 90
       50
176
     1
 90
        3
176
     1
 62
     5
420
      255
176
     1
290
     0
176
     1
 90
       50
176
     1
 90
       50
176
     1
 90
       50
176
     1
290
     0
176
     1
 90
       50
176
     1
 62
   256
176
     0
 40
1.0
176
     0
 90
        2
176
     1
  1
strokes_ogs.tif
176
     1
290
     0
176
     1
 40
1.0
176
     1
 40
1.0
176
     1
  0
VISUALSTYLE
  5
2E
102
{ACAD_REACTORS
330
29
102
}
330
29
100
AcDbVisualStyle
  2
Basic
 70
     7
177
     3
291
     1
 70
    58
 90
        1
176
     1
 90
        0
176
     1
 90
        1
176
     1
 90
        0
176
     1
 40
0.6
176
     1
 40
30.0
176
     1
 62
     7
420
 16777215
176
     1
 90
        0
176
     1
 90
        4
176
     1
 62
     7
176
     1
 62
   257
176
     1
 90
        1
176
     1
 90
        1
176
     1
 40
1.0
176
     1
 90
        8
176
     1
 62
     7
176
     1
 40
1.0
176
     1
 90
        1
176
     1
 90
        6
176
     1
 90
        2
176
     1
 62
     7
176
     1
 90
        5
176
     1
 90
        0
176
     1
 90
        0
176
     1
290
     0
176
     1
 90
        1
176
     1
 40
0.0
176
     1
 90
        0
176
     1
290
     0
176
     1
290
     1
176
     1
290
     1
176
     1
290
     0
176
     1
290
     0
176
     1
290
     0
176
     1
290
     0
176
     1
290
     0
176
     1
290
     0
176
     1
 90
       50
176
     1
 40
0.0
176
     1
 40
1.0
176
     1
 90
        0
176
     1
 62
    18
420
        0
176
     1
 90
       50
176
     1
 90
        3
176
     1
 62
     5
420
      255
176
     1
290
     0
176
     1
 90
       50
176
     1
 90
       50
176
     1
 90
       50
176
     1
290
     0
176
     1
 90
       50
176
     1
 62
   256
176
     0
 40
1.0
176
     0
 90
        2
176
     1
  1
strokes_ogs.tif
176
     1
290
     0
176
     1
 40
1.0
176
     1
 40
1.0
176
     1
  0
VISUALSTYLE
  5
35
102
{ACAD_REACTORS
330
29
102
}
330
29
100
AcDbVisualStyle
  2
Brighten
 70
    12
177
     3
291
     1
 70
    58
 90
        2
176
     1
 90
        2
176
     1
 90
        0
176
     1
 90
        0
176
     1
 40
0.6
176
     1
 40
30.0
176
     1
 62
     7
420
 16777215
176
     1
 90
        1
176
     1
 90
        4
176
     1
 62
     7
176
     1
 62
   257
176
     1
 90
        1
176
     1
 90
        1
176
     1
 40
1.0
176
     1
 90
        8
176
     1
 62
     7
176
     1
 40
1.0
176
     1
 90
        1
176
     1
 90
        6
176
     1
 90
        2
176
     1
 62
     7
176
     1
 90
        5
176
     1
 90
        0
176
     1
 90
        0
176
     1
290
     0
176
     1
 90
        1
176
     1
 40
50.0
176
     1
 90
        0
176
     1
290
     0
176
     1
290
     1
176
     1
290
     1
176
     1
290
     0
176
     1
290
     0
176
     1
290
     0
176
     1
290
     0
176
     1
290
     0
176
     1
290
     0
176
     1
 90
       50
176
     1
 40
0.0
176
     1
 40
1.0
176
     1
 90
        0
176
     1
 62
    18
420
        0
176
     1
 90
       50
176
     1
 90
        3
176
     1
 62
     5
420
      255
176
     1
290
     0
176
     1
 90
       50
176
     1
 90
       50
176
     1
 90
       50
176
     1
290
     0
176
     1
 90
       50
176
     1
 62
   256
176
     0
 40
1.0
176
     0
 90
        2
176
     1
  1
strokes_ogs.tif
176
     1
290
     0
176
     1
 40
1.0
176
     1
 40
1.0
176
     1
  0
VISUALSTYLE
  5
39
102
{ACAD_REACTORS
330
29
102
}
330
29
100
AcDbVisualStyle
  2
ColorChange
 70
    16
177
     3
291
     1
 70
    58
 90
        2
176
     1
 90
        2
176
     1
 90
        3
176
     1
 90
        0
176
     1
 40
0.6
176
     1
 40
30.0
176
     1
 62
     8
420
  8421504
176
     1
 90
        1
176
     1
 90
        4
176
     1
 62
     7
176
     1
 62
   257
176
     1
 90
        1
176
     1
 90
        1
176
     1
 40
1.0
176
     1
 90
        8
176
     1
 62
     8
420
  8421504
176
     1
 40
1.0
176
     1
 90
        1
176
     1
 90
        6
176
     1
 90
        2
176
     1
 62
     7
176
     1
 90
        5
176
     1
 90
        0
176
     1
 90
        0
176
     1
290
     0
176
     1
 90
        1
176
     1
 40
0.0
176
     1
 90
        0
176
     1
290
     0
176
     1
290
     1
176
     1
290
     1
176
     1
290
     0
176
     1
290
     0
176
     1
290
     0
176
     1
290
     0
176
     1
290
     0
176
     1
290
     0
176
     1
 90
       50
176
     1
 40
0.0
176
     1
 40
1.0
176
     1
 90
        0
176
     1
 62
    18
420
        0
176
     1
 90
       50
176
     1
 90
        3
176
     1
 62
     5
420
      255
176
     1
290
     0
176
     1
 90
       50
176
     1
 90
       50
176
     1
 90
       50
176
     1
290
     0
176
     1
 90
       50
176
     1
 62
   256
176
     0
 40
1.0
176
     0
 90
        2
176
     1
  1
strokes_ogs.tif
176
     1
290
     0
176
     1
 40
1.0
176
     1
 40
1.0
176
     1
  0
VISUALSTYLE
  5
32
102
{ACAD_REACTORS
330
29
102
}
330
29
100
AcDbVisualStyle
  2
Conceptual
 70
     9
177
     3
291
     0
 70
    58
 90
        3
176
     1
 90
        2
176
     1
 90
        0
176
     1
 90
        0
176
     1
 40
0.6
176
     1
 40
30.0
176
     1
 62
     7
420
 16777215
176
     1
 90
        2
176
     1
 90
        2
176
     1
 62
     7
176
     1
 62
   257
176
     1
 90
        1
176
     1
 90
        1
176
     1
 40
179.0
176
     1
 90
        8
176
     1
 62
     7
176
     1
 40
1.0
176
     1
 90
        1
176
     1
 90
        6
176
     1
 90
        2
176
     1
 62
     7
176
     1
 90
        3
176
     1
 90
        0
176
     1
 90
        0
176
     1
290
     0
176
     1
 90
        1
176
     1
 40
0.0
176
     1
 90
        0
176
     1
290
     0
176
     1
290
     1
176
     1
290
     1
176
     1
290
     0
176
     1
290
     0
176
     1
290
     0
176
     1
290
     0
176
     1
290
     0
176
     1
290
     0
176
     1
 90
       50
176
     1
 40
0.0
176
     1
 40
1.0
176
     1
 90
        0
176
     1
 62
    18
420
        0
176
     1
 90
       50
176
     1
 90
        3
176
     1
 62
     5
420
      255
176
     1
290
     0
176
     1
 90
       50
176
     1
 90
       50
176
     1
 90
       50
176
     1
290
     0
176
     1
 90
       50
176
     1
 62
   256
176
     0
 40
1.0
176
     0
 90
        2
176
     1
  1
strokes_ogs.tif
176
     1
290
     0
176
     1
 40
1.0
176
     1
 40
1.0
176
     1
  0
VISUALSTYLE
  5
34
102
{ACAD_REACTORS
330
29
102
}
330
29
100
AcDbVisualStyle
  2
Dim
 70
    11
177
     3
291
     1
 70
    58
 90
        2
176
     1
 90
        2
176
     1
 90
        0
176
     1
 90
        0
176
     1
 40
0.6
176
     1
 40
30.0
176
     1
 62
     7
420
 16777215
176
     1
 90
        1
176
     1
 90
        4
176
     1
 62
     7
176
     1
 62
   257
176
     1
 90
        1
176
     1
 90
        1
176
     1
 40
1.0
176
     1
 90
        8
176
     1
 62
     7
176
     1
 40
1.0
176
     1
 90
        1
176
     1
 90
        6
176
     1
 90
        2
176
     1
 62
     7
176
     1
 90
        5
176
     1
 90
        0
176
     1
 90
        0
176
     1
290
     0
176
     1
 90
        1
176
     1
 40
-50.0
176
     1
 90
        0
176
     1
290
     0
176
     1
290
     1
176
     1
290
     1
176
     1
290
     0
176
     1
290
     0
176
     1
290
     0
176
     1
290
     0
176
     1
290
     0
176
     1
290
     0
176
     1
 90
       50
176
     1
 40
0.0
176
     1
 40
1.0
176
     1
 90
        0
176
     1
 62
    18
420
        0
176
     1
 90
       50
176
     1
 90
        3
176
     1
 62
     5
420
      255
176
     1
290
     0
176
     1
 90
       50
176
     1
 90
       50
176
     1
 90
       50
176
     1
290
     0
176
     1
 90
       50
176
     1
 62
   256
176
     0
 40
1.0
176
     0
 90
        2
176
     1
  1
strokes_ogs.tif
176
     1
290
     0
176
     1
 40
1.0
176
     1
 40
1.0
176
     1
  0
VISUALSTYLE
  5
41
102
{ACAD_REACTORS
330
29
102
}
330
29
100
AcDbVisualStyle
  2
EdgeColorOff
 70
    22
177
     3
291
     1
 70
    58
 90
        2
176
     0
 90
        2
176
     0
 90
        0
176
     0
 90
        0
176
     0
 40
0.6
176
     0
 40
30.0
176
     0
 62
     7
420
 16777215
176
     0
 90
        1
176
     0
 90
        4
176
     0
 62
     7
176
     0
 62
   257
176
     0
 90
        1
176
     0
 90
        1
176
     0
 40
1.0
176
     0
 90
        8
176
     2
 62
     7
176
     0
 40
1.0
176
     0
 90
        1
176
     0
 90
        6
176
     0
 90
        2
176
     0
 62
     7
176
     0
 90
        5
176
     0
 90
        0
176
     0
 90
        0
176
     0
290
     0
176
     0
 90
        1
176
     0
 40
0.0
176
     0
 90
        0
176
     0
290
     0
176
     0
290
     1
176
     0
290
     1
176
     0
290
     0
176
     0
290
     0
176
     0
290
     0
176
     0
290
     0
176
     0
290
     0
176
     0
290
     0
176
     0
 90
       50
176
     0
 40
0.0
176
     0
 40
1.0
176
     0
 90
        0
176
     0
 62
    18
420
        0
176
     0
 90
       50
176
     0
 90
        3
176
     0
 62
     5
420
      255
176
     0
290
     0
176
     0
 90
       50
176
     0
 90
       50
176
     0
 90
       50
176
     0
290
     0
176
     0
 90
       50
176
     0
 62
   256
176
     0
 40
1.0
176
     0
 90
        2
176
     0
  1
strokes_ogs.tif
176
     0
290
     0
176
     0
 40
1.0
176
     0
 40
1.0
176
     0
  0
VISUALSTYLE
  5
38
102
{ACAD_REACTORS
330
29
102
}
330
29
100
AcDbVisualStyle
  2
Facepattern
 70
    15
177
     3
291
     1
 70
    58
 90
        2
176
     1
 90
        2
176
     1
 90
        0
176
     1
 90
        0
176
     1
 40
0.6
176
     1
 40
30.0
176
     1
 62
     7
420
 16777215
176
     1
 90
        1
176
     1
 90
        4
176
     1
 62
     7
176
     1
 62
   257
176
     1
 90
        1
176
     1
 90
        1
176
     1
 40
1.0
176
     1
 90
        8
176
     1
 62
     7
176
     1
 40
1.0
176
     1
 90
        1
176
     1
 90
        6
176
     1
 90
        2
176
     1
 62
     7
176
     1
 90
        5
176
     1
 90
        0
176
     1
 90
        0
176
     1
290
     0
176
     1
 90
        1
176
     1
 40
0.0
176
     1
 90
        0
176
     1
290
     0
176
     1
290
     1
176
     1
290
     1
176
     1
290
     0
176
     1
290
     0
176
     1
290
     0
176
     1
290
     0
176
     1
290
     0
176
     1
290
     0
176
     1
 90
       50
176
     1
 40
0.0
176
     1
 40
1.0
176
     1
 90
        0
176
     1
 62
    18
420
        0
176
     1
 90
       50
176
     1
 90
        3
176
     1
 62
     5
420
      255
176
     1
290
     0
176
     1
 90
       50
176
     1
 90
       50
176
     1
 90
       50
176
     1
290
     0
176
     1
 90
       50
176
     1
 62
   256
176
     0
 40
1.0
176
     0
 90
        2
176
     1
  1
strokes_ogs.tif
176
     1
290
     0
176
     1
 40
1.0
176
     1
 40
1.0
176
     1
  0
VISUALSTYLE
  5
2A
102
{ACAD_REACTORS
330
29
102
}
330
29
100
AcDbVisualStyle
  2
Flat
 70
     0
177
     3
291
     1
 70
    58
 90
        2
176
     1
 90
        1
176
     1
 90
        1
176
     1
 90
        2
176
     1
 40
0.6
176
     1
 40
30.0
176
     1
 62
     7
420
 16777215
176
     1
 90
        0
176
     1
 90
        0
176
     1
 62
     7
176
     1
 62
   257
176
     1
 90
        1
176
     1
 90
        1
176
     1
 40
1.0
176
     1
 90
        8
176
     1
 62
     7
176
     1
 40
1.0
176
     1
 90
        1
176
     1
 90
        6
176
     1
 90
        2
176
     1
 62
     7
176
     1
 90
        5
176
     1
 90
        0
176
     1
 90
        0
176
     1
290
     0
176
     1
 90
       13
176
     1
 40
0.0
176
     1
 90
        0
176
     1
290
     0
176
     1
290
     1
176
     1
290
     1
176
     1
290
     0
176
     1
290
     0
176
     1
290
     0
176
     1
290
     0
176
     1
290
     0
176
     1
290
     0
176
     1
 90
       50
176
     1
 40
0.0
176
     1
 40
1.0
176
     1
 90
        0
176
     1
 62
    18
420
        0
176
     1
 90
       50
176
     1
 90
        3
176
     1
 62
     5
420
      255
176
     1
290
     0
176
     1
 90
       50
176
     1
 90
       50
176
     1
 90
       50
176
     1
290
     0
176
     1
 90
       50
176
     1
 62
   256
176
     0
 40
1.0
176
     0
 90
        2
176
     1
  1
strokes_ogs.tif
176
     1
290
     0
176
     1
 40
1.0
176
     1
 40
1.0
176
     1
  0
VISUALSTYLE
  5
2B
102
{ACAD_REACTORS
330
29
102
}
330
29
100
AcDbVisualStyle
  2
FlatWithEdges
 70
     1
177
     3
291
     1
 70
    58
 90
        2
176
     1
 90
        1
176
     1
 90
        1
176
     1
 90
        2
176
     1
 40
0.6
176
     1
 40
30.0
176
     1
 62
     7
420
 16777215
176
     1
 90
        1
176
     1
 90
        0
176
     1
 62
     7
176
     1
 62
   257
176
     1
 90
        1
176
     1
 90
        1
176
     1
 40
1.0
176
     1
 90
        0
176
     1
 62
   257
176
     1
 40
1.0
176
     1
 90
        1
176
     1
 90
        6
176
     1
 90
        2
176
     1
 62
     7
176
     1
 90
        5
176
     1
 90
        0
176
     1
 90
        0
176
     1
290
     0
176
     1
 90
       13
176
     1
 40
0.0
176
     1
 90
        0
176
     1
290
     0
176
     1
290
     1
176
     1
290
     1
176
     1
290
     0
176
     1
290
     0
176
     1
290
     0
176
     1
290
     0
176
     1
290
     0
176
     1
290
     0
176
     1
 90
       50
176
     1
 40
0.0
176
     1
 40
1.0
176
     1
 90
        0
176
     1
 62
    18
420
        0
176
     1
 90
       50
176
     1
 90
        3
176
     1
 62
     5
420
      255
176
     1
290
     0
176
     1
 90
       50
176
     1
 90
       50
176
     1
 90
       50
176
     1
290
     0
176
     1
 90
       50
176
     1
 62
   256
176
     0
 40
1.0
176
     0
 90
        2
176
     1
  1
strokes_ogs.tif
176
     1
290
     0
176
     1
 40
1.0
176
     1
 40
1.0
176
     1
  0
VISUALSTYLE
  5
2C
102
{ACAD_REACTORS
330
29
102
}
330
29
100
AcDbVisualStyle
  2
Gouraud
 70
     2
177
     3
291
     1
 70
    58
 90
        2
176
     1
 90
        2
176
     1
 90
        1
176
     1
 90
        2
176
     1
 40
0.6
176
     1
 40
30.0
176
     1
 62
     7
420
 16777215
176
     1
 90
        0
176
     1
 90
        0
176
     1
 62
     7
176
     1
 62
   257
176
     1
 90
        1
176
     1
 90
        1
176
     1
 40
1.0
176
     1
 90
        0
176
     1
 62
     7
176
     1
 40
1.0
176
     1
 90
        1
176
     1
 90
        6
176
     1
 90
        2
176
     1
 62
     7
176
     1
 90
        5
176
     1
 90
        0
176
     1
 90
        0
176
     1
290
     0
176
     1
 90
       13
176
     1
 40
0.0
176
     1
 90
        0
176
     1
290
     0
176
     1
290
     1
176
     1
290
     1
176
     1
290
     0
176
     1
290
     0
176
     1
290
     0
176
     1
290
     0
176
     1
290
     0
176
     1
290
     0
176
     1
 90
       50
176
     1
 40
0.0
176
     1
 40
1.0
176
     1
 90
        0
176
     1
 62
    18
420
        0
176
     1
 90
       50
176
     1
 90
        3
176
     1
 62
     5
420
      255
176
     1
290
     0
176
     1
 90
       50
176
     1
 90
       50
176
     1
 90
       50
176
     1
290
     0
176
     1
 90
       50
176
     1
 62
   256
176
     0
 40
1.0
176
     0
 90
        2
176
     1
  1
strokes_ogs.tif
176
     1
290
     0
176
     1
 40
1.0
176
     1
 40
1.0
176
     1
  0
VISUALSTYLE
  5
2D
102
{ACAD_REACTORS
330
29
102
}
330
29
100
AcDbVisualStyle
  2
GouraudWithEdges
 70
     3
177
     3
291
     1
 70
    58
 90
        2
176
     1
 90
        2
176
     1
 90
        1
176
     1
 90
        2
176
     1
 40
0.6
176
     1
 40
30.0
176
     1
 62
     7
420
 16777215
176
     1
 90
        1
176
     1
 90
        0
176
     1
 62
     7
176
     1
 62
   257
176
     1
 90
        1
176
     1
 90
        1
176
     1
 40
1.0
176
     1
 90
        0
176
     1
 62
   257
176
     1
 40
1.0
176
     1
 90
        1
176
     1
 90
        6
176
     1
 90
        2
176
     1
 62
     7
176
     1
 90
        5
176
     1
 90
        0
176
     1
 90
        0
176
     1
290
     0
176
     1
 90
       13
176
     1
 40
0.0
176
     1
 90
        0
176
     1
290
     0
176
     1
290
     1
176
     1
290
     1
176
     1
290
     0
176
     1
290
     0
176
     1
290
     0
176
     1
290
     0
176
     1
290
     0
176
     1
290
     0
176
     1
 90
       50
176
     1
 40
0.0
176
     1
 40
1.0
176
     1
 90
        0
176
     1
 62
    18
420
        0
176
     1
 90
       50
176
     1
 90
        3
176
     1
 62
     5
420
      255
176
     1
290
     0
176
     1
 90
       50
176
     1
 90
       50
176
     1
 90
       50
176
     1
290
     0
176
     1
 90
       50
176
     1
 62
   256
176
     0
 40
1.0
176
     0
 90
        2
176
     1
  1
strokes_ogs.tif
176
     1
290
     0
176
     1
 40
1.0
176
     1
 40
1.0
176
     1
  0
VISUALSTYLE
  5
31
102
{ACAD_REACTORS
330
29
102
}
330
29
100
AcDbVisualStyle
  2
Hidden
 70
     6
177
     3
291
     0
 70
    58
 90
        1
176
     1
 90
        2
176
     1
 90
        2
176
     1
 90
        0
176
     1
 40
0.6
176
     1
 40
30.0
176
     1
 62
     7
420
 16777215
176
     1
 90
        2
176
     1
 90
        2
176
     1
 62
     7
176
     1
 62
   257
176
     1
 90
        2
176
     1
 90
        1
176
     1
 40
40.0
176
     1
 90
        0
176
     1
 62
   257
176
     1
 40
1.0
176
     1
 90
        1
176
     1
 90
        6
176
     1
 90
        2
176
     1
 62
     7
176
     1
 90
        3
176
     1
 90
        0
176
     1
 90
        0
176
     1
290
     0
176
     1
 90
        1
176
     1
 40
0.0
176
     1
 90
        0
176
     1
290
     0
176
     1
290
     1
176
     1
290
     1
176
     1
290
     0
176
     1
290
     0
176
     1
290
     0
176
     1
290
     0
176
     1
290
     0
176
     1
290
     0
176
     1
 90
       50
176
     1
 40
0.0
176
     1
 40
1.0
176
     1
 90
        0
176
     1
 62
    18
420
        0
176
     1
 90
       50
176
     1
 90
        3
176
     1
 62
     5
420
      255
176
     1
290
     0
176
     1
 90
       50
176
     1
 90
       50
176
     1
 90
       50
176
     1
290
     0
176
     1
 90
       50
176
     1
 62
   256
176
     0
 40
1.0
176
     0
 90
        2
176
     1
  1
strokes_ogs.tif
176
     1
290
     0
176
     1
 40
1.0
176
     1
 40
1.0
176
     1
  0
VISUALSTYLE
  5
3F
102
{ACAD_REACTORS
330
29
102
}
330
29
100
AcDbVisualStyle
  2
JitterOff
 70
    20
177
     3
291
     1
 70
    58
 90
        2
176
     0
 90
        2
176
     0
 90
        0
176
     0
 90
        0
176
     0
 40
0.6
176
     0
 40
30.0
176
     0
 62
     7
420
 16777215
176
     0
 90
        1
176
     0
 90
        4
176
     0
 62
     7
176
     0
 62
   257
176
     0
 90
        1
176
     0
 90
        1
176
     0
 40
1.0
176
     0
 90
       10
176
     2
 62
     7
176
     0
 40
1.0
176
     0
 90
        1
176
     0
 90
        6
176
     0
 90
        2
176
     0
 62
     7
176
     0
 90
        5
176
     0
 90
        0
176
     0
 90
        0
176
     0
290
     0
176
     0
 90
        1
176
     0
 40
0.0
176
     0
 90
        0
176
     0
290
     0
176
     0
290
     1
176
     0
290
     1
176
     0
290
     0
176
     0
290
     0
176
     0
290
     0
176
     0
290
     0
176
     0
290
     0
176
     0
290
     0
176
     0
 90
       50
176
     0
 40
0.0
176
     0
 40
1.0
176
     0
 90
        0
176
     0
 62
    18
420
        0
176
     0
 90
       50
176
     0
 90
        3
176
     0
 62
     5
420
      255
176
     0
290
     0
176
     0
 90
       50
176
     0
 90
       50
176
     0
 90
       50
176
     0
290
     0
176
     0
 90
       50
176
     0
 62
   256
176
     0
 40
1.0
176
     0
 90
        2
176
     0
  1
strokes_ogs.tif
176
     0
290
     0
176
     0
 40
1.0
176
     0
 40
1.0
176
     0
  0
VISUALSTYLE
  5
37
102
{ACAD_REACTORS
330
29
102
}
330
29
100
AcDbVisualStyle
  2
Linepattern
 70
    14
177
     3
291
     1
 70
    58
 90
        2
176
     1
 90
        2
176
     1
 90
        0
176
     1
 90
        0
176
     1
 40
0.6
176
     1
 40
30.0
176
     1
 62
     7
420
 16777215
176
     1
 90
        1
176
     1
 90
        4
176
     1
 62
     7
176
     1
 62
   257
176
     1
 90
        7
176
     1
 90
        7
176
     1
 40
1.0
176
     1
 90
        8
176
     1
 62
     7
176
     1
 40
1.0
176
     1
 90
        1
176
     1
 90
        6
176
     1
 90
        2
176
     1
 62
     7
176
     1
 90
        5
176
     1
 90
        0
176
     1
 90
        0
176
     1
290
     0
176
     1
 90
        1
176
     1
 40
0.0
176
     1
 90
        0
176
     1
290
     0
176
     1
290
     1
176
     1
290
     1
176
     1
290
     0
176
     1
290
     0
176
     1
290
     0
176
     1
290
     0
176
     1
290
     0
176
     1
290
     0
176
     1
 90
       50
176
     1
 40
0.0
176
     1
 40
1.0
176
     1
 90
        0
176
     1
 62
    18
420
        0
176
     1
 90
       50
176
     1
 90
        3
176
     1
 62
     5
420
      255
176
     1
290
     0
176
     1
 90
       50
176
     1
 90
       50
176
     1
 90
       50
176
     1
290
     0
176
     1
 90
       50
176
     1
 62
   256
176
     0
 40
1.0
176
     0
 90
        2
176
     1
  1
strokes_ogs.tif
176
     1
290
     0
176
     1
 40
1.0
176
     1
 40
1.0
176
     1
  0
VISUALSTYLE
  5
40
102
{ACAD_REACTORS
330
29
102
}
330
29
100
AcDbVisualStyle
  2
OverhangOff
 70
    21
177
     3
291
     1
 70
    58
 90
        2
176
     0
 90
        2
176
     0
 90
        0
176
     0
 90
        0
176
     0
 40
0.6
176
     0
 40
30.0
176
     0
 62
     7
420
 16777215
176
     0
 90
        1
176
     0
 90
        4
176
     0
 62
     7
176
     0
 62
   257
176
     0
 90
        1
176
     0
 90
        1
176
     0
 40
1.0
176
     0
 90
        9
176
     2
 62
     7
176
     0
 40
1.0
176
     0
 90
        1
176
     0
 90
        6
176
     0
 90
        2
176
     0
 62
     7
176
     0
 90
        5
176
     0
 90
        0
176
     0
 90
        0
176
     0
290
     0
176
     0
 90
        1
176
     0
 40
0.0
176
     0
 90
        0
176
     0
290
     0
176
     0
290
     1
176
     0
290
     1
176
     0
290
     0
176
     0
290
     0
176
     0
290
     0
176
     0
290
     0
176
     0
290
     0
176
     0
290
     0
176
     0
 90
       50
176
     0
 40
0.0
176
     0
 40
1.0
176
     0
 90
        0
176
     0
 62
    18
420
        0
176
     0
 90
       50
176
     0
 90
        3
176
     0
 62
     5
420
      255
176
     0
290
     0
176
     0
 90
       50
176
     0
 90
       50
176
     0
 90
       50
176
     0
290
     0
176
     0
 90
       50
176
     0
 62
   256
176
     0
 40
1.0
176
     0
 90
        2
176
     0
  1
strokes_ogs.tif
176
     0
290
     0
176
     0
 40
1.0
176
     0
 40
1.0
176
     0
  0
VISUALSTYLE
  5
33
102
{ACAD_REACTORS
330
29
102
}
330
29
100
AcDbVisualStyle
  2
Realistic
 70
     8
177
     3
291
     0
 70
    58
 90
        2
176
     1
 90
        3
176
     1
 90
        0
176
     1
 90
        2
176
     1
 40
0.6
176
     1
 40
30.0
176
     1
 62
     7
420
 16777215
176
     1
 90
        0
176
     1
 90
        0
176
     1
 62
     7
176
     1
 62
   257
176
     1
 90
        1
176
     1
 90
        1
176
     1
 40
1.0
176
     1
 90
        8
176
     1
 62
   257
176
     1
 40
1.0
176
     1
 90
        1
176
     1
 90
        6
176
     1
 90
        2
176
     1
 62
     7
176
     1
 90
        3
176
     1
 90
        0
176
     1
 90
        0
176
     1
290
     0
176
     1
 90
       13
176
     1
 40
0.0
176
     1
 90
        0
176
     1
290
     0
176
     1
290
     1
176
     1
290
     1
176
     1
290
     0
176
     1
290
     0
176
     1
290
     0
176
     1
290
     0
176
     1
290
     0
176
     1
290
     0
176
     1
 90
       50
176
     1
 40
0.0
176
     1
 40
1.0
176
     1
 90
        0
176
     1
 62
    18
420
        0
176
     1
 90
       50
176
     1
 90
        3
176
     1
 62
     5
420
      255
176
     1
290
     0
176
     1
 90
       50
176
     1
 90
       50
176
     1
 90
       50
176
     1
290
     0
176
     1
 90
       50
176
     1
 62
   256
176
     0
 40
1.0
176
     0
 90
        2
176
     1
  1
strokes_ogs.tif
176
     1
290
     0
176
     1
 40
1.0
176
     1
 40
1.0
176
     1
  0
VISUALSTYLE
  5
3E
102
{ACAD_REACTORS
330
29
102
}
330
29
100
AcDbVisualStyle
  2
Shaded
 70
    27
177
     3
291
     0
 70
    58
 90
        2
176
     1
 90
        2
176
     1
 90
        1
176
     1
 90
        2
176
     1
 40
0.6
176
     1
 40
30.0
176
     1
 62
     7
420
 16777215
176
     1
 90
        0
176
     1
 90
        4
176
     1
 62
     7
176
     1
 62
   257
176
     1
 90
        1
176
     1
 90
        1
176
     1
 40
1.0
176
     1
 90
        8
176
     1
 62
   257
176
     1
 40
1.0
176
     1
 90
        1
176
     1
 90
        6
176
     1
 90
        2
176
     1
 62
     8
420
  7895160
176
     1
 90
        3
176
     1
 90
        0
176
     1
 90
        0
176
     1
290
     0
176
     1
 90
        5
176
     1
 40
0.0
176
     1
 90
        0
176
     1
290
     0
176
     1
290
     1
176
     1
290
     1
176
     1
290
     0
176
     1
290
     0
176
     1
290
     0
176
     1
290
     0
176
     1
290
     0
176
     1
290
     0
176
     1
 90
       50
176
     1
 40
0.0
176
     1
 40
1.0
176
     1
 90
        0
176
     1
 62
    18
420
        0
176
     1
 90
       50
176
     1
 90
        3
176
     1
 62
     5
420
      255
176
     1
290
     0
176
     1
 90
       50
176
     1
 90
       50
176
     1
 90
       50
176
     1
290
     0
176
     1
 90
       50
176
     1
 62
   256
176
     0
 40
1.0
176
     0
 90
        2
176
     1
  1
strokes_ogs.tif
176
     1
290
     0
176
     1
 40
1.0
176
     1
 40
1.0
176
     1
  0
VISUALSTYLE
  5
3D
102
{ACAD_REACTORS
330
29
102
}
330
29
100
AcDbVisualStyle
  2
Shaded with edges
 70
    26
177
     3
291
     0
 70
    58
 90
        2
176
     1
 90
        2
176
     1
 90
        1
176
     1
 90
        2
176
     1
 40
0.6
176
     1
 40
30.0
176
     1
 62
     7
420
 16777215
176
     1
 90
        1
176
     1
 90
        2
176
     1
 62
     7
176
     1
 62
   257
176
     1
 90
        2
176
     1
 90
        1
176
     1
 40
1.0
176
     1
 90
        8
176
     1
 62
   257
176
     1
 40
1.0
176
     1
 90
        1
176
     1
 90
        6
176
     1
 90
        2
176
     1
 62
     7
176
     1
 90
        3
176
     1
 90
        0
176
     1
 90
        0
176
     1
290
     0
176
     1
 90
        5
176
     1
 40
0.0
176
     1
 90
        0
176
     1
290
     0
176
     1
290
     1
176
     1
290
     1
176
     1
290
     0
176
     1
290
     0
176
     1
290
     0
176
     1
290
     0
176
     1
290
     0
176
     1
290
     0
176
     1
 90
       50
176
     1
 40
0.0
176
     1
 40
1.0
176
     1
 90
        0
176
     1
 62
    18
420
        0
176
     1
 90
       50
176
     1
 90
        3
176
     1
 62
     5
420
      255
176
     1
290
     0
176
     1
 90
       50
176
     1
 90
       50
176
     1
 90
       50
176
     1
290
     0
176
     1
 90
       50
176
     1
 62
   256
176
     0
 40
1.0
176
     0
 90
        2
176
     1
  1
strokes_ogs.tif
176
     1
290
     0
176
     1
 40
1.0
176
     1
 40
1.0
176
     1
  0
VISUALSTYLE
  5
3A
102
{ACAD_REACTORS
330
29
102
}
330
29
100
AcDbVisualStyle
  2
Shades of Gray
 70
    23
177
     3
291
     0
 70
    58
 90
        2
176
     1
 90
        2
176
     1
 90
        3
176
     1
 90
        0
176
     1
 40
0.6
176
     1
 40
30.0
176
     1
 62
     7
420
 16777215
176
     1
 90
        2
176
     1
 90
        2
176
     1
 62
     7
176
     1
 62
     7
176
     1
 90
        1
176
     1
 90
        1
176
     1
 40
40.0
176
     1
 90
        8
176
     1
 62
     7
176
     1
 40
1.0
176
     1
 90
        1
176
     1
 90
        6
176
     1
 90
        2
176
     1
 62
     7
176
     1
 90
        3
176
     1
 90
        0
176
     1
 90
        0
176
     1
290
     0
176
     1
 90
        1
176
     1
 40
0.0
176
     1
 90
        0
176
     1
290
     0
176
     1
290
     1
176
     1
290
     1
176
     1
290
     0
176
     1
290
     0
176
     1
290
     0
176
     1
290
     0
176
     1
290
     0
176
     1
290
     0
176
     1
 90
       50
176
     1
 40
0.0
176
     1
 40
1.0
176
     1
 90
        0
176
     1
 62
    18
420
        0
176
     1
 90
       50
176
     1
 90
        3
176
     1
 62
     5
420
      255
176
     1
290
     0
176
     1
 90
       50
176
     1
 90
       50
176
     1
 90
       50
176
     1
290
     0
176
     1
 90
       50
176
     1
 62
   256
176
     0
 40
1.0
176
     0
 90
        2
176
     1
  1
strokes_ogs.tif
176
     1
290
     0
176
     1
 40
1.0
176
     1
 40
1.0
176
     1
  0
VISUALSTYLE
  5
3B
102
{ACAD_REACTORS
330
29
102
}
330
29
100
AcDbVisualStyle
  2
Sketchy
 70
    24
177
     3
291
     0
 70
    58
 90
        1
176
     1
 90
        2
176
     1
 90
        2
176
     1
 90
        0
176
     1
 40
0.6
176
     1
 40
30.0
176
     1
 62
     7
420
 16777215
176
     1
 90
        2
176
     1
 90
        2
176
     1
 62
     7
176
     1
 62
     7
176
     1
 90
        1
176
     1
 90
        1
176
     1
 40
40.0
176
     1
 90
       11
176
     1
 62
     7
176
     1
 40
1.0
176
     1
 90
        1
176
     1
 90
        6
176
     1
 90
        2
176
     1
 62
     7
176
     1
 90
        6
176
     1
 90
        0
176
     1
 90
        0
176
     1
290
     0
176
     1
 90
        1
176
     1
 40
0.0
176
     1
 90
        0
176
     1
290
     0
176
     1
290
     1
176
     1
290
     1
176
     1
290
     0
176
     1
290
     0
176
     1
290
     0
176
     1
290
     0
176
     1
290
     0
176
     1
290
     0
176
     1
 90
       50
176
     1
 40
0.0
176
     1
 40
1.0
176
     1
 90
        0
176
     1
 62
    18
420
        0
176
     1
 90
       50
176
     1
 90
        3
176
     1
 62
     5
420
      255
176
     1
290
     0
176
     1
 90
       50
176
     1
 90
       50
176
     1
 90
       50
176
     1
290
     0
176
     1
 90
       50
176
     1
 62
   256
176
     0
 40
1.0
176
     0
 90
        2
176
     1
  1
strokes_ogs.tif
176
     1
290
     0
176
     1
 40
1.0
176
     1
 40
1.0
176
     1
  0
VISUALSTYLE
  5
36
102
{ACAD_REACTORS
330
29
102
}
330
29
100
AcDbVisualStyle
  2
Thicken
 70
    13
177
     3
291
     1
 70
    58
 90
        2
176
     1
 90
        2
176
     1
 90
        0
176
     1
 90
        0
176
     1
 40
0.6
176
     1
 40
30.0
176
     1
 62
     7
420
 16777215
176
     1
 90
        1
176
     1
 90
        4
176
     1
 62
     7
176
     1
 62
   257
176
     1
 90
        1
176
     1
 90
        1
176
     1
 40
1.0
176
     1
 90
       12
176
     1
 62
     7
176
     1
 40
1.0
176
     1
 90
        1
176
     1
 90
        6
176
     1
 90
        2
176
     1
 62
     7
176
     1
 90
        5
176
     1
 90
        0
176
     1
 90
        0
176
     1
290
     0
176
     1
 90
        1
176
     1
 40
0.0
176
     1
 90
        0
176
     1
290
     0
176
     1
290
     1
176
     1
290
     1
176
     1
290
     0
176
     1
290
     0
176
     1
290
     0
176
     1
290
     0
176
     1
290
     0
176
     1
290
     0
176
     1
 90
       50
176
     1
 40
0.0
176
     1
 40
1.0
176
     1
 90
        0
176
     1
 62
    18
420
        0
176
     1
 90
       50
176
     1
 90
        3
176
     1
 62
     5
420
      255
176
     1
290
     0
176
     1
 90
       50
176
     1
 90
       50
176
     1
 90
       50
176
     1
290
     0
176
     1
 90
       50
176
     1
 62
   256
176
     0
 40
1.0
176
     0
 90
        2
176
     1
  1
strokes_ogs.tif
176
     1
290
     0
176
     1
 40
1.0
176
     1
 40
1.0
176
     1
  0
VISUALSTYLE
  5
30
102
{ACAD_REACTORS
330
29
102
}
330
29
100
AcDbVisualStyle
  2
Wireframe
 70
     5
177
     3
291
     0
 70
    58
 90
        0
176
     1
 90
        2
176
     1
 90
        0
176
     1
 90
        0
176
     1
 40
0.6
176
     1
 40
30.0
176
     1
 62
     7
420
 16777215
176
     1
 90
        1
176
     1
 90
        4
176
     1
 62
     7
176
     1
 62
   257
176
     1
 90
        1
176
     1
 90
        1
176
     1
 40
1.0
176
     1
 90
        0
176
     1
 62
   257
176
     1
 40
1.0
176
     1
 90
        1
176
     1
 90
        6
176
     1
 90
        2
176
     1
 62
     7
176
     1
 90
        3
176
     1
 90
        0
176
     1
 90
        0
176
     1
290
     0
176
     1
 90
        1
176
     1
 40
0.0
176
     1
 90
        0
176
     1
290
     0
176
     1
290
     1
176
     1
290
     1
176
     1
290
     0
176
     1
290
     0
176
     1
290
     0
176
     1
290
     0
176
     1
290
     0
176
     1
290
     0
176
     1
 90
       50
176
     1
 40
0.0
176
     1
 40
1.0
176
     1
 90
        0
176
     1
 62
    18
420
        0
176
     1
 90
       50
176
     1
 90
        3
176
     1
 62
     5
420
      255
176
     1
290
     0
176
     1
 90
       50
176
     1
 90
       50
176
     1
 90
       50
176
     1
290
     0
176
     1
 90
       50
176
     1
 62
   256
176
     0
 40
1.0
176
     0
 90
        2
176
     1
  1
strokes_ogs.tif
176
     1
290
     0
176
     1
 40
1.0
176
     1
 40
1.0
176
     1
  0
VISUALSTYLE
  5
3C
102
{ACAD_REACTORS
330
29
102
}
330
29
100
AcDbVisualStyle
  2
X-Ray
 70
    25
177
     3
291
     0
 70
    58
 90
        2
176
     1
 90
        2
176
     1
 90
        1
176
     1
 90
        1
176
     1
 40
0.5
176
     1
 40
30.0
176
     1
 62
     7
420
 16777215
176
     1
 90
        1
176
     1
 90
        0
176
     1
 62
     7
176
     1
 62
   257
176
     1
 90
        1
176
     1
 90
        1
176
     1
 40
1.0
176
     1
 90
        8
176
     1
 62
     7
176
     1
 40
1.0
176
     1
 90
        1
176
     1
 90
        6
176
     1
 90
        2
176
     1
 62
     7
176
     1
 90
        3
176
     1
 90
        0
176
     1
 90
        0
176
     1
290
     0
176
     1
 90
       13
176
     1
 40
0.0
176
     1
 90
        0
176
     1
290
     0
176
     1
290
     1
176
     1
290
     1
176
     1
290
     0
176
     1
290
     0
176
     1
290
     0
176
     1
290
     0
176
     1
290
     0
176
     1
290
     0
176
     1
 90
       50
176
     1
 40
0.0
176
     1
 40
1.0
176
     1
 90
        0
176
     1
 62
    18
420
        0
176
     1
 90
       50
176
     1
 90
        3
176
     1
 62
     5
420
      255
176
     1
290
     0
176
     1
 90
       50
176
     1
 90
       50
176
     1
 90
       50
176
     1
290
     0
176
     1
 90
       50
176
     1
 62
   256
176
     0
 40
1.0
176
     0
 90
        2
176
     1
  1
strokes_ogs.tif
176
     1
290
     0
176
     1
 40
1.0
176
     1
 40
1.0
176
     1
  0
DICTIONARYVAR
  5
A2C
102
{ACAD_REACTORS
330
A27
102
}
330
A27
100
DictionaryVariables
280
     0
  1
1:1
  0
DICTIONARYVAR
  5
A29
102
{ACAD_REACTORS
330
A27
102
}
330
A27
100
DictionaryVariables
280
     0
  1
STANDARD
  0
DICTIONARYVAR
  5
A28
102
{ACAD_REACTORS
330
A27
102
}
330
A27
100
DictionaryVariables
280
     0
  1
STANDARD
  0
DICTIONARYVAR
  5
A2A
102
{ACAD_REACTORS
330
A27
102
}
330
A27
100
DictionaryVariables
280
     0
  1
Imperial24
  0
DICTIONARYVAR
  5
A2B
102
{ACAD_REACTORS
330
A27
102
}
330
A27
100
DictionaryVariables
280
     0
  1
Imperial24
  0
DICTIONARY
  5
1A
330
19
100
AcDbDictionary
280
     1
281
     1
  3
BUMPTILE
360
1C
  3
DIFFUSETILE
360
1B
  3
OPACITYTILE
360
1F
  3
REFLECTIONTILE
360
1E
  3
REFRACTIONTILE
360
20
  3
SPECULARTILE
360
1D
  0
DICTIONARY
  5
12
330
11
100
AcDbDictionary
280
     1
281
     1
  3
BUMPTILE
360
14
  3
DIFFUSETILE
360
13
  3
OPACITYTILE
360
17
  3
REFLECTIONTILE
360
16
  3
REFRACTIONTILE
360
18
  3
SPECULARTILE
360
15
  0
DICTIONARY
  5
22
330
21
100
AcDbDictionary
280
     1
281
     1
  3
BUMPTILE
360
24
  3
DIFFUSETILE
360
23
  3
OPACITYTILE
360
27
  3
REFLECTIONTILE
360
26
  3
REFRACTIONTILE
360
28
  3
SPECULARTILE
360
25
  0
DICTIONARY
  5
A2D
330
65
100
AcDbDictionary
280
     1
281
     1
  3
ACAD_ROUNDTRIP_2008_TABLESTYLE_CELLSTYLEMAP
360
A2E
  0
XRECORD
  5
1C
102
{ACAD_REACTORS
330
1A
102
}
330
1A
100
AcDbXrecord
280
     1
270
     1
271
     1
  0
XRECORD
  5
1B
102
{ACAD_REACTORS
330
1A
102
}
330
1A
100
AcDbXrecord
280
     1
270
     1
271
     1
  0
XRECORD
  5
1F
102
{ACAD_REACTORS
330
1A
102
}
330
1A
100
AcDbXrecord
280
     1
270
     1
271
     1
  0
XRECORD
  5
1E
102
{ACAD_REACTORS
330
1A
102
}
330
1A
100
AcDbXrecord
280
     1
270
     1
271
     1
  0
XRECORD
  5
20
102
{ACAD_REACTORS
330
1A
102
}
330
1A
100
AcDbXrecord
280
     1
270
     1
271
     1
  0
XRECORD
  5
1D
102
{ACAD_REACTORS
330
1A
102
}
330
1A
100
AcDbXrecord
280
     1
270
     1
271
     1
  0
XRECORD
  5
14
102
{ACAD_REACTORS
330
12
102
}
330
12
100
AcDbXrecord
280
     1
270
     1
271
     1
  0
XRECORD
  5
13
102
{ACAD_REACTORS
330
12
102
}
330
12
100
AcDbXrecord
280
     1
270
     1
271
     1
  0
XRECORD
  5
17
102
{ACAD_REACTORS
330
12
102
}
330
12
100
AcDbXrecord
280
     1
270
     1
271
     1
  0
XRECORD
  5
16
102
{ACAD_REACTORS
330
12
102
}
330
12
100
AcDbXrecord
280
     1
270
     1
271
     1
  0
XRECORD
  5
18
102
{ACAD_REACTORS
330
12
102
}
330
12
100
AcDbXrecord
280
     1
270
     1
271
     1
  0
XRECORD
  5
15
102
{ACAD_REACTORS
330
12
102
}
330
12
100
AcDbXrecord
280
     1
270
     1
271
     1
  0
XRECORD
  5
24
102
{ACAD_REACTORS
330
22
102
}
330
22
100
AcDbXrecord
280
     1
270
     1
271
     1
  0
XRECORD
  5
23
102
{ACAD_REACTORS
330
22
102
}
330
22
100
AcDbXrecord
280
     1
270
     1
271
     1
  0
XRECORD
  5
27
102
{ACAD_REACTORS
330
22
102
}
330
22
100
AcDbXrecord
280
     1
270
     1
271
     1
  0
XRECORD
  5
26
102
{ACAD_REACTORS
330
22
102
}
330
22
100
AcDbXrecord
280
     1
270
     1
271
     1
  0
XRECORD
  5
28
102
{ACAD_REACTORS
330
22
102
}
330
22
100
AcDbXrecord
280
     1
270
     1
271
     1
  0
XRECORD
  5
25
102
{ACAD_REACTORS
330
22
102
}
330
22
100
AcDbXrecord
280
     1
270
     1
271
     1
  0
CELLSTYLEMAP
  5
A2E
102
{ACAD_REACTORS
330
A2D
102
}
330
A2D
100
AcDbCellStyleMap
 90
        3
300
CELLSTYLE
  1
TABLEFORMAT_BEGIN
 90
        5
170
     1
 91
        0
 92
    32768
 62
   257
 93
        1
300
CONTENTFORMAT
  1
CONTENTFORMAT_BEGIN
 90
        0
 91
        0
 92
      512
 93
        0
300

 40
0.0
140
1.0
 94
        5
 62
     0
340
55
144
0.25
309
CONTENTFORMAT_END
171
     0
 94
        0
309
TABLEFORMAT_END
  1
CELLSTYLE_BEGIN
 90
        1
 91
        1
300
_TITLE
309
CELLSTYLE_END
300
CELLSTYLE
  1
TABLEFORMAT_BEGIN
 90
        5
170
     1
 91
        0
 92
        0
 62
   257
 93
        1
300
CONTENTFORMAT
  1
CONTENTFORMAT_BEGIN
 90
        0
 91
        0
 92
      512
 93
        0
300

 40
0.0
140
1.0
 94
        5
 62
     0
340
55
144
0.18
309
CONTENTFORMAT_END
171
     0
 94
        0
309
TABLEFORMAT_END
  1
CELLSTYLE_BEGIN
 90
        2
 91
        1
300
_HEADER
309
CELLSTYLE_END
300
CELLSTYLE
  1
TABLEFORMAT_BEGIN
 90
        5
170
     1
 91
        0
 92
        0
 62
   257
 93
        1
300
CONTENTFORMAT
  1
CONTENTFORMAT_BEGIN
 90
        0
 91
        0
 92
      512
 93
        0
300

 40
0.0
140
1.0
 94
        2
 62
     0
340
55
144
0.18
309
CONTENTFORMAT_END
171
     0
 94
        0
309
TABLEFORMAT_END
  1
CELLSTYLE_BEGIN
 90
        3
 91
        2
300
_DATA
309
CELLSTYLE_END
  0
ENDSEC
  0
EOF
