  0
SECTION
  2
HEADER
  9
$ACADVER
  1
AC1032
  9
$ACADMAINTVER
 90
      327
  9
$DWGCODEPAGE
  3
ANSI_1252
  9
$REQUIREDVERSIONS
160
                 0
  9
$INSBASE
 10
0.0
 20
0.0
 30
0.0
  9
$EXTMIN
 10
1.000000000000000E+20
 20
1.000000000000000E+20
 30
1.000000000000000E+20
  9
$EXTMAX
 10
-1.000000000000000E+20
 20
-1.000000000000000E+20
 30
-1.000000000000000E+20
  9
$LIMMIN
 10
0.0
 20
0.0
  9
$LIMMAX
 10
12.0
 20
9.0
  9
$ORTHOMODE
 70
     0
  9
$REGENMODE
 70
     1
  9
$FILLMODE
 70
     1
  9
$QTEXTMODE
 70
     0
  9
$MIRRTEXT
 70
     0
  9
$LTSCALE
 40
1.0
  9
$ATTMODE
 70
     1
  9
$TEXTSIZE
 40
0.2
  9
$TRACEWID
 40
0.05
  9
$TEXTSTYLE
  7
Standard
  9
$CLAYER
  8
0
  9
$CELTYPE
  6
ByLayer
  9
$CECOLOR
 62
   256
  9
$CELTSCALE
 40
1.0
  9
$DISPSILH
 70
     0
  9
$DIMSCALE
 40
1.0
  9
$DIMASZ
 40
0.18
  9
$DIMEXO
 40
0.0625
  9
$DIMDLI
 40
0.38
  9
$DIMRND
 40
0.0
  9
$DIMDLE
 40
0.0
  9
$DIMEXE
 40
0.18
  9
$DIMTP
 40
0.0
  9
$DIMTM
 40
0.0
  9
$DIMTXT
 40
0.18
  9
$DIMCEN
 40
0.09
  9
$DIMTSZ
 40
0.0
  9
$DIMTOL
 70
     0
  9
$DIMLIM
 70
     0
  9
$DIMTIH
 70
     1
  9
$DIMTOH
 70
     1
  9
$DIMSE1
 70
     0
  9
$DIMSE2
 70
     0
  9
$DIMTAD
 70
     0
  9
$DIMZIN
 70
     0
  9
$DIMBLK
  1

  9
$DIMASO
 70
     1
  9
$DIMSHO
 70
     1
  9
$DIMPOST
  1

  9
$DIMAPOST
  1

  9
$DIMALT
 70
     0
  9
$DIMALTD
 70
     2
  9
$DIMALTF
 40
25.4
  9
$DIMLFAC
 40
1.0
  9
$DIMTOFL
 70
     0
  9
$DIMTVP
 40
0.0
  9
$DIMTIX
 70
     0
  9
$DIMSOXD
 70
     0
  9
$DIMSAH
 70
     0
  9
$DIMBLK1
  1

  9
$DIMBLK2
  1

  9
$DIMSTYLE
  2
Standard
  9
$DIMCLRD
 70
     0
  9
$DIMCLRE
 70
     0
  9
$DIMCLRT
 70
     0
  9
$DIMTFAC
 40
1.0
  9
$DIMGAP
 40
0.09
  9
$DIMJUST
 70
     0
  9
$DIMSD1
 70
     0
  9
$DIMSD2
 70
     0
  9
$DIMTOLJ
 70
     1
  9
$DIMTZIN
 70
     0
  9
$DIMALTZ
 70
     0
  9
$DIMALTTZ
 70
     0
  9
$DIMUPT
 70
     0
  9
$DIMDEC
 70
     4
  9
$DIMTDEC
 70
     4
  9
$DIMALTU
 70
     2
  9
$DIMALTTD
 70
     2
  9
$DIMTXSTY
  7
Standard
  9
$DIMAUNIT
 70
     0
  9
$DIMADEC
 70
     0
  9
$DIMALTRND
 40
0.0
  9
$DIMAZIN
 70
     0
  9
$DIMDSEP
 70
    46
  9
$DIMATFIT
 70
     3
  9
$DIMFRAC
 70
     0
  9
$DIMLDRBLK
  1

  9
$DIMLUNIT
 70
     2
  9
$DIMLWD
 70
    -2
  9
$DIMLWE
 70
    -2
  9
$DIMTMOVE
 70
     0
  9
$DIMFXL
 40
1.0
  9
$DIMFXLON
 70
     0
  9
$DIMJOGANG
 40
0.7853981633974483
  9
$DIMTFILL
 70
     0
  9
$DIMTFILLCLR
 70
     0
  9
$DIMARCSYM
 70
     0
  9
$DIMLTYPE
  6

  9
$DIMLTEX1
  6

  9
$DIMLTEX2
  6

  9
$DIMTXTDIRECTION
 70
     0
  9
$LUNITS
 70
     2
  9
$LUPREC
 70
     4
  9
$SKETCHINC
 40
0.1
  9
$FILLETRAD
 40
0.0
  9
$AUNITS
 70
     0
  9
$AUPREC
 70
     0
  9
$MENU
  1
.
  9
$ELEVATION
 40
0.0
  9
$PELEVATION
 40
0.0
  9
$THICKNESS
 40
0.0
  9
$LIMCHECK
 70
     0
  9
$CHAMFERA
 40
0.0
  9
$CHAMFERB
 40
0.0
  9
$CHAMFERC
 40
0.0
  9
$CHAMFERD
 40
0.0
  9
$SKPOLY
 70
     0
  9
$TDCREATE
 40
2461250.487800926
  9
$TDUCREATE
 40
2461250.612800926
  9
$TDUPDATE
 40
2461250.487800926
  9
$TDUUPDATE
 40
2461250.612800926
  9
$TDINDWG
 40
0.0000000000
  9
$TDUSRTIMER
 40
0.0000000000
  9
$USRTIMER
 70
     1
  9
$ANGBASE
 50
0.0
  9
$ANGDIR
 70
     0
  9
$PDMODE
 70
     0
  9
$PDSIZE
 40
0.0
  9
$PLINEWID
 40
0.0
  9
$SPLFRAME
 70
     0
  9
$SPLINETYPE
 70
     6
  9
$SPLINESEGS
 70
     8
  9
$HANDSEED
  5
2CE
  9
$SURFTAB1
 70
     6
  9
$SURFTAB2
 70
     6
  9
$SURFTYPE
 70
     6
  9
$SURFU
 70
     6
  9
$SURFV
 70
     6
  9
$UCSBASE
  2

  9
$UCSNAME
  2

  9
$UCSORG
 10
0.0
 20
0.0
 30
0.0
  9
$UCSXDIR
 10
1.0
 20
0.0
 30
0.0
  9
$UCSYDIR
 10
0.0
 20
1.0
 30
0.0
  9
$UCSORTHOREF
  2

  9
$UCSORTHOVIEW
 70
     0
  9
$UCSORGTOP
 10
0.0
 20
0.0
 30
0.0
  9
$UCSORGBOTTOM
 10
0.0
 20
0.0
 30
0.0
  9
$UCSORGLEFT
 10
0.0
 20
0.0
 30
0.0
  9
$UCSORGRIGHT
 10
0.0
 20
0.0
 30
0.0
  9
$UCSORGFRONT
 10
0.0
 20
0.0
 30
0.0
  9
$UCSORGBACK
 10
0.0
 20
0.0
 30
0.0
  9
$PUCSBASE
  2

  9
$PUCSNAME
  2

  9
$PUCSORG
 10
0.0
 20
0.0
 30
0.0
  9
$PUCSXDIR
 10
1.0
 20
0.0
 30
0.0
  9
$PUCSYDIR
 10
0.0
 20
1.0
 30
0.0
  9
$PUCSORTHOREF
  2

  9
$PUCSORTHOVIEW
 70
     0
  9
$PUCSORGTOP
 10
0.0
 20
0.0
 30
0.0
  9
$PUCSORGBOTTOM
 10
0.0
 20
0.0
 30
0.0
  9
$PUCSORGLEFT
 10
0.0
 20
0.0
 30
0.0
  9
$PUCSORGRIGHT
 10
0.0
 20
0.0
 30
0.0
  9
$PUCSORGFRONT
 10
0.0
 20
0.0
 30
0.0
  9
$PUCSORGBACK
 10
0.0
 20
0.0
 30
0.0
  9
$USERI1
 70
     0
  9
$USERI2
 70
     0
  9
$USERI3
 70
     0
  9
$USERI4
 70
     0
  9
$USERI5
 70
     0
  9
$USERR1
 40
0.0
  9
$USERR2
 40
0.0
  9
$USERR3
 40
0.0
  9
$USERR4
 40
0.0
  9
$USERR5
 40
0.0
  9
$WORLDVIEW
 70
     1
  9
$SHADEDGE
 70
     3
  9
$SHADEDIF
 70
    70
  9
$TILEMODE
 70
     1
  9
$MAXACTVP
 70
    64
  9
$PINSBASE
 10
0.0
 20
0.0
 30
0.0
  9
$PLIMCHECK
 70
     0
  9
$PEXTMIN
 10
1.000000000000000E+20
 20
1.000000000000000E+20
 30
1.000000000000000E+20
  9
$PEXTMAX
 10
-1.000000000000000E+20
 20
-1.000000000000000E+20
 30
-1.000000000000000E+20
  9
$PLIMMIN
 10
0.0
 20
0.0
  9
$PLIMMAX
 10
12.0
 20
9.0
  9
$UNITMODE
 70
     0
  9
$VISRETAIN
 70
     1
  9
$PLINEGEN
 70
     0
  9
$PSLTSCALE
 70
     1
  9
$TREEDEPTH
 70
  3020
  9
$CMLSTYLE
  2
Standard
  9
$CMLJUST
 70
     0
  9
$CMLSCALE
 40
1.0
  9
$PROXYGRAPHICS
 70
     1
  9
$MEASUREMENT
 70
     0
  9
$CELWEIGHT
370
    -1
  9
$ENDCAPS
280
     0
  9
$JOINSTYLE
280
     0
  9
$LWDISPLAY
290
     1
  9
$INSUNITS
 70
     4
  9
$HYPERLINKBASE
  1

  9
$STYLESHEET
  1

  9
$XEDIT
290
     1
  9
$CEPSNTYPE
380
     0
  9
$PSTYLEMODE
290
     1
  9
$FINGERPRINTGUID
  2
{48EB06C0-800A-6044-9277-94AD975FF4E0}
  9
$VERSIONGUID
  2
{7C594B28-3763-5549-9DF7-98D9F87E7930}
  9
$EXTNAMES
290
     1
  9
$PSVPSCALE
 40
0.0
  9
$OLESTARTUP
290
     0
  9
$SORTENTS
280
   127
  9
$INDEXCTL
280
     0
  9
$HIDETEXT
280
     1
  9
$XCLIPFRAME
280
     2
  9
$HALOGAP
280
     0
  9
$OBSCOLOR
 70
   257
  9
$OBSLTYPE
280
     0
  9
$INTERSECTIONDISPLAY
280
     0
  9
$INTERSECTIONCOLOR
 70
   257
  9
$DIMASSOC
280
     2
  9
$PROJECTNAME
  1

  9
$CAMERADISPLAY
290
     0
  9
$LENSLENGTH
 40
50.0
  9
$CAMERAHEIGHT
 40
0.0
  9
$STEPSPERSEC
 40
2.0
  9
$STEPSIZE
 40
6.0
  9
$3DDWFPREC
 40
2.0
  9
$PSOLWIDTH
 40
0.25
  9
$PSOLHEIGHT
 40
4.0
  9
$LOFTANG1
 40
1.570796326794896
  9
$LOFTANG2
 40
1.570796326794896
  9
$LOFTMAG1
 40
0.0
  9
$LOFTMAG2
 40
0.0
  9
$LOFTPARAM
 70
     7
  9
$LOFTNORMALS
280
     1
  9
$LATITUDE
 40
37.795
  9
$LONGITUDE
 40
-122.394
  9
$NORTHDIRECTION
 40
0.0
  9
$TIMEZONE
 70
 -8000
  9
$LIGHTGLYPHDISPLAY
280
     1
  9
$TILEMODELIGHTSYNCH
280
     1
  9
$CMATERIAL
347
11
  9
$SOLIDHIST
280
     0
  9
$SHOWHIST
280
     1
  9
$DWFFRAME
280
     2
  9
$DGNFRAME
280
     0
  9
$REALWORLDSCALE
290
     1
  9
$INTERFERECOLOR
 62
     1
  9
$INTERFEREOBJVS
345
33
  9
$INTERFEREVPVS
346
30
  9
$CSHADOW
280
     0
  9
$SHADOWPLANELOCATION
 40
0.0
  0
ENDSEC
  0
SECTION
  2
CLASSES
  0
CLASS
  1
ACDBDICTIONARYWDFLT
  2
AcDbDictionaryWithDefault
  3
ObjectDBX Classes
 90
        0
 91
        1
280
     0
281
     0
  0
CLASS
  1
MATERIAL
  2
AcDbMaterial
  3
ObjectDBX Classes
 90
     1153
 91
        3
280
     0
281
     0
  0
CLASS
  1
VISUALSTYLE
  2
AcDbVisualStyle
  3
ObjectDBX Classes
 90
     4095
 91
       24
280
     0
281
     0
  0
CLASS
  1
SCALE
  2
AcDbScale
  3
ObjectDBX Classes
 90
     1153
 91
       17
280
     0
281
     0
  0
CLASS
  1
TABLESTYLE
  2
AcDbTableStyle
  3
ObjectDBX Classes
 90
     4095
 91
        1
280
     0
281
     0
  0
CLASS
  1
MLEADERSTYLE
  2
AcDbMLeaderStyle
  3
ACDB_MLEADERSTYLE_CLASS
 90
     4095
 91
        1
280
     0
281
     0
  0
CLASS
  1
ACDBSECTIONVIEWSTYLE
  2
AcDbSectionViewStyle
  3
ObjectDBX Classes
 90
     1025
 91
        1
280
     0
281
     0
  0
CLASS
  1
ACDBDETAILVIEWSTYLE
  2
AcDbDetailViewStyle
  3
ObjectDBX Classes
 90
     1025
 91
        1
280
     0
281
     0
  0
CLASS
  1
DICTIONARYVAR
  2
AcDbDictionaryVar
  3
ObjectDBX Classes
 90
        0
 91
        5
280
     0
281
     0
  0
CLASS
  1
CELLSTYLEMAP
  2
AcDbCellStyleMap
  3
ObjectDBX Classes
 90
     1152
 91
        1
280
     0
281
     0
  0
ENDSEC
  0
SECTION
  2
TABLES
  0
TABLE
  2
VPORT
  5
8
330
0
100
AcDbSymbolTable
 70
     1
  0
VPORT
  5
57
330
8
100
AcDbSymbolTableRecord
100
AcDbViewportTableRecord
  2
*Active
 70
     0
 10
0.0
 20
0.0
 11
1.0
 21
1.0
 12
0.0
 22
0.0
 13
0.0
 23
0.0
 14
1.0
 24
1.0
 15
0.0
 25
0.0
 16
0.0
 26
0.0
 36
1.0
 17
274.5899029295915
 27
162.1433862028514
 37
0.0
 40
122.5489523503154
 41
0.5234899328858821
 42
50.0
 43
0.0
 44
0.0
 50
0.0
 51
0.0
 71
     0
 72
   100
 73
     1
 74
     1
 75
     0
 76
     0
 77
     0
 78
     0
281
     0
 65
     1
110
0.0
120
0.0
130
0.0
111
1.0
121
0.0
131
0.0
112
0.0
122
1.0
132
0.0
 79
     0
146
0.0
 60
     3
 61
     5
292
     1
282
     1
141
0.0
142
0.0
 63
   250
421
  3355443
  0
ENDTAB
  0
TABLE
  2
LTYPE
  5
5
330
0
100
AcDbSymbolTable
 70
     1
  0
LTYPE
  5
5B
330
5
100
AcDbSymbolTableRecord
100
AcDbLinetypeTableRecord
  2
ByBlock
 70
     0
  3

 72
    65
 73
     0
 40
0.0
  0
LTYPE
  5
5C
330
5
100
AcDbSymbolTableRecord
100
AcDbLinetypeTableRecord
  2
ByLayer
 70
     0
  3

 72
    65
 73
     0
 40
0.0
  0
LTYPE
  5
5D
330
5
100
AcDbSymbolTableRecord
100
AcDbLinetypeTableRecord
  2
Continuous
 70
     0
  3
Solid line
 72
    65
 73
     0
 40
0.0
  0
ENDTAB
  0
TABLE
  2
LAYER
  5
2
330
0
100
AcDbSymbolTable
 70
     6
  0
LAYER
  5
54
330
2
100
AcDbSymbolTableRecord
100
AcDbLayerTableRecord
  2
0
 70
     0
 62
     7
  6
Continuous
370
     0
390
F
347
21
348
0
  0
LAYER
  5
1EF
330
2
100
AcDbSymbolTableRecord
100
AcDbLayerTableRecord
  2
10_CHAMFER
 70
     0
 62
     7
  6
Continuous
370
     0
390
F
347
21
348
0
  0
LAYER
  5
202
330
2
100
AcDbSymbolTableRecord
100
AcDbLayerTableRecord
  2
08_DRAFTS
 70
     0
 62
     7
  6
Continuous
370
     0
390
F
347
21
348
0
  0
LAYER
  5
217
330
2
100
AcDbSymbolTableRecord
100
AcDbLayerTableRecord
  2
09_ROUNDS
 70
     0
 62
     7
  6
Continuous
370
     0
390
F
347
21
348
0
  0
LAYER
  5
281
330
2
100
AcDbSymbolTableRecord
100
AcDbLayerTableRecord
  2
03_AXES
 70
     0
 62
     7
  6
Continuous
370
     0
390
F
347
21
348
0
  0
LAYER
  5
2BF
330
2
100
AcDbSymbolTableRecord
100
AcDbLayerTableRecord
  2
02_PLANES
 70
     0
 62
     7
  6
Continuous
370
     0
390
F
347
21
348
0
  0
ENDTAB
  0
TABLE
  2
STYLE
  5
3
330
0
100
AcDbSymbolTable
 70
     2
  0
STYLE
  5
55
330
3
100
AcDbSymbolTableRecord
100
AcDbTextStyleTableRecord
  2
Standard
 70
     0
 40
0.0
 41
1.0
 50
0.0
 71
     0
 42
0.2
  3
txt
  4

  0
STYLE
  5
5A
330
3
100
AcDbSymbolTableRecord
100
AcDbTextStyleTableRecord
  2
Annotative
 70
     0
 40
0.0
 41
1.0
 50
0.0
 71
     0
 42
0.2
  3
txt
  4

1001
AcadAnnotative
1000
AnnotativeData
1002
{
1070
     1
1070
     1
1002
}
  0
ENDTAB
  0
TABLE
  2
VIEW
  5
6
330
0
100
AcDbSymbolTable
 70
     0
  0
ENDTAB
  0
TABLE
  2
UCS
  5
7
330
0
100
AcDbSymbolTable
 70
     0
  0
ENDTAB
  0
TABLE
  2
APPID
  5
9
330
0
100
AcDbSymbolTable
 70
     2
  0
APPID
  5
56
330
9
100
AcDbSymbolTableRecord
100
AcDbRegAppTableRecord
  2
ACAD
 70
     0
  0
APPID
  5
5E
330
9
100
AcDbSymbolTableRecord
100
AcDbRegAppTableRecord
  2
AcadAnnotative
 70
     0
  0
ENDTAB
  0
TABLE
  2
DIMSTYLE
  5
A
330
0
100
AcDbSymbolTable
 70
     2
100
AcDbDimStyleTable
 71
     0
  0
DIMSTYLE
105
58
330
A
100
AcDbSymbolTableRecord
100
AcDbDimStyleTableRecord
  2
Standard
 70
     0
340
55
  0
DIMSTYLE
105
59
330
A
100
AcDbSymbolTableRecord
100
AcDbDimStyleTableRecord
  2
Annotative
 70
     0
340
55
1001
AcadAnnotative
1000
AnnotativeData
1002
{
1070
     1
1070
     1
1002
}
  0
ENDTAB
  0
TABLE
  2
BLOCK_RECORD
  5
1
330
0
100
AcDbSymbolTable
 70
     1
  0
BLOCK_RECORD
  5
70
330
1
100
AcDbSymbolTableRecord
100
AcDbBlockTableRecord
  2
*Model_Space
340
73
 70
     0
280
     1
281
     0
  0
BLOCK_RECORD
  5
6C
330
1
100
AcDbSymbolTableRecord
100
AcDbBlockTableRecord
  2
*Paper_Space
340
6F
 70
     0
280
     1
281
     0
  0
BLOCK_RECORD
  5
74
330
1
100
AcDbSymbolTableRecord
100
AcDbBlockTableRecord
  2
*Paper_Space0
340
77
 70
     0
280
     1
281
     0
  0
ENDTAB
  0
ENDSEC
  0
SECTION
  2
BLOCKS
  0
BLOCK
  5
71
330
70
100
AcDbEntity
  8
0
100
AcDbBlockBegin
  2
*Model_Space
 70
     0
 10
0.0
 20
0.0
 30
0.0
  3
*Model_Space
  1

  0
ENDBLK
  5
72
330
70
100
AcDbEntity
  8
0
100
AcDbBlockEnd
  0
BLOCK
  5
6D
330
6C
100
AcDbEntity
 67
     1
  8
0
100
AcDbBlockBegin
  2
*Paper_Space
 70
     0
 10
0.0
 20
0.0
 30
0.0
  3
*Paper_Space
  1

  0
ENDBLK
  5
6E
330
6C
100
AcDbEntity
 67
     1
  8
0
100
AcDbBlockEnd
  0
BLOCK
  5
75
330
74
100
AcDbEntity
 67
     1
  8
0
100
AcDbBlockBegin
  2
*Paper_Space0
 70
     0
 10
0.0
 20
0.0
 30
0.0
  3
*Paper_Space0
  1

  0
ENDBLK
  5
76
330
74
100
AcDbEntity
 67
     1
  8
0
100
AcDbBlockEnd
  0
ENDSEC
  0
SECTION
  2
ENTITIES
  0
LINE
  5
78
330
70
100
AcDbEntity
  8
0
 62
     7
370
    25
100
AcDbLine
 10
283.9732484955446
 20
121.528020253275
 30
0.0
 11
267.5532484955446
 21
121.528020253275
 31
0.0
  0
LINE
  5
79
330
70
100
AcDbEntity
  8
0
 62
     7
370
    25
100
AcDbLine
 10
267.2632484955449
 20
121.6280202532747
 30
0.0
 11
267.5532484955446
 21
121.6280202532747
 31
0.0
  0
LINE
  5
7A
330
70
100
AcDbEntity
  8
0
 62
     7
370
    25
100
AcDbLine
 10
284.2632484955449
 20
121.6280202532747
 30
0.0
 11
283.9732484955446
 21
121.6280202532747
 31
0.0
  0
LINE
  5
7B
330
70
100
AcDbEntity
  8
0
 62
     7
370
    25
100
AcDbLine
 10
283.9732484955446
 20
123.3885073057749
 30
0.0
 11
267.5532484955446
 21
123.3885073057749
 31
0.0
  0
LINE
  5
7C
330
70
100
AcDbEntity
  8
0
 62
     7
370
    25
100
AcDbLine
 10
267.2632484955449
 20
123.3954829531752
 30
0.0
 11
267.5532484955446
 21
123.3954829531752
 31
0.0
  0
LINE
  5
7D
330
70
100
AcDbEntity
  8
0
 62
     7
370
    25
100
AcDbLine
 10
284.2632484955449
 20
123.3954829531752
 30
0.0
 11
283.9732484955446
 21
123.3954829531752
 31
0.0
  0
LINE
  5
7E
330
70
100
AcDbEntity
  8
0
 62
     7
370
    25
100
AcDbLine
 10
283.9732484955446
 20
139.0280202532753
 30
0.0
 11
267.5532484955446
 21
139.0280202532753
 31
0.0
  0
LINE
  5
7F
330
70
100
AcDbEntity
  8
0
 62
     7
370
    25
100
AcDbLine
 10
267.2632484955449
 20
139.0315123301743
 30
0.0
 11
267.5532484955446
 21
139.0315123301743
 31
0.0
  0
LINE
  5
80
330
70
100
AcDbEntity
  8
0
 62
     7
370
    25
100
AcDbLine
 10
284.2632484955449
 20
139.0315123301743
 30
0.0
 11
283.9732484955446
 21
139.0315123301743
 31
0.0
  0
LINE
  5
81
330
70
100
AcDbEntity
  8
0
 62
     7
370
    25
100
AcDbLine
 10
276.5933513126451
 20
128.6658244834747
 30
0.0
 11
277.5840484571446
 21
127.8072202916747
 31
0.0
  0
LINE
  5
82
330
70
100
AcDbEntity
  8
0
 62
     7
370
    25
100
AcDbLine
 10
274.9347458968446
 20
130.5888291670752
 30
0.0
 11
273.9424485339446
 21
131.4488202147745
 31
0.0
  0
LINE
  5
83
330
70
100
AcDbEntity
  8
0
 62
     7
370
    25
100
AcDbLine
 10
274.9676030101449
 20
128.7619648027743
 30
0.0
 11
274.8616873495447
 21
128.8678804634753
 31
0.0
  0
LINE
  5
84
330
70
100
AcDbEntity
  8
0
 62
     7
370
    25
100
AcDbLine
 10
276.6648096415451
 20
128.8678804634753
 30
0.0
 11
276.559513870545
 21
128.7625846924745
 31
0.0
  0
LINE
  5
85
330
70
100
AcDbEntity
  8
0
 62
     7
370
    25
100
AcDbLine
 10
273.9424485339446
 20
127.8072202916747
 30
0.0
 11
274.9347458968446
 21
128.6672113394747
 31
0.0
  0
LINE
  5
86
330
70
100
AcDbEntity
  8
0
 62
     7
370
    25
100
AcDbLine
 10
277.5840484571446
 20
131.4488202147745
 30
0.0
 11
276.5772653871449
 21
130.5762748874748
 31
0.0
  0
LINE
  5
87
330
70
100
AcDbEntity
  8
0
 62
     7
370
    25
100
AcDbLine
 10
283.9732484955446
 20
141.5280202532744
 30
0.0
 11
267.5532484955446
 21
141.5280202532744
 31
0.0
  0
LINE
  5
88
330
70
100
AcDbEntity
  8
0
 62
     7
370
    25
100
AcDbLine
 10
267.2632484955449
 20
141.6280202532747
 30
0.0
 11
267.5532484955446
 21
141.6280202532747
 31
0.0
  0
LINE
  5
89
330
70
100
AcDbEntity
  8
0
 62
     7
370
    25
100
AcDbLine
 10
284.2632484955449
 20
141.6280202532747
 30
0.0
 11
283.9732484955446
 21
141.6280202532747
 31
0.0
  0
LINE
  5
8A
330
70
100
AcDbEntity
  8
0
 62
     7
370
    25
100
AcDbLine
 10
276.5527071438445
 20
130.5002625406751
 30
0.0
 11
276.6648096415451
 21
130.3881600429745
 31
0.0
  0
LINE
  5
8B
330
70
100
AcDbEntity
  8
0
 62
     7
370
    25
100
AcDbLine
 10
273.9424485339446
 20
131.4488202147745
 30
0.0
 11
274.8616873495447
 21
130.3881600429745
 31
0.0
  0
LINE
  5
8C
330
70
100
AcDbEntity
  8
0
 62
     7
370
    25
100
AcDbLine
 10
277.5840484571446
 20
127.8072202916747
 30
0.0
 11
276.6648096415451
 21
128.8678804634753
 31
0.0
  0
LINE
  5
8D
330
70
100
AcDbEntity
  8
0
 62
     7
370
    25
100
AcDbLine
 10
276.6648096415451
 20
130.3881600429745
 30
0.0
 11
277.5840484571446
 21
131.4488202147745
 31
0.0
  0
LINE
  5
8E
330
70
100
AcDbEntity
  8
0
 62
     7
370
    25
100
AcDbLine
 10
274.8616873495447
 20
128.8678804634753
 30
0.0
 11
273.9424485339446
 21
127.8072202916747
 31
0.0
  0
LINE
  5
8F
330
70
100
AcDbEntity
  8
0
 62
     7
370
    25
100
AcDbLine
 10
274.8616873495447
 20
130.3881600429745
 30
0.0
 11
274.9676030101449
 21
130.4940757036748
 31
0.0
  0
LINE
  5
90
330
70
100
AcDbEntity
  8
0
 62
     7
370
    25
100
AcDbLine
 10
283.9732484955446
 20
143.3204253165746
 30
0.0
 11
267.5532484955446
 21
143.3204253165746
 31
0.0
  0
LINE
  5
91
330
70
100
AcDbEntity
  8
0
 62
     7
370
    25
100
AcDbLine
 10
267.2632484955449
 20
143.3308050633748
 30
0.0
 11
267.5532484955446
 21
143.3308050633748
 31
0.0
  0
LINE
  5
92
330
70
100
AcDbEntity
  8
0
 62
     7
370
    25
100
AcDbLine
 10
284.2632484955449
 20
143.3308050633748
 30
0.0
 11
283.9732484955446
 21
143.3308050633748
 31
0.0
  0
LINE
  5
93
330
70
100
AcDbEntity
  8
0
 62
     7
370
    25
100
AcDbLine
 10
283.9732484955446
 20
148.5280202532746
 30
0.0
 11
267.5532484955446
 21
148.5280202532746
 31
0.0
  0
LINE
  5
94
330
70
100
AcDbEntity
  8
0
 62
     7
370
    25
100
AcDbLine
 10
267.2632484955449
 20
148.6280202532743
 30
0.0
 11
267.5532484955446
 21
148.6280202532743
 31
0.0
  0
LINE
  5
95
330
70
100
AcDbEntity
  8
0
 62
     7
370
    25
100
AcDbLine
 10
284.2632484955449
 20
148.6280202532743
 30
0.0
 11
283.9732484955446
 21
148.6280202532743
 31
0.0
  0
LINE
  5
96
330
70
100
AcDbEntity
  8
0
 62
     7
370
    25
100
AcDbLine
 10
282.4632484955448
 20
156.2928757352748
 30
0.0
 11
283.9732484955446
 21
156.2928757352748
 31
0.0
  0
LINE
  5
97
330
70
100
AcDbEntity
  8
0
 62
     7
370
    25
100
AcDbLine
 10
269.063248495545
 20
156.2928757352748
 30
0.0
 11
267.5532484955446
 21
156.2928757352748
 31
0.0
  0
LINE
  5
98
330
70
100
AcDbEntity
  8
0
 62
     7
370
    25
100
AcDbLine
 10
267.2632484955449
 20
156.2967433075748
 30
0.0
 11
267.5532484955446
 21
156.2967433075748
 31
0.0
  0
LINE
  5
99
330
70
100
AcDbEntity
  8
0
 62
     7
370
    25
100
AcDbLine
 10
284.2632484955449
 20
156.2967433075748
 30
0.0
 11
283.9732484955446
 21
156.2967433075748
 31
0.0
  0
LINE
  5
9A
330
70
100
AcDbEntity
  8
0
 62
     7
370
    25
100
AcDbLine
 10
284.4632484955448
 20
121.8280202532747
 30
0.0
 11
284.4632484955448
 21
206.2280202532748
 31
0.0
  0
LINE
  5
9B
330
70
100
AcDbEntity
  8
0
 62
     7
370
    25
100
AcDbLine
 10
284.2632484955449
 20
121.6280202532747
 30
0.0
 11
284.2632484955449
 21
157.5730372470744
 31
0.0
  0
LINE
  5
9C
330
70
100
AcDbEntity
  8
0
 62
     7
370
    25
100
AcDbLine
 10
284.2632484955449
 20
170.4830032594747
 30
0.0
 11
284.2632484955449
 21
206.4280202532748
 31
0.0
  0
LINE
  5
9D
330
70
100
AcDbEntity
  8
0
 62
     7
370
    25
100
AcDbLine
 10
283.9732484955446
 20
121.528020253275
 30
0.0
 11
283.9732484955446
 21
158.2885914928749
 31
0.0
  0
LINE
  5
9E
330
70
100
AcDbEntity
  8
0
 62
     7
370
    25
100
AcDbLine
 10
283.9732484955446
 20
169.7674490136749
 30
0.0
 11
283.9732484955446
 21
206.5280202532748
 31
0.0
  0
LINE
  5
9F
330
70
100
AcDbEntity
  8
0
 62
     7
370
    25
100
AcDbLine
 10
283.9632484955446
 20
169.753575129575
 30
0.0
 11
283.9632484955446
 21
158.3024653768746
 31
0.0
  0
LINE
  5
A0
330
70
100
AcDbEntity
  8
0
 62
     7
370
    25
100
AcDbLine
 10
282.4632484955448
 20
158.0537586343748
 30
0.0
 11
283.9732484955446
 21
158.0537586343748
 31
0.0
  0
LINE
  5
A1
330
70
100
AcDbEntity
  8
0
 62
     7
370
    25
100
AcDbLine
 10
269.063248495545
 20
158.0537586343748
 30
0.0
 11
267.5532484955446
 21
158.0537586343748
 31
0.0
  0
LINE
  5
A2
330
70
100
AcDbEntity
  8
0
 62
     7
370
    25
100
AcDbLine
 10
267.5122579943448
 20
158.1456703515743
 30
0.0
 11
267.5532484955446
 21
158.1456703515743
 31
0.0
  0
LINE
  5
A3
330
70
100
AcDbEntity
  8
0
 62
     7
370
    25
100
AcDbLine
 10
284.014238996745
 20
158.1456703515743
 30
0.0
 11
283.9732484955446
 21
158.1456703515743
 31
0.0
  0
LINE
  5
A4
330
70
100
AcDbEntity
  8
0
 62
     7
370
    25
100
AcDbLine
 10
280.6632484955447
 20
162.6683452434745
 30
0.0
 11
280.6632484955447
 21
161.811670964275
 31
0.0
  0
LINE
  5
A5
330
70
100
AcDbEntity
  8
0
 62
     7
370
    25
100
AcDbLine
 10
279.7632484955451
 20
167.5342224345747
 30
0.0
 11
279.7632484955451
 21
164.4115483791748
 31
0.0
  0
LINE
  5
A6
330
70
100
AcDbEntity
  8
0
 62
     7
370
    25
100
AcDbLine
 10
278.9632484955451
 20
167.9372204658747
 30
0.0
 11
278.9632484955451
 21
167.8573417863746
 31
0.0
  0
LINE
  5
A7
330
70
100
AcDbEntity
  8
0
 62
     7
370
    25
100
AcDbLine
 10
278.563248495545
 20
161.9935215661751
 30
0.0
 11
278.563248495545
 21
162.6683452434745
 31
0.0
  0
LINE
  5
A8
330
70
100
AcDbEntity
  8
0
 62
     7
370
    25
100
AcDbLine
 10
282.4632484955448
 20
161.6077186022744
 30
0.0
 11
280.6632484955447
 21
161.6077186022744
 31
0.0
  0
LINE
  5
A9
330
70
100
AcDbEntity
  8
0
 62
     7
370
    25
100
AcDbLine
 10
272.2532484955451
 20
162.6198711328746
 30
0.0
 11
272.4532484955451
 21
162.6198711328746
 31
0.0
  0
LINE
  5
AA
330
70
100
AcDbEntity
  8
0
 62
     7
370
    25
100
AcDbLine
 10
273.3532484955448
 20
162.6198711328746
 30
0.0
 11
273.5532484955448
 21
162.6198711328746
 31
0.0
  0
LINE
  5
AB
330
70
100
AcDbEntity
  8
0
 62
     7
370
    25
100
AcDbLine
 10
275.3532484955449
 20
162.6198711328746
 30
0.0
 11
275.5532484955448
 21
162.6198711328746
 31
0.0
  0
LINE
  5
AC
330
70
100
AcDbEntity
  8
0
 62
     7
370
    25
100
AcDbLine
 10
276.1532484955449
 20
162.6198711328746
 30
0.0
 11
276.3532484955449
 21
162.6198711328746
 31
0.0
  0
LINE
  5
AD
330
70
100
AcDbEntity
  8
0
 62
     7
370
    25
100
AcDbLine
 10
276.8632484955446
 20
162.6198711328746
 30
0.0
 11
277.0632484955446
 21
162.6198711328746
 31
0.0
  0
LINE
  5
AE
330
70
100
AcDbEntity
  8
0
 62
     7
370
    25
100
AcDbLine
 10
278.363248495545
 20
162.6198711328746
 30
0.0
 11
278.563248495545
 21
162.6198711328746
 31
0.0
  0
LINE
  5
AF
330
70
100
AcDbEntity
  8
0
 62
     7
370
    25
100
AcDbLine
 10
270.8632484955451
 20
162.6683452434745
 30
0.0
 11
272.2532484955451
 21
162.6683452434745
 31
0.0
  0
LINE
  5
B0
330
70
100
AcDbEntity
  8
0
 62
     7
370
    25
100
AcDbLine
 10
272.4532484955451
 20
162.6683452434745
 30
0.0
 11
273.3532484955448
 21
162.6683452434745
 31
0.0
  0
LINE
  5
B1
330
70
100
AcDbEntity
  8
0
 62
     7
370
    25
100
AcDbLine
 10
273.5532484955448
 20
162.6683452434745
 30
0.0
 11
275.3532484955449
 21
162.6683452434745
 31
0.0
  0
LINE
  5
B2
330
70
100
AcDbEntity
  8
0
 62
     7
370
    25
100
AcDbLine
 10
275.5532484955448
 20
162.6683452434745
 30
0.0
 11
276.1532484955449
 21
162.6683452434745
 31
0.0
  0
LINE
  5
B3
330
70
100
AcDbEntity
  8
0
 62
     7
370
    25
100
AcDbLine
 10
276.3532484955449
 20
162.6683452434745
 30
0.0
 11
276.8632484955446
 21
162.6683452434745
 31
0.0
  0
LINE
  5
B4
330
70
100
AcDbEntity
  8
0
 62
     7
370
    25
100
AcDbLine
 10
277.0632484955446
 20
162.6683452434745
 30
0.0
 11
278.363248495545
 21
162.6683452434745
 31
0.0
  0
LINE
  5
B5
330
70
100
AcDbEntity
  8
0
 62
     7
370
    25
100
AcDbLine
 10
278.563248495545
 20
162.6683452434745
 30
0.0
 11
280.6632484955447
 21
162.6683452434745
 31
0.0
  0
LINE
  5
B6
330
70
100
AcDbEntity
  8
0
 62
     7
370
    25
100
AcDbLine
 10
271.7632484955448
 20
164.411548379375
 30
0.0
 11
279.7632484955451
 21
164.411548379375
 31
0.0
  0
LINE
  5
B7
330
70
100
AcDbEntity
  8
0
 62
     7
370
    25
100
AcDbLine
 10
273.606165157345
 20
165.7749748864747
 30
0.0
 11
273.7082484955446
 21
165.6675479814748
 31
0.0
  0
LINE
  5
B8
330
70
100
AcDbEntity
  8
0
 62
     7
370
    25
100
AcDbLine
 10
273.606165157345
 20
165.8560109345747
 30
0.0
 11
273.7082484955446
 21
165.7485840295747
 31
0.0
  0
LINE
  5
B9
330
70
100
AcDbEntity
  8
0
 62
     7
370
    25
100
AcDbLine
 10
273.728665171945
 20
165.9276288773747
 30
0.0
 11
273.6674151573446
 21
165.9992468077745
 31
0.0
  0
LINE
  5
BA
330
70
100
AcDbEntity
  8
0
 62
     7
370
    25
100
AcDbLine
 10
273.5449151646445
 20
165.8824017944746
 30
0.0
 11
273.606165157345
 21
165.7749748864747
 31
0.0
  0
LINE
  5
BB
330
70
100
AcDbEntity
  8
0
 62
     7
370
    25
100
AcDbLine
 10
273.5449151646445
 20
165.9634378425746
 30
0.0
 11
273.606165157345
 21
165.8560109345747
 31
0.0
  0
LINE
  5
BC
330
70
100
AcDbEntity
  8
0
 62
     7
370
    25
100
AcDbLine
 10
273.6674151573446
 20
165.9992468077745
 30
0.0
 11
273.5857484955446
 21
166.2141006238745
 31
0.0
  0
LINE
  5
BD
330
70
100
AcDbEntity
  8
0
 62
     7
370
    25
100
AcDbLine
 10
273.9940818483447
 20
167.0282888556743
 30
0.0
 11
274.0757484955449
 21
166.8134349643749
 31
0.0
  0
LINE
  5
BE
330
70
100
AcDbEntity
  8
0
 62
     7
370
    25
100
AcDbLine
 10
273.9940818483447
 20
167.1093249037743
 30
0.0
 11
274.0757484955449
 21
166.8944710123749
 31
0.0
  0
LINE
  5
BF
330
70
100
AcDbEntity
  8
0
 62
     7
370
    25
100
AcDbLine
 10
273.5040818300451
 20
166.0256376802748
 30
0.0
 11
273.5449151646445
 21
165.8824017944746
 31
0.0
  0
LINE
  5
C0
330
70
100
AcDbEntity
  8
0
 62
     7
370
    25
100
AcDbLine
 10
273.5040818300451
 20
166.1066737283748
 30
0.0
 11
273.5449151646445
 21
165.9634378425746
 31
0.0
  0
LINE
  5
C1
330
70
100
AcDbEntity
  8
0
 62
     7
370
    25
100
AcDbLine
 10
274.157415142745
 20
167.0018980082747
 30
0.0
 11
274.1165818483448
 21
167.1451338689749
 31
0.0
  0
LINE
  5
C2
330
70
100
AcDbEntity
  8
0
 62
     7
370
    25
100
AcDbLine
 10
276.0153319067448
 20
166.9660889427747
 30
0.0
 11
276.0357484955449
 21
166.8228530820752
 31
0.0
  0
LINE
  5
C3
330
70
100
AcDbEntity
  8
0
 62
     7
370
    25
100
AcDbLine
 10
276.0153319067448
 20
166.8850528946746
 30
0.0
 11
276.0357484955449
 21
166.7418170339751
 31
0.0
  0
LINE
  5
C4
330
70
100
AcDbEntity
  8
0
 62
     7
370
    25
100
AcDbLine
 10
275.4844984955448
 20
166.1424826935748
 30
0.0
 11
275.4640819067447
 21
166.2857185542743
 31
0.0
  0
LINE
  5
C5
330
70
100
AcDbEntity
  8
0
 62
     7
370
    25
100
AcDbLine
 10
276.1582484955449
 20
166.8228530820752
 30
0.0
 11
276.1378319067449
 21
167.0018980082747
 31
0.0
  0
LINE
  5
C6
330
70
100
AcDbEntity
  8
0
 62
     7
370
    25
100
AcDbLine
 10
275.3415817899445
 20
166.2857185542743
 30
0.0
 11
275.3619984955447
 21
166.1066737283748
 31
0.0
  0
LINE
  5
C7
330
70
100
AcDbEntity
  8
0
 62
     7
370
    25
100
AcDbLine
 10
275.3415817899445
 20
166.2046825061749
 30
0.0
 11
275.3619984955447
 21
166.0256376802748
 31
0.0
  0
LINE
  5
C8
330
70
100
AcDbEntity
  8
0
 62
     7
370
    25
100
AcDbLine
 10
278.363248495545
 20
162.6683452434745
 30
0.0
 11
278.363248495545
 21
161.9935215661751
 31
0.0
  0
LINE
  5
C9
330
70
100
AcDbEntity
  8
0
 62
     7
370
    25
100
AcDbLine
 10
277.9549153179447
 20
167.0999067860748
 30
0.0
 11
277.9549153179447
 21
167.3957966251746
 31
0.0
  0
LINE
  5
CA
330
70
100
AcDbEntity
  8
0
 62
     7
370
    25
100
AcDbLine
 10
277.8732484955447
 20
166.4195363473749
 30
0.0
 11
277.8732484955447
 21
166.7154261864748
 31
0.0
  0
LINE
  5
CB
330
70
100
AcDbEntity
  8
0
 62
     7
370
    25
100
AcDbLine
 10
277.763248495545
 20
167.9920576351748
 30
0.0
 11
277.763248495545
 21
167.8573417863746
 31
0.0
  0
LINE
  5
CC
330
70
100
AcDbEntity
  8
0
 62
     7
370
    25
100
AcDbLine
 10
277.3424150843447
 20
165.6317390131748
 30
0.0
 11
277.3424150843447
 21
166.5005723954749
 31
0.0
  0
LINE
  5
CD
330
70
100
AcDbEntity
  8
0
 62
     7
370
    25
100
AcDbLine
 10
277.3424150843447
 20
166.7154261864748
 30
0.0
 11
277.3424150843447
 21
167.1809428340746
 31
0.0
  0
LINE
  5
CE
330
70
100
AcDbEntity
  8
0
 62
     7
370
    25
100
AcDbLine
 10
277.2199150843446
 20
165.6317390131748
 30
0.0
 11
277.2199150843446
 21
167.3957966251746
 31
0.0
  0
LINE
  5
CF
330
70
100
AcDbEntity
  8
0
 62
     7
370
    25
100
AcDbLine
 10
277.0632484955446
 20
161.9935215661751
 30
0.0
 11
277.0632484955446
 21
162.6683452434745
 31
0.0
  0
LINE
  5
D0
330
70
100
AcDbEntity
  8
0
 62
     7
370
    25
100
AcDbLine
 10
277.0565819067451
 20
167.0999067860748
 30
0.0
 11
277.0565819067451
 21
167.3957966251746
 31
0.0
  0
LINE
  5
D1
330
70
100
AcDbEntity
  8
0
 62
     7
370
    25
100
AcDbLine
 10
276.9749150843451
 20
166.4195363473749
 30
0.0
 11
276.9749150843451
 21
166.7154261864748
 31
0.0
  0
LINE
  5
D2
330
70
100
AcDbEntity
  8
0
 62
     7
370
    25
100
AcDbLine
 10
276.8632484955446
 20
162.6683452434745
 30
0.0
 11
276.8632484955446
 21
161.9935215661751
 31
0.0
  0
LINE
  5
D3
330
70
100
AcDbEntity
  8
0
 62
     7
370
    25
100
AcDbLine
 10
276.4440819067447
 20
165.6317390131748
 30
0.0
 11
276.4440819067447
 21
166.5005723954749
 31
0.0
  0
LINE
  5
D4
330
70
100
AcDbEntity
  8
0
 62
     7
370
    25
100
AcDbLine
 10
276.4440819067447
 20
166.7154261864748
 30
0.0
 11
276.4440819067447
 21
167.1809428340746
 31
0.0
  0
LINE
  5
D5
330
70
100
AcDbEntity
  8
0
 62
     7
370
    25
100
AcDbLine
 10
276.3532484955449
 20
162.3102120024749
 30
0.0
 11
276.3532484955449
 21
162.6683452434745
 31
0.0
  0
LINE
  5
D6
330
70
100
AcDbEntity
  8
0
 62
     7
370
    25
100
AcDbLine
 10
276.3215819067446
 20
165.6317390131748
 30
0.0
 11
276.3215819067446
 21
167.3957966251746
 31
0.0
  0
LINE
  5
D7
330
70
100
AcDbEntity
  8
0
 62
     7
370
    25
100
AcDbLine
 10
276.1582484955449
 20
166.2046825061749
 30
0.0
 11
276.1582484955449
 21
166.8228530820752
 31
0.0
  0
LINE
  5
D8
330
70
100
AcDbEntity
  8
0
 62
     7
370
    25
100
AcDbLine
 10
276.1532484955449
 20
162.6683452434745
 30
0.0
 11
276.1532484955449
 21
162.3102120024749
 31
0.0
  0
LINE
  5
D9
330
70
100
AcDbEntity
  8
0
 62
     7
370
    25
100
AcDbLine
 10
276.1378319067449
 20
166.0256376802748
 30
0.0
 11
276.1378319067449
 21
166.1066737283748
 31
0.0
  0
LINE
  5
DA
330
70
100
AcDbEntity
  8
0
 62
     7
370
    25
100
AcDbLine
 10
276.0969984955445
 20
165.8824017944746
 30
0.0
 11
276.0969984955445
 21
165.9634378425746
 31
0.0
  0
LINE
  5
DB
330
70
100
AcDbEntity
  8
0
 62
     7
370
    25
100
AcDbLine
 10
276.0357484955449
 20
166.8228530820752
 30
0.0
 11
276.0357484955449
 21
166.2857185542743
 31
0.0
  0
LINE
  5
DC
330
70
100
AcDbEntity
  8
0
 62
     7
370
    25
100
AcDbLine
 10
276.0153319067448
 20
165.7391659212748
 30
0.0
 11
276.0153319067448
 21
165.8202019693748
 31
0.0
  0
LINE
  5
DD
330
70
100
AcDbEntity
  8
0
 62
     7
370
    25
100
AcDbLine
 10
276.0153319067448
 20
166.8850528946746
 30
0.0
 11
276.0153319067448
 21
166.9660889427747
 31
0.0
  0
LINE
  5
DE
330
70
100
AcDbEntity
  8
0
 62
     7
370
    25
100
AcDbLine
 10
275.9744984955451
 20
166.9924798904744
 30
0.0
 11
275.9744984955451
 21
167.0735159385744
 31
0.0
  0
LINE
  5
DF
330
70
100
AcDbEntity
  8
0
 62
     7
370
    25
100
AcDbLine
 10
275.9336650843448
 20
165.6675479814748
 30
0.0
 11
275.9336650843448
 21
165.7485840295747
 31
0.0
  0
LINE
  5
E0
330
70
100
AcDbEntity
  8
0
 62
     7
370
    25
100
AcDbLine
 10
275.9132484955447
 20
167.0640978208749
 30
0.0
 11
275.9132484955447
 21
167.1451338689749
 31
0.0
  0
LINE
  5
E1
330
70
100
AcDbEntity
  8
0
 62
     7
370
    25
100
AcDbLine
 10
275.831581906745
 20
165.6317390131748
 30
0.0
 11
275.831581906745
 21
165.7127750612748
 31
0.0
  0
LINE
  5
E2
330
70
100
AcDbEntity
  8
0
 62
     7
370
    25
100
AcDbLine
 10
275.831581906745
 20
167.0999067860748
 30
0.0
 11
275.831581906745
 21
167.1809428340746
 31
0.0
  0
LINE
  5
E3
330
70
100
AcDbEntity
  8
0
 62
     7
370
    25
100
AcDbLine
 10
275.6682484955446
 20
165.6317390131748
 30
0.0
 11
275.6682484955446
 21
165.7127750612748
 31
0.0
  0
LINE
  5
E4
330
70
100
AcDbEntity
  8
0
 62
     7
370
    25
100
AcDbLine
 10
275.6682484955446
 20
167.0999067860748
 30
0.0
 11
275.6682484955446
 21
167.1809428340746
 31
0.0
  0
LINE
  5
E5
330
70
100
AcDbEntity
  8
0
 62
     7
370
    25
100
AcDbLine
 10
275.5865819067448
 20
167.0640978208749
 30
0.0
 11
275.5865819067448
 21
167.1451338689749
 31
0.0
  0
LINE
  5
E6
330
70
100
AcDbEntity
  8
0
 62
     7
370
    25
100
AcDbLine
 10
275.5661650843446
 20
165.6675479814748
 30
0.0
 11
275.5661650843446
 21
165.7485840295747
 31
0.0
  0
LINE
  5
E7
330
70
100
AcDbEntity
  8
0
 62
     7
370
    25
100
AcDbLine
 10
275.5532484955448
 20
162.3102120024749
 30
0.0
 11
275.5532484955448
 21
162.6683452434745
 31
0.0
  0
LINE
  5
E8
330
70
100
AcDbEntity
  8
0
 62
     7
370
    25
100
AcDbLine
 10
275.5253319067451
 20
166.9924798904744
 30
0.0
 11
275.5253319067451
 21
167.0735159385744
 31
0.0
  0
LINE
  5
E9
330
70
100
AcDbEntity
  8
0
 62
     7
370
    25
100
AcDbLine
 10
275.4844984955448
 20
165.7391659212748
 30
0.0
 11
275.4844984955448
 21
165.8202019693748
 31
0.0
  0
LINE
  5
EA
330
70
100
AcDbEntity
  8
0
 62
     7
370
    25
100
AcDbLine
 10
275.4844984955448
 20
166.8850528946746
 30
0.0
 11
275.4844984955448
 21
166.9660889427747
 31
0.0
  0
LINE
  5
EB
330
70
100
AcDbEntity
  8
0
 62
     7
370
    25
100
AcDbLine
 10
275.4640819067447
 20
166.2857185542743
 30
0.0
 11
275.4640819067447
 21
166.8228530820752
 31
0.0
  0
LINE
  5
EC
330
70
100
AcDbEntity
  8
0
 62
     7
370
    25
100
AcDbLine
 10
275.4028317899449
 20
165.8824017944746
 30
0.0
 11
275.4028317899449
 21
165.9634378425746
 31
0.0
  0
LINE
  5
ED
330
70
100
AcDbEntity
  8
0
 62
     7
370
    25
100
AcDbLine
 10
275.3619984955447
 20
166.0256376802748
 30
0.0
 11
275.3619984955447
 21
166.1066737283748
 31
0.0
  0
LINE
  5
EE
330
70
100
AcDbEntity
  8
0
 62
     7
370
    25
100
AcDbLine
 10
275.3532484955449
 20
162.6683452434745
 30
0.0
 11
275.3532484955449
 21
162.3102120024749
 31
0.0
  0
LINE
  5
EF
330
70
100
AcDbEntity
  8
0
 62
     7
370
    25
100
AcDbLine
 10
275.3415817899445
 20
166.2046825061749
 30
0.0
 11
275.3415817899445
 21
166.8228530820752
 31
0.0
  0
LINE
  5
F0
330
70
100
AcDbEntity
  8
0
 62
     7
370
    25
100
AcDbLine
 10
276.1378319067449
 20
166.0256376802748
 30
0.0
 11
276.1582484955449
 21
166.2046825061749
 31
0.0
  0
LINE
  5
F1
330
70
100
AcDbEntity
  8
0
 62
     7
370
    25
100
AcDbLine
 10
276.1378319067449
 20
166.1066737283748
 30
0.0
 11
276.1582484955449
 21
166.2857185542743
 31
0.0
  0
LINE
  5
F2
330
70
100
AcDbEntity
  8
0
 62
     7
370
    25
100
AcDbLine
 10
275.3619984955447
 20
167.0018980082747
 30
0.0
 11
275.3415817899445
 21
166.8228530820752
 31
0.0
  0
LINE
  5
F3
330
70
100
AcDbEntity
  8
0
 62
     7
370
    25
100
AcDbLine
 10
276.0357484955449
 20
166.2857185542743
 30
0.0
 11
276.0153319067448
 21
166.1424826935748
 31
0.0
  0
LINE
  5
F4
330
70
100
AcDbEntity
  8
0
 62
     7
370
    25
100
AcDbLine
 10
275.4640819067447
 20
166.7418170339751
 30
0.0
 11
275.4844984955448
 21
166.8850528946746
 31
0.0
  0
LINE
  5
F5
330
70
100
AcDbEntity
  8
0
 62
     7
370
    25
100
AcDbLine
 10
275.4640819067447
 20
166.8228530820752
 30
0.0
 11
275.4844984955448
 21
166.9660889427747
 31
0.0
  0
LINE
  5
F6
330
70
100
AcDbEntity
  8
0
 62
     7
370
    25
100
AcDbLine
 10
276.0969984955445
 20
165.8824017944746
 30
0.0
 11
276.1378319067449
 21
166.0256376802748
 31
0.0
  0
LINE
  5
F7
330
70
100
AcDbEntity
  8
0
 62
     7
370
    25
100
AcDbLine
 10
276.0969984955445
 20
165.9634378425746
 30
0.0
 11
276.1378319067449
 21
166.1066737283748
 31
0.0
  0
LINE
  5
F8
330
70
100
AcDbEntity
  8
0
 62
     7
370
    25
100
AcDbLine
 10
276.0153319067448
 20
166.1424826935748
 30
0.0
 11
275.9744984955451
 21
166.0350557980751
 31
0.0
  0
LINE
  5
F9
330
70
100
AcDbEntity
  8
0
 62
     7
370
    25
100
AcDbLine
 10
276.0153319067448
 20
165.7391659212748
 30
0.0
 11
276.0969984955445
 21
165.8824017944746
 31
0.0
  0
LINE
  5
FA
330
70
100
AcDbEntity
  8
0
 62
     7
370
    25
100
AcDbLine
 10
276.0153319067448
 20
165.8202019693748
 30
0.0
 11
276.0969984955445
 21
165.9634378425746
 31
0.0
  0
LINE
  5
FB
330
70
100
AcDbEntity
  8
0
 62
     7
370
    25
100
AcDbLine
 10
275.6682484955446
 20
165.6317390131748
 30
0.0
 11
275.831581906745
 21
165.6317390131748
 31
0.0
  0
LINE
  5
FC
330
70
100
AcDbEntity
  8
0
 62
     7
370
    25
100
AcDbLine
 10
276.3215819067446
 20
165.6317390131748
 30
0.0
 11
276.4440819067447
 21
165.6317390131748
 31
0.0
  0
LINE
  5
FD
330
70
100
AcDbEntity
  8
0
 62
     7
370
    25
100
AcDbLine
 10
277.2199150843446
 20
165.6317390131748
 30
0.0
 11
277.3424150843447
 21
165.6317390131748
 31
0.0
  0
LINE
  5
FE
330
70
100
AcDbEntity
  8
0
 62
     7
370
    25
100
AcDbLine
 10
275.6682484955446
 20
165.7127750612748
 30
0.0
 11
275.831581906745
 21
165.7127750612748
 31
0.0
  0
LINE
  5
FF
330
70
100
AcDbEntity
  8
0
 62
     7
370
    25
100
AcDbLine
 10
276.3215819067446
 20
165.7127750612748
 30
0.0
 11
276.4440819067447
 21
165.7127750612748
 31
0.0
  0
LINE
  5
100
330
70
100
AcDbEntity
  8
0
 62
     7
370
    25
100
AcDbLine
 10
277.2199150843446
 20
165.7127750612748
 30
0.0
 11
277.3424150843447
 21
165.7127750612748
 31
0.0
  0
LINE
  5
101
330
70
100
AcDbEntity
  8
0
 62
     7
370
    25
100
AcDbLine
 10
275.831581906745
 20
165.9276288773747
 30
0.0
 11
275.6682484955446
 21
165.9276288773747
 31
0.0
  0
LINE
  5
102
330
70
100
AcDbEntity
  8
0
 62
     7
370
    25
100
AcDbLine
 10
276.4440819067447
 20
166.4195363473749
 30
0.0
 11
276.9749150843451
 21
166.4195363473749
 31
0.0
  0
LINE
  5
103
330
70
100
AcDbEntity
  8
0
 62
     7
370
    25
100
AcDbLine
 10
277.3424150843447
 20
166.4195363473749
 30
0.0
 11
277.8732484955447
 21
166.4195363473749
 31
0.0
  0
LINE
  5
104
330
70
100
AcDbEntity
  8
0
 62
     7
370
    25
100
AcDbLine
 10
276.4440819067447
 20
166.5005723954749
 30
0.0
 11
276.9749150843451
 21
166.5005723954749
 31
0.0
  0
LINE
  5
105
330
70
100
AcDbEntity
  8
0
 62
     7
370
    25
100
AcDbLine
 10
277.3424150843447
 20
166.5005723954749
 30
0.0
 11
277.8732484955447
 21
166.5005723954749
 31
0.0
  0
LINE
  5
106
330
70
100
AcDbEntity
  8
0
 62
     7
370
    25
100
AcDbLine
 10
277.8732484955447
 20
166.7154261864748
 30
0.0
 11
277.3424150843447
 21
166.7154261864748
 31
0.0
  0
LINE
  5
107
330
70
100
AcDbEntity
  8
0
 62
     7
370
    25
100
AcDbLine
 10
276.9749150843451
 20
166.7154261864748
 30
0.0
 11
276.4440819067447
 21
166.7154261864748
 31
0.0
  0
LINE
  5
108
330
70
100
AcDbEntity
  8
0
 62
     7
370
    25
100
AcDbLine
 10
275.6682484955446
 20
167.0999067860748
 30
0.0
 11
275.831581906745
 21
167.0999067860748
 31
0.0
  0
LINE
  5
109
330
70
100
AcDbEntity
  8
0
 62
     7
370
    25
100
AcDbLine
 10
276.4440819067447
 20
167.0999067860748
 30
0.0
 11
277.0565819067451
 21
167.0999067860748
 31
0.0
  0
LINE
  5
10A
330
70
100
AcDbEntity
  8
0
 62
     7
370
    25
100
AcDbLine
 10
277.3424150843447
 20
167.0999067860748
 30
0.0
 11
277.9549153179447
 21
167.0999067860748
 31
0.0
  0
LINE
  5
10B
330
70
100
AcDbEntity
  8
0
 62
     7
370
    25
100
AcDbLine
 10
275.6682484955446
 20
167.1809428340746
 30
0.0
 11
275.831581906745
 21
167.1809428340746
 31
0.0
  0
LINE
  5
10C
330
70
100
AcDbEntity
  8
0
 62
     7
370
    25
100
AcDbLine
 10
276.4440819067447
 20
167.1809428340746
 30
0.0
 11
277.0565819067451
 21
167.1809428340746
 31
0.0
  0
LINE
  5
10D
330
70
100
AcDbEntity
  8
0
 62
     7
370
    25
100
AcDbLine
 10
277.3424150843447
 20
167.1809428340746
 30
0.0
 11
277.9549153179447
 21
167.1809428340746
 31
0.0
  0
LINE
  5
10E
330
70
100
AcDbEntity
  8
0
 62
     7
370
    25
100
AcDbLine
 10
277.9549153179447
 20
167.3957966251746
 30
0.0
 11
277.2199150843446
 21
167.3957966251746
 31
0.0
  0
LINE
  5
10F
330
70
100
AcDbEntity
  8
0
 62
     7
370
    25
100
AcDbLine
 10
277.0565819067451
 20
167.3957966251746
 30
0.0
 11
276.3215819067446
 21
167.3957966251746
 31
0.0
  0
LINE
  5
110
330
70
100
AcDbEntity
  8
0
 62
     7
370
    25
100
AcDbLine
 10
275.831581906745
 20
167.3957966251746
 30
0.0
 11
275.6682484955446
 21
167.3957966251746
 31
0.0
  0
LINE
  5
111
330
70
100
AcDbEntity
  8
0
 62
     7
370
    25
100
AcDbLine
 10
271.7632484955448
 20
167.5342224345747
 30
0.0
 11
279.7632484955451
 21
167.5342224345747
 31
0.0
  0
LINE
  5
112
330
70
100
AcDbEntity
  8
0
 62
     7
370
    25
100
AcDbLine
 10
272.5632484955448
 20
167.8573417863746
 30
0.0
 11
278.9632484955451
 21
167.8573417863746
 31
0.0
  0
LINE
  5
113
330
70
100
AcDbEntity
  8
0
 62
     7
370
    25
100
AcDbLine
 10
273.7082484955446
 20
165.6675479814748
 30
0.0
 11
273.8307484955448
 21
165.6317390131748
 31
0.0
  0
LINE
  5
114
330
70
100
AcDbEntity
  8
0
 62
     7
370
    25
100
AcDbLine
 10
273.7082484955446
 20
165.7485840295747
 30
0.0
 11
273.8307484955448
 21
165.7127750612748
 31
0.0
  0
LINE
  5
115
330
70
100
AcDbEntity
  8
0
 62
     7
370
    25
100
AcDbLine
 10
273.9532484955448
 20
167.3599876599747
 30
0.0
 11
273.8307484955448
 21
167.3957966251746
 31
0.0
  0
LINE
  5
116
330
70
100
AcDbEntity
  8
0
 62
     7
370
    25
100
AcDbLine
 10
273.8307484955448
 20
165.8918199122749
 30
0.0
 11
273.728665171945
 21
165.9276288773747
 31
0.0
  0
LINE
  5
117
330
70
100
AcDbEntity
  8
0
 62
     7
370
    25
100
AcDbLine
 10
275.5661650843446
 20
165.6675479814748
 30
0.0
 11
275.6682484955446
 21
165.6317390131748
 31
0.0
  0
LINE
  5
118
330
70
100
AcDbEntity
  8
0
 62
     7
370
    25
100
AcDbLine
 10
275.5661650843446
 20
165.7485840295747
 30
0.0
 11
275.6682484955446
 21
165.7127750612748
 31
0.0
  0
LINE
  5
119
330
70
100
AcDbEntity
  8
0
 62
     7
370
    25
100
AcDbLine
 10
273.8307484955448
 20
167.1357157512747
 30
0.0
 11
273.9328318191445
 21
167.0999067860748
 31
0.0
  0
LINE
  5
11A
330
70
100
AcDbEntity
  8
0
 62
     7
370
    25
100
AcDbLine
 10
273.8307484955448
 20
167.2167517992752
 30
0.0
 11
273.9328318191445
 21
167.1809428340746
 31
0.0
  0
LINE
  5
11B
330
70
100
AcDbEntity
  8
0
 62
     7
370
    25
100
AcDbLine
 10
275.9336650843448
 20
167.3599876599747
 30
0.0
 11
275.831581906745
 21
167.3957966251746
 31
0.0
  0
LINE
  5
11C
330
70
100
AcDbEntity
  8
0
 62
     7
370
    25
100
AcDbLine
 10
275.6682484955446
 20
165.9276288773747
 30
0.0
 11
275.5865819067448
 21
165.9634378425746
 31
0.0
  0
LINE
  5
11D
330
70
100
AcDbEntity
  8
0
 62
     7
370
    25
100
AcDbLine
 10
275.831581906745
 20
167.0999067860748
 30
0.0
 11
275.9132484955447
 21
167.0640978208749
 31
0.0
  0
LINE
  5
11E
330
70
100
AcDbEntity
  8
0
 62
     7
370
    25
100
AcDbLine
 10
275.831581906745
 20
167.1809428340746
 30
0.0
 11
275.9132484955447
 21
167.1451338689749
 31
0.0
  0
LINE
  5
11F
330
70
100
AcDbEntity
  8
0
 62
     7
370
    25
100
AcDbLine
 10
275.4844984955448
 20
165.7391659212748
 30
0.0
 11
275.5661650843446
 21
165.6675479814748
 31
0.0
  0
LINE
  5
120
330
70
100
AcDbEntity
  8
0
 62
     7
370
    25
100
AcDbLine
 10
275.4844984955448
 20
165.8202019693748
 30
0.0
 11
275.5661650843446
 21
165.7485840295747
 31
0.0
  0
LINE
  5
121
330
70
100
AcDbEntity
  8
0
 62
     7
370
    25
100
AcDbLine
 10
276.0153319067448
 20
167.288369729675
 30
0.0
 11
275.9336650843448
 21
167.3599876599747
 31
0.0
  0
LINE
  5
122
330
70
100
AcDbEntity
  8
0
 62
     7
370
    25
100
AcDbLine
 10
274.0553318483451
 20
167.2525607644751
 30
0.0
 11
273.9532484955448
 21
167.3599876599747
 31
0.0
  0
LINE
  5
123
330
70
100
AcDbEntity
  8
0
 62
     7
370
    25
100
AcDbLine
 10
273.9328318191445
 20
167.0999067860748
 30
0.0
 11
273.9940818483447
 21
167.0282888556743
 31
0.0
  0
LINE
  5
124
330
70
100
AcDbEntity
  8
0
 62
     7
370
    25
100
AcDbLine
 10
273.9328318191445
 20
167.1809428340746
 30
0.0
 11
273.9940818483447
 21
167.1093249037743
 31
0.0
  0
LINE
  5
125
330
70
100
AcDbEntity
  8
0
 62
     7
370
    25
100
AcDbLine
 10
275.5865819067448
 20
165.9634378425746
 30
0.0
 11
275.5253319067451
 21
166.0350557980751
 31
0.0
  0
LINE
  5
126
330
70
100
AcDbEntity
  8
0
 62
     7
370
    25
100
AcDbLine
 10
275.9132484955447
 20
167.0640978208749
 30
0.0
 11
275.9744984955451
 21
166.9924798904744
 31
0.0
  0
LINE
  5
127
330
70
100
AcDbEntity
  8
0
 62
     7
370
    25
100
AcDbLine
 10
275.9132484955447
 20
167.1451338689749
 30
0.0
 11
275.9744984955451
 21
167.0735159385744
 31
0.0
  0
LINE
  5
128
330
70
100
AcDbEntity
  8
0
 62
     7
370
    25
100
AcDbLine
 10
274.1165818483448
 20
167.1451338689749
 30
0.0
 11
274.0553318483451
 21
167.2525607644751
 31
0.0
  0
LINE
  5
129
330
70
100
AcDbEntity
  8
0
 62
     7
370
    25
100
AcDbLine
 10
275.4028317899449
 20
165.8824017944746
 30
0.0
 11
275.4844984955448
 21
165.7391659212748
 31
0.0
  0
LINE
  5
12A
330
70
100
AcDbEntity
  8
0
 62
     7
370
    25
100
AcDbLine
 10
275.4028317899449
 20
165.9634378425746
 30
0.0
 11
275.4844984955448
 21
165.8202019693748
 31
0.0
  0
LINE
  5
12B
330
70
100
AcDbEntity
  8
0
 62
     7
370
    25
100
AcDbLine
 10
276.0969984955445
 20
167.1451338689749
 30
0.0
 11
276.0153319067448
 21
167.288369729675
 31
0.0
  0
LINE
  5
12C
330
70
100
AcDbEntity
  8
0
 62
     7
370
    25
100
AcDbLine
 10
275.5253319067451
 20
166.0350557980751
 30
0.0
 11
275.4844984955448
 21
166.1424826935748
 31
0.0
  0
LINE
  5
12D
330
70
100
AcDbEntity
  8
0
 62
     7
370
    25
100
AcDbLine
 10
275.9744984955451
 20
166.9924798904744
 30
0.0
 11
276.0153319067448
 21
166.8850528946746
 31
0.0
  0
LINE
  5
12E
330
70
100
AcDbEntity
  8
0
 62
     7
370
    25
100
AcDbLine
 10
275.9744984955451
 20
167.0735159385744
 30
0.0
 11
276.0153319067448
 21
166.9660889427747
 31
0.0
  0
LINE
  5
12F
330
70
100
AcDbEntity
  8
0
 62
     7
370
    25
100
AcDbLine
 10
275.3619984955447
 20
166.0256376802748
 30
0.0
 11
275.4028317899449
 21
165.8824017944746
 31
0.0
  0
LINE
  5
130
330
70
100
AcDbEntity
  8
0
 62
     7
370
    25
100
AcDbLine
 10
275.3619984955447
 20
166.1066737283748
 30
0.0
 11
275.4028317899449
 21
165.9634378425746
 31
0.0
  0
LINE
  5
131
330
70
100
AcDbEntity
  8
0
 62
     7
370
    25
100
AcDbLine
 10
276.1378319067449
 20
167.0018980082747
 30
0.0
 11
276.0969984955445
 21
167.1451338689749
 31
0.0
  0
LINE
  5
132
330
70
100
AcDbEntity
  8
0
 62
     7
370
    25
100
AcDbLine
 10
274.1778318483446
 20
166.8944710123749
 30
0.0
 11
274.157415142745
 21
167.0018980082747
 31
0.0
  0
LINE
  5
133
330
70
100
AcDbEntity
  8
0
 62
     7
370
    25
100
AcDbLine
 10
273.4836651628448
 20
166.2141006238745
 30
0.0
 11
273.5040818300451
 21
166.1066737283748
 31
0.0
  0
LINE
  5
134
330
70
100
AcDbEntity
  8
0
 62
     7
370
    25
100
AcDbLine
 10
273.4836651628448
 20
166.1330645758746
 30
0.0
 11
273.5040818300451
 21
166.0256376802748
 31
0.0
  0
LINE
  5
135
330
70
100
AcDbEntity
  8
0
 62
     7
370
    25
100
AcDbLine
 10
274.198248495545
 20
166.7154261864748
 30
0.0
 11
274.1778318483446
 21
166.8944710123749
 31
0.0
  0
LINE
  5
136
330
70
100
AcDbEntity
  8
0
 62
     7
370
    25
100
AcDbLine
 10
273.4632484955445
 20
166.3931454999747
 30
0.0
 11
273.4836651628448
 21
166.2141006238745
 31
0.0
  0
LINE
  5
137
330
70
100
AcDbEntity
  8
0
 62
     7
370
    25
100
AcDbLine
 10
273.4632484955445
 20
166.3121094518747
 30
0.0
 11
273.4836651628448
 21
166.1330645758746
 31
0.0
  0
LINE
  5
138
330
70
100
AcDbEntity
  8
0
 62
     7
370
    25
100
AcDbLine
 10
274.0757484955449
 20
166.8944710123749
 30
0.0
 11
274.0961651427447
 21
166.6796172213743
 31
0.0
  0
LINE
  5
139
330
70
100
AcDbEntity
  8
0
 62
     7
370
    25
100
AcDbLine
 10
274.0757484955449
 20
166.8134349643749
 30
0.0
 11
274.0961651427447
 21
166.5985811732743
 31
0.0
  0
LINE
  5
13A
330
70
100
AcDbEntity
  8
0
 62
     7
370
    25
100
AcDbLine
 10
273.5857484955446
 20
166.2141006238745
 30
0.0
 11
273.5653318264449
 21
166.4289544650751
 31
0.0
  0
LINE
  5
13B
330
70
100
AcDbEntity
  8
0
 62
     7
370
    25
100
AcDbLine
 10
274.198248495545
 20
166.3121094518747
 30
0.0
 11
274.198248495545
 21
166.7154261864748
 31
0.0
  0
LINE
  5
13C
330
70
100
AcDbEntity
  8
0
 62
     7
370
    25
100
AcDbLine
 10
274.1778318483446
 20
166.1330645758746
 30
0.0
 11
274.1778318483446
 21
166.2141006238745
 31
0.0
  0
LINE
  5
13D
330
70
100
AcDbEntity
  8
0
 62
     7
370
    25
100
AcDbLine
 10
274.157415142745
 20
166.0256376802748
 30
0.0
 11
274.157415142745
 21
166.1066737283748
 31
0.0
  0
LINE
  5
13E
330
70
100
AcDbEntity
  8
0
 62
     7
370
    25
100
AcDbLine
 10
274.1165818483448
 20
165.8824017944746
 30
0.0
 11
274.1165818483448
 21
165.9634378425746
 31
0.0
  0
LINE
  5
13F
330
70
100
AcDbEntity
  8
0
 62
     7
370
    25
100
AcDbLine
 10
274.0961651427447
 20
166.6796172213743
 30
0.0
 11
274.0961651427447
 21
166.4289544650751
 31
0.0
  0
LINE
  5
140
330
70
100
AcDbEntity
  8
0
 62
     7
370
    25
100
AcDbLine
 10
274.0757484955449
 20
166.8134349643749
 30
0.0
 11
274.0757484955449
 21
166.8944710123749
 31
0.0
  0
LINE
  5
141
330
70
100
AcDbEntity
  8
0
 62
     7
370
    25
100
AcDbLine
 10
274.0553318483451
 20
165.7749748864747
 30
0.0
 11
274.0553318483451
 21
165.8560109345747
 31
0.0
  0
LINE
  5
142
330
70
100
AcDbEntity
  8
0
 62
     7
370
    25
100
AcDbLine
 10
273.9940818483447
 20
167.0282888556743
 30
0.0
 11
273.9940818483447
 21
167.1093249037743
 31
0.0
  0
LINE
  5
143
330
70
100
AcDbEntity
  8
0
 62
     7
370
    25
100
AcDbLine
 10
273.9532484955448
 20
165.6675479814748
 30
0.0
 11
273.9532484955448
 21
165.7485840295747
 31
0.0
  0
LINE
  5
144
330
70
100
AcDbEntity
  8
0
 62
     7
370
    25
100
AcDbLine
 10
273.9328318191445
 20
167.0999067860748
 30
0.0
 11
273.9328318191445
 21
167.1809428340746
 31
0.0
  0
LINE
  5
145
330
70
100
AcDbEntity
  8
0
 62
     7
370
    25
100
AcDbLine
 10
273.8307484955448
 20
165.6317390131748
 30
0.0
 11
273.8307484955448
 21
165.7127750612748
 31
0.0
  0
LINE
  5
146
330
70
100
AcDbEntity
  8
0
 62
     7
370
    25
100
AcDbLine
 10
273.8307484955448
 20
167.1357157512747
 30
0.0
 11
273.8307484955448
 21
167.2167517992752
 31
0.0
  0
LINE
  5
147
330
70
100
AcDbEntity
  8
0
 62
     7
370
    25
100
AcDbLine
 10
273.728665171945
 20
167.0999067860748
 30
0.0
 11
273.728665171945
 21
167.1809428340746
 31
0.0
  0
LINE
  5
148
330
70
100
AcDbEntity
  8
0
 62
     7
370
    25
100
AcDbLine
 10
273.7082484955446
 20
165.6675479814748
 30
0.0
 11
273.7082484955446
 21
165.7485840295747
 31
0.0
  0
LINE
  5
149
330
70
100
AcDbEntity
  8
0
 62
     7
370
    25
100
AcDbLine
 10
273.6674151573446
 20
167.0282888556743
 30
0.0
 11
273.6674151573446
 21
167.1093249037743
 31
0.0
  0
LINE
  5
14A
330
70
100
AcDbEntity
  8
0
 62
     7
370
    25
100
AcDbLine
 10
273.606165157345
 20
165.7749748864747
 30
0.0
 11
273.606165157345
 21
165.8560109345747
 31
0.0
  0
LINE
  5
14B
330
70
100
AcDbEntity
  8
0
 62
     7
370
    25
100
AcDbLine
 10
273.5857484955446
 20
166.8134349643749
 30
0.0
 11
273.5857484955446
 21
166.8944710123749
 31
0.0
  0
LINE
  5
14C
330
70
100
AcDbEntity
  8
0
 62
     7
370
    25
100
AcDbLine
 10
273.5653318264449
 20
166.4289544650751
 30
0.0
 11
273.5653318264449
 21
166.6796172213743
 31
0.0
  0
LINE
  5
14D
330
70
100
AcDbEntity
  8
0
 62
     7
370
    25
100
AcDbLine
 10
273.5532484955448
 20
162.3102120024749
 30
0.0
 11
273.5532484955448
 21
162.6683452434745
 31
0.0
  0
LINE
  5
14E
330
70
100
AcDbEntity
  8
0
 62
     7
370
    25
100
AcDbLine
 10
273.5449151646445
 20
165.8824017944746
 30
0.0
 11
273.5449151646445
 21
165.9634378425746
 31
0.0
  0
LINE
  5
14F
330
70
100
AcDbEntity
  8
0
 62
     7
370
    25
100
AcDbLine
 10
273.5040818300451
 20
166.0256376802748
 30
0.0
 11
273.5040818300451
 21
166.1066737283748
 31
0.0
  0
LINE
  5
150
330
70
100
AcDbEntity
  8
0
 62
     7
370
    25
100
AcDbLine
 10
273.4836651628448
 20
166.1330645758746
 30
0.0
 11
273.4836651628448
 21
166.2141006238745
 31
0.0
  0
LINE
  5
151
330
70
100
AcDbEntity
  8
0
 62
     7
370
    25
100
AcDbLine
 10
273.4632484955445
 20
166.3121094518747
 30
0.0
 11
273.4632484955445
 21
166.7154261864748
 31
0.0
  0
LINE
  5
152
330
70
100
AcDbEntity
  8
0
 62
     7
370
    25
100
AcDbLine
 10
273.3532484955448
 20
162.6683452434745
 30
0.0
 11
273.3532484955448
 21
162.3102120024749
 31
0.0
  0
LINE
  5
153
330
70
100
AcDbEntity
  8
0
 62
     7
370
    25
100
AcDbLine
 10
272.5632484955448
 20
167.9372204658747
 30
0.0
 11
272.5632484955448
 21
167.8573417863746
 31
0.0
  0
LINE
  5
154
330
70
100
AcDbEntity
  8
0
 62
     7
370
    25
100
AcDbLine
 10
272.4532484955451
 20
162.3102120024749
 30
0.0
 11
272.4532484955451
 21
162.6683452434745
 31
0.0
  0
LINE
  5
155
330
70
100
AcDbEntity
  8
0
 62
     7
370
    25
100
AcDbLine
 10
272.2532484955451
 20
162.6683452434745
 30
0.0
 11
272.2532484955451
 21
162.3102120024749
 31
0.0
  0
LINE
  5
156
330
70
100
AcDbEntity
  8
0
 62
     7
370
    25
100
AcDbLine
 10
271.7632484955448
 20
167.5342224345747
 30
0.0
 11
271.7632484955448
 21
164.4115483791748
 31
0.0
  0
LINE
  5
157
330
70
100
AcDbEntity
  8
0
 62
     7
370
    25
100
AcDbLine
 10
274.0961651427447
 20
166.4289544650751
 30
0.0
 11
274.0757484955449
 21
166.2141006238745
 31
0.0
  0
LINE
  5
158
330
70
100
AcDbEntity
  8
0
 62
     7
370
    25
100
AcDbLine
 10
273.5653318264449
 20
166.5985811732743
 30
0.0
 11
273.5857484955446
 21
166.8134349643749
 31
0.0
  0
LINE
  5
159
330
70
100
AcDbEntity
  8
0
 62
     7
370
    25
100
AcDbLine
 10
273.5653318264449
 20
166.6796172213743
 30
0.0
 11
273.5857484955446
 21
166.8944710123749
 31
0.0
  0
LINE
  5
15A
330
70
100
AcDbEntity
  8
0
 62
     7
370
    25
100
AcDbLine
 10
274.1778318483446
 20
166.1330645758746
 30
0.0
 11
274.198248495545
 21
166.3121094518747
 31
0.0
  0
LINE
  5
15B
330
70
100
AcDbEntity
  8
0
 62
     7
370
    25
100
AcDbLine
 10
274.1778318483446
 20
166.2141006238745
 30
0.0
 11
274.198248495545
 21
166.3931454999747
 31
0.0
  0
LINE
  5
15C
330
70
100
AcDbEntity
  8
0
 62
     7
370
    25
100
AcDbLine
 10
273.4836651628448
 20
166.8944710123749
 30
0.0
 11
273.4632484955445
 21
166.7154261864748
 31
0.0
  0
LINE
  5
15D
330
70
100
AcDbEntity
  8
0
 62
     7
370
    25
100
AcDbLine
 10
274.157415142745
 20
166.0256376802748
 30
0.0
 11
274.1778318483446
 21
166.1330645758746
 31
0.0
  0
LINE
  5
15E
330
70
100
AcDbEntity
  8
0
 62
     7
370
    25
100
AcDbLine
 10
274.157415142745
 20
166.1066737283748
 30
0.0
 11
274.1778318483446
 21
166.2141006238745
 31
0.0
  0
LINE
  5
15F
330
70
100
AcDbEntity
  8
0
 62
     7
370
    25
100
AcDbLine
 10
273.5040818300451
 20
167.0018980082747
 30
0.0
 11
273.4836651628448
 21
166.8944710123749
 31
0.0
  0
LINE
  5
160
330
70
100
AcDbEntity
  8
0
 62
     7
370
    25
100
AcDbLine
 10
275.4028317899449
 20
167.1451338689749
 30
0.0
 11
275.3619984955447
 21
167.0018980082747
 31
0.0
  0
LINE
  5
161
330
70
100
AcDbEntity
  8
0
 62
     7
370
    25
100
AcDbLine
 10
274.1165818483448
 20
165.8824017944746
 30
0.0
 11
274.157415142745
 21
166.0256376802748
 31
0.0
  0
LINE
  5
162
330
70
100
AcDbEntity
  8
0
 62
     7
370
    25
100
AcDbLine
 10
274.1165818483448
 20
165.9634378425746
 30
0.0
 11
274.157415142745
 21
166.1066737283748
 31
0.0
  0
LINE
  5
163
330
70
100
AcDbEntity
  8
0
 62
     7
370
    25
100
AcDbLine
 10
273.5449151646445
 20
167.1451338689749
 30
0.0
 11
273.5040818300451
 21
167.0018980082747
 31
0.0
  0
LINE
  5
164
330
70
100
AcDbEntity
  8
0
 62
     7
370
    25
100
AcDbLine
 10
275.4844984955448
 20
166.8850528946746
 30
0.0
 11
275.5253319067451
 21
166.9924798904744
 31
0.0
  0
LINE
  5
165
330
70
100
AcDbEntity
  8
0
 62
     7
370
    25
100
AcDbLine
 10
275.4844984955448
 20
166.9660889427747
 30
0.0
 11
275.5253319067451
 21
167.0735159385744
 31
0.0
  0
LINE
  5
166
330
70
100
AcDbEntity
  8
0
 62
     7
370
    25
100
AcDbLine
 10
274.0757484955449
 20
166.2141006238745
 30
0.0
 11
273.9940818483447
 21
165.9992468077745
 31
0.0
  0
LINE
  5
167
330
70
100
AcDbEntity
  8
0
 62
     7
370
    25
100
AcDbLine
 10
273.5857484955446
 20
166.8134349643749
 30
0.0
 11
273.6674151573446
 21
167.0282888556743
 31
0.0
  0
LINE
  5
168
330
70
100
AcDbEntity
  8
0
 62
     7
370
    25
100
AcDbLine
 10
273.5857484955446
 20
166.8944710123749
 30
0.0
 11
273.6674151573446
 21
167.1093249037743
 31
0.0
  0
LINE
  5
169
330
70
100
AcDbEntity
  8
0
 62
     7
370
    25
100
AcDbLine
 10
275.4844984955448
 20
167.288369729675
 30
0.0
 11
275.4028317899449
 21
167.1451338689749
 31
0.0
  0
LINE
  5
16A
330
70
100
AcDbEntity
  8
0
 62
     7
370
    25
100
AcDbLine
 10
274.0553318483451
 20
165.7749748864747
 30
0.0
 11
274.1165818483448
 21
165.8824017944746
 31
0.0
  0
LINE
  5
16B
330
70
100
AcDbEntity
  8
0
 62
     7
370
    25
100
AcDbLine
 10
274.0553318483451
 20
165.8560109345747
 30
0.0
 11
274.1165818483448
 21
165.9634378425746
 31
0.0
  0
LINE
  5
16C
330
70
100
AcDbEntity
  8
0
 62
     7
370
    25
100
AcDbLine
 10
273.606165157345
 20
167.2525607644751
 30
0.0
 11
273.5449151646445
 21
167.1451338689749
 31
0.0
  0
LINE
  5
16D
330
70
100
AcDbEntity
  8
0
 62
     7
370
    25
100
AcDbLine
 10
275.9744984955451
 20
166.0350557980751
 30
0.0
 11
275.9132484955447
 21
165.9634378425746
 31
0.0
  0
LINE
  5
16E
330
70
100
AcDbEntity
  8
0
 62
     7
370
    25
100
AcDbLine
 10
275.5253319067451
 20
166.9924798904744
 30
0.0
 11
275.5865819067448
 21
167.0640978208749
 31
0.0
  0
LINE
  5
16F
330
70
100
AcDbEntity
  8
0
 62
     7
370
    25
100
AcDbLine
 10
275.5253319067451
 20
167.0735159385744
 30
0.0
 11
275.5865819067448
 21
167.1451338689749
 31
0.0
  0
LINE
  5
170
330
70
100
AcDbEntity
  8
0
 62
     7
370
    25
100
AcDbLine
 10
273.9940818483447
 20
165.9992468077745
 30
0.0
 11
273.9328318191445
 21
165.9276288773747
 31
0.0
  0
LINE
  5
171
330
70
100
AcDbEntity
  8
0
 62
     7
370
    25
100
AcDbLine
 10
273.6674151573446
 20
167.0282888556743
 30
0.0
 11
273.728665171945
 21
167.0999067860748
 31
0.0
  0
LINE
  5
172
330
70
100
AcDbEntity
  8
0
 62
     7
370
    25
100
AcDbLine
 10
273.6674151573446
 20
167.1093249037743
 30
0.0
 11
273.728665171945
 21
167.1809428340746
 31
0.0
  0
LINE
  5
173
330
70
100
AcDbEntity
  8
0
 62
     7
370
    25
100
AcDbLine
 10
273.9532484955448
 20
165.6675479814748
 30
0.0
 11
274.0553318483451
 21
165.7749748864747
 31
0.0
  0
LINE
  5
174
330
70
100
AcDbEntity
  8
0
 62
     7
370
    25
100
AcDbLine
 10
273.9532484955448
 20
165.7485840295747
 30
0.0
 11
274.0553318483451
 21
165.8560109345747
 31
0.0
  0
LINE
  5
175
330
70
100
AcDbEntity
  8
0
 62
     7
370
    25
100
AcDbLine
 10
273.7082484955446
 20
167.3599876599747
 30
0.0
 11
273.606165157345
 21
167.2525607644751
 31
0.0
  0
LINE
  5
176
330
70
100
AcDbEntity
  8
0
 62
     7
370
    25
100
AcDbLine
 10
275.9336650843448
 20
165.6675479814748
 30
0.0
 11
276.0153319067448
 21
165.7391659212748
 31
0.0
  0
LINE
  5
177
330
70
100
AcDbEntity
  8
0
 62
     7
370
    25
100
AcDbLine
 10
275.9336650843448
 20
165.7485840295747
 30
0.0
 11
276.0153319067448
 21
165.8202019693748
 31
0.0
  0
LINE
  5
178
330
70
100
AcDbEntity
  8
0
 62
     7
370
    25
100
AcDbLine
 10
275.5661650843446
 20
167.3599876599747
 30
0.0
 11
275.4844984955448
 21
167.288369729675
 31
0.0
  0
LINE
  5
179
330
70
100
AcDbEntity
  8
0
 62
     7
370
    25
100
AcDbLine
 10
277.5132118919446
 20
167.8573417863746
 30
0.0
 11
277.763248495545
 21
167.9913912425746
 31
0.0
  0
LINE
  5
17A
330
70
100
AcDbEntity
  8
0
 62
     7
370
    25
100
AcDbLine
 10
275.9132484955447
 20
165.9634378425746
 30
0.0
 11
275.831581906745
 21
165.9276288773747
 31
0.0
  0
LINE
  5
17B
330
70
100
AcDbEntity
  8
0
 62
     7
370
    25
100
AcDbLine
 10
275.5865819067448
 20
167.0640978208749
 30
0.0
 11
275.6682484955446
 21
167.0999067860748
 31
0.0
  0
LINE
  5
17C
330
70
100
AcDbEntity
  8
0
 62
     7
370
    25
100
AcDbLine
 10
275.5865819067448
 20
167.1451338689749
 30
0.0
 11
275.6682484955446
 21
167.1809428340746
 31
0.0
  0
LINE
  5
17D
330
70
100
AcDbEntity
  8
0
 62
     7
370
    25
100
AcDbLine
 10
275.831581906745
 20
165.6317390131748
 30
0.0
 11
275.9336650843448
 21
165.6675479814748
 31
0.0
  0
LINE
  5
17E
330
70
100
AcDbEntity
  8
0
 62
     7
370
    25
100
AcDbLine
 10
275.831581906745
 20
165.7127750612748
 30
0.0
 11
275.9336650843448
 21
165.7485840295747
 31
0.0
  0
LINE
  5
17F
330
70
100
AcDbEntity
  8
0
 62
     7
370
    25
100
AcDbLine
 10
273.9328318191445
 20
165.9276288773747
 30
0.0
 11
273.8307484955448
 21
165.8918199122749
 31
0.0
  0
LINE
  5
180
330
70
100
AcDbEntity
  8
0
 62
     7
370
    25
100
AcDbLine
 10
275.6682484955446
 20
167.3957966251746
 30
0.0
 11
275.5661650843446
 21
167.3599876599747
 31
0.0
  0
LINE
  5
181
330
70
100
AcDbEntity
  8
0
 62
     7
370
    25
100
AcDbLine
 10
273.728665171945
 20
167.0999067860748
 30
0.0
 11
273.8307484955448
 21
167.1357157512747
 31
0.0
  0
LINE
  5
182
330
70
100
AcDbEntity
  8
0
 62
     7
370
    25
100
AcDbLine
 10
273.728665171945
 20
167.1809428340746
 30
0.0
 11
273.8307484955448
 21
167.2167517992752
 31
0.0
  0
LINE
  5
183
330
70
100
AcDbEntity
  8
0
 62
     7
370
    25
100
AcDbLine
 10
273.8307484955448
 20
165.6317390131748
 30
0.0
 11
273.9532484955448
 21
165.6675479814748
 31
0.0
  0
LINE
  5
184
330
70
100
AcDbEntity
  8
0
 62
     7
370
    25
100
AcDbLine
 10
273.8307484955448
 20
165.7127750612748
 30
0.0
 11
273.9532484955448
 21
165.7485840295747
 31
0.0
  0
LINE
  5
185
330
70
100
AcDbEntity
  8
0
 62
     7
370
    25
100
AcDbLine
 10
273.8307484955448
 20
167.3957966251746
 30
0.0
 11
273.7082484955446
 21
167.3599876599747
 31
0.0
  0
LINE
  5
186
330
70
100
AcDbEntity
  8
0
 62
     7
370
    25
100
AcDbLine
 10
284.014238996745
 20
169.9103701548747
 30
0.0
 11
283.9732484955446
 21
169.9103701548747
 31
0.0
  0
LINE
  5
187
330
70
100
AcDbEntity
  8
0
 62
     7
370
    25
100
AcDbLine
 10
267.5122581187446
 20
169.9103698656744
 30
0.0
 11
267.5532484955446
 21
169.9103701548747
 31
0.0
  0
LINE
  5
188
330
70
100
AcDbEntity
  8
0
 62
     7
370
    25
100
AcDbLine
 10
283.9732484955446
 20
170.0022818720748
 30
0.0
 11
267.5532484955446
 21
170.0022818720748
 31
0.0
  0
LINE
  5
189
330
70
100
AcDbEntity
  8
0
 62
     7
370
    25
100
AcDbLine
 10
270.8632484955451
 20
161.8116821202744
 30
0.0
 11
270.8632484955451
 21
162.6683452434745
 31
0.0
  0
LINE
  5
18A
330
70
100
AcDbEntity
  8
0
 62
     7
370
    25
100
AcDbLine
 10
267.2632484955449
 20
171.7592971988749
 30
0.0
 11
267.5532484955446
 21
171.7592971988749
 31
0.0
  0
LINE
  5
18B
330
70
100
AcDbEntity
  8
0
 62
     7
370
    25
100
AcDbLine
 10
284.2632484955449
 20
171.7592971988749
 30
0.0
 11
283.9732484955446
 21
171.7592971988749
 31
0.0
  0
LINE
  5
18C
330
70
100
AcDbEntity
  8
0
 62
     7
370
    25
100
AcDbLine
 10
283.9732484955446
 20
171.7631647711749
 30
0.0
 11
267.5532484955446
 21
171.7631647711749
 31
0.0
  0
LINE
  5
18D
330
70
100
AcDbEntity
  8
0
 62
     7
370
    25
100
AcDbLine
 10
267.5632484955446
 20
158.3024653768746
 30
0.0
 11
267.5632484955446
 21
169.753575129575
 31
0.0
  0
LINE
  5
18E
330
70
100
AcDbEntity
  8
0
 62
     7
370
    25
100
AcDbLine
 10
267.5532484955446
 20
121.528020253275
 30
0.0
 11
267.5532484955446
 21
158.2885914928749
 31
0.0
  0
LINE
  5
18F
330
70
100
AcDbEntity
  8
0
 62
     7
370
    25
100
AcDbLine
 10
267.5532484955446
 20
169.7674490136749
 30
0.0
 11
267.5532484955446
 21
206.5280202532748
 31
0.0
  0
LINE
  5
190
330
70
100
AcDbEntity
  8
0
 62
     7
370
    25
100
AcDbLine
 10
267.2632484955449
 20
206.4280202532748
 30
0.0
 11
267.2632484955449
 21
170.4830032594747
 31
0.0
  0
LINE
  5
191
330
70
100
AcDbEntity
  8
0
 62
     7
370
    25
100
AcDbLine
 10
267.2632484955449
 20
157.5730372470744
 30
0.0
 11
267.2632484955449
 21
121.6280202532747
 31
0.0
  0
LINE
  5
192
330
70
100
AcDbEntity
  8
0
 62
     7
370
    25
100
AcDbLine
 10
267.0632484955449
 20
206.2280202532748
 30
0.0
 11
267.0632484955449
 21
170.6337463418748
 31
0.0
  0
LINE
  5
193
330
70
100
AcDbEntity
  8
0
 62
     7
370
    25
100
AcDbLine
 10
267.0632484955449
 20
157.422294164675
 30
0.0
 11
267.0632484955449
 21
121.8280202532747
 31
0.0
  0
LINE
  5
194
330
70
100
AcDbEntity
  8
0
 62
     7
370
    25
100
AcDbLine
 10
267.2632484955449
 20
184.724737424975
 30
0.0
 11
267.5532484955446
 21
184.724737424975
 31
0.0
  0
LINE
  5
195
330
70
100
AcDbEntity
  8
0
 62
     7
370
    25
100
AcDbLine
 10
284.2632484955449
 20
184.724737424975
 30
0.0
 11
283.9732484955446
 21
184.724737424975
 31
0.0
  0
LINE
  5
196
330
70
100
AcDbEntity
  8
0
 62
     7
370
    25
100
AcDbLine
 10
283.9732484955446
 20
184.7350909602747
 30
0.0
 11
267.5532484955446
 21
184.7350909602747
 31
0.0
  0
LINE
  5
197
330
70
100
AcDbEntity
  8
0
 62
     7
370
    25
100
AcDbLine
 10
267.2632484955449
 20
186.428020253275
 30
0.0
 11
267.5532484955446
 21
186.428020253275
 31
0.0
  0
LINE
  5
198
330
70
100
AcDbEntity
  8
0
 62
     7
370
    25
100
AcDbLine
 10
284.2632484955449
 20
186.428020253275
 30
0.0
 11
283.9732484955446
 21
186.428020253275
 31
0.0
  0
LINE
  5
199
330
70
100
AcDbEntity
  8
0
 62
     7
370
    25
100
AcDbLine
 10
283.9732484955446
 20
186.5280202532747
 30
0.0
 11
267.5532484955446
 21
186.5280202532747
 31
0.0
  0
LINE
  5
19A
330
70
100
AcDbEntity
  8
0
 62
     7
370
    25
100
AcDbLine
 10
267.2632484955449
 20
189.0245281762747
 30
0.0
 11
267.5532484955446
 21
189.0245281762747
 31
0.0
  0
LINE
  5
19B
330
70
100
AcDbEntity
  8
0
 62
     7
370
    25
100
AcDbLine
 10
284.2632484955449
 20
189.0245281762747
 30
0.0
 11
283.9732484955446
 21
189.0245281762747
 31
0.0
  0
LINE
  5
19C
330
70
100
AcDbEntity
  8
0
 62
     7
370
    25
100
AcDbLine
 10
283.9732484955446
 20
189.0280202532745
 30
0.0
 11
267.5532484955446
 21
189.0280202532745
 31
0.0
  0
LINE
  5
19D
330
70
100
AcDbEntity
  8
0
 62
     7
370
    25
100
AcDbLine
 10
274.9737898472447
 20
197.6557379657748
 30
0.0
 11
274.8616873495447
 21
197.7678404634748
 31
0.0
  0
LINE
  5
19E
330
70
100
AcDbEntity
  8
0
 62
     7
370
    25
100
AcDbLine
 10
273.9424485339446
 20
200.3487802147747
 30
0.0
 11
274.8616873495447
 21
199.2881200429747
 31
0.0
  0
LINE
  5
19F
330
70
100
AcDbEntity
  8
0
 62
     7
370
    25
100
AcDbLine
 10
277.5840484571446
 20
196.7071802916749
 30
0.0
 11
276.6648096415451
 21
197.7678404634748
 31
0.0
  0
LINE
  5
1A0
330
70
100
AcDbEntity
  8
0
 62
     7
370
    25
100
AcDbLine
 10
276.6648096415451
 20
199.2881200429747
 30
0.0
 11
277.5840484571446
 21
200.3487802147747
 31
0.0
  0
LINE
  5
1A1
330
70
100
AcDbEntity
  8
0
 62
     7
370
    25
100
AcDbLine
 10
274.8616873495447
 20
197.7678404634748
 30
0.0
 11
273.9424485339446
 21
196.7071802916749
 31
0.0
  0
LINE
  5
1A2
330
70
100
AcDbEntity
  8
0
 62
     7
370
    25
100
AcDbLine
 10
276.6648096415451
 20
197.7678404634748
 30
0.0
 11
276.5588939808448
 21
197.6619248027749
 31
0.0
  0
LINE
  5
1A3
330
70
100
AcDbEntity
  8
0
 62
     7
370
    25
100
AcDbLine
 10
274.8616873495447
 20
199.2881200429747
 30
0.0
 11
274.9669831205448
 21
199.3934158140749
 31
0.0
  0
LINE
  5
1A4
330
70
100
AcDbEntity
  8
0
 62
     7
370
    25
100
AcDbLine
 10
276.5917510942446
 20
197.5671713394749
 30
0.0
 11
277.5840484571446
 21
196.7071802916749
 31
0.0
  0
LINE
  5
1A5
330
70
100
AcDbEntity
  8
0
 62
     7
370
    25
100
AcDbLine
 10
274.9331456784448
 20
199.4901760229747
 30
0.0
 11
273.9424485339446
 21
200.3487802147747
 31
0.0
  0
LINE
  5
1A6
330
70
100
AcDbEntity
  8
0
 62
     7
370
    25
100
AcDbLine
 10
276.5588939808448
 20
199.3940357036746
 30
0.0
 11
276.6648096415451
 21
199.2881200429747
 31
0.0
  0
LINE
  5
1A7
330
70
100
AcDbEntity
  8
0
 62
     7
370
    25
100
AcDbLine
 10
273.9424485339446
 20
196.7071802916749
 30
0.0
 11
274.9492316039448
 21
197.5797256189749
 31
0.0
  0
LINE
  5
1A8
330
70
100
AcDbEntity
  8
0
 62
     7
370
    25
100
AcDbLine
 10
277.5840484571446
 20
200.3487802147747
 30
0.0
 11
276.5917510942446
 21
199.4887891670748
 31
0.0
  0
LINE
  5
1A9
330
70
100
AcDbEntity
  8
0
 62
     7
370
    25
100
AcDbLine
 10
267.2632484955449
 20
204.6605575533749
 30
0.0
 11
267.5532484955446
 21
204.6605575533749
 31
0.0
  0
LINE
  5
1AA
330
70
100
AcDbEntity
  8
0
 62
     7
370
    25
100
AcDbLine
 10
284.2632484955449
 20
204.6605575533749
 30
0.0
 11
283.9732484955446
 21
204.6605575533749
 31
0.0
  0
LINE
  5
1AB
330
70
100
AcDbEntity
  8
0
 62
     7
370
    25
100
AcDbLine
 10
283.9732484955446
 20
204.6675332007749
 30
0.0
 11
267.5532484955446
 21
204.6675332007749
 31
0.0
  0
LINE
  5
1AC
330
70
100
AcDbEntity
  8
0
 62
     7
370
    25
100
AcDbLine
 10
267.2632484955449
 20
206.4280202532748
 30
0.0
 11
267.5532484955446
 21
206.4280202532748
 31
0.0
  0
LINE
  5
1AD
330
70
100
AcDbEntity
  8
0
 62
     7
370
    25
100
AcDbLine
 10
284.2632484955449
 20
206.4280202532748
 30
0.0
 11
283.9732484955446
 21
206.4280202532748
 31
0.0
  0
LINE
  5
1AE
330
70
100
AcDbEntity
  8
0
 62
     7
370
    25
100
AcDbLine
 10
283.9732484955446
 20
206.5280202532748
 30
0.0
 11
267.5532484955446
 21
206.5280202532748
 31
0.0
  0
SPLINE
  5
1AF
330
70
100
AcDbEntity
  8
0
 62
     7
370
    25
100
AcDbSpline
210
0.0
220
0.0
230
1.0
 70
     8
 71
     3
 72
     8
 73
     4
 74
     0
 42
0.0000000001
 43
0.0000000001
 40
0.0
 40
0.0
 40
0.0
 40
0.0
 40
1.0
 40
1.0
 40
1.0
 40
1.0
 10
276.278248495544
 20
132.1509946883417
 30
0.0
 10
275.9384189284335
 20
132.2203621082527
 30
0.0
 10
275.5880780626563
 20
132.2203621082527
 30
0.0
 10
275.2482484955458
 20
132.1509946883417
 30
0.0
  0
SPLINE
  5
1B0
330
70
100
AcDbEntity
  8
0
 62
     7
370
    25
100
AcDbSpline
210
0.0
220
0.0
230
1.0
 70
     8
 71
     3
 72
     8
 73
     4
 74
     0
 42
0.0000000001
 43
0.0000000001
 40
0.0
 40
0.0
 40
0.0
 40
0.0
 40
1.0
 40
1.0
 40
1.0
 40
1.0
 10
275.2482484955458
 20
127.1050458182082
 30
0.0
 10
275.5880780626563
 20
127.0356783982972
 30
0.0
 10
275.9384189284335
 20
127.0356783982972
 30
0.0
 10
276.278248495544
 20
127.1050458182082
 30
0.0
  0
SPLINE
  5
1B1
330
70
100
AcDbEntity
  8
0
 62
     7
370
    25
100
AcDbSpline
210
0.0
220
0.0
230
1.0
 70
     8
 71
     3
 72
     8
 73
     4
 74
     0
 42
0.0000000001
 43
0.0000000001
 40
0.0
 40
0.0
 40
0.0
 40
0.0
 40
1.0
 40
1.0
 40
1.0
 40
1.0
 10
273.7461073596092
 20
130.2780202532713
 30
0.0
 10
273.6099188592565
 20
129.8553872897262
 30
0.0
 10
273.6099188592565
 20
129.4006532168237
 30
0.0
 10
273.7461073596092
 20
128.978020253278
 30
0.0
  0
SPLINE
  5
1B2
330
70
100
AcDbEntity
  8
0
 62
     7
370
    25
100
AcDbSpline
210
0.0
220
0.0
230
1.0
 70
     8
 71
     3
 72
     8
 73
     4
 74
     0
 42
0.0000000001
 43
0.0000000001
 40
0.0
 40
0.0
 40
0.0
 40
0.0
 40
1.0
 40
1.0
 40
1.0
 40
1.0
 10
276.983248495545
 20
129.6280202532743
 30
0.0
 10
276.983248495545
 20
129.858037277566
 30
0.0
 10
276.9182228808385
 20
130.0833684725307
 30
0.0
 10
276.7956728269125
 20
130.2780202532751
 30
0.0
  0
SPLINE
  5
1B3
330
70
100
AcDbEntity
  8
0
 62
     7
370
    25
100
AcDbSpline
210
0.0
220
0.0
230
1.0
 70
     8
 71
     3
 72
     8
 73
     4
 74
     0
 42
0.0000000001
 43
0.0000000001
 40
0.0
 40
0.0
 40
0.0
 40
0.0
 40
1.0
 40
1.0
 40
1.0
 40
1.0
 10
274.7308241641773
 20
130.2780202532751
 30
0.0
 10
274.4807232726671
 20
129.8807737214416
 30
0.0
 10
274.4807232726671
 20
129.3752667851076
 30
0.0
 10
274.7308241641773
 20
128.9780202532748
 30
0.0
  0
SPLINE
  5
1B4
330
70
100
AcDbEntity
  8
0
 62
     7
370
    25
100
AcDbSpline
210
0.0
220
0.0
230
1.0
 70
     8
 71
     3
 72
    11
 73
     7
 74
     0
 42
0.0000000001
 43
0.0000000001
 40
0.0
 40
0.0
 40
0.0
 40
0.0
 40
1.0
 40
1.0
 40
1.0
 40
2.0
 40
2.0
 40
2.0
 40
2.0
 10
274.9082484955447
 20
128.6351916847039
 30
0.0
 10
274.9871305358064
 20
128.7125115496799
 30
0.0
 10
274.9883969290918
 20
128.8391382130128
 30
0.0
 10
274.9110770641157
 20
128.9180202532746
 30
0.0
 10
274.8734613499189
 20
128.9563959576634
 30
0.0
 10
274.8219852301113
 20
128.9780202532748
 30
0.0
 10
274.7682484955449
 20
128.9780202532748
 30
0.0
  0
SPLINE
  5
1B5
330
70
100
AcDbEntity
  8
0
 62
     7
370
    25
100
AcDbSpline
210
0.0
220
0.0
230
1.0
 70
     8
 71
     3
 72
    11
 73
     7
 74
     0
 42
0.0000000001
 43
0.0000000001
 40
0.0
 40
0.0
 40
0.0
 40
0.0
 40
1.0
 40
1.0
 40
1.0
 40
2.0
 40
2.0
 40
2.0
 40
2.0
 10
274.7682484955449
 20
130.2780202532751
 30
0.0
 10
274.8787054455111
 20
130.2780202532751
 30
0.0
 10
274.9682484955449
 20
130.3675633033089
 30
0.0
 10
274.9682484955449
 20
130.4780202532745
 30
0.0
 10
274.9682484955449
 20
130.5317569878416
 30
0.0
 10
274.9466241999335
 20
130.5832331076491
 30
0.0
 10
274.9082484955447
 20
130.6208488218454
 30
0.0
  0
SPLINE
  5
1B6
330
70
100
AcDbEntity
  8
0
 62
     7
370
    25
100
AcDbSpline
210
0.0
220
0.0
230
1.0
 70
     8
 71
     3
 72
    11
 73
     7
 74
     0
 42
0.0000000001
 43
0.0000000001
 40
0.0
 40
0.0
 40
0.0
 40
0.0
 40
1.0
 40
1.0
 40
1.0
 40
2.0
 40
2.0
 40
2.0
 40
2.0
 10
276.7589173395446
 20
128.9780202532748
 30
0.0
 10
276.6484603895784
 20
128.9780202532748
 30
0.0
 10
276.5589173395446
 20
128.8884772032409
 30
0.0
 10
276.5589173395446
 20
128.7780202532748
 30
0.0
 10
276.5589173395446
 20
128.7244461199291
 30
0.0
 10
276.580411347529
 20
128.6731117284633
 30
0.0
 10
276.6185829175379
 20
128.6355202532746
 30
0.0
  0
SPLINE
  5
1B7
330
70
100
AcDbEntity
  8
0
 62
     7
370
    25
100
AcDbSpline
210
0.0
220
0.0
230
1.0
 70
     8
 71
     3
 72
    11
 73
     7
 74
     0
 42
0.0000000001
 43
0.0000000001
 40
0.0
 40
0.0
 40
0.0
 40
0.0
 40
1.0
 40
1.0
 40
1.0
 40
2.0
 40
2.0
 40
2.0
 40
2.0
 10
276.6148574964741
 20
130.6240955107748
 30
0.0
 10
276.5341823594292
 20
130.5486484428489
 30
0.0
 10
276.5299441720189
 20
130.4220863893482
 30
0.0
 10
276.6053912399449
 20
130.3414112523034
 30
0.0
 10
276.6432094969111
 20
130.3009723969919
 30
0.0
 10
276.6960993449178
 20
130.2780202532751
 30
0.0
 10
276.7514664974446
 20
130.2780202532751
 30
0.0
  0
SPLINE
  5
1B8
330
70
100
AcDbEntity
  8
0
 62
     7
370
    25
100
AcDbSpline
210
0.0
220
0.0
230
1.0
 70
     8
 71
     3
 72
     8
 73
     4
 74
     0
 42
0.0000000001
 43
0.0000000001
 40
0.0
 40
0.0
 40
0.0
 40
0.0
 40
1.0
 40
1.0
 40
1.0
 40
1.0
 10
284.2632484955449
 20
121.6280202532747
 30
0.0
 10
284.3737054455111
 20
121.6280202532747
 30
0.0
 10
284.4632484955448
 20
121.7175633033085
 30
0.0
 10
284.4632484955448
 20
121.8280202532747
 30
0.0
  0
SPLINE
  5
1B9
330
70
100
AcDbEntity
  8
0
 62
     7
370
    25
100
AcDbSpline
210
0.0
220
0.0
230
1.0
 70
     8
 71
     3
 72
     8
 73
     4
 74
     0
 42
0.0000000001
 43
0.0000000001
 40
0.0
 40
0.0
 40
0.0
 40
0.0
 40
1.0
 40
1.0
 40
1.0
 40
1.0
 10
284.2632484955449
 20
141.6280202532747
 30
0.0
 10
284.3737054455111
 20
141.6280202532747
 30
0.0
 10
284.4632484955448
 20
141.7175633033085
 30
0.0
 10
284.4632484955448
 20
141.8280202532747
 30
0.0
  0
SPLINE
  5
1BA
330
70
100
AcDbEntity
  8
0
 62
     7
370
    25
100
AcDbSpline
210
0.0
220
0.0
230
1.0
 70
     8
 71
     3
 72
     8
 73
     4
 74
     0
 42
0.0000000001
 43
0.0000000001
 40
0.0
 40
0.0
 40
0.0
 40
0.0
 40
1.0
 40
1.0
 40
1.0
 40
1.0
 10
284.2632484955449
 20
148.6280202532743
 30
0.0
 10
284.3737054455111
 20
148.6280202532743
 30
0.0
 10
284.4632484955448
 20
148.7175633033081
 30
0.0
 10
284.4632484955448
 20
148.828020253275
 30
0.0
  0
SPLINE
  5
1BB
330
70
100
AcDbEntity
  8
0
 62
     7
370
    25
100
AcDbSpline
210
0.0
220
0.0
230
1.0
 70
     8
 71
     3
 72
     8
 73
     4
 74
     0
 42
0.0000000001
 43
0.0000000001
 40
0.0
 40
0.0
 40
0.0
 40
0.0
 40
1.0
 40
1.0
 40
1.0
 40
1.0
 10
267.0632484955449
 20
121.8280202532747
 30
0.0
 10
267.0632484955449
 20
121.7175633033085
 30
0.0
 10
267.1527915455787
 20
121.6280202532747
 30
0.0
 10
267.2632484955449
 20
121.6280202532747
 30
0.0
  0
SPLINE
  5
1BC
330
70
100
AcDbEntity
  8
0
 62
     7
370
    25
100
AcDbSpline
210
0.0
220
0.0
230
1.0
 70
     8
 71
     3
 72
     8
 73
     4
 74
     0
 42
0.0000000001
 43
0.0000000001
 40
0.0
 40
0.0
 40
0.0
 40
0.0
 40
1.0
 40
1.0
 40
1.0
 40
1.0
 10
267.0632484955449
 20
141.8280202532747
 30
0.0
 10
267.0632484955449
 20
141.7175633033085
 30
0.0
 10
267.1527915455787
 20
141.6280202532747
 30
0.0
 10
267.2632484955449
 20
141.6280202532747
 30
0.0
  0
SPLINE
  5
1BD
330
70
100
AcDbEntity
  8
0
 62
     7
370
    25
100
AcDbSpline
210
0.0
220
0.0
230
1.0
 70
     8
 71
     3
 72
     8
 73
     4
 74
     0
 42
0.0000000001
 43
0.0000000001
 40
0.0
 40
0.0
 40
0.0
 40
0.0
 40
1.0
 40
1.0
 40
1.0
 40
1.0
 10
267.0632484955449
 20
148.828020253275
 30
0.0
 10
267.0632484955449
 20
148.7175633033081
 30
0.0
 10
267.1527915455787
 20
148.6280202532743
 30
0.0
 10
267.2632484955449
 20
148.6280202532743
 30
0.0
  0
SPLINE
  5
1BE
330
70
100
AcDbEntity
  8
0
 62
     7
370
    25
100
AcDbSpline
210
0.0
220
0.0
230
1.0
 70
     8
 71
     3
 72
     8
 73
     4
 74
     0
 42
0.0000000001
 43
0.0000000001
 40
0.0
 40
0.0
 40
0.0
 40
0.0
 40
1.0
 40
1.0
 40
1.0
 40
1.0
 10
275.2482484955458
 20
196.0050058182081
 30
0.0
 10
275.5880780626563
 20
195.9356383982971
 30
0.0
 10
275.9384189284335
 20
195.9356383982971
 30
0.0
 10
276.278248495544
 20
196.0050058182081
 30
0.0
  0
SPLINE
  5
1BF
330
70
100
AcDbEntity
  8
0
 62
     7
370
    25
100
AcDbSpline
210
0.0
220
0.0
230
1.0
 70
     8
 71
     3
 72
     8
 73
     4
 74
     0
 42
0.0000000001
 43
0.0000000001
 40
0.0
 40
0.0
 40
0.0
 40
0.0
 40
1.0
 40
1.0
 40
1.0
 40
1.0
 10
276.278248495544
 20
201.0509546883416
 30
0.0
 10
275.9384189284335
 20
201.1203221082526
 30
0.0
 10
275.5880780626563
 20
201.1203221082526
 30
0.0
 10
275.2482484955458
 20
201.0509546883416
 30
0.0
  0
SPLINE
  5
1C0
330
70
100
AcDbEntity
  8
0
 62
     7
370
    25
100
AcDbSpline
210
0.0
220
0.0
230
1.0
 70
     8
 71
     3
 72
     8
 73
     4
 74
     0
 42
0.0000000001
 43
0.0000000001
 40
0.0
 40
0.0
 40
0.0
 40
0.0
 40
1.0
 40
1.0
 40
1.0
 40
1.0
 10
277.78038963148
 20
197.8779802532781
 30
0.0
 10
277.9165781318333
 20
198.3006132168235
 30
0.0
 10
277.9165781318333
 20
198.7553472897261
 30
0.0
 10
277.78038963148
 20
199.1779802532714
 30
0.0
  0
SPLINE
  5
1C1
330
70
100
AcDbEntity
  8
0
 62
     7
370
    25
100
AcDbSpline
210
0.0
220
0.0
230
1.0
 70
     8
 71
     3
 72
     8
 73
     4
 74
     0
 42
0.0000000001
 43
0.0000000001
 40
0.0
 40
0.0
 40
0.0
 40
0.0
 40
1.0
 40
1.0
 40
1.0
 40
1.0
 10
274.5432484955448
 20
198.5279802532748
 30
0.0
 10
274.5432484955448
 20
198.2979632289835
 30
0.0
 10
274.6082741102513
 20
198.0726320340184
 30
0.0
 10
274.7308241641773
 20
197.8779802532749
 30
0.0
  0
SPLINE
  5
1C2
330
70
100
AcDbEntity
  8
0
 62
     7
370
    25
100
AcDbSpline
210
0.0
220
0.0
230
1.0
 70
     8
 71
     3
 72
     8
 73
     4
 74
     0
 42
0.0000000001
 43
0.0000000001
 40
0.0
 40
0.0
 40
0.0
 40
0.0
 40
1.0
 40
1.0
 40
1.0
 40
1.0
 10
276.7956728269125
 20
197.8779802532749
 30
0.0
 10
277.0457737184221
 20
198.2752267851078
 30
0.0
 10
277.0457737184221
 20
198.7807337214418
 30
0.0
 10
276.7956728269125
 20
199.1779802532747
 30
0.0
  0
SPLINE
  5
1C3
330
70
100
AcDbEntity
  8
0
 62
     7
370
    25
100
AcDbSpline
210
0.0
220
0.0
230
1.0
 70
     8
 71
     3
 72
    11
 73
     7
 74
     0
 42
0.0000000001
 43
0.0000000001
 40
0.0
 40
0.0
 40
0.0
 40
0.0
 40
1.0
 40
1.0
 40
1.0
 40
2.0
 40
2.0
 40
2.0
 40
2.0
 10
276.6182484955451
 20
199.5208088218455
 30
0.0
 10
276.5393664552827
 20
199.4434889568695
 30
0.0
 10
276.5381000619974
 20
199.3168622935366
 30
0.0
 10
276.6154199269741
 20
199.2379802532749
 30
0.0
 10
276.6530356411703
 20
199.199604548886
 30
0.0
 10
276.7045117609784
 20
199.1779802532747
 30
0.0
 10
276.758248495545
 20
199.1779802532747
 30
0.0
  0
SPLINE
  5
1C4
330
70
100
AcDbEntity
  8
0
 62
     7
370
    25
100
AcDbSpline
210
0.0
220
0.0
230
1.0
 70
     8
 71
     3
 72
    11
 73
     7
 74
     0
 42
0.0000000001
 43
0.0000000001
 40
0.0
 40
0.0
 40
0.0
 40
0.0
 40
1.0
 40
1.0
 40
1.0
 40
2.0
 40
2.0
 40
2.0
 40
2.0
 10
276.758248495545
 20
197.8779802532749
 30
0.0
 10
276.6477915455787
 20
197.8779802532749
 30
0.0
 10
276.5582484955449
 20
197.7884372032408
 30
0.0
 10
276.5582484955449
 20
197.6779802532749
 30
0.0
 10
276.5582484955449
 20
197.6242435187085
 30
0.0
 10
276.5798727911556
 20
197.5727673989003
 30
0.0
 10
276.6182484955451
 20
197.5351516847041
 30
0.0
  0
SPLINE
  5
1C5
330
70
100
AcDbEntity
  8
0
 62
     7
370
    25
100
AcDbSpline
210
0.0
220
0.0
230
1.0
 70
     8
 71
     3
 72
    11
 73
     7
 74
     0
 42
0.0000000001
 43
0.0000000001
 40
0.0
 40
0.0
 40
0.0
 40
0.0
 40
1.0
 40
1.0
 40
1.0
 40
2.0
 40
2.0
 40
2.0
 40
2.0
 10
274.7675796515446
 20
199.1779802532747
 30
0.0
 10
274.8780366015108
 20
199.1779802532747
 30
0.0
 10
274.9675796515445
 20
199.2675233033085
 30
0.0
 10
274.9675796515445
 20
199.3779802532747
 30
0.0
 10
274.9675796515445
 20
199.431554386621
 30
0.0
 10
274.9460856435608
 20
199.4828887780865
 30
0.0
 10
274.9079140735519
 20
199.5204802532748
 30
0.0
  0
SPLINE
  5
1C6
330
70
100
AcDbEntity
  8
0
 62
     7
370
    25
100
AcDbSpline
210
0.0
220
0.0
230
1.0
 70
     8
 71
     3
 72
    11
 73
     7
 74
     0
 42
0.0000000001
 43
0.0000000001
 40
0.0
 40
0.0
 40
0.0
 40
0.0
 40
1.0
 40
1.0
 40
1.0
 40
2.0
 40
2.0
 40
2.0
 40
2.0
 10
274.9116394946157
 20
197.5319049957746
 30
0.0
 10
274.9923146316606
 20
197.6073520637006
 30
0.0
 10
274.9965528190709
 20
197.7339141172009
 30
0.0
 10
274.9211057511449
 20
197.8145892542458
 30
0.0
 10
274.8832874941781
 20
197.8550281095578
 30
0.0
 10
274.8303976461721
 20
197.8779802532749
 30
0.0
 10
274.7750304936445
 20
197.8779802532749
 30
0.0
  0
SPLINE
  5
1C7
330
70
100
AcDbEntity
  8
0
 62
     7
370
    25
100
AcDbSpline
210
0.0
220
0.0
230
1.0
 70
     8
 71
     3
 72
     8
 73
     4
 74
     0
 42
0.0000000001
 43
0.0000000001
 40
0.0
 40
0.0
 40
0.0
 40
0.0
 40
1.0
 40
1.0
 40
1.0
 40
1.0
 10
284.4632484955448
 20
186.2280202532744
 30
0.0
 10
284.4632484955448
 20
186.3384772032412
 30
0.0
 10
284.3737054455111
 20
186.428020253275
 30
0.0
 10
284.2632484955449
 20
186.428020253275
 30
0.0
  0
SPLINE
  5
1C8
330
70
100
AcDbEntity
  8
0
 62
     7
370
    25
100
AcDbSpline
210
0.0
220
0.0
230
1.0
 70
     8
 71
     3
 72
     8
 73
     4
 74
     0
 42
0.0000000001
 43
0.0000000001
 40
0.0
 40
0.0
 40
0.0
 40
0.0
 40
1.0
 40
1.0
 40
1.0
 40
1.0
 10
284.4632484955448
 20
206.2280202532748
 30
0.0
 10
284.4632484955448
 20
206.338477203241
 30
0.0
 10
284.3737054455111
 20
206.4280202532748
 30
0.0
 10
284.2632484955449
 20
206.4280202532748
 30
0.0
  0
SPLINE
  5
1C9
330
70
100
AcDbEntity
  8
0
 62
     7
370
    25
100
AcDbSpline
210
0.0
220
0.0
230
1.0
 70
     8
 71
     3
 72
     8
 73
     4
 74
     0
 42
0.0000000001
 43
0.0000000001
 40
0.0
 40
0.0
 40
0.0
 40
0.0
 40
1.0
 40
1.0
 40
1.0
 40
1.0
 10
267.2632484955449
 20
186.428020253275
 30
0.0
 10
267.1527915455787
 20
186.428020253275
 30
0.0
 10
267.0632484955449
 20
186.3384772032412
 30
0.0
 10
267.0632484955449
 20
186.2280202532744
 30
0.0
  0
SPLINE
  5
1CA
330
70
100
AcDbEntity
  8
0
 62
     7
370
    25
100
AcDbSpline
210
0.0
220
0.0
230
1.0
 70
     8
 71
     3
 72
     8
 73
     4
 74
     0
 42
0.0000000001
 43
0.0000000001
 40
0.0
 40
0.0
 40
0.0
 40
0.0
 40
1.0
 40
1.0
 40
1.0
 40
1.0
 10
267.2632484955449
 20
206.4280202532748
 30
0.0
 10
267.1527915455787
 20
206.4280202532748
 30
0.0
 10
267.0632484955449
 20
206.338477203241
 30
0.0
 10
267.0632484955449
 20
206.2280202532748
 30
0.0
  0
SPLINE
  5
1CB
330
70
100
AcDbEntity
  8
0
 62
     7
370
    25
100
AcDbSpline
210
0.0
220
0.0
230
1.0
 70
     8
 71
     3
 72
    20
 73
    16
 74
     0
 42
0.0000000001
 43
0.0000000001
 40
0.0
 40
0.0
 40
0.0
 40
0.0
 40
1.0
 40
1.0
 40
1.0
 40
2.0
 40
2.0
 40
2.0
 40
3.0
 40
3.0
 40
3.0
 40
4.0
 40
4.0
 40
4.0
 40
5.0
 40
5.0
 40
5.0
 40
5.0
 10
278.2032484955445
 20
166.9413001917751
 30
0.0
 10
278.1813473449447
 20
166.9413001917751
 30
0.0
 10
278.1593087716304
 20
166.9383148870503
 30
0.0
 10
278.1381854274497
 20
166.932149195037
 30
0.0
 10
278.1185786408157
 20
166.9264261709397
 30
0.0
 10
278.0997603825651
 20
166.9179630399607
 30
0.0
 10
278.0830468086581
 20
166.9060905023277
 30
0.0
 10
278.0683420233645
 20
166.8956449137454
 30
0.0
 10
278.0552664054054
 20
166.8825602149492
 30
0.0
 10
278.0461936430907
 20
166.8670924213482
 30
0.0
 10
278.0420444219582
 20
166.8600185783605
 30
0.0
 10
278.0387323908092
 20
166.8524463154249
 30
0.0
 10
278.0365151741981
 20
166.8445432276009
 30
0.0
 10
278.0343758363096
 20
166.8369177321339
 30
0.0
 10
278.0332557539448
 20
166.8289842437749
 30
0.0
 10
278.0332557539448
 20
166.8210920389753
 30
0.0
  0
SPLINE
  5
1CC
330
70
100
AcDbEntity
  8
0
 62
     7
370
    25
100
AcDbSpline
210
0.0
220
0.0
230
1.0
 70
     8
 71
     3
 72
    20
 73
    16
 74
     0
 42
0.0000000001
 43
0.0000000001
 40
0.0
 40
0.0
 40
0.0
 40
0.0
 40
1.0
 40
1.0
 40
1.0
 40
2.0
 40
2.0
 40
2.0
 40
3.0
 40
3.0
 40
3.0
 40
4.0
 40
4.0
 40
4.0
 40
5.0
 40
5.0
 40
5.0
 40
5.0
 10
278.3732412371447
 20
166.8210920389753
 30
0.0
 10
278.3732412371447
 20
166.8289842437749
 30
0.0
 10
278.37212115478
 20
166.8369177321339
 30
0.0
 10
278.3699818168916
 20
166.8445432276009
 30
0.0
 10
278.3677646002804
 20
166.8524463154249
 30
0.0
 10
278.3644525691315
 20
166.8600185783605
 30
0.0
 10
278.3603033479989
 20
166.8670924213482
 30
0.0
 10
278.3512305856842
 20
166.8825602149492
 30
0.0
 10
278.3381549677251
 20
166.8956449137454
 30
0.0
 10
278.3234501824314
 20
166.9060905023277
 30
0.0
 10
278.3067366085245
 20
166.9179630399607
 30
0.0
 10
278.2879183502739
 20
166.9264261709397
 30
0.0
 10
278.2683115636398
 20
166.932149195037
 30
0.0
 10
278.2471882194591
 20
166.9383148870503
 30
0.0
 10
278.2251496461449
 20
166.9413001917751
 30
0.0
 10
278.2032484955445
 20
166.9413001917751
 30
0.0
  0
SPLINE
  5
1CD
330
70
100
AcDbEntity
  8
0
 62
     7
370
    25
100
AcDbSpline
210
0.0
220
0.0
230
1.0
 70
     8
 71
     3
 72
    20
 73
    16
 74
     0
 42
0.0000000001
 43
0.0000000001
 40
0.0
 40
0.0
 40
0.0
 40
0.0
 40
1.0
 40
1.0
 40
1.0
 40
2.0
 40
2.0
 40
2.0
 40
3.0
 40
3.0
 40
3.0
 40
4.0
 40
4.0
 40
4.0
 40
5.0
 40
5.0
 40
5.0
 40
5.0
 10
278.0332557539448
 20
166.8210920389753
 30
0.0
 10
278.0332557539448
 20
166.8131998341744
 30
0.0
 10
278.0343758363096
 20
166.8052663457666
 30
0.0
 10
278.0365151741981
 20
166.7976408502752
 30
0.0
 10
278.0387323908092
 20
166.7897377624242
 30
0.0
 10
278.0420444219582
 20
166.7821654994893
 30
0.0
 10
278.0461936430907
 20
166.7750916565073
 30
0.0
 10
278.0552664054054
 20
166.759623862918
 30
0.0
 10
278.0683420233645
 20
166.7465391641609
 30
0.0
 10
278.0830468086581
 20
166.7360935755843
 30
0.0
 10
278.0997603825651
 20
166.724221037959
 30
0.0
 10
278.1185786408157
 20
166.7157579069454
 30
0.0
 10
278.1381854274497
 20
166.7100348828546
 30
0.0
 10
278.1593087716304
 20
166.7038691908476
 30
0.0
 10
278.1813473449447
 20
166.7008838861748
 30
0.0
 10
278.2032484955445
 20
166.7008838861748
 30
0.0
  0
SPLINE
  5
1CE
330
70
100
AcDbEntity
  8
0
 62
     7
370
    25
100
AcDbSpline
210
0.0
220
0.0
230
1.0
 70
     8
 71
     3
 72
    20
 73
    16
 74
     0
 42
0.0000000001
 43
0.0000000001
 40
0.0
 40
0.0
 40
0.0
 40
0.0
 40
1.0
 40
1.0
 40
1.0
 40
2.0
 40
2.0
 40
2.0
 40
3.0
 40
3.0
 40
3.0
 40
4.0
 40
4.0
 40
4.0
 40
5.0
 40
5.0
 40
5.0
 40
5.0
 10
278.2032484955445
 20
166.7008838861748
 30
0.0
 10
278.2251496461449
 20
166.7008838861748
 30
0.0
 10
278.2471882194591
 20
166.7038691908476
 30
0.0
 10
278.2683115636398
 20
166.7100348828546
 30
0.0
 10
278.2879183502739
 20
166.7157579069454
 30
0.0
 10
278.3067366085245
 20
166.7242210379597
 30
0.0
 10
278.3234501824314
 20
166.7360935755843
 30
0.0
 10
278.3381549677251
 20
166.7465391641609
 30
0.0
 10
278.3512305856842
 20
166.759623862918
 30
0.0
 10
278.3603033479989
 20
166.7750916565073
 30
0.0
 10
278.3644525691315
 20
166.7821654994893
 30
0.0
 10
278.3677646002804
 20
166.7897377624242
 30
0.0
 10
278.3699818168916
 20
166.7976408502752
 30
0.0
 10
278.37212115478
 20
166.8052663457666
 30
0.0
 10
278.3732412371447
 20
166.8131998341744
 30
0.0
 10
278.3732412371447
 20
166.8210920389753
 30
0.0
  0
SPLINE
  5
1CF
330
70
100
AcDbEntity
  8
0
 62
     7
370
    25
100
AcDbSpline
210
0.0
220
0.0
230
1.0
 70
     8
 71
     3
 72
    59
 73
    55
 74
     0
 42
0.0000000001
 43
0.0000000001
 40
0.0
 40
0.0
 40
0.0
 40
0.0
 40
1.0
 40
1.0
 40
1.0
 40
2.0
 40
2.0
 40
2.0
 40
3.0
 40
3.0
 40
3.0
 40
4.0
 40
4.0
 40
4.0
 40
5.0
 40
5.0
 40
5.0
 40
6.0
 40
6.0
 40
6.0
 40
7.0
 40
7.0
 40
7.0
 40
8.0
 40
8.0
 40
8.0
 40
9.0
 40
9.0
 40
9.0
 40
10.0
 40
10.0
 40
10.0
 40
11.0
 40
11.0
 40
11.0
 40
12.0
 40
12.0
 40
12.0
 40
13.0
 40
13.0
 40
13.0
 40
14.0
 40
14.0
 40
14.0
 40
15.0
 40
15.0
 40
15.0
 40
16.0
 40
16.0
 40
16.0
 40
17.0
 40
17.0
 40
17.0
 40
18.0
 40
18.0
 40
18.0
 40
18.0
 10
284.2632484955449
 20
157.5730372470744
 30
0.0
 10
284.2707794564445
 20
157.5539488344748
 30
0.0
 10
284.2784394242258
 20
157.5349110033488
 30
0.0
 10
284.286266351855
 20
157.5159415020622
 30
0.0
 10
284.2940896866825
 20
157.4969807083626
 30
0.0
 10
284.302079828115
 20
157.4780881817858
 30
0.0
 10
284.3103161471611
 20
157.4593033989053
 30
0.0
 10
284.3144172587473
 20
157.4499498891297
 30
0.0
 10
284.3185794062415
 20
157.4406230927267
 30
0.0
 10
284.3228204894458
 20
157.4313322085523
 30
0.0
 10
284.3270358179085
 20
157.4220977449465
 30
0.0
 10
284.3313291262896
 20
157.4128987587277
 30
0.0
 10
284.3357258277842
 20
157.4037490340263
 30
0.0
 10
284.3400782361534
 20
157.3946914852235
 30
0.0
 10
284.3445319649289
 20
157.3856822104011
 30
0.0
 10
284.349128574084
 20
157.3767461706571
 30
0.0
 10
284.353649479515
 20
157.3679573027681
 30
0.0
 10
284.3583085977517
 20
157.359239277536
 30
0.0
 10
284.363175157705
 20
157.3506349909508
 30
0.0
 10
284.3679068509975
 20
157.3422691544052
 30
0.0
 10
284.3728346476857
 20
157.3340108397943
 30
0.0
 10
284.3781006974108
 20
157.3259716833261
 30
0.0
 10
284.3806465812796
 20
157.3220851346135
 30
0.0
 10
284.3832715237219
 20
157.3182498088864
 30
0.0
 10
284.3860083084745
 20
157.3144952771521
 30
0.0
 10
284.3886523019719
 20
157.3108680435967
 30
0.0
 10
284.3914006822761
 20
157.3073162182375
 30
0.0
 10
284.3943059128275
 20
157.3038915095217
 30
0.0
 10
284.39706988506
 20
157.3006333172282
 30
0.0
 10
284.3999758255821
 20
157.2974901807474
 30
0.0
 10
284.4030925414456
 20
157.2945703255013
 30
0.0
 10
284.405989358894
 20
157.2918564792627
 30
0.0
 10
284.409068258602
 20
157.289335518737
 30
0.0
 10
284.4124864580735
 20
157.2872555470883
 30
0.0
 10
284.4155932844397
 20
157.2853650457255
 30
0.0
 10
284.4189804105606
 20
157.2838388507577
 30
0.0
 10
284.4225542305067
 20
157.2832878323451
 30
0.0
 10
284.4242778118616
 20
157.2830220872667
 30
0.0
 10
284.4260448170527
 20
157.2829831622631
 30
0.0
 10
284.4277728977561
 20
157.2832339357964
 30
0.0
 10
284.4295795393987
 20
157.2834961098421
 30
0.0
 10
284.4313436369847
 20
157.2840749213477
 30
0.0
 10
284.4329698204644
 20
157.2848959160488
 30
0.0
 10
284.4368477249434
 20
157.286853714211
 30
0.0
 10
284.4399413626534
 20
157.2901887190821
 30
0.0
 10
284.4424529729947
 20
157.2938044455703
 30
0.0
 10
284.4456029619223
 20
157.2983391849814
 30
0.0
 10
284.4478374538269
 20
157.3033154840475
 30
0.0
 10
284.4497233312842
 20
157.3084136556437
 30
0.0
 10
284.4540130262446
 20
157.3200101678722
 30
0.0
 10
284.4564989923043
 20
157.332237247782
 30
0.0
 10
284.4583421835931
 20
157.3445174403031
 30
0.0
 10
284.4622120361411
 20
157.3703001871106
 30
0.0
 10
284.4632484955448
 20
157.3963170577748
 30
0.0
 10
284.4632484955448
 20
157.422294164675
 30
0.0
  0
SPLINE
  5
1D0
330
70
100
AcDbEntity
  8
0
 62
     7
370
    25
100
AcDbSpline
210
0.0
220
0.0
230
1.0
 70
     8
 71
     3
 72
    14
 73
    10
 74
     0
 42
0.0000000001
 43
0.0000000001
 40
0.0
 40
0.0
 40
0.0
 40
0.0
 40
1.0
 40
1.0
 40
1.0
 40
2.0
 40
2.0
 40
2.0
 40
3.0
 40
3.0
 40
3.0
 40
3.0
 10
284.014238996745
 20
158.1456703515743
 30
0.0
 10
284.0300944702449
 20
158.1088011016747
 30
0.0
 10
284.0465628904454
 20
158.0721976611371
 30
0.0
 10
284.0630960727342
 20
158.0356266110868
 30
0.0
 10
284.0832146419318
 20
157.9911247609158
 30
0.0
 10
284.1034291074887
 20
157.9466708729083
 30
0.0
 10
284.1234072258556
 20
157.9021034315085
 30
0.0
 10
284.1721616348914
 20
157.7933414736648
 30
0.0
 10
284.219508476945
 20
157.6839032479746
 30
0.0
 10
284.2632484955449
 20
157.5730372470744
 30
0.0
  0
SPLINE
  5
1D1
330
70
100
AcDbEntity
  8
0
 62
     7
370
    25
100
AcDbSpline
210
0.0
220
0.0
230
1.0
 70
     8
 71
     3
 72
    11
 73
     7
 74
     0
 42
0.0000000001
 43
0.0000000001
 40
0.0
 40
0.0
 40
0.0
 40
0.0
 40
1.0
 40
1.0
 40
1.0
 40
2.0
 40
2.0
 40
2.0
 40
2.0
 10
283.9732484955446
 20
158.2885914928749
 30
0.0
 10
283.975298390045
 20
158.2760540838746
 30
0.0
 10
283.9776876741653
 20
158.2635765529109
 30
0.0
 10
283.9804494609986
 20
158.2511663098758
 30
0.0
 10
283.9884768558755
 20
158.2150947636736
 30
0.0
 10
283.999651262645
 20
158.1795916855752
 30
0.0
 10
284.014238996745
 20
158.1456703515743
 30
0.0
  0
SPLINE
  5
1D2
330
70
100
AcDbEntity
  8
0
 62
     7
370
    25
100
AcDbSpline
210
0.0
220
0.0
230
1.0
 70
     8
 71
     3
 72
    11
 73
     7
 74
     0
 42
0.0000000001
 43
0.0000000001
 40
0.0
 40
0.0
 40
0.0
 40
0.0
 40
1.0
 40
1.0
 40
1.0
 40
2.0
 40
2.0
 40
2.0
 40
2.0
 10
284.014238996745
 20
169.9103701548747
 30
0.0
 10
284.009428431145
 20
169.899183989775
 30
0.0
 10
284.0049875217689
 20
169.8878399761272
 30
0.0
 10
284.0009117511371
 20
169.8763579363291
 30
0.0
 10
283.9883745935911
 20
169.8410389365864
 30
0.0
 10
283.9792923450446
 20
169.8044139461747
 30
0.0
 10
283.9732484955446
 20
169.7674490136749
 30
0.0
  0
SPLINE
  5
1D3
330
70
100
AcDbEntity
  8
0
 62
     7
370
    25
100
AcDbSpline
210
0.0
220
0.0
230
1.0
 70
     8
 71
     3
 72
    14
 73
    10
 74
     0
 42
0.0000000001
 43
0.0000000001
 40
0.0
 40
0.0
 40
0.0
 40
0.0
 40
1.0
 40
1.0
 40
1.0
 40
2.0
 40
2.0
 40
2.0
 40
3.0
 40
3.0
 40
3.0
 40
3.0
 10
284.2632484955449
 20
170.4830032594747
 30
0.0
 10
284.2195084735446
 20
170.3721372499751
 30
0.0
 10
284.172161628058
 20
170.2626990156463
 30
0.0
 10
284.1234072146952
 20
170.1539370496313
 30
0.0
 10
284.1034290968615
 20
170.1093696100302
 30
0.0
 10
284.0832146317435
 20
170.0649157238727
 30
0.0
 10
284.0630960633802
 20
170.0204138753623
 30
0.0
 10
284.046562884194
 20
169.9838428320217
 30
0.0
 10
284.030094467345
 20
169.9472393980749
 30
0.0
 10
284.014238996745
 20
169.9103701548747
 30
0.0
  0
SPLINE
  5
1D4
330
70
100
AcDbEntity
  8
0
 62
     7
370
    25
100
AcDbSpline
210
0.0
220
0.0
230
1.0
 70
     8
 71
     3
 72
    59
 73
    55
 74
     0
 42
0.0000000001
 43
0.0000000001
 40
0.0
 40
0.0
 40
0.0
 40
0.0
 40
1.0
 40
1.0
 40
1.0
 40
2.0
 40
2.0
 40
2.0
 40
3.0
 40
3.0
 40
3.0
 40
4.0
 40
4.0
 40
4.0
 40
5.0
 40
5.0
 40
5.0
 40
6.0
 40
6.0
 40
6.0
 40
7.0
 40
7.0
 40
7.0
 40
8.0
 40
8.0
 40
8.0
 40
9.0
 40
9.0
 40
9.0
 40
10.0
 40
10.0
 40
10.0
 40
11.0
 40
11.0
 40
11.0
 40
12.0
 40
12.0
 40
12.0
 40
13.0
 40
13.0
 40
13.0
 40
14.0
 40
14.0
 40
14.0
 40
15.0
 40
15.0
 40
15.0
 40
16.0
 40
16.0
 40
16.0
 40
17.0
 40
17.0
 40
17.0
 40
18.0
 40
18.0
 40
18.0
 40
18.0
 10
284.4632484955448
 20
170.6337463418748
 30
0.0
 10
284.4632484955448
 20
170.6597240343748
 30
0.0
 10
284.462211632771
 20
170.6857409170907
 30
0.0
 10
284.4583420561183
 20
170.7115248185862
 30
0.0
 10
284.4564989413533
 20
170.7238059267823
 30
0.0
 10
284.4540131676404
 20
170.7360341784352
 30
0.0
 10
284.4497221962367
 20
170.7476303594892
 30
0.0
 10
284.4478360297415
 20
170.752727650084
 30
0.0
 10
284.4456010655714
 20
170.7577028129167
 30
0.0
 10
284.4424514018992
 20
170.7622376767526
 30
0.0
 10
284.4399398200667
 20
170.7658538347956
 30
0.0
 10
284.4368466109841
 20
170.7691900212264
 30
0.0
 10
284.4329682681931
 20
170.7711462258325
 30
0.0
 10
284.4313422433491
 20
170.7719663795575
 30
0.0
 10
284.4295782100819
 20
170.7725439642615
 30
0.0
 10
284.4277718304848
 20
170.7728059493833
 30
0.0
 10
284.426043832798
 20
170.7730565665205
 30
0.0
 10
284.4242770840093
 20
170.7730183786667
 30
0.0
 10
284.4225537461542
 20
170.7727530256131
 30
0.0
 10
284.41898039716
 20
170.7722028148314
 30
0.0
 10
284.4155936900603
 20
170.7706759251327
 30
0.0
 10
284.4124871710223
 20
170.7687853448158
 30
0.0
 10
284.4090692188379
 20
170.7667052310141
 30
0.0
 10
284.405990449244
 20
170.7641848503225
 30
0.0
 10
284.403093773262
 20
170.7614714021478
 30
0.0
 10
284.39997700493
 20
170.7585517834564
 30
0.0
 10
284.3970710527681
 20
170.75540864376
 30
0.0
 10
284.3943070807082
 20
170.7521504869223
 30
0.0
 10
284.3914018015686
 20
170.7487257579853
 30
0.0
 10
284.3886533909922
 20
170.7451739508638
 30
0.0
 10
284.3860093624607
 20
170.7415467238711
 30
0.0
 10
284.3832725509813
 20
170.737792212014
 30
0.0
 10
284.3806475759304
 20
170.7339568942202
 30
0.0
 10
284.3781016714932
 20
170.7300703481046
 30
0.0
 10
284.3728355603082
 20
170.7220311681304
 30
0.0
 10
284.3679077561024
 20
170.7137728056044
 30
0.0
 10
284.3631760177229
 20
170.705406939497
 30
0.0
 10
284.3583094194864
 20
170.6968026368135
 30
0.0
 10
284.3536502225357
 20
170.6880846152757
 30
0.0
 10
284.3491292679911
 20
170.679295735134
 30
0.0
 10
284.3445325959084
 20
170.6703596576788
 30
0.0
 10
284.3400788356139
 20
170.6613503282439
 30
0.0
 10
284.3357263983374
 20
170.6522927238719
 30
0.0
 10
284.3313296630272
 20
170.6431429334355
 30
0.0
 10
284.3270363237122
 20
170.6339438804017
 30
0.0
 10
284.3228209630557
 20
170.6247093505026
 30
0.0
 10
284.318579848068
 20
170.6154184009602
 30
0.0
 10
284.3144176674916
 20
170.6060915397271
 30
0.0
 10
284.3103165204593
 20
170.5967379660568
 30
0.0
 10
284.3020801302231
 20
170.5779530548467
 30
0.0
 10
284.2940899080687
 20
170.5590604037104
 30
0.0
 10
284.286266516721
 20
170.5400994754677
 30
0.0
 10
284.2784395248827
 20
170.5211298210036
 30
0.0
 10
284.2707795174451
 20
170.5020918265749
 30
0.0
 10
284.2632484955449
 20
170.4830032594747
 30
0.0
  0
SPLINE
  5
1D5
330
70
100
AcDbEntity
  8
0
 62
     7
370
    25
100
AcDbSpline
210
0.0
220
0.0
230
1.0
 70
     8
 71
     3
 72
    11
 73
     7
 74
     0
 42
0.0000000001
 43
0.0000000001
 40
0.0
 40
0.0
 40
0.0
 40
0.0
 40
1.0
 40
1.0
 40
1.0
 40
2.0
 40
2.0
 40
2.0
 40
2.0
 10
283.9632484955446
 20
169.753575129575
 30
0.0
 10
283.9632484955446
 20
169.7644803736746
 30
0.0
 10
283.9634476173689
 20
169.7753836586644
 30
0.0
 10
283.9638626726846
 20
169.786285096263
 30
0.0
 10
283.9650616193459
 20
169.8177754584209
 30
0.0
 10
283.9680623709448
 20
169.8492504054752
 30
0.0
 10
283.9732484955446
 20
169.8803219301747
 30
0.0
  0
SPLINE
  5
1D6
330
70
100
AcDbEntity
  8
0
 62
     7
370
    25
100
AcDbSpline
210
0.0
220
0.0
230
1.0
 70
     8
 71
     3
 72
    11
 73
     7
 74
     0
 42
0.0000000001
 43
0.0000000001
 40
0.0
 40
0.0
 40
0.0
 40
0.0
 40
1.0
 40
1.0
 40
1.0
 40
2.0
 40
2.0
 40
2.0
 40
2.0
 10
283.9732484955446
 20
158.175718576375
 30
0.0
 10
283.9715492881447
 20
158.1858990034747
 30
0.0
 10
283.9700848857392
 20
158.1961182222464
 30
0.0
 10
283.9688416094912
 20
158.2063671484912
 30
0.0
 10
283.9649764858043
 20
158.2382292287413
 30
0.0
 10
283.9632484955446
 20
158.2703784248751
 30
0.0
 10
283.9632484955446
 20
158.3024653768746
 30
0.0
  0
SPLINE
  5
1D7
330
70
100
AcDbEntity
  8
0
 62
     7
370
    25
100
AcDbSpline
210
0.0
220
0.0
230
1.0
 70
     8
 71
     3
 72
    35
 73
    31
 74
     0
 42
0.0000000001
 43
0.0000000001
 40
0.0
 40
0.0
 40
0.0
 40
0.0
 40
1.0
 40
1.0
 40
1.0
 40
2.0
 40
2.0
 40
2.0
 40
3.0
 40
3.0
 40
3.0
 40
4.0
 40
4.0
 40
4.0
 40
5.0
 40
5.0
 40
5.0
 40
6.0
 40
6.0
 40
6.0
 40
7.0
 40
7.0
 40
7.0
 40
8.0
 40
8.0
 40
8.0
 40
9.0
 40
9.0
 40
9.0
 40
10.0
 40
10.0
 40
10.0
 40
10.0
 10
284.4632484955448
 20
123.4094342478745
 30
0.0
 10
284.4632484955448
 20
123.4088767568747
 30
0.0
 10
284.4627718475509
 20
123.4084257745893
 30
0.0
 10
284.4622851715855
 20
123.4080670707741
 30
0.0
 10
284.461359086982
 20
123.4073845014596
 30
0.0
 10
284.4603966916792
 20
123.4070360671065
 30
0.0
 10
284.4594053734735
 20
123.4067123977969
 30
0.0
 10
284.4578633893956
 20
123.4062089339047
 30
0.0
 10
284.4562514250671
 20
123.4057653901348
 30
0.0
 10
284.4546364736635
 20
123.4053843725915
 30
0.0
 10
284.4524387240008
 20
123.4048658547125
 30
0.0
 10
284.4502354423194
 20
123.4044631344823
 30
0.0
 10
284.4480241156487
 20
123.4040953511911
 30
0.0
 10
284.4419061021365
 20
123.4030778158019
 30
0.0
 10
284.4357265085065
 20
123.4023277041199
 30
0.0
 10
284.4295422571112
 20
123.4016833268796
 30
0.0
 10
284.4212598774445
 20
123.4008203320556
 30
0.0
 10
284.4129691434083
 20
123.4001469870685
 30
0.0
 10
284.4046698518211
 20
123.3995691927521
 30
0.0
 10
284.3945768928251
 20
123.3988665238213
 30
0.0
 10
284.3844712775964
 20
123.3983051700352
 30
0.0
 10
284.3743624986862
 20
123.3978341814662
 30
0.0
 10
284.3628402024745
 20
123.3972973342505
 30
0.0
 10
284.3513137959636
 20
123.3968778907856
 30
0.0
 10
284.3397847138994
 20
123.3965449522194
 30
0.0
 10
284.3272815460715
 20
123.3961838838575
 30
0.0
 10
284.3147752314786
 20
123.3959245554089
 30
0.0
 10
284.3022678145205
 20
123.3957510358111
 30
0.0
 10
284.2892621243063
 20
123.3955706035015
 30
0.0
 10
284.2762552421445
 20
123.3954829531752
 30
0.0
 10
284.2632484955449
 20
123.3954829531752
 30
0.0
  0
SPLINE
  5
1D8
330
70
100
AcDbEntity
  8
0
 62
     7
370
    25
100
AcDbSpline
210
0.0
220
0.0
230
1.0
 70
     8
 71
     3
 72
    41
 73
    37
 74
     0
 42
0.0000000001
 43
0.0000000001
 40
0.0
 40
0.0
 40
0.0
 40
0.0
 40
1.0
 40
1.0
 40
1.0
 40
2.0
 40
2.0
 40
2.0
 40
3.0
 40
3.0
 40
3.0
 40
4.0
 40
4.0
 40
4.0
 40
5.0
 40
5.0
 40
5.0
 40
6.0
 40
6.0
 40
6.0
 40
7.0
 40
7.0
 40
7.0
 40
8.0
 40
8.0
 40
8.0
 40
9.0
 40
9.0
 40
9.0
 40
10.0
 40
10.0
 40
10.0
 40
11.0
 40
11.0
 40
11.0
 40
12.0
 40
12.0
 40
12.0
 40
12.0
 10
284.4632484955448
 20
139.0384964840751
 30
0.0
 10
284.4632484955448
 20
139.0381025600749
 30
0.0
 10
284.4627422966165
 20
139.0379445903388
 30
0.0
 10
284.4622857556632
 20
139.0378111249855
 30
0.0
 10
284.4611435919725
 20
139.0374772244239
 30
0.0
 10
284.4603122320069
 20
139.0372966940627
 30
0.0
 10
284.4594076523348
 20
139.0371346695355
 30
0.0
 10
284.4579352458626
 20
139.036870938248
 30
0.0
 10
284.4562688447318
 20
139.0366562379288
 30
0.0
 10
284.4546413935873
 20
139.0364697402927
 30
0.0
 10
284.4523957405876
 20
139.036212399863
 30
0.0
 10
284.4502242487786
 20
139.0360087576431
 30
0.0
 10
284.4480323725609
 20
139.0358243743578
 30
0.0
 10
284.4452562332822
 20
139.0355908421547
 30
0.0
 10
284.4424473939426
 20
139.0353882045621
 30
0.0
 10
284.4396446860283
 20
139.0352049767087
 30
0.0
 10
284.4362776872419
 20
139.0349848581742
 30
0.0
 10
284.4329195374044
 20
139.0347927520153
 30
0.0
 10
284.4295579193946
 20
139.0346171313396
 30
0.0
 10
284.4256647578708
 20
139.0344137412882
 30
0.0
 10
284.4217669446791
 20
139.0342324623099
 30
0.0
 10
284.4178693568128
 20
139.0340665906065
 30
0.0
 10
284.4134767446229
 20
139.0338796518909
 30
0.0
 10
284.4090844186289
 20
139.0337122826762
 30
0.0
 10
284.4046914345995
 20
139.0335586952389
 30
0.0
 10
284.3945921644216
 20
139.0332056047163
 30
0.0
 10
284.3844894163992
 20
139.032925353528
 30
0.0
 10
284.3743859491541
 20
139.0326899235763
 30
0.0
 10
284.3628597082952
 20
139.0324213403003
 30
0.0
 10
284.3513325313886
 20
139.0322110905644
 30
0.0
 10
284.3398046587172
 20
139.0320442724242
 30
0.0
 10
284.3272968331632
 20
139.0318632735309
 30
0.0
 10
284.3147881885257
 20
139.0317334040806
 30
0.0
 10
284.302279275599
 20
139.0316465896154
 30
0.0
 10
284.2892691991807
 20
139.0315562969707
 30
0.0
 10
284.276258832545
 20
139.0315125783745
 30
0.0
 10
284.2632484955449
 20
139.0315123301743
 30
0.0
  0
SPLINE
  5
1D9
330
70
100
AcDbEntity
  8
0
 62
     7
370
    25
100
AcDbSpline
210
0.0
220
0.0
230
1.0
 70
     8
 71
     3
 72
    32
 73
    28
 74
     0
 42
0.0000000001
 43
0.0000000001
 40
0.0
 40
0.0
 40
0.0
 40
0.0
 40
1.0
 40
1.0
 40
1.0
 40
2.0
 40
2.0
 40
2.0
 40
3.0
 40
3.0
 40
3.0
 40
4.0
 40
4.0
 40
4.0
 40
5.0
 40
5.0
 40
5.0
 40
6.0
 40
6.0
 40
6.0
 40
7.0
 40
7.0
 40
7.0
 40
8.0
 40
8.0
 40
8.0
 40
9.0
 40
9.0
 40
9.0
 40
9.0
 10
284.4632484955448
 20
143.3515645570746
 30
0.0
 10
284.4632484955448
 20
143.3508142534747
 30
0.0
 10
284.4628078743343
 20
143.3501077628417
 30
0.0
 10
284.4622851716317
 20
143.3495302007319
 30
0.0
 10
284.4614688825469
 20
143.3486282393613
 30
0.0
 10
284.4604524120592
 20
143.3480407105392
 30
0.0
 10
284.459405373512
 20
143.3475144505157
 30
0.0
 10
284.457867777109
 20
143.346741627471
 30
0.0
 10
284.4562642591826
 20
143.3461009336044
 30
0.0
 10
284.4546364737104
 20
143.3455383521883
 30
0.0
 10
284.4524654257979
 20
143.3447880130126
 30
0.0
 10
284.4502512090508
 20
143.344176625817
 30
0.0
 10
284.4480241156738
 20
143.3436202913706
 30
0.0
 10
284.441934035381
 20
143.3420989714848
 30
0.0
 10
284.4357476672554
 20
143.3409893206348
 30
0.0
 10
284.4295422571176
 20
143.3400312048133
 30
0.0
 10
284.4212790156031
 20
143.3387553596618
 30
0.0
 10
284.4129820086231
 20
143.3377482177757
 30
0.0
 10
284.4046698517678
 20
143.3368853782582
 30
0.0
 10
284.3945850407467
 20
143.3358385292117
 30
0.0
 10
284.3844779290964
 20
143.3350040933799
 30
0.0
 10
284.3743624986663
 20
143.3343036855745
 30
0.0
 10
284.3628457233893
 20
143.3335062465183
 30
0.0
 10
284.3513181647867
 20
143.332882543005
 30
0.0
 10
284.3397847138628
 20
143.3323853154662
 30
0.0
 10
284.3142897559081
 20
143.3312861825794
 30
0.0
 10
284.2887660056446
 20
143.3308050633748
 30
0.0
 10
284.2632484955449
 20
143.3308050633748
 30
0.0
  0
SPLINE
  5
1DA
330
70
100
AcDbEntity
  8
0
 62
     7
370
    25
100
AcDbSpline
210
0.0
220
0.0
230
1.0
 70
     8
 71
     3
 72
    41
 73
    37
 74
     0
 42
0.0000000001
 43
0.0000000001
 40
0.0
 40
0.0
 40
0.0
 40
0.0
 40
1.0
 40
1.0
 40
1.0
 40
2.0
 40
2.0
 40
2.0
 40
3.0
 40
3.0
 40
3.0
 40
4.0
 40
4.0
 40
4.0
 40
5.0
 40
5.0
 40
5.0
 40
6.0
 40
6.0
 40
6.0
 40
7.0
 40
7.0
 40
7.0
 40
8.0
 40
8.0
 40
8.0
 40
9.0
 40
9.0
 40
9.0
 40
10.0
 40
10.0
 40
10.0
 40
11.0
 40
11.0
 40
11.0
 40
12.0
 40
12.0
 40
12.0
 40
12.0
 10
284.4632484955448
 20
156.3044784520747
 30
0.0
 10
284.4632484955448
 20
156.3040698532748
 30
0.0
 10
284.4627443228203
 20
156.3038787606276
 30
0.0
 10
284.4622851740182
 20
156.303720435772
 30
0.0
 10
284.461170396514
 20
156.3033360353627
 30
0.0
 10
284.4603210262709
 20
156.3031447947115
 30
0.0
 10
284.4594053697926
 20
156.3029693515419
 30
0.0
 10
284.4579207543327
 20
156.302684893727
 30
0.0
 10
284.4562618835056
 20
156.3024419648381
 30
0.0
 10
284.4546364639328
 20
156.3022330415762
 30
0.0
 10
284.4523961549962
 20
156.301945083526
 30
0.0
 10
284.4502193933834
 20
156.3017217259418
 30
0.0
 10
284.4480241272847
 20
156.3015183589344
 30
0.0
 10
284.4452451094596
 20
156.3012609138173
 30
0.0
 10
284.4424364374924
 20
156.30103550436
 30
0.0
 10
284.4396327397977
 20
156.3008321329165
 30
0.0
 10
284.4362655719204
 20
156.3005878891111
 30
0.0
 10
284.4329055786272
 20
156.3003754315802
 30
0.0
 10
284.4295422445968
 20
156.300181037342
 30
0.0
 10
284.4256479393728
 20
156.2999559539897
 30
0.0
 10
284.4217491553417
 20
156.2997550874454
 30
0.0
 10
284.417850347252
 20
156.2995713345743
 30
0.0
 10
284.4134571169456
 20
156.2993642793253
 30
0.0
 10
284.409063856091
 20
156.2991789534625
 30
0.0
 10
284.4046698517832
 20
156.2990088789262
 30
0.0
 10
284.394570344529
 20
156.2986179669265
 30
0.0
 10
284.3844669096216
 20
156.2983076274649
 30
0.0
 10
284.3743625089238
 20
156.2980469211665
 30
0.0
 10
284.3628376866902
 20
156.2977495661994
 30
0.0
 10
284.3513116080483
 20
156.2975167795261
 30
0.0
 10
284.3397847045909
 20
156.29733212102
 30
0.0
 10
284.327279836093
 20
156.2971317957257
 30
0.0
 10
284.3147739968836
 20
156.2969881116098
 30
0.0
 10
284.3022678196856
 20
156.2968919432209
 30
0.0
 10
284.2892616082437
 20
156.2967919297334
 30
0.0
 10
284.276255031245
 20
156.2967433075748
 30
0.0
 10
284.2632484955449
 20
156.2967433075748
 30
0.0
  0
SPLINE
  5
1DB
330
70
100
AcDbEntity
  8
0
 62
     7
370
    25
100
AcDbSpline
210
0.0
220
0.0
230
1.0
 70
     8
 71
     3
 72
    41
 73
    37
 74
     0
 42
0.0000000001
 43
0.0000000001
 40
0.0
 40
0.0
 40
0.0
 40
0.0
 40
1.0
 40
1.0
 40
1.0
 40
2.0
 40
2.0
 40
2.0
 40
3.0
 40
3.0
 40
3.0
 40
4.0
 40
4.0
 40
4.0
 40
5.0
 40
5.0
 40
5.0
 40
6.0
 40
6.0
 40
6.0
 40
7.0
 40
7.0
 40
7.0
 40
8.0
 40
8.0
 40
8.0
 40
9.0
 40
9.0
 40
9.0
 40
10.0
 40
10.0
 40
10.0
 40
11.0
 40
11.0
 40
11.0
 40
12.0
 40
12.0
 40
12.0
 40
12.0
 10
284.4632484955448
 20
171.751562054375
 30
0.0
 10
284.4632484955448
 20
171.7519706884747
 30
0.0
 10
284.4627441990943
 20
171.7521616970029
 30
0.0
 10
284.4622849701947
 20
171.7523199827533
 30
0.0
 10
284.4611701947567
 20
171.7527042204759
 30
0.0
 10
284.4603209901143
 20
171.7528956317863
 30
0.0
 10
284.4594054643323
 20
171.7530711501758
 30
0.0
 10
284.4579208204265
 20
171.7533557760292
 30
0.0
 10
284.4562617729312
 20
171.7535986085331
 30
0.0
 10
284.4546362123893
 20
171.7538074939372
 30
0.0
 10
284.4523959660376
 20
171.7540953667987
 30
0.0
 10
284.45021932024
 20
171.7543187651661
 30
0.0
 10
284.4480241578789
 20
171.7545221422886
 30
0.0
 10
284.445245088467
 20
171.7547796171581
 30
0.0
 10
284.4424363416526
 20
171.7550050029983
 30
0.0
 10
284.4396325751133
 20
171.7552083663179
 30
0.0
 10
284.4362654022475
 20
171.7554525947302
 30
0.0
 10
284.4329054122911
 20
171.7556650606802
 30
0.0
 10
284.4295420799202
 20
171.7558594662585
 30
0.0
 10
284.425647902615
 20
171.7560845554579
 30
0.0
 10
284.4217492445449
 20
171.7562854333321
 30
0.0
 10
284.4178505620466
 20
171.7564691784021
 30
0.0
 10
284.4134571335187
 20
171.7566762408734
 30
0.0
 10
284.4090636739698
 20
171.7568615463019
 30
0.0
 10
284.4046694713712
 20
171.7570316128196
 30
0.0
 10
284.3945700643594
 20
171.7574224848702
 30
0.0
 10
284.3844667322592
 20
171.7577328588373
 30
0.0
 10
284.374362433657
 20
171.7579935789393
 30
0.0
 10
284.3628375914621
 20
171.7582909531702
 30
0.0
 10
284.3513114919046
 20
171.7585237306473
 30
0.0
 10
284.339784567721
 20
171.7587083866489
 30
0.0
 10
284.3272797037728
 20
171.7589087087937
 30
0.0
 10
284.3147738693408
 20
171.7590523978822
 30
0.0
 10
284.302267696865
 20
171.7591485668967
 30
0.0
 10
284.2892615264116
 20
171.7592485807583
 30
0.0
 10
284.276254990345
 20
171.7592971988749
 30
0.0
 10
284.2632484955449
 20
171.7592971988749
 30
0.0
  0
SPLINE
  5
1DC
330
70
100
AcDbEntity
  8
0
 62
     7
370
    25
100
AcDbSpline
210
0.0
220
0.0
230
1.0
 70
     8
 71
     3
 72
    32
 73
    28
 74
     0
 42
0.0000000001
 43
0.0000000001
 40
0.0
 40
0.0
 40
0.0
 40
0.0
 40
1.0
 40
1.0
 40
1.0
 40
2.0
 40
2.0
 40
2.0
 40
3.0
 40
3.0
 40
3.0
 40
4.0
 40
4.0
 40
4.0
 40
5.0
 40
5.0
 40
5.0
 40
6.0
 40
6.0
 40
6.0
 40
7.0
 40
7.0
 40
7.0
 40
8.0
 40
8.0
 40
8.0
 40
9.0
 40
9.0
 40
9.0
 40
9.0
 10
284.4632484955448
 20
184.7040303542743
 30
0.0
 10
284.4632484955448
 20
184.7047790681753
 30
0.0
 10
284.462807438828
 20
184.7054835278192
 30
0.0
 10
284.4622849701908
 20
184.706059337234
 30
0.0
 10
284.461468018684
 20
184.7069596943763
 30
0.0
 10
284.4604520181298
 20
184.7075455065989
 30
0.0
 10
284.4594054643669
 20
184.7080702210383
 30
0.0
 10
284.4578677159808
 20
184.7088412074986
 30
0.0
 10
284.4562640040008
 20
184.7094802854143
 30
0.0
 10
284.4546362124079
 20
184.7100414217235
 30
0.0
 10
284.4524650307725
 20
184.7107898767804
 30
0.0
 10
284.4502510096557
 20
184.7113996677304
 30
0.0
 10
284.448024157845
 20
184.7119545435499
 30
0.0
 10
284.4419337524848
 20
184.7134721203577
 30
0.0
 10
284.4357473717318
 20
184.7145789242611
 30
0.0
 10
284.4295420799426
 20
184.7155345751344
 30
0.0
 10
284.4212785968451
 20
184.716807199388
 30
0.0
 10
284.412981577289
 20
184.7178117718386
 30
0.0
 10
284.4046694713674
 20
184.7186724249771
 30
0.0
 10
284.3945846879701
 20
184.7197166249147
 30
0.0
 10
284.3844776972787
 20
184.7205489740619
 30
0.0
 10
284.3743624336615
 20
184.7212476192953
 30
0.0
 10
284.3628455824908
 20
184.7220430699616
 30
0.0
 10
284.3513180069396
 20
184.7226651972208
 30
0.0
 10
284.3397845676863
 20
184.7231611677688
 30
0.0
 10
284.3142895749137
 20
184.7242575246539
 30
0.0
 10
284.2887659295449
 20
184.724737424975
 30
0.0
 10
284.2632484955449
 20
184.724737424975
 30
0.0
  0
SPLINE
  5
1DD
330
70
100
AcDbEntity
  8
0
 62
     7
370
    25
100
AcDbSpline
210
0.0
220
0.0
230
1.0
 70
     8
 71
     3
 72
    41
 73
    37
 74
     0
 42
0.0000000001
 43
0.0000000001
 40
0.0
 40
0.0
 40
0.0
 40
0.0
 40
1.0
 40
1.0
 40
1.0
 40
2.0
 40
2.0
 40
2.0
 40
3.0
 40
3.0
 40
3.0
 40
4.0
 40
4.0
 40
4.0
 40
5.0
 40
5.0
 40
5.0
 40
6.0
 40
6.0
 40
6.0
 40
7.0
 40
7.0
 40
7.0
 40
8.0
 40
8.0
 40
8.0
 40
9.0
 40
9.0
 40
9.0
 40
10.0
 40
10.0
 40
10.0
 40
11.0
 40
11.0
 40
11.0
 40
12.0
 40
12.0
 40
12.0
 40
12.0
 10
284.4632484955448
 20
189.0175440223746
 30
0.0
 10
284.4632484955448
 20
189.0179375035748
 30
0.0
 10
284.4627421881963
 20
189.0180942160794
 30
0.0
 10
284.462285758058
 20
189.0182270917722
 30
0.0
 10
284.4611423156042
 20
189.0185599701144
 30
0.0
 10
284.4603119004109
 20
189.018743249631
 30
0.0
 10
284.4594076486059
 20
189.0189065781907
 30
0.0
 10
284.4579361459013
 20
189.0191723652382
 30
0.0
 10
284.4562691124237
 20
189.0193853190617
 30
0.0
 10
284.4546413838233
 20
189.019570961014
 30
0.0
 10
284.4523953359194
 20
189.0198271220945
 30
0.0
 10
284.4502241257233
 20
189.0200312805228
 30
0.0
 10
284.4480323842938
 20
189.0202159271627
 30
0.0
 10
284.445256385929
 20
189.0204497954299
 30
0.0
 10
284.4424474512623
 20
189.020652362795
 30
0.0
 10
284.4396447013463
 20
189.0208355630394
 30
0.0
 10
284.4362776485096
 20
189.0210556486413
 30
0.0
 10
284.4329195215987
 20
189.0212477833159
 30
0.0
 10
284.4295579068886
 20
189.021423405343
 30
0.0
 10
284.4256647580486
 20
189.0216267964956
 30
0.0
 10
284.4217669312373
 20
189.0218080402414
 30
0.0
 10
284.4178693368983
 20
189.0219739010571
 30
0.0
 10
284.4134767259033
 20
189.022160827139
 30
0.0
 10
284.4090844101816
 20
189.0223282147171
 30
0.0
 10
284.4046914347933
 20
189.0224818111755
 30
0.0
 10
284.3945921729101
 20
189.0228349228408
 30
0.0
 10
284.384489424552
 20
189.0231151456294
 30
0.0
 10
284.3743859592923
 20
189.0233505795654
 30
0.0
 10
284.3628597102293
 20
189.0236191676317
 30
0.0
 10
284.3513325281384
 20
189.0238294641975
 30
0.0
 10
284.3398046492156
 20
189.0239962470128
 30
0.0
 10
284.3272968291557
 20
189.0241772074022
 30
0.0
 10
284.3147881887593
 20
189.02430694173
 30
0.0
 10
284.3022792806729
 20
189.0243938704772
 30
0.0
 10
284.2892692022435
 20
189.024484282032
 30
0.0
 10
284.2762588342448
 20
189.0245283892745
 30
0.0
 10
284.2632484955449
 20
189.0245281762747
 30
0.0
  0
SPLINE
  5
1DE
330
70
100
AcDbEntity
  8
0
 62
     7
370
    25
100
AcDbSpline
210
0.0
220
0.0
230
1.0
 70
     8
 71
     3
 72
    35
 73
    31
 74
     0
 42
0.0000000001
 43
0.0000000001
 40
0.0
 40
0.0
 40
0.0
 40
0.0
 40
1.0
 40
1.0
 40
1.0
 40
2.0
 40
2.0
 40
2.0
 40
3.0
 40
3.0
 40
3.0
 40
4.0
 40
4.0
 40
4.0
 40
5.0
 40
5.0
 40
5.0
 40
6.0
 40
6.0
 40
6.0
 40
7.0
 40
7.0
 40
7.0
 40
8.0
 40
8.0
 40
8.0
 40
9.0
 40
9.0
 40
9.0
 40
10.0
 40
10.0
 40
10.0
 40
10.0
 10
284.4632484955448
 20
204.6466062585749
 30
0.0
 10
284.4632484955448
 20
204.6471637490748
 30
0.0
 10
284.4627718490018
 20
204.6476147315424
 30
0.0
 10
284.4622851739887
 20
204.6479734353072
 30
0.0
 10
284.4613590885278
 20
204.6486560064939
 30
0.0
 10
284.4603966903502
 20
204.6490044399554
 30
0.0
 10
284.4594053697702
 20
204.6493281090663
 30
0.0
 10
284.457863382926
 20
204.6498315723464
 30
0.0
 10
284.4562514171254
 20
204.6502751172508
 30
0.0
 10
284.4546364639951
 20
204.6506561356709
 30
0.0
 10
284.4524387217452
 20
204.6511746524404
 30
0.0
 10
284.4502354470531
 20
204.6515773721115
 30
0.0
 10
284.4480241274265
 20
204.6519451546775
 30
0.0
 10
284.4419061059296
 20
204.6529626926313
 30
0.0
 10
284.4357265041751
 20
204.6537128032082
 30
0.0
 10
284.4295422447207
 20
204.6543571803577
 30
0.0
 10
284.4212598690871
 20
204.6552201735166
 30
0.0
 10
284.4129691392327
 20
204.6558935193366
 30
0.0
 10
284.4046698517967
 20
204.6564713137341
 30
0.0
 10
284.3945768962345
 20
204.6571739828754
 30
0.0
 10
284.3844712843882
 20
204.657735335714
 30
0.0
 10
284.3743625088892
 20
204.6582063241326
 30
0.0
 10
284.3628402061129
 20
204.6587431716631
 30
0.0
 10
284.3513137930663
 20
204.6591626162657
 30
0.0
 10
284.3397847044343
 20
204.6594955551225
 30
0.0
 10
284.3272815414718
 20
204.6598566234524
 30
0.0
 10
284.3147752317128
 20
204.6601159510681
 30
0.0
 10
284.3022678196137
 20
204.6602894704441
 30
0.0
 10
284.28926212769
 20
204.6604699026173
 30
0.0
 10
284.276255243845
 20
204.6605575533749
 30
0.0
 10
284.2632484955449
 20
204.6605575533749
 30
0.0
  0
SPLINE
  5
1DF
330
70
100
AcDbEntity
  8
0
 62
     7
370
    25
100
AcDbSpline
210
0.0
220
0.0
230
1.0
 70
     8
 71
     3
 72
    35
 73
    31
 74
     0
 42
0.0000000001
 43
0.0000000001
 40
0.0
 40
0.0
 40
0.0
 40
0.0
 40
1.0
 40
1.0
 40
1.0
 40
2.0
 40
2.0
 40
2.0
 40
3.0
 40
3.0
 40
3.0
 40
4.0
 40
4.0
 40
4.0
 40
5.0
 40
5.0
 40
5.0
 40
6.0
 40
6.0
 40
6.0
 40
7.0
 40
7.0
 40
7.0
 40
8.0
 40
8.0
 40
8.0
 40
9.0
 40
9.0
 40
9.0
 40
10.0
 40
10.0
 40
10.0
 40
10.0
 10
267.0632484955449
 20
123.4094342478745
 30
0.0
 10
267.0632484955449
 20
123.4088767541744
 30
0.0
 10
267.0637251499572
 20
123.4084257725551
 30
0.0
 10
267.0642118302739
 20
123.4080670684756
 30
0.0
 10
267.0651379143442
 20
123.4073845051532
 30
0.0
 10
267.0661003009385
 20
123.4070360670628
 30
0.0
 10
267.067091612468
 20
123.4067123966662
 30
0.0
 10
267.0686335862832
 20
123.4062089310433
 30
0.0
 10
267.0702455452786
 20
123.4057653919663
 30
0.0
 10
267.0718604902882
 20
123.4053843775865
 30
0.0
 10
267.0740582527913
 20
123.4048658589304
 30
0.0
 10
267.0762615454567
 20
123.4044631373628
 30
0.0
 10
267.078472883341
 20
123.4040953525617
 30
0.0
 10
267.0845908931777
 20
123.4030778187678
 30
0.0
 10
267.0907704841939
 20
123.4023277043304
 30
0.0
 10
267.0969547328107
 20
123.4016833261808
 30
0.0
 10
267.1052371130485
 20
123.4008203296896
 30
0.0
 10
267.1135278473684
 20
123.4001469865435
 30
0.0
 10
267.121827139295
 20
123.399569192781
 30
0.0
 10
267.1319200951698
 20
123.3988665247704
 30
0.0
 10
267.1420257073517
 20
123.3983051699024
 30
0.0
 10
267.1521344832119
 20
123.3978341813917
 30
0.0
 10
267.1636567891672
 20
123.3972973336267
 30
0.0
 10
267.1751832054281
 20
123.3968778913618
 30
0.0
 10
267.186712297223
 20
123.3965449527424
 30
0.0
 10
267.1992154530229
 20
123.3961838849747
 30
0.0
 10
267.2117217555538
 20
123.3959245552773
 30
0.0
 10
267.2242291604486
 20
123.3957510354454
 30
0.0
 10
267.2372348560222
 20
123.3955706026436
 30
0.0
 10
267.2502417435447
 20
123.3954829531752
 30
0.0
 10
267.2632484955449
 20
123.3954829531752
 30
0.0
  0
SPLINE
  5
1E0
330
70
100
AcDbEntity
  8
0
 62
     7
370
    25
100
AcDbSpline
210
0.0
220
0.0
230
1.0
 70
     8
 71
     3
 72
    41
 73
    37
 74
     0
 42
0.0000000001
 43
0.0000000001
 40
0.0
 40
0.0
 40
0.0
 40
0.0
 40
1.0
 40
1.0
 40
1.0
 40
2.0
 40
2.0
 40
2.0
 40
3.0
 40
3.0
 40
3.0
 40
4.0
 40
4.0
 40
4.0
 40
5.0
 40
5.0
 40
5.0
 40
6.0
 40
6.0
 40
6.0
 40
7.0
 40
7.0
 40
7.0
 40
8.0
 40
8.0
 40
8.0
 40
9.0
 40
9.0
 40
9.0
 40
10.0
 40
10.0
 40
10.0
 40
11.0
 40
11.0
 40
11.0
 40
12.0
 40
12.0
 40
12.0
 40
12.0
 10
267.0632484955449
 20
139.0384964840751
 30
0.0
 10
267.0632484955449
 20
139.0381029973748
 30
0.0
 10
267.0637548101203
 20
139.0379462817882
 30
0.0
 10
267.06421124622
 20
139.0378134046136
 30
0.0
 10
267.0653546779786
 20
139.0374805300197
 30
0.0
 10
267.0661850885697
 20
139.0372972575771
 30
0.0
 10
267.0670893338005
 20
139.037133932738
 30
0.0
 10
267.0685608296176
 20
139.0368681510577
 30
0.0
 10
267.0702278519997
 20
139.0366551939897
 30
0.0
 10
267.0718555708103
 20
139.0364695509338
 30
0.0
 10
267.0741016375006
 20
139.0362133846477
 30
0.0
 10
267.0762728668168
 20
139.0360092265865
 30
0.0
 10
267.0784646273766
 20
139.0358245790945
 30
0.0
 10
267.0812406330465
 20
139.0355907111756
 30
0.0
 10
267.0840495746325
 20
139.0353881418232
 30
0.0
 10
267.0868523315592
 20
139.035204940531
 30
0.0
 10
267.0902193662576
 20
139.0349848554058
 30
0.0
 10
267.0935774753011
 20
139.034792722125
 30
0.0
 10
267.0969390720776
 20
139.0346171013761
 30
0.0
 10
267.1008322142458
 20
139.0344137109666
 30
0.0
 10
267.1047300343314
 20
139.0342324679678
 30
0.0
 10
267.1086276219327
 20
139.0340666073446
 30
0.0
 10
267.1130202447336
 20
139.0338796806518
 30
0.0
 10
267.117412572244
 20
139.0337122919308
 30
0.0
 10
267.1218055594311
 20
139.0335586952427
 30
0.0
 10
267.1319048213973
 20
139.0332055839951
 30
0.0
 10
267.1420075698727
 20
139.0329253660616
 30
0.0
 10
267.1521110351966
 20
139.0326899272565
 30
0.0
 10
267.1636372872654
 20
139.0324213335676
 30
0.0
 10
267.1751644722946
 20
139.0322110187518
 30
0.0
 10
267.1866923542949
 20
139.0320442539041
 30
0.0
 10
267.1992001666628
 20
139.0318633131712
 30
0.0
 10
267.2117087995302
 20
139.0317336410447
 30
0.0
 10
267.2242176999508
 20
139.0316466572351
 30
0.0
 10
267.2372277819371
 20
139.0315561883324
 30
0.0
 10
267.2502381533444
 20
139.0315118969748
 30
0.0
 10
267.2632484955449
 20
139.0315123301743
 30
0.0
  0
SPLINE
  5
1E1
330
70
100
AcDbEntity
  8
0
 62
     7
370
    25
100
AcDbSpline
210
0.0
220
0.0
230
1.0
 70
     8
 71
     3
 72
    32
 73
    28
 74
     0
 42
0.0000000001
 43
0.0000000001
 40
0.0
 40
0.0
 40
0.0
 40
0.0
 40
1.0
 40
1.0
 40
1.0
 40
2.0
 40
2.0
 40
2.0
 40
3.0
 40
3.0
 40
3.0
 40
4.0
 40
4.0
 40
4.0
 40
5.0
 40
5.0
 40
5.0
 40
6.0
 40
6.0
 40
6.0
 40
7.0
 40
7.0
 40
7.0
 40
8.0
 40
8.0
 40
8.0
 40
9.0
 40
9.0
 40
9.0
 40
9.0
 10
267.0632484955449
 20
143.3515645570746
 30
0.0
 10
267.0632484955449
 20
143.3508142509746
 30
0.0
 10
267.0636891235145
 20
143.3501077605368
 30
0.0
 10
267.0642118302315
 20
143.3495301973213
 30
0.0
 10
267.0650281195192
 20
143.3486282409257
 30
0.0
 10
267.0660445805406
 20
143.3480407092314
 30
0.0
 10
267.0670916123801
 20
143.3475144488473
 30
0.0
 10
267.0686291979948
 20
143.3467416257436
 30
0.0
 10
267.0702327110006
 20
143.3461009370734
 30
0.0
 10
267.0718604901842
 20
143.3455383596263
 30
0.0
 10
267.0740315507952
 20
143.3447880184568
 30
0.0
 10
267.0762457786482
 20
143.344176629784
 30
0.0
 10
267.0784728832608
 20
143.3436202934266
 30
0.0
 10
267.0845629605036
 20
143.3420989767493
 30
0.0
 10
267.0907493254816
 20
143.3409893212939
 30
0.0
 10
267.0969547327035
 20
143.3400312038713
 30
0.0
 10
267.1052179743913
 20
143.338755355963
 30
0.0
 10
267.1135149819893
 20
143.3377482169133
 30
0.0
 10
267.1218271393117
 20
143.3368853782948
 30
0.0
 10
267.1319119474221
 20
143.3358385307018
 30
0.0
 10
267.1420190559249
 20
143.3350040933247
 30
0.0
 10
267.1521344832973
 20
143.334303685475
 30
0.0
 10
267.1636512682562
 20
143.3335062454576
 30
0.0
 10
267.1751788366807
 20
143.3328825433259
 30
0.0
 10
267.1867122973834
 20
143.3323853163068
 30
0.0
 10
267.2122072487485
 20
143.3312861857873
 30
0.0
 10
267.2377309921445
 20
143.3308050633748
 30
0.0
 10
267.2632484955449
 20
143.3308050633748
 30
0.0
  0
SPLINE
  5
1E2
330
70
100
AcDbEntity
  8
0
 62
     7
370
    25
100
AcDbSpline
210
0.0
220
0.0
230
1.0
 70
     8
 71
     3
 72
    41
 73
    37
 74
     0
 42
0.0000000001
 43
0.0000000001
 40
0.0
 40
0.0
 40
0.0
 40
0.0
 40
1.0
 40
1.0
 40
1.0
 40
2.0
 40
2.0
 40
2.0
 40
3.0
 40
3.0
 40
3.0
 40
4.0
 40
4.0
 40
4.0
 40
5.0
 40
5.0
 40
5.0
 40
6.0
 40
6.0
 40
6.0
 40
7.0
 40
7.0
 40
7.0
 40
8.0
 40
8.0
 40
8.0
 40
9.0
 40
9.0
 40
9.0
 40
10.0
 40
10.0
 40
10.0
 40
11.0
 40
11.0
 40
11.0
 40
12.0
 40
12.0
 40
12.0
 40
12.0
 10
267.0632484955449
 20
156.3044784520747
 30
0.0
 10
267.0632484955449
 20
156.3040698494746
 30
0.0
 10
267.0637526759269
 20
156.3038787585081
 30
0.0
 10
267.0642118302323
 20
156.3037204342614
 30
0.0
 10
267.0653266027447
 20
156.3033360416597
 30
0.0
 10
267.066175964029
 20
156.3031447961386
 30
0.0
 10
267.0670916124173
 20
156.3029693511075
 30
0.0
 10
267.0685762168239
 20
156.3026848898775
 30
0.0
 10
267.0702350793674
 20
156.3024419655953
 30
0.0
 10
267.0718604903094
 20
156.3022330452788
 30
0.0
 10
267.0741008195236
 20
156.3019450871522
 30
0.0
 10
267.0762775989314
 20
156.301721728189
 30
0.0
 10
267.0784728833841
 20
156.3015183592893
 30
0.0
 10
267.0812519077519
 20
156.3012609133231
 30
0.0
 10
267.0840605868009
 20
156.3010355018098
 30
0.0
 10
267.0868642914946
 20
156.3008321293114
 30
0.0
 10
267.0902314414133
 20
156.3005878861516
 30
0.0
 10
267.0935914167395
 20
156.3003754302121
 30
0.0
 10
267.0969547327914
 20
156.3001810373972
 30
0.0
 10
267.1008490310389
 20
156.2999559548945
 30
0.0
 10
267.1047478081095
 20
156.2997550891466
 30
0.0
 10
267.1086466092317
 20
156.299571336647
 30
0.0
 10
267.1130398510681
 20
156.2993642809026
 30
0.0
 10
267.1174331234431
 20
156.2991789541966
 30
0.0
 10
267.1218271392732
 20
156.2990088789615
 30
0.0
 10
267.1319266468849
 20
156.2986179663644
 30
0.0
 10
267.1420300821426
 20
156.2983076266455
 30
0.0
 10
267.1521344831863
 20
156.2980469206326
 30
0.0
 10
267.16365930864
 20
156.2977495659183
 30
0.0
 10
267.1751853904961
 20
156.2975167802345
 30
0.0
 10
267.1867122971832
 20
156.2973321217541
 30
0.0
 10
267.1992171584427
 20
156.29713179666
 30
0.0
 10
267.2117229904285
 20
156.2969881115115
 30
0.0
 10
267.2242291603908
 20
156.2968919428987
 30
0.0
 10
267.2372353754961
 20
156.2967919290917
 30
0.0
 10
267.2502419561447
 20
156.2967433075748
 30
0.0
 10
267.2632484955449
 20
156.2967433075748
 30
0.0
  0
SPLINE
  5
1E3
330
70
100
AcDbEntity
  8
0
 62
     7
370
    25
100
AcDbSpline
210
0.0
220
0.0
230
1.0
 70
     8
 71
     3
 72
    41
 73
    37
 74
     0
 42
0.0000000001
 43
0.0000000001
 40
0.0
 40
0.0
 40
0.0
 40
0.0
 40
1.0
 40
1.0
 40
1.0
 40
2.0
 40
2.0
 40
2.0
 40
3.0
 40
3.0
 40
3.0
 40
4.0
 40
4.0
 40
4.0
 40
5.0
 40
5.0
 40
5.0
 40
6.0
 40
6.0
 40
6.0
 40
7.0
 40
7.0
 40
7.0
 40
8.0
 40
8.0
 40
8.0
 40
9.0
 40
9.0
 40
9.0
 40
10.0
 40
10.0
 40
10.0
 40
11.0
 40
11.0
 40
11.0
 40
12.0
 40
12.0
 40
12.0
 40
12.0
 10
267.0632484955449
 20
171.751562054375
 30
0.0
 10
267.0632484955449
 20
171.751970656975
 30
0.0
 10
267.063752675932
 20
171.7521617479724
 30
0.0
 10
267.0642118302412
 20
171.752320072237
 30
0.0
 10
267.0653266027465
 20
171.7527044648766
 30
0.0
 10
267.0661759640258
 20
171.7528957103636
 30
0.0
 10
267.0670916123987
 20
171.7530711553736
 30
0.0
 10
267.0685762167938
 20
171.7533556165709
 30
0.0
 10
267.0702350793039
 20
171.7535985408531
 30
0.0
 10
267.0718604902234
 20
171.7538074611695
 30
0.0
 10
267.0741008194158
 20
171.7540954192961
 30
0.0
 10
267.076277598821
 20
171.7543187782593
 30
0.0
 10
267.0784728832846
 20
171.7545221471591
 30
0.0
 10
267.0812519076781
 20
171.7547795931259
 30
0.0
 10
267.0840605867746
 20
171.7550050046411
 30
0.0
 10
267.0868642914868
 20
171.7552083771536
 30
0.0
 10
267.0902314413985
 20
171.7554526203269
 30
0.0
 10
267.093591416678
 20
171.7556650762992
 30
0.0
 10
267.0969547327119
 20
171.7558594691166
 30
0.0
 10
267.1008490309529
 20
171.7560845516257
 30
0.0
 10
267.1047478080543
 20
171.7562854173396
 30
0.0
 10
267.108646609188
 20
171.7564691698309
 30
0.0
 10
267.1130398510578
 20
171.7566762255676
 30
0.0
 10
267.1174331234418
 20
171.756861552298
 30
0.0
 10
267.121827139286
 20
171.7570316275453
 30
0.0
 10
267.1319266469093
 20
171.757422540168
 30
0.0
 10
267.1420300822036
 20
171.7577328798484
 30
0.0
 10
267.1521344832889
 20
171.7579935858401
 30
0.0
 10
267.1636593087862
 20
171.758290940532
 30
0.0
 10
267.1751853906918
 20
171.7585237262158
 30
0.0
 10
267.1867122974065
 20
171.758708384711
 30
0.0
 10
267.1992171586461
 20
171.7589087098204
 30
0.0
 10
267.2117229905877
 20
171.7590523950022
 30
0.0
 10
267.2242291605063
 20
171.7591485636087
 30
0.0
 10
267.2372353755533
 20
171.7592485774092
 30
0.0
 10
267.2502419561447
 20
171.7592971988749
 30
0.0
 10
267.2632484955449
 20
171.7592971988749
 30
0.0
  0
SPLINE
  5
1E4
330
70
100
AcDbEntity
  8
0
 62
     7
370
    25
100
AcDbSpline
210
0.0
220
0.0
230
1.0
 70
     8
 71
     3
 72
    32
 73
    28
 74
     0
 42
0.0000000001
 43
0.0000000001
 40
0.0
 40
0.0
 40
0.0
 40
0.0
 40
1.0
 40
1.0
 40
1.0
 40
2.0
 40
2.0
 40
2.0
 40
3.0
 40
3.0
 40
3.0
 40
4.0
 40
4.0
 40
4.0
 40
5.0
 40
5.0
 40
5.0
 40
6.0
 40
6.0
 40
6.0
 40
7.0
 40
7.0
 40
7.0
 40
8.0
 40
8.0
 40
8.0
 40
9.0
 40
9.0
 40
9.0
 40
9.0
 10
267.0632484955449
 20
184.7040303542743
 30
0.0
 10
267.0632484955449
 20
184.704779113075
 30
0.0
 10
267.0636893922863
 20
184.7054837216675
 30
0.0
 10
267.0642118302668
 20
184.7060595767462
 30
0.0
 10
267.0650287075549
 20
184.7069599763196
 30
0.0
 10
267.0660449372411
 20
184.7075455987058
 30
0.0
 10
267.0670916124019
 20
184.708070234908
 30
0.0
 10
267.0686293819352
 20
184.7088410276021
 30
0.0
 10
267.0702328690274
 20
184.7094801796123
 30
0.0
 10
267.0718604901945
 20
184.7100413340424
 30
0.0
 10
267.0740317176838
 20
184.7107899074498
 30
0.0
 10
267.0762458923534
 20
184.7113996822443
 30
0.0
 10
267.0784728832538
 20
184.7119545565956
 30
0.0
 10
267.0845632836209
 20
184.7134720333639
 30
0.0
 10
267.0907495390654
 20
184.714578899068
 30
0.0
 10
267.0969547327215
 20
184.7155345827796
 30
0.0
 10
267.1052181193043
 20
184.7168072560269
 30
0.0
 10
267.113515090815
 20
184.7178118238939
 30
0.0
 10
267.1218271392796
 20
184.7186724643864
 30
0.0
 10
267.1319120325691
 20
184.7197166675774
 30
0.0
 10
267.1420191200878
 20
184.7205490005654
 30
0.0
 10
267.1521344832543
 20
184.7212476378044
 30
0.0
 10
267.163651315237
 20
184.7220430702138
 30
0.0
 10
267.1751788748804
 20
184.7226651937902
 30
0.0
 10
267.1867122973699
 20
184.7231611626287
 30
0.0
 10
267.2122073341599
 20
184.7242575192213
 30
0.0
 10
267.2377310195451
 20
184.724737424975
 30
0.0
 10
267.2632484955449
 20
184.724737424975
 30
0.0
  0
SPLINE
  5
1E5
330
70
100
AcDbEntity
  8
0
 62
     7
370
    25
100
AcDbSpline
210
0.0
220
0.0
230
1.0
 70
     8
 71
     3
 72
    41
 73
    37
 74
     0
 42
0.0000000001
 43
0.0000000001
 40
0.0
 40
0.0
 40
0.0
 40
0.0
 40
1.0
 40
1.0
 40
1.0
 40
2.0
 40
2.0
 40
2.0
 40
3.0
 40
3.0
 40
3.0
 40
4.0
 40
4.0
 40
4.0
 40
5.0
 40
5.0
 40
5.0
 40
6.0
 40
6.0
 40
6.0
 40
7.0
 40
7.0
 40
7.0
 40
8.0
 40
8.0
 40
8.0
 40
9.0
 40
9.0
 40
9.0
 40
10.0
 40
10.0
 40
10.0
 40
11.0
 40
11.0
 40
11.0
 40
12.0
 40
12.0
 40
12.0
 40
12.0
 10
267.0632484955449
 20
189.0175440223746
 30
0.0
 10
267.0632484955449
 20
189.0179379481747
 30
0.0
 10
267.0637547010629
 20
189.0180959125193
 30
0.0
 10
267.0642112461943
 20
189.0182293755689
 30
0.0
 10
267.0653534101642
 20
189.0185632673931
 30
0.0
 10
267.0661847608412
 20
189.0187438110766
 30
0.0
 10
267.067089333805
 20
189.0189058415946
 30
0.0
 10
267.0685617289858
 20
189.019169582568
 30
0.0
 10
267.0702281255611
 20
189.0193842731744
 30
0.0
 10
267.0718555708199
 20
189.0195707654882
 30
0.0
 10
267.0741012380455
 20
189.0198281011335
 30
0.0
 10
267.0762727400717
 20
189.0200317458586
 30
0.0
 10
267.0784646273817
 20
189.0202161311357
 30
0.0
 10
267.0812407718248
 20
189.0204496651137
 30
0.0
 10
267.0840496175244
 20
189.020652303855
 30
0.0
 10
267.0868523315438
 20
189.0208355323392
 30
0.0
 10
267.0902193217789
 20
189.0210556505933
 30
0.0
 10
267.0935774627802
 20
189.0212477559866
 30
0.0
 10
267.0969390720256
 20
189.0214233759654
 30
0.0
 10
267.1008322292443
 20
189.0216267655144
 30
0.0
 10
267.1047300382426
 20
189.0218080440165
 30
0.0
 10
267.1086276218832
 20
189.0219739153291
 30
0.0
 10
267.1130202392054
 20
189.0221608540249
 30
0.0
 10
267.1174125702894
 20
189.0223282232402
 30
0.0
 10
267.1218055594081
 20
189.0224818112897
 30
0.0
 10
267.1319048263531
 20
189.0228349026972
 30
0.0
 10
267.1420075711272
 20
189.0231151582157
 30
0.0
 10
267.1521110351838
 20
189.0233505835644
 30
0.0
 10
267.1636372855738
 20
189.0236191618949
 30
0.0
 10
267.1751644720905
 20
189.0238293949248
 30
0.0
 10
267.1866923542551
 20
189.0239962282547
 30
0.0
 10
267.1992001673918
 20
189.0241772433008
 30
0.0
 10
267.2117087994705
 20
189.0243071666365
 30
0.0
 10
267.2242176999739
 20
189.0243939349205
 30
0.0
 10
267.237227781527
 20
189.0244841796598
 30
0.0
 10
267.2502381534446
 20
189.0245277419747
 30
0.0
 10
267.2632484955449
 20
189.0245281762747
 30
0.0
  0
SPLINE
  5
1E6
330
70
100
AcDbEntity
  8
0
 62
     7
370
    25
100
AcDbSpline
210
0.0
220
0.0
230
1.0
 70
     8
 71
     3
 72
    35
 73
    31
 74
     0
 42
0.0000000001
 43
0.0000000001
 40
0.0
 40
0.0
 40
0.0
 40
0.0
 40
1.0
 40
1.0
 40
1.0
 40
2.0
 40
2.0
 40
2.0
 40
3.0
 40
3.0
 40
3.0
 40
4.0
 40
4.0
 40
4.0
 40
5.0
 40
5.0
 40
5.0
 40
6.0
 40
6.0
 40
6.0
 40
7.0
 40
7.0
 40
7.0
 40
8.0
 40
8.0
 40
8.0
 40
9.0
 40
9.0
 40
9.0
 40
10.0
 40
10.0
 40
10.0
 40
10.0
 10
267.0632484955449
 20
204.6466062585749
 30
0.0
 10
267.0632484955449
 20
204.6471637523747
 30
0.0
 10
267.0637251499572
 20
204.6476147339944
 30
0.0
 10
267.0642118302739
 20
204.6479734380739
 30
0.0
 10
267.0651379143442
 20
204.6486560013966
 30
0.0
 10
267.0661003009385
 20
204.6490044394866
 30
0.0
 10
267.067091612468
 20
204.6493281098835
 30
0.0
 10
267.0686335862832
 20
204.6498315755061
 30
0.0
 10
267.0702455452786
 20
204.6502751145832
 30
0.0
 10
267.0718604902882
 20
204.6506561289559
 30
0.0
 10
267.0740582527913
 20
204.6511746476027
 30
0.0
 10
267.0762615454567
 20
204.6515773691481
 30
0.0
 10
267.078472883341
 20
204.6519451539325
 30
0.0
 10
267.0845908931777
 20
204.6529626876819
 30
0.0
 10
267.0907704841939
 20
204.6537128021192
 30
0.0
 10
267.0969547328107
 20
204.6543571802798
 30
0.0
 10
267.1052371130485
 20
204.6552201767851
 30
0.0
 10
267.1135278473684
 20
204.6558935199648
 30
0.0
 10
267.121827139295
 20
204.6564713137335
 30
0.0
 10
267.1319200951698
 20
204.6571739817518
 30
0.0
 10
267.1420257073517
 20
204.6577353365857
 30
0.0
 10
267.1521344832119
 20
204.6582063250788
 30
0.0
 10
267.1636567891672
 20
204.6587431728229
 30
0.0
 10
267.1751832054281
 20
204.6591626150872
 30
0.0
 10
267.186712297223
 20
204.6594955537221
 30
0.0
 10
267.1992154530229
 20
204.6598566215061
 30
0.0
 10
267.2117217555538
 20
204.6601159512368
 30
0.0
 10
267.2242291604486
 20
204.6602894710861
 30
0.0
 10
267.2372348560222
 20
204.6604699039059
 30
0.0
 10
267.2502417435447
 20
204.6605575533749
 30
0.0
 10
267.2632484955449
 20
204.6605575533749
 30
0.0
  0
SPLINE
  5
1E7
330
70
100
AcDbEntity
  8
0
 62
     7
370
    25
100
AcDbSpline
210
0.0
220
0.0
230
1.0
 70
     8
 71
     3
 72
    11
 73
     7
 74
     0
 42
0.0000000001
 43
0.0000000001
 40
0.0
 40
0.0
 40
0.0
 40
0.0
 40
1.0
 40
1.0
 40
1.0
 40
2.0
 40
2.0
 40
2.0
 40
2.0
 10
267.5632484955446
 20
158.3024653768746
 30
0.0
 10
267.5632484955446
 20
158.2915601328752
 30
0.0
 10
267.563049373721
 20
158.2806568478944
 30
0.0
 10
267.5626343184059
 20
158.269755410297
 30
0.0
 10
267.5614353717445
 20
158.2382650481109
 30
0.0
 10
267.558434620145
 20
158.2067901009744
 30
0.0
 10
267.5532484955446
 20
158.175718576375
 30
0.0
  0
SPLINE
  5
1E8
330
70
100
AcDbEntity
  8
0
 62
     7
370
    25
100
AcDbSpline
210
0.0
220
0.0
230
1.0
 70
     8
 71
     3
 72
    11
 73
     7
 74
     0
 42
0.0000000001
 43
0.0000000001
 40
0.0
 40
0.0
 40
0.0
 40
0.0
 40
1.0
 40
1.0
 40
1.0
 40
2.0
 40
2.0
 40
2.0
 40
2.0
 10
267.5532484955446
 20
169.8803219301747
 30
0.0
 10
267.5549477029445
 20
169.8701415030744
 30
0.0
 10
267.5564121053486
 20
169.859922284311
 30
0.0
 10
267.5576553815961
 20
169.8496733580752
 30
0.0
 10
267.5615205052842
 20
169.8178112778161
 30
0.0
 10
267.5632484955446
 20
169.7856620816746
 30
0.0
 10
267.5632484955446
 20
169.753575129575
 30
0.0
  0
SPLINE
  5
1E9
330
70
100
AcDbEntity
  8
0
 62
     7
370
    25
100
AcDbSpline
210
0.0
220
0.0
230
1.0
 70
     8
 71
     3
 72
    59
 73
    55
 74
     0
 42
0.0000000001
 43
0.0000000001
 40
0.0
 40
0.0
 40
0.0
 40
0.0
 40
1.0
 40
1.0
 40
1.0
 40
2.0
 40
2.0
 40
2.0
 40
3.0
 40
3.0
 40
3.0
 40
4.0
 40
4.0
 40
4.0
 40
5.0
 40
5.0
 40
5.0
 40
6.0
 40
6.0
 40
6.0
 40
7.0
 40
7.0
 40
7.0
 40
8.0
 40
8.0
 40
8.0
 40
9.0
 40
9.0
 40
9.0
 40
10.0
 40
10.0
 40
10.0
 40
11.0
 40
11.0
 40
11.0
 40
12.0
 40
12.0
 40
12.0
 40
13.0
 40
13.0
 40
13.0
 40
14.0
 40
14.0
 40
14.0
 40
15.0
 40
15.0
 40
15.0
 40
16.0
 40
16.0
 40
16.0
 40
17.0
 40
17.0
 40
17.0
 40
18.0
 40
18.0
 40
18.0
 40
18.0
 10
267.2632484955449
 20
170.4830032594747
 30
0.0
 10
267.2557174759445
 20
170.5020918208747
 30
0.0
 10
267.2480574513504
 20
170.5211298015832
 30
0.0
 10
267.2402304617735
 20
170.5400994503452
 30
0.0
 10
267.2324070654354
 20
170.5590603904593
 30
0.0
 10
267.224416857381
 20
170.5779530613536
 30
0.0
 10
267.2161804680477
 20
170.5967379868979
 30
0.0
 10
267.2120793212226
 20
170.6060915682583
 30
0.0
 10
267.2079171375744
 20
170.6154184358327
 30
0.0
 10
267.2036760180666
 20
170.6247093909591
 30
0.0
 10
267.1994606528161
 20
170.6339439266303
 30
0.0
 10
267.1951673074737
 20
170.6431429846854
 30
0.0
 10
267.1907705659974
 20
170.652292780206
 30
0.0
 10
267.1864181219581
 20
170.6613503909822
 30
0.0
 10
267.1819643547345
 20
170.6703597268687
 30
0.0
 10
267.1773676795928
 20
170.679295812016
 30
0.0
 10
267.1728467181794
 20
170.688084707226
 30
0.0
 10
267.1681875178662
 20
170.696802744909
 30
0.0
 10
267.163320909743
 20
170.7054070631768
 30
0.0
 10
267.1585891529828
 20
170.7137729599375
 30
0.0
 10
267.1536613235018
 20
170.7220313521882
 30
0.0
 10
267.1483952158153
 20
170.7300705676607
 30
0.0
 10
267.1458493050529
 20
170.7339571431757
 30
0.0
 10
267.1432243299037
 20
170.7377924913957
 30
0.0
 10
267.1404874983052
 20
170.7415470388093
 30
0.0
 10
267.1378434683722
 20
170.7451742754089
 30
0.0
 10
267.1350950391313
 20
170.7487260979556
 30
0.0
 10
267.1321897599224
 20
170.7521507842856
 30
0.0
 10
267.1294257443991
 20
170.7554089517454
 30
0.0
 10
267.1265197611448
 20
170.7585520459261
 30
0.0
 10
267.1234029744455
 20
170.7614718863816
 30
0.0
 10
267.1205061388633
 20
170.7641856741832
 30
0.0
 10
267.1174272027414
 20
170.7667066063908
 30
0.0
 10
267.1140089163621
 20
170.7687862366754
 30
0.0
 10
267.1109021709224
 20
170.7706763304785
 30
0.0
 10
267.107515112875
 20
170.7722018968052
 30
0.0
 10
267.1039414440965
 20
170.7727528184496
 30
0.0
 10
267.1022177352045
 20
170.7730185477595
 30
0.0
 10
267.1004506117072
 20
170.773057527973
 30
0.0
 10
267.0987225030848
 20
170.7728065307794
 30
0.0
 10
267.096916014259
 20
170.7725441493423
 30
0.0
 10
267.0951521596914
 20
170.7719648894983
 30
0.0
 10
267.0935261451654
 20
170.7711436560601
 30
0.0
 10
267.0896487542971
 20
170.7691853445046
 30
0.0
 10
267.0865551642621
 20
170.765851096739
 30
0.0
 10
267.0840436844649
 20
170.7622358569621
 30
0.0
 10
267.0808937664559
 20
170.7577015943764
 30
0.0
 10
267.0786595297762
 20
170.7527253207755
 30
0.0
 10
267.0767738129291
 20
170.7476272747111
 30
0.0
 10
267.0724842980744
 20
170.7360305472605
 30
0.0
 10
267.0699981783259
 20
170.7238037154534
 30
0.0
 10
267.0681549005207
 20
170.7115236781374
 30
0.0
 10
267.0642848180872
 20
170.6857409358084
 30
0.0
 10
267.0632484955449
 20
170.6597236542752
 30
0.0
 10
267.0632484955449
 20
170.6337463418748
 30
0.0
  0
SPLINE
  5
1EA
330
70
100
AcDbEntity
  8
0
 62
     7
370
    25
100
AcDbSpline
210
0.0
220
0.0
230
1.0
 70
     8
 71
     3
 72
    14
 73
    10
 74
     0
 42
0.0000000001
 43
0.0000000001
 40
0.0
 40
0.0
 40
0.0
 40
0.0
 40
1.0
 40
1.0
 40
1.0
 40
2.0
 40
2.0
 40
2.0
 40
3.0
 40
3.0
 40
3.0
 40
3.0
 10
267.5122581187446
 20
169.9103698656744
 30
0.0
 10
267.4964026466449
 20
169.9472391222752
 30
0.0
 10
267.4799342252643
 20
169.9838425684162
 30
0.0
 10
267.4634010411293
 20
170.0204136237406
 30
0.0
 10
267.4432824637783
 20
170.0649154933968
 30
0.0
 10
267.4230679890259
 20
170.1093694003742
 30
0.0
 10
267.4030898613472
 20
170.1539368607202
 30
0.0
 10
267.3543354186331
 20
170.2626988892393
 30
0.0
 10
267.3069885428448
 20
170.3721371857744
 30
0.0
 10
267.2632484955449
 20
170.4830032594747
 30
0.0
  0
SPLINE
  5
1EB
330
70
100
AcDbEntity
  8
0
 62
     7
370
    25
100
AcDbSpline
210
0.0
220
0.0
230
1.0
 70
     8
 71
     3
 72
    11
 73
     7
 74
     0
 42
0.0000000001
 43
0.0000000001
 40
0.0
 40
0.0
 40
0.0
 40
0.0
 40
1.0
 40
1.0
 40
1.0
 40
2.0
 40
2.0
 40
2.0
 40
2.0
 10
267.5532484955446
 20
169.7674490136749
 30
0.0
 10
267.5511986053448
 20
169.7799863957752
 30
0.0
 10
267.5488093270685
 20
169.792463900134
 30
0.0
 10
267.5460475477572
 20
169.8048741168839
 30
0.0
 10
267.5380201743605
 20
169.8409455884102
 30
0.0
 10
267.5268458029448
 20
169.8764485944747
 30
0.0
 10
267.5122581187446
 20
169.9103698656744
 30
0.0
  0
SPLINE
  5
1EC
330
70
100
AcDbEntity
  8
0
 62
     7
370
    25
100
AcDbSpline
210
0.0
220
0.0
230
1.0
 70
     8
 71
     3
 72
    11
 73
     7
 74
     0
 42
0.0000000001
 43
0.0000000001
 40
0.0
 40
0.0
 40
0.0
 40
0.0
 40
1.0
 40
1.0
 40
1.0
 40
2.0
 40
2.0
 40
2.0
 40
2.0
 10
267.5122579943448
 20
158.1456703515743
 30
0.0
 10
267.5170685599448
 20
158.1568565167748
 30
0.0
 10
267.5215094693209
 20
158.1682005303975
 30
0.0
 10
267.5255852399528
 20
158.1796825701834
 30
0.0
 10
267.5381223974987
 20
158.2150015698877
 30
0.0
 10
267.5472046460446
 20
158.2516265603751
 30
0.0
 10
267.5532484955446
 20
158.2885914928749
 30
0.0
  0
SPLINE
  5
1ED
330
70
100
AcDbEntity
  8
0
 62
     7
370
    25
100
AcDbSpline
210
0.0
220
0.0
230
1.0
 70
     8
 71
     3
 72
    14
 73
    10
 74
     0
 42
0.0000000001
 43
0.0000000001
 40
0.0
 40
0.0
 40
0.0
 40
0.0
 40
1.0
 40
1.0
 40
1.0
 40
2.0
 40
2.0
 40
2.0
 40
3.0
 40
3.0
 40
3.0
 40
3.0
 10
267.2632484955449
 20
157.5730372470744
 30
0.0
 10
267.3069885175445
 20
157.6839032565746
 30
0.0
 10
267.3543353630312
 20
157.7933414908329
 30
0.0
 10
267.4030897763946
 20
157.9021034568678
 30
0.0
 10
267.4230678942283
 20
157.9466708964766
 30
0.0
 10
267.4432823593463
 20
157.9911247826578
 30
0.0
 10
267.463400927709
 20
158.0356266311489
 30
0.0
 10
267.4799341068952
 20
158.0721976744729
 30
0.0
 10
267.4964025237448
 20
158.1088011083747
 30
0.0
 10
267.5122579943448
 20
158.1456703515743
 30
0.0
  0
SPLINE
  5
1EE
330
70
100
AcDbEntity
  8
0
 62
     7
370
    25
100
AcDbSpline
210
0.0
220
0.0
230
1.0
 70
     8
 71
     3
 72
    59
 73
    55
 74
     0
 42
0.0000000001
 43
0.0000000001
 40
0.0
 40
0.0
 40
0.0
 40
0.0
 40
1.0
 40
1.0
 40
1.0
 40
2.0
 40
2.0
 40
2.0
 40
3.0
 40
3.0
 40
3.0
 40
4.0
 40
4.0
 40
4.0
 40
5.0
 40
5.0
 40
5.0
 40
6.0
 40
6.0
 40
6.0
 40
7.0
 40
7.0
 40
7.0
 40
8.0
 40
8.0
 40
8.0
 40
9.0
 40
9.0
 40
9.0
 40
10.0
 40
10.0
 40
10.0
 40
11.0
 40
11.0
 40
11.0
 40
12.0
 40
12.0
 40
12.0
 40
13.0
 40
13.0
 40
13.0
 40
14.0
 40
14.0
 40
14.0
 40
15.0
 40
15.0
 40
15.0
 40
16.0
 40
16.0
 40
16.0
 40
17.0
 40
17.0
 40
17.0
 40
18.0
 40
18.0
 40
18.0
 40
18.0
 10
267.0632484955449
 20
157.422294164675
 30
0.0
 10
267.0632484955449
 20
157.3963161740743
 30
0.0
 10
267.0642846541529
 20
157.3702980353949
 30
0.0
 10
267.0681552367799
 20
157.3445148111512
 30
0.0
 10
267.0699987678182
 20
157.3322344444107
 30
0.0
 10
267.0724853019188
 20
157.3200073691686
 30
0.0
 10
267.0767749608389
 20
157.3084101018156
 30
0.0
 10
267.0786603685609
 20
157.3033128253574
 30
0.0
 10
267.0808941062439
 20
157.2983372159946
 30
0.0
 10
267.084043719843
 20
157.2938039419244
 30
0.0
 10
267.0865549227644
 20
157.2901895394802
 30
0.0
 10
267.0896483437843
 20
157.2868563275439
 30
0.0
 10
267.0935249059727
 20
157.2848981471067
 30
0.0
 10
267.0951504079326
 20
157.2840770520272
 30
0.0
 10
267.0969136059611
 20
157.2834977223381
 30
0.0
 10
267.0987195225988
 20
157.2832348146674
 30
0.0
 10
267.1004474922715
 20
157.2829832546164
 30
0.0
 10
267.1022145724965
 20
157.2830213912523
 30
0.0
 10
267.1039382641402
 20
157.2832865536071
 30
0.0
 10
267.1075110509823
 20
157.2838361696454
 30
0.0
 10
267.1108974272669
 20
157.2853611573136
 30
0.0
 10
267.1140035336942
 20
157.2872504952953
 30
0.0
 10
267.1174217845337
 20
157.2893297000154
 30
0.0
 10
267.1205006043092
 20
157.2918501645129
 30
0.0
 10
267.1233973690754
 20
157.2945635124523
 30
0.0
 10
267.1265142635545
 20
157.2974830519715
 30
0.0
 10
267.1294203824138
 20
157.3006259038121
 30
0.0
 10
267.1321845135624
 20
157.3038838443946
 30
0.0
 10
267.1350899571534
 20
157.3073083427563
 30
0.0
 10
267.1378385240727
 20
157.3108599981692
 30
0.0
 10
267.1404826907756
 20
157.3144870792698
 30
0.0
 10
267.1432196790359
 20
157.3182414864259
 30
0.0
 10
267.1458448086369
 20
157.322076707746
 30
0.0
 10
267.148390834848
 20
157.3259631843201
 30
0.0
 10
267.1536572953291
 20
157.3340023691507
 30
0.0
 10
267.1585852960693
 20
157.3422608598823
 30
0.0
 10
267.1633172167837
 20
157.3506268582741
 30
0.0
 10
267.1681840341238
 20
157.3592313528326
 30
0.0
 10
267.1728434324661
 20
157.3679495720349
 30
0.0
 10
267.1773645636454
 20
157.3767386651347
 30
0.0
 10
267.1819614295109
 20
157.3856749867
 30
0.0
 10
267.1864153571143
 20
157.3946845765068
 30
0.0
 10
267.1907679680076
 20
157.4037424382034
 30
0.0
 10
267.1951648776758
 20
157.4128924864481
 30
0.0
 10
267.1994583978344
 20
157.4220917941594
 30
0.0
 10
267.2036739220177
 20
157.4313265872501
 30
0.0
 10
267.2079152082016
 20
157.4406178162049
 30
0.0
 10
267.2120775421961
 20
157.449944965584
 30
0.0
 10
267.2161788361326
 20
157.4592988302745
 30
0.0
 10
267.2244155298642
 20
157.4780843452508
 30
0.0
 10
267.2324060287365
 20
157.4969776119678
 30
0.0
 10
267.2402296903936
 20
157.5159391585452
 30
0.0
 10
267.24805695329
 20
157.5349094331428
 30
0.0
 10
267.255717225345
 20
157.5539480504745
 30
0.0
 10
267.2632484955449
 20
157.5730372470744
 30
0.0
  0
LINE
  5
1F0
330
70
100
AcDbEntity
  8
10_CHAMFER
 62
     7
370
    25
100
AcDbLine
 10
271.3132484955446
 20
120.0280202532753
 30
0.0
 11
271.0132484955449
 21
120.2012253339743
 31
0.0
  0
LINE
  5
1F1
330
70
100
AcDbEntity
  8
10_CHAMFER
 62
     7
370
    25
100
AcDbLine
 10
280.2132484955446
 20
120.0280202532753
 30
0.0
 11
280.513248495545
 21
120.2012253339743
 31
0.0
  0
LINE
  5
1F2
330
70
100
AcDbEntity
  8
10_CHAMFER
 62
     7
370
    25
100
AcDbLine
 10
271.3132484955446
 20
120.5280202532743
 30
0.0
 11
271.0132484955449
 21
120.7729692275743
 31
0.0
  0
LINE
  5
1F3
330
70
100
AcDbEntity
  8
10_CHAMFER
 62
     7
370
    25
100
AcDbLine
 10
280.2132484955446
 20
120.5280202532743
 30
0.0
 11
280.513248495545
 21
120.7729692275743
 31
0.0
  0
LINE
  5
1F4
330
70
100
AcDbEntity
  8
10_CHAMFER
 62
     7
370
    25
100
AcDbLine
 10
280.513248495545
 20
120.2012253339743
 30
0.0
 11
280.513248495545
 21
121.528020253275
 31
0.0
  0
LINE
  5
1F5
330
70
100
AcDbEntity
  8
10_CHAMFER
 62
     7
370
    25
100
AcDbLine
 10
280.513248495545
 20
206.5280202532748
 30
0.0
 11
280.513248495545
 21
207.8548151724747
 31
0.0
  0
LINE
  5
1F6
330
70
100
AcDbEntity
  8
10_CHAMFER
 62
     7
370
    25
100
AcDbLine
 10
280.2132484955446
 20
120.0280202532753
 30
0.0
 11
280.2132484955446
 21
120.5280202532743
 31
0.0
  0
LINE
  5
1F7
330
70
100
AcDbEntity
  8
10_CHAMFER
 62
     7
370
    25
100
AcDbLine
 10
269.2152847609448
 20
161.6077186022744
 30
0.0
 11
270.8632484955451
 21
161.6077186022744
 31
0.0
  0
LINE
  5
1F8
330
70
100
AcDbEntity
  8
10_CHAMFER
 62
     7
370
    25
100
AcDbLine
 10
271.3132484955446
 20
120.0280202532753
 30
0.0
 11
271.3132484955446
 21
120.5280202532743
 31
0.0
  0
LINE
  5
1F9
330
70
100
AcDbEntity
  8
10_CHAMFER
 62
     7
370
    25
100
AcDbLine
 10
271.3132484955446
 20
207.5280202532748
 30
0.0
 11
271.3132484955446
 21
208.0280202532748
 31
0.0
  0
LINE
  5
1FA
330
70
100
AcDbEntity
  8
10_CHAMFER
 62
     7
370
    25
100
AcDbLine
 10
271.0132484955449
 20
120.2012253339743
 30
0.0
 11
271.0132484955449
 21
121.528020253275
 31
0.0
  0
LINE
  5
1FB
330
70
100
AcDbEntity
  8
10_CHAMFER
 62
     7
370
    25
100
AcDbLine
 10
271.0132484955449
 20
206.5280202532748
 30
0.0
 11
271.0132484955449
 21
207.8548151724747
 31
0.0
  0
LINE
  5
1FC
330
70
100
AcDbEntity
  8
10_CHAMFER
 62
     7
370
    25
100
AcDbLine
 10
269.063248495545
 20
161.5402552111752
 30
0.0
 11
269.063248495545
 21
161.2356179995743
 31
0.0
  0
LINE
  5
1FD
330
70
100
AcDbEntity
  8
10_CHAMFER
 62
     7
370
    25
100
AcDbLine
 10
273.9916372586445
 20
195.0264440006749
 30
0.0
 11
273.8793337795451
 21
195.0280880168748
 31
0.0
  0
LINE
  5
1FE
330
70
100
AcDbEntity
  8
10_CHAMFER
 62
     7
370
    25
100
AcDbLine
 10
271.3132484955446
 20
207.5280202532748
 30
0.0
 11
271.0132484955449
 21
207.2830712789749
 31
0.0
  0
LINE
  5
1FF
330
70
100
AcDbEntity
  8
10_CHAMFER
 62
     7
370
    25
100
AcDbLine
 10
280.513248495545
 20
207.8548151724747
 30
0.0
 11
280.2132484955446
 21
208.0280202532748
 31
0.0
  0
LINE
  5
200
330
70
100
AcDbEntity
  8
10_CHAMFER
 62
     7
370
    25
100
AcDbLine
 10
271.3132484955446
 20
208.0280202532748
 30
0.0
 11
271.0132484955449
 21
207.8548151724747
 31
0.0
  0
LINE
  5
201
330
70
100
AcDbEntity
  8
10_CHAMFER
 62
     7
370
    25
100
AcDbLine
 10
269.2152847609448
 20
161.6077186022744
 30
0.0
 11
269.063248495545
 21
161.5402552111752
 31
0.0
  0
LINE
  5
203
330
70
100
AcDbEntity
  8
08_DRAFTS
 62
     7
370
    25
100
AcDbLine
 10
281.0132484955446
 20
161.6077186022744
 30
0.0
 11
281.0132484955446
 21
169.5973449862748
 31
0.0
  0
LINE
  5
204
330
70
100
AcDbEntity
  8
08_DRAFTS
 62
     7
370
    25
100
AcDbLine
 10
279.0632484955447
 20
168.1430436490743
 30
0.0
 11
279.0632484955447
 21
168.3371046410751
 31
0.0
  0
LINE
  5
205
330
70
100
AcDbEntity
  8
08_DRAFTS
 62
     7
370
    25
100
AcDbLine
 10
275.7632484955449
 20
170.0022818720748
 30
0.0
 11
275.7632484955449
 21
168.1932721055749
 31
0.0
  0
LINE
  5
206
330
70
100
AcDbEntity
  8
08_DRAFTS
 62
     7
370
    25
100
AcDbLine
 10
275.7632484955449
 20
194.6734169286748
 30
0.0
 11
275.7632484955449
 21
194.7547262716747
 31
0.0
  0
LINE
  5
207
330
70
100
AcDbEntity
  8
08_DRAFTS
 62
     7
370
    25
100
AcDbLine
 10
275.7632484955449
 20
202.4436863206747
 30
0.0
 11
275.7632484955449
 21
202.4964711271749
 31
0.0
  0
LINE
  5
208
330
70
100
AcDbEntity
  8
08_DRAFTS
 62
     7
370
    25
100
AcDbLine
 10
275.7632484955449
 20
169.6227856901747
 30
0.0
 11
270.5132484955445
 21
169.5973449862748
 31
0.0
  0
LINE
  5
209
330
70
100
AcDbEntity
  8
08_DRAFTS
 62
     7
370
    25
100
AcDbLine
 10
281.0132484955446
 20
169.5973449862748
 30
0.0
 11
275.7632484955449
 21
169.6227856901747
 31
0.0
  0
LINE
  5
20A
330
70
100
AcDbEntity
  8
08_DRAFTS
 62
     7
370
    25
100
AcDbLine
 10
279.0632484955447
 20
168.3371046410751
 30
0.0
 11
275.7632484955449
 21
168.3730042182746
 31
0.0
  0
LINE
  5
20B
330
70
100
AcDbEntity
  8
08_DRAFTS
 62
     7
370
    25
100
AcDbLine
 10
270.5132484955445
 20
161.6077186022744
 30
0.0
 11
270.5132484955445
 21
169.5973449862748
 31
0.0
  0
LINE
  5
20C
330
70
100
AcDbEntity
  8
08_DRAFTS
 62
     7
370
    25
100
AcDbLine
 10
277.1465461187446
 20
194.8400921086747
 30
0.0
 11
276.6907098242448
 21
194.8361140856746
 31
0.0
  0
LINE
  5
20D
330
70
100
AcDbEntity
  8
08_DRAFTS
 62
     7
370
    25
100
AcDbLine
 10
273.1487251502445
 20
195.5409984345749
 30
0.0
 11
273.3957858449448
 21
195.5366859740747
 31
0.0
  0
SPLINE
  5
20E
330
70
100
AcDbEntity
  8
08_DRAFTS
 62
     7
370
    25
100
AcDbSpline
210
0.0
220
0.0
230
1.0
 70
     8
 71
     3
 72
    17
 73
    13
 74
     0
 42
0.0000000001
 43
0.0000000001
 40
0.0
 40
0.0
 40
0.0
 40
0.0
 40
1.0
 40
1.0
 40
1.0
 40
2.0
 40
2.0
 40
2.0
 40
3.0
 40
3.0
 40
3.0
 40
4.0
 40
4.0
 40
4.0
 40
4.0
 10
275.7632484955449
 20
194.7780202532748
 30
0.0
 10
277.8343163074105
 20
194.7780202532748
 30
0.0
 10
279.5132484955449
 20
196.4569524414092
 30
0.0
 10
279.5132484955449
 20
198.5280202532748
 30
0.0
 10
279.5132484955449
 20
200.5990880651404
 30
0.0
 10
277.8343163074105
 20
202.2780202532748
 30
0.0
 10
275.7632484955449
 20
202.2780202532748
 30
0.0
 10
273.6921806836793
 20
202.2780202532748
 30
0.0
 10
272.0132484955449
 20
200.5990880651404
 30
0.0
 10
272.0132484955449
 20
198.5280202532748
 30
0.0
 10
272.0132484955449
 20
197.2463181546604
 30
0.0
 10
272.6678544210659
 20
196.0533898175789
 30
0.0
 10
273.7489579142935
 20
195.3649310268565
 30
0.0
  0
SPLINE
  5
20F
330
70
100
AcDbEntity
  8
08_DRAFTS
 62
     7
370
    25
100
AcDbSpline
210
0.0
220
0.0
230
1.0
 70
     8
 71
     3
 72
    32
 73
    28
 74
     0
 42
0.0000000001
 43
0.0000000001
 40
0.0
 40
0.0
 40
0.0
 40
0.0
 40
1.0
 40
1.0
 40
1.0
 40
2.0
 40
2.0
 40
2.0
 40
3.0
 40
3.0
 40
3.0
 40
4.0
 40
4.0
 40
4.0
 40
5.0
 40
5.0
 40
5.0
 40
6.0
 40
6.0
 40
6.0
 40
7.0
 40
7.0
 40
7.0
 40
8.0
 40
8.0
 40
8.0
 40
9.0
 40
9.0
 40
9.0
 40
9.0
 10
276.6907097174449
 20
194.8361140285749
 30
0.0
 10
276.6834712604447
 20
194.8360512110748
 30
0.0
 10
276.6762422603603
 20
194.8355236472585
 30
0.0
 10
276.6690288148681
 20
194.8348765656574
 30
0.0
 10
276.6590695043451
 20
194.833983166434
 30
0.0
 10
276.6491398442976
 20
194.8328619400111
 30
0.0
 10
276.6392204844148
 20
194.8316480682793
 30
0.0
 10
276.6268093987095
 20
194.8301292740959
 30
0.0
 10
276.6144144378813
 20
194.8284654439552
 30
0.0
 10
276.6020268644723
 20
194.8267538381241
 30
0.0
 10
276.5874281690746
 20
194.8247367189242
 30
0.0
 10
276.5728397337009
 20
194.8226532464159
 30
0.0
 10
276.5582521441179
 20
194.8205627267103
 30
0.0
 10
276.5235648885346
 20
194.8155917621172
 30
0.0
 10
276.4888824152397
 20
194.8105809511122
 30
0.0
 10
276.4541681777313
 20
194.8057972166168
 30
0.0
 10
276.4138038520819
 20
194.800234881654
 30
0.0
 10
276.3733965808757
 20
194.7949795565712
 30
0.0
 10
276.33293719893
 20
194.7901515746611
 30
0.0
 10
276.2885364276427
 20
194.7848532702817
 30
0.0
 10
276.2440728982579
 20
194.7800696245926
 30
0.0
 10
276.1995547127767
 20
194.7758767409416
 30
0.0
 10
276.1524418524203
 20
194.7714394814306
 30
0.0
 10
276.1052677792087
 20
194.7676638540929
 30
0.0
 10
276.0580411883922
 20
194.7645944167383
 30
0.0
 10
275.9599177676879
 20
194.7582169991079
 30
0.0
 10
275.8615676336445
 20
194.7548881342748
 30
0.0
 10
275.7632484955449
 20
194.7547262716747
 30
0.0
  0
LINE
  5
210
330
70
100
AcDbEntity
  8
08_DRAFTS
 62
     7
370
    25
100
AcDbLine
 10
281.0132484956447
 20
168.1241091756748
 30
0.0
 11
279.0632484955447
 21
168.1430436490743
 31
0.0
  0
LINE
  5
211
330
70
100
AcDbEntity
  8
08_DRAFTS
 62
     7
370
    25
100
AcDbLine
 10
275.7632484955449
 20
194.7547262716747
 30
0.0
 11
274.8584611300445
 21
194.6942021114748
 31
0.0
  0
LINE
  5
212
330
70
100
AcDbEntity
  8
08_DRAFTS
 62
     7
370
    25
100
AcDbLine
 10
275.7632484955449
 20
194.6734169286748
 30
0.0
 11
275.1393854694451
 21
194.6324070665747
 31
0.0
  0
SPLINE
  5
213
330
70
100
AcDbEntity
  8
08_DRAFTS
 62
     7
370
    25
100
AcDbSpline
210
0.0
220
0.0
230
1.0
 70
     8
 71
     3
 72
    71
 73
    67
 74
     0
 42
0.0000000001
 43
0.0000000001
 40
0.0
 40
0.0
 40
0.0
 40
0.0
 40
1.0
 40
1.0
 40
1.0
 40
2.0
 40
2.0
 40
2.0
 40
3.0
 40
3.0
 40
3.0
 40
4.0
 40
4.0
 40
4.0
 40
5.0
 40
5.0
 40
5.0
 40
6.0
 40
6.0
 40
6.0
 40
7.0
 40
7.0
 40
7.0
 40
8.0
 40
8.0
 40
8.0
 40
9.0
 40
9.0
 40
9.0
 40
10.0
 40
10.0
 40
10.0
 40
11.0
 40
11.0
 40
11.0
 40
12.0
 40
12.0
 40
12.0
 40
13.0
 40
13.0
 40
13.0
 40
14.0
 40
14.0
 40
14.0
 40
15.0
 40
15.0
 40
15.0
 40
16.0
 40
16.0
 40
16.0
 40
17.0
 40
17.0
 40
17.0
 40
18.0
 40
18.0
 40
18.0
 40
19.0
 40
19.0
 40
19.0
 40
20.0
 40
20.0
 40
20.0
 40
21.0
 40
21.0
 40
21.0
 40
22.0
 40
22.0
 40
22.0
 40
22.0
 10
275.7632484955449
 20
194.6734169286748
 30
0.0
 10
275.8242731826451
 20
194.6733164637746
 30
0.0
 10
275.8853148808435
 20
194.6749196015184
 30
0.0
 10
275.9462594142823
 20
194.678234228853
 30
0.0
 10
276.0060734881314
 20
194.6814873731956
 30
0.0
 10
276.0657939684051
 20
194.6863891031837
 30
0.0
 10
276.1253319782323
 20
194.6929776295873
 30
0.0
 10
276.1821012938424
 20
194.6992597699527
 30
0.0
 10
276.2387047152434
 20
194.7070754723926
 30
0.0
 10
276.2950301119541
 20
194.7165164029306
 30
0.0
 10
276.3215038543724
 20
194.7209537753746
 30
0.0
 10
276.347916177397
 20
194.7257501825658
 30
0.0
 10
276.3742543647211
 20
194.7309270118001
 30
0.0
 10
276.3990164761452
 20
194.7357940598147
 30
0.0
 10
276.4237130589569
 20
194.7409973632204
 30
0.0
 10
276.4483270029834
 20
194.7465663369318
 30
0.0
 10
276.4709562419301
 20
194.7516862655649
 30
0.0
 10
276.4935156316823
 20
194.7571152715435
 30
0.0
 10
276.5159853091109
 20
194.7628968736821
 30
0.0
 10
276.5360043870018
 20
194.768047919749
 30
0.0
 10
276.5559522539768
 20
194.7734788459292
 30
0.0
 10
276.5757971961029
 20
194.7792621509404
 30
0.0
 10
276.5846457816025
 20
194.7818408467378
 30
0.0
 10
276.5934739041514
 20
194.7844896005524
 30
0.0
 10
276.6022760629637
 20
194.787222540808
 30
0.0
 10
276.6102757259438
 20
194.7897063179646
 30
0.0
 10
276.6182539436213
 20
194.7922596307097
 30
0.0
 10
276.6262035039629
 20
194.7948992049326
 30
0.0
 10
276.6332885339922
 20
194.7972517202707
 30
0.0
 10
276.6403508008384
 20
194.7996727550899
 30
0.0
 10
276.6473806285878
 20
194.8021866977868
 30
0.0
 10
276.6534895896306
 20
194.8043713285553
 30
0.0
 10
276.6595740536065
 20
194.8066261206651
 30
0.0
 10
276.6656183101137
 20
194.8089811284238
 30
0.0
 10
276.6706939931078
 20
194.8109587534328
 30
0.0
 10
276.6757413223886
 20
194.813007049037
 30
0.0
 10
276.6807398462826
 20
194.8151817180882
 30
0.0
 10
276.6847384273534
 20
194.8169213497651
 30
0.0
 10
276.6887057766953
 20
194.8187418508188
 30
0.0
 10
276.6925935963909
 20
194.8206969227644
 30
0.0
 10
276.6954785979474
 20
194.8221477065066
 30
0.0
 10
276.6983198060779
 20
194.8236725924317
 30
0.0
 10
276.7010535389208
 20
194.8254458462044
 30
0.0
 10
276.7020633887646
 20
194.8261008919419
 30
0.0
 10
276.7030585726629
 20
194.826789829651
 30
0.0
 10
276.7039817019709
 20
194.8275121852342
 30
0.0
 10
276.7046928834867
 20
194.8280686900853
 30
0.0
 10
276.7053612991138
 20
194.8286450291347
 30
0.0
 10
276.7060299073
 20
194.8293636636583
 30
0.0
 10
276.7068450578926
 20
194.8302398051275
 30
0.0
 10
276.7076604947023
 20
194.8313274529445
 30
0.0
 10
276.7074730796439
 20
194.8324047436261
 30
0.0
 10
276.7073990324921
 20
194.832830378082
 30
0.0
 10
276.7071684384171
 20
194.8332543957711
 30
0.0
 10
276.7068639417279
 20
194.833586998413
 30
0.0
 10
276.7064582621267
 20
194.8340301234511
 30
0.0
 10
276.7059214045296
 20
194.834310985722
 30
0.0
 10
276.705371618987
 20
194.834542283506
 30
0.0
 10
276.7046022729982
 20
194.8348659515706
 30
0.0
 10
276.7038076115248
 20
194.8350925625218
 30
0.0
 10
276.7030015464639
 20
194.8352707823843
 30
0.0
 10
276.7019351886758
 20
194.8355065526065
 30
0.0
 10
276.7008488733397
 20
194.8356576330322
 30
0.0
 10
276.6997600636618
 20
194.8357731708311
 30
0.0
 10
276.6967538018562
 20
194.8360921768784
 30
0.0
 10
276.6937285246445
 20
194.8361402266749
 30
0.0
 10
276.6907097174449
 20
194.8361140285749
 30
0.0
  0
SPLINE
  5
214
330
70
100
AcDbEntity
  8
08_DRAFTS
 62
     7
370
    25
100
AcDbSpline
210
0.0
220
0.0
230
1.0
 70
     8
 71
     3
 72
    26
 73
    22
 74
     0
 42
0.0000000001
 43
0.0000000001
 40
0.0
 40
0.0
 40
0.0
 40
0.0
 40
1.0
 40
1.0
 40
1.0
 40
2.0
 40
2.0
 40
2.0
 40
3.0
 40
3.0
 40
3.0
 40
4.0
 40
4.0
 40
4.0
 40
5.0
 40
5.0
 40
5.0
 40
6.0
 40
6.0
 40
6.0
 40
7.0
 40
7.0
 40
7.0
 40
7.0
 10
273.7489391776447
 20
195.3649429585748
 30
0.0
 10
273.7047709475448
 20
195.3880399655747
 30
0.0
 10
273.6608299385302
 20
195.411570344946
 30
0.0
 10
273.616882422998
 20
195.4350839032903
 30
0.0
 10
273.5984701926456
 20
195.4449351325897
 30
0.0
 10
273.5800568202236
 20
195.4547834093433
 30
0.0
 10
273.5615964270426
 20
195.4645461312519
 30
0.0
 10
273.5456511786702
 20
195.4729787265977
 30
0.0
 10
273.5296708494308
 20
195.4813474918774
 30
0.0
 10
273.5136037514447
 20
195.4895403341968
 30
0.0
 10
273.5001494474429
 20
195.4964008756152
 30
0.0
 10
273.4866343003994
 20
195.5031380582404
 30
0.0
 10
273.4729748941171
 20
195.5096012758502
 30
0.0
 10
273.4620213941453
 20
195.514784140496
 30
0.0
 10
273.4509751288184
 20
195.5197908329797
 30
0.0
 10
273.4397627435956
 20
195.524339675668
 30
0.0
 10
273.4313356146869
 20
195.5277585453335
 30
0.0
 10
273.4228146464475
 20
195.5309187806053
 30
0.0
 10
273.4140158052283
 20
195.533444614499
 30
0.0
 10
273.4080501667843
 20
195.5351571367966
 30
0.0
 10
273.4019567935449
 20
195.5365780325747
 30
0.0
 10
273.3957857737451
 20
195.5366854835747
 30
0.0
  0
LINE
  5
215
330
70
100
AcDbEntity
  8
08_DRAFTS
 62
     7
370
    25
100
AcDbLine
 10
270.5132484557451
 20
168.1422596132746
 30
0.0
 11
275.7632484955449
 21
168.1932721055749
 31
0.0
  0
SPLINE
  5
216
330
70
100
AcDbEntity
  8
08_DRAFTS
 62
     7
370
    25
100
AcDbSpline
210
0.0
220
0.0
230
1.0
 70
     8
 71
     3
 72
    56
 73
    52
 74
     0
 42
0.0000000001
 43
0.0000000001
 40
0.0
 40
0.0
 40
0.0
 40
0.0
 40
1.0
 40
1.0
 40
1.0
 40
2.0
 40
2.0
 40
2.0
 40
3.0
 40
3.0
 40
3.0
 40
4.0
 40
4.0
 40
4.0
 40
5.0
 40
5.0
 40
5.0
 40
6.0
 40
6.0
 40
6.0
 40
7.0
 40
7.0
 40
7.0
 40
8.0
 40
8.0
 40
8.0
 40
9.0
 40
9.0
 40
9.0
 40
10.0
 40
10.0
 40
10.0
 40
11.0
 40
11.0
 40
11.0
 40
12.0
 40
12.0
 40
12.0
 40
13.0
 40
13.0
 40
13.0
 40
14.0
 40
14.0
 40
14.0
 40
15.0
 40
15.0
 40
15.0
 40
16.0
 40
16.0
 40
16.0
 40
17.0
 40
17.0
 40
17.0
 40
17.0
 10
273.3957857737451
 20
195.5366854835747
 30
0.0
 10
273.3938756736448
 20
195.5367187425747
 30
0.0
 10
273.3919544367152
 20
195.5366096429969
 30
0.0
 10
273.3900757277106
 20
195.5361938830623
 30
0.0
 10
273.388594183043
 20
195.5358660159405
 30
0.0
 10
273.3871390858776
 20
195.5353474411739
 30
0.0
 10
273.385890435631
 20
195.5344880204345
 30
0.0
 10
273.3847992363024
 20
195.5337369699809
 30
0.0
 10
273.383865701856
 20
195.532725613195
 30
0.0
 10
273.3832364778111
 20
195.5315628765915
 30
0.0
 10
273.3825528118424
 20
195.5302995373203
 30
0.0
 10
273.3822283936598
 20
195.5288574895197
 30
0.0
 10
273.3821212311267
 20
195.5274189104386
 30
0.0
 10
273.3819869135528
 20
195.5256157946893
 30
0.0
 10
273.382193907393
 20
195.5238181283429
 30
0.0
 10
273.3825521682106
 20
195.5220573409043
 30
0.0
 10
273.3830094796892
 20
195.5198097372906
 30
0.0
 10
273.3837132643716
 20
195.5176222238734
 30
0.0
 10
273.3845372636141
 20
195.5154845800402
 30
0.0
 10
273.3855627008577
 20
195.5128243596342
 30
0.0
 10
273.3867743132117
 20
195.5102413717631
 30
0.0
 10
273.3880849139499
 20
195.5077114079547
 30
0.0
 10
273.3896679393329
 20
195.5046555597388
 30
0.0
 10
273.3913953820014
 20
195.5016770700047
 30
0.0
 10
273.3932035233011
 20
195.4987496247434
 30
0.0
 10
273.3977822786499
 20
195.4913364565078
 30
0.0
 10
273.4028785172702
 20
195.4842506130403
 30
0.0
 10
273.4081870478316
 20
195.4773366012969
 30
0.0
 10
273.4150081855923
 20
195.4684525182086
 30
0.0
 10
273.4221798318133
 20
195.4598521410058
 30
0.0
 10
273.4295523209744
 20
195.4514282325067
 30
0.0
 10
273.4385571967747
 20
195.4411391363638
 30
0.0
 10
273.4478617015028
 20
195.4311133062753
 30
0.0
 10
273.4573539839827
 20
195.4212709427059
 30
0.0
 10
273.4685426157113
 20
195.4096696675056
 30
0.0
 10
273.4799921370524
 20
195.3983232920922
 30
0.0
 10
273.4916286624689
 20
195.3871727514858
 30
0.0
 10
273.5049872525723
 20
195.3743720660528
 30
0.0
 10
273.5185922908886
 20
195.3618294666439
 30
0.0
 10
273.5323875416984
 20
195.3495008716651
 30
0.0
 10
273.5479021364085
 20
195.3356357265462
 30
0.0
 10
273.5636573117754
 20
195.3220412541126
 30
0.0
 10
273.5796080096004
 20
195.3086794626432
 30
0.0
 10
273.6164925823952
 20
195.2777815059808
 30
0.0
 10
273.6544226618077
 20
195.2481277516055
 30
0.0
 10
273.6931259407248
 20
195.2195312475726
 30
0.0
 10
273.7381293304013
 20
195.1862798112498
 30
0.0
 10
273.7841781297163
 20
195.1544578374307
 30
0.0
 10
273.8310881797167
 20
195.123955100672
 30
0.0
 10
273.8835902544797
 20
195.0898162121875
 30
0.0
 10
273.9371711535446
 20
195.0573298332746
 30
0.0
 10
273.9916372586445
 20
195.0264440006749
 30
0.0
  0
LINE
  5
218
330
70
100
AcDbEntity
  8
09_ROUNDS
 62
     7
370
    25
100
AcDbLine
 10
272.885756315145
 20
120.5479463719748
 30
0.0
 11
272.0132484955449
 21
120.5391541814753
 31
0.0
  0
LINE
  5
219
330
70
100
AcDbEntity
  8
09_ROUNDS
 62
     7
370
    25
100
AcDbLine
 10
272.8827333929451
 20
120.8479311414743
 30
0.0
 11
272.0132484955449
 21
120.8391694126752
 31
0.0
  0
LINE
  5
21A
330
70
100
AcDbEntity
  8
09_ROUNDS
 62
     7
370
    25
100
AcDbLine
 10
280.2132484955446
 20
120.0280202532753
 30
0.0
 11
279.8132484955445
 21
120.0280202532753
 31
0.0
  0
LINE
  5
21B
330
70
100
AcDbEntity
  8
09_ROUNDS
 62
     7
370
    25
100
AcDbLine
 10
271.7132484955446
 20
120.0280202532753
 30
0.0
 11
271.3132484955446
 21
120.0280202532753
 31
0.0
  0
LINE
  5
21C
330
70
100
AcDbEntity
  8
09_ROUNDS
 62
     7
370
    25
100
AcDbLine
 10
280.2132484955446
 20
120.5280202532743
 30
0.0
 11
279.8132484955445
 21
120.5280202532743
 31
0.0
  0
LINE
  5
21D
330
70
100
AcDbEntity
  8
09_ROUNDS
 62
     7
370
    25
100
AcDbLine
 10
271.7132484955446
 20
120.5280202532743
 30
0.0
 11
271.3132484955446
 21
120.5280202532743
 31
0.0
  0
LINE
  5
21E
330
70
100
AcDbEntity
  8
09_ROUNDS
 62
     7
370
    25
100
AcDbLine
 10
272.8827333929451
 20
120.8479311414743
 30
0.0
 11
273.1827333929447
 21
120.8479311414743
 31
0.0
  0
LINE
  5
21F
330
70
100
AcDbEntity
  8
09_ROUNDS
 62
     7
370
    25
100
AcDbLine
 10
274.968055766245
 20
121.2207299604748
 30
0.0
 11
274.7202374001449
 21
121.2207298658749
 31
0.0
  0
LINE
  5
220
330
70
100
AcDbEntity
  8
09_ROUNDS
 62
     7
370
    25
100
AcDbLine
 10
281.913248495545
 20
121.4280202532747
 30
0.0
 11
280.513248495545
 21
121.4280202532747
 31
0.0
  0
LINE
  5
221
330
70
100
AcDbEntity
  8
09_ROUNDS
 62
     7
370
    25
100
AcDbLine
 10
275.3930005831449
 20
120.7143155957748
 30
0.0
 11
279.5132484955449
 21
120.6520364894748
 31
0.0
  0
LINE
  5
222
330
70
100
AcDbEntity
  8
09_ROUNDS
 62
     7
370
    25
100
AcDbLine
 10
274.968055766245
 20
121.2207299604748
 30
0.0
 11
279.5132484955449
 21
121.1520276523745
 31
0.0
  0
LINE
  5
223
330
70
100
AcDbEntity
  8
09_ROUNDS
 62
     7
370
    25
100
AcDbLine
 10
282.4632484955448
 20
156.0950152914751
 30
0.0
 11
269.063248495545
 21
156.0950152914751
 31
0.0
  0
LINE
  5
224
330
70
100
AcDbEntity
  8
09_ROUNDS
 62
     7
370
    25
100
AcDbLine
 10
282.4632484955448
 20
156.8282535462748
 30
0.0
 11
269.063248495545
 21
156.8282535462748
 31
0.0
  0
LINE
  5
225
330
70
100
AcDbEntity
  8
09_ROUNDS
 62
     7
370
    25
100
AcDbLine
 10
282.4632484955448
 20
157.1667315879752
 30
0.0
 11
269.063248495545
 21
157.1667315879752
 31
0.0
  0
LWPOLYLINE
  5
226
330
70
100
AcDbEntity
  8
09_ROUNDS
 62
     7
370
    25
100
AcDbPolyline
 90
       11
 70
     0
 43
0.0
 10
267.0950959548447
 20
165.4765536763749
 10
267.1214178003447
 20
165.4190329410744
 10
267.1840787316449
 20
165.2636425122743
 10
267.2343191585451
 20
165.1094687043746
 10
267.2739702888449
 20
164.9553105095746
 10
267.3046767826447
 20
164.8010980424752
 10
267.3279468726448
 20
164.6465822896747
 10
267.3449917309449
 20
164.4911210393751
 10
267.3566468423449
 20
164.3338701059746
 10
267.3633838164451
 20
164.1737298829749
 10
267.3653293572446
 20
164.0280202547745
  0
LINE
  5
227
330
70
100
AcDbEntity
  8
09_ROUNDS
 62
     7
370
    25
100
AcDbLine
 10
282.4632484955448
 20
161.6077186022744
 30
0.0
 11
282.4632484955448
 21
156.0950395639748
 31
0.0
  0
LINE
  5
228
330
70
100
AcDbEntity
  8
09_ROUNDS
 62
     7
370
    25
100
AcDbLine
 10
282.4632484955448
 20
159.8638434807748
 30
0.0
 11
269.063248495545
 21
159.8638434807748
 31
0.0
  0
LINE
  5
229
330
70
100
AcDbEntity
  8
09_ROUNDS
 62
     7
370
    25
100
AcDbLine
 10
269.063248495545
 20
160.0924359129752
 30
0.0
 11
276.1632484955449
 21
160.0924359129752
 31
0.0
  0
LINE
  5
22A
330
70
100
AcDbEntity
  8
09_ROUNDS
 62
     7
370
    25
100
AcDbLine
 10
269.063248495545
 20
160.3201812529749
 30
0.0
 11
276.1632484955449
 21
160.3201812529749
 31
0.0
  0
LINE
  5
22B
330
70
100
AcDbEntity
  8
09_ROUNDS
 62
     7
370
    25
100
AcDbLine
 10
281.913248495545
 20
121.4280202532747
 30
0.0
 11
281.913248495545
 21
121.528020253275
 31
0.0
  0
LINE
  5
22C
330
70
100
AcDbEntity
  8
09_ROUNDS
 62
     7
370
    25
100
AcDbLine
 10
281.6132484955446
 20
121.4280202532747
 30
0.0
 11
281.6132484955446
 21
121.528020253275
 31
0.0
  0
LINE
  5
22D
330
70
100
AcDbEntity
  8
09_ROUNDS
 62
     7
370
    25
100
AcDbLine
 10
280.6632484955447
 20
161.811670964275
 30
0.0
 11
280.6632484955447
 21
161.6077186022744
 31
0.0
  0
LINE
  5
22E
330
70
100
AcDbEntity
  8
09_ROUNDS
 62
     7
370
    25
100
AcDbLine
 10
280.6632484955447
 20
162.6683452434745
 30
0.0
 11
280.6632484955447
 21
163.3989421261745
 31
0.0
  0
LINE
  5
22F
330
70
100
AcDbEntity
  8
09_ROUNDS
 62
     7
370
    25
100
AcDbLine
 10
279.8132484955445
 20
208.0280202532748
 30
0.0
 11
279.8132484955445
 21
207.5280202532748
 31
0.0
  0
LINE
  5
230
330
70
100
AcDbEntity
  8
09_ROUNDS
 62
     7
370
    25
100
AcDbLine
 10
279.8132484955445
 20
120.5280202532743
 30
0.0
 11
279.8132484955445
 21
120.0280202532753
 31
0.0
  0
LINE
  5
231
330
70
100
AcDbEntity
  8
09_ROUNDS
 62
     7
370
    25
100
AcDbLine
 10
279.5132484955449
 20
121.528020253275
 30
0.0
 11
279.5132484955449
 21
120.3280202532749
 31
0.0
  0
LINE
  5
232
330
70
100
AcDbEntity
  8
09_ROUNDS
 62
     7
370
    25
100
AcDbLine
 10
279.5132484955449
 20
206.5280202532748
 30
0.0
 11
279.5132484955449
 21
208.0280202532748
 31
0.0
  0
LINE
  5
233
330
70
100
AcDbEntity
  8
09_ROUNDS
 62
     7
370
    25
100
AcDbLine
 10
269.063248495545
 20
161.2356179995743
 30
0.0
 11
276.1632484955449
 21
161.2356179995743
 31
0.0
  0
LINE
  5
234
330
70
100
AcDbEntity
  8
09_ROUNDS
 62
     7
370
    25
100
AcDbLine
 10
280.6632484955447
 20
161.7262346424747
 30
0.0
 11
270.8632484955451
 21
161.7262346424747
 31
0.0
  0
LINE
  5
235
330
70
100
AcDbEntity
  8
09_ROUNDS
 62
     7
370
    25
100
AcDbLine
 10
280.6632484955447
 20
161.8116821202744
 30
0.0
 11
270.8632484955451
 21
161.8116821202744
 31
0.0
  0
LINE
  5
236
330
70
100
AcDbEntity
  8
09_ROUNDS
 62
     7
370
    25
100
AcDbLine
 10
280.6632484955447
 20
162.7190721979747
 30
0.0
 11
270.8632484955451
 21
162.7190721979747
 31
0.0
  0
LINE
  5
237
330
70
100
AcDbEntity
  8
09_ROUNDS
 62
     7
370
    25
100
AcDbLine
 10
280.6632484955447
 20
162.9343580549746
 30
0.0
 11
270.8632484955451
 21
162.9343580549746
 31
0.0
  0
LINE
  5
238
330
70
100
AcDbEntity
  8
09_ROUNDS
 62
     7
370
    25
100
AcDbLine
 10
280.6632484955447
 20
163.3989421261745
 30
0.0
 11
270.8632484955451
 21
163.3989421261745
 31
0.0
  0
LINE
  5
239
330
70
100
AcDbEntity
  8
09_ROUNDS
 62
     7
370
    25
100
AcDbLine
 10
276.4632484955446
 20
161.0068966280748
 30
0.0
 11
276.4632484955446
 21
160.302934180275
 31
0.0
  0
LINE
  5
23A
330
70
100
AcDbEntity
  8
09_ROUNDS
 62
     7
370
    25
100
AcDbLine
 10
276.1632484955449
 20
160.0924359129752
 30
0.0
 11
276.1632484955449
 21
161.2356179995743
 31
0.0
  0
LINE
  5
23B
330
70
100
AcDbEntity
  8
09_ROUNDS
 62
     7
370
    25
100
AcDbLine
 10
275.7632484955449
 20
202.4436863206747
 30
0.0
 11
275.7632484955449
 21
202.2780202532748
 31
0.0
  0
LINE
  5
23C
330
70
100
AcDbEntity
  8
09_ROUNDS
 62
     7
370
    25
100
AcDbLine
 10
275.7632484955449
 20
194.7780202532748
 30
0.0
 11
275.7632484955449
 21
194.7547262716747
 31
0.0
  0
LINE
  5
23D
330
70
100
AcDbEntity
  8
09_ROUNDS
 62
     7
370
    25
100
AcDbLine
 10
275.7632484955449
 20
194.5280202532747
 30
0.0
 11
275.7632484955449
 21
194.6734169286748
 31
0.0
  0
LINE
  5
23E
330
70
100
AcDbEntity
  8
09_ROUNDS
 62
     7
370
    25
100
AcDbLine
 10
275.7632484955449
 20
206.5280202532748
 30
0.0
 11
275.7632484955449
 21
208.0280202532748
 31
0.0
  0
LINE
  5
23F
330
70
100
AcDbEntity
  8
09_ROUNDS
 62
     7
370
    25
100
AcDbLine
 10
274.968055766245
 20
121.528020253275
 30
0.0
 11
274.968055766245
 21
121.2207299604748
 31
0.0
  0
LWPOLYLINE
  5
240
330
70
100
AcDbEntity
  8
09_ROUNDS
 62
     7
370
    25
100
AcDbPolyline
 90
       17
 70
     0
 43
0.0
 10
274.7202428915448
 20
121.2207298662747
 10
274.720712819345
 20
121.2013950742747
 10
274.7265826582448
 20
121.1499973205743
 10
274.7392479228448
 20
121.0989475336749
 10
274.7589968512449
 20
121.0484014245749
 10
274.7862363612451
 20
120.9986995888751
 10
274.8210773009447
 20
120.9507588269748
 10
274.862954006945
 20
120.905926055475
 10
274.9111077999449
 20
120.8650907194753
 10
274.9646369247446
 20
120.828834361175
 10
275.0228438894447
 20
120.7973654058751
 10
275.0851959585446
 20
120.7707564581749
 10
275.1512212283446
 20
120.7490811971748
 10
275.2205187833446
 20
120.7324421132747
 10
275.2930421209446
 20
120.7209692998749
 10
275.3688359289451
 20
120.7149789190746
 10
275.3930259027447
 20
120.7143149852751
  0
LINE
  5
241
330
70
100
AcDbEntity
  8
09_ROUNDS
 62
     7
370
    25
100
AcDbLine
 10
272.885756315145
 20
120.5479463719748
 30
0.0
 11
272.8827333929451
 21
120.8479311414743
 31
0.0
  0
LINE
  5
242
330
70
100
AcDbEntity
  8
09_ROUNDS
 62
     7
370
    25
100
AcDbLine
 10
274.7202374001449
 20
121.528020253275
 30
0.0
 11
274.7202374001449
 21
121.2207298658749
 31
0.0
  0
LINE
  5
243
330
70
100
AcDbEntity
  8
09_ROUNDS
 62
     7
370
    25
100
AcDbLine
 10
273.7632484955448
 20
168.173836787275
 30
0.0
 11
273.7632484955448
 21
167.8573417863746
 31
0.0
  0
LINE
  5
244
330
70
100
AcDbEntity
  8
09_ROUNDS
 62
     7
370
    25
100
AcDbLine
 10
273.5757484955446
 20
168.1720147261749
 30
0.0
 11
273.5757484955446
 21
167.8573417863746
 31
0.0
  0
LINE
  5
245
330
70
100
AcDbEntity
  8
09_ROUNDS
 62
     7
370
    25
100
AcDbLine
 10
273.4632484955445
 20
168.1709214895745
 30
0.0
 11
273.4632484955445
 21
167.8573417863746
 31
0.0
  0
LINE
  5
246
330
70
100
AcDbEntity
  8
09_ROUNDS
 62
     7
370
    25
100
AcDbLine
 10
273.1827333929447
 20
121.528020253275
 30
0.0
 11
273.1827333929447
 21
120.8479311414743
 31
0.0
  0
LINE
  5
247
330
70
100
AcDbEntity
  8
09_ROUNDS
 62
     7
370
    25
100
AcDbLine
 10
272.8827333929451
 20
121.528020253275
 30
0.0
 11
272.8827333929451
 21
120.8479311414743
 31
0.0
  0
LINE
  5
248
330
70
100
AcDbEntity
  8
09_ROUNDS
 62
     7
370
    25
100
AcDbLine
 10
272.7632484955448
 20
168.1641191281748
 30
0.0
 11
272.7632484955448
 21
167.8573417863746
 31
0.0
  0
LINE
  5
249
330
70
100
AcDbEntity
  8
09_ROUNDS
 62
     7
370
    25
100
AcDbLine
 10
272.0132484955449
 20
120.3280202532749
 30
0.0
 11
272.0132484955449
 21
121.528020253275
 31
0.0
  0
LINE
  5
24A
330
70
100
AcDbEntity
  8
09_ROUNDS
 62
     7
370
    25
100
AcDbLine
 10
272.0132484955449
 20
206.5280202532748
 30
0.0
 11
272.0132484955449
 21
207.7280202532748
 31
0.0
  0
LINE
  5
24B
330
70
100
AcDbEntity
  8
09_ROUNDS
 62
     7
370
    25
100
AcDbLine
 10
271.7132484955446
 20
120.0280202532753
 30
0.0
 11
271.7132484955446
 21
120.5280202532743
 31
0.0
  0
LINE
  5
24C
330
70
100
AcDbEntity
  8
09_ROUNDS
 62
     7
370
    25
100
AcDbLine
 10
271.7132484955446
 20
207.5280202532748
 30
0.0
 11
271.7132484955446
 21
208.0280202532748
 31
0.0
  0
LINE
  5
24D
330
70
100
AcDbEntity
  8
09_ROUNDS
 62
     7
370
    25
100
AcDbLine
 10
270.8632484955451
 20
161.6077186022744
 30
0.0
 11
270.8632484955451
 21
161.811670964275
 31
0.0
  0
LINE
  5
24E
330
70
100
AcDbEntity
  8
09_ROUNDS
 62
     7
370
    25
100
AcDbLine
 10
270.8632484955451
 20
162.6683452434745
 30
0.0
 11
270.8632484955451
 21
163.3989421261745
 31
0.0
  0
LINE
  5
24F
330
70
100
AcDbEntity
  8
09_ROUNDS
 62
     7
370
    25
100
AcDbLine
 10
269.063248495545
 20
156.0950395639748
 30
0.0
 11
269.063248495545
 21
161.2356179995743
 31
0.0
  0
LINE
  5
250
330
70
100
AcDbEntity
  8
09_ROUNDS
 62
     7
370
    25
100
AcDbLine
 10
267.2660559151447
 20
163.0700506029747
 30
0.0
 11
267.2660559151447
 21
164.9860805169749
 31
0.0
  0
LINE
  5
251
330
70
100
AcDbEntity
  8
09_ROUNDS
 62
     7
370
    25
100
AcDbLine
 10
267.0632484955449
 20
157.422294164675
 30
0.0
 11
267.0632484955449
 21
170.6337463418748
 31
0.0
  0
LWPOLYLINE
  5
252
330
70
100
AcDbEntity
  8
09_ROUNDS
 62
     7
370
    25
100
AcDbPolyline
 90
       11
 70
     0
 43
0.0
 10
267.365329424245
 20
164.0280202547745
 10
267.363426193445
 20
163.8838988937747
 10
267.3567339682446
 20
163.7236835678749
 10
267.3451233105449
 20
163.5663651173746
 10
267.3281255321446
 20
163.4108445130749
 10
267.3049076430446
 20
163.2562753417747
 10
267.2742607135451
 20
163.1020141037746
 10
267.2346778386449
 20
162.9478107720747
 10
267.1845144464446
 20
162.7935977642745
 10
267.1219382489447
 20
162.6381827237751
 10
267.0950954821448
 20
162.5794860805747
  0
LWPOLYLINE
  5
253
330
70
100
AcDbEntity
  8
09_ROUNDS
 62
     7
370
    25
100
AcDbPolyline
 90
       11
 70
     0
 43
0.0
 10
274.5281653318446
 20
194.7981762449747
 10
274.4627140528451
 20
194.8232529185748
 10
274.4003118872446
 20
194.8486339746746
 10
274.340909403245
 20
194.8741865166746
 10
274.2844679577446
 20
194.8997755952748
 10
274.230943397345
 20
194.9252799003748
 10
274.1803211730448
 20
194.9505637854747
 10
274.1326179268451
 20
194.9754824507748
 10
274.0878266832445
 20
194.9999020068749
 10
274.0459478148449
 20
195.0236874333747
 10
274.0069563300451
 20
195.0467214402746
  0
LWPOLYLINE
  5
254
330
70
100
AcDbEntity
  8
09_ROUNDS
 62
     7
370
    25
100
AcDbPolyline
 90
       16
 70
     0
 43
0.0
 10
274.0069563300451
 20
195.0467214402746
 10
273.9708280325445
 20
195.0688882527748
 10
273.9375266701445
 20
195.0900852858746
 10
273.9070039642449
 20
195.1102209722748
 10
273.879208557645
 20
195.1292112757749
 10
273.854080133145
 20
195.1469837685748
 10
273.8315522178445
 20
195.1634749579748
 10
273.8115666988447
 20
195.1786198413747
 10
273.794054380545
 20
195.1923657791749
 10
273.7789441241446
 20
195.2046629381746
 10
273.766184897745
 20
195.2154467768747
 10
273.7557097713445
 20
195.2246626912749
 10
273.7474951859448
 20
195.2322090348749
 10
273.741542402845
 20
195.2379442149748
 10
273.737851767545
 20
195.2416933208748
 10
273.7370928851451
 20
195.2424982109748
  0
LINE
  5
255
330
70
100
AcDbEntity
  8
09_ROUNDS
 62
     7
370
    25
100
AcDbLine
 10
275.9580298895451
 20
194.6151126150748
 30
0.0
 11
275.7632484955449
 21
194.6133064304749
 31
0.0
  0
LWPOLYLINE
  5
256
330
70
100
AcDbEntity
  8
09_ROUNDS
 62
     7
370
    25
100
AcDbPolyline
 90
       13
 70
     0
 43
0.0
 10
275.7632484955449
 20
194.5749841719747
 10
275.673840533145
 20
194.5766476377748
 10
275.5654611567448
 20
194.5815589301746
 10
275.4605052812449
 20
194.5893593135746
 10
275.3589867321446
 20
194.5997777304747
 10
275.2608969681448
 20
194.612561688075
 10
275.1662211530445
 20
194.6274685953747
 10
275.0749457039449
 20
194.6442698897748
 10
274.987041873445
 20
194.6627494566748
 10
274.902476429445
 20
194.6827013101747
 10
274.8212047370447
 20
194.7039357266748
 10
274.7431828783445
 20
194.7262674406747
 10
274.668361268745
 20
194.749528890975
  0
LINE
  5
257
330
70
100
AcDbEntity
  8
09_ROUNDS
 62
     7
370
    25
100
AcDbLine
 10
274.4739685277451
 20
194.7986058805746
 30
0.0
 11
274.4045196132445
 21
194.800946764475
 31
0.0
  0
LWPOLYLINE
  5
258
330
70
100
AcDbEntity
  8
09_ROUNDS
 62
     7
370
    25
100
AcDbPolyline
 90
        3
 70
     0
 43
0.0
 10
274.668361268745
 20
194.7495288909747
 10
274.5966995433445
 20
194.7735512340747
 10
274.5281653318446
 20
194.7981762449747
  0
LINE
  5
259
330
70
100
AcDbEntity
  8
09_ROUNDS
 62
     7
370
    25
100
AcDbLine
 10
275.7632484955449
 20
202.4607244381747
 30
0.0
 11
275.4162643138446
 21
202.4546678067749
 31
0.0
  0
LINE
  5
25A
330
70
100
AcDbEntity
  8
09_ROUNDS
 62
     7
370
    25
100
AcDbLine
 10
271.3132484955446
 20
207.5280202532748
 30
0.0
 11
271.7132484955446
 21
207.5280202532748
 31
0.0
  0
LINE
  5
25B
330
70
100
AcDbEntity
  8
09_ROUNDS
 62
     7
370
    25
100
AcDbLine
 10
279.8132484955445
 20
207.5280202532748
 30
0.0
 11
280.513248495545
 21
207.5280202532748
 31
0.0
  0
LINE
  5
25C
330
70
100
AcDbEntity
  8
09_ROUNDS
 62
     7
370
    25
100
AcDbLine
 10
279.5132484955449
 20
207.7280202532748
 30
0.0
 11
272.0132484955449
 21
207.7280202532748
 31
0.0
  0
LINE
  5
25D
330
70
100
AcDbEntity
  8
09_ROUNDS
 62
     7
370
    25
100
AcDbLine
 10
280.2132484955446
 20
208.0280202532748
 30
0.0
 11
271.3132484955446
 21
208.0280202532748
 31
0.0
  0
SPLINE
  5
25E
330
70
100
AcDbEntity
  8
09_ROUNDS
 62
     7
370
    25
100
AcDbSpline
210
0.0
220
0.0
230
1.0
 70
     8
 71
     3
 72
     8
 73
     4
 74
     0
 42
0.0000000001
 43
0.0000000001
 40
0.0
 40
0.0
 40
0.0
 40
0.0
 40
1.0
 40
1.0
 40
1.0
 40
1.0
 10
279.5132484955449
 20
120.3280202532749
 30
0.0
 10
279.5132484955449
 20
120.1623348283253
 30
0.0
 10
279.6475630705956
 20
120.0280202532753
 30
0.0
 10
279.8132484955445
 20
120.0280202532753
 30
0.0
  0
SPLINE
  5
25F
330
70
100
AcDbEntity
  8
09_ROUNDS
 62
     7
370
    25
100
AcDbSpline
210
0.0
220
0.0
230
1.0
 70
     8
 71
     3
 72
     8
 73
     4
 74
     0
 42
0.0000000001
 43
0.0000000001
 40
0.0
 40
0.0
 40
0.0
 40
0.0
 40
1.0
 40
1.0
 40
1.0
 40
1.0
 10
267.0632484973757
 20
162.3996227079514
 30
0.0
 10
267.0669385916008
 20
162.4073281880368
 30
0.0
 10
267.0706014565696
 20
162.4150466784542
 30
0.0
 10
267.0742370237305
 20
162.4227780347499
 30
0.0
  0
SPLINE
  5
260
330
70
100
AcDbEntity
  8
09_ROUNDS
 62
     7
370
    25
100
AcDbSpline
210
0.0
220
0.0
230
1.0
 70
     8
 71
     3
 72
     8
 73
     4
 74
     0
 42
0.0000000001
 43
0.0000000001
 40
0.0
 40
0.0
 40
0.0
 40
0.0
 40
1.0
 40
1.0
 40
1.0
 40
1.0
 10
271.7132484955446
 20
120.0280202532753
 30
0.0
 10
271.8789339204942
 20
120.0280202532753
 30
0.0
 10
272.0132484955449
 20
120.1623348283253
 30
0.0
 10
272.0132484955449
 20
120.3280202532749
 30
0.0
  0
SPLINE
  5
261
330
70
100
AcDbEntity
  8
09_ROUNDS
 62
     7
370
    25
100
AcDbSpline
210
0.0
220
0.0
230
1.0
 70
     8
 71
     3
 72
     8
 73
     4
 74
     0
 42
0.0000000001
 43
0.0000000001
 40
0.0
 40
0.0
 40
0.0
 40
0.0
 40
1.0
 40
1.0
 40
1.0
 40
1.0
 10
272.8857563151463
 20
120.5479463719613
 30
0.0
 10
273.0502540272386
 20
120.5496040029477
 30
0.0
 10
273.1827332686136
 20
120.6834250777312
 30
0.0
 10
273.1827331161447
 20
120.8479311415231
 30
0.0
  0
SPLINE
  5
262
330
70
100
AcDbEntity
  8
09_ROUNDS
 62
     7
370
    25
100
AcDbSpline
210
0.0
220
0.0
230
1.0
 70
     8
 71
     3
 72
     8
 73
     4
 74
     0
 42
0.0000000001
 43
0.0000000001
 40
0.0
 40
0.0
 40
0.0
 40
0.0
 40
1.0
 40
1.0
 40
1.0
 40
1.0
 10
273.7489391776787
 20
195.3649429586203
 30
0.0
 10
274.3508549420423
 20
194.9816312593531
 30
0.0
 10
275.049644651536
 20
194.7780202532748
 30
0.0
 10
275.7632484955449
 20
194.7780202532748
 30
0.0
  0
SPLINE
  5
263
330
70
100
AcDbEntity
  8
09_ROUNDS
 62
     7
370
    25
100
AcDbSpline
210
0.0
220
0.0
230
1.0
 70
     8
 71
     3
 72
     8
 73
     4
 74
     0
 42
0.0000000001
 43
0.0000000001
 40
0.0
 40
0.0
 40
0.0
 40
0.0
 40
1.0
 40
1.0
 40
1.0
 40
1.0
 10
275.7288117992727
 20
194.574734137774
 30
0.0
 10
275.7402900416472
 20
194.5745527912409
 30
0.0
 10
275.7517690641212
 20
194.5744247367334
 30
0.0
 10
275.7632484955436
 20
194.5743499783913
 30
0.0
  0
SPLINE
  5
264
330
70
100
AcDbEntity
  8
09_ROUNDS
 62
     7
370
    25
100
AcDbSpline
210
0.0
220
0.0
230
1.0
 70
     8
 71
     3
 72
     8
 73
     4
 74
     0
 42
0.0000000001
 43
0.0000000001
 40
0.0
 40
0.0
 40
0.0
 40
0.0
 40
1.0
 40
1.0
 40
1.0
 40
1.0
 10
274.460612784963
 20
194.8231861910603
 30
0.0
 10
274.509219208363
 20
194.8039844170059
 30
0.0
 10
274.5582579351745
 20
194.7858955140601
 30
0.0
 10
274.6076905892043
 20
194.7689336380392
 30
0.0
  0
SPLINE
  5
265
330
70
100
AcDbEntity
  8
09_ROUNDS
 62
     7
370
    25
100
AcDbSpline
210
0.0
220
0.0
230
1.0
 70
     8
 71
     3
 72
     8
 73
     4
 74
     0
 42
0.0000000001
 43
0.0000000001
 40
0.0
 40
0.0
 40
0.0
 40
0.0
 40
1.0
 40
1.0
 40
1.0
 40
1.0
 10
267.0742370001943
 20
165.6332624294041
 30
0.0
 10
267.0706014363542
 20
165.6409937990401
 30
0.0
 10
267.066938578704
 20
165.6487123047202
 30
0.0
 10
267.0632484957746
 20
165.656417802034
 30
0.0
  0
SPLINE
  5
266
330
70
100
AcDbEntity
  8
09_ROUNDS
 62
     7
370
    25
100
AcDbSpline
210
0.0
220
0.0
230
1.0
 70
     8
 71
     3
 72
     8
 73
     4
 74
     0
 42
0.0000000001
 43
0.0000000001
 40
0.0
 40
0.0
 40
0.0
 40
0.0
 40
1.0
 40
1.0
 40
1.0
 40
1.0
 10
272.0132484955449
 20
207.7280202532748
 30
0.0
 10
272.0132484955449
 20
207.8937056782241
 30
0.0
 10
271.8789339204942
 20
208.0280202532748
 30
0.0
 10
271.7132484955446
 20
208.0280202532748
 30
0.0
  0
SPLINE
  5
267
330
70
100
AcDbEntity
  8
09_ROUNDS
 62
     7
370
    25
100
AcDbSpline
210
0.0
220
0.0
230
1.0
 70
     8
 71
     3
 72
     8
 73
     4
 74
     0
 42
0.0000000001
 43
0.0000000001
 40
0.0
 40
0.0
 40
0.0
 40
0.0
 40
1.0
 40
1.0
 40
1.0
 40
1.0
 10
267.2353397758049
 20
206.4260634388744
 30
0.0
 10
267.2329078666879
 20
206.4257207284208
 30
0.0
 10
267.2304824764304
 20
206.4253332524
 30
0.0
 10
267.2280648391499
 20
206.4249012079726
 30
0.0
  0
SPLINE
  5
268
330
70
100
AcDbEntity
  8
09_ROUNDS
 62
     7
370
    25
100
AcDbSpline
210
0.0
220
0.0
230
1.0
 70
     8
 71
     3
 72
    41
 73
    37
 74
     0
 42
0.0000000001
 43
0.0000000001
 40
0.0
 40
0.0
 40
0.0
 40
0.0
 40
1.0
 40
1.0
 40
1.0
 40
2.0
 40
2.0
 40
2.0
 40
3.0
 40
3.0
 40
3.0
 40
4.0
 40
4.0
 40
4.0
 40
5.0
 40
5.0
 40
5.0
 40
6.0
 40
6.0
 40
6.0
 40
7.0
 40
7.0
 40
7.0
 40
8.0
 40
8.0
 40
8.0
 40
9.0
 40
9.0
 40
9.0
 40
10.0
 40
10.0
 40
10.0
 40
11.0
 40
11.0
 40
11.0
 40
12.0
 40
12.0
 40
12.0
 40
12.0
 10
277.763248495545
 20
167.9920576351748
 30
0.0
 10
277.763248495545
 20
168.001982611875
 30
0.0
 10
277.7652497823012
 20
168.0119715695167
 30
0.0
 10
277.7687368595196
 20
168.021322363502
 30
0.0
 10
277.7726462335697
 20
168.0318055702288
 30
0.0
 10
277.7784230572152
 20
168.0414866864238
 30
0.0
 10
277.7851564300233
 20
168.0503856363605
 30
0.0
 10
277.7931267965926
 20
168.0609194201101
 30
0.0
 10
277.8024374525084
 20
168.0703572548539
 30
0.0
 10
277.8123903545236
 20
168.0790143844611
 30
0.0
 10
277.8242480641903
 20
168.0893283340285
 30
0.0
 10
277.8370173724442
 20
168.0985341574434
 30
0.0
 10
277.8502391705386
 20
168.1070063718577
 30
0.0
 10
277.8657732731196
 20
168.1169602561069
 30
0.0
 10
277.8819319730372
 20
168.1259014983321
 30
0.0
 10
277.8984231945847
 20
168.134159388631
 30
0.0
 10
277.9174356138274
 20
168.1436797550855
 30
0.0
 10
277.9368899992241
 20
168.152291854538
 30
0.0
 10
277.9565947551183
 20
168.1602721387912
 30
0.0
 10
277.9788925395023
 20
168.1693025809124
 30
0.0
 10
278.0015109245788
 20
168.1775239804622
 30
0.0
 10
278.0243233776948
 20
168.1851542436164
 30
0.0
 10
278.0497109770515
 20
168.1936458364748
 30
0.0
 10
278.0753389314918
 20
168.2014053013734
 30
0.0
 10
278.1011166987276
 20
168.2086237795777
 30
0.0
 10
278.159975363013
 20
168.2251058116087
 30
0.0
 10
278.2196150778027
 20
168.2387674041165
 30
0.0
 10
278.2795843570126
 20
168.2506497326118
 30
0.0
 10
278.3482865305691
 20
168.264262399053
 30
0.0
 10
278.4174212414755
 20
168.2755398675953
 30
0.0
 10
278.4867852136511
 20
168.2851220480461
 30
0.0
 10
278.5631797773463
 20
168.2956754588693
 30
0.0
 10
278.6398524325262
 20
168.3041725032377
 30
0.0
 10
278.7166684742829
 20
168.3110339675258
 30
0.0
 10
278.7984841842722
 20
168.3183420188063
 30
0.0
 10
278.8804625532448
 20
168.3237946537748
 30
0.0
 10
278.9625050112448
 20
168.3276288297749
 30
0.0
  0
SPLINE
  5
269
330
70
100
AcDbEntity
  8
09_ROUNDS
 62
     7
370
    25
100
AcDbSpline
210
0.0
220
0.0
230
1.0
 70
     8
 71
     3
 72
    23
 73
    19
 74
     0
 42
0.0000000001
 43
0.0000000001
 40
0.0
 40
0.0
 40
0.0
 40
0.0
 40
1.0
 40
1.0
 40
1.0
 40
2.0
 40
2.0
 40
2.0
 40
3.0
 40
3.0
 40
3.0
 40
4.0
 40
4.0
 40
4.0
 40
5.0
 40
5.0
 40
5.0
 40
6.0
 40
6.0
 40
6.0
 40
6.0
 10
276.4510274711446
 20
160.2437464245747
 30
0.0
 10
276.446028380545
 20
160.2497732374747
 30
0.0
 10
276.4400914182437
 20
160.2550170790491
 30
0.0
 10
276.4337794951282
 20
160.2596940810574
 30
0.0
 10
276.426160345939
 20
160.2653397100383
 30
0.0
 10
276.4179948411001
 20
160.2701593967157
 30
0.0
 10
276.4095707491527
 20
160.2744587187056
 30
0.0
 10
276.3996856684733
 20
160.2795036713257
 30
0.0
 10
276.3894445294966
 20
160.2838321142757
 30
0.0
 10
276.3790279919626
 20
160.2876601389726
 30
0.0
 10
276.3671882785484
 20
160.2920111735855
 30
0.0
 10
276.3551219642337
 20
160.2957157078602
 30
0.0
 10
276.3429351221437
 20
160.2989578299633
 30
0.0
 10
276.3150779201374
 20
160.3063688105653
 30
0.0
 10
276.2865909513308
 20
160.3113636523812
 30
0.0
 10
276.2579371264942
 20
160.3147356584305
 30
0.0
 10
276.2265007442796
 20
160.3184351181569
 30
0.0
 10
276.1948635259449
 20
160.3201812529749
 30
0.0
 10
276.1632484955449
 20
160.3201812529749
 30
0.0
  0
SPLINE
  5
26A
330
70
100
AcDbEntity
  8
09_ROUNDS
 62
     7
370
    25
100
AcDbSpline
210
0.0
220
0.0
230
1.0
 70
     8
 71
     3
 72
    20
 73
    16
 74
     0
 42
0.0000000001
 43
0.0000000001
 40
0.0
 40
0.0
 40
0.0
 40
0.0
 40
1.0
 40
1.0
 40
1.0
 40
2.0
 40
2.0
 40
2.0
 40
3.0
 40
3.0
 40
3.0
 40
4.0
 40
4.0
 40
4.0
 40
5.0
 40
5.0
 40
5.0
 40
5.0
 10
275.883755759945
 20
194.6136249422748
 30
0.0
 10
275.9666374549447
 20
194.6143677880748
 30
0.0
 10
276.0495181828507
 20
194.617970108111
 30
0.0
 10
276.1321868743087
 20
194.6241760623881
 30
0.0
 10
276.2152448113809
 20
194.6304112374072
 30
0.0
 10
276.2980887105569
 20
194.6392746228183
 30
0.0
 10
276.3805878147617
 20
194.6508206746136
 30
0.0
 10
276.5470644487065
 20
194.6741196892732
 30
0.0
 10
276.712137076438
 20
194.7083425299308
 30
0.0
 10
276.8741883905658
 20
194.7533109300434
 30
0.0
 10
277.0395031211507
 20
194.799184911316
 30
0.0
 10
277.201673625415
 20
194.8562416016064
 30
0.0
 10
277.3592213141122
 20
194.9242728325632
 30
0.0
 10
277.5200569445193
 20
194.9937238413895
 30
0.0
 10
277.6760747942446
 20
195.0746122370746
 30
0.0
 10
277.8250254307446
 20
195.1664834083746
 30
0.0
  0
SPLINE
  5
26B
330
70
100
AcDbEntity
  8
09_ROUNDS
 62
     7
370
    25
100
AcDbSpline
210
0.0
220
0.0
230
1.0
 70
     8
 71
     3
 72
    29
 73
    25
 74
     0
 42
0.0000000001
 43
0.0000000001
 40
0.0
 40
0.0
 40
0.0
 40
0.0
 40
1.0
 40
1.0
 40
1.0
 40
2.0
 40
2.0
 40
2.0
 40
3.0
 40
3.0
 40
3.0
 40
4.0
 40
4.0
 40
4.0
 40
5.0
 40
5.0
 40
5.0
 40
6.0
 40
6.0
 40
6.0
 40
7.0
 40
7.0
 40
7.0
 40
8.0
 40
8.0
 40
8.0
 40
8.0
 10
274.968055766245
 20
121.2207299604748
 30
0.0
 10
274.9677786646445
 20
121.1830516662752
 30
0.0
 10
274.9711475489987
 20
121.1452399149886
 30
0.0
 10
274.9781821697222
 20
121.1081465171601
 30
0.0
 10
274.9849058756199
 20
121.0726925662548
 30
0.0
 10
274.9949784436715
 20
121.0378948727748
 30
0.0
 10
275.0083787008958
 20
121.0044101983419
 30
0.0
 10
275.0208265245886
 20
120.9733054727573
 30
0.0
 10
275.036145812048
 20
120.9433337516176
 30
0.0
 10
275.0542803690738
 20
120.9151593261808
 30
0.0
 10
275.0709772793195
 20
120.889218474575
 30
0.0
 10
275.090060782265
 20
120.8648012471558
 30
0.0
 10
275.1113887219327
 20
120.8425124727692
 30
0.0
 10
275.1311268291924
 20
120.8218851535635
 30
0.0
 10
275.1527872338062
 20
120.803080794921
 30
0.0
 10
275.1761254322811
 20
120.7866330246597
 30
0.0
 10
275.1980172865266
 20
120.7712045763335
 30
0.0
 10
275.2213854218025
 20
120.7578496763757
 30
0.0
 10
275.2458668595232
 20
120.746995779746
 30
0.0
 10
275.2692586651881
 20
120.7366249737661
 30
0.0
 10
275.2936668759144
 20
120.7285374938084
 30
0.0
 10
275.3186680720364
 20
120.7230189859951
 30
0.0
 10
275.3430757702114
 20
120.7176314808359
 30
0.0
 10
275.3680486344448
 20
120.7146924269749
 30
0.0
 10
275.3929885837451
 20
120.7143155780748
 30
0.0
  0
LINE
  5
26C
330
70
100
AcDbEntity
  8
09_ROUNDS
 62
     7
370
    25
100
AcDbLine
 10
275.7632484955449
 20
194.6734169286748
 30
0.0
 11
276.560114398645
 21
194.6802998205748
 31
0.0
  0
SPLINE
  5
26D
330
70
100
AcDbEntity
  8
09_ROUNDS
 62
     7
370
    25
100
AcDbSpline
210
0.0
220
0.0
230
1.0
 70
     8
 71
     3
 72
    11
 73
     7
 74
     0
 42
0.0000000001
 43
0.0000000001
 40
0.0
 40
0.0
 40
0.0
 40
0.0
 40
1.0
 40
1.0
 40
1.0
 40
2.0
 40
2.0
 40
2.0
 40
2.0
 10
275.7632484955449
 20
194.6133064304749
 30
0.0
 10
275.7839809997451
 20
194.6138269425749
 30
0.0
 10
275.8047240754359
 20
194.613743000411
 30
0.0
 10
275.8254646832028
 20
194.6136454726138
 30
0.0
 10
275.844896514818
 20
194.6135540990268
 30
0.0
 10
275.8643261801447
 20
194.6134508002746
 30
0.0
 10
275.883755759945
 20
194.6136249422748
 30
0.0
  0
SPLINE
  5
26E
330
70
100
AcDbEntity
  8
09_ROUNDS
 62
     7
370
    25
100
AcDbSpline
210
0.0
220
0.0
230
1.0
 70
     8
 71
     3
 72
    11
 73
     7
 74
     0
 42
0.0000000001
 43
0.0000000001
 40
0.0
 40
0.0
 40
0.0
 40
0.0
 40
1.0
 40
1.0
 40
1.0
 40
2.0
 40
2.0
 40
2.0
 40
2.0
 10
267.0950955358447
 20
162.5794860517746
 30
0.0
 10
267.0841244222449
 20
162.5562027606751
 30
0.0
 10
267.0760629511777
 20
162.5314541862086
 30
0.0
 10
267.0708668965522
 20
162.5061698474589
 30
0.0
 10
267.065567344987
 20
162.48038188589
 30
0.0
 10
267.0632484955449
 20
162.4540366043752
 30
0.0
 10
267.0632484955449
 20
162.4277853047745
 30
0.0
  0
SPLINE
  5
26F
330
70
100
AcDbEntity
  8
09_ROUNDS
 62
     7
370
    25
100
AcDbSpline
210
0.0
220
0.0
230
1.0
 70
     8
 71
     3
 72
    11
 73
     7
 74
     0
 42
0.0000000001
 43
0.0000000001
 40
0.0
 40
0.0
 40
0.0
 40
0.0
 40
1.0
 40
1.0
 40
1.0
 40
2.0
 40
2.0
 40
2.0
 40
2.0
 10
267.0950960087449
 20
165.4765537053746
 30
0.0
 10
267.0841247317447
 20
165.4998370556747
 30
0.0
 10
267.0760631292568
 20
165.5245857263139
 30
0.0
 10
267.0708669984938
 20
165.5498701766358
 30
0.0
 10
267.0655673645428
 20
165.5756582750252
 30
0.0
 10
267.0632484955449
 20
165.6020037103746
 30
0.0
 10
267.0632484955449
 20
165.6282551591747
 30
0.0
  0
SPLINE
  5
270
330
70
100
AcDbEntity
  8
09_ROUNDS
 62
     7
370
    25
100
AcDbSpline
210
0.0
220
0.0
230
1.0
 70
     8
 71
     3
 72
    53
 73
    49
 74
     0
 42
0.0000000001
 43
0.0000000001
 40
0.0
 40
0.0
 40
0.0
 40
0.0
 40
1.0
 40
1.0
 40
1.0
 40
2.0
 40
2.0
 40
2.0
 40
3.0
 40
3.0
 40
3.0
 40
4.0
 40
4.0
 40
4.0
 40
5.0
 40
5.0
 40
5.0
 40
6.0
 40
6.0
 40
6.0
 40
7.0
 40
7.0
 40
7.0
 40
8.0
 40
8.0
 40
8.0
 40
9.0
 40
9.0
 40
9.0
 40
10.0
 40
10.0
 40
10.0
 40
11.0
 40
11.0
 40
11.0
 40
12.0
 40
12.0
 40
12.0
 40
13.0
 40
13.0
 40
13.0
 40
14.0
 40
14.0
 40
14.0
 40
15.0
 40
15.0
 40
15.0
 40
16.0
 40
16.0
 40
16.0
 40
16.0
 10
274.6007515534446
 20
194.7459020199747
 30
0.0
 10
274.5990884280451
 20
194.7459577789747
 30
0.0
 10
274.5974345033686
 20
194.7461803279953
 30
0.0
 10
274.5957877933196
 20
194.7464339439034
 30
0.0
 10
274.5934246997683
 20
194.7467978926854
 30
0.0
 10
274.5910764635698
 20
194.7472258186785
 30
0.0
 10
274.5887336776311
 20
194.747683733281
 30
0.0
 10
274.5825726004426
 20
194.7488879607635
 30
0.0
 10
274.5764492166518
 20
194.7502995861761
 30
0.0
 10
274.5703428553796
 20
194.7517725683271
 30
0.0
 10
274.5630299493399
 20
194.7535365943303
 30
0.0
 10
274.5557414572938
 20
194.7553886192378
 30
0.0
 10
274.5484685603608
 20
194.7573022759492
 30
0.0
 10
274.540498730841
 20
194.7593993107195
 30
0.0
 10
274.5325476284728
 20
194.7615703550933
 30
0.0
 10
274.524611093867
 20
194.7637923529607
 30
0.0
 10
274.5162372190546
 20
194.7661367933118
 30
0.0
 10
274.5078795617442
 20
194.7685379574297
 30
0.0
 10
274.4995359567316
 20
194.7709871075929
 30
0.0
 10
274.490896567588
 20
194.7735230811073
 30
0.0
 10
274.4822722447211
 20
194.7761105032214
 30
0.0
 10
274.473661600896
 20
194.7787427411094
 30
0.0
 10
274.4558550809153
 20
194.7841861199677
 30
0.0
 10
274.4381070591385
 20
194.789821152768
 30
0.0
 10
274.4204135100471
 20
194.7956217519548
 30
0.0
 10
274.4022084953749
 20
194.8015900284585
 30
0.0
 10
274.3840611481784
 20
194.8077335817177
 30
0.0
 10
274.3659706000182
 20
194.814039980008
 30
0.0
 10
274.3475394528023
 20
194.8204651117544
 30
0.0
 10
274.3291672635195
 20
194.8270592781725
 30
0.0
 10
274.3108546024326
 20
194.8338147962074
 30
0.0
 10
274.2922937377784
 20
194.8406618762312
 30
0.0
 10
274.2737940259051
 20
194.847674711322
 30
0.0
 10
274.2553570493224
 20
194.8548484369223
 30
0.0
 10
274.2367273823178
 20
194.8620971372994
 30
0.0
 10
274.2181617687872
 20
194.8695101087907
 30
0.0
 10
274.1996616129217
 20
194.8770840554996
 30
0.0
 10
274.1622200896141
 20
194.8924125805288
 30
0.0
 10
274.1250466786161
 20
194.9084004544273
 30
0.0
 10
274.088163199628
 20
194.9250303850247
 30
0.0
 10
274.0508438147163
 20
194.941856855793
 30
0.0
 10
274.0138212554108
 20
194.959340649183
 30
0.0
 10
273.9771196353508
 20
194.9774738834754
 30
0.0
 10
273.9401364939092
 20
194.9957462095349
 30
0.0
 10
273.9034792341533
 20
195.0146779778377
 30
0.0
 10
273.8671757017762
 20
195.0342679971294
 30
0.0
 10
273.8307722277383
 20
195.053911946684
 30
0.0
 10
273.7947244313445
 20
195.0742177764748
 30
0.0
 10
273.7590726029451
 20
195.0951891673747
 30
0.0
  0
SPLINE
  5
271
330
70
100
AcDbEntity
  8
09_ROUNDS
 62
     7
370
    25
100
AcDbSpline
210
0.0
220
0.0
230
1.0
 70
     8
 71
     3
 72
    26
 73
    22
 74
     0
 42
0.0000000001
 43
0.0000000001
 40
0.0
 40
0.0
 40
0.0
 40
0.0
 40
1.0
 40
1.0
 40
1.0
 40
2.0
 40
2.0
 40
2.0
 40
3.0
 40
3.0
 40
3.0
 40
4.0
 40
4.0
 40
4.0
 40
5.0
 40
5.0
 40
5.0
 40
6.0
 40
6.0
 40
6.0
 40
7.0
 40
7.0
 40
7.0
 40
7.0
 10
267.074237000245
 20
165.6332624293746
 30
0.0
 10
267.1007785680451
 20
165.5768150064751
 30
0.0
 10
267.1258099090344
 20
165.5196316628742
 30
0.0
 10
267.1488685166416
 20
165.4616610477407
 30
0.0
 10
267.1723536045917
 20
165.4026182374325
 30
0.0
 10
267.1937923109638
 20
165.342758764328
 30
0.0
 10
267.213096597667
 20
165.2822204186152
 30
0.0
 10
267.2329865224542
 20
165.219845508756
 30
0.0
 10
267.2506105585192
 20
165.1567499112963
 30
0.0
 10
267.2661537831268
 20
165.0931529699588
 30
0.0
 10
267.282248426277
 20
165.0272998344552
 30
0.0
 10
267.2961119994676
 20
164.9609091522846
 30
0.0
 10
267.3080731687406
 20
164.8941833280689
 30
0.0
 10
267.3204441839864
 20
164.8251711629696
 30
0.0
 10
267.3307801911292
 20
164.7558004952562
 30
0.0
 10
267.339419072135
 20
164.686227663012
 30
0.0
 10
267.3483034726034
 20
164.6146775510262
 30
0.0
 10
267.3553929105251
 20
164.5429136200719
 30
0.0
 10
267.3609936886227
 20
164.4710246527308
 30
0.0
 10
267.3724737729572
 20
164.3236716611717
 30
0.0
 10
267.3776994106451
 20
164.1757933424745
 30
0.0
 10
267.3776992305445
 20
164.0280202532749
 30
0.0
  0
SPLINE
  5
272
330
70
100
AcDbEntity
  8
09_ROUNDS
 62
     7
370
    25
100
AcDbSpline
210
0.0
220
0.0
230
1.0
 70
     8
 71
     3
 72
    26
 73
    22
 74
     0
 42
0.0000000001
 43
0.0000000001
 40
0.0
 40
0.0
 40
0.0
 40
0.0
 40
1.0
 40
1.0
 40
1.0
 40
2.0
 40
2.0
 40
2.0
 40
3.0
 40
3.0
 40
3.0
 40
4.0
 40
4.0
 40
4.0
 40
5.0
 40
5.0
 40
5.0
 40
6.0
 40
6.0
 40
6.0
 40
7.0
 40
7.0
 40
7.0
 40
7.0
 10
267.3776992305445
 20
164.0280202532749
 30
0.0
 10
267.3776994583445
 20
163.880247168675
 30
0.0
 10
267.3724737621549
 20
163.7323688550498
 30
0.0
 10
267.3609936611766
 20
163.5850158688347
 30
0.0
 10
267.3553928750564
 20
163.5131269053515
 30
0.0
 10
267.3483034391267
 20
163.4413629783147
 30
0.0
 10
267.3394190407701
 20
163.3698128695728
 30
0.0
 10
267.3307801608641
 20
163.3002400328039
 30
0.0
 10
267.3204441545587
 20
163.2308693599729
 30
0.0
 10
267.3080731309773
 20
163.1618571924173
 30
0.0
 10
267.2961119555799
 20
163.0951313766257
 30
0.0
 10
267.2822483683059
 20
163.0287407052588
 30
0.0
 10
267.2661537310542
 20
162.9628875745064
 30
0.0
 10
267.2506105108339
 20
162.8992906324027
 30
0.0
 10
267.2329864974427
 20
162.8361950286159
 30
0.0
 10
267.2130965686384
 20
162.7738201227403
 30
0.0
 10
267.1937922758989
 20
162.7132817741893
 30
0.0
 10
267.1723535378762
 20
162.6534223081095
 30
0.0
 10
267.1488684821406
 20
162.5943794764968
 30
0.0
 10
267.1258099044007
 20
162.5364088360149
 30
0.0
 10
267.1007786545449
 20
162.4792254398743
 30
0.0
 10
267.0742370237447
 20
162.4227780346748
 30
0.0
  0
SPLINE
  5
273
330
70
100
AcDbEntity
  8
09_ROUNDS
 62
     7
370
    25
100
AcDbSpline
210
0.0
220
0.0
230
1.0
 70
     8
 71
     3
 72
    29
 73
    25
 74
     0
 42
0.0000000001
 43
0.0000000001
 40
0.0
 40
0.0
 40
0.0
 40
0.0
 40
1.0
 40
1.0
 40
1.0
 40
2.0
 40
2.0
 40
2.0
 40
3.0
 40
3.0
 40
3.0
 40
4.0
 40
4.0
 40
4.0
 40
5.0
 40
5.0
 40
5.0
 40
6.0
 40
6.0
 40
6.0
 40
7.0
 40
7.0
 40
7.0
 40
8.0
 40
8.0
 40
8.0
 40
8.0
 10
273.6644575801447
 20
195.3409150413746
 30
0.0
 10
273.6672015570446
 20
195.3411984991747
 30
0.0
 10
273.6699784739772
 20
195.3411178104298
 30
0.0
 10
273.6727332498738
 20
195.34088171663
 30
0.0
 10
273.6762967219499
 20
195.3405763147771
 30
0.0
 10
273.6798231453999
 20
195.3400108734304
 30
0.0
 10
273.683324970446
 20
195.3393272967324
 30
0.0
 10
273.6928316475893
 20
195.3374715378401
 30
0.0
 10
273.7021570340338
 20
195.3347451191788
 30
0.0
 10
273.7113871453326
 20
195.3317692448702
 30
0.0
 10
273.7239001852202
 20
195.3277349236453
 30
0.0
 10
273.7362381229872
 20
195.3232421385439
 30
0.0
 10
273.7485021606779
 20
195.3185500195619
 30
0.0
 10
273.7639329095343
 20
195.3126463431835
 30
0.0
 10
273.7792466675283
 20
195.3064271022801
 30
0.0
 10
273.7945089437235
 20
195.3000900403766
 30
0.0
 10
273.8128022892183
 20
195.2924944457651
 30
0.0
 10
273.8310216739525
 20
195.2847295849075
 30
0.0
 10
273.8492189892842
 20
195.2769124580719
 30
0.0
 10
273.8702974514664
 20
195.2678576601866
 30
0.0
 10
273.8913463026004
 20
195.2587327357815
 30
0.0
 10
273.9124057960358
 20
195.2496317720951
 30
0.0
 10
273.9625047351074
 20
195.2279812691218
 30
0.0
 10
274.0126639019448
 20
195.2064663665747
 30
0.0
 10
274.0630832576447
 20
195.1855753151747
 30
0.0
  0
SPLINE
  5
274
330
70
100
AcDbEntity
  8
09_ROUNDS
 62
     7
370
    25
100
AcDbSpline
210
0.0
220
0.0
230
1.0
 70
     8
 71
     3
 72
    11
 73
     7
 74
     0
 42
0.0000000001
 43
0.0000000001
 40
0.0
 40
0.0
 40
0.0
 40
0.0
 40
1.0
 40
1.0
 40
1.0
 40
2.0
 40
2.0
 40
2.0
 40
2.0
 10
275.7288117992451
 20
194.5747341377746
 30
0.0
 10
275.5338983739445
 20
194.5778134694748
 30
0.0
 10
275.3389082773327
 20
194.5962772478678
 30
0.0
 10
275.1466336975805
 20
194.6301885240497
 30
0.0
 10
274.9636627229264
 20
194.6624589326639
 30
0.0
 10
274.7831508311451
 20
194.7087180878749
 30
0.0
 10
274.6076905892447
 20
194.7689336379747
 30
0.0
  0
SPLINE
  5
275
330
70
100
AcDbEntity
  8
09_ROUNDS
 62
     7
370
    25
100
AcDbSpline
210
0.0
220
0.0
230
1.0
 70
     8
 71
     3
 72
    20
 73
    16
 74
     0
 42
0.0000000001
 43
0.0000000001
 40
0.0
 40
0.0
 40
0.0
 40
0.0
 40
1.0
 40
1.0
 40
1.0
 40
2.0
 40
2.0
 40
2.0
 40
3.0
 40
3.0
 40
3.0
 40
4.0
 40
4.0
 40
4.0
 40
5.0
 40
5.0
 40
5.0
 40
5.0
 10
274.4606127850445
 20
194.8231861909746
 30
0.0
 10
274.3781400377447
 20
194.8557791600748
 30
0.0
 10
274.2969002577423
 20
194.8916290582202
 30
0.0
 10
274.2173283159536
 20
194.9308391897673
 30
0.0
 10
274.1469559466381
 20
194.9655161097487
 30
0.0
 10
274.0778880601129
 20
195.0028212023009
 30
0.0
 10
274.0104992904142
 20
195.0429947899815
 30
0.0
 10
273.9546854504205
 20
195.0762680223735
 30
0.0
 10
273.9000234438174
 20
195.1115089728062
 30
0.0
 10
273.8471416638767
 20
195.1492394592308
 30
0.0
 10
273.8255691006552
 20
195.1646312123956
 30
0.0
 10
273.8042927931049
 20
195.1804372606456
 30
0.0
 10
273.7834281813544
 20
195.1967784970925
 30
0.0
 10
273.7660219220653
 20
195.2104111398708
 30
0.0
 10
273.7489021905445
 20
195.2244162573747
 30
0.0
 10
273.7322487524447
 20
195.2389537762748
 30
0.0
  0
SPLINE
  5
276
330
70
100
AcDbEntity
  8
09_ROUNDS
 62
     7
370
    25
100
AcDbSpline
210
0.0
220
0.0
230
1.0
 70
     8
 71
     3
 72
    38
 73
    34
 74
     0
 42
0.0000000001
 43
0.0000000001
 40
0.0
 40
0.0
 40
0.0
 40
0.0
 40
1.0
 40
1.0
 40
1.0
 40
2.0
 40
2.0
 40
2.0
 40
3.0
 40
3.0
 40
3.0
 40
4.0
 40
4.0
 40
4.0
 40
5.0
 40
5.0
 40
5.0
 40
6.0
 40
6.0
 40
6.0
 40
7.0
 40
7.0
 40
7.0
 40
8.0
 40
8.0
 40
8.0
 40
9.0
 40
9.0
 40
9.0
 40
10.0
 40
10.0
 40
10.0
 40
11.0
 40
11.0
 40
11.0
 40
11.0
 10
273.7322487524447
 20
195.2389537762748
 30
0.0
 10
273.7238697611445
 20
195.2462681664749
 30
0.0
 10
273.7156087386939
 20
195.2537212921684
 30
0.0
 10
273.7075273725001
 20
195.261364121275
 30
0.0
 10
273.7006857294154
 20
195.2678345011153
 30
0.0
 10
273.6939728500771
 20
195.2744408457279
 30
0.0
 10
273.6874675153866
 20
195.2812533141897
 30
0.0
 10
273.6821504822135
 20
195.2868213783285
 30
0.0
 10
273.6769720962024
 20
195.2925271404865
 30
0.0
 10
273.6720734642363
 20
195.2984608885611
 30
0.0
 10
273.6682625785482
 20
195.3030770417582
 30
0.0
 10
273.6646210012944
 20
195.30783117308
 30
0.0
 10
273.6613358479561
 20
195.312859656122
 30
0.0
 10
273.6589559320547
 20
195.3165025200986
 30
0.0
 10
273.6567630752213
 20
195.3202893698602
 30
0.0
 10
273.6552352643656
 20
195.3243531930862
 30
0.0
 10
273.6546693610604
 20
195.3258584389642
 30
0.0
 10
273.6541947002081
 20
195.327401684829
 30
0.0
 10
273.653915503984
 20
195.3289887362216
 30
0.0
 10
273.6536900737818
 20
195.3302701622759
 30
0.0
 10
273.6535920740538
 20
195.3315801467413
 30
0.0
 10
273.6537443663358
 20
195.3328765644516
 30
0.0
 10
273.6538729054323
 20
195.3339707785506
 30
0.0
 10
273.6541797487764
 20
195.3350553278978
 30
0.0
 10
273.6547178003534
 20
195.3360136230418
 30
0.0
 10
273.6552397242798
 20
195.3369431940809
 30
0.0
 10
273.6559792036163
 20
195.3377539662144
 30
0.0
 10
273.6568315035678
 20
195.3383977155262
 30
0.0
 10
273.6578040836239
 20
195.3391323134113
 30
0.0
 10
273.6589235746591
 20
195.3396494201367
 30
0.0
 10
273.6600800237716
 20
195.3400305711746
 30
0.0
 10
273.6615005384046
 20
195.3404987548762
 30
0.0
 10
273.6629768162445
 20
195.3407618054748
 30
0.0
 10
273.6644575801447
 20
195.3409150413746
 30
0.0
  0
SPLINE
  5
277
330
70
100
AcDbEntity
  8
09_ROUNDS
 62
     7
370
    25
100
AcDbSpline
210
0.0
220
0.0
230
1.0
 70
     8
 71
     3
 72
    56
 73
    52
 74
     0
 42
0.0000000001
 43
0.0000000001
 40
0.0
 40
0.0
 40
0.0
 40
0.0
 40
1.0
 40
1.0
 40
1.0
 40
2.0
 40
2.0
 40
2.0
 40
3.0
 40
3.0
 40
3.0
 40
4.0
 40
4.0
 40
4.0
 40
5.0
 40
5.0
 40
5.0
 40
6.0
 40
6.0
 40
6.0
 40
7.0
 40
7.0
 40
7.0
 40
8.0
 40
8.0
 40
8.0
 40
9.0
 40
9.0
 40
9.0
 40
10.0
 40
10.0
 40
10.0
 40
11.0
 40
11.0
 40
11.0
 40
12.0
 40
12.0
 40
12.0
 40
13.0
 40
13.0
 40
13.0
 40
14.0
 40
14.0
 40
14.0
 40
15.0
 40
15.0
 40
15.0
 40
16.0
 40
16.0
 40
16.0
 40
17.0
 40
17.0
 40
17.0
 40
17.0
 10
274.4739685277451
 20
194.7986058805746
 30
0.0
 10
274.4818301570447
 20
194.7955863955746
 30
0.0
 10
274.4896964940717
 20
194.7925791627102
 30
0.0
 10
274.4975659084352
 20
194.7895800198589
 30
0.0
 10
274.5052077054359
 20
194.7866676251384
 30
0.0
 10
274.5128524043286
 20
194.7837628592027
 30
0.0
 10
274.5204975927844
 20
194.7808593842865
 30
0.0
 10
274.527823616126
 20
194.7780771212809
 30
0.0
 10
274.5351500890079
 20
194.7752960437521
 30
0.0
 10
274.5424725616555
 20
194.7725044355059
 30
0.0
 10
274.5459697699824
 20
194.7711711651646
 30
0.0
 10
274.5494660658511
 20
194.7698354927547
 30
0.0
 10
274.5529604979679
 20
194.7684949826406
 30
0.0
 10
274.5563097046654
 20
194.7672101829076
 30
0.0
 10
274.5596571993027
 20
194.7659209392158
 30
0.0
 10
274.5630017114025
 20
194.7646238870587
 30
0.0
 10
274.5661620596383
 20
194.7633982564208
 30
0.0
 10
274.5693197447565
 20
194.7621656535801
 30
0.0
 10
274.5724725639772
 20
194.7609210144961
 30
0.0
 10
274.5753870432099
 20
194.7597704649376
 30
0.0
 10
274.5782973644202
 20
194.758609630132
 30
0.0
 10
274.5812005343515
 20
194.7574299799335
 30
0.0
 10
274.5837932566116
 20
194.7563764744887
 30
0.0
 10
274.5863802752478
 20
194.7553079625105
 30
0.0
 10
274.5889541427903
 20
194.754211536239
 30
0.0
 10
274.5911196216418
 20
194.7532890769964
 30
0.0
 10
274.593275791615
 20
194.7523468588819
 30
0.0
 10
274.5954133545595
 20
194.7513540993425
 30
0.0
 10
274.5962938252805
 20
194.7509451777205
 30
0.0
 10
274.5971711390411
 20
194.7505276809922
 30
0.0
 10
274.5980364979961
 20
194.7500958929723
 30
0.0
 10
274.5987565395314
 20
194.7497366139619
 30
0.0
 10
274.5994683042169
 20
194.7493674404483
 30
0.0
 10
274.600181433972
 20
194.7489737376232
 30
0.0
 10
274.6007362075439
 20
194.7486674596686
 30
0.0
 10
274.6012918072474
 20
194.7483463367289
 30
0.0
 10
274.6017960389403
 20
194.748004472037
 30
0.0
 10
274.6021465208094
 20
194.7477668483849
 30
0.0
 10
274.6024721848615
 20
194.7475192036124
 30
0.0
 10
274.6028323358319
 20
194.7472047845787
 30
0.0
 10
274.6030371725296
 20
194.7470259580253
 30
0.0
 10
274.6032531650285
 20
194.7468255313879
 30
0.0
 10
274.6032510156402
 20
194.7465891872711
 30
0.0
 10
274.6032496490414
 20
194.7464389177281
 30
0.0
 10
274.6031600981154
 20
194.746274128467
 30
0.0
 10
274.6030411224753
 20
194.7461649198905
 30
0.0
 10
274.6028220237315
 20
194.745963807613
 30
0.0
 10
274.6025031375356
 20
194.7459511850117
 30
0.0
 10
274.6021997455537
 20
194.7459370425649
 30
0.0
 10
274.6016955543803
 20
194.7459135399766
 30
0.0
 10
274.601234154145
 20
194.7458858399746
 30
0.0
 10
274.6007515534446
 20
194.7459020199747
 30
0.0
  0
SPLINE
  5
278
330
70
100
AcDbEntity
  8
09_ROUNDS
 62
     7
370
    25
100
AcDbSpline
210
0.0
220
0.0
230
1.0
 70
     8
 71
     3
 72
     8
 73
     4
 74
     0
 42
0.0000000001
 43
0.0000000001
 40
0.0
 40
0.0
 40
0.0
 40
0.0
 40
1.0
 40
1.0
 40
1.0
 40
1.0
 10
276.1632484955462
 20
160.0924359129443
 30
0.0
 10
276.3289339204958
 20
160.0924359129456
 30
0.0
 10
276.4632484955459
 20
160.186679197364
 30
0.0
 10
276.4632484955446
 20
160.3029341802763
 30
0.0
  0
SPLINE
  5
279
330
70
100
AcDbEntity
  8
09_ROUNDS
 62
     7
370
    25
100
AcDbSpline
210
0.0
220
0.0
230
1.0
 70
     8
 71
     3
 72
     8
 73
     4
 74
     0
 42
0.0000000001
 43
0.0000000001
 40
0.0
 40
0.0
 40
0.0
 40
0.0
 40
1.0
 40
1.0
 40
1.0
 40
1.0
 10
276.4632484955446
 20
161.0068966280748
 30
0.0
 10
276.4632484955446
 20
161.133215953487
 30
0.0
 10
276.3289339204939
 20
161.2356179995243
 30
0.0
 10
276.1632484955449
 20
161.2356179995243
 30
0.0
  0
SPLINE
  5
27A
330
70
100
AcDbEntity
  8
09_ROUNDS
 62
     7
370
    25
100
AcDbSpline
210
0.0
220
0.0
230
1.0
 70
     8
 71
     3
 72
    11
 73
     7
 74
     0
 42
0.0000000001
 43
0.0000000001
 40
0.0
 40
0.0
 40
0.0
 40
0.0
 40
1.0
 40
1.0
 40
1.0
 40
2.0
 40
2.0
 40
2.0
 40
2.0
 10
277.8250254307292
 20
195.1664834084728
 30
0.0
 10
279.6729427713013
 20
196.3062592072265
 30
0.0
 10
280.2470149817458
 20
198.7282727865477
 30
0.0
 10
279.1072516006607
 20
200.5762021491368
 30
0.0
 10
278.3917094382322
 20
201.7363301143489
 30
0.0
 10
277.1262890358216
 20
202.4430138397007
 30
0.0
 10
275.7632484956348
 20
202.4436863206786
 30
0.0
  0
SPLINE
  5
27B
330
70
100
AcDbEntity
  8
09_ROUNDS
 62
     7
370
    25
100
AcDbSpline
210
0.0
220
0.0
230
1.0
 70
     8
 71
     3
 72
     8
 73
     4
 74
     0
 42
0.0000000001
 43
0.0000000001
 40
0.0
 40
0.0
 40
0.0
 40
0.0
 40
1.0
 40
1.0
 40
1.0
 40
1.0
 10
279.5132484955474
 20
120.9522843219746
 30
0.0
 10
279.5132484955474
 20
120.7179697469306
 30
0.0
 10
279.6475630705969
 20
120.5280202532743
 30
0.0
 10
279.8132484955445
 20
120.5280202532743
 30
0.0
  0
SPLINE
  5
27C
330
70
100
AcDbEntity
  8
09_ROUNDS
 62
     7
370
    25
100
AcDbSpline
210
0.0
220
0.0
230
1.0
 70
     8
 71
     3
 72
     8
 73
     4
 74
     0
 42
0.0000000001
 43
0.0000000001
 40
0.0
 40
0.0
 40
0.0
 40
0.0
 40
1.0
 40
1.0
 40
1.0
 40
1.0
 10
279.813248495542
 20
207.5280202532748
 30
0.0
 10
279.6475630705937
 20
207.5280202532723
 30
0.0
 10
279.5132484955462
 20
207.3380707596146
 30
0.0
 10
279.5132484955474
 20
207.1037561845703
 30
0.0
  0
SPLINE
  5
27D
330
70
100
AcDbEntity
  8
09_ROUNDS
 62
     7
370
    25
100
AcDbSpline
210
0.0
220
0.0
230
1.0
 70
     8
 71
     3
 72
    11
 73
     7
 74
     0
 42
0.0000000001
 43
0.0000000001
 40
0.0
 40
0.0
 40
0.0
 40
0.0
 40
1.0
 40
1.0
 40
1.0
 40
2.0
 40
2.0
 40
2.0
 40
2.0
 10
275.7632484954435
 20
202.4719039335207
 30
0.0
 10
273.5752028321124
 20
202.4694329097598
 30
0.0
 10
271.8034536229317
 20
200.6936511778412
 30
0.0
 10
271.8059358765153
 20
198.5055844229669
 30
0.0
 10
271.8075267754981
 20
197.1032324648122
 30
0.0
 10
272.5503385898186
 20
195.8061999257165
 30
0.0
 10
273.7590726028616
 20
195.0951891673509
 30
0.0
  0
SPLINE
  5
27E
330
70
100
AcDbEntity
  8
09_ROUNDS
 62
     7
370
    25
100
AcDbSpline
210
0.0
220
0.0
230
1.0
 70
     8
 71
     3
 72
     8
 73
     4
 74
     0
 42
0.0000000001
 43
0.0000000001
 40
0.0
 40
0.0
 40
0.0
 40
0.0
 40
1.0
 40
1.0
 40
1.0
 40
1.0
 10
271.7132484955478
 20
120.5280202532743
 30
0.0
 10
271.8789339204955
 20
120.5280202532769
 30
0.0
 10
272.0132484955436
 20
120.7179697469351
 30
0.0
 10
272.0132484955424
 20
120.9522843219791
 30
0.0
  0
SPLINE
  5
27F
330
70
100
AcDbEntity
  8
09_ROUNDS
 62
     7
370
    25
100
AcDbSpline
210
0.0
220
0.0
230
1.0
 70
     8
 71
     3
 72
     8
 73
     4
 74
     0
 42
0.0000000001
 43
0.0000000001
 40
0.0
 40
0.0
 40
0.0
 40
0.0
 40
1.0
 40
1.0
 40
1.0
 40
1.0
 10
272.0132484955424
 20
207.1037561845748
 30
0.0
 10
272.0132484955424
 20
207.3380707596188
 30
0.0
 10
271.8789339204923
 20
207.5280202532748
 30
0.0
 10
271.7132484955446
 20
207.5280202532748
 30
0.0
  0
SPLINE
  5
280
330
70
100
AcDbEntity
  8
09_ROUNDS
 62
     7
370
    25
100
AcDbSpline
210
0.0
220
0.0
230
1.0
 70
     8
 71
     3
 72
     8
 73
     4
 74
     0
 42
0.0000000001
 43
0.0000000001
 40
0.0
 40
0.0
 40
0.0
 40
0.0
 40
1.0
 40
1.0
 40
1.0
 40
1.0
 10
273.9916372585136
 20
195.0264440008353
 30
0.0
 10
274.1465706174996
 20
194.9385866853153
 30
0.0
 10
274.307792185365
 20
194.8624306877555
 30
0.0
 10
274.4739685277862
 20
194.7986058805887
 30
0.0
  0
LINE
  5
282
330
70
100
AcDbEntity
  8
03_AXES
 62
     7
370
    25
100
AcDbLine
 10
278.947585161145
 20
128.9780202532748
 30
0.0
 11
276.7589173395446
 21
128.9780202532748
 31
0.0
  0
LINE
  5
283
330
70
100
AcDbEntity
  8
03_AXES
 62
     7
370
    25
100
AcDbLine
 10
274.7682484955449
 20
128.9780202532748
 30
0.0
 11
272.5775851611449
 21
128.9780202532748
 31
0.0
  0
LINE
  5
284
330
70
100
AcDbEntity
  8
03_AXES
 62
     7
370
    25
100
AcDbLine
 10
272.5775851611449
 20
130.2780202532751
 30
0.0
 11
274.7682484955449
 21
130.2780202532751
 31
0.0
  0
LINE
  5
285
330
70
100
AcDbEntity
  8
03_AXES
 62
     7
370
    25
100
AcDbLine
 10
276.7514664974446
 20
130.2780202532751
 30
0.0
 11
278.947585161145
 21
130.2780202532751
 31
0.0
  0
LINE
  5
286
330
70
100
AcDbEntity
  8
03_AXES
 62
     7
370
    25
100
AcDbLine
 10
278.9632484955451
 20
168.3381925070749
 30
0.0
 11
278.9632484955451
 21
167.9372204658747
 31
0.0
  0
LINE
  5
287
330
70
100
AcDbEntity
  8
03_AXES
 62
     7
370
    25
100
AcDbLine
 10
276.8632484955446
 20
161.9935215661751
 30
0.0
 11
277.0632484955446
 21
161.9935215661751
 31
0.0
  0
LINE
  5
288
330
70
100
AcDbEntity
  8
03_AXES
 62
     7
370
    25
100
AcDbLine
 10
278.363248495545
 20
161.9935215661751
 30
0.0
 11
278.563248495545
 21
161.9935215661751
 31
0.0
  0
LINE
  5
289
330
70
100
AcDbEntity
  8
03_AXES
 62
     7
370
    25
100
AcDbLine
 10
276.2782484955446
 20
201.0509546882749
 30
0.0
 11
276.2782484955446
 21
199.6636373903747
 31
0.0
  0
LINE
  5
28A
330
70
100
AcDbEntity
  8
03_AXES
 62
     7
370
    25
100
AcDbLine
 10
276.2782484955446
 20
197.3923231160748
 30
0.0
 11
276.2782484955446
 21
196.0050058181747
 31
0.0
  0
LINE
  5
28B
330
70
100
AcDbEntity
  8
03_AXES
 62
     7
370
    25
100
AcDbLine
 10
276.2782484955446
 20
128.4930202532751
 30
0.0
 11
276.2782484955446
 21
127.1050458181748
 31
0.0
  0
LINE
  5
28C
330
70
100
AcDbEntity
  8
03_AXES
 62
     7
370
    25
100
AcDbLine
 10
276.2782484955446
 20
130.7701707682752
 30
0.0
 11
276.2782484955446
 21
132.150994688275
 31
0.0
  0
LINE
  5
28D
330
70
100
AcDbEntity
  8
03_AXES
 62
     7
370
    25
100
AcDbLine
 10
276.1532484955449
 20
162.3102120024749
 30
0.0
 11
276.1532484955449
 21
162.1554439604748
 31
0.0
  0
LINE
  5
28E
330
70
100
AcDbEntity
  8
03_AXES
 62
     7
370
    25
100
AcDbLine
 10
275.7632484955449
 20
121.528020253275
 30
0.0
 11
275.7632484955449
 21
125.7780202532746
 31
0.0
  0
LINE
  5
28F
330
70
100
AcDbEntity
  8
03_AXES
 62
     7
370
    25
100
AcDbLine
 10
275.7632484955449
 20
133.2780202532746
 30
0.0
 11
275.7632484955449
 21
156.0950152914751
 31
0.0
  0
LINE
  5
290
330
70
100
AcDbEntity
  8
03_AXES
 62
     7
370
    25
100
AcDbLine
 10
275.7632484955449
 20
170.0022818720748
 30
0.0
 11
275.7632484955449
 21
194.5280202532747
 31
0.0
  0
LINE
  5
291
330
70
100
AcDbEntity
  8
03_AXES
 62
     7
370
    25
100
AcDbLine
 10
275.7632484955449
 20
202.4964711271749
 30
0.0
 11
275.7632484955449
 21
206.5280202532748
 31
0.0
  0
LINE
  5
292
330
70
100
AcDbEntity
  8
03_AXES
 62
     7
370
    25
100
AcDbLine
 10
275.5532484955448
 20
162.3102120024749
 30
0.0
 11
275.5532484955448
 21
162.1554439604748
 31
0.0
  0
LINE
  5
293
330
70
100
AcDbEntity
  8
03_AXES
 62
     7
370
    25
100
AcDbLine
 10
275.2482484955445
 20
197.3858297382748
 30
0.0
 11
275.2482484955445
 21
196.0050058181747
 31
0.0
  0
LINE
  5
294
330
70
100
AcDbEntity
  8
03_AXES
 62
     7
370
    25
100
AcDbLine
 10
275.2482484955445
 20
127.1050458181748
 30
0.0
 11
275.2482484955445
 21
128.4923631160747
 31
0.0
  0
LINE
  5
295
330
70
100
AcDbEntity
  8
03_AXES
 62
     7
370
    25
100
AcDbLine
 10
275.2482484955445
 20
130.7636773903751
 30
0.0
 11
275.2482484955445
 21
132.150994688275
 31
0.0
  0
LINE
  5
296
330
70
100
AcDbEntity
  8
03_AXES
 62
     7
370
    25
100
AcDbLine
 10
275.2482484955445
 20
199.662980253275
 30
0.0
 11
275.2482484955445
 21
201.0509546882749
 31
0.0
  0
LINE
  5
297
330
70
100
AcDbEntity
  8
03_AXES
 62
     7
370
    25
100
AcDbLine
 10
270.5132484955445
 20
167.9372204658747
 30
0.0
 11
272.5632484955448
 21
167.9372204658747
 31
0.0
  0
LINE
  5
298
330
70
100
AcDbEntity
  8
03_AXES
 62
     7
370
    25
100
AcDbLine
 10
278.9632484955451
 20
167.9372204658747
 30
0.0
 11
281.0132484955446
 21
167.9372204658747
 31
0.0
  0
LINE
  5
299
330
70
100
AcDbEntity
  8
03_AXES
 62
     7
370
    25
100
AcDbLine
 10
273.3532484955448
 20
162.3102120024749
 30
0.0
 11
273.3532484955448
 21
162.1554439604748
 31
0.0
  0
LINE
  5
29A
330
70
100
AcDbEntity
  8
03_AXES
 62
     7
370
    25
100
AcDbLine
 10
272.5632484955448
 20
168.1621755963746
 30
0.0
 11
272.5632484955448
 21
167.9372204658747
 31
0.0
  0
LINE
  5
29B
330
70
100
AcDbEntity
  8
03_AXES
 62
     7
370
    25
100
AcDbLine
 10
272.4532484955451
 20
162.3102120024749
 30
0.0
 11
272.4532484955451
 21
162.1554439604748
 31
0.0
  0
LINE
  5
29C
330
70
100
AcDbEntity
  8
03_AXES
 62
     7
370
    25
100
AcDbLine
 10
278.9489118299449
 20
197.8779802532749
 30
0.0
 11
276.758248495545
 21
197.8779802532749
 31
0.0
  0
LINE
  5
29D
330
70
100
AcDbEntity
  8
03_AXES
 62
     7
370
    25
100
AcDbLine
 10
274.7750304936445
 20
197.8779802532749
 30
0.0
 11
272.5789118299448
 21
197.8779802532749
 31
0.0
  0
LINE
  5
29E
330
70
100
AcDbEntity
  8
03_AXES
 62
     7
370
    25
100
AcDbLine
 10
272.5789118299448
 20
199.1779802532747
 30
0.0
 11
274.7675796515446
 21
199.1779802532747
 31
0.0
  0
LINE
  5
29F
330
70
100
AcDbEntity
  8
03_AXES
 62
     7
370
    25
100
AcDbLine
 10
276.758248495545
 20
199.1779802532747
 30
0.0
 11
278.9489118299449
 21
199.1779802532747
 31
0.0
  0
CIRCLE
  5
2A0
330
70
100
AcDbEntity
  8
03_AXES
 62
     7
370
    25
100
AcDbCircle
 10
275.7632484955449
 20
129.5280202532749
 30
0.0
 40
3.750000000000132
  0
SPLINE
  5
2A1
330
70
100
AcDbEntity
  8
03_AXES
 62
     7
370
    25
100
AcDbSpline
210
0.0
220
0.0
230
1.0
 70
     8
 71
     3
 72
     8
 73
     4
 74
     0
 42
0.0000000001
 43
0.0000000001
 40
0.0
 40
0.0
 40
0.0
 40
0.0
 40
1.0
 40
1.0
 40
1.0
 40
1.0
 10
272.5775851612007
 20
130.2780202532693
 30
0.0
 10
272.4900697731262
 20
129.8491055409878
 30
0.0
 10
272.4900697731262
 20
129.4069349655621
 30
0.0
 10
272.5775851612007
 20
128.9780202532799
 30
0.0
  0
SPLINE
  5
2A2
330
70
100
AcDbEntity
  8
03_AXES
 62
     7
370
    25
100
AcDbSpline
210
0.0
220
0.0
230
1.0
 70
     8
 71
     3
 72
     8
 73
     4
 74
     0
 42
0.0000000001
 43
0.0000000001
 40
0.0
 40
0.0
 40
0.0
 40
0.0
 40
1.0
 40
1.0
 40
1.0
 40
1.0
 10
278.947585161163
 20
128.978020253276
 30
0.0
 10
279.0351362736721
 20
129.4069313573962
 30
0.0
 10
279.0351362736721
 20
129.8491091491537
 30
0.0
 10
278.947585161163
 20
130.2780202532738
 30
0.0
  0
SPLINE
  5
2A3
330
70
100
AcDbEntity
  8
03_AXES
 62
     7
370
    25
100
AcDbSpline
210
0.0
220
0.0
230
1.0
 70
     8
 71
     3
 72
     8
 73
     4
 74
     0
 42
0.0000000001
 43
0.0000000001
 40
0.0
 40
0.0
 40
0.0
 40
0.0
 40
1.0
 40
1.0
 40
1.0
 40
1.0
 10
277.78038963148
 20
128.978020253278
 30
0.0
 10
277.9165781318333
 20
129.4006532168237
 30
0.0
 10
277.9165781318333
 20
129.8553872897262
 30
0.0
 10
277.78038963148
 20
130.2780202532713
 30
0.0
  0
SPLINE
  5
2A4
330
70
100
AcDbEntity
  8
03_AXES
 62
     7
370
    25
100
AcDbSpline
210
0.0
220
0.0
230
1.0
 70
     8
 71
     3
 72
     8
 73
     4
 74
     0
 42
0.0000000001
 43
0.0000000001
 40
0.0
 40
0.0
 40
0.0
 40
0.0
 40
1.0
 40
1.0
 40
1.0
 40
1.0
 10
275.2482484955439
 20
128.522047830472
 30
0.0
 10
275.574750387633
 20
128.3700110608758
 30
0.0
 10
275.9517466034562
 20
128.3700110608758
 30
0.0
 10
276.2782484955453
 20
128.522047830472
 30
0.0
  0
SPLINE
  5
2A5
330
70
100
AcDbEntity
  8
03_AXES
 62
     7
370
    25
100
AcDbSpline
210
0.0
220
0.0
230
1.0
 70
     8
 71
     3
 72
     8
 73
     4
 74
     0
 42
0.0000000001
 43
0.0000000001
 40
0.0
 40
0.0
 40
0.0
 40
0.0
 40
1.0
 40
1.0
 40
1.0
 40
1.0
 10
276.7956728269125
 20
128.9780202532748
 30
0.0
 10
276.9182228808385
 20
129.1726720340185
 30
0.0
 10
276.983248495545
 20
129.3980032289839
 30
0.0
 10
276.983248495545
 20
129.6280202532743
 30
0.0
  0
SPLINE
  5
2A6
330
70
100
AcDbEntity
  8
03_AXES
 62
     7
370
    25
100
AcDbSpline
210
0.0
220
0.0
230
1.0
 70
     8
 71
     3
 72
     8
 73
     4
 74
     0
 42
0.0000000001
 43
0.0000000001
 40
0.0
 40
0.0
 40
0.0
 40
0.0
 40
1.0
 40
1.0
 40
1.0
 40
1.0
 10
276.2782484955453
 20
130.7339926760772
 30
0.0
 10
275.9517466034562
 20
130.8860294456741
 30
0.0
 10
275.574750387633
 20
130.8860294456741
 30
0.0
 10
275.2482484955439
 20
130.7339926760772
 30
0.0
  0
SPLINE
  5
2A7
330
70
100
AcDbEntity
  8
03_AXES
 62
     7
370
    25
100
AcDbSpline
210
0.0
220
0.0
230
1.0
 70
     8
 71
     3
 72
    11
 73
     7
 74
     0
 42
0.0000000001
 43
0.0000000001
 40
0.0
 40
0.0
 40
0.0
 40
0.0
 40
1.0
 40
1.0
 40
1.0
 40
2.0
 40
2.0
 40
2.0
 40
2.0
 10
275.2482484955445
 20
128.4923631160747
 30
0.0
 10
275.2482484955445
 20
128.6028200660408
 30
0.0
 10
275.1587054455107
 20
128.6923631160746
 30
0.0
 10
275.0482484955445
 20
128.6923631160746
 30
0.0
 10
274.9958979448055
 20
128.6923631160746
 30
0.0
 10
274.9456342666747
 20
128.6718370701636
 30
0.0
 10
274.9082484955447
 20
128.6351916846455
 30
0.0
  0
SPLINE
  5
2A8
330
70
100
AcDbEntity
  8
03_AXES
 62
     7
370
    25
100
AcDbSpline
210
0.0
220
0.0
230
1.0
 70
     8
 71
     3
 72
    11
 73
     7
 74
     0
 42
0.0000000001
 43
0.0000000001
 40
0.0
 40
0.0
 40
0.0
 40
0.0
 40
1.0
 40
1.0
 40
1.0
 40
2.0
 40
2.0
 40
2.0
 40
2.0
 10
276.618582917552
 20
128.6355202532746
 30
0.0
 10
276.5398823407011
 20
128.7130248144251
 30
0.0
 10
276.4132530566957
 20
128.7120552521327
 30
0.0
 10
276.3357484955451
 20
128.6333546752818
 30
0.0
 10
276.2989016815899
 20
128.5959392577845
 30
0.0
 10
276.2782484955446
 20
128.5455331199381
 30
0.0
 10
276.2782484955446
 20
128.4930202532751
 30
0.0
  0
SPLINE
  5
2A9
330
70
100
AcDbEntity
  8
03_AXES
 62
     7
370
    25
100
AcDbSpline
210
0.0
220
0.0
230
1.0
 70
     8
 71
     3
 72
    11
 73
     7
 74
     0
 42
0.0000000001
 43
0.0000000001
 40
0.0
 40
0.0
 40
0.0
 40
0.0
 40
1.0
 40
1.0
 40
1.0
 40
2.0
 40
2.0
 40
2.0
 40
2.0
 10
276.2782484955446
 20
130.7701707682752
 30
0.0
 10
276.2782484955446
 20
130.6597138183084
 30
0.0
 10
276.3677915455785
 20
130.5701707682746
 30
0.0
 10
276.4782484955447
 20
130.5701707682746
 30
0.0
 10
276.5289756629651
 20
130.5701707682746
 30
0.0
 10
276.5778075762999
 20
130.5894465724581
 30
0.0
 10
276.6148574965158
 20
130.6240955107742
 30
0.0
  0
SPLINE
  5
2AA
330
70
100
AcDbEntity
  8
03_AXES
 62
     7
370
    25
100
AcDbSpline
210
0.0
220
0.0
230
1.0
 70
     8
 71
     3
 72
    11
 73
     7
 74
     0
 42
0.0000000001
 43
0.0000000001
 40
0.0
 40
0.0
 40
0.0
 40
0.0
 40
1.0
 40
1.0
 40
1.0
 40
2.0
 40
2.0
 40
2.0
 40
2.0
 10
274.9082484955447
 20
130.6208488218043
 30
0.0
 10
274.9871305358064
 20
130.5435289568276
 30
0.0
 10
275.1137571991393
 20
130.5447953501129
 30
0.0
 10
275.1910770641154
 20
130.6236773903747
 30
0.0
 10
275.2277224496335
 20
130.6610631615054
 30
0.0
 10
275.2482484955445
 20
130.7113268396348
 30
0.0
 10
275.2482484955445
 20
130.7636773903751
 30
0.0
  0
SPLINE
  5
2AB
330
70
100
AcDbEntity
  8
03_AXES
 62
     7
370
    25
100
AcDbSpline
210
0.0
220
0.0
230
1.0
 70
     8
 71
     3
 72
     8
 73
     4
 74
     0
 42
0.0000000001
 43
0.0000000001
 40
0.0
 40
0.0
 40
0.0
 40
0.0
 40
1.0
 40
1.0
 40
1.0
 40
1.0
 10
278.9489118298885
 20
197.8779802532804
 30
0.0
 10
279.0364272179636
 20
198.306894965562
 30
0.0
 10
279.0364272179636
 20
198.7490655409877
 30
0.0
 10
278.9489118298885
 20
199.1779802532692
 30
0.0
  0
SPLINE
  5
2AC
330
70
100
AcDbEntity
  8
03_AXES
 62
     7
370
    25
100
AcDbSpline
210
0.0
220
0.0
230
1.0
 70
     8
 71
     3
 72
     8
 73
     4
 74
     0
 42
0.0000000001
 43
0.0000000001
 40
0.0
 40
0.0
 40
0.0
 40
0.0
 40
1.0
 40
1.0
 40
1.0
 40
1.0
 10
272.5789118299268
 20
199.177980253274
 30
0.0
 10
272.4913607174177
 20
198.7490691491536
 30
0.0
 10
272.4913607174177
 20
198.3068913573957
 30
0.0
 10
272.5789118299268
 20
197.8779802532756
 30
0.0
  0
SPLINE
  5
2AD
330
70
100
AcDbEntity
  8
03_AXES
 62
     7
370
    25
100
AcDbSpline
210
0.0
220
0.0
230
1.0
 70
     8
 71
     3
 72
     8
 73
     4
 74
     0
 42
0.0000000001
 43
0.0000000001
 40
0.0
 40
0.0
 40
0.0
 40
0.0
 40
1.0
 40
1.0
 40
1.0
 40
1.0
 10
273.7461073596092
 20
199.1779802532714
 30
0.0
 10
273.6099188592565
 20
198.7553472897261
 30
0.0
 10
273.6099188592565
 20
198.3006132168235
 30
0.0
 10
273.7461073596092
 20
197.8779802532781
 30
0.0
  0
SPLINE
  5
2AE
330
70
100
AcDbEntity
  8
03_AXES
 62
     7
370
    25
100
AcDbSpline
210
0.0
220
0.0
230
1.0
 70
     8
 71
     3
 72
     8
 73
     4
 74
     0
 42
0.0000000001
 43
0.0000000001
 40
0.0
 40
0.0
 40
0.0
 40
0.0
 40
1.0
 40
1.0
 40
1.0
 40
1.0
 10
276.2782484955453
 20
199.6339526760771
 30
0.0
 10
275.9517466034562
 20
199.785989445674
 30
0.0
 10
275.574750387633
 20
199.785989445674
 30
0.0
 10
275.2482484955439
 20
199.6339526760771
 30
0.0
  0
SPLINE
  5
2AF
330
70
100
AcDbEntity
  8
03_AXES
 62
     7
370
    25
100
AcDbSpline
210
0.0
220
0.0
230
1.0
 70
     8
 71
     3
 72
     8
 73
     4
 74
     0
 42
0.0000000001
 43
0.0000000001
 40
0.0
 40
0.0
 40
0.0
 40
0.0
 40
1.0
 40
1.0
 40
1.0
 40
1.0
 10
274.7308241641773
 20
199.1779802532747
 30
0.0
 10
274.6082741102513
 20
198.9833284725312
 30
0.0
 10
274.5432484955448
 20
198.7579972775662
 30
0.0
 10
274.5432484955448
 20
198.5279802532748
 30
0.0
  0
SPLINE
  5
2B0
330
70
100
AcDbEntity
  8
03_AXES
 62
     7
370
    25
100
AcDbSpline
210
0.0
220
0.0
230
1.0
 70
     8
 71
     3
 72
     8
 73
     4
 74
     0
 42
0.0000000001
 43
0.0000000001
 40
0.0
 40
0.0
 40
0.0
 40
0.0
 40
1.0
 40
1.0
 40
1.0
 40
1.0
 10
275.2482484955439
 20
197.4220078304725
 30
0.0
 10
275.574750387633
 20
197.2699710608756
 30
0.0
 10
275.9517466034562
 20
197.2699710608756
 30
0.0
 10
276.2782484955453
 20
197.4220078304725
 30
0.0
  0
SPLINE
  5
2B1
330
70
100
AcDbEntity
  8
03_AXES
 62
     7
370
    25
100
AcDbSpline
210
0.0
220
0.0
230
1.0
 70
     8
 71
     3
 72
    11
 73
     7
 74
     0
 42
0.0000000001
 43
0.0000000001
 40
0.0
 40
0.0
 40
0.0
 40
0.0
 40
1.0
 40
1.0
 40
1.0
 40
2.0
 40
2.0
 40
2.0
 40
2.0
 10
276.2782484955446
 20
199.6636373903747
 30
0.0
 10
276.2782484955446
 20
199.5531804404085
 30
0.0
 10
276.3677915455785
 20
199.4636373903747
 30
0.0
 10
276.4782484955447
 20
199.4636373903747
 30
0.0
 10
276.5305990462843
 20
199.4636373903747
 30
0.0
 10
276.5808627244144
 20
199.4841634362863
 30
0.0
 10
276.6182484955451
 20
199.5208088218038
 30
0.0
  0
SPLINE
  5
2B2
330
70
100
AcDbEntity
  8
03_AXES
 62
     7
370
    25
100
AcDbSpline
210
0.0
220
0.0
230
1.0
 70
     8
 71
     3
 72
    11
 73
     7
 74
     0
 42
0.0000000001
 43
0.0000000001
 40
0.0
 40
0.0
 40
0.0
 40
0.0
 40
1.0
 40
1.0
 40
1.0
 40
2.0
 40
2.0
 40
2.0
 40
2.0
 10
274.9079140735378
 20
199.5204802532748
 30
0.0
 10
274.9866146503887
 20
199.442975692124
 30
0.0
 10
275.1132439343942
 20
199.4439452544171
 30
0.0
 10
275.1907484955447
 20
199.5226458312679
 30
0.0
 10
275.2275953094999
 20
199.5600612487653
 30
0.0
 10
275.2482484955445
 20
199.6104673866119
 30
0.0
 10
275.2482484955445
 20
199.662980253275
 30
0.0
  0
SPLINE
  5
2B3
330
70
100
AcDbEntity
  8
03_AXES
 62
     7
370
    25
100
AcDbSpline
210
0.0
220
0.0
230
1.0
 70
     8
 71
     3
 72
    11
 73
     7
 74
     0
 42
0.0000000001
 43
0.0000000001
 40
0.0
 40
0.0
 40
0.0
 40
0.0
 40
1.0
 40
1.0
 40
1.0
 40
2.0
 40
2.0
 40
2.0
 40
2.0
 10
275.2482484955445
 20
197.3858297382748
 30
0.0
 10
275.2482484955445
 20
197.496286688241
 30
0.0
 10
275.1587054455107
 20
197.5858297382749
 30
0.0
 10
275.0482484955445
 20
197.5858297382749
 30
0.0
 10
274.9975213281247
 20
197.5858297382749
 30
0.0
 10
274.9486894147893
 20
197.5665539340917
 30
0.0
 10
274.911639494574
 20
197.5319049957749
 30
0.0
  0
SPLINE
  5
2B4
330
70
100
AcDbEntity
  8
03_AXES
 62
     7
370
    25
100
AcDbSpline
210
0.0
220
0.0
230
1.0
 70
     8
 71
     3
 72
    11
 73
     7
 74
     0
 42
0.0000000001
 43
0.0000000001
 40
0.0
 40
0.0
 40
0.0
 40
0.0
 40
1.0
 40
1.0
 40
1.0
 40
2.0
 40
2.0
 40
2.0
 40
2.0
 10
276.6182484955451
 20
197.5351516846457
 30
0.0
 10
276.5393664552827
 20
197.612471549622
 30
0.0
 10
276.4127397919505
 20
197.6112051563367
 30
0.0
 10
276.3354199269738
 20
197.5323231160746
 30
0.0
 10
276.2987745414563
 20
197.4949373449446
 30
0.0
 10
276.2782484955446
 20
197.4446736668142
 30
0.0
 10
276.2782484955446
 20
197.3923231160748
 30
0.0
  0
SPLINE
  5
2B5
330
70
100
AcDbEntity
  8
03_AXES
 62
     7
370
    25
100
AcDbSpline
210
0.0
220
0.0
230
1.0
 70
     8
 71
     3
 72
    47
 73
    43
 74
     0
 42
0.0000000001
 43
0.0000000001
 40
0.0
 40
0.0
 40
0.0
 40
0.0
 40
1.0
 40
1.0
 40
1.0
 40
2.0
 40
2.0
 40
2.0
 40
3.0
 40
3.0
 40
3.0
 40
4.0
 40
4.0
 40
4.0
 40
5.0
 40
5.0
 40
5.0
 40
6.0
 40
6.0
 40
6.0
 40
7.0
 40
7.0
 40
7.0
 40
8.0
 40
8.0
 40
8.0
 40
9.0
 40
9.0
 40
9.0
 40
10.0
 40
10.0
 40
10.0
 40
11.0
 40
11.0
 40
11.0
 40
12.0
 40
12.0
 40
12.0
 40
13.0
 40
13.0
 40
13.0
 40
14.0
 40
14.0
 40
14.0
 40
14.0
 10
275.3532484955449
 20
162.3102120024749
 30
0.0
 10
275.3532484955449
 20
162.2893696822749
 30
0.0
 10
275.3565991857286
 20
162.26840202017
 30
0.0
 10
275.3628559306254
 20
162.248427554748
 30
0.0
 10
275.3694471311074
 20
162.2273853501696
 30
0.0
 10
275.3792633777396
 20
162.2074453633601
 30
0.0
 10
275.3913089746629
 20
162.1890205196713
 30
0.0
 10
275.4044104120322
 20
162.1689806713198
 30
0.0
 10
275.4201491494973
 20
162.1507332228047
 30
0.0
 10
275.4375141154258
 20
162.1342682573109
 30
0.0
 10
275.4565523600272
 20
162.1162167366966
 30
0.0
 10
275.47754533784
 20
162.1003077679056
 30
0.0
 10
275.4996956514304
 20
162.0862785378441
 30
0.0
 10
275.5237766888547
 20
162.0710264551696
 30
0.0
 10
275.5492256125986
 20
162.0579960863167
 30
0.0
 10
275.5754639409423
 20
162.0468941326999
 30
0.0
 10
275.6035058441199
 20
162.03502905104
 30
0.0
 10
275.6324494062482
 20
162.0253666077499
 30
0.0
 10
275.6619072389568
 20
162.0176289975792
 30
0.0
 10
275.7241566771372
 20
162.0012781040585
 30
0.0
 10
275.7887025863412
 20
161.9935225369169
 30
0.0
 10
275.8532484955446
 20
161.9935225369169
 30
0.0
 10
275.9177944047486
 20
161.9935225369169
 30
0.0
 10
275.9823403139526
 20
162.0012781040585
 30
0.0
 10
276.0445897521324
 20
162.0176289975792
 30
0.0
 10
276.0740475848415
 20
162.0253666077499
 30
0.0
 10
276.1029911469699
 20
162.03502905104
 30
0.0
 10
276.1310330501475
 20
162.0468941326999
 30
0.0
 10
276.1572713784912
 20
162.0579960863167
 30
0.0
 10
276.1827203022351
 20
162.0710264551696
 30
0.0
 10
276.2068013396593
 20
162.0862785378441
 30
0.0
 10
276.2289516532497
 20
162.1003077679056
 30
0.0
 10
276.2499446310619
 20
162.1162167366966
 30
0.0
 10
276.2689828756634
 20
162.1342682573102
 30
0.0
 10
276.2863478415924
 20
162.1507332228047
 30
0.0
 10
276.3020865790575
 20
162.1689806713198
 30
0.0
 10
276.3151880164269
 20
162.1890205196713
 30
0.0
 10
276.3272336133501
 20
162.2074453633601
 30
0.0
 10
276.3370498599824
 20
162.2273853501696
 30
0.0
 10
276.3436410604644
 20
162.248427554748
 30
0.0
 10
276.3498978053612
 20
162.26840202017
 30
0.0
 10
276.3532484955449
 20
162.2893696822749
 30
0.0
 10
276.3532484955449
 20
162.3102120024749
 30
0.0
  0
SPLINE
  5
2B6
330
70
100
AcDbEntity
  8
03_AXES
 62
     7
370
    25
100
AcDbSpline
210
0.0
220
0.0
230
1.0
 70
     8
 71
     3
 72
    47
 73
    43
 74
     0
 42
0.0000000001
 43
0.0000000001
 40
0.0
 40
0.0
 40
0.0
 40
0.0
 40
1.0
 40
1.0
 40
1.0
 40
2.0
 40
2.0
 40
2.0
 40
3.0
 40
3.0
 40
3.0
 40
4.0
 40
4.0
 40
4.0
 40
5.0
 40
5.0
 40
5.0
 40
6.0
 40
6.0
 40
6.0
 40
7.0
 40
7.0
 40
7.0
 40
8.0
 40
8.0
 40
8.0
 40
9.0
 40
9.0
 40
9.0
 40
10.0
 40
10.0
 40
10.0
 40
11.0
 40
11.0
 40
11.0
 40
12.0
 40
12.0
 40
12.0
 40
13.0
 40
13.0
 40
13.0
 40
14.0
 40
14.0
 40
14.0
 40
14.0
 10
272.2532484955451
 20
162.3102120024749
 30
0.0
 10
272.2532484955451
 20
162.2831167233747
 30
0.0
 10
272.2576043385269
 20
162.2558584386968
 30
0.0
 10
272.2657383474794
 20
162.2298914511915
 30
0.0
 10
272.2743069892936
 20
162.2025369429502
 30
0.0
 10
272.2870683497313
 20
162.176615417205
 30
0.0
 10
272.3027275884385
 20
162.1526634289215
 30
0.0
 10
272.3197596299065
 20
162.1266116351308
 30
0.0
 10
272.3402199196079
 20
162.1028898437401
 30
0.0
 10
272.3627943714425
 20
162.0814853123683
 30
0.0
 10
272.387544006343
 20
162.0580183267462
 30
0.0
 10
272.4148348565156
 20
162.0373366793233
 30
0.0
 10
272.4436302069338
 20
162.0190986438831
 30
0.0
 10
272.4749354773771
 20
161.9992709069904
 30
0.0
 10
272.5080189553589
 20
161.9823313379538
 30
0.0
 10
272.5421286654621
 20
161.9678986817719
 30
0.0
 10
272.5785830387116
 20
161.9524739410205
 30
0.0
 10
272.6162095771494
 20
161.9399126031156
 30
0.0
 10
272.6545046844937
 20
161.9298535491585
 30
0.0
 10
272.7354289544009
 20
161.908597006119
 30
0.0
 10
272.8193387249731
 20
161.8985144352968
 30
0.0
 10
272.9032484955446
 20
161.8985144352968
 30
0.0
 10
272.9871582661168
 20
161.8985144352968
 30
0.0
 10
273.071068036689
 20
161.908597006119
 30
0.0
 10
273.1519923065961
 20
161.9298535491585
 30
0.0
 10
273.1902874139404
 20
161.9399126031156
 30
0.0
 10
273.2279139523777
 20
161.9524739410205
 30
0.0
 10
273.2643683256278
 20
161.9678986817719
 30
0.0
 10
273.2984780357309
 20
161.9823313379538
 30
0.0
 10
273.3315615137121
 20
161.9992709069904
 30
0.0
 10
273.3628667841561
 20
162.0190986438824
 30
0.0
 10
273.3916621345736
 20
162.0373366793233
 30
0.0
 10
273.4189529847469
 20
162.0580183267462
 30
0.0
 10
273.4437026196467
 20
162.0814853123683
 30
0.0
 10
273.4662770714813
 20
162.1028898437401
 30
0.0
 10
273.4867373611827
 20
162.1266116351308
 30
0.0
 10
273.5037694026514
 20
162.1526634289215
 30
0.0
 10
273.5194286413579
 20
162.176615417205
 30
0.0
 10
273.5321900017956
 20
162.2025369429502
 30
0.0
 10
273.5407586436098
 20
162.2298914511915
 30
0.0
 10
273.5488926525623
 20
162.2558584386968
 30
0.0
 10
273.5532484955448
 20
162.2831167233747
 30
0.0
 10
273.5532484955448
 20
162.3102120024749
 30
0.0
  0
SPLINE
  5
2B7
330
70
100
AcDbEntity
  8
03_AXES
 62
     7
370
    25
100
AcDbSpline
210
0.0
220
0.0
230
1.0
 70
     8
 71
     3
 72
    17
 73
    13
 74
     0
 42
0.0000000001
 43
0.0000000001
 40
0.0
 40
0.0
 40
0.0
 40
0.0
 40
1.0
 40
1.0
 40
1.0
 40
2.0
 40
2.0
 40
2.0
 40
3.0
 40
3.0
 40
3.0
 40
4.0
 40
4.0
 40
4.0
 40
4.0
 10
276.1532484955449
 20
162.1554439604748
 30
0.0
 10
276.1532484955449
 20
162.1433004914748
 30
0.0
 10
276.1513544753874
 20
162.1310879955977
 30
0.0
 10
276.1478066220817
 20
162.1194222923872
 30
0.0
 10
276.1440778817244
 20
162.107161814115
 30
0.0
 10
276.138522368006
 20
162.0955053062477
 30
0.0
 10
276.1316791618721
 20
162.0846967781879
 30
0.0
 10
276.1242636158746
 20
162.0729842657456
 30
0.0
 10
276.1153359745902
 20
162.0622675083881
 30
0.0
 10
276.1054519262755
 20
162.052547798702
 30
0.0
 10
276.094641619883
 20
162.0419172315084
 30
0.0
 10
276.082687252845
 20
162.0324793395751
 30
0.0
 10
276.0700765057447
 20
162.0241266844749
 30
0.0
  0
SPLINE
  5
2B8
330
70
100
AcDbEntity
  8
03_AXES
 62
     7
370
    25
100
AcDbSpline
210
0.0
220
0.0
230
1.0
 70
     8
 71
     3
 72
    17
 73
    13
 74
     0
 42
0.0000000001
 43
0.0000000001
 40
0.0
 40
0.0
 40
0.0
 40
0.0
 40
1.0
 40
1.0
 40
1.0
 40
2.0
 40
2.0
 40
2.0
 40
3.0
 40
3.0
 40
3.0
 40
4.0
 40
4.0
 40
4.0
 40
4.0
 10
275.6364204853451
 20
162.0241266844749
 30
0.0
 10
275.6238097382448
 20
162.0324793395751
 30
0.0
 10
275.6118553712061
 20
162.0419172315084
 30
0.0
 10
275.6010450648142
 20
162.052547798702
 30
0.0
 10
275.5911610164996
 20
162.0622675083881
 30
0.0
 10
275.5822333752151
 20
162.0729842657456
 30
0.0
 10
275.5748178292177
 20
162.0846967781879
 30
0.0
 10
275.5679746230838
 20
162.0955053062477
 30
0.0
 10
275.5624191093653
 20
162.107161814115
 30
0.0
 10
275.5586903690073
 20
162.1194222923872
 30
0.0
 10
275.5551425157023
 20
162.1310879955977
 30
0.0
 10
275.5532484955448
 20
162.1433004914748
 30
0.0
 10
275.5532484955448
 20
162.1554439604748
 30
0.0
  0
SPLINE
  5
2B9
330
70
100
AcDbEntity
  8
03_AXES
 62
     7
370
    25
100
AcDbSpline
210
0.0
220
0.0
230
1.0
 70
     8
 71
     3
 72
    17
 73
    13
 74
     0
 42
0.0000000001
 43
0.0000000001
 40
0.0
 40
0.0
 40
0.0
 40
0.0
 40
1.0
 40
1.0
 40
1.0
 40
2.0
 40
2.0
 40
2.0
 40
3.0
 40
3.0
 40
3.0
 40
4.0
 40
4.0
 40
4.0
 40
4.0
 10
273.3532484955448
 20
162.1554439604748
 30
0.0
 10
273.3532484955448
 20
162.1360063399744
 30
0.0
 10
273.3500028663415
 20
162.1164454908413
 30
0.0
 10
273.3439729337048
 20
162.0978735360646
 30
0.0
 10
273.3375983976909
 20
162.0782402164753
 30
0.0
 10
273.3281122255848
 20
162.059712049196
 30
0.0
 10
273.3165286418375
 20
162.0426742368309
 30
0.0
 10
273.3038762924285
 20
162.0240644214316
 30
0.0
 10
273.2887216386028
 20
162.0072326650489
 30
0.0
 10
273.272047024373
 20
161.9921259027504
 30
0.0
 10
273.2537110116289
 20
161.9755139570587
 30
0.0
 10
273.2335370624451
 20
161.9609878745751
 30
0.0
 10
273.2123618464449
 20
161.9483093645747
 30
0.0
  0
SPLINE
  5
2BA
330
70
100
AcDbEntity
  8
03_AXES
 62
     7
370
    25
100
AcDbSpline
210
0.0
220
0.0
230
1.0
 70
     8
 71
     3
 72
    17
 73
    13
 74
     0
 42
0.0000000001
 43
0.0000000001
 40
0.0
 40
0.0
 40
0.0
 40
0.0
 40
1.0
 40
1.0
 40
1.0
 40
2.0
 40
2.0
 40
2.0
 40
3.0
 40
3.0
 40
3.0
 40
4.0
 40
4.0
 40
4.0
 40
4.0
 10
272.5941351446449
 20
161.9483093645747
 30
0.0
 10
272.5729599286448
 20
161.9609878745751
 30
0.0
 10
272.5527859794609
 20
161.9755139570587
 30
0.0
 10
272.5344499667168
 20
161.9921259027504
 30
0.0
 10
272.5177753524864
 20
162.0072326650489
 30
0.0
 10
272.5026206986614
 20
162.0240644214316
 30
0.0
 10
272.4899683492524
 20
162.0426742368309
 30
0.0
 10
272.4783847655044
 20
162.059712049196
 30
0.0
 10
272.4688985933989
 20
162.0782402164753
 30
0.0
 10
272.4625240573851
 20
162.0978735360646
 30
0.0
 10
272.4564941247478
 20
162.1164454908413
 30
0.0
 10
272.4532484955451
 20
162.1360063399744
 30
0.0
 10
272.4532484955451
 20
162.1554439604748
 30
0.0
  0
SPLINE
  5
2BB
330
70
100
AcDbEntity
  8
03_AXES
 62
     7
370
    25
100
AcDbSpline
210
0.0
220
0.0
230
1.0
 70
     8
 71
     3
 72
    41
 73
    37
 74
     0
 42
0.0000000001
 43
0.0000000001
 40
0.0
 40
0.0
 40
0.0
 40
0.0
 40
1.0
 40
1.0
 40
1.0
 40
2.0
 40
2.0
 40
2.0
 40
3.0
 40
3.0
 40
3.0
 40
4.0
 40
4.0
 40
4.0
 40
5.0
 40
5.0
 40
5.0
 40
6.0
 40
6.0
 40
6.0
 40
7.0
 40
7.0
 40
7.0
 40
8.0
 40
8.0
 40
8.0
 40
9.0
 40
9.0
 40
9.0
 40
10.0
 40
10.0
 40
10.0
 40
11.0
 40
11.0
 40
11.0
 40
12.0
 40
12.0
 40
12.0
 40
12.0
 10
275.5532484955448
 20
162.3102120024749
 30
0.0
 10
275.5532484955448
 20
162.2977072794752
 30
0.0
 10
275.5552593567806
 20
162.2851274305327
 30
0.0
 10
275.5590130010053
 20
162.2731433723125
 30
0.0
 10
275.5629678012974
 20
162.2605170939265
 30
0.0
 10
275.5688571794459
 20
162.248552173578
 30
0.0
 10
275.5760849321624
 20
162.237495958533
 30
0.0
 10
275.5839454316661
 20
162.2254718375799
 30
0.0
 10
275.5933888964642
 20
162.2145224897094
 30
0.0
 10
275.6038081324641
 20
162.2046462040094
 30
0.0
 10
275.6152317589562
 20
162.1938178669828
 30
0.0
 10
275.627828348241
 20
162.1842794450495
 30
0.0
 10
275.641117135048
 20
162.1758518500491
 30
0.0
 10
275.670916876803
 20
162.1569531982548
 30
0.0
 10
275.7041974610581
 20
162.1436405439179
 30
0.0
 10
275.7384440391474
 20
162.1346624674543
 30
0.0
 10
275.7759401830282
 20
162.124832485435
 30
0.0
 10
275.8145943392864
 20
162.1201987010048
 30
0.0
 10
275.8532484955446
 20
162.1201987010048
 30
0.0
 10
275.8919026518034
 20
162.1201987010048
 30
0.0
 10
275.9305568080615
 20
162.124832485435
 30
0.0
 10
275.9680529519416
 20
162.1346624674543
 30
0.0
 10
276.0022995300309
 20
162.1436405439179
 30
0.0
 10
276.0355801142861
 20
162.1569531982548
 30
0.0
 10
276.0653798560418
 20
162.1758518500491
 30
0.0
 10
276.0786686428488
 20
162.1842794450495
 30
0.0
 10
276.0912652321335
 20
162.1938178669828
 30
0.0
 10
276.1026888586257
 20
162.2046462040094
 30
0.0
 10
276.1131080946255
 20
162.2145224897094
 30
0.0
 10
276.1225515594236
 20
162.2254718375799
 30
0.0
 10
276.1304120589273
 20
162.237495958533
 30
0.0
 10
276.1376398116438
 20
162.248552173578
 30
0.0
 10
276.1435291897923
 20
162.2605170939265
 30
0.0
 10
276.1474839900838
 20
162.2731433723119
 30
0.0
 10
276.1512376343091
 20
162.2851274305327
 30
0.0
 10
276.1532484955449
 20
162.2977072794752
 30
0.0
 10
276.1532484955449
 20
162.3102120024749
 30
0.0
  0
SPLINE
  5
2BC
330
70
100
AcDbEntity
  8
03_AXES
 62
     7
370
    25
100
AcDbSpline
210
0.0
220
0.0
230
1.0
 70
     8
 71
     3
 72
    47
 73
    43
 74
     0
 42
0.0000000001
 43
0.0000000001
 40
0.0
 40
0.0
 40
0.0
 40
0.0
 40
1.0
 40
1.0
 40
1.0
 40
2.0
 40
2.0
 40
2.0
 40
3.0
 40
3.0
 40
3.0
 40
4.0
 40
4.0
 40
4.0
 40
5.0
 40
5.0
 40
5.0
 40
6.0
 40
6.0
 40
6.0
 40
7.0
 40
7.0
 40
7.0
 40
8.0
 40
8.0
 40
8.0
 40
9.0
 40
9.0
 40
9.0
 40
10.0
 40
10.0
 40
10.0
 40
11.0
 40
11.0
 40
11.0
 40
12.0
 40
12.0
 40
12.0
 40
13.0
 40
13.0
 40
13.0
 40
14.0
 40
14.0
 40
14.0
 40
14.0
 10
272.4532484955451
 20
162.3102120024749
 30
0.0
 10
272.4532484955451
 20
162.2914542760752
 30
0.0
 10
272.4562643197637
 20
162.2725838475638
 30
0.0
 10
272.4618951193839
 20
162.2546070871617
 30
0.0
 10
272.4678271773616
 20
162.2356685363044
 30
0.0
 10
272.4766615081736
 20
162.2177218374829
 30
0.0
 10
272.4875027059482
 20
162.2011390375876
 30
0.0
 10
272.4992937762099
 20
162.183103303645
 30
0.0
 10
272.5134587906557
 20
162.1666809401865
 30
0.0
 10
272.5290871699932
 20
162.1518626009179
 30
0.0
 10
272.5462216810728
 20
162.1356161947557
 30
0.0
 10
272.5651152016189
 20
162.1212978748493
 30
0.0
 10
272.5850504440368
 20
162.1086714428771
 30
0.0
 10
272.6067232937053
 20
162.0949444584618
 30
0.0
 10
272.6296273778775
 20
162.0832171544381
 30
0.0
 10
272.6532418906903
 20
162.0732253755891
 30
0.0
 10
272.6784796553689
 20
162.0625467659856
 30
0.0
 10
272.7045288747003
 20
162.053850480709
 30
0.0
 10
272.7310409510431
 20
162.0468865714062
 30
0.0
 10
272.7870655411889
 20
162.0321706299065
 30
0.0
 10
272.8451570183671
 20
162.0251906097411
 30
0.0
 10
272.9032484955446
 20
162.0251906097411
 30
0.0
 10
272.9613399727228
 20
162.0251906097411
 30
0.0
 10
273.019431449901
 20
162.0321706299065
 30
0.0
 10
273.0754560400462
 20
162.0468865714062
 30
0.0
 10
273.1019681163896
 20
162.053850480709
 30
0.0
 10
273.1280173357202
 20
162.0625467659856
 30
0.0
 10
273.1532551003996
 20
162.0732253755891
 30
0.0
 10
273.1768696132124
 20
162.0832171544381
 30
0.0
 10
273.1997736973846
 20
162.0949444584618
 30
0.0
 10
273.221446547053
 20
162.1086714428771
 30
0.0
 10
273.2413817894709
 20
162.1212978748493
 30
0.0
 10
273.2602753100171
 20
162.1356161947557
 30
0.0
 10
273.2774098210967
 20
162.1518626009179
 30
0.0
 10
273.2930382004342
 20
162.1666809401865
 30
0.0
 10
273.30720321488
 20
162.183103303645
 30
0.0
 10
273.318994285141
 20
162.201139037587
 30
0.0
 10
273.3298354829163
 20
162.2177218374829
 30
0.0
 10
273.3386698137276
 20
162.2356685363044
 30
0.0
 10
273.344601871706
 20
162.2546070871617
 30
0.0
 10
273.3502326713255
 20
162.2725838475638
 30
0.0
 10
273.3532484955448
 20
162.2914542760752
 30
0.0
 10
273.3532484955448
 20
162.3102120024749
 30
0.0
  0
SPLINE
  5
2BD
330
70
100
AcDbEntity
  8
03_AXES
 62
     7
370
    25
100
AcDbSpline
210
0.0
220
0.0
230
1.0
 70
     8
 71
     3
 72
    14
 73
    10
 74
     0
 42
0.0000000001
 43
0.0000000001
 40
0.0
 40
0.0
 40
0.0
 40
0.0
 40
1.0
 40
1.0
 40
1.0
 40
2.0
 40
2.0
 40
2.0
 40
3.0
 40
3.0
 40
3.0
 40
3.0
 10
275.7632484955038
 20
194.5280202532747
 30
0.0
 10
277.9636581974653
 20
194.5280202532522
 30
0.0
 10
279.747442704462
 20
196.3118187414464
 30
0.0
 10
279.7474427044845
 20
198.5122456901341
 30
0.0
 10
279.7474427045069
 20
200.7126726388219
 30
0.0
 10
277.9636581975468
 20
202.4964711270524
 30
0.0
 10
275.7632484955853
 20
202.4964711270748
 30
0.0
 10
275.7632484955654
 20
202.4964711270748
 30
0.0
 10
275.7632484955654
 20
202.4964711270748
 30
0.0
 10
275.7632484955449
 20
202.4964711270748
 30
0.0
  0
SPLINE
  5
2BE
330
70
100
AcDbEntity
  8
03_AXES
 62
     7
370
    25
100
AcDbSpline
210
0.0
220
0.0
230
1.0
 70
     8
 71
     3
 72
    14
 73
    10
 74
     0
 42
0.0000000001
 43
0.0000000001
 40
0.0
 40
0.0
 40
0.0
 40
0.0
 40
1.0
 40
1.0
 40
1.0
 40
2.0
 40
2.0
 40
2.0
 40
3.0
 40
3.0
 40
3.0
 40
3.0
 10
275.7632484955449
 20
202.5280202532746
 30
0.0
 10
273.5440712248963
 20
202.5280202532746
 30
0.0
 10
271.7450725974627
 20
200.7290031373424
 30
0.0
 10
271.7450725974627
 20
198.5098030599749
 30
0.0
 10
271.7450725974627
 20
196.2906029826074
 30
0.0
 10
273.5440712248963
 20
194.4915858666748
 30
0.0
 10
275.7632484955449
 20
194.4915858666748
 30
0.0
 10
275.7632484955654
 20
194.4915858666748
 30
0.0
 10
275.7632484955654
 20
194.4915858666748
 30
0.0
 10
275.7632484955859
 20
194.4915858666748
 30
0.0
  0
LINE
  5
2C0
330
70
100
AcDbEntity
  8
02_PLANES
 62
     7
370
    25
100
AcDbLine
 10
269.6132484955448
 20
121.4280202532747
 30
0.0
 11
271.0132484955449
 21
121.4280202532747
 31
0.0
  0
LINE
  5
2C1
330
70
100
AcDbEntity
  8
02_PLANES
 62
     7
370
    25
100
AcDbLine
 10
274.7202374001449
 20
121.4280202532747
 30
0.0
 11
273.1827333929447
 21
121.4280202532747
 31
0.0
  0
LINE
  5
2C2
330
70
100
AcDbEntity
  8
02_PLANES
 62
     7
370
    25
100
AcDbLine
 10
273.5632484955448
 20
121.4280202532747
 30
0.0
 11
273.5632484955448
 21
121.528020253275
 31
0.0
  0
LINE
  5
2C3
330
70
100
AcDbEntity
  8
02_PLANES
 62
     7
370
    25
100
AcDbLine
 10
269.9132484955445
 20
121.4280202532747
 30
0.0
 11
269.9132484955445
 21
121.528020253275
 31
0.0
  0
LINE
  5
2C4
330
70
100
AcDbEntity
  8
02_PLANES
 62
     7
370
    25
100
AcDbLine
 10
269.6132484955448
 20
121.4280202532747
 30
0.0
 11
269.6132484955448
 21
121.528020253275
 31
0.0
  0
ENDSEC
  0
SECTION
  2
OBJECTS
  0
DICTIONARY
  5
C
330
0
100
AcDbDictionary
281
     1
  3
ACAD_COLOR
350
63
  3
ACAD_DETAILVIEWSTYLE
350
6A
  3
ACAD_GROUP
350
D
  3
ACAD_LAYOUT
350
62
  3
ACAD_MATERIAL
350
10
  3
ACAD_MLEADERSTYLE
350
66
  3
ACAD_MLINESTYLE
350
5F
  3
ACAD_PLOTSETTINGS
350
61
  3
ACAD_PLOTSTYLENAME
350
E
  3
ACAD_SCALELIST
350
42
  3
ACAD_SECTIONVIEWSTYLE
350
68
  3
ACAD_TABLESTYLE
350
64
  3
ACAD_VISUALSTYLE
350
29
  3
ACDB_RECOMPOSE_DATA
350
2CD
  3
AcDbVariableDictionary
350
2C5
  0
DICTIONARY
  5
63
102
{ACAD_REACTORS
330
C
102
}
330
C
100
AcDbDictionary
281
     1
  0
DICTIONARY
  5
6A
102
{ACAD_REACTORS
330
C
102
}
330
C
100
AcDbDictionary
281
     1
  3
Imperial24
350
6B
  0
DICTIONARY
  5
D
102
{ACAD_REACTORS
330
C
102
}
330
C
100
AcDbDictionary
281
     1
  0
DICTIONARY
  5
62
102
{ACAD_REACTORS
330
C
102
}
330
C
100
AcDbDictionary
281
     1
  3
Layout1
350
6F
  3
Layout2
350
77
  3
Model
350
73
  0
DICTIONARY
  5
10
102
{ACAD_REACTORS
330
C
102
}
330
C
100
AcDbDictionary
281
     1
  3
ByBlock
350
19
  3
ByLayer
350
11
  3
Global
350
21
  0
DICTIONARY
  5
66
102
{ACAD_REACTORS
330
C
102
}
330
C
100
AcDbDictionary
281
     1
  3
Standard
350
67
  0
DICTIONARY
  5
5F
102
{ACAD_REACTORS
330
C
102
}
330
C
100
AcDbDictionary
281
     1
  3
Standard
350
60
  0
DICTIONARY
  5
61
102
{ACAD_REACTORS
330
C
102
}
330
C
100
AcDbDictionary
281
     1
  0
ACDBDICTIONARYWDFLT
  5
E
102
{ACAD_REACTORS
330
C
102
}
330
C
100
AcDbDictionary
281
     1
  3
Normal
350
F
100
AcDbDictionaryWithDefault
340
F
  0
DICTIONARY
  5
42
102
{ACAD_REACTORS
330
C
102
}
330
C
100
AcDbDictionary
281
     1
  3
A0
350
43
  3
A1
350
44
  3
A2
350
45
  3
A3
350
46
  3
A4
350
47
  3
A5
350
48
  3
A6
350
49
  3
A7
350
4A
  3
A8
350
4B
  3
A9
350
4C
  3
B0
350
4D
  3
B1
350
4E
  3
B2
350
4F
  3
B3
350
50
  3
B4
350
51
  3
B5
350
52
  3
B6
350
53
  0
DICTIONARY
  5
68
102
{ACAD_REACTORS
330
C
102
}
330
C
100
AcDbDictionary
281
     1
  3
Imperial24
350
69
  0
DICTIONARY
  5
64
102
{ACAD_REACTORS
330
C
102
}
330
C
100
AcDbDictionary
281
     1
  3
Standard
350
65
  0
DICTIONARY
  5
29
102
{ACAD_REACTORS
330
C
102
}
330
C
100
AcDbDictionary
281
     1
  3
2dWireframe
350
2F
  3
Basic
350
2E
  3
Brighten
350
35
  3
ColorChange
350
39
  3
Conceptual
350
32
  3
Dim
350
34
  3
EdgeColorOff
350
41
  3
Facepattern
350
38
  3
Flat
350
2A
  3
FlatWithEdges
350
2B
  3
Gouraud
350
2C
  3
GouraudWithEdges
350
2D
  3
Hidden
350
31
  3
JitterOff
350
3F
  3
Linepattern
350
37
  3
OverhangOff
350
40
  3
Realistic
350
33
  3
Shaded
350
3E
  3
Shaded with edges
350
3D
  3
Shades of Gray
350
3A
  3
Sketchy
350
3B
  3
Thicken
350
36
  3
Wireframe
350
30
  3
X-Ray
350
3C
  0
XRECORD
  5
2CD
102
{ACAD_REACTORS
330
C
102
}
330
C
100
AcDbXrecord
280
     1
 90
        1
330
65
  0
DICTIONARY
  5
2C5
102
{ACAD_REACTORS
330
C
102
}
330
C
100
AcDbDictionary
281
     1
  3
CANNOSCALE
350
2CA
  3
CMLEADERSTYLE
350
2C7
  3
CTABLESTYLE
350
2C6
  3
CVIEWDETAILSTYLE
350
2C8
  3
CVIEWSECTIONSTYLE
350
2C9
  0
ACDBDETAILVIEWSTYLE
  5
6B
102
{ACAD_REACTORS
330
6A
102
}
330
6A
100
AcDbModelDocViewStyle
 70
     0
  3
Imperial24
290
     1
300
Imperial24
 90
        0
100
AcDbDetailViewStyle
 70
     0
 71
     0
 90
        3
 71
     1
340
55
 62
   256
 40
0.24
340
0
 62
   256
 40
0.24
300

 40
0.36
280
     3
 71
     2
340
5D
 90
       25
 62
   256
 71
     3
340
55
 62
   256
 40
0.24
 90
        1
 40
0.75
 90
        1
300
%<\AcVar ViewType \f "%tc1">% %<\AcVar ViewDetailId>%\PSCALE %<\AcVar ViewScale \f "%sn">%
 71
     4
340
5D
 90
       25
 62
   256
340
5D
 90
       25
 62
   256
280
     0
  0
LAYOUT
  5
6F
102
{ACAD_REACTORS
330
62
102
}
330
62
100
AcDbPlotSettings
  1

  2

  4

  6

 40
0.0
 41
0.0
 42
0.0
 43
0.0
 44
0.0
 45
0.0
 46
0.0
 47
0.0
 48
0.0
 49
0.0
140
0.0
141
0.0
142
1.0
143
1.0
 70
   688
 72
     0
 73
     0
 74
     5
  7

 75
    16
147
1.0
 76
     0
 77
     2
 78
   300
148
0.0
149
0.0
100
AcDbLayout
  1
Layout1
 70
     1
 71
     1
 10
0.0
 20
0.0
 11
12.0
 21
9.0
 12
0.0
 22
0.0
 32
0.0
 14
0.0
 24
0.0
 34
0.0
 15
0.0
 25
0.0
 35
0.0
146
0.0
 13
0.0
 23
0.0
 33
0.0
 16
1.0
 26
0.0
 36
0.0
 17
0.0
 27
1.0
 37
0.0
 76
     0
330
6C
  0
LAYOUT
  5
77
102
{ACAD_REACTORS
330
62
102
}
330
62
100
AcDbPlotSettings
  1

  2

  4

  6

 40
0.0
 41
0.0
 42
0.0
 43
0.0
 44
0.0
 45
0.0
 46
0.0
 47
0.0
 48
0.0
 49
0.0
140
0.0
141
0.0
142
1.0
143
1.0
 70
   688
 72
     0
 73
     0
 74
     5
  7

 75
    16
147
1.0
 76
     0
 77
     2
 78
   300
148
0.0
149
0.0
100
AcDbLayout
  1
Layout2
 70
     1
 71
     2
 10
0.0
 20
0.0
 11
12.0
 21
9.0
 12
0.0
 22
0.0
 32
0.0
 14
0.0
 24
0.0
 34
0.0
 15
0.0
 25
0.0
 35
0.0
146
0.0
 13
0.0
 23
0.0
 33
0.0
 16
1.0
 26
0.0
 36
0.0
 17
0.0
 27
1.0
 37
0.0
 76
     0
330
74
  0
LAYOUT
  5
73
102
{ACAD_REACTORS
330
62
102
}
330
62
100
AcDbPlotSettings
  1

  2

  4

  6

 40
0.0
 41
0.0
 42
0.0
 43
0.0
 44
0.0
 45
0.0
 46
0.0
 47
0.0
 48
0.0
 49
0.0
140
0.0
141
0.0
142
1.0
143
1.0
 70
  1712
 72
     0
 73
     0
 74
     0
  7

 75
     0
147
1.0
 76
     0
 77
     2
 78
   300
148
0.0
149
0.0
100
AcDbLayout
  1
Model
 70
     1
 71
     0
 10
0.0
 20
0.0
 11
12.0
 21
9.0
 12
0.0
 22
0.0
 32
0.0
 14
0.0
 24
0.0
 34
0.0
 15
0.0
 25
0.0
 35
0.0
146
0.0
 13
0.0
 23
0.0
 33
0.0
 16
1.0
 26
0.0
 36
0.0
 17
0.0
 27
1.0
 37
0.0
 76
     0
330
70
  0
MATERIAL
  5
19
102
{ACAD_XDICTIONARY
360
1A
102
}
102
{ACAD_REACTORS
330
10
102
}
330
10
100
AcDbMaterial
  1
ByBlock
 72
     0
 43
0.0208333333333333
 43
0.0
 43
0.0
 43
0.0
 43
0.0
 43
0.0208333333333333
 43
0.0
 43
0.0
 43
0.0
 43
0.0
 43
1.0
 43
0.0
 43
0.0
 43
0.0
 43
0.0
 43
1.0
 77
     0
 47
0.0208333333333333
 47
0.0
 47
0.0
 47
0.0
 47
0.0
 47
0.0208333333333333
 47
0.0
 47
0.0
 47
0.0
 47
0.0
 47
1.0
 47
0.0
 47
0.0
 47
0.0
 47
0.0
 47
1.0
171
     0
 49
0.0208333333333333
 49
0.0
 49
0.0
 49
0.0
 49
0.0
 49
0.0208333333333333
 49
0.0
 49
0.0
 49
0.0
 49
0.0
 49
1.0
 49
0.0
 49
0.0
 49
0.0
 49
0.0
 49
1.0
175
     0
142
0.0208333333333333
142
0.0
142
0.0
142
0.0
142
0.0
142
0.0208333333333333
142
0.0
142
0.0
142
0.0
142
0.0
142
1.0
142
0.0
142
0.0
142
0.0
142
0.0
142
1.0
179
     0
144
0.0208333333333333
144
0.0
144
0.0
144
0.0
144
0.0
144
0.0208333333333333
144
0.0
144
0.0
144
0.0
144
0.0
144
1.0
144
0.0
144
0.0
144
0.0
144
0.0
144
1.0
147
0.0208333333333333
147
0.0
147
0.0
147
0.0
147
0.0
147
0.0208333333333333
147
0.0
147
0.0
147
0.0
147
0.0
147
1.0
147
0.0
147
0.0
147
0.0
147
0.0
147
1.0
  0
MATERIAL
  5
11
102
{ACAD_XDICTIONARY
360
12
102
}
102
{ACAD_REACTORS
330
10
102
}
330
10
100
AcDbMaterial
  1
ByLayer
 72
     0
 43
0.0208333333333333
 43
0.0
 43
0.0
 43
0.0
 43
0.0
 43
0.0208333333333333
 43
0.0
 43
0.0
 43
0.0
 43
0.0
 43
1.0
 43
0.0
 43
0.0
 43
0.0
 43
0.0
 43
1.0
 77
     0
 47
0.0208333333333333
 47
0.0
 47
0.0
 47
0.0
 47
0.0
 47
0.0208333333333333
 47
0.0
 47
0.0
 47
0.0
 47
0.0
 47
1.0
 47
0.0
 47
0.0
 47
0.0
 47
0.0
 47
1.0
171
     0
 49
0.0208333333333333
 49
0.0
 49
0.0
 49
0.0
 49
0.0
 49
0.0208333333333333
 49
0.0
 49
0.0
 49
0.0
 49
0.0
 49
1.0
 49
0.0
 49
0.0
 49
0.0
 49
0.0
 49
1.0
175
     0
142
0.0208333333333333
142
0.0
142
0.0
142
0.0
142
0.0
142
0.0208333333333333
142
0.0
142
0.0
142
0.0
142
0.0
142
1.0
142
0.0
142
0.0
142
0.0
142
0.0
142
1.0
179
     0
144
0.0208333333333333
144
0.0
144
0.0
144
0.0
144
0.0
144
0.0208333333333333
144
0.0
144
0.0
144
0.0
144
0.0
144
1.0
144
0.0
144
0.0
144
0.0
144
0.0
144
1.0
147
0.0208333333333333
147
0.0
147
0.0
147
0.0
147
0.0
147
0.0208333333333333
147
0.0
147
0.0
147
0.0
147
0.0
147
1.0
147
0.0
147
0.0
147
0.0
147
0.0
147
1.0
  0
MATERIAL
  5
21
102
{ACAD_XDICTIONARY
360
22
102
}
102
{ACAD_REACTORS
330
10
102
}
330
10
100
AcDbMaterial
  1
Global
 72
     0
 43
0.0208333333333333
 43
0.0
 43
0.0
 43
0.0
 43
0.0
 43
0.0208333333333333
 43
0.0
 43
0.0
 43
0.0
 43
0.0
 43
1.0
 43
0.0
 43
0.0
 43
0.0
 43
0.0
 43
1.0
 77
     0
 47
0.0208333333333333
 47
0.0
 47
0.0
 47
0.0
 47
0.0
 47
0.0208333333333333
 47
0.0
 47
0.0
 47
0.0
 47
0.0
 47
1.0
 47
0.0
 47
0.0
 47
0.0
 47
0.0
 47
1.0
171
     0
 49
0.0208333333333333
 49
0.0
 49
0.0
 49
0.0
 49
0.0
 49
0.0208333333333333
 49
0.0
 49
0.0
 49
0.0
 49
0.0
 49
1.0
 49
0.0
 49
0.0
 49
0.0
 49
0.0
 49
1.0
175
     0
142
0.0208333333333333
142
0.0
142
0.0
142
0.0
142
0.0
142
0.0208333333333333
142
0.0
142
0.0
142
0.0
142
0.0
142
1.0
142
0.0
142
0.0
142
0.0
142
0.0
142
1.0
179
     0
144
0.0208333333333333
144
0.0
144
0.0
144
0.0
144
0.0
144
0.0208333333333333
144
0.0
144
0.0
144
0.0
144
0.0
144
1.0
144
0.0
144
0.0
144
0.0
144
0.0
144
1.0
147
0.0208333333333333
147
0.0
147
0.0
147
0.0
147
0.0
147
0.0208333333333333
147
0.0
147
0.0
147
0.0
147
0.0
147
1.0
147
0.0
147
0.0
147
0.0
147
0.0
147
1.0
  0
MLEADERSTYLE
  5
67
102
{ACAD_REACTORS
330
66
102
}
330
66
100
AcDbMLeaderStyle
179
     2
170
     2
171
     1
172
     0
 90
        2
 40
0.0
 41
0.0
173
     1
 91
-1056964608
340
5B
 92
       -2
290
     1
 42
0.09
291
     1
 43
0.36
  3
Standard
 44
0.18
300

342
55
174
     1
178
     6
175
     1
176
     0
 93
-1056964608
 45
0.18
292
     0
297
     0
 46
0.18
 94
-1056964608
 47
1.0
 49
1.0
140
1.0
293
     1
141
0.0
294
     1
177
     0
142
1.0
295
     1
296
     0
143
0.125
271
     0
272
     9
273
     9
298
     1
  0
MLINESTYLE
  5
60
102
{ACAD_REACTORS
330
5F
102
}
330
5F
100
AcDbMlineStyle
  2
STANDARD
 70
     0
  3

 62
   256
 51
90.0
 52
90.0
 71
     2
 49
0.5
 62
   256
  6
BYLAYER
 49
-0.5
 62
   256
  6
BYLAYER
  0
ACDBPLACEHOLDER
  5
F
102
{ACAD_REACTORS
330
E
102
}
330
E
  0
SCALE
  5
43
102
{ACAD_REACTORS
330
42
102
}
330
42
100
AcDbScale
 70
     0
300
1:1
140
1.0
141
1.0
290
     1
  0
SCALE
  5
44
102
{ACAD_REACTORS
330
42
102
}
330
42
100
AcDbScale
 70
     0
300
1/128" = 1'-0"
140
0.0078125
141
12.0
290
     0
  0
SCALE
  5
45
102
{ACAD_REACTORS
330
42
102
}
330
42
100
AcDbScale
 70
     0
300
1/64" = 1'-0"
140
0.015625
141
12.0
290
     0
  0
SCALE
  5
46
102
{ACAD_REACTORS
330
42
102
}
330
42
100
AcDbScale
 70
     0
300
1/32" = 1'-0"
140
0.03125
141
12.0
290
     0
  0
SCALE
  5
47
102
{ACAD_REACTORS
330
42
102
}
330
42
100
AcDbScale
 70
     0
300
1/16" = 1'-0"
140
0.0625
141
12.0
290
     0
  0
SCALE
  5
48
102
{ACAD_REACTORS
330
42
102
}
330
42
100
AcDbScale
 70
     0
300
3/32" = 1'-0"
140
0.09375
141
12.0
290
     0
  0
SCALE
  5
49
102
{ACAD_REACTORS
330
42
102
}
330
42
100
AcDbScale
 70
     0
300
1/8" = 1'-0"
140
0.125
141
12.0
290
     0
  0
SCALE
  5
4A
102
{ACAD_REACTORS
330
42
102
}
330
42
100
AcDbScale
 70
     0
300
3/16" = 1'-0"
140
0.1875
141
12.0
290
     0
  0
SCALE
  5
4B
102
{ACAD_REACTORS
330
42
102
}
330
42
100
AcDbScale
 70
     0
300
1/4" = 1'-0"
140
0.25
141
12.0
290
     0
  0
SCALE
  5
4C
102
{ACAD_REACTORS
330
42
102
}
330
42
100
AcDbScale
 70
     0
300
3/8" = 1'-0"
140
0.375
141
12.0
290
     0
  0
SCALE
  5
4D
102
{ACAD_REACTORS
330
42
102
}
330
42
100
AcDbScale
 70
     0
300
1/2" = 1'-0"
140
0.5
141
12.0
290
     0
  0
SCALE
  5
4E
102
{ACAD_REACTORS
330
42
102
}
330
42
100
AcDbScale
 70
     0
300
3/4" = 1'-0"
140
0.75
141
12.0
290
     0
  0
SCALE
  5
4F
102
{ACAD_REACTORS
330
42
102
}
330
42
100
AcDbScale
 70
     0
300
1" = 1'-0"
140
1.0
141
12.0
290
     0
  0
SCALE
  5
50
102
{ACAD_REACTORS
330
42
102
}
330
42
100
AcDbScale
 70
     0
300
1-1/2" = 1'-0"
140
1.5
141
12.0
290
     0
  0
SCALE
  5
51
102
{ACAD_REACTORS
330
42
102
}
330
42
100
AcDbScale
 70
     0
300
3" = 1'-0"
140
3.0
141
12.0
290
     0
  0
SCALE
  5
52
102
{ACAD_REACTORS
330
42
102
}
330
42
100
AcDbScale
 70
     0
300
6" = 1'-0"
140
6.0
141
12.0
290
     0
  0
SCALE
  5
53
102
{ACAD_REACTORS
330
42
102
}
330
42
100
AcDbScale
 70
     0
300
1'-0" = 1'-0"
140
12.0
141
12.0
290
     0
  0
ACDBSECTIONVIEWSTYLE
  5
69
102
{ACAD_REACTORS
330
68
102
}
330
68
100
AcDbModelDocViewStyle
 70
     0
  3
Imperial24
290
     1
300
Imperial24
 90
        0
100
AcDbSectionViewStyle
 70
     0
 71
     0
 90
       78
 71
     1
340
55
 62
   256
 40
0.24
340
0
340
0
 62
   256
 40
0.24
300
I, O, Q, S, X, Z
 40
0.48
 90
        3
 40
0.18
 90
        1
 71
     2
340
5D
 90
       25
 62
   256
340
5D
 90
       50
 62
   256
 40
0.24
 40
0.0
 40
0.24
 71
     3
340
55
 62
   256
 40
0.24
 90
        1
 40
0.75
 90
        1
300
%<\AcVar ViewType \f "%tc1">% %<\AcVar ViewSectionStartId>%-%<\AcVar ViewSectionEndId>%\PSCALE %<\AcVar ViewScale \f "%sn">%
 71
     4
 62
   256
 62
   257
300
ANSI31
 40
1.0
 90
        0
290
     0
290
     0
 90
        6
 40
0.0
 40
1.570796326794896
 40
0.2617993877991494
 40
1.308996938995747
 40
-0.2617993877991494
 40
1.832595714594046
  0
TABLESTYLE
  5
65
102
{ACAD_XDICTIONARY
360
2CB
102
}
102
{ACAD_REACTORS
330
64
102
}
330
64
100
AcDbTableStyle
280
     0
  3
Standard
 70
     0
 71
     0
 40
0.06
 41
0.06
280
     0
281
     0
  7
Standard
140
0.18
170
     2
 62
     0
 63
     7
283
     0
 90
      512
 91
        0
  1

274
    -2
284
     1
 64
     0
275
    -2
285
     1
 65
     0
276
    -2
286
     1
 66
     0
277
    -2
287
     1
 67
     0
278
    -2
288
     1
 68
     0
279
    -2
289
     1
 69
     0
  7
Standard
140
0.25
170
     5
 62
     0
 63
     7
283
     0
 90
      512
 91
        0
  1

274
    -2
284
     1
 64
     0
275
    -2
285
     1
 65
     0
276
    -2
286
     1
 66
     0
277
    -2
287
     1
 67
     0
278
    -2
288
     1
 68
     0
279
    -2
289
     1
 69
     0
  7
Standard
140
0.18
170
     5
 62
     0
 63
     7
283
     0
 90
      512
 91
        0
  1

274
    -2
284
     1
 64
     0
275
    -2
285
     1
 65
     0
276
    -2
286
     1
 66
     0
277
    -2
287
     1
 67
     0
278
    -2
288
     1
 68
     0
279
    -2
289
     1
 69
     0
  0
VISUALSTYLE
  5
2F
102
{ACAD_REACTORS
330
29
102
}
330
29
100
AcDbVisualStyle
  2
2dWireframe
 70
     4
177
     3
291
     0
 70
    58
 90
        0
176
     1
 90
        2
176
     1
 90
        0
176
     1
 90
        0
176
     1
 40
0.6
176
     1
 40
30.0
176
     1
 62
     7
420
 16777215
176
     1
 90
        1
176
     1
 90
        4
176
     1
 62
     7
176
     1
 62
   257
176
     1
 90
        1
176
     1
 90
        1
176
     1
 40
1.0
176
     1
 90
        0
176
     1
 62
   257
176
     1
 40
1.0
176
     1
 90
        1
176
     1
 90
        6
176
     1
 90
        2
176
     1
 62
     7
176
     1
 90
        5
176
     1
 90
        0
176
     1
 90
        0
176
     1
290
     0
176
     1
 90
        1
176
     1
 40
0.0
176
     1
 90
        0
176
     1
290
     1
176
     1
290
     1
176
     1
290
     0
176
     1
290
     0
176
     1
290
     0
176
     1
290
     0
176
     1
290
     0
176
     1
290
     0
176
     1
290
     0
176
     1
 90
       50
176
     1
 40
0.0
176
     1
 40
1.0
176
     1
 90
        0
176
     1
 62
    18
420
        0
176
     1
 90
       50
176
     1
 90
        3
176
     1
 62
     5
420
      255
176
     1
290
     0
176
     1
 90
       50
176
     1
 90
       50
176
     1
 90
       50
176
     1
290
     0
176
     1
 90
       50
176
     1
 62
   256
176
     0
 40
1.0
176
     0
 90
        2
176
     1
  1
strokes_ogs.tif
176
     1
290
     0
176
     1
 40
1.0
176
     1
 40
1.0
176
     1
  0
VISUALSTYLE
  5
2E
102
{ACAD_REACTORS
330
29
102
}
330
29
100
AcDbVisualStyle
  2
Basic
 70
     7
177
     3
291
     1
 70
    58
 90
        1
176
     1
 90
        0
176
     1
 90
        1
176
     1
 90
        0
176
     1
 40
0.6
176
     1
 40
30.0
176
     1
 62
     7
420
 16777215
176
     1
 90
        0
176
     1
 90
        4
176
     1
 62
     7
176
     1
 62
   257
176
     1
 90
        1
176
     1
 90
        1
176
     1
 40
1.0
176
     1
 90
        8
176
     1
 62
     7
176
     1
 40
1.0
176
     1
 90
        1
176
     1
 90
        6
176
     1
 90
        2
176
     1
 62
     7
176
     1
 90
        5
176
     1
 90
        0
176
     1
 90
        0
176
     1
290
     0
176
     1
 90
        1
176
     1
 40
0.0
176
     1
 90
        0
176
     1
290
     0
176
     1
290
     1
176
     1
290
     1
176
     1
290
     0
176
     1
290
     0
176
     1
290
     0
176
     1
290
     0
176
     1
290
     0
176
     1
290
     0
176
     1
 90
       50
176
     1
 40
0.0
176
     1
 40
1.0
176
     1
 90
        0
176
     1
 62
    18
420
        0
176
     1
 90
       50
176
     1
 90
        3
176
     1
 62
     5
420
      255
176
     1
290
     0
176
     1
 90
       50
176
     1
 90
       50
176
     1
 90
       50
176
     1
290
     0
176
     1
 90
       50
176
     1
 62
   256
176
     0
 40
1.0
176
     0
 90
        2
176
     1
  1
strokes_ogs.tif
176
     1
290
     0
176
     1
 40
1.0
176
     1
 40
1.0
176
     1
  0
VISUALSTYLE
  5
35
102
{ACAD_REACTORS
330
29
102
}
330
29
100
AcDbVisualStyle
  2
Brighten
 70
    12
177
     3
291
     1
 70
    58
 90
        2
176
     1
 90
        2
176
     1
 90
        0
176
     1
 90
        0
176
     1
 40
0.6
176
     1
 40
30.0
176
     1
 62
     7
420
 16777215
176
     1
 90
        1
176
     1
 90
        4
176
     1
 62
     7
176
     1
 62
   257
176
     1
 90
        1
176
     1
 90
        1
176
     1
 40
1.0
176
     1
 90
        8
176
     1
 62
     7
176
     1
 40
1.0
176
     1
 90
        1
176
     1
 90
        6
176
     1
 90
        2
176
     1
 62
     7
176
     1
 90
        5
176
     1
 90
        0
176
     1
 90
        0
176
     1
290
     0
176
     1
 90
        1
176
     1
 40
50.0
176
     1
 90
        0
176
     1
290
     0
176
     1
290
     1
176
     1
290
     1
176
     1
290
     0
176
     1
290
     0
176
     1
290
     0
176
     1
290
     0
176
     1
290
     0
176
     1
290
     0
176
     1
 90
       50
176
     1
 40
0.0
176
     1
 40
1.0
176
     1
 90
        0
176
     1
 62
    18
420
        0
176
     1
 90
       50
176
     1
 90
        3
176
     1
 62
     5
420
      255
176
     1
290
     0
176
     1
 90
       50
176
     1
 90
       50
176
     1
 90
       50
176
     1
290
     0
176
     1
 90
       50
176
     1
 62
   256
176
     0
 40
1.0
176
     0
 90
        2
176
     1
  1
strokes_ogs.tif
176
     1
290
     0
176
     1
 40
1.0
176
     1
 40
1.0
176
     1
  0
VISUALSTYLE
  5
39
102
{ACAD_REACTORS
330
29
102
}
330
29
100
AcDbVisualStyle
  2
ColorChange
 70
    16
177
     3
291
     1
 70
    58
 90
        2
176
     1
 90
        2
176
     1
 90
        3
176
     1
 90
        0
176
     1
 40
0.6
176
     1
 40
30.0
176
     1
 62
     8
420
  8421504
176
     1
 90
        1
176
     1
 90
        4
176
     1
 62
     7
176
     1
 62
   257
176
     1
 90
        1
176
     1
 90
        1
176
     1
 40
1.0
176
     1
 90
        8
176
     1
 62
     8
420
  8421504
176
     1
 40
1.0
176
     1
 90
        1
176
     1
 90
        6
176
     1
 90
        2
176
     1
 62
     7
176
     1
 90
        5
176
     1
 90
        0
176
     1
 90
        0
176
     1
290
     0
176
     1
 90
        1
176
     1
 40
0.0
176
     1
 90
        0
176
     1
290
     0
176
     1
290
     1
176
     1
290
     1
176
     1
290
     0
176
     1
290
     0
176
     1
290
     0
176
     1
290
     0
176
     1
290
     0
176
     1
290
     0
176
     1
 90
       50
176
     1
 40
0.0
176
     1
 40
1.0
176
     1
 90
        0
176
     1
 62
    18
420
        0
176
     1
 90
       50
176
     1
 90
        3
176
     1
 62
     5
420
      255
176
     1
290
     0
176
     1
 90
       50
176
     1
 90
       50
176
     1
 90
       50
176
     1
290
     0
176
     1
 90
       50
176
     1
 62
   256
176
     0
 40
1.0
176
     0
 90
        2
176
     1
  1
strokes_ogs.tif
176
     1
290
     0
176
     1
 40
1.0
176
     1
 40
1.0
176
     1
  0
VISUALSTYLE
  5
32
102
{ACAD_REACTORS
330
29
102
}
330
29
100
AcDbVisualStyle
  2
Conceptual
 70
     9
177
     3
291
     0
 70
    58
 90
        3
176
     1
 90
        2
176
     1
 90
        0
176
     1
 90
        0
176
     1
 40
0.6
176
     1
 40
30.0
176
     1
 62
     7
420
 16777215
176
     1
 90
        2
176
     1
 90
        2
176
     1
 62
     7
176
     1
 62
   257
176
     1
 90
        1
176
     1
 90
        1
176
     1
 40
179.0
176
     1
 90
        8
176
     1
 62
     7
176
     1
 40
1.0
176
     1
 90
        1
176
     1
 90
        6
176
     1
 90
        2
176
     1
 62
     7
176
     1
 90
        3
176
     1
 90
        0
176
     1
 90
        0
176
     1
290
     0
176
     1
 90
        1
176
     1
 40
0.0
176
     1
 90
        0
176
     1
290
     0
176
     1
290
     1
176
     1
290
     1
176
     1
290
     0
176
     1
290
     0
176
     1
290
     0
176
     1
290
     0
176
     1
290
     0
176
     1
290
     0
176
     1
 90
       50
176
     1
 40
0.0
176
     1
 40
1.0
176
     1
 90
        0
176
     1
 62
    18
420
        0
176
     1
 90
       50
176
     1
 90
        3
176
     1
 62
     5
420
      255
176
     1
290
     0
176
     1
 90
       50
176
     1
 90
       50
176
     1
 90
       50
176
     1
290
     0
176
     1
 90
       50
176
     1
 62
   256
176
     0
 40
1.0
176
     0
 90
        2
176
     1
  1
strokes_ogs.tif
176
     1
290
     0
176
     1
 40
1.0
176
     1
 40
1.0
176
     1
  0
VISUALSTYLE
  5
34
102
{ACAD_REACTORS
330
29
102
}
330
29
100
AcDbVisualStyle
  2
Dim
 70
    11
177
     3
291
     1
 70
    58
 90
        2
176
     1
 90
        2
176
     1
 90
        0
176
     1
 90
        0
176
     1
 40
0.6
176
     1
 40
30.0
176
     1
 62
     7
420
 16777215
176
     1
 90
        1
176
     1
 90
        4
176
     1
 62
     7
176
     1
 62
   257
176
     1
 90
        1
176
     1
 90
        1
176
     1
 40
1.0
176
     1
 90
        8
176
     1
 62
     7
176
     1
 40
1.0
176
     1
 90
        1
176
     1
 90
        6
176
     1
 90
        2
176
     1
 62
     7
176
     1
 90
        5
176
     1
 90
        0
176
     1
 90
        0
176
     1
290
     0
176
     1
 90
        1
176
     1
 40
-50.0
176
     1
 90
        0
176
     1
290
     0
176
     1
290
     1
176
     1
290
     1
176
     1
290
     0
176
     1
290
     0
176
     1
290
     0
176
     1
290
     0
176
     1
290
     0
176
     1
290
     0
176
     1
 90
       50
176
     1
 40
0.0
176
     1
 40
1.0
176
     1
 90
        0
176
     1
 62
    18
420
        0
176
     1
 90
       50
176
     1
 90
        3
176
     1
 62
     5
420
      255
176
     1
290
     0
176
     1
 90
       50
176
     1
 90
       50
176
     1
 90
       50
176
     1
290
     0
176
     1
 90
       50
176
     1
 62
   256
176
     0
 40
1.0
176
     0
 90
        2
176
     1
  1
strokes_ogs.tif
176
     1
290
     0
176
     1
 40
1.0
176
     1
 40
1.0
176
     1
  0
VISUALSTYLE
  5
41
102
{ACAD_REACTORS
330
29
102
}
330
29
100
AcDbVisualStyle
  2
EdgeColorOff
 70
    22
177
     3
291
     1
 70
    58
 90
        2
176
     0
 90
        2
176
     0
 90
        0
176
     0
 90
        0
176
     0
 40
0.6
176
     0
 40
30.0
176
     0
 62
     7
420
 16777215
176
     0
 90
        1
176
     0
 90
        4
176
     0
 62
     7
176
     0
 62
   257
176
     0
 90
        1
176
     0
 90
        1
176
     0
 40
1.0
176
     0
 90
        8
176
     2
 62
     7
176
     0
 40
1.0
176
     0
 90
        1
176
     0
 90
        6
176
     0
 90
        2
176
     0
 62
     7
176
     0
 90
        5
176
     0
 90
        0
176
     0
 90
        0
176
     0
290
     0
176
     0
 90
        1
176
     0
 40
0.0
176
     0
 90
        0
176
     0
290
     0
176
     0
290
     1
176
     0
290
     1
176
     0
290
     0
176
     0
290
     0
176
     0
290
     0
176
     0
290
     0
176
     0
290
     0
176
     0
290
     0
176
     0
 90
       50
176
     0
 40
0.0
176
     0
 40
1.0
176
     0
 90
        0
176
     0
 62
    18
420
        0
176
     0
 90
       50
176
     0
 90
        3
176
     0
 62
     5
420
      255
176
     0
290
     0
176
     0
 90
       50
176
     0
 90
       50
176
     0
 90
       50
176
     0
290
     0
176
     0
 90
       50
176
     0
 62
   256
176
     0
 40
1.0
176
     0
 90
        2
176
     0
  1
strokes_ogs.tif
176
     0
290
     0
176
     0
 40
1.0
176
     0
 40
1.0
176
     0
  0
VISUALSTYLE
  5
38
102
{ACAD_REACTORS
330
29
102
}
330
29
100
AcDbVisualStyle
  2
Facepattern
 70
    15
177
     3
291
     1
 70
    58
 90
        2
176
     1
 90
        2
176
     1
 90
        0
176
     1
 90
        0
176
     1
 40
0.6
176
     1
 40
30.0
176
     1
 62
     7
420
 16777215
176
     1
 90
        1
176
     1
 90
        4
176
     1
 62
     7
176
     1
 62
   257
176
     1
 90
        1
176
     1
 90
        1
176
     1
 40
1.0
176
     1
 90
        8
176
     1
 62
     7
176
     1
 40
1.0
176
     1
 90
        1
176
     1
 90
        6
176
     1
 90
        2
176
     1
 62
     7
176
     1
 90
        5
176
     1
 90
        0
176
     1
 90
        0
176
     1
290
     0
176
     1
 90
        1
176
     1
 40
0.0
176
     1
 90
        0
176
     1
290
     0
176
     1
290
     1
176
     1
290
     1
176
     1
290
     0
176
     1
290
     0
176
     1
290
     0
176
     1
290
     0
176
     1
290
     0
176
     1
290
     0
176
     1
 90
       50
176
     1
 40
0.0
176
     1
 40
1.0
176
     1
 90
        0
176
     1
 62
    18
420
        0
176
     1
 90
       50
176
     1
 90
        3
176
     1
 62
     5
420
      255
176
     1
290
     0
176
     1
 90
       50
176
     1
 90
       50
176
     1
 90
       50
176
     1
290
     0
176
     1
 90
       50
176
     1
 62
   256
176
     0
 40
1.0
176
     0
 90
        2
176
     1
  1
strokes_ogs.tif
176
     1
290
     0
176
     1
 40
1.0
176
     1
 40
1.0
176
     1
  0
VISUALSTYLE
  5
2A
102
{ACAD_REACTORS
330
29
102
}
330
29
100
AcDbVisualStyle
  2
Flat
 70
     0
177
     3
291
     1
 70
    58
 90
        2
176
     1
 90
        1
176
     1
 90
        1
176
     1
 90
        2
176
     1
 40
0.6
176
     1
 40
30.0
176
     1
 62
     7
420
 16777215
176
     1
 90
        0
176
     1
 90
        0
176
     1
 62
     7
176
     1
 62
   257
176
     1
 90
        1
176
     1
 90
        1
176
     1
 40
1.0
176
     1
 90
        8
176
     1
 62
     7
176
     1
 40
1.0
176
     1
 90
        1
176
     1
 90
        6
176
     1
 90
        2
176
     1
 62
     7
176
     1
 90
        5
176
     1
 90
        0
176
     1
 90
        0
176
     1
290
     0
176
     1
 90
       13
176
     1
 40
0.0
176
     1
 90
        0
176
     1
290
     0
176
     1
290
     1
176
     1
290
     1
176
     1
290
     0
176
     1
290
     0
176
     1
290
     0
176
     1
290
     0
176
     1
290
     0
176
     1
290
     0
176
     1
 90
       50
176
     1
 40
0.0
176
     1
 40
1.0
176
     1
 90
        0
176
     1
 62
    18
420
        0
176
     1
 90
       50
176
     1
 90
        3
176
     1
 62
     5
420
      255
176
     1
290
     0
176
     1
 90
       50
176
     1
 90
       50
176
     1
 90
       50
176
     1
290
     0
176
     1
 90
       50
176
     1
 62
   256
176
     0
 40
1.0
176
     0
 90
        2
176
     1
  1
strokes_ogs.tif
176
     1
290
     0
176
     1
 40
1.0
176
     1
 40
1.0
176
     1
  0
VISUALSTYLE
  5
2B
102
{ACAD_REACTORS
330
29
102
}
330
29
100
AcDbVisualStyle
  2
FlatWithEdges
 70
     1
177
     3
291
     1
 70
    58
 90
        2
176
     1
 90
        1
176
     1
 90
        1
176
     1
 90
        2
176
     1
 40
0.6
176
     1
 40
30.0
176
     1
 62
     7
420
 16777215
176
     1
 90
        1
176
     1
 90
        0
176
     1
 62
     7
176
     1
 62
   257
176
     1
 90
        1
176
     1
 90
        1
176
     1
 40
1.0
176
     1
 90
        0
176
     1
 62
   257
176
     1
 40
1.0
176
     1
 90
        1
176
     1
 90
        6
176
     1
 90
        2
176
     1
 62
     7
176
     1
 90
        5
176
     1
 90
        0
176
     1
 90
        0
176
     1
290
     0
176
     1
 90
       13
176
     1
 40
0.0
176
     1
 90
        0
176
     1
290
     0
176
     1
290
     1
176
     1
290
     1
176
     1
290
     0
176
     1
290
     0
176
     1
290
     0
176
     1
290
     0
176
     1
290
     0
176
     1
290
     0
176
     1
 90
       50
176
     1
 40
0.0
176
     1
 40
1.0
176
     1
 90
        0
176
     1
 62
    18
420
        0
176
     1
 90
       50
176
     1
 90
        3
176
     1
 62
     5
420
      255
176
     1
290
     0
176
     1
 90
       50
176
     1
 90
       50
176
     1
 90
       50
176
     1
290
     0
176
     1
 90
       50
176
     1
 62
   256
176
     0
 40
1.0
176
     0
 90
        2
176
     1
  1
strokes_ogs.tif
176
     1
290
     0
176
     1
 40
1.0
176
     1
 40
1.0
176
     1
  0
VISUALSTYLE
  5
2C
102
{ACAD_REACTORS
330
29
102
}
330
29
100
AcDbVisualStyle
  2
Gouraud
 70
     2
177
     3
291
     1
 70
    58
 90
        2
176
     1
 90
        2
176
     1
 90
        1
176
     1
 90
        2
176
     1
 40
0.6
176
     1
 40
30.0
176
     1
 62
     7
420
 16777215
176
     1
 90
        0
176
     1
 90
        0
176
     1
 62
     7
176
     1
 62
   257
176
     1
 90
        1
176
     1
 90
        1
176
     1
 40
1.0
176
     1
 90
        0
176
     1
 62
     7
176
     1
 40
1.0
176
     1
 90
        1
176
     1
 90
        6
176
     1
 90
        2
176
     1
 62
     7
176
     1
 90
        5
176
     1
 90
        0
176
     1
 90
        0
176
     1
290
     0
176
     1
 90
       13
176
     1
 40
0.0
176
     1
 90
        0
176
     1
290
     0
176
     1
290
     1
176
     1
290
     1
176
     1
290
     0
176
     1
290
     0
176
     1
290
     0
176
     1
290
     0
176
     1
290
     0
176
     1
290
     0
176
     1
 90
       50
176
     1
 40
0.0
176
     1
 40
1.0
176
     1
 90
        0
176
     1
 62
    18
420
        0
176
     1
 90
       50
176
     1
 90
        3
176
     1
 62
     5
420
      255
176
     1
290
     0
176
     1
 90
       50
176
     1
 90
       50
176
     1
 90
       50
176
     1
290
     0
176
     1
 90
       50
176
     1
 62
   256
176
     0
 40
1.0
176
     0
 90
        2
176
     1
  1
strokes_ogs.tif
176
     1
290
     0
176
     1
 40
1.0
176
     1
 40
1.0
176
     1
  0
VISUALSTYLE
  5
2D
102
{ACAD_REACTORS
330
29
102
}
330
29
100
AcDbVisualStyle
  2
GouraudWithEdges
 70
     3
177
     3
291
     1
 70
    58
 90
        2
176
     1
 90
        2
176
     1
 90
        1
176
     1
 90
        2
176
     1
 40
0.6
176
     1
 40
30.0
176
     1
 62
     7
420
 16777215
176
     1
 90
        1
176
     1
 90
        0
176
     1
 62
     7
176
     1
 62
   257
176
     1
 90
        1
176
     1
 90
        1
176
     1
 40
1.0
176
     1
 90
        0
176
     1
 62
   257
176
     1
 40
1.0
176
     1
 90
        1
176
     1
 90
        6
176
     1
 90
        2
176
     1
 62
     7
176
     1
 90
        5
176
     1
 90
        0
176
     1
 90
        0
176
     1
290
     0
176
     1
 90
       13
176
     1
 40
0.0
176
     1
 90
        0
176
     1
290
     0
176
     1
290
     1
176
     1
290
     1
176
     1
290
     0
176
     1
290
     0
176
     1
290
     0
176
     1
290
     0
176
     1
290
     0
176
     1
290
     0
176
     1
 90
       50
176
     1
 40
0.0
176
     1
 40
1.0
176
     1
 90
        0
176
     1
 62
    18
420
        0
176
     1
 90
       50
176
     1
 90
        3
176
     1
 62
     5
420
      255
176
     1
290
     0
176
     1
 90
       50
176
     1
 90
       50
176
     1
 90
       50
176
     1
290
     0
176
     1
 90
       50
176
     1
 62
   256
176
     0
 40
1.0
176
     0
 90
        2
176
     1
  1
strokes_ogs.tif
176
     1
290
     0
176
     1
 40
1.0
176
     1
 40
1.0
176
     1
  0
VISUALSTYLE
  5
31
102
{ACAD_REACTORS
330
29
102
}
330
29
100
AcDbVisualStyle
  2
Hidden
 70
     6
177
     3
291
     0
 70
    58
 90
        1
176
     1
 90
        2
176
     1
 90
        2
176
     1
 90
        0
176
     1
 40
0.6
176
     1
 40
30.0
176
     1
 62
     7
420
 16777215
176
     1
 90
        2
176
     1
 90
        2
176
     1
 62
     7
176
     1
 62
   257
176
     1
 90
        2
176
     1
 90
        1
176
     1
 40
40.0
176
     1
 90
        0
176
     1
 62
   257
176
     1
 40
1.0
176
     1
 90
        1
176
     1
 90
        6
176
     1
 90
        2
176
     1
 62
     7
176
     1
 90
        3
176
     1
 90
        0
176
     1
 90
        0
176
     1
290
     0
176
     1
 90
        1
176
     1
 40
0.0
176
     1
 90
        0
176
     1
290
     0
176
     1
290
     1
176
     1
290
     1
176
     1
290
     0
176
     1
290
     0
176
     1
290
     0
176
     1
290
     0
176
     1
290
     0
176
     1
290
     0
176
     1
 90
       50
176
     1
 40
0.0
176
     1
 40
1.0
176
     1
 90
        0
176
     1
 62
    18
420
        0
176
     1
 90
       50
176
     1
 90
        3
176
     1
 62
     5
420
      255
176
     1
290
     0
176
     1
 90
       50
176
     1
 90
       50
176
     1
 90
       50
176
     1
290
     0
176
     1
 90
       50
176
     1
 62
   256
176
     0
 40
1.0
176
     0
 90
        2
176
     1
  1
strokes_ogs.tif
176
     1
290
     0
176
     1
 40
1.0
176
     1
 40
1.0
176
     1
  0
VISUALSTYLE
  5
3F
102
{ACAD_REACTORS
330
29
102
}
330
29
100
AcDbVisualStyle
  2
JitterOff
 70
    20
177
     3
291
     1
 70
    58
 90
        2
176
     0
 90
        2
176
     0
 90
        0
176
     0
 90
        0
176
     0
 40
0.6
176
     0
 40
30.0
176
     0
 62
     7
420
 16777215
176
     0
 90
        1
176
     0
 90
        4
176
     0
 62
     7
176
     0
 62
   257
176
     0
 90
        1
176
     0
 90
        1
176
     0
 40
1.0
176
     0
 90
       10
176
     2
 62
     7
176
     0
 40
1.0
176
     0
 90
        1
176
     0
 90
        6
176
     0
 90
        2
176
     0
 62
     7
176
     0
 90
        5
176
     0
 90
        0
176
     0
 90
        0
176
     0
290
     0
176
     0
 90
        1
176
     0
 40
0.0
176
     0
 90
        0
176
     0
290
     0
176
     0
290
     1
176
     0
290
     1
176
     0
290
     0
176
     0
290
     0
176
     0
290
     0
176
     0
290
     0
176
     0
290
     0
176
     0
290
     0
176
     0
 90
       50
176
     0
 40
0.0
176
     0
 40
1.0
176
     0
 90
        0
176
     0
 62
    18
420
        0
176
     0
 90
       50
176
     0
 90
        3
176
     0
 62
     5
420
      255
176
     0
290
     0
176
     0
 90
       50
176
     0
 90
       50
176
     0
 90
       50
176
     0
290
     0
176
     0
 90
       50
176
     0
 62
   256
176
     0
 40
1.0
176
     0
 90
        2
176
     0
  1
strokes_ogs.tif
176
     0
290
     0
176
     0
 40
1.0
176
     0
 40
1.0
176
     0
  0
VISUALSTYLE
  5
37
102
{ACAD_REACTORS
330
29
102
}
330
29
100
AcDbVisualStyle
  2
Linepattern
 70
    14
177
     3
291
     1
 70
    58
 90
        2
176
     1
 90
        2
176
     1
 90
        0
176
     1
 90
        0
176
     1
 40
0.6
176
     1
 40
30.0
176
     1
 62
     7
420
 16777215
176
     1
 90
        1
176
     1
 90
        4
176
     1
 62
     7
176
     1
 62
   257
176
     1
 90
        7
176
     1
 90
        7
176
     1
 40
1.0
176
     1
 90
        8
176
     1
 62
     7
176
     1
 40
1.0
176
     1
 90
        1
176
     1
 90
        6
176
     1
 90
        2
176
     1
 62
     7
176
     1
 90
        5
176
     1
 90
        0
176
     1
 90
        0
176
     1
290
     0
176
     1
 90
        1
176
     1
 40
0.0
176
     1
 90
        0
176
     1
290
     0
176
     1
290
     1
176
     1
290
     1
176
     1
290
     0
176
     1
290
     0
176
     1
290
     0
176
     1
290
     0
176
     1
290
     0
176
     1
290
     0
176
     1
 90
       50
176
     1
 40
0.0
176
     1
 40
1.0
176
     1
 90
        0
176
     1
 62
    18
420
        0
176
     1
 90
       50
176
     1
 90
        3
176
     1
 62
     5
420
      255
176
     1
290
     0
176
     1
 90
       50
176
     1
 90
       50
176
     1
 90
       50
176
     1
290
     0
176
     1
 90
       50
176
     1
 62
   256
176
     0
 40
1.0
176
     0
 90
        2
176
     1
  1
strokes_ogs.tif
176
     1
290
     0
176
     1
 40
1.0
176
     1
 40
1.0
176
     1
  0
VISUALSTYLE
  5
40
102
{ACAD_REACTORS
330
29
102
}
330
29
100
AcDbVisualStyle
  2
OverhangOff
 70
    21
177
     3
291
     1
 70
    58
 90
        2
176
     0
 90
        2
176
     0
 90
        0
176
     0
 90
        0
176
     0
 40
0.6
176
     0
 40
30.0
176
     0
 62
     7
420
 16777215
176
     0
 90
        1
176
     0
 90
        4
176
     0
 62
     7
176
     0
 62
   257
176
     0
 90
        1
176
     0
 90
        1
176
     0
 40
1.0
176
     0
 90
        9
176
     2
 62
     7
176
     0
 40
1.0
176
     0
 90
        1
176
     0
 90
        6
176
     0
 90
        2
176
     0
 62
     7
176
     0
 90
        5
176
     0
 90
        0
176
     0
 90
        0
176
     0
290
     0
176
     0
 90
        1
176
     0
 40
0.0
176
     0
 90
        0
176
     0
290
     0
176
     0
290
     1
176
     0
290
     1
176
     0
290
     0
176
     0
290
     0
176
     0
290
     0
176
     0
290
     0
176
     0
290
     0
176
     0
290
     0
176
     0
 90
       50
176
     0
 40
0.0
176
     0
 40
1.0
176
     0
 90
        0
176
     0
 62
    18
420
        0
176
     0
 90
       50
176
     0
 90
        3
176
     0
 62
     5
420
      255
176
     0
290
     0
176
     0
 90
       50
176
     0
 90
       50
176
     0
 90
       50
176
     0
290
     0
176
     0
 90
       50
176
     0
 62
   256
176
     0
 40
1.0
176
     0
 90
        2
176
     0
  1
strokes_ogs.tif
176
     0
290
     0
176
     0
 40
1.0
176
     0
 40
1.0
176
     0
  0
VISUALSTYLE
  5
33
102
{ACAD_REACTORS
330
29
102
}
330
29
100
AcDbVisualStyle
  2
Realistic
 70
     8
177
     3
291
     0
 70
    58
 90
        2
176
     1
 90
        3
176
     1
 90
        0
176
     1
 90
        2
176
     1
 40
0.6
176
     1
 40
30.0
176
     1
 62
     7
420
 16777215
176
     1
 90
        0
176
     1
 90
        0
176
     1
 62
     7
176
     1
 62
   257
176
     1
 90
        1
176
     1
 90
        1
176
     1
 40
1.0
176
     1
 90
        8
176
     1
 62
   257
176
     1
 40
1.0
176
     1
 90
        1
176
     1
 90
        6
176
     1
 90
        2
176
     1
 62
     7
176
     1
 90
        3
176
     1
 90
        0
176
     1
 90
        0
176
     1
290
     0
176
     1
 90
       13
176
     1
 40
0.0
176
     1
 90
        0
176
     1
290
     0
176
     1
290
     1
176
     1
290
     1
176
     1
290
     0
176
     1
290
     0
176
     1
290
     0
176
     1
290
     0
176
     1
290
     0
176
     1
290
     0
176
     1
 90
       50
176
     1
 40
0.0
176
     1
 40
1.0
176
     1
 90
        0
176
     1
 62
    18
420
        0
176
     1
 90
       50
176
     1
 90
        3
176
     1
 62
     5
420
      255
176
     1
290
     0
176
     1
 90
       50
176
     1
 90
       50
176
     1
 90
       50
176
     1
290
     0
176
     1
 90
       50
176
     1
 62
   256
176
     0
 40
1.0
176
     0
 90
        2
176
     1
  1
strokes_ogs.tif
176
     1
290
     0
176
     1
 40
1.0
176
     1
 40
1.0
176
     1
  0
VISUALSTYLE
  5
3E
102
{ACAD_REACTORS
330
29
102
}
330
29
100
AcDbVisualStyle
  2
Shaded
 70
    27
177
     3
291
     0
 70
    58
 90
        2
176
     1
 90
        2
176
     1
 90
        1
176
     1
 90
        2
176
     1
 40
0.6
176
     1
 40
30.0
176
     1
 62
     7
420
 16777215
176
     1
 90
        0
176
     1
 90
        4
176
     1
 62
     7
176
     1
 62
   257
176
     1
 90
        1
176
     1
 90
        1
176
     1
 40
1.0
176
     1
 90
        8
176
     1
 62
   257
176
     1
 40
1.0
176
     1
 90
        1
176
     1
 90
        6
176
     1
 90
        2
176
     1
 62
     8
420
  7895160
176
     1
 90
        3
176
     1
 90
        0
176
     1
 90
        0
176
     1
290
     0
176
     1
 90
        5
176
     1
 40
0.0
176
     1
 90
        0
176
     1
290
     0
176
     1
290
     1
176
     1
290
     1
176
     1
290
     0
176
     1
290
     0
176
     1
290
     0
176
     1
290
     0
176
     1
290
     0
176
     1
290
     0
176
     1
 90
       50
176
     1
 40
0.0
176
     1
 40
1.0
176
     1
 90
        0
176
     1
 62
    18
420
        0
176
     1
 90
       50
176
     1
 90
        3
176
     1
 62
     5
420
      255
176
     1
290
     0
176
     1
 90
       50
176
     1
 90
       50
176
     1
 90
       50
176
     1
290
     0
176
     1
 90
       50
176
     1
 62
   256
176
     0
 40
1.0
176
     0
 90
        2
176
     1
  1
strokes_ogs.tif
176
     1
290
     0
176
     1
 40
1.0
176
     1
 40
1.0
176
     1
  0
VISUALSTYLE
  5
3D
102
{ACAD_REACTORS
330
29
102
}
330
29
100
AcDbVisualStyle
  2
Shaded with edges
 70
    26
177
     3
291
     0
 70
    58
 90
        2
176
     1
 90
        2
176
     1
 90
        1
176
     1
 90
        2
176
     1
 40
0.6
176
     1
 40
30.0
176
     1
 62
     7
420
 16777215
176
     1
 90
        1
176
     1
 90
        2
176
     1
 62
     7
176
     1
 62
   257
176
     1
 90
        2
176
     1
 90
        1
176
     1
 40
1.0
176
     1
 90
        8
176
     1
 62
   257
176
     1
 40
1.0
176
     1
 90
        1
176
     1
 90
        6
176
     1
 90
        2
176
     1
 62
     7
176
     1
 90
        3
176
     1
 90
        0
176
     1
 90
        0
176
     1
290
     0
176
     1
 90
        5
176
     1
 40
0.0
176
     1
 90
        0
176
     1
290
     0
176
     1
290
     1
176
     1
290
     1
176
     1
290
     0
176
     1
290
     0
176
     1
290
     0
176
     1
290
     0
176
     1
290
     0
176
     1
290
     0
176
     1
 90
       50
176
     1
 40
0.0
176
     1
 40
1.0
176
     1
 90
        0
176
     1
 62
    18
420
        0
176
     1
 90
       50
176
     1
 90
        3
176
     1
 62
     5
420
      255
176
     1
290
     0
176
     1
 90
       50
176
     1
 90
       50
176
     1
 90
       50
176
     1
290
     0
176
     1
 90
       50
176
     1
 62
   256
176
     0
 40
1.0
176
     0
 90
        2
176
     1
  1
strokes_ogs.tif
176
     1
290
     0
176
     1
 40
1.0
176
     1
 40
1.0
176
     1
  0
VISUALSTYLE
  5
3A
102
{ACAD_REACTORS
330
29
102
}
330
29
100
AcDbVisualStyle
  2
Shades of Gray
 70
    23
177
     3
291
     0
 70
    58
 90
        2
176
     1
 90
        2
176
     1
 90
        3
176
     1
 90
        0
176
     1
 40
0.6
176
     1
 40
30.0
176
     1
 62
     7
420
 16777215
176
     1
 90
        2
176
     1
 90
        2
176
     1
 62
     7
176
     1
 62
     7
176
     1
 90
        1
176
     1
 90
        1
176
     1
 40
40.0
176
     1
 90
        8
176
     1
 62
     7
176
     1
 40
1.0
176
     1
 90
        1
176
     1
 90
        6
176
     1
 90
        2
176
     1
 62
     7
176
     1
 90
        3
176
     1
 90
        0
176
     1
 90
        0
176
     1
290
     0
176
     1
 90
        1
176
     1
 40
0.0
176
     1
 90
        0
176
     1
290
     0
176
     1
290
     1
176
     1
290
     1
176
     1
290
     0
176
     1
290
     0
176
     1
290
     0
176
     1
290
     0
176
     1
290
     0
176
     1
290
     0
176
     1
 90
       50
176
     1
 40
0.0
176
     1
 40
1.0
176
     1
 90
        0
176
     1
 62
    18
420
        0
176
     1
 90
       50
176
     1
 90
        3
176
     1
 62
     5
420
      255
176
     1
290
     0
176
     1
 90
       50
176
     1
 90
       50
176
     1
 90
       50
176
     1
290
     0
176
     1
 90
       50
176
     1
 62
   256
176
     0
 40
1.0
176
     0
 90
        2
176
     1
  1
strokes_ogs.tif
176
     1
290
     0
176
     1
 40
1.0
176
     1
 40
1.0
176
     1
  0
VISUALSTYLE
  5
3B
102
{ACAD_REACTORS
330
29
102
}
330
29
100
AcDbVisualStyle
  2
Sketchy
 70
    24
177
     3
291
     0
 70
    58
 90
        1
176
     1
 90
        2
176
     1
 90
        2
176
     1
 90
        0
176
     1
 40
0.6
176
     1
 40
30.0
176
     1
 62
     7
420
 16777215
176
     1
 90
        2
176
     1
 90
        2
176
     1
 62
     7
176
     1
 62
     7
176
     1
 90
        1
176
     1
 90
        1
176
     1
 40
40.0
176
     1
 90
       11
176
     1
 62
     7
176
     1
 40
1.0
176
     1
 90
        1
176
     1
 90
        6
176
     1
 90
        2
176
     1
 62
     7
176
     1
 90
        6
176
     1
 90
        0
176
     1
 90
        0
176
     1
290
     0
176
     1
 90
        1
176
     1
 40
0.0
176
     1
 90
        0
176
     1
290
     0
176
     1
290
     1
176
     1
290
     1
176
     1
290
     0
176
     1
290
     0
176
     1
290
     0
176
     1
290
     0
176
     1
290
     0
176
     1
290
     0
176
     1
 90
       50
176
     1
 40
0.0
176
     1
 40
1.0
176
     1
 90
        0
176
     1
 62
    18
420
        0
176
     1
 90
       50
176
     1
 90
        3
176
     1
 62
     5
420
      255
176
     1
290
     0
176
     1
 90
       50
176
     1
 90
       50
176
     1
 90
       50
176
     1
290
     0
176
     1
 90
       50
176
     1
 62
   256
176
     0
 40
1.0
176
     0
 90
        2
176
     1
  1
strokes_ogs.tif
176
     1
290
     0
176
     1
 40
1.0
176
     1
 40
1.0
176
     1
  0
VISUALSTYLE
  5
36
102
{ACAD_REACTORS
330
29
102
}
330
29
100
AcDbVisualStyle
  2
Thicken
 70
    13
177
     3
291
     1
 70
    58
 90
        2
176
     1
 90
        2
176
     1
 90
        0
176
     1
 90
        0
176
     1
 40
0.6
176
     1
 40
30.0
176
     1
 62
     7
420
 16777215
176
     1
 90
        1
176
     1
 90
        4
176
     1
 62
     7
176
     1
 62
   257
176
     1
 90
        1
176
     1
 90
        1
176
     1
 40
1.0
176
     1
 90
       12
176
     1
 62
     7
176
     1
 40
1.0
176
     1
 90
        1
176
     1
 90
        6
176
     1
 90
        2
176
     1
 62
     7
176
     1
 90
        5
176
     1
 90
        0
176
     1
 90
        0
176
     1
290
     0
176
     1
 90
        1
176
     1
 40
0.0
176
     1
 90
        0
176
     1
290
     0
176
     1
290
     1
176
     1
290
     1
176
     1
290
     0
176
     1
290
     0
176
     1
290
     0
176
     1
290
     0
176
     1
290
     0
176
     1
290
     0
176
     1
 90
       50
176
     1
 40
0.0
176
     1
 40
1.0
176
     1
 90
        0
176
     1
 62
    18
420
        0
176
     1
 90
       50
176
     1
 90
        3
176
     1
 62
     5
420
      255
176
     1
290
     0
176
     1
 90
       50
176
     1
 90
       50
176
     1
 90
       50
176
     1
290
     0
176
     1
 90
       50
176
     1
 62
   256
176
     0
 40
1.0
176
     0
 90
        2
176
     1
  1
strokes_ogs.tif
176
     1
290
     0
176
     1
 40
1.0
176
     1
 40
1.0
176
     1
  0
VISUALSTYLE
  5
30
102
{ACAD_REACTORS
330
29
102
}
330
29
100
AcDbVisualStyle
  2
Wireframe
 70
     5
177
     3
291
     0
 70
    58
 90
        0
176
     1
 90
        2
176
     1
 90
        0
176
     1
 90
        0
176
     1
 40
0.6
176
     1
 40
30.0
176
     1
 62
     7
420
 16777215
176
     1
 90
        1
176
     1
 90
        4
176
     1
 62
     7
176
     1
 62
   257
176
     1
 90
        1
176
     1
 90
        1
176
     1
 40
1.0
176
     1
 90
        0
176
     1
 62
   257
176
     1
 40
1.0
176
     1
 90
        1
176
     1
 90
        6
176
     1
 90
        2
176
     1
 62
     7
176
     1
 90
        3
176
     1
 90
        0
176
     1
 90
        0
176
     1
290
     0
176
     1
 90
        1
176
     1
 40
0.0
176
     1
 90
        0
176
     1
290
     0
176
     1
290
     1
176
     1
290
     1
176
     1
290
     0
176
     1
290
     0
176
     1
290
     0
176
     1
290
     0
176
     1
290
     0
176
     1
290
     0
176
     1
 90
       50
176
     1
 40
0.0
176
     1
 40
1.0
176
     1
 90
        0
176
     1
 62
    18
420
        0
176
     1
 90
       50
176
     1
 90
        3
176
     1
 62
     5
420
      255
176
     1
290
     0
176
     1
 90
       50
176
     1
 90
       50
176
     1
 90
       50
176
     1
290
     0
176
     1
 90
       50
176
     1
 62
   256
176
     0
 40
1.0
176
     0
 90
        2
176
     1
  1
strokes_ogs.tif
176
     1
290
     0
176
     1
 40
1.0
176
     1
 40
1.0
176
     1
  0
VISUALSTYLE
  5
3C
102
{ACAD_REACTORS
330
29
102
}
330
29
100
AcDbVisualStyle
  2
X-Ray
 70
    25
177
     3
291
     0
 70
    58
 90
        2
176
     1
 90
        2
176
     1
 90
        1
176
     1
 90
        1
176
     1
 40
0.5
176
     1
 40
30.0
176
     1
 62
     7
420
 16777215
176
     1
 90
        1
176
     1
 90
        0
176
     1
 62
     7
176
     1
 62
   257
176
     1
 90
        1
176
     1
 90
        1
176
     1
 40
1.0
176
     1
 90
        8
176
     1
 62
     7
176
     1
 40
1.0
176
     1
 90
        1
176
     1
 90
        6
176
     1
 90
        2
176
     1
 62
     7
176
     1
 90
        3
176
     1
 90
        0
176
     1
 90
        0
176
     1
290
     0
176
     1
 90
       13
176
     1
 40
0.0
176
     1
 90
        0
176
     1
290
     0
176
     1
290
     1
176
     1
290
     1
176
     1
290
     0
176
     1
290
     0
176
     1
290
     0
176
     1
290
     0
176
     1
290
     0
176
     1
290
     0
176
     1
 90
       50
176
     1
 40
0.0
176
     1
 40
1.0
176
     1
 90
        0
176
     1
 62
    18
420
        0
176
     1
 90
       50
176
     1
 90
        3
176
     1
 62
     5
420
      255
176
     1
290
     0
176
     1
 90
       50
176
     1
 90
       50
176
     1
 90
       50
176
     1
290
     0
176
     1
 90
       50
176
     1
 62
   256
176
     0
 40
1.0
176
     0
 90
        2
176
     1
  1
strokes_ogs.tif
176
     1
290
     0
176
     1
 40
1.0
176
     1
 40
1.0
176
     1
  0
DICTIONARYVAR
  5
2CA
102
{ACAD_REACTORS
330
2C5
102
}
330
2C5
100
DictionaryVariables
280
     0
  1
1:1
  0
DICTIONARYVAR
  5
2C7
102
{ACAD_REACTORS
330
2C5
102
}
330
2C5
100
DictionaryVariables
280
     0
  1
STANDARD
  0
DICTIONARYVAR
  5
2C6
102
{ACAD_REACTORS
330
2C5
102
}
330
2C5
100
DictionaryVariables
280
     0
  1
STANDARD
  0
DICTIONARYVAR
  5
2C8
102
{ACAD_REACTORS
330
2C5
102
}
330
2C5
100
DictionaryVariables
280
     0
  1
Imperial24
  0
DICTIONARYVAR
  5
2C9
102
{ACAD_REACTORS
330
2C5
102
}
330
2C5
100
DictionaryVariables
280
     0
  1
Imperial24
  0
DICTIONARY
  5
1A
330
19
100
AcDbDictionary
280
     1
281
     1
  3
BUMPTILE
360
1C
  3
DIFFUSETILE
360
1B
  3
OPACITYTILE
360
1F
  3
REFLECTIONTILE
360
1E
  3
REFRACTIONTILE
360
20
  3
SPECULARTILE
360
1D
  0
DICTIONARY
  5
12
330
11
100
AcDbDictionary
280
     1
281
     1
  3
BUMPTILE
360
14
  3
DIFFUSETILE
360
13
  3
OPACITYTILE
360
17
  3
REFLECTIONTILE
360
16
  3
REFRACTIONTILE
360
18
  3
SPECULARTILE
360
15
  0
DICTIONARY
  5
22
330
21
100
AcDbDictionary
280
     1
281
     1
  3
BUMPTILE
360
24
  3
DIFFUSETILE
360
23
  3
OPACITYTILE
360
27
  3
REFLECTIONTILE
360
26
  3
REFRACTIONTILE
360
28
  3
SPECULARTILE
360
25
  0
DICTIONARY
  5
2CB
330
65
100
AcDbDictionary
280
     1
281
     1
  3
ACAD_ROUNDTRIP_2008_TABLESTYLE_CELLSTYLEMAP
360
2CC
  0
XRECORD
  5
1C
102
{ACAD_REACTORS
330
1A
102
}
330
1A
100
AcDbXrecord
280
     1
270
     1
271
     1
  0
XRECORD
  5
1B
102
{ACAD_REACTORS
330
1A
102
}
330
1A
100
AcDbXrecord
280
     1
270
     1
271
     1
  0
XRECORD
  5
1F
102
{ACAD_REACTORS
330
1A
102
}
330
1A
100
AcDbXrecord
280
     1
270
     1
271
     1
  0
XRECORD
  5
1E
102
{ACAD_REACTORS
330
1A
102
}
330
1A
100
AcDbXrecord
280
     1
270
     1
271
     1
  0
XRECORD
  5
20
102
{ACAD_REACTORS
330
1A
102
}
330
1A
100
AcDbXrecord
280
     1
270
     1
271
     1
  0
XRECORD
  5
1D
102
{ACAD_REACTORS
330
1A
102
}
330
1A
100
AcDbXrecord
280
     1
270
     1
271
     1
  0
XRECORD
  5
14
102
{ACAD_REACTORS
330
12
102
}
330
12
100
AcDbXrecord
280
     1
270
     1
271
     1
  0
XRECORD
  5
13
102
{ACAD_REACTORS
330
12
102
}
330
12
100
AcDbXrecord
280
     1
270
     1
271
     1
  0
XRECORD
  5
17
102
{ACAD_REACTORS
330
12
102
}
330
12
100
AcDbXrecord
280
     1
270
     1
271
     1
  0
XRECORD
  5
16
102
{ACAD_REACTORS
330
12
102
}
330
12
100
AcDbXrecord
280
     1
270
     1
271
     1
  0
XRECORD
  5
18
102
{ACAD_REACTORS
330
12
102
}
330
12
100
AcDbXrecord
280
     1
270
     1
271
     1
  0
XRECORD
  5
15
102
{ACAD_REACTORS
330
12
102
}
330
12
100
AcDbXrecord
280
     1
270
     1
271
     1
  0
XRECORD
  5
24
102
{ACAD_REACTORS
330
22
102
}
330
22
100
AcDbXrecord
280
     1
270
     1
271
     1
  0
XRECORD
  5
23
102
{ACAD_REACTORS
330
22
102
}
330
22
100
AcDbXrecord
280
     1
270
     1
271
     1
  0
XRECORD
  5
27
102
{ACAD_REACTORS
330
22
102
}
330
22
100
AcDbXrecord
280
     1
270
     1
271
     1
  0
XRECORD
  5
26
102
{ACAD_REACTORS
330
22
102
}
330
22
100
AcDbXrecord
280
     1
270
     1
271
     1
  0
XRECORD
  5
28
102
{ACAD_REACTORS
330
22
102
}
330
22
100
AcDbXrecord
280
     1
270
     1
271
     1
  0
XRECORD
  5
25
102
{ACAD_REACTORS
330
22
102
}
330
22
100
AcDbXrecord
280
     1
270
     1
271
     1
  0
CELLSTYLEMAP
  5
2CC
102
{ACAD_REACTORS
330
2CB
102
}
330
2CB
100
AcDbCellStyleMap
 90
        3
300
CELLSTYLE
  1
TABLEFORMAT_BEGIN
 90
        5
170
     1
 91
        0
 92
    32768
 62
   257
 93
        1
300
CONTENTFORMAT
  1
CONTENTFORMAT_BEGIN
 90
        0
 91
        0
 92
      512
 93
        0
300

 40
0.0
140
1.0
 94
        5
 62
     0
340
55
144
0.25
309
CONTENTFORMAT_END
171
     0
 94
        0
309
TABLEFORMAT_END
  1
CELLSTYLE_BEGIN
 90
        1
 91
        1
300
_TITLE
309
CELLSTYLE_END
300
CELLSTYLE
  1
TABLEFORMAT_BEGIN
 90
        5
170
     1
 91
        0
 92
        0
 62
   257
 93
        1
300
CONTENTFORMAT
  1
CONTENTFORMAT_BEGIN
 90
        0
 91
        0
 92
      512
 93
        0
300

 40
0.0
140
1.0
 94
        5
 62
     0
340
55
144
0.18
309
CONTENTFORMAT_END
171
     0
 94
        0
309
TABLEFORMAT_END
  1
CELLSTYLE_BEGIN
 90
        2
 91
        1
300
_HEADER
309
CELLSTYLE_END
300
CELLSTYLE
  1
TABLEFORMAT_BEGIN
 90
        5
170
     1
 91
        0
 92
        0
 62
   257
 93
        1
300
CONTENTFORMAT
  1
CONTENTFORMAT_BEGIN
 90
        0
 91
        0
 92
      512
 93
        0
300

 40
0.0
140
1.0
 94
        2
 62
     0
340
55
144
0.18
309
CONTENTFORMAT_END
171
     0
 94
        0
309
TABLEFORMAT_END
  1
CELLSTYLE_BEGIN
 90
        3
 91
        2
300
_DATA
309
CELLSTYLE_END
  0
ENDSEC
  0
EOF
