999
dxfrw 0.6.3
  0
SECTION
  2
HEADER
  9
$ACADVER
  1
AC1021
  9
$DWGCODEPAGE
  3
ANSI_1252
  9
$INSBASE
 10
0
 20
0
 30
0
  9
$EXTMIN
 10
117.4578767935791
 20
48.09260512199999
 30
0
  9
$EXTMAX
 10
202.051325244
 20
187.1295279543666
 30
0
  9
$LIMMIN
 10
0
 20
0
  9
$LIMMAX
 10
420
 20
297
  9
$ORTHOMODE
 70
    0
  9
$REGENMODE
 70
    1
  9
$FILLMODE
 70
    1
  9
$QTEXTMODE
 70
    0
  9
$MIRRTEXT
 70
    0
  9
$LTSCALE
 40
1
  9
$ATTMODE
 70
    0
  9
$TEXTSIZE
 40
2.5
  9
$TRACEWID
 40
15.68
  9
$TEXTSTYLE
  7
STANDARD
  9
$CLAYER
  8
01_STD_A_DATUMS
  9
$CELTYPE
  6
BYLAYER
  9
$CECOLOR
 62
  256
  9
$CELTSCALE
 40
1
  9
$DISPSILH
 70
    0
  9
$DIMSCALE
 40
2.5
  9
$DIMASZ
 40
2.5
  9
$DIMEXO
 40
0.625
  9
$DIMDLI
 40
3.75
  9
$DIMRND
 40
0
  9
$DIMDLE
 40
0
  9
$DIMEXE
 40
1.25
  9
$DIMTP
 40
0
  9
$DIMTM
 40
0
  9
$DIMTXT
 40
2.5
  9
$DIMCEN
 40
2.5
  9
$DIMTSZ
 40
0
  9
$DIMTOL
 70
    0
  9
$DIMLIM
 70
    0
  9
$DIMTIH
 70
    0
  9
$DIMTOH
 70
    0
  9
$DIMSE1
 70
    0
  9
$DIMSE2
 70
    0
  9
$DIMTAD
 70
    1
  9
$DIMZIN
 70
    8
  9
$DIMBLK
  1

  9
$DIMASO
 70
    1
  9
$DIMSHO
 70
    1
  9
$DIMPOST
  1

  9
$DIMAPOST
  1

  9
$DIMALT
 70
    0
  9
$DIMALTD
 70
    3
  9
$DIMALTF
 40
0.03937
  9
$DIMLFAC
 40
1
  9
$DIMTOFL
 70
    1
  9
$DIMTVP
 40
0
  9
$DIMTIX
 70
    0
  9
$DIMSOXD
 70
    0
  9
$DIMSAH
 70
    0
  9
$DIMBLK1
  1

  9
$DIMBLK2
  1

  9
$DIMSTYLE
  2
Standard
  9
$DIMCLRD
 70
    0
  9
$DIMCLRE
 70
    0
  9
$DIMCLRT
 70
    0
  9
$DIMTFAC
 40
1
  9
$DIMGAP
 40
0.625
  9
$DIMJUST
 70
    0
  9
$DIMSD1
 70
    0
  9
$DIMSD2
 70
    0
  9
$DIMTOLJ
 70
    0
  9
$DIMTZIN
 70
    8
  9
$DIMALTZ
 70
    0
  9
$DIMALTTZ
 70
    0
  9
$DIMUPT
 70
    0
  9
$DIMDEC
 70
    4
  9
$DIMTDEC
 70
    2
  9
$DIMALTU
 70
    2
  9
$DIMALTTD
 70
    3
  9
$DIMTXSTY
  7
STANDARD
  9
$DIMAUNIT
 70
    0
  9
$DIMADEC
 70
    0
  9
$DIMALTRND
 40
0
  9
$DIMAZIN
 70
    0
  9
$DIMDSEP
 70
   44
  9
$DIMATFIT
 70
    3
  9
$DIMFRAC
 70
    0
  9
$DIMLDRBLK
  1
STANDARD
  9
$DIMLUNIT
 70
    2
  9
$DIMLWD
 70
   -2
  9
$DIMLWE
 70
   -2
  9
$DIMTMOVE
 70
    0
  9
$DIMFXL
 40
1
  9
$DIMFXLON
 70
    0
  9
$DIMJOGANG
 40
0.7854
  9
$DIMTFILL
 70
    0
  9
$DIMTFILLCLR
 70
    0
  9
$DIMARCSYM
 70
    0
  9
$DIMLTYPE
  6

  9
$DIMLTEX1
  6

  9
$DIMLTEX2
  6

  9
$LUNITS
 70
    2
  9
$LUPREC
 70
    4
  9
$SKETCHINC
 40
1
  9
$FILLETRAD
 40
0
  9
$AUNITS
 70
    0
  9
$AUPREC
 70
    2
  9
$MENU
  1
.
  9
$ELEVATION
 40
0
  9
$PELEVATION
 40
0
  9
$THICKNESS
 40
0
  9
$LIMCHECK
 70
    0
  9
$CHAMFERA
 40
0
  9
$CHAMFERB
 40
0
  9
$CHAMFERC
 40
0
  9
$CHAMFERD
 40
0
  9
$SKPOLY
 70
    0
  9
$USRTIMER
 70
    1
  9
$ANGBASE
 50
0
  9
$ANGDIR
 70
    0
  9
$PDMODE
 70
   96
  9
$PDSIZE
 40
-2
  9
$PLINEWID
 40
0
  9
$SPLFRAME
 70
    0
  9
$SPLINETYPE
 70
    2
  9
$SPLINESEGS
 70
    8
  9
$HANDSEED
  5
20000
  9
$SURFTAB1
 70
    6
  9
$SURFTAB2
 70
    6
  9
$SURFTYPE
 70
    6
  9
$SURFU
 70
    6
  9
$SURFV
 70
    6
  9
$UCSBASE
  2

  9
$UCSNAME
  2

  9
$UCSORG
 10
0
 20
0
 30
0
  9
$UCSXDIR
 10
1
 20
0
 30
0
  9
$UCSYDIR
 10
0
 20
1
 30
0
  9
$UCSORTHOREF
  2

  9
$UCSORTHOVIEW
 70
    0
  9
$UCSORGTOP
 10
0
 20
0
 30
0
  9
$UCSORGBOTTOM
 10
0
 20
0
 30
0
  9
$UCSORGLEFT
 10
0
 20
0
 30
0
  9
$UCSORGRIGHT
 10
0
 20
0
 30
0
  9
$UCSORGFRONT
 10
0
 20
0
 30
0
  9
$UCSORGBACK
 10
0
 20
0
 30
0
  9
$PUCSBASE
  2

  9
$PUCSNAME
  2

  9
$PUCSORG
 10
0
 20
0
 30
0
  9
$PUCSXDIR
 10
1
 20
0
 30
0
  9
$PUCSYDIR
 10
0
 20
1
 30
0
  9
$PUCSORTHOREF
  2

  9
$PUCSORTHOVIEW
 70
    0
  9
$PUCSORGTOP
 10
0
 20
0
 30
0
  9
$PUCSORGBOTTOM
 10
0
 20
0
 30
0
  9
$PUCSORGLEFT
 10
0
 20
0
 30
0
  9
$PUCSORGRIGHT
 10
0
 20
0
 30
0
  9
$PUCSORGFRONT
 10
0
 20
0
 30
0
  9
$PUCSORGBACK
 10
0
 20
0
 30
0
  9
$USERI1
 70
    0
  9
$USERI2
 70
    0
  9
$USERI3
 70
    0
  9
$USERI4
 70
    0
  9
$USERI5
 70
    0
  9
$USERR1
 40
0
  9
$USERR2
 40
0
  9
$USERR3
 40
0
  9
$USERR4
 40
0
  9
$USERR5
 40
0
  9
$WORLDVIEW
 70
    1
  9
$SHADEDGE
 70
    3
  9
$SHADEDIF
 70
   70
  9
$TILEMODE
 70
    1
  9
$MAXACTVP
 70
   64
  9
$PINSBASE
 10
0
 20
0
 30
0
  9
$PLIMCHECK
 70
    0
  9
$PEXTMIN
 10
0
 20
0
 30
0
  9
$PEXTMAX
 10
0
 20
0
 30
0
  9
$GRIDMODE
 70
    1
  9
$SNAPSTYLE
 70
    0
  9
$PLIMMIN
 10
0
 20
0
  9
$PLIMMAX
 10
210
 20
297
  9
$UNITMODE
 70
    0
  9
$VISRETAIN
 70
    1
  9
$PLINEGEN
 70
    0
  9
$PSLTSCALE
 70
    1
  9
$TREEDEPTH
 70
 3020
  9
$CMLSTYLE
  2
Standard
  9
$CMLJUST
 70
    0
  9
$CMLSCALE
 40
20
  9
$PROXYGRAPHICS
 70
    1
  9
$MEASUREMENT
 70
    1
  9
$CELWEIGHT
370
   -1
  9
$ENDCAPS
280
    0
  9
$JOINSTYLE
280
    0
  9
$LWDISPLAY
290
    0
  9
$INSUNITS
 70
    0
  9
$HYPERLINKBASE
  1

  9
$STYLESHEET
  1

  9
$XEDIT
290
    1
  9
$CEPSNTYPE
380
    0
  9
$PSTYLEMODE
290
    1
  9
$EXTNAMES
290
    1
  9
$PSVPSCALE
 40
1
  9
$OLESTARTUP
290
    0
  9
$SORTENTS
280
  127
  9
$INDEXCTL
280
    0
  9
$HIDETEXT
280
    1
  9
$XCLIPFRAME
290
    0
  9
$HALOGAP
280
    0
  9
$OBSCOLOR
 70
  257
  9
$OBSLTYPE
280
    0
  9
$INTERSECTIONDISPLAY
280
    0
  9
$INTERSECTIONCOLOR
 70
  257
  9
$DIMASSOC
280
    1
  9
$PROJECTNAME
  1

  9
$CAMERADISPLAY
290
    0
  9
$LENSLENGTH
 40
50
  9
$CAMERAHEIGHT
 40
0
  9
$STEPSPERSEC
 40
2
  9
$STEPSIZE
 40
50
  9
$3DDWFPREC
 40
2
  9
$PSOLWIDTH
 40
5
  9
$PSOLHEIGHT
 40
80
  9
$LOFTANG1
 40
1.570796326794897
  9
$LOFTANG2
 40
1.570796326794897
  9
$LOFTMAG1
 40
0
  9
$LOFTMAG2
 40
0
  9
$LOFTPARAM
 70
    7
  9
$LOFTNORMALS
280
    1
  9
$LATITUDE
 40
1
  9
$LONGITUDE
 40
1
  9
$NORTHDIRECTION
 40
0
  9
$TIMEZONE
 70
-8000
  9
$LIGHTGLYPHDISPLAY
280
    1
  9
$TILEMODELIGHTSYNCH
280
    1
  9
$SOLIDHIST
280
    1
  9
$SHOWHIST
280
    1
  9
$DWFFRAME
280
    2
  9
$DGNFRAME
280
    0
  9
$REALWORLDSCALE
290
    1
  9
$INTERFERECOLOR
 62
    1
  9
$CSHADOW
280
    0
  9
$SHADOWPLANELOCATION
 40
0
  0
ENDSEC
  0
SECTION
  2
CLASSES
  0
ENDSEC
  0
SECTION
  2
TABLES
  0
TABLE
  2
VPORT
  5
8
330
0
100
AcDbSymbolTable
 70
    1
  0
VPORT
  5
31
330
2
100
AcDbSymbolTableRecord
100
AcDbViewportTableRecord
  2
*ACTIVE
 70
    0
 10
0
 20
0
 11
1
 21
1
 12
126.2599928210061
 22
106.3648387311486
 13
0
 23
0
 14
10
 24
10
 15
10
 25
10
 16
0
 26
0
 36
1
 17
0
 27
0
 37
0
 40
146.4520895092196
 41
1.387672343876723
 42
50
 43
0
 44
0
 50
0
 51
0
 71
    0
 72
  100
 73
    1
 74
    3
 75
    0
 76
    1
 77
    0
 78
    0
281
    0
 65
    1
110
0
120
0
130
0
111
1
121
0
131
0
112
0
122
1
132
0
 79
    0
146
0
348
10020
 60
    7
 61
    5
292
1
282
    1
141
0
142
0
 63
  250
421
3358443
  0
ENDTAB
  0
TABLE
  2
LTYPE
  5
5
330
0
100
AcDbSymbolTable
 70
    4
  0
LTYPE
  5
14
330
5
100
AcDbSymbolTableRecord
100
AcDbLinetypeTableRecord
  2
ByBlock
 70
    0
  3

 72
   65
 73
    0
 40
0
  0
LTYPE
  5
15
330
5
100
AcDbSymbolTableRecord
100
AcDbLinetypeTableRecord
  2
ByLayer
 70
    0
  3

 72
   65
 73
    0
 40
0
  0
LTYPE
  5
16
330
5
100
AcDbSymbolTableRecord
100
AcDbLinetypeTableRecord
  2
Continuous
 70
    0
  3
Solid line
 72
   65
 73
    0
 40
0
  0
LTYPE
  5
32
330
5
100
AcDbSymbolTableRecord
100
AcDbLinetypeTableRecord
  2
DOT
 70
    0
  3
Dot . . . . . . . . . . . . . . . . . . . . . .
 72
   65
 73
    2
 40
6.35
 49
0
 74
    0
 49
-6.35
 74
    0
  0
LTYPE
  5
33
330
5
100
AcDbSymbolTableRecord
100
AcDbLinetypeTableRecord
  2
DOTTINY
 70
    0
  3
Dot (.15x) .....................................
 72
   65
 73
    2
 40
0.9525
 49
0
 74
    0
 49
-0.9525
 74
    0
  0
LTYPE
  5
34
330
5
100
AcDbSymbolTableRecord
100
AcDbLinetypeTableRecord
  2
DOT2
 70
    0
  3
Dot (.5x) .....................................
 72
   65
 73
    2
 40
3.175
 49
0
 74
    0
 49
-3.175
 74
    0
  0
LTYPE
  5
35
330
5
100
AcDbSymbolTableRecord
100
AcDbLinetypeTableRecord
  2
DOTX2
 70
    0
  3
Dot (2x) .  .  .  .  .  .  .  .  .  .  .  .  .
 72
   65
 73
    2
 40
12.7
 49
0
 74
    0
 49
-12.7
 74
    0
  0
LTYPE
  5
36
330
5
100
AcDbSymbolTableRecord
100
AcDbLinetypeTableRecord
  2
DASHED
 70
    0
  3
Dashed _ _ _ _ _ _ _ _ _ _ _ _ _ _ _ _ _
 72
   65
 73
    2
 40
19.05
 49
12.7
 74
    0
 49
-6.35
 74
    0
  0
LTYPE
  5
37
330
5
100
AcDbSymbolTableRecord
100
AcDbLinetypeTableRecord
  2
DASHEDTINY
 70
    0
  3
Dashed (.15x) _ _ _ _ _ _ _ _ _ _ _ _ _ _ _ _ _
 72
   65
 73
    2
 40
2.8575
 49
1.905
 74
    0
 49
-0.9525
 74
    0
  0
LTYPE
  5
38
330
5
100
AcDbSymbolTableRecord
100
AcDbLinetypeTableRecord
  2
DASHED2
 70
    0
  3
Dashed (.5x) _ _ _ _ _ _ _ _ _ _ _ _ _ _ _ _ _
 72
   65
 73
    2
 40
9.524999999999999
 49
6.35
 74
    0
 49
-3.175
 74
    0
  0
LTYPE
  5
39
330
5
100
AcDbSymbolTableRecord
100
AcDbLinetypeTableRecord
  2
DASHEDX2
 70
    0
  3
Dashed (2x) ____  ____  ____  ____  ____  ___
 72
   65
 73
    2
 40
38.09999999999999
 49
25.4
 74
    0
 49
-12.7
 74
    0
  0
LTYPE
  5
3A
330
5
100
AcDbSymbolTableRecord
100
AcDbLinetypeTableRecord
  2
DASHDOT
 70
    0
  3
Dash dot __ . __ . __ . __ . __ . __ . __ . __
 72
   65
 73
    4
 40
25.4
 49
12.7
 74
    0
 49
-6.35
 74
    0
 49
0
 74
    0
 49
-6.35
 74
    0
  0
LTYPE
  5
3B
330
5
100
AcDbSymbolTableRecord
100
AcDbLinetypeTableRecord
  2
DASHDOTTINY
 70
    0
  3
Dash dot (.15x) _._._._._._._._._._._._._._._.
 72
   65
 73
    4
 40
3.81
 49
1.905
 74
    0
 49
-0.9525
 74
    0
 49
0
 74
    0
 49
-0.9525
 74
    0
  0
LTYPE
  5
3C
330
5
100
AcDbSymbolTableRecord
100
AcDbLinetypeTableRecord
  2
DASHDOT2
 70
    0
  3
Dash dot (.5x) _._._._._._._._._._._._._._._.
 72
   65
 73
    4
 40
12.7
 49
6.35
 74
    0
 49
-3.175
 74
    0
 49
0
 74
    0
 49
-3.175
 74
    0
  0
LTYPE
  5
3D
330
5
100
AcDbSymbolTableRecord
100
AcDbLinetypeTableRecord
  2
DASHDOTX2
 70
    0
  3
Dash dot (2x) ____  .  ____  .  ____  .  ___
 72
   65
 73
    4
 40
50.8
 49
25.4
 74
    0
 49
-12.7
 74
    0
 49
0
 74
    0
 49
-12.7
 74
    0
  0
LTYPE
  5
3E
330
5
100
AcDbSymbolTableRecord
100
AcDbLinetypeTableRecord
  2
DIVIDE
 70
    0
  3
Divide ____ . . ____ . . ____ . . ____ . . ____
 72
   65
 73
    6
 40
31.75
 49
12.7
 74
    0
 49
-6.35
 74
    0
 49
0
 74
    0
 49
-6.35
 74
    0
 49
0
 74
    0
 49
-6.35
 74
    0
  0
LTYPE
  5
3F
330
5
100
AcDbSymbolTableRecord
100
AcDbLinetypeTableRecord
  2
DIVIDETINY
 70
    0
  3
Divide (.15x) __..__..__..__..__..__..__..__.._
 72
   65
 73
    6
 40
4.7625
 49
1.905
 74
    0
 49
-0.9525
 74
    0
 49
0
 74
    0
 49
-0.9525
 74
    0
 49
0
 74
    0
 49
-0.9525
 74
    0
  0
LTYPE
  5
40
330
5
100
AcDbSymbolTableRecord
100
AcDbLinetypeTableRecord
  2
DIVIDE2
 70
    0
  3
Divide (.5x) __..__..__..__..__..__..__..__.._
 72
   65
 73
    6
 40
15.875
 49
6.35
 74
    0
 49
-3.175
 74
    0
 49
0
 74
    0
 49
-3.175
 74
    0
 49
0
 74
    0
 49
-3.175
 74
    0
  0
LTYPE
  5
41
330
5
100
AcDbSymbolTableRecord
100
AcDbLinetypeTableRecord
  2
DIVIDEX2
 70
    0
  3
Divide (2x) ________  .  .  ________  .  .  _
 72
   65
 73
    6
 40
63.5
 49
25.4
 74
    0
 49
-12.7
 74
    0
 49
0
 74
    0
 49
-12.7
 74
    0
 49
0
 74
    0
 49
-12.7
 74
    0
  0
LTYPE
  5
42
330
5
100
AcDbSymbolTableRecord
100
AcDbLinetypeTableRecord
  2
BORDER
 70
    0
  3
Border __ __ . __ __ . __ __ . __ __ . __ __ .
 72
   65
 73
    6
 40
44.45
 49
12.7
 74
    0
 49
-6.35
 74
    0
 49
12.7
 74
    0
 49
-6.35
 74
    0
 49
0
 74
    0
 49
-6.35
 74
    0
  0
LTYPE
  5
43
330
5
100
AcDbSymbolTableRecord
100
AcDbLinetypeTableRecord
  2
BORDERTINY
 70
    0
  3
Border (.15x) __.__.__.__.__.__.__.__.__.__.__.
 72
   65
 73
    6
 40
6.6675
 49
1.905
 74
    0
 49
-0.9525
 74
    0
 49
1.905
 74
    0
 49
-0.9525
 74
    0
 49
0
 74
    0
 49
-0.9525
 74
    0
  0
LTYPE
  5
44
330
5
100
AcDbSymbolTableRecord
100
AcDbLinetypeTableRecord
  2
BORDER2
 70
    0
  3
Border (.5x) __.__.__.__.__.__.__.__.__.__.__.
 72
   65
 73
    6
 40
22.225
 49
6.35
 74
    0
 49
-3.175
 74
    0
 49
6.35
 74
    0
 49
-3.175
 74
    0
 49
0
 74
    0
 49
-3.175
 74
    0
  0
LTYPE
  5
45
330
5
100
AcDbSymbolTableRecord
100
AcDbLinetypeTableRecord
  2
BORDERX2
 70
    0
  3
Border (2x) ____  ____  .  ____  ____  .  ___
 72
   65
 73
    6
 40
88.89999999999999
 49
25.4
 74
    0
 49
-12.7
 74
    0
 49
25.4
 74
    0
 49
-12.7
 74
    0
 49
0
 74
    0
 49
-12.7
 74
    0
  0
LTYPE
  5
46
330
5
100
AcDbSymbolTableRecord
100
AcDbLinetypeTableRecord
  2
CENTER
 70
    0
  3
Center ____ _ ____ _ ____ _ ____ _ ____ _ ____
 72
   65
 73
    4
 40
50.8
 49
31.75
 74
    0
 49
-6.35
 74
    0
 49
6.35
 74
    0
 49
-6.35
 74
    0
  0
LTYPE
  5
47
330
5
100
AcDbSymbolTableRecord
100
AcDbLinetypeTableRecord
  2
CENTERTINY
 70
    0
  3
Center (.15x) ___ _ ___ _ ___ _ ___ _ ___ _ ___
 72
   65
 73
    4
 40
7.619999999999999
 49
4.7625
 74
    0
 49
-0.9525
 74
    0
 49
0.9525
 74
    0
 49
-0.9525
 74
    0
  0
LTYPE
  5
48
330
5
100
AcDbSymbolTableRecord
100
AcDbLinetypeTableRecord
  2
CENTER2
 70
    0
  3
Center (.5x) ___ _ ___ _ ___ _ ___ _ ___ _ ___
 72
   65
 73
    4
 40
28.575
 49
19.05
 74
    0
 49
-3.175
 74
    0
 49
3.175
 74
    0
 49
-3.175
 74
    0
  0
LTYPE
  5
49
330
5
100
AcDbSymbolTableRecord
100
AcDbLinetypeTableRecord
  2
CENTERX2
 70
    0
  3
Center (2x) ________  __  ________  __  _____
 72
   65
 73
    4
 40
101.6
 49
63.5
 74
    0
 49
-12.7
 74
    0
 49
12.7
 74
    0
 49
-12.7
 74
    0
  0
ENDTAB
  0
TABLE
  2
LAYER
  5
2
330
0
100
AcDbSymbolTable
 70
    1
  0
LAYER
  5
10
330
2
100
AcDbSymbolTableRecord
100
AcDbLayerTableRecord
  2
0
 70
    0
 62
    7
  6
CONTINUOUS
370
   -3
390
F
  0
LAYER
  5
4A
330
2
100
AcDbSymbolTableRecord
100
AcDbLayerTableRecord
  2
01_STD_A_DATUMS
 70
    1
 62
    7
  6
CONTINUOUS
370
   -3
390
F
  0
LAYER
  5
4B
330
2
100
AcDbSymbolTableRecord
100
AcDbLayerTableRecord
  2
01_STD_DATUMS
 70
    1
 62
    7
  6
CONTINUOUS
370
   -3
390
F
  0
LAYER
  5
4C
330
2
100
AcDbSymbolTableRecord
100
AcDbLayerTableRecord
  2
02_PLANES
 70
    1
 62
    7
  6
CONTINUOUS
370
   -3
390
F
  0
LAYER
  5
4D
330
2
100
AcDbSymbolTableRecord
100
AcDbLayerTableRecord
  2
03_AXES
 70
    0
 62
    7
  6
CONTINUOUS
370
   -3
390
F
  0
LAYER
  5
4E
330
2
100
AcDbSymbolTableRecord
100
AcDbLayerTableRecord
  2
04_POINTS
 70
    1
 62
    7
  6
CONTINUOUS
370
   -3
390
F
  0
LAYER
  5
4F
330
2
100
AcDbSymbolTableRecord
100
AcDbLayerTableRecord
  2
05_CSYS
 70
    1
 62
    7
  6
CONTINUOUS
370
   -3
390
F
  0
LAYER
  5
50
330
2
100
AcDbSymbolTableRecord
100
AcDbLayerTableRecord
  2
06_CURVES
 70
    1
 62
    7
  6
CONTINUOUS
370
   -3
390
F
  0
LAYER
  5
51
330
2
100
AcDbSymbolTableRecord
100
AcDbLayerTableRecord
  2
07_SURFACES
 70
    1
 62
    7
  6
CONTINUOUS
370
   -3
390
F
  0
LAYER
  5
52
330
2
100
AcDbSymbolTableRecord
100
AcDbLayerTableRecord
  2
08_DRAFTS
 70
    0
 62
    7
  6
CONTINUOUS
370
   -3
390
F
  0
LAYER
  5
53
330
2
100
AcDbSymbolTableRecord
100
AcDbLayerTableRecord
  2
09_ROUNDS
 70
    0
 62
    7
  6
CONTINUOUS
370
   -3
390
F
  0
LAYER
  5
54
330
2
100
AcDbSymbolTableRecord
100
AcDbLayerTableRecord
  2
10_CHAMFER
 70
    0
 62
    7
  6
CONTINUOUS
370
   -3
390
F
  0
LAYER
  5
55
330
2
100
AcDbSymbolTableRecord
100
AcDbLayerTableRecord
  2
11_COSMETIC
 70
    1
 62
    7
  6
CONTINUOUS
370
   -3
390
F
  0
LAYER
  5
56
330
2
100
AcDbSymbolTableRecord
100
AcDbLayerTableRecord
  2
12_DATUM_TOL
 70
    1
 62
    7
  6
CONTINUOUS
370
   -3
390
F
  0
LAYER
  5
57
330
2
100
AcDbSymbolTableRecord
100
AcDbLayerTableRecord
  2
13_NOTES
 70
    1
 62
    7
  6
CONTINUOUS
370
   -3
390
F
  0
LAYER
  5
58
330
2
100
AcDbSymbolTableRecord
100
AcDbLayerTableRecord
  2
14_SYMBOLS
 70
    1
 62
    7
  6
CONTINUOUS
370
   -3
390
F
  0
LAYER
  5
59
330
2
100
AcDbSymbolTableRecord
100
AcDbLayerTableRecord
  2
15_THREADS
 70
    1
 62
    7
  6
CONTINUOUS
370
   -3
390
F
  0
LAYER
  5
5A
330
2
100
AcDbSymbolTableRecord
100
AcDbLayerTableRecord
  2
DEFAULT_1
 70
    1
 62
    7
  6
CENTER
370
   -3
390
F
  0
LAYER
  5
5B
330
2
100
AcDbSymbolTableRecord
100
AcDbLayerTableRecord
  2
DEFAULT_2
 70
    1
 62
    8
  6
DASHED
370
   -3
390
F
  0
LAYER
  5
5C
330
2
100
AcDbSymbolTableRecord
100
AcDbLayerTableRecord
  2
DEFAULT_3
 70
    1
 62
    7
  6
CONTINUOUS
370
   -3
390
F
  0
LAYER
  5
5D
330
2
100
AcDbSymbolTableRecord
100
AcDbLayerTableRecord
  2
KOORD-SYS
 70
    1
 62
    7
  6
CONTINUOUS
370
   -3
390
F
  0
ENDTAB
  0
TABLE
  2
STYLE
  5
3
330
0
100
AcDbSymbolTable
 70
    3
  0
STYLE
  5
5E
330
2
100
AcDbSymbolTableRecord
100
AcDbTextStyleTableRecord
  2
Standard
 70
    0
 40
0
 41
1
 50
0
 71
    0
 42
1
  3
txt
  4

  0
ENDTAB
  0
TABLE
  2
VIEW
  5
6
330
0
100
AcDbSymbolTable
 70
    0
  0
ENDTAB
  0
TABLE
  2
UCS
  5
7
330
0
100
AcDbSymbolTable
 70
    0
  0
ENDTAB
  0
TABLE
  2
APPID
  5
9
330
0
100
AcDbSymbolTable
 70
    1
  0
APPID
  5
12
330
9
100
AcDbSymbolTableRecord
100
AcDbRegAppTableRecord
  2
ACAD
 70
    0
  0
APPID
  5
5F
330
9
100
AcDbSymbolTableRecord
100
AcDbRegAppTableRecord
  2
LibreCad
 70
    0
  0
ENDTAB
  0
TABLE
  2
DIMSTYLE
  5
A
330
0
100
AcDbSymbolTable
 70
    1
100
AcDbDimStyleTable
 71
    1
  0
DIMSTYLE
105
60
330
A
100
AcDbSymbolTableRecord
100
AcDbDimStyleTableRecord
  2
Standard
 70
    0
 40
1
 41
2.5
 42
0.625
 43
0.38
 44
1.25
 45
0
 46
0
 47
0
 48
0
 49
1
140
2.5
141
0.09
142
2.5
143
25.4
144
1
145
0
146
1
147
0.625
148
0
 71
    0
 72
    0
 73
    0
 74
    1
 75
    0
 76
    0
 77
    0
 78
    1
 79
    0
170
    0
171
    2
172
    0
173
    0
174
    0
175
    0
176
    0
177
    0
178
    0
179
    0
271
    4
272
    4
273
    2
274
    2
275
    0
276
    0
277
    2
278
    0
279
    0
280
    0
281
    0
282
    0
283
    1
284
    0
285
    0
286
    0
288
    0
289
    3
340
5E
  0
ENDTAB
  0
TABLE
  2
BLOCK_RECORD
  5
1
330
0
100
AcDbSymbolTable
 70
    2
  0
BLOCK_RECORD
  5
1F
330
1
100
AcDbSymbolTableRecord
100
AcDbBlockTableRecord
  2
*Model_Space
 70
    0
280
    1
281
    0
  0
BLOCK_RECORD
  5
1E
330
1
100
AcDbSymbolTableRecord
100
AcDbBlockTableRecord
  2
*Paper_Space
 70
    0
280
    1
281
    0
  0
ENDTAB
  0
ENDSEC
  0
SECTION
  2
BLOCKS
  0
BLOCK
  5
20
330
1F
100
AcDbEntity
  8
0
100
AcDbBlockBegin
  2
*Model_Space
 70
    0
 10
0
 20
0
 30
0
  3
*Model_Space
  1

  0
ENDBLK
  5
21
330
1F
100
AcDbEntity
  8
0
100
AcDbBlockEnd
  0
BLOCK
  5
1C
330
1B
100
AcDbEntity
  8
0
100
AcDbBlockBegin
  2
*Paper_Space
 70
    0
 10
0
 20
0
 30
0
  3
*Paper_Space
  1

  0
ENDBLK
  5
1D
330
1F
100
AcDbEntity
  8
0
100
AcDbBlockEnd
  0
ENDSEC
  0
SECTION
  2
ENTITIES
  0
LINE
  5
61
100
AcDbEntity
  8
0
  6
CONTINUOUS
 62
    7
370
   -1
100
AcDbLine
 10
160.9382251837
 20
48.09260512199999
 11
202.051325244
 21
48.09260512199999
  0
LINE
  5
62
100
AcDbEntity
  8
03_AXES
  6
CONTINUOUS
 62
    7
370
   -1
100
AcDbLine
 10
160.4155419593791
 20
99.83394981436649
 11
160.4880652969791
 21
99.8224770010665
  0
ELLIPSE
  5
63
100
AcDbEntity
  8
03_AXES
  6
CONTINUOUS
 62
    7
370
   -1
100
AcDbEllipse
 10
178.3582716715791
 20
177.6137533913665
 30
0
 11
2.439634464190525e-16
 21
3.9842254369
 31
0
 40
0.9999921621
 41
-3.1415926536
 42
0
  0
LINE
  5
64
100
AcDbEntity
  8
09_ROUNDS
  6
CONTINUOUS
 62
    7
370
   -1
100
AcDbLine
 10
139.8082716715791
 20
185.6295279543665
 11
139.8082716715791
 21
186.8295279543665
  0
ARC
  5
65
100
AcDbEntity
  8
0
  6
CONTINUOUS
 62
    7
370
   -1
100
AcDbCircle
 10
127.1532716715791
 20
176.7794879543665
 40
0.2
100
AcDbArc
 50
90
 51
225.5729959992
  0
LINE
  5
66
100
AcDbEntity
  8
03_AXES
  6
CONTINUOUS
 62
    7
370
   -1
100
AcDbLine
 10
140.3726083371791
 20
109.3795279543665
 11
142.5632716715791
 21
109.3795279543665
  0
ELLIPSE
  5
67
100
AcDbEntity
  8
03_AXES
  6
CONTINUOUS
 62
    7
370
   -1
100
AcDbEllipse
 10
160.9582716715791
 20
177.6137533913665
 30
0
 11
2.439634464190525e-16
 21
3.9842254369
 31
0
 40
0.9999921621
 41
-3.1415926536
 42
0
  0
LINE
  5
68
100
AcDbEntity
  8
03_AXES
  6
CONTINUOUS
 62
    7
370
   -1
100
AcDbLine
 10
148.0082716715791
 20
187.1295279543665
 11
143.5582716715791
 21
187.1295279543665
  0
LINE
  5
69
100
AcDbEntity
  8
0
  6
CONTINUOUS
 62
    7
370
   -1
100
AcDbLine
 10
161.8598328175791
 20
176.8693481646665
 11
161.7539171568791
 21
176.7634325039665
  0
LINE
  5
6A
100
AcDbEntity
  8
09_ROUNDS
  6
CONTINUOUS
 62
    7
370
   -1
100
AcDbLine
 10
124.1612296067791
 20
174.3169361990665
 11
124.1507493953791
 21
174.3261552603665
  0
LINE
  5
6B
100
AcDbEntity
  8
03_AXES
  6
CONTINUOUS
 62
    7
370
   -1
100
AcDbLine
 10
140.2482716715791
 20
141.4117197035665
 11
140.2482716715791
 21
141.4099144554665
  0
LINE
  5
6C
100
AcDbEntity
  8
03_AXES
  6
CONTINUOUS
 62
    7
370
   -1
100
AcDbLine
 10
157.7739350059791
 20
178.2794879543665
 11
159.9626028275791
 21
178.2794879543665
  0
LINE
  5
6D
100
AcDbEntity
  8
03_AXES
  6
CONTINUOUS
 62
    7
370
   -1
100
AcDbLine
 10
125.7880237591791
 20
99.8158232968665
 11
129.9082716715791
 21
99.7535441905665
  0
LINE
  5
6E
100
AcDbEntity
  8
03_AXES
  6
CONTINUOUS
 62
    7
370
   -1
100
AcDbLine
 10
147.3082716715791
 20
100.6295279543665
 11
147.3082716715791
 21
99.42952795436649
  0
LINE
  5
6F
100
AcDbEntity
  8
0
  6
CONTINUOUS
 62
    7
370
   -1
100
AcDbLine
 10
143.5582716715791
 20
100.6295279543665
 11
135.3482716715791
 21
100.6295279543665
  0
SPLINE
  5
70
100
AcDbEntity
  8
0
  6
CONTINUOUS
 62
    7
370
   -1
100
AcDbSpline
210
0
220
0
230
0
 70
 4096
 71
    3
 72
   19
 73
   15
 74
    0
 42
1e-07
 43
1e-07
 40
0
 40
0
 40
0
 40
0
 40
0.194708624
 40
0.3819168421
 40
0.5544578239
 40
0.7057007295000001
 40
0.7714884208
 40
0.8298621848000001
 40
0.8802660263000001
 40
0.9222224553
 40
0.9553487828
 40
0.979355822
 40
0.9941046567
 40
1
 40
1
 40
1
 40
1
 10
152.4582716715791
 20
118.1330200313665
 30
0
 10
152.4452613345791
 20
118.1330202795665
 30
0
 10
152.4197417759791
 20
118.1331060326665
 30
0
 10
152.3826947063791
 20
118.1334906692665
 30
0
 10
152.3485561710791
 20
118.1341133383665
 30
0
 10
152.3225335057791
 20
118.1348352096665
 30
0
 10
152.3041460885791
 20
118.1355358606665
 30
0
 10
152.2924897746791
 20
118.1360779708665
 30
0
 10
152.2824471377791
 20
118.1366524695665
 30
0
 10
152.2740462395791
 20
118.1372585339665
 30
0
 10
152.2675507208791
 20
118.1378676829665
 30
0
 10
152.2625611600791
 20
118.1385105415665
 30
0
 10
152.2600442673791
 20
118.1390570864665
 30
0
 10
152.2582716715791
 20
118.1396102612665
 30
0
 10
152.2582716715791
 20
118.1400041852665
 30
0
  0
LINE
  5
71
100
AcDbEntity
  8
0
  6
CONTINUOUS
 62
    7
370
   -1
100
AcDbLine
 10
179.2598328175791
 20
109.4896677441665
 11
180.1790716330791
 21
110.5503279159665
  0
LINE
  5
72
100
AcDbEntity
  8
0
  6
CONTINUOUS
 62
    9
370
   -1
100
AcDbLine
 10
135.0582716715791
 20
100.7295279543665
 11
135.0582716715791
 21
133.9919960600665
  0
LINE
  5
73
100
AcDbEntity
  8
03_AXES
  6
CONTINUOUS
 62
    7
370
   -1
100
AcDbLine
 10
160.9582716715791
 20
173.8562339727665
 11
160.0534839961791
 21
173.7957097918665
  0
LINE
  5
74
100
AcDbEntity
  8
0
  6
CONTINUOUS
 62
    9
370
   -1
100
AcDbLine
 10
117.9482716715791
 20
137.2471780527665
 11
117.9072811703791
 21
137.2471780527665
  0
ARC
  5
75
100
AcDbEntity
  8
0
  6
CONTINUOUS
 62
    7
370
   -1
100
AcDbCircle
 10
125.1626028275791
 20
178.4794879543665
 40
0.2
100
AcDbArc
 50
270
 51
45.43868795639997
  0
LINE
  5
76
100
AcDbEntity
  8
03_AXES
  6
CONTINUOUS
 62
    7
370
   -1
100
AcDbLine
 10
179.3464896734791
 20
109.3795279543665
 11
181.5426083371791
 21
109.3795279543665
  0
LINE
  5
77
100
AcDbEntity
  8
03_AXES
  6
CONTINUOUS
 62
    7
370
   -1
100
AcDbLine
 10
175.1726083371791
 20
109.3795279543665
 11
177.3632716715791
 21
109.3795279543665
  0
LINE
  5
78
100
AcDbEntity
  8
03_AXES
  6
CONTINUOUS
 62
    7
370
   -1
100
AcDbLine
 10
125.1157359953791
 20
100.3029027754665
 11
125.1216058342791
 21
100.2515050216665
  0
LINE
  5
79
100
AcDbEntity
  8
03_AXES
  6
CONTINUOUS
 62
    7
370
   -1
100
AcDbLine
 10
126.7482716715791
 20
141.4117197035665
 11
126.7482716715791
 21
141.4099144554665
  0
LINE
  5
7A
100
AcDbEntity
  8
03_AXES
  6
CONTINUOUS
 62
    7
370
   -1
100
AcDbLine
 10
177.8155419593791
 20
99.83394981436649
 11
177.8880652969791
 21
99.8224770010665
  0
LINE
  5
7B
100
AcDbEntity
  8
0
  6
CONTINUOUS
 62
    7
370
   -1
100
AcDbLine
 10
160.1688130232791
 20
176.7572456669665
 11
160.0567105255791
 21
176.8693481646665
  0
LINE
  5
7C
100
AcDbEntity
  8
03_AXES
  6
CONTINUOUS
 62
    7
370
   -1
100
AcDbLine
 10
164.1439350059791
 20
176.9794879543665
 11
161.9532716715791
 21
176.9794879543665
  0
LINE
  5
7D
100
AcDbEntity
  8
03_AXES
  6
CONTINUOUS
 62
    7
370
   -1
100
AcDbLine
 10
129.3439350059791
 20
176.9794879543665
 11
127.1532716715791
 21
176.9794879543665
  0
LINE
  5
7E
100
AcDbEntity
  8
03_AXES
  6
CONTINUOUS
 62
    7
370
   -1
100
AcDbLine
 10
142.5152660675791
 20
100.3222375673665
 11
142.5157359953791
 21
100.3029027754665
  0
LINE
  5
7F
100
AcDbEntity
  8
03_AXES
  6
CONTINUOUS
 62
    7
370
   -1
100
AcDbLine
 10
177.3700536695791
 20
176.9794879543665
 11
175.1739350059791
 21
176.9794879543665
  0
SPLINE
  5
80
100
AcDbEntity
  8
09_ROUNDS
  6
CONTINUOUS
 62
    9
370
   -1
100
AcDbSpline
210
0
220
0
230
0
 70
 4096
 71
    3
 72
   12
 73
    8
 74
    0
 42
1e-07
 43
1e-07
 40
0
 40
0
 40
0
 40
0
 40
0.3160725124
 40
0.5961622418
 40
0.8278946965
 40
0.9219982251000001
 40
1
 40
1
 40
1
 40
1
 10
159.7077515955791
 20
173.9045922496665
 30
0
 10
159.6192581401791
 20
173.9378938318665
 30
0
 10
159.4548422199791
 20
174.0076578498665
 30
0
 10
159.2355339670791
 20
174.1232622688665
 30
0
 10
159.0823506066791
 20
174.2206274413665
 30
0
 10
158.9850821933791
 20
174.2923292361665
 30
0
 10
158.9451452780791
 20
174.3248711055665
 30
0
 10
158.9275608950791
 20
174.3402094111665
 30
0
  0
LINE
  5
81
100
AcDbEntity
  8
0
  6
CONTINUOUS
 62
    7
370
   -1
100
AcDbLine
 10
135.3582716715791
 20
141.4099144554665
 11
135.3582716715791
 21
148.8550828307665
  0
LINE
  5
82
100
AcDbEntity
  8
09_ROUNDS
  6
CONTINUOUS
 62
    7
370
   -1
100
AcDbLine
 10
125.6559515738791
 20
173.7140649482665
 11
125.5612802183791
 21
173.7289697010665
  0
ELLIPSE
  5
83
100
AcDbEntity
  8
09_ROUNDS
  6
CONTINUOUS
 62
    7
370
   -1
100
AcDbEllipse
 10
126.1627661890791
 20
177.6115663084665
 30
0
 11
-0.9617167583999999
 21
3.843352636000001
 31
0
 40
0.9999890795
 41
-0.2440619173
 42
2.3646859241
  0
LINE
  5
84
100
AcDbEntity
  8
09_ROUNDS
  6
CONTINUOUS
 62
    7
370
   -1
100
AcDbLine
 10
143.2555649270791
 20
173.6908639552665
 11
143.1540430324791
 21
173.7012815069665
  0
LINE
  5
85
100
AcDbEntity
  8
10_CHAMFER
  6
CONTINUOUS
 62
    7
370
   -1
100
AcDbLine
 10
138.8082716715791
 20
185.6295279543665
 11
138.8082716715791
 21
186.9563228736665
  0
LINE
  5
86
100
AcDbEntity
  8
03_AXES
  6
CONTINUOUS
 62
    7
370
   -1
100
AcDbLine
 10
125.7482716715791
 20
141.4117197035665
 11
125.7482716715791
 21
141.4099144554665
  0
LINE
  5
87
100
AcDbEntity
  8
03_AXES
  6
CONTINUOUS
 62
    7
370
   -1
100
AcDbLine
 10
126.1582716715791
 20
127.6295279543665
 11
134.3682716715791
 21
127.6295279543665
  0
LINE
  5
88
100
AcDbEntity
  8
03_AXES
  6
CONTINUOUS
 62
    7
370
   -1
100
AcDbLine
 10
143.5582716715791
 20
127.6295279543665
 11
151.7682716715791
 21
127.6295279543665
  0
LINE
  5
89
100
AcDbEntity
  8
02_PLANES
  6
CONTINUOUS
 62
    9
370
   -1
100
AcDbLine
 10
137.7082716715791
 20
100.5295279543665
 11
137.7082716715791
 21
100.6295279543665
  0
LINE
  5
8A
100
AcDbEntity
  8
09_ROUNDS
  6
CONTINUOUS
 62
    7
370
   -1
100
AcDbLine
 10
125.4700082880791
 20
173.7457702476665
 11
125.3821085917791
 21
173.7642468524665
  0
LINE
  5
8B
100
AcDbEntity
  8
09_ROUNDS
  6
CONTINUOUS
 62
    7
370
   -1
100
AcDbLine
 10
143.0559515738791
 20
173.7140649482665
 11
142.9612802183791
 21
173.7289697010665
  0
LINE
  5
8C
100
AcDbEntity
  8
0
  6
CONTINUOUS
 62
    7
370
   -1
100
AcDbLine
 10
125.2567105255791
 20
107.9693881646665
 11
124.3374717099791
 21
106.9087279928665
  0
LINE
  5
8D
100
AcDbEntity
  8
0
  6
CONTINUOUS
 62
    7
370
   -1
100
AcDbLine
 10
143.5582716715791
 20
127.6295279543665
 11
135.3482716715791
 21
127.6295279543665
  0
LINE
  5
8E
100
AcDbEntity
  8
03_AXES
  6
CONTINUOUS
 62
    7
370
   -1
100
AcDbLine
 10
159.9157359953791
 20
100.3029027754665
 11
159.9216058342791
 21
100.2515050216665
  0
LINE
  5
8F
100
AcDbEntity
  8
03_AXES
  6
CONTINUOUS
 62
    7
370
   -1
100
AcDbLine
 10
177.3540200272791
 20
100.1499091257665
 11
177.3812595372791
 21
100.1002072899665
  0
LINE
  5
90
100
AcDbEntity
  8
09_ROUNDS
  6
CONTINUOUS
 62
    7
370
   -1
100
AcDbLine
 10
184.5082716715791
 20
100.5295279543665
 11
184.5082716715791
 21
100.6295279543665
  0
LINE
  5
91
100
AcDbEntity
  8
03_AXES
  6
CONTINUOUS
 62
    9
370
   -1
100
AcDbLine
 10
152.0582716715791
 20
149.5845109605665
 11
152.0582716715791
 21
185.5295279543665
  0
LINE
  5
92
100
AcDbEntity
  8
0
  6
CONTINUOUS
 62
    7
370
   -1
100
AcDbLine
 10
170.1482716715791
 20
127.7295279543665
 11
169.8582716715791
 21
127.7295279543665
  0
LINE
  5
93
100
AcDbEntity
  8
0
  6
CONTINUOUS
 62
    7
370
   -1
100
AcDbLine
 10
152.7482716715791
 20
127.7295279543665
 11
152.4582716715791
 21
127.7295279543665
  0
LINE
  5
94
100
AcDbEntity
  8
09_ROUNDS
  6
CONTINUOUS
 62
    7
370
   -1
100
AcDbLine
 10
142.1359902777791
 20
173.9756681233665
 11
142.0795501874791
 21
174.0012563178665
  0
LINE
  5
95
100
AcDbEntity
  8
03_AXES
  6
CONTINUOUS
 62
    7
370
   -1
100
AcDbLine
 10
160.1061309758791
 20
99.9665984206665
 11
160.1596601007791
 21
99.93034206236651
  0
LINE
  5
96
100
AcDbEntity
  8
03_AXES
  6
CONTINUOUS
 62
    7
370
   -1
100
AcDbLine
 10
152.0582716715791
 20
127.7295279543665
 11
151.7682716715791
 21
127.7295279543665
  0
LINE
  5
97
100
AcDbEntity
  8
03_AXES
  6
CONTINUOUS
 62
    9
370
   -1
100
AcDbLine
 10
134.6582716715791
 20
100.7295279543665
 11
134.6582716715791
 21
133.9919960600665
  0
LINE
  5
98
100
AcDbEntity
  8
0
  6
CONTINUOUS
 62
    9
370
   -1
100
AcDbLine
 10
135.0582716715791
 20
149.5845109605665
 11
135.0582716715791
 21
185.5295279543665
  0
LINE
  5
99
100
AcDbEntity
  8
03_AXES
  6
CONTINUOUS
 62
    7
370
   -1
100
AcDbLine
 10
182.8082716715791
 20
99.12952795436649
 11
182.8082716715791
 21
99.62952795436649
  0
LINE
  5
9A
100
AcDbEntity
  8
0
  6
CONTINUOUS
 62
    7
370
   -1
100
AcDbLine
 10
117.9482716715791
 20
127.7295279543665
 11
117.6582716715791
 21
127.7295279543665
  0
LINE
  5
9B
100
AcDbEntity
  8
09_ROUNDS
  6
CONTINUOUS
 62
    7
370
   -1
100
AcDbLine
 10
142.0260218532791
 20
174.0267604145665
 11
141.9754025544791
 21
174.0520417443665
  0
LINE
  5
9C
100
AcDbEntity
  8
10_CHAMFER
  6
CONTINUOUS
 62
    7
370
   -1
100
AcDbLine
 10
156.5082716715791
 20
99.62952795436649
 11
156.2082716715791
 21
99.8744769286665
  0
LINE
  5
9D
100
AcDbEntity
  8
08_DRAFTS
  6
CONTINUOUS
 62
    7
370
   -1
100
AcDbLine
 10
140.9440683966791
 20
174.6425005488665
 11
141.1908090208791
 21
174.6381936752665
  0
LINE
  5
9E
100
AcDbEntity
  8
03_AXES
  6
CONTINUOUS
 62
    7
370
   -1
100
AcDbLine
 10
134.3582716715791
 20
148.8550828307665
 11
134.3582716715791
 21
141.4099144554665
  0
LINE
  5
9F
100
AcDbEntity
  8
0
  6
CONTINUOUS
 62
    7
370
   -1
100
AcDbLine
 10
144.3883744886791
 20
107.7673321846665
 11
145.3790716330791
 21
106.9087279928665
  0
LINE
  5
A0
100
AcDbEntity
  8
0
  6
CONTINUOUS
 62
    7
370
   -1
100
AcDbLine
 10
152.2582716715791
 20
141.4099144554665
 11
152.2582716715791
 21
142.0426280146665
  0
LINE
  5
A1
100
AcDbEntity
  8
09_ROUNDS
  6
CONTINUOUS
 62
    7
370
   -1
100
AcDbLine
 10
176.3739979050791
 20
174.3061451850665
 11
176.3612296067791
 21
174.3169361990665
  0
LINE
  5
A2
100
AcDbEntity
  8
0
  6
CONTINUOUS
 62
    7
370
   -1
100
AcDbLine
 10
126.9477303198791
 20
109.6017702418665
 11
127.0598328175791
 21
109.4896677441665
  0
LINE
  5
A3
100
AcDbEntity
  8
10_CHAMFER
  6
CONTINUOUS
 62
    7
370
   -1
100
AcDbLine
 10
139.1082716715791
 20
187.1295279543665
 11
138.8082716715791
 21
186.9563228736665
  0
LINE
  5
A4
100
AcDbEntity
  8
03_AXES
  6
CONTINUOUS
 62
    9
370
   -1
100
AcDbLine
 10
186.8582716715791
 20
135.3982510087665
 11
186.5682716715791
 21
135.3982510087665
  0
LINE
  5
A5
100
AcDbEntity
  8
03_AXES
  6
CONTINUOUS
 62
    7
370
   -1
100
AcDbLine
 10
161.4732716715791
 20
107.5945279543665
 11
161.4732716715791
 21
106.2065535193665
  0
LINE
  5
A6
100
AcDbEntity
  8
03_AXES
  6
CONTINUOUS
 62
    7
370
   -1
100
AcDbLine
 10
152.0582716715791
 20
185.5295279543665
 11
151.7682716715791
 21
185.5295279543665
  0
LINE
  5
A7
100
AcDbEntity
  8
03_AXES
  6
CONTINUOUS
 62
    9
370
   -1
100
AcDbLine
 10
134.3682716715791
 20
150.8646724723665
 11
126.1582716715791
 21
150.8646724723665
  0
LINE
  5
A8
100
AcDbEntity
  8
03_AXES
  6
CONTINUOUS
 62
    7
370
   -1
100
AcDbLine
 10
130.6082716715791
 20
99.12952795436649
 11
130.6082716715791
 21
99.62952795436649
  0
LINE
  5
A9
100
AcDbEntity
  8
0
  6
CONTINUOUS
 62
    3
370
   -1
100
AcDbLine
 10
174.6582716715791
 20
141.4099144554665
 11
124.6582716715791
 21
141.4099144554665
  0
ARC
  5
AA
100
AcDbEntity
  8
03_AXES
  6
CONTINUOUS
 62
    7
370
   -1
100
AcDbCircle
 10
160.9582716715791
 20
108.7295279543665
 40
1.22
100
AcDbArc
 50
65.03079096629999
 51
114.9692090337
  0
LINE
  5
AB
100
AcDbEntity
  8
0
  6
CONTINUOUS
 62
    7
370
   -1
100
AcDbLine
 10
184.7660885016791
 20
136.5127232128665
 11
184.7660885016791
 21
136.7478269344665
  0
LINE
  5
AC
100
AcDbEntity
  8
03_AXES
  6
CONTINUOUS
 62
    9
370
   -1
100
AcDbLine
 10
147.6082716715791
 20
187.1295279543665
 11
147.6082716715791
 21
186.6295279543665
  0
LINE
  5
AD
100
AcDbEntity
  8
09_ROUNDS
  6
CONTINUOUS
 62
    7
370
   -1
100
AcDbLine
 10
143.4688811242791
 20
173.6781543814665
 11
143.3605170569791
 21
173.6830646492665
  0
LINE
  5
AE
100
AcDbEntity
  8
03_AXES
  6
CONTINUOUS
 62
    7
370
   -1
100
AcDbLine
 10
151.7582716715791
 20
148.8550828307665
 11
151.7582716715791
 21
141.4099144554665
  0
LINE
  5
AF
100
AcDbEntity
  8
09_ROUNDS
  6
CONTINUOUS
 62
    7
370
   -1
100
AcDbLine
 10
125.9605170569791
 20
173.6830646492665
 11
125.8555649270791
 21
173.6908639552665
  0
LINE
  5
B0
100
AcDbEntity
  8
03_AXES
  6
CONTINUOUS
 62
    7
370
   -1
100
AcDbLine
 10
126.6732716715791
 20
107.5945279543665
 11
126.6732716715791
 21
106.2065535193665
  0
LINE
  5
B1
100
AcDbEntity
  8
09_ROUNDS
  6
CONTINUOUS
 62
    7
370
   -1
100
AcDbLine
 10
126.0688811242791
 20
173.6781543814665
 11
125.9605170569791
 21
173.6830646492665
  0
LINE
  5
B2
100
AcDbEntity
  8
03_AXES
  6
CONTINUOUS
 62
    7
370
   -1
100
AcDbLine
 10
125.4178670654791
 20
99.89887310706651
 11
125.4802191345791
 21
99.87226415936649
  0
LINE
  5
B3
100
AcDbEntity
  8
09_ROUNDS
  6
CONTINUOUS
 62
    7
370
   -1
100
AcDbLine
 10
125.8555649270791
 20
173.6908639552665
 11
125.7540430324791
 21
173.7012815069665
  0
LINE
  5
B4
100
AcDbEntity
  8
09_ROUNDS
  6
CONTINUOUS
 62
    7
370
   -1
100
AcDbLine
 10
177.1232433778791
 20
173.8996638235665
 11
177.0577954029791
 21
173.9247370011665
  0
LINE
  5
B5
100
AcDbEntity
  8
03_AXES
  6
CONTINUOUS
 62
    7
370
   -1
100
AcDbLine
 10
126.6732716715791
 20
180.1524623894665
 11
126.6732716715791
 21
178.7651450915665
  0
LINE
  5
B6
100
AcDbEntity
  8
0
  6
CONTINUOUS
 62
    7
370
   -1
100
AcDbLine
 10
178.3582716715791
 20
120.6295279543665
 11
170.1482716715791
 21
120.6295279543665
  0
LINE
  5
B7
100
AcDbEntity
  8
03_AXES
  6
CONTINUOUS
 62
    7
370
   -1
100
AcDbLine
 10
142.8802191345791
 20
99.87226415936649
 11
142.9462444043791
 21
99.8505888983665
  0
LINE
  5
B8
100
AcDbEntity
  8
10_CHAMFER
  6
CONTINUOUS
 62
    7
370
   -1
100
AcDbLine
 10
187.0582730618791
 20
127.1596396771665
 11
187.2582716715791
 21
127.2769107767665
  0
LINE
  5
B9
100
AcDbEntity
  8
09_ROUNDS
  6
CONTINUOUS
 62
    7
370
   -1
100
AcDbLine
 10
141.5612296067791
 20
174.3169361990665
 11
141.5507493953791
 21
174.3261552603665
  0
LINE
  5
BA
100
AcDbEntity
  8
0
  6
CONTINUOUS
 62
    7
370
   -1
100
AcDbLine
 10
126.1582716715791
 20
118.1295279543665
 11
117.9482716715791
 21
118.1295279543665
  0
LINE
  5
BB
100
AcDbEntity
  8
03_AXES
  6
CONTINUOUS
 62
    7
370
   -1
100
AcDbLine
 10
177.3152605760791
 20
100.6295279543665
 11
177.3152605760791
 21
100.3222375670665
  0
LINE
  5
BC
100
AcDbEntity
  8
03_AXES
  6
CONTINUOUS
 62
    9
370
   -1
100
AcDbLine
 10
160.9582716715791
 20
149.1037895732665
 11
169.1682716715791
 21
149.1037895732665
  0
LINE
  5
BD
100
AcDbEntity
  8
0
  6
CONTINUOUS
 62
    9
370
   -1
100
AcDbLine
 10
160.9582716715791
 20
150.8646724723665
 11
152.7482716715791
 21
150.8646724723665
  0
LINE
  5
BE
100
AcDbEntity
  8
09_ROUNDS
  6
CONTINUOUS
 62
    7
370
   -1
100
AcDbLine
 10
177.0577954029791
 20
173.9247370011665
 11
176.9953925748791
 21
173.9501182005665
  0
ARC
  5
BF
100
AcDbEntity
  8
03_AXES
  6
CONTINUOUS
 62
    7
370
   -1
100
AcDbCircle
 10
186.8582716715791
 20
165.3295279543665
 40
0.2
100
AcDbArc
 50
0
 51
90
  0
LINE
  5
C0
100
AcDbEntity
  8
03_AXES
  6
CONTINUOUS
 62
    7
370
   -1
100
AcDbLine
 10
142.6161004769791
 20
100.0522665281665
 11
142.6579771829791
 21
100.0074337566665
  0
LINE
  5
C1
100
AcDbEntity
  8
0
  6
CONTINUOUS
 62
    7
370
   -1
100
AcDbLine
 10
117.9482716715791
 20
148.8689567147665
 11
117.9482716715791
 21
185.6295279543665
  0
LINE
  5
C2
100
AcDbEntity
  8
0
  6
CONTINUOUS
 62
    7
370
   -1
100
AcDbLine
 10
161.8598328175791
 20
107.9693881646665
 11
161.7545370465791
 21
107.8640923935665
  0
LINE
  5
C3
100
AcDbEntity
  8
03_AXES
  6
CONTINUOUS
 62
    7
370
   -1
100
AcDbLine
 10
126.5482716715791
 20
141.4117197035665
 11
126.5482716715791
 21
141.4099144554665
  0
LINE
  5
C4
100
AcDbEntity
  8
09_ROUNDS
  6
CONTINUOUS
 62
    7
370
   -1
100
AcDbLine
 10
176.5659018733791
 20
174.1703643725665
 11
176.5325968109791
 21
174.1915625911665
  0
LINE
  5
C5
100
AcDbEntity
  8
0
  6
CONTINUOUS
 62
    7
370
   -1
100
AcDbLine
 10
124.3374717099791
 20
110.5503279159665
 11
125.2567105255791
 21
109.4896677441665
  0
LINE
  5
C6
100
AcDbEntity
  8
03_AXES
  6
CONTINUOUS
 62
    7
370
   -1
100
AcDbLine
 10
159.9632716715791
 20
108.0795279543665
 11
157.7726083371791
 21
108.0795279543665
  0
LINE
  5
C7
100
AcDbEntity
  8
03_AXES
  6
CONTINUOUS
 62
    7
370
   -1
100
AcDbLine
 10
125.1632716715791
 20
108.0795279543665
 11
122.9726083371791
 21
108.0795279543665
  0
LINE
  5
C8
100
AcDbEntity
  8
03_AXES
  6
CONTINUOUS
 62
    7
370
   -1
100
AcDbLine
 10
143.3482716715791
 20
141.4117197035665
 11
143.3482716715791
 21
141.4099144554665
  0
LINE
  5
C9
100
AcDbEntity
  8
09_ROUNDS
  6
CONTINUOUS
 62
    7
370
   -1
100
AcDbLine
 10
141.9754025544791
 20
174.0520417443665
 11
141.9276942004791
 21
174.0769619716665
  0
LINE
  5
CA
100
AcDbEntity
  8
03_AXES
  6
CONTINUOUS
 62
    9
370
   -1
100
AcDbLine
 10
151.8092621727791
 20
149.0118778560665
 11
151.7682716715791
 21
149.0118778560665
  0
LINE
  5
CB
100
AcDbEntity
  8
0
  6
CONTINUOUS
 62
    9
370
   -1
100
AcDbLine
 10
160.9582716715791
 20
149.1037895732665
 11
152.7482716715791
 21
149.1037895732665
  0
LINE
  5
CC
100
AcDbEntity
  8
0
  6
CONTINUOUS
 62
    7
370
   -1
100
AcDbLine
 10
141.7374717099791
 20
179.4502879159665
 11
142.6567105255791
 21
178.3896277441665
  0
LINE
  5
CD
100
AcDbEntity
  8
09_ROUNDS
  6
CONTINUOUS
 62
    7
370
   -1
100
AcDbLine
 10
141.6742758595791
 20
174.2306883736665
 11
141.6491422579791
 21
174.2484634722665
  0
LINE
  5
CE
100
AcDbEntity
  8
03_AXES
  6
CONTINUOUS
 62
    7
370
   -1
100
AcDbLine
 10
142.5157359953791
 20
100.3029027754665
 11
142.5216058342791
 21
100.2515050216665
  0
LINE
  5
CF
100
AcDbEntity
  8
09_ROUNDS
  6
CONTINUOUS
 62
    7
370
   -1
100
AcDbLine
 10
160.9582716715791
 20
187.1295279543665
 11
156.5082716715791
 21
187.1295279543665
  0
LINE
  5
D0
100
AcDbEntity
  8
10_CHAMFER
  6
CONTINUOUS
 62
    7
370
   -1
100
AcDbLine
 10
139.1082716715791
 20
186.6295279543665
 11
138.8082716715791
 21
186.3845789801665
  0
LINE
  5
D1
100
AcDbEntity
  8
03_AXES
  6
CONTINUOUS
 62
    7
370
   -1
100
AcDbLine
 10
159.9216058342791
 20
100.2515050216665
 11
159.9342710988791
 21
100.2004552348665
  0
LINE
  5
D2
100
AcDbEntity
  8
03_AXES
  6
CONTINUOUS
 62
    7
370
   -1
100
AcDbLine
 10
143.0432716715791
 20
106.2065535193665
 11
143.0432716715791
 21
107.5938708172665
  0
LINE
  5
D3
100
AcDbEntity
  8
09_ROUNDS
  6
CONTINUOUS
 62
    9
370
   -1
100
AcDbLine
 10
140.6807794911791
 20
99.64945407316651
 11
140.6777565689791
 21
99.9494388426665
  0
LINE
  5
D4
100
AcDbEntity
  8
09_ROUNDS
  6
CONTINUOUS
 62
    7
370
   -1
100
AcDbLine
 10
122.4082716715791
 20
185.6295279543665
 11
122.4082716715791
 21
186.8295279543665
  0
LINE
  5
D5
100
AcDbEntity
  8
0
  6
CONTINUOUS
 62
    7
370
   -1
100
AcDbLine
 10
144.4598328175791
 20
178.3896277441665
 11
145.3790716330791
 21
179.4502879159665
  0
LINE
  5
D6
100
AcDbEntity
  8
0
  6
CONTINUOUS
 62
    7
370
   -1
100
AcDbLine
 10
160.1626261861791
 20
107.8634725039665
 11
160.0567105255791
 21
107.9693881646665
  0
LINE
  5
D7
100
AcDbEntity
  8
0
  6
CONTINUOUS
 62
    7
370
   -1
100
AcDbLine
 10
126.9539171568791
 20
178.4955434048665
 11
127.0598328175791
 21
178.3896277441665
  0
LINE
  5
D8
100
AcDbEntity
  8
09_ROUNDS
  6
CONTINUOUS
 62
    9
370
   -1
100
AcDbLine
 10
175.4777565689791
 20
100.6295279543665
 11
175.4777565689791
 21
99.9494388426665
  0
LINE
  5
D9
100
AcDbEntity
  8
09_ROUNDS
  6
CONTINUOUS
 62
    9
370
   -1
100
AcDbLine
 10
140.6777565689791
 20
100.6295279543665
 11
140.6777565689791
 21
99.9494388426665
  0
ARC
  5
DA
100
AcDbEntity
  8
0
  6
CONTINUOUS
 62
    7
370
   -1
100
AcDbCircle
 10
127.1532716715791
 20
178.4794879543665
 40
0.2
100
AcDbArc
 50
134.4270040008
 51
270
  0
LINE
  5
DB
100
AcDbEntity
  8
10_CHAMFER
  6
CONTINUOUS
 62
    7
370
   -1
100
AcDbLine
 10
173.9082716715791
 20
187.1295279543665
 11
173.6082716715791
 21
186.9563228736665
  0
LINE
  5
DC
100
AcDbEntity
  8
10_CHAMFER
  6
CONTINUOUS
 62
    7
370
   -1
100
AcDbLine
 10
138.8082716715791
 20
99.3027330351665
 11
138.8082716715791
 21
100.6295279543665
  0
LINE
  5
DD
100
AcDbEntity
  8
0
  6
CONTINUOUS
 62
    7
370
   -1
100
AcDbLine
 10
117.9482716715791
 20
100.6295279543665
 11
117.9482716715791
 21
137.3900991939665
  0
LINE
  5
DE
100
AcDbEntity
  8
0
  6
CONTINUOUS
 62
    7
370
   -1
100
AcDbLine
 10
144.4598328175791
 20
176.8693481646665
 11
144.3539171568791
 21
176.7634325039665
  0
LINE
  5
DF
100
AcDbEntity
  8
09_ROUNDS
  6
CONTINUOUS
 62
    7
370
   -1
100
AcDbLine
 10
174.6082716715791
 20
185.6295279543665
 11
174.6082716715791
 21
186.8295279543665
  0
LINE
  5
E0
100
AcDbEntity
  8
09_ROUNDS
  6
CONTINUOUS
 62
    7
370
   -1
100
AcDbLine
 10
158.3777565689791
 20
100.6295279543665
 11
158.3777565689791
 21
99.9494388426665
  0
LINE
  5
E1
100
AcDbEntity
  8
10_CHAMFER
  6
CONTINUOUS
 62
    7
370
   -1
100
AcDbLine
 10
139.1082716715791
 20
99.12952795436649
 11
139.1082716715791
 21
99.62952795436649
  0
LINE
  5
E2
100
AcDbEntity
  8
03_AXES
  6
CONTINUOUS
 62
    9
370
   -1
100
AcDbLine
 10
134.6582716715791
 20
149.5845109605665
 11
134.6582716715791
 21
185.5295279543665
  0
LINE
  5
E3
100
AcDbEntity
  8
0
  6
CONTINUOUS
 62
    7
370
   -1
100
AcDbLine
 10
134.8582716715791
 20
144.2164278940665
 11
134.8582716715791
 21
185.3295279543665
  0
LINE
  5
E4
100
AcDbEntity
  8
0
  6
CONTINUOUS
 62
    7
370
   -1
100
AcDbLine
 10
162.7790716330791
 20
175.8086879928665
 11
161.8598328175791
 21
176.8693481646665
  0
LINE
  5
E5
100
AcDbEntity
  8
03_AXES
  6
CONTINUOUS
 62
    7
370
   -1
100
AcDbLine
 10
142.5540200272791
 20
100.1499091257665
 11
142.5812595372791
 21
100.1002072899665
  0
LINE
  5
E6
100
AcDbEntity
  8
03_AXES
  6
CONTINUOUS
 62
    7
370
   -1
100
AcDbLine
 10
134.3682716715791
 20
148.8689567147665
 11
134.3682716715791
 21
185.6295279543665
  0
LINE
  5
E7
100
AcDbEntity
  8
03_AXES
  6
CONTINUOUS
 62
    9
370
   -1
100
AcDbLine
 10
152.0582716715791
 20
100.7295279543665
 11
152.0582716715791
 21
133.9919960600665
  0
LINE
  5
E8
100
AcDbEntity
  8
0
  6
CONTINUOUS
 62
    7
370
   -1
100
AcDbLine
 10
134.8582716715791
 20
141.4099144554665
 11
134.8582716715791
 21
142.0426280146665
  0
LINE
  5
E9
100
AcDbEntity
  8
03_AXES
  6
CONTINUOUS
 62
    7
370
   -1
100
AcDbLine
 10
186.5582716715791
 20
148.8550828307665
 11
186.5582716715791
 21
137.4039730780665
  0
LINE
  5
EA
100
AcDbEntity
  8
10_CHAMFER
  6
CONTINUOUS
 62
    7
370
   -1
100
AcDbLine
 10
156.5082716715791
 20
99.12952795436649
 11
156.5082716715791
 21
99.62952795436649
  0
LINE
  5
EB
100
AcDbEntity
  8
09_ROUNDS
  6
CONTINUOUS
 62
    7
370
   -1
100
AcDbLine
 10
176.6829046337791
 20
174.1013788962665
 11
176.6410229132791
 21
174.1251653225665
  0
LINE
  5
EC
100
AcDbEntity
  8
09_ROUNDS
  6
CONTINUOUS
 62
    9
370
   -1
100
AcDbLine
 10
142.2689917037791
 20
173.9001135816665
 11
142.1994205812791
 21
173.9024585848665
  0
LINE
  5
ED
100
AcDbEntity
  8
03_AXES
  6
CONTINUOUS
 62
    7
370
   -1
100
AcDbLine
 10
147.3082716715791
 20
185.6295279543665
 11
147.3082716715791
 21
187.1295279543665
  0
LINE
  5
EE
100
AcDbEntity
  8
03_AXES
  6
CONTINUOUS
 62
    7
370
   -1
100
AcDbLine
 10
125.1342710988791
 20
100.2004552348665
 11
125.1540200272791
 21
100.1499091257665
  0
LINE
  5
EF
100
AcDbEntity
  8
09_ROUNDS
  6
CONTINUOUS
 62
    9
370
   -1
100
AcDbLine
 10
156.9082716715791
 20
186.6295279543665
 11
156.9082716715791
 21
187.1295279543665
  0
LINE
  5
F0
100
AcDbEntity
  8
09_ROUNDS
  6
CONTINUOUS
 62
    7
370
   -1
100
AcDbLine
 10
185.0582716715791
 20
140.7092263033665
 11
185.0582716715791
 21
136.5098892439665
  0
LINE
  5
F1
100
AcDbEntity
  8
0
  6
CONTINUOUS
 62
    3
370
   -1
100
AcDbLine
 10
186.2582716715791
 20
134.7159081793665
 11
186.2582716715791
 21
137.8659265055665
  0
LINE
  5
F2
100
AcDbEntity
  8
03_AXES
  6
CONTINUOUS
 62
    7
370
   -1
100
AcDbLine
 10
129.9082716715791
 20
185.6295279543665
 11
129.9082716715791
 21
187.1295279543665
  0
LINE
  5
F3
100
AcDbEntity
  8
09_ROUNDS
  6
CONTINUOUS
 62
    7
370
   -1
100
AcDbLine
 10
124.9917785815791
 20
173.8750394154665
 11
124.9232433778791
 21
173.8996638235665
  0
LINE
  5
F4
100
AcDbEntity
  8
03_AXES
  6
CONTINUOUS
 62
    7
370
   -1
100
AcDbLine
 10
144.5464896734791
 20
109.3795279543665
 11
146.7426083371791
 21
109.3795279543665
  0
LINE
  5
F5
100
AcDbEntity
  8
0
  6
CONTINUOUS
 62
    7
370
   -1
100
AcDbLine
 10
117.9482716715791
 20
185.5295279543665
 11
117.6582716715791
 21
185.5295279543665
  0
LINE
  5
F6
100
AcDbEntity
  8
02_PLANES
  6
CONTINUOUS
 62
    9
370
   -1
100
AcDbLine
 10
172.5082716715791
 20
100.5295279543665
 11
172.5082716715791
 21
100.6295279543665
  0
LINE
  5
F7
100
AcDbEntity
  8
0
  6
CONTINUOUS
 62
    7
370
   -1
100
AcDbLine
 10
160.0567105255791
 20
178.3896277441665
 11
160.1620062965791
 21
178.4949235151665
  0
LINE
  5
F8
100
AcDbEntity
  8
03_AXES
  6
CONTINUOUS
 62
    7
370
   -1
100
AcDbLine
 10
134.6582716715791
 20
185.5295279543665
 11
134.3682716715791
 21
185.5295279543665
  0
SPLINE
  5
F9
100
AcDbEntity
  8
0
  6
CONTINUOUS
 62
    9
370
   -1
100
AcDbSpline
210
0
220
0
230
0
 70
 4096
 71
    3
 72
   17
 73
   13
 74
    0
 42
1e-07
 43
1e-07
 40
0
 40
0
 40
0
 40
0
 40
0.1935075188
 40
0.3796012919
 40
0.5511972001000001
 40
0.7017421516
 40
0.825533029
 40
0.9179648309
 40
0.9513737128
 40
0.9759233516
 40
0.991705952
 40
1
 40
1
 40
1
 40
1
 10
152.4582716715791
 20
183.7620652544665
 30
0
 10
152.4452649232791
 20
183.7620652544665
 30
0
 10
152.4197494810791
 20
183.7618933111665
 30
0
 10
152.3827066353791
 20
183.7611252001665
 30
0
 10
152.3485675794791
 20
183.7598828846665
 30
0
 10
152.3186335763791
 20
183.7582200919665
 30
0
 10
152.2940698006791
 20
183.7562251028665
 30
0
 10
152.2773804837791
 20
183.7541992711665
 30
0
 10
152.2674624268791
 20
183.7523864255665
 30
0
 10
152.2626204751791
 20
183.7510541250665
 30
0
 10
152.2596553204791
 20
183.7499805994665
 30
0
 10
152.2582716715791
 20
183.7486714502665
 30
0
 10
152.2582716715791
 20
183.7481139597665
 30
0
  0
LINE
  5
FA
100
AcDbEntity
  8
0
  6
CONTINUOUS
 62
    3
370
   -1
100
AcDbLine
 10
120.6582716715791
 20
141.4099144554665
 11
118.5582716715791
 21
141.4099144554665
  0
LINE
  5
FB
100
AcDbEntity
  8
03_AXES
  6
CONTINUOUS
 62
    7
370
   -1
100
AcDbLine
 10
160.9582716715791
 20
173.7749246298665
 11
160.3344085705791
 21
173.7339147627665
  0
LINE
  5
FC
100
AcDbEntity
  8
03_AXES
  6
CONTINUOUS
 62
    7
370
   -1
100
AcDbLine
 10
143.5582716715791
 20
173.8562339727665
 11
142.6534839961791
 21
173.7957097918665
  0
LINE
  5
FD
100
AcDbEntity
  8
09_ROUNDS
  6
CONTINUOUS
 62
    7
370
   -1
100
AcDbLine
 10
121.7082716715791
 20
186.6295279543665
 11
122.1082716715791
 21
186.6295279543665
  0
LINE
  5
FE
100
AcDbEntity
  8
09_ROUNDS
  6
CONTINUOUS
 62
    7
370
   -1
100
AcDbLine
 10
176.5325968109791
 20
174.1915625911665
 11
176.5020733568791
 21
174.2116975289665
  0
LINE
  5
FF
100
AcDbEntity
  8
0
  6
CONTINUOUS
 62
    7
370
   -1
100
AcDbLine
 10
179.2598328175791
 20
178.3896277441665
 11
180.1790716330791
 21
179.4502879159665
  0
ELLIPSE
  5
100
100
AcDbEntity
  8
03_AXES
  6
CONTINUOUS
 62
    7
370
   -1
100
AcDbEllipse
 10
126.1582716715791
 20
177.6113107610665
 30
0
 11
2.460448412026853e-16
 21
4.0182171933
 31
0
 40
0.999989723
 41
0
 42
3.1415926536
  0
LINE
  5
101
100
AcDbEntity
  8
03_AXES
  6
CONTINUOUS
 62
    9
370
   -1
100
AcDbLine
 10
182.1082716715791
 20
186.8295279543665
 11
178.3582716715791
 21
186.8295279543665
  0
LINE
  5
102
100
AcDbEntity
  8
03_AXES
  6
CONTINUOUS
 62
    7
370
   -1
100
AcDbLine
 10
178.8732716715791
 20
180.1524623894665
 11
178.8732716715791
 21
178.7651450915665
  0
LINE
  5
103
100
AcDbEntity
  8
09_ROUNDS
  6
CONTINUOUS
 62
    9
370
   -1
100
AcDbLine
 10
160.9582716715791
 20
181.5622321392665
 11
160.6095817874791
 21
181.5561457347665
  0
LINE
  5
104
100
AcDbEntity
  8
03_AXES
  6
CONTINUOUS
 62
    7
370
   -1
100
AcDbLine
 10
182.4082716715791
 20
186.6295279543665
 11
183.1082716715791
 21
186.6295279543665
  0
LINE
  5
105
100
AcDbEntity
  8
0
  6
CONTINUOUS
 62
    7
370
   -1
100
AcDbLine
 10
135.3482716715791
 20
168.1260358774665
 11
135.0582716715791
 21
168.1260358774665
  0
LINE
  5
106
100
AcDbEntity
  8
0
  6
CONTINUOUS
 62
    7
370
   -1
100
AcDbLine
 10
159.1374717099791
 20
106.9087279928665
 11
160.1297690727791
 21
107.7687190406665
  0
LINE
  5
107
100
AcDbEntity
  8
03_AXES
  6
CONTINUOUS
 62
    7
370
   -1
100
AcDbLine
 10
143.5582716715791
 20
173.7749246298665
 11
144.3551375746791
 21
173.7818075216665
  0
LINE
  5
108
100
AcDbEntity
  8
03_AXES
  6
CONTINUOUS
 62
    7
370
   -1
100
AcDbLine
 10
125.9482716715791
 20
141.4117197035665
 11
125.9482716715791
 21
141.4099144554665
  0
LINE
  5
109
100
AcDbEntity
  8
03_AXES
  6
CONTINUOUS
 62
    7
370
   -1
100
AcDbLine
 10
169.4582716715791
 20
168.1260358774665
 11
169.1682716715791
 21
168.1260358774665
  0
LINE
  5
10A
100
AcDbEntity
  8
0
  6
CONTINUOUS
 62
    7
370
   -1
100
AcDbLine
 10
160.9582716715791
 20
168.1295279543665
 11
152.7482716715791
 21
168.1295279543665
  0
LINE
  5
10B
100
AcDbEntity
  8
03_AXES
  6
CONTINUOUS
 62
    7
370
   -1
100
AcDbLine
 10
134.6582716715791
 20
168.1260358774665
 11
134.3682716715791
 21
168.1260358774665
  0
LINE
  5
10C
100
AcDbEntity
  8
09_ROUNDS
  6
CONTINUOUS
 62
    7
370
   -1
100
AcDbLine
 10
124.7953925748791
 20
173.9501182005665
 11
124.7359902777791
 21
173.9756681233665
  0
LINE
  5
10D
100
AcDbEntity
  8
03_AXES
  6
CONTINUOUS
 62
    7
370
   -1
100
AcDbLine
 10
160.9582716715791
 20
168.1295279543665
 11
169.1682716715791
 21
168.1295279543665
  0
LINE
  5
10E
100
AcDbEntity
  8
03_AXES
  6
CONTINUOUS
 62
    9
370
   -1
100
AcDbLine
 10
151.7682716715791
 20
150.8646724723665
 11
143.5582716715791
 21
150.8646724723665
  0
LINE
  5
10F
100
AcDbEntity
  8
0
  6
CONTINUOUS
 62
    3
370
   -1
100
AcDbLine
 10
118.5582716715791
 20
141.4099144554665
 11
118.5582716715791
 21
133.9920039179665
  0
LINE
  5
110
100
AcDbEntity
  8
09_ROUNDS
  6
CONTINUOUS
 62
    7
370
   -1
100
AcDbLine
 10
124.3020733568791
 20
174.2116975289665
 11
124.2742758595791
 21
174.2306883736665
  0
LINE
  5
111
100
AcDbEntity
  8
03_AXES
  6
CONTINUOUS
 62
    7
370
   -1
100
AcDbLine
 10
142.5152605760791
 20
100.6295279543665
 11
142.5152605760791
 21
100.3222375670665
  0
LINE
  5
112
100
AcDbEntity
  8
03_AXES
  6
CONTINUOUS
 62
    7
370
   -1
100
AcDbLine
 10
143.5582716715791
 20
168.1295279543665
 11
151.7682716715791
 21
168.1295279543665
  0
LINE
  5
113
100
AcDbEntity
  8
09_ROUNDS
  6
CONTINUOUS
 62
    7
370
   -1
100
AcDbLine
 10
159.1325968109791
 20
174.1915625911665
 11
159.1020733568791
 21
174.2116975289665
  0
LINE
  5
114
100
AcDbEntity
  8
10_CHAMFER
  6
CONTINUOUS
 62
    7
370
   -1
100
AcDbLine
 10
156.5082716715791
 20
99.12952795436649
 11
156.2082716715791
 21
99.3027330351665
  0
LINE
  5
115
100
AcDbEntity
  8
0
  6
CONTINUOUS
 62
    3
370
   -1
100
AcDbLine
 10
120.6582716715791
 20
141.4099144554665
 11
120.6582716715791
 21
140.0638894284665
  0
LINE
  5
116
100
AcDbEntity
  8
0
  6
CONTINUOUS
 62
    9
370
   -1
100
AcDbLine
 10
117.9482716715791
 20
149.0118778560665
 11
117.9072811703791
 21
149.0118778560665
  0
LINE
  5
117
100
AcDbEntity
  8
03_AXES
  6
CONTINUOUS
 62
    7
370
   -1
100
AcDbLine
 10
177.8432716715791
 20
176.4873374393665
 11
177.8432716715791
 21
175.1065135193665
  0
LINE
  5
118
100
AcDbEntity
  8
09_ROUNDS
  6
CONTINUOUS
 62
    7
370
   -1
100
AcDbLine
 10
123.5777565689791
 20
100.6295279543665
 11
123.5777565689791
 21
99.9494388426665
  0
LINE
  5
119
100
AcDbEntity
  8
03_AXES
  6
CONTINUOUS
 62
    9
370
   -1
100
AcDbLine
 10
186.8582716715791
 20
122.4323127645665
 11
186.5682716715791
 21
122.4323127645665
  0
LINE
  5
11A
100
AcDbEntity
  8
03_AXES
  6
CONTINUOUS
 62
    9
370
   -1
100
AcDbLine
 10
160.9582716715791
 20
122.4219330176665
 11
169.1682716715791
 21
122.4219330176665
  0
LINE
  5
11B
100
AcDbEntity
  8
10_CHAMFER
  6
CONTINUOUS
 62
    7
370
   -1
100
AcDbLine
 10
121.4082716715791
 20
99.3027330351665
 11
121.4082716715791
 21
100.6295279543665
  0
LINE
  5
11C
100
AcDbEntity
  8
0
  6
CONTINUOUS
 62
    7
370
   -1
100
AcDbLine
 10
142.6567105255791
 20
178.3896277441665
 11
142.7620062965791
 21
178.4949235151665
  0
LINE
  5
11D
100
AcDbEntity
  8
09_ROUNDS
  6
CONTINUOUS
 62
    7
370
   -1
100
AcDbLine
 10
176.3507493953791
 20
174.3261552603665
 11
176.3425393854791
 21
174.3336969930665
  0
LINE
  5
11E
100
AcDbEntity
  8
0
  6
CONTINUOUS
 62
    9
370
   -1
100
AcDbLine
 10
143.5582716715791
 20
122.4219330176665
 11
135.3482716715791
 21
122.4219330176665
  0
LINE
  5
11F
100
AcDbEntity
  8
03_AXES
  6
CONTINUOUS
 62
    9
370
   -1
100
AcDbLine
 10
152.0582716715791
 20
122.4323127645665
 11
151.7682716715791
 21
122.4323127645665
  0
LINE
  5
120
100
AcDbEntity
  8
0
  6
CONTINUOUS
 62
    7
370
   -1
100
AcDbLine
 10
125.2567105255791
 20
176.8693481646665
 11
124.3374717099791
 21
175.8086879928665
  0
LINE
  5
121
100
AcDbEntity
  8
03_AXES
  6
CONTINUOUS
 62
    7
370
   -1
100
AcDbLine
 10
158.5482716715791
 20
141.4117197035665
 11
158.5482716715791
 21
141.4099144554665
  0
LINE
  5
122
100
AcDbEntity
  8
0
  6
CONTINUOUS
 62
    9
370
   -1
100
AcDbLine
 10
117.9482716715791
 20
122.4323127645665
 11
117.6582716715791
 21
122.4323127645665
  0
LINE
  5
123
100
AcDbEntity
  8
03_AXES
  6
CONTINUOUS
 62
    7
370
   -1
100
AcDbLine
 10
181.5426083371791
 20
108.0795279543665
 11
179.3539405155791
 21
108.0795279543665
  0
LINE
  5
124
100
AcDbEntity
  8
0
  6
CONTINUOUS
 62
    7
370
   -1
100
AcDbLine
 10
177.4567105255791
 20
107.9693881646665
 11
176.5374717099791
 21
106.9087279928665
  0
LINE
  5
125
100
AcDbEntity
  8
10_CHAMFER
  6
CONTINUOUS
 62
    7
370
   -1
100
AcDbLine
 10
156.2082716715791
 20
99.3027330351665
 11
156.2082716715791
 21
100.6295279543665
  0
LINE
  5
126
100
AcDbEntity
  8
0
  6
CONTINUOUS
 62
    7
370
   -1
100
AcDbLine
 10
180.1790716330791
 20
110.5503279159665
 11
179.1722885631791
 21
109.6777825886665
  0
LINE
  5
127
100
AcDbEntity
  8
03_AXES
  6
CONTINUOUS
 62
    9
370
   -1
100
AcDbLine
 10
186.2582716715791
 20
137.1552663355665
 11
186.5682716715791
 21
137.1552663355665
  0
LINE
  5
128
100
AcDbEntity
  8
03_AXES
  6
CONTINUOUS
 62
    7
370
   -1
100
AcDbLine
 10
182.8082716715791
 20
99.12952795436649
 11
183.1082716715791
 21
99.3027330351665
  0
LINE
  5
129
100
AcDbEntity
  8
09_ROUNDS
  6
CONTINUOUS
 62
    7
370
   -1
100
AcDbLine
 10
177.4162768379791
 20
173.8054294632665
 11
177.3382578755791
 21
173.8277601325665
  0
LINE
  5
12A
100
AcDbEntity
  8
03_AXES
  6
CONTINUOUS
 62
    9
370
   -1
100
AcDbLine
 10
186.8582716715791
 20
149.5845109605665
 11
186.8582716715791
 21
185.5295279543665
  0
LINE
  5
12B
100
AcDbEntity
  8
0
  6
CONTINUOUS
 62
    3
370
   -1
100
AcDbLine
 10
178.1582716715791
 20
140.0638894284665
 11
179.1582716715791
 21
140.0638894284665
  0
LINE
  5
12C
100
AcDbEntity
  8
0
  6
CONTINUOUS
 62
    7
370
   -1
100
AcDbLine
 10
185.3544579218791
 20
137.0301320485665
 11
185.3544579218791
 21
136.8358455582665
  0
LINE
  5
12D
100
AcDbEntity
  8
03_AXES
  6
CONTINUOUS
 62
    7
370
   -1
100
AcDbLine
 10
134.3682716715791
 20
165.6295279543665
 11
126.1582716715791
 21
165.6295279543665
  0
LINE
  5
12E
100
AcDbEntity
  8
03_AXES
  6
CONTINUOUS
 62
    9
370
   -1
100
AcDbLine
 10
125.3630789422791
 20
100.6295279543665
 11
125.3630789422791
 21
100.3222376615665
  0
LINE
  5
12F
100
AcDbEntity
  8
0
  6
CONTINUOUS
 62
    3
370
   -1
100
AcDbLine
 10
184.7660885016791
 20
136.5127232128665
 11
184.7582716715791
 21
136.5573780222665
  0
ELLIPSE
  5
130
100
AcDbEntity
  8
09_ROUNDS
  6
CONTINUOUS
 62
    7
370
   -1
100
AcDbEllipse
 10
139.5082716715791
 20
100.0537920230665
 30
0
 11
2.597868168633439e-17
 21
0.4242640687
 31
0
 40
0.7071067812
 41
3.1415926536
 42
4.7123889804
  0
ELLIPSE
  5
131
100
AcDbEntity
  8
09_ROUNDS
  6
CONTINUOUS
 62
    7
370
   -1
100
AcDbEllipse
 10
122.1082716715791
 20
186.2052638856665
 30
0
 11
2.597868168633439e-17
 21
0.4242640687
 31
0
 40
0.7071067812
 41
-1.5707963268
 42
0
  0
LINE
  5
132
100
AcDbEntity
  8
03_AXES
  6
CONTINUOUS
 62
    7
370
   -1
100
AcDbLine
 10
186.5682716715791
 20
100.6295279543665
 11
186.5682716715791
 21
137.3900991939665
  0
LINE
  5
133
100
AcDbEntity
  8
0
  6
CONTINUOUS
 62
    9
370
   -1
100
AcDbLine
 10
126.1582716715791
 20
149.1037895732665
 11
117.9482716715791
 21
149.1037895732665
  0
LINE
  5
134
100
AcDbEntity
  8
0
  6
CONTINUOUS
 62
    3
370
   -1
100
AcDbLine
 10
184.2582716715791
 20
139.7215442166665
 11
184.2582716715791
 21
141.4099144554665
  0
LINE
  5
135
100
AcDbEntity
  8
0
  6
CONTINUOUS
 62
    3
370
   -1
100
AcDbLine
 10
185.2582716715791
 20
134.6694472594665
 11
185.2582716715791
 21
135.8351662016665
  0
LINE
  5
136
100
AcDbEntity
  8
03_AXES
  6
CONTINUOUS
 62
    7
370
   -1
100
AcDbLine
 10
177.5061309758791
 20
99.9665984206665
 11
177.5596601007791
 21
99.93034206236651
  0
LINE
  5
137
100
AcDbEntity
  8
03_AXES
  6
CONTINUOUS
 62
    9
370
   -1
100
AcDbLine
 10
182.4082716715791
 20
187.1295279543665
 11
182.4082716715791
 21
186.6295279543665
  0
LINE
  5
138
100
AcDbEntity
  8
03_AXES
  6
CONTINUOUS
 62
    7
370
   -1
100
AcDbLine
 10
142.6579771829791
 20
100.0074337566665
 11
142.7061309758791
 21
99.9665984206665
  0
LINE
  5
139
100
AcDbEntity
  8
03_AXES
  6
CONTINUOUS
 62
    9
370
   -1
100
AcDbLine
 10
142.7630789422791
 20
100.6295279543665
 11
142.7630789422791
 21
100.3222376615665
  0
LINE
  5
13A
100
AcDbEntity
  8
03_AXES
  6
CONTINUOUS
 62
    7
370
   -1
100
AcDbLine
 10
177.8432716715791
 20
106.2065535193665
 11
177.8432716715791
 21
107.5938708172665
  0
LINE
  5
13B
100
AcDbEntity
  8
03_AXES
  6
CONTINUOUS
 62
    9
370
   -1
100
AcDbLine
 10
178.3582716715791
 20
122.4219330176665
 11
186.5682716715791
 21
122.4219330176665
  0
LINE
  5
13C
100
AcDbEntity
  8
0
  6
CONTINUOUS
 62
    7
370
   -1
100
AcDbLine
 10
161.8598328175791
 20
109.4896677441665
 11
162.7790716330791
 21
110.5503279159665
  0
LINE
  5
13D
100
AcDbEntity
  8
0
  6
CONTINUOUS
 62
    7
370
   -1
100
AcDbLine
 10
178.3582716715791
 20
118.1295279543665
 11
170.1482716715791
 21
118.1295279543665
  0
LINE
  5
13E
100
AcDbEntity
  8
03_AXES
  6
CONTINUOUS
 62
    9
370
   -1
100
AcDbLine
 10
143.5582716715791
 20
122.4219330176665
 11
151.7682716715791
 21
122.4219330176665
  0
LINE
  5
13F
100
AcDbEntity
  8
0
  6
CONTINUOUS
 62
    9
370
   -1
100
AcDbLine
 10
126.1582716715791
 20
150.8646724723665
 11
117.9482716715791
 21
150.8646724723665
  0
LINE
  5
140
100
AcDbEntity
  8
0
  6
CONTINUOUS
 62
    9
370
   -1
100
AcDbLine
 10
160.9582716715791
 20
122.4219330176665
 11
152.7482716715791
 21
122.4219330176665
  0
LINE
  5
141
100
AcDbEntity
  8
03_AXES
  6
CONTINUOUS
 62
    7
370
   -1
100
AcDbLine
 10
160.2178670654791
 20
99.89887310706651
 11
160.2802191345791
 21
99.87226415936649
  0
LINE
  5
142
100
AcDbEntity
  8
03_AXES
  6
CONTINUOUS
 62
    7
370
   -1
100
AcDbLine
 10
160.9582716715791
 20
120.6295279543665
 11
169.1682716715791
 21
120.6295279543665
  0
SPLINE
  5
143
100
AcDbEntity
  8
03_AXES
  6
CONTINUOUS
 62
    9
370
   -1
100
AcDbSpline
210
0
220
0
230
0
 70
 4096
 71
    3
 72
   17
 73
   13
 74
    0
 42
1e-07
 43
1e-07
 40
0
 40
0
 40
0
 40
0
 40
0.0082940566
 40
0.0240766279
 40
0.0486262362
 40
0.082035225
 40
0.1744669076
 40
0.2982578468
 40
0.4488028494
 40
0.6203986602
 40
0.8064925061
 40
1
 40
1
 40
1
 40
1
 10
134.8582716715791
 20
102.5109419490665
 30
0
 10
134.8582716715791
 20
102.5103844579665
 30
0
 10
134.8568880209791
 20
102.5090753118665
 30
0
 10
134.8539228728791
 20
102.5080017825665
 30
0
 10
134.8490809164791
 20
102.5066694829665
 30
0
 10
134.8391628625791
 20
102.5048566411665
 30
0
 10
134.8224735428791
 20
102.5028308034665
 30
0
 10
134.7979097673791
 20
102.5008358179665
 30
0
 10
134.7679757633791
 20
102.4991730229665
 30
0
 10
134.7338367056791
 20
102.4979307098665
 30
0
 10
134.6967938634791
 20
102.4971625968665
 30
0
 10
134.6712784181791
 20
102.4969906542665
 30
0
 10
134.6582716715791
 20
102.4969906542665
 30
0
  0
LINE
  5
144
100
AcDbEntity
  8
03_AXES
  6
CONTINUOUS
 62
    7
370
   -1
100
AcDbLine
 10
126.1582716715791
 20
118.1295279543665
 11
134.3682716715791
 21
118.1295279543665
  0
LINE
  5
145
100
AcDbEntity
  8
03_AXES
  6
CONTINUOUS
 62
    7
370
   -1
100
AcDbLine
 10
146.7426083371791
 20
108.0795279543665
 11
144.5539405155791
 21
108.0795279543665
  0
LINE
  5
146
100
AcDbEntity
  8
03_AXES
  6
CONTINUOUS
 62
    9
370
   -1
100
AcDbLine
 10
126.1582716715791
 20
149.1037895732665
 11
134.3682716715791
 21
149.1037895732665
  0
LINE
  5
147
100
AcDbEntity
  8
03_AXES
  6
CONTINUOUS
 62
    7
370
   -1
100
AcDbLine
 10
177.6178670654791
 20
99.89887310706651
 11
177.6802191345791
 21
99.87226415936649
  0
ARC
  5
148
100
AcDbEntity
  8
0
  6
CONTINUOUS
 62
    7
370
   -1
100
AcDbCircle
 10
169.8582716715791
 20
165.3295279543665
 40
0.2
100
AcDbArc
 50
90
 51
180
  0
LINE
  5
149
100
AcDbEntity
  8
03_AXES
  6
CONTINUOUS
 62
    7
370
   -1
100
AcDbLine
 10
165.7082716715791
 20
186.9563228736665
 11
165.4082716715791
 21
187.1295279543665
  0
LINE
  5
14A
100
AcDbEntity
  8
09_ROUNDS
  6
CONTINUOUS
 62
    7
370
   -1
100
AcDbLine
 10
159.3754025544791
 20
174.0520417443665
 11
159.3276942004791
 21
174.0769619716665
  0
LINE
  5
14B
100
AcDbEntity
  8
03_AXES
  6
CONTINUOUS
 62
    9
370
   -1
100
AcDbLine
 10
152.0582716715791
 20
183.7620652544665
 11
151.7682716715791
 21
183.7620652544665
  0
LINE
  5
14C
100
AcDbEntity
  8
10_CHAMFER
  6
CONTINUOUS
 62
    7
370
   -1
100
AcDbLine
 10
121.7082716715791
 20
99.12952795436649
 11
121.7082716715791
 21
99.62952795436649
  0
LINE
  5
14D
100
AcDbEntity
  8
0
  6
CONTINUOUS
 62
    9
370
   -1
100
AcDbLine
 10
178.3582716715791
 20
183.7690409018665
 11
170.1482716715791
 21
183.7690409018665
  0
ELLIPSE
  5
14E
100
AcDbEntity
  8
03_AXES
  6
CONTINUOUS
 62
    7
370
   -1
100
AcDbEllipse
 10
160.9563244473791
 20
177.6139632067665
 30
0
 11
0.4880116994000003
 21
3.9008239971
 31
0
 40
0.9999920393999999
 41
-2.4644651336
 42
0.123963809
  0
LINE
  5
14F
100
AcDbEntity
  8
0
  6
CONTINUOUS
 62
    9
370
   -1
100
AcDbLine
 10
118.5582716715791
 20
137.1552663355665
 11
117.9482716715791
 21
137.1552663355665
  0
LINE
  5
150
100
AcDbEntity
  8
0
  6
CONTINUOUS
 62
    7
370
   -1
100
AcDbLine
 10
179.2598328175791
 20
107.9693881646665
 11
179.1545370465791
 21
107.8640923935665
  0
LINE
  5
151
100
AcDbEntity
  8
0
  6
CONTINUOUS
 62
    7
370
   -1
100
AcDbLine
 10
177.4567105255791
 20
109.4896677441665
 11
177.5626261861791
 21
109.5955834048665
  0
LINE
  5
152
100
AcDbEntity
  8
03_AXES
  6
CONTINUOUS
 62
    7
370
   -1
100
AcDbLine
 10
125.3061309758791
 20
99.9665984206665
 11
125.3596601007791
 21
99.93034206236651
  0
LINE
  5
153
100
AcDbEntity
  8
09_ROUNDS
  6
CONTINUOUS
 62
    7
370
   -1
100
AcDbLine
 10
141.5891043431791
 20
174.2938519245665
 11
141.5739979050791
 21
174.3061451850665
  0
LINE
  5
154
100
AcDbEntity
  8
0
  6
CONTINUOUS
 62
    7
370
   -1
100
AcDbLine
 10
176.5374717099791
 20
106.9087279928665
 11
177.5297690727791
 21
107.7687190406665
  0
LINE
  5
155
100
AcDbEntity
  8
03_AXES
  6
CONTINUOUS
 62
    7
370
   -1
100
AcDbLine
 10
182.8082716715791
 20
99.62952795436649
 11
183.1082716715791
 21
99.8744769286665
  0
LINE
  5
156
100
AcDbEntity
  8
03_AXES
  6
CONTINUOUS
 62
    7
370
   -1
100
AcDbLine
 10
165.4082716715791
 20
99.62952795436649
 11
165.7082716715791
 21
99.8744769286665
  0
LINE
  5
157
100
AcDbEntity
  8
03_AXES
  6
CONTINUOUS
 62
    7
370
   -1
100
AcDbLine
 10
182.1082716715791
 20
100.6295279543665
 11
182.1082716715791
 21
99.42952795436649
  0
LINE
  5
158
100
AcDbEntity
  8
09_ROUNDS
  6
CONTINUOUS
 62
    9
370
   -1
100
AcDbLine
 10
139.5082716715791
 20
99.12952795436649
 11
139.5082716715791
 21
99.62952795436649
  0
LINE
  5
159
100
AcDbEntity
  8
03_AXES
  6
CONTINUOUS
 62
    7
370
   -1
100
AcDbLine
 10
169.1682716715791
 20
165.6295279543665
 11
160.9582716715791
 21
165.6295279543665
  0
LINE
  5
15A
100
AcDbEntity
  8
03_AXES
  6
CONTINUOUS
 62
    7
370
   -1
100
AcDbLine
 10
134.8582716715791
 20
100.9295279543665
 11
134.8582716715791
 21
133.9919960600665
  0
LINE
  5
15B
100
AcDbEntity
  8
03_AXES
  6
CONTINUOUS
 62
    7
370
   -1
100
AcDbLine
 10
178.8732716715791
 20
176.4938308172665
 11
178.8732716715791
 21
175.1065135193665
  0
LINE
  5
15C
100
AcDbEntity
  8
03_AXES
  6
CONTINUOUS
 62
    7
370
   -1
100
AcDbLine
 10
152.0582716715791
 20
118.1330200313665
 11
151.7682716715791
 21
118.1330200313665
  0
LINE
  5
15D
100
AcDbEntity
  8
03_AXES
  6
CONTINUOUS
 62
    7
370
   -1
100
AcDbLine
 10
177.5596601007791
 20
99.93034206236651
 11
177.6178670654791
 21
99.89887310706651
  0
LINE
  5
15E
100
AcDbEntity
  8
03_AXES
  6
CONTINUOUS
 62
    7
370
   -1
100
AcDbLine
 10
178.8732716715791
 20
109.8716784693665
 11
178.8732716715791
 21
111.2525023894665
  0
LINE
  5
15F
100
AcDbEntity
  8
03_AXES
  6
CONTINUOUS
 62
    9
370
   -1
100
AcDbLine
 10
130.2082716715791
 20
187.1295279543665
 11
130.2082716715791
 21
186.6295279543665
  0
LINE
  5
160
100
AcDbEntity
  8
09_ROUNDS
  6
CONTINUOUS
 62
    9
370
   -1
100
AcDbLine
 10
123.2807794911791
 20
99.64945407316651
 11
123.2777565689791
 21
99.9494388426665
  0
LINE
  5
161
100
AcDbEntity
  8
03_AXES
  6
CONTINUOUS
 62
    7
370
   -1
100
AcDbLine
 10
125.6432716715791
 20
106.2065535193665
 11
125.6432716715791
 21
107.5938708172665
  0
LINE
  5
162
100
AcDbEntity
  8
03_AXES
  6
CONTINUOUS
 62
    7
370
   -1
100
AcDbLine
 10
160.2802191345791
 20
99.87226415936649
 11
160.3462444043791
 21
99.8505888983665
  0
LINE
  5
163
100
AcDbEntity
  8
03_AXES
  6
CONTINUOUS
 62
    9
370
   -1
100
AcDbLine
 10
186.8582716715791
 20
150.8608049000665
 11
186.5682716715791
 21
150.8608049000665
  0
LINE
  5
164
100
AcDbEntity
  8
03_AXES
  6
CONTINUOUS
 62
    7
370
   -1
100
AcDbLine
 10
177.8432716715791
 20
109.8651850915665
 11
177.8432716715791
 21
111.2525023894665
  0
LINE
  5
165
100
AcDbEntity
  8
09_ROUNDS
  6
CONTINUOUS
 62
    7
370
   -1
100
AcDbLine
 10
176.3425393854791
 20
174.3336969930665
 11
176.3365711032791
 21
174.3394467418665
  0
LINE
  5
166
100
AcDbEntity
  8
0
  6
CONTINUOUS
 62
    3
370
   -1
100
AcDbLine
 10
123.6582716715791
 20
140.5109360420665
 11
123.6582716715791
 21
140.0638894284665
  0
LINE
  5
167
100
AcDbEntity
  8
09_ROUNDS
  6
CONTINUOUS
 62
    7
370
   -1
100
AcDbLine
 10
158.9891043431791
 20
174.2938519245665
 11
158.9739979050791
 21
174.3061451850665
  0
LINE
  5
168
100
AcDbEntity
  8
03_AXES
  6
CONTINUOUS
 62
    9
370
   -1
100
AcDbLine
 10
177.5630789422791
 20
100.6295279543665
 11
177.5630789422791
 21
100.3222376615665
  0
LINE
  5
169
100
AcDbEntity
  8
03_AXES
  6
CONTINUOUS
 62
    9
370
   -1
100
AcDbLine
 10
169.1682716715791
 20
150.8646724723665
 11
160.9582716715791
 21
150.8646724723665
  0
LINE
  5
16A
100
AcDbEntity
  8
03_AXES
  6
CONTINUOUS
 62
    7
370
   -1
100
AcDbLine
 10
178.3582716715791
 20
120.6295279543665
 11
186.5682716715791
 21
120.6295279543665
  0
LINE
  5
16B
100
AcDbEntity
  8
03_AXES
  6
CONTINUOUS
 62
    7
370
   -1
100
AcDbLine
 10
143.5582716715791
 20
173.7749246298665
 11
142.9344085705791
 21
173.7339147627665
  0
LINE
  5
16C
100
AcDbEntity
  8
0
  6
CONTINUOUS
 62
    3
370
   -1
100
AcDbLine
 10
121.6582716715791
 20
140.5109360420665
 11
121.6582716715791
 21
140.0638894284665
  0
LINE
  5
16D
100
AcDbEntity
  8
02_PLANES
  6
CONTINUOUS
 62
    9
370
   -1
100
AcDbLine
 10
176.1582716715791
 20
100.5295279543665
 11
176.1582716715791
 21
100.6295279543665
  0
LINE
  5
16E
100
AcDbEntity
  8
03_AXES
  6
CONTINUOUS
 62
    7
370
   -1
100
AcDbLine
 10
125.3596601007791
 20
99.93034206236651
 11
125.4178670654791
 21
99.89887310706651
  0
LINE
  5
16F
100
AcDbEntity
  8
0
  6
CONTINUOUS
 62
    7
370
   -1
100
AcDbLine
 10
177.5281688543791
 20
178.5916837241665
 11
176.5374717099791
 21
179.4502879159665
  0
LINE
  5
170
100
AcDbEntity
  8
09_ROUNDS
  6
CONTINUOUS
 62
    7
370
   -1
100
AcDbLine
 10
158.9739979050791
 20
174.3061451850665
 11
158.9612296067791
 21
174.3169361990665
  0
LINE
  5
171
100
AcDbEntity
  8
09_ROUNDS
  6
CONTINUOUS
 62
    7
370
   -1
100
AcDbLine
 10
124.1739979050791
 20
174.3061451850665
 11
124.1612296067791
 21
174.3169361990665
  0
LINE
  5
172
100
AcDbEntity
  8
09_ROUNDS
  6
CONTINUOUS
 62
    7
370
   -1
100
AcDbLine
 10
141.6491422579791
 20
174.2484634722665
 11
141.6266136966791
 21
174.2649539754665
  0
LINE
  5
173
100
AcDbEntity
  8
09_ROUNDS
  6
CONTINUOUS
 62
    7
370
   -1
100
AcDbLine
 10
141.5328789672791
 20
174.3431963787665
 11
141.5321223050791
 21
174.3439988338665
  0
LINE
  5
174
100
AcDbEntity
  8
10_CHAMFER
  6
CONTINUOUS
 62
    7
370
   -1
100
AcDbLine
 10
139.1082716715791
 20
186.6295279543665
 11
139.1082716715791
 21
187.1295279543665
  0
LINE
  5
175
100
AcDbEntity
  8
0
  6
CONTINUOUS
 62
    9
370
   -1
100
AcDbLine
 10
135.3482716715791
 20
122.4323127645665
 11
135.0582716715791
 21
122.4323127645665
  0
LINE
  5
176
100
AcDbEntity
  8
03_AXES
  6
CONTINUOUS
 62
    7
370
   -1
100
AcDbLine
 10
142.5342710988791
 20
100.2004552348665
 11
142.5540200272791
 21
100.1499091257665
  0
LINE
  5
177
100
AcDbEntity
  8
03_AXES
  6
CONTINUOUS
 62
    7
370
   -1
100
AcDbLine
 10
134.8582716715791
 20
141.4099144554665
 11
134.8582716715791
 21
185.3295279543665
  0
LINE
  5
178
100
AcDbEntity
  8
03_AXES
  6
CONTINUOUS
 62
    7
370
   -1
100
AcDbLine
 10
129.9082716715791
 20
100.6295279543665
 11
129.9082716715791
 21
99.42952795436649
  0
LINE
  5
179
100
AcDbEntity
  8
03_AXES
  6
CONTINUOUS
 62
    7
370
   -1
100
AcDbLine
 10
125.6432716715791
 20
178.7644879543665
 11
125.6432716715791
 21
180.1524623894665
  0
LINE
  5
17A
100
AcDbEntity
  8
03_AXES
  6
CONTINUOUS
 62
    7
370
   -1
100
AcDbLine
 10
125.6432716715791
 20
176.4873374393665
 11
125.6432716715791
 21
175.1065135193665
  0
LINE
  5
17B
100
AcDbEntity
  8
03_AXES
  6
CONTINUOUS
 62
    9
370
   -1
100
AcDbLine
 10
185.0582716715791
 20
137.1552663355665
 11
185.3582716715791
 21
137.1552663355665
  0
ARC
  5
17C
100
AcDbEntity
  8
09_ROUNDS
  6
CONTINUOUS
 62
    7
370
   -1
100
AcDbCircle
 10
174.3082716715791
 20
99.42952795436649
 40
0.3
100
AcDbArc
 50
270
 51
0
  0
LINE
  5
17D
100
AcDbEntity
  8
0
  6
CONTINUOUS
 62
    7
370
   -1
100
AcDbLine
 10
186.2582716715791
 20
137.8659265055665
 11
185.3582716715791
 21
137.8659265055665
  0
LINE
  5
17E
100
AcDbEntity
  8
03_AXES
  6
CONTINUOUS
 62
    7
370
   -1
100
AcDbLine
 10
157.4482716715791
 20
141.4117197035665
 11
157.4482716715791
 21
141.4099144554665
  0
LINE
  5
17F
100
AcDbEntity
  8
10_CHAMFER
  6
CONTINUOUS
 62
    7
370
   -1
100
AcDbLine
 10
156.5082716715791
 20
186.6295279543665
 11
156.5082716715791
 21
187.1295279543665
  0
LINE
  5
180
100
AcDbEntity
  8
10_CHAMFER
  6
CONTINUOUS
 62
    7
370
   -1
100
AcDbLine
 10
187.2582716715791
 20
127.2769108503665
 11
187.2582716715791
 21
129.6021651214665
  0
LINE
  5
181
100
AcDbEntity
  8
03_AXES
  6
CONTINUOUS
 62
    7
370
   -1
100
AcDbLine
 10
187.0582716715791
 20
100.9295279543665
 11
187.0582716715791
 21
185.3295279543665
  0
LINE
  5
182
100
AcDbEntity
  8
09_ROUNDS
  6
CONTINUOUS
 62
    9
370
   -1
100
AcDbLine
 10
175.4807794911791
 20
99.64945407316651
 11
175.4777565689791
 21
99.9494388426665
  0
LINE
  5
183
100
AcDbEntity
  8
0
  6
CONTINUOUS
 62
    3
370
   -1
100
AcDbLine
 10
174.6582716715791
 20
140.0638894284665
 11
175.6582716715791
 21
140.0638894284665
  0
LINE
  5
184
100
AcDbEntity
  8
03_AXES
  6
CONTINUOUS
 62
    9
370
   -1
100
AcDbLine
 10
186.8582716715791
 20
100.7295279543665
 11
186.8582716715791
 21
136.6745449481665
  0
LINE
  5
185
100
AcDbEntity
  8
03_AXES
  6
CONTINUOUS
 62
    7
370
   -1
100
AcDbLine
 10
186.5682716715791
 20
148.8689567147665
 11
186.5682716715791
 21
185.6295279543665
  0
LINE
  5
186
100
AcDbEntity
  8
09_ROUNDS
  6
CONTINUOUS
 62
    7
370
   -1
100
AcDbLine
 10
178.3582716715791
 20
173.6764922010665
 11
178.2688811242791
 21
173.6781543814665
  0
LINE
  5
187
100
AcDbEntity
  8
0
  6
CONTINUOUS
 62
    3
370
   -1
100
AcDbLine
 10
186.2201341743791
 20
136.8752059121665
 11
186.2201341743791
 21
136.6809194217665
  0
LINE
  5
188
100
AcDbEntity
  8
0
  6
CONTINUOUS
 62
    3
370
   -1
100
AcDbLine
 10
186.2201341743791
 20
134.7380545181665
 11
186.2201341743791
 21
134.5437680277665
  0
LINE
  5
189
100
AcDbEntity
  8
03_AXES
  6
CONTINUOUS
 62
    7
370
   -1
100
AcDbLine
 10
183.1082716715791
 20
185.6295279543665
 11
183.1082716715791
 21
186.9563228736665
  0
LINE
  5
18A
100
AcDbEntity
  8
0
  6
CONTINUOUS
 62
    7
370
   -1
100
AcDbLine
 10
185.3582716715791
 20
137.8659265055665
 11
185.3582716715791
 21
137.0473460637665
  0
LINE
  5
18B
100
AcDbEntity
  8
0
  6
CONTINUOUS
 62
    7
370
   -1
100
AcDbLine
 10
185.2582716715791
 20
135.8351662016665
 11
185.2582716715791
 21
136.4015545535665
  0
LINE
  5
18C
100
AcDbEntity
  8
0
  6
CONTINUOUS
 62
    7
370
   -1
100
AcDbLine
 10
160.9582716715791
 20
165.6295279543665
 11
152.7482716715791
 21
165.6295279543665
  0
LINE
  5
18D
100
AcDbEntity
  8
0
  6
CONTINUOUS
 62
    3
370
   -1
100
AcDbLine
 10
184.7582716715791
 20
134.3415785775665
 11
184.7582716715791
 21
136.5573780222665
  0
LINE
  5
18E
100
AcDbEntity
  8
09_ROUNDS
  6
CONTINUOUS
 62
    7
370
   -1
100
AcDbLine
 10
176.9953925748791
 20
173.9501182005665
 11
176.9359902777791
 21
173.9756681233665
  0
LINE
  5
18F
100
AcDbEntity
  8
0
  6
CONTINUOUS
 62
    7
370
   -1
100
AcDbLine
 10
184.7582716715791
 20
136.5573780222665
 11
184.7582716715791
 21
136.7783063263665
  0
LINE
  5
190
100
AcDbEntity
  8
03_AXES
  6
CONTINUOUS
 62
    7
370
   -1
100
AcDbLine
 10
143.1482716715791
 20
141.4117197035665
 11
143.1482716715791
 21
141.4099144554665
  0
LINE
  5
191
100
AcDbEntity
  8
03_AXES
  6
CONTINUOUS
 62
    7
370
   -1
100
AcDbLine
 10
148.0082716715791
 20
99.62952795436649
 11
148.3082716715791
 21
99.8744769286665
  0
LINE
  5
192
100
AcDbEntity
  8
0
  6
CONTINUOUS
 62
    7
370
   -1
100
AcDbLine
 10
162.7790716330791
 20
110.5503279159665
 11
161.7722885631791
 21
109.6777825886665
  0
ARC
  5
193
100
AcDbEntity
  8
0
  6
CONTINUOUS
 62
    7
370
   -1
100
AcDbCircle
 10
160.9582716715791
 20
108.7295279543665
 40
1.22
100
AcDbArc
 50
147.8060524557
 51
212.1939475443
  0
LINE
  5
194
100
AcDbEntity
  8
03_AXES
  6
CONTINUOUS
 62
    7
370
   -1
100
AcDbLine
 10
148.0082716715791
 20
99.12952795436649
 11
148.3082716715791
 21
99.3027330351665
  0
LINE
  5
195
100
AcDbEntity
  8
03_AXES
  6
CONTINUOUS
 62
    7
370
   -1
100
AcDbLine
 10
183.1082716715791
 20
186.9563228736665
 11
182.8082716715791
 21
187.1295279543665
  0
LINE
  5
196
100
AcDbEntity
  8
09_ROUNDS
  6
CONTINUOUS
 62
    7
370
   -1
100
AcDbLine
 10
122.4082716715791
 20
99.42952795436649
 11
122.4082716715791
 21
100.6295279543665
  0
LINE
  5
197
100
AcDbEntity
  8
03_AXES
  6
CONTINUOUS
 62
    7
370
   -1
100
AcDbLine
 10
165.4082716715791
 20
99.12952795436649
 11
165.7082716715791
 21
99.3027330351665
  0
LINE
  5
198
100
AcDbEntity
  8
09_ROUNDS
  6
CONTINUOUS
 62
    9
370
   -1
100
AcDbLine
 10
122.1082716715791
 20
186.6295279543665
 11
122.1082716715791
 21
187.1295279543665
  0
LINE
  5
199
100
AcDbEntity
  8
0
  6
CONTINUOUS
 62
    7
370
   -1
100
AcDbLine
 10
160.0567105255791
 20
107.9693881646665
 11
159.1374717099791
 21
106.9087279928665
  0
LINE
  5
19A
100
AcDbEntity
  8
0
  6
CONTINUOUS
 62
    7
370
   -1
100
AcDbLine
 10
160.0567105255791
 20
109.4896677441665
 11
160.1626261861791
 21
109.5955834048665
  0
LINE
  5
19B
100
AcDbEntity
  8
0
  6
CONTINUOUS
 62
    7
370
   -1
100
AcDbLine
 10
117.9582716715791
 20
137.4039730780665
 11
117.9582716715791
 21
148.8550828307665
  0
LINE
  5
19C
100
AcDbEntity
  8
0
  6
CONTINUOUS
 62
    9
370
   -1
100
AcDbLine
 10
178.3582716715791
 20
122.4219330176665
 11
170.1482716715791
 21
122.4219330176665
  0
LINE
  5
19D
100
AcDbEntity
  8
03_AXES
  6
CONTINUOUS
 62
    7
370
   -1
100
AcDbLine
 10
126.6732716715791
 20
109.8716784693665
 11
126.6732716715791
 21
111.2525023894665
  0
LINE
  5
19E
100
AcDbEntity
  8
03_AXES
  6
CONTINUOUS
 62
    7
370
   -1
100
AcDbLine
 10
177.3152660675791
 20
100.3222375673665
 11
177.3157359953791
 21
100.3029027754665
  0
LINE
  5
19F
100
AcDbEntity
  8
03_AXES
  6
CONTINUOUS
 62
    9
370
   -1
100
AcDbLine
 10
134.3682716715791
 20
163.8365986614665
 11
126.1582716715791
 21
163.8365986614665
  0
LINE
  5
1A0
100
AcDbEntity
  8
03_AXES
  6
CONTINUOUS
 62
    9
370
   -1
100
AcDbLine
 10
169.4582716715791
 20
163.8262451261665
 11
169.1682716715791
 21
163.8262451261665
  0
LINE
  5
1A1
100
AcDbEntity
  8
09_ROUNDS
  6
CONTINUOUS
 62
    9
370
   -1
100
AcDbLine
 10
184.2082716715791
 20
100.5295279543665
 11
184.2082716715791
 21
100.6295279543665
  0
LINE
  5
1A2
100
AcDbEntity
  8
03_AXES
  6
CONTINUOUS
 62
    7
370
   -1
100
AcDbLine
 10
183.1082716715791
 20
99.3027330351665
 11
183.1082716715791
 21
100.6295279543665
  0
LINE
  5
1A3
100
AcDbEntity
  8
03_AXES
  6
CONTINUOUS
 62
    9
370
   -1
100
AcDbLine
 10
182.4082716715791
 20
99.62952795436649
 11
182.4082716715791
 21
99.12952795436649
  0
LINE
  5
1A4
100
AcDbEntity
  8
03_AXES
  6
CONTINUOUS
 62
    7
370
   -1
100
AcDbLine
 10
182.1082716715791
 20
185.6295279543665
 11
182.1082716715791
 21
187.1295279543665
  0
LINE
  5
1A5
100
AcDbEntity
  8
0
  6
CONTINUOUS
 62
    3
370
   -1
100
AcDbLine
 10
179.1582716715791
 20
141.4099144554665
 11
179.1582716715791
 21
140.0638894284665
  0
LINE
  5
1A6
100
AcDbEntity
  8
03_AXES
  6
CONTINUOUS
 62
    7
370
   -1
100
AcDbLine
 10
178.8732716715791
 20
107.5945279543665
 11
178.8732716715791
 21
106.2065535193665
  0
LINE
  5
1A7
100
AcDbEntity
  8
03_AXES
  6
CONTINUOUS
 62
    9
370
   -1
100
AcDbLine
 10
126.1582716715791
 20
122.4219330176665
 11
134.3682716715791
 21
122.4219330176665
  0
LINE
  5
1A8
100
AcDbEntity
  8
09_ROUNDS
  6
CONTINUOUS
 62
    7
370
   -1
100
AcDbLine
 10
178.3582716715791
 20
173.8795279543665
 11
178.3582716715791
 21
173.8562339727665
  0
LINE
  5
1A9
100
AcDbEntity
  8
0
  6
CONTINUOUS
 62
    9
370
   -1
100
AcDbLine
 10
152.7482716715791
 20
149.0118778560665
 11
152.7072811703791
 21
149.0118778560665
  0
LINE
  5
1AA
100
AcDbEntity
  8
0
  6
CONTINUOUS
 62
    9
370
   -1
100
AcDbLine
 10
170.1482716715791
 20
149.0118778560665
 11
170.1072811703791
 21
149.0118778560665
  0
LINE
  5
1AB
100
AcDbEntity
  8
0
  6
CONTINUOUS
 62
    3
370
   -1
100
AcDbLine
 10
178.1582716715791
 20
140.5445866677665
 11
178.1582716715791
 21
140.0638894284665
  0
LINE
  5
1AC
100
AcDbEntity
  8
03_AXES
  6
CONTINUOUS
 62
    7
370
   -1
100
AcDbLine
 10
177.8432716715791
 20
178.7644879543665
 11
177.8432716715791
 21
180.1524623894665
  0
LINE
  5
1AD
100
AcDbEntity
  8
0
  6
CONTINUOUS
 62
    7
370
   -1
100
AcDbLine
 10
152.7482716715791
 20
120.7295279543665
 11
152.4582716715791
 21
120.7295279543665
  0
LINE
  5
1AE
100
AcDbEntity
  8
03_AXES
  6
CONTINUOUS
 62
    7
370
   -1
100
AcDbLine
 10
143.5582716715791
 20
120.6295279543665
 11
151.7682716715791
 21
120.6295279543665
  0
LINE
  5
1AF
100
AcDbEntity
  8
09_ROUNDS
  6
CONTINUOUS
 62
    7
370
   -1
100
AcDbLine
 10
175.7777565689791
 20
100.6295279543665
 11
175.7777565689791
 21
99.9494388426665
  0
LINE
  5
1B0
100
AcDbEntity
  8
0
  6
CONTINUOUS
 62
    3
370
   -1
100
AcDbLine
 10
175.6582716715791
 20
140.5445866677665
 11
175.6582716715791
 21
140.0638894284665
  0
LINE
  5
1B1
100
AcDbEntity
  8
0
  6
CONTINUOUS
 62
    3
370
   -1
100
AcDbLine
 10
174.6582716715791
 20
141.4099144554665
 11
174.6582716715791
 21
140.0638894284665
  0
SPLINE
  5
1B2
100
AcDbEntity
  8
08_DRAFTS
  6
CONTINUOUS
 62
    7
370
   -1
100
AcDbSpline
210
0
220
0
230
0
 70
 4096
 71
    3
 72
   24
 73
   20
 74
    0
 42
1e-07
 43
1e-07
 40
0
 40
0
 40
0
 40
0
 40
0.007018178700000001
 40
0.0125526822
 40
0.017389322
 40
0.0226444412
 40
0.0292311691
 40
0.0376390161
 40
0.0481022603
 40
0.0607403928
 40
0.09274399
 40
0.1338667006
 40
0.1840945617
 40
0.243298602
 40
0.3112641699
 40
0.3877003764
 40
0.5644525184
 40
0.7699762871
 40
1
 40
1
 40
1
 40
1
 10
175.9908089478791
 20
174.6381931955665
 30
0
 10
175.9888988471791
 20
174.6382264502665
 30
0
 10
175.9854625351791
 20
174.6380312947665
 30
0
 10
175.9808906425791
 20
174.6364019673665
 30
0
 10
175.9778745750791
 20
174.6331344462665
 30
0
 10
175.9768449416791
 20
174.6285577245665
 30
0
 10
175.9774813124791
 20
174.6230311471665
 30
0
 10
175.9796122750791
 20
174.6164076430665
 30
0
 10
175.9832609442791
 20
174.6086291794665
 30
0
 10
175.9907929630791
 20
174.5956423616665
 30
0
 10
176.0044500334791
 20
174.5766534488665
 30
0
 10
176.0259625530791
 20
174.5508552203665
 30
0
 10
176.0538521566791
 20
174.5208035012665
 30
0
 10
176.0881592057791
 20
174.4868055110665
 30
0
 10
176.1289161170791
 20
174.4492313667665
 30
0
 10
176.1951129138791
 20
174.3921129601665
 30
0
 10
176.2935501439791
 20
174.3151546779665
 30
0
 10
176.4307394597791
 20
174.2203501577665
 30
0
 10
176.5321943282791
 20
174.1588375351665
 30
0
 10
176.5866604346791
 20
174.1279517018665
 30
0
  0
LINE
  5
1B3
100
AcDbEntity
  8
09_ROUNDS
  6
CONTINUOUS
 62
    7
370
   -1
100
AcDbLine
 10
174.6082716715791
 20
99.42952795436649
 11
174.6082716715791
 21
100.6295279543665
  0
LINE
  5
1B4
100
AcDbEntity
  8
03_AXES
  6
CONTINUOUS
 62
    7
370
   -1
100
AcDbLine
 10
152.0582716715791
 20
168.1260358774665
 11
151.7682716715791
 21
168.1260358774665
  0
LINE
  5
1B5
100
AcDbEntity
  8
09_ROUNDS
  6
CONTINUOUS
 62
    9
370
   -1
100
AcDbLine
 10
174.3082716715791
 20
99.12952795436649
 11
174.3082716715791
 21
99.62952795436649
  0
LINE
  5
1B6
100
AcDbEntity
  8
09_ROUNDS
  6
CONTINUOUS
 62
    9
370
   -1
100
AcDbLine
 10
174.3082716715791
 20
186.6295279543665
 11
174.3082716715791
 21
187.1295279543665
  0
LINE
  5
1B7
100
AcDbEntity
  8
0
  6
CONTINUOUS
 62
    7
370
   -1
100
AcDbLine
 10
143.5582716715791
 20
168.1295279543665
 11
135.3482716715791
 21
168.1295279543665
  0
LINE
  5
1B8
100
AcDbEntity
  8
10_CHAMFER
  6
CONTINUOUS
 62
    7
370
   -1
100
AcDbLine
 10
173.9082716715791
 20
99.12952795436649
 11
173.9082716715791
 21
99.62952795436649
  0
LINE
  5
1B9
100
AcDbEntity
  8
10_CHAMFER
  6
CONTINUOUS
 62
    7
370
   -1
100
AcDbLine
 10
173.9082716715791
 20
186.6295279543665
 11
173.9082716715791
 21
187.1295279543665
  0
LINE
  5
1BA
100
AcDbEntity
  8
10_CHAMFER
  6
CONTINUOUS
 62
    7
370
   -1
100
AcDbLine
 10
173.6082716715791
 20
99.3027330351665
 11
173.6082716715791
 21
100.6295279543665
  0
LINE
  5
1BB
100
AcDbEntity
  8
10_CHAMFER
  6
CONTINUOUS
 62
    7
370
   -1
100
AcDbLine
 10
173.6082716715791
 20
185.6295279543665
 11
173.6082716715791
 21
186.9563228736665
  0
LINE
  5
1BC
100
AcDbEntity
  8
03_AXES
  6
CONTINUOUS
 62
    7
370
   -1
100
AcDbLine
 10
159.9812595372791
 20
100.1002072899665
 11
160.0161004769791
 21
100.0522665281665
  0
LINE
  5
1BD
100
AcDbEntity
  8
02_PLANES
  6
CONTINUOUS
 62
    7
370
   -1
100
AcDbLine
 10
172.2082716715791
 20
100.5295279543665
 11
172.2082716715791
 21
100.6295279543665
  0
LINE
  5
1BE
100
AcDbEntity
  8
0
  6
CONTINUOUS
 62
    7
370
   -1
100
AcDbLine
 10
170.1582716715791
 20
141.4099144554665
 11
170.1582716715791
 21
148.8550828307665
  0
LINE
  5
1BF
100
AcDbEntity
  8
0
  6
CONTINUOUS
 62
    7
370
   -1
100
AcDbLine
 10
170.1482716715791
 20
100.6295279543665
 11
170.1482716715791
 21
133.9919960600665
  0
LINE
  5
1C0
100
AcDbEntity
  8
0
  6
CONTINUOUS
 62
    7
370
   -1
100
AcDbLine
 10
170.1482716715791
 20
148.8689567147665
 11
170.1482716715791
 21
185.6295279543665
  0
LINE
  5
1C1
100
AcDbEntity
  8
03_AXES
  6
CONTINUOUS
 62
    7
370
   -1
100
AcDbLine
 10
134.3682716715791
 20
100.6295279543665
 11
134.3682716715791
 21
133.9919960600665
  0
LINE
  5
1C2
100
AcDbEntity
  8
10_CHAMFER
  6
CONTINUOUS
 62
    7
370
   -1
100
AcDbLine
 10
139.1082716715791
 20
99.12952795436649
 11
138.8082716715791
 21
99.3027330351665
  0
LINE
  5
1C3
100
AcDbEntity
  8
09_ROUNDS
  6
CONTINUOUS
 62
    7
370
   -1
100
AcDbLine
 10
160.5540430324791
 20
173.7012815069665
 11
160.4559515738791
 21
173.7140649482665
  0
SPLINE
  5
1C4
100
AcDbEntity
  8
03_AXES
  6
CONTINUOUS
 62
    7
370
   -1
100
AcDbSpline
210
0
220
0
230
0
 70
 4096
 71
    3
 72
   25
 73
   21
 74
    0
 42
1e-07
 43
1e-07
 40
0
 40
0
 40
0
 40
0
 40
0.1254292574
 40
0.2508009389
 40
0.3132272792
 40
0.3752745243
 40
0.4366966948
 40
0.4971072746
 40
0.5558436999
 40
0.58423996
 40
0.611673439
 40
0.6377730455
 40
0.6620312066
 40
0.6840796257
 40
0.694713134
 40
0.7058300563000001
 40
0.7323402031
 40
0.7655884612
 40
0.8412163259000001
 40
1
 40
1
 40
1
 40
1
 10
186.8582716715791
 20
136.6745449481665
 30
0
 10
186.8658026324791
 20
136.6554565355665
 30
0
 10
186.8811190518791
 20
136.6173896123665
 30
0
 10
186.9010815364791
 20
136.5701887242665
 30
0
 10
186.9177394542791
 20
136.5328606360665
 30
0
 10
186.9306023591791
 20
136.5053001457665
 30
0
 10
186.9439355191791
 20
136.4783290146665
 30
0
 10
186.9578617741791
 20
136.4522705555665
 30
0
 10
186.9702401783791
 20
136.4315260397665
 30
0
 10
186.9808306429791
 20
136.4160522218665
 30
0
 10
186.9890386066791
 20
136.4054447910665
 30
0
 10
186.9976999148791
 20
136.3960765079665
 30
0
 10
187.0068898688791
 20
136.3885519005665
 30
0
 10
187.0156371292791
 20
136.3846104988665
 30
0
 10
187.0229153287791
 20
136.3844501687665
 30
0
 10
187.0305735964791
 20
136.3869628946665
 30
0
 10
187.0388444894791
 20
136.3958790867665
 30
0
 10
187.0479432976791
 20
136.4161424810665
 30
0
 10
187.0567415516791
 20
136.4594161837665
 30
0
 10
187.0582716715791
 20
136.4978247588665
 30
0
 10
187.0582716715791
 20
136.5238018657665
 30
0
  0
LINE
  5
1C5
100
AcDbEntity
  8
09_ROUNDS
  6
CONTINUOUS
 62
    7
370
   -1
100
AcDbLine
 10
160.3612802183791
 20
173.7289697010665
 11
160.2700082880791
 21
173.7457702476665
  0
LINE
  5
1C6
100
AcDbEntity
  8
03_AXES
  6
CONTINUOUS
 62
    7
370
   -1
100
AcDbLine
 10
175.1739350059791
 20
178.2794879543665
 11
177.3626028275791
 21
178.2794879543665
  0
LINE
  5
1C7
100
AcDbEntity
  8
03_AXES
  6
CONTINUOUS
 62
    7
370
   -1
100
AcDbLine
 10
127.1464896734791
 20
109.3795279543665
 11
129.3426083371791
 21
109.3795279543665
  0
LINE
  5
1C8
100
AcDbEntity
  8
0
  6
CONTINUOUS
 62
    7
370
   -1
100
AcDbLine
 10
144.4598328175791
 20
109.4896677441665
 11
145.3790716330791
 21
110.5503279159665
  0
LINE
  5
1C9
100
AcDbEntity
  8
0
  6
CONTINUOUS
 62
    7
370
   -1
100
AcDbLine
 10
142.6567105255791
 20
107.9693881646665
 11
141.7374717099791
 21
106.9087279928665
  0
LINE
  5
1CA
100
AcDbEntity
  8
03_AXES
  6
CONTINUOUS
 62
    7
370
   -1
100
AcDbLine
 10
179.3532716715791
 20
178.2794879543665
 11
181.5439350059791
 21
178.2794879543665
  0
LINE
  5
1CB
100
AcDbEntity
  8
09_ROUNDS
  6
CONTINUOUS
 62
    7
370
   -1
100
AcDbLine
 10
125.3821085917791
 20
173.7642468524665
 11
125.2975458251791
 21
173.7841981124665
  0
LINE
  5
1CC
100
AcDbEntity
  8
0
  6
CONTINUOUS
 62
    7
370
   -1
100
AcDbLine
 10
144.4598328175791
 20
107.9693881646665
 11
144.3545370465791
 21
107.8640923935665
  0
LINE
  5
1CD
100
AcDbEntity
  8
0
  6
CONTINUOUS
 62
    7
370
   -1
100
AcDbLine
 10
142.6567105255791
 20
109.4896677441665
 11
142.7626261861791
 21
109.5955834048665
  0
LINE
  5
1CE
100
AcDbEntity
  8
0
  6
CONTINUOUS
 62
    7
370
   -1
100
AcDbLine
 10
127.0598328175791
 20
107.9693881646665
 11
126.9545370465791
 21
107.8640923935665
  0
LINE
  5
1CF
100
AcDbEntity
  8
09_ROUNDS
  6
CONTINUOUS
 62
    7
370
   -1
100
AcDbLine
 10
142.6975458251791
 20
173.7841981124665
 11
142.6162768379791
 21
173.8054294632665
  0
LINE
  5
1D0
100
AcDbEntity
  8
03_AXES
  6
CONTINUOUS
 62
    7
370
   -1
100
AcDbLine
 10
125.1152660675791
 20
100.3222375673665
 11
125.1157359953791
 21
100.3029027754665
  0
LINE
  5
1D1
100
AcDbEntity
  8
09_ROUNDS
  6
CONTINUOUS
 62
    7
370
   -1
100
AcDbLine
 10
160.2700082880791
 20
173.7457702476665
 11
160.1821085917791
 21
173.7642468524665
  0
LINE
  5
1D2
100
AcDbEntity
  8
09_ROUNDS
  6
CONTINUOUS
 62
    7
370
   -1
100
AcDbLine
 10
125.0634364684791
 20
173.8510195504665
 11
124.9917785815791
 21
173.8750394154665
  0
LINE
  5
1D3
100
AcDbEntity
  8
0
  6
CONTINUOUS
 62
    7
370
   -1
100
AcDbLine
 10
141.7374717099791
 20
106.9087279928665
 11
142.7297690727791
 21
107.7687190406665
  0
LINE
  5
1D4
100
AcDbEntity
  8
0
  6
CONTINUOUS
 62
    7
370
   -1
100
AcDbLine
 10
145.3790716330791
 20
110.5503279159665
 11
144.3722885631791
 21
109.6777825886665
  0
LINE
  5
1D5
100
AcDbEntity
  8
0
  6
CONTINUOUS
 62
    7
370
   -1
100
AcDbLine
 10
124.3374717099791
 20
106.9087279928665
 11
125.3297690727791
 21
107.7687190406665
  0
LINE
  5
1D6
100
AcDbEntity
  8
0
  6
CONTINUOUS
 62
    7
370
   -1
100
AcDbLine
 10
127.9790716330791
 20
110.5503279159665
 11
126.9722885631791
 21
109.6777825886665
  0
LINE
  5
1D7
100
AcDbEntity
  8
09_ROUNDS
  6
CONTINUOUS
 62
    7
370
   -1
100
AcDbLine
 10
125.1382578755791
 20
173.8277601325665
 11
125.0634364684791
 21
173.8510195504665
  0
LINE
  5
1D8
100
AcDbEntity
  8
03_AXES
  6
CONTINUOUS
 62
    7
370
   -1
100
AcDbLine
 10
130.6082716715791
 20
99.62952795436649
 11
130.9082716715791
 21
99.8744769286665
  0
LINE
  5
1D9
100
AcDbEntity
  8
03_AXES
  6
CONTINUOUS
 62
    7
370
   -1
100
AcDbLine
 10
151.7682716715791
 20
148.8689567147665
 11
151.7682716715791
 21
185.6295279543665
  0
LINE
  5
1DA
100
AcDbEntity
  8
10_CHAMFER
  6
CONTINUOUS
 62
    9
370
   -1
100
AcDbLine
 10
124.3866604346791
 20
174.1279517018665
 11
124.2741806270791
 21
174.1295982992665
  0
LINE
  5
1DB
100
AcDbEntity
  8
03_AXES
  6
CONTINUOUS
 62
    7
370
   -1
100
AcDbLine
 10
130.6082716715791
 20
99.12952795436649
 11
130.9082716715791
 21
99.3027330351665
  0
LINE
  5
1DC
100
AcDbEntity
  8
0
  6
CONTINUOUS
 62
    7
370
   -1
100
AcDbLine
 10
127.0598328175791
 20
109.4896677441665
 11
127.9790716330791
 21
110.5503279159665
  0
LINE
  5
1DD
100
AcDbEntity
  8
09_ROUNDS
  6
CONTINUOUS
 62
    9
370
   -1
100
AcDbLine
 10
177.0689917037791
 20
173.9001135816665
 11
176.9994205812791
 21
173.9024585848665
  0
LINE
  5
1DE
100
AcDbEntity
  8
09_ROUNDS
  6
CONTINUOUS
 62
    7
370
   -1
100
AcDbLine
 10
126.1582716715791
 20
173.6764922010665
 11
126.0688811242791
 21
173.6781543814665
  0
LINE
  5
1DF
100
AcDbEntity
  8
10_CHAMFER
  6
CONTINUOUS
 62
    7
370
   -1
100
AcDbLine
 10
173.9082716715791
 20
99.62952795436649
 11
173.6082716715791
 21
99.8744769286665
  0
LINE
  5
1E0
100
AcDbEntity
  8
03_AXES
  6
CONTINUOUS
 62
    7
370
   -1
100
AcDbLine
 10
125.6432716715791
 20
109.8651850915665
 11
125.6432716715791
 21
111.2525023894665
  0
LINE
  5
1E1
100
AcDbEntity
  8
0
  6
CONTINUOUS
 62
    7
370
   -1
100
AcDbLine
 10
160.1297690727791
 20
109.6903368681665
 11
159.1374717099791
 21
110.5503279159665
  0
LINE
  5
1E2
100
AcDbEntity
  8
09_ROUNDS
  6
CONTINUOUS
 62
    7
370
   -1
100
AcDbLine
 10
176.6020297083791
 20
174.1481986867665
 11
176.5659018733791
 21
174.1703643725665
  0
LINE
  5
1E3
100
AcDbEntity
  8
0
  6
CONTINUOUS
 62
    7
370
   -1
100
AcDbLine
 10
144.3477303198791
 20
109.6017702418665
 11
144.4598328175791
 21
109.4896677441665
  0
LINE
  5
1E4
100
AcDbEntity
  8
0
  6
CONTINUOUS
 62
    9
370
   -1
100
AcDbLine
 10
135.3482716715791
 20
150.8608049000665
 11
135.0582716715791
 21
150.8608049000665
  0
LINE
  5
1E5
100
AcDbEntity
  8
09_ROUNDS
  6
CONTINUOUS
 62
    7
370
   -1
100
AcDbLine
 10
175.4807794911791
 20
99.64945407316651
 11
174.6082716715791
 21
99.64066188256649
  0
LINE
  5
1E6
100
AcDbEntity
  8
09_ROUNDS
  6
CONTINUOUS
 62
    7
370
   -1
100
AcDbLine
 10
158.0807794911791
 20
99.64945407316651
 11
157.2082716715791
 21
99.64066188256649
  0
LINE
  5
1E7
100
AcDbEntity
  8
09_ROUNDS
  6
CONTINUOUS
 62
    9
370
   -1
100
AcDbLine
 10
175.4777565689791
 20
99.9494388426665
 11
174.6082716715791
 21
99.9406771138665
  0
LINE
  5
1E8
100
AcDbEntity
  8
0
  6
CONTINUOUS
 62
    7
370
   -1
100
AcDbLine
 10
170.1482716715791
 20
120.7295279543665
 11
169.8582716715791
 21
120.7295279543665
  0
LINE
  5
1E9
100
AcDbEntity
  8
09_ROUNDS
  6
CONTINUOUS
 62
    7
370
   -1
100
AcDbLine
 10
140.6807794911791
 20
99.64945407316651
 11
139.8082716715791
 21
99.64066188256649
  0
LINE
  5
1EA
100
AcDbEntity
  8
09_ROUNDS
  6
CONTINUOUS
 62
    9
370
   -1
100
AcDbLine
 10
158.0777565689791
 20
99.9494388426665
 11
157.2082716715791
 21
99.9406771138665
  0
LINE
  5
1EB
100
AcDbEntity
  8
09_ROUNDS
  6
CONTINUOUS
 62
    7
370
   -1
100
AcDbLine
 10
123.2807794911791
 20
99.64945407316651
 11
122.4082716715791
 21
99.64066188256649
  0
LINE
  5
1EC
100
AcDbEntity
  8
03_AXES
  6
CONTINUOUS
 62
    7
370
   -1
100
AcDbLine
 10
144.1482716715791
 20
141.4117197035665
 11
144.1482716715791
 21
141.4099144554665
  0
LINE
  5
1ED
100
AcDbEntity
  8
09_ROUNDS
  6
CONTINUOUS
 62
    9
370
   -1
100
AcDbLine
 10
140.6777565689791
 20
99.9494388426665
 11
139.8082716715791
 21
99.9406771138665
  0
LINE
  5
1EE
100
AcDbEntity
  8
09_ROUNDS
  6
CONTINUOUS
 62
    9
370
   -1
100
AcDbLine
 10
123.2777565689791
 20
99.9494388426665
 11
122.4082716715791
 21
99.9406771138665
  0
LINE
  5
1EF
100
AcDbEntity
  8
0
  6
CONTINUOUS
 62
    9
370
   -1
100
AcDbLine
 10
178.3582716715791
 20
150.8646724723665
 11
170.1482716715791
 21
150.8646724723665
  0
LINE
  5
1F0
100
AcDbEntity
  8
09_ROUNDS
  6
CONTINUOUS
 62
    7
370
   -1
100
AcDbLine
 10
159.0066245081791
 20
174.2801010239665
 11
158.9891043431791
 21
174.2938519245665
  0
LINE
  5
1F1
100
AcDbEntity
  8
03_AXES
  6
CONTINUOUS
 62
    7
370
   -1
100
AcDbLine
 10
160.9582716715791
 20
118.1295279543665
 11
169.1682716715791
 21
118.1295279543665
  0
LINE
  5
1F2
100
AcDbEntity
  8
0
  6
CONTINUOUS
 62
    7
370
   -1
100
AcDbLine
 10
152.7482716715791
 20
118.1330200313665
 11
152.4582716715791
 21
118.1330200313665
  0
LINE
  5
1F3
100
AcDbEntity
  8
0
  6
CONTINUOUS
 62
    7
370
   -1
100
AcDbLine
 10
142.7688130232791
 20
176.7572456669665
 11
142.6567105255791
 21
176.8693481646665
  0
LINE
  5
1F4
100
AcDbEntity
  8
09_ROUNDS
  6
CONTINUOUS
 62
    7
370
   -1
100
AcDbLine
 10
176.4266136966791
 20
174.2649539754665
 11
176.4066245081791
 21
174.2801010239665
  0
LINE
  5
1F5
100
AcDbEntity
  8
03_AXES
  6
CONTINUOUS
 62
    7
370
   -1
100
AcDbLine
 10
182.8082716715791
 20
99.12952795436649
 11
182.4082716715791
 21
99.12952795436649
  0
LINE
  5
1F6
100
AcDbEntity
  8
10_CHAMFER
  6
CONTINUOUS
 62
    7
370
   -1
100
AcDbLine
 10
121.7082716715791
 20
186.6295279543665
 11
121.7082716715791
 21
187.1295279543665
  0
LINE
  5
1F7
100
AcDbEntity
  8
09_ROUNDS
  6
CONTINUOUS
 62
    7
370
   -1
100
AcDbLine
 10
174.3082716715791
 20
99.12952795436649
 11
173.9082716715791
 21
99.12952795436649
  0
LINE
  5
1F8
100
AcDbEntity
  8
03_AXES
  6
CONTINUOUS
 62
    7
370
   -1
100
AcDbLine
 10
165.4082716715791
 20
99.12952795436649
 11
165.0082716715791
 21
99.12952795436649
  0
LINE
  5
1F9
100
AcDbEntity
  8
09_ROUNDS
  6
CONTINUOUS
 62
    7
370
   -1
100
AcDbLine
 10
156.9082716715791
 20
99.12952795436649
 11
156.5082716715791
 21
99.12952795436649
  0
LINE
  5
1FA
100
AcDbEntity
  8
03_AXES
  6
CONTINUOUS
 62
    7
370
   -1
100
AcDbLine
 10
177.8880652969791
 20
99.8224770010665
 11
177.9638591049791
 21
99.8164866202665
  0
LINE
  5
1FB
100
AcDbEntity
  8
03_AXES
  6
CONTINUOUS
 62
    7
370
   -1
100
AcDbLine
 10
148.0082716715791
 20
99.12952795436649
 11
147.6082716715791
 21
99.12952795436649
  0
LINE
  5
1FC
100
AcDbEntity
  8
09_ROUNDS
  6
CONTINUOUS
 62
    7
370
   -1
100
AcDbLine
 10
139.5082716715791
 20
99.12952795436649
 11
139.1082716715791
 21
99.12952795436649
  0
LINE
  5
1FD
100
AcDbEntity
  8
03_AXES
  6
CONTINUOUS
 62
    7
370
   -1
100
AcDbLine
 10
130.6082716715791
 20
99.12952795436649
 11
130.2082716715791
 21
99.12952795436649
  0
LINE
  5
1FE
100
AcDbEntity
  8
09_ROUNDS
  6
CONTINUOUS
 62
    7
370
   -1
100
AcDbLine
 10
122.1082716715791
 20
99.12952795436649
 11
121.7082716715791
 21
99.12952795436649
  0
LINE
  5
1FF
100
AcDbEntity
  8
03_AXES
  6
CONTINUOUS
 62
    7
370
   -1
100
AcDbLine
 10
164.1426083371791
 20
108.0795279543665
 11
161.9539405155791
 21
108.0795279543665
  0
LINE
  5
200
100
AcDbEntity
  8
09_ROUNDS
  6
CONTINUOUS
 62
    7
370
   -1
100
AcDbLine
 10
124.2266136966791
 20
174.2649539754665
 11
124.2066245081791
 21
174.2801010239665
  0
LINE
  5
201
100
AcDbEntity
  8
03_AXES
  6
CONTINUOUS
 62
    7
370
   -1
100
AcDbLine
 10
182.8082716715791
 20
99.62952795436649
 11
182.4082716715791
 21
99.62952795436649
  0
LINE
  5
202
100
AcDbEntity
  8
09_ROUNDS
  6
CONTINUOUS
 62
    7
370
   -1
100
AcDbLine
 10
174.3082716715791
 20
99.62952795436649
 11
173.9082716715791
 21
99.62952795436649
  0
LINE
  5
203
100
AcDbEntity
  8
03_AXES
  6
CONTINUOUS
 62
    7
370
   -1
100
AcDbLine
 10
165.4082716715791
 20
99.62952795436649
 11
165.0082716715791
 21
99.62952795436649
  0
LINE
  5
204
100
AcDbEntity
  8
09_ROUNDS
  6
CONTINUOUS
 62
    7
370
   -1
100
AcDbLine
 10
156.9082716715791
 20
99.62952795436649
 11
156.5082716715791
 21
99.62952795436649
  0
LINE
  5
205
100
AcDbEntity
  8
0
  6
CONTINUOUS
 62
    7
370
   -1
100
AcDbLine
 10
127.9790716330791
 20
179.4502879159665
 11
126.9867742702791
 21
178.5902968681665
  0
LINE
  5
206
100
AcDbEntity
  8
03_AXES
  6
CONTINUOUS
 62
    7
370
   -1
100
AcDbLine
 10
148.0082716715791
 20
99.62952795436649
 11
147.6082716715791
 21
99.62952795436649
  0
LINE
  5
207
100
AcDbEntity
  8
03_AXES
  6
CONTINUOUS
 62
    9
370
   -1
100
AcDbLine
 10
169.4582716715791
 20
183.7620652544665
 11
169.1682716715791
 21
183.7620652544665
  0
LINE
  5
208
100
AcDbEntity
  8
09_ROUNDS
  6
CONTINUOUS
 62
    7
370
   -1
100
AcDbLine
 10
139.5082716715791
 20
99.62952795436649
 11
139.1082716715791
 21
99.62952795436649
  0
LINE
  5
209
100
AcDbEntity
  8
03_AXES
  6
CONTINUOUS
 62
    7
370
   -1
100
AcDbLine
 10
130.6082716715791
 20
99.62952795436649
 11
130.2082716715791
 21
99.62952795436649
  0
LINE
  5
20A
100
AcDbEntity
  8
09_ROUNDS
  6
CONTINUOUS
 62
    7
370
   -1
100
AcDbLine
 10
122.1082716715791
 20
99.62952795436649
 11
121.7082716715791
 21
99.62952795436649
  0
LINE
  5
20B
100
AcDbEntity
  8
09_ROUNDS
  6
CONTINUOUS
 62
    9
370
   -1
100
AcDbLine
 10
175.7777565689791
 20
99.9494388426665
 11
175.4777565689791
 21
99.9494388426665
  0
LINE
  5
20C
100
AcDbEntity
  8
09_ROUNDS
  6
CONTINUOUS
 62
    9
370
   -1
100
AcDbLine
 10
158.3777565689791
 20
99.9494388426665
 11
158.0777565689791
 21
99.9494388426665
  0
LINE
  5
20D
100
AcDbEntity
  8
09_ROUNDS
  6
CONTINUOUS
 62
    9
370
   -1
100
AcDbLine
 10
140.9777565689791
 20
99.9494388426665
 11
140.6777565689791
 21
99.9494388426665
  0
LINE
  5
20E
100
AcDbEntity
  8
09_ROUNDS
  6
CONTINUOUS
 62
    9
370
   -1
100
AcDbLine
 10
123.5777565689791
 20
99.9494388426665
 11
123.2777565689791
 21
99.9494388426665
  0
LINE
  5
20F
100
AcDbEntity
  8
03_AXES
  6
CONTINUOUS
 62
    9
370
   -1
100
AcDbLine
 10
160.9582716715791
 20
183.7690409018665
 11
169.1682716715791
 21
183.7690409018665
  0
LINE
  5
210
100
AcDbEntity
  8
0
  6
CONTINUOUS
 62
    9
370
   -1
100
AcDbLine
 10
152.7482716715791
 20
183.7620652544665
 11
152.4582716715791
 21
183.7620652544665
  0
LINE
  5
211
100
AcDbEntity
  8
09_ROUNDS
  6
CONTINUOUS
 62
    7
370
   -1
100
AcDbLine
 10
157.2082716715791
 20
99.42952795436649
 11
157.2082716715791
 21
100.6295279543665
  0
LINE
  5
212
100
AcDbEntity
  8
09_ROUNDS
  6
CONTINUOUS
 62
    7
370
   -1
100
AcDbLine
 10
158.9328789672791
 20
174.3431963787665
 11
158.9321223050791
 21
174.3439988338665
  0
LINE
  5
213
100
AcDbEntity
  8
0
  6
CONTINUOUS
 62
    9
370
   -1
100
AcDbLine
 10
117.9482716715791
 20
183.7620652544665
 11
117.6582716715791
 21
183.7620652544665
  0
LINE
  5
214
100
AcDbEntity
  8
03_AXES
  6
CONTINUOUS
 62
    7
370
   -1
100
AcDbLine
 10
177.3216058342791
 20
100.2515050216665
 11
177.3342710988791
 21
100.2004552348665
  0
LINE
  5
215
100
AcDbEntity
  8
03_AXES
  6
CONTINUOUS
 62
    9
370
   -1
100
AcDbLine
 10
177.5630789422791
 20
100.3222376615665
 11
177.3152605760791
 21
100.3222375670665
  0
LINE
  5
216
100
AcDbEntity
  8
03_AXES
  6
CONTINUOUS
 62
    9
370
   -1
100
AcDbLine
 10
160.1630789422791
 20
100.3222376615665
 11
159.9152605760791
 21
100.3222375670665
  0
LINE
  5
217
100
AcDbEntity
  8
03_AXES
  6
CONTINUOUS
 62
    9
370
   -1
100
AcDbLine
 10
142.7630789422791
 20
100.3222376615665
 11
142.5152605760791
 21
100.3222375670665
  0
LINE
  5
218
100
AcDbEntity
  8
03_AXES
  6
CONTINUOUS
 62
    9
370
   -1
100
AcDbLine
 10
125.3630789422791
 20
100.3222376615665
 11
125.1152605760791
 21
100.3222375670665
  0
LINE
  5
219
100
AcDbEntity
  8
09_ROUNDS
  6
CONTINUOUS
 62
    7
370
   -1
100
AcDbLine
 10
157.2082716715791
 20
185.6295279543665
 11
157.2082716715791
 21
186.8295279543665
  0
LINE
  5
21A
100
AcDbEntity
  8
02_PLANES
  6
CONTINUOUS
 62
    7
370
   -1
100
AcDbLine
 10
137.4082716715791
 20
100.5295279543665
 11
138.8082716715791
 21
100.5295279543665
  0
LINE
  5
21B
100
AcDbEntity
  8
03_AXES
  6
CONTINUOUS
 62
    9
370
   -1
100
AcDbLine
 10
134.6582716715791
 20
183.7620652544665
 11
134.3682716715791
 21
183.7620652544665
  0
LINE
  5
21C
100
AcDbEntity
  8
02_PLANES
  6
CONTINUOUS
 62
    7
370
   -1
100
AcDbLine
 10
172.2082716715791
 20
100.5295279543665
 11
173.6082716715791
 21
100.5295279543665
  0
LINE
  5
21D
100
AcDbEntity
  8
09_ROUNDS
  6
CONTINUOUS
 62
    7
370
   -1
100
AcDbLine
 10
184.5082716715791
 20
100.5295279543665
 11
183.1082716715791
 21
100.5295279543665
  0
LINE
  5
21E
100
AcDbEntity
  8
02_PLANES
  6
CONTINUOUS
 62
    7
370
   -1
100
AcDbLine
 10
177.3152605760791
 20
100.5295279543665
 11
175.7777565689791
 21
100.5295279543665
  0
LINE
  5
21F
100
AcDbEntity
  8
03_AXES
  6
CONTINUOUS
 62
    7
370
   -1
100
AcDbLine
 10
142.5216058342791
 20
100.2515050216665
 11
142.5342710988791
 21
100.2004552348665
  0
LINE
  5
220
100
AcDbEntity
  8
09_ROUNDS
  6
CONTINUOUS
 62
    7
370
   -1
100
AcDbLine
 10
149.7082716715791
 20
100.5295279543665
 11
148.3082716715791
 21
100.5295279543665
  0
LINE
  5
221
100
AcDbEntity
  8
02_PLANES
  6
CONTINUOUS
 62
    7
370
   -1
100
AcDbLine
 10
142.5152605760791
 20
100.5295279543665
 11
140.9777565689791
 21
100.5295279543665
  0
LINE
  5
222
100
AcDbEntity
  8
0
  6
CONTINUOUS
 62
    9
370
   -1
100
AcDbLine
 10
143.5582716715791
 20
183.7690409018665
 11
135.3482716715791
 21
183.7690409018665
  0
LINE
  5
223
100
AcDbEntity
  8
0
  6
CONTINUOUS
 62
    7
370
   -1
100
AcDbLine
 10
152.7582716715791
 20
141.4099144554665
 11
152.7582716715791
 21
148.8550828307665
  0
LINE
  5
224
100
AcDbEntity
  8
03_AXES
  6
CONTINUOUS
 62
    7
370
   -1
100
AcDbLine
 10
126.1582716715791
 20
100.6295279543665
 11
134.3682716715791
 21
100.6295279543665
  0
LINE
  5
225
100
AcDbEntity
  8
03_AXES
  6
CONTINUOUS
 62
    7
370
   -1
100
AcDbLine
 10
143.5582716715791
 20
100.6295279543665
 11
151.7682716715791
 21
100.6295279543665
  0
LINE
  5
226
100
AcDbEntity
  8
03_AXES
  6
CONTINUOUS
 62
    7
370
   -1
100
AcDbLine
 10
160.9582716715791
 20
100.6295279543665
 11
169.1682716715791
 21
100.6295279543665
  0
LINE
  5
227
100
AcDbEntity
  8
03_AXES
  6
CONTINUOUS
 62
    7
370
   -1
100
AcDbLine
 10
178.3582716715791
 20
100.6295279543665
 11
186.5682716715791
 21
100.6295279543665
  0
LINE
  5
228
100
AcDbEntity
  8
0
  6
CONTINUOUS
 62
    7
370
   -1
100
AcDbLine
 10
178.3582716715791
 20
100.6295279543665
 11
170.1482716715791
 21
100.6295279543665
  0
LINE
  5
229
100
AcDbEntity
  8
0
  6
CONTINUOUS
 62
    7
370
   -1
100
AcDbLine
 10
160.9582716715791
 20
100.6295279543665
 11
152.7482716715791
 21
100.6295279543665
  0
LINE
  5
22A
100
AcDbEntity
  8
0
  6
CONTINUOUS
 62
    7
370
   -1
100
AcDbLine
 10
126.1582716715791
 20
100.6295279543665
 11
117.9482716715791
 21
100.6295279543665
  0
LINE
  5
22B
100
AcDbEntity
  8
09_ROUNDS
  6
CONTINUOUS
 62
    9
370
   -1
100
AcDbLine
 10
149.4082716715791
 20
100.5295279543665
 11
149.4082716715791
 21
100.6295279543665
  0
LINE
  5
22C
100
AcDbEntity
  8
0
  6
CONTINUOUS
 62
    3
370
   -1
100
AcDbLine
 10
124.6582716715791
 20
141.4099144554665
 11
124.6582716715791
 21
140.0638894284665
  0
LINE
  5
22D
100
AcDbEntity
  8
08_DRAFTS
  6
CONTINUOUS
 62
    7
370
   -1
100
AcDbLine
 10
175.7440683966791
 20
174.6425005488665
 11
175.9908090208791
 21
174.6381936752665
  0
LINE
  5
22E
100
AcDbEntity
  8
10_CHAMFER
  6
CONTINUOUS
 62
    9
370
   -1
100
AcDbLine
 10
141.7866604346791
 20
174.1279517018665
 11
141.6741806270791
 21
174.1295982992665
  0
LINE
  5
22F
100
AcDbEntity
  8
03_AXES
  6
CONTINUOUS
 62
    7
370
   -1
100
AcDbLine
 10
125.1152605760791
 20
100.6295279543665
 11
125.1152605760791
 21
100.3222375670665
  0
LINE
  5
230
100
AcDbEntity
  8
03_AXES
  6
CONTINUOUS
 62
    7
370
   -1
100
AcDbLine
 10
186.8582716715791
 20
100.7295279543665
 11
186.5682716715791
 21
100.7295279543665
  0
LINE
  5
231
100
AcDbEntity
  8
0
  6
CONTINUOUS
 62
    7
370
   -1
100
AcDbLine
 10
170.1482716715791
 20
100.7295279543665
 11
169.8582716715791
 21
100.7295279543665
  0
LINE
  5
232
100
AcDbEntity
  8
03_AXES
  6
CONTINUOUS
 62
    7
370
   -1
100
AcDbLine
 10
169.4582716715791
 20
100.7295279543665
 11
169.1682716715791
 21
100.7295279543665
  0
LINE
  5
233
100
AcDbEntity
  8
0
  6
CONTINUOUS
 62
    7
370
   -1
100
AcDbLine
 10
152.7482716715791
 20
100.7295279543665
 11
152.4582716715791
 21
100.7295279543665
  0
LINE
  5
234
100
AcDbEntity
  8
03_AXES
  6
CONTINUOUS
 62
    7
370
   -1
100
AcDbLine
 10
152.0582716715791
 20
100.7295279543665
 11
151.7682716715791
 21
100.7295279543665
  0
LINE
  5
235
100
AcDbEntity
  8
0
  6
CONTINUOUS
 62
    7
370
   -1
100
AcDbLine
 10
135.3482716715791
 20
100.7295279543665
 11
135.0582716715791
 21
100.7295279543665
  0
LINE
  5
236
100
AcDbEntity
  8
03_AXES
  6
CONTINUOUS
 62
    7
370
   -1
100
AcDbLine
 10
134.6582716715791
 20
100.7295279543665
 11
134.3682716715791
 21
100.7295279543665
  0
LINE
  5
237
100
AcDbEntity
  8
0
  6
CONTINUOUS
 62
    7
370
   -1
100
AcDbLine
 10
117.9482716715791
 20
100.7295279543665
 11
117.6582716715791
 21
100.7295279543665
  0
LINE
  5
238
100
AcDbEntity
  8
0
  6
CONTINUOUS
 62
    7
370
   -1
100
AcDbLine
 10
126.1582716715791
 20
185.6295279543665
 11
117.9482716715791
 21
185.6295279543665
  0
LINE
  5
239
100
AcDbEntity
  8
03_AXES
  6
CONTINUOUS
 62
    7
370
   -1
100
AcDbLine
 10
126.1582716715791
 20
185.6295279543665
 11
134.3682716715791
 21
185.6295279543665
  0
LINE
  5
23A
100
AcDbEntity
  8
09_ROUNDS
  6
CONTINUOUS
 62
    7
370
   -1
100
AcDbLine
 10
124.8577954029791
 20
173.9247370011665
 11
124.7953925748791
 21
173.9501182005665
  0
LINE
  5
23B
100
AcDbEntity
  8
0
  6
CONTINUOUS
 62
    7
370
   -1
100
AcDbLine
 10
178.3582716715791
 20
185.6295279543665
 11
170.1482716715791
 21
185.6295279543665
  0
LINE
  5
23C
100
AcDbEntity
  8
03_AXES
  6
CONTINUOUS
 62
    7
370
   -1
100
AcDbLine
 10
144.0732716715791
 20
180.1524623894665
 11
144.0732716715791
 21
178.7651450915665
  0
LINE
  5
23D
100
AcDbEntity
  8
03_AXES
  6
CONTINUOUS
 62
    9
370
   -1
100
AcDbLine
 10
178.5530530655791
 20
173.7166203161665
 11
178.3582716715791
 21
173.7148141316665
  0
LINE
  5
23E
100
AcDbEntity
  8
09_ROUNDS
  6
CONTINUOUS
 62
    7
370
   -1
100
AcDbLine
 10
124.4829046337791
 20
174.1013788962665
 11
124.4410229132791
 21
174.1251653225665
  0
LINE
  5
23F
100
AcDbEntity
  8
0
  6
CONTINUOUS
 62
    7
370
   -1
100
AcDbLine
 10
179.2598328175791
 20
176.8693481646665
 11
179.1539171568791
 21
176.7634325039665
  0
LINE
  5
240
100
AcDbEntity
  8
03_AXES
  6
CONTINUOUS
 62
    7
370
   -1
100
AcDbLine
 10
178.3582716715791
 20
185.6295279543665
 11
186.5682716715791
 21
185.6295279543665
  0
LINE
  5
241
100
AcDbEntity
  8
09_ROUNDS
  6
CONTINUOUS
 62
    9
370
   -1
100
AcDbLine
 10
126.1582716715791
 20
181.5622321392665
 11
125.8095817874791
 21
181.5561457347665
  0
LINE
  5
242
100
AcDbEntity
  8
03_AXES
  6
CONTINUOUS
 62
    7
370
   -1
100
AcDbLine
 10
178.3582716715791
 20
173.7749246298665
 11
179.1551375746791
 21
173.7818075216665
  0
LINE
  5
243
100
AcDbEntity
  8
09_ROUNDS
  6
CONTINUOUS
 62
    9
370
   -1
100
AcDbLine
 10
123.2777565689791
 20
100.6295279543665
 11
123.2777565689791
 21
99.9494388426665
  0
LINE
  5
244
100
AcDbEntity
  8
09_ROUNDS
  6
CONTINUOUS
 62
    7
370
   -1
100
AcDbLine
 10
159.3276942004791
 20
174.0769619716665
 11
159.2829046337791
 21
174.1013788962665
  0
LINE
  5
245
100
AcDbEntity
  8
03_AXES
  6
CONTINUOUS
 62
    7
370
   -1
100
AcDbLine
 10
127.5415692947791
 20
173.9415998098665
 11
127.0857330002791
 21
173.9376217867665
  0
LINE
  5
246
100
AcDbEntity
  8
03_AXES
  6
CONTINUOUS
 62
    9
370
   -1
100
AcDbLine
 10
164.7082716715791
 20
186.8295279543665
 11
160.9582716715791
 21
186.8295279543665
  0
LINE
  5
247
100
AcDbEntity
  8
09_ROUNDS
  6
CONTINUOUS
 62
    7
370
   -1
100
AcDbLine
 10
176.4066245081791
 20
174.2801010239665
 11
176.3891043431791
 21
174.2938519245665
  0
LINE
  5
248
100
AcDbEntity
  8
03_AXES
  6
CONTINUOUS
 62
    9
370
   -1
100
AcDbLine
 10
126.1582716715791
 20
102.4900150068665
 11
134.3682716715791
 21
102.4900150068665
  0
LINE
  5
249
100
AcDbEntity
  8
03_AXES
  6
CONTINUOUS
 62
    9
370
   -1
100
AcDbLine
 10
129.9082716715791
 20
186.8295279543665
 11
126.1582716715791
 21
186.8295279543665
  0
LINE
  5
24A
100
AcDbEntity
  8
03_AXES
  6
CONTINUOUS
 62
    9
370
   -1
100
AcDbLine
 10
143.5582716715791
 20
102.4900150068665
 11
151.7682716715791
 21
102.4900150068665
  0
LINE
  5
24B
100
AcDbEntity
  8
03_AXES
  6
CONTINUOUS
 62
    9
370
   -1
100
AcDbLine
 10
160.9582716715791
 20
102.4900150068665
 11
169.1682716715791
 21
102.4900150068665
  0
LINE
  5
24C
100
AcDbEntity
  8
03_AXES
  6
CONTINUOUS
 62
    9
370
   -1
100
AcDbLine
 10
178.3582716715791
 20
102.4900150068665
 11
186.5682716715791
 21
102.4900150068665
  0
LINE
  5
24D
100
AcDbEntity
  8
10_CHAMFER
  6
CONTINUOUS
 62
    7
370
   -1
100
AcDbLine
 10
121.4082716715791
 20
185.6295279543665
 11
121.4082716715791
 21
186.9563228736665
  0
LINE
  5
24E
100
AcDbEntity
  8
0
  6
CONTINUOUS
 62
    9
370
   -1
100
AcDbLine
 10
178.3582716715791
 20
102.4900150068665
 11
170.1482716715791
 21
102.4900150068665
  0
LINE
  5
24F
100
AcDbEntity
  8
0
  6
CONTINUOUS
 62
    9
370
   -1
100
AcDbLine
 10
160.9582716715791
 20
102.4900150068665
 11
152.7482716715791
 21
102.4900150068665
  0
LINE
  5
250
100
AcDbEntity
  8
09_ROUNDS
  6
CONTINUOUS
 62
    7
370
   -1
100
AcDbLine
 10
176.4491422579791
 20
174.2484634722665
 11
176.4266136966791
 21
174.2649539754665
  0
LINE
  5
251
100
AcDbEntity
  8
0
  6
CONTINUOUS
 62
    9
370
   -1
100
AcDbLine
 10
143.5582716715791
 20
102.4900150068665
 11
135.3482716715791
 21
102.4900150068665
  0
LINE
  5
252
100
AcDbEntity
  8
0
  6
CONTINUOUS
 62
    9
370
   -1
100
AcDbLine
 10
126.1582716715791
 20
102.4900150068665
 11
117.9482716715791
 21
102.4900150068665
  0
LINE
  5
253
100
AcDbEntity
  8
03_AXES
  6
CONTINUOUS
 62
    9
370
   -1
100
AcDbLine
 10
186.8582716715791
 20
102.4969906542665
 11
186.5682716715791
 21
102.4969906542665
  0
LINE
  5
254
100
AcDbEntity
  8
0
  6
CONTINUOUS
 62
    9
370
   -1
100
AcDbLine
 10
170.1482716715791
 20
102.4969906542665
 11
169.8582716715791
 21
102.4969906542665
  0
LINE
  5
255
100
AcDbEntity
  8
03_AXES
  6
CONTINUOUS
 62
    9
370
   -1
100
AcDbLine
 10
169.4582716715791
 20
102.4969906542665
 11
169.1682716715791
 21
102.4969906542665
  0
LINE
  5
256
100
AcDbEntity
  8
0
  6
CONTINUOUS
 62
    9
370
   -1
100
AcDbLine
 10
152.7482716715791
 20
102.4969906542665
 11
152.4582716715791
 21
102.4969906542665
  0
LINE
  5
257
100
AcDbEntity
  8
03_AXES
  6
CONTINUOUS
 62
    9
370
   -1
100
AcDbLine
 10
152.0582716715791
 20
102.4969906542665
 11
151.7682716715791
 21
102.4969906542665
  0
LINE
  5
258
100
AcDbEntity
  8
0
  6
CONTINUOUS
 62
    9
370
   -1
100
AcDbLine
 10
135.3482716715791
 20
102.4969906542665
 11
135.0582716715791
 21
102.4969906542665
  0
LINE
  5
259
100
AcDbEntity
  8
0
  6
CONTINUOUS
 62
    7
370
   -1
100
AcDbLine
 10
162.7790716330791
 20
106.9087279928665
 11
161.8598328175791
 21
107.9693881646665
  0
LINE
  5
25A
100
AcDbEntity
  8
03_AXES
  6
CONTINUOUS
 62
    9
370
   -1
100
AcDbLine
 10
134.6582716715791
 20
102.4969906542665
 11
134.3682716715791
 21
102.4969906542665
  0
LINE
  5
25B
100
AcDbEntity
  8
0
  6
CONTINUOUS
 62
    7
370
   -1
100
AcDbLine
 10
142.7281688543791
 20
178.5916837241665
 11
141.7374717099791
 21
179.4502879159665
  0
LINE
  5
25C
100
AcDbEntity
  8
0
  6
CONTINUOUS
 62
    9
370
   -1
100
AcDbLine
 10
117.9482716715791
 20
102.4969906542665
 11
117.6582716715791
 21
102.4969906542665
  0
LINE
  5
25D
100
AcDbEntity
  8
0
  6
CONTINUOUS
 62
    7
370
   -1
100
AcDbLine
 10
117.9482716715791
 20
165.5295279543665
 11
117.6582716715791
 21
165.5295279543665
  0
LINE
  5
25E
100
AcDbEntity
  8
03_AXES
  6
CONTINUOUS
 62
    7
370
   -1
100
AcDbLine
 10
186.8582716715791
 20
165.5295279543665
 11
186.5682716715791
 21
165.5295279543665
  0
LINE
  5
25F
100
AcDbEntity
  8
09_ROUNDS
  6
CONTINUOUS
 62
    7
370
   -1
100
AcDbLine
 10
159.8634364684791
 20
173.8510195504665
 11
159.7917785815791
 21
173.8750394154665
  0
LINE
  5
260
100
AcDbEntity
  8
0
  6
CONTINUOUS
 62
    9
370
   -1
100
AcDbLine
 10
186.2201341743791
 20
134.7380545181665
 11
185.9849842623791
 21
134.7801382269665
  0
LINE
  5
261
100
AcDbEntity
  8
03_AXES
  6
CONTINUOUS
 62
    7
370
   -1
100
AcDbLine
 10
151.7682716715791
 20
165.6295279543665
 11
143.5582716715791
 21
165.6295279543665
  0
LINE
  5
262
100
AcDbEntity
  8
03_AXES
  6
CONTINUOUS
 62
    7
370
   -1
100
AcDbLine
 10
144.0732716715791
 20
107.5945279543665
 11
144.0732716715791
 21
106.2065535193665
  0
LINE
  5
263
100
AcDbEntity
  8
10_CHAMFER
  6
CONTINUOUS
 62
    7
370
   -1
100
AcDbLine
 10
121.7082716715791
 20
99.62952795436649
 11
121.4082716715791
 21
99.8744769286665
  0
LINE
  5
264
100
AcDbEntity
  8
03_AXES
  6
CONTINUOUS
 62
    7
370
   -1
100
AcDbLine
 10
142.9462444043791
 20
99.8505888983665
 11
143.0155419593791
 21
99.83394981436649
  0
LINE
  5
265
100
AcDbEntity
  8
03_AXES
  6
CONTINUOUS
 62
    7
370
   -1
100
AcDbLine
 10
129.3426083371791
 20
108.0795279543665
 11
127.1539405155791
 21
108.0795279543665
  0
LINE
  5
266
100
AcDbEntity
  8
03_AXES
  6
CONTINUOUS
 62
    7
370
   -1
100
AcDbLine
 10
143.1880237591791
 20
99.8158232968665
 11
147.3082716715791
 21
99.7535441905665
  0
LINE
  5
267
100
AcDbEntity
  8
03_AXES
  6
CONTINUOUS
 62
    7
370
   -1
100
AcDbLine
 10
141.1482716715791
 20
141.4117197035665
 11
141.1482716715791
 21
141.4099144554665
  0
LINE
  5
268
100
AcDbEntity
  8
03_AXES
  6
CONTINUOUS
 62
    9
370
   -1
100
AcDbLine
 10
125.3630789422791
 20
100.3222376615665
 11
129.9082716715791
 21
100.2535353535665
  0
LINE
  5
269
100
AcDbEntity
  8
03_AXES
  6
CONTINUOUS
 62
    7
370
   -1
100
AcDbLine
 10
160.5880237591791
 20
99.8158232968665
 11
164.7082716715791
 21
99.7535441905665
  0
LINE
  5
26A
100
AcDbEntity
  8
03_AXES
  6
CONTINUOUS
 62
    9
370
   -1
100
AcDbLine
 10
142.7630789422791
 20
100.3222376615665
 11
147.3082716715791
 21
100.2535353535665
  0
LINE
  5
26B
100
AcDbEntity
  8
03_AXES
  6
CONTINUOUS
 62
    7
370
   -1
100
AcDbLine
 10
177.9880237591791
 20
99.8158232968665
 11
182.1082716715791
 21
99.7535441905665
  0
LINE
  5
26C
100
AcDbEntity
  8
03_AXES
  6
CONTINUOUS
 62
    9
370
   -1
100
AcDbLine
 10
160.1630789422791
 20
100.3222376615665
 11
164.7082716715791
 21
100.2535353535665
  0
LINE
  5
26D
100
AcDbEntity
  8
03_AXES
  6
CONTINUOUS
 62
    9
370
   -1
100
AcDbLine
 10
177.5630789422791
 20
100.3222376615665
 11
182.1082716715791
 21
100.2535353535665
  0
LINE
  5
26E
100
AcDbEntity
  8
03_AXES
  6
CONTINUOUS
 62
    7
370
   -1
100
AcDbLine
 10
125.7638591049791
 20
99.8164866202665
 11
125.7880490787791
 21
99.8158226864665
  0
LINE
  5
26F
100
AcDbEntity
  8
03_AXES
  6
CONTINUOUS
 62
    7
370
   -1
100
AcDbLine
 10
143.1638591049791
 20
99.8164866202665
 11
143.1880490787791
 21
99.8158226864665
  0
LINE
  5
270
100
AcDbEntity
  8
0
  6
CONTINUOUS
 62
    9
370
   -1
100
AcDbLine
 10
185.3582716715791
 20
137.0473460637665
 11
186.2582716715791
 21
137.0473460637665
  0
LINE
  5
271
100
AcDbEntity
  8
03_AXES
  6
CONTINUOUS
 62
    7
370
   -1
100
AcDbLine
 10
160.5638591049791
 20
99.8164866202665
 11
160.5880490787791
 21
99.8158226864665
  0
LINE
  5
272
100
AcDbEntity
  8
0
  6
CONTINUOUS
 62
    9
370
   -1
100
AcDbLine
 10
117.9482716715791
 20
163.8262451261665
 11
117.6582716715791
 21
163.8262451261665
  0
LINE
  5
273
100
AcDbEntity
  8
03_AXES
  6
CONTINUOUS
 62
    7
370
   -1
100
AcDbLine
 10
177.9638591049791
 20
99.8164866202665
 11
177.9880490787791
 21
99.8158226864665
  0
LINE
  5
274
100
AcDbEntity
  8
03_AXES
  6
CONTINUOUS
 62
    7
370
   -1
100
AcDbLine
 10
161.9464896734791
 20
109.3795279543665
 11
164.1426083371791
 21
109.3795279543665
  0
LINE
  5
275
100
AcDbEntity
  8
0
  6
CONTINUOUS
 62
    9
370
   -1
100
AcDbLine
 10
135.3482716715791
 20
163.8262451261665
 11
135.0582716715791
 21
163.8262451261665
  0
LINE
  5
276
100
AcDbEntity
  8
03_AXES
  6
CONTINUOUS
 62
    7
370
   -1
100
AcDbLine
 10
125.6880652969791
 20
99.8224770010665
 11
125.7638591049791
 21
99.8164866202665
  0
LINE
  5
277
100
AcDbEntity
  8
03_AXES
  6
CONTINUOUS
 62
    7
370
   -1
100
AcDbLine
 10
143.0880652969791
 20
99.8224770010665
 11
143.1638591049791
 21
99.8164866202665
  0
LINE
  5
278
100
AcDbEntity
  8
0
  6
CONTINUOUS
 62
    9
370
   -1
100
AcDbLine
 10
178.3582716715791
 20
163.8365986614665
 11
170.1482716715791
 21
163.8365986614665
  0
LINE
  5
279
100
AcDbEntity
  8
03_AXES
  6
CONTINUOUS
 62
    7
370
   -1
100
AcDbLine
 10
160.4880652969791
 20
99.8224770010665
 11
160.5638591049791
 21
99.8164866202665
  0
LINE
  5
27A
100
AcDbEntity
  8
0
  6
CONTINUOUS
 62
    3
370
   -1
100
AcDbLine
 10
178.1582716715791
 20
140.5445852428665
 11
175.6582716715791
 21
140.5445852428665
  0
LINE
  5
27B
100
AcDbEntity
  8
0
  6
CONTINUOUS
 62
    9
370
   -1
100
AcDbLine
 10
152.7482716715791
 20
163.8262451261665
 11
152.4582716715791
 21
163.8262451261665
  0
LINE
  5
27C
100
AcDbEntity
  8
0
  6
CONTINUOUS
 62
    3
370
   -1
100
AcDbLine
 10
123.6582716715791
 20
140.0638894284665
 11
124.6582716715791
 21
140.0638894284665
  0
LINE
  5
27D
100
AcDbEntity
  8
03_AXES
  6
CONTINUOUS
 62
    7
370
   -1
100
AcDbLine
 10
152.0582716715791
 20
165.5295279543665
 11
151.7682716715791
 21
165.5295279543665
  0
LINE
  5
27E
100
AcDbEntity
  8
03_AXES
  6
CONTINUOUS
 62
    7
370
   -1
100
AcDbLine
 10
186.5682716715791
 20
165.6295279543665
 11
178.3582716715791
 21
165.6295279543665
  0
LINE
  5
27F
100
AcDbEntity
  8
03_AXES
  6
CONTINUOUS
 62
    7
370
   -1
100
AcDbLine
 10
169.4582716715791
 20
165.5295279543665
 11
169.1682716715791
 21
165.5295279543665
  0
LINE
  5
280
100
AcDbEntity
  8
09_ROUNDS
  6
CONTINUOUS
 62
    7
370
   -1
100
AcDbLine
 10
142.3917785815791
 20
173.8750394154665
 11
142.3232433778791
 21
173.8996638235665
  0
LINE
  5
281
100
AcDbEntity
  8
03_AXES
  6
CONTINUOUS
 62
    7
370
   -1
100
AcDbLine
 10
134.6582716715791
 20
165.5295279543665
 11
134.3682716715791
 21
165.5295279543665
  0
LINE
  5
282
100
AcDbEntity
  8
09_ROUNDS
  6
CONTINUOUS
 62
    7
370
   -1
100
AcDbLine
 10
160.0162768379791
 20
173.8054294632665
 11
159.9382578755791
 21
173.8277601325665
  0
LINE
  5
283
100
AcDbEntity
  8
0
  6
CONTINUOUS
 62
    9
370
   -1
100
AcDbLine
 10
186.2201341743791
 20
136.6809194217665
 11
185.3544579218791
 21
136.8358455582665
  0
LINE
  5
284
100
AcDbEntity
  8
0
  6
CONTINUOUS
 62
    7
370
   -1
100
AcDbLine
 10
184.7660885016791
 20
136.7478269344665
 11
184.7582716715791
 21
136.7783063263665
  0
LINE
  5
285
100
AcDbEntity
  8
0
  6
CONTINUOUS
 62
    7
370
   -1
100
AcDbLine
 10
186.2201341743791
 20
134.5437680277665
 11
185.4664996724791
 21
134.6786425623665
  0
LINE
  5
286
100
AcDbEntity
  8
0
  6
CONTINUOUS
 62
    7
370
   -1
100
AcDbLine
 10
135.3482716715791
 20
118.1330200313665
 11
135.0582716715791
 21
118.1330200313665
  0
LINE
  5
287
100
AcDbEntity
  8
03_AXES
  6
CONTINUOUS
 62
    7
370
   -1
100
AcDbLine
 10
177.3157359953791
 20
100.3029027754665
 11
177.3216058342791
 21
100.2515050216665
  0
LINE
  5
288
100
AcDbEntity
  8
03_AXES
  6
CONTINUOUS
 62
    7
370
   -1
100
AcDbLine
 10
159.9152660675791
 20
100.3222375673665
 11
159.9157359953791
 21
100.3029027754665
  0
LINE
  5
289
100
AcDbEntity
  8
09_ROUNDS
  6
CONTINUOUS
 62
    9
370
   -1
100
AcDbLine
 10
158.0807794911791
 20
99.64945407316651
 11
158.0777565689791
 21
99.9494388426665
  0
LINE
  5
28A
100
AcDbEntity
  8
0
  6
CONTINUOUS
 62
    9
370
   -1
100
AcDbLine
 10
169.8582716715791
 20
100.7295279543665
 11
169.8582716715791
 21
133.9919960600665
  0
LINE
  5
28B
100
AcDbEntity
  8
0
  6
CONTINUOUS
 62
    9
370
   -1
100
AcDbLine
 10
169.8582716715791
 20
149.5845109605665
 11
169.8582716715791
 21
185.5295279543665
  0
LINE
  5
28C
100
AcDbEntity
  8
0
  6
CONTINUOUS
 62
    7
370
   -1
100
AcDbLine
 10
126.1582716715791
 20
165.6295279543665
 11
117.9482716715791
 21
165.6295279543665
  0
LINE
  5
28D
100
AcDbEntity
  8
03_AXES
  6
CONTINUOUS
 62
    7
370
   -1
100
AcDbLine
 10
169.6582716715791
 20
100.9295279543665
 11
169.6582716715791
 21
133.9919960600665
  0
LINE
  5
28E
100
AcDbEntity
  8
0
  6
CONTINUOUS
 62
    7
370
   -1
100
AcDbLine
 10
169.6582716715791
 20
100.9295279543665
 11
169.6582716715791
 21
133.9919960600665
  0
LINE
  5
28F
100
AcDbEntity
  8
0
  6
CONTINUOUS
 62
    7
370
   -1
100
AcDbLine
 10
169.6582716715791
 20
141.4099144554665
 11
169.6582716715791
 21
142.0426280146665
  0
LINE
  5
290
100
AcDbEntity
  8
03_AXES
  6
CONTINUOUS
 62
    7
370
   -1
100
AcDbLine
 10
169.6582716715791
 20
141.4099144554665
 11
169.6582716715791
 21
185.3295279543665
  0
LINE
  5
291
100
AcDbEntity
  8
10_CHAMFER
  6
CONTINUOUS
 62
    7
370
   -1
100
AcDbLine
 10
139.1082716715791
 20
99.62952795436649
 11
138.8082716715791
 21
99.8744769286665
  0
LINE
  5
292
100
AcDbEntity
  8
03_AXES
  6
CONTINUOUS
 62
    9
370
   -1
100
AcDbLine
 10
169.4582716715791
 20
100.7295279543665
 11
169.4582716715791
 21
133.9919960600665
  0
LINE
  5
293
100
AcDbEntity
  8
03_AXES
  6
CONTINUOUS
 62
    9
370
   -1
100
AcDbLine
 10
169.4582716715791
 20
149.5845109605665
 11
169.4582716715791
 21
185.5295279543665
  0
LINE
  5
294
100
AcDbEntity
  8
03_AXES
  6
CONTINUOUS
 62
    7
370
   -1
100
AcDbLine
 10
169.1682716715791
 20
100.6295279543665
 11
169.1682716715791
 21
133.9919960600665
  0
LINE
  5
295
100
AcDbEntity
  8
03_AXES
  6
CONTINUOUS
 62
    7
370
   -1
100
AcDbLine
 10
169.1682716715791
 20
148.8689567147665
 11
169.1682716715791
 21
185.6295279543665
  0
LINE
  5
296
100
AcDbEntity
  8
03_AXES
  6
CONTINUOUS
 62
    7
370
   -1
100
AcDbLine
 10
169.1582716715791
 20
148.8550828307665
 11
169.1582716715791
 21
141.4099144554665
  0
LINE
  5
297
100
AcDbEntity
  8
03_AXES
  6
CONTINUOUS
 62
    7
370
   -1
100
AcDbLine
 10
142.7061309758791
 20
99.9665984206665
 11
142.7596601007791
 21
99.93034206236651
  0
LINE
  5
298
100
AcDbEntity
  8
03_AXES
  6
CONTINUOUS
 62
    7
370
   -1
100
AcDbLine
 10
165.7082716715791
 20
99.3027330351665
 11
165.7082716715791
 21
100.6295279543665
  0
LINE
  5
299
100
AcDbEntity
  8
03_AXES
  6
CONTINUOUS
 62
    7
370
   -1
100
AcDbLine
 10
165.7082716715791
 20
185.6295279543665
 11
165.7082716715791
 21
186.9563228736665
  0
LINE
  5
29A
100
AcDbEntity
  8
03_AXES
  6
CONTINUOUS
 62
    7
370
   -1
100
AcDbLine
 10
165.4082716715791
 20
99.12952795436649
 11
165.4082716715791
 21
99.62952795436649
  0
LINE
  5
29B
100
AcDbEntity
  8
03_AXES
  6
CONTINUOUS
 62
    9
370
   -1
100
AcDbLine
 10
165.0082716715791
 20
187.1295279543665
 11
165.0082716715791
 21
186.6295279543665
  0
LINE
  5
29C
100
AcDbEntity
  8
03_AXES
  6
CONTINUOUS
 62
    7
370
   -1
100
AcDbLine
 10
152.0582716715791
 20
120.7295279543665
 11
151.7682716715791
 21
120.7295279543665
  0
LINE
  5
29D
100
AcDbEntity
  8
03_AXES
  6
CONTINUOUS
 62
    9
370
   -1
100
AcDbLine
 10
165.0082716715791
 20
99.62952795436649
 11
165.0082716715791
 21
99.12952795436649
  0
LINE
  5
29E
100
AcDbEntity
  8
03_AXES
  6
CONTINUOUS
 62
    7
370
   -1
100
AcDbLine
 10
164.7082716715791
 20
100.6295279543665
 11
164.7082716715791
 21
99.42952795436649
  0
LINE
  5
29F
100
AcDbEntity
  8
03_AXES
  6
CONTINUOUS
 62
    7
370
   -1
100
AcDbLine
 10
164.7082716715791
 20
185.6295279543665
 11
164.7082716715791
 21
187.1295279543665
  0
LINE
  5
2A0
100
AcDbEntity
  8
03_AXES
  6
CONTINUOUS
 62
    9
370
   -1
100
AcDbLine
 10
134.4092621727791
 20
149.0118778560665
 11
134.3682716715791
 21
149.0118778560665
  0
LINE
  5
2A1
100
AcDbEntity
  8
0
  6
CONTINUOUS
 62
    7
370
   -1
100
AcDbLine
 10
135.3482716715791
 20
120.7295279543665
 11
135.0582716715791
 21
120.7295279543665
  0
LINE
  5
2A2
100
AcDbEntity
  8
03_AXES
  6
CONTINUOUS
 62
    9
370
   -1
100
AcDbLine
 10
169.2092621727791
 20
149.0118778560665
 11
169.1682716715791
 21
149.0118778560665
  0
LINE
  5
2A3
100
AcDbEntity
  8
03_AXES
  6
CONTINUOUS
 62
    7
370
   -1
100
AcDbLine
 10
161.5482716715791
 20
141.4117197035665
 11
161.5482716715791
 21
141.4099144554665
  0
LINE
  5
2A4
100
AcDbEntity
  8
0
  6
CONTINUOUS
 62
    7
370
   -1
100
AcDbLine
 10
143.5582716715791
 20
118.1295279543665
 11
135.3482716715791
 21
118.1295279543665
  0
LINE
  5
2A5
100
AcDbEntity
  8
03_AXES
  6
CONTINUOUS
 62
    7
370
   -1
100
AcDbLine
 10
161.4732716715791
 20
180.1524623894665
 11
161.4732716715791
 21
178.7651450915665
  0
LINE
  5
2A6
100
AcDbEntity
  8
03_AXES
  6
CONTINUOUS
 62
    7
370
   -1
100
AcDbLine
 10
161.4732716715791
 20
176.4938308172665
 11
161.4732716715791
 21
175.1065135193665
  0
LINE
  5
2A7
100
AcDbEntity
  8
03_AXES
  6
CONTINUOUS
 62
    7
370
   -1
100
AcDbLine
 10
143.0432716715791
 20
178.7644879543665
 11
143.0432716715791
 21
180.1524623894665
  0
LINE
  5
2A8
100
AcDbEntity
  8
03_AXES
  6
CONTINUOUS
 62
    7
370
   -1
100
AcDbLine
 10
161.4732716715791
 20
109.8716784693665
 11
161.4732716715791
 21
111.2525023894665
  0
LINE
  5
2A9
100
AcDbEntity
  8
03_AXES
  6
CONTINUOUS
 62
    7
370
   -1
100
AcDbLine
 10
161.3482716715791
 20
141.4117197035665
 11
161.3482716715791
 21
141.4099144554665
  0
LINE
  5
2AA
100
AcDbEntity
  8
03_AXES
  6
CONTINUOUS
 62
    9
370
   -1
100
AcDbLine
 10
143.5582716715791
 20
149.1037895732665
 11
151.7682716715791
 21
149.1037895732665
  0
LINE
  5
2AB
100
AcDbEntity
  8
03_AXES
  6
CONTINUOUS
 62
    7
370
   -1
100
AcDbLine
 10
125.6155419593791
 20
99.83394981436649
 11
125.6880652969791
 21
99.8224770010665
  0
LINE
  5
2AC
100
AcDbEntity
  8
09_ROUNDS
  6
CONTINUOUS
 62
    7
370
   -1
100
AcDbLine
 10
160.9582716715791
 20
173.8795279543665
 11
160.9582716715791
 21
173.8562339727665
  0
LINE
  5
2AD
100
AcDbEntity
  8
03_AXES
  6
CONTINUOUS
 62
    7
370
   -1
100
AcDbLine
 10
160.7482716715791
 20
141.4117197035665
 11
160.7482716715791
 21
141.4099144554665
  0
LINE
  5
2AE
100
AcDbEntity
  8
03_AXES
  6
CONTINUOUS
 62
    7
370
   -1
100
AcDbLine
 10
160.5482716715791
 20
141.4117197035665
 11
160.5482716715791
 21
141.4099144554665
  0
LINE
  5
2AF
100
AcDbEntity
  8
03_AXES
  6
CONTINUOUS
 62
    7
370
   -1
100
AcDbLine
 10
160.4432716715791
 20
176.4873374393665
 11
160.4432716715791
 21
175.1065135193665
  0
LINE
  5
2B0
100
AcDbEntity
  8
03_AXES
  6
CONTINUOUS
 62
    7
370
   -1
100
AcDbLine
 10
160.4432716715791
 20
106.2065535193665
 11
160.4432716715791
 21
107.5938708172665
  0
LINE
  5
2B1
100
AcDbEntity
  8
03_AXES
  6
CONTINUOUS
 62
    7
370
   -1
100
AcDbLine
 10
160.4432716715791
 20
109.8651850915665
 11
160.4432716715791
 21
111.2525023894665
  0
LINE
  5
2B2
100
AcDbEntity
  8
03_AXES
  6
CONTINUOUS
 62
    7
370
   -1
100
AcDbLine
 10
160.4432716715791
 20
178.7644879543665
 11
160.4432716715791
 21
180.1524623894665
  0
LINE
  5
2B3
100
AcDbEntity
  8
03_AXES
  6
CONTINUOUS
 62
    9
370
   -1
100
AcDbLine
 10
160.1630789422791
 20
100.6295279543665
 11
160.1630789422791
 21
100.3222376615665
  0
LINE
  5
2B4
100
AcDbEntity
  8
03_AXES
  6
CONTINUOUS
 62
    7
370
   -1
100
AcDbLine
 10
159.9152605760791
 20
100.6295279543665
 11
159.9152605760791
 21
100.3222375670665
  0
ELLIPSE
  5
2B5
100
AcDbEntity
  8
03_AXES
  6
CONTINUOUS
 62
    7
370
   -1
100
AcDbEllipse
 10
130.2082716715791
 20
100.0537920230665
 30
0
 11
-2.597868168633439e-17
 21
-0.4242640687
 31
0
 40
0.7071067812
 41
-1.5707963268
 42
0
  0
ELLIPSE
  5
2B6
100
AcDbEntity
  8
09_ROUNDS
  6
CONTINUOUS
 62
    7
370
   -1
100
AcDbEllipse
 10
156.9082716715791
 20
186.2052638856665
 30
0
 11
2.597868168633439e-17
 21
0.4242640687
 31
0
 40
0.7071067812
 41
-1.5707963268
 42
0
  0
LINE
  5
2B7
100
AcDbEntity
  8
0
  6
CONTINUOUS
 62
    9
370
   -1
100
AcDbLine
 10
152.4582716715791
 20
100.7295279543665
 11
152.4582716715791
 21
133.9919960600665
  0
LINE
  5
2B8
100
AcDbEntity
  8
03_AXES
  6
CONTINUOUS
 62
    7
370
   -1
100
AcDbLine
 10
158.7482716715791
 20
141.4117197035665
 11
158.7482716715791
 21
141.4099144554665
  0
LINE
  5
2B9
100
AcDbEntity
  8
0
  6
CONTINUOUS
 62
    9
370
   -1
100
AcDbLine
 10
152.4582716715791
 20
149.5845109605665
 11
152.4582716715791
 21
185.5295279543665
  0
LINE
  5
2BA
100
AcDbEntity
  8
09_ROUNDS
  6
CONTINUOUS
 62
    9
370
   -1
100
AcDbLine
 10
158.0777565689791
 20
100.6295279543665
 11
158.0777565689791
 21
99.9494388426665
  0
LINE
  5
2BB
100
AcDbEntity
  8
03_AXES
  6
CONTINUOUS
 62
    7
370
   -1
100
AcDbLine
 10
157.6482716715791
 20
141.4117197035665
 11
157.6482716715791
 21
141.4099144554665
  0
LINE
  5
2BC
100
AcDbEntity
  8
09_ROUNDS
  6
CONTINUOUS
 62
    9
370
   -1
100
AcDbLine
 10
156.9082716715791
 20
99.12952795436649
 11
156.9082716715791
 21
99.62952795436649
  0
LINE
  5
2BD
100
AcDbEntity
  8
10_CHAMFER
  6
CONTINUOUS
 62
    7
370
   -1
100
AcDbLine
 10
156.2082716715791
 20
185.6295279543665
 11
156.2082716715791
 21
186.9563228736665
  0
LINE
  5
2BE
100
AcDbEntity
  8
0
  6
CONTINUOUS
 62
    7
370
   -1
100
AcDbLine
 10
177.4567105255791
 20
176.8693481646665
 11
176.5374717099791
 21
175.8086879928665
  0
LINE
  5
2BF
100
AcDbEntity
  8
0
  6
CONTINUOUS
 62
    7
370
   -1
100
AcDbLine
 10
125.2567105255791
 20
109.4896677441665
 11
125.3626261861791
 21
109.5955834048665
  0
LINE
  5
2C0
100
AcDbEntity
  8
0
  6
CONTINUOUS
 62
    7
370
   -1
100
AcDbLine
 10
177.4567105255791
 20
178.3896277441665
 11
177.5620062965791
 21
178.4949235151665
  0
LINE
  5
2C1
100
AcDbEntity
  8
09_ROUNDS
  6
CONTINUOUS
 62
    7
370
   -1
100
AcDbLine
 10
141.5365711032791
 20
174.3394467418665
 11
141.5328789672791
 21
174.3431963787665
  0
LINE
  5
2C2
100
AcDbEntity
  8
03_AXES
  6
CONTINUOUS
 62
    7
370
   -1
100
AcDbLine
 10
177.3632716715791
 20
108.0795279543665
 11
175.1726083371791
 21
108.0795279543665
  0
LINE
  5
2C3
100
AcDbEntity
  8
03_AXES
  6
CONTINUOUS
 62
    7
370
   -1
100
AcDbLine
 10
142.5632716715791
 20
108.0795279543665
 11
140.3726083371791
 21
108.0795279543665
  0
LINE
  5
2C4
100
AcDbEntity
  8
03_AXES
  6
CONTINUOUS
 62
    7
370
   -1
100
AcDbLine
 10
122.9726083371791
 20
109.3795279543665
 11
125.1632716715791
 21
109.3795279543665
  0
LINE
  5
2C5
100
AcDbEntity
  8
03_AXES
  6
CONTINUOUS
 62
    7
370
   -1
100
AcDbLine
 10
157.7726083371791
 20
109.3795279543665
 11
159.9632716715791
 21
109.3795279543665
  0
LINE
  5
2C6
100
AcDbEntity
  8
03_AXES
  6
CONTINUOUS
 62
    7
370
   -1
100
AcDbLine
 10
143.5582716715791
 20
118.1295279543665
 11
151.7682716715791
 21
118.1295279543665
  0
LINE
  5
2C7
100
AcDbEntity
  8
03_AXES
  6
CONTINUOUS
 62
    7
370
   -1
100
AcDbLine
 10
178.3582716715791
 20
118.1295279543665
 11
186.5682716715791
 21
118.1295279543665
  0
LINE
  5
2C8
100
AcDbEntity
  8
0
  6
CONTINUOUS
 62
    7
370
   -1
100
AcDbLine
 10
160.9582716715791
 20
118.1295279543665
 11
152.7482716715791
 21
118.1295279543665
  0
LINE
  5
2C9
100
AcDbEntity
  8
03_AXES
  6
CONTINUOUS
 62
    7
370
   -1
100
AcDbLine
 10
186.8582716715791
 20
118.1330200313665
 11
186.5682716715791
 21
118.1330200313665
  0
LINE
  5
2CA
100
AcDbEntity
  8
0
  6
CONTINUOUS
 62
    7
370
   -1
100
AcDbLine
 10
170.1482716715791
 20
118.1330200313665
 11
169.8582716715791
 21
118.1330200313665
  0
LINE
  5
2CB
100
AcDbEntity
  8
03_AXES
  6
CONTINUOUS
 62
    7
370
   -1
100
AcDbLine
 10
169.4582716715791
 20
118.1330200313665
 11
169.1682716715791
 21
118.1330200313665
  0
LINE
  5
2CC
100
AcDbEntity
  8
03_AXES
  6
CONTINUOUS
 62
    7
370
   -1
100
AcDbLine
 10
134.6582716715791
 20
118.1330200313665
 11
134.3682716715791
 21
118.1330200313665
  0
LINE
  5
2CD
100
AcDbEntity
  8
0
  6
CONTINUOUS
 62
    7
370
   -1
100
AcDbLine
 10
117.9482716715791
 20
118.1330200313665
 11
117.6582716715791
 21
118.1330200313665
  0
LINE
  5
2CE
100
AcDbEntity
  8
03_AXES
  6
CONTINUOUS
 62
    7
370
   -1
100
AcDbLine
 10
160.1596601007791
 20
99.93034206236651
 11
160.2178670654791
 21
99.89887310706651
  0
LINE
  5
2CF
100
AcDbEntity
  8
03_AXES
  6
CONTINUOUS
 62
    7
370
   -1
100
AcDbLine
 10
126.1582716715791
 20
120.6295279543665
 11
134.3682716715791
 21
120.6295279543665
  0
LINE
  5
2D0
100
AcDbEntity
  8
03_AXES
  6
CONTINUOUS
 62
    7
370
   -1
100
AcDbLine
 10
178.3582716715791
 20
173.8562339727665
 11
177.4534839961791
 21
173.7957097918665
  0
LINE
  5
2D1
100
AcDbEntity
  8
0
  6
CONTINUOUS
 62
    7
370
   -1
100
AcDbLine
 10
160.9582716715791
 20
120.6295279543665
 11
152.7482716715791
 21
120.6295279543665
  0
LINE
  5
2D2
100
AcDbEntity
  8
0
  6
CONTINUOUS
 62
    7
370
   -1
100
AcDbLine
 10
143.5582716715791
 20
120.6295279543665
 11
135.3482716715791
 21
120.6295279543665
  0
LINE
  5
2D3
100
AcDbEntity
  8
0
  6
CONTINUOUS
 62
    7
370
   -1
100
AcDbLine
 10
126.1582716715791
 20
120.6295279543665
 11
117.9482716715791
 21
120.6295279543665
  0
LINE
  5
2D4
100
AcDbEntity
  8
09_ROUNDS
  6
CONTINUOUS
 62
    9
370
   -1
100
AcDbLine
 10
143.5582716715791
 20
181.5622321392665
 11
143.2095817874791
 21
181.5561457347665
  0
LINE
  5
2D5
100
AcDbEntity
  8
03_AXES
  6
CONTINUOUS
 62
    7
370
   -1
100
AcDbLine
 10
186.8582716715791
 20
120.7295279543665
 11
186.5682716715791
 21
120.7295279543665
  0
LINE
  5
2D6
100
AcDbEntity
  8
03_AXES
  6
CONTINUOUS
 62
    7
370
   -1
100
AcDbLine
 10
169.4582716715791
 20
120.7295279543665
 11
169.1682716715791
 21
120.7295279543665
  0
LINE
  5
2D7
100
AcDbEntity
  8
03_AXES
  6
CONTINUOUS
 62
    7
370
   -1
100
AcDbLine
 10
134.6582716715791
 20
120.7295279543665
 11
134.3682716715791
 21
120.7295279543665
  0
LINE
  5
2D8
100
AcDbEntity
  8
0
  6
CONTINUOUS
 62
    7
370
   -1
100
AcDbLine
 10
117.9482716715791
 20
120.7295279543665
 11
117.6582716715791
 21
120.7295279543665
  0
LINE
  5
2D9
100
AcDbEntity
  8
03_AXES
  6
CONTINUOUS
 62
    7
370
   -1
100
AcDbLine
 10
126.1582716715791
 20
168.1295279543665
 11
134.3682716715791
 21
168.1295279543665
  0
LINE
  5
2DA
100
AcDbEntity
  8
03_AXES
  6
CONTINUOUS
 62
    7
370
   -1
100
AcDbLine
 10
143.0155419593791
 20
99.83394981436649
 11
143.0880652969791
 21
99.8224770010665
  0
LINE
  5
2DB
100
AcDbEntity
  8
03_AXES
  6
CONTINUOUS
 62
    7
370
   -1
100
AcDbLine
 10
125.5462444043791
 20
99.8505888983665
 11
125.6155419593791
 21
99.83394981436649
  0
LINE
  5
2DC
100
AcDbEntity
  8
0
  6
CONTINUOUS
 62
    7
370
   -1
100
AcDbLine
 10
152.7482716715791
 20
100.6295279543665
 11
152.7482716715791
 21
133.9919960600665
  0
LINE
  5
2DD
100
AcDbEntity
  8
0
  6
CONTINUOUS
 62
    7
370
   -1
100
AcDbLine
 10
152.7482716715791
 20
148.8689567147665
 11
152.7482716715791
 21
185.6295279543665
  0
LINE
  5
2DE
100
AcDbEntity
  8
03_AXES
  6
CONTINUOUS
 62
    7
370
   -1
100
AcDbLine
 10
152.2582716715791
 20
100.9295279543665
 11
152.2582716715791
 21
133.9919960600665
  0
LINE
  5
2DF
100
AcDbEntity
  8
0
  6
CONTINUOUS
 62
    7
370
   -1
100
AcDbLine
 10
152.2582716715791
 20
100.9295279543665
 11
152.2582716715791
 21
133.9919960600665
  0
LINE
  5
2E0
100
AcDbEntity
  8
03_AXES
  6
CONTINUOUS
 62
    7
370
   -1
100
AcDbLine
 10
152.2582716715791
 20
141.4099144554665
 11
152.2582716715791
 21
185.3295279543665
  0
LINE
  5
2E1
100
AcDbEntity
  8
0
  6
CONTINUOUS
 62
    7
370
   -1
100
AcDbLine
 10
152.2582716715791
 20
144.2164278940665
 11
152.2582716715791
 21
185.3295279543665
  0
LINE
  5
2E2
100
AcDbEntity
  8
03_AXES
  6
CONTINUOUS
 62
    9
370
   -1
100
AcDbLine
 10
186.8582716715791
 20
163.8262451261665
 11
186.5682716715791
 21
163.8262451261665
  0
LINE
  5
2E3
100
AcDbEntity
  8
03_AXES
  6
CONTINUOUS
 62
    7
370
   -1
100
AcDbLine
 10
151.7682716715791
 20
100.6295279543665
 11
151.7682716715791
 21
133.9919960600665
  0
LINE
  5
2E4
100
AcDbEntity
  8
0
  6
CONTINUOUS
 62
    7
370
   -1
100
AcDbLine
 10
178.3582716715791
 20
165.6295279543665
 11
170.1482716715791
 21
165.6295279543665
  0
LINE
  5
2E5
100
AcDbEntity
  8
09_ROUNDS
  6
CONTINUOUS
 62
    7
370
   -1
100
AcDbLine
 10
149.7082716715791
 20
100.5295279543665
 11
149.7082716715791
 21
100.6295279543665
  0
LINE
  5
2E6
100
AcDbEntity
  8
03_AXES
  6
CONTINUOUS
 62
    9
370
   -1
100
AcDbLine
 10
186.5682716715791
 20
163.8365986614665
 11
178.3582716715791
 21
163.8365986614665
  0
LINE
  5
2E7
100
AcDbEntity
  8
03_AXES
  6
CONTINUOUS
 62
    7
370
   -1
100
AcDbLine
 10
148.3082716715791
 20
99.3027330351665
 11
148.3082716715791
 21
100.6295279543665
  0
LINE
  5
2E8
100
AcDbEntity
  8
03_AXES
  6
CONTINUOUS
 62
    7
370
   -1
100
AcDbLine
 10
148.3082716715791
 20
185.6295279543665
 11
148.3082716715791
 21
186.9563228736665
  0
LINE
  5
2E9
100
AcDbEntity
  8
03_AXES
  6
CONTINUOUS
 62
    7
370
   -1
100
AcDbLine
 10
148.0082716715791
 20
99.12952795436649
 11
148.0082716715791
 21
99.62952795436649
  0
LINE
  5
2EA
100
AcDbEntity
  8
03_AXES
  6
CONTINUOUS
 62
    9
370
   -1
100
AcDbLine
 10
147.6082716715791
 20
99.62952795436649
 11
147.6082716715791
 21
99.12952795436649
  0
LINE
  5
2EB
100
AcDbEntity
  8
0
  6
CONTINUOUS
 62
    7
370
   -1
100
AcDbLine
 10
135.3482716715791
 20
165.5295279543665
 11
135.0582716715791
 21
165.5295279543665
  0
LINE
  5
2EC
100
AcDbEntity
  8
03_AXES
  6
CONTINUOUS
 62
    7
370
   -1
100
AcDbLine
 10
126.1582716715791
 20
173.7749246298665
 11
125.5344085705791
 21
173.7339147627665
  0
LINE
  5
2ED
100
AcDbEntity
  8
03_AXES
  6
CONTINUOUS
 62
    7
370
   -1
100
AcDbLine
 10
144.0732716715791
 20
176.4938308172665
 11
144.0732716715791
 21
175.1065135193665
  0
LINE
  5
2EE
100
AcDbEntity
  8
0
  6
CONTINUOUS
 62
    7
370
   -1
100
AcDbLine
 10
186.2201341743791
 20
136.8752059121665
 11
185.3544579218791
 21
137.0301320485665
  0
LINE
  5
2EF
100
AcDbEntity
  8
03_AXES
  6
CONTINUOUS
 62
    7
370
   -1
100
AcDbLine
 10
144.0732716715791
 20
109.8716784693665
 11
144.0732716715791
 21
111.2525023894665
  0
LINE
  5
2F0
100
AcDbEntity
  8
03_AXES
  6
CONTINUOUS
 62
    7
370
   -1
100
AcDbLine
 10
143.9482716715791
 20
141.4117197035665
 11
143.9482716715791
 21
141.4099144554665
  0
LINE
  5
2F1
100
AcDbEntity
  8
09_ROUNDS
  6
CONTINUOUS
 62
    7
370
   -1
100
AcDbLine
 10
143.5582716715791
 20
173.8795279543665
 11
143.5582716715791
 21
173.8562339727665
  0
LINE
  5
2F2
100
AcDbEntity
  8
03_AXES
  6
CONTINUOUS
 62
    7
370
   -1
100
AcDbLine
 10
125.2579771829791
 20
100.0074337566665
 11
125.3061309758791
 21
99.9665984206665
  0
LINE
  5
2F3
100
AcDbEntity
  8
09_ROUNDS
  6
CONTINUOUS
 62
    7
370
   -1
100
AcDbLine
 10
159.2829046337791
 20
174.1013788962665
 11
159.2410229132791
 21
174.1251653225665
  0
LINE
  5
2F4
100
AcDbEntity
  8
0
  6
CONTINUOUS
 62
    7
370
   -1
100
AcDbLine
 10
126.1582716715791
 20
168.1295279543665
 11
117.9482716715791
 21
168.1295279543665
  0
LINE
  5
2F5
100
AcDbEntity
  8
09_ROUNDS
  6
CONTINUOUS
 62
    7
370
   -1
100
AcDbLine
 10
141.8410229132791
 20
174.1251653225665
 11
141.8020297083791
 21
174.1481986867665
  0
LINE
  5
2F6
100
AcDbEntity
  8
09_ROUNDS
  6
CONTINUOUS
 62
    7
370
   -1
100
AcDbLine
 10
141.8020297083791
 20
174.1481986867665
 11
141.7659018733791
 21
174.1703643725665
  0
LINE
  5
2F7
100
AcDbEntity
  8
09_ROUNDS
  6
CONTINUOUS
 62
    7
370
   -1
100
AcDbLine
 10
176.3612296067791
 20
174.3169361990665
 11
176.3507493953791
 21
174.3261552603665
  0
LINE
  5
2F8
100
AcDbEntity
  8
03_AXES
  6
CONTINUOUS
 62
    7
370
   -1
100
AcDbLine
 10
143.0432716715791
 20
176.4873374393665
 11
143.0432716715791
 21
175.1065135193665
  0
LINE
  5
2F9
100
AcDbEntity
  8
03_AXES
  6
CONTINUOUS
 62
    7
370
   -1
100
AcDbLine
 10
143.0432716715791
 20
109.8651850915665
 11
143.0432716715791
 21
111.2525023894665
  0
LINE
  5
2FA
100
AcDbEntity
  8
0
  6
CONTINUOUS
 62
    7
370
   -1
100
AcDbLine
 10
125.3281688543791
 20
178.5916837241665
 11
124.3374717099791
 21
179.4502879159665
  0
LINE
  5
2FB
100
AcDbEntity
  8
09_ROUNDS
  6
CONTINUOUS
 62
    7
370
   -1
100
AcDbLine
 10
124.1507493953791
 20
174.3261552603665
 11
124.1425393854791
 21
174.3336969930665
  0
ARC
  5
2FC
100
AcDbEntity
  8
03_AXES
  6
CONTINUOUS
 62
    7
370
   -1
100
AcDbCircle
 10
142.8432716715791
 20
109.8651850915665
 40
0.2
100
AcDbArc
 50
225.5729959992
 51
0
  0
LINE
  5
2FD
100
AcDbEntity
  8
02_PLANES
  6
CONTINUOUS
 62
    9
370
   -1
100
AcDbLine
 10
141.3582716715791
 20
100.5295279543665
 11
141.3582716715791
 21
100.6295279543665
  0
LINE
  5
2FE
100
AcDbEntity
  8
03_AXES
  6
CONTINUOUS
 62
    7
370
   -1
100
AcDbLine
 10
141.3482716715791
 20
141.4117197035665
 11
141.3482716715791
 21
141.4099144554665
  0
LINE
  5
2FF
100
AcDbEntity
  8
09_ROUNDS
  6
CONTINUOUS
 62
    7
370
   -1
100
AcDbLine
 10
140.9777565689791
 20
100.6295279543665
 11
140.9777565689791
 21
99.9494388426665
  0
LINE
  5
300
100
AcDbEntity
  8
0
  6
CONTINUOUS
 62
    7
370
   -1
100
AcDbLine
 10
159.1374717099791
 20
179.4502879159665
 11
160.0567105255791
 21
178.3896277441665
  0
LINE
  5
301
100
AcDbEntity
  8
0
  6
CONTINUOUS
 62
    7
370
   -1
100
AcDbLine
 10
161.8598328175791
 20
178.3896277441665
 11
162.7790716330791
 21
179.4502879159665
  0
LINE
  5
302
100
AcDbEntity
  8
0
  6
CONTINUOUS
 62
    7
370
   -1
100
AcDbLine
 10
160.0567105255791
 20
176.8693481646665
 11
159.1374717099791
 21
175.8086879928665
  0
LINE
  5
303
100
AcDbEntity
  8
09_ROUNDS
  6
CONTINUOUS
 62
    7
370
   -1
100
AcDbLine
 10
125.7540430324791
 20
173.7012815069665
 11
125.6559515738791
 21
173.7140649482665
  0
LINE
  5
304
100
AcDbEntity
  8
0
  6
CONTINUOUS
 62
    7
370
   -1
100
AcDbLine
 10
176.5374717099791
 20
175.8086879928665
 11
177.5442547799791
 21
176.6812333201665
  0
LINE
  5
305
100
AcDbEntity
  8
0
  6
CONTINUOUS
 62
    7
370
   -1
100
AcDbLine
 10
180.1790716330791
 20
179.4502879159665
 11
179.1867742702791
 21
178.5902968681665
  0
LINE
  5
306
100
AcDbEntity
  8
0
  6
CONTINUOUS
 62
    7
370
   -1
100
AcDbLine
 10
159.1374717099791
 20
175.8086879928665
 11
160.1442547799791
 21
176.6812333201665
  0
LINE
  5
307
100
AcDbEntity
  8
0
  6
CONTINUOUS
 62
    7
370
   -1
100
AcDbLine
 10
162.7790716330791
 20
179.4502879159665
 11
161.7867742702791
 21
178.5902968681665
  0
LINE
  5
308
100
AcDbEntity
  8
10_CHAMFER
  6
CONTINUOUS
 62
    7
370
   -1
100
AcDbLine
 10
173.9082716715791
 20
186.6295279543665
 11
173.6082716715791
 21
186.3845789801665
  0
LINE
  5
309
100
AcDbEntity
  8
09_ROUNDS
  6
CONTINUOUS
 62
    7
370
   -1
100
AcDbLine
 10
159.7232433778791
 20
173.8996638235665
 11
159.6577954029791
 21
173.9247370011665
  0
LINE
  5
30A
100
AcDbEntity
  8
09_ROUNDS
  6
CONTINUOUS
 62
    7
370
   -1
100
AcDbLine
 10
160.0975458251791
 20
173.7841981124665
 11
160.0162768379791
 21
173.8054294632665
  0
LINE
  5
30B
100
AcDbEntity
  8
0
  6
CONTINUOUS
 62
    9
370
   -1
100
AcDbLine
 10
117.9482716715791
 20
150.8608049000665
 11
117.6582716715791
 21
150.8608049000665
  0
LINE
  5
30C
100
AcDbEntity
  8
0
  6
CONTINUOUS
 62
    9
370
   -1
100
AcDbLine
 10
126.1582716715791
 20
122.4219330176665
 11
117.9482716715791
 21
122.4219330176665
  0
LINE
  5
30D
100
AcDbEntity
  8
0
  6
CONTINUOUS
 62
    9
370
   -1
100
AcDbLine
 10
170.1482716715791
 20
122.4323127645665
 11
169.8582716715791
 21
122.4323127645665
  0
LINE
  5
30E
100
AcDbEntity
  8
03_AXES
  6
CONTINUOUS
 62
    9
370
   -1
100
AcDbLine
 10
169.4582716715791
 20
122.4323127645665
 11
169.1682716715791
 21
122.4323127645665
  0
LINE
  5
30F
100
AcDbEntity
  8
0
  6
CONTINUOUS
 62
    9
370
   -1
100
AcDbLine
 10
152.7482716715791
 20
122.4323127645665
 11
152.4582716715791
 21
122.4323127645665
  0
LINE
  5
310
100
AcDbEntity
  8
03_AXES
  6
CONTINUOUS
 62
    9
370
   -1
100
AcDbLine
 10
134.6582716715791
 20
122.4323127645665
 11
134.3682716715791
 21
122.4323127645665
  0
LINE
  5
311
100
AcDbEntity
  8
0
  6
CONTINUOUS
 62
    7
370
   -1
100
AcDbLine
 10
127.0598328175791
 20
178.3896277441665
 11
127.9790716330791
 21
179.4502879159665
  0
LINE
  5
312
100
AcDbEntity
  8
09_ROUNDS
  6
CONTINUOUS
 62
    7
370
   -1
100
AcDbLine
 10
177.6700082880791
 20
173.7457702476665
 11
177.5821085917791
 21
173.7642468524665
  0
SPLINE
  5
313
100
AcDbEntity
  8
09_ROUNDS
  6
CONTINUOUS
 62
    9
370
   -1
100
AcDbSpline
210
0
220
0
230
0
 70
 4096
 71
    3
 72
   15
 73
   11
 74
    0
 42
1e-07
 43
1e-07
 40
0
 40
0
 40
0
 40
0
 40
0.0192911937
 40
0.0442467107
 40
0.1119942033
 40
0.2038375766
 40
0.319395601
 40
0.4579042229
 40
0.6183395807000001
 40
1
 40
1
 40
1
 40
1
 10
158.8594807561791
 20
174.4424227425665
 30
0
 10
158.8622246150791
 20
174.4427063553665
 30
0
 10
158.8685936029791
 20
174.4425208070665
 30
0
 10
158.8844194810791
 20
174.4399836764665
 30
0
 10
158.9098220153791
 20
174.4325567888665
 30
0
 10
158.9467841260791
 20
174.4190970546665
 30
0
 10
158.9926235662791
 20
174.4004807329665
 30
0
 10
159.0471466955791
 20
174.3772437539665
 30
0
 10
159.1364385357791
 20
174.3385346433665
 30
0
 10
159.2076806019791
 20
174.3079775502665
 30
0
 10
159.2580982317791
 20
174.2870871884665
 30
0
  0
SPLINE
  5
314
100
AcDbEntity
  8
09_ROUNDS
  6
CONTINUOUS
 62
    9
370
   -1
100
AcDbSpline
210
0
220
0
230
0
 70
 4096
 71
    3
 72
    9
 73
    5
 74
    0
 42
1e-07
 43
1e-07
 40
0
 40
0
 40
0
 40
0
 40
0.5123938697
 40
1
 40
1
 40
1
 40
1
 10
160.9230266225791
 20
173.6762544087665
 30
0
 10
160.7282650069791
 20
173.6793739763665
 30
0
 10
160.3480212625791
 20
173.7154402112665
 30
0
 10
159.9781101202791
 20
173.8102514686665
 30
0
 10
159.8027827319791
 20
173.8704174649665
 30
0
  0
ARC
  5
315
100
AcDbEntity
  8
0
  6
CONTINUOUS
 62
    7
370
   -1
100
AcDbCircle
 10
160.9582716715791
 20
177.6294879543665
 40
2.1192825112
100
AcDbArc
 50
342.1390747507
 51
17.8609252493
  0
LINE
  5
316
100
AcDbEntity
  8
03_AXES
  6
CONTINUOUS
 62
    7
370
   -1
100
AcDbLine
 10
160.9582716715791
 20
127.6295279543665
 11
169.1682716715791
 21
127.6295279543665
  0
LINE
  5
317
100
AcDbEntity
  8
03_AXES
  6
CONTINUOUS
 62
    7
370
   -1
100
AcDbLine
 10
178.3582716715791
 20
127.6295279543665
 11
186.5682716715791
 21
127.6295279543665
  0
LINE
  5
318
100
AcDbEntity
  8
09_ROUNDS
  6
CONTINUOUS
 62
    7
370
   -1
100
AcDbLine
 10
124.7359902777791
 20
173.9756681233665
 11
124.6795501874791
 21
174.0012563178665
  0
LINE
  5
319
100
AcDbEntity
  8
0
  6
CONTINUOUS
 62
    7
370
   -1
100
AcDbLine
 10
178.3582716715791
 20
127.6295279543665
 11
170.1482716715791
 21
127.6295279543665
  0
LINE
  5
31A
100
AcDbEntity
  8
09_ROUNDS
  6
CONTINUOUS
 62
    7
370
   -1
100
AcDbLine
 10
142.3232433778791
 20
173.8996638235665
 11
142.2577954029791
 21
173.9247370011665
  0
ARC
  5
31B
100
AcDbEntity
  8
0
  6
CONTINUOUS
 62
    7
370
   -1
100
AcDbCircle
 10
125.1632716715791
 20
109.5795279543665
 40
0.2
100
AcDbArc
 50
270
 51
45.57299599919998
  0
LINE
  5
31C
100
AcDbEntity
  8
0
  6
CONTINUOUS
 62
    7
370
   -1
100
AcDbLine
 10
160.9582716715791
 20
127.6295279543665
 11
152.7482716715791
 21
127.6295279543665
  0
LINE
  5
31D
100
AcDbEntity
  8
0
  6
CONTINUOUS
 62
    7
370
   -1
100
AcDbLine
 10
126.1582716715791
 20
127.6295279543665
 11
117.9482716715791
 21
127.6295279543665
  0
LINE
  5
31E
100
AcDbEntity
  8
09_ROUNDS
  6
CONTINUOUS
 62
    7
370
   -1
100
AcDbLine
 10
159.6577954029791
 20
173.9247370011665
 11
159.5953925748791
 21
173.9501182005665
  0
LINE
  5
31F
100
AcDbEntity
  8
03_AXES
  6
CONTINUOUS
 62
    7
370
   -1
100
AcDbLine
 10
186.8582716715791
 20
127.7295279543665
 11
186.5682716715791
 21
127.7295279543665
  0
LINE
  5
320
100
AcDbEntity
  8
03_AXES
  6
CONTINUOUS
 62
    7
370
   -1
100
AcDbLine
 10
169.4582716715791
 20
127.7295279543665
 11
169.1682716715791
 21
127.7295279543665
  0
LINE
  5
321
100
AcDbEntity
  8
0
  6
CONTINUOUS
 62
    7
370
   -1
100
AcDbLine
 10
135.3482716715791
 20
127.7295279543665
 11
135.0582716715791
 21
127.7295279543665
  0
LINE
  5
322
100
AcDbEntity
  8
03_AXES
  6
CONTINUOUS
 62
    7
370
   -1
100
AcDbLine
 10
134.6582716715791
 20
127.7295279543665
 11
134.3682716715791
 21
127.7295279543665
  0
LINE
  5
323
100
AcDbEntity
  8
0
  6
CONTINUOUS
 62
    3
370
   -1
100
AcDbLine
 10
118.5582716715791
 20
133.9919960600665
 11
184.5301936785791
 21
133.9919960600665
  0
LINE
  5
324
100
AcDbEntity
  8
09_ROUNDS
  6
CONTINUOUS
 62
    7
370
   -1
100
AcDbLine
 10
124.6260218532791
 20
174.0267604145665
 11
124.5754025544791
 21
174.0520417443665
  0
LINE
  5
325
100
AcDbEntity
  8
03_AXES
  6
CONTINUOUS
 62
    9
370
   -1
100
AcDbLine
 10
186.2582716715791
 20
135.3943834364665
 11
186.5682716715791
 21
135.3943834364665
  0
LINE
  5
326
100
AcDbEntity
  8
0
  6
CONTINUOUS
 62
    9
370
   -1
100
AcDbLine
 10
118.5582716715791
 20
135.3943834364665
 11
117.9482716715791
 21
135.3943834364665
  0
LINE
  5
327
100
AcDbEntity
  8
0
  6
CONTINUOUS
 62
    9
370
   -1
100
AcDbLine
 10
117.9482716715791
 20
135.3982512110665
 11
117.6582716715791
 21
135.3982512110665
  0
LINE
  5
328
100
AcDbEntity
  8
0
  6
CONTINUOUS
 62
    7
370
   -1
100
AcDbLine
 10
161.7477303198791
 20
109.6017702418665
 11
161.8598328175791
 21
109.4896677441665
  0
LINE
  5
329
100
AcDbEntity
  8
03_AXES
  6
CONTINUOUS
 62
    7
370
   -1
100
AcDbLine
 10
177.4161004769791
 20
100.0522665281665
 11
177.4579771829791
 21
100.0074337566665
  0
LINE
  5
32A
100
AcDbEntity
  8
03_AXES
  6
CONTINUOUS
 62
    9
370
   -1
100
AcDbLine
 10
147.3082716715791
 20
186.8295279543665
 11
143.5582716715791
 21
186.8295279543665
  0
LINE
  5
32B
100
AcDbEntity
  8
09_ROUNDS
  6
CONTINUOUS
 62
    9
370
   -1
100
AcDbLine
 10
122.1082716715791
 20
99.12952795436649
 11
122.1082716715791
 21
99.62952795436649
  0
LINE
  5
32C
100
AcDbEntity
  8
0
  6
CONTINUOUS
 62
    7
370
   -1
100
AcDbLine
 10
185.0582716715791
 20
140.7092263033665
 11
184.2582716715791
 21
140.7092263033665
  0
LINE
  5
32D
100
AcDbEntity
  8
03_AXES
  6
CONTINUOUS
 62
    7
370
   -1
100
AcDbLine
 10
160.3462444043791
 20
99.8505888983665
 11
160.4155419593791
 21
99.83394981436649
  0
LINE
  5
32E
100
AcDbEntity
  8
03_AXES
  6
CONTINUOUS
 62
    7
370
   -1
100
AcDbLine
 10
177.7462444043791
 20
99.8505888983665
 11
177.8155419593791
 21
99.83394981436649
  0
LINE
  5
32F
100
AcDbEntity
  8
03_AXES
  6
CONTINUOUS
 62
    7
370
   -1
100
AcDbLine
 10
125.4802191345791
 20
99.87226415936649
 11
125.5462444043791
 21
99.8505888983665
  0
LINE
  5
330
100
AcDbEntity
  8
03_AXES
  6
CONTINUOUS
 62
    7
370
   -1
100
AcDbLine
 10
142.8178670654791
 20
99.89887310706651
 11
142.8802191345791
 21
99.87226415936649
  0
LINE
  5
331
100
AcDbEntity
  8
10_CHAMFER
  6
CONTINUOUS
 62
    7
370
   -1
100
AcDbLine
 10
121.7082716715791
 20
187.1295279543665
 11
121.4082716715791
 21
186.9563228736665
  0
LINE
  5
332
100
AcDbEntity
  8
03_AXES
  6
CONTINUOUS
 62
    9
370
   -1
100
AcDbLine
 10
126.3530530655791
 20
173.7166203161665
 11
126.1582716715791
 21
173.7148141316665
  0
LINE
  5
333
100
AcDbEntity
  8
09_ROUNDS
  6
CONTINUOUS
 62
    7
370
   -1
100
AcDbLine
 10
159.0491422579791
 20
174.2484634722665
 11
159.0266136966791
 21
174.2649539754665
  0
LINE
  5
334
100
AcDbEntity
  8
03_AXES
  6
CONTINUOUS
 62
    7
370
   -1
100
AcDbLine
 10
165.0082716715791
 20
186.6295279543665
 11
165.7082716715791
 21
186.6295279543665
  0
LINE
  5
335
100
AcDbEntity
  8
0
  6
CONTINUOUS
 62
    7
370
   -1
100
AcDbLine
 10
152.7482716715791
 20
168.1260358774665
 11
152.4582716715791
 21
168.1260358774665
  0
LINE
  5
336
100
AcDbEntity
  8
03_AXES
  6
CONTINUOUS
 62
    7
370
   -1
100
AcDbLine
 10
140.0482716715791
 20
141.4117197035665
 11
140.0482716715791
 21
141.4099144554665
  0
LINE
  5
337
100
AcDbEntity
  8
09_ROUNDS
  6
CONTINUOUS
 62
    7
370
   -1
100
AcDbLine
 10
139.8082716715791
 20
99.42952795436649
 11
139.8082716715791
 21
100.6295279543665
  0
LINE
  5
338
100
AcDbEntity
  8
09_ROUNDS
  6
CONTINUOUS
 62
    9
370
   -1
100
AcDbLine
 10
139.5082716715791
 20
186.6295279543665
 11
139.5082716715791
 21
187.1295279543665
  0
LINE
  5
339
100
AcDbEntity
  8
02_PLANES
  6
CONTINUOUS
 62
    7
370
   -1
100
AcDbLine
 10
137.4082716715791
 20
100.5295279543665
 11
137.4082716715791
 21
100.6295279543665
  0
LINE
  5
33A
100
AcDbEntity
  8
03_AXES
  6
CONTINUOUS
 62
    7
370
   -1
100
AcDbLine
 10
159.9540200272791
 20
100.1499091257665
 11
159.9812595372791
 21
100.1002072899665
  0
LINE
  5
33B
100
AcDbEntity
  8
0
  6
CONTINUOUS
 62
    7
370
   -1
100
AcDbLine
 10
135.3482716715791
 20
100.6295279543665
 11
135.3482716715791
 21
133.9919960600665
  0
LINE
  5
33C
100
AcDbEntity
  8
0
  6
CONTINUOUS
 62
    7
370
   -1
100
AcDbLine
 10
135.3482716715791
 20
148.8689567147665
 11
135.3482716715791
 21
185.6295279543665
  0
LINE
  5
33D
100
AcDbEntity
  8
0
  6
CONTINUOUS
 62
    7
370
   -1
100
AcDbLine
 10
134.8582716715791
 20
100.9295279543665
 11
134.8582716715791
 21
133.9919960600665
  0
LINE
  5
33E
100
AcDbEntity
  8
03_AXES
  6
CONTINUOUS
 62
    7
370
   -1
100
AcDbLine
 10
130.9082716715791
 20
99.3027330351665
 11
130.9082716715791
 21
100.6295279543665
  0
LINE
  5
33F
100
AcDbEntity
  8
03_AXES
  6
CONTINUOUS
 62
    7
370
   -1
100
AcDbLine
 10
130.9082716715791
 20
185.6295279543665
 11
130.9082716715791
 21
186.9563228736665
  0
LINE
  5
340
100
AcDbEntity
  8
03_AXES
  6
CONTINUOUS
 62
    9
370
   -1
100
AcDbLine
 10
130.2082716715791
 20
99.62952795436649
 11
130.2082716715791
 21
99.12952795436649
  0
LINE
  5
341
100
AcDbEntity
  8
03_AXES
  6
CONTINUOUS
 62
    7
370
   -1
100
AcDbLine
 10
126.6732716715791
 20
176.4938308172665
 11
126.6732716715791
 21
175.1065135193665
  0
LINE
  5
342
100
AcDbEntity
  8
09_ROUNDS
  6
CONTINUOUS
 62
    7
370
   -1
100
AcDbLine
 10
126.1582716715791
 20
173.8795279543665
 11
126.1582716715791
 21
173.8562339727665
  0
LINE
  5
343
100
AcDbEntity
  8
0
  6
CONTINUOUS
 62
    9
370
   -1
100
AcDbLine
 10
178.3582716715791
 20
149.1037895732665
 11
170.1482716715791
 21
149.1037895732665
  0
LINE
  5
344
100
AcDbEntity
  8
09_ROUNDS
  6
CONTINUOUS
 62
    7
370
   -1
100
AcDbLine
 10
141.5507493953791
 20
174.3261552603665
 11
141.5425393854791
 21
174.3336969930665
  0
ARC
  5
345
100
AcDbEntity
  8
03_AXES
  6
CONTINUOUS
 62
    7
370
   -1
100
AcDbCircle
 10
143.8286793005791
 20
141.4117200150665
 40
0.119592371
100
AcDbArc
 50
359.1341070325
 51
359.99985078
  0
LINE
  5
346
100
AcDbEntity
  8
03_AXES
  6
CONTINUOUS
 62
    7
370
   -1
100
AcDbLine
 10
130.6082716715791
 20
187.1295279543665
 11
126.1582716715791
 21
187.1295279543665
  0
LINE
  5
347
100
AcDbEntity
  8
03_AXES
  6
CONTINUOUS
 62
    7
370
   -1
100
AcDbLine
 10
146.7439350059791
 20
176.9794879543665
 11
144.5532716715791
 21
176.9794879543665
  0
LINE
  5
348
100
AcDbEntity
  8
0
  6
CONTINUOUS
 62
    7
370
   -1
100
AcDbLine
 10
142.6567105255791
 20
176.8693481646665
 11
141.7374717099791
 21
175.8086879928665
  0
LINE
  5
349
100
AcDbEntity
  8
0
  6
CONTINUOUS
 62
    7
370
   -1
100
AcDbLine
 10
141.7374717099791
 20
175.8086879928665
 11
142.7442547799791
 21
176.6812333201665
  0
LINE
  5
34A
100
AcDbEntity
  8
0
  6
CONTINUOUS
 62
    7
370
   -1
100
AcDbLine
 10
145.3790716330791
 20
179.4502879159665
 11
144.3867742702791
 21
178.5902968681665
  0
LINE
  5
34B
100
AcDbEntity
  8
10_CHAMFER
  6
CONTINUOUS
 62
    7
370
   -1
100
AcDbLine
 10
156.5082716715791
 20
186.6295279543665
 11
156.2082716715791
 21
186.3845789801665
  0
LINE
  5
34C
100
AcDbEntity
  8
09_ROUNDS
  6
CONTINUOUS
 62
    7
370
   -1
100
AcDbLine
 10
177.8559515738791
 20
173.7140649482665
 11
177.7612802183791
 21
173.7289697010665
  0
ARC
  5
34D
100
AcDbEntity
  8
03_AXES
  6
CONTINUOUS
 62
    7
370
   -1
100
AcDbCircle
 10
125.4432716715791
 20
107.5938708172665
 40
0.2
100
AcDbArc
 50
0
 51
134.4270040008
  0
LINE
  5
34E
100
AcDbEntity
  8
03_AXES
  6
CONTINUOUS
 62
    9
370
   -1
100
AcDbLine
 10
186.6092621727791
 20
137.2471780527665
 11
186.5682716715791
 21
137.2471780527665
  0
LINE
  5
34F
100
AcDbEntity
  8
09_ROUNDS
  6
CONTINUOUS
 62
    9
370
   -1
100
AcDbLine
 10
185.0582716715791
 20
138.9653511819665
 11
184.3947483032791
 21
138.9653511819665
  0
LINE
  5
350
100
AcDbEntity
  8
0
  6
CONTINUOUS
 62
    3
370
   -1
100
AcDbLine
 10
120.6582716715791
 20
140.0638894284665
 11
121.6582716715791
 21
140.0638894284665
  0
LINE
  5
351
100
AcDbEntity
  8
0
  6
CONTINUOUS
 62
    3
370
   -1
100
AcDbLine
 10
123.6582716715791
 20
140.5109346172665
 11
121.6582716715791
 21
140.5109346172665
  0
ARC
  5
352
100
AcDbEntity
  8
03_AXES
  6
CONTINUOUS
 62
    7
370
   -1
100
AcDbCircle
 10
160.9582716715791
 20
177.6294879543665
 40
1.22
100
AcDbArc
 50
147.8060524557
 51
180
  0
LINE
  5
353
100
AcDbEntity
  8
0
  6
CONTINUOUS
 62
    3
370
   -1
100
AcDbLine
 10
184.2582716715791
 20
141.4099144554665
 11
179.1582716715791
 21
141.4099144554665
  0
LINE
  5
354
100
AcDbEntity
  8
03_AXES
  6
CONTINUOUS
 62
    9
370
   -1
100
AcDbLine
 10
186.6092621727791
 20
149.0118778560665
 11
186.5682716715791
 21
149.0118778560665
  0
LINE
  5
355
100
AcDbEntity
  8
09_ROUNDS
  6
CONTINUOUS
 62
    7
370
   -1
100
AcDbLine
 10
159.2410229132791
 20
174.1251653225665
 11
159.2020297083791
 21
174.1481986867665
  0
LINE
  5
356
100
AcDbEntity
  8
0
  6
CONTINUOUS
 62
    9
370
   -1
100
AcDbLine
 10
135.3482716715791
 20
149.0118778560665
 11
135.3072811703791
 21
149.0118778560665
  0
LINE
  5
357
100
AcDbEntity
  8
03_AXES
  6
CONTINUOUS
 62
    9
370
   -1
100
AcDbLine
 10
178.3582716715791
 20
149.1037895732665
 11
186.5682716715791
 21
149.1037895732665
  0
LINE
  5
358
100
AcDbEntity
  8
0
  6
CONTINUOUS
 62
    9
370
   -1
100
AcDbLine
 10
143.5582716715791
 20
149.1037895732665
 11
135.3482716715791
 21
149.1037895732665
  0
LINE
  5
359
100
AcDbEntity
  8
0
  6
CONTINUOUS
 62
    9
370
   -1
100
AcDbLine
 10
170.1482716715791
 20
150.8608049000665
 11
169.8582716715791
 21
150.8608049000665
  0
LINE
  5
35A
100
AcDbEntity
  8
03_AXES
  6
CONTINUOUS
 62
    9
370
   -1
100
AcDbLine
 10
169.4582716715791
 20
150.8608049000665
 11
169.1682716715791
 21
150.8608049000665
  0
LINE
  5
35B
100
AcDbEntity
  8
0
  6
CONTINUOUS
 62
    9
370
   -1
100
AcDbLine
 10
152.7482716715791
 20
150.8608049000665
 11
152.4582716715791
 21
150.8608049000665
  0
LINE
  5
35C
100
AcDbEntity
  8
03_AXES
  6
CONTINUOUS
 62
    9
370
   -1
100
AcDbLine
 10
152.0582716715791
 20
150.8608049000665
 11
151.7682716715791
 21
150.8608049000665
  0
LINE
  5
35D
100
AcDbEntity
  8
03_AXES
  6
CONTINUOUS
 62
    7
370
   -1
100
AcDbLine
 10
160.9582716715791
 20
185.6295279543665
 11
169.1682716715791
 21
185.6295279543665
  0
LINE
  5
35E
100
AcDbEntity
  8
03_AXES
  6
CONTINUOUS
 62
    9
370
   -1
100
AcDbLine
 10
134.6582716715791
 20
150.8608049000665
 11
134.3682716715791
 21
150.8608049000665
  0
LINE
  5
35F
100
AcDbEntity
  8
03_AXES
  6
CONTINUOUS
 62
    9
370
   -1
100
AcDbLine
 10
186.5682716715791
 20
150.8646724723665
 11
178.3582716715791
 21
150.8646724723665
  0
LINE
  5
360
100
AcDbEntity
  8
0
  6
CONTINUOUS
 62
    9
370
   -1
100
AcDbLine
 10
143.5582716715791
 20
150.8646724723665
 11
135.3482716715791
 21
150.8646724723665
  0
LINE
  5
361
100
AcDbEntity
  8
03_AXES
  6
CONTINUOUS
 62
    7
370
   -1
100
AcDbLine
 10
177.6802191345791
 20
99.87226415936649
 11
177.7462444043791
 21
99.8505888983665
  0
LINE
  5
362
100
AcDbEntity
  8
09_ROUNDS
  6
CONTINUOUS
 62
    7
370
   -1
100
AcDbLine
 10
176.4742758595791
 20
174.2306883736665
 11
176.4491422579791
 21
174.2484634722665
  0
LINE
  5
363
100
AcDbEntity
  8
03_AXES
  6
CONTINUOUS
 62
    7
370
   -1
100
AcDbLine
 10
142.7596601007791
 20
99.93034206236651
 11
142.8178670654791
 21
99.89887310706651
  0
LINE
  5
364
100
AcDbEntity
  8
09_ROUNDS
  6
CONTINUOUS
 62
    7
370
   -1
100
AcDbLine
 10
176.3891043431791
 20
174.2938519245665
 11
176.3739979050791
 21
174.3061451850665
  0
LINE
  5
365
100
AcDbEntity
  8
10_CHAMFER
  6
CONTINUOUS
 62
    7
370
   -1
100
AcDbLine
 10
121.7082716715791
 20
99.12952795436649
 11
121.4082716715791
 21
99.3027330351665
  0
LINE
  5
366
100
AcDbEntity
  8
0
  6
CONTINUOUS
 62
    9
370
   -1
100
AcDbLine
 10
117.6582716715791
 20
100.7295279543665
 11
117.6582716715791
 21
136.6745449481665
  0
LINE
  5
367
100
AcDbEntity
  8
0
  6
CONTINUOUS
 62
    9
370
   -1
100
AcDbLine
 10
117.6582716715791
 20
149.5845109605665
 11
117.6582716715791
 21
185.5295279543665
  0
LINE
  5
368
100
AcDbEntity
  8
09_ROUNDS
  6
CONTINUOUS
 62
    7
370
   -1
100
AcDbLine
 10
143.5582716715791
 20
187.1295279543665
 11
139.1082716715791
 21
187.1295279543665
  0
LINE
  5
369
100
AcDbEntity
  8
0
  6
CONTINUOUS
 62
    7
370
   -1
100
AcDbLine
 10
127.0598328175791
 20
176.8693481646665
 11
126.9539171568791
 21
176.7634325039665
  0
ARC
  5
36A
100
AcDbEntity
  8
03_AXES
  6
CONTINUOUS
 62
    7
370
   -1
100
AcDbCircle
 10
130.2082716715791
 20
99.42952795436649
 40
0.3
100
AcDbArc
 50
180
 51
270
  0
LINE
  5
36B
100
AcDbEntity
  8
0
  6
CONTINUOUS
 62
    7
370
   -1
100
AcDbLine
 10
125.2567105255791
 20
178.3896277441665
 11
125.3620062965791
 21
178.4949235151665
  0
LINE
  5
36C
100
AcDbEntity
  8
0
  6
CONTINUOUS
 62
    7
370
   -1
100
AcDbLine
 10
124.3374717099791
 20
175.8086879928665
 11
125.3442547799791
 21
176.6812333201665
  0
LINE
  5
36D
100
AcDbEntity
  8
09_ROUNDS
  6
CONTINUOUS
 62
    7
370
   -1
100
AcDbLine
 10
124.1328789672791
 20
174.3431963787665
 11
124.1321223050791
 21
174.3439988338665
  0
LINE
  5
36E
100
AcDbEntity
  8
09_ROUNDS
  6
CONTINUOUS
 62
    7
370
   -1
100
AcDbLine
 10
178.1605170569791
 20
173.6830646492665
 11
178.0555649270791
 21
173.6908639552665
  0
LINE
  5
36F
100
AcDbEntity
  8
10_CHAMFER
  6
CONTINUOUS
 62
    7
370
   -1
100
AcDbLine
 10
156.5082716715791
 20
187.1295279543665
 11
156.2082716715791
 21
186.9563228736665
  0
ARC
  5
370
100
AcDbEntity
  8
0
  6
CONTINUOUS
 62
    7
370
   -1
100
AcDbCircle
 10
126.1582716715791
 20
108.7295279543665
 40
2.1192825112
100
AcDbArc
 50
162.1390747507
 51
197.8609252493
  0
LINE
  5
371
100
AcDbEntity
  8
09_ROUNDS
  6
CONTINUOUS
 62
    7
370
   -1
100
AcDbLine
 10
160.4559515738791
 20
173.7140649482665
 11
160.3612802183791
 21
173.7289697010665
  0
ARC
  5
372
100
AcDbEntity
  8
0
  6
CONTINUOUS
 62
    7
370
   -1
100
AcDbCircle
 10
178.3582716715791
 20
108.7295279543665
 40
1.22
100
AcDbArc
 50
0
 51
32.19394754429997
  0
LINE
  5
373
100
AcDbEntity
  8
03_AXES
  6
CONTINUOUS
 62
    7
370
   -1
100
AcDbLine
 10
140.3739350059791
 20
178.2794879543665
 11
142.5626028275791
 21
178.2794879543665
  0
LINE
  5
374
100
AcDbEntity
  8
0
  6
CONTINUOUS
 62
    9
370
   -1
100
AcDbLine
 10
170.1482716715791
 20
163.8262451261665
 11
169.8582716715791
 21
163.8262451261665
  0
LINE
  5
375
100
AcDbEntity
  8
03_AXES
  6
CONTINUOUS
 62
    9
370
   -1
100
AcDbLine
 10
152.0582716715791
 20
163.8262451261665
 11
151.7682716715791
 21
163.8262451261665
  0
LINE
  5
376
100
AcDbEntity
  8
03_AXES
  6
CONTINUOUS
 62
    9
370
   -1
100
AcDbLine
 10
134.6582716715791
 20
163.8262451261665
 11
134.3682716715791
 21
163.8262451261665
  0
LINE
  5
377
100
AcDbEntity
  8
03_AXES
  6
CONTINUOUS
 62
    9
370
   -1
100
AcDbLine
 10
169.1682716715791
 20
163.8365986614665
 11
160.9582716715791
 21
163.8365986614665
  0
LINE
  5
378
100
AcDbEntity
  8
0
  6
CONTINUOUS
 62
    9
370
   -1
100
AcDbLine
 10
160.9582716715791
 20
163.8365986614665
 11
152.7482716715791
 21
163.8365986614665
  0
LINE
  5
379
100
AcDbEntity
  8
03_AXES
  6
CONTINUOUS
 62
    9
370
   -1
100
AcDbLine
 10
151.7682716715791
 20
163.8365986614665
 11
143.5582716715791
 21
163.8365986614665
  0
LINE
  5
37A
100
AcDbEntity
  8
0
  6
CONTINUOUS
 62
    9
370
   -1
100
AcDbLine
 10
143.5582716715791
 20
163.8365986614665
 11
135.3482716715791
 21
163.8365986614665
  0
LINE
  5
37B
100
AcDbEntity
  8
10_CHAMFER
  6
CONTINUOUS
 62
    9
370
   -1
100
AcDbLine
 10
176.5866604346791
 20
174.1279517018665
 11
176.4741806270791
 21
174.1295982992665
  0
LINE
  5
37C
100
AcDbEntity
  8
0
  6
CONTINUOUS
 62
    9
370
   -1
100
AcDbLine
 10
126.1582716715791
 20
163.8365986614665
 11
117.9482716715791
 21
163.8365986614665
  0
LINE
  5
37D
100
AcDbEntity
  8
0
  6
CONTINUOUS
 62
    7
370
   -1
100
AcDbLine
 10
170.1482716715791
 20
165.5295279543665
 11
169.8582716715791
 21
165.5295279543665
  0
LINE
  5
37E
100
AcDbEntity
  8
0
  6
CONTINUOUS
 62
    7
370
   -1
100
AcDbLine
 10
152.7482716715791
 20
165.5295279543665
 11
152.4582716715791
 21
165.5295279543665
  0
LINE
  5
37F
100
AcDbEntity
  8
0
  6
CONTINUOUS
 62
    7
370
   -1
100
AcDbLine
 10
143.5582716715791
 20
165.6295279543665
 11
135.3482716715791
 21
165.6295279543665
  0
LINE
  5
380
100
AcDbEntity
  8
10_CHAMFER
  6
CONTINUOUS
 62
    7
370
   -1
100
AcDbLine
 10
173.9082716715791
 20
99.12952795436649
 11
173.6082716715791
 21
99.3027330351665
  0
LINE
  5
381
100
AcDbEntity
  8
03_AXES
  6
CONTINUOUS
 62
    7
370
   -1
100
AcDbLine
 10
125.1216058342791
 20
100.2515050216665
 11
125.1342710988791
 21
100.2004552348665
  0
LINE
  5
382
100
AcDbEntity
  8
09_ROUNDS
  6
CONTINUOUS
 62
    7
370
   -1
100
AcDbLine
 10
124.3659018733791
 20
174.1703643725665
 11
124.3325968109791
 21
174.1915625911665
  0
LINE
  5
383
100
AcDbEntity
  8
09_ROUNDS
  6
CONTINUOUS
 62
    7
370
   -1
100
AcDbLine
 10
124.4020297083791
 20
174.1481986867665
 11
124.3659018733791
 21
174.1703643725665
  0
LINE
  5
384
100
AcDbEntity
  8
0
  6
CONTINUOUS
 62
    7
370
   -1
100
AcDbLine
 10
177.5297690727791
 20
109.6903368681665
 11
176.5374717099791
 21
110.5503279159665
  0
LINE
  5
385
100
AcDbEntity
  8
09_ROUNDS
  6
CONTINUOUS
 62
    7
370
   -1
100
AcDbLine
 10
176.8795501874791
 20
174.0012563178665
 11
176.8260218532791
 21
174.0267604145665
  0
LINE
  5
386
100
AcDbEntity
  8
03_AXES
  6
CONTINUOUS
 62
    7
370
   -1
100
AcDbLine
 10
186.8582716715791
 20
168.1260358774665
 11
186.5682716715791
 21
168.1260358774665
  0
LINE
  5
387
100
AcDbEntity
  8
09_ROUNDS
  6
CONTINUOUS
 62
    7
370
   -1
100
AcDbLine
 10
176.7276942004791
 20
174.0769619716665
 11
176.6829046337791
 21
174.1013788962665
  0
LINE
  5
388
100
AcDbEntity
  8
03_AXES
  6
CONTINUOUS
 62
    7
370
   -1
100
AcDbLine
 10
148.3082716715791
 20
186.9563228736665
 11
148.0082716715791
 21
187.1295279543665
  0
LINE
  5
389
100
AcDbEntity
  8
03_AXES
  6
CONTINUOUS
 62
    7
370
   -1
100
AcDbLine
 10
147.6082716715791
 20
186.6295279543665
 11
148.3082716715791
 21
186.6295279543665
  0
LINE
  5
38A
100
AcDbEntity
  8
09_ROUNDS
  6
CONTINUOUS
 62
    7
370
   -1
100
AcDbLine
 10
176.7754025544791
 20
174.0520417443665
 11
176.7276942004791
 21
174.0769619716665
  0
LINE
  5
38B
100
AcDbEntity
  8
09_ROUNDS
  6
CONTINUOUS
 62
    7
370
   -1
100
AcDbLine
 10
176.5020733568791
 20
174.2116975289665
 11
176.4742758595791
 21
174.2306883736665
  0
LINE
  5
38C
100
AcDbEntity
  8
03_AXES
  6
CONTINUOUS
 62
    7
370
   -1
100
AcDbLine
 10
162.3415692947791
 20
173.9415998098665
 11
161.8857330002791
 21
173.9376217867665
  0
LINE
  5
38D
100
AcDbEntity
  8
09_ROUNDS
  6
CONTINUOUS
 62
    9
370
   -1
100
AcDbLine
 10
126.1582716715791
 20
186.8295279543665
 11
122.4082716715791
 21
186.8295279543665
  0
LINE
  5
38E
100
AcDbEntity
  8
09_ROUNDS
  6
CONTINUOUS
 62
    7
370
   -1
100
AcDbLine
 10
158.9612296067791
 20
174.3169361990665
 11
158.9507493953791
 21
174.3261552603665
  0
LINE
  5
38F
100
AcDbEntity
  8
09_ROUNDS
  6
CONTINUOUS
 62
    7
370
   -1
100
AcDbLine
 10
178.3582716715791
 20
187.1295279543665
 11
173.9082716715791
 21
187.1295279543665
  0
ARC
  5
390
100
AcDbEntity
  8
0
  6
CONTINUOUS
 62
    3
370
   -1
100
AcDbCircle
 10
343.0604410933791
 20
160.4374428201665
 40
160.0932051601
100
AcDbArc
 50
188.2764915529
 51
188.5784540026
  0
LINE
  5
391
100
AcDbEntity
  8
09_ROUNDS
  6
CONTINUOUS
 62
    7
370
   -1
100
AcDbLine
 10
160.1821085917791
 20
173.7642468524665
 11
160.0975458251791
 21
173.7841981124665
  0
LINE
  5
392
100
AcDbEntity
  8
09_ROUNDS
  6
CONTINUOUS
 62
    7
370
   -1
100
AcDbLine
 10
142.6162768379791
 20
173.8054294632665
 11
142.5382578755791
 21
173.8277601325665
  0
ARC
  5
393
100
AcDbEntity
  8
09_ROUNDS
  6
CONTINUOUS
 62
    7
370
   -1
100
AcDbCircle
 10
122.1082716715791
 20
186.8295279543665
 40
0.3
100
AcDbArc
 50
0
 51
90
  0
LINE
  5
394
100
AcDbEntity
  8
09_ROUNDS
  6
CONTINUOUS
 62
    7
370
   -1
100
AcDbLine
 10
124.2491422579791
 20
174.2484634722665
 11
124.2266136966791
 21
174.2649539754665
  0
SPLINE
  5
395
100
AcDbEntity
  8
03_AXES
  6
CONTINUOUS
 62
    9
370
   -1
100
AcDbSpline
210
0
220
0
230
0
 70
 4096
 71
    3
 72
   19
 73
   15
 74
    0
 42
1e-07
 43
1e-07
 40
0
 40
0
 40
0
 40
0
 40
0.0061119846
 40
0.0209514068
 40
0.0450115605
 40
0.07817356880000001
 40
0.1201538154
 40
0.1705709977
 40
0.2289475653
 40
0.2947270805
 40
0.4459196248
 40
0.6183659923
 40
0.805443047
 40
1
 40
1
 40
1
 40
1
 10
187.0582716715791
 20
135.4059861532665
 30
0
 10
187.0582716715791
 20
135.4055775543665
 30
0
 10
187.0565434067791
 20
135.4049225037665
 30
0
 10
187.0539670610791
 20
135.4043424245665
 30
0
 10
187.0489986448791
 20
135.4036148380665
 30
0
 10
187.0424869766791
 20
135.4029466755665
 30
0
 10
187.0340864716791
 20
135.4022724945665
 30
0
 10
187.0240383175791
 20
135.4016371344665
 30
0
 10
187.0123791281791
 20
135.4010364494665
 30
0
 10
186.9939892335791
 20
135.4002606878665
 30
0
 10
186.9679663649791
 20
135.3994613633665
 30
0
 10
186.9338308103791
 20
135.3987719438665
 30
0
 10
186.8967913128791
 20
135.3983463837665
 30
0
 10
186.8712782072791
 20
135.3982510087665
 30
0
 10
186.8582716715791
 20
135.3982510087665
 30
0
  0
SPLINE
  5
396
100
AcDbEntity
  8
03_AXES
  6
CONTINUOUS
 62
    9
370
   -1
100
AcDbSpline
210
0
220
0
230
0
 70
 4096
 71
    3
 72
   16
 73
   12
 74
    0
 42
1e-07
 43
1e-07
 40
0
 40
0
 40
0
 40
0
 40
0.0110485835
 40
0.028324562
 40
0.0537089321
 40
0.08756712280000001
 40
0.1801687522
 40
0.3034847904
 40
0.4530997672
 40
0.6234456411
 40
1
 40
1
 40
1
 40
1
 10
187.0582716715791
 20
163.8055380553665
 30
0
 10
187.0582716715791
 20
163.8062867693665
 30
0
 10
187.0571409620791
 20
163.8080927484665
 30
0
 10
187.0539823388791
 20
163.8099139679665
 30
0
 10
187.0491481162791
 20
163.8118404017665
 30
0
 10
187.0392188720791
 20
163.8145751376665
 30
0
 10
187.0225322481791
 20
163.8175605376665
 30
0
 10
186.9979382736791
 20
163.8205382851665
 30
0
 10
186.9679934413791
 20
163.8230043560665
 30
0
 10
186.9208591520791
 20
163.8255481282665
 30
0
 10
186.8837891055791
 20
163.8262451261665
 30
0
 10
186.8582716715791
 20
163.8262451261665
 30
0
  0
LINE
  5
397
100
AcDbEntity
  8
0
  6
CONTINUOUS
 62
    7
370
   -1
100
AcDbLine
 10
179.1477303198791
 20
109.6017702418665
 11
179.2598328175791
 21
109.4896677441665
  0
ARC
  5
398
100
AcDbEntity
  8
0
  6
CONTINUOUS
 62
    7
370
   -1
100
AcDbCircle
 10
177.3632716715791
 20
109.5795279543665
 40
0.2
100
AcDbArc
 50
270
 51
45.57299599919998
  0
ARC
  5
399
100
AcDbEntity
  8
03_AXES
  6
CONTINUOUS
 62
    7
370
   -1
100
AcDbCircle
 10
143.5582716715791
 20
108.7295279543665
 40
3.2512998754
100
AcDbArc
 50
168.4677167906
 51
191.5322832094
  0
LINE
  5
39A
100
AcDbEntity
  8
10_CHAMFER
  6
CONTINUOUS
 62
    7
370
   -1
100
AcDbLine
 10
121.7082716715791
 20
186.6295279543665
 11
121.4082716715791
 21
186.3845789801665
  0
LINE
  5
39B
100
AcDbEntity
  8
09_ROUNDS
  6
CONTINUOUS
 62
    7
370
   -1
100
AcDbLine
 10
177.1917785815791
 20
173.8750394154665
 11
177.1232433778791
 21
173.8996638235665
  0
LINE
  5
39C
100
AcDbEntity
  8
03_AXES
  6
CONTINUOUS
 62
    7
370
   -1
100
AcDbLine
 10
126.1582716715791
 20
173.8562339727665
 11
125.2534839961791
 21
173.7957097918665
  0
LINE
  5
39D
100
AcDbEntity
  8
03_AXES
  6
CONTINUOUS
 62
    7
370
   -1
100
AcDbLine
 10
178.3582716715791
 20
173.7749246298665
 11
177.7344085705791
 21
173.7339147627665
  0
LINE
  5
39E
100
AcDbEntity
  8
09_ROUNDS
  6
CONTINUOUS
 62
    9
370
   -1
100
AcDbLine
 10
178.3582716715791
 20
181.5622321392665
 11
178.0095817874791
 21
181.5561457347665
  0
LINE
  5
39F
100
AcDbEntity
  8
03_AXES
  6
CONTINUOUS
 62
    9
370
   -1
100
AcDbLine
 10
161.1530530655791
 20
173.7166203161665
 11
160.9582716715791
 21
173.7148141316665
  0
LINE
  5
3A0
100
AcDbEntity
  8
03_AXES
  6
CONTINUOUS
 62
    9
370
   -1
100
AcDbLine
 10
143.7530530655791
 20
173.7166203161665
 11
143.5582716715791
 21
173.7148141316665
  0
LINE
  5
3A1
100
AcDbEntity
  8
03_AXES
  6
CONTINUOUS
 62
    7
370
   -1
100
AcDbLine
 10
179.7415692947791
 20
173.9415998098665
 11
179.2857330002791
 21
173.9376217867665
  0
LINE
  5
3A2
100
AcDbEntity
  8
03_AXES
  6
CONTINUOUS
 62
    7
370
   -1
100
AcDbLine
 10
144.9415692947791
 20
173.9415998098665
 11
144.4857330002791
 21
173.9376217867665
  0
LINE
  5
3A3
100
AcDbEntity
  8
03_AXES
  6
CONTINUOUS
 62
    7
370
   -1
100
AcDbLine
 10
160.9582716715791
 20
173.7749246298665
 11
161.7551375746791
 21
173.7818075216665
  0
LINE
  5
3A4
100
AcDbEntity
  8
09_ROUNDS
  6
CONTINUOUS
 62
    7
370
   -1
100
AcDbLine
 10
159.5953925748791
 20
173.9501182005665
 11
159.5359902777791
 21
173.9756681233665
  0
LINE
  5
3A5
100
AcDbEntity
  8
03_AXES
  6
CONTINUOUS
 62
    7
370
   -1
100
AcDbLine
 10
126.1582716715791
 20
173.7749246298665
 11
126.9551375746791
 21
173.7818075216665
  0
LINE
  5
3A6
100
AcDbEntity
  8
0
  6
CONTINUOUS
 62
    7
370
   -1
100
AcDbLine
 10
170.1482716715791
 20
168.1260358774665
 11
169.8582716715791
 21
168.1260358774665
  0
LINE
  5
3A7
100
AcDbEntity
  8
0
  6
CONTINUOUS
 62
    7
370
   -1
100
AcDbLine
 10
117.9482716715791
 20
168.1260358774665
 11
117.6582716715791
 21
168.1260358774665
  0
LINE
  5
3A8
100
AcDbEntity
  8
09_ROUNDS
  6
CONTINUOUS
 62
    7
370
   -1
100
AcDbLine
 10
141.7325968109791
 20
174.1915625911665
 11
141.7020733568791
 21
174.2116975289665
  0
LINE
  5
3A9
100
AcDbEntity
  8
03_AXES
  6
CONTINUOUS
 62
    7
370
   -1
100
AcDbLine
 10
178.3582716715791
 20
168.1295279543665
 11
186.5682716715791
 21
168.1295279543665
  0
LINE
  5
3AA
100
AcDbEntity
  8
0
  6
CONTINUOUS
 62
    7
370
   -1
100
AcDbLine
 10
178.3582716715791
 20
168.1295279543665
 11
170.1482716715791
 21
168.1295279543665
  0
ARC
  5
3AB
100
AcDbEntity
  8
03_AXES
  6
CONTINUOUS
 62
    7
370
   -1
100
AcDbCircle
 10
152.0582716715791
 20
100.9295279543665
 40
0.2
100
AcDbArc
 50
270
 51
0
  0
LINE
  5
3AC
100
AcDbEntity
  8
03_AXES
  6
CONTINUOUS
 62
    7
370
   -1
100
AcDbLine
 10
181.5439350059791
 20
176.9794879543665
 11
179.3532716715791
 21
176.9794879543665
  0
SPLINE
  5
3AD
100
AcDbEntity
  8
03_AXES
  6
CONTINUOUS
 62
    7
370
   -1
100
AcDbSpline
210
0
220
0
230
0
 70
 4096
 71
    3
 72
   16
 73
   12
 74
    0
 42
1e-07
 43
1e-07
 40
0
 40
0
 40
0
 40
0
 40
0.0233043705
 40
0.0554797661
 40
0.0957375647
 40
0.1431811858
 40
0.2559955066
 40
0.3871714825
 40
0.5311260914
 40
0.6834708762
 40
1
 40
1
 40
1
 40
1
 10
127.0857328934791
 20
173.9376217297665
 30
0
 10
127.0784944364791
 20
173.9375589122665
 30
0
 10
127.0612846502791
 20
173.9363029625665
 30
0
 10
127.0317390470791
 20
173.9329667646665
 30
0
 10
126.9948302123791
 20
173.9280123293665
 30
0
 10
126.9331736429791
 20
173.9192067401665
 30
0
 10
126.8435781997791
 20
173.9062622817665
 30
0
 10
126.7240761727791
 20
173.8907199800665
 30
0
 10
126.5920410555791
 20
173.8765148724665
 30
0
 10
126.4022766511791
 20
173.8613268757665
 30
0
 10
126.2565908096791
 20
173.8563958354665
 30
0
 10
126.1582716715791
 20
173.8562339727665
 30
0
  0
LINE
  5
3AE
100
AcDbEntity
  8
03_AXES
  6
CONTINUOUS
 62
    7
370
   -1
100
AcDbLine
 10
159.9700536695791
 20
176.9794879543665
 11
157.7739350059791
 21
176.9794879543665
  0
LINE
  5
3AF
100
AcDbEntity
  8
03_AXES
  6
CONTINUOUS
 62
    7
370
   -1
100
AcDbLine
 10
142.5700536695791
 20
176.9794879543665
 11
140.3739350059791
 21
176.9794879543665
  0
LINE
  5
3B0
100
AcDbEntity
  8
03_AXES
  6
CONTINUOUS
 62
    7
370
   -1
100
AcDbLine
 10
125.1700536695791
 20
176.9794879543665
 11
122.9739350059791
 21
176.9794879543665
  0
LINE
  5
3B1
100
AcDbEntity
  8
03_AXES
  6
CONTINUOUS
 62
    7
370
   -1
100
AcDbLine
 10
122.9739350059791
 20
178.2794879543665
 11
125.1626028275791
 21
178.2794879543665
  0
LINE
  5
3B2
100
AcDbEntity
  8
03_AXES
  6
CONTINUOUS
 62
    7
370
   -1
100
AcDbLine
 10
127.1532716715791
 20
178.2794879543665
 11
129.3439350059791
 21
178.2794879543665
  0
LINE
  5
3B3
100
AcDbEntity
  8
03_AXES
  6
CONTINUOUS
 62
    7
370
   -1
100
AcDbLine
 10
144.5532716715791
 20
178.2794879543665
 11
146.7439350059791
 21
178.2794879543665
  0
LINE
  5
3B4
100
AcDbEntity
  8
03_AXES
  6
CONTINUOUS
 62
    7
370
   -1
100
AcDbLine
 10
161.9532716715791
 20
178.2794879543665
 11
164.1439350059791
 21
178.2794879543665
  0
SPLINE
  5
3B5
100
AcDbEntity
  8
0
  6
CONTINUOUS
 62
    7
370
   -1
100
AcDbSpline
210
0
220
0
230
0
 70
 4096
 71
    3
 72
   11
 73
    7
 74
    0
 42
1e-07
 43
1e-07
 40
0
 40
0
 40
0
 40
0
 40
0.2650415843
 40
0.5234468146
 40
0.7695495034000001
 40
1
 40
1
 40
1
 40
1
 10
169.8579602973791
 20
143.1295279543665
 30
0
 10
169.8579602973791
 20
143.0311893954665
 30
0
 10
169.8506397090791
 20
142.8368885614665
 30
0
 10
169.8165792759791
 20
142.5530155747665
 30
0
 10
169.7568575057791
 20
142.2863975158665
 30
0
 10
169.6951453903791
 20
142.1197726695665
 30
0
 10
169.6582716715791
 20
142.0426280146665
 30
0
  0
ARC
  5
3B6
100
AcDbEntity
  8
03_AXES
  6
CONTINUOUS
 62
    7
370
   -1
100
AcDbCircle
 10
126.1582716715791
 20
108.7295279543665
 40
1.22
100
AcDbArc
 50
65.03079096629999
 51
114.9692090337
  0
LINE
  5
3B7
100
AcDbEntity
  8
10_CHAMFER
  6
CONTINUOUS
 62
    9
370
   -1
100
AcDbLine
 10
159.1866604346791
 20
174.1279517018665
 11
159.0741806270791
 21
174.1295982992665
  0
LINE
  5
3B8
100
AcDbEntity
  8
08_DRAFTS
  6
CONTINUOUS
 62
    7
370
   -1
100
AcDbLine
 10
123.5440683966791
 20
174.6425005488665
 11
123.7908090208791
 21
174.6381936752665
  0
LINE
  5
3B9
100
AcDbEntity
  8
08_DRAFTS
  6
CONTINUOUS
 62
    7
370
   -1
100
AcDbLine
 10
158.3440683966791
 20
174.6425005488665
 11
158.5908090208791
 21
174.6381936752665
  0
LINE
  5
3BA
100
AcDbEntity
  8
09_ROUNDS
  6
CONTINUOUS
 62
    7
370
   -1
100
AcDbLine
 10
143.5582716715791
 20
173.6764922010665
 11
143.4688811242791
 21
173.6781543814665
  0
LINE
  5
3BB
100
AcDbEntity
  8
09_ROUNDS
  6
CONTINUOUS
 62
    7
370
   -1
100
AcDbLine
 10
160.9582716715791
 20
173.6764922010665
 11
160.8688811242791
 21
173.6781543814665
  0
LINE
  5
3BC
100
AcDbEntity
  8
09_ROUNDS
  6
CONTINUOUS
 62
    9
370
   -1
100
AcDbLine
 10
124.8689917037791
 20
173.9001135816665
 11
124.7994205812791
 21
173.9024585848665
  0
LINE
  5
3BD
100
AcDbEntity
  8
09_ROUNDS
  6
CONTINUOUS
 62
    9
370
   -1
100
AcDbLine
 10
159.6689917037791
 20
173.9001135816665
 11
159.5994205812791
 21
173.9024585848665
  0
SPLINE
  5
3BE
100
AcDbEntity
  8
0
  6
CONTINUOUS
 62
    7
370
   -1
100
AcDbSpline
210
0
220
0
230
0
 70
 4096
 71
    3
 72
    9
 73
    5
 74
    0
 42
1e-07
 43
1e-07
 40
0
 40
0
 40
0
 40
0
 40
0.255977406
 40
1
 40
1
 40
1
 40
1
 10
135.3482716715791
 20
148.8689567147665
 30
0
 10
135.3462217770791
 20
148.8814941233665
 30
0
 10
135.3368878130791
 20
148.9302387794665
 30
0
 10
135.3218689045791
 20
148.9779565217665
 30
0
 10
135.3072811703791
 20
149.0118778560665
 30
0
  0
LINE
  5
3BF
100
AcDbEntity
  8
09_ROUNDS
  6
CONTINUOUS
 62
    7
370
   -1
100
AcDbLine
 10
160.8688811242791
 20
173.6781543814665
 11
160.7605170569791
 21
173.6830646492665
  0
LINE
  5
3C0
100
AcDbEntity
  8
09_ROUNDS
  6
CONTINUOUS
 62
    7
370
   -1
100
AcDbLine
 10
178.2688811242791
 20
173.6781543814665
 11
178.1605170569791
 21
173.6830646492665
  0
LINE
  5
3C1
100
AcDbEntity
  8
09_ROUNDS
  6
CONTINUOUS
 62
    7
370
   -1
100
AcDbLine
 10
143.3605170569791
 20
173.6830646492665
 11
143.2555649270791
 21
173.6908639552665
  0
LINE
  5
3C2
100
AcDbEntity
  8
09_ROUNDS
  6
CONTINUOUS
 62
    7
370
   -1
100
AcDbLine
 10
160.7605170569791
 20
173.6830646492665
 11
160.6555649270791
 21
173.6908639552665
  0
SPLINE
  5
3C3
100
AcDbEntity
  8
0
  6
CONTINUOUS
 62
    7
370
   -1
100
AcDbSpline
210
0
220
0
230
0
 70
 4096
 71
    3
 72
   11
 73
    7
 74
    0
 42
1e-07
 43
1e-07
 40
0
 40
0
 40
0
 40
0
 40
0.2304504731
 40
0.4765531433
 40
0.7349583845000001
 40
1
 40
1
 40
1
 40
1
 10
117.4582716715791
 20
144.2164278940665
 30
0
 10
117.4951453866791
 20
144.1392832470665
 30
0
 10
117.5568574979791
 20
143.9726584162665
 30
0
 10
117.6165792701791
 20
143.7060403696665
 30
0
 10
117.6506397079791
 20
143.4221673745665
 30
0
 10
117.6579602973791
 20
143.2278665248665
 30
0
 10
117.6579602973791
 20
143.1295279543665
 30
0
  0
ARC
  5
3C4
100
AcDbEntity
  8
03_AXES
  6
CONTINUOUS
 62
    7
370
   -1
100
AcDbCircle
 10
140.3078081741791
 20
141.4117198177665
 40
0.2595365026
100
AcDbArc
 50
180.0000251973
 51
180.3987082703
  0
ARC
  5
3C5
100
AcDbEntity
  8
03_AXES
  6
CONTINUOUS
 62
    7
370
   -1
100
AcDbCircle
 10
143.3478208729791
 20
141.4117198628665
 40
0.1995492014
100
AcDbArc
 50
180.0000457383
 51
180.5186534723
  0
LINE
  5
3C6
100
AcDbEntity
  8
0
  6
CONTINUOUS
 62
    7
370
   -1
100
AcDbLine
 10
161.7867742702791
 20
176.6686790406665
 11
162.7790716330791
 21
175.8086879928665
  0
LINE
  5
3C7
100
AcDbEntity
  8
09_ROUNDS
  6
CONTINUOUS
 62
    7
370
   -1
100
AcDbLine
 10
177.2634364684791
 20
173.8510195504665
 11
177.1917785815791
 21
173.8750394154665
  0
LINE
  5
3C8
100
AcDbEntity
  8
09_ROUNDS
  6
CONTINUOUS
 62
    7
370
   -1
100
AcDbLine
 10
124.5276942004791
 20
174.0769619716665
 11
124.4829046337791
 21
174.1013788962665
  0
ARC
  5
3C9
100
AcDbEntity
  8
09_ROUNDS
  6
CONTINUOUS
 62
    9
370
   -1
100
AcDbCircle
 10
143.5204280096791
 20
177.1275123748665
 40
3.4435153868
100
AcDbArc
 50
249.3803697459
 51
251.0607648418
  0
ARC
  5
3CA
100
AcDbEntity
  8
0
  6
CONTINUOUS
 62
    7
370
   -1
100
AcDbCircle
 10
159.9700536695791
 20
176.7794879543665
 40
0.2
100
AcDbArc
 50
313.0820511577999
 51
90
  0
LINE
  5
3CB
100
AcDbEntity
  8
0
  6
CONTINUOUS
 62
    7
370
   -1
100
AcDbLine
 10
126.9883744886791
 20
107.7673321846665
 11
127.9790716330791
 21
106.9087279928665
  0
LINE
  5
3CC
100
AcDbEntity
  8
0
  6
CONTINUOUS
 62
    7
370
   -1
100
AcDbLine
 10
125.3297690727791
 20
109.6903368681665
 11
124.3374717099791
 21
110.5503279159665
  0
LINE
  5
3CD
100
AcDbEntity
  8
0
  6
CONTINUOUS
 62
    7
370
   -1
100
AcDbLine
 10
142.7297690727791
 20
109.6903368681665
 11
141.7374717099791
 21
110.5503279159665
  0
LINE
  5
3CE
100
AcDbEntity
  8
0
  6
CONTINUOUS
 62
    7
370
   -1
100
AcDbLine
 10
125.3626261861791
 20
107.8634725039665
 11
125.2567105255791
 21
107.9693881646665
  0
LINE
  5
3CF
100
AcDbEntity
  8
09_ROUNDS
  6
CONTINUOUS
 62
    7
370
   -1
100
AcDbLine
 10
124.3325968109791
 20
174.1915625911665
 11
124.3020733568791
 21
174.2116975289665
  0
LINE
  5
3D0
100
AcDbEntity
  8
03_AXES
  6
CONTINUOUS
 62
    7
370
   -1
100
AcDbLine
 10
125.2161004769791
 20
100.0522665281665
 11
125.2579771829791
 21
100.0074337566665
  0
LINE
  5
3D1
100
AcDbEntity
  8
10_CHAMFER
  6
CONTINUOUS
 62
    7
370
   -1
100
AcDbLine
 10
187.2582716715791
 20
129.6021665220665
 11
187.0582716715791
 21
129.7176365537665
  0
LINE
  5
3D2
100
AcDbEntity
  8
0
  6
CONTINUOUS
 62
    7
370
   -1
100
AcDbLine
 10
179.1883744886791
 20
107.7673321846665
 11
180.1790716330791
 21
106.9087279928665
  0
LINE
  5
3D3
100
AcDbEntity
  8
03_AXES
  6
CONTINUOUS
 62
    7
370
   -1
100
AcDbLine
 10
160.0161004769791
 20
100.0522665281665
 11
160.0579771829791
 21
100.0074337566665
  0
ARC
  5
3D4
100
AcDbEntity
  8
03_AXES
  6
CONTINUOUS
 62
    7
370
   -1
100
AcDbCircle
 10
126.1582716715791
 20
177.6294879543665
 40
3.2512998754
100
AcDbArc
 50
348.4677167906
 51
11.53228320939997
  0
LINE
  5
3D5
100
AcDbEntity
  8
0
  6
CONTINUOUS
 62
    7
370
   -1
100
AcDbLine
 10
179.1867742702791
 20
176.6686790406665
 11
180.1790716330791
 21
175.8086879928665
  0
ARC
  5
3D6
100
AcDbEntity
  8
03_AXES
  6
CONTINUOUS
 62
    7
370
   -1
100
AcDbCircle
 10
126.1582716715791
 20
177.6294879543665
 40
3.25
100
AcDbArc
 50
168.4630409672
 51
191.5369590328
  0
SPLINE
  5
3D7
100
AcDbEntity
  8
0
  6
CONTINUOUS
 62
    7
370
   -1
100
AcDbSpline
210
0
220
0
230
0
 70
 4096
 71
    3
 72
   22
 73
   18
 74
    0
 42
1e-07
 43
1e-07
 40
0
 40
0
 40
0
 40
0
 40
0.2072706612
 40
0.3165026959
 40
0.387065769
 40
0.4959508004
 40
0.6146045096
 40
0.6991666739
 40
0.7560718042
 40
0.7781399755
 40
0.7984180607
 40
0.8566984371
 40
0.8977507667
 40
0.9448328686
 40
0.9774892955000001
 40
0.9898954168
 40
1
 40
1
 40
1
 40
1
 10
185.2582716715791
 20
136.4015545535665
 30
0
 10
185.2214832897791
 20
136.4229658906665
 30
0
 10
185.1645798839791
 20
136.4544206450665
 30
0
 10
185.0941187864791
 20
136.4912116759665
 30
0
 10
185.0415092189791
 20
136.5185398510665
 30
0
 10
184.9874530569791
 20
136.5472811749665
 30
0
 10
184.9312733762791
 20
136.5781263089665
 30
0
 10
184.8847603356791
 20
136.6044277648665
 30
0
 10
184.8568918898791
 20
136.6232800009665
 30
0
 10
184.8410558380791
 20
136.6361240842665
 30
0
 10
184.8253081750791
 20
136.6494949454665
 30
0
 10
184.8077902378791
 20
136.6669095970665
 30
0
 10
184.7903977616791
 20
136.6915424291665
 30
0
 10
184.7780982235791
 20
136.7130763809665
 30
0
 10
184.7698736321791
 20
136.7302240636665
 30
0
 10
184.7668041256791
 20
136.7411480789665
 30
0
 10
184.7661230100791
 20
136.7457521199665
 30
0
 10
184.7660885016791
 20
136.7478269344665
 30
0
  0
LINE
  5
3D8
100
AcDbEntity
  8
03_AXES
  6
CONTINUOUS
 62
    7
370
   -1
100
AcDbLine
 10
142.5812595372791
 20
100.1002072899665
 11
142.6161004769791
 21
100.0522665281665
  0
LINE
  5
3D9
100
AcDbEntity
  8
09_ROUNDS
  6
CONTINUOUS
 62
    7
370
   -1
100
AcDbLine
 10
177.3382578755791
 20
173.8277601325665
 11
177.2634364684791
 21
173.8510195504665
  0
LINE
  5
3DA
100
AcDbEntity
  8
09_ROUNDS
  6
CONTINUOUS
 62
    7
370
   -1
100
AcDbLine
 10
142.5382578755791
 20
173.8277601325665
 11
142.4634364684791
 21
173.8510195504665
  0
LINE
  5
3DB
100
AcDbEntity
  8
09_ROUNDS
  6
CONTINUOUS
 62
    7
370
   -1
100
AcDbLine
 10
124.6795501874791
 20
174.0012563178665
 11
124.6260218532791
 21
174.0267604145665
  0
SPLINE
  5
3DC
100
AcDbEntity
  8
0
  6
CONTINUOUS
 62
    3
370
   -1
100
AcDbSpline
210
0
220
0
230
0
 70
 4096
 71
    3
 72
    9
 73
    5
 74
    0
 42
1e-07
 43
1e-07
 40
0
 40
0
 40
0
 40
0
 40
0.5069507441000001
 40
1
 40
1
 40
1
 40
1
 10
186.2201341743791
 20
134.5437680277665
 30
0
 10
186.2324733701791
 20
134.5710742283665
 30
0
 10
186.2516532422791
 20
134.6274828330665
 30
0
 10
186.2582716715791
 20
134.6867651467665
 30
0
 10
186.2582716715791
 20
134.7159081793665
 30
0
  0
ARC
  5
3DD
100
AcDbEntity
  8
09_ROUNDS
  6
CONTINUOUS
 62
    7
370
   -1
100
AcDbCircle
 10
140.6777561988791
 20
99.94943920996649
 40
0.3000003701
100
AcDbArc
 50
270.5774154247
 51
359.9999298428
  0
ARC
  5
3DE
100
AcDbEntity
  8
03_AXES
  6
CONTINUOUS
 62
    7
370
   -1
100
AcDbCircle
 10
178.3582716715791
 20
177.6294879543665
 40
2.1192825112
100
AcDbArc
 50
162.1390747507
 51
197.8609252493
  0
SPLINE
  5
3DF
100
AcDbEntity
  8
09_ROUNDS
  6
CONTINUOUS
 62
    7
370
   -1
100
AcDbSpline
210
0
220
0
230
0
 70
 4096
 71
    3
 72
   24
 73
   20
 74
    0
 42
1e-07
 43
1e-07
 40
0
 40
0
 40
0
 40
0
 40
0.1774366776
 40
0.3497465914
 40
0.5148625974000001
 40
0.5937135262000001
 40
0.6693071899
 40
0.7407142992
 40
0.8067587457000001
 40
0.8657089248000001
 40
0.9153213993
 40
0.935746913
 40
0.9527555226000001
 40
0.9659771474000001
 40
0.9751514189
 40
0.9803968977
 40
0.9837246169
 40
0.9898420344000001
 40
1
 40
1
 40
1
 40
1
 10
177.0689917037791
 20
173.9001135816665
 30
0
 10
177.0768532440791
 20
173.8970941308665
 30
0
 10
177.0923584694791
 20
173.8911666546665
 30
0
 10
177.1152013108791
 20
173.8824869987665
 30
0
 10
177.1336726172791
 20
173.8754756631665
 30
0
 10
177.1478407167791
 20
173.8700626500665
 30
0
 10
177.1578439387791
 20
173.8662105371665
 30
0
 10
177.1672632139791
 20
173.8625330494665
 30
0
 10
177.1759213666791
 20
173.8590804181665
 30
0
 10
177.1835824094791
 20
173.8559152750665
 30
0
 10
177.1891892192791
 20
173.8534658691665
 30
0
 10
177.1929267250791
 20
173.8516865825665
 30
0
 10
177.1950467516791
 20
173.8505865468665
 30
0
 10
177.1967041967791
 20
173.8496308054665
 30
0
 10
177.1976787074791
 20
173.8488839139665
 30
0
 10
177.1984185410791
 20
173.8482046735665
 30
0
 10
177.1980152440791
 20
173.8474797186665
 30
0
 10
177.1969980517791
 20
173.8474370972665
 30
0
 10
177.1962584666791
 20
173.8473927888665
 30
0
 10
177.1957766290791
 20
173.8474091349665
 30
0
  0
ARC
  5
3E0
100
AcDbEntity
  8
0
  6
CONTINUOUS
 62
    7
370
   -1
100
AcDbCircle
 10
179.3532716715791
 20
178.4794879543665
 40
0.2
100
AcDbArc
 50
134.4270040008
 51
270
  0
ARC
  5
3E1
100
AcDbEntity
  8
03_AXES
  6
CONTINUOUS
 62
    7
370
   -1
100
AcDbCircle
 10
186.8582716715791
 20
100.9295279543665
 40
0.2
100
AcDbArc
 50
270
 51
0
  0
LINE
  5
3E2
100
AcDbEntity
  8
0
  6
CONTINUOUS
 62
    7
370
   -1
100
AcDbLine
 10
125.3688130232791
 20
176.7572456669665
 11
125.2567105255791
 21
176.8693481646665
  0
LINE
  5
3E3
100
AcDbEntity
  8
0
  6
CONTINUOUS
 62
    7
370
   -1
100
AcDbLine
 10
176.5374717099791
 20
110.5503279159665
 11
177.4567105255791
 21
109.4896677441665
  0
CIRCLE
  5
3E4
100
AcDbEntity
  8
03_AXES
  6
CONTINUOUS
 62
    7
370
   -1
100
AcDbCircle
 10
160.9582716715791
 20
108.6295279543665
 40
3.75
  0
LINE
  5
3E5
100
AcDbEntity
  8
09_ROUNDS
  6
CONTINUOUS
 62
    7
370
   -1
100
AcDbLine
 10
124.1365711032791
 20
174.3394467418665
 11
124.1328789672791
 21
174.3431963787665
  0
SPLINE
  5
3E6
100
AcDbEntity
  8
03_AXES
  6
CONTINUOUS
 62
    7
370
   -1
100
AcDbSpline
210
0
220
0
230
0
 70
 4096
 71
    3
 72
   25
 73
   21
 74
    0
 42
1e-07
 43
1e-07
 40
0
 40
0
 40
0
 40
0
 40
0.1587872048
 40
0.2344190033
 40
0.2676641944
 40
0.2941743322
 40
0.30528891
 40
0.3159212072
 40
0.3379673245
 40
0.3622235978
 40
0.3883228871
 40
0.4157564932
 40
0.4441527859
 40
0.5028894896
 40
0.5633002553000001
 40
0.6247227884000001
 40
0.6867704649
 40
0.7491972303000001
 40
0.8745697656
 40
1
 40
1
 40
1
 40
1
 10
169.6582716715791
 20
149.7352540429665
 30
0
 10
169.6582716715791
 20
149.7612317355665
 30
0
 10
169.6567409415791
 20
149.7996406975665
 30
0
 10
169.6479436812791
 20
149.8429170071665
 30
0
 10
169.6388420527791
 20
149.8631777721665
 30
0
 10
169.6305729354791
 20
149.8720964439665
 30
0
 10
169.6229138972791
 20
149.8746041876665
 30
0
 10
169.6156368982791
 20
149.8744468970665
 30
0
 10
169.6068906365791
 20
149.8705036635665
 30
0
 10
169.5977009276791
 20
149.8629806696665
 30
0
 10
169.5890397108791
 20
149.8536125132665
 30
0
 10
169.5808317105791
 20
149.8430052066665
 30
0
 10
169.5702410860791
 20
149.8275313793665
 30
0
 10
169.5578626798791
 20
149.8067867715665
 30
0
 10
169.5439361687791
 20
149.7807282842665
 30
0
 10
169.5306029220791
 20
149.7537570052665
 30
0
 10
169.5177399296791
 20
149.7261963256665
 30
0
 10
169.5010818787791
 20
149.6888679766665
 30
0
 10
169.4811191846791
 20
149.6416667589665
 30
0
 10
169.4658026934791
 20
149.6035995277665
 30
0
 10
169.4582716715791
 20
149.5845109605665
 30
0
  0
ARC
  5
3E7
100
AcDbEntity
  8
0
  6
CONTINUOUS
 62
    7
370
   -1
100
AcDbCircle
 10
143.5582716715791
 20
177.6294879543665
 40
2.575
100
AcDbArc
 50
258.4630409672
 51
281.5369590328
  0
LINE
  5
3E8
100
AcDbEntity
  8
09_ROUNDS
  6
CONTINUOUS
 62
    7
370
   -1
100
AcDbLine
 10
159.4795501874791
 20
174.0012563178665
 11
159.4260218532791
 21
174.0267604145665
  0
LINE
  5
3E9
100
AcDbEntity
  8
09_ROUNDS
  6
CONTINUOUS
 62
    7
370
   -1
100
AcDbLine
 10
159.5359902777791
 20
173.9756681233665
 11
159.4795501874791
 21
174.0012563178665
  0
LINE
  5
3EA
100
AcDbEntity
  8
09_ROUNDS
  6
CONTINUOUS
 62
    7
370
   -1
100
AcDbLine
 10
159.4260218532791
 20
174.0267604145665
 11
159.3754025544791
 21
174.0520417443665
  0
LINE
  5
3EB
100
AcDbEntity
  8
09_ROUNDS
  6
CONTINUOUS
 62
    7
370
   -1
100
AcDbLine
 10
141.6066245081791
 20
174.2801010239665
 11
141.5891043431791
 21
174.2938519245665
  0
LINE
  5
3EC
100
AcDbEntity
  8
09_ROUNDS
  6
CONTINUOUS
 62
    7
370
   -1
100
AcDbLine
 10
141.6266136966791
 20
174.2649539754665
 11
141.6066245081791
 21
174.2801010239665
  0
LINE
  5
3ED
100
AcDbEntity
  8
09_ROUNDS
  6
CONTINUOUS
 62
    7
370
   -1
100
AcDbLine
 10
124.1425393854791
 20
174.3336969930665
 11
124.1365711032791
 21
174.3394467418665
  0
LINE
  5
3EE
100
AcDbEntity
  8
0
  6
CONTINUOUS
 62
    7
370
   -1
100
AcDbLine
 10
180.1790716330791
 20
106.9087279928665
 11
179.2598328175791
 21
107.9693881646665
  0
SPLINE
  5
3EF
100
AcDbEntity
  8
03_AXES
  6
CONTINUOUS
 62
    7
370
   -1
100
AcDbSpline
210
0
220
0
230
0
 70
 4096
 71
    3
 72
   10
 73
    6
 74
    0
 42
1e-07
 43
1e-07
 40
0
 40
0
 40
0
 40
0
 40
0.5725689647000001
 40
0.8071908062000001
 40
1
 40
1
 40
1
 40
1
 10
169.4582716715791
 20
149.5845109605665
 30
0
 10
169.4145316495791
 20
149.4736449510665
 30
0
 10
169.3477834659791
 20
149.3193621624665
 30
0
 10
169.2616258217791
 20
149.1298917964665
 30
0
 10
169.2251176433791
 20
149.0487470992665
 30
0
 10
169.2092621727791
 20
149.0118778560665
 30
0
  0
SPLINE
  5
3F0
100
AcDbEntity
  8
0
  6
CONTINUOUS
 62
    7
370
   -1
100
AcDbSpline
210
0
220
0
230
0
 70
 4096
 71
    3
 72
   25
 73
   21
 74
    0
 42
1e-07
 43
1e-07
 40
0
 40
0
 40
0
 40
0
 40
0.1254312564
 40
0.2508048955
 40
0.3132321584
 40
0.3752802809
 40
0.436703521
 40
0.4971145635
 40
0.5558519365
 40
0.5842480672
 40
0.6116812577
 40
0.637780215
 40
0.6620363577
 40
0.6840801038000001
 40
0.6947155619000001
 40
0.7058323464
 40
0.7323451281000001
 40
0.7655892746
 40
0.8412186098000001
 40
1
 40
1
 40
1
 40
1
 10
152.4582716715791
 20
149.5845109605665
 30
0
 10
152.4507405900791
 20
149.6035996788665
 30
0
 10
152.4354239150791
 20
149.6416672008665
 30
0
 10
152.4154610776791
 20
149.6888688097665
 30
0
 10
152.3988028691791
 20
149.7261974469665
 30
0
 10
152.3859396221791
 20
149.7537582939665
 30
0
 10
152.3726065079791
 20
149.7807298980665
 30
0
 10
152.3586795843791
 20
149.8067884515665
 30
0
 10
152.3463013589791
 20
149.8275333349665
 30
0
 10
152.3357104275791
 20
149.8430069373665
 30
0
 10
152.3275023517791
 20
149.8536140867665
 30
0
 10
152.3188412364791
 20
149.8629817841665
 30
0
 10
152.3096522052791
 20
149.8705059411665
 30
0
 10
152.3009054632791
 20
149.8744458149665
 30
0
 10
152.2936273917791
 20
149.8746062636665
 30
0
 10
152.2859700588791
 20
149.8720889421665
 30
0
 10
152.2776962852791
 20
149.8631775788665
 30
0
 10
152.2686006074791
 20
149.8429109773665
 30
0
 10
152.2598015668791
 20
149.7996401378665
 30
0
 10
152.2582716715791
 20
149.7612307781665
 30
0
 10
152.2582716715791
 20
149.7352540429665
 30
0
  0
ARC
  5
3F1
100
AcDbEntity
  8
03_AXES
  6
CONTINUOUS
 62
    7
370
   -1
100
AcDbCircle
 10
160.9582716715791
 20
177.6294879543665
 40
3.25
100
AcDbArc
 50
168.4630409672
 51
191.5369590328
  0
SPLINE
  5
3F2
100
AcDbEntity
  8
08_DRAFTS
  6
CONTINUOUS
 62
    7
370
   -1
100
AcDbSpline
210
0
220
0
230
0
 70
 4096
 71
    3
 72
   24
 73
   20
 74
    0
 42
1e-07
 43
1e-07
 40
0
 40
0
 40
0
 40
0
 40
0.007018178700000001
 40
0.0125526822
 40
0.017389322
 40
0.0226444412
 40
0.0292311691
 40
0.0376390161
 40
0.0481022603
 40
0.0607403928
 40
0.09274399
 40
0.1338667006
 40
0.1840945617
 40
0.243298602
 40
0.3112641699
 40
0.3877003764
 40
0.5644525184
 40
0.7699762871
 40
1
 40
1
 40
1
 40
1
 10
158.5908089478791
 20
174.6381931955665
 30
0
 10
158.5888988471791
 20
174.6382264502665
 30
0
 10
158.5854625351791
 20
174.6380312947665
 30
0
 10
158.5808906425791
 20
174.6364019673665
 30
0
 10
158.5778745750791
 20
174.6331344462665
 30
0
 10
158.5768449416791
 20
174.6285577245665
 30
0
 10
158.5774813124791
 20
174.6230311471665
 30
0
 10
158.5796122750791
 20
174.6164076430665
 30
0
 10
158.5832609442791
 20
174.6086291794665
 30
0
 10
158.5907929630791
 20
174.5956423616665
 30
0
 10
158.6044500334791
 20
174.5766534488665
 30
0
 10
158.6259625530791
 20
174.5508552203665
 30
0
 10
158.6538521566791
 20
174.5208035012665
 30
0
 10
158.6881592057791
 20
174.4868055110665
 30
0
 10
158.7289161170791
 20
174.4492313667665
 30
0
 10
158.7951129138791
 20
174.3921129601665
 30
0
 10
158.8935501439791
 20
174.3151546779665
 30
0
 10
159.0307394597791
 20
174.2203501577665
 30
0
 10
159.1321943282791
 20
174.1588375351665
 30
0
 10
159.1866604346791
 20
174.1279517018665
 30
0
  0
LINE
  5
3F3
100
AcDbEntity
  8
09_ROUNDS
  6
CONTINUOUS
 62
    7
370
   -1
100
AcDbLine
 10
176.6410229132791
 20
174.1251653225665
 11
176.6020297083791
 21
174.1481986867665
  0
LINE
  5
3F4
100
AcDbEntity
  8
09_ROUNDS
  6
CONTINUOUS
 62
    7
370
   -1
100
AcDbLine
 10
141.5425393854791
 20
174.3336969930665
 11
141.5365711032791
 21
174.3394467418665
  0
LINE
  5
3F5
100
AcDbEntity
  8
09_ROUNDS
  6
CONTINUOUS
 62
    7
370
   -1
100
AcDbLine
 10
177.4975458251791
 20
173.7841981124665
 11
177.4162768379791
 21
173.8054294632665
  0
LINE
  5
3F6
100
AcDbEntity
  8
03_AXES
  6
CONTINUOUS
 62
    7
370
   -1
100
AcDbLine
 10
130.2082716715791
 20
186.6295279543665
 11
130.9082716715791
 21
186.6295279543665
  0
LINE
  5
3F7
100
AcDbEntity
  8
09_ROUNDS
  6
CONTINUOUS
 62
    7
370
   -1
100
AcDbLine
 10
124.5754025544791
 20
174.0520417443665
 11
124.5276942004791
 21
174.0769619716665
  0
LINE
  5
3F8
100
AcDbEntity
  8
09_ROUNDS
  6
CONTINUOUS
 62
    9
370
   -1
100
AcDbLine
 10
178.3582716715791
 20
186.8295279543665
 11
174.6082716715791
 21
186.8295279543665
  0
LINE
  5
3F9
100
AcDbEntity
  8
0
  6
CONTINUOUS
 62
    7
370
   -1
100
AcDbLine
 10
179.1539171568791
 20
178.4955434048665
 11
179.2598328175791
 21
178.3896277441665
  0
LINE
  5
3FA
100
AcDbEntity
  8
0
  6
CONTINUOUS
 62
    7
370
   -1
100
AcDbLine
 10
124.3374717099791
 20
179.4502879159665
 11
125.2567105255791
 21
178.3896277441665
  0
ARC
  5
3FB
100
AcDbEntity
  8
03_AXES
  6
CONTINUOUS
 62
    7
370
   -1
100
AcDbCircle
 10
178.3582716715791
 20
108.7295279543665
 40
1.22
100
AcDbArc
 50
245.0307909663
 51
294.9692090336999
  0
LINE
  5
3FC
100
AcDbEntity
  8
09_ROUNDS
  6
CONTINUOUS
 62
    7
370
   -1
100
AcDbLine
 10
125.5612802183791
 20
173.7289697010665
 11
125.4700082880791
 21
173.7457702476665
  0
SPLINE
  5
3FD
100
AcDbEntity
  8
03_AXES
  6
CONTINUOUS
 62
    7
370
   -1
100
AcDbSpline
210
0
220
0
230
0
 70
 4096
 71
    3
 72
    9
 73
    5
 74
    0
 42
1e-07
 43
1e-07
 40
0
 40
0
 40
0
 40
0
 40
0.2433788004
 40
1
 40
1
 40
1
 40
1
 10
186.5682716715791
 20
137.2772262774665
 30
0
 10
186.5665724641791
 20
137.2874067045665
 30
0
 10
186.5605554963791
 20
137.3293956483665
 30
0
 10
186.5582716715791
 20
137.3718861259665
 30
0
 10
186.5582716715791
 20
137.4039730780665
 30
0
  0
LINE
  5
3FE
100
AcDbEntity
  8
0
  6
CONTINUOUS
 62
    9
370
   -1
100
AcDbLine
 10
135.3482716715791
 20
183.7620652544665
 11
135.0582716715791
 21
183.7620652544665
  0
LINE
  5
3FF
100
AcDbEntity
  8
09_ROUNDS
  6
CONTINUOUS
 62
    7
370
   -1
100
AcDbLine
 10
142.7821085917791
 20
173.7642468524665
 11
142.6975458251791
 21
173.7841981124665
  0
LINE
  5
400
100
AcDbEntity
  8
0
  6
CONTINUOUS
 62
    9
370
   -1
100
AcDbLine
 10
160.9582716715791
 20
183.7690409018665
 11
152.7482716715791
 21
183.7690409018665
  0
LINE
  5
401
100
AcDbEntity
  8
09_ROUNDS
  6
CONTINUOUS
 62
    7
370
   -1
100
AcDbLine
 10
177.5821085917791
 20
173.7642468524665
 11
177.4975458251791
 21
173.7841981124665
  0
ARC
  5
402
100
AcDbEntity
  8
03_AXES
  6
CONTINUOUS
 62
    7
370
   -1
100
AcDbCircle
 10
160.2432716715791
 20
107.5938708172665
 40
0.2
100
AcDbArc
 50
0
 51
134.4270040008
  0
LINE
  5
403
100
AcDbEntity
  8
03_AXES
  6
CONTINUOUS
 62
    7
370
   -1
100
AcDbLine
 10
160.0579771829791
 20
100.0074337566665
 11
160.1061309758791
 21
99.9665984206665
  0
ARC
  5
404
100
AcDbEntity
  8
0
  6
CONTINUOUS
 62
    7
370
   -1
100
AcDbCircle
 10
127.1539405155791
 20
107.8795279543665
 40
0.2
100
AcDbArc
 50
90
 51
225.4386879564
  0
LINE
  5
405
100
AcDbEntity
  8
0
  6
CONTINUOUS
 62
    7
370
   -1
100
AcDbLine
 10
152.7482716715791
 20
185.5295279543665
 11
152.4582716715791
 21
185.5295279543665
  0
LINE
  5
406
100
AcDbEntity
  8
0
  6
CONTINUOUS
 62
    7
370
   -1
100
AcDbLine
 10
145.3790716330791
 20
106.9087279928665
 11
144.4598328175791
 21
107.9693881646665
  0
LINE
  5
407
100
AcDbEntity
  8
09_ROUNDS
  6
CONTINUOUS
 62
    7
370
   -1
100
AcDbLine
 10
124.4410229132791
 20
174.1251653225665
 11
124.4020297083791
 21
174.1481986867665
  0
LINE
  5
408
100
AcDbEntity
  8
09_ROUNDS
  6
CONTINUOUS
 62
    7
370
   -1
100
AcDbLine
 10
156.5082716715791
 20
186.6295279543665
 11
156.9082716715791
 21
186.6295279543665
  0
LINE
  5
409
100
AcDbEntity
  8
0
  6
CONTINUOUS
 62
    7
370
   -1
100
AcDbLine
 10
159.1374717099791
 20
110.5503279159665
 11
160.0567105255791
 21
109.4896677441665
  0
LINE
  5
40A
100
AcDbEntity
  8
09_ROUNDS
  6
CONTINUOUS
 62
    7
370
   -1
100
AcDbLine
 10
126.1582716715791
 20
187.1295279543665
 11
121.7082716715791
 21
187.1295279543665
  0
ARC
  5
40B
100
AcDbEntity
  8
03_AXES
  6
CONTINUOUS
 62
    7
370
   -1
100
AcDbCircle
 10
140.9687923492791
 20
141.4117198923665
 40
0.1794793223
100
AcDbArc
 50
359.4232845548
 51
359.9999397565
  0
LINE
  5
40C
100
AcDbEntity
  8
03_AXES
  6
CONTINUOUS
 62
    7
370
   -1
100
AcDbLine
 10
165.4082716715791
 20
187.1295279543665
 11
160.9582716715791
 21
187.1295279543665
  0
SPLINE
  5
40D
100
AcDbEntity
  8
03_AXES
  6
CONTINUOUS
 62
    9
370
   -1
100
AcDbSpline
210
0
220
0
230
0
 70
 4096
 71
    3
 72
   19
 73
   15
 74
    0
 42
1e-07
 43
1e-07
 40
0
 40
0
 40
0
 40
0
 40
0.0061125143
 40
0.0209506066
 40
0.0450124995
 40
0.07817310250000001
 40
0.1201543332
 40
0.1705715341
 40
0.2289462345
 40
0.2947287326
 40
0.4459198094
 40
0.6183665442
 40
0.8054435929
 40
1
 40
1
 40
1
 40
1
 10
134.8582716715791
 20
150.8530697555665
 30
0
 10
134.8582716715791
 20
150.8534783896665
 30
0
 10
134.8565431984791
 20
150.8541330702665
 30
0
 10
134.8539670705791
 20
150.8547137312665
 30
0
 10
134.8489985529791
 20
150.8554409663665
 30
0
 10
134.8424868687791
 20
150.8561092880665
 30
0
 10
134.8340863637791
 20
150.8567833803665
 30
0
 10
134.8240382809791
 20
150.8574187619665
 30
0
 10
134.8123790195791
 20
150.8580195039665
 30
0
 10
134.7939891507791
 20
150.8587951438665
 30
0
 10
134.7679661684791
 20
150.8595945688665
 30
0
 10
134.7338306985791
 20
150.8602839580665
 30
0
 10
134.6967912264791
 20
150.8607095328665
 30
0
 10
134.6712781663791
 20
150.8608049000665
 30
0
 10
134.6582716715791
 20
150.8608049000665
 30
0
  0
SPLINE
  5
40E
100
AcDbEntity
  8
03_AXES
  6
CONTINUOUS
 62
    7
370
   -1
100
AcDbSpline
210
0
220
0
230
0
 70
 4096
 71
    3
 72
    9
 73
    5
 74
    0
 42
1e-07
 43
1e-07
 40
0
 40
0
 40
0
 40
0
 40
0.2571591124
 40
1
 40
1
 40
1
 40
1
 10
134.3582716715791
 20
148.8550828307665
 30
0
 10
134.3582716715791
 20
148.8659880747665
 30
0
 10
134.3590459851791
 20
148.9083870583665
 30
0
 10
134.3630855468791
 20
148.9507581066665
 30
0
 10
134.3682716715791
 20
148.9818296312665
 30
0
  0
ARC
  5
40F
100
AcDbEntity
  8
03_AXES
  6
CONTINUOUS
 62
    7
370
   -1
100
AcDbCircle
 10
186.8582716715791
 20
120.9295279543665
 40
0.2
100
AcDbArc
 50
270
 51
0
  0
LINE
  5
410
100
AcDbEntity
  8
09_ROUNDS
  6
CONTINUOUS
 62
    7
370
   -1
100
AcDbLine
 10
177.9540430324791
 20
173.7012815069665
 11
177.8559515738791
 21
173.7140649482665
  0
ARC
  5
411
100
AcDbEntity
  8
0
  6
CONTINUOUS
 62
    7
370
   -1
100
AcDbCircle
 10
126.1582716715791
 20
108.7295279543665
 40
2.575
100
AcDbArc
 50
78.46304096720003
 51
101.5369590328
  0
LINE
  5
412
100
AcDbEntity
  8
09_ROUNDS
  6
CONTINUOUS
 62
    7
370
   -1
100
AcDbLine
 10
177.7612802183791
 20
173.7289697010665
 11
177.6700082880791
 21
173.7457702476665
  0
LINE
  5
413
100
AcDbEntity
  8
03_AXES
  6
CONTINUOUS
 62
    9
370
   -1
100
AcDbLine
 10
186.8582716715791
 20
183.7620652544665
 11
186.5682716715791
 21
183.7620652544665
  0
LINE
  5
414
100
AcDbEntity
  8
0
  6
CONTINUOUS
 62
    9
370
   -1
100
AcDbLine
 10
170.1482716715791
 20
183.7620652544665
 11
169.8582716715791
 21
183.7620652544665
  0
LINE
  5
415
100
AcDbEntity
  8
03_AXES
  6
CONTINUOUS
 62
    9
370
   -1
100
AcDbLine
 10
126.1582716715791
 20
183.7690409018665
 11
134.3682716715791
 21
183.7690409018665
  0
LINE
  5
416
100
AcDbEntity
  8
03_AXES
  6
CONTINUOUS
 62
    9
370
   -1
100
AcDbLine
 10
143.5582716715791
 20
183.7690409018665
 11
151.7682716715791
 21
183.7690409018665
  0
ARC
  5
417
100
AcDbEntity
  8
03_AXES
  6
CONTINUOUS
 62
    7
370
   -1
100
AcDbCircle
 10
125.9478208735791
 20
141.4117198628665
 40
0.199549202
100
AcDbArc
 50
180.0000457387
 51
180.5186534712
  0
LINE
  5
418
100
AcDbEntity
  8
03_AXES
  6
CONTINUOUS
 62
    9
370
   -1
100
AcDbLine
 10
178.3582716715791
 20
183.7690409018665
 11
186.5682716715791
 21
183.7690409018665
  0
LINE
  5
419
100
AcDbEntity
  8
0
  6
CONTINUOUS
 62
    9
370
   -1
100
AcDbLine
 10
126.1582716715791
 20
183.7690409018665
 11
117.9482716715791
 21
183.7690409018665
  0
LINE
  5
41A
100
AcDbEntity
  8
03_AXES
  6
CONTINUOUS
 62
    7
370
   -1
100
AcDbLine
 10
186.8582716715791
 20
185.5295279543665
 11
186.5682716715791
 21
185.5295279543665
  0
ARC
  5
41B
100
AcDbEntity
  8
0
  6
CONTINUOUS
 62
    7
370
   -1
100
AcDbCircle
 10
117.6582716715791
 20
120.9295279543665
 40
0.2
100
AcDbArc
 50
180
 51
270
  0
LINE
  5
41C
100
AcDbEntity
  8
0
  6
CONTINUOUS
 62
    7
370
   -1
100
AcDbLine
 10
170.1482716715791
 20
185.5295279543665
 11
169.8582716715791
 21
185.5295279543665
  0
LINE
  5
41D
100
AcDbEntity
  8
03_AXES
  6
CONTINUOUS
 62
    7
370
   -1
100
AcDbLine
 10
169.4582716715791
 20
185.5295279543665
 11
169.1682716715791
 21
185.5295279543665
  0
LINE
  5
41E
100
AcDbEntity
  8
0
  6
CONTINUOUS
 62
    7
370
   -1
100
AcDbLine
 10
135.3482716715791
 20
185.5295279543665
 11
135.0582716715791
 21
185.5295279543665
  0
LINE
  5
41F
100
AcDbEntity
  8
03_AXES
  6
CONTINUOUS
 62
    7
370
   -1
100
AcDbLine
 10
143.5582716715791
 20
185.6295279543665
 11
151.7682716715791
 21
185.6295279543665
  0
LINE
  5
420
100
AcDbEntity
  8
0
  6
CONTINUOUS
 62
    7
370
   -1
100
AcDbLine
 10
160.9582716715791
 20
185.6295279543665
 11
152.7482716715791
 21
185.6295279543665
  0
LINE
  5
421
100
AcDbEntity
  8
0
  6
CONTINUOUS
 62
    7
370
   -1
100
AcDbLine
 10
143.5582716715791
 20
185.6295279543665
 11
135.3482716715791
 21
185.6295279543665
  0
LINE
  5
422
100
AcDbEntity
  8
09_ROUNDS
  6
CONTINUOUS
 62
    7
370
   -1
100
AcDbLine
 10
139.1082716715791
 20
186.6295279543665
 11
139.5082716715791
 21
186.6295279543665
  0
LINE
  5
423
100
AcDbEntity
  8
09_ROUNDS
  6
CONTINUOUS
 62
    7
370
   -1
100
AcDbLine
 10
173.9082716715791
 20
186.6295279543665
 11
174.3082716715791
 21
186.6295279543665
  0
LINE
  5
424
100
AcDbEntity
  8
09_ROUNDS
  6
CONTINUOUS
 62
    9
370
   -1
100
AcDbLine
 10
160.9582716715791
 20
186.8295279543665
 11
157.2082716715791
 21
186.8295279543665
  0
LINE
  5
425
100
AcDbEntity
  8
03_AXES
  6
CONTINUOUS
 62
    7
370
   -1
100
AcDbLine
 10
130.9082716715791
 20
186.9563228736665
 11
130.6082716715791
 21
187.1295279543665
  0
LINE
  5
426
100
AcDbEntity
  8
09_ROUNDS
  6
CONTINUOUS
 62
    9
370
   -1
100
AcDbLine
 10
143.5582716715791
 20
186.8295279543665
 11
139.8082716715791
 21
186.8295279543665
  0
LINE
  5
427
100
AcDbEntity
  8
09_ROUNDS
  6
CONTINUOUS
 62
    7
370
   -1
100
AcDbLine
 10
159.0742758595791
 20
174.2306883736665
 11
159.0491422579791
 21
174.2484634722665
  0
LINE
  5
428
100
AcDbEntity
  8
03_AXES
  6
CONTINUOUS
 62
    7
370
   -1
100
AcDbLine
 10
182.8082716715791
 20
187.1295279543665
 11
178.3582716715791
 21
187.1295279543665
  0
LINE
  5
429
100
AcDbEntity
  8
09_ROUNDS
  6
CONTINUOUS
 62
    7
370
   -1
100
AcDbLine
 10
160.6555649270791
 20
173.6908639552665
 11
160.5540430324791
 21
173.7012815069665
  0
ARC
  5
42A
100
AcDbEntity
  8
0
  6
CONTINUOUS
 62
    7
370
   -1
100
AcDbCircle
 10
144.5539405155791
 20
107.8795279543665
 40
0.2
100
AcDbArc
 50
90
 51
225.4386879564
  0
LINE
  5
42B
100
AcDbEntity
  8
09_ROUNDS
  6
CONTINUOUS
 62
    7
370
   -1
100
AcDbLine
 10
178.0555649270791
 20
173.6908639552665
 11
177.9540430324791
 21
173.7012815069665
  0
LINE
  5
42C
100
AcDbEntity
  8
09_ROUNDS
  6
CONTINUOUS
 62
    7
370
   -1
100
AcDbLine
 10
143.1540430324791
 20
173.7012815069665
 11
143.0559515738791
 21
173.7140649482665
  0
LINE
  5
42D
100
AcDbEntity
  8
09_ROUNDS
  6
CONTINUOUS
 62
    7
370
   -1
100
AcDbLine
 10
142.9612802183791
 20
173.7289697010665
 11
142.8700082880791
 21
173.7457702476665
  0
LINE
  5
42E
100
AcDbEntity
  8
09_ROUNDS
  6
CONTINUOUS
 62
    7
370
   -1
100
AcDbLine
 10
142.8700082880791
 20
173.7457702476665
 11
142.7821085917791
 21
173.7642468524665
  0
ARC
  5
42F
100
AcDbEntity
  8
03_AXES
  6
CONTINUOUS
 62
    7
370
   -1
100
AcDbCircle
 10
126.1582716715791
 20
108.7295279543665
 40
3.25
100
AcDbArc
 50
348.4630409672
 51
11.53695903279997
  0
LINE
  5
430
100
AcDbEntity
  8
09_ROUNDS
  6
CONTINUOUS
 62
    7
370
   -1
100
AcDbLine
 10
125.2975458251791
 20
173.7841981124665
 11
125.2162768379791
 21
173.8054294632665
  0
LINE
  5
431
100
AcDbEntity
  8
09_ROUNDS
  6
CONTINUOUS
 62
    7
370
   -1
100
AcDbLine
 10
125.2162768379791
 20
173.8054294632665
 11
125.1382578755791
 21
173.8277601325665
  0
LINE
  5
432
100
AcDbEntity
  8
09_ROUNDS
  6
CONTINUOUS
 62
    7
370
   -1
100
AcDbLine
 10
124.9232433778791
 20
173.8996638235665
 11
124.8577954029791
 21
173.9247370011665
  0
LINE
  5
433
100
AcDbEntity
  8
03_AXES
  6
CONTINUOUS
 62
    7
370
   -1
100
AcDbLine
 10
177.4579771829791
 20
100.0074337566665
 11
177.5061309758791
 21
99.9665984206665
  0
LINE
  5
434
100
AcDbEntity
  8
0
  6
CONTINUOUS
 62
    7
370
   -1
100
AcDbLine
 10
161.7883744886791
 20
107.7673321846665
 11
162.7790716330791
 21
106.9087279928665
  0
LINE
  5
435
100
AcDbEntity
  8
0
  6
CONTINUOUS
 62
    7
370
   -1
100
AcDbLine
 10
142.7626261861791
 20
107.8634725039665
 11
142.6567105255791
 21
107.9693881646665
  0
LINE
  5
436
100
AcDbEntity
  8
0
  6
CONTINUOUS
 62
    7
370
   -1
100
AcDbLine
 10
127.9790716330791
 20
106.9087279928665
 11
127.0598328175791
 21
107.9693881646665
  0
LINE
  5
437
100
AcDbEntity
  8
0
  6
CONTINUOUS
 62
    7
370
   -1
100
AcDbLine
 10
141.7374717099791
 20
110.5503279159665
 11
142.6567105255791
 21
109.4896677441665
  0
LINE
  5
438
100
AcDbEntity
  8
09_ROUNDS
  6
CONTINUOUS
 62
    7
370
   -1
100
AcDbLine
 10
141.5739979050791
 20
174.3061451850665
 11
141.5612296067791
 21
174.3169361990665
  0
LINE
  5
439
100
AcDbEntity
  8
03_AXES
  6
CONTINUOUS
 62
    7
370
   -1
100
AcDbLine
 10
125.1812595372791
 20
100.1002072899665
 11
125.2161004769791
 21
100.0522665281665
  0
LINE
  5
43A
100
AcDbEntity
  8
0
  6
CONTINUOUS
 62
    7
370
   -1
100
AcDbLine
 10
144.3867742702791
 20
176.6686790406665
 11
145.3790716330791
 21
175.8086879928665
  0
ARC
  5
43B
100
AcDbEntity
  8
03_AXES
  6
CONTINUOUS
 62
    7
370
   -1
100
AcDbCircle
 10
143.4678640420791
 20
141.4117200150665
 40
0.1195923706
100
AcDbArc
 50
180.0001492185
 51
180.8658929691
  0
ARC
  5
43C
100
AcDbEntity
  8
03_AXES
  6
CONTINUOUS
 62
    7
370
   -1
100
AcDbCircle
 10
160.2432716715791
 20
176.4873374393665
 40
0.2
100
AcDbArc
 50
0
 51
133.0820511578
  0
ARC
  5
43D
100
AcDbEntity
  8
03_AXES
  6
CONTINUOUS
 62
    7
370
   -1
100
AcDbCircle
 10
142.8432716715791
 20
176.4873374393665
 40
0.2
100
AcDbArc
 50
0
 51
133.0820511578
  0
ARC
  5
43E
100
AcDbEntity
  8
09_ROUNDS
  6
CONTINUOUS
 62
    9
370
   -1
100
AcDbCircle
 10
126.1824305073791
 20
177.3848091525665
 40
3.709030481
100
AcDbArc
 50
269.0823107466
 51
269.6268002854999
  0
SPLINE
  5
43F
100
AcDbEntity
  8
09_ROUNDS
  6
CONTINUOUS
 62
    7
370
   -1
100
AcDbSpline
210
0
220
0
230
0
 70
 4096
 71
    3
 72
   24
 73
   20
 74
    0
 42
1e-07
 43
1e-07
 40
0
 40
0
 40
0
 40
0
 40
0.1774366776
 40
0.3497465914
 40
0.5148625974000001
 40
0.5937135262000001
 40
0.6693071899
 40
0.7407142992
 40
0.8067587457000001
 40
0.8657089248000001
 40
0.9153213993
 40
0.935746913
 40
0.9527555226000001
 40
0.9659771474000001
 40
0.9751514189
 40
0.9803968977
 40
0.9837246169
 40
0.9898420344000001
 40
1
 40
1
 40
1
 40
1
 10
124.8689917037791
 20
173.9001135816665
 30
0
 10
124.8768532440791
 20
173.8970941308665
 30
0
 10
124.8923584694791
 20
173.8911666546665
 30
0
 10
124.9152013108791
 20
173.8824869987665
 30
0
 10
124.9336726172791
 20
173.8754756631665
 30
0
 10
124.9478407167791
 20
173.8700626500665
 30
0
 10
124.9578439387791
 20
173.8662105371665
 30
0
 10
124.9672632139791
 20
173.8625330494665
 30
0
 10
124.9759213666791
 20
173.8590804181665
 30
0
 10
124.9835824094791
 20
173.8559152750665
 30
0
 10
124.9891892192791
 20
173.8534658691665
 30
0
 10
124.9929267250791
 20
173.8516865825665
 30
0
 10
124.9950467516791
 20
173.8505865468665
 30
0
 10
124.9967041967791
 20
173.8496308054665
 30
0
 10
124.9976787074791
 20
173.8488839139665
 30
0
 10
124.9984185410791
 20
173.8482046735665
 30
0
 10
124.9980152440791
 20
173.8474797186665
 30
0
 10
124.9969980517791
 20
173.8474370972665
 30
0
 10
124.9962584666791
 20
173.8473927888665
 30
0
 10
124.9957766290791
 20
173.8474091349665
 30
0
  0
ARC
  5
440
100
AcDbEntity
  8
0
  6
CONTINUOUS
 62
    7
370
   -1
100
AcDbCircle
 10
152.4582716715791
 20
185.3295279543665
 40
0.2
100
AcDbArc
 50
90
 51
180
  0
ARC
  5
441
100
AcDbEntity
  8
03_AXES
  6
CONTINUOUS
 62
    7
370
   -1
100
AcDbCircle
 10
186.8582716715791
 20
185.3295279543665
 40
0.2
100
AcDbArc
 50
0
 51
90
  0
ARC
  5
442
100
AcDbEntity
  8
0
  6
CONTINUOUS
 62
    7
370
   -1
100
AcDbCircle
 10
152.4582716715791
 20
165.3295279543665
 40
0.2
100
AcDbArc
 50
90
 51
180
  0
ARC
  5
443
100
AcDbEntity
  8
0
  6
CONTINUOUS
 62
    7
370
   -1
100
AcDbCircle
 10
126.1582716715791
 20
177.6294879543665
 40
1.22
100
AcDbArc
 50
327.8060524557
 51
32.19394754429997
  0
LINE
  5
444
100
AcDbEntity
  8
0
  6
CONTINUOUS
 62
    7
370
   -1
100
AcDbLine
 10
126.9867742702791
 20
176.6686790406665
 11
127.9790716330791
 21
175.8086879928665
  0
SPLINE
  5
445
100
AcDbEntity
  8
0
  6
CONTINUOUS
 62
    9
370
   -1
100
AcDbSpline
210
0
220
0
230
0
 70
 4096
 71
    3
 72
   16
 73
   12
 74
    0
 42
1e-07
 43
1e-07
 40
0
 40
0
 40
0
 40
0
 40
0.3765543589
 40
0.5469002328
 40
0.6965152096
 40
0.8198312478000001
 40
0.9124328772
 40
0.9462910679000001
 40
0.971675438
 40
0.9889514165000001
 40
1
 40
1
 40
1
 40
1
 10
169.8582716715791
 20
163.8262451261665
 30
0
 10
169.8327542375791
 20
163.8262451261665
 30
0
 10
169.7956841910791
 20
163.8255481282665
 30
0
 10
169.7485499017791
 20
163.8230043560665
 30
0
 10
169.7186050693791
 20
163.8205382851665
 30
0
 10
169.6940110949791
 20
163.8175605376665
 30
0
 10
169.6773244710791
 20
163.8145751376665
 30
0
 10
169.6673952267791
 20
163.8118404017665
 30
0
 10
169.6625610041791
 20
163.8099139679665
 30
0
 10
169.6594023810791
 20
163.8080927484665
 30
0
 10
169.6582716715791
 20
163.8062867693665
 30
0
 10
169.6582716715791
 20
163.8055380553665
 30
0
  0
ARC
  5
446
100
AcDbEntity
  8
03_AXES
  6
CONTINUOUS
 62
    7
370
   -1
100
AcDbCircle
 10
161.6732716715791
 20
178.7651450915665
 40
0.2
100
AcDbArc
 50
180
 51
314.4270040008
  0
SPLINE
  5
447
100
AcDbEntity
  8
0
  6
CONTINUOUS
 62
    9
370
   -1
100
AcDbSpline
210
0
220
0
230
0
 70
 4096
 71
    3
 72
   16
 73
   12
 74
    0
 42
1e-07
 43
1e-07
 40
0
 40
0
 40
0
 40
0
 40
0.3765284491
 40
0.5468630069
 40
0.6964714978000001
 40
0.819782608
 40
0.9123850101000001
 40
0.9462489637
 40
0.9716391227000001
 40
0.9889287542
 40
1
 40
1
 40
1
 40
1
 10
117.6582716715791
 20
122.4323127645665
 30
0
 10
117.6327541614791
 20
122.4323127645665
 30
0
 10
117.5956839351791
 20
122.4330115331665
 30
0
 10
117.5485495420791
 20
122.4355617598665
 30
0
 10
117.5186045887791
 20
122.4380339935665
 30
0
 10
117.4940103846791
 20
122.4410193897665
 30
0
 10
117.4773238266791
 20
122.4440124629665
 30
0
 10
117.4673945891791
 20
122.4467541135665
 30
0
 10
117.4625604616791
 20
122.4486856142665
 30
0
 10
117.4594003976791
 20
122.4505121587665
 30
0
 10
117.4582716715791
 20
122.4523219546665
 30
0
 10
117.4582716715791
 20
122.4530722581665
 30
0
  0
ARC
  5
448
100
AcDbEntity
  8
0
  6
CONTINUOUS
 62
    7
370
   -1
100
AcDbCircle
 10
126.1582716715791
 20
177.6294879543665
 40
1.22
100
AcDbArc
 50
180
 51
212.1939475443
  0
ARC
  5
449
100
AcDbEntity
  8
03_AXES
  6
CONTINUOUS
 62
    7
370
   -1
100
AcDbCircle
 10
125.4432716715791
 20
176.4873374393665
 40
0.2
100
AcDbArc
 50
0
 51
133.0820511578
  0
LINE
  5
44A
100
AcDbEntity
  8
09_ROUNDS
  6
CONTINUOUS
 62
    7
370
   -1
100
AcDbLine
 10
124.1891043431791
 20
174.2938519245665
 11
124.1739979050791
 21
174.3061451850665
  0
ARC
  5
44B
100
AcDbEntity
  8
08_DRAFTS
  6
CONTINUOUS
 62
    7
370
   -1
100
AcDbCircle
 10
178.3582716715791
 20
177.6295279543665
 40
3.75
100
AcDbArc
 50
90
 51
237.5110547822
  0
SPLINE
  5
44C
100
AcDbEntity
  8
0
  6
CONTINUOUS
 62
    9
370
   -1
100
AcDbSpline
210
0
220
0
230
0
 70
 4096
 71
    3
 72
   19
 73
   15
 74
    0
 42
1e-07
 43
1e-07
 40
0
 40
0
 40
0
 40
0
 40
0.1945564071
 40
0.3816334558
 40
0.5540801906
 40
0.7052712674
 40
0.7710537655
 40
0.8294284659000001
 40
0.8798456668
 40
0.9218268975
 40
0.9549875005
 40
0.9790493934000001
 40
0.9938874857000001
 40
1
 40
1
 40
1
 40
1
 10
169.8582716715791
 20
150.8608049000665
 30
0
 10
169.8452651767791
 20
150.8608049000665
 30
0
 10
169.8197521166791
 20
150.8607095328665
 30
0
 10
169.7827126445791
 20
150.8602839580665
 30
0
 10
169.7485771745791
 20
150.8595945688665
 30
0
 10
169.7225541923791
 20
150.8587951438665
 30
0
 10
169.7041643234791
 20
150.8580195039665
 30
0
 10
169.6925050621791
 20
150.8574187619665
 30
0
 10
169.6824569793791
 20
150.8567833803665
 30
0
 10
169.6740564743791
 20
150.8561092880665
 30
0
 10
169.6675447900791
 20
150.8554409663665
 30
0
 10
169.6625762725791
 20
150.8547137312665
 30
0
 10
169.6600001446791
 20
150.8541330702665
 30
0
 10
169.6582716715791
 20
150.8534783896665
 30
0
 10
169.6582716715791
 20
150.8530697555665
 30
0
  0
ARC
  5
44D
100
AcDbEntity
  8
03_AXES
  6
CONTINUOUS
 62
    7
370
   -1
100
AcDbCircle
 10
161.6732716715791
 20
176.4938308172665
 40
0.2
100
AcDbArc
 50
45.57299599919998
 51
180
  0
ARC
  5
44E
100
AcDbEntity
  8
09_ROUNDS
  6
CONTINUOUS
 62
    9
370
   -1
100
AcDbCircle
 10
160.9204280095791
 20
177.1275123746665
 40
3.4435153865
100
AcDbArc
 50
249.3803697458
 51
251.0607648418
  0
ARC
  5
44F
100
AcDbEntity
  8
03_AXES
  6
CONTINUOUS
 62
    7
370
   -1
100
AcDbCircle
 10
160.9582716715791
 20
177.6294879543665
 40
2.1192825112
100
AcDbArc
 50
162.1390747507
 51
197.8609252493
  0
SPLINE
  5
450
100
AcDbEntity
  8
03_AXES
  6
CONTINUOUS
 62
    7
370
   -1
100
AcDbSpline
210
0
220
0
230
0
 70
 4096
 71
    3
 72
   12
 73
    8
 74
    0
 42
1e-07
 43
1e-07
 40
0
 40
0
 40
0
 40
0
 40
0.1217760605
 40
0.2441255037
 40
0.4910169538
 40
0.7428803452
 40
1
 40
1
 40
1
 40
1
 10
161.0787789358791
 20
173.7151326433665
 30
0
 10
161.1616606309791
 20
173.7158754892665
 30
0
 10
161.3278123307791
 20
173.7230970907665
 30
0
 10
161.6602842893791
 20
173.7586679311665
 30
0
 10
162.0755571403791
 20
173.8447622570665
 30
0
 10
162.5622517232791
 20
174.0159967377665
 30
0
 10
162.8710979702791
 20
174.1761199382665
 30
0
 10
163.0200486066791
 20
174.2679911095665
 30
0
  0
LINE
  5
451
100
AcDbEntity
  8
09_ROUNDS
  6
CONTINUOUS
 62
    7
370
   -1
100
AcDbLine
 10
159.7917785815791
 20
173.8750394154665
 11
159.7232433778791
 21
173.8996638235665
  0
LINE
  5
452
100
AcDbEntity
  8
0
  6
CONTINUOUS
 62
    7
370
   -1
100
AcDbLine
 10
145.3790716330791
 20
175.8086879928665
 11
144.4598328175791
 21
176.8693481646665
  0
SPLINE
  5
453
100
AcDbEntity
  8
03_AXES
  6
CONTINUOUS
 62
    9
370
   -1
100
AcDbSpline
210
0
220
0
230
0
 70
 4096
 71
    3
 72
   17
 73
   13
 74
    0
 42
1e-07
 43
1e-07
 40
0
 40
0
 40
0
 40
0
 40
0.008294048
 40
0.0240766484
 40
0.0486262872
 40
0.0820351691
 40
0.174466971
 40
0.2982578484
 40
0.4488027999
 40
0.6203987081
 40
0.8064924812000001
 40
1
 40
1
 40
1
 40
1
 10
169.6582716715791
 20
183.7481139597665
 30
0
 10
169.6582716715791
 20
183.7486714502665
 30
0
 10
169.6568880225791
 20
183.7499805994665
 30
0
 10
169.6539228679791
 20
183.7510541250665
 30
0
 10
169.6490809161791
 20
183.7523864255665
 30
0
 10
169.6391628593791
 20
183.7541992711665
 30
0
 10
169.6224735424791
 20
183.7562251028665
 30
0
 10
169.5979097667791
 20
183.7582200919665
 30
0
 10
169.5679757635791
 20
183.7598828846665
 30
0
 10
169.5338367076791
 20
183.7611252001665
 30
0
 10
169.4967938620791
 20
183.7618933111665
 30
0
 10
169.4712784198791
 20
183.7620652544665
 30
0
 10
169.4582716715791
 20
183.7620652544665
 30
0
  0
SPLINE
  5
454
100
AcDbEntity
  8
03_AXES
  6
CONTINUOUS
 62
    9
370
   -1
100
AcDbSpline
210
0
220
0
230
0
 70
 4096
 71
    3
 72
   16
 73
   12
 74
    0
 42
1e-07
 43
1e-07
 40
0
 40
0
 40
0
 40
0
 40
0.0110712458
 40
0.0283608773
 40
0.0537510363
 40
0.08761498990000001
 40
0.180217392
 40
0.3035285022
 40
0.4531369931
 40
0.6234715509000001
 40
1
 40
1
 40
1
 40
1
 10
152.2582716715791
 20
122.4530722581665
 30
0
 10
152.2582716715791
 20
122.4523219546665
 30
0
 10
152.2571429454791
 20
122.4505121587665
 30
0
 10
152.2539828814791
 20
122.4486856142665
 30
0
 10
152.2491487539791
 20
122.4467541135665
 30
0
 10
152.2392195164791
 20
122.4440124629665
 30
0
 10
152.2225329583791
 20
122.4410193897665
 30
0
 10
152.1979387543791
 20
122.4380339935665
 30
0
 10
152.1679938010791
 20
122.4355617598665
 30
0
 10
152.1208594079791
 20
122.4330115331665
 30
0
 10
152.0837891816791
 20
122.4323127645665
 30
0
 10
152.0582716715791
 20
122.4323127645665
 30
0
  0
LINE
  5
455
100
AcDbEntity
  8
09_ROUNDS
  6
CONTINUOUS
 62
    7
370
   -1
100
AcDbLine
 10
142.4634364684791
 20
173.8510195504665
 11
142.3917785815791
 21
173.8750394154665
  0
LINE
  5
456
100
AcDbEntity
  8
09_ROUNDS
  6
CONTINUOUS
 62
    7
370
   -1
100
AcDbLine
 10
142.0795501874791
 20
174.0012563178665
 11
142.0260218532791
 21
174.0267604145665
  0
LINE
  5
457
100
AcDbEntity
  8
09_ROUNDS
  6
CONTINUOUS
 62
    7
370
   -1
100
AcDbLine
 10
159.1020733568791
 20
174.2116975289665
 11
159.0742758595791
 21
174.2306883736665
  0
LINE
  5
458
100
AcDbEntity
  8
09_ROUNDS
  6
CONTINUOUS
 62
    7
370
   -1
100
AcDbLine
 10
124.2742758595791
 20
174.2306883736665
 11
124.2491422579791
 21
174.2484634722665
  0
LINE
  5
459
100
AcDbEntity
  8
09_ROUNDS
  6
CONTINUOUS
 62
    7
370
   -1
100
AcDbLine
 10
159.0266136966791
 20
174.2649539754665
 11
159.0066245081791
 21
174.2801010239665
  0
LINE
  5
45A
100
AcDbEntity
  8
09_ROUNDS
  6
CONTINUOUS
 62
    7
370
   -1
100
AcDbLine
 10
158.9507493953791
 20
174.3261552603665
 11
158.9425393854791
 21
174.3336969930665
  0
LINE
  5
45B
100
AcDbEntity
  8
0
  6
CONTINUOUS
 62
    7
370
   -1
100
AcDbLine
 10
160.1281688543791
 20
178.5916837241665
 11
159.1374717099791
 21
179.4502879159665
  0
LINE
  5
45C
100
AcDbEntity
  8
0
  6
CONTINUOUS
 62
    7
370
   -1
100
AcDbLine
 10
177.5626261861791
 20
107.8634725039665
 11
177.4567105255791
 21
107.9693881646665
  0
SPLINE
  5
45D
100
AcDbEntity
  8
09_ROUNDS
  6
CONTINUOUS
 62
    7
370
   -1
100
AcDbSpline
210
0
220
0
230
0
 70
 4096
 71
    3
 72
   24
 73
   20
 74
    0
 42
1e-07
 43
1e-07
 40
0
 40
0
 40
0
 40
0
 40
0.1774366776
 40
0.3497465914
 40
0.5148625974000001
 40
0.5937135262000001
 40
0.6693071899
 40
0.7407142992
 40
0.8067587457000001
 40
0.8657089248000001
 40
0.9153213993
 40
0.935746913
 40
0.9527555226000001
 40
0.9659771474000001
 40
0.9751514189
 40
0.9803968977
 40
0.9837246169
 40
0.9898420344000001
 40
1
 40
1
 40
1
 40
1
 10
159.6689917037791
 20
173.9001135816665
 30
0
 10
159.6768532440791
 20
173.8970941308665
 30
0
 10
159.6923584694791
 20
173.8911666546665
 30
0
 10
159.7152013108791
 20
173.8824869987665
 30
0
 10
159.7336726172791
 20
173.8754756631665
 30
0
 10
159.7478407167791
 20
173.8700626500665
 30
0
 10
159.7578439387791
 20
173.8662105371665
 30
0
 10
159.7672632139791
 20
173.8625330494665
 30
0
 10
159.7759213666791
 20
173.8590804181665
 30
0
 10
159.7835824094791
 20
173.8559152750665
 30
0
 10
159.7891892192791
 20
173.8534658691665
 30
0
 10
159.7929267250791
 20
173.8516865825665
 30
0
 10
159.7950467516791
 20
173.8505865468665
 30
0
 10
159.7967041967791
 20
173.8496308054665
 30
0
 10
159.7976787074791
 20
173.8488839139665
 30
0
 10
159.7984185410791
 20
173.8482046735665
 30
0
 10
159.7980152440791
 20
173.8474797186665
 30
0
 10
159.7969980517791
 20
173.8474370972665
 30
0
 10
159.7962584666791
 20
173.8473927888665
 30
0
 10
159.7957766290791
 20
173.8474091349665
 30
0
  0
LINE
  5
45E
100
AcDbEntity
  8
09_ROUNDS
  6
CONTINUOUS
 62
    7
370
   -1
100
AcDbLine
 10
142.2577954029791
 20
173.9247370011665
 11
142.1953925748791
 21
173.9501182005665
  0
ARC
  5
45F
100
AcDbEntity
  8
03_AXES
  6
CONTINUOUS
 62
    7
370
   -1
100
AcDbCircle
 10
178.3582716715791
 20
108.7295279543665
 40
2.1192825112
100
AcDbArc
 50
342.1390747507
 51
17.8609252493
  0
SPLINE
  5
460
100
AcDbEntity
  8
03_AXES
  6
CONTINUOUS
 62
    7
370
   -1
100
AcDbSpline
210
0
220
0
230
0
 70
 4096
 71
    3
 72
   29
 73
   25
 74
    0
 42
1e-07
 43
1e-07
 40
0
 40
0
 40
0
 40
0
 40
0.1861832074
 40
0.3689129042
 40
0.5431451276
 40
0.6250367657
 40
0.702028012
 40
0.7728111952000001
 40
0.8358745864
 40
0.8639936812000001
 40
0.8895491485
 40
0.9123254085
 40
0.9321181104
 40
0.9487390927
 40
0.9620350870000001
 40
0.9719015333000001
 40
0.9755462308
 40
0.9783541164
 40
0.9817774212
 40
0.9831299591
 40
0.9849319394
 40
0.9874535523
 40
0.9907894388
 40
1
 40
1
 40
1
 40
1
 10
126.1582716715791
 20
173.7749246298665
 30
0
 10
126.2192963586791
 20
173.7748241649665
 30
0
 10
126.3402474930791
 20
173.7780007038665
 30
0
 10
126.5177604450791
 20
173.7925705892665
 30
0
 10
126.6603323092791
 20
173.8122566655665
 30
0
 10
126.7677711642791
 20
173.8317672740665
 30
0
 10
126.8414414492791
 20
173.8472888079665
 30
0
 10
126.9086378135791
 20
173.8634598776665
 30
0
 10
126.9598699082791
 20
173.8774081219665
 30
0
 10
126.9965203397791
 20
173.8884045676665
 30
0
 10
127.0203876904791
 20
173.8960429668665
 30
0
 10
127.0415111276791
 20
173.9032843495665
 30
0
 10
127.0597066769791
 20
173.9100272904665
 30
0
 10
127.0748021214791
 20
173.9161532890665
 30
0
 10
127.0866729701791
 20
173.9216004758665
 30
0
 10
127.0943925336791
 20
173.9257435914665
 30
0
 10
127.0988484412791
 20
173.9288282904665
 30
0
 10
127.1011993909791
 20
173.9308553886665
 30
0
 10
127.1030058473791
 20
173.9332648806665
 30
0
 10
127.1018843949791
 20
173.9353270138665
 30
0
 10
127.1001933253791
 20
173.9362117133665
 30
0
 10
127.0977795157791
 20
173.9369000513665
 30
0
 10
127.0928726745791
 20
173.9375824752665
 30
0
 10
127.0887517006791
 20
173.9376479278665
 30
0
 10
127.0857328934791
 20
173.9376217297665
 30
0
  0
ARC
  5
461
100
AcDbEntity
  8
03_AXES
  6
CONTINUOUS
 62
    7
370
   -1
100
AcDbCircle
 10
160.9582716715791
 20
108.7295279543665
 40
3.25
100
AcDbArc
 50
348.4630409672
 51
11.53695903279997
  0
LINE
  5
462
100
AcDbEntity
  8
09_ROUNDS
  6
CONTINUOUS
 62
    7
370
   -1
100
AcDbLine
 10
142.1953925748791
 20
173.9501182005665
 11
142.1359902777791
 21
173.9756681233665
  0
SPLINE
  5
463
100
AcDbEntity
  8
0
  6
CONTINUOUS
 62
    7
370
   -1
100
AcDbSpline
210
0
220
0
230
0
 70
 4096
 71
    3
 72
   19
 73
   15
 74
    0
 42
1e-07
 43
1e-07
 40
0
 40
0
 40
0
 40
0
 40
0.194708624
 40
0.3819168421
 40
0.5544578239
 40
0.7057007295000001
 40
0.7714884208
 40
0.8298621848000001
 40
0.8802660263000001
 40
0.9222224553
 40
0.9553487828
 40
0.979355822
 40
0.9941046567
 40
1
 40
1
 40
1
 40
1
 10
135.0582716715791
 20
118.1330200313665
 30
0
 10
135.0452613345791
 20
118.1330202795665
 30
0
 10
135.0197417759791
 20
118.1331060326665
 30
0
 10
134.9826947063791
 20
118.1334906692665
 30
0
 10
134.9485561710791
 20
118.1341133383665
 30
0
 10
134.9225335057791
 20
118.1348352096665
 30
0
 10
134.9041460885791
 20
118.1355358606665
 30
0
 10
134.8924897746791
 20
118.1360779708665
 30
0
 10
134.8824471377791
 20
118.1366524695665
 30
0
 10
134.8740462395791
 20
118.1372585339665
 30
0
 10
134.8675507208791
 20
118.1378676829665
 30
0
 10
134.8625611600791
 20
118.1385105415665
 30
0
 10
134.8600442673791
 20
118.1390570864665
 30
0
 10
134.8582716715791
 20
118.1396102612665
 30
0
 10
134.8582716715791
 20
118.1400041852665
 30
0
  0
SPLINE
  5
464
100
AcDbEntity
  8
09_ROUNDS
  6
CONTINUOUS
 62
    9
370
   -1
100
AcDbSpline
210
0
220
0
230
0
 70
 4096
 71
    3
 72
   12
 73
    8
 74
    0
 42
1e-07
 43
1e-07
 40
0
 40
0
 40
0
 40
0
 40
0.3160725124
 40
0.5961622418
 40
0.8278946965
 40
0.9219982251000001
 40
1
 40
1
 40
1
 40
1
 10
142.3077515955791
 20
173.9045922496665
 30
0
 10
142.2192581401791
 20
173.9378938318665
 30
0
 10
142.0548422199791
 20
174.0076578498665
 30
0
 10
141.8355339670791
 20
174.1232622688665
 30
0
 10
141.6823506066791
 20
174.2206274413665
 30
0
 10
141.5850821933791
 20
174.2923292361665
 30
0
 10
141.5451452780791
 20
174.3248711055665
 30
0
 10
141.5275608950791
 20
174.3402094111665
 30
0
  0
SPLINE
  5
465
100
AcDbEntity
  8
0
  6
CONTINUOUS
 62
    9
370
   -1
100
AcDbSpline
210
0
220
0
230
0
 70
 4096
 71
    3
 72
   16
 73
   12
 74
    0
 42
1e-07
 43
1e-07
 40
0
 40
0
 40
0
 40
0
 40
0.3765543589
 40
0.5469002328
 40
0.6965152096
 40
0.8198312478000001
 40
0.9124328772
 40
0.9462910679000001
 40
0.971675438
 40
0.9889514165000001
 40
1
 40
1
 40
1
 40
1
 10
117.6582716715791
 20
163.8262451261665
 30
0
 10
117.6327542375791
 20
163.8262451261665
 30
0
 10
117.5956841910791
 20
163.8255481282665
 30
0
 10
117.5485499017791
 20
163.8230043560665
 30
0
 10
117.5186050693791
 20
163.8205382851665
 30
0
 10
117.4940110949791
 20
163.8175605376665
 30
0
 10
117.4773244710791
 20
163.8145751376665
 30
0
 10
117.4673952267791
 20
163.8118404017665
 30
0
 10
117.4625610041791
 20
163.8099139679665
 30
0
 10
117.4594023810791
 20
163.8080927484665
 30
0
 10
117.4582716715791
 20
163.8062867693665
 30
0
 10
117.4582716715791
 20
163.8055380553665
 30
0
  0
LINE
  5
466
100
AcDbEntity
  8
0
  6
CONTINUOUS
 62
    7
370
   -1
100
AcDbLine
 10
176.5374717099791
 20
179.4502879159665
 11
177.4567105255791
 21
178.3896277441665
  0
SPLINE
  5
467
100
AcDbEntity
  8
03_AXES
  6
CONTINUOUS
 62
    7
370
   -1
100
AcDbSpline
210
0
220
0
230
0
 70
 4096
 71
    3
 72
    9
 73
    5
 74
    0
 42
1e-07
 43
1e-07
 40
0
 40
0
 40
0
 40
0
 40
0.5162894782
 40
1
 40
1
 40
1
 40
1
 10
178.3582716715791
 20
173.7148141316665
 30
0
 10
178.3790041757791
 20
173.7153346436665
 30
0
 10
178.4191813952791
 20
173.7151720562665
 30
0
 10
178.4593493561791
 20
173.7149585014665
 30
0
 10
178.4787789358791
 20
173.7151326433665
 30
0
  0
LINE
  5
468
100
AcDbEntity
  8
09_ROUNDS
  6
CONTINUOUS
 62
    7
370
   -1
100
AcDbLine
 10
159.9382578755791
 20
173.8277601325665
 11
159.8634364684791
 21
173.8510195504665
  0
LINE
  5
469
100
AcDbEntity
  8
09_ROUNDS
  6
CONTINUOUS
 62
    7
370
   -1
100
AcDbLine
 10
176.3365711032791
 20
174.3394467418665
 11
176.3328789672791
 21
174.3431963787665
  0
LINE
  5
46A
100
AcDbEntity
  8
03_AXES
  6
CONTINUOUS
 62
    7
370
   -1
100
AcDbLine
 10
125.1540200272791
 20
100.1499091257665
 11
125.1812595372791
 21
100.1002072899665
  0
LINE
  5
46B
100
AcDbEntity
  8
03_AXES
  6
CONTINUOUS
 62
    7
370
   -1
100
AcDbLine
 10
159.9342710988791
 20
100.2004552348665
 11
159.9540200272791
 21
100.1499091257665
  0
SPLINE
  5
46C
100
AcDbEntity
  8
0
  6
CONTINUOUS
 62
    9
370
   -1
100
AcDbSpline
210
0
220
0
230
0
 70
 4096
 71
    3
 72
   16
 73
   12
 74
    0
 42
1e-07
 43
1e-07
 40
0
 40
0
 40
0
 40
0
 40
0.3765543589
 40
0.5469002328
 40
0.6965152096
 40
0.8198312478000001
 40
0.9124328772
 40
0.9462910679000001
 40
0.971675438
 40
0.9889514165000001
 40
1
 40
1
 40
1
 40
1
 10
135.0582716715791
 20
163.8262451261665
 30
0
 10
135.0327542375791
 20
163.8262451261665
 30
0
 10
134.9956841910791
 20
163.8255481282665
 30
0
 10
134.9485499017791
 20
163.8230043560665
 30
0
 10
134.9186050693791
 20
163.8205382851665
 30
0
 10
134.8940110949791
 20
163.8175605376665
 30
0
 10
134.8773244710791
 20
163.8145751376665
 30
0
 10
134.8673952267791
 20
163.8118404017665
 30
0
 10
134.8625610041791
 20
163.8099139679665
 30
0
 10
134.8594023810791
 20
163.8080927484665
 30
0
 10
134.8582716715791
 20
163.8062867693665
 30
0
 10
134.8582716715791
 20
163.8055380553665
 30
0
  0
SPLINE
  5
46D
100
AcDbEntity
  8
09_ROUNDS
  6
CONTINUOUS
 62
    9
370
   -1
100
AcDbSpline
210
0
220
0
230
0
 70
 4096
 71
    3
 72
   15
 73
   11
 74
    0
 42
1e-07
 43
1e-07
 40
0
 40
0
 40
0
 40
0
 40
0.0192911937
 40
0.0442467107
 40
0.1119942033
 40
0.2038375766
 40
0.319395601
 40
0.4579042229
 40
0.6183395807000001
 40
1
 40
1
 40
1
 40
1
 10
124.0594807561791
 20
174.4424227425665
 30
0
 10
124.0622246150791
 20
174.4427063553665
 30
0
 10
124.0685936029791
 20
174.4425208070665
 30
0
 10
124.0844194810791
 20
174.4399836764665
 30
0
 10
124.1098220153791
 20
174.4325567888665
 30
0
 10
124.1467841260791
 20
174.4190970546665
 30
0
 10
124.1926235662791
 20
174.4004807329665
 30
0
 10
124.2471466955791
 20
174.3772437539665
 30
0
 10
124.3364385357791
 20
174.3385346433665
 30
0
 10
124.4076806019791
 20
174.3079775502665
 30
0
 10
124.4580982317791
 20
174.2870871884665
 30
0
  0
ARC
  5
46E
100
AcDbEntity
  8
09_ROUNDS
  6
CONTINUOUS
 62
    7
370
   -1
100
AcDbCircle
 10
156.9082716715791
 20
186.8295279543665
 40
0.3
100
AcDbArc
 50
0
 51
90
  0
SPLINE
  5
46F
100
AcDbEntity
  8
0
  6
CONTINUOUS
 62
    7
370
   -1
100
AcDbSpline
210
0
220
0
230
0
 70
 4096
 71
    3
 72
   19
 73
   15
 74
    0
 42
1e-07
 43
1e-07
 40
0
 40
0
 40
0
 40
0
 40
0.194708624
 40
0.3819168421
 40
0.5544578239
 40
0.7057007295000001
 40
0.7714884208
 40
0.8298621848000001
 40
0.8802660263000001
 40
0.9222224553
 40
0.9553487828
 40
0.979355822
 40
0.9941046567
 40
1
 40
1
 40
1
 40
1
 10
169.8582716715791
 20
118.1330200313665
 30
0
 10
169.8452613345791
 20
118.1330202795665
 30
0
 10
169.8197417759791
 20
118.1331060326665
 30
0
 10
169.7826947063791
 20
118.1334906692665
 30
0
 10
169.7485561710791
 20
118.1341133383665
 30
0
 10
169.7225335057791
 20
118.1348352096665
 30
0
 10
169.7041460885791
 20
118.1355358606665
 30
0
 10
169.6924897746791
 20
118.1360779708665
 30
0
 10
169.6824471377791
 20
118.1366524695665
 30
0
 10
169.6740462395791
 20
118.1372585339665
 30
0
 10
169.6675507208791
 20
118.1378676829665
 30
0
 10
169.6625611600791
 20
118.1385105415665
 30
0
 10
169.6600442673791
 20
118.1390570864665
 30
0
 10
169.6582716715791
 20
118.1396102612665
 30
0
 10
169.6582716715791
 20
118.1400041852665
 30
0
  0
LINE
  5
470
100
AcDbEntity
  8
09_ROUNDS
  6
CONTINUOUS
 62
    7
370
   -1
100
AcDbLine
 10
159.1659018733791
 20
174.1703643725665
 11
159.1325968109791
 21
174.1915625911665
  0
LINE
  5
471
100
AcDbEntity
  8
09_ROUNDS
  6
CONTINUOUS
 62
    7
370
   -1
100
AcDbLine
 10
176.9359902777791
 20
173.9756681233665
 11
176.8795501874791
 21
174.0012563178665
  0
LINE
  5
472
100
AcDbEntity
  8
09_ROUNDS
  6
CONTINUOUS
 62
    7
370
   -1
100
AcDbLine
 10
176.8260218532791
 20
174.0267604145665
 11
176.7754025544791
 21
174.0520417443665
  0
LINE
  5
473
100
AcDbEntity
  8
09_ROUNDS
  6
CONTINUOUS
 62
    7
370
   -1
100
AcDbLine
 10
141.9276942004791
 20
174.0769619716665
 11
141.8829046337791
 21
174.1013788962665
  0
LINE
  5
474
100
AcDbEntity
  8
09_ROUNDS
  6
CONTINUOUS
 62
    7
370
   -1
100
AcDbLine
 10
141.8829046337791
 20
174.1013788962665
 11
141.8410229132791
 21
174.1251653225665
  0
LINE
  5
475
100
AcDbEntity
  8
09_ROUNDS
  6
CONTINUOUS
 62
    7
370
   -1
100
AcDbLine
 10
159.2020297083791
 20
174.1481986867665
 11
159.1659018733791
 21
174.1703643725665
  0
LINE
  5
476
100
AcDbEntity
  8
09_ROUNDS
  6
CONTINUOUS
 62
    7
370
   -1
100
AcDbLine
 10
141.7659018733791
 20
174.1703643725665
 11
141.7325968109791
 21
174.1915625911665
  0
LINE
  5
477
100
AcDbEntity
  8
09_ROUNDS
  6
CONTINUOUS
 62
    7
370
   -1
100
AcDbLine
 10
141.7020733568791
 20
174.2116975289665
 11
141.6742758595791
 21
174.2306883736665
  0
LINE
  5
478
100
AcDbEntity
  8
09_ROUNDS
  6
CONTINUOUS
 62
    7
370
   -1
100
AcDbLine
 10
124.2066245081791
 20
174.2801010239665
 11
124.1891043431791
 21
174.2938519245665
  0
SPLINE
  5
479
100
AcDbEntity
  8
09_ROUNDS
  6
CONTINUOUS
 62
    7
370
   -1
100
AcDbSpline
210
0
220
0
230
0
 70
 4096
 71
    3
 72
   23
 73
   19
 74
    0
 42
1e-07
 43
1e-07
 40
0
 40
0
 40
0
 40
0
 40
0.0054591468
 40
0.013289878
 40
0.0338882717
 40
0.0585564542
 40
0.0855889821
 40
0.1141113973
 40
0.1436446859
 40
0.2047171612
 40
0.2675569065
 40
0.3315794777
 40
0.396469707
 40
0.4620380179
 40
0.5947381865
 40
0.7290078392
 40
0.8643124985
 40
1
 40
1
 40
1
 40
1
 10
142.3957766290791
 20
173.8474091349665
 30
0
 10
142.3941132709791
 20
173.8474655634665
 30
0
 10
142.3900863109791
 20
173.8480067959665
 30
0
 10
142.3799268879791
 20
173.8498587142665
 30
0
 10
142.3641428076791
 20
173.8534968389665
 30
0
 10
142.3427820008791
 20
173.8589247026665
 30
0
 10
142.3191863421791
 20
173.8653673697665
 30
0
 10
142.2942539716791
 20
173.8725304355665
 30
0
 10
142.2594667513791
 20
173.8829670403665
 30
0
 10
142.2148763657791
 20
173.8971243971665
 30
0
 10
142.1606037007791
 20
173.9154975893665
 30
0
 10
142.1055784061791
 20
173.9352471415665
 30
0
 10
142.0501342215791
 20
173.9562646258665
 30
0
 10
141.9756223710791
 20
173.9860158072665
 30
0
 10
141.8824699363791
 20
174.0260792026665
 30
0
 10
141.7715507307791
 20
174.0784599203665
 30
0
 10
141.6617525655791
 20
174.1351649664665
 30
0
 10
141.5897512474791
 20
174.1757233363665
 30
0
 10
141.5540957788791
 20
174.1966968685665
 30
0
  0
SPLINE
  5
47A
100
AcDbEntity
  8
08_DRAFTS
  6
CONTINUOUS
 62
    7
370
   -1
100
AcDbSpline
210
0
220
0
230
0
 70
 4096
 71
    3
 72
   14
 73
   10
 74
    0
 42
1e-07
 43
1e-07
 40
0
 40
0
 40
0
 40
0
 40
0.3797466329
 40
0.5388451321000001
 40
0.6762671685
 40
0.7913420452000001
 40
0.8836206924000001
 40
0.9529765456
 40
1
 40
1
 40
1
 40
1
 10
124.1439623536791
 20
174.4664506597665
 30
0
 10
124.0997941324791
 20
174.4895476620665
 30
0
 10
124.0374436249791
 20
174.5229363070665
 30
0
 10
123.9591753930791
 20
174.5647975909665
 30
0
 10
123.9113124030791
 20
174.5898630388665
 30
0
 10
123.8708196760791
 20
174.6100483037665
 30
0
 10
123.8376960395791
 20
174.6250615266665
 30
0
 10
123.8120605805791
 20
174.6345690889665
 30
0
 10
123.7969799698791
 20
174.6380857585665
 30
0
 10
123.7908089478791
 20
174.6381931955665
 30
0
  0
SPLINE
  5
47B
100
AcDbEntity
  8
0
  6
CONTINUOUS
 62
    7
370
   -1
100
AcDbSpline
210
0
220
0
230
0
 70
 4096
 71
    3
 72
   19
 73
   15
 74
    0
 42
1e-07
 43
1e-07
 40
0
 40
0
 40
0
 40
0
 40
0.194708624
 40
0.3819168421
 40
0.5544578239
 40
0.7057007295000001
 40
0.7714884208
 40
0.8298621848000001
 40
0.8802660263000001
 40
0.9222224553
 40
0.9553487828
 40
0.979355822
 40
0.9941046567
 40
1
 40
1
 40
1
 40
1
 10
117.6582716715791
 20
118.1330200313665
 30
0
 10
117.6452613345791
 20
118.1330202795665
 30
0
 10
117.6197417759791
 20
118.1331060326665
 30
0
 10
117.5826947063791
 20
118.1334906692665
 30
0
 10
117.5485561710791
 20
118.1341133383665
 30
0
 10
117.5225335057791
 20
118.1348352096665
 30
0
 10
117.5041460885791
 20
118.1355358606665
 30
0
 10
117.4924897746791
 20
118.1360779708665
 30
0
 10
117.4824471377791
 20
118.1366524695665
 30
0
 10
117.4740462395791
 20
118.1372585339665
 30
0
 10
117.4675507208791
 20
118.1378676829665
 30
0
 10
117.4625611600791
 20
118.1385105415665
 30
0
 10
117.4600442673791
 20
118.1390570864665
 30
0
 10
117.4582716715791
 20
118.1396102612665
 30
0
 10
117.4582716715791
 20
118.1400041852665
 30
0
  0
LINE
  5
47C
100
AcDbEntity
  8
0
  6
CONTINUOUS
 62
    7
370
   -1
100
AcDbLine
 10
144.3539171568791
 20
178.4955434048665
 11
144.4598328175791
 21
178.3896277441665
  0
LINE
  5
47D
100
AcDbEntity
  8
0
  6
CONTINUOUS
 62
    7
370
   -1
100
AcDbLine
 10
127.9790716330791
 20
175.8086879928665
 11
127.0598328175791
 21
176.8693481646665
  0
LINE
  5
47E
100
AcDbEntity
  8
03_AXES
  6
CONTINUOUS
 62
    7
370
   -1
100
AcDbLine
 10
177.3812595372791
 20
100.1002072899665
 11
177.4161004769791
 21
100.0522665281665
  0
LINE
  5
47F
100
AcDbEntity
  8
09_ROUNDS
  6
CONTINUOUS
 62
    7
370
   -1
100
AcDbLine
 10
158.9425393854791
 20
174.3336969930665
 11
158.9365711032791
 21
174.3394467418665
  0
LINE
  5
480
100
AcDbEntity
  8
0
  6
CONTINUOUS
 62
    7
370
   -1
100
AcDbLine
 10
161.7539171568791
 20
178.4955434048665
 11
161.8598328175791
 21
178.3896277441665
  0
LINE
  5
481
100
AcDbEntity
  8
09_ROUNDS
  6
CONTINUOUS
 62
    7
370
   -1
100
AcDbLine
 10
158.9365711032791
 20
174.3394467418665
 11
158.9328789672791
 21
174.3431963787665
  0
SPLINE
  5
482
100
AcDbEntity
  8
0
  6
CONTINUOUS
 62
    7
370
   -1
100
AcDbSpline
210
0
220
0
230
0
 70
 4096
 71
    3
 72
   25
 73
   21
 74
    0
 42
1e-07
 43
1e-07
 40
0
 40
0
 40
0
 40
0
 40
0.1254312564
 40
0.2508048955
 40
0.3132321584
 40
0.3752802809
 40
0.436703521
 40
0.4971145635
 40
0.5558519365
 40
0.5842480672
 40
0.6116812577
 40
0.637780215
 40
0.6620363577
 40
0.6840801038000001
 40
0.6947155619000001
 40
0.7058323464
 40
0.7323451281000001
 40
0.7655892746
 40
0.8412186098000001
 40
1
 40
1
 40
1
 40
1
 10
135.0582716715791
 20
149.5845109605665
 30
0
 10
135.0507405900791
 20
149.6035996788665
 30
0
 10
135.0354239150791
 20
149.6416672008665
 30
0
 10
135.0154610776791
 20
149.6888688097665
 30
0
 10
134.9988028691791
 20
149.7261974469665
 30
0
 10
134.9859396221791
 20
149.7537582939665
 30
0
 10
134.9726065079791
 20
149.7807298980665
 30
0
 10
134.9586795843791
 20
149.8067884515665
 30
0
 10
134.9463013589791
 20
149.8275333349665
 30
0
 10
134.9357104275791
 20
149.8430069373665
 30
0
 10
134.9275023517791
 20
149.8536140867665
 30
0
 10
134.9188412364791
 20
149.8629817841665
 30
0
 10
134.9096522052791
 20
149.8705059411665
 30
0
 10
134.9009054632791
 20
149.8744458149665
 30
0
 10
134.8936273917791
 20
149.8746062636665
 30
0
 10
134.8859700588791
 20
149.8720889421665
 30
0
 10
134.8776962852791
 20
149.8631775788665
 30
0
 10
134.8686006074791
 20
149.8429109773665
 30
0
 10
134.8598015668791
 20
149.7996401378665
 30
0
 10
134.8582716715791
 20
149.7612307781665
 30
0
 10
134.8582716715791
 20
149.7352540429665
 30
0
  0
SPLINE
  5
483
100
AcDbEntity
  8
09_ROUNDS
  6
CONTINUOUS
 62
    9
370
   -1
100
AcDbSpline
210
0
220
0
230
0
 70
 4096
 71
    3
 72
   18
 73
   14
 74
    0
 42
1e-07
 43
1e-07
 40
0
 40
0
 40
0
 40
0
 40
0.2401371491
 40
0.4434516198
 40
0.6096381752000001
 40
0.7389290403000001
 40
0.8325978305
 40
0.8672865517
 40
0.8952869472
 40
0.9189033034
 40
0.9417949629000001
 40
0.9679124011
 40
1
 40
1
 40
1
 40
1
 10
158.9275608950791
 20
174.3402094111665
 30
0
 10
158.9191552980791
 20
174.3475413496665
 30
0
 10
158.9038511749791
 20
174.3613376954665
 30
0
 10
158.8836553021791
 20
174.3811958369665
 30
0
 10
158.8680580421791
 20
174.3983642704665
 30
0
 10
158.8570548783791
 20
174.4127096545665
 30
0
 10
158.8509953152791
 20
174.4231520848665
 30
0
 10
158.8488401604791
 20
174.4301252862665
 30
0
 10
158.8485302715791
 20
174.4341728335665
 30
0
 10
158.8494932376791
 20
174.4376030282665
 30
0
 10
158.8518383986791
 20
174.4401820125665
 30
0
 10
158.8553171847791
 20
174.4417915102665
 30
0
 10
158.8579982474791
 20
174.4422694052665
 30
0
 10
158.8594807561791
 20
174.4424227425665
 30
0
  0
SPLINE
  5
484
100
AcDbEntity
  8
03_AXES
  6
CONTINUOUS
 62
    7
370
   -1
100
AcDbSpline
210
0
220
0
230
0
 70
 4096
 71
    3
 72
    9
 73
    5
 74
    0
 42
1e-07
 43
1e-07
 40
0
 40
0
 40
0
 40
0
 40
0.2453372812
 40
1
 40
1
 40
1
 40
1
 10
151.8092621727791
 20
149.0118778560665
 30
0
 10
151.8044516071791
 20
149.0006916908665
 30
0
 10
151.7863503656791
 20
148.9544532489665
 30
0
 10
151.7743155210791
 20
148.9059216472665
 30
0
 10
151.7682716715791
 20
148.8689567147665
 30
0
  0
SPLINE
  5
485
100
AcDbEntity
  8
03_AXES
  6
CONTINUOUS
 62
    9
370
   -1
100
AcDbSpline
210
0
220
0
230
0
 70
 4096
 71
    3
 72
   17
 73
   13
 74
    0
 42
1e-07
 43
1e-07
 40
0
 40
0
 40
0
 40
0
 40
0.008294048
 40
0.0240766484
 40
0.0486262872
 40
0.0820351691
 40
0.174466971
 40
0.2982578484
 40
0.4488027999
 40
0.6203987081
 40
0.8064924812000001
 40
1
 40
1
 40
1
 40
1
 10
134.8582716715791
 20
183.7481139597665
 30
0
 10
134.8582716715791
 20
183.7486714502665
 30
0
 10
134.8568880225791
 20
183.7499805994665
 30
0
 10
134.8539228679791
 20
183.7510541250665
 30
0
 10
134.8490809161791
 20
183.7523864255665
 30
0
 10
134.8391628593791
 20
183.7541992711665
 30
0
 10
134.8224735424791
 20
183.7562251028665
 30
0
 10
134.7979097667791
 20
183.7582200919665
 30
0
 10
134.7679757635791
 20
183.7598828846665
 30
0
 10
134.7338367076791
 20
183.7611252001665
 30
0
 10
134.6967938620791
 20
183.7618933111665
 30
0
 10
134.6712784198791
 20
183.7620652544665
 30
0
 10
134.6582716715791
 20
183.7620652544665
 30
0
  0
SPLINE
  5
486
100
AcDbEntity
  8
03_AXES
  6
CONTINUOUS
 62
    7
370
   -1
100
AcDbSpline
210
0
220
0
230
0
 70
 4096
 71
    3
 72
    9
 73
    5
 74
    0
 42
1e-07
 43
1e-07
 40
0
 40
0
 40
0
 40
0
 40
0.2453372812
 40
1
 40
1
 40
1
 40
1
 10
134.4092621727791
 20
149.0118778560665
 30
0
 10
134.4044516071791
 20
149.0006916908665
 30
0
 10
134.3863503656791
 20
148.9544532489665
 30
0
 10
134.3743155210791
 20
148.9059216472665
 30
0
 10
134.3682716715791
 20
148.8689567147665
 30
0
  0
SPLINE
  5
487
100
AcDbEntity
  8
0
  6
CONTINUOUS
 62
    9
370
   -1
100
AcDbSpline
210
0
220
0
230
0
 70
 4096
 71
    3
 72
   16
 73
   12
 74
    0
 42
1e-07
 43
1e-07
 40
0
 40
0
 40
0
 40
0
 40
0.3765284491
 40
0.5468630069
 40
0.6964714978000001
 40
0.819782608
 40
0.9123850101000001
 40
0.9462489637
 40
0.9716391227000001
 40
0.9889287542
 40
1
 40
1
 40
1
 40
1
 10
169.8582716715791
 20
122.4323127645665
 30
0
 10
169.8327541614791
 20
122.4323127645665
 30
0
 10
169.7956839351791
 20
122.4330115331665
 30
0
 10
169.7485495420791
 20
122.4355617598665
 30
0
 10
169.7186045887791
 20
122.4380339935665
 30
0
 10
169.6940103846791
 20
122.4410193897665
 30
0
 10
169.6773238266791
 20
122.4440124629665
 30
0
 10
169.6673945891791
 20
122.4467541135665
 30
0
 10
169.6625604616791
 20
122.4486856142665
 30
0
 10
169.6594003976791
 20
122.4505121587665
 30
0
 10
169.6582716715791
 20
122.4523219546665
 30
0
 10
169.6582716715791
 20
122.4530722581665
 30
0
  0
SPLINE
  5
488
100
AcDbEntity
  8
09_ROUNDS
  6
CONTINUOUS
 62
    7
370
   -1
100
AcDbSpline
210
0
220
0
230
0
 70
 4096
 71
    3
 72
   23
 73
   19
 74
    0
 42
1e-07
 43
1e-07
 40
0
 40
0
 40
0
 40
0
 40
0.0054591468
 40
0.013289878
 40
0.0338882717
 40
0.0585564542
 40
0.0855889821
 40
0.1141113973
 40
0.1436446859
 40
0.2047171612
 40
0.2675569065
 40
0.3315794777
 40
0.396469707
 40
0.4620380179
 40
0.5947381865
 40
0.7290078392
 40
0.8643124985
 40
1
 40
1
 40
1
 40
1
 10
159.7957766290791
 20
173.8474091349665
 30
0
 10
159.7941132709791
 20
173.8474655634665
 30
0
 10
159.7900863109791
 20
173.8480067959665
 30
0
 10
159.7799268879791
 20
173.8498587142665
 30
0
 10
159.7641428076791
 20
173.8534968389665
 30
0
 10
159.7427820008791
 20
173.8589247026665
 30
0
 10
159.7191863421791
 20
173.8653673697665
 30
0
 10
159.6942539716791
 20
173.8725304355665
 30
0
 10
159.6594667513791
 20
173.8829670403665
 30
0
 10
159.6148763657791
 20
173.8971243971665
 30
0
 10
159.5606037007791
 20
173.9154975893665
 30
0
 10
159.5055784061791
 20
173.9352471415665
 30
0
 10
159.4501342215791
 20
173.9562646258665
 30
0
 10
159.3756223710791
 20
173.9860158072665
 30
0
 10
159.2824699363791
 20
174.0260792026665
 30
0
 10
159.1715507307791
 20
174.0784599203665
 30
0
 10
159.0617525655791
 20
174.1351649664665
 30
0
 10
158.9897512474791
 20
174.1757233363665
 30
0
 10
158.9540957788791
 20
174.1966968685665
 30
0
  0
SPLINE
  5
489
100
AcDbEntity
  8
08_DRAFTS
  6
CONTINUOUS
 62
    7
370
   -1
100
AcDbSpline
210
0
220
0
230
0
 70
 4096
 71
    3
 72
   24
 73
   20
 74
    0
 42
1e-07
 43
1e-07
 40
0
 40
0
 40
0
 40
0
 40
0.007018178700000001
 40
0.0125526822
 40
0.017389322
 40
0.0226444412
 40
0.0292311691
 40
0.0376390161
 40
0.0481022603
 40
0.0607403928
 40
0.09274399
 40
0.1338667006
 40
0.1840945617
 40
0.243298602
 40
0.3112641699
 40
0.3877003764
 40
0.5644525184
 40
0.7699762871
 40
1
 40
1
 40
1
 40
1
 10
141.1908089478791
 20
174.6381931955665
 30
0
 10
141.1888988471791
 20
174.6382264502665
 30
0
 10
141.1854625351791
 20
174.6380312947665
 30
0
 10
141.1808906425791
 20
174.6364019673665
 30
0
 10
141.1778745750791
 20
174.6331344462665
 30
0
 10
141.1768449416791
 20
174.6285577245665
 30
0
 10
141.1774813124791
 20
174.6230311471665
 30
0
 10
141.1796122750791
 20
174.6164076430665
 30
0
 10
141.1832609442791
 20
174.6086291794665
 30
0
 10
141.1907929630791
 20
174.5956423616665
 30
0
 10
141.2044500334791
 20
174.5766534488665
 30
0
 10
141.2259625530791
 20
174.5508552203665
 30
0
 10
141.2538521566791
 20
174.5208035012665
 30
0
 10
141.2881592057791
 20
174.4868055110665
 30
0
 10
141.3289161170791
 20
174.4492313667665
 30
0
 10
141.3951129138791
 20
174.3921129601665
 30
0
 10
141.4935501439791
 20
174.3151546779665
 30
0
 10
141.6307394597791
 20
174.2203501577665
 30
0
 10
141.7321943282791
 20
174.1588375351665
 30
0
 10
141.7866604346791
 20
174.1279517018665
 30
0
  0
SPLINE
  5
48A
100
AcDbEntity
  8
0
  6
CONTINUOUS
 62
    7
370
   -1
100
AcDbSpline
210
0
220
0
230
0
 70
 4096
 71
    3
 72
    9
 73
    5
 74
    0
 42
1e-07
 43
1e-07
 40
0
 40
0
 40
0
 40
0
 40
0.2433788002
 40
1
 40
1
 40
1
 40
1
 10
135.3482716715791
 20
148.9818296312665
 30
0
 10
135.3499708789791
 20
148.9716492041665
 30
0
 10
135.3559878467791
 20
148.9296602604665
 30
0
 10
135.3582716715791
 20
148.8871697828665
 30
0
 10
135.3582716715791
 20
148.8550828307665
 30
0
  0
SPLINE
  5
48B
100
AcDbEntity
  8
0
  6
CONTINUOUS
 62
    7
370
   -1
100
AcDbSpline
210
0
220
0
230
0
 70
 4096
 71
    3
 72
    9
 73
    5
 74
    0
 42
1e-07
 43
1e-07
 40
0
 40
0
 40
0
 40
0
 40
0.255977406
 40
1
 40
1
 40
1
 40
1
 10
117.9482716715791
 20
148.8689567147665
 30
0
 10
117.9462217770791
 20
148.8814941233665
 30
0
 10
117.9368878130791
 20
148.9302387794665
 30
0
 10
117.9218689045791
 20
148.9779565217665
 30
0
 10
117.9072811703791
 20
149.0118778560665
 30
0
  0
SPLINE
  5
48C
100
AcDbEntity
  8
0
  6
CONTINUOUS
 62
    9
370
   -1
100
AcDbSpline
210
0
220
0
230
0
 70
 4096
 71
    3
 72
   17
 73
   13
 74
    0
 42
1e-07
 43
1e-07
 40
0
 40
0
 40
0
 40
0
 40
0.1935074939
 40
0.3796013398
 40
0.5511971506000001
 40
0.7017421532
 40
0.8255330924000001
 40
0.9179647750000001
 40
0.9513737638
 40
0.9759233721
 40
0.9917059434000001
 40
1
 40
1
 40
1
 40
1
 10
117.6582716715791
 20
102.4969906542665
 30
0
 10
117.6452649249791
 20
102.4969906542665
 30
0
 10
117.6197494795791
 20
102.4971625968665
 30
0
 10
117.5827066373791
 20
102.4979307098665
 30
0
 10
117.5485675796791
 20
102.4991730229665
 30
0
 10
117.5186335756791
 20
102.5008358179665
 30
0
 10
117.4940698002791
 20
102.5028308034665
 30
0
 10
117.4773804804791
 20
102.5048566411665
 30
0
 10
117.4674624265791
 20
102.5066694829665
 30
0
 10
117.4626204701791
 20
102.5080017825665
 30
0
 10
117.4596553220791
 20
102.5090753118665
 30
0
 10
117.4582716715791
 20
102.5103844579665
 30
0
 10
117.4582716715791
 20
102.5109419490665
 30
0
  0
SPLINE
  5
48D
100
AcDbEntity
  8
0
  6
CONTINUOUS
 62
    3
370
   -1
100
AcDbSpline
210
0
220
0
230
0
 70
 4096
 71
    3
 72
   11
 73
    7
 74
    0
 42
1e-07
 43
1e-07
 40
0
 40
0
 40
0
 40
0
 40
0.2731802383
 40
0.5368680205
 40
0.7819428356
 40
1
 40
1
 40
1
 40
1
 10
184.6346170556791
 20
137.3919960600665
 30
0
 10
184.6034360548791
 20
137.6046220844665
 30
0
 10
184.5421656418791
 20
138.0224866249665
 30
0
 10
184.4498230053791
 20
138.6306478938665
 30
0
 10
184.3577116244791
 20
139.1949517829665
 30
0
 10
184.2921269755791
 20
139.5533813092665
 30
0
 10
184.2582716715791
 20
139.7215442166665
 30
0
  0
LINE
  5
48E
100
AcDbEntity
  8
0
  6
CONTINUOUS
 62
    7
370
   -1
100
AcDbLine
 10
177.5688130232791
 20
176.7572456669665
 11
177.4567105255791
 21
176.8693481646665
  0
LINE
  5
48F
100
AcDbEntity
  8
09_ROUNDS
  6
CONTINUOUS
 62
    7
370
   -1
100
AcDbLine
 10
176.3328789672791
 20
174.3431963787665
 11
176.3321223050791
 21
174.3439988338665
  0
LINE
  5
490
100
AcDbEntity
  8
0
  6
CONTINUOUS
 62
    7
370
   -1
100
AcDbLine
 10
180.1790716330791
 20
175.8086879928665
 11
179.2598328175791
 21
176.8693481646665
  0
LINE
  5
491
100
AcDbEntity
  8
03_AXES
  6
CONTINUOUS
 62
    7
370
   -1
100
AcDbLine
 10
177.3342710988791
 20
100.2004552348665
 11
177.3540200272791
 21
100.1499091257665
  0
SPLINE
  5
492
100
AcDbEntity
  8
03_AXES
  6
CONTINUOUS
 62
    7
370
   -1
100
AcDbSpline
210
0
220
0
230
0
 70
 4096
 71
    3
 72
   19
 73
   15
 74
    0
 42
1e-07
 43
1e-07
 40
0
 40
0
 40
0
 40
0
 40
0.0058953433
 40
0.020644178
 40
0.0446512172
 40
0.07777754470000001
 40
0.1197339737
 40
0.1701378152
 40
0.2285115792
 40
0.2942992705
 40
0.4455421761
 40
0.6180831579
 40
0.805291376
 40
1
 40
1
 40
1
 40
1
 10
187.0582716715791
 20
118.1400041852665
 30
0
 10
187.0582716715791
 20
118.1396102612665
 30
0
 10
187.0564990757791
 20
118.1390570864665
 30
0
 10
187.0539821829791
 20
118.1385105415665
 30
0
 10
187.0489926222791
 20
118.1378676829665
 30
0
 10
187.0424971035791
 20
118.1372585339665
 30
0
 10
187.0340962052791
 20
118.1366524695665
 30
0
 10
187.0240535684791
 20
118.1360779708665
 30
0
 10
187.0123972545791
 20
118.1355358606665
 30
0
 10
186.9940098372791
 20
118.1348352096665
 30
0
 10
186.9679871720791
 20
118.1341133383665
 30
0
 10
186.9338486367791
 20
118.1334906692665
 30
0
 10
186.8968015670791
 20
118.1331060326665
 30
0
 10
186.8712820085791
 20
118.1330202795665
 30
0
 10
186.8582716715791
 20
118.1330200313665
 30
0
  0
SPLINE
  5
493
100
AcDbEntity
  8
03_AXES
  6
CONTINUOUS
 62
    7
370
   -1
100
AcDbSpline
210
0
220
0
230
0
 70
 4096
 71
    3
 72
    9
 73
    5
 74
    0
 42
1e-07
 43
1e-07
 40
0
 40
0
 40
0
 40
0
 40
0.255977414
 40
1
 40
1
 40
1
 40
1
 10
186.5682716715791
 20
137.3900991939665
 30
0
 10
186.5703215660791
 20
137.3775617849665
 30
0
 10
186.5796555306791
 20
137.3288171291665
 30
0
 10
186.5946744386791
 20
137.2810993866665
 30
0
 10
186.6092621727791
 20
137.2471780527665
 30
0
  0
SPLINE
  5
494
100
AcDbEntity
  8
03_AXES
  6
CONTINUOUS
 62
    7
370
   -1
100
AcDbSpline
210
0
220
0
230
0
 70
 4096
 71
    3
 72
    9
 73
    5
 74
    0
 42
1e-07
 43
1e-07
 40
0
 40
0
 40
0
 40
0
 40
0.2571591124
 40
1
 40
1
 40
1
 40
1
 10
186.5582716715791
 20
148.8550828307665
 30
0
 10
186.5582716715791
 20
148.8659880747665
 30
0
 10
186.5590459851791
 20
148.9083870583665
 30
0
 10
186.5630855468791
 20
148.9507581066665
 30
0
 10
186.5682716715791
 20
148.9818296312665
 30
0
  0
SPLINE
  5
495
100
AcDbEntity
  8
03_AXES
  6
CONTINUOUS
 62
    7
370
   -1
100
AcDbSpline
210
0
220
0
230
0
 70
 4096
 71
    3
 72
   19
 73
   15
 74
    0
 42
1e-07
 43
1e-07
 40
0
 40
0
 40
0
 40
0
 40
0.005888738
 40
0.0206411228
 40
0.0446479028
 40
0.0777740504
 40
0.119730702
 40
0.1701348647
 40
0.2285088678
 40
0.2942967014
 40
0.4455401074
 40
0.6180818168000001
 40
0.8052906406
 40
1
 40
1
 40
1
 40
1
 10
169.6582716715791
 20
168.1190517235665
 30
0
 10
169.6582716715791
 20
168.1194452047665
 30
0
 10
169.6564969700791
 20
168.1199945111665
 30
0
 10
169.6539837291791
 20
168.1205492042665
 30
0
 10
169.6489920050791
 20
168.1211868680665
 30
0
 10
169.6424973076791
 20
168.1217975630665
 30
0
 10
169.6340961444791
 20
168.1224034160665
 30
0
 10
169.6240535880791
 20
168.1229779992665
 30
0
 10
169.6123972342791
 20
168.1235200041665
 30
0
 10
169.5940098407791
 20
168.1242207326665
 30
0
 10
169.5679871693791
 20
168.1249425308665
 30
0
 10
169.5338486401791
 20
168.1255653384665
 30
0
 10
169.4968015647791
 20
168.1259495750665
 30
0
 10
169.4712820102791
 20
168.1260360904665
 30
0
 10
169.4582716715791
 20
168.1260358774665
 30
0
  0
SPLINE
  5
496
100
AcDbEntity
  8
03_AXES
  6
CONTINUOUS
 62
    9
370
   -1
100
AcDbSpline
210
0
220
0
230
0
 70
 4096
 71
    3
 72
   15
 73
   11
 74
    0
 42
1e-07
 43
1e-07
 40
0
 40
0
 40
0
 40
0
 40
0.1546216138
 40
0.302409291
 40
0.439692846
 40
0.5660930218
 40
0.6830710453000001
 40
0.7927995594
 40
0.897644222
 40
1
 40
1
 40
1
 40
1
 10
160.1630789422791
 20
100.3222376615665
 30
0
 10
160.1628018406791
 20
100.2845593673665
 30
0
 10
160.1693907120791
 20
100.2106070614665
 30
0
 10
160.1993582722791
 20
100.1070781531665
 30
0
 10
160.2452738138791
 20
100.0172457889665
 30
0
 10
160.3027449341791
 20
99.94371183566651
 30
0
 10
160.3681284485791
 20
99.88694950476651
 30
0
 10
160.4387366524791
 20
99.84659688406651
 30
0
 10
160.5125188413791
 20
99.82214970186649
 30
0
 10
160.5630718104791
 20
99.8162001280665
 30
0
 10
160.5880117597791
 20
99.8158232792665
 30
0
  0
SPLINE
  5
497
100
AcDbEntity
  8
03_AXES
  6
CONTINUOUS
 62
    7
370
   -1
100
AcDbSpline
210
0
220
0
230
0
 70
 4096
 71
    3
 72
   19
 73
   15
 74
    0
 42
1e-07
 43
1e-07
 40
0
 40
0
 40
0
 40
0
 40
0.005888738
 40
0.0206411228
 40
0.0446479028
 40
0.0777740504
 40
0.119730702
 40
0.1701348647
 40
0.2285088678
 40
0.2942967014
 40
0.4455401074
 40
0.6180818168000001
 40
0.8052906406
 40
1
 40
1
 40
1
 40
1
 10
152.2582716715791
 20
168.1190517235665
 30
0
 10
152.2582716715791
 20
168.1194452047665
 30
0
 10
152.2564969700791
 20
168.1199945111665
 30
0
 10
152.2539837291791
 20
168.1205492042665
 30
0
 10
152.2489920050791
 20
168.1211868680665
 30
0
 10
152.2424973076791
 20
168.1217975630665
 30
0
 10
152.2340961444791
 20
168.1224034160665
 30
0
 10
152.2240535880791
 20
168.1229779992665
 30
0
 10
152.2123972342791
 20
168.1235200041665
 30
0
 10
152.1940098407791
 20
168.1242207326665
 30
0
 10
152.1679871693791
 20
168.1249425308665
 30
0
 10
152.1338486401791
 20
168.1255653384665
 30
0
 10
152.0968015647791
 20
168.1259495750665
 30
0
 10
152.0712820102791
 20
168.1260360904665
 30
0
 10
152.0582716715791
 20
168.1260358774665
 30
0
  0
ELLIPSE
  5
498
100
AcDbEntity
  8
09_ROUNDS
  6
CONTINUOUS
 62
    7
370
   -1
100
AcDbEllipse
 10
139.5082716715791
 20
186.2052638856665
 30
0
 11
2.597868168633439e-17
 21
0.4242640687
 31
0
 40
0.7071067812
 41
-1.5707963268
 42
0
  0
ELLIPSE
  5
499
100
AcDbEntity
  8
03_AXES
  6
CONTINUOUS
 62
    7
370
   -1
100
AcDbEllipse
 10
126.1582716715791
 20
177.6137533913665
 30
0
 11
2.439634464190525e-16
 21
3.9842254369
 31
0
 40
0.9999921621
 41
-3.1415926536
 42
0
  0
ELLIPSE
  5
49A
100
AcDbEntity
  8
03_AXES
  6
CONTINUOUS
 62
    7
370
   -1
100
AcDbEllipse
 10
143.5563244473791
 20
177.6139632067665
 30
0
 11
0.4880116994000003
 21
3.9008239971
 31
0
 40
0.9999920393999999
 41
-2.4644651336
 42
0.123963809
  0
ELLIPSE
  5
49B
100
AcDbEntity
  8
03_AXES
  6
CONTINUOUS
 62
    7
370
   -1
100
AcDbEllipse
 10
126.1563244473791
 20
177.6139632067665
 30
0
 11
0.4880116994000003
 21
3.9008239971
 31
0
 40
0.9999920393999999
 41
-2.4644651336
 42
0.123963809
  0
ELLIPSE
  5
49C
100
AcDbEntity
  8
09_ROUNDS
  6
CONTINUOUS
 62
    7
370
   -1
100
AcDbEllipse
 10
156.9082716715791
 20
100.0537920230665
 30
0
 11
2.597868168633439e-17
 21
0.4242640687
 31
0
 40
0.7071067812
 41
3.1415926536
 42
4.7123889804
  0
ELLIPSE
  5
49D
100
AcDbEntity
  8
09_ROUNDS
  6
CONTINUOUS
 62
    7
370
   -1
100
AcDbEllipse
 10
178.3627661890791
 20
177.6115663084665
 30
0
 11
-0.9617167583999999
 21
3.843352636000001
 31
0
 40
0.9999890795
 41
-0.2440619173
 42
2.3646859241
  0
ELLIPSE
  5
49E
100
AcDbEntity
  8
09_ROUNDS
  6
CONTINUOUS
 62
    7
370
   -1
100
AcDbEllipse
 10
178.3507769417791
 20
177.2694256415665
 30
0
 11
0.07505419430000022
 21
3.6061592433
 31
0
 40
0.9950017412000001
 41
2.6486436158
 42
2.7972912884
  0
ELLIPSE
  5
49F
100
AcDbEntity
  8
03_AXES
  6
CONTINUOUS
 62
    7
370
   -1
100
AcDbEllipse
 10
178.3582716715791
 20
177.6113107610665
 30
0
 11
2.460448412026853e-16
 21
4.0182171933
 31
0
 40
0.999989723
 41
0
 42
3.1415926536
  0
ARC
  5
4A0
100
AcDbEntity
  8
09_ROUNDS
  6
CONTINUOUS
 62
    7
370
   -1
100
AcDbCircle
 10
175.4777561988791
 20
99.94943920996649
 40
0.3000003701
100
AcDbArc
 50
270.5774154247
 51
359.9999298428
  0
ARC
  5
4A1
100
AcDbEntity
  8
03_AXES
  6
CONTINUOUS
 62
    7
370
   -1
100
AcDbCircle
 10
182.4082716715791
 20
99.42952795436649
 40
0.3
100
AcDbArc
 50
180
 51
270
  0
ARC
  5
4A2
100
AcDbEntity
  8
03_AXES
  6
CONTINUOUS
 62
    7
370
   -1
100
AcDbCircle
 10
165.0082716715791
 20
99.42952795436649
 40
0.3
100
AcDbArc
 50
180
 51
270
  0
ARC
  5
4A3
100
AcDbEntity
  8
03_AXES
  6
CONTINUOUS
 62
    7
370
   -1
100
AcDbCircle
 10
169.4582716715791
 20
100.9295279543665
 40
0.2
100
AcDbArc
 50
270
 51
0
  0
ARC
  5
4A4
100
AcDbEntity
  8
0
  6
CONTINUOUS
 62
    7
370
   -1
100
AcDbCircle
 10
169.8582716715791
 20
100.9295279543665
 40
0.2
100
AcDbArc
 50
180
 51
270
  0
CIRCLE
  5
4A5
100
AcDbEntity
  8
03_AXES
  6
CONTINUOUS
 62
    7
370
   -1
100
AcDbCircle
 10
178.3582716715791
 20
108.6295279543665
 40
3.75
  0
ARC
  5
4A6
100
AcDbEntity
  8
03_AXES
  6
CONTINUOUS
 62
    7
370
   -1
100
AcDbCircle
 10
178.3582716715791
 20
108.7295279543665
 40
3.2512998754
100
AcDbArc
 50
168.4677167906
 51
191.5322832094
  0
ARC
  5
4A7
100
AcDbEntity
  8
03_AXES
  6
CONTINUOUS
 62
    7
370
   -1
100
AcDbCircle
 10
178.3582716715791
 20
108.7295279543665
 40
3.25
100
AcDbArc
 50
348.4630409672
 51
11.53695903279997
  0
ARC
  5
4A8
100
AcDbEntity
  8
0
  6
CONTINUOUS
 62
    7
370
   -1
100
AcDbCircle
 10
178.3582716715791
 20
108.7295279543665
 40
2.575
100
AcDbArc
 50
78.46304096720003
 51
101.5369590328
  0
ARC
  5
4A9
100
AcDbEntity
  8
0
  6
CONTINUOUS
 62
    7
370
   -1
100
AcDbCircle
 10
178.3582716715791
 20
108.7295279543665
 40
2.575
100
AcDbArc
 50
258.4630409672
 51
281.5369590328
  0
ARC
  5
4AA
100
AcDbEntity
  8
0
  6
CONTINUOUS
 62
    7
370
   -1
100
AcDbCircle
 10
178.3582716715791
 20
108.7295279543665
 40
2.1192825112
100
AcDbArc
 50
162.1390747507
 51
197.8609252493
  0
ARC
  5
4AB
100
AcDbEntity
  8
03_AXES
  6
CONTINUOUS
 62
    7
370
   -1
100
AcDbCircle
 10
178.3582716715791
 20
108.7295279543665
 40
1.22
100
AcDbArc
 50
327.8060524557
 51
0
  0
ARC
  5
4AC
100
AcDbEntity
  8
03_AXES
  6
CONTINUOUS
 62
    7
370
   -1
100
AcDbCircle
 10
178.3582716715791
 20
108.7295279543665
 40
1.22
100
AcDbArc
 50
65.03079096629999
 51
114.9692090337
  0
ARC
  5
4AD
100
AcDbEntity
  8
0
  6
CONTINUOUS
 62
    7
370
   -1
100
AcDbCircle
 10
178.3582716715791
 20
108.7295279543665
 40
1.22
100
AcDbArc
 50
147.8060524557
 51
212.1939475443
  0
ARC
  5
4AE
100
AcDbEntity
  8
03_AXES
  6
CONTINUOUS
 62
    7
370
   -1
100
AcDbCircle
 10
177.6432716715791
 20
107.5938708172665
 40
0.2
100
AcDbArc
 50
0
 51
134.4270040008
  0
ARC
  5
4AF
100
AcDbEntity
  8
03_AXES
  6
CONTINUOUS
 62
    7
370
   -1
100
AcDbCircle
 10
179.0732716715791
 20
107.5945279543665
 40
0.2
100
AcDbArc
 50
45.43868795639997
 51
180
  0
ARC
  5
4B0
100
AcDbEntity
  8
03_AXES
  6
CONTINUOUS
 62
    7
370
   -1
100
AcDbCircle
 10
179.0732716715791
 20
109.8716784693665
 40
0.2
100
AcDbArc
 50
180
 51
313.0820511577999
  0
ARC
  5
4B1
100
AcDbEntity
  8
03_AXES
  6
CONTINUOUS
 62
    7
370
   -1
100
AcDbCircle
 10
177.6432716715791
 20
109.8651850915665
 40
0.2
100
AcDbArc
 50
225.5729959992
 51
0
  0
ARC
  5
4B2
100
AcDbEntity
  8
0
  6
CONTINUOUS
 62
    7
370
   -1
100
AcDbCircle
 10
177.3632716715791
 20
107.8795279543665
 40
0.2
100
AcDbArc
 50
314.4270040008
 51
90
  0
ARC
  5
4B3
100
AcDbEntity
  8
0
  6
CONTINUOUS
 62
    7
370
   -1
100
AcDbCircle
 10
179.3539405155791
 20
107.8795279543665
 40
0.2
100
AcDbArc
 50
90
 51
225.4386879564
  0
ARC
  5
4B4
100
AcDbEntity
  8
0
  6
CONTINUOUS
 62
    7
370
   -1
100
AcDbCircle
 10
179.3464896734791
 20
109.5795279543665
 40
0.2
100
AcDbArc
 50
133.0820511578
 51
270
  0
ARC
  5
4B5
100
AcDbEntity
  8
03_AXES
  6
CONTINUOUS
 62
    7
370
   -1
100
AcDbCircle
 10
160.9582716715791
 20
108.7295279543665
 40
3.2512998754
100
AcDbArc
 50
168.4677167906
 51
191.5322832094
  0
ARC
  5
4B6
100
AcDbEntity
  8
0
  6
CONTINUOUS
 62
    7
370
   -1
100
AcDbCircle
 10
160.9582716715791
 20
108.7295279543665
 40
2.575
100
AcDbArc
 50
78.46304096720003
 51
101.5369590328
  0
ARC
  5
4B7
100
AcDbEntity
  8
0
  6
CONTINUOUS
 62
    7
370
   -1
100
AcDbCircle
 10
160.9582716715791
 20
108.7295279543665
 40
2.575
100
AcDbArc
 50
258.4630409672
 51
281.5369590328
  0
ARC
  5
4B8
100
AcDbEntity
  8
03_AXES
  6
CONTINUOUS
 62
    7
370
   -1
100
AcDbCircle
 10
160.9582716715791
 20
108.7295279543665
 40
2.1192825112
100
AcDbArc
 50
342.1390747507
 51
17.8609252493
  0
ARC
  5
4B9
100
AcDbEntity
  8
0
  6
CONTINUOUS
 62
    7
370
   -1
100
AcDbCircle
 10
160.9582716715791
 20
108.7295279543665
 40
2.1192825112
100
AcDbArc
 50
162.1390747507
 51
197.8609252493
  0
ARC
  5
4BA
100
AcDbEntity
  8
03_AXES
  6
CONTINUOUS
 62
    7
370
   -1
100
AcDbCircle
 10
160.9582716715791
 20
108.7295279543665
 40
1.22
100
AcDbArc
 50
245.0307909663
 51
294.9692090336999
  0
ARC
  5
4BB
100
AcDbEntity
  8
03_AXES
  6
CONTINUOUS
 62
    7
370
   -1
100
AcDbCircle
 10
160.9582716715791
 20
108.7295279543665
 40
1.22
100
AcDbArc
 50
327.8060524557
 51
0
  0
ARC
  5
4BC
100
AcDbEntity
  8
0
  6
CONTINUOUS
 62
    7
370
   -1
100
AcDbCircle
 10
160.9582716715791
 20
108.7295279543665
 40
1.22
100
AcDbArc
 50
0
 51
32.19394754429997
  0
ARC
  5
4BD
100
AcDbEntity
  8
03_AXES
  6
CONTINUOUS
 62
    7
370
   -1
100
AcDbCircle
 10
161.6732716715791
 20
107.5945279543665
 40
0.2
100
AcDbArc
 50
45.43868795639997
 51
180
  0
ARC
  5
4BE
100
AcDbEntity
  8
03_AXES
  6
CONTINUOUS
 62
    7
370
   -1
100
AcDbCircle
 10
161.6732716715791
 20
109.8716784693665
 40
0.2
100
AcDbArc
 50
180
 51
313.0820511577999
  0
ARC
  5
4BF
100
AcDbEntity
  8
03_AXES
  6
CONTINUOUS
 62
    7
370
   -1
100
AcDbCircle
 10
160.2432716715791
 20
109.8651850915665
 40
0.2
100
AcDbArc
 50
225.5729959992
 51
0
  0
ARC
  5
4C0
100
AcDbEntity
  8
0
  6
CONTINUOUS
 62
    7
370
   -1
100
AcDbCircle
 10
159.9632716715791
 20
107.8795279543665
 40
0.2
100
AcDbArc
 50
314.4270040008
 51
90
  0
ARC
  5
4C1
100
AcDbEntity
  8
0
  6
CONTINUOUS
 62
    7
370
   -1
100
AcDbCircle
 10
159.9632716715791
 20
109.5795279543665
 40
0.2
100
AcDbArc
 50
270
 51
45.57299599919998
  0
ARC
  5
4C2
100
AcDbEntity
  8
0
  6
CONTINUOUS
 62
    7
370
   -1
100
AcDbCircle
 10
161.9539405155791
 20
107.8795279543665
 40
0.2
100
AcDbArc
 50
90
 51
225.4386879564
  0
ARC
  5
4C3
100
AcDbEntity
  8
0
  6
CONTINUOUS
 62
    7
370
   -1
100
AcDbCircle
 10
161.9464896734791
 20
109.5795279543665
 40
0.2
100
AcDbArc
 50
133.0820511578
 51
270
  0
CIRCLE
  5
4C4
100
AcDbEntity
  8
03_AXES
  6
CONTINUOUS
 62
    7
370
   -1
100
AcDbCircle
 10
143.5582716715791
 20
108.6295279543665
 40
3.75
  0
ARC
  5
4C5
100
AcDbEntity
  8
03_AXES
  6
CONTINUOUS
 62
    7
370
   -1
100
AcDbCircle
 10
143.5582716715791
 20
108.7295279543665
 40
3.25
100
AcDbArc
 50
348.4630409672
 51
11.53695903279997
  0
ARC
  5
4C6
100
AcDbEntity
  8
0
  6
CONTINUOUS
 62
    7
370
   -1
100
AcDbCircle
 10
143.5582716715791
 20
108.7295279543665
 40
2.575
100
AcDbArc
 50
78.46304096720003
 51
101.5369590328
  0
ARC
  5
4C7
100
AcDbEntity
  8
0
  6
CONTINUOUS
 62
    7
370
   -1
100
AcDbCircle
 10
143.5582716715791
 20
108.7295279543665
 40
2.575
100
AcDbArc
 50
258.4630409672
 51
281.5369590328
  0
ARC
  5
4C8
100
AcDbEntity
  8
03_AXES
  6
CONTINUOUS
 62
    7
370
   -1
100
AcDbCircle
 10
143.5582716715791
 20
108.7295279543665
 40
2.1192825112
100
AcDbArc
 50
342.1390747507
 51
17.8609252493
  0
ARC
  5
4C9
100
AcDbEntity
  8
0
  6
CONTINUOUS
 62
    7
370
   -1
100
AcDbCircle
 10
143.5582716715791
 20
108.7295279543665
 40
2.1192825112
100
AcDbArc
 50
162.1390747507
 51
197.8609252493
  0
ARC
  5
4CA
100
AcDbEntity
  8
03_AXES
  6
CONTINUOUS
 62
    7
370
   -1
100
AcDbCircle
 10
143.5582716715791
 20
108.7295279543665
 40
1.22
100
AcDbArc
 50
245.0307909663
 51
294.9692090336999
  0
ARC
  5
4CB
100
AcDbEntity
  8
03_AXES
  6
CONTINUOUS
 62
    7
370
   -1
100
AcDbCircle
 10
143.5582716715791
 20
108.7295279543665
 40
1.22
100
AcDbArc
 50
327.8060524557
 51
0
  0
ARC
  5
4CC
100
AcDbEntity
  8
03_AXES
  6
CONTINUOUS
 62
    7
370
   -1
100
AcDbCircle
 10
143.5582716715791
 20
108.7295279543665
 40
1.22
100
AcDbArc
 50
65.03079096629999
 51
114.9692090337
  0
ARC
  5
4CD
100
AcDbEntity
  8
0
  6
CONTINUOUS
 62
    7
370
   -1
100
AcDbCircle
 10
143.5582716715791
 20
108.7295279543665
 40
1.22
100
AcDbArc
 50
0
 51
32.19394754429997
  0
ARC
  5
4CE
100
AcDbEntity
  8
0
  6
CONTINUOUS
 62
    7
370
   -1
100
AcDbCircle
 10
143.5582716715791
 20
108.7295279543665
 40
1.22
100
AcDbArc
 50
147.8060524557
 51
212.1939475443
  0
ARC
  5
4CF
100
AcDbEntity
  8
09_ROUNDS
  6
CONTINUOUS
 62
    7
370
   -1
100
AcDbCircle
 10
158.0777561988791
 20
99.94943920996649
 40
0.3000003701
100
AcDbArc
 50
270.5774154247
 51
359.9999298428
  0
ARC
  5
4D0
100
AcDbEntity
  8
03_AXES
  6
CONTINUOUS
 62
    7
370
   -1
100
AcDbCircle
 10
147.6082716715791
 20
99.42952795436649
 40
0.3
100
AcDbArc
 50
180
 51
270
  0
ARC
  5
4D1
100
AcDbEntity
  8
09_ROUNDS
  6
CONTINUOUS
 62
    7
370
   -1
100
AcDbCircle
 10
156.9082716715791
 20
99.42952795436649
 40
0.3
100
AcDbArc
 50
270
 51
0
  0
ARC
  5
4D2
100
AcDbEntity
  8
09_ROUNDS
  6
CONTINUOUS
 62
    7
370
   -1
100
AcDbCircle
 10
139.5082716715791
 20
99.42952795436649
 40
0.3
100
AcDbArc
 50
270
 51
0
  0
ARC
  5
4D3
100
AcDbEntity
  8
03_AXES
  6
CONTINUOUS
 62
    7
370
   -1
100
AcDbCircle
 10
134.6582716715791
 20
100.9295279543665
 40
0.2
100
AcDbArc
 50
270
 51
0
  0
ARC
  5
4D4
100
AcDbEntity
  8
0
  6
CONTINUOUS
 62
    7
370
   -1
100
AcDbCircle
 10
152.4582716715791
 20
100.9295279543665
 40
0.2
100
AcDbArc
 50
180
 51
270
  0
ARC
  5
4D5
100
AcDbEntity
  8
0
  6
CONTINUOUS
 62
    7
370
   -1
100
AcDbCircle
 10
135.0582716715791
 20
100.9295279543665
 40
0.2
100
AcDbArc
 50
180
 51
270
  0
ARC
  5
4D6
100
AcDbEntity
  8
03_AXES
  6
CONTINUOUS
 62
    7
370
   -1
100
AcDbCircle
 10
142.8432716715791
 20
107.5938708172665
 40
0.2
100
AcDbArc
 50
0
 51
134.4270040008
  0
ARC
  5
4D7
100
AcDbEntity
  8
03_AXES
  6
CONTINUOUS
 62
    7
370
   -1
100
AcDbCircle
 10
144.2732716715791
 20
107.5945279543665
 40
0.2
100
AcDbArc
 50
45.43868795639997
 51
180
  0
ARC
  5
4D8
100
AcDbEntity
  8
03_AXES
  6
CONTINUOUS
 62
    7
370
   -1
100
AcDbCircle
 10
144.2732716715791
 20
109.8716784693665
 40
0.2
100
AcDbArc
 50
180
 51
313.0820511577999
  0
ARC
  5
4D9
100
AcDbEntity
  8
0
  6
CONTINUOUS
 62
    7
370
   -1
100
AcDbCircle
 10
142.5632716715791
 20
107.8795279543665
 40
0.2
100
AcDbArc
 50
314.4270040008
 51
90
  0
ARC
  5
4DA
100
AcDbEntity
  8
0
  6
CONTINUOUS
 62
    7
370
   -1
100
AcDbCircle
 10
142.5632716715791
 20
109.5795279543665
 40
0.2
100
AcDbArc
 50
270
 51
45.57299599919998
  0
ARC
  5
4DB
100
AcDbEntity
  8
0
  6
CONTINUOUS
 62
    7
370
   -1
100
AcDbCircle
 10
144.5464896734791
 20
109.5795279543665
 40
0.2
100
AcDbArc
 50
133.0820511578
 51
270
  0
ARC
  5
4DC
100
AcDbEntity
  8
0
  6
CONTINUOUS
 62
    7
370
   -1
100
AcDbCircle
 10
169.8582716715791
 20
120.9295279543665
 40
0.2
100
AcDbArc
 50
180
 51
270
  0
ARC
  5
4DD
100
AcDbEntity
  8
03_AXES
  6
CONTINUOUS
 62
    7
370
   -1
100
AcDbCircle
 10
169.4582716715791
 20
120.9295279543665
 40
0.2
100
AcDbArc
 50
270
 51
0
  0
ARC
  5
4DE
100
AcDbEntity
  8
0
  6
CONTINUOUS
 62
    7
370
   -1
100
AcDbCircle
 10
152.4582716715791
 20
120.9295279543665
 40
0.2
100
AcDbArc
 50
180
 51
270
  0
ARC
  5
4DF
100
AcDbEntity
  8
03_AXES
  6
CONTINUOUS
 62
    7
370
   -1
100
AcDbCircle
 10
152.0582716715791
 20
120.9295279543665
 40
0.2
100
AcDbArc
 50
270
 51
0
  0
ARC
  5
4E0
100
AcDbEntity
  8
0
  6
CONTINUOUS
 62
    7
370
   -1
100
AcDbCircle
 10
135.0582716715791
 20
120.9295279543665
 40
0.2
100
AcDbArc
 50
180
 51
270
  0
ARC
  5
4E1
100
AcDbEntity
  8
03_AXES
  6
CONTINUOUS
 62
    7
370
   -1
100
AcDbCircle
 10
134.6582716715791
 20
120.9295279543665
 40
0.2
100
AcDbArc
 50
270
 51
0
  0
CIRCLE
  5
4E2
100
AcDbEntity
  8
03_AXES
  6
CONTINUOUS
 62
    7
370
   -1
100
AcDbCircle
 10
126.1582716715791
 20
108.6295279543665
 40
3.75
  0
ARC
  5
4E3
100
AcDbEntity
  8
03_AXES
  6
CONTINUOUS
 62
    7
370
   -1
100
AcDbCircle
 10
126.1582716715791
 20
108.7295279543665
 40
3.2512998754
100
AcDbArc
 50
168.4677167906
 51
191.5322832094
  0
ARC
  5
4E4
100
AcDbEntity
  8
0
  6
CONTINUOUS
 62
    7
370
   -1
100
AcDbCircle
 10
126.1582716715791
 20
108.7295279543665
 40
2.575
100
AcDbArc
 50
258.4630409672
 51
281.5369590328
  0
ARC
  5
4E5
100
AcDbEntity
  8
03_AXES
  6
CONTINUOUS
 62
    7
370
   -1
100
AcDbCircle
 10
126.1582716715791
 20
108.7295279543665
 40
2.1192825112
100
AcDbArc
 50
342.1390747507
 51
17.8609252493
  0
ARC
  5
4E6
100
AcDbEntity
  8
03_AXES
  6
CONTINUOUS
 62
    7
370
   -1
100
AcDbCircle
 10
126.1582716715791
 20
108.7295279543665
 40
1.22
100
AcDbArc
 50
245.0307909663
 51
294.9692090336999
  0
ARC
  5
4E7
100
AcDbEntity
  8
03_AXES
  6
CONTINUOUS
 62
    7
370
   -1
100
AcDbCircle
 10
126.1582716715791
 20
108.7295279543665
 40
1.22
100
AcDbArc
 50
327.8060524557
 51
0
  0
ARC
  5
4E8
100
AcDbEntity
  8
0
  6
CONTINUOUS
 62
    7
370
   -1
100
AcDbCircle
 10
126.1582716715791
 20
108.7295279543665
 40
1.22
100
AcDbArc
 50
0
 51
32.19394754429997
  0
ARC
  5
4E9
100
AcDbEntity
  8
0
  6
CONTINUOUS
 62
    7
370
   -1
100
AcDbCircle
 10
126.1582716715791
 20
108.7295279543665
 40
1.22
100
AcDbArc
 50
147.8060524557
 51
212.1939475443
  0
ARC
  5
4EA
100
AcDbEntity
  8
09_ROUNDS
  6
CONTINUOUS
 62
    7
370
   -1
100
AcDbCircle
 10
123.2777561988791
 20
99.94943920996649
 40
0.3000003701
100
AcDbArc
 50
270.5774154247
 51
359.9999298428
  0
ARC
  5
4EB
100
AcDbEntity
  8
09_ROUNDS
  6
CONTINUOUS
 62
    7
370
   -1
100
AcDbCircle
 10
122.1082716715791
 20
99.42952795436649
 40
0.3
100
AcDbArc
 50
270
 51
0
  0
ARC
  5
4EC
100
AcDbEntity
  8
0
  6
CONTINUOUS
 62
    7
370
   -1
100
AcDbCircle
 10
117.6582716715791
 20
100.9295279543665
 40
0.2
100
AcDbArc
 50
180
 51
270
  0
ARC
  5
4ED
100
AcDbEntity
  8
03_AXES
  6
CONTINUOUS
 62
    7
370
   -1
100
AcDbCircle
 10
126.8732716715791
 20
107.5945279543665
 40
0.2
100
AcDbArc
 50
45.43868795639997
 51
180
  0
ARC
  5
4EE
100
AcDbEntity
  8
03_AXES
  6
CONTINUOUS
 62
    7
370
   -1
100
AcDbCircle
 10
126.8732716715791
 20
109.8716784693665
 40
0.2
100
AcDbArc
 50
180
 51
313.0820511577999
  0
ARC
  5
4EF
100
AcDbEntity
  8
03_AXES
  6
CONTINUOUS
 62
    7
370
   -1
100
AcDbCircle
 10
125.4432716715791
 20
109.8651850915665
 40
0.2
100
AcDbArc
 50
225.5729959992
 51
0
  0
ARC
  5
4F0
100
AcDbEntity
  8
0
  6
CONTINUOUS
 62
    7
370
   -1
100
AcDbCircle
 10
125.1632716715791
 20
107.8795279543665
 40
0.2
100
AcDbArc
 50
314.4270040008
 51
90
  0
ARC
  5
4F1
100
AcDbEntity
  8
0
  6
CONTINUOUS
 62
    7
370
   -1
100
AcDbCircle
 10
127.1464896734791
 20
109.5795279543665
 40
0.2
100
AcDbArc
 50
133.0820511578
 51
270
  0
ARC
  5
4F2
100
AcDbEntity
  8
0
  6
CONTINUOUS
 62
    3
370
   -1
100
AcDbCircle
 10
181.9716412782791
 20
135.4097273285665
 40
2.9843342144
100
AcDbArc
 50
339.0275744166
 51
339.4509560006
  0
ARC
  5
4F3
100
AcDbEntity
  8
03_AXES
  6
CONTINUOUS
 62
    7
370
   -1
100
AcDbCircle
 10
157.7078081760791
 20
141.4117198177665
 40
0.2595365046
100
AcDbArc
 50
180.0000251988
 51
180.3987082688
  0
ARC
  5
4F4
100
AcDbEntity
  8
03_AXES
  6
CONTINUOUS
 62
    7
370
   -1
100
AcDbCircle
 10
141.0887351679791
 20
141.4117198177665
 40
0.2595365036
100
AcDbArc
 50
359.6012917308
 51
359.9999748024
  0
ARC
  5
4F5
100
AcDbEntity
  8
03_AXES
  6
CONTINUOUS
 62
    7
370
   -1
100
AcDbCircle
 10
158.4887351689791
 20
141.4117198177665
 40
0.2595365026
100
AcDbArc
 50
359.6012917297
 51
359.9999748027
  0
ARC
  5
4F6
100
AcDbEntity
  8
03_AXES
  6
CONTINUOUS
 62
    7
370
   -1
100
AcDbCircle
 10
186.8582716715791
 20
127.9295279543665
 40
0.2
100
AcDbArc
 50
270
 51
0
  0
ARC
  5
4F7
100
AcDbEntity
  8
0
  6
CONTINUOUS
 62
    7
370
   -1
100
AcDbCircle
 10
169.8582716715791
 20
127.9295279543665
 40
0.2
100
AcDbArc
 50
180
 51
270
  0
ARC
  5
4F8
100
AcDbEntity
  8
03_AXES
  6
CONTINUOUS
 62
    7
370
   -1
100
AcDbCircle
 10
169.4582716715791
 20
127.9295279543665
 40
0.2
100
AcDbArc
 50
270
 51
0
  0
ARC
  5
4F9
100
AcDbEntity
  8
0
  6
CONTINUOUS
 62
    7
370
   -1
100
AcDbCircle
 10
152.4582716715791
 20
127.9295279543665
 40
0.2
100
AcDbArc
 50
180
 51
270
  0
ARC
  5
4FA
100
AcDbEntity
  8
03_AXES
  6
CONTINUOUS
 62
    7
370
   -1
100
AcDbCircle
 10
152.0582716715791
 20
127.9295279543665
 40
0.2
100
AcDbArc
 50
270
 51
0
  0
ARC
  5
4FB
100
AcDbEntity
  8
0
  6
CONTINUOUS
 62
    7
370
   -1
100
AcDbCircle
 10
135.0582716715791
 20
127.9295279543665
 40
0.2
100
AcDbArc
 50
180
 51
270
  0
ARC
  5
4FC
100
AcDbEntity
  8
03_AXES
  6
CONTINUOUS
 62
    7
370
   -1
100
AcDbCircle
 10
134.6582716715791
 20
127.9295279543665
 40
0.2
100
AcDbArc
 50
270
 51
0
  0
ARC
  5
4FD
100
AcDbEntity
  8
03_AXES
  6
CONTINUOUS
 62
    7
370
   -1
100
AcDbCircle
 10
161.3487224701791
 20
141.4117198628665
 40
0.1995492014
100
AcDbArc
 50
359.4813465277
 51
359.9999542617
  0
ARC
  5
4FE
100
AcDbEntity
  8
03_AXES
  6
CONTINUOUS
 62
    7
370
   -1
100
AcDbCircle
 10
160.7478208717791
 20
141.4117198628665
 40
0.1995492003
100
AcDbArc
 50
180.0000457368
 51
180.5186534738
  0
ARC
  5
4FF
100
AcDbEntity
  8
03_AXES
  6
CONTINUOUS
 62
    7
370
   -1
100
AcDbCircle
 10
143.9487224712791
 20
141.4117198628665
 40
0.1995492003
100
AcDbArc
 50
359.4813465262
 51
359.9999542632
  0
ARC
  5
500
100
AcDbEntity
  8
03_AXES
  6
CONTINUOUS
 62
    7
370
   -1
100
AcDbCircle
 10
158.3687923487791
 20
141.4117198923665
 40
0.1794793228
100
AcDbArc
 50
359.4232845559
 51
359.9999397561
  0
ARC
  5
501
100
AcDbEntity
  8
03_AXES
  6
CONTINUOUS
 62
    7
370
   -1
100
AcDbCircle
 10
157.8277509938791
 20
141.4117198923665
 40
0.1794793223
100
AcDbArc
 50
180.0000602435
 51
180.5767154452
  0
ARC
  5
502
100
AcDbEntity
  8
03_AXES
  6
CONTINUOUS
 62
    7
370
   -1
100
AcDbCircle
 10
140.4277509938791
 20
141.4117198923665
 40
0.1794793223
100
AcDbArc
 50
180.0000602435
 51
180.5767154452
  0
ARC
  5
503
100
AcDbEntity
  8
03_AXES
  6
CONTINUOUS
 62
    7
370
   -1
100
AcDbCircle
 10
160.8678640425791
 20
141.4117200150665
 40
0.119592371
100
AcDbArc
 50
180.00014922
 51
180.8658929675
  0
ARC
  5
504
100
AcDbEntity
  8
03_AXES
  6
CONTINUOUS
 62
    7
370
   -1
100
AcDbCircle
 10
161.2286793009791
 20
141.4117200150665
 40
0.1195923706
100
AcDbArc
 50
359.1341070309
 51
359.9998507815
  0
ARC
  5
505
100
AcDbEntity
  8
0
  6
CONTINUOUS
 62
    7
370
   -1
100
AcDbCircle
 10
117.6582716715791
 20
127.9295279543665
 40
0.2
100
AcDbArc
 50
180
 51
270
  0
ARC
  5
506
100
AcDbEntity
  8
03_AXES
  6
CONTINUOUS
 62
    7
370
   -1
100
AcDbCircle
 10
126.5487224695791
 20
141.4117198628665
 40
0.199549202
100
AcDbArc
 50
359.4813465288
 51
359.9999542613
  0
ARC
  5
507
100
AcDbEntity
  8
03_AXES
  6
CONTINUOUS
 62
    7
370
   -1
100
AcDbCircle
 10
126.0678640423791
 20
141.4117200150665
 40
0.1195923708
100
AcDbArc
 50
180.0001492189
 51
180.8658929679
  0
ARC
  5
508
100
AcDbEntity
  8
03_AXES
  6
CONTINUOUS
 62
    7
370
   -1
100
AcDbCircle
 10
126.4286793011791
 20
141.4117200150665
 40
0.1195923704
100
AcDbArc
 50
359.1341070298
 51
359.9998507819
  0
ARC
  5
509
100
AcDbEntity
  8
03_AXES
  6
CONTINUOUS
 62
    7
370
   -1
100
AcDbCircle
 10
169.4582716715791
 20
165.3295279543665
 40
0.2
100
AcDbArc
 50
0
 51
90
  0
ARC
  5
50A
100
AcDbEntity
  8
03_AXES
  6
CONTINUOUS
 62
    7
370
   -1
100
AcDbCircle
 10
152.0582716715791
 20
165.3295279543665
 40
0.2
100
AcDbArc
 50
0
 51
90
  0
ARC
  5
50B
100
AcDbEntity
  8
0
  6
CONTINUOUS
 62
    7
370
   -1
100
AcDbCircle
 10
135.0582716715791
 20
165.3295279543665
 40
0.2
100
AcDbArc
 50
90
 51
180
  0
ARC
  5
50C
100
AcDbEntity
  8
03_AXES
  6
CONTINUOUS
 62
    7
370
   -1
100
AcDbCircle
 10
134.6582716715791
 20
165.3295279543665
 40
0.2
100
AcDbArc
 50
0
 51
90
  0
ARC
  5
50D
100
AcDbEntity
  8
0
  6
CONTINUOUS
 62
    7
370
   -1
100
AcDbCircle
 10
117.6582716715791
 20
165.3295279543665
 40
0.2
100
AcDbArc
 50
90
 51
180
  0
ARC
  5
50E
100
AcDbEntity
  8
09_ROUNDS
  6
CONTINUOUS
 62
    9
370
   -1
100
AcDbCircle
 10
178.3824305073791
 20
177.3848091525665
 40
3.709030481
100
AcDbArc
 50
269.0823107466
 51
269.6268002854999
  0
ARC
  5
50F
100
AcDbEntity
  8
09_ROUNDS
  6
CONTINUOUS
 62
    9
370
   -1
100
AcDbCircle
 10
178.3204280096791
 20
177.1275123747665
 40
3.4435153866
100
AcDbArc
 50
249.3803697458
 51
251.0607648418
  0
ARC
  5
510
100
AcDbEntity
  8
03_AXES
  6
CONTINUOUS
 62
    7
370
   -1
100
AcDbCircle
 10
177.6432716715791
 20
176.4873374393665
 40
0.2
100
AcDbArc
 50
0
 51
133.0820511578
  0
ARC
  5
511
100
AcDbEntity
  8
03_AXES
  6
CONTINUOUS
 62
    7
370
   -1
100
AcDbCircle
 10
179.0732716715791
 20
176.4938308172665
 40
0.2
100
AcDbArc
 50
45.57299599919998
 51
180
  0
ARC
  5
512
100
AcDbEntity
  8
0
  6
CONTINUOUS
 62
    7
370
   -1
100
AcDbCircle
 10
179.3532716715791
 20
176.7794879543665
 40
0.2
100
AcDbArc
 50
90
 51
225.5729959992
  0
ARC
  5
513
100
AcDbEntity
  8
0
  6
CONTINUOUS
 62
    7
370
   -1
100
AcDbCircle
 10
177.3700536695791
 20
176.7794879543665
 40
0.2
100
AcDbArc
 50
313.0820511577999
 51
90
  0
ARC
  5
514
100
AcDbEntity
  8
09_ROUNDS
  6
CONTINUOUS
 62
    9
370
   -1
100
AcDbCircle
 10
160.9824305073791
 20
177.3848091525665
 40
3.709030481
100
AcDbArc
 50
269.0823107466
 51
269.6268002854999
  0
ARC
  5
515
100
AcDbEntity
  8
0
  6
CONTINUOUS
 62
    7
370
   -1
100
AcDbCircle
 10
161.9532716715791
 20
176.7794879543665
 40
0.2
100
AcDbArc
 50
90
 51
225.5729959992
  0
ARC
  5
516
100
AcDbEntity
  8
03_AXES
  6
CONTINUOUS
 62
    7
370
   -1
100
AcDbCircle
 10
178.3582716715791
 20
177.6295279543665
 40
3.75
100
AcDbArc
 50
270
 51
90
  0
ARC
  5
517
100
AcDbEntity
  8
09_ROUNDS
  6
CONTINUOUS
 62
    7
370
   -1
100
AcDbCircle
 10
178.3582716715791
 20
177.6295279543665
 40
3.75
100
AcDbArc
 50
237.5102207066
 51
270
  0
ARC
  5
518
100
AcDbEntity
  8
03_AXES
  6
CONTINUOUS
 62
    7
370
   -1
100
AcDbCircle
 10
178.3582716715791
 20
177.6294879543665
 40
3.2512998754
100
AcDbArc
 50
348.4677167906
 51
11.53228320939997
  0
ARC
  5
519
100
AcDbEntity
  8
03_AXES
  6
CONTINUOUS
 62
    7
370
   -1
100
AcDbCircle
 10
178.3582716715791
 20
177.6294879543665
 40
3.25
100
AcDbArc
 50
168.4630409672
 51
191.5369590328
  0
ARC
  5
51A
100
AcDbEntity
  8
0
  6
CONTINUOUS
 62
    7
370
   -1
100
AcDbCircle
 10
178.3582716715791
 20
177.6294879543665
 40
2.575
100
AcDbArc
 50
258.4630409672
 51
281.5369590328
  0
ARC
  5
51B
100
AcDbEntity
  8
0
  6
CONTINUOUS
 62
    7
370
   -1
100
AcDbCircle
 10
178.3582716715791
 20
177.6294879543665
 40
2.575
100
AcDbArc
 50
78.46304096720003
 51
101.5369590328
  0
ARC
  5
51C
100
AcDbEntity
  8
0
  6
CONTINUOUS
 62
    7
370
   -1
100
AcDbCircle
 10
178.3582716715791
 20
177.6294879543665
 40
2.1192825112
100
AcDbArc
 50
342.1390747507
 51
17.8609252493
  0
ARC
  5
51D
100
AcDbEntity
  8
03_AXES
  6
CONTINUOUS
 62
    7
370
   -1
100
AcDbCircle
 10
178.3582716715791
 20
177.6294879543665
 40
1.22
100
AcDbArc
 50
65.03079096629999
 51
114.9692090337
  0
ARC
  5
51E
100
AcDbEntity
  8
03_AXES
  6
CONTINUOUS
 62
    7
370
   -1
100
AcDbCircle
 10
178.3582716715791
 20
177.6294879543665
 40
1.22
100
AcDbArc
 50
147.8060524557
 51
180
  0
ARC
  5
51F
100
AcDbEntity
  8
03_AXES
  6
CONTINUOUS
 62
    7
370
   -1
100
AcDbCircle
 10
178.3582716715791
 20
177.6294879543665
 40
1.22
100
AcDbArc
 50
245.0307909663
 51
294.9692090336999
  0
ARC
  5
520
100
AcDbEntity
  8
0
  6
CONTINUOUS
 62
    7
370
   -1
100
AcDbCircle
 10
178.3582716715791
 20
177.6294879543665
 40
1.22
100
AcDbArc
 50
180
 51
212.1939475443
  0
ARC
  5
521
100
AcDbEntity
  8
0
  6
CONTINUOUS
 62
    7
370
   -1
100
AcDbCircle
 10
178.3582716715791
 20
177.6294879543665
 40
1.22
100
AcDbArc
 50
327.8060524557
 51
32.19394754429997
  0
ARC
  5
522
100
AcDbEntity
  8
03_AXES
  6
CONTINUOUS
 62
    7
370
   -1
100
AcDbCircle
 10
179.0732716715791
 20
178.7651450915665
 40
0.2
100
AcDbArc
 50
180
 51
314.4270040008
  0
ARC
  5
523
100
AcDbEntity
  8
03_AXES
  6
CONTINUOUS
 62
    7
370
   -1
100
AcDbCircle
 10
177.6432716715791
 20
178.7644879543665
 40
0.2
100
AcDbArc
 50
225.4386879564
 51
0
  0
ARC
  5
524
100
AcDbEntity
  8
0
  6
CONTINUOUS
 62
    7
370
   -1
100
AcDbCircle
 10
177.3626028275791
 20
178.4794879543665
 40
0.2
100
AcDbArc
 50
270
 51
45.43868795639997
  0
ARC
  5
525
100
AcDbEntity
  8
03_AXES
  6
CONTINUOUS
 62
    7
370
   -1
100
AcDbCircle
 10
160.9582716715791
 20
177.6295279543665
 40
3.75
100
AcDbArc
 50
270
 51
90
  0
ARC
  5
526
100
AcDbEntity
  8
08_DRAFTS
  6
CONTINUOUS
 62
    7
370
   -1
100
AcDbCircle
 10
160.9582716715791
 20
177.6295279543665
 40
3.75
100
AcDbArc
 50
90
 51
237.5110547822
  0
ARC
  5
527
100
AcDbEntity
  8
09_ROUNDS
  6
CONTINUOUS
 62
    7
370
   -1
100
AcDbCircle
 10
160.9582716715791
 20
177.6295279543665
 40
3.75
100
AcDbArc
 50
237.5102207066
 51
270
  0
ARC
  5
528
100
AcDbEntity
  8
03_AXES
  6
CONTINUOUS
 62
    7
370
   -1
100
AcDbCircle
 10
160.9582716715791
 20
177.6294879543665
 40
3.2512998754
100
AcDbArc
 50
348.4677167906
 51
11.53228320939997
  0
ELLIPSE
  5
529
100
AcDbEntity
  8
09_ROUNDS
  6
CONTINUOUS
 62
    7
370
   -1
100
AcDbEllipse
 10
126.1507769417791
 20
177.2694256415665
 30
0
 11
0.07505419430000022
 21
3.6061592433
 31
0
 40
0.9950017412000001
 41
2.6486436158
 42
2.7972912884
  0
ARC
  5
52A
100
AcDbEntity
  8
0
  6
CONTINUOUS
 62
    7
370
   -1
100
AcDbCircle
 10
160.9582716715791
 20
177.6294879543665
 40
2.575
100
AcDbArc
 50
258.4630409672
 51
281.5369590328
  0
ARC
  5
52B
100
AcDbEntity
  8
0
  6
CONTINUOUS
 62
    7
370
   -1
100
AcDbCircle
 10
160.9582716715791
 20
177.6294879543665
 40
2.575
100
AcDbArc
 50
78.46304096720003
 51
101.5369590328
  0
ARC
  5
52C
100
AcDbEntity
  8
03_AXES
  6
CONTINUOUS
 62
    7
370
   -1
100
AcDbCircle
 10
160.9582716715791
 20
177.6294879543665
 40
1.22
100
AcDbArc
 50
65.03079096629999
 51
114.9692090337
  0
ELLIPSE
  5
52D
100
AcDbEntity
  8
03_AXES
  6
CONTINUOUS
 62
    7
370
   -1
100
AcDbEllipse
 10
143.5582716715791
 20
177.6113107610665
 30
0
 11
2.460448412026853e-16
 21
4.0182171933
 31
0
 40
0.999989723
 41
0
 42
3.1415926536
  0
ARC
  5
52E
100
AcDbEntity
  8
03_AXES
  6
CONTINUOUS
 62
    7
370
   -1
100
AcDbCircle
 10
160.9582716715791
 20
177.6294879543665
 40
1.22
100
AcDbArc
 50
245.0307909663
 51
294.9692090336999
  0
ARC
  5
52F
100
AcDbEntity
  8
0
  6
CONTINUOUS
 62
    7
370
   -1
100
AcDbCircle
 10
160.9582716715791
 20
177.6294879543665
 40
1.22
100
AcDbArc
 50
180
 51
212.1939475443
  0
ARC
  5
530
100
AcDbEntity
  8
0
  6
CONTINUOUS
 62
    7
370
   -1
100
AcDbCircle
 10
160.9582716715791
 20
177.6294879543665
 40
1.22
100
AcDbArc
 50
327.8060524557
 51
32.19394754429997
  0
ARC
  5
531
100
AcDbEntity
  8
0
  6
CONTINUOUS
 62
    7
370
   -1
100
AcDbCircle
 10
161.9532716715791
 20
178.4794879543665
 40
0.2
100
AcDbArc
 50
134.4270040008
 51
270
  0
ARC
  5
532
100
AcDbEntity
  8
03_AXES
  6
CONTINUOUS
 62
    7
370
   -1
100
AcDbCircle
 10
143.5582716715791
 20
177.6295279543665
 40
3.75
100
AcDbArc
 50
270
 51
90
  0
ARC
  5
533
100
AcDbEntity
  8
08_DRAFTS
  6
CONTINUOUS
 62
    7
370
   -1
100
AcDbCircle
 10
143.5582716715791
 20
177.6295279543665
 40
3.75
100
AcDbArc
 50
90
 51
237.5110547822
  0
ARC
  5
534
100
AcDbEntity
  8
09_ROUNDS
  6
CONTINUOUS
 62
    7
370
   -1
100
AcDbCircle
 10
143.5582716715791
 20
177.6295279543665
 40
3.75
100
AcDbArc
 50
237.5102207066
 51
270
  0
ARC
  5
535
100
AcDbEntity
  8
09_ROUNDS
  6
CONTINUOUS
 62
    9
370
   -1
100
AcDbCircle
 10
143.5824305073791
 20
177.3848091525665
 40
3.709030481
100
AcDbArc
 50
269.0823107466
 51
269.6268002854999
  0
ARC
  5
536
100
AcDbEntity
  8
03_AXES
  6
CONTINUOUS
 62
    7
370
   -1
100
AcDbCircle
 10
143.5582716715791
 20
177.6294879543665
 40
3.2512998754
100
AcDbArc
 50
348.4677167906
 51
11.53228320939997
  0
ARC
  5
537
100
AcDbEntity
  8
03_AXES
  6
CONTINUOUS
 62
    7
370
   -1
100
AcDbCircle
 10
143.5582716715791
 20
177.6294879543665
 40
3.25
100
AcDbArc
 50
168.4630409672
 51
191.5369590328
  0
ARC
  5
538
100
AcDbEntity
  8
0
  6
CONTINUOUS
 62
    7
370
   -1
100
AcDbCircle
 10
143.5582716715791
 20
177.6294879543665
 40
2.575
100
AcDbArc
 50
78.46304096720003
 51
101.5369590328
  0
ARC
  5
539
100
AcDbEntity
  8
03_AXES
  6
CONTINUOUS
 62
    7
370
   -1
100
AcDbCircle
 10
143.5582716715791
 20
177.6294879543665
 40
2.1192825112
100
AcDbArc
 50
162.1390747507
 51
197.8609252493
  0
ARC
  5
53A
100
AcDbEntity
  8
0
  6
CONTINUOUS
 62
    7
370
   -1
100
AcDbCircle
 10
143.5582716715791
 20
177.6294879543665
 40
2.1192825112
100
AcDbArc
 50
342.1390747507
 51
17.8609252493
  0
ARC
  5
53B
100
AcDbEntity
  8
03_AXES
  6
CONTINUOUS
 62
    7
370
   -1
100
AcDbCircle
 10
143.5582716715791
 20
177.6294879543665
 40
1.22
100
AcDbArc
 50
65.03079096629999
 51
114.9692090337
  0
ARC
  5
53C
100
AcDbEntity
  8
03_AXES
  6
CONTINUOUS
 62
    7
370
   -1
100
AcDbCircle
 10
143.5582716715791
 20
177.6294879543665
 40
1.22
100
AcDbArc
 50
147.8060524557
 51
180
  0
ARC
  5
53D
100
AcDbEntity
  8
03_AXES
  6
CONTINUOUS
 62
    7
370
   -1
100
AcDbCircle
 10
143.5582716715791
 20
177.6294879543665
 40
1.22
100
AcDbArc
 50
245.0307909663
 51
294.9692090336999
  0
ARC
  5
53E
100
AcDbEntity
  8
0
  6
CONTINUOUS
 62
    7
370
   -1
100
AcDbCircle
 10
143.5582716715791
 20
177.6294879543665
 40
1.22
100
AcDbArc
 50
180
 51
212.1939475443
  0
ARC
  5
53F
100
AcDbEntity
  8
0
  6
CONTINUOUS
 62
    7
370
   -1
100
AcDbCircle
 10
143.5582716715791
 20
177.6294879543665
 40
1.22
100
AcDbArc
 50
327.8060524557
 51
32.19394754429997
  0
ARC
  5
540
100
AcDbEntity
  8
03_AXES
  6
CONTINUOUS
 62
    7
370
   -1
100
AcDbCircle
 10
160.2432716715791
 20
178.7644879543665
 40
0.2
100
AcDbArc
 50
225.4386879564
 51
0
  0
ARC
  5
541
100
AcDbEntity
  8
0
  6
CONTINUOUS
 62
    7
370
   -1
100
AcDbCircle
 10
159.9626028275791
 20
178.4794879543665
 40
0.2
100
AcDbArc
 50
270
 51
45.43868795639997
  0
ARC
  5
542
100
AcDbEntity
  8
03_AXES
  6
CONTINUOUS
 62
    7
370
   -1
100
AcDbCircle
 10
144.2732716715791
 20
178.7651450915665
 40
0.2
100
AcDbArc
 50
180
 51
314.4270040008
  0
ARC
  5
543
100
AcDbEntity
  8
03_AXES
  6
CONTINUOUS
 62
    7
370
   -1
100
AcDbCircle
 10
142.8432716715791
 20
178.7644879543665
 40
0.2
100
AcDbArc
 50
225.4386879564
 51
0
  0
ARC
  5
544
100
AcDbEntity
  8
03_AXES
  6
CONTINUOUS
 62
    7
370
   -1
100
AcDbCircle
 10
144.2732716715791
 20
176.4938308172665
 40
0.2
100
AcDbArc
 50
45.57299599919998
 51
180
  0
ARC
  5
545
100
AcDbEntity
  8
0
  6
CONTINUOUS
 62
    7
370
   -1
100
AcDbCircle
 10
144.5532716715791
 20
178.4794879543665
 40
0.2
100
AcDbArc
 50
134.4270040008
 51
270
  0
ARC
  5
546
100
AcDbEntity
  8
0
  6
CONTINUOUS
 62
    7
370
   -1
100
AcDbCircle
 10
144.5532716715791
 20
176.7794879543665
 40
0.2
100
AcDbArc
 50
90
 51
225.5729959992
  0
ARC
  5
547
100
AcDbEntity
  8
0
  6
CONTINUOUS
 62
    7
370
   -1
100
AcDbCircle
 10
142.5626028275791
 20
178.4794879543665
 40
0.2
100
AcDbArc
 50
270
 51
45.43868795639997
  0
ARC
  5
548
100
AcDbEntity
  8
0
  6
CONTINUOUS
 62
    7
370
   -1
100
AcDbCircle
 10
142.5700536695791
 20
176.7794879543665
 40
0.2
100
AcDbArc
 50
313.0820511577999
 51
90
  0
ARC
  5
549
100
AcDbEntity
  8
09_ROUNDS
  6
CONTINUOUS
 62
    7
370
   -1
100
AcDbCircle
 10
174.3082716715791
 20
186.8295279543665
 40
0.3
100
AcDbArc
 50
0
 51
90
  0
ARC
  5
54A
100
AcDbEntity
  8
0
  6
CONTINUOUS
 62
    7
370
   -1
100
AcDbCircle
 10
169.8582716715791
 20
185.3295279543665
 40
0.2
100
AcDbArc
 50
90
 51
180
  0
ARC
  5
54B
100
AcDbEntity
  8
03_AXES
  6
CONTINUOUS
 62
    7
370
   -1
100
AcDbCircle
 10
169.4582716715791
 20
185.3295279543665
 40
0.2
100
AcDbArc
 50
0
 51
90
  0
ARC
  5
54C
100
AcDbEntity
  8
09_ROUNDS
  6
CONTINUOUS
 62
    7
370
   -1
100
AcDbCircle
 10
139.5082716715791
 20
186.8295279543665
 40
0.3
100
AcDbArc
 50
0
 51
90
  0
ARC
  5
54D
100
AcDbEntity
  8
03_AXES
  6
CONTINUOUS
 62
    7
370
   -1
100
AcDbCircle
 10
152.0582716715791
 20
185.3295279543665
 40
0.2
100
AcDbArc
 50
0
 51
90
  0
ARC
  5
54E
100
AcDbEntity
  8
0
  6
CONTINUOUS
 62
    7
370
   -1
100
AcDbCircle
 10
135.0582716715791
 20
185.3295279543665
 40
0.2
100
AcDbArc
 50
90
 51
180
  0
ARC
  5
54F
100
AcDbEntity
  8
03_AXES
  6
CONTINUOUS
 62
    7
370
   -1
100
AcDbCircle
 10
134.6582716715791
 20
185.3295279543665
 40
0.2
100
AcDbArc
 50
0
 51
90
  0
ARC
  5
550
100
AcDbEntity
  8
03_AXES
  6
CONTINUOUS
 62
    7
370
   -1
100
AcDbCircle
 10
126.1582716715791
 20
177.6295279543665
 40
3.75
100
AcDbArc
 50
270
 51
90
  0
ARC
  5
551
100
AcDbEntity
  8
08_DRAFTS
  6
CONTINUOUS
 62
    7
370
   -1
100
AcDbCircle
 10
126.1582716715791
 20
177.6295279543665
 40
3.75
100
AcDbArc
 50
90
 51
237.5110547822
  0
ARC
  5
552
100
AcDbEntity
  8
09_ROUNDS
  6
CONTINUOUS
 62
    7
370
   -1
100
AcDbCircle
 10
126.1582716715791
 20
177.6295279543665
 40
3.75
100
AcDbArc
 50
237.5102207066
 51
270
  0
ARC
  5
553
100
AcDbEntity
  8
09_ROUNDS
  6
CONTINUOUS
 62
    9
370
   -1
100
AcDbCircle
 10
126.1204280096791
 20
177.1275123748665
 40
3.4435153867
100
AcDbArc
 50
249.3803697458
 51
251.0607648418
  0
ARC
  5
554
100
AcDbEntity
  8
0
  6
CONTINUOUS
 62
    7
370
   -1
100
AcDbCircle
 10
126.1582716715791
 20
177.6294879543665
 40
2.575
100
AcDbArc
 50
258.4630409672
 51
281.5369590328
  0
ARC
  5
555
100
AcDbEntity
  8
0
  6
CONTINUOUS
 62
    7
370
   -1
100
AcDbCircle
 10
126.1582716715791
 20
177.6294879543665
 40
2.575
100
AcDbArc
 50
78.46304096720003
 51
101.5369590328
  0
ARC
  5
556
100
AcDbEntity
  8
03_AXES
  6
CONTINUOUS
 62
    7
370
   -1
100
AcDbCircle
 10
126.1582716715791
 20
177.6294879543665
 40
2.1192825112
100
AcDbArc
 50
162.1390747507
 51
197.8609252493
  0
ARC
  5
557
100
AcDbEntity
  8
0
  6
CONTINUOUS
 62
    7
370
   -1
100
AcDbCircle
 10
126.1582716715791
 20
177.6294879543665
 40
2.1192825112
100
AcDbArc
 50
342.1390747507
 51
17.8609252493
  0
ARC
  5
558
100
AcDbEntity
  8
03_AXES
  6
CONTINUOUS
 62
    7
370
   -1
100
AcDbCircle
 10
126.1582716715791
 20
177.6294879543665
 40
1.22
100
AcDbArc
 50
65.03079096629999
 51
114.9692090337
  0
ARC
  5
559
100
AcDbEntity
  8
03_AXES
  6
CONTINUOUS
 62
    7
370
   -1
100
AcDbCircle
 10
126.1582716715791
 20
177.6294879543665
 40
1.22
100
AcDbArc
 50
147.8060524557
 51
180
  0
ARC
  5
55A
100
AcDbEntity
  8
03_AXES
  6
CONTINUOUS
 62
    7
370
   -1
100
AcDbCircle
 10
126.1582716715791
 20
177.6294879543665
 40
1.22
100
AcDbArc
 50
245.0307909663
 51
294.9692090336999
  0
ARC
  5
55B
100
AcDbEntity
  8
03_AXES
  6
CONTINUOUS
 62
    7
370
   -1
100
AcDbCircle
 10
126.8732716715791
 20
178.7651450915665
 40
0.2
100
AcDbArc
 50
180
 51
314.4270040008
  0
ARC
  5
55C
100
AcDbEntity
  8
03_AXES
  6
CONTINUOUS
 62
    7
370
   -1
100
AcDbCircle
 10
125.4432716715791
 20
178.7644879543665
 40
0.2
100
AcDbArc
 50
225.4386879564
 51
0
  0
ARC
  5
55D
100
AcDbEntity
  8
03_AXES
  6
CONTINUOUS
 62
    7
370
   -1
100
AcDbCircle
 10
126.8732716715791
 20
176.4938308172665
 40
0.2
100
AcDbArc
 50
45.57299599919998
 51
180
  0
ARC
  5
55E
100
AcDbEntity
  8
0
  6
CONTINUOUS
 62
    7
370
   -1
100
AcDbCircle
 10
125.1700536695791
 20
176.7794879543665
 40
0.2
100
AcDbArc
 50
313.0820511577999
 51
90
  0
ARC
  5
55F
100
AcDbEntity
  8
0
  6
CONTINUOUS
 62
    7
370
   -1
100
AcDbCircle
 10
117.6582716715791
 20
185.3295279543665
 40
0.2
100
AcDbArc
 50
90
 51
180
  0
ELLIPSE
  5
560
100
AcDbEntity
  8
03_AXES
  6
CONTINUOUS
 62
    7
370
   -1
100
AcDbEllipse
 10
165.0082716715791
 20
186.2052638856665
 30
0
 11
-2.597868168633439e-17
 21
-0.4242640687
 31
0
 40
0.7071067812
 41
3.1415926536
 42
4.7123889804
  0
ELLIPSE
  5
561
100
AcDbEntity
  8
03_AXES
  6
CONTINUOUS
 62
    7
370
   -1
100
AcDbEllipse
 10
165.0082716715791
 20
100.0537920230665
 30
0
 11
-2.597868168633439e-17
 21
-0.4242640687
 31
0
 40
0.7071067812
 41
-1.5707963268
 42
0
  0
ELLIPSE
  5
562
100
AcDbEntity
  8
09_ROUNDS
  6
CONTINUOUS
 62
    7
370
   -1
100
AcDbEllipse
 10
143.5507769417791
 20
177.2694256415665
 30
0
 11
0.07505419430000022
 21
3.6061592433
 31
0
 40
0.9950017412000001
 41
2.6486436158
 42
2.7972912884
  0
SPLINE
  5
563
100
AcDbEntity
  8
0
  6
CONTINUOUS
 62
    7
370
   -1
100
AcDbSpline
210
0
220
0
230
0
 70
 4096
 71
    3
 72
   19
 73
   15
 74
    0
 42
1e-07
 43
1e-07
 40
0
 40
0
 40
0
 40
0
 40
0.2302295696
 40
0.3498076906
 40
0.4724521577
 40
0.5982027319000001
 40
0.6623595313
 40
0.7274354612
 40
0.7934413943
 40
0.8604960053
 40
0.8945824651000001
 40
0.9291420987000001
 40
0.9642981886000001
 40
1
 40
1
 40
1
 40
1
 10
185.3544579218791
 20
136.8358455582665
 30
0
 10
185.3544579218791
 20
136.8000748814665
 30
0
 10
185.3538471148791
 20
136.7457198973665
 30
0
 10
185.3511318147791
 20
136.6723592393665
 30
0
 10
185.3473963179791
 20
136.6153015434665
 30
0
 10
185.3421254929791
 20
136.5669941067665
 30
0
 10
185.3355735904791
 20
136.5279105933665
 30
0
 10
185.3289499284791
 20
136.4982852633665
 30
0
 10
185.3200192019791
 20
136.4687967283665
 30
0
 10
185.3097721491791
 20
136.4448086469665
 30
0
 10
185.2986546865791
 20
136.4268345503665
 30
0
 10
185.2881718862791
 20
136.4144691910665
 30
0
 10
185.2749110296791
 20
136.4045044409665
 30
0
 10
185.2638186477791
 20
136.4015545535665
 30
0
 10
185.2582716715791
 20
136.4015545535665
 30
0
  0
SPLINE
  5
564
100
AcDbEntity
  8
0
  6
CONTINUOUS
 62
    7
370
   -1
100
AcDbSpline
210
0
220
0
230
0
 70
 4096
 71
    3
 72
    9
 73
    5
 74
    0
 42
1e-07
 43
1e-07
 40
0
 40
0
 40
0
 40
0
 40
0.2463296764
 40
1
 40
1
 40
1
 40
1
 10
185.3582716715791
 20
137.0473460637665
 30
0
 10
185.3582716715791
 20
137.0458920579665
 30
0
 10
185.3579496717791
 20
137.0399909098665
 30
0
 10
185.3562898458791
 20
137.0341860312665
 30
0
 10
185.3544579218791
 20
137.0301320485665
 30
0
  0
SPLINE
  5
565
100
AcDbEntity
  8
0
  6
CONTINUOUS
 62
    7
370
   -1
100
AcDbSpline
210
0
220
0
230
0
 70
 4096
 71
    3
 72
    9
 73
    5
 74
    0
 42
1e-07
 43
1e-07
 40
0
 40
0
 40
0
 40
0
 40
0.2467545327
 40
1
 40
1
 40
1
 40
1
 10
184.7582716715791
 20
136.7783063263665
 30
0
 10
184.7478956790791
 20
136.8287415110665
 30
0
 10
184.7061661537791
 20
137.0332016502665
 30
0
 10
184.6653602541791
 20
137.2378485513665
 30
0
 10
184.6346170556791
 20
137.3919960600665
 30
0
  0
SPLINE
  5
566
100
AcDbEntity
  8
03_AXES
  6
CONTINUOUS
 62
    7
370
   -1
100
AcDbSpline
210
0
220
0
230
0
 70
 4096
 71
    3
 72
   16
 73
   12
 74
    0
 42
1e-07
 43
1e-07
 40
0
 40
0
 40
0
 40
0
 40
0.0233043705
 40
0.0554797661
 40
0.0957375647
 40
0.1431811858
 40
0.2559955066
 40
0.3871714825
 40
0.5311260914
 40
0.6834708762
 40
1
 40
1
 40
1
 40
1
 10
179.2857328934791
 20
173.9376217297665
 30
0
 10
179.2784944364791
 20
173.9375589122665
 30
0
 10
179.2612846502791
 20
173.9363029625665
 30
0
 10
179.2317390470791
 20
173.9329667646665
 30
0
 10
179.1948302123791
 20
173.9280123293665
 30
0
 10
179.1331736429791
 20
173.9192067401665
 30
0
 10
179.0435781997791
 20
173.9062622817665
 30
0
 10
178.9240761727791
 20
173.8907199800665
 30
0
 10
178.7920410555791
 20
173.8765148724665
 30
0
 10
178.6022766511791
 20
173.8613268757665
 30
0
 10
178.4565908096791
 20
173.8563958354665
 30
0
 10
178.3582716715791
 20
173.8562339727665
 30
0
  0
SPLINE
  5
567
100
AcDbEntity
  8
03_AXES
  6
CONTINUOUS
 62
    7
370
   -1
100
AcDbSpline
210
0
220
0
230
0
 70
 4096
 71
    3
 72
   12
 73
    8
 74
    0
 42
1e-07
 43
1e-07
 40
0
 40
0
 40
0
 40
0
 40
0.1217760605
 40
0.2441255037
 40
0.4910169538
 40
0.7428803452
 40
1
 40
1
 40
1
 40
1
 10
178.4787789358791
 20
173.7151326433665
 30
0
 10
178.5616606309791
 20
173.7158754892665
 30
0
 10
178.7278123307791
 20
173.7230970907665
 30
0
 10
179.0602842893791
 20
173.7586679311665
 30
0
 10
179.4755571403791
 20
173.8447622570665
 30
0
 10
179.9622517232791
 20
174.0159967377665
 30
0
 10
180.2710979702791
 20
174.1761199382665
 30
0
 10
180.4200486066791
 20
174.2679911095665
 30
0
  0
SPLINE
  5
568
100
AcDbEntity
  8
03_AXES
  6
CONTINUOUS
 62
    9
370
   -1
100
AcDbSpline
210
0
220
0
230
0
 70
 4096
 71
    3
 72
   17
 73
   13
 74
    0
 42
1e-07
 43
1e-07
 40
0
 40
0
 40
0
 40
0
 40
0.0082940566
 40
0.0240766279
 40
0.0486262362
 40
0.082035225
 40
0.1744669076
 40
0.2982578468
 40
0.4488028494
 40
0.6203986602
 40
0.8064925061
 40
1
 40
1
 40
1
 40
1
 10
187.0582716715791
 20
102.5109419490665
 30
0
 10
187.0582716715791
 20
102.5103844579665
 30
0
 10
187.0568880209791
 20
102.5090753118665
 30
0
 10
187.0539228728791
 20
102.5080017825665
 30
0
 10
187.0490809164791
 20
102.5066694829665
 30
0
 10
187.0391628625791
 20
102.5048566411665
 30
0
 10
187.0224735428791
 20
102.5028308034665
 30
0
 10
186.9979097673791
 20
102.5008358179665
 30
0
 10
186.9679757633791
 20
102.4991730229665
 30
0
 10
186.9338367056791
 20
102.4979307098665
 30
0
 10
186.8967938634791
 20
102.4971625968665
 30
0
 10
186.8712784181791
 20
102.4969906542665
 30
0
 10
186.8582716715791
 20
102.4969906542665
 30
0
  0
SPLINE
  5
569
100
AcDbEntity
  8
03_AXES
  6
CONTINUOUS
 62
    9
370
   -1
100
AcDbSpline
210
0
220
0
230
0
 70
 4096
 71
    3
 72
   16
 73
   12
 74
    0
 42
1e-07
 43
1e-07
 40
0
 40
0
 40
0
 40
0
 40
0.0110712458
 40
0.0283608773
 40
0.0537510363
 40
0.08761498990000001
 40
0.180217392
 40
0.3035285022
 40
0.4531369931
 40
0.6234715509000001
 40
1
 40
1
 40
1
 40
1
 10
187.0582716715791
 20
122.4530722581665
 30
0
 10
187.0582716715791
 20
122.4523219546665
 30
0
 10
187.0571429454791
 20
122.4505121587665
 30
0
 10
187.0539828814791
 20
122.4486856142665
 30
0
 10
187.0491487539791
 20
122.4467541135665
 30
0
 10
187.0392195164791
 20
122.4440124629665
 30
0
 10
187.0225329583791
 20
122.4410193897665
 30
0
 10
186.9979387543791
 20
122.4380339935665
 30
0
 10
186.9679938010791
 20
122.4355617598665
 30
0
 10
186.9208594079791
 20
122.4330115331665
 30
0
 10
186.8837891816791
 20
122.4323127645665
 30
0
 10
186.8582716715791
 20
122.4323127645665
 30
0
  0
SPLINE
  5
56A
100
AcDbEntity
  8
03_AXES
  6
CONTINUOUS
 62
    9
370
   -1
100
AcDbSpline
210
0
220
0
230
0
 70
 4096
 71
    3
 72
   19
 73
   15
 74
    0
 42
1e-07
 43
1e-07
 40
0
 40
0
 40
0
 40
0
 40
0.0061125143
 40
0.0209506066
 40
0.0450124995
 40
0.07817310250000001
 40
0.1201543332
 40
0.1705715341
 40
0.2289462345
 40
0.2947287326
 40
0.4459198094
 40
0.6183665442
 40
0.8054435929
 40
1
 40
1
 40
1
 40
1
 10
187.0582716715791
 20
150.8530697555665
 30
0
 10
187.0582716715791
 20
150.8534783896665
 30
0
 10
187.0565431984791
 20
150.8541330702665
 30
0
 10
187.0539670705791
 20
150.8547137312665
 30
0
 10
187.0489985529791
 20
150.8554409663665
 30
0
 10
187.0424868687791
 20
150.8561092880665
 30
0
 10
187.0340863637791
 20
150.8567833803665
 30
0
 10
187.0240382809791
 20
150.8574187619665
 30
0
 10
187.0123790195791
 20
150.8580195039665
 30
0
 10
186.9939891507791
 20
150.8587951438665
 30
0
 10
186.9679661684791
 20
150.8595945688665
 30
0
 10
186.9338306985791
 20
150.8602839580665
 30
0
 10
186.8967912264791
 20
150.8607095328665
 30
0
 10
186.8712781663791
 20
150.8608049000665
 30
0
 10
186.8582716715791
 20
150.8608049000665
 30
0
  0
SPLINE
  5
56B
100
AcDbEntity
  8
03_AXES
  6
CONTINUOUS
 62
    7
370
   -1
100
AcDbSpline
210
0
220
0
230
0
 70
 4096
 71
    3
 72
   19
 73
   15
 74
    0
 42
1e-07
 43
1e-07
 40
0
 40
0
 40
0
 40
0
 40
0.005888738
 40
0.0206411228
 40
0.0446479028
 40
0.0777740504
 40
0.119730702
 40
0.1701348647
 40
0.2285088678
 40
0.2942967014
 40
0.4455401074
 40
0.6180818168000001
 40
0.8052906406
 40
1
 40
1
 40
1
 40
1
 10
187.0582716715791
 20
168.1190517235665
 30
0
 10
187.0582716715791
 20
168.1194452047665
 30
0
 10
187.0564969700791
 20
168.1199945111665
 30
0
 10
187.0539837291791
 20
168.1205492042665
 30
0
 10
187.0489920050791
 20
168.1211868680665
 30
0
 10
187.0424973076791
 20
168.1217975630665
 30
0
 10
187.0340961444791
 20
168.1224034160665
 30
0
 10
187.0240535880791
 20
168.1229779992665
 30
0
 10
187.0123972342791
 20
168.1235200041665
 30
0
 10
186.9940098407791
 20
168.1242207326665
 30
0
 10
186.9679871693791
 20
168.1249425308665
 30
0
 10
186.9338486401791
 20
168.1255653384665
 30
0
 10
186.8968015647791
 20
168.1259495750665
 30
0
 10
186.8712820102791
 20
168.1260360904665
 30
0
 10
186.8582716715791
 20
168.1260358774665
 30
0
  0
SPLINE
  5
56C
100
AcDbEntity
  8
03_AXES
  6
CONTINUOUS
 62
    9
370
   -1
100
AcDbSpline
210
0
220
0
230
0
 70
 4096
 71
    3
 72
   17
 73
   13
 74
    0
 42
1e-07
 43
1e-07
 40
0
 40
0
 40
0
 40
0
 40
0.008294048
 40
0.0240766484
 40
0.0486262872
 40
0.0820351691
 40
0.174466971
 40
0.2982578484
 40
0.4488027999
 40
0.6203987081
 40
0.8064924812000001
 40
1
 40
1
 40
1
 40
1
 10
187.0582716715791
 20
183.7481139597665
 30
0
 10
187.0582716715791
 20
183.7486714502665
 30
0
 10
187.0568880225791
 20
183.7499805994665
 30
0
 10
187.0539228679791
 20
183.7510541250665
 30
0
 10
187.0490809161791
 20
183.7523864255665
 30
0
 10
187.0391628593791
 20
183.7541992711665
 30
0
 10
187.0224735424791
 20
183.7562251028665
 30
0
 10
186.9979097667791
 20
183.7582200919665
 30
0
 10
186.9679757635791
 20
183.7598828846665
 30
0
 10
186.9338367076791
 20
183.7611252001665
 30
0
 10
186.8967938620791
 20
183.7618933111665
 30
0
 10
186.8712784198791
 20
183.7620652544665
 30
0
 10
186.8582716715791
 20
183.7620652544665
 30
0
  0
SPLINE
  5
56D
100
AcDbEntity
  8
03_AXES
  6
CONTINUOUS
 62
    7
370
   -1
100
AcDbSpline
210
0
220
0
230
0
 70
 4096
 71
    3
 72
   10
 73
    6
 74
    0
 42
1e-07
 43
1e-07
 40
0
 40
0
 40
0
 40
0
 40
0.1928092293
 40
0.4274310797
 40
1
 40
1
 40
1
 40
1
 10
186.6092621727791
 20
137.2471780527665
 30
0
 10
186.6251176462791
 20
137.2103088027665
 30
0
 10
186.6616258292791
 20
137.1291640973665
 30
0
 10
186.7477834719791
 20
136.9396937308665
 30
0
 10
186.8145316529791
 20
136.7854109490665
 30
0
 10
186.8582716715791
 20
136.6745449481665
 30
0
  0
SPLINE
  5
56E
100
AcDbEntity
  8
03_AXES
  6
CONTINUOUS
 62
    7
370
   -1
100
AcDbSpline
210
0
220
0
230
0
 70
 4096
 71
    3
 72
    9
 73
    5
 74
    0
 42
1e-07
 43
1e-07
 40
0
 40
0
 40
0
 40
0
 40
0.2453372812
 40
1
 40
1
 40
1
 40
1
 10
186.6092621727791
 20
149.0118778560665
 30
0
 10
186.6044516071791
 20
149.0006916908665
 30
0
 10
186.5863503656791
 20
148.9544532489665
 30
0
 10
186.5743155210791
 20
148.9059216472665
 30
0
 10
186.5682716715791
 20
148.8689567147665
 30
0
  0
SPLINE
  5
56F
100
AcDbEntity
  8
03_AXES
  6
CONTINUOUS
 62
    7
370
   -1
100
AcDbSpline
210
0
220
0
230
0
 70
 4096
 71
    3
 72
   10
 73
    6
 74
    0
 42
1e-07
 43
1e-07
 40
0
 40
0
 40
0
 40
0
 40
0.5725689647000001
 40
0.8071908062000001
 40
1
 40
1
 40
1
 40
1
 10
186.8582716715791
 20
149.5845109605665
 30
0
 10
186.8145316495791
 20
149.4736449510665
 30
0
 10
186.7477834659791
 20
149.3193621624665
 30
0
 10
186.6616258217791
 20
149.1298917964665
 30
0
 10
186.6251176433791
 20
149.0487470992665
 30
0
 10
186.6092621727791
 20
149.0118778560665
 30
0
  0
SPLINE
  5
570
100
AcDbEntity
  8
03_AXES
  6
CONTINUOUS
 62
    7
370
   -1
100
AcDbSpline
210
0
220
0
230
0
 70
 4096
 71
    3
 72
   25
 73
   21
 74
    0
 42
1e-07
 43
1e-07
 40
0
 40
0
 40
0
 40
0
 40
0.1587872048
 40
0.2344190033
 40
0.2676641944
 40
0.2941743322
 40
0.30528891
 40
0.3159212072
 40
0.3379673245
 40
0.3622235978
 40
0.3883228871
 40
0.4157564932
 40
0.4441527859
 40
0.5028894896
 40
0.5633002553000001
 40
0.6247227884000001
 40
0.6867704649
 40
0.7491972303000001
 40
0.8745697656
 40
1
 40
1
 40
1
 40
1
 10
187.0582716715791
 20
149.7352540429665
 30
0
 10
187.0582716715791
 20
149.7612317355665
 30
0
 10
187.0567409415791
 20
149.7996406975665
 30
0
 10
187.0479436812791
 20
149.8429170071665
 30
0
 10
187.0388420527791
 20
149.8631777721665
 30
0
 10
187.0305729354791
 20
149.8720964439665
 30
0
 10
187.0229138972791
 20
149.8746041876665
 30
0
 10
187.0156368982791
 20
149.8744468970665
 30
0
 10
187.0068906365791
 20
149.8705036635665
 30
0
 10
186.9977009276791
 20
149.8629806696665
 30
0
 10
186.9890397108791
 20
149.8536125132665
 30
0
 10
186.9808317105791
 20
149.8430052066665
 30
0
 10
186.9702410860791
 20
149.8275313793665
 30
0
 10
186.9578626798791
 20
149.8067867715665
 30
0
 10
186.9439361687791
 20
149.7807282842665
 30
0
 10
186.9306029220791
 20
149.7537570052665
 30
0
 10
186.9177399296791
 20
149.7261963256665
 30
0
 10
186.9010818787791
 20
149.6888679766665
 30
0
 10
186.8811191846791
 20
149.6416667589665
 30
0
 10
186.8658026934791
 20
149.6035995277665
 30
0
 10
186.8582716715791
 20
149.5845109605665
 30
0
  0
SPLINE
  5
571
100
AcDbEntity
  8
03_AXES
  6
CONTINUOUS
 62
    7
370
   -1
100
AcDbSpline
210
0
220
0
230
0
 70
 4096
 71
    3
 72
   29
 73
   25
 74
    0
 42
1e-07
 43
1e-07
 40
0
 40
0
 40
0
 40
0
 40
0.1861832074
 40
0.3689129042
 40
0.5431451276
 40
0.6250367657
 40
0.702028012
 40
0.7728111952000001
 40
0.8358745864
 40
0.8639936812000001
 40
0.8895491485
 40
0.9123254085
 40
0.9321181104
 40
0.9487390927
 40
0.9620350870000001
 40
0.9719015333000001
 40
0.9755462308
 40
0.9783541164
 40
0.9817774212
 40
0.9831299591
 40
0.9849319394
 40
0.9874535523
 40
0.9907894388
 40
1
 40
1
 40
1
 40
1
 10
178.3582716715791
 20
173.7749246298665
 30
0
 10
178.4192963586791
 20
173.7748241649665
 30
0
 10
178.5402474930791
 20
173.7780007038665
 30
0
 10
178.7177604450791
 20
173.7925705892665
 30
0
 10
178.8603323092791
 20
173.8122566655665
 30
0
 10
178.9677711642791
 20
173.8317672740665
 30
0
 10
179.0414414492791
 20
173.8472888079665
 30
0
 10
179.1086378135791
 20
173.8634598776665
 30
0
 10
179.1598699082791
 20
173.8774081219665
 30
0
 10
179.1965203397791
 20
173.8884045676665
 30
0
 10
179.2203876904791
 20
173.8960429668665
 30
0
 10
179.2415111276791
 20
173.9032843495665
 30
0
 10
179.2597066769791
 20
173.9100272904665
 30
0
 10
179.2748021214791
 20
173.9161532890665
 30
0
 10
179.2866729701791
 20
173.9216004758665
 30
0
 10
179.2943925336791
 20
173.9257435914665
 30
0
 10
179.2988484412791
 20
173.9288282904665
 30
0
 10
179.3011993909791
 20
173.9308553886665
 30
0
 10
179.3030058473791
 20
173.9332648806665
 30
0
 10
179.3018843949791
 20
173.9353270138665
 30
0
 10
179.3001933253791
 20
173.9362117133665
 30
0
 10
179.2977795157791
 20
173.9369000513665
 30
0
 10
179.2928726745791
 20
173.9375824752665
 30
0
 10
179.2887517006791
 20
173.9376479278665
 30
0
 10
179.2857328934791
 20
173.9376217297665
 30
0
  0
SPLINE
  5
572
100
AcDbEntity
  8
03_AXES
  6
CONTINUOUS
 62
    9
370
   -1
100
AcDbSpline
210
0
220
0
230
0
 70
 4096
 71
    3
 72
   15
 73
   11
 74
    0
 42
1e-07
 43
1e-07
 40
0
 40
0
 40
0
 40
0
 40
0.1546216138
 40
0.302409291
 40
0.439692846
 40
0.5660930218
 40
0.6830710453000001
 40
0.7927995594
 40
0.897644222
 40
1
 40
1
 40
1
 40
1
 10
177.5630789422791
 20
100.3222376615665
 30
0
 10
177.5628018406791
 20
100.2845593673665
 30
0
 10
177.5693907120791
 20
100.2106070614665
 30
0
 10
177.5993582722791
 20
100.1070781531665
 30
0
 10
177.6452738138791
 20
100.0172457889665
 30
0
 10
177.7027449341791
 20
99.94371183566651
 30
0
 10
177.7681284485791
 20
99.88694950476651
 30
0
 10
177.8387366524791
 20
99.84659688406651
 30
0
 10
177.9125188413791
 20
99.82214970186649
 30
0
 10
177.9630718104791
 20
99.8162001280665
 30
0
 10
177.9880117597791
 20
99.8158232792665
 30
0
  0
SPLINE
  5
573
100
AcDbEntity
  8
03_AXES
  6
CONTINUOUS
 62
    7
370
   -1
100
AcDbSpline
210
0
220
0
230
0
 70
 4096
 71
    3
 72
   16
 73
   12
 74
    0
 42
1e-07
 43
1e-07
 40
0
 40
0
 40
0
 40
0
 40
0.0233043705
 40
0.0554797661
 40
0.0957375647
 40
0.1431811858
 40
0.2559955066
 40
0.3871714825
 40
0.5311260914
 40
0.6834708762
 40
1
 40
1
 40
1
 40
1
 10
161.8857328934791
 20
173.9376217297665
 30
0
 10
161.8784944364791
 20
173.9375589122665
 30
0
 10
161.8612846502791
 20
173.9363029625665
 30
0
 10
161.8317390470791
 20
173.9329667646665
 30
0
 10
161.7948302123791
 20
173.9280123293665
 30
0
 10
161.7331736429791
 20
173.9192067401665
 30
0
 10
161.6435781997791
 20
173.9062622817665
 30
0
 10
161.5240761727791
 20
173.8907199800665
 30
0
 10
161.3920410555791
 20
173.8765148724665
 30
0
 10
161.2022766511791
 20
173.8613268757665
 30
0
 10
161.0565908096791
 20
173.8563958354665
 30
0
 10
160.9582716715791
 20
173.8562339727665
 30
0
  0
SPLINE
  5
574
100
AcDbEntity
  8
03_AXES
  6
CONTINUOUS
 62
    9
370
   -1
100
AcDbSpline
210
0
220
0
230
0
 70
 4096
 71
    3
 72
   17
 73
   13
 74
    0
 42
1e-07
 43
1e-07
 40
0
 40
0
 40
0
 40
0
 40
0.0082940566
 40
0.0240766279
 40
0.0486262362
 40
0.082035225
 40
0.1744669076
 40
0.2982578468
 40
0.4488028494
 40
0.6203986602
 40
0.8064925061
 40
1
 40
1
 40
1
 40
1
 10
169.6582716715791
 20
102.5109419490665
 30
0
 10
169.6582716715791
 20
102.5103844579665
 30
0
 10
169.6568880209791
 20
102.5090753118665
 30
0
 10
169.6539228728791
 20
102.5080017825665
 30
0
 10
169.6490809164791
 20
102.5066694829665
 30
0
 10
169.6391628625791
 20
102.5048566411665
 30
0
 10
169.6224735428791
 20
102.5028308034665
 30
0
 10
169.5979097673791
 20
102.5008358179665
 30
0
 10
169.5679757633791
 20
102.4991730229665
 30
0
 10
169.5338367056791
 20
102.4979307098665
 30
0
 10
169.4967938634791
 20
102.4971625968665
 30
0
 10
169.4712784181791
 20
102.4969906542665
 30
0
 10
169.4582716715791
 20
102.4969906542665
 30
0
  0
SPLINE
  5
575
100
AcDbEntity
  8
03_AXES
  6
CONTINUOUS
 62
    7
370
   -1
100
AcDbSpline
210
0
220
0
230
0
 70
 4096
 71
    3
 72
   19
 73
   15
 74
    0
 42
1e-07
 43
1e-07
 40
0
 40
0
 40
0
 40
0
 40
0.0058953433
 40
0.020644178
 40
0.0446512172
 40
0.07777754470000001
 40
0.1197339737
 40
0.1701378152
 40
0.2285115792
 40
0.2942992705
 40
0.4455421761
 40
0.6180831579
 40
0.805291376
 40
1
 40
1
 40
1
 40
1
 10
169.6582716715791
 20
118.1400041852665
 30
0
 10
169.6582716715791
 20
118.1396102612665
 30
0
 10
169.6564990757791
 20
118.1390570864665
 30
0
 10
169.6539821829791
 20
118.1385105415665
 30
0
 10
169.6489926222791
 20
118.1378676829665
 30
0
 10
169.6424971035791
 20
118.1372585339665
 30
0
 10
169.6340962052791
 20
118.1366524695665
 30
0
 10
169.6240535684791
 20
118.1360779708665
 30
0
 10
169.6123972545791
 20
118.1355358606665
 30
0
 10
169.5940098372791
 20
118.1348352096665
 30
0
 10
169.5679871720791
 20
118.1341133383665
 30
0
 10
169.5338486367791
 20
118.1334906692665
 30
0
 10
169.4968015670791
 20
118.1331060326665
 30
0
 10
169.4712820085791
 20
118.1330202795665
 30
0
 10
169.4582716715791
 20
118.1330200313665
 30
0
  0
SPLINE
  5
576
100
AcDbEntity
  8
03_AXES
  6
CONTINUOUS
 62
    9
370
   -1
100
AcDbSpline
210
0
220
0
230
0
 70
 4096
 71
    3
 72
   16
 73
   12
 74
    0
 42
1e-07
 43
1e-07
 40
0
 40
0
 40
0
 40
0
 40
0.0110712458
 40
0.0283608773
 40
0.0537510363
 40
0.08761498990000001
 40
0.180217392
 40
0.3035285022
 40
0.4531369931
 40
0.6234715509000001
 40
1
 40
1
 40
1
 40
1
 10
169.6582716715791
 20
122.4530722581665
 30
0
 10
169.6582716715791
 20
122.4523219546665
 30
0
 10
169.6571429454791
 20
122.4505121587665
 30
0
 10
169.6539828814791
 20
122.4486856142665
 30
0
 10
169.6491487539791
 20
122.4467541135665
 30
0
 10
169.6392195164791
 20
122.4440124629665
 30
0
 10
169.6225329583791
 20
122.4410193897665
 30
0
 10
169.5979387543791
 20
122.4380339935665
 30
0
 10
169.5679938010791
 20
122.4355617598665
 30
0
 10
169.5208594079791
 20
122.4330115331665
 30
0
 10
169.4837891816791
 20
122.4323127645665
 30
0
 10
169.4582716715791
 20
122.4323127645665
 30
0
  0
SPLINE
  5
577
100
AcDbEntity
  8
03_AXES
  6
CONTINUOUS
 62
    9
370
   -1
100
AcDbSpline
210
0
220
0
230
0
 70
 4096
 71
    3
 72
   19
 73
   15
 74
    0
 42
1e-07
 43
1e-07
 40
0
 40
0
 40
0
 40
0
 40
0.0061125143
 40
0.0209506066
 40
0.0450124995
 40
0.07817310250000001
 40
0.1201543332
 40
0.1705715341
 40
0.2289462345
 40
0.2947287326
 40
0.4459198094
 40
0.6183665442
 40
0.8054435929
 40
1
 40
1
 40
1
 40
1
 10
169.6582716715791
 20
150.8530697555665
 30
0
 10
169.6582716715791
 20
150.8534783896665
 30
0
 10
169.6565431984791
 20
150.8541330702665
 30
0
 10
169.6539670705791
 20
150.8547137312665
 30
0
 10
169.6489985529791
 20
150.8554409663665
 30
0
 10
169.6424868687791
 20
150.8561092880665
 30
0
 10
169.6340863637791
 20
150.8567833803665
 30
0
 10
169.6240382809791
 20
150.8574187619665
 30
0
 10
169.6123790195791
 20
150.8580195039665
 30
0
 10
169.5939891507791
 20
150.8587951438665
 30
0
 10
169.5679661684791
 20
150.8595945688665
 30
0
 10
169.5338306985791
 20
150.8602839580665
 30
0
 10
169.4967912264791
 20
150.8607095328665
 30
0
 10
169.4712781663791
 20
150.8608049000665
 30
0
 10
169.4582716715791
 20
150.8608049000665
 30
0
  0
SPLINE
  5
578
100
AcDbEntity
  8
03_AXES
  6
CONTINUOUS
 62
    9
370
   -1
100
AcDbSpline
210
0
220
0
230
0
 70
 4096
 71
    3
 72
   16
 73
   12
 74
    0
 42
1e-07
 43
1e-07
 40
0
 40
0
 40
0
 40
0
 40
0.0110485835
 40
0.028324562
 40
0.0537089321
 40
0.08756712280000001
 40
0.1801687522
 40
0.3034847904
 40
0.4530997672
 40
0.6234456411
 40
1
 40
1
 40
1
 40
1
 10
169.6582716715791
 20
163.8055380553665
 30
0
 10
169.6582716715791
 20
163.8062867693665
 30
0
 10
169.6571409620791
 20
163.8080927484665
 30
0
 10
169.6539823388791
 20
163.8099139679665
 30
0
 10
169.6491481162791
 20
163.8118404017665
 30
0
 10
169.6392188720791
 20
163.8145751376665
 30
0
 10
169.6225322481791
 20
163.8175605376665
 30
0
 10
169.5979382736791
 20
163.8205382851665
 30
0
 10
169.5679934413791
 20
163.8230043560665
 30
0
 10
169.5208591520791
 20
163.8255481282665
 30
0
 10
169.4837891055791
 20
163.8262451261665
 30
0
 10
169.4582716715791
 20
163.8262451261665
 30
0
  0
SPLINE
  5
579
100
AcDbEntity
  8
03_AXES
  6
CONTINUOUS
 62
    7
370
   -1
100
AcDbSpline
210
0
220
0
230
0
 70
 4096
 71
    3
 72
    9
 73
    5
 74
    0
 42
1e-07
 43
1e-07
 40
0
 40
0
 40
0
 40
0
 40
0.2453372812
 40
1
 40
1
 40
1
 40
1
 10
169.2092621727791
 20
149.0118778560665
 30
0
 10
169.2044516071791
 20
149.0006916908665
 30
0
 10
169.1863503656791
 20
148.9544532489665
 30
0
 10
169.1743155210791
 20
148.9059216472665
 30
0
 10
169.1682716715791
 20
148.8689567147665
 30
0
  0
SPLINE
  5
57A
100
AcDbEntity
  8
03_AXES
  6
CONTINUOUS
 62
    7
370
   -1
100
AcDbSpline
210
0
220
0
230
0
 70
 4096
 71
    3
 72
   29
 73
   25
 74
    0
 42
1e-07
 43
1e-07
 40
0
 40
0
 40
0
 40
0
 40
0.1861832074
 40
0.3689129042
 40
0.5431451276
 40
0.6250367657
 40
0.702028012
 40
0.7728111952000001
 40
0.8358745864
 40
0.8639936812000001
 40
0.8895491485
 40
0.9123254085
 40
0.9321181104
 40
0.9487390927
 40
0.9620350870000001
 40
0.9719015333000001
 40
0.9755462308
 40
0.9783541164
 40
0.9817774212
 40
0.9831299591
 40
0.9849319394
 40
0.9874535523
 40
0.9907894388
 40
1
 40
1
 40
1
 40
1
 10
160.9582716715791
 20
173.7749246298665
 30
0
 10
161.0192963586791
 20
173.7748241649665
 30
0
 10
161.1402474930791
 20
173.7780007038665
 30
0
 10
161.3177604450791
 20
173.7925705892665
 30
0
 10
161.4603323092791
 20
173.8122566655665
 30
0
 10
161.5677711642791
 20
173.8317672740665
 30
0
 10
161.6414414492791
 20
173.8472888079665
 30
0
 10
161.7086378135791
 20
173.8634598776665
 30
0
 10
161.7598699082791
 20
173.8774081219665
 30
0
 10
161.7965203397791
 20
173.8884045676665
 30
0
 10
161.8203876904791
 20
173.8960429668665
 30
0
 10
161.8415111276791
 20
173.9032843495665
 30
0
 10
161.8597066769791
 20
173.9100272904665
 30
0
 10
161.8748021214791
 20
173.9161532890665
 30
0
 10
161.8866729701791
 20
173.9216004758665
 30
0
 10
161.8943925336791
 20
173.9257435914665
 30
0
 10
161.8988484412791
 20
173.9288282904665
 30
0
 10
161.9011993909791
 20
173.9308553886665
 30
0
 10
161.9030058473791
 20
173.9332648806665
 30
0
 10
161.9018843949791
 20
173.9353270138665
 30
0
 10
161.9001933253791
 20
173.9362117133665
 30
0
 10
161.8977795157791
 20
173.9369000513665
 30
0
 10
161.8928726745791
 20
173.9375824752665
 30
0
 10
161.8887517006791
 20
173.9376479278665
 30
0
 10
161.8857328934791
 20
173.9376217297665
 30
0
  0
SPLINE
  5
57B
100
AcDbEntity
  8
03_AXES
  6
CONTINUOUS
 62
    7
370
   -1
100
AcDbSpline
210
0
220
0
230
0
 70
 4096
 71
    3
 72
    9
 73
    5
 74
    0
 42
1e-07
 43
1e-07
 40
0
 40
0
 40
0
 40
0
 40
0.5162894782
 40
1
 40
1
 40
1
 40
1
 10
160.9582716715791
 20
173.7148141316665
 30
0
 10
160.9790041757791
 20
173.7153346436665
 30
0
 10
161.0191813952791
 20
173.7151720562665
 30
0
 10
161.0593493561791
 20
173.7149585014665
 30
0
 10
161.0787789358791
 20
173.7151326433665
 30
0
  0
SPLINE
  5
57C
100
AcDbEntity
  8
03_AXES
  6
CONTINUOUS
 62
    7
370
   -1
100
AcDbSpline
210
0
220
0
230
0
 70
 4096
 71
    3
 72
    9
 73
    5
 74
    0
 42
1e-07
 43
1e-07
 40
0
 40
0
 40
0
 40
0
 40
0.2571591124
 40
1
 40
1
 40
1
 40
1
 10
169.1582716715791
 20
148.8550828307665
 30
0
 10
169.1582716715791
 20
148.8659880747665
 30
0
 10
169.1590459851791
 20
148.9083870583665
 30
0
 10
169.1630855468791
 20
148.9507581066665
 30
0
 10
169.1682716715791
 20
148.9818296312665
 30
0
  0
SPLINE
  5
57D
100
AcDbEntity
  8
03_AXES
  6
CONTINUOUS
 62
    7
370
   -1
100
AcDbSpline
210
0
220
0
230
0
 70
 4096
 71
    3
 72
   16
 73
   12
 74
    0
 42
1e-07
 43
1e-07
 40
0
 40
0
 40
0
 40
0
 40
0.0233043705
 40
0.0554797661
 40
0.0957375647
 40
0.1431811858
 40
0.2559955066
 40
0.3871714825
 40
0.5311260914
 40
0.6834708762
 40
1
 40
1
 40
1
 40
1
 10
144.4857328934791
 20
173.9376217297665
 30
0
 10
144.4784944364791
 20
173.9375589122665
 30
0
 10
144.4612846502791
 20
173.9363029625665
 30
0
 10
144.4317390470791
 20
173.9329667646665
 30
0
 10
144.3948302123791
 20
173.9280123293665
 30
0
 10
144.3331736429791
 20
173.9192067401665
 30
0
 10
144.2435781997791
 20
173.9062622817665
 30
0
 10
144.1240761727791
 20
173.8907199800665
 30
0
 10
143.9920410555791
 20
173.8765148724665
 30
0
 10
143.8022766511791
 20
173.8613268757665
 30
0
 10
143.6565908096791
 20
173.8563958354665
 30
0
 10
143.5582716715791
 20
173.8562339727665
 30
0
  0
SPLINE
  5
57E
100
AcDbEntity
  8
03_AXES
  6
CONTINUOUS
 62
    7
370
   -1
100
AcDbSpline
210
0
220
0
230
0
 70
 4096
 71
    3
 72
   12
 73
    8
 74
    0
 42
1e-07
 43
1e-07
 40
0
 40
0
 40
0
 40
0
 40
0.1217760605
 40
0.2441255037
 40
0.4910169538
 40
0.7428803452
 40
1
 40
1
 40
1
 40
1
 10
143.6787789358791
 20
173.7151326433665
 30
0
 10
143.7616606309791
 20
173.7158754892665
 30
0
 10
143.9278123307791
 20
173.7230970907665
 30
0
 10
144.2602842893791
 20
173.7586679311665
 30
0
 10
144.6755571403791
 20
173.8447622570665
 30
0
 10
145.1622517232791
 20
174.0159967377665
 30
0
 10
145.4710979702791
 20
174.1761199382665
 30
0
 10
145.6200486066791
 20
174.2679911095665
 30
0
  0
SPLINE
  5
57F
100
AcDbEntity
  8
03_AXES
  6
CONTINUOUS
 62
    9
370
   -1
100
AcDbSpline
210
0
220
0
230
0
 70
 4096
 71
    3
 72
   17
 73
   13
 74
    0
 42
1e-07
 43
1e-07
 40
0
 40
0
 40
0
 40
0
 40
0.0082940566
 40
0.0240766279
 40
0.0486262362
 40
0.082035225
 40
0.1744669076
 40
0.2982578468
 40
0.4488028494
 40
0.6203986602
 40
0.8064925061
 40
1
 40
1
 40
1
 40
1
 10
152.2582716715791
 20
102.5109419490665
 30
0
 10
152.2582716715791
 20
102.5103844579665
 30
0
 10
152.2568880209791
 20
102.5090753118665
 30
0
 10
152.2539228728791
 20
102.5080017825665
 30
0
 10
152.2490809164791
 20
102.5066694829665
 30
0
 10
152.2391628625791
 20
102.5048566411665
 30
0
 10
152.2224735428791
 20
102.5028308034665
 30
0
 10
152.1979097673791
 20
102.5008358179665
 30
0
 10
152.1679757633791
 20
102.4991730229665
 30
0
 10
152.1338367056791
 20
102.4979307098665
 30
0
 10
152.0967938634791
 20
102.4971625968665
 30
0
 10
152.0712784181791
 20
102.4969906542665
 30
0
 10
152.0582716715791
 20
102.4969906542665
 30
0
  0
SPLINE
  5
580
100
AcDbEntity
  8
03_AXES
  6
CONTINUOUS
 62
    7
370
   -1
100
AcDbSpline
210
0
220
0
230
0
 70
 4096
 71
    3
 72
   19
 73
   15
 74
    0
 42
1e-07
 43
1e-07
 40
0
 40
0
 40
0
 40
0
 40
0.0058953433
 40
0.020644178
 40
0.0446512172
 40
0.07777754470000001
 40
0.1197339737
 40
0.1701378152
 40
0.2285115792
 40
0.2942992705
 40
0.4455421761
 40
0.6180831579
 40
0.805291376
 40
1
 40
1
 40
1
 40
1
 10
152.2582716715791
 20
118.1400041852665
 30
0
 10
152.2582716715791
 20
118.1396102612665
 30
0
 10
152.2564990757791
 20
118.1390570864665
 30
0
 10
152.2539821829791
 20
118.1385105415665
 30
0
 10
152.2489926222791
 20
118.1378676829665
 30
0
 10
152.2424971035791
 20
118.1372585339665
 30
0
 10
152.2340962052791
 20
118.1366524695665
 30
0
 10
152.2240535684791
 20
118.1360779708665
 30
0
 10
152.2123972545791
 20
118.1355358606665
 30
0
 10
152.1940098372791
 20
118.1348352096665
 30
0
 10
152.1679871720791
 20
118.1341133383665
 30
0
 10
152.1338486367791
 20
118.1334906692665
 30
0
 10
152.0968015670791
 20
118.1331060326665
 30
0
 10
152.0712820085791
 20
118.1330202795665
 30
0
 10
152.0582716715791
 20
118.1330200313665
 30
0
  0
SPLINE
  5
581
100
AcDbEntity
  8
03_AXES
  6
CONTINUOUS
 62
    9
370
   -1
100
AcDbSpline
210
0
220
0
230
0
 70
 4096
 71
    3
 72
   19
 73
   15
 74
    0
 42
1e-07
 43
1e-07
 40
0
 40
0
 40
0
 40
0
 40
0.0061125143
 40
0.0209506066
 40
0.0450124995
 40
0.07817310250000001
 40
0.1201543332
 40
0.1705715341
 40
0.2289462345
 40
0.2947287326
 40
0.4459198094
 40
0.6183665442
 40
0.8054435929
 40
1
 40
1
 40
1
 40
1
 10
152.2582716715791
 20
150.8530697555665
 30
0
 10
152.2582716715791
 20
150.8534783896665
 30
0
 10
152.2565431984791
 20
150.8541330702665
 30
0
 10
152.2539670705791
 20
150.8547137312665
 30
0
 10
152.2489985529791
 20
150.8554409663665
 30
0
 10
152.2424868687791
 20
150.8561092880665
 30
0
 10
152.2340863637791
 20
150.8567833803665
 30
0
 10
152.2240382809791
 20
150.8574187619665
 30
0
 10
152.2123790195791
 20
150.8580195039665
 30
0
 10
152.1939891507791
 20
150.8587951438665
 30
0
 10
152.1679661684791
 20
150.8595945688665
 30
0
 10
152.1338306985791
 20
150.8602839580665
 30
0
 10
152.0967912264791
 20
150.8607095328665
 30
0
 10
152.0712781663791
 20
150.8608049000665
 30
0
 10
152.0582716715791
 20
150.8608049000665
 30
0
  0
SPLINE
  5
582
100
AcDbEntity
  8
03_AXES
  6
CONTINUOUS
 62
    9
370
   -1
100
AcDbSpline
210
0
220
0
230
0
 70
 4096
 71
    3
 72
   16
 73
   12
 74
    0
 42
1e-07
 43
1e-07
 40
0
 40
0
 40
0
 40
0
 40
0.0110485835
 40
0.028324562
 40
0.0537089321
 40
0.08756712280000001
 40
0.1801687522
 40
0.3034847904
 40
0.4530997672
 40
0.6234456411
 40
1
 40
1
 40
1
 40
1
 10
152.2582716715791
 20
163.8055380553665
 30
0
 10
152.2582716715791
 20
163.8062867693665
 30
0
 10
152.2571409620791
 20
163.8080927484665
 30
0
 10
152.2539823388791
 20
163.8099139679665
 30
0
 10
152.2491481162791
 20
163.8118404017665
 30
0
 10
152.2392188720791
 20
163.8145751376665
 30
0
 10
152.2225322481791
 20
163.8175605376665
 30
0
 10
152.1979382736791
 20
163.8205382851665
 30
0
 10
152.1679934413791
 20
163.8230043560665
 30
0
 10
152.1208591520791
 20
163.8255481282665
 30
0
 10
152.0837891055791
 20
163.8262451261665
 30
0
 10
152.0582716715791
 20
163.8262451261665
 30
0
  0
SPLINE
  5
583
100
AcDbEntity
  8
03_AXES
  6
CONTINUOUS
 62
    9
370
   -1
100
AcDbSpline
210
0
220
0
230
0
 70
 4096
 71
    3
 72
   17
 73
   13
 74
    0
 42
1e-07
 43
1e-07
 40
0
 40
0
 40
0
 40
0
 40
0.008294048
 40
0.0240766484
 40
0.0486262872
 40
0.0820351691
 40
0.174466971
 40
0.2982578484
 40
0.4488027999
 40
0.6203987081
 40
0.8064924812000001
 40
1
 40
1
 40
1
 40
1
 10
152.2582716715791
 20
183.7481139597665
 30
0
 10
152.2582716715791
 20
183.7486714502665
 30
0
 10
152.2568880225791
 20
183.7499805994665
 30
0
 10
152.2539228679791
 20
183.7510541250665
 30
0
 10
152.2490809161791
 20
183.7523864255665
 30
0
 10
152.2391628593791
 20
183.7541992711665
 30
0
 10
152.2224735424791
 20
183.7562251028665
 30
0
 10
152.1979097667791
 20
183.7582200919665
 30
0
 10
152.1679757635791
 20
183.7598828846665
 30
0
 10
152.1338367076791
 20
183.7611252001665
 30
0
 10
152.0967938620791
 20
183.7618933111665
 30
0
 10
152.0712784198791
 20
183.7620652544665
 30
0
 10
152.0582716715791
 20
183.7620652544665
 30
0
  0
SPLINE
  5
584
100
AcDbEntity
  8
03_AXES
  6
CONTINUOUS
 62
    7
370
   -1
100
AcDbSpline
210
0
220
0
230
0
 70
 4096
 71
    3
 72
   10
 73
    6
 74
    0
 42
1e-07
 43
1e-07
 40
0
 40
0
 40
0
 40
0
 40
0.5725689647000001
 40
0.8071908062000001
 40
1
 40
1
 40
1
 40
1
 10
152.0582716715791
 20
149.5845109605665
 30
0
 10
152.0145316495791
 20
149.4736449510665
 30
0
 10
151.9477834659791
 20
149.3193621624665
 30
0
 10
151.8616258217791
 20
149.1298917964665
 30
0
 10
151.8251176433791
 20
149.0487470992665
 30
0
 10
151.8092621727791
 20
149.0118778560665
 30
0
  0
SPLINE
  5
585
100
AcDbEntity
  8
03_AXES
  6
CONTINUOUS
 62
    7
370
   -1
100
AcDbSpline
210
0
220
0
230
0
 70
 4096
 71
    3
 72
   25
 73
   21
 74
    0
 42
1e-07
 43
1e-07
 40
0
 40
0
 40
0
 40
0
 40
0.1587872048
 40
0.2344190033
 40
0.2676641944
 40
0.2941743322
 40
0.30528891
 40
0.3159212072
 40
0.3379673245
 40
0.3622235978
 40
0.3883228871
 40
0.4157564932
 40
0.4441527859
 40
0.5028894896
 40
0.5633002553000001
 40
0.6247227884000001
 40
0.6867704649
 40
0.7491972303000001
 40
0.8745697656
 40
1
 40
1
 40
1
 40
1
 10
152.2582716715791
 20
149.7352540429665
 30
0
 10
152.2582716715791
 20
149.7612317355665
 30
0
 10
152.2567409415791
 20
149.7996406975665
 30
0
 10
152.2479436812791
 20
149.8429170071665
 30
0
 10
152.2388420527791
 20
149.8631777721665
 30
0
 10
152.2305729354791
 20
149.8720964439665
 30
0
 10
152.2229138972791
 20
149.8746041876665
 30
0
 10
152.2156368982791
 20
149.8744468970665
 30
0
 10
152.2068906365791
 20
149.8705036635665
 30
0
 10
152.1977009276791
 20
149.8629806696665
 30
0
 10
152.1890397108791
 20
149.8536125132665
 30
0
 10
152.1808317105791
 20
149.8430052066665
 30
0
 10
152.1702410860791
 20
149.8275313793665
 30
0
 10
152.1578626798791
 20
149.8067867715665
 30
0
 10
152.1439361687791
 20
149.7807282842665
 30
0
 10
152.1306029220791
 20
149.7537570052665
 30
0
 10
152.1177399296791
 20
149.7261963256665
 30
0
 10
152.1010818787791
 20
149.6888679766665
 30
0
 10
152.0811191846791
 20
149.6416667589665
 30
0
 10
152.0658026934791
 20
149.6035995277665
 30
0
 10
152.0582716715791
 20
149.5845109605665
 30
0
  0
SPLINE
  5
586
100
AcDbEntity
  8
03_AXES
  6
CONTINUOUS
 62
    7
370
   -1
100
AcDbSpline
210
0
220
0
230
0
 70
 4096
 71
    3
 72
   29
 73
   25
 74
    0
 42
1e-07
 43
1e-07
 40
0
 40
0
 40
0
 40
0
 40
0.1861832074
 40
0.3689129042
 40
0.5431451276
 40
0.6250367657
 40
0.702028012
 40
0.7728111952000001
 40
0.8358745864
 40
0.8639936812000001
 40
0.8895491485
 40
0.9123254085
 40
0.9321181104
 40
0.9487390927
 40
0.9620350870000001
 40
0.9719015333000001
 40
0.9755462308
 40
0.9783541164
 40
0.9817774212
 40
0.9831299591
 40
0.9849319394
 40
0.9874535523
 40
0.9907894388
 40
1
 40
1
 40
1
 40
1
 10
143.5582716715791
 20
173.7749246298665
 30
0
 10
143.6192963586791
 20
173.7748241649665
 30
0
 10
143.7402474930791
 20
173.7780007038665
 30
0
 10
143.9177604450791
 20
173.7925705892665
 30
0
 10
144.0603323092791
 20
173.8122566655665
 30
0
 10
144.1677711642791
 20
173.8317672740665
 30
0
 10
144.2414414492791
 20
173.8472888079665
 30
0
 10
144.3086378135791
 20
173.8634598776665
 30
0
 10
144.3598699082791
 20
173.8774081219665
 30
0
 10
144.3965203397791
 20
173.8884045676665
 30
0
 10
144.4203876904791
 20
173.8960429668665
 30
0
 10
144.4415111276791
 20
173.9032843495665
 30
0
 10
144.4597066769791
 20
173.9100272904665
 30
0
 10
144.4748021214791
 20
173.9161532890665
 30
0
 10
144.4866729701791
 20
173.9216004758665
 30
0
 10
144.4943925336791
 20
173.9257435914665
 30
0
 10
144.4988484412791
 20
173.9288282904665
 30
0
 10
144.5011993909791
 20
173.9308553886665
 30
0
 10
144.5030058473791
 20
173.9332648806665
 30
0
 10
144.5018843949791
 20
173.9353270138665
 30
0
 10
144.5001933253791
 20
173.9362117133665
 30
0
 10
144.4977795157791
 20
173.9369000513665
 30
0
 10
144.4928726745791
 20
173.9375824752665
 30
0
 10
144.4887517006791
 20
173.9376479278665
 30
0
 10
144.4857328934791
 20
173.9376217297665
 30
0
  0
SPLINE
  5
587
100
AcDbEntity
  8
03_AXES
  6
CONTINUOUS
 62
    7
370
   -1
100
AcDbSpline
210
0
220
0
230
0
 70
 4096
 71
    3
 72
    9
 73
    5
 74
    0
 42
1e-07
 43
1e-07
 40
0
 40
0
 40
0
 40
0
 40
0.5162894782
 40
1
 40
1
 40
1
 40
1
 10
143.5582716715791
 20
173.7148141316665
 30
0
 10
143.5790041757791
 20
173.7153346436665
 30
0
 10
143.6191813952791
 20
173.7151720562665
 30
0
 10
143.6593493561791
 20
173.7149585014665
 30
0
 10
143.6787789358791
 20
173.7151326433665
 30
0
  0
SPLINE
  5
588
100
AcDbEntity
  8
03_AXES
  6
CONTINUOUS
 62
    9
370
   -1
100
AcDbSpline
210
0
220
0
230
0
 70
 4096
 71
    3
 72
   15
 73
   11
 74
    0
 42
1e-07
 43
1e-07
 40
0
 40
0
 40
0
 40
0
 40
0.1546216138
 40
0.302409291
 40
0.439692846
 40
0.5660930218
 40
0.6830710453000001
 40
0.7927995594
 40
0.897644222
 40
1
 40
1
 40
1
 40
1
 10
142.7630789422791
 20
100.3222376615665
 30
0
 10
142.7628018406791
 20
100.2845593673665
 30
0
 10
142.7693907120791
 20
100.2106070614665
 30
0
 10
142.7993582722791
 20
100.1070781531665
 30
0
 10
142.8452738138791
 20
100.0172457889665
 30
0
 10
142.9027449341791
 20
99.94371183566651
 30
0
 10
142.9681284485791
 20
99.88694950476651
 30
0
 10
143.0387366524791
 20
99.84659688406651
 30
0
 10
143.1125188413791
 20
99.82214970186649
 30
0
 10
143.1630718104791
 20
99.8162001280665
 30
0
 10
143.1880117597791
 20
99.8158232792665
 30
0
  0
SPLINE
  5
589
100
AcDbEntity
  8
03_AXES
  6
CONTINUOUS
 62
    7
370
   -1
100
AcDbSpline
210
0
220
0
230
0
 70
 4096
 71
    3
 72
    9
 73
    5
 74
    0
 42
1e-07
 43
1e-07
 40
0
 40
0
 40
0
 40
0
 40
0.2571591124
 40
1
 40
1
 40
1
 40
1
 10
151.7582716715791
 20
148.8550828307665
 30
0
 10
151.7582716715791
 20
148.8659880747665
 30
0
 10
151.7590459851791
 20
148.9083870583665
 30
0
 10
151.7630855468791
 20
148.9507581066665
 30
0
 10
151.7682716715791
 20
148.9818296312665
 30
0
  0
SPLINE
  5
58A
100
AcDbEntity
  8
03_AXES
  6
CONTINUOUS
 62
    7
370
   -1
100
AcDbSpline
210
0
220
0
230
0
 70
 4096
 71
    3
 72
   12
 73
    8
 74
    0
 42
1e-07
 43
1e-07
 40
0
 40
0
 40
0
 40
0
 40
0.1217760605
 40
0.2441255037
 40
0.4910169538
 40
0.7428803452
 40
1
 40
1
 40
1
 40
1
 10
126.2787789358791
 20
173.7151326433665
 30
0
 10
126.3616606309791
 20
173.7158754892665
 30
0
 10
126.5278123307791
 20
173.7230970907665
 30
0
 10
126.8602842893791
 20
173.7586679311665
 30
0
 10
127.2755571403791
 20
173.8447622570665
 30
0
 10
127.7622517232791
 20
174.0159967377665
 30
0
 10
128.0710979702791
 20
174.1761199382665
 30
0
 10
128.2200486066791
 20
174.2679911095665
 30
0
  0
SPLINE
  5
58B
100
AcDbEntity
  8
03_AXES
  6
CONTINUOUS
 62
    7
370
   -1
100
AcDbSpline
210
0
220
0
230
0
 70
 4096
 71
    3
 72
   19
 73
   15
 74
    0
 42
1e-07
 43
1e-07
 40
0
 40
0
 40
0
 40
0
 40
0.0058953433
 40
0.020644178
 40
0.0446512172
 40
0.07777754470000001
 40
0.1197339737
 40
0.1701378152
 40
0.2285115792
 40
0.2942992705
 40
0.4455421761
 40
0.6180831579
 40
0.805291376
 40
1
 40
1
 40
1
 40
1
 10
134.8582716715791
 20
118.1400041852665
 30
0
 10
134.8582716715791
 20
118.1396102612665
 30
0
 10
134.8564990757791
 20
118.1390570864665
 30
0
 10
134.8539821829791
 20
118.1385105415665
 30
0
 10
134.8489926222791
 20
118.1378676829665
 30
0
 10
134.8424971035791
 20
118.1372585339665
 30
0
 10
134.8340962052791
 20
118.1366524695665
 30
0
 10
134.8240535684791
 20
118.1360779708665
 30
0
 10
134.8123972545791
 20
118.1355358606665
 30
0
 10
134.7940098372791
 20
118.1348352096665
 30
0
 10
134.7679871720791
 20
118.1341133383665
 30
0
 10
134.7338486367791
 20
118.1334906692665
 30
0
 10
134.6968015670791
 20
118.1331060326665
 30
0
 10
134.6712820085791
 20
118.1330202795665
 30
0
 10
134.6582716715791
 20
118.1330200313665
 30
0
  0
SPLINE
  5
58C
100
AcDbEntity
  8
03_AXES
  6
CONTINUOUS
 62
    9
370
   -1
100
AcDbSpline
210
0
220
0
230
0
 70
 4096
 71
    3
 72
   16
 73
   12
 74
    0
 42
1e-07
 43
1e-07
 40
0
 40
0
 40
0
 40
0
 40
0.0110712458
 40
0.0283608773
 40
0.0537510363
 40
0.08761498990000001
 40
0.180217392
 40
0.3035285022
 40
0.4531369931
 40
0.6234715509000001
 40
1
 40
1
 40
1
 40
1
 10
134.8582716715791
 20
122.4530722581665
 30
0
 10
134.8582716715791
 20
122.4523219546665
 30
0
 10
134.8571429454791
 20
122.4505121587665
 30
0
 10
134.8539828814791
 20
122.4486856142665
 30
0
 10
134.8491487539791
 20
122.4467541135665
 30
0
 10
134.8392195164791
 20
122.4440124629665
 30
0
 10
134.8225329583791
 20
122.4410193897665
 30
0
 10
134.7979387543791
 20
122.4380339935665
 30
0
 10
134.7679938010791
 20
122.4355617598665
 30
0
 10
134.7208594079791
 20
122.4330115331665
 30
0
 10
134.6837891816791
 20
122.4323127645665
 30
0
 10
134.6582716715791
 20
122.4323127645665
 30
0
  0
SPLINE
  5
58D
100
AcDbEntity
  8
03_AXES
  6
CONTINUOUS
 62
    9
370
   -1
100
AcDbSpline
210
0
220
0
230
0
 70
 4096
 71
    3
 72
   16
 73
   12
 74
    0
 42
1e-07
 43
1e-07
 40
0
 40
0
 40
0
 40
0
 40
0.0110485835
 40
0.028324562
 40
0.0537089321
 40
0.08756712280000001
 40
0.1801687522
 40
0.3034847904
 40
0.4530997672
 40
0.6234456411
 40
1
 40
1
 40
1
 40
1
 10
134.8582716715791
 20
163.8055380553665
 30
0
 10
134.8582716715791
 20
163.8062867693665
 30
0
 10
134.8571409620791
 20
163.8080927484665
 30
0
 10
134.8539823388791
 20
163.8099139679665
 30
0
 10
134.8491481162791
 20
163.8118404017665
 30
0
 10
134.8392188720791
 20
163.8145751376665
 30
0
 10
134.8225322481791
 20
163.8175605376665
 30
0
 10
134.7979382736791
 20
163.8205382851665
 30
0
 10
134.7679934413791
 20
163.8230043560665
 30
0
 10
134.7208591520791
 20
163.8255481282665
 30
0
 10
134.6837891055791
 20
163.8262451261665
 30
0
 10
134.6582716715791
 20
163.8262451261665
 30
0
  0
SPLINE
  5
58E
100
AcDbEntity
  8
03_AXES
  6
CONTINUOUS
 62
    7
370
   -1
100
AcDbSpline
210
0
220
0
230
0
 70
 4096
 71
    3
 72
   19
 73
   15
 74
    0
 42
1e-07
 43
1e-07
 40
0
 40
0
 40
0
 40
0
 40
0.005888738
 40
0.0206411228
 40
0.0446479028
 40
0.0777740504
 40
0.119730702
 40
0.1701348647
 40
0.2285088678
 40
0.2942967014
 40
0.4455401074
 40
0.6180818168000001
 40
0.8052906406
 40
1
 40
1
 40
1
 40
1
 10
134.8582716715791
 20
168.1190517235665
 30
0
 10
134.8582716715791
 20
168.1194452047665
 30
0
 10
134.8564969700791
 20
168.1199945111665
 30
0
 10
134.8539837291791
 20
168.1205492042665
 30
0
 10
134.8489920050791
 20
168.1211868680665
 30
0
 10
134.8424973076791
 20
168.1217975630665
 30
0
 10
134.8340961444791
 20
168.1224034160665
 30
0
 10
134.8240535880791
 20
168.1229779992665
 30
0
 10
134.8123972342791
 20
168.1235200041665
 30
0
 10
134.7940098407791
 20
168.1242207326665
 30
0
 10
134.7679871693791
 20
168.1249425308665
 30
0
 10
134.7338486401791
 20
168.1255653384665
 30
0
 10
134.6968015647791
 20
168.1259495750665
 30
0
 10
134.6712820102791
 20
168.1260360904665
 30
0
 10
134.6582716715791
 20
168.1260358774665
 30
0
  0
SPLINE
  5
58F
100
AcDbEntity
  8
03_AXES
  6
CONTINUOUS
 62
    7
370
   -1
100
AcDbSpline
210
0
220
0
230
0
 70
 4096
 71
    3
 72
   10
 73
    6
 74
    0
 42
1e-07
 43
1e-07
 40
0
 40
0
 40
0
 40
0
 40
0.5725689647000001
 40
0.8071908062000001
 40
1
 40
1
 40
1
 40
1
 10
134.6582716715791
 20
149.5845109605665
 30
0
 10
134.6145316495791
 20
149.4736449510665
 30
0
 10
134.5477834659791
 20
149.3193621624665
 30
0
 10
134.4616258217791
 20
149.1298917964665
 30
0
 10
134.4251176433791
 20
149.0487470992665
 30
0
 10
134.4092621727791
 20
149.0118778560665
 30
0
  0
SPLINE
  5
590
100
AcDbEntity
  8
03_AXES
  6
CONTINUOUS
 62
    7
370
   -1
100
AcDbSpline
210
0
220
0
230
0
 70
 4096
 71
    3
 72
   25
 73
   21
 74
    0
 42
1e-07
 43
1e-07
 40
0
 40
0
 40
0
 40
0
 40
0.1587872048
 40
0.2344190033
 40
0.2676641944
 40
0.2941743322
 40
0.30528891
 40
0.3159212072
 40
0.3379673245
 40
0.3622235978
 40
0.3883228871
 40
0.4157564932
 40
0.4441527859
 40
0.5028894896
 40
0.5633002553000001
 40
0.6247227884000001
 40
0.6867704649
 40
0.7491972303000001
 40
0.8745697656
 40
1
 40
1
 40
1
 40
1
 10
134.8582716715791
 20
149.7352540429665
 30
0
 10
134.8582716715791
 20
149.7612317355665
 30
0
 10
134.8567409415791
 20
149.7996406975665
 30
0
 10
134.8479436812791
 20
149.8429170071665
 30
0
 10
134.8388420527791
 20
149.8631777721665
 30
0
 10
134.8305729354791
 20
149.8720964439665
 30
0
 10
134.8229138972791
 20
149.8746041876665
 30
0
 10
134.8156368982791
 20
149.8744468970665
 30
0
 10
134.8068906365791
 20
149.8705036635665
 30
0
 10
134.7977009276791
 20
149.8629806696665
 30
0
 10
134.7890397108791
 20
149.8536125132665
 30
0
 10
134.7808317105791
 20
149.8430052066665
 30
0
 10
134.7702410860791
 20
149.8275313793665
 30
0
 10
134.7578626798791
 20
149.8067867715665
 30
0
 10
134.7439361687791
 20
149.7807282842665
 30
0
 10
134.7306029220791
 20
149.7537570052665
 30
0
 10
134.7177399296791
 20
149.7261963256665
 30
0
 10
134.7010818787791
 20
149.6888679766665
 30
0
 10
134.6811191846791
 20
149.6416667589665
 30
0
 10
134.6658026934791
 20
149.6035995277665
 30
0
 10
134.6582716715791
 20
149.5845109605665
 30
0
  0
SPLINE
  5
591
100
AcDbEntity
  8
03_AXES
  6
CONTINUOUS
 62
    7
370
   -1
100
AcDbSpline
210
0
220
0
230
0
 70
 4096
 71
    3
 72
    9
 73
    5
 74
    0
 42
1e-07
 43
1e-07
 40
0
 40
0
 40
0
 40
0
 40
0.5162894782
 40
1
 40
1
 40
1
 40
1
 10
126.1582716715791
 20
173.7148141316665
 30
0
 10
126.1790041757791
 20
173.7153346436665
 30
0
 10
126.2191813952791
 20
173.7151720562665
 30
0
 10
126.2593493561791
 20
173.7149585014665
 30
0
 10
126.2787789358791
 20
173.7151326433665
 30
0
  0
SPLINE
  5
592
100
AcDbEntity
  8
03_AXES
  6
CONTINUOUS
 62
    9
370
   -1
100
AcDbSpline
210
0
220
0
230
0
 70
 4096
 71
    3
 72
   15
 73
   11
 74
    0
 42
1e-07
 43
1e-07
 40
0
 40
0
 40
0
 40
0
 40
0.1546216138
 40
0.302409291
 40
0.439692846
 40
0.5660930218
 40
0.6830710453000001
 40
0.7927995594
 40
0.897644222
 40
1
 40
1
 40
1
 40
1
 10
125.3630789422791
 20
100.3222376615665
 30
0
 10
125.3628018406791
 20
100.2845593673665
 30
0
 10
125.3693907120791
 20
100.2106070614665
 30
0
 10
125.3993582722791
 20
100.1070781531665
 30
0
 10
125.4452738138791
 20
100.0172457889665
 30
0
 10
125.5027449341791
 20
99.94371183566651
 30
0
 10
125.5681284485791
 20
99.88694950476651
 30
0
 10
125.6387366524791
 20
99.84659688406651
 30
0
 10
125.7125188413791
 20
99.82214970186649
 30
0
 10
125.7630718104791
 20
99.8162001280665
 30
0
 10
125.7880117597791
 20
99.8158232792665
 30
0
  0
SPLINE
  5
593
100
AcDbEntity
  8
08_DRAFTS
  6
CONTINUOUS
 62
    7
370
   -1
100
AcDbSpline
210
0
220
0
230
0
 70
 4096
 71
    3
 72
   14
 73
   10
 74
    0
 42
1e-07
 43
1e-07
 40
0
 40
0
 40
0
 40
0
 40
0.3797466329
 40
0.5388451321000001
 40
0.6762671685
 40
0.7913420452000001
 40
0.8836206924000001
 40
0.9529765456
 40
1
 40
1
 40
1
 40
1
 10
176.3439623536791
 20
174.4664506597665
 30
0
 10
176.2997941324791
 20
174.4895476620665
 30
0
 10
176.2374436249791
 20
174.5229363070665
 30
0
 10
176.1591753930791
 20
174.5647975909665
 30
0
 10
176.1113124030791
 20
174.5898630388665
 30
0
 10
176.0708196760791
 20
174.6100483037665
 30
0
 10
176.0376960395791
 20
174.6250615266665
 30
0
 10
176.0120605805791
 20
174.6345690889665
 30
0
 10
175.9969799698791
 20
174.6380857585665
 30
0
 10
175.9908089478791
 20
174.6381931955665
 30
0
  0
SPLINE
  5
594
100
AcDbEntity
  8
0
  6
CONTINUOUS
 62
    7
370
   -1
100
AcDbSpline
210
0
220
0
230
0
 70
 4096
 71
    3
 72
   11
 73
    7
 74
    0
 42
1e-07
 43
1e-07
 40
0
 40
0
 40
0
 40
0
 40
0.2304504731
 40
0.4765531433
 40
0.7349583845000001
 40
1
 40
1
 40
1
 40
1
 10
169.6582716715791
 20
144.2164278940665
 30
0
 10
169.6951453866791
 20
144.1392832470665
 30
0
 10
169.7568574979791
 20
143.9726584162665
 30
0
 10
169.8165792701791
 20
143.7060403696665
 30
0
 10
169.8506397079791
 20
143.4221673745665
 30
0
 10
169.8579602973791
 20
143.2278665248665
 30
0
 10
169.8579602973791
 20
143.1295279543665
 30
0
  0
SPLINE
  5
595
100
AcDbEntity
  8
09_ROUNDS
  6
CONTINUOUS
 62
    7
370
   -1
100
AcDbSpline
210
0
220
0
230
0
 70
 4096
 71
    3
 72
   23
 73
   19
 74
    0
 42
1e-07
 43
1e-07
 40
0
 40
0
 40
0
 40
0
 40
0.0054591468
 40
0.013289878
 40
0.0338882717
 40
0.0585564542
 40
0.0855889821
 40
0.1141113973
 40
0.1436446859
 40
0.2047171612
 40
0.2675569065
 40
0.3315794777
 40
0.396469707
 40
0.4620380179
 40
0.5947381865
 40
0.7290078392
 40
0.8643124985
 40
1
 40
1
 40
1
 40
1
 10
177.1957766290791
 20
173.8474091349665
 30
0
 10
177.1941132709791
 20
173.8474655634665
 30
0
 10
177.1900863109791
 20
173.8480067959665
 30
0
 10
177.1799268879791
 20
173.8498587142665
 30
0
 10
177.1641428076791
 20
173.8534968389665
 30
0
 10
177.1427820008791
 20
173.8589247026665
 30
0
 10
177.1191863421791
 20
173.8653673697665
 30
0
 10
177.0942539716791
 20
173.8725304355665
 30
0
 10
177.0594667513791
 20
173.8829670403665
 30
0
 10
177.0148763657791
 20
173.8971243971665
 30
0
 10
176.9606037007791
 20
173.9154975893665
 30
0
 10
176.9055784061791
 20
173.9352471415665
 30
0
 10
176.8501342215791
 20
173.9562646258665
 30
0
 10
176.7756223710791
 20
173.9860158072665
 30
0
 10
176.6824699363791
 20
174.0260792026665
 30
0
 10
176.5715507307791
 20
174.0784599203665
 30
0
 10
176.4617525655791
 20
174.1351649664665
 30
0
 10
176.3897512474791
 20
174.1757233363665
 30
0
 10
176.3540957788791
 20
174.1966968685665
 30
0
  0
SPLINE
  5
596
100
AcDbEntity
  8
0
  6
CONTINUOUS
 62
    7
370
   -1
100
AcDbSpline
210
0
220
0
230
0
 70
 4096
 71
    3
 72
   25
 73
   21
 74
    0
 42
1e-07
 43
1e-07
 40
0
 40
0
 40
0
 40
0
 40
0.1254312564
 40
0.2508048955
 40
0.3132321584
 40
0.3752802809
 40
0.436703521
 40
0.4971145635
 40
0.5558519365
 40
0.5842480672
 40
0.6116812577
 40
0.637780215
 40
0.6620363577
 40
0.6840801038000001
 40
0.6947155619000001
 40
0.7058323464
 40
0.7323451281000001
 40
0.7655892746
 40
0.8412186098000001
 40
1
 40
1
 40
1
 40
1
 10
169.8582716715791
 20
149.5845109605665
 30
0
 10
169.8507405900791
 20
149.6035996788665
 30
0
 10
169.8354239150791
 20
149.6416672008665
 30
0
 10
169.8154610776791
 20
149.6888688097665
 30
0
 10
169.7988028691791
 20
149.7261974469665
 30
0
 10
169.7859396221791
 20
149.7537582939665
 30
0
 10
169.7726065079791
 20
149.7807298980665
 30
0
 10
169.7586795843791
 20
149.8067884515665
 30
0
 10
169.7463013589791
 20
149.8275333349665
 30
0
 10
169.7357104275791
 20
149.8430069373665
 30
0
 10
169.7275023517791
 20
149.8536140867665
 30
0
 10
169.7188412364791
 20
149.8629817841665
 30
0
 10
169.7096522052791
 20
149.8705059411665
 30
0
 10
169.7009054632791
 20
149.8744458149665
 30
0
 10
169.6936273917791
 20
149.8746062636665
 30
0
 10
169.6859700588791
 20
149.8720889421665
 30
0
 10
169.6776962852791
 20
149.8631775788665
 30
0
 10
169.6686006074791
 20
149.8429109773665
 30
0
 10
169.6598015668791
 20
149.7996401378665
 30
0
 10
169.6582716715791
 20
149.7612307781665
 30
0
 10
169.6582716715791
 20
149.7352540429665
 30
0
  0
SPLINE
  5
597
100
AcDbEntity
  8
0
  6
CONTINUOUS
 62
    7
370
   -1
100
AcDbSpline
210
0
220
0
230
0
 70
 4096
 71
    3
 72
   10
 73
    6
 74
    0
 42
1e-07
 43
1e-07
 40
0
 40
0
 40
0
 40
0
 40
0.1928091526
 40
0.4274309103
 40
1
 40
1
 40
1
 40
1
 10
170.1072811703791
 20
149.0118778560665
 30
0
 10
170.0914257031791
 20
149.0487470913665
 30
0
 10
170.0549175364791
 20
149.1298917653665
 30
0
 10
169.9687598898791
 20
149.3193621301665
 30
0
 10
169.9020117030791
 20
149.4736449268665
 30
0
 10
169.8582716715791
 20
149.5845109605665
 30
0
  0
SPLINE
  5
598
100
AcDbEntity
  8
0
  6
CONTINUOUS
 62
    7
370
   -1
100
AcDbSpline
210
0
220
0
230
0
 70
 4096
 71
    3
 72
    9
 73
    5
 74
    0
 42
1e-07
 43
1e-07
 40
0
 40
0
 40
0
 40
0
 40
0.255977406
 40
1
 40
1
 40
1
 40
1
 10
170.1482716715791
 20
148.8689567147665
 30
0
 10
170.1462217770791
 20
148.8814941233665
 30
0
 10
170.1368878130791
 20
148.9302387794665
 30
0
 10
170.1218689045791
 20
148.9779565217665
 30
0
 10
170.1072811703791
 20
149.0118778560665
 30
0
  0
SPLINE
  5
599
100
AcDbEntity
  8
0
  6
CONTINUOUS
 62
    9
370
   -1
100
AcDbSpline
210
0
220
0
230
0
 70
 4096
 71
    3
 72
   17
 73
   13
 74
    0
 42
1e-07
 43
1e-07
 40
0
 40
0
 40
0
 40
0
 40
0.1935074939
 40
0.3796013398
 40
0.5511971506000001
 40
0.7017421532
 40
0.8255330924000001
 40
0.9179647750000001
 40
0.9513737638
 40
0.9759233721
 40
0.9917059434000001
 40
1
 40
1
 40
1
 40
1
 10
169.8582716715791
 20
102.4969906542665
 30
0
 10
169.8452649249791
 20
102.4969906542665
 30
0
 10
169.8197494795791
 20
102.4971625968665
 30
0
 10
169.7827066373791
 20
102.4979307098665
 30
0
 10
169.7485675796791
 20
102.4991730229665
 30
0
 10
169.7186335756791
 20
102.5008358179665
 30
0
 10
169.6940698002791
 20
102.5028308034665
 30
0
 10
169.6773804804791
 20
102.5048566411665
 30
0
 10
169.6674624265791
 20
102.5066694829665
 30
0
 10
169.6626204701791
 20
102.5080017825665
 30
0
 10
169.6596553220791
 20
102.5090753118665
 30
0
 10
169.6582716715791
 20
102.5103844579665
 30
0
 10
169.6582716715791
 20
102.5109419490665
 30
0
  0
SPLINE
  5
59A
100
AcDbEntity
  8
0
  6
CONTINUOUS
 62
    7
370
   -1
100
AcDbSpline
210
0
220
0
230
0
 70
 4096
 71
    3
 72
   19
 73
   15
 74
    0
 42
1e-07
 43
1e-07
 40
0
 40
0
 40
0
 40
0
 40
0.1947093594
 40
0.3819181832
 40
0.5544598926000001
 40
0.7057032986
 40
0.7714911322
 40
0.8298651353000001
 40
0.880269298
 40
0.9222259496
 40
0.9553520972
 40
0.9793588772
 40
0.994111262
 40
1
 40
1
 40
1
 40
1
 10
169.8582716715791
 20
168.1260358774665
 30
0
 10
169.8452613327791
 20
168.1260360904665
 30
0
 10
169.8197417783791
 20
168.1259495750665
 30
0
 10
169.7826947028791
 20
168.1255653384665
 30
0
 10
169.7485561737791
 20
168.1249425308665
 30
0
 10
169.7225335022791
 20
168.1242207326665
 30
0
 10
169.7041461088791
 20
168.1235200041665
 30
0
 10
169.6924897550791
 20
168.1229779992665
 30
0
 10
169.6824471986791
 20
168.1224034160665
 30
0
 10
169.6740460353791
 20
168.1217975630665
 30
0
 10
169.6675513380791
 20
168.1211868680665
 30
0
 10
169.6625596139791
 20
168.1205492042665
 30
0
 10
169.6600463730791
 20
168.1199945111665
 30
0
 10
169.6582716715791
 20
168.1194452047665
 30
0
 10
169.6582716715791
 20
168.1190517235665
 30
0
  0
SPLINE
  5
59B
100
AcDbEntity
  8
0
  6
CONTINUOUS
 62
    9
370
   -1
100
AcDbSpline
210
0
220
0
230
0
 70
 4096
 71
    3
 72
   17
 73
   13
 74
    0
 42
1e-07
 43
1e-07
 40
0
 40
0
 40
0
 40
0
 40
0.1935075188
 40
0.3796012919
 40
0.5511972001000001
 40
0.7017421516
 40
0.825533029
 40
0.9179648309
 40
0.9513737128
 40
0.9759233516
 40
0.991705952
 40
1
 40
1
 40
1
 40
1
 10
169.8582716715791
 20
183.7620652544665
 30
0
 10
169.8452649232791
 20
183.7620652544665
 30
0
 10
169.8197494810791
 20
183.7618933111665
 30
0
 10
169.7827066353791
 20
183.7611252001665
 30
0
 10
169.7485675794791
 20
183.7598828846665
 30
0
 10
169.7186335763791
 20
183.7582200919665
 30
0
 10
169.6940698006791
 20
183.7562251028665
 30
0
 10
169.6773804837791
 20
183.7541992711665
 30
0
 10
169.6674624268791
 20
183.7523864255665
 30
0
 10
169.6626204751791
 20
183.7510541250665
 30
0
 10
169.6596553204791
 20
183.7499805994665
 30
0
 10
169.6582716715791
 20
183.7486714502665
 30
0
 10
169.6582716715791
 20
183.7481139597665
 30
0
  0
SPLINE
  5
59C
100
AcDbEntity
  8
0
  6
CONTINUOUS
 62
    7
370
   -1
100
AcDbSpline
210
0
220
0
230
0
 70
 4096
 71
    3
 72
    9
 73
    5
 74
    0
 42
1e-07
 43
1e-07
 40
0
 40
0
 40
0
 40
0
 40
0.2433788002
 40
1
 40
1
 40
1
 40
1
 10
170.1482716715791
 20
148.9818296312665
 30
0
 10
170.1499708789791
 20
148.9716492041665
 30
0
 10
170.1559878467791
 20
148.9296602604665
 30
0
 10
170.1582716715791
 20
148.8871697828665
 30
0
 10
170.1582716715791
 20
148.8550828307665
 30
0
  0
SPLINE
  5
59D
100
AcDbEntity
  8
09_ROUNDS
  6
CONTINUOUS
 62
    9
370
   -1
100
AcDbSpline
210
0
220
0
230
0
 70
 4096
 71
    3
 72
   15
 73
   11
 74
    0
 42
1e-07
 43
1e-07
 40
0
 40
0
 40
0
 40
0
 40
0.0192911937
 40
0.0442467107
 40
0.1119942033
 40
0.2038375766
 40
0.319395601
 40
0.4579042229
 40
0.6183395807000001
 40
1
 40
1
 40
1
 40
1
 10
176.2594807561791
 20
174.4424227425665
 30
0
 10
176.2622246150791
 20
174.4427063553665
 30
0
 10
176.2685936029791
 20
174.4425208070665
 30
0
 10
176.2844194810791
 20
174.4399836764665
 30
0
 10
176.3098220153791
 20
174.4325567888665
 30
0
 10
176.3467841260791
 20
174.4190970546665
 30
0
 10
176.3926235662791
 20
174.4004807329665
 30
0
 10
176.4471466955791
 20
174.3772437539665
 30
0
 10
176.5364385357791
 20
174.3385346433665
 30
0
 10
176.6076806019791
 20
174.3079775502665
 30
0
 10
176.6580982317791
 20
174.2870871884665
 30
0
  0
SPLINE
  5
59E
100
AcDbEntity
  8
09_ROUNDS
  6
CONTINUOUS
 62
    9
370
   -1
100
AcDbSpline
210
0
220
0
230
0
 70
 4096
 71
    3
 72
    9
 73
    5
 74
    0
 42
1e-07
 43
1e-07
 40
0
 40
0
 40
0
 40
0
 40
0.5123938697
 40
1
 40
1
 40
1
 40
1
 10
178.3230266225791
 20
173.6762544087665
 30
0
 10
178.1282650069791
 20
173.6793739763665
 30
0
 10
177.7480212625791
 20
173.7154402112665
 30
0
 10
177.3781101202791
 20
173.8102514686665
 30
0
 10
177.2027827319791
 20
173.8704174649665
 30
0
  0
SPLINE
  5
59F
100
AcDbEntity
  8
09_ROUNDS
  6
CONTINUOUS
 62
    9
370
   -1
100
AcDbSpline
210
0
220
0
230
0
 70
 4096
 71
    3
 72
   12
 73
    8
 74
    0
 42
1e-07
 43
1e-07
 40
0
 40
0
 40
0
 40
0
 40
0.3160725124
 40
0.5961622418
 40
0.8278946965
 40
0.9219982251000001
 40
1
 40
1
 40
1
 40
1
 10
177.1077515955791
 20
173.9045922496665
 30
0
 10
177.0192581401791
 20
173.9378938318665
 30
0
 10
176.8548422199791
 20
174.0076578498665
 30
0
 10
176.6355339670791
 20
174.1232622688665
 30
0
 10
176.4823506066791
 20
174.2206274413665
 30
0
 10
176.3850821933791
 20
174.2923292361665
 30
0
 10
176.3451452780791
 20
174.3248711055665
 30
0
 10
176.3275608950791
 20
174.3402094111665
 30
0
  0
SPLINE
  5
5A0
100
AcDbEntity
  8
09_ROUNDS
  6
CONTINUOUS
 62
    9
370
   -1
100
AcDbSpline
210
0
220
0
230
0
 70
 4096
 71
    3
 72
   18
 73
   14
 74
    0
 42
1e-07
 43
1e-07
 40
0
 40
0
 40
0
 40
0
 40
0.2401371491
 40
0.4434516198
 40
0.6096381752000001
 40
0.7389290403000001
 40
0.8325978305
 40
0.8672865517
 40
0.8952869472
 40
0.9189033034
 40
0.9417949629000001
 40
0.9679124011
 40
1
 40
1
 40
1
 40
1
 10
176.3275608950791
 20
174.3402094111665
 30
0
 10
176.3191552980791
 20
174.3475413496665
 30
0
 10
176.3038511749791
 20
174.3613376954665
 30
0
 10
176.2836553021791
 20
174.3811958369665
 30
0
 10
176.2680580421791
 20
174.3983642704665
 30
0
 10
176.2570548783791
 20
174.4127096545665
 30
0
 10
176.2509953152791
 20
174.4231520848665
 30
0
 10
176.2488401604791
 20
174.4301252862665
 30
0
 10
176.2485302715791
 20
174.4341728335665
 30
0
 10
176.2494932376791
 20
174.4376030282665
 30
0
 10
176.2518383986791
 20
174.4401820125665
 30
0
 10
176.2553171847791
 20
174.4417915102665
 30
0
 10
176.2579982474791
 20
174.4422694052665
 30
0
 10
176.2594807561791
 20
174.4424227425665
 30
0
  0
SPLINE
  5
5A1
100
AcDbEntity
  8
08_DRAFTS
  6
CONTINUOUS
 62
    7
370
   -1
100
AcDbSpline
210
0
220
0
230
0
 70
 4096
 71
    3
 72
   14
 73
   10
 74
    0
 42
1e-07
 43
1e-07
 40
0
 40
0
 40
0
 40
0
 40
0.3797466329
 40
0.5388451321000001
 40
0.6762671685
 40
0.7913420452000001
 40
0.8836206924000001
 40
0.9529765456
 40
1
 40
1
 40
1
 40
1
 10
158.9439623536791
 20
174.4664506597665
 30
0
 10
158.8997941324791
 20
174.4895476620665
 30
0
 10
158.8374436249791
 20
174.5229363070665
 30
0
 10
158.7591753930791
 20
174.5647975909665
 30
0
 10
158.7113124030791
 20
174.5898630388665
 30
0
 10
158.6708196760791
 20
174.6100483037665
 30
0
 10
158.6376960395791
 20
174.6250615266665
 30
0
 10
158.6120605805791
 20
174.6345690889665
 30
0
 10
158.5969799698791
 20
174.6380857585665
 30
0
 10
158.5908089478791
 20
174.6381931955665
 30
0
  0
SPLINE
  5
5A2
100
AcDbEntity
  8
0
  6
CONTINUOUS
 62
    7
370
   -1
100
AcDbSpline
210
0
220
0
230
0
 70
 4096
 71
    3
 72
   11
 73
    7
 74
    0
 42
1e-07
 43
1e-07
 40
0
 40
0
 40
0
 40
0
 40
0.2650415843
 40
0.5234468146
 40
0.7695495034000001
 40
1
 40
1
 40
1
 40
1
 10
152.4579602973791
 20
143.1295279543665
 30
0
 10
152.4579602973791
 20
143.0311893954665
 30
0
 10
152.4506397090791
 20
142.8368885614665
 30
0
 10
152.4165792759791
 20
142.5530155747665
 30
0
 10
152.3568575057791
 20
142.2863975158665
 30
0
 10
152.2951453903791
 20
142.1197726695665
 30
0
 10
152.2582716715791
 20
142.0426280146665
 30
0
  0
SPLINE
  5
5A3
100
AcDbEntity
  8
0
  6
CONTINUOUS
 62
    7
370
   -1
100
AcDbSpline
210
0
220
0
230
0
 70
 4096
 71
    3
 72
   11
 73
    7
 74
    0
 42
1e-07
 43
1e-07
 40
0
 40
0
 40
0
 40
0
 40
0.2304504731
 40
0.4765531433
 40
0.7349583845000001
 40
1
 40
1
 40
1
 40
1
 10
152.2582716715791
 20
144.2164278940665
 30
0
 10
152.2951453866791
 20
144.1392832470665
 30
0
 10
152.3568574979791
 20
143.9726584162665
 30
0
 10
152.4165792701791
 20
143.7060403696665
 30
0
 10
152.4506397079791
 20
143.4221673745665
 30
0
 10
152.4579602973791
 20
143.2278665248665
 30
0
 10
152.4579602973791
 20
143.1295279543665
 30
0
  0
SPLINE
  5
5A4
100
AcDbEntity
  8
0
  6
CONTINUOUS
 62
    7
370
   -1
100
AcDbSpline
210
0
220
0
230
0
 70
 4096
 71
    3
 72
   10
 73
    6
 74
    0
 42
1e-07
 43
1e-07
 40
0
 40
0
 40
0
 40
0
 40
0.1928091526
 40
0.4274309103
 40
1
 40
1
 40
1
 40
1
 10
152.7072811703791
 20
149.0118778560665
 30
0
 10
152.6914257031791
 20
149.0487470913665
 30
0
 10
152.6549175364791
 20
149.1298917653665
 30
0
 10
152.5687598898791
 20
149.3193621301665
 30
0
 10
152.5020117030791
 20
149.4736449268665
 30
0
 10
152.4582716715791
 20
149.5845109605665
 30
0
  0
SPLINE
  5
5A5
100
AcDbEntity
  8
0
  6
CONTINUOUS
 62
    7
370
   -1
100
AcDbSpline
210
0
220
0
230
0
 70
 4096
 71
    3
 72
    9
 73
    5
 74
    0
 42
1e-07
 43
1e-07
 40
0
 40
0
 40
0
 40
0
 40
0.255977406
 40
1
 40
1
 40
1
 40
1
 10
152.7482716715791
 20
148.8689567147665
 30
0
 10
152.7462217770791
 20
148.8814941233665
 30
0
 10
152.7368878130791
 20
148.9302387794665
 30
0
 10
152.7218689045791
 20
148.9779565217665
 30
0
 10
152.7072811703791
 20
149.0118778560665
 30
0
  0
SPLINE
  5
5A6
100
AcDbEntity
  8
0
  6
CONTINUOUS
 62
    9
370
   -1
100
AcDbSpline
210
0
220
0
230
0
 70
 4096
 71
    3
 72
   17
 73
   13
 74
    0
 42
1e-07
 43
1e-07
 40
0
 40
0
 40
0
 40
0
 40
0.1935074939
 40
0.3796013398
 40
0.5511971506000001
 40
0.7017421532
 40
0.8255330924000001
 40
0.9179647750000001
 40
0.9513737638
 40
0.9759233721
 40
0.9917059434000001
 40
1
 40
1
 40
1
 40
1
 10
152.4582716715791
 20
102.4969906542665
 30
0
 10
152.4452649249791
 20
102.4969906542665
 30
0
 10
152.4197494795791
 20
102.4971625968665
 30
0
 10
152.3827066373791
 20
102.4979307098665
 30
0
 10
152.3485675796791
 20
102.4991730229665
 30
0
 10
152.3186335756791
 20
102.5008358179665
 30
0
 10
152.2940698002791
 20
102.5028308034665
 30
0
 10
152.2773804804791
 20
102.5048566411665
 30
0
 10
152.2674624265791
 20
102.5066694829665
 30
0
 10
152.2626204701791
 20
102.5080017825665
 30
0
 10
152.2596553220791
 20
102.5090753118665
 30
0
 10
152.2582716715791
 20
102.5103844579665
 30
0
 10
152.2582716715791
 20
102.5109419490665
 30
0
  0
SPLINE
  5
5A7
100
AcDbEntity
  8
0
  6
CONTINUOUS
 62
    9
370
   -1
100
AcDbSpline
210
0
220
0
230
0
 70
 4096
 71
    3
 72
   16
 73
   12
 74
    0
 42
1e-07
 43
1e-07
 40
0
 40
0
 40
0
 40
0
 40
0.3765284491
 40
0.5468630069
 40
0.6964714978000001
 40
0.819782608
 40
0.9123850101000001
 40
0.9462489637
 40
0.9716391227000001
 40
0.9889287542
 40
1
 40
1
 40
1
 40
1
 10
152.4582716715791
 20
122.4323127645665
 30
0
 10
152.4327541614791
 20
122.4323127645665
 30
0
 10
152.3956839351791
 20
122.4330115331665
 30
0
 10
152.3485495420791
 20
122.4355617598665
 30
0
 10
152.3186045887791
 20
122.4380339935665
 30
0
 10
152.2940103846791
 20
122.4410193897665
 30
0
 10
152.2773238266791
 20
122.4440124629665
 30
0
 10
152.2673945891791
 20
122.4467541135665
 30
0
 10
152.2625604616791
 20
122.4486856142665
 30
0
 10
152.2594003976791
 20
122.4505121587665
 30
0
 10
152.2582716715791
 20
122.4523219546665
 30
0
 10
152.2582716715791
 20
122.4530722581665
 30
0
  0
SPLINE
  5
5A8
100
AcDbEntity
  8
0
  6
CONTINUOUS
 62
    9
370
   -1
100
AcDbSpline
210
0
220
0
230
0
 70
 4096
 71
    3
 72
   19
 73
   15
 74
    0
 42
1e-07
 43
1e-07
 40
0
 40
0
 40
0
 40
0
 40
0.1945564071
 40
0.3816334558
 40
0.5540801906
 40
0.7052712674
 40
0.7710537655
 40
0.8294284659000001
 40
0.8798456668
 40
0.9218268975
 40
0.9549875005
 40
0.9790493934000001
 40
0.9938874857000001
 40
1
 40
1
 40
1
 40
1
 10
152.4582716715791
 20
150.8608049000665
 30
0
 10
152.4452651767791
 20
150.8608049000665
 30
0
 10
152.4197521166791
 20
150.8607095328665
 30
0
 10
152.3827126445791
 20
150.8602839580665
 30
0
 10
152.3485771745791
 20
150.8595945688665
 30
0
 10
152.3225541923791
 20
150.8587951438665
 30
0
 10
152.3041643234791
 20
150.8580195039665
 30
0
 10
152.2925050621791
 20
150.8574187619665
 30
0
 10
152.2824569793791
 20
150.8567833803665
 30
0
 10
152.2740564743791
 20
150.8561092880665
 30
0
 10
152.2675447900791
 20
150.8554409663665
 30
0
 10
152.2625762725791
 20
150.8547137312665
 30
0
 10
152.2600001446791
 20
150.8541330702665
 30
0
 10
152.2582716715791
 20
150.8534783896665
 30
0
 10
152.2582716715791
 20
150.8530697555665
 30
0
  0
SPLINE
  5
5A9
100
AcDbEntity
  8
0
  6
CONTINUOUS
 62
    9
370
   -1
100
AcDbSpline
210
0
220
0
230
0
 70
 4096
 71
    3
 72
   16
 73
   12
 74
    0
 42
1e-07
 43
1e-07
 40
0
 40
0
 40
0
 40
0
 40
0.3765543589
 40
0.5469002328
 40
0.6965152096
 40
0.8198312478000001
 40
0.9124328772
 40
0.9462910679000001
 40
0.971675438
 40
0.9889514165000001
 40
1
 40
1
 40
1
 40
1
 10
152.4582716715791
 20
163.8262451261665
 30
0
 10
152.4327542375791
 20
163.8262451261665
 30
0
 10
152.3956841910791
 20
163.8255481282665
 30
0
 10
152.3485499017791
 20
163.8230043560665
 30
0
 10
152.3186050693791
 20
163.8205382851665
 30
0
 10
152.2940110949791
 20
163.8175605376665
 30
0
 10
152.2773244710791
 20
163.8145751376665
 30
0
 10
152.2673952267791
 20
163.8118404017665
 30
0
 10
152.2625610041791
 20
163.8099139679665
 30
0
 10
152.2594023810791
 20
163.8080927484665
 30
0
 10
152.2582716715791
 20
163.8062867693665
 30
0
 10
152.2582716715791
 20
163.8055380553665
 30
0
  0
SPLINE
  5
5AA
100
AcDbEntity
  8
0
  6
CONTINUOUS
 62
    7
370
   -1
100
AcDbSpline
210
0
220
0
230
0
 70
 4096
 71
    3
 72
   19
 73
   15
 74
    0
 42
1e-07
 43
1e-07
 40
0
 40
0
 40
0
 40
0
 40
0.1947093594
 40
0.3819181832
 40
0.5544598926000001
 40
0.7057032986
 40
0.7714911322
 40
0.8298651353000001
 40
0.880269298
 40
0.9222259496
 40
0.9553520972
 40
0.9793588772
 40
0.994111262
 40
1
 40
1
 40
1
 40
1
 10
152.4582716715791
 20
168.1260358774665
 30
0
 10
152.4452613327791
 20
168.1260360904665
 30
0
 10
152.4197417783791
 20
168.1259495750665
 30
0
 10
152.3826947028791
 20
168.1255653384665
 30
0
 10
152.3485561737791
 20
168.1249425308665
 30
0
 10
152.3225335022791
 20
168.1242207326665
 30
0
 10
152.3041461088791
 20
168.1235200041665
 30
0
 10
152.2924897550791
 20
168.1229779992665
 30
0
 10
152.2824471986791
 20
168.1224034160665
 30
0
 10
152.2740460353791
 20
168.1217975630665
 30
0
 10
152.2675513380791
 20
168.1211868680665
 30
0
 10
152.2625596139791
 20
168.1205492042665
 30
0
 10
152.2600463730791
 20
168.1199945111665
 30
0
 10
152.2582716715791
 20
168.1194452047665
 30
0
 10
152.2582716715791
 20
168.1190517235665
 30
0
  0
SPLINE
  5
5AB
100
AcDbEntity
  8
0
  6
CONTINUOUS
 62
    7
370
   -1
100
AcDbSpline
210
0
220
0
230
0
 70
 4096
 71
    3
 72
    9
 73
    5
 74
    0
 42
1e-07
 43
1e-07
 40
0
 40
0
 40
0
 40
0
 40
0.2433788002
 40
1
 40
1
 40
1
 40
1
 10
152.7482716715791
 20
148.9818296312665
 30
0
 10
152.7499708789791
 20
148.9716492041665
 30
0
 10
152.7559878467791
 20
148.9296602604665
 30
0
 10
152.7582716715791
 20
148.8871697828665
 30
0
 10
152.7582716715791
 20
148.8550828307665
 30
0
  0
SPLINE
  5
5AC
100
AcDbEntity
  8
08_DRAFTS
  6
CONTINUOUS
 62
    7
370
   -1
100
AcDbSpline
210
0
220
0
230
0
 70
 4096
 71
    3
 72
   14
 73
   10
 74
    0
 42
1e-07
 43
1e-07
 40
0
 40
0
 40
0
 40
0
 40
0.3797466329
 40
0.5388451321000001
 40
0.6762671685
 40
0.7913420452000001
 40
0.8836206924000001
 40
0.9529765456
 40
1
 40
1
 40
1
 40
1
 10
141.5439623536791
 20
174.4664506597665
 30
0
 10
141.4997941324791
 20
174.4895476620665
 30
0
 10
141.4374436249791
 20
174.5229363070665
 30
0
 10
141.3591753930791
 20
174.5647975909665
 30
0
 10
141.3113124030791
 20
174.5898630388665
 30
0
 10
141.2708196760791
 20
174.6100483037665
 30
0
 10
141.2376960395791
 20
174.6250615266665
 30
0
 10
141.2120605805791
 20
174.6345690889665
 30
0
 10
141.1969799698791
 20
174.6380857585665
 30
0
 10
141.1908089478791
 20
174.6381931955665
 30
0
  0
SPLINE
  5
5AD
100
AcDbEntity
  8
0
  6
CONTINUOUS
 62
    7
370
   -1
100
AcDbSpline
210
0
220
0
230
0
 70
 4096
 71
    3
 72
   11
 73
    7
 74
    0
 42
1e-07
 43
1e-07
 40
0
 40
0
 40
0
 40
0
 40
0.2650415843
 40
0.5234468146
 40
0.7695495034000001
 40
1
 40
1
 40
1
 40
1
 10
135.0579602973791
 20
143.1295279543665
 30
0
 10
135.0579602973791
 20
143.0311893954665
 30
0
 10
135.0506397090791
 20
142.8368885614665
 30
0
 10
135.0165792759791
 20
142.5530155747665
 30
0
 10
134.9568575057791
 20
142.2863975158665
 30
0
 10
134.8951453903791
 20
142.1197726695665
 30
0
 10
134.8582716715791
 20
142.0426280146665
 30
0
  0
SPLINE
  5
5AE
100
AcDbEntity
  8
0
  6
CONTINUOUS
 62
    7
370
   -1
100
AcDbSpline
210
0
220
0
230
0
 70
 4096
 71
    3
 72
   11
 73
    7
 74
    0
 42
1e-07
 43
1e-07
 40
0
 40
0
 40
0
 40
0
 40
0.2304504731
 40
0.4765531433
 40
0.7349583845000001
 40
1
 40
1
 40
1
 40
1
 10
134.8582716715791
 20
144.2164278940665
 30
0
 10
134.8951453866791
 20
144.1392832470665
 30
0
 10
134.9568574979791
 20
143.9726584162665
 30
0
 10
135.0165792701791
 20
143.7060403696665
 30
0
 10
135.0506397079791
 20
143.4221673745665
 30
0
 10
135.0579602973791
 20
143.2278665248665
 30
0
 10
135.0579602973791
 20
143.1295279543665
 30
0
  0
SPLINE
  5
5AF
100
AcDbEntity
  8
0
  6
CONTINUOUS
 62
    7
370
   -1
100
AcDbSpline
210
0
220
0
230
0
 70
 4096
 71
    3
 72
   10
 73
    6
 74
    0
 42
1e-07
 43
1e-07
 40
0
 40
0
 40
0
 40
0
 40
0.1928091526
 40
0.4274309103
 40
1
 40
1
 40
1
 40
1
 10
135.3072811703791
 20
149.0118778560665
 30
0
 10
135.2914257031791
 20
149.0487470913665
 30
0
 10
135.2549175364791
 20
149.1298917653665
 30
0
 10
135.1687598898791
 20
149.3193621301665
 30
0
 10
135.1020117030791
 20
149.4736449268665
 30
0
 10
135.0582716715791
 20
149.5845109605665
 30
0
  0
SPLINE
  5
5B0
100
AcDbEntity
  8
0
  6
CONTINUOUS
 62
    9
370
   -1
100
AcDbSpline
210
0
220
0
230
0
 70
 4096
 71
    3
 72
   17
 73
   13
 74
    0
 42
1e-07
 43
1e-07
 40
0
 40
0
 40
0
 40
0
 40
0.1935074939
 40
0.3796013398
 40
0.5511971506000001
 40
0.7017421532
 40
0.8255330924000001
 40
0.9179647750000001
 40
0.9513737638
 40
0.9759233721
 40
0.9917059434000001
 40
1
 40
1
 40
1
 40
1
 10
135.0582716715791
 20
102.4969906542665
 30
0
 10
135.0452649249791
 20
102.4969906542665
 30
0
 10
135.0197494795791
 20
102.4971625968665
 30
0
 10
134.9827066373791
 20
102.4979307098665
 30
0
 10
134.9485675796791
 20
102.4991730229665
 30
0
 10
134.9186335756791
 20
102.5008358179665
 30
0
 10
134.8940698002791
 20
102.5028308034665
 30
0
 10
134.8773804804791
 20
102.5048566411665
 30
0
 10
134.8674624265791
 20
102.5066694829665
 30
0
 10
134.8626204701791
 20
102.5080017825665
 30
0
 10
134.8596553220791
 20
102.5090753118665
 30
0
 10
134.8582716715791
 20
102.5103844579665
 30
0
 10
134.8582716715791
 20
102.5109419490665
 30
0
  0
SPLINE
  5
5B1
100
AcDbEntity
  8
0
  6
CONTINUOUS
 62
    9
370
   -1
100
AcDbSpline
210
0
220
0
230
0
 70
 4096
 71
    3
 72
   16
 73
   12
 74
    0
 42
1e-07
 43
1e-07
 40
0
 40
0
 40
0
 40
0
 40
0.3765284491
 40
0.5468630069
 40
0.6964714978000001
 40
0.819782608
 40
0.9123850101000001
 40
0.9462489637
 40
0.9716391227000001
 40
0.9889287542
 40
1
 40
1
 40
1
 40
1
 10
135.0582716715791
 20
122.4323127645665
 30
0
 10
135.0327541614791
 20
122.4323127645665
 30
0
 10
134.9956839351791
 20
122.4330115331665
 30
0
 10
134.9485495420791
 20
122.4355617598665
 30
0
 10
134.9186045887791
 20
122.4380339935665
 30
0
 10
134.8940103846791
 20
122.4410193897665
 30
0
 10
134.8773238266791
 20
122.4440124629665
 30
0
 10
134.8673945891791
 20
122.4467541135665
 30
0
 10
134.8625604616791
 20
122.4486856142665
 30
0
 10
134.8594003976791
 20
122.4505121587665
 30
0
 10
134.8582716715791
 20
122.4523219546665
 30
0
 10
134.8582716715791
 20
122.4530722581665
 30
0
  0
SPLINE
  5
5B2
100
AcDbEntity
  8
0
  6
CONTINUOUS
 62
    9
370
   -1
100
AcDbSpline
210
0
220
0
230
0
 70
 4096
 71
    3
 72
   19
 73
   15
 74
    0
 42
1e-07
 43
1e-07
 40
0
 40
0
 40
0
 40
0
 40
0.1945564071
 40
0.3816334558
 40
0.5540801906
 40
0.7052712674
 40
0.7710537655
 40
0.8294284659000001
 40
0.8798456668
 40
0.9218268975
 40
0.9549875005
 40
0.9790493934000001
 40
0.9938874857000001
 40
1
 40
1
 40
1
 40
1
 10
135.0582716715791
 20
150.8608049000665
 30
0
 10
135.0452651767791
 20
150.8608049000665
 30
0
 10
135.0197521166791
 20
150.8607095328665
 30
0
 10
134.9827126445791
 20
150.8602839580665
 30
0
 10
134.9485771745791
 20
150.8595945688665
 30
0
 10
134.9225541923791
 20
150.8587951438665
 30
0
 10
134.9041643234791
 20
150.8580195039665
 30
0
 10
134.8925050621791
 20
150.8574187619665
 30
0
 10
134.8824569793791
 20
150.8567833803665
 30
0
 10
134.8740564743791
 20
150.8561092880665
 30
0
 10
134.8675447900791
 20
150.8554409663665
 30
0
 10
134.8625762725791
 20
150.8547137312665
 30
0
 10
134.8600001446791
 20
150.8541330702665
 30
0
 10
134.8582716715791
 20
150.8534783896665
 30
0
 10
134.8582716715791
 20
150.8530697555665
 30
0
  0
SPLINE
  5
5B3
100
AcDbEntity
  8
0
  6
CONTINUOUS
 62
    7
370
   -1
100
AcDbSpline
210
0
220
0
230
0
 70
 4096
 71
    3
 72
   19
 73
   15
 74
    0
 42
1e-07
 43
1e-07
 40
0
 40
0
 40
0
 40
0
 40
0.1947093594
 40
0.3819181832
 40
0.5544598926000001
 40
0.7057032986
 40
0.7714911322
 40
0.8298651353000001
 40
0.880269298
 40
0.9222259496
 40
0.9553520972
 40
0.9793588772
 40
0.994111262
 40
1
 40
1
 40
1
 40
1
 10
135.0582716715791
 20
168.1260358774665
 30
0
 10
135.0452613327791
 20
168.1260360904665
 30
0
 10
135.0197417783791
 20
168.1259495750665
 30
0
 10
134.9826947028791
 20
168.1255653384665
 30
0
 10
134.9485561737791
 20
168.1249425308665
 30
0
 10
134.9225335022791
 20
168.1242207326665
 30
0
 10
134.9041461088791
 20
168.1235200041665
 30
0
 10
134.8924897550791
 20
168.1229779992665
 30
0
 10
134.8824471986791
 20
168.1224034160665
 30
0
 10
134.8740460353791
 20
168.1217975630665
 30
0
 10
134.8675513380791
 20
168.1211868680665
 30
0
 10
134.8625596139791
 20
168.1205492042665
 30
0
 10
134.8600463730791
 20
168.1199945111665
 30
0
 10
134.8582716715791
 20
168.1194452047665
 30
0
 10
134.8582716715791
 20
168.1190517235665
 30
0
  0
SPLINE
  5
5B4
100
AcDbEntity
  8
0
  6
CONTINUOUS
 62
    9
370
   -1
100
AcDbSpline
210
0
220
0
230
0
 70
 4096
 71
    3
 72
   17
 73
   13
 74
    0
 42
1e-07
 43
1e-07
 40
0
 40
0
 40
0
 40
0
 40
0.1935075188
 40
0.3796012919
 40
0.5511972001000001
 40
0.7017421516
 40
0.825533029
 40
0.9179648309
 40
0.9513737128
 40
0.9759233516
 40
0.991705952
 40
1
 40
1
 40
1
 40
1
 10
135.0582716715791
 20
183.7620652544665
 30
0
 10
135.0452649232791
 20
183.7620652544665
 30
0
 10
135.0197494810791
 20
183.7618933111665
 30
0
 10
134.9827066353791
 20
183.7611252001665
 30
0
 10
134.9485675794791
 20
183.7598828846665
 30
0
 10
134.9186335763791
 20
183.7582200919665
 30
0
 10
134.8940698006791
 20
183.7562251028665
 30
0
 10
134.8773804837791
 20
183.7541992711665
 30
0
 10
134.8674624268791
 20
183.7523864255665
 30
0
 10
134.8626204751791
 20
183.7510541250665
 30
0
 10
134.8596553204791
 20
183.7499805994665
 30
0
 10
134.8582716715791
 20
183.7486714502665
 30
0
 10
134.8582716715791
 20
183.7481139597665
 30
0
  0
SPLINE
  5
5B5
100
AcDbEntity
  8
09_ROUNDS
  6
CONTINUOUS
 62
    9
370
   -1
100
AcDbSpline
210
0
220
0
230
0
 70
 4096
 71
    3
 72
   15
 73
   11
 74
    0
 42
1e-07
 43
1e-07
 40
0
 40
0
 40
0
 40
0
 40
0.0192911937
 40
0.0442467107
 40
0.1119942033
 40
0.2038375766
 40
0.319395601
 40
0.4579042229
 40
0.6183395807000001
 40
1
 40
1
 40
1
 40
1
 10
141.4594807561791
 20
174.4424227425665
 30
0
 10
141.4622246150791
 20
174.4427063553665
 30
0
 10
141.4685936029791
 20
174.4425208070665
 30
0
 10
141.4844194810791
 20
174.4399836764665
 30
0
 10
141.5098220153791
 20
174.4325567888665
 30
0
 10
141.5467841260791
 20
174.4190970546665
 30
0
 10
141.5926235662791
 20
174.4004807329665
 30
0
 10
141.6471466955791
 20
174.3772437539665
 30
0
 10
141.7364385357791
 20
174.3385346433665
 30
0
 10
141.8076806019791
 20
174.3079775502665
 30
0
 10
141.8580982317791
 20
174.2870871884665
 30
0
  0
SPLINE
  5
5B6
100
AcDbEntity
  8
09_ROUNDS
  6
CONTINUOUS
 62
    9
370
   -1
100
AcDbSpline
210
0
220
0
230
0
 70
 4096
 71
    3
 72
    9
 73
    5
 74
    0
 42
1e-07
 43
1e-07
 40
0
 40
0
 40
0
 40
0
 40
0.5123938697
 40
1
 40
1
 40
1
 40
1
 10
143.5230266225791
 20
173.6762544087665
 30
0
 10
143.3282650069791
 20
173.6793739763665
 30
0
 10
142.9480212625791
 20
173.7154402112665
 30
0
 10
142.5781101202791
 20
173.8102514686665
 30
0
 10
142.4027827319791
 20
173.8704174649665
 30
0
  0
SPLINE
  5
5B7
100
AcDbEntity
  8
09_ROUNDS
  6
CONTINUOUS
 62
    9
370
   -1
100
AcDbSpline
210
0
220
0
230
0
 70
 4096
 71
    3
 72
   18
 73
   14
 74
    0
 42
1e-07
 43
1e-07
 40
0
 40
0
 40
0
 40
0
 40
0.2401371491
 40
0.4434516198
 40
0.6096381752000001
 40
0.7389290403000001
 40
0.8325978305
 40
0.8672865517
 40
0.8952869472
 40
0.9189033034
 40
0.9417949629000001
 40
0.9679124011
 40
1
 40
1
 40
1
 40
1
 10
141.5275608950791
 20
174.3402094111665
 30
0
 10
141.5191552980791
 20
174.3475413496665
 30
0
 10
141.5038511749791
 20
174.3613376954665
 30
0
 10
141.4836553021791
 20
174.3811958369665
 30
0
 10
141.4680580421791
 20
174.3983642704665
 30
0
 10
141.4570548783791
 20
174.4127096545665
 30
0
 10
141.4509953152791
 20
174.4231520848665
 30
0
 10
141.4488401604791
 20
174.4301252862665
 30
0
 10
141.4485302715791
 20
174.4341728335665
 30
0
 10
141.4494932376791
 20
174.4376030282665
 30
0
 10
141.4518383986791
 20
174.4401820125665
 30
0
 10
141.4553171847791
 20
174.4417915102665
 30
0
 10
141.4579982474791
 20
174.4422694052665
 30
0
 10
141.4594807561791
 20
174.4424227425665
 30
0
  0
SPLINE
  5
5B8
100
AcDbEntity
  8
09_ROUNDS
  6
CONTINUOUS
 62
    7
370
   -1
100
AcDbSpline
210
0
220
0
230
0
 70
 4096
 71
    3
 72
   24
 73
   20
 74
    0
 42
1e-07
 43
1e-07
 40
0
 40
0
 40
0
 40
0
 40
0.1774366776
 40
0.3497465914
 40
0.5148625974000001
 40
0.5937135262000001
 40
0.6693071899
 40
0.7407142992
 40
0.8067587457000001
 40
0.8657089248000001
 40
0.9153213993
 40
0.935746913
 40
0.9527555226000001
 40
0.9659771474000001
 40
0.9751514189
 40
0.9803968977
 40
0.9837246169
 40
0.9898420344000001
 40
1
 40
1
 40
1
 40
1
 10
142.2689917037791
 20
173.9001135816665
 30
0
 10
142.2768532440791
 20
173.8970941308665
 30
0
 10
142.2923584694791
 20
173.8911666546665
 30
0
 10
142.3152013108791
 20
173.8824869987665
 30
0
 10
142.3336726172791
 20
173.8754756631665
 30
0
 10
142.3478407167791
 20
173.8700626500665
 30
0
 10
142.3578439387791
 20
173.8662105371665
 30
0
 10
142.3672632139791
 20
173.8625330494665
 30
0
 10
142.3759213666791
 20
173.8590804181665
 30
0
 10
142.3835824094791
 20
173.8559152750665
 30
0
 10
142.3891892192791
 20
173.8534658691665
 30
0
 10
142.3929267250791
 20
173.8516865825665
 30
0
 10
142.3950467516791
 20
173.8505865468665
 30
0
 10
142.3967041967791
 20
173.8496308054665
 30
0
 10
142.3976787074791
 20
173.8488839139665
 30
0
 10
142.3984185410791
 20
173.8482046735665
 30
0
 10
142.3980152440791
 20
173.8474797186665
 30
0
 10
142.3969980517791
 20
173.8474370972665
 30
0
 10
142.3962584666791
 20
173.8473927888665
 30
0
 10
142.3957766290791
 20
173.8474091349665
 30
0
  0
SPLINE
  5
5B9
100
AcDbEntity
  8
0
  6
CONTINUOUS
 62
    7
370
   -1
100
AcDbSpline
210
0
220
0
230
0
 70
 4096
 71
    3
 72
   11
 73
    7
 74
    0
 42
1e-07
 43
1e-07
 40
0
 40
0
 40
0
 40
0
 40
0.2650415843
 40
0.5234468146
 40
0.7695495034000001
 40
1
 40
1
 40
1
 40
1
 10
117.6579602973791
 20
143.1295279543665
 30
0
 10
117.6579602973791
 20
143.0311893954665
 30
0
 10
117.6506397090791
 20
142.8368885614665
 30
0
 10
117.6165792759791
 20
142.5530155747665
 30
0
 10
117.5568575057791
 20
142.2863975158665
 30
0
 10
117.4951453903791
 20
142.1197726695665
 30
0
 10
117.4582716715791
 20
142.0426280146665
 30
0
  0
SPLINE
  5
5BA
100
AcDbEntity
  8
09_ROUNDS
  6
CONTINUOUS
 62
    7
370
   -1
100
AcDbSpline
210
0
220
0
230
0
 70
 4096
 71
    3
 72
   23
 73
   19
 74
    0
 42
1e-07
 43
1e-07
 40
0
 40
0
 40
0
 40
0
 40
0.0054591468
 40
0.013289878
 40
0.0338882717
 40
0.0585564542
 40
0.0855889821
 40
0.1141113973
 40
0.1436446859
 40
0.2047171612
 40
0.2675569065
 40
0.3315794777
 40
0.396469707
 40
0.4620380179
 40
0.5947381865
 40
0.7290078392
 40
0.8643124985
 40
1
 40
1
 40
1
 40
1
 10
124.9957766290791
 20
173.8474091349665
 30
0
 10
124.9941132709791
 20
173.8474655634665
 30
0
 10
124.9900863109791
 20
173.8480067959665
 30
0
 10
124.9799268879791
 20
173.8498587142665
 30
0
 10
124.9641428076791
 20
173.8534968389665
 30
0
 10
124.9427820008791
 20
173.8589247026665
 30
0
 10
124.9191863421791
 20
173.8653673697665
 30
0
 10
124.8942539716791
 20
173.8725304355665
 30
0
 10
124.8594667513791
 20
173.8829670403665
 30
0
 10
124.8148763657791
 20
173.8971243971665
 30
0
 10
124.7606037007791
 20
173.9154975893665
 30
0
 10
124.7055784061791
 20
173.9352471415665
 30
0
 10
124.6501342215791
 20
173.9562646258665
 30
0
 10
124.5756223710791
 20
173.9860158072665
 30
0
 10
124.4824699363791
 20
174.0260792026665
 30
0
 10
124.3715507307791
 20
174.0784599203665
 30
0
 10
124.2617525655791
 20
174.1351649664665
 30
0
 10
124.1897512474791
 20
174.1757233363665
 30
0
 10
124.1540957788791
 20
174.1966968685665
 30
0
  0
SPLINE
  5
5BB
100
AcDbEntity
  8
0
  6
CONTINUOUS
 62
    7
370
   -1
100
AcDbSpline
210
0
220
0
230
0
 70
 4096
 71
    3
 72
    9
 73
    5
 74
    0
 42
1e-07
 43
1e-07
 40
0
 40
0
 40
0
 40
0
 40
0.2453372887
 40
1
 40
1
 40
1
 40
1
 10
117.9072811703791
 20
137.2471780527665
 30
0
 10
117.9120917361791
 20
137.2583642182665
 30
0
 10
117.9301929770791
 20
137.3046026603665
 30
0
 10
117.9422278220791
 20
137.3531342618665
 30
0
 10
117.9482716715791
 20
137.3900991939665
 30
0
  0
SPLINE
  5
5BC
100
AcDbEntity
  8
0
  6
CONTINUOUS
 62
    7
370
   -1
100
AcDbSpline
210
0
220
0
230
0
 70
 4096
 71
    3
 72
   10
 73
    6
 74
    0
 42
1e-07
 43
1e-07
 40
0
 40
0
 40
0
 40
0
 40
0.5725690475
 40
0.807190814
 40
1
 40
1
 40
1
 40
1
 10
117.6582716715791
 20
136.6745449481665
 30
0
 10
117.7020116998791
 20
136.7854109737665
 30
0
 10
117.7687598840791
 20
136.9396937639665
 30
0
 10
117.8549175294791
 20
137.1291641292665
 30
0
 10
117.8914257003791
 20
137.2103088110665
 30
0
 10
117.9072811703791
 20
137.2471780527665
 30
0
  0
SPLINE
  5
5BD
100
AcDbEntity
  8
0
  6
CONTINUOUS
 62
    7
370
   -1
100
AcDbSpline
210
0
220
0
230
0
 70
 4096
 71
    3
 72
   25
 73
   21
 74
    0
 42
1e-07
 43
1e-07
 40
0
 40
0
 40
0
 40
0
 40
0.1587807977
 40
0.2344100773
 40
0.2676536772
 40
0.2941679095
 40
0.3052841825
 40
0.3159191308
 40
0.3379618971
 40
0.3622185522
 40
0.388317784
 40
0.4157509582
 40
0.4441471124
 40
0.5028844903
 40
0.5632957006
 40
0.624719008
 40
0.6867672363
 40
0.7491946183
 40
0.8745684972000001
 40
1
 40
1
 40
1
 40
1
 10
117.4582716715791
 20
136.5238018657665
 30
0
 10
117.4582716715791
 20
136.4978252309665
 30
0
 10
117.4598017691791
 20
136.4594160777665
 30
0
 10
117.4686003554791
 20
136.4161452284665
 30
0
 10
117.4776962178791
 20
136.3958786768665
 30
0
 10
117.4859699520791
 20
136.3869670028665
 30
0
 10
117.4936273665791
 20
136.3844498997665
 30
0
 10
117.5009051038791
 20
136.3846096807665
 30
0
 10
117.5096517241791
 20
136.3885497131665
 30
0
 10
117.5188407886791
 20
136.3960736798665
 30
0
 10
117.5275019695791
 20
136.4054415180665
 30
0
 10
117.5357101453791
 20
136.4160486349665
 30
0
 10
117.5463010984791
 20
136.4315222266665
 30
0
 10
117.5586794308791
 20
136.4522670781665
 30
0
 10
117.5726063053791
 20
136.4783257000665
 30
0
 10
117.5859395008791
 20
136.5052973201665
 30
0
 10
117.5988027626791
 20
136.5328582093665
 30
0
 10
117.6154610033791
 20
136.5701869091665
 30
0
 10
117.6354238786791
 20
136.6173886023665
 30
0
 10
117.6507405762791
 20
136.6554561949665
 30
0
 10
117.6582716715791
 20
136.6745449481665
 30
0
  0
SPLINE
  5
5BE
100
AcDbEntity
  8
0
  6
CONTINUOUS
 62
    7
370
   -1
100
AcDbSpline
210
0
220
0
230
0
 70
 4096
 71
    3
 72
   25
 73
   21
 74
    0
 42
1e-07
 43
1e-07
 40
0
 40
0
 40
0
 40
0
 40
0.1254312564
 40
0.2508048955
 40
0.3132321584
 40
0.3752802809
 40
0.436703521
 40
0.4971145635
 40
0.5558519365
 40
0.5842480672
 40
0.6116812577
 40
0.637780215
 40
0.6620363577
 40
0.6840801038000001
 40
0.6947155619000001
 40
0.7058323464
 40
0.7323451281000001
 40
0.7655892746
 40
0.8412186098000001
 40
1
 40
1
 40
1
 40
1
 10
117.6582716715791
 20
149.5845109605665
 30
0
 10
117.6507405900791
 20
149.6035996788665
 30
0
 10
117.6354239150791
 20
149.6416672008665
 30
0
 10
117.6154610776791
 20
149.6888688097665
 30
0
 10
117.5988028691791
 20
149.7261974469665
 30
0
 10
117.5859396221791
 20
149.7537582939665
 30
0
 10
117.5726065079791
 20
149.7807298980665
 30
0
 10
117.5586795843791
 20
149.8067884515665
 30
0
 10
117.5463013589791
 20
149.8275333349665
 30
0
 10
117.5357104275791
 20
149.8430069373665
 30
0
 10
117.5275023517791
 20
149.8536140867665
 30
0
 10
117.5188412364791
 20
149.8629817841665
 30
0
 10
117.5096522052791
 20
149.8705059411665
 30
0
 10
117.5009054632791
 20
149.8744458149665
 30
0
 10
117.4936273917791
 20
149.8746062636665
 30
0
 10
117.4859700588791
 20
149.8720889421665
 30
0
 10
117.4776962852791
 20
149.8631775788665
 30
0
 10
117.4686006074791
 20
149.8429109773665
 30
0
 10
117.4598015668791
 20
149.7996401378665
 30
0
 10
117.4582716715791
 20
149.7612307781665
 30
0
 10
117.4582716715791
 20
149.7352540429665
 30
0
  0
SPLINE
  5
5BF
100
AcDbEntity
  8
0
  6
CONTINUOUS
 62
    7
370
   -1
100
AcDbSpline
210
0
220
0
230
0
 70
 4096
 71
    3
 72
   10
 73
    6
 74
    0
 42
1e-07
 43
1e-07
 40
0
 40
0
 40
0
 40
0
 40
0.1928091526
 40
0.4274309103
 40
1
 40
1
 40
1
 40
1
 10
117.9072811703791
 20
149.0118778560665
 30
0
 10
117.8914257031791
 20
149.0487470913665
 30
0
 10
117.8549175364791
 20
149.1298917653665
 30
0
 10
117.7687598898791
 20
149.3193621301665
 30
0
 10
117.7020117030791
 20
149.4736449268665
 30
0
 10
117.6582716715791
 20
149.5845109605665
 30
0
  0
SPLINE
  5
5C0
100
AcDbEntity
  8
0
  6
CONTINUOUS
 62
    9
370
   -1
100
AcDbSpline
210
0
220
0
230
0
 70
 4096
 71
    3
 72
   19
 73
   15
 74
    0
 42
1e-07
 43
1e-07
 40
0
 40
0
 40
0
 40
0
 40
0.194556953
 40
0.3816340077
 40
0.5540803752
 40
0.7052729196
 40
0.7710524348000001
 40
0.8294290024000001
 40
0.8798461847
 40
0.9218264313000001
 40
0.9549884396
 40
0.9790485933
 40
0.9938880155000001
 40
1
 40
1
 40
1
 40
1
 10
117.6582716715791
 20
135.3982512110665
 30
0
 10
117.6452651357791
 20
135.3982512110665
 30
0
 10
117.6197520301791
 20
135.3983465861665
 30
0
 10
117.5827125326791
 20
135.3987721462665
 30
0
 10
117.5485769781791
 20
135.3994615656665
 30
0
 10
117.5225541094791
 20
135.4002608901665
 30
0
 10
117.5041642148791
 20
135.4010366517665
 30
0
 10
117.4925050254791
 20
135.4016373366665
 30
0
 10
117.4824568713791
 20
135.4022726968665
 30
0
 10
117.4740563663791
 20
135.4029468778665
 30
0
 10
117.4675446982791
 20
135.4036150403665
 30
0
 10
117.4625762819791
 20
135.4043426267665
 30
0
 10
117.4599999363791
 20
135.4049227059665
 30
0
 10
117.4582716715791
 20
135.4055777565665
 30
0
 10
117.4582716715791
 20
135.4059863553665
 30
0
  0
SPLINE
  5
5C1
100
AcDbEntity
  8
0
  6
CONTINUOUS
 62
    9
370
   -1
100
AcDbSpline
210
0
220
0
230
0
 70
 4096
 71
    3
 72
   19
 73
   15
 74
    0
 42
1e-07
 43
1e-07
 40
0
 40
0
 40
0
 40
0
 40
0.1945564071
 40
0.3816334558
 40
0.5540801906
 40
0.7052712674
 40
0.7710537655
 40
0.8294284659000001
 40
0.8798456668
 40
0.9218268975
 40
0.9549875005
 40
0.9790493934000001
 40
0.9938874857000001
 40
1
 40
1
 40
1
 40
1
 10
117.6582716715791
 20
150.8608049000665
 30
0
 10
117.6452651767791
 20
150.8608049000665
 30
0
 10
117.6197521166791
 20
150.8607095328665
 30
0
 10
117.5827126445791
 20
150.8602839580665
 30
0
 10
117.5485771745791
 20
150.8595945688665
 30
0
 10
117.5225541923791
 20
150.8587951438665
 30
0
 10
117.5041643234791
 20
150.8580195039665
 30
0
 10
117.4925050621791
 20
150.8574187619665
 30
0
 10
117.4824569793791
 20
150.8567833803665
 30
0
 10
117.4740564743791
 20
150.8561092880665
 30
0
 10
117.4675447900791
 20
150.8554409663665
 30
0
 10
117.4625762725791
 20
150.8547137312665
 30
0
 10
117.4600001446791
 20
150.8541330702665
 30
0
 10
117.4582716715791
 20
150.8534783896665
 30
0
 10
117.4582716715791
 20
150.8530697555665
 30
0
  0
SPLINE
  5
5C2
100
AcDbEntity
  8
0
  6
CONTINUOUS
 62
    7
370
   -1
100
AcDbSpline
210
0
220
0
230
0
 70
 4096
 71
    3
 72
   19
 73
   15
 74
    0
 42
1e-07
 43
1e-07
 40
0
 40
0
 40
0
 40
0
 40
0.1947093594
 40
0.3819181832
 40
0.5544598926000001
 40
0.7057032986
 40
0.7714911322
 40
0.8298651353000001
 40
0.880269298
 40
0.9222259496
 40
0.9553520972
 40
0.9793588772
 40
0.994111262
 40
1
 40
1
 40
1
 40
1
 10
117.6582716715791
 20
168.1260358774665
 30
0
 10
117.6452613327791
 20
168.1260360904665
 30
0
 10
117.6197417783791
 20
168.1259495750665
 30
0
 10
117.5826947028791
 20
168.1255653384665
 30
0
 10
117.5485561737791
 20
168.1249425308665
 30
0
 10
117.5225335022791
 20
168.1242207326665
 30
0
 10
117.5041461088791
 20
168.1235200041665
 30
0
 10
117.4924897550791
 20
168.1229779992665
 30
0
 10
117.4824471986791
 20
168.1224034160665
 30
0
 10
117.4740460353791
 20
168.1217975630665
 30
0
 10
117.4675513380791
 20
168.1211868680665
 30
0
 10
117.4625596139791
 20
168.1205492042665
 30
0
 10
117.4600463730791
 20
168.1199945111665
 30
0
 10
117.4582716715791
 20
168.1194452047665
 30
0
 10
117.4582716715791
 20
168.1190517235665
 30
0
  0
SPLINE
  5
5C3
100
AcDbEntity
  8
0
  6
CONTINUOUS
 62
    9
370
   -1
100
AcDbSpline
210
0
220
0
230
0
 70
 4096
 71
    3
 72
   17
 73
   13
 74
    0
 42
1e-07
 43
1e-07
 40
0
 40
0
 40
0
 40
0
 40
0.1935075188
 40
0.3796012919
 40
0.5511972001000001
 40
0.7017421516
 40
0.825533029
 40
0.9179648309
 40
0.9513737128
 40
0.9759233516
 40
0.991705952
 40
1
 40
1
 40
1
 40
1
 10
117.6582716715791
 20
183.7620652544665
 30
0
 10
117.6452649232791
 20
183.7620652544665
 30
0
 10
117.6197494810791
 20
183.7618933111665
 30
0
 10
117.5827066353791
 20
183.7611252001665
 30
0
 10
117.5485675794791
 20
183.7598828846665
 30
0
 10
117.5186335763791
 20
183.7582200919665
 30
0
 10
117.4940698006791
 20
183.7562251028665
 30
0
 10
117.4773804837791
 20
183.7541992711665
 30
0
 10
117.4674624268791
 20
183.7523864255665
 30
0
 10
117.4626204751791
 20
183.7510541250665
 30
0
 10
117.4596553204791
 20
183.7499805994665
 30
0
 10
117.4582716715791
 20
183.7486714502665
 30
0
 10
117.4582716715791
 20
183.7481139597665
 30
0
  0
SPLINE
  5
5C4
100
AcDbEntity
  8
08_DRAFTS
  6
CONTINUOUS
 62
    7
370
   -1
100
AcDbSpline
210
0
220
0
230
0
 70
 4096
 71
    3
 72
   24
 73
   20
 74
    0
 42
1e-07
 43
1e-07
 40
0
 40
0
 40
0
 40
0
 40
0.007018178700000001
 40
0.0125526822
 40
0.017389322
 40
0.0226444412
 40
0.0292311691
 40
0.0376390161
 40
0.0481022603
 40
0.0607403928
 40
0.09274399
 40
0.1338667006
 40
0.1840945617
 40
0.243298602
 40
0.3112641699
 40
0.3877003764
 40
0.5644525184
 40
0.7699762871
 40
1
 40
1
 40
1
 40
1
 10
123.7908089478791
 20
174.6381931955665
 30
0
 10
123.7888988471791
 20
174.6382264502665
 30
0
 10
123.7854625351791
 20
174.6380312947665
 30
0
 10
123.7808906425791
 20
174.6364019673665
 30
0
 10
123.7778745750791
 20
174.6331344462665
 30
0
 10
123.7768449416791
 20
174.6285577245665
 30
0
 10
123.7774813124791
 20
174.6230311471665
 30
0
 10
123.7796122750791
 20
174.6164076430665
 30
0
 10
123.7832609442791
 20
174.6086291794665
 30
0
 10
123.7907929630791
 20
174.5956423616665
 30
0
 10
123.8044500334791
 20
174.5766534488665
 30
0
 10
123.8259625530791
 20
174.5508552203665
 30
0
 10
123.8538521566791
 20
174.5208035012665
 30
0
 10
123.8881592057791
 20
174.4868055110665
 30
0
 10
123.9289161170791
 20
174.4492313667665
 30
0
 10
123.9951129138791
 20
174.3921129601665
 30
0
 10
124.0935501439791
 20
174.3151546779665
 30
0
 10
124.2307394597791
 20
174.2203501577665
 30
0
 10
124.3321943282791
 20
174.1588375351665
 30
0
 10
124.3866604346791
 20
174.1279517018665
 30
0
  0
SPLINE
  5
5C5
100
AcDbEntity
  8
0
  6
CONTINUOUS
 62
    7
370
   -1
100
AcDbSpline
210
0
220
0
230
0
 70
 4096
 71
    3
 72
    9
 73
    5
 74
    0
 42
1e-07
 43
1e-07
 40
0
 40
0
 40
0
 40
0
 40
0.2571591122
 40
1
 40
1
 40
1
 40
1
 10
117.9582716715791
 20
137.4039730780665
 30
0
 10
117.9582716715791
 20
137.3930678339665
 30
0
 10
117.9574973578791
 20
137.3506688504665
 30
0
 10
117.9534577961791
 20
137.3082978021665
 30
0
 10
117.9482716715791
 20
137.2772262774665
 30
0
  0
SPLINE
  5
5C6
100
AcDbEntity
  8
0
  6
CONTINUOUS
 62
    7
370
   -1
100
AcDbSpline
210
0
220
0
230
0
 70
 4096
 71
    3
 72
    9
 73
    5
 74
    0
 42
1e-07
 43
1e-07
 40
0
 40
0
 40
0
 40
0
 40
0.2433788002
 40
1
 40
1
 40
1
 40
1
 10
117.9482716715791
 20
148.9818296312665
 30
0
 10
117.9499708789791
 20
148.9716492041665
 30
0
 10
117.9559878467791
 20
148.9296602604665
 30
0
 10
117.9582716715791
 20
148.8871697828665
 30
0
 10
117.9582716715791
 20
148.8550828307665
 30
0
  0
SPLINE
  5
5C7
100
AcDbEntity
  8
09_ROUNDS
  6
CONTINUOUS
 62
    9
370
   -1
100
AcDbSpline
210
0
220
0
230
0
 70
 4096
 71
    3
 72
    9
 73
    5
 74
    0
 42
1e-07
 43
1e-07
 40
0
 40
0
 40
0
 40
0
 40
0.5123938697
 40
1
 40
1
 40
1
 40
1
 10
126.1230266225791
 20
173.6762544087665
 30
0
 10
125.9282650069791
 20
173.6793739763665
 30
0
 10
125.5480212625791
 20
173.7154402112665
 30
0
 10
125.1781101202791
 20
173.8102514686665
 30
0
 10
125.0027827319791
 20
173.8704174649665
 30
0
  0
SPLINE
  5
5C8
100
AcDbEntity
  8
09_ROUNDS
  6
CONTINUOUS
 62
    9
370
   -1
100
AcDbSpline
210
0
220
0
230
0
 70
 4096
 71
    3
 72
   12
 73
    8
 74
    0
 42
1e-07
 43
1e-07
 40
0
 40
0
 40
0
 40
0
 40
0.3160725124
 40
0.5961622418
 40
0.8278946965
 40
0.9219982251000001
 40
1
 40
1
 40
1
 40
1
 10
124.9077515955791
 20
173.9045922496665
 30
0
 10
124.8192581401791
 20
173.9378938318665
 30
0
 10
124.6548422199791
 20
174.0076578498665
 30
0
 10
124.4355339670791
 20
174.1232622688665
 30
0
 10
124.2823506066791
 20
174.2206274413665
 30
0
 10
124.1850821933791
 20
174.2923292361665
 30
0
 10
124.1451452780791
 20
174.3248711055665
 30
0
 10
124.1275608950791
 20
174.3402094111665
 30
0
  0
SPLINE
  5
5C9
100
AcDbEntity
  8
09_ROUNDS
  6
CONTINUOUS
 62
    9
370
   -1
100
AcDbSpline
210
0
220
0
230
0
 70
 4096
 71
    3
 72
   18
 73
   14
 74
    0
 42
1e-07
 43
1e-07
 40
0
 40
0
 40
0
 40
0
 40
0.2401371491
 40
0.4434516198
 40
0.6096381752000001
 40
0.7389290403000001
 40
0.8325978305
 40
0.8672865517
 40
0.8952869472
 40
0.9189033034
 40
0.9417949629000001
 40
0.9679124011
 40
1
 40
1
 40
1
 40
1
 10
124.1275608950791
 20
174.3402094111665
 30
0
 10
124.1191552980791
 20
174.3475413496665
 30
0
 10
124.1038511749791
 20
174.3613376954665
 30
0
 10
124.0836553021791
 20
174.3811958369665
 30
0
 10
124.0680580421791
 20
174.3983642704665
 30
0
 10
124.0570548783791
 20
174.4127096545665
 30
0
 10
124.0509953152791
 20
174.4231520848665
 30
0
 10
124.0488401604791
 20
174.4301252862665
 30
0
 10
124.0485302715791
 20
174.4341728335665
 30
0
 10
124.0494932376791
 20
174.4376030282665
 30
0
 10
124.0518383986791
 20
174.4401820125665
 30
0
 10
124.0553171847791
 20
174.4417915102665
 30
0
 10
124.0579982474791
 20
174.4422694052665
 30
0
 10
124.0594807561791
 20
174.4424227425665
 30
0
  0
SPLINE
  5
5CA
100
AcDbEntity
  8
0
  6
CONTINUOUS
 62
    3
370
   -1
100
AcDbSpline
210
0
220
0
230
0
 70
 4096
 71
    3
 72
   15
 73
   11
 74
    0
 42
1e-07
 43
1e-07
 40
0
 40
0
 40
0
 40
0
 40
0.06673512670000001
 40
0.1425804121
 40
0.2338508729
 40
0.3441604896
 40
0.4753658707
 40
0.6282588309
 40
0.8031303440000001
 40
1
 40
1
 40
1
 40
1
 10
184.5301936783791
 20
133.9920079644665
 30
0
 10
184.5398771169791
 20
133.9920162595665
 30
0
 10
184.5606918458791
 20
133.9964075783665
 30
0
 10
184.5899010603791
 20
134.0145338470665
 30
0
 10
184.6184181132791
 20
134.0432818200665
 30
0
 10
184.6466817483791
 20
134.0825974644665
 30
0
 10
184.6748997732791
 20
134.1324745231665
 30
0
 10
184.7031490273791
 20
134.1928365388665
 30
0
 10
184.7314375233791
 20
134.2635435486665
 30
0
 10
184.7492701290791
 20
134.3144675839665
 30
0
 10
184.7582716715791
 20
134.3415785775665
 30
0
  0
SPLINE
  5
5CB
100
AcDbEntity
  8
0
  6
CONTINUOUS
 62
    3
370
   -1
100
AcDbSpline
210
0
220
0
230
0
 70
 4096
 71
    3
 72
   20
 73
   16
 74
    0
 42
1e-07
 43
1e-07
 40
0
 40
0
 40
0
 40
0
 40
0.0499085699
 40
0.0814748522
 40
0.1192503551
 40
0.1583655732
 40
0.1974172355
 40
0.2508906706
 40
0.3104448715
 40
0.3785672923
 40
0.4634187106
 40
0.5420169856
 40
0.6022535505000001
 40
0.7295111148
 40
1
 40
1
 40
1
 40
1
 10
184.7660885016791
 20
134.3621990862665
 30
0
 10
184.7691711675791
 20
134.3714982355665
 30
0
 10
184.7766905388791
 20
134.3858939901665
 30
0
 10
184.7909552796791
 20
134.4044617608665
 30
0
 10
184.8053318727791
 20
134.4202150308665
 30
0
 10
184.8221677492791
 20
134.4355568281665
 30
0
 10
184.8422810079791
 20
134.4518163677665
 30
0
 10
184.8671945288791
 20
134.4683240212665
 30
0
 10
184.8975838602791
 20
134.4867889571665
 30
0
 10
184.9339903178791
 20
134.5071725783665
 30
0
 10
184.9738079049791
 20
134.5290999683665
 30
0
 10
185.0127378268791
 20
134.5494196547665
 30
0
 10
185.0595427679791
 20
134.5726057739665
 30
0
 10
185.1400406421791
 20
134.6126323310665
 30
0
 10
185.2104608724791
 20
134.6463547923665
 30
0
 10
185.2582716715791
 20
134.6694472594665
 30
0
  0
SPLINE
  5
5CC
100
AcDbEntity
  8
0
  6
CONTINUOUS
 62
    3
370
   -1
100
AcDbSpline
210
0
220
0
230
0
 70
 4096
 71
    3
 72
   17
 73
   13
 74
    0
 42
1e-07
 43
1e-07
 40
0
 40
0
 40
0
 40
0
 40
0.1636535023
 40
0.3236242207
 40
0.4762862394
 40
0.6180303011
 40
0.7452482243
 40
0.8541294251
 40
0.9003576612
 40
0.940327059
 40
0.9734815086
 40
1
 40
1
 40
1
 40
1
 10
185.2582716715791
 20
134.6694472594665
 30
0
 10
185.3097939259791
 20
134.6694472594665
 30
0
 10
185.4117072877791
 20
134.6725700933665
 30
0
 10
185.5611107127791
 20
134.6863373386665
 30
0
 10
185.7025805542791
 20
134.7081310882665
 30
0
 10
185.8324058245791
 20
134.7361436201665
 30
0
 10
185.9471741754791
 20
134.7676209126665
 30
0
 10
186.0317781085791
 20
134.7949318523665
 30
0
 10
186.0901617838791
 20
134.8139357189665
 30
0
 10
186.1262261344791
 20
134.8246520123665
 30
0
 10
186.1568360357791
 20
134.8312910295665
 30
0
 10
186.1760981731791
 20
134.8315476438665
 30
0
 10
186.1841829166791
 20
134.8294649632665
 30
0
  0
SPLINE
  5
5CD
100
AcDbEntity
  8
0
  6
CONTINUOUS
 62
    3
370
   -1
100
AcDbSpline
210
0
220
0
230
0
 70
 4096
 71
    3
 72
   21
 73
   17
 74
    0
 42
1e-07
 43
1e-07
 40
0
 40
0
 40
0
 40
0
 40
0.186892261
 40
0.2958453642
 40
0.3607028851
 40
0.426156728
 40
0.5224037918000001
 40
0.6212360534
 40
0.7541768738
 40
0.7924516284000001
 40
0.8232515469
 40
0.8770319428000001
 40
0.9058633714000001
 40
0.9454642757
 40
0.9763665718000001
 40
1
 40
1
 40
1
 40
1
 10
185.2582716715791
 20
135.8351662016665
 30
0
 10
185.2257295976791
 20
135.8766324033665
 30
0
 10
185.1730315763791
 20
135.9413554786665
 30
0
 10
185.1066349588791
 20
136.0184361090665
 30
0
 10
185.0621539997791
 20
136.0691840246665
 30
0
 10
185.0196259131791
 20
136.1168736211665
 30
0
 10
184.9713178677791
 20
136.1722511310665
 30
0
 10
184.9102623027791
 20
136.2417225315665
 30
0
 10
184.8619909775791
 20
136.3008143042665
 30
0
 10
184.8302012009791
 20
136.3481409852665
 30
0
 10
184.8127875279791
 20
136.3781192401665
 30
0
 10
184.7988993674791
 20
136.4069889135665
 30
0
 10
184.7857628878791
 20
136.4388530103665
 30
0
 10
184.7761161370791
 20
136.4651953997665
 30
0
 10
184.7693755956791
 20
136.4908961401665
 30
0
 10
184.7666597317791
 20
136.5060821950665
 30
0
 10
184.7660885016791
 20
136.5127232128665
 30
0
  0
SPLINE
  5
5CE
100
AcDbEntity
  8
0
  6
CONTINUOUS
 62
    3
370
   -1
100
AcDbSpline
210
0
220
0
230
0
 70
 4096
 71
    3
 72
   12
 73
    8
 74
    0
 42
1e-07
 43
1e-07
 40
0
 40
0
 40
0
 40
0
 40
0.1610696688
 40
0.3489286837
 40
0.4707192087
 40
0.6182930157000001
 40
1
 40
1
 40
1
 40
1
 10
186.1841829166791
 20
134.8294649632665
 30
0
 10
186.1896519452791
 20
134.8280561072665
 30
0
 10
186.2011379342791
 20
134.8223480889665
 30
0
 10
186.2102301093791
 20
134.8078095407665
 30
0
 10
186.2151688086791
 20
134.7925652209665
 30
0
 10
186.2193971969791
 20
134.7700643528665
 30
0
 10
186.2201341743791
 20
134.7514382942665
 30
0
 10
186.2201341743791
 20
134.7380545181665
 30
0
  0
SPLINE
  5
5CF
100
AcDbEntity
  8
0
  6
CONTINUOUS
 62
    3
370
   -1
100
AcDbSpline
210
0
220
0
230
0
 70
 4096
 71
    3
 72
    9
 73
    5
 74
    0
 42
1e-07
 43
1e-07
 40
0
 40
0
 40
0
 40
0
 40
0.4930492559
 40
1
 40
1
 40
1
 40
1
 10
186.2582716715791
 20
137.0473460637665
 30
0
 10
186.2582716715791
 20
137.0182030311665
 30
0
 10
186.2516532422791
 20
136.9589207174665
 30
0
 10
186.2324733701791
 20
136.9025121127665
 30
0
 10
186.2201341743791
 20
136.8752059121665
 30
0
  0
SPLINE
  5
5D0
100
AcDbEntity
  8
0
  6
CONTINUOUS
 62
    3
370
   -1
100
AcDbSpline
210
0
220
0
230
0
 70
 4096
 71
    3
 72
   17
 73
   13
 74
    0
 42
1e-07
 43
1e-07
 40
0
 40
0
 40
0
 40
0
 40
0.0273860876
 40
0.0578549151
 40
0.1222968398
 40
0.1867871004
 40
0.2498936243
 40
0.372685766
 40
0.4942701162
 40
0.6173516778
 40
0.7430587375000001
 40
1
 40
1
 40
1
 40
1
 10
186.2201341743791
 20
136.6809194217665
 30
0
 10
186.2201341743791
 20
136.6679420841665
 30
0
 10
186.2189337842791
 20
136.6405241391665
 30
0
 10
186.2129257079791
 20
136.5828628967665
 30
0
 10
186.1991658957791
 20
136.5084453668665
 30
0
 10
186.1737390727791
 20
136.4209012237665
 30
0
 10
186.1288133869791
 20
136.3108836919665
 30
0
 10
186.0519517637791
 20
136.1855999792665
 30
0
 10
185.9299548003791
 20
136.0595770704665
 30
0
 10
185.7838836303791
 20
135.9601817311665
 30
0
 10
185.5634032166791
 20
135.8638681509665
 30
0
 10
185.3800274171791
 20
135.8351662016665
 30
0
 10
185.2582716715791
 20
135.8351662016665
 30
0
  0
ELLIPSE
  5
5D1
100
AcDbEntity
  8
03_AXES
  6
CONTINUOUS
 62
    7
370
   -1
100
AcDbEllipse
 10
147.6082716715791
 20
186.2052638856665
 30
0
 11
-2.597868168633439e-17
 21
-0.4242640687
 31
0
 40
0.7071067812
 41
3.1415926536
 42
4.7123889804
  0
ELLIPSE
  5
5D2
100
AcDbEntity
  8
09_ROUNDS
  6
CONTINUOUS
 62
    7
370
   -1
100
AcDbEllipse
 10
160.9507769417791
 20
177.2694256415665
 30
0
 11
0.07505419430000022
 21
3.6061592433
 31
0
 40
0.9950017412000001
 41
2.6486436158
 42
2.7972912884
  0
ELLIPSE
  5
5D3
100
AcDbEntity
  8
03_AXES
  6
CONTINUOUS
 62
    7
370
   -1
100
AcDbEllipse
 10
178.3563244473791
 20
177.6139632067665
 30
0
 11
0.4880116994000003
 21
3.9008239971
 31
0
 40
0.9999920393999999
 41
-2.4644651336
 42
0.123963809
  0
ELLIPSE
  5
5D4
100
AcDbEntity
  8
03_AXES
  6
CONTINUOUS
 62
    7
370
   -1
100
AcDbEllipse
 10
182.4082716715791
 20
100.0537920230665
 30
0
 11
-2.597868168633439e-17
 21
-0.4242640687
 31
0
 40
0.7071067812
 41
-1.5707963268
 42
0
  0
ELLIPSE
  5
5D5
100
AcDbEntity
  8
03_AXES
  6
CONTINUOUS
 62
    7
370
   -1
100
AcDbEllipse
 10
182.4082716715791
 20
186.2052638856665
 30
0
 11
-2.597868168633439e-17
 21
-0.4242640687
 31
0
 40
0.7071067812
 41
3.1415926536
 42
4.7123889804
  0
ELLIPSE
  5
5D6
100
AcDbEntity
  8
03_AXES
  6
CONTINUOUS
 62
    7
370
   -1
100
AcDbEllipse
 10
147.6082716715791
 20
100.0537920230665
 30
0
 11
-2.597868168633439e-17
 21
-0.4242640687
 31
0
 40
0.7071067812
 41
-1.5707963268
 42
0
  0
ELLIPSE
  5
5D7
100
AcDbEntity
  8
03_AXES
  6
CONTINUOUS
 62
    7
370
   -1
100
AcDbEllipse
 10
143.5582716715791
 20
177.6137533913665
 30
0
 11
2.439634464190525e-16
 21
3.9842254369
 31
0
 40
0.9999921621
 41
-3.1415926536
 42
0
  0
ELLIPSE
  5
5D8
100
AcDbEntity
  8
03_AXES
  6
CONTINUOUS
 62
    7
370
   -1
100
AcDbEllipse
 10
130.2082716715791
 20
186.2052638856665
 30
0
 11
-2.597868168633439e-17
 21
-0.4242640687
 31
0
 40
0.7071067812
 41
3.1415926536
 42
4.7123889804
  0
ELLIPSE
  5
5D9
100
AcDbEntity
  8
09_ROUNDS
  6
CONTINUOUS
 62
    7
370
   -1
100
AcDbEllipse
 10
174.3082716715791
 20
186.2052638856665
 30
0
 11
2.597868168633439e-17
 21
0.4242640687
 31
0
 40
0.7071067812
 41
-1.5707963268
 42
0
  0
ELLIPSE
  5
5DA
100
AcDbEntity
  8
09_ROUNDS
  6
CONTINUOUS
 62
    7
370
   -1
100
AcDbEllipse
 10
174.3082716715791
 20
100.0537920230665
 30
0
 11
2.597868168633439e-17
 21
0.4242640687
 31
0
 40
0.7071067812
 41
3.1415926536
 42
4.7123889804
  0
ELLIPSE
  5
5DB
100
AcDbEntity
  8
09_ROUNDS
  6
CONTINUOUS
 62
    7
370
   -1
100
AcDbEllipse
 10
160.9627661890791
 20
177.6115663084665
 30
0
 11
-0.9617167583999999
 21
3.843352636000001
 31
0
 40
0.9999890795
 41
-0.2440619173
 42
2.3646859241
  0
ELLIPSE
  5
5DC
100
AcDbEntity
  8
03_AXES
  6
CONTINUOUS
 62
    7
370
   -1
100
AcDbEllipse
 10
160.9582716715791
 20
177.6113107610665
 30
0
 11
2.460448412026853e-16
 21
4.0182171933
 31
0
 40
0.999989723
 41
0
 42
3.1415926536
  0
ELLIPSE
  5
5DD
100
AcDbEntity
  8
09_ROUNDS
  6
CONTINUOUS
 62
    7
370
   -1
100
AcDbEllipse
 10
143.5627661890791
 20
177.6115663084665
 30
0
 11
-0.9617167583999999
 21
3.843352636000001
 31
0
 40
0.9999890795
 41
-0.2440619173
 42
2.3646859241
  0
ELLIPSE
  5
5DE
100
AcDbEntity
  8
09_ROUNDS
  6
CONTINUOUS
 62
    7
370
   -1
100
AcDbEllipse
 10
122.1082716715791
 20
100.0537920230665
 30
0
 11
2.597868168633439e-17
 21
0.4242640687
 31
0
 40
0.7071067812
 41
3.1415926536
 42
4.7123889804
  0
LINE
  5
5DF
100
AcDbEntity
  8
0
  6
CONTINUOUS
 62
    7
370
   -3
100
AcDbLine
 10
117.4578767935791
 20
100.9292027103665
 11
117.4578767935791
 21
185.3292027103665
  0
ENDSEC
  0
SECTION
  2
OBJECTS
  0
DICTIONARY
  5
C
330
0
100
AcDbDictionary
281
    1
  3
ACAD_GROUP
350
D
  0
DICTIONARY
  5
D
330
C
100
AcDbDictionary
281
    1
  0
PLOTSETTINGS
  5
5E0
100
AcDbPlotSettings
  6
1x1
 40
0
 41
0
 42
0
 43
0
  0
ENDSEC
  0
EOF
