  0
SECTION
  2
HEADER
  9
$ACADVER
  1
AC1032
  9
$ACADMAINTVER
 90
      327
  9
$DWGCODEPAGE
  3
ANSI_1252
  9
$REQUIREDVERSIONS
160
                 0
  9
$INSBASE
 10
0.0
 20
0.0
 30
0.0
  9
$EXTMIN
 10
1.000000000000000E+20
 20
1.000000000000000E+20
 30
1.000000000000000E+20
  9
$EXTMAX
 10
-1.000000000000000E+20
 20
-1.000000000000000E+20
 30
-1.000000000000000E+20
  9
$LIMMIN
 10
0.0
 20
0.0
  9
$LIMMAX
 10
12.0
 20
9.0
  9
$ORTHOMODE
 70
     0
  9
$REGENMODE
 70
     1
  9
$FILLMODE
 70
     1
  9
$QTEXTMODE
 70
     0
  9
$MIRRTEXT
 70
     0
  9
$LTSCALE
 40
1.0
  9
$ATTMODE
 70
     1
  9
$TEXTSIZE
 40
0.2
  9
$TRACEWID
 40
0.05
  9
$TEXTSTYLE
  7
Standard
  9
$CLAYER
  8
0
  9
$CELTYPE
  6
ByLayer
  9
$CECOLOR
 62
   256
  9
$CELTSCALE
 40
1.0
  9
$DISPSILH
 70
     0
  9
$DIMSCALE
 40
1.0
  9
$DIMASZ
 40
0.18
  9
$DIMEXO
 40
0.0625
  9
$DIMDLI
 40
0.38
  9
$DIMRND
 40
0.0
  9
$DIMDLE
 40
0.0
  9
$DIMEXE
 40
0.18
  9
$DIMTP
 40
0.0
  9
$DIMTM
 40
0.0
  9
$DIMTXT
 40
0.18
  9
$DIMCEN
 40
0.09
  9
$DIMTSZ
 40
0.0
  9
$DIMTOL
 70
     0
  9
$DIMLIM
 70
     0
  9
$DIMTIH
 70
     1
  9
$DIMTOH
 70
     1
  9
$DIMSE1
 70
     0
  9
$DIMSE2
 70
     0
  9
$DIMTAD
 70
     0
  9
$DIMZIN
 70
     0
  9
$DIMBLK
  1

  9
$DIMASO
 70
     1
  9
$DIMSHO
 70
     1
  9
$DIMPOST
  1

  9
$DIMAPOST
  1

  9
$DIMALT
 70
     0
  9
$DIMALTD
 70
     2
  9
$DIMALTF
 40
25.4
  9
$DIMLFAC
 40
1.0
  9
$DIMTOFL
 70
     0
  9
$DIMTVP
 40
0.0
  9
$DIMTIX
 70
     0
  9
$DIMSOXD
 70
     0
  9
$DIMSAH
 70
     0
  9
$DIMBLK1
  1

  9
$DIMBLK2
  1

  9
$DIMSTYLE
  2
Standard
  9
$DIMCLRD
 70
     0
  9
$DIMCLRE
 70
     0
  9
$DIMCLRT
 70
     0
  9
$DIMTFAC
 40
1.0
  9
$DIMGAP
 40
0.09
  9
$DIMJUST
 70
     0
  9
$DIMSD1
 70
     0
  9
$DIMSD2
 70
     0
  9
$DIMTOLJ
 70
     1
  9
$DIMTZIN
 70
     0
  9
$DIMALTZ
 70
     0
  9
$DIMALTTZ
 70
     0
  9
$DIMUPT
 70
     0
  9
$DIMDEC
 70
     4
  9
$DIMTDEC
 70
     4
  9
$DIMALTU
 70
     2
  9
$DIMALTTD
 70
     2
  9
$DIMTXSTY
  7
Standard
  9
$DIMAUNIT
 70
     0
  9
$DIMADEC
 70
     0
  9
$DIMALTRND
 40
0.0
  9
$DIMAZIN
 70
     0
  9
$DIMDSEP
 70
    46
  9
$DIMATFIT
 70
     3
  9
$DIMFRAC
 70
     0
  9
$DIMLDRBLK
  1

  9
$DIMLUNIT
 70
     2
  9
$DIMLWD
 70
    -2
  9
$DIMLWE
 70
    -2
  9
$DIMTMOVE
 70
     0
  9
$DIMFXL
 40
1.0
  9
$DIMFXLON
 70
     0
  9
$DIMJOGANG
 40
0.7853981633974483
  9
$DIMTFILL
 70
     0
  9
$DIMTFILLCLR
 70
     0
  9
$DIMARCSYM
 70
     0
  9
$DIMLTYPE
  6

  9
$DIMLTEX1
  6

  9
$DIMLTEX2
  6

  9
$DIMTXTDIRECTION
 70
     0
  9
$LUNITS
 70
     2
  9
$LUPREC
 70
     4
  9
$SKETCHINC
 40
0.1
  9
$FILLETRAD
 40
0.0
  9
$AUNITS
 70
     0
  9
$AUPREC
 70
     0
  9
$MENU
  1
.
  9
$ELEVATION
 40
0.0
  9
$PELEVATION
 40
0.0
  9
$THICKNESS
 40
0.0
  9
$LIMCHECK
 70
     0
  9
$CHAMFERA
 40
0.0
  9
$CHAMFERB
 40
0.0
  9
$CHAMFERC
 40
0.0
  9
$CHAMFERD
 40
0.0
  9
$SKPOLY
 70
     0
  9
$TDCREATE
 40
2461250.494942130
  9
$TDUCREATE
 40
2461250.619942130
  9
$TDUPDATE
 40
2461250.494942130
  9
$TDUUPDATE
 40
2461250.619942130
  9
$TDINDWG
 40
0.0000000000
  9
$TDUSRTIMER
 40
0.0000000000
  9
$USRTIMER
 70
     1
  9
$ANGBASE
 50
0.0
  9
$ANGDIR
 70
     0
  9
$PDMODE
 70
     0
  9
$PDSIZE
 40
0.0
  9
$PLINEWID
 40
0.0
  9
$SPLFRAME
 70
     0
  9
$SPLINETYPE
 70
     6
  9
$SPLINESEGS
 70
     8
  9
$HANDSEED
  5
7D8
  9
$SURFTAB1
 70
     6
  9
$SURFTAB2
 70
     6
  9
$SURFTYPE
 70
     6
  9
$SURFU
 70
     6
  9
$SURFV
 70
     6
  9
$UCSBASE
  2

  9
$UCSNAME
  2

  9
$UCSORG
 10
0.0
 20
0.0
 30
0.0
  9
$UCSXDIR
 10
1.0
 20
0.0
 30
0.0
  9
$UCSYDIR
 10
0.0
 20
1.0
 30
0.0
  9
$UCSORTHOREF
  2

  9
$UCSORTHOVIEW
 70
     0
  9
$UCSORGTOP
 10
0.0
 20
0.0
 30
0.0
  9
$UCSORGBOTTOM
 10
0.0
 20
0.0
 30
0.0
  9
$UCSORGLEFT
 10
0.0
 20
0.0
 30
0.0
  9
$UCSORGRIGHT
 10
0.0
 20
0.0
 30
0.0
  9
$UCSORGFRONT
 10
0.0
 20
0.0
 30
0.0
  9
$UCSORGBACK
 10
0.0
 20
0.0
 30
0.0
  9
$PUCSBASE
  2

  9
$PUCSNAME
  2

  9
$PUCSORG
 10
0.0
 20
0.0
 30
0.0
  9
$PUCSXDIR
 10
1.0
 20
0.0
 30
0.0
  9
$PUCSYDIR
 10
0.0
 20
1.0
 30
0.0
  9
$PUCSORTHOREF
  2

  9
$PUCSORTHOVIEW
 70
     0
  9
$PUCSORGTOP
 10
0.0
 20
0.0
 30
0.0
  9
$PUCSORGBOTTOM
 10
0.0
 20
0.0
 30
0.0
  9
$PUCSORGLEFT
 10
0.0
 20
0.0
 30
0.0
  9
$PUCSORGRIGHT
 10
0.0
 20
0.0
 30
0.0
  9
$PUCSORGFRONT
 10
0.0
 20
0.0
 30
0.0
  9
$PUCSORGBACK
 10
0.0
 20
0.0
 30
0.0
  9
$USERI1
 70
     0
  9
$USERI2
 70
     0
  9
$USERI3
 70
     0
  9
$USERI4
 70
     0
  9
$USERI5
 70
     0
  9
$USERR1
 40
0.0
  9
$USERR2
 40
0.0
  9
$USERR3
 40
0.0
  9
$USERR4
 40
0.0
  9
$USERR5
 40
0.0
  9
$WORLDVIEW
 70
     1
  9
$SHADEDGE
 70
     3
  9
$SHADEDIF
 70
    70
  9
$TILEMODE
 70
     1
  9
$MAXACTVP
 70
    64
  9
$PINSBASE
 10
0.0
 20
0.0
 30
0.0
  9
$PLIMCHECK
 70
     0
  9
$PEXTMIN
 10
1.000000000000000E+20
 20
1.000000000000000E+20
 30
1.000000000000000E+20
  9
$PEXTMAX
 10
-1.000000000000000E+20
 20
-1.000000000000000E+20
 30
-1.000000000000000E+20
  9
$PLIMMIN
 10
0.0
 20
0.0
  9
$PLIMMAX
 10
12.0
 20
9.0
  9
$UNITMODE
 70
     0
  9
$VISRETAIN
 70
     1
  9
$PLINEGEN
 70
     0
  9
$PSLTSCALE
 70
     1
  9
$TREEDEPTH
 70
  3020
  9
$CMLSTYLE
  2
Standard
  9
$CMLJUST
 70
     0
  9
$CMLSCALE
 40
1.0
  9
$PROXYGRAPHICS
 70
     1
  9
$MEASUREMENT
 70
     0
  9
$CELWEIGHT
370
    -1
  9
$ENDCAPS
280
     0
  9
$JOINSTYLE
280
     0
  9
$LWDISPLAY
290
     1
  9
$INSUNITS
 70
     4
  9
$HYPERLINKBASE
  1

  9
$STYLESHEET
  1

  9
$XEDIT
290
     1
  9
$CEPSNTYPE
380
     0
  9
$PSTYLEMODE
290
     1
  9
$FINGERPRINTGUID
  2
{CDFC60F6-CB46-9444-AD95-8F9F42A169B7}
  9
$VERSIONGUID
  2
{BBD24283-2818-0A4E-BF19-CBF38A4F30F0}
  9
$EXTNAMES
290
     1
  9
$PSVPSCALE
 40
0.0
  9
$OLESTARTUP
290
     0
  9
$SORTENTS
280
   127
  9
$INDEXCTL
280
     0
  9
$HIDETEXT
280
     1
  9
$XCLIPFRAME
280
     2
  9
$HALOGAP
280
     0
  9
$OBSCOLOR
 70
   257
  9
$OBSLTYPE
280
     0
  9
$INTERSECTIONDISPLAY
280
     0
  9
$INTERSECTIONCOLOR
 70
   257
  9
$DIMASSOC
280
     2
  9
$PROJECTNAME
  1

  9
$CAMERADISPLAY
290
     0
  9
$LENSLENGTH
 40
50.0
  9
$CAMERAHEIGHT
 40
0.0
  9
$STEPSPERSEC
 40
2.0
  9
$STEPSIZE
 40
6.0
  9
$3DDWFPREC
 40
2.0
  9
$PSOLWIDTH
 40
0.25
  9
$PSOLHEIGHT
 40
4.0
  9
$LOFTANG1
 40
1.570796326794896
  9
$LOFTANG2
 40
1.570796326794896
  9
$LOFTMAG1
 40
0.0
  9
$LOFTMAG2
 40
0.0
  9
$LOFTPARAM
 70
     7
  9
$LOFTNORMALS
280
     1
  9
$LATITUDE
 40
37.795
  9
$LONGITUDE
 40
-122.394
  9
$NORTHDIRECTION
 40
0.0
  9
$TIMEZONE
 70
 -8000
  9
$LIGHTGLYPHDISPLAY
280
     1
  9
$TILEMODELIGHTSYNCH
280
     1
  9
$CMATERIAL
347
11
  9
$SOLIDHIST
280
     0
  9
$SHOWHIST
280
     1
  9
$DWFFRAME
280
     2
  9
$DGNFRAME
280
     0
  9
$REALWORLDSCALE
290
     1
  9
$INTERFERECOLOR
 62
     1
  9
$INTERFEREOBJVS
345
33
  9
$INTERFEREVPVS
346
30
  9
$CSHADOW
280
     0
  9
$SHADOWPLANELOCATION
 40
0.0
  0
ENDSEC
  0
SECTION
  2
CLASSES
  0
CLASS
  1
ACDBDICTIONARYWDFLT
  2
AcDbDictionaryWithDefault
  3
ObjectDBX Classes
 90
        0
 91
        1
280
     0
281
     0
  0
CLASS
  1
MATERIAL
  2
AcDbMaterial
  3
ObjectDBX Classes
 90
     1153
 91
        3
280
     0
281
     0
  0
CLASS
  1
VISUALSTYLE
  2
AcDbVisualStyle
  3
ObjectDBX Classes
 90
     4095
 91
       24
280
     0
281
     0
  0
CLASS
  1
SCALE
  2
AcDbScale
  3
ObjectDBX Classes
 90
     1153
 91
       17
280
     0
281
     0
  0
CLASS
  1
TABLESTYLE
  2
AcDbTableStyle
  3
ObjectDBX Classes
 90
     4095
 91
        1
280
     0
281
     0
  0
CLASS
  1
MLEADERSTYLE
  2
AcDbMLeaderStyle
  3
ACDB_MLEADERSTYLE_CLASS
 90
     4095
 91
        1
280
     0
281
     0
  0
CLASS
  1
ACDBSECTIONVIEWSTYLE
  2
AcDbSectionViewStyle
  3
ObjectDBX Classes
 90
     1025
 91
        1
280
     0
281
     0
  0
CLASS
  1
ACDBDETAILVIEWSTYLE
  2
AcDbDetailViewStyle
  3
ObjectDBX Classes
 90
     1025
 91
        1
280
     0
281
     0
  0
CLASS
  1
DICTIONARYVAR
  2
AcDbDictionaryVar
  3
ObjectDBX Classes
 90
        0
 91
        5
280
     0
281
     0
  0
CLASS
  1
CELLSTYLEMAP
  2
AcDbCellStyleMap
  3
ObjectDBX Classes
 90
     1152
 91
        1
280
     0
281
     0
  0
ENDSEC
  0
SECTION
  2
TABLES
  0
TABLE
  2
VPORT
  5
8
330
0
100
AcDbSymbolTable
 70
     1
  0
VPORT
  5
57
330
8
100
AcDbSymbolTableRecord
100
AcDbViewportTableRecord
  2
*Active
 70
     0
 10
0.0
 20
0.0
 11
1.0
 21
1.0
 12
0.0
 22
0.0
 13
0.0
 23
0.0
 14
1.0
 24
1.0
 15
0.0
 25
0.0
 16
0.0
 26
0.0
 36
1.0
 17
354.3652776891865
 27
218.7222221675417
 37
0.0
 40
135.297333299509
 41
0.8218085106382975
 42
50.0
 43
0.0
 44
0.0
 50
0.0
 51
0.0
 71
     0
 72
   100
 73
     1
 74
     1
 75
     0
 76
     0
 77
     0
 78
     0
281
     0
 65
     1
110
0.0
120
0.0
130
0.0
111
1.0
121
0.0
131
0.0
112
0.0
122
1.0
132
0.0
 79
     0
146
0.0
 60
     3
 61
     5
292
     1
282
     1
141
0.0
142
0.0
 63
   250
421
  3355443
  0
ENDTAB
  0
TABLE
  2
LTYPE
  5
5
330
0
100
AcDbSymbolTable
 70
     1
  0
LTYPE
  5
5B
330
5
100
AcDbSymbolTableRecord
100
AcDbLinetypeTableRecord
  2
ByBlock
 70
     0
  3

 72
    65
 73
     0
 40
0.0
  0
LTYPE
  5
5C
330
5
100
AcDbSymbolTableRecord
100
AcDbLinetypeTableRecord
  2
ByLayer
 70
     0
  3

 72
    65
 73
     0
 40
0.0
  0
LTYPE
  5
5D
330
5
100
AcDbSymbolTableRecord
100
AcDbLinetypeTableRecord
  2
Continuous
 70
     0
  3
Solid line
 72
    65
 73
     0
 40
0.0
  0
ENDTAB
  0
TABLE
  2
LAYER
  5
2
330
0
100
AcDbSymbolTable
 70
     6
  0
LAYER
  5
54
330
2
100
AcDbSymbolTableRecord
100
AcDbLayerTableRecord
  2
0
 70
     0
 62
     7
  6
Continuous
370
     0
390
F
347
21
348
0
  0
LAYER
  5
486
330
2
100
AcDbSymbolTableRecord
100
AcDbLayerTableRecord
  2
03_AXES
 70
     0
 62
     7
  6
Continuous
370
     0
390
F
347
21
348
0
  0
LAYER
  5
67F
330
2
100
AcDbSymbolTableRecord
100
AcDbLayerTableRecord
  2
10_CHAMFER
 70
     0
 62
     7
  6
Continuous
370
     0
390
F
347
21
348
0
  0
LAYER
  5
69F
330
2
100
AcDbSymbolTableRecord
100
AcDbLayerTableRecord
  2
09_ROUNDS
 70
     0
 62
     7
  6
Continuous
370
     0
390
F
347
21
348
0
  0
LAYER
  5
7B3
330
2
100
AcDbSymbolTableRecord
100
AcDbLayerTableRecord
  2
08_DRAFTS
 70
     0
 62
     7
  6
Continuous
370
     0
390
F
347
21
348
0
  0
LAYER
  5
7C9
330
2
100
AcDbSymbolTableRecord
100
AcDbLayerTableRecord
  2
02_PLANES
 70
     0
 62
     7
  6
Continuous
370
     0
390
F
347
21
348
0
  0
ENDTAB
  0
TABLE
  2
STYLE
  5
3
330
0
100
AcDbSymbolTable
 70
     2
  0
STYLE
  5
55
330
3
100
AcDbSymbolTableRecord
100
AcDbTextStyleTableRecord
  2
Standard
 70
     0
 40
0.0
 41
1.0
 50
0.0
 71
     0
 42
0.2
  3
txt
  4

  0
STYLE
  5
5A
330
3
100
AcDbSymbolTableRecord
100
AcDbTextStyleTableRecord
  2
Annotative
 70
     0
 40
0.0
 41
1.0
 50
0.0
 71
     0
 42
0.2
  3
txt
  4

1001
AcadAnnotative
1000
AnnotativeData
1002
{
1070
     1
1070
     1
1002
}
  0
ENDTAB
  0
TABLE
  2
VIEW
  5
6
330
0
100
AcDbSymbolTable
 70
     0
  0
ENDTAB
  0
TABLE
  2
UCS
  5
7
330
0
100
AcDbSymbolTable
 70
     0
  0
ENDTAB
  0
TABLE
  2
APPID
  5
9
330
0
100
AcDbSymbolTable
 70
     2
  0
APPID
  5
56
330
9
100
AcDbSymbolTableRecord
100
AcDbRegAppTableRecord
  2
ACAD
 70
     0
  0
APPID
  5
5E
330
9
100
AcDbSymbolTableRecord
100
AcDbRegAppTableRecord
  2
AcadAnnotative
 70
     0
  0
ENDTAB
  0
TABLE
  2
DIMSTYLE
  5
A
330
0
100
AcDbSymbolTable
 70
     2
100
AcDbDimStyleTable
 71
     0
  0
DIMSTYLE
105
58
330
A
100
AcDbSymbolTableRecord
100
AcDbDimStyleTableRecord
  2
Standard
 70
     0
340
55
  0
DIMSTYLE
105
59
330
A
100
AcDbSymbolTableRecord
100
AcDbDimStyleTableRecord
  2
Annotative
 70
     0
340
55
1001
AcadAnnotative
1000
AnnotativeData
1002
{
1070
     1
1070
     1
1002
}
  0
ENDTAB
  0
TABLE
  2
BLOCK_RECORD
  5
1
330
0
100
AcDbSymbolTable
 70
     1
  0
BLOCK_RECORD
  5
70
330
1
100
AcDbSymbolTableRecord
100
AcDbBlockTableRecord
  2
*Model_Space
340
73
 70
     0
280
     1
281
     0
  0
BLOCK_RECORD
  5
6C
330
1
100
AcDbSymbolTableRecord
100
AcDbBlockTableRecord
  2
*Paper_Space
340
6F
 70
     0
280
     1
281
     0
  0
BLOCK_RECORD
  5
74
330
1
100
AcDbSymbolTableRecord
100
AcDbBlockTableRecord
  2
*Paper_Space0
340
77
 70
     0
280
     1
281
     0
  0
ENDTAB
  0
ENDSEC
  0
SECTION
  2
BLOCKS
  0
BLOCK
  5
71
330
70
100
AcDbEntity
  8
0
100
AcDbBlockBegin
  2
*Model_Space
 70
     0
 10
0.0
 20
0.0
 30
0.0
  3
*Model_Space
  1

  0
ENDBLK
  5
72
330
70
100
AcDbEntity
  8
0
100
AcDbBlockEnd
  0
BLOCK
  5
6D
330
6C
100
AcDbEntity
 67
     1
  8
0
100
AcDbBlockBegin
  2
*Paper_Space
 70
     0
 10
0.0
 20
0.0
 30
0.0
  3
*Paper_Space
  1

  0
ENDBLK
  5
6E
330
6C
100
AcDbEntity
 67
     1
  8
0
100
AcDbBlockEnd
  0
BLOCK
  5
75
330
74
100
AcDbEntity
 67
     1
  8
0
100
AcDbBlockBegin
  2
*Paper_Space0
 70
     0
 10
0.0
 20
0.0
 30
0.0
  3
*Paper_Space0
  1

  0
ENDBLK
  5
76
330
74
100
AcDbEntity
 67
     1
  8
0
100
AcDbBlockEnd
  0
ENDSEC
  0
SECTION
  2
ENTITIES
  0
LINE
  5
78
330
70
100
AcDbEntity
  8
0
 62
     7
370
    25
100
AcDbLine
 10
377.7400029951916
 20
186.1579802752764
 30
0.0
 11
378.6592418107916
 21
187.2186404470764
 31
0.0
  0
LINE
  5
79
330
70
100
AcDbEntity
  8
0
 62
     7
370
    25
100
AcDbLine
 10
375.9368807031918
 20
184.6377006957759
 30
0.0
 11
375.0176418876918
 21
183.5770405239759
 31
0.0
  0
LINE
  5
7A
330
70
100
AcDbEntity
  8
0
 62
     7
370
    25
100
AcDbLine
 10
377.7400029951916
 20
184.6377006957759
 30
0.0
 11
377.6347072241914
 21
184.5324049247764
 31
0.0
  0
LINE
  5
7B
330
70
100
AcDbEntity
  8
0
 62
     7
370
    25
100
AcDbLine
 10
375.9368807031918
 20
186.1579802752764
 30
0.0
 11
376.0427963638914
 21
186.263895935976
 31
0.0
  0
LINE
  5
7C
330
70
100
AcDbEntity
  8
0
 62
     7
370
    25
100
AcDbLine
 10
375.0176418876918
 20
183.5770405239759
 30
0.0
 11
376.0099392504916
 21
184.437031571776
 31
0.0
  0
LINE
  5
7D
330
70
100
AcDbEntity
  8
0
 62
     7
370
    25
100
AcDbLine
 10
378.6592418107916
 20
187.2186404470764
 30
0.0
 11
377.6524587407914
 21
186.346095119776
 31
0.0
  0
LINE
  5
7E
330
70
100
AcDbEntity
  8
0
 62
     7
370
    25
100
AcDbLine
 10
377.1721918491916
 20
221.6522220267759
 30
0.0
 11
377.213025260392
 21
221.7954579125761
 31
0.0
  0
LINE
  5
7F
330
70
100
AcDbEntity
  8
0
 62
     7
370
    25
100
AcDbLine
 10
377.1721918491916
 20
221.7332580748759
 30
0.0
 11
377.213025260392
 21
221.8764939606761
 31
0.0
  0
LINE
  5
80
330
70
100
AcDbEntity
  8
0
 62
     7
370
    25
100
AcDbLine
 10
377.0905252603919
 20
221.912302925876
 30
0.0
 11
377.0496918491915
 21
221.8048760302757
 31
0.0
  0
LINE
  5
81
330
70
100
AcDbEntity
  8
0
 62
     7
370
    25
100
AcDbLine
 10
376.5596918491919
 20
222.6548731269759
 30
0.0
 11
376.6005252603916
 21
222.7623001227763
 31
0.0
  0
LINE
  5
82
330
70
100
AcDbEntity
  8
0
 62
     7
370
    25
100
AcDbLine
 10
376.5596918491919
 20
222.7359091750759
 30
0.0
 11
376.6005252603916
 21
222.8433361708763
 31
0.0
  0
LINE
  5
83
330
70
100
AcDbEntity
  8
0
 62
     7
370
    25
100
AcDbLine
 10
377.0905252603919
 20
221.5089861535761
 30
0.0
 11
377.1721918491916
 21
221.6522220267759
 31
0.0
  0
LINE
  5
84
330
70
100
AcDbEntity
  8
0
 62
     7
370
    25
100
AcDbLine
 10
377.0905252603919
 20
221.5900222016761
 30
0.0
 11
377.1721918491916
 21
221.7332580748759
 31
0.0
  0
LINE
  5
85
330
70
100
AcDbEntity
  8
0
 62
     7
370
    25
100
AcDbLine
 10
376.5596918491919
 20
223.0581899619756
 30
0.0
 11
376.478025143592
 21
222.9149541012761
 31
0.0
  0
LINE
  5
86
330
70
100
AcDbEntity
  8
0
 62
     7
370
    25
100
AcDbLine
 10
360.3400029951916
 20
186.1579802752764
 30
0.0
 11
361.2592418107916
 21
187.2186404470764
 31
0.0
  0
LINE
  5
87
330
70
100
AcDbEntity
  8
0
 62
     7
370
    25
100
AcDbLine
 10
358.5368807031918
 20
184.6377006957759
 30
0.0
 11
357.6176418876918
 21
183.5770405239759
 31
0.0
  0
LINE
  5
88
330
70
100
AcDbEntity
  8
0
 62
     7
370
    25
100
AcDbLine
 10
360.3400029951916
 20
184.6377006957759
 30
0.0
 11
360.2347072241914
 21
184.5324049247764
 31
0.0
  0
LINE
  5
89
330
70
100
AcDbEntity
  8
0
 62
     7
370
    25
100
AcDbLine
 10
358.5368807031918
 20
186.1579802752764
 30
0.0
 11
358.6427963638915
 21
186.263895935976
 31
0.0
  0
LINE
  5
8A
330
70
100
AcDbEntity
  8
0
 62
     7
370
    25
100
AcDbLine
 10
357.6176418876918
 20
183.5770405239759
 30
0.0
 11
358.6099392504916
 21
184.437031571776
 31
0.0
  0
LINE
  5
8B
330
70
100
AcDbEntity
  8
0
 62
     7
370
    25
100
AcDbLine
 10
361.2592418107916
 20
187.2186404470764
 30
0.0
 11
360.2524587407915
 21
186.346095119776
 31
0.0
  0
LINE
  5
8C
330
70
100
AcDbEntity
  8
0
 62
     7
370
    25
100
AcDbLine
 10
376.838441849192
 20
177.2978404855756
 30
0.0
 11
368.6284418491917
 21
177.2978404855756
 31
0.0
  0
LINE
  5
8D
330
70
100
AcDbEntity
  8
0
 62
     7
370
    25
100
AcDbLine
 10
359.438441849192
 20
177.2978404855756
 30
0.0
 11
351.2284418491917
 21
177.2978404855756
 31
0.0
  0
LINE
  5
8E
330
70
100
AcDbEntity
  8
0
 62
     7
370
    25
100
AcDbLine
 10
342.0384418491914
 20
177.2978404855756
 30
0.0
 11
333.8284418491917
 21
177.2978404855756
 31
0.0
  0
LINE
  5
8F
330
70
100
AcDbEntity
  8
0
 62
     7
370
    25
100
AcDbLine
 10
368.6284418491917
 20
177.3978404855759
 30
0.0
 11
368.338441849192
 21
177.3978404855759
 31
0.0
  0
LINE
  5
90
330
70
100
AcDbEntity
  8
0
 62
     7
370
    25
100
AcDbLine
 10
351.2284418491917
 20
177.3978404855759
 30
0.0
 11
350.938441849192
 21
177.3978404855759
 31
0.0
  0
LINE
  5
91
330
70
100
AcDbEntity
  8
0
 62
     7
370
    25
100
AcDbLine
 10
333.8284418491917
 20
177.3978404855759
 30
0.0
 11
333.5384418491914
 21
177.3978404855759
 31
0.0
  0
LINE
  5
92
330
70
100
AcDbEntity
  8
0
 62
     7
370
    25
100
AcDbLine
 10
376.838441849192
 20
179.1583275380761
 30
0.0
 11
368.6284418491917
 21
179.1583275380761
 31
0.0
  0
LINE
  5
93
330
70
100
AcDbEntity
  8
0
 62
     7
370
    25
100
AcDbLine
 10
359.438441849192
 20
179.1583275380761
 30
0.0
 11
351.2284418491917
 21
179.1583275380761
 31
0.0
  0
LINE
  5
94
330
70
100
AcDbEntity
  8
0
 62
     7
370
    25
100
AcDbLine
 10
342.0384418491914
 20
179.1583275380761
 30
0.0
 11
333.8284418491917
 21
179.1583275380761
 31
0.0
  0
LINE
  5
95
330
70
100
AcDbEntity
  8
0
 62
     7
370
    25
100
AcDbLine
 10
368.6284418491917
 20
179.1653031854758
 30
0.0
 11
368.338441849192
 21
179.1653031854758
 31
0.0
  0
LINE
  5
96
330
70
100
AcDbEntity
  8
0
 62
     7
370
    25
100
AcDbLine
 10
351.2284418491917
 20
179.1653031854758
 30
0.0
 11
350.938441849192
 21
179.1653031854758
 31
0.0
  0
LINE
  5
97
330
70
100
AcDbEntity
  8
0
 62
     7
370
    25
100
AcDbLine
 10
333.8284418491917
 20
179.1653031854758
 30
0.0
 11
333.5384418491914
 21
179.1653031854758
 31
0.0
  0
LINE
  5
98
330
70
100
AcDbEntity
  8
0
 62
     3
370
    25
100
AcDbLine
 10
383.2462586793918
 20
213.1810357439759
 30
0.0
 11
383.2384418491916
 21
213.2256905533756
 31
0.0
  0
LINE
  5
99
330
70
100
AcDbEntity
  8
0
 62
     7
370
    25
100
AcDbLine
 10
377.233441849192
 20
222.5926733143757
 30
0.0
 11
377.213025260392
 21
222.7717182405759
 31
0.0
  0
LINE
  5
9A
330
70
100
AcDbEntity
  8
0
 62
     7
370
    25
100
AcDbLine
 10
376.4167751435916
 20
222.0555387865762
 30
0.0
 11
376.4371918491918
 21
221.8764939606761
 31
0.0
  0
LINE
  5
9B
330
70
100
AcDbEntity
  8
0
 62
     7
370
    25
100
AcDbLine
 10
376.4167751435916
 20
221.9745027384762
 30
0.0
 11
376.4371918491918
 21
221.7954579125761
 31
0.0
  0
LINE
  5
9C
330
70
100
AcDbEntity
  8
0
 62
     7
370
    25
100
AcDbLine
 10
375.150941849192
 20
222.6642912446761
 30
0.0
 11
375.1713584963917
 21
222.4494374536762
 31
0.0
  0
LINE
  5
9D
330
70
100
AcDbEntity
  8
0
 62
     7
370
    25
100
AcDbLine
 10
375.150941849192
 20
222.5832551966762
 30
0.0
 11
375.1713584963917
 21
222.3684014055762
 31
0.0
  0
LINE
  5
9E
330
70
100
AcDbEntity
  8
0
 62
     3
370
    25
100
AcDbLine
 10
384.7384418491919
 20
211.3842207105756
 30
0.0
 11
384.7384418491919
 21
214.5342390366762
 31
0.0
  0
LINE
  5
9F
330
70
100
AcDbEntity
  8
0
 62
     3
370
    25
100
AcDbLine
 10
384.7003043520917
 20
213.5435184432759
 30
0.0
 11
384.7003043520917
 21
213.3492319529759
 31
0.0
  0
LINE
  5
A0
330
70
100
AcDbEntity
  8
0
 62
     3
370
    25
100
AcDbLine
 10
384.7003043520917
 20
211.4063670492762
 30
0.0
 11
384.7003043520917
 21
211.2120805589762
 31
0.0
  0
LINE
  5
A1
330
70
100
AcDbEntity
  8
0
 62
     7
370
    25
100
AcDbLine
 10
383.8384418491916
 20
214.5342390366762
 30
0.0
 11
383.8384418491916
 21
213.7156585948759
 31
0.0
  0
LINE
  5
A2
330
70
100
AcDbEntity
  8
0
 62
     7
370
    25
100
AcDbLine
 10
383.8346280994916
 20
213.6984445797756
 30
0.0
 11
383.8346280994916
 21
213.5041580893762
 31
0.0
  0
LINE
  5
A3
330
70
100
AcDbEntity
  8
0
 62
     3
370
    25
100
AcDbLine
 10
383.738441849192
 20
211.3377597905765
 30
0.0
 11
383.738441849192
 21
212.503478732776
 31
0.0
  0
LINE
  5
A4
330
70
100
AcDbEntity
  8
0
 62
     7
370
    25
100
AcDbLine
 10
383.738441849192
 20
212.503478732776
 30
0.0
 11
383.738441849192
 21
213.069867084776
 31
0.0
  0
LINE
  5
A5
330
70
100
AcDbEntity
  8
0
 62
     7
370
    25
100
AcDbLine
 10
383.2462586793918
 20
213.1810357439759
 30
0.0
 11
383.2462586793918
 21
213.4161394656759
 31
0.0
  0
LINE
  5
A6
330
70
100
AcDbEntity
  8
0
 62
     3
370
    25
100
AcDbLine
 10
383.2384418491916
 20
211.0098911086761
 30
0.0
 11
383.2384418491916
 21
213.2256905533756
 31
0.0
  0
LINE
  5
A7
330
70
100
AcDbEntity
  8
0
 62
     7
370
    25
100
AcDbLine
 10
383.2384418491916
 20
213.2256905533756
 30
0.0
 11
383.2384418491916
 21
213.4466188575764
 31
0.0
  0
LINE
  5
A8
330
70
100
AcDbEntity
  8
0
 62
     3
370
    25
100
AcDbLine
 10
382.7384418491919
 20
216.3898567478764
 30
0.0
 11
382.7384418491919
 21
218.078226986676
 31
0.0
  0
LINE
  5
A9
330
70
100
AcDbEntity
  8
0
 62
     7
370
    25
100
AcDbLine
 10
381.7384418491919
 20
218.4381654757764
 30
0.0
 11
381.7384418491919
 21
218.078226986676
 31
0.0
  0
LINE
  5
AA
330
70
100
AcDbEntity
  8
0
 62
     7
370
    25
100
AcDbLine
 10
380.8384418491915
 20
223.304042666876
 30
0.0
 11
380.8384418491915
 21
220.1813686114761
 31
0.0
  0
LINE
  5
AB
330
70
100
AcDbEntity
  8
0
 62
     7
370
    25
100
AcDbLine
 10
380.0384418491915
 20
223.707040698176
 30
0.0
 11
380.0384418491915
 21
223.6271620185764
 31
0.0
  0
LINE
  5
AC
330
70
100
AcDbEntity
  8
0
 62
     7
370
    25
100
AcDbLine
 10
379.6384418491915
 20
218.078226986676
 30
0.0
 11
379.6384418491915
 21
218.4381654757764
 31
0.0
  0
LINE
  5
AD
330
70
100
AcDbEntity
  8
0
 62
     7
370
    25
100
AcDbLine
 10
379.4384418491915
 20
218.4381654757764
 30
0.0
 11
379.4384418491915
 21
218.078226986676
 31
0.0
  0
LINE
  5
AE
330
70
100
AcDbEntity
  8
0
 62
     7
370
    25
100
AcDbLine
 10
379.0301086716919
 20
222.8697270183761
 30
0.0
 11
379.0301086716919
 21
223.1656168574759
 31
0.0
  0
LINE
  5
AF
330
70
100
AcDbEntity
  8
0
 62
     7
370
    25
100
AcDbLine
 10
378.9484418491918
 20
222.1893565796762
 30
0.0
 11
378.9484418491918
 21
222.485246418776
 31
0.0
  0
LINE
  5
B0
330
70
100
AcDbEntity
  8
0
 62
     7
370
    25
100
AcDbLine
 10
378.8384418491915
 20
223.7618778674761
 30
0.0
 11
378.8384418491915
 21
223.6271620185764
 31
0.0
  0
LINE
  5
B1
330
70
100
AcDbEntity
  8
0
 62
     7
370
    25
100
AcDbLine
 10
378.4176084379918
 20
221.4015592454761
 30
0.0
 11
378.4176084379918
 21
222.2703926277762
 31
0.0
  0
LINE
  5
B2
330
70
100
AcDbEntity
  8
0
 62
     7
370
    25
100
AcDbLine
 10
378.4176084379918
 20
222.485246418776
 30
0.0
 11
378.4176084379918
 21
222.9507630663759
 31
0.0
  0
LINE
  5
B3
330
70
100
AcDbEntity
  8
0
 62
     7
370
    25
100
AcDbLine
 10
378.2951084379917
 20
221.4015592454761
 30
0.0
 11
378.2951084379917
 21
223.1656168574759
 31
0.0
  0
LINE
  5
B4
330
70
100
AcDbEntity
  8
0
 62
     7
370
    25
100
AcDbLine
 10
378.1384418491918
 20
218.078226986676
 30
0.0
 11
378.1384418491918
 21
218.4381654757764
 31
0.0
  0
LINE
  5
B5
330
70
100
AcDbEntity
  8
0
 62
     7
370
    25
100
AcDbLine
 10
378.1317752603916
 20
222.8697270183761
 30
0.0
 11
378.1317752603916
 21
223.1656168574759
 31
0.0
  0
LINE
  5
B6
330
70
100
AcDbEntity
  8
0
 62
     7
370
    25
100
AcDbLine
 10
378.0501084379916
 20
222.1893565796762
 30
0.0
 11
378.0501084379916
 21
222.485246418776
 31
0.0
  0
LINE
  5
B7
330
70
100
AcDbEntity
  8
0
 62
     7
370
    25
100
AcDbLine
 10
377.9384418491917
 20
218.4381654757764
 30
0.0
 11
377.9384418491917
 21
218.078226986676
 31
0.0
  0
LINE
  5
B8
330
70
100
AcDbEntity
  8
0
 62
     3
370
    25
100
AcDbLine
 10
377.638441849192
 20
218.078226986676
 30
0.0
 11
377.638441849192
 21
216.7322019596759
 31
0.0
  0
LINE
  5
B9
330
70
100
AcDbEntity
  8
0
 62
     7
370
    25
100
AcDbLine
 10
377.5192752603918
 20
221.4015592454761
 30
0.0
 11
377.5192752603918
 21
222.2703926277762
 31
0.0
  0
LINE
  5
BA
330
70
100
AcDbEntity
  8
0
 62
     7
370
    25
100
AcDbLine
 10
377.5192752603918
 20
222.485246418776
 30
0.0
 11
377.5192752603918
 21
222.9507630663759
 31
0.0
  0
LINE
  5
BB
330
70
100
AcDbEntity
  8
0
 62
     7
370
    25
100
AcDbLine
 10
377.428441849192
 20
218.0800322347761
 30
0.0
 11
377.428441849192
 21
218.4381654757764
 31
0.0
  0
LINE
  5
BC
330
70
100
AcDbEntity
  8
0
 62
     7
370
    25
100
AcDbLine
 10
377.3967752603917
 20
221.4015592454761
 30
0.0
 11
377.3967752603917
 21
223.1656168574759
 31
0.0
  0
LINE
  5
BD
330
70
100
AcDbEntity
  8
0
 62
     7
370
    25
100
AcDbLine
 10
377.233441849192
 20
221.9745027384762
 30
0.0
 11
377.233441849192
 21
222.5926733143757
 31
0.0
  0
LINE
  5
BE
330
70
100
AcDbEntity
  8
0
 62
     7
370
    25
100
AcDbLine
 10
377.228441849192
 20
218.4381654757764
 30
0.0
 11
377.228441849192
 21
218.0800322347761
 31
0.0
  0
LINE
  5
BF
330
70
100
AcDbEntity
  8
0
 62
     7
370
    25
100
AcDbLine
 10
377.213025260392
 20
221.7954579125761
 30
0.0
 11
377.213025260392
 21
221.8764939606761
 31
0.0
  0
LINE
  5
C0
330
70
100
AcDbEntity
  8
0
 62
     7
370
    25
100
AcDbLine
 10
377.1721918491916
 20
221.6522220267759
 30
0.0
 11
377.1721918491916
 21
221.7332580748759
 31
0.0
  0
LINE
  5
C1
330
70
100
AcDbEntity
  8
0
 62
     7
370
    25
100
AcDbLine
 10
377.1109418491919
 20
222.5926733143757
 30
0.0
 11
377.1109418491919
 21
222.0555387865762
 31
0.0
  0
LINE
  5
C2
330
70
100
AcDbEntity
  8
0
 62
     7
370
    25
100
AcDbLine
 10
377.0905252603919
 20
221.5089861535761
 30
0.0
 11
377.0905252603919
 21
221.5900222016761
 31
0.0
  0
LINE
  5
C3
330
70
100
AcDbEntity
  8
0
 62
     7
370
    25
100
AcDbLine
 10
377.0905252603919
 20
222.6548731269759
 30
0.0
 11
377.0905252603919
 21
222.7359091750759
 31
0.0
  0
LINE
  5
C4
330
70
100
AcDbEntity
  8
0
 62
     7
370
    25
100
AcDbLine
 10
377.0496918491915
 20
222.7623001227763
 30
0.0
 11
377.0496918491915
 21
222.8433361708763
 31
0.0
  0
LINE
  5
C5
330
70
100
AcDbEntity
  8
0
 62
     7
370
    25
100
AcDbLine
 10
377.0088584379919
 20
221.437368213776
 30
0.0
 11
377.0088584379919
 21
221.518404261876
 31
0.0
  0
LINE
  5
C6
330
70
100
AcDbEntity
  8
0
 62
     7
370
    25
100
AcDbLine
 10
376.9884418491918
 20
222.8339180531761
 30
0.0
 11
376.9884418491918
 21
222.9149541012761
 31
0.0
  0
LINE
  5
C7
330
70
100
AcDbEntity
  8
0
 62
     7
370
    25
100
AcDbLine
 10
376.9067752603914
 20
221.4015592454761
 30
0.0
 11
376.9067752603914
 21
221.4825952935761
 31
0.0
  0
LINE
  5
C8
330
70
100
AcDbEntity
  8
0
 62
     7
370
    25
100
AcDbLine
 10
376.9067752603914
 20
222.8697270183761
 30
0.0
 11
376.9067752603914
 21
222.9507630663759
 31
0.0
  0
LINE
  5
C9
330
70
100
AcDbEntity
  8
0
 62
     7
370
    25
100
AcDbLine
 10
376.7434418491917
 20
221.4015592454761
 30
0.0
 11
376.7434418491917
 21
221.4825952935761
 31
0.0
  0
LINE
  5
CA
330
70
100
AcDbEntity
  8
0
 62
     7
370
    25
100
AcDbLine
 10
376.7434418491917
 20
222.8697270183761
 30
0.0
 11
376.7434418491917
 21
222.9507630663759
 31
0.0
  0
LINE
  5
CB
330
70
100
AcDbEntity
  8
0
 62
     7
370
    25
100
AcDbLine
 10
376.661775260392
 20
222.8339180531761
 30
0.0
 11
376.661775260392
 21
222.9149541012761
 31
0.0
  0
LINE
  5
CC
330
70
100
AcDbEntity
  8
0
 62
     7
370
    25
100
AcDbLine
 10
376.6413584379916
 20
221.437368213776
 30
0.0
 11
376.6413584379916
 21
221.518404261876
 31
0.0
  0
LINE
  5
CD
330
70
100
AcDbEntity
  8
0
 62
     3
370
    25
100
AcDbLine
 10
376.638441849192
 20
217.2128991988757
 30
0.0
 11
376.638441849192
 21
216.7322019596759
 31
0.0
  0
LINE
  5
CE
330
70
100
AcDbEntity
  8
0
 62
     7
370
    25
100
AcDbLine
 10
376.628441849192
 20
218.0800322347761
 30
0.0
 11
376.628441849192
 21
218.4381654757764
 31
0.0
  0
LINE
  5
CF
330
70
100
AcDbEntity
  8
0
 62
     7
370
    25
100
AcDbLine
 10
376.6005252603916
 20
222.7623001227763
 30
0.0
 11
376.6005252603916
 21
222.8433361708763
 31
0.0
  0
LINE
  5
D0
330
70
100
AcDbEntity
  8
0
 62
     7
370
    25
100
AcDbLine
 10
376.5596918491919
 20
221.5089861535761
 30
0.0
 11
376.5596918491919
 21
221.5900222016761
 31
0.0
  0
LINE
  5
D1
330
70
100
AcDbEntity
  8
0
 62
     7
370
    25
100
AcDbLine
 10
376.5596918491919
 20
222.6548731269759
 30
0.0
 11
376.5596918491919
 21
222.7359091750759
 31
0.0
  0
LINE
  5
D2
330
70
100
AcDbEntity
  8
0
 62
     7
370
    25
100
AcDbLine
 10
376.5392752603919
 20
222.0555387865762
 30
0.0
 11
376.5392752603919
 21
222.5926733143757
 31
0.0
  0
LINE
  5
D3
330
70
100
AcDbEntity
  8
0
 62
     7
370
    25
100
AcDbLine
 10
376.478025143592
 20
221.6522220267759
 30
0.0
 11
376.478025143592
 21
221.7332580748759
 31
0.0
  0
LINE
  5
D4
330
70
100
AcDbEntity
  8
0
 62
     7
370
    25
100
AcDbLine
 10
376.4371918491918
 20
221.7954579125761
 30
0.0
 11
376.4371918491918
 21
221.8764939606761
 31
0.0
  0
LINE
  5
D5
330
70
100
AcDbEntity
  8
0
 62
     7
370
    25
100
AcDbLine
 10
376.4284418491919
 20
218.4381654757764
 30
0.0
 11
376.4284418491919
 21
218.0800322347761
 31
0.0
  0
LINE
  5
D6
330
70
100
AcDbEntity
  8
0
 62
     7
370
    25
100
AcDbLine
 10
376.4167751435916
 20
221.9745027384762
 30
0.0
 11
376.4167751435916
 21
222.5926733143757
 31
0.0
  0
LINE
  5
D7
330
70
100
AcDbEntity
  8
0
 62
     7
370
    25
100
AcDbLine
 10
375.2734418491921
 20
222.0819296841759
 30
0.0
 11
375.2734418491921
 21
222.485246418776
 31
0.0
  0
LINE
  5
D8
330
70
100
AcDbEntity
  8
0
 62
     7
370
    25
100
AcDbLine
 10
375.2530252019917
 20
221.9028848081765
 30
0.0
 11
375.2530252019917
 21
221.9839208561764
 31
0.0
  0
LINE
  5
D9
330
70
100
AcDbEntity
  8
0
 62
     7
370
    25
100
AcDbLine
 10
375.2326084963915
 20
221.7954579125761
 30
0.0
 11
375.2326084963915
 21
221.8764939606761
 31
0.0
  0
LINE
  5
DA
330
70
100
AcDbEntity
  8
0
 62
     7
370
    25
100
AcDbLine
 10
375.1917752019919
 20
221.6522220267759
 30
0.0
 11
375.1917752019919
 21
221.7332580748759
 31
0.0
  0
LINE
  5
DB
330
70
100
AcDbEntity
  8
0
 62
     7
370
    25
100
AcDbLine
 10
375.1713584963917
 20
222.4494374536762
 30
0.0
 11
375.1713584963917
 21
222.1987746973757
 31
0.0
  0
LINE
  5
DC
330
70
100
AcDbEntity
  8
0
 62
     7
370
    25
100
AcDbLine
 10
375.150941849192
 20
222.5832551966762
 30
0.0
 11
375.150941849192
 21
222.6642912446761
 31
0.0
  0
LINE
  5
DD
330
70
100
AcDbEntity
  8
0
 62
     7
370
    25
100
AcDbLine
 10
375.1305252019915
 20
221.544795118776
 30
0.0
 11
375.1305252019915
 21
221.6258311668759
 31
0.0
  0
LINE
  5
DE
330
70
100
AcDbEntity
  8
0
 62
     7
370
    25
100
AcDbLine
 10
375.0692752019919
 20
222.7981090879762
 30
0.0
 11
375.0692752019919
 21
222.8791451360762
 31
0.0
  0
LINE
  5
DF
330
70
100
AcDbEntity
  8
0
 62
     7
370
    25
100
AcDbLine
 10
375.0284418491919
 20
221.437368213776
 30
0.0
 11
375.0284418491919
 21
221.518404261876
 31
0.0
  0
LINE
  5
E0
330
70
100
AcDbEntity
  8
0
 62
     7
370
    25
100
AcDbLine
 10
375.0080251727916
 20
222.8697270183761
 30
0.0
 11
375.0080251727916
 21
222.9507630663759
 31
0.0
  0
LINE
  5
E1
330
70
100
AcDbEntity
  8
0
 62
     7
370
    25
100
AcDbLine
 10
374.9059418491918
 20
221.4015592454761
 30
0.0
 11
374.9059418491918
 21
221.4825952935761
 31
0.0
  0
LINE
  5
E2
330
70
100
AcDbEntity
  8
0
 62
     7
370
    25
100
AcDbLine
 10
374.9059418491918
 20
222.9055359835759
 30
0.0
 11
374.9059418491918
 21
222.9865720315758
 31
0.0
  0
LINE
  5
E3
330
70
100
AcDbEntity
  8
0
 62
     7
370
    25
100
AcDbLine
 10
374.8038585255914
 20
222.8697270183761
 30
0.0
 11
374.8038585255914
 21
222.9507630663759
 31
0.0
  0
LINE
  5
E4
330
70
100
AcDbEntity
  8
0
 62
     7
370
    25
100
AcDbLine
 10
374.7834418491917
 20
221.437368213776
 30
0.0
 11
374.7834418491917
 21
221.518404261876
 31
0.0
  0
LINE
  5
E5
330
70
100
AcDbEntity
  8
0
 62
     7
370
    25
100
AcDbLine
 10
374.7426085109917
 20
222.7981090879762
 30
0.0
 11
374.7426085109917
 21
222.8791451360762
 31
0.0
  0
LINE
  5
E6
330
70
100
AcDbEntity
  8
0
 62
     7
370
    25
100
AcDbLine
 10
374.681358510992
 20
221.544795118776
 30
0.0
 11
374.681358510992
 21
221.6258311668759
 31
0.0
  0
LINE
  5
E7
330
70
100
AcDbEntity
  8
0
 62
     7
370
    25
100
AcDbLine
 10
374.6609418491916
 20
222.5832551966762
 30
0.0
 11
374.6609418491916
 21
222.6642912446761
 31
0.0
  0
LINE
  5
E8
330
70
100
AcDbEntity
  8
0
 62
     7
370
    25
100
AcDbLine
 10
374.640525180092
 20
222.1987746973757
 30
0.0
 11
374.640525180092
 21
222.4494374536762
 31
0.0
  0
LINE
  5
E9
330
70
100
AcDbEntity
  8
0
 62
     7
370
    25
100
AcDbLine
 10
374.6284418491919
 20
218.0800322347761
 30
0.0
 11
374.6284418491919
 21
218.4381654757764
 31
0.0
  0
LINE
  5
EA
330
70
100
AcDbEntity
  8
0
 62
     7
370
    25
100
AcDbLine
 10
374.6201085182917
 20
221.6522220267759
 30
0.0
 11
374.6201085182917
 21
221.7332580748759
 31
0.0
  0
LINE
  5
EB
330
70
100
AcDbEntity
  8
0
 62
     7
370
    25
100
AcDbLine
 10
374.5792751837917
 20
221.7954579125761
 30
0.0
 11
374.5792751837917
 21
221.8764939606761
 31
0.0
  0
LINE
  5
EC
330
70
100
AcDbEntity
  8
0
 62
     7
370
    25
100
AcDbLine
 10
374.558858516492
 20
221.9028848081765
 30
0.0
 11
374.558858516492
 21
221.9839208561764
 31
0.0
  0
LINE
  5
ED
330
70
100
AcDbEntity
  8
0
 62
     7
370
    25
100
AcDbLine
 10
374.5384418491916
 20
222.0819296841759
 30
0.0
 11
374.5384418491916
 21
222.485246418776
 31
0.0
  0
LINE
  5
EE
330
70
100
AcDbEntity
  8
0
 62
     7
370
    25
100
AcDbLine
 10
374.4284418491919
 20
218.4381654757764
 30
0.0
 11
374.4284418491919
 21
218.0800322347761
 31
0.0
  0
LINE
  5
EF
330
70
100
AcDbEntity
  8
0
 62
     3
370
    25
100
AcDbLine
 10
374.1384418491916
 20
217.2128991988757
 30
0.0
 11
374.1384418491916
 21
216.7322019596759
 31
0.0
  0
LINE
  5
F0
330
70
100
AcDbEntity
  8
0
 62
     7
370
    25
100
AcDbLine
 10
373.6384418491919
 20
223.707040698176
 30
0.0
 11
373.6384418491919
 21
223.6271620185764
 31
0.0
  0
LINE
  5
F1
330
70
100
AcDbEntity
  8
0
 62
     7
370
    25
100
AcDbLine
 10
373.5284418491915
 20
218.0800322347761
 30
0.0
 11
373.5284418491915
 21
218.4381654757764
 31
0.0
  0
LINE
  5
F2
330
70
100
AcDbEntity
  8
0
 62
     7
370
    25
100
AcDbLine
 10
373.3284418491915
 20
218.4381654757764
 30
0.0
 11
373.3284418491915
 21
218.0800322347761
 31
0.0
  0
LINE
  5
F3
330
70
100
AcDbEntity
  8
0
 62
     3
370
    25
100
AcDbLine
 10
373.1384418491916
 20
218.078226986676
 30
0.0
 11
373.1384418491916
 21
216.7322019596759
 31
0.0
  0
LINE
  5
F4
330
70
100
AcDbEntity
  8
0
 62
     7
370
    25
100
AcDbLine
 10
372.8384418491919
 20
223.304042666876
 30
0.0
 11
372.8384418491919
 21
220.1813686114761
 31
0.0
  0
LINE
  5
F5
330
70
100
AcDbEntity
  8
0
 62
     7
370
    25
100
AcDbLine
 10
371.9384418491915
 20
218.078226986676
 30
0.0
 11
371.9384418491915
 21
218.4381654757764
 31
0.0
  0
LINE
  5
F6
330
70
100
AcDbEntity
  8
0
 62
     7
370
    25
100
AcDbLine
 10
375.1713584963917
 20
222.1987746973757
 30
0.0
 11
375.150941849192
 21
221.9839208561764
 31
0.0
  0
LINE
  5
F7
330
70
100
AcDbEntity
  8
0
 62
     7
370
    25
100
AcDbLine
 10
374.640525180092
 20
222.3684014055762
 30
0.0
 11
374.6609418491916
 21
222.5832551966762
 31
0.0
  0
LINE
  5
F8
330
70
100
AcDbEntity
  8
0
 62
     7
370
    25
100
AcDbLine
 10
374.640525180092
 20
222.4494374536762
 30
0.0
 11
374.6609418491916
 21
222.6642912446761
 31
0.0
  0
LINE
  5
F9
330
70
100
AcDbEntity
  8
0
 62
     7
370
    25
100
AcDbLine
 10
377.213025260392
 20
221.7954579125761
 30
0.0
 11
377.233441849192
 21
221.9745027384762
 31
0.0
  0
LINE
  5
FA
330
70
100
AcDbEntity
  8
0
 62
     7
370
    25
100
AcDbLine
 10
377.213025260392
 20
221.8764939606761
 30
0.0
 11
377.233441849192
 21
222.0555387865762
 31
0.0
  0
LINE
  5
FB
330
70
100
AcDbEntity
  8
0
 62
     7
370
    25
100
AcDbLine
 10
376.4371918491918
 20
222.7717182405759
 30
0.0
 11
376.4167751435916
 21
222.5926733143757
 31
0.0
  0
LINE
  5
FC
330
70
100
AcDbEntity
  8
0
 62
     7
370
    25
100
AcDbLine
 10
375.2530252019917
 20
221.9028848081765
 30
0.0
 11
375.2734418491921
 21
222.0819296841759
 31
0.0
  0
LINE
  5
FD
330
70
100
AcDbEntity
  8
0
 62
     7
370
    25
100
AcDbLine
 10
375.2530252019917
 20
221.9839208561764
 30
0.0
 11
375.2734418491921
 21
222.1629657322759
 31
0.0
  0
LINE
  5
FE
330
70
100
AcDbEntity
  8
0
 62
     7
370
    25
100
AcDbLine
 10
374.558858516492
 20
222.6642912446761
 30
0.0
 11
374.5384418491916
 21
222.485246418776
 31
0.0
  0
LINE
  5
FF
330
70
100
AcDbEntity
  8
0
 62
     7
370
    25
100
AcDbLine
 10
377.1109418491919
 20
222.0555387865762
 30
0.0
 11
377.0905252603919
 21
221.912302925876
 31
0.0
  0
LINE
  5
100
330
70
100
AcDbEntity
  8
0
 62
     7
370
    25
100
AcDbLine
 10
376.5392752603919
 20
222.5116372662757
 30
0.0
 11
376.5596918491919
 21
222.6548731269759
 31
0.0
  0
LINE
  5
101
330
70
100
AcDbEntity
  8
0
 62
     7
370
    25
100
AcDbLine
 10
376.5392752603919
 20
222.5926733143757
 30
0.0
 11
376.5596918491919
 21
222.7359091750759
 31
0.0
  0
LINE
  5
102
330
70
100
AcDbEntity
  8
0
 62
     7
370
    25
100
AcDbLine
 10
375.2326084963915
 20
221.7954579125761
 30
0.0
 11
375.2530252019917
 21
221.9028848081765
 31
0.0
  0
LINE
  5
103
330
70
100
AcDbEntity
  8
0
 62
     7
370
    25
100
AcDbLine
 10
375.2326084963915
 20
221.8764939606761
 30
0.0
 11
375.2530252019917
 21
221.9839208561764
 31
0.0
  0
LINE
  5
104
330
70
100
AcDbEntity
  8
0
 62
     7
370
    25
100
AcDbLine
 10
374.5792751837917
 20
222.7717182405759
 30
0.0
 11
374.558858516492
 21
222.6642912446761
 31
0.0
  0
LINE
  5
105
330
70
100
AcDbEntity
  8
0
 62
     7
370
    25
100
AcDbLine
 10
376.478025143592
 20
222.9149541012761
 30
0.0
 11
376.4371918491918
 21
222.7717182405759
 31
0.0
  0
LINE
  5
106
330
70
100
AcDbEntity
  8
0
 62
     7
370
    25
100
AcDbLine
 10
375.1917752019919
 20
221.6522220267759
 30
0.0
 11
375.2326084963915
 21
221.7954579125761
 31
0.0
  0
LINE
  5
107
330
70
100
AcDbEntity
  8
0
 62
     7
370
    25
100
AcDbLine
 10
375.1917752019919
 20
221.7332580748759
 30
0.0
 11
375.2326084963915
 21
221.8764939606761
 31
0.0
  0
LINE
  5
108
330
70
100
AcDbEntity
  8
0
 62
     7
370
    25
100
AcDbLine
 10
374.6201085182917
 20
222.9149541012761
 30
0.0
 11
374.5792751837917
 21
222.7717182405759
 31
0.0
  0
LINE
  5
109
330
70
100
AcDbEntity
  8
0
 62
     7
370
    25
100
AcDbLine
 10
375.150941849192
 20
221.9839208561764
 30
0.0
 11
375.0692752019919
 21
221.7690670400764
 31
0.0
  0
LINE
  5
10A
330
70
100
AcDbEntity
  8
0
 62
     7
370
    25
100
AcDbLine
 10
374.6609418491916
 20
222.5832551966762
 30
0.0
 11
374.7426085109917
 21
222.7981090879762
 31
0.0
  0
LINE
  5
10B
330
70
100
AcDbEntity
  8
0
 62
     7
370
    25
100
AcDbLine
 10
374.6609418491916
 20
222.6642912446761
 30
0.0
 11
374.7426085109917
 21
222.8791451360762
 31
0.0
  0
LINE
  5
10C
330
70
100
AcDbEntity
  8
0
 62
     7
370
    25
100
AcDbLine
 10
375.1305252019915
 20
221.544795118776
 30
0.0
 11
375.1917752019919
 21
221.6522220267759
 31
0.0
  0
LINE
  5
10D
330
70
100
AcDbEntity
  8
0
 62
     7
370
    25
100
AcDbLine
 10
375.1305252019915
 20
221.6258311668759
 30
0.0
 11
375.1917752019919
 21
221.7332580748759
 31
0.0
  0
LINE
  5
10E
330
70
100
AcDbEntity
  8
0
 62
     7
370
    25
100
AcDbLine
 10
374.681358510992
 20
223.0223809967757
 30
0.0
 11
374.6201085182917
 21
222.9149541012761
 31
0.0
  0
LINE
  5
10F
330
70
100
AcDbEntity
  8
0
 62
     7
370
    25
100
AcDbLine
 10
359.6905252603919
 20
221.5089861535761
 30
0.0
 11
359.7721918491917
 21
221.6522220267759
 31
0.0
  0
LINE
  5
110
330
70
100
AcDbEntity
  8
0
 62
     7
370
    25
100
AcDbLine
 10
359.6905252603919
 20
221.5900222016761
 30
0.0
 11
359.7721918491917
 21
221.7332580748759
 31
0.0
  0
LINE
  5
111
330
70
100
AcDbEntity
  8
0
 62
     7
370
    25
100
AcDbLine
 10
377.0496918491915
 20
221.8048760302757
 30
0.0
 11
376.9884418491918
 21
221.7332580748759
 31
0.0
  0
LINE
  5
112
330
70
100
AcDbEntity
  8
0
 62
     7
370
    25
100
AcDbLine
 10
376.6005252603916
 20
222.7623001227763
 30
0.0
 11
376.661775260392
 21
222.8339180531761
 31
0.0
  0
LINE
  5
113
330
70
100
AcDbEntity
  8
0
 62
     7
370
    25
100
AcDbLine
 10
376.6005252603916
 20
222.8433361708763
 30
0.0
 11
376.661775260392
 21
222.9149541012761
 31
0.0
  0
LINE
  5
114
330
70
100
AcDbEntity
  8
0
 62
     7
370
    25
100
AcDbLine
 10
375.0692752019919
 20
221.7690670400764
 30
0.0
 11
375.0080251727916
 21
221.697449109676
 31
0.0
  0
LINE
  5
115
330
70
100
AcDbEntity
  8
0
 62
     7
370
    25
100
AcDbLine
 10
374.7426085109917
 20
222.7981090879762
 30
0.0
 11
374.8038585255914
 21
222.8697270183761
 31
0.0
  0
LINE
  5
116
330
70
100
AcDbEntity
  8
0
 62
     7
370
    25
100
AcDbLine
 10
374.7426085109917
 20
222.8791451360762
 30
0.0
 11
374.8038585255914
 21
222.9507630663759
 31
0.0
  0
LINE
  5
117
330
70
100
AcDbEntity
  8
0
 62
     7
370
    25
100
AcDbLine
 10
342.9400029951916
 20
186.1579802752764
 30
0.0
 11
343.8592418107917
 21
187.2186404470764
 31
0.0
  0
LINE
  5
118
330
70
100
AcDbEntity
  8
0
 62
     7
370
    25
100
AcDbLine
 10
341.1368807031919
 20
184.6377006957759
 30
0.0
 11
340.2176418876919
 21
183.5770405239759
 31
0.0
  0
LINE
  5
119
330
70
100
AcDbEntity
  8
0
 62
     7
370
    25
100
AcDbLine
 10
375.0284418491919
 20
221.437368213776
 30
0.0
 11
375.1305252019915
 21
221.544795118776
 31
0.0
  0
LINE
  5
11A
330
70
100
AcDbEntity
  8
0
 62
     7
370
    25
100
AcDbLine
 10
375.0284418491919
 20
221.518404261876
 30
0.0
 11
375.1305252019915
 21
221.6258311668759
 31
0.0
  0
LINE
  5
11B
330
70
100
AcDbEntity
  8
0
 62
     7
370
    25
100
AcDbLine
 10
374.7834418491917
 20
223.129807892276
 30
0.0
 11
374.681358510992
 21
223.0223809967757
 31
0.0
  0
LINE
  5
11C
330
70
100
AcDbEntity
  8
0
 62
     7
370
    25
100
AcDbLine
 10
342.9400029951916
 20
184.6377006957759
 30
0.0
 11
342.8347072241915
 21
184.5324049247764
 31
0.0
  0
LINE
  5
11D
330
70
100
AcDbEntity
  8
0
 62
     7
370
    25
100
AcDbLine
 10
341.1368807031919
 20
186.1579802752764
 30
0.0
 11
341.2427963638915
 21
186.263895935976
 31
0.0
  0
LINE
  5
11E
330
70
100
AcDbEntity
  8
0
 62
     7
370
    25
100
AcDbLine
 10
377.0088584379919
 20
221.437368213776
 30
0.0
 11
377.0905252603919
 21
221.5089861535761
 31
0.0
  0
LINE
  5
11F
330
70
100
AcDbEntity
  8
0
 62
     7
370
    25
100
AcDbLine
 10
377.0088584379919
 20
221.518404261876
 30
0.0
 11
377.0905252603919
 21
221.5900222016761
 31
0.0
  0
LINE
  5
120
330
70
100
AcDbEntity
  8
0
 62
     7
370
    25
100
AcDbLine
 10
376.6413584379916
 20
223.129807892276
 30
0.0
 11
376.5596918491919
 21
223.0581899619756
 31
0.0
  0
LINE
  5
121
330
70
100
AcDbEntity
  8
0
 62
     7
370
    25
100
AcDbLine
 10
340.2176418876919
 20
183.5770405239759
 30
0.0
 11
341.2099392504917
 21
184.437031571776
 31
0.0
  0
LINE
  5
122
330
70
100
AcDbEntity
  8
0
 62
     7
370
    25
100
AcDbLine
 10
343.8592418107917
 20
187.2186404470764
 30
0.0
 11
342.8524587407915
 21
186.346095119776
 31
0.0
  0
LINE
  5
123
330
70
100
AcDbEntity
  8
0
 62
     7
370
    25
100
AcDbLine
 10
383.2462586793918
 20
213.4161394656759
 30
0.0
 11
383.2384418491916
 21
213.4466188575764
 31
0.0
  0
LINE
  5
124
330
70
100
AcDbEntity
  8
0
 62
     7
370
    25
100
AcDbLine
 10
375.2530252019917
 20
222.6642912446761
 30
0.0
 11
375.2326084963915
 21
222.7717182405759
 31
0.0
  0
LINE
  5
125
330
70
100
AcDbEntity
  8
0
 62
     7
370
    25
100
AcDbLine
 10
374.558858516492
 20
221.9839208561764
 30
0.0
 11
374.5792751837917
 21
221.8764939606761
 31
0.0
  0
LINE
  5
126
330
70
100
AcDbEntity
  8
0
 62
     7
370
    25
100
AcDbLine
 10
374.558858516492
 20
221.9028848081765
 30
0.0
 11
374.5792751837917
 21
221.7954579125761
 31
0.0
  0
LINE
  5
127
330
70
100
AcDbEntity
  8
0
 62
     7
370
    25
100
AcDbLine
 10
377.0905252603919
 20
222.7359091750759
 30
0.0
 11
377.1109418491919
 21
222.5926733143757
 31
0.0
  0
LINE
  5
128
330
70
100
AcDbEntity
  8
0
 62
     7
370
    25
100
AcDbLine
 10
377.0905252603919
 20
222.6548731269759
 30
0.0
 11
377.1109418491919
 21
222.5116372662757
 31
0.0
  0
LINE
  5
129
330
70
100
AcDbEntity
  8
0
 62
     7
370
    25
100
AcDbLine
 10
376.5596918491919
 20
221.912302925876
 30
0.0
 11
376.5392752603919
 21
222.0555387865762
 31
0.0
  0
LINE
  5
12A
330
70
100
AcDbEntity
  8
0
 62
     7
370
    25
100
AcDbLine
 10
375.2734418491921
 20
222.485246418776
 30
0.0
 11
375.2530252019917
 21
222.6642912446761
 31
0.0
  0
LINE
  5
12B
330
70
100
AcDbEntity
  8
0
 62
     7
370
    25
100
AcDbLine
 10
374.5384418491916
 20
222.1629657322759
 30
0.0
 11
374.558858516492
 21
221.9839208561764
 31
0.0
  0
LINE
  5
12C
330
70
100
AcDbEntity
  8
0
 62
     7
370
    25
100
AcDbLine
 10
374.5384418491916
 20
222.0819296841759
 30
0.0
 11
374.558858516492
 21
221.9028848081765
 31
0.0
  0
LINE
  5
12D
330
70
100
AcDbEntity
  8
0
 62
     7
370
    25
100
AcDbLine
 10
374.6609418491916
 20
221.9839208561764
 30
0.0
 11
374.640525180092
 21
222.1987746973757
 31
0.0
  0
LINE
  5
12E
330
70
100
AcDbEntity
  8
0
 62
     7
370
    25
100
AcDbLine
 10
368.6384418491917
 20
218.078226986676
 30
0.0
 11
368.6384418491917
 21
225.5233953618756
 31
0.0
  0
LINE
  5
12F
330
70
100
AcDbEntity
  8
0
 62
     7
370
    25
100
AcDbLine
 10
368.6284418491917
 20
177.2978404855756
 30
0.0
 11
368.6284418491917
 21
210.6603085912757
 31
0.0
  0
LINE
  5
130
330
70
100
AcDbEntity
  8
0
 62
     7
370
    25
100
AcDbLine
 10
368.6284418491917
 20
225.5372692459761
 30
0.0
 11
368.6284418491917
 21
262.2978404855761
 31
0.0
  0
LINE
  5
131
330
70
100
AcDbEntity
  8
0
 62
     7
370
    25
100
AcDbLine
 10
368.338441849192
 20
177.3978404855759
 30
0.0
 11
368.338441849192
 21
210.6603085912757
 31
0.0
  0
LINE
  5
132
330
70
100
AcDbEntity
  8
0
 62
     7
370
    25
100
AcDbLine
 10
368.338441849192
 20
226.252823491776
 30
0.0
 11
368.338441849192
 21
262.1978404855763
 31
0.0
  0
LINE
  5
133
330
70
100
AcDbEntity
  8
0
 62
     7
370
    25
100
AcDbLine
 10
368.138441849192
 20
177.5978404855759
 30
0.0
 11
368.138441849192
 21
210.6603085912757
 31
0.0
  0
LINE
  5
134
330
70
100
AcDbEntity
  8
0
 62
     7
370
    25
100
AcDbLine
 10
368.138441849192
 20
218.078226986676
 30
0.0
 11
368.138441849192
 21
218.7109405458757
 31
0.0
  0
LINE
  5
135
330
70
100
AcDbEntity
  8
0
 62
     7
370
    25
100
AcDbLine
 10
368.138441849192
 20
220.884740425276
 30
0.0
 11
368.138441849192
 21
261.9978404855757
 31
0.0
  0
LINE
  5
136
330
70
100
AcDbEntity
  8
0
 62
     7
370
    25
100
AcDbLine
 10
364.3384418491919
 20
218.4381654757764
 30
0.0
 11
364.3384418491919
 21
218.078226986676
 31
0.0
  0
LINE
  5
137
330
70
100
AcDbEntity
  8
0
 62
     7
370
    25
100
AcDbLine
 10
363.4384418491915
 20
223.304042666876
 30
0.0
 11
363.4384418491915
 21
220.1813686114761
 31
0.0
  0
LINE
  5
138
330
70
100
AcDbEntity
  8
0
 62
     7
370
    25
100
AcDbLine
 10
362.6384418491915
 20
223.707040698176
 30
0.0
 11
362.6384418491915
 21
223.6271620185764
 31
0.0
  0
LINE
  5
139
330
70
100
AcDbEntity
  8
0
 62
     7
370
    25
100
AcDbLine
 10
362.2384418491915
 20
218.078226986676
 30
0.0
 11
362.2384418491915
 21
218.4381654757764
 31
0.0
  0
LINE
  5
13A
330
70
100
AcDbEntity
  8
0
 62
     7
370
    25
100
AcDbLine
 10
362.0384418491915
 20
218.4381654757764
 30
0.0
 11
362.0384418491915
 21
218.078226986676
 31
0.0
  0
LINE
  5
13B
330
70
100
AcDbEntity
  8
0
 62
     7
370
    25
100
AcDbLine
 10
361.6301086716919
 20
222.8697270183761
 30
0.0
 11
361.6301086716919
 21
223.1656168574759
 31
0.0
  0
LINE
  5
13C
330
70
100
AcDbEntity
  8
0
 62
     7
370
    25
100
AcDbLine
 10
361.5484418491918
 20
222.1893565796762
 30
0.0
 11
361.5484418491918
 21
222.485246418776
 31
0.0
  0
LINE
  5
13D
330
70
100
AcDbEntity
  8
0
 62
     7
370
    25
100
AcDbLine
 10
361.4384418491915
 20
223.7618778674761
 30
0.0
 11
361.4384418491915
 21
223.6271620185764
 31
0.0
  0
LINE
  5
13E
330
70
100
AcDbEntity
  8
0
 62
     7
370
    25
100
AcDbLine
 10
361.0176084379919
 20
221.4015592454761
 30
0.0
 11
361.0176084379919
 21
222.2703926277762
 31
0.0
  0
LINE
  5
13F
330
70
100
AcDbEntity
  8
0
 62
     7
370
    25
100
AcDbLine
 10
361.0176084379919
 20
222.485246418776
 30
0.0
 11
361.0176084379919
 21
222.9507630663759
 31
0.0
  0
LINE
  5
140
330
70
100
AcDbEntity
  8
0
 62
     7
370
    25
100
AcDbLine
 10
360.8951084379917
 20
221.4015592454761
 30
0.0
 11
360.8951084379917
 21
223.1656168574759
 31
0.0
  0
LINE
  5
141
330
70
100
AcDbEntity
  8
0
 62
     7
370
    25
100
AcDbLine
 10
360.7384418491918
 20
218.078226986676
 30
0.0
 11
360.7384418491918
 21
218.4381654757764
 31
0.0
  0
LINE
  5
142
330
70
100
AcDbEntity
  8
0
 62
     7
370
    25
100
AcDbLine
 10
360.7317752603916
 20
222.8697270183761
 30
0.0
 11
360.7317752603916
 21
223.1656168574759
 31
0.0
  0
LINE
  5
143
330
70
100
AcDbEntity
  8
0
 62
     7
370
    25
100
AcDbLine
 10
360.6501084379916
 20
222.1893565796762
 30
0.0
 11
360.6501084379916
 21
222.485246418776
 31
0.0
  0
LINE
  5
144
330
70
100
AcDbEntity
  8
0
 62
     7
370
    25
100
AcDbLine
 10
360.5384418491917
 20
218.4381654757764
 30
0.0
 11
360.5384418491917
 21
218.078226986676
 31
0.0
  0
LINE
  5
145
330
70
100
AcDbEntity
  8
0
 62
     7
370
    25
100
AcDbLine
 10
360.1192752603919
 20
221.4015592454761
 30
0.0
 11
360.1192752603919
 21
222.2703926277762
 31
0.0
  0
LINE
  5
146
330
70
100
AcDbEntity
  8
0
 62
     7
370
    25
100
AcDbLine
 10
360.1192752603919
 20
222.485246418776
 30
0.0
 11
360.1192752603919
 21
222.9507630663759
 31
0.0
  0
LINE
  5
147
330
70
100
AcDbEntity
  8
0
 62
     7
370
    25
100
AcDbLine
 10
360.028441849192
 20
218.0800322347761
 30
0.0
 11
360.028441849192
 21
218.4381654757764
 31
0.0
  0
LINE
  5
148
330
70
100
AcDbEntity
  8
0
 62
     7
370
    25
100
AcDbLine
 10
359.9967752603918
 20
221.4015592454761
 30
0.0
 11
359.9967752603918
 21
223.1656168574759
 31
0.0
  0
LINE
  5
149
330
70
100
AcDbEntity
  8
0
 62
     7
370
    25
100
AcDbLine
 10
359.833441849192
 20
221.9745027384762
 30
0.0
 11
359.833441849192
 21
222.5926733143757
 31
0.0
  0
LINE
  5
14A
330
70
100
AcDbEntity
  8
0
 62
     7
370
    25
100
AcDbLine
 10
359.828441849192
 20
218.4381654757764
 30
0.0
 11
359.828441849192
 21
218.0800322347761
 31
0.0
  0
LINE
  5
14B
330
70
100
AcDbEntity
  8
0
 62
     7
370
    25
100
AcDbLine
 10
359.813025260392
 20
221.7954579125761
 30
0.0
 11
359.813025260392
 21
221.8764939606761
 31
0.0
  0
LINE
  5
14C
330
70
100
AcDbEntity
  8
0
 62
     7
370
    25
100
AcDbLine
 10
359.7721918491917
 20
221.6522220267759
 30
0.0
 11
359.7721918491917
 21
221.7332580748759
 31
0.0
  0
LINE
  5
14D
330
70
100
AcDbEntity
  8
0
 62
     7
370
    25
100
AcDbLine
 10
359.7109418491919
 20
222.5926733143757
 30
0.0
 11
359.7109418491919
 21
222.0555387865762
 31
0.0
  0
LINE
  5
14E
330
70
100
AcDbEntity
  8
0
 62
     7
370
    25
100
AcDbLine
 10
359.6905252603919
 20
221.5089861535761
 30
0.0
 11
359.6905252603919
 21
221.5900222016761
 31
0.0
  0
LINE
  5
14F
330
70
100
AcDbEntity
  8
0
 62
     7
370
    25
100
AcDbLine
 10
359.6905252603919
 20
222.6548731269759
 30
0.0
 11
359.6905252603919
 21
222.7359091750759
 31
0.0
  0
LINE
  5
150
330
70
100
AcDbEntity
  8
0
 62
     7
370
    25
100
AcDbLine
 10
359.6496918491916
 20
222.7623001227763
 30
0.0
 11
359.6496918491916
 21
222.8433361708763
 31
0.0
  0
LINE
  5
151
330
70
100
AcDbEntity
  8
0
 62
     7
370
    25
100
AcDbLine
 10
359.6088584379919
 20
221.437368213776
 30
0.0
 11
359.6088584379919
 21
221.518404261876
 31
0.0
  0
LINE
  5
152
330
70
100
AcDbEntity
  8
0
 62
     7
370
    25
100
AcDbLine
 10
359.5884418491918
 20
222.8339180531761
 30
0.0
 11
359.5884418491918
 21
222.9149541012761
 31
0.0
  0
LINE
  5
153
330
70
100
AcDbEntity
  8
0
 62
     7
370
    25
100
AcDbLine
 10
359.5067752603914
 20
221.4015592454761
 30
0.0
 11
359.5067752603914
 21
221.4825952935761
 31
0.0
  0
LINE
  5
154
330
70
100
AcDbEntity
  8
0
 62
     7
370
    25
100
AcDbLine
 10
359.5067752603914
 20
222.8697270183761
 30
0.0
 11
359.5067752603914
 21
222.9507630663759
 31
0.0
  0
LINE
  5
155
330
70
100
AcDbEntity
  8
0
 62
     7
370
    25
100
AcDbLine
 10
359.3434418491917
 20
221.4015592454761
 30
0.0
 11
359.3434418491917
 21
221.4825952935761
 31
0.0
  0
LINE
  5
156
330
70
100
AcDbEntity
  8
0
 62
     7
370
    25
100
AcDbLine
 10
359.3434418491917
 20
222.8697270183761
 30
0.0
 11
359.3434418491917
 21
222.9507630663759
 31
0.0
  0
LINE
  5
157
330
70
100
AcDbEntity
  8
0
 62
     7
370
    25
100
AcDbLine
 10
359.261775260392
 20
222.8339180531761
 30
0.0
 11
359.261775260392
 21
222.9149541012761
 31
0.0
  0
LINE
  5
158
330
70
100
AcDbEntity
  8
0
 62
     7
370
    25
100
AcDbLine
 10
359.2413584379916
 20
221.437368213776
 30
0.0
 11
359.2413584379916
 21
221.518404261876
 31
0.0
  0
LINE
  5
159
330
70
100
AcDbEntity
  8
0
 62
     7
370
    25
100
AcDbLine
 10
359.228441849192
 20
218.0800322347761
 30
0.0
 11
359.228441849192
 21
218.4381654757764
 31
0.0
  0
LINE
  5
15A
330
70
100
AcDbEntity
  8
0
 62
     7
370
    25
100
AcDbLine
 10
359.2005252603916
 20
222.7623001227763
 30
0.0
 11
359.2005252603916
 21
222.8433361708763
 31
0.0
  0
LINE
  5
15B
330
70
100
AcDbEntity
  8
0
 62
     7
370
    25
100
AcDbLine
 10
359.1596918491919
 20
221.5089861535761
 30
0.0
 11
359.1596918491919
 21
221.5900222016761
 31
0.0
  0
LINE
  5
15C
330
70
100
AcDbEntity
  8
0
 62
     7
370
    25
100
AcDbLine
 10
359.1596918491919
 20
222.6548731269759
 30
0.0
 11
359.1596918491919
 21
222.7359091750759
 31
0.0
  0
LINE
  5
15D
330
70
100
AcDbEntity
  8
0
 62
     7
370
    25
100
AcDbLine
 10
359.1392752603919
 20
222.0555387865762
 30
0.0
 11
359.1392752603919
 21
222.5926733143757
 31
0.0
  0
LINE
  5
15E
330
70
100
AcDbEntity
  8
0
 62
     7
370
    25
100
AcDbLine
 10
359.078025143592
 20
221.6522220267759
 30
0.0
 11
359.078025143592
 21
221.7332580748759
 31
0.0
  0
LINE
  5
15F
330
70
100
AcDbEntity
  8
0
 62
     7
370
    25
100
AcDbLine
 10
359.0371918491919
 20
221.7954579125761
 30
0.0
 11
359.0371918491919
 21
221.8764939606761
 31
0.0
  0
LINE
  5
160
330
70
100
AcDbEntity
  8
0
 62
     7
370
    25
100
AcDbLine
 10
359.0284418491919
 20
218.4381654757764
 30
0.0
 11
359.0284418491919
 21
218.0800322347761
 31
0.0
  0
LINE
  5
161
330
70
100
AcDbEntity
  8
0
 62
     7
370
    25
100
AcDbLine
 10
359.0167751435917
 20
221.9745027384762
 30
0.0
 11
359.0167751435917
 21
222.5926733143757
 31
0.0
  0
LINE
  5
162
330
70
100
AcDbEntity
  8
0
 62
     7
370
    25
100
AcDbLine
 10
357.8734418491914
 20
222.0819296841759
 30
0.0
 11
357.8734418491914
 21
222.485246418776
 31
0.0
  0
LINE
  5
163
330
70
100
AcDbEntity
  8
0
 62
     7
370
    25
100
AcDbLine
 10
357.8530252019917
 20
221.9028848081765
 30
0.0
 11
357.8530252019917
 21
221.9839208561764
 31
0.0
  0
LINE
  5
164
330
70
100
AcDbEntity
  8
0
 62
     7
370
    25
100
AcDbLine
 10
357.8326084963915
 20
221.7954579125761
 30
0.0
 11
357.8326084963915
 21
221.8764939606761
 31
0.0
  0
LINE
  5
165
330
70
100
AcDbEntity
  8
0
 62
     7
370
    25
100
AcDbLine
 10
357.7917752019919
 20
221.6522220267759
 30
0.0
 11
357.7917752019919
 21
221.7332580748759
 31
0.0
  0
LINE
  5
166
330
70
100
AcDbEntity
  8
0
 62
     7
370
    25
100
AcDbLine
 10
357.7713584963918
 20
222.4494374536762
 30
0.0
 11
357.7713584963918
 21
222.1987746973757
 31
0.0
  0
LINE
  5
167
330
70
100
AcDbEntity
  8
0
 62
     7
370
    25
100
AcDbLine
 10
357.750941849192
 20
222.5832551966762
 30
0.0
 11
357.750941849192
 21
222.6642912446761
 31
0.0
  0
LINE
  5
168
330
70
100
AcDbEntity
  8
0
 62
     7
370
    25
100
AcDbLine
 10
357.7305252019916
 20
221.544795118776
 30
0.0
 11
357.7305252019916
 21
221.6258311668759
 31
0.0
  0
LINE
  5
169
330
70
100
AcDbEntity
  8
0
 62
     7
370
    25
100
AcDbLine
 10
357.6692752019919
 20
222.7981090879762
 30
0.0
 11
357.6692752019919
 21
222.8791451360762
 31
0.0
  0
LINE
  5
16A
330
70
100
AcDbEntity
  8
0
 62
     7
370
    25
100
AcDbLine
 10
357.6284418491919
 20
221.437368213776
 30
0.0
 11
357.6284418491919
 21
221.518404261876
 31
0.0
  0
LINE
  5
16B
330
70
100
AcDbEntity
  8
0
 62
     7
370
    25
100
AcDbLine
 10
357.6080251727916
 20
222.8697270183761
 30
0.0
 11
357.6080251727916
 21
222.9507630663759
 31
0.0
  0
LINE
  5
16C
330
70
100
AcDbEntity
  8
0
 62
     7
370
    25
100
AcDbLine
 10
357.5059418491918
 20
221.4015592454761
 30
0.0
 11
357.5059418491918
 21
221.4825952935761
 31
0.0
  0
LINE
  5
16D
330
70
100
AcDbEntity
  8
0
 62
     7
370
    25
100
AcDbLine
 10
357.5059418491918
 20
222.9055359835759
 30
0.0
 11
357.5059418491918
 21
222.9865720315758
 31
0.0
  0
LINE
  5
16E
330
70
100
AcDbEntity
  8
0
 62
     7
370
    25
100
AcDbLine
 10
357.4038585255914
 20
222.8697270183761
 30
0.0
 11
357.4038585255914
 21
222.9507630663759
 31
0.0
  0
LINE
  5
16F
330
70
100
AcDbEntity
  8
0
 62
     7
370
    25
100
AcDbLine
 10
357.3834418491918
 20
221.437368213776
 30
0.0
 11
357.3834418491918
 21
221.518404261876
 31
0.0
  0
LINE
  5
170
330
70
100
AcDbEntity
  8
0
 62
     7
370
    25
100
AcDbLine
 10
357.3426085109917
 20
222.7981090879762
 30
0.0
 11
357.3426085109917
 21
222.8791451360762
 31
0.0
  0
LINE
  5
171
330
70
100
AcDbEntity
  8
0
 62
     7
370
    25
100
AcDbLine
 10
357.2813585109914
 20
221.544795118776
 30
0.0
 11
357.2813585109914
 21
221.6258311668759
 31
0.0
  0
LINE
  5
172
330
70
100
AcDbEntity
  8
0
 62
     7
370
    25
100
AcDbLine
 10
357.2609418491917
 20
222.5832551966762
 30
0.0
 11
357.2609418491917
 21
222.6642912446761
 31
0.0
  0
LINE
  5
173
330
70
100
AcDbEntity
  8
0
 62
     7
370
    25
100
AcDbLine
 10
357.240525180092
 20
222.1987746973757
 30
0.0
 11
357.240525180092
 21
222.4494374536762
 31
0.0
  0
LINE
  5
174
330
70
100
AcDbEntity
  8
0
 62
     7
370
    25
100
AcDbLine
 10
357.2284418491919
 20
218.0800322347761
 30
0.0
 11
357.2284418491919
 21
218.4381654757764
 31
0.0
  0
LINE
  5
175
330
70
100
AcDbEntity
  8
0
 62
     7
370
    25
100
AcDbLine
 10
357.2201085182917
 20
221.6522220267759
 30
0.0
 11
357.2201085182917
 21
221.7332580748759
 31
0.0
  0
LINE
  5
176
330
70
100
AcDbEntity
  8
0
 62
     7
370
    25
100
AcDbLine
 10
357.1792751837917
 20
221.7954579125761
 30
0.0
 11
357.1792751837917
 21
221.8764939606761
 31
0.0
  0
LINE
  5
177
330
70
100
AcDbEntity
  8
0
 62
     7
370
    25
100
AcDbLine
 10
357.158858516492
 20
221.9028848081765
 30
0.0
 11
357.158858516492
 21
221.9839208561764
 31
0.0
  0
LINE
  5
178
330
70
100
AcDbEntity
  8
0
 62
     7
370
    25
100
AcDbLine
 10
357.1384418491916
 20
222.0819296841759
 30
0.0
 11
357.1384418491916
 21
222.485246418776
 31
0.0
  0
LINE
  5
179
330
70
100
AcDbEntity
  8
0
 62
     7
370
    25
100
AcDbLine
 10
357.0284418491919
 20
218.4381654757764
 30
0.0
 11
357.0284418491919
 21
218.0800322347761
 31
0.0
  0
LINE
  5
17A
330
70
100
AcDbEntity
  8
0
 62
     7
370
    25
100
AcDbLine
 10
356.238441849192
 20
223.707040698176
 30
0.0
 11
356.238441849192
 21
223.6271620185764
 31
0.0
  0
LINE
  5
17B
330
70
100
AcDbEntity
  8
0
 62
     7
370
    25
100
AcDbLine
 10
356.1284418491916
 20
218.0800322347761
 30
0.0
 11
356.1284418491916
 21
218.4381654757764
 31
0.0
  0
LINE
  5
17C
330
70
100
AcDbEntity
  8
0
 62
     7
370
    25
100
AcDbLine
 10
355.9284418491915
 20
218.4381654757764
 30
0.0
 11
355.9284418491915
 21
218.0800322347761
 31
0.0
  0
LINE
  5
17D
330
70
100
AcDbEntity
  8
0
 62
     7
370
    25
100
AcDbLine
 10
357.7713584963918
 20
222.1987746973757
 30
0.0
 11
357.750941849192
 21
221.9839208561764
 31
0.0
  0
LINE
  5
17E
330
70
100
AcDbEntity
  8
0
 62
     7
370
    25
100
AcDbLine
 10
357.240525180092
 20
222.3684014055762
 30
0.0
 11
357.2609418491917
 21
222.5832551966762
 31
0.0
  0
LINE
  5
17F
330
70
100
AcDbEntity
  8
0
 62
     7
370
    25
100
AcDbLine
 10
357.240525180092
 20
222.4494374536762
 30
0.0
 11
357.2609418491917
 21
222.6642912446761
 31
0.0
  0
LINE
  5
180
330
70
100
AcDbEntity
  8
0
 62
     7
370
    25
100
AcDbLine
 10
359.813025260392
 20
221.7954579125761
 30
0.0
 11
359.833441849192
 21
221.9745027384762
 31
0.0
  0
LINE
  5
181
330
70
100
AcDbEntity
  8
0
 62
     7
370
    25
100
AcDbLine
 10
359.813025260392
 20
221.8764939606761
 30
0.0
 11
359.833441849192
 21
222.0555387865762
 31
0.0
  0
LINE
  5
182
330
70
100
AcDbEntity
  8
0
 62
     7
370
    25
100
AcDbLine
 10
359.0371918491919
 20
222.7717182405759
 30
0.0
 11
359.0167751435917
 21
222.5926733143757
 31
0.0
  0
LINE
  5
183
330
70
100
AcDbEntity
  8
0
 62
     7
370
    25
100
AcDbLine
 10
357.8530252019917
 20
221.9028848081765
 30
0.0
 11
357.8734418491914
 21
222.0819296841759
 31
0.0
  0
LINE
  5
184
330
70
100
AcDbEntity
  8
0
 62
     7
370
    25
100
AcDbLine
 10
357.8530252019917
 20
221.9839208561764
 30
0.0
 11
357.8734418491914
 21
222.1629657322759
 31
0.0
  0
LINE
  5
185
330
70
100
AcDbEntity
  8
0
 62
     7
370
    25
100
AcDbLine
 10
357.158858516492
 20
222.6642912446761
 30
0.0
 11
357.1384418491916
 21
222.485246418776
 31
0.0
  0
LINE
  5
186
330
70
100
AcDbEntity
  8
0
 62
     7
370
    25
100
AcDbLine
 10
359.7109418491919
 20
222.0555387865762
 30
0.0
 11
359.6905252603919
 21
221.912302925876
 31
0.0
  0
LINE
  5
187
330
70
100
AcDbEntity
  8
0
 62
     7
370
    25
100
AcDbLine
 10
359.1392752603919
 20
222.5116372662757
 30
0.0
 11
359.1596918491919
 21
222.6548731269759
 31
0.0
  0
LINE
  5
188
330
70
100
AcDbEntity
  8
0
 62
     7
370
    25
100
AcDbLine
 10
359.1392752603919
 20
222.5926733143757
 30
0.0
 11
359.1596918491919
 21
222.7359091750759
 31
0.0
  0
LINE
  5
189
330
70
100
AcDbEntity
  8
0
 62
     7
370
    25
100
AcDbLine
 10
357.8326084963915
 20
221.7954579125761
 30
0.0
 11
357.8530252019917
 21
221.9028848081765
 31
0.0
  0
LINE
  5
18A
330
70
100
AcDbEntity
  8
0
 62
     7
370
    25
100
AcDbLine
 10
357.8326084963915
 20
221.8764939606761
 30
0.0
 11
357.8530252019917
 21
221.9839208561764
 31
0.0
  0
LINE
  5
18B
330
70
100
AcDbEntity
  8
0
 62
     7
370
    25
100
AcDbLine
 10
357.1792751837917
 20
222.7717182405759
 30
0.0
 11
357.158858516492
 21
222.6642912446761
 31
0.0
  0
LINE
  5
18C
330
70
100
AcDbEntity
  8
0
 62
     7
370
    25
100
AcDbLine
 10
359.7721918491917
 20
221.6522220267759
 30
0.0
 11
359.813025260392
 21
221.7954579125761
 31
0.0
  0
LINE
  5
18D
330
70
100
AcDbEntity
  8
0
 62
     7
370
    25
100
AcDbLine
 10
359.7721918491917
 20
221.7332580748759
 30
0.0
 11
359.813025260392
 21
221.8764939606761
 31
0.0
  0
LINE
  5
18E
330
70
100
AcDbEntity
  8
0
 62
     7
370
    25
100
AcDbLine
 10
359.078025143592
 20
222.9149541012761
 30
0.0
 11
359.0371918491919
 21
222.7717182405759
 31
0.0
  0
LINE
  5
18F
330
70
100
AcDbEntity
  8
0
 62
     7
370
    25
100
AcDbLine
 10
357.7917752019919
 20
221.6522220267759
 30
0.0
 11
357.8326084963915
 21
221.7954579125761
 31
0.0
  0
LINE
  5
190
330
70
100
AcDbEntity
  8
0
 62
     7
370
    25
100
AcDbLine
 10
357.7917752019919
 20
221.7332580748759
 30
0.0
 11
357.8326084963915
 21
221.8764939606761
 31
0.0
  0
LINE
  5
191
330
70
100
AcDbEntity
  8
0
 62
     7
370
    25
100
AcDbLine
 10
357.2201085182917
 20
222.9149541012761
 30
0.0
 11
357.1792751837917
 21
222.7717182405759
 31
0.0
  0
LINE
  5
192
330
70
100
AcDbEntity
  8
0
 62
     7
370
    25
100
AcDbLine
 10
359.6905252603919
 20
221.912302925876
 30
0.0
 11
359.6496918491916
 21
221.8048760302757
 31
0.0
  0
LINE
  5
193
330
70
100
AcDbEntity
  8
0
 62
     7
370
    25
100
AcDbLine
 10
359.1596918491919
 20
222.6548731269759
 30
0.0
 11
359.2005252603916
 21
222.7623001227763
 31
0.0
  0
LINE
  5
194
330
70
100
AcDbEntity
  8
0
 62
     7
370
    25
100
AcDbLine
 10
359.1596918491919
 20
222.7359091750759
 30
0.0
 11
359.2005252603916
 21
222.8433361708763
 31
0.0
  0
LINE
  5
195
330
70
100
AcDbEntity
  8
0
 62
     7
370
    25
100
AcDbLine
 10
357.750941849192
 20
221.9839208561764
 30
0.0
 11
357.6692752019919
 21
221.7690670400764
 31
0.0
  0
LINE
  5
196
330
70
100
AcDbEntity
  8
0
 62
     7
370
    25
100
AcDbLine
 10
357.2609418491917
 20
222.5832551966762
 30
0.0
 11
357.3426085109917
 21
222.7981090879762
 31
0.0
  0
LINE
  5
197
330
70
100
AcDbEntity
  8
0
 62
     7
370
    25
100
AcDbLine
 10
357.2609418491917
 20
222.6642912446761
 30
0.0
 11
357.3426085109917
 21
222.8791451360762
 31
0.0
  0
LINE
  5
198
330
70
100
AcDbEntity
  8
0
 62
     7
370
    25
100
AcDbLine
 10
359.1596918491919
 20
223.0581899619756
 30
0.0
 11
359.078025143592
 21
222.9149541012761
 31
0.0
  0
LINE
  5
199
330
70
100
AcDbEntity
  8
0
 62
     7
370
    25
100
AcDbLine
 10
357.7305252019916
 20
221.544795118776
 30
0.0
 11
357.7917752019919
 21
221.6522220267759
 31
0.0
  0
LINE
  5
19A
330
70
100
AcDbEntity
  8
0
 62
     7
370
    25
100
AcDbLine
 10
357.7305252019916
 20
221.6258311668759
 30
0.0
 11
357.7917752019919
 21
221.7332580748759
 31
0.0
  0
LINE
  5
19B
330
70
100
AcDbEntity
  8
0
 62
     7
370
    25
100
AcDbLine
 10
357.2813585109914
 20
223.0223809967757
 30
0.0
 11
357.2201085182917
 21
222.9149541012761
 31
0.0
  0
LINE
  5
19C
330
70
100
AcDbEntity
  8
0
 62
     7
370
    25
100
AcDbLine
 10
342.2905252603919
 20
221.5089861535761
 30
0.0
 11
342.3721918491917
 21
221.6522220267759
 31
0.0
  0
LINE
  5
19D
330
70
100
AcDbEntity
  8
0
 62
     7
370
    25
100
AcDbLine
 10
342.2905252603919
 20
221.5900222016761
 30
0.0
 11
342.3721918491917
 21
221.7332580748759
 31
0.0
  0
LINE
  5
19E
330
70
100
AcDbEntity
  8
0
 62
     7
370
    25
100
AcDbLine
 10
359.6496918491916
 20
221.8048760302757
 30
0.0
 11
359.5884418491918
 21
221.7332580748759
 31
0.0
  0
LINE
  5
19F
330
70
100
AcDbEntity
  8
0
 62
     7
370
    25
100
AcDbLine
 10
359.2005252603916
 20
222.7623001227763
 30
0.0
 11
359.261775260392
 21
222.8339180531761
 31
0.0
  0
LINE
  5
1A0
330
70
100
AcDbEntity
  8
0
 62
     7
370
    25
100
AcDbLine
 10
359.2005252603916
 20
222.8433361708763
 30
0.0
 11
359.261775260392
 21
222.9149541012761
 31
0.0
  0
LINE
  5
1A1
330
70
100
AcDbEntity
  8
0
 62
     7
370
    25
100
AcDbLine
 10
357.6692752019919
 20
221.7690670400764
 30
0.0
 11
357.6080251727916
 21
221.697449109676
 31
0.0
  0
LINE
  5
1A2
330
70
100
AcDbEntity
  8
0
 62
     7
370
    25
100
AcDbLine
 10
357.3426085109917
 20
222.7981090879762
 30
0.0
 11
357.4038585255914
 21
222.8697270183761
 31
0.0
  0
LINE
  5
1A3
330
70
100
AcDbEntity
  8
0
 62
     7
370
    25
100
AcDbLine
 10
357.3426085109917
 20
222.8791451360762
 30
0.0
 11
357.4038585255914
 21
222.9507630663759
 31
0.0
  0
LINE
  5
1A4
330
70
100
AcDbEntity
  8
0
 62
     7
370
    25
100
AcDbLine
 10
342.2496918491916
 20
221.8048760302757
 30
0.0
 11
342.1884418491919
 21
221.7332580748759
 31
0.0
  0
LINE
  5
1A5
330
70
100
AcDbEntity
  8
0
 62
     7
370
    25
100
AcDbLine
 10
377.7400029951916
 20
255.0579402752763
 30
0.0
 11
378.6592418107916
 21
256.1186004470762
 31
0.0
  0
LINE
  5
1A6
330
70
100
AcDbEntity
  8
0
 62
     7
370
    25
100
AcDbLine
 10
375.9368807031918
 20
253.5376606957758
 30
0.0
 11
375.0176418876918
 21
252.4770005239758
 31
0.0
  0
LINE
  5
1A7
330
70
100
AcDbEntity
  8
0
 62
     7
370
    25
100
AcDbLine
 10
357.6284418491919
 20
221.437368213776
 30
0.0
 11
357.7305252019916
 21
221.544795118776
 31
0.0
  0
LINE
  5
1A8
330
70
100
AcDbEntity
  8
0
 62
     7
370
    25
100
AcDbLine
 10
357.6284418491919
 20
221.518404261876
 30
0.0
 11
357.7305252019916
 21
221.6258311668759
 31
0.0
  0
LINE
  5
1A9
330
70
100
AcDbEntity
  8
0
 62
     7
370
    25
100
AcDbLine
 10
357.3834418491918
 20
223.129807892276
 30
0.0
 11
357.2813585109914
 21
223.0223809967757
 31
0.0
  0
LINE
  5
1AA
330
70
100
AcDbEntity
  8
0
 62
     7
370
    25
100
AcDbLine
 10
377.7400029951916
 20
253.5376606957758
 30
0.0
 11
377.634087334592
 21
253.4317450350761
 31
0.0
  0
LINE
  5
1AB
330
70
100
AcDbEntity
  8
0
 62
     7
370
    25
100
AcDbLine
 10
375.9368807031918
 20
255.0579402752763
 30
0.0
 11
376.042176474192
 21
255.1632360463758
 31
0.0
  0
LINE
  5
1AC
330
70
100
AcDbEntity
  8
0
 62
     7
370
    25
100
AcDbLine
 10
359.6088584379919
 20
221.437368213776
 30
0.0
 11
359.6905252603919
 21
221.5089861535761
 31
0.0
  0
LINE
  5
1AD
330
70
100
AcDbEntity
  8
0
 62
     7
370
    25
100
AcDbLine
 10
359.6088584379919
 20
221.518404261876
 30
0.0
 11
359.6905252603919
 21
221.5900222016761
 31
0.0
  0
LINE
  5
1AE
330
70
100
AcDbEntity
  8
0
 62
     7
370
    25
100
AcDbLine
 10
359.2413584379916
 20
223.129807892276
 30
0.0
 11
359.1596918491919
 21
223.0581899619756
 31
0.0
  0
LINE
  5
1AF
330
70
100
AcDbEntity
  8
0
 62
     7
370
    25
100
AcDbLine
 10
378.5884052455917
 20
223.6271620185764
 30
0.0
 11
378.8384418491915
 21
223.7612114748765
 31
0.0
  0
LINE
  5
1B0
330
70
100
AcDbEntity
  8
0
 62
     7
370
    25
100
AcDbLine
 10
361.1884052455917
 20
223.6271620185764
 30
0.0
 11
361.4384418491915
 21
223.7612114748765
 31
0.0
  0
LINE
  5
1B1
330
70
100
AcDbEntity
  8
0
 62
     7
370
    25
100
AcDbLine
 10
376.9884418491918
 20
221.7332580748759
 30
0.0
 11
376.9067752603914
 21
221.697449109676
 31
0.0
  0
LINE
  5
1B2
330
70
100
AcDbEntity
  8
0
 62
     7
370
    25
100
AcDbLine
 10
376.661775260392
 20
222.8339180531761
 30
0.0
 11
376.7434418491917
 21
222.8697270183761
 31
0.0
  0
LINE
  5
1B3
330
70
100
AcDbEntity
  8
0
 62
     7
370
    25
100
AcDbLine
 10
376.661775260392
 20
222.9149541012761
 30
0.0
 11
376.7434418491917
 21
222.9507630663759
 31
0.0
  0
LINE
  5
1B4
330
70
100
AcDbEntity
  8
0
 62
     7
370
    25
100
AcDbLine
 10
376.9067752603914
 20
221.4015592454761
 30
0.0
 11
377.0088584379919
 21
221.437368213776
 31
0.0
  0
LINE
  5
1B5
330
70
100
AcDbEntity
  8
0
 62
     7
370
    25
100
AcDbLine
 10
376.9067752603914
 20
221.4825952935761
 30
0.0
 11
377.0088584379919
 21
221.518404261876
 31
0.0
  0
LINE
  5
1B6
330
70
100
AcDbEntity
  8
0
 62
     7
370
    25
100
AcDbLine
 10
376.838441849192
 20
194.7978404855759
 30
0.0
 11
368.6284418491917
 21
194.7978404855759
 31
0.0
  0
LINE
  5
1B7
330
70
100
AcDbEntity
  8
0
 62
     7
370
    25
100
AcDbLine
 10
359.438441849192
 20
194.7978404855759
 30
0.0
 11
351.2284418491917
 21
194.7978404855759
 31
0.0
  0
LINE
  5
1B8
330
70
100
AcDbEntity
  8
0
 62
     7
370
    25
100
AcDbLine
 10
342.0384418491914
 20
194.7978404855759
 30
0.0
 11
333.8284418491917
 21
194.7978404855759
 31
0.0
  0
LINE
  5
1B9
330
70
100
AcDbEntity
  8
0
 62
     7
370
    25
100
AcDbLine
 10
368.6284418491917
 20
194.8013325624762
 30
0.0
 11
368.338441849192
 21
194.8013325624762
 31
0.0
  0
LINE
  5
1BA
330
70
100
AcDbEntity
  8
0
 62
     7
370
    25
100
AcDbLine
 10
351.2284418491917
 20
194.8013325624762
 30
0.0
 11
350.938441849192
 21
194.8013325624762
 31
0.0
  0
LINE
  5
1BB
330
70
100
AcDbEntity
  8
0
 62
     7
370
    25
100
AcDbLine
 10
333.8284418491917
 20
194.8013325624762
 30
0.0
 11
333.5384418491914
 21
194.8013325624762
 31
0.0
  0
LINE
  5
1BC
330
70
100
AcDbEntity
  8
0
 62
     7
370
    25
100
AcDbLine
 10
376.838441849192
 20
197.297840485576
 30
0.0
 11
368.6284418491917
 21
197.297840485576
 31
0.0
  0
LINE
  5
1BD
330
70
100
AcDbEntity
  8
0
 62
     7
370
    25
100
AcDbLine
 10
359.438441849192
 20
197.297840485576
 30
0.0
 11
351.2284418491917
 21
197.297840485576
 31
0.0
  0
LINE
  5
1BE
330
70
100
AcDbEntity
  8
0
 62
     7
370
    25
100
AcDbLine
 10
342.0384418491914
 20
197.297840485576
 30
0.0
 11
333.8284418491917
 21
197.297840485576
 31
0.0
  0
LINE
  5
1BF
330
70
100
AcDbEntity
  8
0
 62
     7
370
    25
100
AcDbLine
 10
368.6284418491917
 20
197.397840485576
 30
0.0
 11
368.338441849192
 21
197.397840485576
 31
0.0
  0
LINE
  5
1C0
330
70
100
AcDbEntity
  8
0
 62
     7
370
    25
100
AcDbLine
 10
351.2284418491917
 20
197.397840485576
 30
0.0
 11
350.938441849192
 21
197.397840485576
 31
0.0
  0
LINE
  5
1C1
330
70
100
AcDbEntity
  8
0
 62
     7
370
    25
100
AcDbLine
 10
333.8284418491917
 20
197.397840485576
 30
0.0
 11
333.5384418491914
 21
197.397840485576
 31
0.0
  0
LINE
  5
1C2
330
70
100
AcDbEntity
  8
0
 62
     7
370
    25
100
AcDbLine
 10
376.838441849192
 20
199.0902455488764
 30
0.0
 11
368.6284418491917
 21
199.0902455488764
 31
0.0
  0
LINE
  5
1C3
330
70
100
AcDbEntity
  8
0
 62
     7
370
    25
100
AcDbLine
 10
359.438441849192
 20
199.0902455488764
 30
0.0
 11
351.2284418491917
 21
199.0902455488764
 31
0.0
  0
LINE
  5
1C4
330
70
100
AcDbEntity
  8
0
 62
     7
370
    25
100
AcDbLine
 10
342.0384418491914
 20
199.0902455488764
 30
0.0
 11
333.8284418491917
 21
199.0902455488764
 31
0.0
  0
LINE
  5
1C5
330
70
100
AcDbEntity
  8
0
 62
     7
370
    25
100
AcDbLine
 10
368.6284418491917
 20
199.100625295676
 30
0.0
 11
368.338441849192
 21
199.100625295676
 31
0.0
  0
LINE
  5
1C6
330
70
100
AcDbEntity
  8
0
 62
     7
370
    25
100
AcDbLine
 10
351.2284418491917
 20
199.100625295676
 30
0.0
 11
350.938441849192
 21
199.100625295676
 31
0.0
  0
LINE
  5
1C7
330
70
100
AcDbEntity
  8
0
 62
     7
370
    25
100
AcDbLine
 10
333.8284418491917
 20
199.100625295676
 30
0.0
 11
333.5384418491914
 21
199.100625295676
 31
0.0
  0
LINE
  5
1C8
330
70
100
AcDbEntity
  8
0
 62
     7
370
    25
100
AcDbLine
 10
376.838441849192
 20
204.2978404855759
 30
0.0
 11
368.6284418491917
 21
204.2978404855759
 31
0.0
  0
LINE
  5
1C9
330
70
100
AcDbEntity
  8
0
 62
     7
370
    25
100
AcDbLine
 10
359.438441849192
 20
204.2978404855759
 30
0.0
 11
351.2284418491917
 21
204.2978404855759
 31
0.0
  0
LINE
  5
1CA
330
70
100
AcDbEntity
  8
0
 62
     7
370
    25
100
AcDbLine
 10
342.0384418491914
 20
204.2978404855759
 30
0.0
 11
333.8284418491917
 21
204.2978404855759
 31
0.0
  0
LINE
  5
1CB
330
70
100
AcDbEntity
  8
0
 62
     7
370
    25
100
AcDbLine
 10
368.6284418491917
 20
204.3978404855762
 30
0.0
 11
368.338441849192
 21
204.3978404855762
 31
0.0
  0
LINE
  5
1CC
330
70
100
AcDbEntity
  8
0
 62
     7
370
    25
100
AcDbLine
 10
351.2284418491917
 20
204.3978404855762
 30
0.0
 11
350.938441849192
 21
204.3978404855762
 31
0.0
  0
LINE
  5
1CD
330
70
100
AcDbEntity
  8
0
 62
     7
370
    25
100
AcDbLine
 10
333.8284418491917
 20
204.3978404855762
 30
0.0
 11
333.5384418491914
 21
204.3978404855762
 31
0.0
  0
LINE
  5
1CE
330
70
100
AcDbEntity
  8
0
 62
     7
370
    25
100
AcDbLine
 10
357.8530252019917
 20
222.6642912446761
 30
0.0
 11
357.8326084963915
 21
222.7717182405759
 31
0.0
  0
LINE
  5
1CF
330
70
100
AcDbEntity
  8
0
 62
     7
370
    25
100
AcDbLine
 10
357.158858516492
 20
221.9839208561764
 30
0.0
 11
357.1792751837917
 21
221.8764939606761
 31
0.0
  0
LINE
  5
1D0
330
70
100
AcDbEntity
  8
0
 62
     7
370
    25
100
AcDbLine
 10
357.158858516492
 20
221.9028848081765
 30
0.0
 11
357.1792751837917
 21
221.7954579125761
 31
0.0
  0
LINE
  5
1D1
330
70
100
AcDbEntity
  8
0
 62
     7
370
    25
100
AcDbLine
 10
359.6905252603919
 20
222.7359091750759
 30
0.0
 11
359.7109418491919
 21
222.5926733143757
 31
0.0
  0
LINE
  5
1D2
330
70
100
AcDbEntity
  8
0
 62
     7
370
    25
100
AcDbLine
 10
359.6905252603919
 20
222.6548731269759
 30
0.0
 11
359.7109418491919
 21
222.5116372662757
 31
0.0
  0
LINE
  5
1D3
330
70
100
AcDbEntity
  8
0
 62
     7
370
    25
100
AcDbLine
 10
359.1596918491919
 20
221.912302925876
 30
0.0
 11
359.1392752603919
 21
222.0555387865762
 31
0.0
  0
LINE
  5
1D4
330
70
100
AcDbEntity
  8
0
 62
     7
370
    25
100
AcDbLine
 10
359.833441849192
 20
222.5926733143757
 30
0.0
 11
359.813025260392
 21
222.7717182405759
 31
0.0
  0
LINE
  5
1D5
330
70
100
AcDbEntity
  8
0
 62
     7
370
    25
100
AcDbLine
 10
359.0167751435917
 20
222.0555387865762
 30
0.0
 11
359.0371918491919
 21
221.8764939606761
 31
0.0
  0
LINE
  5
1D6
330
70
100
AcDbEntity
  8
0
 62
     7
370
    25
100
AcDbLine
 10
359.0167751435917
 20
221.9745027384762
 30
0.0
 11
359.0371918491919
 21
221.7954579125761
 31
0.0
  0
LINE
  5
1D7
330
70
100
AcDbEntity
  8
0
 62
     7
370
    25
100
AcDbLine
 10
357.8734418491914
 20
222.485246418776
 30
0.0
 11
357.8530252019917
 21
222.6642912446761
 31
0.0
  0
LINE
  5
1D8
330
70
100
AcDbEntity
  8
0
 62
     7
370
    25
100
AcDbLine
 10
357.1384418491916
 20
222.1629657322759
 30
0.0
 11
357.158858516492
 21
221.9839208561764
 31
0.0
  0
LINE
  5
1D9
330
70
100
AcDbEntity
  8
0
 62
     7
370
    25
100
AcDbLine
 10
357.1384418491916
 20
222.0819296841759
 30
0.0
 11
357.158858516492
 21
221.9028848081765
 31
0.0
  0
LINE
  5
1DA
330
70
100
AcDbEntity
  8
0
 62
     7
370
    25
100
AcDbLine
 10
357.750941849192
 20
222.6642912446761
 30
0.0
 11
357.7713584963918
 21
222.4494374536762
 31
0.0
  0
LINE
  5
1DB
330
70
100
AcDbEntity
  8
0
 62
     7
370
    25
100
AcDbLine
 10
357.750941849192
 20
222.5832551966762
 30
0.0
 11
357.7713584963918
 21
222.3684014055762
 31
0.0
  0
LINE
  5
1DC
330
70
100
AcDbEntity
  8
0
 62
     7
370
    25
100
AcDbLine
 10
357.2609418491917
 20
221.9839208561764
 30
0.0
 11
357.240525180092
 21
222.1987746973757
 31
0.0
  0
LINE
  5
1DD
330
70
100
AcDbEntity
  8
0
 62
     7
370
    25
100
AcDbLine
 10
355.4384418491919
 20
223.304042666876
 30
0.0
 11
355.4384418491919
 21
220.1813686114761
 31
0.0
  0
LINE
  5
1DE
330
70
100
AcDbEntity
  8
0
 62
     7
370
    25
100
AcDbLine
 10
354.5384418491916
 20
218.078226986676
 30
0.0
 11
354.5384418491916
 21
218.4381654757764
 31
0.0
  0
LINE
  5
1DF
330
70
100
AcDbEntity
  8
0
 62
     7
370
    25
100
AcDbLine
 10
351.2384418491917
 20
218.078226986676
 30
0.0
 11
351.2384418491917
 21
225.5233953618756
 31
0.0
  0
LINE
  5
1E0
330
70
100
AcDbEntity
  8
0
 62
     7
370
    25
100
AcDbLine
 10
351.2284418491917
 20
177.2978404855756
 30
0.0
 11
351.2284418491917
 21
210.6603085912757
 31
0.0
  0
LINE
  5
1E1
330
70
100
AcDbEntity
  8
0
 62
     7
370
    25
100
AcDbLine
 10
351.2284418491917
 20
225.5372692459761
 30
0.0
 11
351.2284418491917
 21
262.2978404855761
 31
0.0
  0
LINE
  5
1E2
330
70
100
AcDbEntity
  8
0
 62
     7
370
    25
100
AcDbLine
 10
350.938441849192
 20
177.3978404855759
 30
0.0
 11
350.938441849192
 21
210.6603085912757
 31
0.0
  0
LINE
  5
1E3
330
70
100
AcDbEntity
  8
0
 62
     7
370
    25
100
AcDbLine
 10
350.938441849192
 20
226.252823491776
 30
0.0
 11
350.938441849192
 21
262.1978404855763
 31
0.0
  0
LINE
  5
1E4
330
70
100
AcDbEntity
  8
0
 62
     7
370
    25
100
AcDbLine
 10
350.7384418491914
 20
177.5978404855759
 30
0.0
 11
350.7384418491914
 21
210.6603085912757
 31
0.0
  0
LINE
  5
1E5
330
70
100
AcDbEntity
  8
0
 62
     7
370
    25
100
AcDbLine
 10
350.7384418491914
 20
218.078226986676
 30
0.0
 11
350.7384418491914
 21
218.7109405458757
 31
0.0
  0
LINE
  5
1E6
330
70
100
AcDbEntity
  8
0
 62
     7
370
    25
100
AcDbLine
 10
350.7384418491914
 20
220.884740425276
 30
0.0
 11
350.7384418491914
 21
261.9978404855757
 31
0.0
  0
LINE
  5
1E7
330
70
100
AcDbEntity
  8
0
 62
     7
370
    25
100
AcDbLine
 10
346.9384418491919
 20
218.4381654757764
 30
0.0
 11
346.9384418491919
 21
218.078226986676
 31
0.0
  0
LINE
  5
1E8
330
70
100
AcDbEntity
  8
0
 62
     7
370
    25
100
AcDbLine
 10
346.0384418491916
 20
223.304042666876
 30
0.0
 11
346.0384418491916
 21
220.1813686114761
 31
0.0
  0
LINE
  5
1E9
330
70
100
AcDbEntity
  8
0
 62
     7
370
    25
100
AcDbLine
 10
345.2384418491915
 20
223.707040698176
 30
0.0
 11
345.2384418491915
 21
223.6271620185764
 31
0.0
  0
LINE
  5
1EA
330
70
100
AcDbEntity
  8
0
 62
     7
370
    25
100
AcDbLine
 10
344.8384418491915
 20
218.078226986676
 30
0.0
 11
344.8384418491915
 21
218.4381654757764
 31
0.0
  0
LINE
  5
1EB
330
70
100
AcDbEntity
  8
0
 62
     7
370
    25
100
AcDbLine
 10
344.6384418491915
 20
218.4381654757764
 30
0.0
 11
344.6384418491915
 21
218.078226986676
 31
0.0
  0
LINE
  5
1EC
330
70
100
AcDbEntity
  8
0
 62
     7
370
    25
100
AcDbLine
 10
344.2301086716919
 20
222.8697270183761
 30
0.0
 11
344.2301086716919
 21
223.1656168574759
 31
0.0
  0
LINE
  5
1ED
330
70
100
AcDbEntity
  8
0
 62
     7
370
    25
100
AcDbLine
 10
344.1484418491918
 20
222.1893565796762
 30
0.0
 11
344.1484418491918
 21
222.485246418776
 31
0.0
  0
LINE
  5
1EE
330
70
100
AcDbEntity
  8
0
 62
     7
370
    25
100
AcDbLine
 10
344.0384418491915
 20
223.7618778674761
 30
0.0
 11
344.0384418491915
 21
223.6271620185764
 31
0.0
  0
LINE
  5
1EF
330
70
100
AcDbEntity
  8
0
 62
     7
370
    25
100
AcDbLine
 10
343.6176084379919
 20
221.4015592454761
 30
0.0
 11
343.6176084379919
 21
222.2703926277762
 31
0.0
  0
LINE
  5
1F0
330
70
100
AcDbEntity
  8
0
 62
     7
370
    25
100
AcDbLine
 10
343.6176084379919
 20
222.485246418776
 30
0.0
 11
343.6176084379919
 21
222.9507630663759
 31
0.0
  0
LINE
  5
1F1
330
70
100
AcDbEntity
  8
0
 62
     7
370
    25
100
AcDbLine
 10
343.4951084379918
 20
221.4015592454761
 30
0.0
 11
343.4951084379918
 21
223.1656168574759
 31
0.0
  0
LINE
  5
1F2
330
70
100
AcDbEntity
  8
0
 62
     7
370
    25
100
AcDbLine
 10
343.3384418491918
 20
218.078226986676
 30
0.0
 11
343.3384418491918
 21
218.4381654757764
 31
0.0
  0
LINE
  5
1F3
330
70
100
AcDbEntity
  8
0
 62
     7
370
    25
100
AcDbLine
 10
343.3317752603916
 20
222.8697270183761
 30
0.0
 11
343.3317752603916
 21
223.1656168574759
 31
0.0
  0
LINE
  5
1F4
330
70
100
AcDbEntity
  8
0
 62
     7
370
    25
100
AcDbLine
 10
343.2501084379916
 20
222.1893565796762
 30
0.0
 11
343.2501084379916
 21
222.485246418776
 31
0.0
  0
LINE
  5
1F5
330
70
100
AcDbEntity
  8
0
 62
     7
370
    25
100
AcDbLine
 10
343.1384418491918
 20
218.4381654757764
 30
0.0
 11
343.1384418491918
 21
218.078226986676
 31
0.0
  0
LINE
  5
1F6
330
70
100
AcDbEntity
  8
0
 62
     7
370
    25
100
AcDbLine
 10
342.7192752603919
 20
221.4015592454761
 30
0.0
 11
342.7192752603919
 21
222.2703926277762
 31
0.0
  0
LINE
  5
1F7
330
70
100
AcDbEntity
  8
0
 62
     7
370
    25
100
AcDbLine
 10
342.7192752603919
 20
222.485246418776
 30
0.0
 11
342.7192752603919
 21
222.9507630663759
 31
0.0
  0
LINE
  5
1F8
330
70
100
AcDbEntity
  8
0
 62
     7
370
    25
100
AcDbLine
 10
342.6284418491921
 20
218.0800322347761
 30
0.0
 11
342.6284418491921
 21
218.4381654757764
 31
0.0
  0
LINE
  5
1F9
330
70
100
AcDbEntity
  8
0
 62
     7
370
    25
100
AcDbLine
 10
342.5967752603918
 20
221.4015592454761
 30
0.0
 11
342.5967752603918
 21
223.1656168574759
 31
0.0
  0
LINE
  5
1FA
330
70
100
AcDbEntity
  8
0
 62
     7
370
    25
100
AcDbLine
 10
342.433441849192
 20
221.9745027384762
 30
0.0
 11
342.433441849192
 21
222.5926733143757
 31
0.0
  0
LINE
  5
1FB
330
70
100
AcDbEntity
  8
0
 62
     7
370
    25
100
AcDbLine
 10
342.428441849192
 20
218.4381654757764
 30
0.0
 11
342.428441849192
 21
218.0800322347761
 31
0.0
  0
LINE
  5
1FC
330
70
100
AcDbEntity
  8
0
 62
     7
370
    25
100
AcDbLine
 10
342.413025260392
 20
221.7954579125761
 30
0.0
 11
342.413025260392
 21
221.8764939606761
 31
0.0
  0
LINE
  5
1FD
330
70
100
AcDbEntity
  8
0
 62
     7
370
    25
100
AcDbLine
 10
342.3721918491917
 20
221.6522220267759
 30
0.0
 11
342.3721918491917
 21
221.7332580748759
 31
0.0
  0
LINE
  5
1FE
330
70
100
AcDbEntity
  8
0
 62
     7
370
    25
100
AcDbLine
 10
342.310941849192
 20
222.5926733143757
 30
0.0
 11
342.310941849192
 21
222.0555387865762
 31
0.0
  0
LINE
  5
1FF
330
70
100
AcDbEntity
  8
0
 62
     7
370
    25
100
AcDbLine
 10
342.2905252603919
 20
221.5089861535761
 30
0.0
 11
342.2905252603919
 21
221.5900222016761
 31
0.0
  0
LINE
  5
200
330
70
100
AcDbEntity
  8
0
 62
     7
370
    25
100
AcDbLine
 10
342.2905252603919
 20
222.6548731269759
 30
0.0
 11
342.2905252603919
 21
222.7359091750759
 31
0.0
  0
LINE
  5
201
330
70
100
AcDbEntity
  8
0
 62
     7
370
    25
100
AcDbLine
 10
342.2496918491916
 20
222.7623001227763
 30
0.0
 11
342.2496918491916
 21
222.8433361708763
 31
0.0
  0
LINE
  5
202
330
70
100
AcDbEntity
  8
0
 62
     7
370
    25
100
AcDbLine
 10
342.2088584379919
 20
221.437368213776
 30
0.0
 11
342.2088584379919
 21
221.518404261876
 31
0.0
  0
LINE
  5
203
330
70
100
AcDbEntity
  8
0
 62
     7
370
    25
100
AcDbLine
 10
342.1884418491919
 20
222.8339180531761
 30
0.0
 11
342.1884418491919
 21
222.9149541012761
 31
0.0
  0
LINE
  5
204
330
70
100
AcDbEntity
  8
0
 62
     7
370
    25
100
AcDbLine
 10
342.1067752603915
 20
221.4015592454761
 30
0.0
 11
342.1067752603915
 21
221.4825952935761
 31
0.0
  0
LINE
  5
205
330
70
100
AcDbEntity
  8
0
 62
     7
370
    25
100
AcDbLine
 10
342.1067752603915
 20
222.8697270183761
 30
0.0
 11
342.1067752603915
 21
222.9507630663759
 31
0.0
  0
LINE
  5
206
330
70
100
AcDbEntity
  8
0
 62
     7
370
    25
100
AcDbLine
 10
341.9434418491917
 20
221.4015592454761
 30
0.0
 11
341.9434418491917
 21
221.4825952935761
 31
0.0
  0
LINE
  5
207
330
70
100
AcDbEntity
  8
0
 62
     7
370
    25
100
AcDbLine
 10
341.9434418491917
 20
222.8697270183761
 30
0.0
 11
341.9434418491917
 21
222.9507630663759
 31
0.0
  0
LINE
  5
208
330
70
100
AcDbEntity
  8
0
 62
     7
370
    25
100
AcDbLine
 10
341.861775260392
 20
222.8339180531761
 30
0.0
 11
341.861775260392
 21
222.9149541012761
 31
0.0
  0
LINE
  5
209
330
70
100
AcDbEntity
  8
0
 62
     7
370
    25
100
AcDbLine
 10
341.8413584379917
 20
221.437368213776
 30
0.0
 11
341.8413584379917
 21
221.518404261876
 31
0.0
  0
LINE
  5
20A
330
70
100
AcDbEntity
  8
0
 62
     7
370
    25
100
AcDbLine
 10
341.828441849192
 20
218.0800322347761
 30
0.0
 11
341.828441849192
 21
218.4381654757764
 31
0.0
  0
LINE
  5
20B
330
70
100
AcDbEntity
  8
0
 62
     7
370
    25
100
AcDbLine
 10
341.8005252603916
 20
222.7623001227763
 30
0.0
 11
341.8005252603916
 21
222.8433361708763
 31
0.0
  0
LINE
  5
20C
330
70
100
AcDbEntity
  8
0
 62
     7
370
    25
100
AcDbLine
 10
341.7596918491919
 20
221.5089861535761
 30
0.0
 11
341.7596918491919
 21
221.5900222016761
 31
0.0
  0
LINE
  5
20D
330
70
100
AcDbEntity
  8
0
 62
     7
370
    25
100
AcDbLine
 10
341.7596918491919
 20
222.6548731269759
 30
0.0
 11
341.7596918491919
 21
222.7359091750759
 31
0.0
  0
LINE
  5
20E
330
70
100
AcDbEntity
  8
0
 62
     7
370
    25
100
AcDbLine
 10
341.739275260392
 20
222.0555387865762
 30
0.0
 11
341.739275260392
 21
222.5926733143757
 31
0.0
  0
LINE
  5
20F
330
70
100
AcDbEntity
  8
0
 62
     7
370
    25
100
AcDbLine
 10
341.6780251435914
 20
221.6522220267759
 30
0.0
 11
341.6780251435914
 21
221.7332580748759
 31
0.0
  0
LINE
  5
210
330
70
100
AcDbEntity
  8
0
 62
     7
370
    25
100
AcDbLine
 10
341.6371918491919
 20
221.7954579125761
 30
0.0
 11
341.6371918491919
 21
221.8764939606761
 31
0.0
  0
LINE
  5
211
330
70
100
AcDbEntity
  8
0
 62
     7
370
    25
100
AcDbLine
 10
341.628441849192
 20
218.4381654757764
 30
0.0
 11
341.628441849192
 21
218.0800322347761
 31
0.0
  0
LINE
  5
212
330
70
100
AcDbEntity
  8
0
 62
     7
370
    25
100
AcDbLine
 10
341.6167751435917
 20
221.9745027384762
 30
0.0
 11
341.6167751435917
 21
222.5926733143757
 31
0.0
  0
LINE
  5
213
330
70
100
AcDbEntity
  8
0
 62
     7
370
    25
100
AcDbLine
 10
340.3713584963918
 20
222.1987746973757
 30
0.0
 11
340.3509418491921
 21
221.9839208561764
 31
0.0
  0
LINE
  5
214
330
70
100
AcDbEntity
  8
0
 62
     7
370
    25
100
AcDbLine
 10
339.8405251800914
 20
222.3684014055762
 30
0.0
 11
339.8609418491917
 21
222.5832551966762
 31
0.0
  0
LINE
  5
215
330
70
100
AcDbEntity
  8
0
 62
     7
370
    25
100
AcDbLine
 10
339.8405251800914
 20
222.4494374536762
 30
0.0
 11
339.8609418491917
 21
222.6642912446761
 31
0.0
  0
LINE
  5
216
330
70
100
AcDbEntity
  8
0
 62
     7
370
    25
100
AcDbLine
 10
342.413025260392
 20
221.7954579125761
 30
0.0
 11
342.433441849192
 21
221.9745027384762
 31
0.0
  0
LINE
  5
217
330
70
100
AcDbEntity
  8
0
 62
     7
370
    25
100
AcDbLine
 10
342.413025260392
 20
221.8764939606761
 30
0.0
 11
342.433441849192
 21
222.0555387865762
 31
0.0
  0
LINE
  5
218
330
70
100
AcDbEntity
  8
0
 62
     7
370
    25
100
AcDbLine
 10
341.6371918491919
 20
222.7717182405759
 30
0.0
 11
341.6167751435917
 21
222.5926733143757
 31
0.0
  0
LINE
  5
219
330
70
100
AcDbEntity
  8
0
 62
     7
370
    25
100
AcDbLine
 10
340.4530252019917
 20
221.9028848081765
 30
0.0
 11
340.4734418491915
 21
222.0819296841759
 31
0.0
  0
LINE
  5
21A
330
70
100
AcDbEntity
  8
0
 62
     7
370
    25
100
AcDbLine
 10
340.4530252019917
 20
221.9839208561764
 30
0.0
 11
340.4734418491915
 21
222.1629657322759
 31
0.0
  0
LINE
  5
21B
330
70
100
AcDbEntity
  8
0
 62
     7
370
    25
100
AcDbLine
 10
339.758858516492
 20
222.6642912446761
 30
0.0
 11
339.7384418491916
 21
222.485246418776
 31
0.0
  0
LINE
  5
21C
330
70
100
AcDbEntity
  8
0
 62
     7
370
    25
100
AcDbLine
 10
342.310941849192
 20
222.0555387865762
 30
0.0
 11
342.2905252603919
 21
221.912302925876
 31
0.0
  0
LINE
  5
21D
330
70
100
AcDbEntity
  8
0
 62
     7
370
    25
100
AcDbLine
 10
341.739275260392
 20
222.5116372662757
 30
0.0
 11
341.7596918491919
 21
222.6548731269759
 31
0.0
  0
LINE
  5
21E
330
70
100
AcDbEntity
  8
0
 62
     7
370
    25
100
AcDbLine
 10
341.739275260392
 20
222.5926733143757
 30
0.0
 11
341.7596918491919
 21
222.7359091750759
 31
0.0
  0
LINE
  5
21F
330
70
100
AcDbEntity
  8
0
 62
     7
370
    25
100
AcDbLine
 10
340.4326084963916
 20
221.7954579125761
 30
0.0
 11
340.4530252019917
 21
221.9028848081765
 31
0.0
  0
LINE
  5
220
330
70
100
AcDbEntity
  8
0
 62
     7
370
    25
100
AcDbLine
 10
340.4326084963916
 20
221.8764939606761
 30
0.0
 11
340.4530252019917
 21
221.9839208561764
 31
0.0
  0
LINE
  5
221
330
70
100
AcDbEntity
  8
0
 62
     7
370
    25
100
AcDbLine
 10
339.7792751837917
 20
222.7717182405759
 30
0.0
 11
339.758858516492
 21
222.6642912446761
 31
0.0
  0
LINE
  5
222
330
70
100
AcDbEntity
  8
0
 62
     7
370
    25
100
AcDbLine
 10
342.3721918491917
 20
221.6522220267759
 30
0.0
 11
342.413025260392
 21
221.7954579125761
 31
0.0
  0
LINE
  5
223
330
70
100
AcDbEntity
  8
0
 62
     7
370
    25
100
AcDbLine
 10
342.3721918491917
 20
221.7332580748759
 30
0.0
 11
342.413025260392
 21
221.8764939606761
 31
0.0
  0
LINE
  5
224
330
70
100
AcDbEntity
  8
0
 62
     7
370
    25
100
AcDbLine
 10
341.6780251435914
 20
222.9149541012761
 30
0.0
 11
341.6371918491919
 21
222.7717182405759
 31
0.0
  0
LINE
  5
225
330
70
100
AcDbEntity
  8
0
 62
     7
370
    25
100
AcDbLine
 10
340.3917752019919
 20
221.6522220267759
 30
0.0
 11
340.4326084963916
 21
221.7954579125761
 31
0.0
  0
LINE
  5
226
330
70
100
AcDbEntity
  8
0
 62
     7
370
    25
100
AcDbLine
 10
340.3917752019919
 20
221.7332580748759
 30
0.0
 11
340.4326084963916
 21
221.8764939606761
 31
0.0
  0
LINE
  5
227
330
70
100
AcDbEntity
  8
0
 62
     7
370
    25
100
AcDbLine
 10
339.8201085182917
 20
222.9149541012761
 30
0.0
 11
339.7792751837917
 21
222.7717182405759
 31
0.0
  0
LINE
  5
228
330
70
100
AcDbEntity
  8
0
 62
     7
370
    25
100
AcDbLine
 10
342.2905252603919
 20
221.912302925876
 30
0.0
 11
342.2496918491916
 21
221.8048760302757
 31
0.0
  0
LINE
  5
229
330
70
100
AcDbEntity
  8
0
 62
     7
370
    25
100
AcDbLine
 10
341.7596918491919
 20
222.6548731269759
 30
0.0
 11
341.8005252603916
 21
222.7623001227763
 31
0.0
  0
LINE
  5
22A
330
70
100
AcDbEntity
  8
0
 62
     7
370
    25
100
AcDbLine
 10
341.7596918491919
 20
222.7359091750759
 30
0.0
 11
341.8005252603916
 21
222.8433361708763
 31
0.0
  0
LINE
  5
22B
330
70
100
AcDbEntity
  8
0
 62
     7
370
    25
100
AcDbLine
 10
340.3509418491921
 20
221.9839208561764
 30
0.0
 11
340.2692752019919
 21
221.7690670400764
 31
0.0
  0
LINE
  5
22C
330
70
100
AcDbEntity
  8
0
 62
     7
370
    25
100
AcDbLine
 10
339.8609418491917
 20
222.5832551966762
 30
0.0
 11
339.9426085109918
 21
222.7981090879762
 31
0.0
  0
LINE
  5
22D
330
70
100
AcDbEntity
  8
0
 62
     7
370
    25
100
AcDbLine
 10
339.8609418491917
 20
222.6642912446761
 30
0.0
 11
339.9426085109918
 21
222.8791451360762
 31
0.0
  0
LINE
  5
22E
330
70
100
AcDbEntity
  8
0
 62
     7
370
    25
100
AcDbLine
 10
341.7596918491919
 20
223.0581899619756
 30
0.0
 11
341.6780251435914
 21
222.9149541012761
 31
0.0
  0
LINE
  5
22F
330
70
100
AcDbEntity
  8
0
 62
     7
370
    25
100
AcDbLine
 10
340.3305252019916
 20
221.544795118776
 30
0.0
 11
340.3917752019919
 21
221.6522220267759
 31
0.0
  0
LINE
  5
230
330
70
100
AcDbEntity
  8
0
 62
     7
370
    25
100
AcDbLine
 10
340.3305252019916
 20
221.6258311668759
 30
0.0
 11
340.3917752019919
 21
221.7332580748759
 31
0.0
  0
LINE
  5
231
330
70
100
AcDbEntity
  8
0
 62
     7
370
    25
100
AcDbLine
 10
339.8813585109914
 20
223.0223809967757
 30
0.0
 11
339.8201085182917
 21
222.9149541012761
 31
0.0
  0
LINE
  5
232
330
70
100
AcDbEntity
  8
0
 62
     7
370
    25
100
AcDbLine
 10
341.8005252603916
 20
222.7623001227763
 30
0.0
 11
341.861775260392
 21
222.8339180531761
 31
0.0
  0
LINE
  5
233
330
70
100
AcDbEntity
  8
0
 62
     7
370
    25
100
AcDbLine
 10
341.8005252603916
 20
222.8433361708763
 30
0.0
 11
341.861775260392
 21
222.9149541012761
 31
0.0
  0
LINE
  5
234
330
70
100
AcDbEntity
  8
0
 62
     7
370
    25
100
AcDbLine
 10
340.2692752019919
 20
221.7690670400764
 30
0.0
 11
340.2080251727917
 21
221.697449109676
 31
0.0
  0
LINE
  5
235
330
70
100
AcDbEntity
  8
0
 62
     7
370
    25
100
AcDbLine
 10
339.9426085109918
 20
222.7981090879762
 30
0.0
 11
340.0038585255915
 21
222.8697270183761
 31
0.0
  0
LINE
  5
236
330
70
100
AcDbEntity
  8
0
 62
     7
370
    25
100
AcDbLine
 10
339.9426085109918
 20
222.8791451360762
 30
0.0
 11
340.0038585255915
 21
222.9507630663759
 31
0.0
  0
LINE
  5
237
330
70
100
AcDbEntity
  8
0
 62
     7
370
    25
100
AcDbLine
 10
360.3400029951916
 20
255.0579402752763
 30
0.0
 11
361.2592418107916
 21
256.1186004470762
 31
0.0
  0
LINE
  5
238
330
70
100
AcDbEntity
  8
0
 62
     7
370
    25
100
AcDbLine
 10
358.5368807031918
 20
253.5376606957758
 30
0.0
 11
357.6176418876918
 21
252.4770005239758
 31
0.0
  0
LINE
  5
239
330
70
100
AcDbEntity
  8
0
 62
     7
370
    25
100
AcDbLine
 10
340.228441849192
 20
221.437368213776
 30
0.0
 11
340.3305252019916
 21
221.544795118776
 31
0.0
  0
LINE
  5
23A
330
70
100
AcDbEntity
  8
0
 62
     7
370
    25
100
AcDbLine
 10
340.228441849192
 20
221.518404261876
 30
0.0
 11
340.3305252019916
 21
221.6258311668759
 31
0.0
  0
LINE
  5
23B
330
70
100
AcDbEntity
  8
0
 62
     7
370
    25
100
AcDbLine
 10
339.9834418491918
 20
223.129807892276
 30
0.0
 11
339.8813585109914
 21
223.0223809967757
 31
0.0
  0
LINE
  5
23C
330
70
100
AcDbEntity
  8
0
 62
     7
370
    25
100
AcDbLine
 10
360.3400029951916
 20
253.5376606957758
 30
0.0
 11
360.2340873345921
 21
253.4317450350761
 31
0.0
  0
LINE
  5
23D
330
70
100
AcDbEntity
  8
0
 62
     7
370
    25
100
AcDbLine
 10
358.5368807031918
 20
255.0579402752763
 30
0.0
 11
358.642176474192
 21
255.1632360463758
 31
0.0
  0
LINE
  5
23E
330
70
100
AcDbEntity
  8
0
 62
     7
370
    25
100
AcDbLine
 10
342.2088584379919
 20
221.437368213776
 30
0.0
 11
342.2905252603919
 21
221.5089861535761
 31
0.0
  0
LINE
  5
23F
330
70
100
AcDbEntity
  8
0
 62
     7
370
    25
100
AcDbLine
 10
342.2088584379919
 20
221.518404261876
 30
0.0
 11
342.2905252603919
 21
221.5900222016761
 31
0.0
  0
LINE
  5
240
330
70
100
AcDbEntity
  8
0
 62
     7
370
    25
100
AcDbLine
 10
341.8413584379917
 20
223.129807892276
 30
0.0
 11
341.7596918491919
 21
223.0581899619756
 31
0.0
  0
LINE
  5
241
330
70
100
AcDbEntity
  8
0
 62
     7
370
    25
100
AcDbLine
 10
375.0176418876918
 20
252.4770005239758
 30
0.0
 11
376.0244249575919
 21
253.3495458512762
 31
0.0
  0
LINE
  5
242
330
70
100
AcDbEntity
  8
0
 62
     7
370
    25
100
AcDbLine
 10
378.6592418107916
 20
256.1186004470762
 30
0.0
 11
377.6669444479918
 21
255.2586093993757
 31
0.0
  0
LINE
  5
243
330
70
100
AcDbEntity
  8
0
 62
     7
370
    25
100
AcDbLine
 10
357.6176418876918
 20
252.4770005239758
 30
0.0
 11
358.624424957592
 21
253.3495458512762
 31
0.0
  0
LINE
  5
244
330
70
100
AcDbEntity
  8
0
 62
     7
370
    25
100
AcDbLine
 10
361.2592418107916
 20
256.1186004470762
 30
0.0
 11
360.2669444479918
 21
255.2586093993757
 31
0.0
  0
LINE
  5
245
330
70
100
AcDbEntity
  8
0
 62
     7
370
    25
100
AcDbLine
 10
343.7884052455917
 20
223.6271620185764
 30
0.0
 11
344.0384418491915
 21
223.7612114748765
 31
0.0
  0
LINE
  5
246
330
70
100
AcDbEntity
  8
0
 62
     7
370
    25
100
AcDbLine
 10
359.5884418491918
 20
221.7332580748759
 30
0.0
 11
359.5067752603914
 21
221.697449109676
 31
0.0
  0
LINE
  5
247
330
70
100
AcDbEntity
  8
0
 62
     7
370
    25
100
AcDbLine
 10
359.261775260392
 20
222.8339180531761
 30
0.0
 11
359.3434418491917
 21
222.8697270183761
 31
0.0
  0
LINE
  5
248
330
70
100
AcDbEntity
  8
0
 62
     7
370
    25
100
AcDbLine
 10
359.261775260392
 20
222.9149541012761
 30
0.0
 11
359.3434418491917
 21
222.9507630663759
 31
0.0
  0
LINE
  5
249
330
70
100
AcDbEntity
  8
0
 62
     7
370
    25
100
AcDbLine
 10
342.1884418491919
 20
221.7332580748759
 30
0.0
 11
342.1067752603915
 21
221.697449109676
 31
0.0
  0
LINE
  5
24A
330
70
100
AcDbEntity
  8
0
 62
     7
370
    25
100
AcDbLine
 10
341.861775260392
 20
222.8339180531761
 30
0.0
 11
341.9434418491917
 21
222.8697270183761
 31
0.0
  0
LINE
  5
24B
330
70
100
AcDbEntity
  8
0
 62
     7
370
    25
100
AcDbLine
 10
341.861775260392
 20
222.9149541012761
 30
0.0
 11
341.9434418491917
 21
222.9507630663759
 31
0.0
  0
LINE
  5
24C
330
70
100
AcDbEntity
  8
0
 62
     7
370
    25
100
AcDbLine
 10
375.0080251727916
 20
221.697449109676
 30
0.0
 11
374.9059418491918
 21
221.6616401445762
 31
0.0
  0
LINE
  5
24D
330
70
100
AcDbEntity
  8
0
 62
     7
370
    25
100
AcDbLine
 10
376.7434418491917
 20
223.1656168574759
 30
0.0
 11
376.6413584379916
 21
223.129807892276
 31
0.0
  0
LINE
  5
24E
330
70
100
AcDbEntity
  8
0
 62
     7
370
    25
100
AcDbLine
 10
374.8038585255914
 20
222.8697270183761
 30
0.0
 11
374.9059418491918
 21
222.9055359835759
 31
0.0
  0
LINE
  5
24F
330
70
100
AcDbEntity
  8
0
 62
     7
370
    25
100
AcDbLine
 10
374.8038585255914
 20
222.9507630663759
 30
0.0
 11
374.9059418491918
 21
222.9865720315758
 31
0.0
  0
LINE
  5
250
330
70
100
AcDbEntity
  8
0
 62
     7
370
    25
100
AcDbLine
 10
359.5067752603914
 20
221.4015592454761
 30
0.0
 11
359.6088584379919
 21
221.437368213776
 31
0.0
  0
LINE
  5
251
330
70
100
AcDbEntity
  8
0
 62
     7
370
    25
100
AcDbLine
 10
359.5067752603914
 20
221.4825952935761
 30
0.0
 11
359.6088584379919
 21
221.518404261876
 31
0.0
  0
LINE
  5
252
330
70
100
AcDbEntity
  8
0
 62
     7
370
    25
100
AcDbLine
 10
357.6080251727916
 20
221.697449109676
 30
0.0
 11
357.5059418491918
 21
221.6616401445762
 31
0.0
  0
LINE
  5
253
330
70
100
AcDbEntity
  8
0
 62
     7
370
    25
100
AcDbLine
 10
359.3434418491917
 20
223.1656168574759
 30
0.0
 11
359.2413584379916
 21
223.129807892276
 31
0.0
  0
LINE
  5
254
330
70
100
AcDbEntity
  8
0
 62
     7
370
    25
100
AcDbLine
 10
357.4038585255914
 20
222.8697270183761
 30
0.0
 11
357.5059418491918
 21
222.9055359835759
 31
0.0
  0
LINE
  5
255
330
70
100
AcDbEntity
  8
0
 62
     7
370
    25
100
AcDbLine
 10
357.4038585255914
 20
222.9507630663759
 30
0.0
 11
357.5059418491918
 21
222.9865720315758
 31
0.0
  0
LINE
  5
256
330
70
100
AcDbEntity
  8
0
 62
     7
370
    25
100
AcDbLine
 10
342.1067752603915
 20
221.4015592454761
 30
0.0
 11
342.2088584379919
 21
221.437368213776
 31
0.0
  0
LINE
  5
257
330
70
100
AcDbEntity
  8
0
 62
     7
370
    25
100
AcDbLine
 10
342.1067752603915
 20
221.4825952935761
 30
0.0
 11
342.2088584379919
 21
221.518404261876
 31
0.0
  0
LINE
  5
258
330
70
100
AcDbEntity
  8
0
 62
     7
370
    25
100
AcDbLine
 10
340.2080251727917
 20
221.697449109676
 30
0.0
 11
340.1059418491919
 21
221.6616401445762
 31
0.0
  0
LINE
  5
259
330
70
100
AcDbEntity
  8
0
 62
     7
370
    25
100
AcDbLine
 10
341.9434418491917
 20
223.1656168574759
 30
0.0
 11
341.8413584379917
 21
223.129807892276
 31
0.0
  0
LINE
  5
25A
330
70
100
AcDbEntity
  8
0
 62
     7
370
    25
100
AcDbLine
 10
340.0038585255915
 20
222.8697270183761
 30
0.0
 11
340.1059418491919
 21
222.9055359835759
 31
0.0
  0
LINE
  5
25B
330
70
100
AcDbEntity
  8
0
 62
     7
370
    25
100
AcDbLine
 10
340.0038585255915
 20
222.9507630663759
 30
0.0
 11
340.1059418491919
 21
222.9865720315758
 31
0.0
  0
LINE
  5
25C
330
70
100
AcDbEntity
  8
0
 62
     7
370
    25
100
AcDbLine
 10
374.9059418491918
 20
221.4015592454761
 30
0.0
 11
375.0284418491919
 21
221.437368213776
 31
0.0
  0
LINE
  5
25D
330
70
100
AcDbEntity
  8
0
 62
     7
370
    25
100
AcDbLine
 10
374.9059418491918
 20
221.4825952935761
 30
0.0
 11
375.0284418491919
 21
221.518404261876
 31
0.0
  0
LINE
  5
25E
330
70
100
AcDbEntity
  8
0
 62
     7
370
    25
100
AcDbLine
 10
374.9059418491918
 20
223.1656168574759
 30
0.0
 11
374.7834418491917
 21
223.129807892276
 31
0.0
  0
LINE
  5
25F
330
70
100
AcDbEntity
  8
0
 62
     7
370
    25
100
AcDbLine
 10
357.5059418491918
 20
221.4015592454761
 30
0.0
 11
357.6284418491919
 21
221.437368213776
 31
0.0
  0
LINE
  5
260
330
70
100
AcDbEntity
  8
0
 62
     7
370
    25
100
AcDbLine
 10
357.5059418491918
 20
221.4825952935761
 30
0.0
 11
357.6284418491919
 21
221.518404261876
 31
0.0
  0
LINE
  5
261
330
70
100
AcDbEntity
  8
0
 62
     7
370
    25
100
AcDbLine
 10
357.5059418491918
 20
223.1656168574759
 30
0.0
 11
357.3834418491918
 21
223.129807892276
 31
0.0
  0
LINE
  5
262
330
70
100
AcDbEntity
  8
0
 62
     7
370
    25
100
AcDbLine
 10
340.1059418491919
 20
221.4015592454761
 30
0.0
 11
340.228441849192
 21
221.437368213776
 31
0.0
  0
LINE
  5
263
330
70
100
AcDbEntity
  8
0
 62
     7
370
    25
100
AcDbLine
 10
340.1059418491919
 20
221.4825952935761
 30
0.0
 11
340.228441849192
 21
221.518404261876
 31
0.0
  0
LINE
  5
264
330
70
100
AcDbEntity
  8
0
 62
     3
370
    25
100
AcDbLine
 10
334.5384418491915
 20
210.6603085912757
 30
0.0
 11
383.010363856192
 21
210.6603085912757
 31
0.0
  0
LINE
  5
265
330
70
100
AcDbEntity
  8
0
 62
     7
370
    25
100
AcDbLine
 10
334.5384418491915
 20
212.0626959675761
 30
0.0
 11
333.8284418491917
 21
212.0626959675761
 31
0.0
  0
LINE
  5
266
330
70
100
AcDbEntity
  8
0
 62
     7
370
    25
100
AcDbLine
 10
333.8284418491917
 20
212.0665637422763
 30
0.0
 11
333.5384418491914
 21
212.0665637422763
 31
0.0
  0
LINE
  5
267
330
70
100
AcDbEntity
  8
0
 62
     7
370
    25
100
AcDbLine
 10
383.8384418491916
 20
213.7156585948759
 30
0.0
 11
384.7384418491919
 21
213.7156585948759
 31
0.0
  0
LINE
  5
268
330
70
100
AcDbEntity
  8
0
 62
     7
370
    25
100
AcDbLine
 10
334.5384418491915
 20
213.8235788666761
 30
0.0
 11
333.8284418491917
 21
213.8235788666761
 31
0.0
  0
LINE
  5
269
330
70
100
AcDbEntity
  8
0
 62
     7
370
    25
100
AcDbLine
 10
333.8284418491917
 20
213.9154905838762
 30
0.0
 11
333.7874513480914
 21
213.9154905838762
 31
0.0
  0
LINE
  5
26A
330
70
100
AcDbEntity
  8
0
 62
     7
370
    25
100
AcDbLine
 10
384.7384418491919
 20
214.5342390366762
 30
0.0
 11
383.8384418491916
 21
214.5342390366762
 31
0.0
  0
LINE
  5
26B
330
70
100
AcDbEntity
  8
0
 62
     7
370
    25
100
AcDbLine
 10
382.7384418491919
 20
216.575054314176
 30
0.0
 11
334.5384418491915
 21
216.575054314176
 31
0.0
  0
LINE
  5
26C
330
70
100
AcDbEntity
  8
0
 62
     3
370
    25
100
AcDbLine
 10
336.6384418491918
 20
216.7322019596759
 30
0.0
 11
337.6384418491919
 21
216.7322019596759
 31
0.0
  0
LINE
  5
26D
330
70
100
AcDbEntity
  8
0
 62
     3
370
    25
100
AcDbLine
 10
339.638441849192
 20
216.7322019596759
 30
0.0
 11
340.638441849192
 21
216.7322019596759
 31
0.0
  0
LINE
  5
26E
330
70
100
AcDbEntity
  8
0
 62
     3
370
    25
100
AcDbLine
 10
373.1384418491916
 20
216.7322019596759
 30
0.0
 11
374.1384418491916
 21
216.7322019596759
 31
0.0
  0
LINE
  5
26F
330
70
100
AcDbEntity
  8
0
 62
     3
370
    25
100
AcDbLine
 10
376.638441849192
 20
216.7322019596759
 30
0.0
 11
377.638441849192
 21
216.7322019596759
 31
0.0
  0
LINE
  5
270
330
70
100
AcDbEntity
  8
0
 62
     7
370
    25
100
AcDbLine
 10
339.638441849192
 20
216.8668044623764
 30
0.0
 11
337.6384418491919
 21
216.8668044623764
 31
0.0
  0
LINE
  5
271
330
70
100
AcDbEntity
  8
0
 62
     7
370
    25
100
AcDbLine
 10
376.638441849192
 20
216.9004550879756
 30
0.0
 11
374.1384418491916
 21
216.9004550879756
 31
0.0
  0
LINE
  5
272
330
70
100
AcDbEntity
  8
0
 62
     3
370
    25
100
AcDbLine
 10
339.638441849192
 20
217.179247148376
 30
0.0
 11
337.6384418491919
 21
217.179247148376
 31
0.0
  0
LINE
  5
273
330
70
100
AcDbEntity
  8
0
 62
     3
370
    25
100
AcDbLine
 10
376.638441849192
 20
217.212897774076
 30
0.0
 11
374.1384418491916
 21
217.212897774076
 31
0.0
  0
LINE
  5
274
330
70
100
AcDbEntity
  8
0
 62
     7
370
    25
100
AcDbLine
 10
383.5384418491919
 20
217.3775388345763
 30
0.0
 11
382.7384418491919
 21
217.3775388345763
 31
0.0
  0
LINE
  5
275
330
70
100
AcDbEntity
  8
0
 62
     3
370
    25
100
AcDbLine
 10
382.7384418491919
 20
218.078226986676
 30
0.0
 11
377.638441849192
 21
218.078226986676
 31
0.0
  0
LINE
  5
276
330
70
100
AcDbEntity
  8
0
 62
     3
370
    25
100
AcDbLine
 10
373.1384418491916
 20
218.078226986676
 30
0.0
 11
340.638441849192
 21
218.078226986676
 31
0.0
  0
LINE
  5
277
330
70
100
AcDbEntity
  8
0
 62
     3
370
    25
100
AcDbLine
 10
336.6384418491918
 20
218.078226986676
 30
0.0
 11
334.5384418491915
 21
218.078226986676
 31
0.0
  0
LINE
  5
278
330
70
100
AcDbEntity
  8
0
 62
     7
370
    25
100
AcDbLine
 10
338.5284418491916
 20
218.3896913651759
 30
0.0
 11
338.7284418491916
 21
218.3896913651759
 31
0.0
  0
LINE
  5
279
330
70
100
AcDbEntity
  8
0
 62
     7
370
    25
100
AcDbLine
 10
339.6284418491919
 20
218.3896913651759
 30
0.0
 11
339.828441849192
 21
218.3896913651759
 31
0.0
  0
LINE
  5
27A
330
70
100
AcDbEntity
  8
0
 62
     7
370
    25
100
AcDbLine
 10
341.628441849192
 20
218.3896913651759
 30
0.0
 11
341.828441849192
 21
218.3896913651759
 31
0.0
  0
LINE
  5
27B
330
70
100
AcDbEntity
  8
0
 62
     7
370
    25
100
AcDbLine
 10
342.428441849192
 20
218.3896913651759
 30
0.0
 11
342.6284418491921
 21
218.3896913651759
 31
0.0
  0
LINE
  5
27C
330
70
100
AcDbEntity
  8
0
 62
     7
370
    25
100
AcDbLine
 10
343.1384418491918
 20
218.3896913651759
 30
0.0
 11
343.3384418491918
 21
218.3896913651759
 31
0.0
  0
LINE
  5
27D
330
70
100
AcDbEntity
  8
0
 62
     7
370
    25
100
AcDbLine
 10
344.6384418491915
 20
218.3896913651759
 30
0.0
 11
344.8384418491915
 21
218.3896913651759
 31
0.0
  0
LINE
  5
27E
330
70
100
AcDbEntity
  8
0
 62
     7
370
    25
100
AcDbLine
 10
355.9284418491915
 20
218.3896913651759
 30
0.0
 11
356.1284418491916
 21
218.3896913651759
 31
0.0
  0
LINE
  5
27F
330
70
100
AcDbEntity
  8
0
 62
     7
370
    25
100
AcDbLine
 10
357.0284418491919
 20
218.3896913651759
 30
0.0
 11
357.2284418491919
 21
218.3896913651759
 31
0.0
  0
LINE
  5
280
330
70
100
AcDbEntity
  8
0
 62
     7
370
    25
100
AcDbLine
 10
359.0284418491919
 20
218.3896913651759
 30
0.0
 11
359.228441849192
 21
218.3896913651759
 31
0.0
  0
LINE
  5
281
330
70
100
AcDbEntity
  8
0
 62
     7
370
    25
100
AcDbLine
 10
359.828441849192
 20
218.3896913651759
 30
0.0
 11
360.028441849192
 21
218.3896913651759
 31
0.0
  0
LINE
  5
282
330
70
100
AcDbEntity
  8
0
 62
     7
370
    25
100
AcDbLine
 10
360.5384418491917
 20
218.3896913651759
 30
0.0
 11
360.7384418491918
 21
218.3896913651759
 31
0.0
  0
LINE
  5
283
330
70
100
AcDbEntity
  8
0
 62
     7
370
    25
100
AcDbLine
 10
362.0384418491915
 20
218.3896913651759
 30
0.0
 11
362.2384418491915
 21
218.3896913651759
 31
0.0
  0
LINE
  5
284
330
70
100
AcDbEntity
  8
0
 62
     7
370
    25
100
AcDbLine
 10
373.3284418491915
 20
218.3896913651759
 30
0.0
 11
373.5284418491915
 21
218.3896913651759
 31
0.0
  0
LINE
  5
285
330
70
100
AcDbEntity
  8
0
 62
     7
370
    25
100
AcDbLine
 10
374.4284418491919
 20
218.3896913651759
 30
0.0
 11
374.6284418491919
 21
218.3896913651759
 31
0.0
  0
LINE
  5
286
330
70
100
AcDbEntity
  8
0
 62
     7
370
    25
100
AcDbLine
 10
376.4284418491919
 20
218.3896913651759
 30
0.0
 11
376.628441849192
 21
218.3896913651759
 31
0.0
  0
LINE
  5
287
330
70
100
AcDbEntity
  8
0
 62
     7
370
    25
100
AcDbLine
 10
377.228441849192
 20
218.3896913651759
 30
0.0
 11
377.428441849192
 21
218.3896913651759
 31
0.0
  0
LINE
  5
288
330
70
100
AcDbEntity
  8
0
 62
     7
370
    25
100
AcDbLine
 10
377.9384418491917
 20
218.3896913651759
 30
0.0
 11
378.1384418491918
 21
218.3896913651759
 31
0.0
  0
LINE
  5
289
330
70
100
AcDbEntity
  8
0
 62
     7
370
    25
100
AcDbLine
 10
379.4384418491915
 20
218.3896913651759
 30
0.0
 11
379.6384418491915
 21
218.3896913651759
 31
0.0
  0
LINE
  5
28A
330
70
100
AcDbEntity
  8
0
 62
     7
370
    25
100
AcDbLine
 10
337.1384418491916
 20
218.4381654757764
 30
0.0
 11
338.5284418491916
 21
218.4381654757764
 31
0.0
  0
LINE
  5
28B
330
70
100
AcDbEntity
  8
0
 62
     7
370
    25
100
AcDbLine
 10
338.7284418491916
 20
218.4381654757764
 30
0.0
 11
339.6284418491919
 21
218.4381654757764
 31
0.0
  0
LINE
  5
28C
330
70
100
AcDbEntity
  8
0
 62
     7
370
    25
100
AcDbLine
 10
339.828441849192
 20
218.4381654757764
 30
0.0
 11
341.628441849192
 21
218.4381654757764
 31
0.0
  0
LINE
  5
28D
330
70
100
AcDbEntity
  8
0
 62
     7
370
    25
100
AcDbLine
 10
341.828441849192
 20
218.4381654757764
 30
0.0
 11
342.428441849192
 21
218.4381654757764
 31
0.0
  0
LINE
  5
28E
330
70
100
AcDbEntity
  8
0
 62
     7
370
    25
100
AcDbLine
 10
342.6284418491921
 20
218.4381654757764
 30
0.0
 11
343.1384418491918
 21
218.4381654757764
 31
0.0
  0
LINE
  5
28F
330
70
100
AcDbEntity
  8
0
 62
     7
370
    25
100
AcDbLine
 10
343.3384418491918
 20
218.4381654757764
 30
0.0
 11
344.6384418491915
 21
218.4381654757764
 31
0.0
  0
LINE
  5
290
330
70
100
AcDbEntity
  8
0
 62
     7
370
    25
100
AcDbLine
 10
344.8384418491915
 20
218.4381654757764
 30
0.0
 11
346.9384418491919
 21
218.4381654757764
 31
0.0
  0
LINE
  5
291
330
70
100
AcDbEntity
  8
0
 62
     7
370
    25
100
AcDbLine
 10
354.5384418491916
 20
218.4381654757764
 30
0.0
 11
355.9284418491915
 21
218.4381654757764
 31
0.0
  0
LINE
  5
292
330
70
100
AcDbEntity
  8
0
 62
     7
370
    25
100
AcDbLine
 10
356.1284418491916
 20
218.4381654757764
 30
0.0
 11
357.0284418491919
 21
218.4381654757764
 31
0.0
  0
LINE
  5
293
330
70
100
AcDbEntity
  8
0
 62
     7
370
    25
100
AcDbLine
 10
357.2284418491919
 20
218.4381654757764
 30
0.0
 11
359.0284418491919
 21
218.4381654757764
 31
0.0
  0
LINE
  5
294
330
70
100
AcDbEntity
  8
0
 62
     7
370
    25
100
AcDbLine
 10
359.228441849192
 20
218.4381654757764
 30
0.0
 11
359.828441849192
 21
218.4381654757764
 31
0.0
  0
LINE
  5
295
330
70
100
AcDbEntity
  8
0
 62
     7
370
    25
100
AcDbLine
 10
360.028441849192
 20
218.4381654757764
 30
0.0
 11
360.5384418491917
 21
218.4381654757764
 31
0.0
  0
LINE
  5
296
330
70
100
AcDbEntity
  8
0
 62
     7
370
    25
100
AcDbLine
 10
360.7384418491918
 20
218.4381654757764
 30
0.0
 11
362.0384418491915
 21
218.4381654757764
 31
0.0
  0
LINE
  5
297
330
70
100
AcDbEntity
  8
0
 62
     7
370
    25
100
AcDbLine
 10
362.2384418491915
 20
218.4381654757764
 30
0.0
 11
364.3384418491919
 21
218.4381654757764
 31
0.0
  0
LINE
  5
298
330
70
100
AcDbEntity
  8
0
 62
     7
370
    25
100
AcDbLine
 10
371.9384418491915
 20
218.4381654757764
 30
0.0
 11
373.3284418491915
 21
218.4381654757764
 31
0.0
  0
LINE
  5
299
330
70
100
AcDbEntity
  8
0
 62
     7
370
    25
100
AcDbLine
 10
373.5284418491915
 20
218.4381654757764
 30
0.0
 11
374.4284418491919
 21
218.4381654757764
 31
0.0
  0
LINE
  5
29A
330
70
100
AcDbEntity
  8
0
 62
     7
370
    25
100
AcDbLine
 10
374.6284418491919
 20
218.4381654757764
 30
0.0
 11
376.4284418491919
 21
218.4381654757764
 31
0.0
  0
LINE
  5
29B
330
70
100
AcDbEntity
  8
0
 62
     7
370
    25
100
AcDbLine
 10
376.628441849192
 20
218.4381654757764
 30
0.0
 11
377.228441849192
 21
218.4381654757764
 31
0.0
  0
LINE
  5
29C
330
70
100
AcDbEntity
  8
0
 62
     7
370
    25
100
AcDbLine
 10
377.428441849192
 20
218.4381654757764
 30
0.0
 11
377.9384418491917
 21
218.4381654757764
 31
0.0
  0
LINE
  5
29D
330
70
100
AcDbEntity
  8
0
 62
     7
370
    25
100
AcDbLine
 10
378.1384418491918
 20
218.4381654757764
 30
0.0
 11
379.4384418491915
 21
218.4381654757764
 31
0.0
  0
LINE
  5
29E
330
70
100
AcDbEntity
  8
0
 62
     7
370
    25
100
AcDbLine
 10
379.6384418491915
 20
218.4381654757764
 30
0.0
 11
381.7384418491919
 21
218.4381654757764
 31
0.0
  0
LINE
  5
29F
330
70
100
AcDbEntity
  8
0
 62
     7
370
    25
100
AcDbLine
 10
338.0384418491919
 20
220.1813686116757
 30
0.0
 11
346.0384418491916
 21
220.1813686116757
 31
0.0
  0
LINE
  5
2A0
330
70
100
AcDbEntity
  8
0
 62
     7
370
    25
100
AcDbLine
 10
355.4384418491919
 20
220.1813686116757
 30
0.0
 11
363.4384418491915
 21
220.1813686116757
 31
0.0
  0
LINE
  5
2A1
330
70
100
AcDbEntity
  8
0
 62
     7
370
    25
100
AcDbLine
 10
372.8384418491919
 20
220.1813686116757
 30
0.0
 11
380.8384418491915
 21
220.1813686116757
 31
0.0
  0
LINE
  5
2A2
330
70
100
AcDbEntity
  8
0
 62
     7
370
    25
100
AcDbLine
 10
341.9434418491917
 20
221.4015592454761
 30
0.0
 11
342.1067752603915
 21
221.4015592454761
 31
0.0
  0
LINE
  5
2A3
330
70
100
AcDbEntity
  8
0
 62
     7
370
    25
100
AcDbLine
 10
342.5967752603918
 20
221.4015592454761
 30
0.0
 11
342.7192752603919
 21
221.4015592454761
 31
0.0
  0
LINE
  5
2A4
330
70
100
AcDbEntity
  8
0
 62
     7
370
    25
100
AcDbLine
 10
343.4951084379918
 20
221.4015592454761
 30
0.0
 11
343.6176084379919
 21
221.4015592454761
 31
0.0
  0
LINE
  5
2A5
330
70
100
AcDbEntity
  8
0
 62
     7
370
    25
100
AcDbLine
 10
359.3434418491917
 20
221.4015592454761
 30
0.0
 11
359.5067752603914
 21
221.4015592454761
 31
0.0
  0
LINE
  5
2A6
330
70
100
AcDbEntity
  8
0
 62
     7
370
    25
100
AcDbLine
 10
359.9967752603918
 20
221.4015592454761
 30
0.0
 11
360.1192752603919
 21
221.4015592454761
 31
0.0
  0
LINE
  5
2A7
330
70
100
AcDbEntity
  8
0
 62
     7
370
    25
100
AcDbLine
 10
360.8951084379917
 20
221.4015592454761
 30
0.0
 11
361.0176084379919
 21
221.4015592454761
 31
0.0
  0
LINE
  5
2A8
330
70
100
AcDbEntity
  8
0
 62
     7
370
    25
100
AcDbLine
 10
376.7434418491917
 20
221.4015592454761
 30
0.0
 11
376.9067752603914
 21
221.4015592454761
 31
0.0
  0
LINE
  5
2A9
330
70
100
AcDbEntity
  8
0
 62
     7
370
    25
100
AcDbLine
 10
377.3967752603917
 20
221.4015592454761
 30
0.0
 11
377.5192752603918
 21
221.4015592454761
 31
0.0
  0
LINE
  5
2AA
330
70
100
AcDbEntity
  8
0
 62
     7
370
    25
100
AcDbLine
 10
378.2951084379917
 20
221.4015592454761
 30
0.0
 11
378.4176084379918
 21
221.4015592454761
 31
0.0
  0
LINE
  5
2AB
330
70
100
AcDbEntity
  8
0
 62
     7
370
    25
100
AcDbLine
 10
341.9434418491917
 20
221.4825952935761
 30
0.0
 11
342.1067752603915
 21
221.4825952935761
 31
0.0
  0
LINE
  5
2AC
330
70
100
AcDbEntity
  8
0
 62
     7
370
    25
100
AcDbLine
 10
342.5967752603918
 20
221.4825952935761
 30
0.0
 11
342.7192752603919
 21
221.4825952935761
 31
0.0
  0
LINE
  5
2AD
330
70
100
AcDbEntity
  8
0
 62
     7
370
    25
100
AcDbLine
 10
343.4951084379918
 20
221.4825952935761
 30
0.0
 11
343.6176084379919
 21
221.4825952935761
 31
0.0
  0
LINE
  5
2AE
330
70
100
AcDbEntity
  8
0
 62
     7
370
    25
100
AcDbLine
 10
359.3434418491917
 20
221.4825952935761
 30
0.0
 11
359.5067752603914
 21
221.4825952935761
 31
0.0
  0
LINE
  5
2AF
330
70
100
AcDbEntity
  8
0
 62
     7
370
    25
100
AcDbLine
 10
359.9967752603918
 20
221.4825952935761
 30
0.0
 11
360.1192752603919
 21
221.4825952935761
 31
0.0
  0
LINE
  5
2B0
330
70
100
AcDbEntity
  8
0
 62
     7
370
    25
100
AcDbLine
 10
360.8951084379917
 20
221.4825952935761
 30
0.0
 11
361.0176084379919
 21
221.4825952935761
 31
0.0
  0
LINE
  5
2B1
330
70
100
AcDbEntity
  8
0
 62
     7
370
    25
100
AcDbLine
 10
376.7434418491917
 20
221.4825952935761
 30
0.0
 11
376.9067752603914
 21
221.4825952935761
 31
0.0
  0
LINE
  5
2B2
330
70
100
AcDbEntity
  8
0
 62
     7
370
    25
100
AcDbLine
 10
377.3967752603917
 20
221.4825952935761
 30
0.0
 11
377.5192752603918
 21
221.4825952935761
 31
0.0
  0
LINE
  5
2B3
330
70
100
AcDbEntity
  8
0
 62
     7
370
    25
100
AcDbLine
 10
378.2951084379917
 20
221.4825952935761
 30
0.0
 11
378.4176084379918
 21
221.4825952935761
 31
0.0
  0
LINE
  5
2B4
330
70
100
AcDbEntity
  8
0
 62
     7
370
    25
100
AcDbLine
 10
376.9067752603914
 20
221.697449109676
 30
0.0
 11
376.7434418491917
 21
221.697449109676
 31
0.0
  0
LINE
  5
2B5
330
70
100
AcDbEntity
  8
0
 62
     7
370
    25
100
AcDbLine
 10
359.5067752603914
 20
221.697449109676
 30
0.0
 11
359.3434418491917
 21
221.697449109676
 31
0.0
  0
LINE
  5
2B6
330
70
100
AcDbEntity
  8
0
 62
     7
370
    25
100
AcDbLine
 10
342.1067752603915
 20
221.697449109676
 30
0.0
 11
341.9434418491917
 21
221.697449109676
 31
0.0
  0
LINE
  5
2B7
330
70
100
AcDbEntity
  8
0
 62
     7
370
    25
100
AcDbLine
 10
342.7192752603919
 20
222.1893565796762
 30
0.0
 11
343.2501084379916
 21
222.1893565796762
 31
0.0
  0
LINE
  5
2B8
330
70
100
AcDbEntity
  8
0
 62
     7
370
    25
100
AcDbLine
 10
343.6176084379919
 20
222.1893565796762
 30
0.0
 11
344.1484418491918
 21
222.1893565796762
 31
0.0
  0
LINE
  5
2B9
330
70
100
AcDbEntity
  8
0
 62
     7
370
    25
100
AcDbLine
 10
360.1192752603919
 20
222.1893565796762
 30
0.0
 11
360.6501084379916
 21
222.1893565796762
 31
0.0
  0
LINE
  5
2BA
330
70
100
AcDbEntity
  8
0
 62
     7
370
    25
100
AcDbLine
 10
361.0176084379919
 20
222.1893565796762
 30
0.0
 11
361.5484418491918
 21
222.1893565796762
 31
0.0
  0
LINE
  5
2BB
330
70
100
AcDbEntity
  8
0
 62
     7
370
    25
100
AcDbLine
 10
377.5192752603918
 20
222.1893565796762
 30
0.0
 11
378.0501084379916
 21
222.1893565796762
 31
0.0
  0
LINE
  5
2BC
330
70
100
AcDbEntity
  8
0
 62
     7
370
    25
100
AcDbLine
 10
378.4176084379918
 20
222.1893565796762
 30
0.0
 11
378.9484418491918
 21
222.1893565796762
 31
0.0
  0
LINE
  5
2BD
330
70
100
AcDbEntity
  8
0
 62
     7
370
    25
100
AcDbLine
 10
342.7192752603919
 20
222.2703926277762
 30
0.0
 11
343.2501084379916
 21
222.2703926277762
 31
0.0
  0
LINE
  5
2BE
330
70
100
AcDbEntity
  8
0
 62
     7
370
    25
100
AcDbLine
 10
343.6176084379919
 20
222.2703926277762
 30
0.0
 11
344.1484418491918
 21
222.2703926277762
 31
0.0
  0
LINE
  5
2BF
330
70
100
AcDbEntity
  8
0
 62
     7
370
    25
100
AcDbLine
 10
360.1192752603919
 20
222.2703926277762
 30
0.0
 11
360.6501084379916
 21
222.2703926277762
 31
0.0
  0
LINE
  5
2C0
330
70
100
AcDbEntity
  8
0
 62
     7
370
    25
100
AcDbLine
 10
361.0176084379919
 20
222.2703926277762
 30
0.0
 11
361.5484418491918
 21
222.2703926277762
 31
0.0
  0
LINE
  5
2C1
330
70
100
AcDbEntity
  8
0
 62
     7
370
    25
100
AcDbLine
 10
377.5192752603918
 20
222.2703926277762
 30
0.0
 11
378.0501084379916
 21
222.2703926277762
 31
0.0
  0
LINE
  5
2C2
330
70
100
AcDbEntity
  8
0
 62
     7
370
    25
100
AcDbLine
 10
378.4176084379918
 20
222.2703926277762
 30
0.0
 11
378.9484418491918
 21
222.2703926277762
 31
0.0
  0
LINE
  5
2C3
330
70
100
AcDbEntity
  8
0
 62
     7
370
    25
100
AcDbLine
 10
378.9484418491918
 20
222.485246418776
 30
0.0
 11
378.4176084379918
 21
222.485246418776
 31
0.0
  0
LINE
  5
2C4
330
70
100
AcDbEntity
  8
0
 62
     7
370
    25
100
AcDbLine
 10
378.0501084379916
 20
222.485246418776
 30
0.0
 11
377.5192752603918
 21
222.485246418776
 31
0.0
  0
LINE
  5
2C5
330
70
100
AcDbEntity
  8
0
 62
     7
370
    25
100
AcDbLine
 10
361.5484418491918
 20
222.485246418776
 30
0.0
 11
361.0176084379919
 21
222.485246418776
 31
0.0
  0
LINE
  5
2C6
330
70
100
AcDbEntity
  8
0
 62
     7
370
    25
100
AcDbLine
 10
360.6501084379916
 20
222.485246418776
 30
0.0
 11
360.1192752603919
 21
222.485246418776
 31
0.0
  0
LINE
  5
2C7
330
70
100
AcDbEntity
  8
0
 62
     7
370
    25
100
AcDbLine
 10
344.1484418491918
 20
222.485246418776
 30
0.0
 11
343.6176084379919
 21
222.485246418776
 31
0.0
  0
LINE
  5
2C8
330
70
100
AcDbEntity
  8
0
 62
     7
370
    25
100
AcDbLine
 10
343.2501084379916
 20
222.485246418776
 30
0.0
 11
342.7192752603919
 21
222.485246418776
 31
0.0
  0
LINE
  5
2C9
330
70
100
AcDbEntity
  8
0
 62
     7
370
    25
100
AcDbLine
 10
341.9434418491917
 20
222.8697270183761
 30
0.0
 11
342.1067752603915
 21
222.8697270183761
 31
0.0
  0
LINE
  5
2CA
330
70
100
AcDbEntity
  8
0
 62
     7
370
    25
100
AcDbLine
 10
342.7192752603919
 20
222.8697270183761
 30
0.0
 11
343.3317752603916
 21
222.8697270183761
 31
0.0
  0
LINE
  5
2CB
330
70
100
AcDbEntity
  8
0
 62
     7
370
    25
100
AcDbLine
 10
343.6176084379919
 20
222.8697270183761
 30
0.0
 11
344.2301086716919
 21
222.8697270183761
 31
0.0
  0
LINE
  5
2CC
330
70
100
AcDbEntity
  8
0
 62
     7
370
    25
100
AcDbLine
 10
359.3434418491917
 20
222.8697270183761
 30
0.0
 11
359.5067752603914
 21
222.8697270183761
 31
0.0
  0
LINE
  5
2CD
330
70
100
AcDbEntity
  8
0
 62
     7
370
    25
100
AcDbLine
 10
360.1192752603919
 20
222.8697270183761
 30
0.0
 11
360.7317752603916
 21
222.8697270183761
 31
0.0
  0
LINE
  5
2CE
330
70
100
AcDbEntity
  8
0
 62
     7
370
    25
100
AcDbLine
 10
361.0176084379919
 20
222.8697270183761
 30
0.0
 11
361.6301086716919
 21
222.8697270183761
 31
0.0
  0
LINE
  5
2CF
330
70
100
AcDbEntity
  8
0
 62
     7
370
    25
100
AcDbLine
 10
376.7434418491917
 20
222.8697270183761
 30
0.0
 11
376.9067752603914
 21
222.8697270183761
 31
0.0
  0
LINE
  5
2D0
330
70
100
AcDbEntity
  8
0
 62
     7
370
    25
100
AcDbLine
 10
377.5192752603918
 20
222.8697270183761
 30
0.0
 11
378.1317752603916
 21
222.8697270183761
 31
0.0
  0
LINE
  5
2D1
330
70
100
AcDbEntity
  8
0
 62
     7
370
    25
100
AcDbLine
 10
378.4176084379918
 20
222.8697270183761
 30
0.0
 11
379.0301086716919
 21
222.8697270183761
 31
0.0
  0
LINE
  5
2D2
330
70
100
AcDbEntity
  8
0
 62
     7
370
    25
100
AcDbLine
 10
341.9434418491917
 20
222.9507630663759
 30
0.0
 11
342.1067752603915
 21
222.9507630663759
 31
0.0
  0
LINE
  5
2D3
330
70
100
AcDbEntity
  8
0
 62
     7
370
    25
100
AcDbLine
 10
342.7192752603919
 20
222.9507630663759
 30
0.0
 11
343.3317752603916
 21
222.9507630663759
 31
0.0
  0
LINE
  5
2D4
330
70
100
AcDbEntity
  8
0
 62
     7
370
    25
100
AcDbLine
 10
343.6176084379919
 20
222.9507630663759
 30
0.0
 11
344.2301086716919
 21
222.9507630663759
 31
0.0
  0
LINE
  5
2D5
330
70
100
AcDbEntity
  8
0
 62
     7
370
    25
100
AcDbLine
 10
359.3434418491917
 20
222.9507630663759
 30
0.0
 11
359.5067752603914
 21
222.9507630663759
 31
0.0
  0
LINE
  5
2D6
330
70
100
AcDbEntity
  8
0
 62
     7
370
    25
100
AcDbLine
 10
360.1192752603919
 20
222.9507630663759
 30
0.0
 11
360.7317752603916
 21
222.9507630663759
 31
0.0
  0
LINE
  5
2D7
330
70
100
AcDbEntity
  8
0
 62
     7
370
    25
100
AcDbLine
 10
361.0176084379919
 20
222.9507630663759
 30
0.0
 11
361.6301086716919
 21
222.9507630663759
 31
0.0
  0
LINE
  5
2D8
330
70
100
AcDbEntity
  8
0
 62
     7
370
    25
100
AcDbLine
 10
376.7434418491917
 20
222.9507630663759
 30
0.0
 11
376.9067752603914
 21
222.9507630663759
 31
0.0
  0
LINE
  5
2D9
330
70
100
AcDbEntity
  8
0
 62
     7
370
    25
100
AcDbLine
 10
377.5192752603918
 20
222.9507630663759
 30
0.0
 11
378.1317752603916
 21
222.9507630663759
 31
0.0
  0
LINE
  5
2DA
330
70
100
AcDbEntity
  8
0
 62
     7
370
    25
100
AcDbLine
 10
378.4176084379918
 20
222.9507630663759
 30
0.0
 11
379.0301086716919
 21
222.9507630663759
 31
0.0
  0
LINE
  5
2DB
330
70
100
AcDbEntity
  8
0
 62
     7
370
    25
100
AcDbLine
 10
379.0301086716919
 20
223.1656168574759
 30
0.0
 11
378.2951084379917
 21
223.1656168574759
 31
0.0
  0
LINE
  5
2DC
330
70
100
AcDbEntity
  8
0
 62
     7
370
    25
100
AcDbLine
 10
378.1317752603916
 20
223.1656168574759
 30
0.0
 11
377.3967752603917
 21
223.1656168574759
 31
0.0
  0
LINE
  5
2DD
330
70
100
AcDbEntity
  8
0
 62
     7
370
    25
100
AcDbLine
 10
376.9067752603914
 20
223.1656168574759
 30
0.0
 11
376.7434418491917
 21
223.1656168574759
 31
0.0
  0
LINE
  5
2DE
330
70
100
AcDbEntity
  8
0
 62
     7
370
    25
100
AcDbLine
 10
361.6301086716919
 20
223.1656168574759
 30
0.0
 11
360.8951084379917
 21
223.1656168574759
 31
0.0
  0
LINE
  5
2DF
330
70
100
AcDbEntity
  8
0
 62
     7
370
    25
100
AcDbLine
 10
360.7317752603916
 20
223.1656168574759
 30
0.0
 11
359.9967752603918
 21
223.1656168574759
 31
0.0
  0
LINE
  5
2E0
330
70
100
AcDbEntity
  8
0
 62
     7
370
    25
100
AcDbLine
 10
359.5067752603914
 20
223.1656168574759
 30
0.0
 11
359.3434418491917
 21
223.1656168574759
 31
0.0
  0
LINE
  5
2E1
330
70
100
AcDbEntity
  8
0
 62
     7
370
    25
100
AcDbLine
 10
344.2301086716919
 20
223.1656168574759
 30
0.0
 11
343.4951084379918
 21
223.1656168574759
 31
0.0
  0
LINE
  5
2E2
330
70
100
AcDbEntity
  8
0
 62
     7
370
    25
100
AcDbLine
 10
343.3317752603916
 20
223.1656168574759
 30
0.0
 11
342.5967752603918
 21
223.1656168574759
 31
0.0
  0
LINE
  5
2E3
330
70
100
AcDbEntity
  8
0
 62
     7
370
    25
100
AcDbLine
 10
342.1067752603915
 20
223.1656168574759
 30
0.0
 11
341.9434418491917
 21
223.1656168574759
 31
0.0
  0
LINE
  5
2E4
330
70
100
AcDbEntity
  8
0
 62
     7
370
    25
100
AcDbLine
 10
340.4530252019917
 20
222.6642912446761
 30
0.0
 11
340.4326084963916
 21
222.7717182405759
 31
0.0
  0
LINE
  5
2E5
330
70
100
AcDbEntity
  8
0
 62
     7
370
    25
100
AcDbLine
 10
339.758858516492
 20
221.9839208561764
 30
0.0
 11
339.7792751837917
 21
221.8764939606761
 31
0.0
  0
LINE
  5
2E6
330
70
100
AcDbEntity
  8
0
 62
     7
370
    25
100
AcDbLine
 10
339.758858516492
 20
221.9028848081765
 30
0.0
 11
339.7792751837917
 21
221.7954579125761
 31
0.0
  0
LINE
  5
2E7
330
70
100
AcDbEntity
  8
0
 62
     7
370
    25
100
AcDbLine
 10
342.2905252603919
 20
222.7359091750759
 30
0.0
 11
342.310941849192
 21
222.5926733143757
 31
0.0
  0
LINE
  5
2E8
330
70
100
AcDbEntity
  8
0
 62
     7
370
    25
100
AcDbLine
 10
342.2905252603919
 20
222.6548731269759
 30
0.0
 11
342.310941849192
 21
222.5116372662757
 31
0.0
  0
LINE
  5
2E9
330
70
100
AcDbEntity
  8
0
 62
     7
370
    25
100
AcDbLine
 10
341.7596918491919
 20
221.912302925876
 30
0.0
 11
341.739275260392
 21
222.0555387865762
 31
0.0
  0
LINE
  5
2EA
330
70
100
AcDbEntity
  8
0
 62
     7
370
    25
100
AcDbLine
 10
342.433441849192
 20
222.5926733143757
 30
0.0
 11
342.413025260392
 21
222.7717182405759
 31
0.0
  0
LINE
  5
2EB
330
70
100
AcDbEntity
  8
0
 62
     7
370
    25
100
AcDbLine
 10
341.6167751435917
 20
222.0555387865762
 30
0.0
 11
341.6371918491919
 21
221.8764939606761
 31
0.0
  0
LINE
  5
2EC
330
70
100
AcDbEntity
  8
0
 62
     7
370
    25
100
AcDbLine
 10
341.6167751435917
 20
221.9745027384762
 30
0.0
 11
341.6371918491919
 21
221.7954579125761
 31
0.0
  0
LINE
  5
2ED
330
70
100
AcDbEntity
  8
0
 62
     7
370
    25
100
AcDbLine
 10
340.4734418491915
 20
222.485246418776
 30
0.0
 11
340.4530252019917
 21
222.6642912446761
 31
0.0
  0
LINE
  5
2EE
330
70
100
AcDbEntity
  8
0
 62
     7
370
    25
100
AcDbLine
 10
339.7384418491916
 20
222.1629657322759
 30
0.0
 11
339.758858516492
 21
221.9839208561764
 31
0.0
  0
LINE
  5
2EF
330
70
100
AcDbEntity
  8
0
 62
     7
370
    25
100
AcDbLine
 10
339.7384418491916
 20
222.0819296841759
 30
0.0
 11
339.758858516492
 21
221.9028848081765
 31
0.0
  0
LINE
  5
2F0
330
70
100
AcDbEntity
  8
0
 62
     7
370
    25
100
AcDbLine
 10
340.3509418491921
 20
222.6642912446761
 30
0.0
 11
340.3713584963918
 21
222.4494374536762
 31
0.0
  0
LINE
  5
2F1
330
70
100
AcDbEntity
  8
0
 62
     7
370
    25
100
AcDbLine
 10
340.3509418491921
 20
222.5832551966762
 30
0.0
 11
340.3713584963918
 21
222.3684014055762
 31
0.0
  0
LINE
  5
2F2
330
70
100
AcDbEntity
  8
0
 62
     7
370
    25
100
AcDbLine
 10
339.8609418491917
 20
221.9839208561764
 30
0.0
 11
339.8405251800914
 21
222.1987746973757
 31
0.0
  0
LINE
  5
2F3
330
70
100
AcDbEntity
  8
0
 62
     3
370
    25
100
AcDbLine
 10
340.638441849192
 20
218.078226986676
 30
0.0
 11
340.638441849192
 21
216.7322019596759
 31
0.0
  0
LINE
  5
2F4
330
70
100
AcDbEntity
  8
0
 62
     7
370
    25
100
AcDbLine
 10
340.4734418491915
 20
222.0819296841759
 30
0.0
 11
340.4734418491915
 21
222.485246418776
 31
0.0
  0
LINE
  5
2F5
330
70
100
AcDbEntity
  8
0
 62
     7
370
    25
100
AcDbLine
 10
340.4530252019917
 20
221.9028848081765
 30
0.0
 11
340.4530252019917
 21
221.9839208561764
 31
0.0
  0
LINE
  5
2F6
330
70
100
AcDbEntity
  8
0
 62
     7
370
    25
100
AcDbLine
 10
340.4326084963916
 20
221.7954579125761
 30
0.0
 11
340.4326084963916
 21
221.8764939606761
 31
0.0
  0
LINE
  5
2F7
330
70
100
AcDbEntity
  8
0
 62
     7
370
    25
100
AcDbLine
 10
340.3917752019919
 20
221.6522220267759
 30
0.0
 11
340.3917752019919
 21
221.7332580748759
 31
0.0
  0
LINE
  5
2F8
330
70
100
AcDbEntity
  8
0
 62
     7
370
    25
100
AcDbLine
 10
340.3713584963918
 20
222.4494374536762
 30
0.0
 11
340.3713584963918
 21
222.1987746973757
 31
0.0
  0
LINE
  5
2F9
330
70
100
AcDbEntity
  8
0
 62
     7
370
    25
100
AcDbLine
 10
340.3509418491921
 20
222.5832551966762
 30
0.0
 11
340.3509418491921
 21
222.6642912446761
 31
0.0
  0
LINE
  5
2FA
330
70
100
AcDbEntity
  8
0
 62
     7
370
    25
100
AcDbLine
 10
340.3305252019916
 20
221.544795118776
 30
0.0
 11
340.3305252019916
 21
221.6258311668759
 31
0.0
  0
LINE
  5
2FB
330
70
100
AcDbEntity
  8
0
 62
     7
370
    25
100
AcDbLine
 10
340.2692752019919
 20
222.7981090879762
 30
0.0
 11
340.2692752019919
 21
222.8791451360762
 31
0.0
  0
LINE
  5
2FC
330
70
100
AcDbEntity
  8
0
 62
     7
370
    25
100
AcDbLine
 10
340.228441849192
 20
221.437368213776
 30
0.0
 11
340.228441849192
 21
221.518404261876
 31
0.0
  0
LINE
  5
2FD
330
70
100
AcDbEntity
  8
0
 62
     7
370
    25
100
AcDbLine
 10
340.2080251727917
 20
222.8697270183761
 30
0.0
 11
340.2080251727917
 21
222.9507630663759
 31
0.0
  0
LINE
  5
2FE
330
70
100
AcDbEntity
  8
0
 62
     7
370
    25
100
AcDbLine
 10
340.1059418491919
 20
221.4015592454761
 30
0.0
 11
340.1059418491919
 21
221.4825952935761
 31
0.0
  0
LINE
  5
2FF
330
70
100
AcDbEntity
  8
0
 62
     7
370
    25
100
AcDbLine
 10
340.1059418491919
 20
222.9055359835759
 30
0.0
 11
340.1059418491919
 21
222.9865720315758
 31
0.0
  0
LINE
  5
300
330
70
100
AcDbEntity
  8
0
 62
     7
370
    25
100
AcDbLine
 10
340.0038585255915
 20
222.8697270183761
 30
0.0
 11
340.0038585255915
 21
222.9507630663759
 31
0.0
  0
LINE
  5
301
330
70
100
AcDbEntity
  8
0
 62
     7
370
    25
100
AcDbLine
 10
339.9834418491918
 20
221.437368213776
 30
0.0
 11
339.9834418491918
 21
221.518404261876
 31
0.0
  0
LINE
  5
302
330
70
100
AcDbEntity
  8
0
 62
     7
370
    25
100
AcDbLine
 10
339.9426085109918
 20
222.7981090879762
 30
0.0
 11
339.9426085109918
 21
222.8791451360762
 31
0.0
  0
LINE
  5
303
330
70
100
AcDbEntity
  8
0
 62
     7
370
    25
100
AcDbLine
 10
339.8813585109914
 20
221.544795118776
 30
0.0
 11
339.8813585109914
 21
221.6258311668759
 31
0.0
  0
LINE
  5
304
330
70
100
AcDbEntity
  8
0
 62
     7
370
    25
100
AcDbLine
 10
339.8609418491917
 20
222.5832551966762
 30
0.0
 11
339.8609418491917
 21
222.6642912446761
 31
0.0
  0
LINE
  5
305
330
70
100
AcDbEntity
  8
0
 62
     7
370
    25
100
AcDbLine
 10
339.8405251800914
 20
222.1987746973757
 30
0.0
 11
339.8405251800914
 21
222.4494374536762
 31
0.0
  0
LINE
  5
306
330
70
100
AcDbEntity
  8
0
 62
     7
370
    25
100
AcDbLine
 10
339.828441849192
 20
218.0800322347761
 30
0.0
 11
339.828441849192
 21
218.4381654757764
 31
0.0
  0
LINE
  5
307
330
70
100
AcDbEntity
  8
0
 62
     7
370
    25
100
AcDbLine
 10
339.8201085182917
 20
221.6522220267759
 30
0.0
 11
339.8201085182917
 21
221.7332580748759
 31
0.0
  0
LINE
  5
308
330
70
100
AcDbEntity
  8
0
 62
     7
370
    25
100
AcDbLine
 10
339.7792751837917
 20
221.7954579125761
 30
0.0
 11
339.7792751837917
 21
221.8764939606761
 31
0.0
  0
LINE
  5
309
330
70
100
AcDbEntity
  8
0
 62
     7
370
    25
100
AcDbLine
 10
339.758858516492
 20
221.9028848081765
 30
0.0
 11
339.758858516492
 21
221.9839208561764
 31
0.0
  0
LINE
  5
30A
330
70
100
AcDbEntity
  8
0
 62
     7
370
    25
100
AcDbLine
 10
339.7384418491916
 20
222.0819296841759
 30
0.0
 11
339.7384418491916
 21
222.485246418776
 31
0.0
  0
LINE
  5
30B
330
70
100
AcDbEntity
  8
0
 62
     3
370
    25
100
AcDbLine
 10
339.638441849192
 20
217.1792485731764
 30
0.0
 11
339.638441849192
 21
216.7322019596759
 31
0.0
  0
LINE
  5
30C
330
70
100
AcDbEntity
  8
0
 62
     7
370
    25
100
AcDbLine
 10
339.6284418491919
 20
218.4381654757764
 30
0.0
 11
339.6284418491919
 21
218.0800322347761
 31
0.0
  0
LINE
  5
30D
330
70
100
AcDbEntity
  8
0
 62
     7
370
    25
100
AcDbLine
 10
338.838441849192
 20
223.707040698176
 30
0.0
 11
338.838441849192
 21
223.6271620185764
 31
0.0
  0
LINE
  5
30E
330
70
100
AcDbEntity
  8
0
 62
     7
370
    25
100
AcDbLine
 10
338.7284418491916
 20
218.0800322347761
 30
0.0
 11
338.7284418491916
 21
218.4381654757764
 31
0.0
  0
LINE
  5
30F
330
70
100
AcDbEntity
  8
0
 62
     7
370
    25
100
AcDbLine
 10
338.5284418491916
 20
218.4381654757764
 30
0.0
 11
338.5284418491916
 21
218.0800322347761
 31
0.0
  0
LINE
  5
310
330
70
100
AcDbEntity
  8
0
 62
     7
370
    25
100
AcDbLine
 10
338.0384418491919
 20
223.304042666876
 30
0.0
 11
338.0384418491919
 21
220.1813686114761
 31
0.0
  0
LINE
  5
311
330
70
100
AcDbEntity
  8
0
 62
     3
370
    25
100
AcDbLine
 10
337.6384418491919
 20
217.1792485731764
 30
0.0
 11
337.6384418491919
 21
216.7322019596759
 31
0.0
  0
LINE
  5
312
330
70
100
AcDbEntity
  8
0
 62
     7
370
    25
100
AcDbLine
 10
337.1384418491916
 20
217.5815023525764
 30
0.0
 11
337.1384418491916
 21
218.4381654757764
 31
0.0
  0
LINE
  5
313
330
70
100
AcDbEntity
  8
0
 62
     3
370
    25
100
AcDbLine
 10
336.6384418491918
 20
218.078226986676
 30
0.0
 11
336.6384418491918
 21
216.7322019596759
 31
0.0
  0
LINE
  5
314
330
70
100
AcDbEntity
  8
0
 62
     3
370
    25
100
AcDbLine
 10
334.5384418491915
 20
218.078226986676
 30
0.0
 11
334.5384418491915
 21
210.660298673176
 31
0.0
  0
LINE
  5
315
330
70
100
AcDbEntity
  8
0
 62
     7
370
    25
100
AcDbLine
 10
333.8384418491918
 20
214.0722856091759
 30
0.0
 11
333.8384418491918
 21
225.5233953618756
 31
0.0
  0
LINE
  5
316
330
70
100
AcDbEntity
  8
0
 62
     7
370
    25
100
AcDbLine
 10
333.8284418491917
 20
177.2978404855756
 30
0.0
 11
333.8284418491917
 21
214.0584117251761
 31
0.0
  0
LINE
  5
317
330
70
100
AcDbEntity
  8
0
 62
     7
370
    25
100
AcDbLine
 10
333.8284418491917
 20
225.5372692459761
 30
0.0
 11
333.8284418491917
 21
262.2978404855761
 31
0.0
  0
LINE
  5
318
330
70
100
AcDbEntity
  8
0
 62
     7
370
    25
100
AcDbLine
 10
333.5384418491914
 20
177.3978404855759
 30
0.0
 11
333.5384418491914
 21
213.3428574793764
 31
0.0
  0
LINE
  5
319
330
70
100
AcDbEntity
  8
0
 62
     7
370
    25
100
AcDbLine
 10
333.5384418491914
 20
226.252823491776
 30
0.0
 11
333.5384418491914
 21
262.1978404855763
 31
0.0
  0
LINE
  5
31A
330
70
100
AcDbEntity
  8
0
 62
     7
370
    25
100
AcDbLine
 10
333.3384418491915
 20
177.5978404855759
 30
0.0
 11
333.3384418491915
 21
261.9978404855757
 31
0.0
  0
LINE
  5
31B
330
70
100
AcDbEntity
  8
0
 62
     7
370
    25
100
AcDbLine
 10
342.9400029951916
 20
255.0579402752763
 30
0.0
 11
343.8592418107917
 21
256.1186004470762
 31
0.0
  0
LINE
  5
31C
330
70
100
AcDbEntity
  8
0
 62
     7
370
    25
100
AcDbLine
 10
341.1368807031919
 20
253.5376606957758
 30
0.0
 11
340.2176418876919
 21
252.4770005239758
 31
0.0
  0
LINE
  5
31D
330
70
100
AcDbEntity
  8
0
 62
     7
370
    25
100
AcDbLine
 10
342.9400029951916
 20
253.5376606957758
 30
0.0
 11
342.8340873345914
 21
253.4317450350761
 31
0.0
  0
LINE
  5
31E
330
70
100
AcDbEntity
  8
0
 62
     7
370
    25
100
AcDbLine
 10
341.1368807031919
 20
255.0579402752763
 30
0.0
 11
341.242176474192
 21
255.1632360463758
 31
0.0
  0
LINE
  5
31F
330
70
100
AcDbEntity
  8
0
 62
     7
370
    25
100
AcDbLine
 10
340.2176418876919
 20
252.4770005239758
 30
0.0
 11
341.224424957592
 21
253.3495458512762
 31
0.0
  0
LINE
  5
320
330
70
100
AcDbEntity
  8
0
 62
     7
370
    25
100
AcDbLine
 10
343.8592418107917
 20
256.1186004470762
 30
0.0
 11
342.8669444479918
 21
255.2586093993757
 31
0.0
  0
LINE
  5
321
330
70
100
AcDbEntity
  8
0
 62
     7
370
    25
100
AcDbLine
 10
340.1059418491919
 20
223.1656168574759
 30
0.0
 11
339.9834418491918
 21
223.129807892276
 31
0.0
  0
LINE
  5
322
330
70
100
AcDbEntity
  8
0
 62
     7
370
    25
100
AcDbLine
 10
374.5379694988916
 20
223.9219204029762
 30
0.0
 11
374.335577924292
 21
223.897408882676
 31
0.0
  0
LINE
  5
323
330
70
100
AcDbEntity
  8
0
 62
     7
370
    25
100
AcDbLine
 10
338.0384418491919
 20
223.304042666876
 30
0.0
 11
346.0384418491916
 21
223.304042666876
 31
0.0
  0
LINE
  5
324
330
70
100
AcDbEntity
  8
0
 62
     7
370
    25
100
AcDbLine
 10
355.4384418491919
 20
223.304042666876
 30
0.0
 11
363.4384418491915
 21
223.304042666876
 31
0.0
  0
LINE
  5
325
330
70
100
AcDbEntity
  8
0
 62
     7
370
    25
100
AcDbLine
 10
372.8384418491919
 20
223.304042666876
 30
0.0
 11
380.8384418491915
 21
223.304042666876
 31
0.0
  0
LINE
  5
326
330
70
100
AcDbEntity
  8
0
 62
     7
370
    25
100
AcDbLine
 10
338.838441849192
 20
223.6271620185764
 30
0.0
 11
345.2384418491915
 21
223.6271620185764
 31
0.0
  0
LINE
  5
327
330
70
100
AcDbEntity
  8
0
 62
     7
370
    25
100
AcDbLine
 10
356.238441849192
 20
223.6271620185764
 30
0.0
 11
362.6384418491915
 21
223.6271620185764
 31
0.0
  0
LINE
  5
328
330
70
100
AcDbEntity
  8
0
 62
     7
370
    25
100
AcDbLine
 10
373.6384418491919
 20
223.6271620185764
 30
0.0
 11
380.0384418491915
 21
223.6271620185764
 31
0.0
  0
LINE
  5
329
330
70
100
AcDbEntity
  8
0
 62
     7
370
    25
100
AcDbLine
 10
368.6284418491917
 20
225.680190387176
 30
0.0
 11
368.587451348092
 21
225.680190387176
 31
0.0
  0
LINE
  5
32A
330
70
100
AcDbEntity
  8
0
 62
     7
370
    25
100
AcDbLine
 10
351.2284418491917
 20
225.680190387176
 30
0.0
 11
351.187451348092
 21
225.680190387176
 31
0.0
  0
LINE
  5
32B
330
70
100
AcDbEntity
  8
0
 62
     7
370
    25
100
AcDbLine
 10
333.8284418491917
 20
225.680190387176
 30
0.0
 11
333.7874513480914
 21
225.680190387176
 31
0.0
  0
LINE
  5
32C
330
70
100
AcDbEntity
  8
0
 62
     7
370
    25
100
AcDbLine
 10
376.838441849192
 20
225.7721021043761
 30
0.0
 11
368.6284418491917
 21
225.7721021043761
 31
0.0
  0
LINE
  5
32D
330
70
100
AcDbEntity
  8
0
 62
     7
370
    25
100
AcDbLine
 10
359.438441849192
 20
225.7721021043761
 30
0.0
 11
351.2284418491917
 21
225.7721021043761
 31
0.0
  0
LINE
  5
32E
330
70
100
AcDbEntity
  8
0
 62
     7
370
    25
100
AcDbLine
 10
342.0384418491914
 20
225.7721021043761
 30
0.0
 11
333.8284418491917
 21
225.7721021043761
 31
0.0
  0
LINE
  5
32F
330
70
100
AcDbEntity
  8
0
 62
     7
370
    25
100
AcDbLine
 10
368.6284418491917
 20
227.5291174311761
 30
0.0
 11
368.338441849192
 21
227.5291174311761
 31
0.0
  0
LINE
  5
330
330
70
100
AcDbEntity
  8
0
 62
     7
370
    25
100
AcDbLine
 10
351.2284418491917
 20
227.5291174311761
 30
0.0
 11
350.938441849192
 21
227.5291174311761
 31
0.0
  0
LINE
  5
331
330
70
100
AcDbEntity
  8
0
 62
     7
370
    25
100
AcDbLine
 10
333.8284418491917
 20
227.5291174311761
 30
0.0
 11
333.5384418491914
 21
227.5291174311761
 31
0.0
  0
LINE
  5
332
330
70
100
AcDbEntity
  8
0
 62
     7
370
    25
100
AcDbLine
 10
376.838441849192
 20
227.5329850034761
 30
0.0
 11
368.6284418491917
 21
227.5329850034761
 31
0.0
  0
LINE
  5
333
330
70
100
AcDbEntity
  8
0
 62
     7
370
    25
100
AcDbLine
 10
359.438441849192
 20
227.5329850034761
 30
0.0
 11
351.2284418491917
 21
227.5329850034761
 31
0.0
  0
LINE
  5
334
330
70
100
AcDbEntity
  8
0
 62
     7
370
    25
100
AcDbLine
 10
342.0384418491914
 20
227.5329850034761
 30
0.0
 11
333.8284418491917
 21
227.5329850034761
 31
0.0
  0
LINE
  5
335
330
70
100
AcDbEntity
  8
0
 62
     7
370
    25
100
AcDbLine
 10
384.7003043520917
 20
211.2120805589762
 30
0.0
 11
383.9457331379914
 21
211.3471227326761
 31
0.0
  0
LINE
  5
336
330
70
100
AcDbEntity
  8
0
 62
     7
370
    25
100
AcDbLine
 10
384.7003043520917
 20
211.4063670492762
 30
0.0
 11
384.4649388360919
 21
211.4484893437757
 31
0.0
  0
LINE
  5
337
330
70
100
AcDbEntity
  8
0
 62
     7
370
    25
100
AcDbLine
 10
384.7003043520917
 20
213.3492319529759
 30
0.0
 11
383.8346280994916
 21
213.5041580893762
 31
0.0
  0
LINE
  5
338
330
70
100
AcDbEntity
  8
0
 62
     7
370
    25
100
AcDbLine
 10
384.7003043520917
 20
213.5435184432759
 30
0.0
 11
383.8346280994916
 21
213.6984445797756
 31
0.0
  0
LINE
  5
339
330
70
100
AcDbEntity
  8
0
 62
     7
370
    25
100
AcDbLine
 10
368.6284418491917
 20
240.4945576572756
 30
0.0
 11
368.338441849192
 21
240.4945576572756
 31
0.0
  0
LINE
  5
33A
330
70
100
AcDbEntity
  8
0
 62
     7
370
    25
100
AcDbLine
 10
351.2284418491917
 20
240.4945576572756
 30
0.0
 11
350.938441849192
 21
240.4945576572756
 31
0.0
  0
LINE
  5
33B
330
70
100
AcDbEntity
  8
0
 62
     7
370
    25
100
AcDbLine
 10
333.8284418491917
 20
240.4945576572756
 30
0.0
 11
333.5384418491914
 21
240.4945576572756
 31
0.0
  0
LINE
  5
33C
330
70
100
AcDbEntity
  8
0
 62
     7
370
    25
100
AcDbLine
 10
376.838441849192
 20
240.5049111925759
 30
0.0
 11
368.6284418491917
 21
240.5049111925759
 31
0.0
  0
LINE
  5
33D
330
70
100
AcDbEntity
  8
0
 62
     7
370
    25
100
AcDbLine
 10
359.438441849192
 20
240.5049111925759
 30
0.0
 11
351.2284418491917
 21
240.5049111925759
 31
0.0
  0
LINE
  5
33E
330
70
100
AcDbEntity
  8
0
 62
     7
370
    25
100
AcDbLine
 10
342.0384418491914
 20
240.5049111925759
 30
0.0
 11
333.8284418491917
 21
240.5049111925759
 31
0.0
  0
LINE
  5
33F
330
70
100
AcDbEntity
  8
0
 62
     7
370
    25
100
AcDbLine
 10
368.6284418491917
 20
242.1978404855757
 30
0.0
 11
368.338441849192
 21
242.1978404855757
 31
0.0
  0
LINE
  5
340
330
70
100
AcDbEntity
  8
0
 62
     7
370
    25
100
AcDbLine
 10
351.2284418491917
 20
242.1978404855757
 30
0.0
 11
350.938441849192
 21
242.1978404855757
 31
0.0
  0
LINE
  5
341
330
70
100
AcDbEntity
  8
0
 62
     7
370
    25
100
AcDbLine
 10
333.8284418491917
 20
242.1978404855757
 30
0.0
 11
333.5384418491914
 21
242.1978404855757
 31
0.0
  0
LINE
  5
342
330
70
100
AcDbEntity
  8
0
 62
     7
370
    25
100
AcDbLine
 10
376.838441849192
 20
242.297840485576
 30
0.0
 11
368.6284418491917
 21
242.297840485576
 31
0.0
  0
LINE
  5
343
330
70
100
AcDbEntity
  8
0
 62
     7
370
    25
100
AcDbLine
 10
359.438441849192
 20
242.297840485576
 30
0.0
 11
351.2284418491917
 21
242.297840485576
 31
0.0
  0
LINE
  5
344
330
70
100
AcDbEntity
  8
0
 62
     7
370
    25
100
AcDbLine
 10
342.0384418491914
 20
242.297840485576
 30
0.0
 11
333.8284418491917
 21
242.297840485576
 31
0.0
  0
LINE
  5
345
330
70
100
AcDbEntity
  8
0
 62
     7
370
    25
100
AcDbLine
 10
368.6284418491917
 20
244.7943484085759
 30
0.0
 11
368.338441849192
 21
244.7943484085759
 31
0.0
  0
LINE
  5
346
330
70
100
AcDbEntity
  8
0
 62
     7
370
    25
100
AcDbLine
 10
351.2284418491917
 20
244.7943484085759
 30
0.0
 11
350.938441849192
 21
244.7943484085759
 31
0.0
  0
LINE
  5
347
330
70
100
AcDbEntity
  8
0
 62
     7
370
    25
100
AcDbLine
 10
333.8284418491917
 20
244.7943484085759
 30
0.0
 11
333.5384418491914
 21
244.7943484085759
 31
0.0
  0
LINE
  5
348
330
70
100
AcDbEntity
  8
0
 62
     7
370
    25
100
AcDbLine
 10
376.838441849192
 20
244.7978404855764
 30
0.0
 11
368.6284418491917
 21
244.7978404855764
 31
0.0
  0
LINE
  5
349
330
70
100
AcDbEntity
  8
0
 62
     7
370
    25
100
AcDbLine
 10
359.438441849192
 20
244.7978404855764
 30
0.0
 11
351.2284418491917
 21
244.7978404855764
 31
0.0
  0
LINE
  5
34A
330
70
100
AcDbEntity
  8
0
 62
     7
370
    25
100
AcDbLine
 10
342.0384418491914
 20
244.7978404855764
 30
0.0
 11
333.8284418491917
 21
244.7978404855764
 31
0.0
  0
LINE
  5
34B
330
70
100
AcDbEntity
  8
0
 62
     7
370
    25
100
AcDbLine
 10
339.9834418491918
 20
221.437368213776
 30
0.0
 11
340.1059418491919
 21
221.4015592454761
 31
0.0
  0
LINE
  5
34C
330
70
100
AcDbEntity
  8
0
 62
     7
370
    25
100
AcDbLine
 10
339.9834418491918
 20
221.518404261876
 30
0.0
 11
340.1059418491919
 21
221.4825952935761
 31
0.0
  0
LINE
  5
34D
330
70
100
AcDbEntity
  8
0
 62
     7
370
    25
100
AcDbLine
 10
340.228441849192
 20
223.129807892276
 30
0.0
 11
340.1059418491919
 21
223.1656168574759
 31
0.0
  0
LINE
  5
34E
330
70
100
AcDbEntity
  8
0
 62
     7
370
    25
100
AcDbLine
 10
357.3834418491918
 20
221.437368213776
 30
0.0
 11
357.5059418491918
 21
221.4015592454761
 31
0.0
  0
LINE
  5
34F
330
70
100
AcDbEntity
  8
0
 62
     7
370
    25
100
AcDbLine
 10
357.3834418491918
 20
221.518404261876
 30
0.0
 11
357.5059418491918
 21
221.4825952935761
 31
0.0
  0
LINE
  5
350
330
70
100
AcDbEntity
  8
0
 62
     7
370
    25
100
AcDbLine
 10
357.6284418491919
 20
223.129807892276
 30
0.0
 11
357.5059418491918
 21
223.1656168574759
 31
0.0
  0
LINE
  5
351
330
70
100
AcDbEntity
  8
0
 62
     7
370
    25
100
AcDbLine
 10
374.7834418491917
 20
221.437368213776
 30
0.0
 11
374.9059418491918
 21
221.4015592454761
 31
0.0
  0
LINE
  5
352
330
70
100
AcDbEntity
  8
0
 62
     7
370
    25
100
AcDbLine
 10
374.7834418491917
 20
221.518404261876
 30
0.0
 11
374.9059418491918
 21
221.4825952935761
 31
0.0
  0
LINE
  5
353
330
70
100
AcDbEntity
  8
0
 62
     7
370
    25
100
AcDbLine
 10
375.0284418491919
 20
223.129807892276
 30
0.0
 11
374.9059418491918
 21
223.1656168574759
 31
0.0
  0
LINE
  5
354
330
70
100
AcDbEntity
  8
0
 62
     7
370
    25
100
AcDbLine
 10
340.1059418491919
 20
221.6616401445762
 30
0.0
 11
340.0038585255915
 21
221.697449109676
 31
0.0
  0
LINE
  5
355
330
70
100
AcDbEntity
  8
0
 62
     7
370
    25
100
AcDbLine
 10
341.8413584379917
 20
221.437368213776
 30
0.0
 11
341.9434418491917
 21
221.4015592454761
 31
0.0
  0
LINE
  5
356
330
70
100
AcDbEntity
  8
0
 62
     7
370
    25
100
AcDbLine
 10
341.8413584379917
 20
221.518404261876
 30
0.0
 11
341.9434418491917
 21
221.4825952935761
 31
0.0
  0
LINE
  5
357
330
70
100
AcDbEntity
  8
0
 62
     7
370
    25
100
AcDbLine
 10
340.1059418491919
 20
222.9055359835759
 30
0.0
 11
340.2080251727917
 21
222.8697270183761
 31
0.0
  0
LINE
  5
358
330
70
100
AcDbEntity
  8
0
 62
     7
370
    25
100
AcDbLine
 10
340.1059418491919
 20
222.9865720315758
 30
0.0
 11
340.2080251727917
 21
222.9507630663759
 31
0.0
  0
LINE
  5
359
330
70
100
AcDbEntity
  8
0
 62
     7
370
    25
100
AcDbLine
 10
342.2088584379919
 20
223.129807892276
 30
0.0
 11
342.1067752603915
 21
223.1656168574759
 31
0.0
  0
LINE
  5
35A
330
70
100
AcDbEntity
  8
0
 62
     7
370
    25
100
AcDbLine
 10
357.5059418491918
 20
221.6616401445762
 30
0.0
 11
357.4038585255914
 21
221.697449109676
 31
0.0
  0
LINE
  5
35B
330
70
100
AcDbEntity
  8
0
 62
     7
370
    25
100
AcDbLine
 10
359.2413584379916
 20
221.437368213776
 30
0.0
 11
359.3434418491917
 21
221.4015592454761
 31
0.0
  0
LINE
  5
35C
330
70
100
AcDbEntity
  8
0
 62
     7
370
    25
100
AcDbLine
 10
359.2413584379916
 20
221.518404261876
 30
0.0
 11
359.3434418491917
 21
221.4825952935761
 31
0.0
  0
LINE
  5
35D
330
70
100
AcDbEntity
  8
0
 62
     7
370
    25
100
AcDbLine
 10
357.5059418491918
 20
222.9055359835759
 30
0.0
 11
357.6080251727916
 21
222.8697270183761
 31
0.0
  0
LINE
  5
35E
330
70
100
AcDbEntity
  8
0
 62
     7
370
    25
100
AcDbLine
 10
357.5059418491918
 20
222.9865720315758
 30
0.0
 11
357.6080251727916
 21
222.9507630663759
 31
0.0
  0
LINE
  5
35F
330
70
100
AcDbEntity
  8
0
 62
     7
370
    25
100
AcDbLine
 10
359.6088584379919
 20
223.129807892276
 30
0.0
 11
359.5067752603914
 21
223.1656168574759
 31
0.0
  0
LINE
  5
360
330
70
100
AcDbEntity
  8
0
 62
     7
370
    25
100
AcDbLine
 10
341.9434418491917
 20
221.697449109676
 30
0.0
 11
341.861775260392
 21
221.7332580748759
 31
0.0
  0
LINE
  5
361
330
70
100
AcDbEntity
  8
0
 62
     7
370
    25
100
AcDbLine
 10
342.1067752603915
 20
222.8697270183761
 30
0.0
 11
342.1884418491919
 21
222.8339180531761
 31
0.0
  0
LINE
  5
362
330
70
100
AcDbEntity
  8
0
 62
     7
370
    25
100
AcDbLine
 10
342.1067752603915
 20
222.9507630663759
 30
0.0
 11
342.1884418491919
 21
222.9149541012761
 31
0.0
  0
LINE
  5
363
330
70
100
AcDbEntity
  8
0
 62
     7
370
    25
100
AcDbLine
 10
342.8685446663916
 20
184.4356447157759
 30
0.0
 11
343.8592418107917
 21
183.5770405239759
 31
0.0
  0
LINE
  5
364
330
70
100
AcDbEntity
  8
0
 62
     7
370
    25
100
AcDbLine
 10
341.2099392504917
 20
186.3586493993758
 30
0.0
 11
340.2176418876919
 21
187.2186404470764
 31
0.0
  0
LINE
  5
365
330
70
100
AcDbEntity
  8
0
 62
     7
370
    25
100
AcDbLine
 10
341.2427963638915
 20
184.5317850350762
 30
0.0
 11
341.1368807031919
 21
184.6377006957759
 31
0.0
  0
LINE
  5
366
330
70
100
AcDbEntity
  8
0
 62
     7
370
    25
100
AcDbLine
 10
342.8279004974917
 20
186.2700827729757
 30
0.0
 11
342.9400029951916
 21
186.1579802752764
 31
0.0
  0
LINE
  5
367
330
70
100
AcDbEntity
  8
0
 62
     7
370
    25
100
AcDbLine
 10
368.6284418491917
 20
260.4303777856765
 30
0.0
 11
368.338441849192
 21
260.4303777856765
 31
0.0
  0
LINE
  5
368
330
70
100
AcDbEntity
  8
0
 62
     7
370
    25
100
AcDbLine
 10
351.2284418491917
 20
260.4303777856765
 30
0.0
 11
350.938441849192
 21
260.4303777856765
 31
0.0
  0
LINE
  5
369
330
70
100
AcDbEntity
  8
0
 62
     7
370
    25
100
AcDbLine
 10
333.8284418491917
 20
260.4303777856765
 30
0.0
 11
333.5384418491914
 21
260.4303777856765
 31
0.0
  0
LINE
  5
36A
330
70
100
AcDbEntity
  8
0
 62
     7
370
    25
100
AcDbLine
 10
376.838441849192
 20
260.4373534330762
 30
0.0
 11
368.6284418491917
 21
260.4373534330762
 31
0.0
  0
LINE
  5
36B
330
70
100
AcDbEntity
  8
0
 62
     7
370
    25
100
AcDbLine
 10
359.438441849192
 20
260.4373534330762
 30
0.0
 11
351.2284418491917
 21
260.4373534330762
 31
0.0
  0
LINE
  5
36C
330
70
100
AcDbEntity
  8
0
 62
     7
370
    25
100
AcDbLine
 10
342.0384418491914
 20
260.4373534330762
 30
0.0
 11
333.8284418491917
 21
260.4373534330762
 31
0.0
  0
LINE
  5
36D
330
70
100
AcDbEntity
  8
0
 62
     7
370
    25
100
AcDbLine
 10
368.6284418491917
 20
262.1978404855763
 30
0.0
 11
368.338441849192
 21
262.1978404855763
 31
0.0
  0
LINE
  5
36E
330
70
100
AcDbEntity
  8
0
 62
     7
370
    25
100
AcDbLine
 10
351.2284418491917
 20
262.1978404855763
 30
0.0
 11
350.938441849192
 21
262.1978404855763
 31
0.0
  0
LINE
  5
36F
330
70
100
AcDbEntity
  8
0
 62
     7
370
    25
100
AcDbLine
 10
333.8284418491917
 20
262.1978404855763
 30
0.0
 11
333.5384418491914
 21
262.1978404855763
 31
0.0
  0
LINE
  5
370
330
70
100
AcDbEntity
  8
0
 62
     7
370
    25
100
AcDbLine
 10
376.838441849192
 20
262.2978404855761
 30
0.0
 11
368.6284418491917
 21
262.2978404855761
 31
0.0
  0
LINE
  5
371
330
70
100
AcDbEntity
  8
0
 62
     7
370
    25
100
AcDbLine
 10
359.438441849192
 20
262.2978404855761
 30
0.0
 11
351.2284418491917
 21
262.2978404855761
 31
0.0
  0
LINE
  5
372
330
70
100
AcDbEntity
  8
0
 62
     7
370
    25
100
AcDbLine
 10
342.0384418491914
 20
262.2978404855761
 30
0.0
 11
333.8284418491917
 21
262.2978404855761
 31
0.0
  0
LINE
  5
373
330
70
100
AcDbEntity
  8
0
 62
     7
370
    25
100
AcDbLine
 10
374.9059418491918
 20
221.6616401445762
 30
0.0
 11
374.8038585255914
 21
221.697449109676
 31
0.0
  0
LINE
  5
374
330
70
100
AcDbEntity
  8
0
 62
     7
370
    25
100
AcDbLine
 10
376.6413584379916
 20
221.437368213776
 30
0.0
 11
376.7434418491917
 21
221.4015592454761
 31
0.0
  0
LINE
  5
375
330
70
100
AcDbEntity
  8
0
 62
     7
370
    25
100
AcDbLine
 10
376.6413584379916
 20
221.518404261876
 30
0.0
 11
376.7434418491917
 21
221.4825952935761
 31
0.0
  0
LINE
  5
376
330
70
100
AcDbEntity
  8
0
 62
     7
370
    25
100
AcDbLine
 10
374.9059418491918
 20
222.9055359835759
 30
0.0
 11
375.0080251727916
 21
222.8697270183761
 31
0.0
  0
LINE
  5
377
330
70
100
AcDbEntity
  8
0
 62
     7
370
    25
100
AcDbLine
 10
374.9059418491918
 20
222.9865720315758
 30
0.0
 11
375.0080251727916
 21
222.9507630663759
 31
0.0
  0
LINE
  5
378
330
70
100
AcDbEntity
  8
0
 62
     7
370
    25
100
AcDbLine
 10
377.0088584379919
 20
223.129807892276
 30
0.0
 11
376.9067752603914
 21
223.1656168574759
 31
0.0
  0
LINE
  5
379
330
70
100
AcDbEntity
  8
0
 62
     7
370
    25
100
AcDbLine
 10
359.3434418491917
 20
221.697449109676
 30
0.0
 11
359.261775260392
 21
221.7332580748759
 31
0.0
  0
LINE
  5
37A
330
70
100
AcDbEntity
  8
0
 62
     7
370
    25
100
AcDbLine
 10
359.5067752603914
 20
222.8697270183761
 30
0.0
 11
359.5884418491918
 21
222.8339180531761
 31
0.0
  0
LINE
  5
37B
330
70
100
AcDbEntity
  8
0
 62
     7
370
    25
100
AcDbLine
 10
359.5067752603914
 20
222.9507630663759
 30
0.0
 11
359.5884418491918
 21
222.9149541012761
 31
0.0
  0
LINE
  5
37C
330
70
100
AcDbEntity
  8
0
 62
     7
370
    25
100
AcDbLine
 10
376.7434418491917
 20
221.697449109676
 30
0.0
 11
376.661775260392
 21
221.7332580748759
 31
0.0
  0
LINE
  5
37D
330
70
100
AcDbEntity
  8
0
 62
     7
370
    25
100
AcDbLine
 10
376.9067752603914
 20
222.8697270183761
 30
0.0
 11
376.9884418491918
 21
222.8339180531761
 31
0.0
  0
LINE
  5
37E
330
70
100
AcDbEntity
  8
0
 62
     7
370
    25
100
AcDbLine
 10
376.9067752603914
 20
222.9507630663759
 30
0.0
 11
376.9884418491918
 21
222.9149541012761
 31
0.0
  0
LINE
  5
37F
330
70
100
AcDbEntity
  8
0
 62
     7
370
    25
100
AcDbLine
 10
360.2685446663916
 20
184.4356447157759
 30
0.0
 11
361.2592418107916
 21
183.5770405239759
 31
0.0
  0
LINE
  5
380
330
70
100
AcDbEntity
  8
0
 62
     7
370
    25
100
AcDbLine
 10
358.6099392504916
 20
186.3586493993758
 30
0.0
 11
357.6176418876918
 21
187.2186404470764
 31
0.0
  0
LINE
  5
381
330
70
100
AcDbEntity
  8
0
 62
     7
370
    25
100
AcDbLine
 10
377.6685446663916
 20
184.4356447157759
 30
0.0
 11
378.6592418107916
 21
183.5770405239759
 31
0.0
  0
LINE
  5
382
330
70
100
AcDbEntity
  8
0
 62
     7
370
    25
100
AcDbLine
 10
376.0099392504916
 20
186.3586493993758
 30
0.0
 11
375.0176418876918
 21
187.2186404470764
 31
0.0
  0
LINE
  5
383
330
70
100
AcDbEntity
  8
0
 62
     7
370
    25
100
AcDbLine
 10
358.6427963638915
 20
184.5317850350762
 30
0.0
 11
358.5368807031918
 21
184.6377006957759
 31
0.0
  0
LINE
  5
384
330
70
100
AcDbEntity
  8
0
 62
     7
370
    25
100
AcDbLine
 10
360.2279004974916
 20
186.2700827729757
 30
0.0
 11
360.3400029951916
 21
186.1579802752764
 31
0.0
  0
LINE
  5
385
330
70
100
AcDbEntity
  8
0
 62
     7
370
    25
100
AcDbLine
 10
340.2176418876919
 20
187.2186404470764
 30
0.0
 11
341.1368807031919
 21
186.1579802752764
 31
0.0
  0
LINE
  5
386
330
70
100
AcDbEntity
  8
0
 62
     7
370
    25
100
AcDbLine
 10
343.8592418107917
 20
183.5770405239759
 30
0.0
 11
342.9400029951916
 21
184.6377006957759
 31
0.0
  0
LINE
  5
387
330
70
100
AcDbEntity
  8
0
 62
     7
370
    25
100
AcDbLine
 10
341.7596918491919
 20
221.5089861535761
 30
0.0
 11
341.8413584379917
 21
221.437368213776
 31
0.0
  0
LINE
  5
388
330
70
100
AcDbEntity
  8
0
 62
     7
370
    25
100
AcDbLine
 10
341.7596918491919
 20
221.5900222016761
 30
0.0
 11
341.8413584379917
 21
221.518404261876
 31
0.0
  0
LINE
  5
389
330
70
100
AcDbEntity
  8
0
 62
     7
370
    25
100
AcDbLine
 10
342.2905252603919
 20
223.0581899619756
 30
0.0
 11
342.2088584379919
 21
223.129807892276
 31
0.0
  0
LINE
  5
38A
330
70
100
AcDbEntity
  8
0
 62
     7
370
    25
100
AcDbLine
 10
359.1596918491919
 20
221.5089861535761
 30
0.0
 11
359.2413584379916
 21
221.437368213776
 31
0.0
  0
LINE
  5
38B
330
70
100
AcDbEntity
  8
0
 62
     7
370
    25
100
AcDbLine
 10
359.1596918491919
 20
221.5900222016761
 30
0.0
 11
359.2413584379916
 21
221.518404261876
 31
0.0
  0
LINE
  5
38C
330
70
100
AcDbEntity
  8
0
 62
     7
370
    25
100
AcDbLine
 10
376.0427963638914
 20
184.5317850350762
 30
0.0
 11
375.9368807031918
 21
184.6377006957759
 31
0.0
  0
LINE
  5
38D
330
70
100
AcDbEntity
  8
0
 62
     7
370
    25
100
AcDbLine
 10
377.6279004974916
 20
186.2700827729757
 30
0.0
 11
377.7400029951916
 21
186.1579802752764
 31
0.0
  0
LINE
  5
38E
330
70
100
AcDbEntity
  8
0
 62
     7
370
    25
100
AcDbLine
 10
339.8813585109914
 20
221.544795118776
 30
0.0
 11
339.9834418491918
 21
221.437368213776
 31
0.0
  0
LINE
  5
38F
330
70
100
AcDbEntity
  8
0
 62
     7
370
    25
100
AcDbLine
 10
339.8813585109914
 20
221.6258311668759
 30
0.0
 11
339.9834418491918
 21
221.518404261876
 31
0.0
  0
LINE
  5
390
330
70
100
AcDbEntity
  8
0
 62
     7
370
    25
100
AcDbLine
 10
340.3305252019916
 20
223.0223809967757
 30
0.0
 11
340.228441849192
 21
223.129807892276
 31
0.0
  0
LINE
  5
391
330
70
100
AcDbEntity
  8
0
 62
     7
370
    25
100
AcDbLine
 10
357.6176418876918
 20
187.2186404470764
 30
0.0
 11
358.5368807031918
 21
186.1579802752764
 31
0.0
  0
LINE
  5
392
330
70
100
AcDbEntity
  8
0
 62
     7
370
    25
100
AcDbLine
 10
361.2592418107916
 20
183.5770405239759
 30
0.0
 11
360.3400029951916
 21
184.6377006957759
 31
0.0
  0
LINE
  5
393
330
70
100
AcDbEntity
  8
0
 62
     7
370
    25
100
AcDbLine
 10
340.0038585255915
 20
221.697449109676
 30
0.0
 11
339.9426085109918
 21
221.7690670400764
 31
0.0
  0
LINE
  5
394
330
70
100
AcDbEntity
  8
0
 62
     7
370
    25
100
AcDbLine
 10
340.2080251727917
 20
222.8697270183761
 30
0.0
 11
340.2692752019919
 21
222.7981090879762
 31
0.0
  0
LINE
  5
395
330
70
100
AcDbEntity
  8
0
 62
     7
370
    25
100
AcDbLine
 10
340.2080251727917
 20
222.9507630663759
 30
0.0
 11
340.2692752019919
 21
222.8791451360762
 31
0.0
  0
LINE
  5
396
330
70
100
AcDbEntity
  8
0
 62
     7
370
    25
100
AcDbLine
 10
341.861775260392
 20
221.7332580748759
 30
0.0
 11
341.8005252603916
 21
221.8048760302757
 31
0.0
  0
LINE
  5
397
330
70
100
AcDbEntity
  8
0
 62
     7
370
    25
100
AcDbLine
 10
342.1884418491919
 20
222.8339180531761
 30
0.0
 11
342.2496918491916
 21
222.7623001227763
 31
0.0
  0
LINE
  5
398
330
70
100
AcDbEntity
  8
0
 62
     7
370
    25
100
AcDbLine
 10
342.1884418491919
 20
222.9149541012761
 30
0.0
 11
342.2496918491916
 21
222.8433361708763
 31
0.0
  0
LINE
  5
399
330
70
100
AcDbEntity
  8
0
 62
     7
370
    25
100
AcDbLine
 10
342.8669444479918
 20
253.3369915717765
 30
0.0
 11
343.8592418107917
 21
252.4770005239758
 31
0.0
  0
LINE
  5
39A
330
70
100
AcDbEntity
  8
0
 62
     7
370
    25
100
AcDbLine
 10
341.2083390320919
 20
255.2599962552756
 30
0.0
 11
340.2176418876919
 21
256.1186004470762
 31
0.0
  0
LINE
  5
39B
330
70
100
AcDbEntity
  8
0
 62
     7
370
    25
100
AcDbLine
 10
359.6905252603919
 20
223.0581899619756
 30
0.0
 11
359.6088584379919
 21
223.129807892276
 31
0.0
  0
LINE
  5
39C
330
70
100
AcDbEntity
  8
0
 62
     7
370
    25
100
AcDbLine
 10
376.5596918491919
 20
221.5089861535761
 30
0.0
 11
376.6413584379916
 21
221.437368213776
 31
0.0
  0
LINE
  5
39D
330
70
100
AcDbEntity
  8
0
 62
     7
370
    25
100
AcDbLine
 10
376.5596918491919
 20
221.5900222016761
 30
0.0
 11
376.6413584379916
 21
221.518404261876
 31
0.0
  0
LINE
  5
39E
330
70
100
AcDbEntity
  8
0
 62
     7
370
    25
100
AcDbLine
 10
377.0905252603919
 20
223.0581899619756
 30
0.0
 11
377.0088584379919
 21
223.129807892276
 31
0.0
  0
LINE
  5
39F
330
70
100
AcDbEntity
  8
0
 62
     7
370
    25
100
AcDbLine
 10
357.2813585109914
 20
221.544795118776
 30
0.0
 11
357.3834418491918
 21
221.437368213776
 31
0.0
  0
LINE
  5
3A0
330
70
100
AcDbEntity
  8
0
 62
     7
370
    25
100
AcDbLine
 10
357.2813585109914
 20
221.6258311668759
 30
0.0
 11
357.3834418491918
 21
221.518404261876
 31
0.0
  0
LINE
  5
3A1
330
70
100
AcDbEntity
  8
0
 62
     7
370
    25
100
AcDbLine
 10
357.7305252019916
 20
223.0223809967757
 30
0.0
 11
357.6284418491919
 21
223.129807892276
 31
0.0
  0
LINE
  5
3A2
330
70
100
AcDbEntity
  8
0
 62
     7
370
    25
100
AcDbLine
 10
375.0176418876918
 20
187.2186404470764
 30
0.0
 11
375.9368807031918
 21
186.1579802752764
 31
0.0
  0
LINE
  5
3A3
330
70
100
AcDbEntity
  8
0
 62
     7
370
    25
100
AcDbLine
 10
378.6592418107916
 20
183.5770405239759
 30
0.0
 11
377.7400029951916
 21
184.6377006957759
 31
0.0
  0
LINE
  5
3A4
330
70
100
AcDbEntity
  8
0
 62
     7
370
    25
100
AcDbLine
 10
357.4038585255914
 20
221.697449109676
 30
0.0
 11
357.3426085109917
 21
221.7690670400764
 31
0.0
  0
LINE
  5
3A5
330
70
100
AcDbEntity
  8
0
 62
     7
370
    25
100
AcDbLine
 10
357.6080251727916
 20
222.8697270183761
 30
0.0
 11
357.6692752019919
 21
222.7981090879762
 31
0.0
  0
LINE
  5
3A6
330
70
100
AcDbEntity
  8
0
 62
     7
370
    25
100
AcDbLine
 10
357.6080251727916
 20
222.9507630663759
 30
0.0
 11
357.6692752019919
 21
222.8791451360762
 31
0.0
  0
LINE
  5
3A7
330
70
100
AcDbEntity
  8
0
 62
     7
370
    25
100
AcDbLine
 10
359.261775260392
 20
221.7332580748759
 30
0.0
 11
359.2005252603916
 21
221.8048760302757
 31
0.0
  0
LINE
  5
3A8
330
70
100
AcDbEntity
  8
0
 62
     7
370
    25
100
AcDbLine
 10
359.5884418491918
 20
222.8339180531761
 30
0.0
 11
359.6496918491916
 21
222.7623001227763
 31
0.0
  0
LINE
  5
3A9
330
70
100
AcDbEntity
  8
0
 62
     7
370
    25
100
AcDbLine
 10
359.5884418491918
 20
222.9149541012761
 30
0.0
 11
359.6496918491916
 21
222.8433361708763
 31
0.0
  0
LINE
  5
3AA
330
70
100
AcDbEntity
  8
0
 62
     7
370
    25
100
AcDbLine
 10
339.8201085182917
 20
221.6522220267759
 30
0.0
 11
339.8813585109914
 21
221.544795118776
 31
0.0
  0
LINE
  5
3AB
330
70
100
AcDbEntity
  8
0
 62
     7
370
    25
100
AcDbLine
 10
339.8201085182917
 20
221.7332580748759
 30
0.0
 11
339.8813585109914
 21
221.6258311668759
 31
0.0
  0
LINE
  5
3AC
330
70
100
AcDbEntity
  8
0
 62
     7
370
    25
100
AcDbLine
 10
340.3917752019919
 20
222.9149541012761
 30
0.0
 11
340.3305252019916
 21
223.0223809967757
 31
0.0
  0
LINE
  5
3AD
330
70
100
AcDbEntity
  8
0
 62
     7
370
    25
100
AcDbLine
 10
341.6780251435914
 20
221.6522220267759
 30
0.0
 11
341.7596918491919
 21
221.5089861535761
 31
0.0
  0
LINE
  5
3AE
330
70
100
AcDbEntity
  8
0
 62
     7
370
    25
100
AcDbLine
 10
341.6780251435914
 20
221.7332580748759
 30
0.0
 11
341.7596918491919
 21
221.5900222016761
 31
0.0
  0
LINE
  5
3AF
330
70
100
AcDbEntity
  8
0
 62
     7
370
    25
100
AcDbLine
 10
342.3721918491917
 20
222.9149541012761
 30
0.0
 11
342.2905252603919
 21
223.0581899619756
 31
0.0
  0
LINE
  5
3B0
330
70
100
AcDbEntity
  8
0
 62
     7
370
    25
100
AcDbLine
 10
360.2669444479918
 20
253.3369915717765
 30
0.0
 11
361.2592418107916
 21
252.4770005239758
 31
0.0
  0
LINE
  5
3B1
330
70
100
AcDbEntity
  8
0
 62
     7
370
    25
100
AcDbLine
 10
358.6083390320919
 20
255.2599962552756
 30
0.0
 11
357.6176418876918
 21
256.1186004470762
 31
0.0
  0
LINE
  5
3B2
330
70
100
AcDbEntity
  8
0
 62
     7
370
    25
100
AcDbLine
 10
341.2489832008918
 20
253.4255581980765
 30
0.0
 11
341.1368807031919
 21
253.5376606957758
 31
0.0
  0
LINE
  5
3B3
330
70
100
AcDbEntity
  8
0
 62
     7
370
    25
100
AcDbLine
 10
342.8340873345914
 20
255.1638559359759
 30
0.0
 11
342.9400029951916
 21
255.0579402752763
 31
0.0
  0
LINE
  5
3B4
330
70
100
AcDbEntity
  8
0
 62
     7
370
    25
100
AcDbLine
 10
358.6489832008918
 20
253.4255581980765
 30
0.0
 11
358.5368807031918
 21
253.5376606957758
 31
0.0
  0
LINE
  5
3B5
330
70
100
AcDbEntity
  8
0
 62
     7
370
    25
100
AcDbLine
 10
374.681358510992
 20
221.544795118776
 30
0.0
 11
374.7834418491917
 21
221.437368213776
 31
0.0
  0
LINE
  5
3B6
330
70
100
AcDbEntity
  8
0
 62
     7
370
    25
100
AcDbLine
 10
374.681358510992
 20
221.6258311668759
 30
0.0
 11
374.7834418491917
 21
221.518404261876
 31
0.0
  0
LINE
  5
3B7
330
70
100
AcDbEntity
  8
0
 62
     7
370
    25
100
AcDbLine
 10
375.1305252019915
 20
223.0223809967757
 30
0.0
 11
375.0284418491919
 21
223.129807892276
 31
0.0
  0
LINE
  5
3B8
330
70
100
AcDbEntity
  8
0
 62
     7
370
    25
100
AcDbLine
 10
340.2176418876919
 20
256.1186004470762
 30
0.0
 11
341.1368807031919
 21
255.0579402752763
 31
0.0
  0
LINE
  5
3B9
330
70
100
AcDbEntity
  8
0
 62
     7
370
    25
100
AcDbLine
 10
343.8592418107917
 20
252.4770005239758
 30
0.0
 11
342.9400029951916
 21
253.5376606957758
 31
0.0
  0
LINE
  5
3BA
330
70
100
AcDbEntity
  8
0
 62
     7
370
    25
100
AcDbLine
 10
374.8038585255914
 20
221.697449109676
 30
0.0
 11
374.7426085109917
 21
221.7690670400764
 31
0.0
  0
LINE
  5
3BB
330
70
100
AcDbEntity
  8
0
 62
     7
370
    25
100
AcDbLine
 10
375.0080251727916
 20
222.8697270183761
 30
0.0
 11
375.0692752019919
 21
222.7981090879762
 31
0.0
  0
LINE
  5
3BC
330
70
100
AcDbEntity
  8
0
 62
     7
370
    25
100
AcDbLine
 10
375.0080251727916
 20
222.9507630663759
 30
0.0
 11
375.0692752019919
 21
222.8791451360762
 31
0.0
  0
LINE
  5
3BD
330
70
100
AcDbEntity
  8
0
 62
     7
370
    25
100
AcDbLine
 10
376.661775260392
 20
221.7332580748759
 30
0.0
 11
376.6005252603916
 21
221.8048760302757
 31
0.0
  0
LINE
  5
3BE
330
70
100
AcDbEntity
  8
0
 62
     7
370
    25
100
AcDbLine
 10
376.9884418491918
 20
222.8339180531761
 30
0.0
 11
377.0496918491915
 21
222.7623001227763
 31
0.0
  0
LINE
  5
3BF
330
70
100
AcDbEntity
  8
0
 62
     7
370
    25
100
AcDbLine
 10
376.9884418491918
 20
222.9149541012761
 30
0.0
 11
377.0496918491915
 21
222.8433361708763
 31
0.0
  0
LINE
  5
3C0
330
70
100
AcDbEntity
  8
0
 62
     7
370
    25
100
AcDbLine
 10
357.2201085182917
 20
221.6522220267759
 30
0.0
 11
357.2813585109914
 21
221.544795118776
 31
0.0
  0
LINE
  5
3C1
330
70
100
AcDbEntity
  8
0
 62
     7
370
    25
100
AcDbLine
 10
357.2201085182917
 20
221.7332580748759
 30
0.0
 11
357.2813585109914
 21
221.6258311668759
 31
0.0
  0
LINE
  5
3C2
330
70
100
AcDbEntity
  8
0
 62
     7
370
    25
100
AcDbLine
 10
357.7917752019919
 20
222.9149541012761
 30
0.0
 11
357.7305252019916
 21
223.0223809967757
 31
0.0
  0
LINE
  5
3C3
330
70
100
AcDbEntity
  8
0
 62
     7
370
    25
100
AcDbLine
 10
359.078025143592
 20
221.6522220267759
 30
0.0
 11
359.1596918491919
 21
221.5089861535761
 31
0.0
  0
LINE
  5
3C4
330
70
100
AcDbEntity
  8
0
 62
     7
370
    25
100
AcDbLine
 10
359.078025143592
 20
221.7332580748759
 30
0.0
 11
359.1596918491919
 21
221.5900222016761
 31
0.0
  0
LINE
  5
3C5
330
70
100
AcDbEntity
  8
0
 62
     7
370
    25
100
AcDbLine
 10
359.7721918491917
 20
222.9149541012761
 30
0.0
 11
359.6905252603919
 21
223.0581899619756
 31
0.0
  0
LINE
  5
3C6
330
70
100
AcDbEntity
  8
0
 62
     7
370
    25
100
AcDbLine
 10
339.9426085109918
 20
221.7690670400764
 30
0.0
 11
339.8609418491917
 21
221.9839208561764
 31
0.0
  0
LINE
  5
3C7
330
70
100
AcDbEntity
  8
0
 62
     7
370
    25
100
AcDbLine
 10
340.2692752019919
 20
222.7981090879762
 30
0.0
 11
340.3509418491921
 21
222.5832551966762
 31
0.0
  0
LINE
  5
3C8
330
70
100
AcDbEntity
  8
0
 62
     7
370
    25
100
AcDbLine
 10
340.2692752019919
 20
222.8791451360762
 30
0.0
 11
340.3509418491921
 21
222.6642912446761
 31
0.0
  0
LINE
  5
3C9
330
70
100
AcDbEntity
  8
0
 62
     7
370
    25
100
AcDbLine
 10
341.8005252603916
 20
221.8048760302757
 30
0.0
 11
341.7596918491919
 21
221.912302925876
 31
0.0
  0
LINE
  5
3CA
330
70
100
AcDbEntity
  8
0
 62
     7
370
    25
100
AcDbLine
 10
342.2496918491916
 20
222.7623001227763
 30
0.0
 11
342.2905252603919
 21
222.6548731269759
 31
0.0
  0
LINE
  5
3CB
330
70
100
AcDbEntity
  8
0
 62
     7
370
    25
100
AcDbLine
 10
342.2496918491916
 20
222.8433361708763
 30
0.0
 11
342.2905252603919
 21
222.7359091750759
 31
0.0
  0
LINE
  5
3CC
330
70
100
AcDbEntity
  8
0
 62
     7
370
    25
100
AcDbLine
 10
339.7792751837917
 20
221.7954579125761
 30
0.0
 11
339.8201085182917
 21
221.6522220267759
 31
0.0
  0
LINE
  5
3CD
330
70
100
AcDbEntity
  8
0
 62
     7
370
    25
100
AcDbLine
 10
339.7792751837917
 20
221.8764939606761
 30
0.0
 11
339.8201085182917
 21
221.7332580748759
 31
0.0
  0
LINE
  5
3CE
330
70
100
AcDbEntity
  8
0
 62
     7
370
    25
100
AcDbLine
 10
340.4326084963916
 20
222.7717182405759
 30
0.0
 11
340.3917752019919
 21
222.9149541012761
 31
0.0
  0
LINE
  5
3CF
330
70
100
AcDbEntity
  8
0
 62
     7
370
    25
100
AcDbLine
 10
341.6371918491919
 20
221.7954579125761
 30
0.0
 11
341.6780251435914
 21
221.6522220267759
 31
0.0
  0
LINE
  5
3D0
330
70
100
AcDbEntity
  8
0
 62
     7
370
    25
100
AcDbLine
 10
341.6371918491919
 20
221.8764939606761
 30
0.0
 11
341.6780251435914
 21
221.7332580748759
 31
0.0
  0
LINE
  5
3D1
330
70
100
AcDbEntity
  8
0
 62
     7
370
    25
100
AcDbLine
 10
342.413025260392
 20
222.7717182405759
 30
0.0
 11
342.3721918491917
 21
222.9149541012761
 31
0.0
  0
LINE
  5
3D2
330
70
100
AcDbEntity
  8
0
 62
     7
370
    25
100
AcDbLine
 10
377.6669444479918
 20
253.3369915717765
 30
0.0
 11
378.6592418107916
 21
252.4770005239758
 31
0.0
  0
LINE
  5
3D3
330
70
100
AcDbEntity
  8
0
 62
     7
370
    25
100
AcDbLine
 10
376.0083390320918
 20
255.2599962552756
 30
0.0
 11
375.0176418876918
 21
256.1186004470762
 31
0.0
  0
LINE
  5
3D4
330
70
100
AcDbEntity
  8
0
 62
     7
370
    25
100
AcDbLine
 10
360.2340873345921
 20
255.1638559359759
 30
0.0
 11
360.3400029951916
 21
255.0579402752763
 31
0.0
  0
LINE
  5
3D5
330
70
100
AcDbEntity
  8
0
 62
     7
370
    25
100
AcDbLine
 10
376.0489832008918
 20
253.4255581980765
 30
0.0
 11
375.9368807031918
 21
253.5376606957758
 31
0.0
  0
LINE
  5
3D6
330
70
100
AcDbEntity
  8
0
 62
     7
370
    25
100
AcDbLine
 10
377.634087334592
 20
255.1638559359759
 30
0.0
 11
377.7400029951916
 21
255.0579402752763
 31
0.0
  0
LINE
  5
3D7
330
70
100
AcDbEntity
  8
0
 62
     7
370
    25
100
AcDbLine
 10
357.6176418876918
 20
256.1186004470762
 30
0.0
 11
358.5368807031918
 21
255.0579402752763
 31
0.0
  0
LINE
  5
3D8
330
70
100
AcDbEntity
  8
0
 62
     7
370
    25
100
AcDbLine
 10
361.2592418107916
 20
252.4770005239758
 30
0.0
 11
360.3400029951916
 21
253.5376606957758
 31
0.0
  0
LINE
  5
3D9
330
70
100
AcDbEntity
  8
0
 62
     7
370
    25
100
AcDbLine
 10
374.6201085182917
 20
221.6522220267759
 30
0.0
 11
374.681358510992
 21
221.544795118776
 31
0.0
  0
LINE
  5
3DA
330
70
100
AcDbEntity
  8
0
 62
     7
370
    25
100
AcDbLine
 10
374.6201085182917
 20
221.7332580748759
 30
0.0
 11
374.681358510992
 21
221.6258311668759
 31
0.0
  0
LINE
  5
3DB
330
70
100
AcDbEntity
  8
0
 62
     7
370
    25
100
AcDbLine
 10
375.1917752019919
 20
222.9149541012761
 30
0.0
 11
375.1305252019915
 21
223.0223809967757
 31
0.0
  0
LINE
  5
3DC
330
70
100
AcDbEntity
  8
0
 62
     7
370
    25
100
AcDbLine
 10
376.478025143592
 20
221.6522220267759
 30
0.0
 11
376.5596918491919
 21
221.5089861535761
 31
0.0
  0
LINE
  5
3DD
330
70
100
AcDbEntity
  8
0
 62
     7
370
    25
100
AcDbLine
 10
376.478025143592
 20
221.7332580748759
 30
0.0
 11
376.5596918491919
 21
221.5900222016761
 31
0.0
  0
LINE
  5
3DE
330
70
100
AcDbEntity
  8
0
 62
     7
370
    25
100
AcDbLine
 10
377.1721918491916
 20
222.9149541012761
 30
0.0
 11
377.0905252603919
 21
223.0581899619756
 31
0.0
  0
LINE
  5
3DF
330
70
100
AcDbEntity
  8
0
 62
     7
370
    25
100
AcDbLine
 10
357.3426085109917
 20
221.7690670400764
 30
0.0
 11
357.2609418491917
 21
221.9839208561764
 31
0.0
  0
LINE
  5
3E0
330
70
100
AcDbEntity
  8
0
 62
     7
370
    25
100
AcDbLine
 10
357.6692752019919
 20
222.7981090879762
 30
0.0
 11
357.750941849192
 21
222.5832551966762
 31
0.0
  0
LINE
  5
3E1
330
70
100
AcDbEntity
  8
0
 62
     7
370
    25
100
AcDbLine
 10
357.6692752019919
 20
222.8791451360762
 30
0.0
 11
357.750941849192
 21
222.6642912446761
 31
0.0
  0
LINE
  5
3E2
330
70
100
AcDbEntity
  8
0
 62
     7
370
    25
100
AcDbLine
 10
359.2005252603916
 20
221.8048760302757
 30
0.0
 11
359.1596918491919
 21
221.912302925876
 31
0.0
  0
LINE
  5
3E3
330
70
100
AcDbEntity
  8
0
 62
     7
370
    25
100
AcDbLine
 10
359.6496918491916
 20
222.7623001227763
 30
0.0
 11
359.6905252603919
 21
222.6548731269759
 31
0.0
  0
LINE
  5
3E4
330
70
100
AcDbEntity
  8
0
 62
     7
370
    25
100
AcDbLine
 10
359.6496918491916
 20
222.8433361708763
 30
0.0
 11
359.6905252603919
 21
222.7359091750759
 31
0.0
  0
LINE
  5
3E5
330
70
100
AcDbEntity
  8
0
 62
     7
370
    25
100
AcDbLine
 10
357.1792751837917
 20
221.7954579125761
 30
0.0
 11
357.2201085182917
 21
221.6522220267759
 31
0.0
  0
LINE
  5
3E6
330
70
100
AcDbEntity
  8
0
 62
     7
370
    25
100
AcDbLine
 10
357.1792751837917
 20
221.8764939606761
 30
0.0
 11
357.2201085182917
 21
221.7332580748759
 31
0.0
  0
LINE
  5
3E7
330
70
100
AcDbEntity
  8
0
 62
     7
370
    25
100
AcDbLine
 10
357.8326084963915
 20
222.7717182405759
 30
0.0
 11
357.7917752019919
 21
222.9149541012761
 31
0.0
  0
LINE
  5
3E8
330
70
100
AcDbEntity
  8
0
 62
     7
370
    25
100
AcDbLine
 10
359.0371918491919
 20
221.7954579125761
 30
0.0
 11
359.078025143592
 21
221.6522220267759
 31
0.0
  0
LINE
  5
3E9
330
70
100
AcDbEntity
  8
0
 62
     7
370
    25
100
AcDbLine
 10
359.0371918491919
 20
221.8764939606761
 30
0.0
 11
359.078025143592
 21
221.7332580748759
 31
0.0
  0
LINE
  5
3EA
330
70
100
AcDbEntity
  8
0
 62
     7
370
    25
100
AcDbLine
 10
375.0176418876918
 20
256.1186004470762
 30
0.0
 11
375.9368807031918
 21
255.0579402752763
 31
0.0
  0
LINE
  5
3EB
330
70
100
AcDbEntity
  8
0
 62
     7
370
    25
100
AcDbLine
 10
378.6592418107916
 20
252.4770005239758
 30
0.0
 11
377.7400029951916
 21
253.5376606957758
 31
0.0
  0
LINE
  5
3EC
330
70
100
AcDbEntity
  8
0
 62
     7
370
    25
100
AcDbLine
 10
374.7426085109917
 20
221.7690670400764
 30
0.0
 11
374.6609418491916
 21
221.9839208561764
 31
0.0
  0
LINE
  5
3ED
330
70
100
AcDbEntity
  8
0
 62
     7
370
    25
100
AcDbLine
 10
375.0692752019919
 20
222.7981090879762
 30
0.0
 11
375.150941849192
 21
222.5832551966762
 31
0.0
  0
LINE
  5
3EE
330
70
100
AcDbEntity
  8
0
 62
     7
370
    25
100
AcDbLine
 10
375.0692752019919
 20
222.8791451360762
 30
0.0
 11
375.150941849192
 21
222.6642912446761
 31
0.0
  0
LINE
  5
3EF
330
70
100
AcDbEntity
  8
0
 62
     7
370
    25
100
AcDbLine
 10
376.6005252603916
 20
221.8048760302757
 30
0.0
 11
376.5596918491919
 21
221.912302925876
 31
0.0
  0
LINE
  5
3F0
330
70
100
AcDbEntity
  8
0
 62
     7
370
    25
100
AcDbLine
 10
377.0496918491915
 20
222.7623001227763
 30
0.0
 11
377.0905252603919
 21
222.6548731269759
 31
0.0
  0
LINE
  5
3F1
330
70
100
AcDbEntity
  8
0
 62
     7
370
    25
100
AcDbLine
 10
377.0496918491915
 20
222.8433361708763
 30
0.0
 11
377.0905252603919
 21
222.7359091750759
 31
0.0
  0
LINE
  5
3F2
330
70
100
AcDbEntity
  8
0
 62
     7
370
    25
100
AcDbLine
 10
359.813025260392
 20
222.7717182405759
 30
0.0
 11
359.7721918491917
 21
222.9149541012761
 31
0.0
  0
LINE
  5
3F3
330
70
100
AcDbEntity
  8
0
 62
     7
370
    25
100
AcDbLine
 10
374.5792751837917
 20
221.7954579125761
 30
0.0
 11
374.6201085182917
 21
221.6522220267759
 31
0.0
  0
LINE
  5
3F4
330
70
100
AcDbEntity
  8
0
 62
     7
370
    25
100
AcDbLine
 10
374.5792751837917
 20
221.8764939606761
 30
0.0
 11
374.6201085182917
 21
221.7332580748759
 31
0.0
  0
LINE
  5
3F5
330
70
100
AcDbEntity
  8
0
 62
     7
370
    25
100
AcDbLine
 10
375.2326084963915
 20
222.7717182405759
 30
0.0
 11
375.1917752019919
 21
222.9149541012761
 31
0.0
  0
LINE
  5
3F6
330
70
100
AcDbEntity
  8
0
 62
     7
370
    25
100
AcDbLine
 10
376.4371918491918
 20
221.7954579125761
 30
0.0
 11
376.478025143592
 21
221.6522220267759
 31
0.0
  0
LINE
  5
3F7
330
70
100
AcDbEntity
  8
0
 62
     7
370
    25
100
AcDbLine
 10
376.4371918491918
 20
221.8764939606761
 30
0.0
 11
376.478025143592
 21
221.7332580748759
 31
0.0
  0
LINE
  5
3F8
330
70
100
AcDbEntity
  8
0
 62
     7
370
    25
100
AcDbLine
 10
377.213025260392
 20
222.7717182405759
 30
0.0
 11
377.1721918491916
 21
222.9149541012761
 31
0.0
  0
SPLINE
  5
3F9
330
70
100
AcDbEntity
  8
0
 62
     3
370
    25
100
AcDbSpline
210
0.0
220
0.0
230
1.0
 70
     8
 71
     3
 72
     8
 73
     4
 74
     0
 42
0.0000000001
 43
0.0000000001
 40
0.0
 40
0.0
 40
0.0
 40
0.0
 40
1.0
 40
1.0
 40
1.0
 40
1.0
 10
383.1147872333027
 20
214.0603085912425
 30
0.0
 10
383.1552722605522
 20
213.7819944465882
 30
0.0
 10
383.19649060897
 20
213.5037874680266
 30
0.0
 10
383.2384418492359
 20
213.2256905532897
 30
0.0
  0
SPLINE
  5
3FA
330
70
100
AcDbEntity
  8
0
 62
     7
370
    25
100
AcDbSpline
210
0.0
220
0.0
230
1.0
 70
     8
 71
     3
 72
     8
 73
     4
 74
     0
 42
0.0000000001
 43
0.0000000001
 40
0.0
 40
0.0
 40
0.0
 40
0.0
 40
1.0
 40
1.0
 40
1.0
 40
1.0
 10
339.7379694988345
 20
223.9219204029845
 30
0.0
 10
339.5039736930599
 20
223.8937735116067
 30
0.0
 10
339.270058290751
 20
223.8649621743524
 30
0.0
 10
339.0362261215163
 20
223.8354867397448
 30
0.0
  0
SPLINE
  5
3FB
330
70
100
AcDbEntity
  8
0
 62
     7
370
    25
100
AcDbSpline
210
0.0
220
0.0
230
1.0
 70
     8
 71
     3
 72
     8
 73
     4
 74
     0
 42
0.0000000001
 43
0.0000000001
 40
0.0
 40
0.0
 40
0.0
 40
0.0
 40
1.0
 40
1.0
 40
1.0
 40
1.0
 10
368.138441849192
 20
177.5978404855759
 30
0.0
 10
368.138441849192
 20
177.4873835356097
 30
0.0
 10
368.2279848992258
 20
177.3978404855759
 30
0.0
 10
368.338441849192
 20
177.3978404855759
 30
0.0
  0
SPLINE
  5
3FC
330
70
100
AcDbEntity
  8
0
 62
     7
370
    25
100
AcDbSpline
210
0.0
220
0.0
230
1.0
 70
     8
 71
     3
 72
     8
 73
     4
 74
     0
 42
0.0000000001
 43
0.0000000001
 40
0.0
 40
0.0
 40
0.0
 40
0.0
 40
1.0
 40
1.0
 40
1.0
 40
1.0
 10
350.7384418491914
 20
177.5978404855759
 30
0.0
 10
350.7384418491914
 20
177.4873835356097
 30
0.0
 10
350.8279848992259
 20
177.3978404855759
 30
0.0
 10
350.938441849192
 20
177.3978404855759
 30
0.0
  0
SPLINE
  5
3FD
330
70
100
AcDbEntity
  8
0
 62
     7
370
    25
100
AcDbSpline
210
0.0
220
0.0
230
1.0
 70
     8
 71
     3
 72
    11
 73
     7
 74
     0
 42
0.0000000001
 43
0.0000000001
 40
0.0
 40
0.0
 40
0.0
 40
0.0
 40
1.0
 40
1.0
 40
1.0
 40
2.0
 40
2.0
 40
2.0
 40
2.0
 10
377.8341106931917
 20
184.747840485576
 30
0.0
 10
377.7236537432255
 20
184.747840485576
 30
0.0
 10
377.6341106931917
 20
184.6582974355422
 30
0.0
 10
377.6341106931917
 20
184.547840485576
 30
0.0
 10
377.6341106931917
 20
184.4942663522297
 30
0.0
 10
377.6556047011755
 20
184.4429319607639
 30
0.0
 10
377.6937762711849
 20
184.4053404855765
 30
0.0
  0
SPLINE
  5
3FE
330
70
100
AcDbEntity
  8
0
 62
     7
370
    25
100
AcDbSpline
210
0.0
220
0.0
230
1.0
 70
     8
 71
     3
 72
    11
 73
     7
 74
     0
 42
0.0000000001
 43
0.0000000001
 40
0.0
 40
0.0
 40
0.0
 40
0.0
 40
1.0
 40
1.0
 40
1.0
 40
2.0
 40
2.0
 40
2.0
 40
2.0
 10
375.9834418491918
 20
184.4050119170051
 30
0.0
 10
376.0623238894535
 20
184.4823317819818
 30
0.0
 10
376.0635902827389
 20
184.6089584453141
 30
0.0
 10
375.9862704177629
 20
184.6878404855758
 30
0.0
 10
375.948654703566
 20
184.7262161899653
 30
0.0
 10
375.8971785837584
 20
184.747840485576
 30
0.0
 10
375.843441849192
 20
184.747840485576
 30
0.0
  0
SPLINE
  5
3FF
330
70
100
AcDbEntity
  8
0
 62
     7
370
    25
100
AcDbSpline
210
0.0
220
0.0
230
1.0
 70
     8
 71
     3
 72
    11
 73
     7
 74
     0
 42
0.0000000001
 43
0.0000000001
 40
0.0
 40
0.0
 40
0.0
 40
0.0
 40
1.0
 40
1.0
 40
1.0
 40
2.0
 40
2.0
 40
2.0
 40
2.0
 10
360.4341106931917
 20
184.747840485576
 30
0.0
 10
360.3236537432255
 20
184.747840485576
 30
0.0
 10
360.2341106931917
 20
184.6582974355422
 30
0.0
 10
360.2341106931917
 20
184.547840485576
 30
0.0
 10
360.2341106931917
 20
184.4942663522297
 30
0.0
 10
360.2556047011755
 20
184.4429319607639
 30
0.0
 10
360.293776271185
 20
184.4053404855765
 30
0.0
  0
SPLINE
  5
400
330
70
100
AcDbEntity
  8
0
 62
     7
370
    25
100
AcDbSpline
210
0.0
220
0.0
230
1.0
 70
     8
 71
     3
 72
    11
 73
     7
 74
     0
 42
0.0000000001
 43
0.0000000001
 40
0.0
 40
0.0
 40
0.0
 40
0.0
 40
1.0
 40
1.0
 40
1.0
 40
2.0
 40
2.0
 40
2.0
 40
2.0
 10
358.5834418491918
 20
184.4050119170051
 30
0.0
 10
358.6623238894536
 20
184.4823317819818
 30
0.0
 10
358.6635902827389
 20
184.6089584453141
 30
0.0
 10
358.5862704177629
 20
184.6878404855758
 30
0.0
 10
358.548654703566
 20
184.7262161899653
 30
0.0
 10
358.4971785837578
 20
184.747840485576
 30
0.0
 10
358.443441849192
 20
184.747840485576
 30
0.0
  0
SPLINE
  5
401
330
70
100
AcDbEntity
  8
0
 62
     7
370
    25
100
AcDbSpline
210
0.0
220
0.0
230
1.0
 70
     8
 71
     3
 72
    11
 73
     7
 74
     0
 42
0.0000000001
 43
0.0000000001
 40
0.0
 40
0.0
 40
0.0
 40
0.0
 40
1.0
 40
1.0
 40
1.0
 40
2.0
 40
2.0
 40
2.0
 40
2.0
 10
343.0341106931917
 20
184.747840485576
 30
0.0
 10
342.9236537432255
 20
184.747840485576
 30
0.0
 10
342.8341106931918
 20
184.6582974355422
 30
0.0
 10
342.8341106931918
 20
184.547840485576
 30
0.0
 10
342.8341106931918
 20
184.4942663522297
 30
0.0
 10
342.8556047011755
 20
184.4429319607639
 30
0.0
 10
342.893776271185
 20
184.4053404855765
 30
0.0
  0
SPLINE
  5
402
330
70
100
AcDbEntity
  8
0
 62
     7
370
    25
100
AcDbSpline
210
0.0
220
0.0
230
1.0
 70
     8
 71
     3
 72
    11
 73
     7
 74
     0
 42
0.0000000001
 43
0.0000000001
 40
0.0
 40
0.0
 40
0.0
 40
0.0
 40
1.0
 40
1.0
 40
1.0
 40
2.0
 40
2.0
 40
2.0
 40
2.0
 10
341.1834418491919
 20
184.4050119170051
 30
0.0
 10
341.2623238894536
 20
184.4823317819818
 30
0.0
 10
341.2635902827389
 20
184.6089584453141
 30
0.0
 10
341.1862704177629
 20
184.6878404855758
 30
0.0
 10
341.148654703566
 20
184.7262161899653
 30
0.0
 10
341.0971785837578
 20
184.747840485576
 30
0.0
 10
341.0434418491913
 20
184.747840485576
 30
0.0
  0
SPLINE
  5
403
330
70
100
AcDbEntity
  8
0
 62
     7
370
    25
100
AcDbSpline
210
0.0
220
0.0
230
1.0
 70
     8
 71
     3
 72
     8
 73
     4
 74
     0
 42
0.0000000001
 43
0.0000000001
 40
0.0
 40
0.0
 40
0.0
 40
0.0
 40
1.0
 40
1.0
 40
1.0
 40
1.0
 10
333.3384418491915
 20
177.5978404855759
 30
0.0
 10
333.3384418491915
 20
177.4873835356097
 30
0.0
 10
333.4279848992259
 20
177.3978404855759
 30
0.0
 10
333.5384418491914
 20
177.3978404855759
 30
0.0
  0
SPLINE
  5
404
330
70
100
AcDbEntity
  8
0
 62
     7
370
    25
100
AcDbSpline
210
0.0
220
0.0
230
1.0
 70
     8
 71
     3
 72
     8
 73
     4
 74
     0
 42
0.0000000001
 43
0.0000000001
 40
0.0
 40
0.0
 40
0.0
 40
0.0
 40
1.0
 40
1.0
 40
1.0
 40
1.0
 10
376.3234418491923
 20
182.8748660505088
 30
0.0
 10
376.6632714163034
 20
182.8054986305984
 30
0.0
 10
377.0136122820806
 20
182.8054986305984
 30
0.0
 10
377.3534418491911
 20
182.8748660505088
 30
0.0
  0
SPLINE
  5
405
330
70
100
AcDbEntity
  8
0
 62
     7
370
    25
100
AcDbSpline
210
0.0
220
0.0
230
1.0
 70
     8
 71
     3
 72
     8
 73
     4
 74
     0
 42
0.0000000001
 43
0.0000000001
 40
0.0
 40
0.0
 40
0.0
 40
0.0
 40
1.0
 40
1.0
 40
1.0
 40
1.0
 10
377.3534418491911
 20
187.920814920643
 30
0.0
 10
377.0136122820806
 20
187.9901823405533
 30
0.0
 10
376.6632714163034
 20
187.9901823405533
 30
0.0
 10
376.3234418491923
 20
187.920814920643
 30
0.0
  0
SPLINE
  5
406
330
70
100
AcDbEntity
  8
0
 62
     7
370
    25
100
AcDbSpline
210
0.0
220
0.0
230
1.0
 70
     8
 71
     3
 72
     8
 73
     4
 74
     0
 42
0.0000000001
 43
0.0000000001
 40
0.0
 40
0.0
 40
0.0
 40
0.0
 40
1.0
 40
1.0
 40
1.0
 40
1.0
 10
374.8213007132562
 20
186.0478404855731
 30
0.0
 10
374.6851122129036
 20
185.6252075220268
 30
0.0
 10
374.6851122129036
 20
185.1704734491249
 30
0.0
 10
374.8213007132562
 20
184.7478404855792
 30
0.0
  0
SPLINE
  5
407
330
70
100
AcDbEntity
  8
0
 62
     7
370
    25
100
AcDbSpline
210
0.0
220
0.0
230
1.0
 70
     8
 71
     3
 72
     8
 73
     4
 74
     0
 42
0.0000000001
 43
0.0000000001
 40
0.0
 40
0.0
 40
0.0
 40
0.0
 40
1.0
 40
1.0
 40
1.0
 40
1.0
 10
378.0584418491915
 20
185.3978404855762
 30
0.0
 10
378.0584418491915
 20
185.6278575098672
 30
0.0
 10
377.9934162344849
 20
185.8531887048326
 30
0.0
 10
377.8708661805596
 20
186.0478404855757
 30
0.0
  0
SPLINE
  5
408
330
70
100
AcDbEntity
  8
0
 62
     7
370
    25
100
AcDbSpline
210
0.0
220
0.0
230
1.0
 70
     8
 71
     3
 72
     8
 73
     4
 74
     0
 42
0.0000000001
 43
0.0000000001
 40
0.0
 40
0.0
 40
0.0
 40
0.0
 40
1.0
 40
1.0
 40
1.0
 40
1.0
 10
375.8060175178238
 20
186.0478404855757
 30
0.0
 10
375.5559166263142
 20
185.6505939537435
 30
0.0
 10
375.5559166263142
 20
185.1450870174089
 30
0.0
 10
375.8060175178238
 20
184.747840485576
 30
0.0
  0
SPLINE
  5
409
330
70
100
AcDbEntity
  8
0
 62
     7
370
    25
100
AcDbSpline
210
0.0
220
0.0
230
1.0
 70
     8
 71
     3
 72
    11
 73
     7
 74
     0
 42
0.0000000001
 43
0.0000000001
 40
0.0
 40
0.0
 40
0.0
 40
0.0
 40
1.0
 40
1.0
 40
1.0
 40
2.0
 40
2.0
 40
2.0
 40
2.0
 10
377.6900508502206
 20
186.3939157430761
 30
0.0
 10
377.6093757131758
 20
186.3184686751501
 30
0.0
 10
377.6051375257654
 20
186.1919066216501
 30
0.0
 10
377.6805845936914
 20
186.1112314846052
 30
0.0
 10
377.7184028506582
 20
186.0707926292925
 30
0.0
 10
377.7712926986649
 20
186.0478404855757
 30
0.0
 10
377.8266598511919
 20
186.0478404855757
 30
0.0
  0
SPLINE
  5
40A
330
70
100
AcDbEntity
  8
0
 62
     7
370
    25
100
AcDbSpline
210
0.0
220
0.0
230
1.0
 70
     8
 71
     3
 72
    11
 73
     7
 74
     0
 42
0.0000000001
 43
0.0000000001
 40
0.0
 40
0.0
 40
0.0
 40
0.0
 40
1.0
 40
1.0
 40
1.0
 40
2.0
 40
2.0
 40
2.0
 40
2.0
 10
375.843441849192
 20
186.0478404855757
 30
0.0
 10
375.9538987991581
 20
186.0478404855757
 30
0.0
 10
376.043441849192
 20
186.1373835356095
 30
0.0
 10
376.043441849192
 20
186.2478404855764
 30
0.0
 10
376.043441849192
 20
186.3015772201422
 30
0.0
 10
376.0218175535806
 20
186.3530533399504
 30
0.0
 10
375.9834418491918
 20
186.3906690541472
 30
0.0
  0
SPLINE
  5
40B
330
70
100
AcDbEntity
  8
0
 62
     7
370
    25
100
AcDbSpline
210
0.0
220
0.0
230
1.0
 70
     8
 71
     3
 72
     8
 73
     4
 74
     0
 42
0.0000000001
 43
0.0000000001
 40
0.0
 40
0.0
 40
0.0
 40
0.0
 40
1.0
 40
1.0
 40
1.0
 40
1.0
 10
358.9234418491923
 20
182.8748660505088
 30
0.0
 10
359.2632714163034
 20
182.8054986305984
 30
0.0
 10
359.6136122820806
 20
182.8054986305984
 30
0.0
 10
359.9534418491911
 20
182.8748660505088
 30
0.0
  0
SPLINE
  5
40C
330
70
100
AcDbEntity
  8
0
 62
     7
370
    25
100
AcDbSpline
210
0.0
220
0.0
230
1.0
 70
     8
 71
     3
 72
     8
 73
     4
 74
     0
 42
0.0000000001
 43
0.0000000001
 40
0.0
 40
0.0
 40
0.0
 40
0.0
 40
1.0
 40
1.0
 40
1.0
 40
1.0
 10
359.9534418491911
 20
187.920814920643
 30
0.0
 10
359.6136122820806
 20
187.9901823405533
 30
0.0
 10
359.2632714163034
 20
187.9901823405533
 30
0.0
 10
358.9234418491923
 20
187.920814920643
 30
0.0
  0
SPLINE
  5
40D
330
70
100
AcDbEntity
  8
0
 62
     7
370
    25
100
AcDbSpline
210
0.0
220
0.0
230
1.0
 70
     8
 71
     3
 72
     8
 73
     4
 74
     0
 42
0.0000000001
 43
0.0000000001
 40
0.0
 40
0.0
 40
0.0
 40
0.0
 40
1.0
 40
1.0
 40
1.0
 40
1.0
 10
341.5234418491923
 20
182.8748660505088
 30
0.0
 10
341.8632714163028
 20
182.8054986305984
 30
0.0
 10
342.2136122820806
 20
182.8054986305984
 30
0.0
 10
342.5534418491911
 20
182.8748660505088
 30
0.0
  0
SPLINE
  5
40E
330
70
100
AcDbEntity
  8
0
 62
     7
370
    25
100
AcDbSpline
210
0.0
220
0.0
230
1.0
 70
     8
 71
     3
 72
     8
 73
     4
 74
     0
 42
0.0000000001
 43
0.0000000001
 40
0.0
 40
0.0
 40
0.0
 40
0.0
 40
1.0
 40
1.0
 40
1.0
 40
1.0
 10
342.5534418491911
 20
187.920814920643
 30
0.0
 10
342.2136122820806
 20
187.9901823405533
 30
0.0
 10
341.8632714163028
 20
187.9901823405533
 30
0.0
 10
341.5234418491923
 20
187.920814920643
 30
0.0
  0
SPLINE
  5
40F
330
70
100
AcDbEntity
  8
0
 62
     7
370
    25
100
AcDbSpline
210
0.0
220
0.0
230
1.0
 70
     8
 71
     3
 72
     8
 73
     4
 74
     0
 42
0.0000000001
 43
0.0000000001
 40
0.0
 40
0.0
 40
0.0
 40
0.0
 40
1.0
 40
1.0
 40
1.0
 40
1.0
 10
357.4213007132563
 20
186.0478404855731
 30
0.0
 10
357.2851122129036
 20
185.6252075220268
 30
0.0
 10
357.2851122129036
 20
185.1704734491249
 30
0.0
 10
357.4213007132563
 20
184.7478404855792
 30
0.0
  0
SPLINE
  5
410
330
70
100
AcDbEntity
  8
0
 62
     7
370
    25
100
AcDbSpline
210
0.0
220
0.0
230
1.0
 70
     8
 71
     3
 72
     8
 73
     4
 74
     0
 42
0.0000000001
 43
0.0000000001
 40
0.0
 40
0.0
 40
0.0
 40
0.0
 40
1.0
 40
1.0
 40
1.0
 40
1.0
 10
340.0213007132563
 20
186.0478404855731
 30
0.0
 10
339.8851122129036
 20
185.6252075220268
 30
0.0
 10
339.8851122129036
 20
185.1704734491249
 30
0.0
 10
340.0213007132563
 20
184.7478404855792
 30
0.0
  0
SPLINE
  5
411
330
70
100
AcDbEntity
  8
0
 62
     7
370
    25
100
AcDbSpline
210
0.0
220
0.0
230
1.0
 70
     8
 71
     3
 72
     8
 73
     4
 74
     0
 42
0.0000000001
 43
0.0000000001
 40
0.0
 40
0.0
 40
0.0
 40
0.0
 40
1.0
 40
1.0
 40
1.0
 40
1.0
 10
360.6584418491915
 20
185.3978404855762
 30
0.0
 10
360.6584418491915
 20
185.6278575098672
 30
0.0
 10
360.5934162344849
 20
185.8531887048326
 30
0.0
 10
360.4708661805596
 20
186.0478404855757
 30
0.0
  0
SPLINE
  5
412
330
70
100
AcDbEntity
  8
0
 62
     7
370
    25
100
AcDbSpline
210
0.0
220
0.0
230
1.0
 70
     8
 71
     3
 72
     8
 73
     4
 74
     0
 42
0.0000000001
 43
0.0000000001
 40
0.0
 40
0.0
 40
0.0
 40
0.0
 40
1.0
 40
1.0
 40
1.0
 40
1.0
 10
358.4060175178238
 20
186.0478404855757
 30
0.0
 10
358.1559166263142
 20
185.6505939537435
 30
0.0
 10
358.1559166263142
 20
185.1450870174089
 30
0.0
 10
358.4060175178238
 20
184.747840485576
 30
0.0
  0
SPLINE
  5
413
330
70
100
AcDbEntity
  8
0
 62
     7
370
    25
100
AcDbSpline
210
0.0
220
0.0
230
1.0
 70
     8
 71
     3
 72
     8
 73
     4
 74
     0
 42
0.0000000001
 43
0.0000000001
 40
0.0
 40
0.0
 40
0.0
 40
0.0
 40
1.0
 40
1.0
 40
1.0
 40
1.0
 10
343.2584418491915
 20
185.3978404855762
 30
0.0
 10
343.2584418491915
 20
185.6278575098672
 30
0.0
 10
343.193416234485
 20
185.8531887048326
 30
0.0
 10
343.0708661805596
 20
186.0478404855757
 30
0.0
  0
SPLINE
  5
414
330
70
100
AcDbEntity
  8
0
 62
     7
370
    25
100
AcDbSpline
210
0.0
220
0.0
230
1.0
 70
     8
 71
     3
 72
     8
 73
     4
 74
     0
 42
0.0000000001
 43
0.0000000001
 40
0.0
 40
0.0
 40
0.0
 40
0.0
 40
1.0
 40
1.0
 40
1.0
 40
1.0
 10
341.0060175178238
 20
186.0478404855757
 30
0.0
 10
340.7559166263142
 20
185.6505939537435
 30
0.0
 10
340.7559166263142
 20
185.1450870174089
 30
0.0
 10
341.0060175178238
 20
184.747840485576
 30
0.0
  0
SPLINE
  5
415
330
70
100
AcDbEntity
  8
0
 62
     7
370
    25
100
AcDbSpline
210
0.0
220
0.0
230
1.0
 70
     8
 71
     3
 72
    11
 73
     7
 74
     0
 42
0.0000000001
 43
0.0000000001
 40
0.0
 40
0.0
 40
0.0
 40
0.0
 40
1.0
 40
1.0
 40
1.0
 40
2.0
 40
2.0
 40
2.0
 40
2.0
 10
360.2900508502206
 20
186.3939157430761
 30
0.0
 10
360.2093757131758
 20
186.3184686751501
 30
0.0
 10
360.2051375257655
 20
186.1919066216501
 30
0.0
 10
360.2805845936915
 20
186.1112314846052
 30
0.0
 10
360.3184028506583
 20
186.0707926292925
 30
0.0
 10
360.3712926986649
 20
186.0478404855757
 30
0.0
 10
360.4266598511919
 20
186.0478404855757
 30
0.0
  0
SPLINE
  5
416
330
70
100
AcDbEntity
  8
0
 62
     7
370
    25
100
AcDbSpline
210
0.0
220
0.0
230
1.0
 70
     8
 71
     3
 72
    11
 73
     7
 74
     0
 42
0.0000000001
 43
0.0000000001
 40
0.0
 40
0.0
 40
0.0
 40
0.0
 40
1.0
 40
1.0
 40
1.0
 40
2.0
 40
2.0
 40
2.0
 40
2.0
 10
358.443441849192
 20
186.0478404855757
 30
0.0
 10
358.5538987991582
 20
186.0478404855757
 30
0.0
 10
358.643441849192
 20
186.1373835356095
 30
0.0
 10
358.643441849192
 20
186.2478404855764
 30
0.0
 10
358.643441849192
 20
186.3015772201422
 30
0.0
 10
358.6218175535807
 20
186.3530533399504
 30
0.0
 10
358.5834418491918
 20
186.3906690541472
 30
0.0
  0
SPLINE
  5
417
330
70
100
AcDbEntity
  8
0
 62
     7
370
    25
100
AcDbSpline
210
0.0
220
0.0
230
1.0
 70
     8
 71
     3
 72
    11
 73
     7
 74
     0
 42
0.0000000001
 43
0.0000000001
 40
0.0
 40
0.0
 40
0.0
 40
0.0
 40
1.0
 40
1.0
 40
1.0
 40
2.0
 40
2.0
 40
2.0
 40
2.0
 10
342.8900508502207
 20
186.3939157430761
 30
0.0
 10
342.8093757131758
 20
186.3184686751501
 30
0.0
 10
342.8051375257655
 20
186.1919066216501
 30
0.0
 10
342.8805845936915
 20
186.1112314846052
 30
0.0
 10
342.9184028506583
 20
186.0707926292925
 30
0.0
 10
342.9712926986649
 20
186.0478404855757
 30
0.0
 10
343.0266598511919
 20
186.0478404855757
 30
0.0
  0
SPLINE
  5
418
330
70
100
AcDbEntity
  8
0
 62
     7
370
    25
100
AcDbSpline
210
0.0
220
0.0
230
1.0
 70
     8
 71
     3
 72
    11
 73
     7
 74
     0
 42
0.0000000001
 43
0.0000000001
 40
0.0
 40
0.0
 40
0.0
 40
0.0
 40
1.0
 40
1.0
 40
1.0
 40
2.0
 40
2.0
 40
2.0
 40
2.0
 10
341.0434418491913
 20
186.0478404855757
 30
0.0
 10
341.1538987991576
 20
186.0478404855757
 30
0.0
 10
341.243441849192
 20
186.1373835356095
 30
0.0
 10
341.243441849192
 20
186.2478404855764
 30
0.0
 10
341.243441849192
 20
186.3015772201422
 30
0.0
 10
341.2218175535807
 20
186.3530533399504
 30
0.0
 10
341.1834418491919
 20
186.3906690541472
 30
0.0
  0
SPLINE
  5
419
330
70
100
AcDbEntity
  8
0
 62
     7
370
    25
100
AcDbSpline
210
0.0
220
0.0
230
1.0
 70
     8
 71
     3
 72
     8
 73
     4
 74
     0
 42
0.0000000001
 43
0.0000000001
 40
0.0
 40
0.0
 40
0.0
 40
0.0
 40
1.0
 40
1.0
 40
1.0
 40
1.0
 10
368.138441849192
 20
197.597840485576
 30
0.0
 10
368.138441849192
 20
197.4873835356098
 30
0.0
 10
368.2279848992258
 20
197.397840485576
 30
0.0
 10
368.338441849192
 20
197.397840485576
 30
0.0
  0
SPLINE
  5
41A
330
70
100
AcDbEntity
  8
0
 62
     7
370
    25
100
AcDbSpline
210
0.0
220
0.0
230
1.0
 70
     8
 71
     3
 72
     8
 73
     4
 74
     0
 42
0.0000000001
 43
0.0000000001
 40
0.0
 40
0.0
 40
0.0
 40
0.0
 40
1.0
 40
1.0
 40
1.0
 40
1.0
 10
350.7384418491914
 20
197.597840485576
 30
0.0
 10
350.7384418491914
 20
197.4873835356098
 30
0.0
 10
350.8279848992259
 20
197.397840485576
 30
0.0
 10
350.938441849192
 20
197.397840485576
 30
0.0
  0
SPLINE
  5
41B
330
70
100
AcDbEntity
  8
0
 62
     7
370
    25
100
AcDbSpline
210
0.0
220
0.0
230
1.0
 70
     8
 71
     3
 72
     8
 73
     4
 74
     0
 42
0.0000000001
 43
0.0000000001
 40
0.0
 40
0.0
 40
0.0
 40
0.0
 40
1.0
 40
1.0
 40
1.0
 40
1.0
 10
333.3384418491915
 20
197.597840485576
 30
0.0
 10
333.3384418491915
 20
197.4873835356098
 30
0.0
 10
333.4279848992259
 20
197.397840485576
 30
0.0
 10
333.5384418491914
 20
197.397840485576
 30
0.0
  0
SPLINE
  5
41C
330
70
100
AcDbEntity
  8
0
 62
     3
370
    25
100
AcDbSpline
210
0.0
220
0.0
230
1.0
 70
     8
 71
     3
 72
     8
 73
     4
 74
     0
 42
0.0000000001
 43
0.0000000001
 40
0.0
 40
0.0
 40
0.0
 40
0.0
 40
1.0
 40
1.0
 40
1.0
 40
1.0
 10
383.2384418492474
 20
211.0098911087056
 30
0.0
 10
383.2410730206803
 20
211.0167548945679
 30
0.0
 10
383.2436786487575
 20
211.0236284450118
 30
0.0
 10
383.246258679388
 20
211.030511617349
 30
0.0
  0
SPLINE
  5
41D
330
70
100
AcDbEntity
  8
0
 62
     7
370
    25
100
AcDbSpline
210
0.0
220
0.0
230
1.0
 70
     8
 71
     3
 72
     8
 73
     4
 74
     0
 42
0.0000000001
 43
0.0000000001
 40
0.0
 40
0.0
 40
0.0
 40
0.0
 40
1.0
 40
1.0
 40
1.0
 40
1.0
 10
368.138441849192
 20
204.5978404855756
 30
0.0
 10
368.138441849192
 20
204.4873835356101
 30
0.0
 10
368.2279848992258
 20
204.3978404855762
 30
0.0
 10
368.338441849192
 20
204.3978404855762
 30
0.0
  0
SPLINE
  5
41E
330
70
100
AcDbEntity
  8
0
 62
     7
370
    25
100
AcDbSpline
210
0.0
220
0.0
230
1.0
 70
     8
 71
     3
 72
     8
 73
     4
 74
     0
 42
0.0000000001
 43
0.0000000001
 40
0.0
 40
0.0
 40
0.0
 40
0.0
 40
1.0
 40
1.0
 40
1.0
 40
1.0
 10
350.7384418491914
 20
204.5978404855756
 30
0.0
 10
350.7384418491914
 20
204.4873835356101
 30
0.0
 10
350.8279848992259
 20
204.3978404855762
 30
0.0
 10
350.938441849192
 20
204.3978404855762
 30
0.0
  0
SPLINE
  5
41F
330
70
100
AcDbEntity
  8
0
 62
     7
370
    25
100
AcDbSpline
210
0.0
220
0.0
230
1.0
 70
     8
 71
     3
 72
     8
 73
     4
 74
     0
 42
0.0000000001
 43
0.0000000001
 40
0.0
 40
0.0
 40
0.0
 40
0.0
 40
1.0
 40
1.0
 40
1.0
 40
1.0
 10
333.3384418491915
 20
204.5978404855756
 30
0.0
 10
333.3384418491915
 20
204.4873835356101
 30
0.0
 10
333.4279848992259
 20
204.3978404855762
 30
0.0
 10
333.5384418491914
 20
204.3978404855762
 30
0.0
  0
SPLINE
  5
420
330
70
100
AcDbEntity
  8
0
 62
     7
370
    25
100
AcDbSpline
210
0.0
220
0.0
230
1.0
 70
     8
 71
     3
 72
     8
 73
     4
 74
     0
 42
0.0000000001
 43
0.0000000001
 40
0.0
 40
0.0
 40
0.0
 40
0.0
 40
1.0
 40
1.0
 40
1.0
 40
1.0
 10
368.338441849192
 20
242.1978404855757
 30
0.0
 10
368.2279848992258
 20
242.1978404855757
 30
0.0
 10
368.138441849192
 20
242.1082974355418
 30
0.0
 10
368.138441849192
 20
241.9978404855763
 30
0.0
  0
SPLINE
  5
421
330
70
100
AcDbEntity
  8
0
 62
     7
370
    25
100
AcDbSpline
210
0.0
220
0.0
230
1.0
 70
     8
 71
     3
 72
     8
 73
     4
 74
     0
 42
0.0000000001
 43
0.0000000001
 40
0.0
 40
0.0
 40
0.0
 40
0.0
 40
1.0
 40
1.0
 40
1.0
 40
1.0
 10
350.938441849192
 20
242.1978404855757
 30
0.0
 10
350.8279848992259
 20
242.1978404855757
 30
0.0
 10
350.7384418491914
 20
242.1082974355418
 30
0.0
 10
350.7384418491914
 20
241.9978404855763
 30
0.0
  0
SPLINE
  5
422
330
70
100
AcDbEntity
  8
0
 62
     7
370
    25
100
AcDbSpline
210
0.0
220
0.0
230
1.0
 70
     8
 71
     3
 72
     8
 73
     4
 74
     0
 42
0.0000000001
 43
0.0000000001
 40
0.0
 40
0.0
 40
0.0
 40
0.0
 40
1.0
 40
1.0
 40
1.0
 40
1.0
 10
333.5384418491914
 20
242.1978404855757
 30
0.0
 10
333.4279848992259
 20
242.1978404855757
 30
0.0
 10
333.3384418491915
 20
242.1082974355418
 30
0.0
 10
333.3384418491915
 20
241.9978404855763
 30
0.0
  0
SPLINE
  5
423
330
70
100
AcDbEntity
  8
0
 62
     7
370
    25
100
AcDbSpline
210
0.0
220
0.0
230
1.0
 70
     8
 71
     3
 72
     8
 73
     4
 74
     0
 42
0.0000000001
 43
0.0000000001
 40
0.0
 40
0.0
 40
0.0
 40
0.0
 40
1.0
 40
1.0
 40
1.0
 40
1.0
 10
377.3534418491911
 20
256.8207749206429
 30
0.0
 10
377.0136122820806
 20
256.8901423405538
 30
0.0
 10
376.6632714163034
 20
256.8901423405538
 30
0.0
 10
376.3234418491923
 20
256.8207749206429
 30
0.0
  0
SPLINE
  5
424
330
70
100
AcDbEntity
  8
0
 62
     7
370
    25
100
AcDbSpline
210
0.0
220
0.0
230
1.0
 70
     8
 71
     3
 72
     8
 73
     4
 74
     0
 42
0.0000000001
 43
0.0000000001
 40
0.0
 40
0.0
 40
0.0
 40
0.0
 40
1.0
 40
1.0
 40
1.0
 40
1.0
 10
376.3234418491923
 20
251.7748260505093
 30
0.0
 10
376.6632714163034
 20
251.7054586305983
 30
0.0
 10
377.0136122820806
 20
251.7054586305983
 30
0.0
 10
377.3534418491911
 20
251.7748260505093
 30
0.0
  0
SPLINE
  5
425
330
70
100
AcDbEntity
  8
0
 62
     7
370
    25
100
AcDbSpline
210
0.0
220
0.0
230
1.0
 70
     8
 71
     3
 72
     8
 73
     4
 74
     0
 42
0.0000000001
 43
0.0000000001
 40
0.0
 40
0.0
 40
0.0
 40
0.0
 40
1.0
 40
1.0
 40
1.0
 40
1.0
 10
378.8555829851271
 20
253.6478004855791
 30
0.0
 10
378.9917714854798
 20
254.0704334491248
 30
0.0
 10
378.9917714854798
 20
254.5251675220273
 30
0.0
 10
378.8555829851271
 20
254.9478004855731
 30
0.0
  0
SPLINE
  5
426
330
70
100
AcDbEntity
  8
0
 62
     7
370
    25
100
AcDbSpline
210
0.0
220
0.0
230
1.0
 70
     8
 71
     3
 72
     8
 73
     4
 74
     0
 42
0.0000000001
 43
0.0000000001
 40
0.0
 40
0.0
 40
0.0
 40
0.0
 40
1.0
 40
1.0
 40
1.0
 40
1.0
 10
375.6184418491919
 20
254.2978004855761
 30
0.0
 10
375.6184418491919
 20
254.0677834612844
 30
0.0
 10
375.6834674638984
 20
253.8424522663196
 30
0.0
 10
375.8060175178238
 20
253.6478004855759
 30
0.0
  0
SPLINE
  5
427
330
70
100
AcDbEntity
  8
0
 62
     7
370
    25
100
AcDbSpline
210
0.0
220
0.0
230
1.0
 70
     8
 71
     3
 72
     8
 73
     4
 74
     0
 42
0.0000000001
 43
0.0000000001
 40
0.0
 40
0.0
 40
0.0
 40
0.0
 40
1.0
 40
1.0
 40
1.0
 40
1.0
 10
377.8708661805596
 20
253.6478004855759
 30
0.0
 10
378.1209670720692
 20
254.0450470174087
 30
0.0
 10
378.1209670720692
 20
254.5505539537434
 30
0.0
 10
377.8708661805596
 20
254.9478004855756
 30
0.0
  0
SPLINE
  5
428
330
70
100
AcDbEntity
  8
0
 62
     7
370
    25
100
AcDbSpline
210
0.0
220
0.0
230
1.0
 70
     8
 71
     3
 72
    11
 73
     7
 74
     0
 42
0.0000000001
 43
0.0000000001
 40
0.0
 40
0.0
 40
0.0
 40
0.0
 40
1.0
 40
1.0
 40
1.0
 40
2.0
 40
2.0
 40
2.0
 40
2.0
 10
375.8427730051916
 20
254.9478004855756
 30
0.0
 10
375.9532299551578
 20
254.9478004855756
 30
0.0
 10
376.0427730051916
 20
255.0373435356094
 30
0.0
 10
376.0427730051916
 20
255.1478004855763
 30
0.0
 10
376.0427730051916
 20
255.201374618922
 30
0.0
 10
376.0212789972079
 20
255.2527090103878
 30
0.0
 10
375.9831074271984
 20
255.2903004855758
 30
0.0
  0
SPLINE
  5
429
330
70
100
AcDbEntity
  8
0
 62
     7
370
    25
100
AcDbSpline
210
0.0
220
0.0
230
1.0
 70
     8
 71
     3
 72
    11
 73
     7
 74
     0
 42
0.0000000001
 43
0.0000000001
 40
0.0
 40
0.0
 40
0.0
 40
0.0
 40
1.0
 40
1.0
 40
1.0
 40
2.0
 40
2.0
 40
2.0
 40
2.0
 10
375.9868328482628
 20
253.3017252280762
 30
0.0
 10
376.0675079853077
 20
253.3771722960015
 30
0.0
 10
376.0717461727174
 20
253.5037343495022
 30
0.0
 10
375.996299104792
 20
253.5844094865471
 30
0.0
 10
375.9584808478252
 20
253.6248483418591
 30
0.0
 10
375.9055909998185
 20
253.6478004855759
 30
0.0
 10
375.8502238472916
 20
253.6478004855759
 30
0.0
  0
SPLINE
  5
42A
330
70
100
AcDbEntity
  8
0
 62
     7
370
    25
100
AcDbSpline
210
0.0
220
0.0
230
1.0
 70
     8
 71
     3
 72
    11
 73
     7
 74
     0
 42
0.0000000001
 43
0.0000000001
 40
0.0
 40
0.0
 40
0.0
 40
0.0
 40
1.0
 40
1.0
 40
1.0
 40
2.0
 40
2.0
 40
2.0
 40
2.0
 10
377.833441849192
 20
253.6478004855759
 30
0.0
 10
377.7229848992258
 20
253.6478004855759
 30
0.0
 10
377.633441849192
 20
253.5582574355421
 30
0.0
 10
377.633441849192
 20
253.4478004855759
 30
0.0
 10
377.633441849192
 20
253.3940637510094
 30
0.0
 10
377.6550661448027
 20
253.3425876312019
 30
0.0
 10
377.6934418491916
 20
253.304971917005
 30
0.0
  0
SPLINE
  5
42B
330
70
100
AcDbEntity
  8
0
 62
     7
370
    25
100
AcDbSpline
210
0.0
220
0.0
230
1.0
 70
     8
 71
     3
 72
    11
 73
     7
 74
     0
 42
0.0000000001
 43
0.0000000001
 40
0.0
 40
0.0
 40
0.0
 40
0.0
 40
1.0
 40
1.0
 40
1.0
 40
2.0
 40
2.0
 40
2.0
 40
2.0
 10
377.6934418491916
 20
255.2906290541471
 30
0.0
 10
377.6145598089298
 20
255.2133091891705
 30
0.0
 10
377.6132934156445
 20
255.0866825258375
 30
0.0
 10
377.6906132806212
 20
255.0078004855758
 30
0.0
 10
377.7282289948173
 20
254.969424781187
 30
0.0
 10
377.7797051146255
 20
254.9478004855756
 30
0.0
 10
377.833441849192
 20
254.9478004855756
 30
0.0
  0
SPLINE
  5
42C
330
70
100
AcDbEntity
  8
0
 62
     7
370
    25
100
AcDbSpline
210
0.0
220
0.0
230
1.0
 70
     8
 71
     3
 72
    11
 73
     7
 74
     0
 42
0.0000000001
 43
0.0000000001
 40
0.0
 40
0.0
 40
0.0
 40
0.0
 40
1.0
 40
1.0
 40
1.0
 40
2.0
 40
2.0
 40
2.0
 40
2.0
 10
360.4334418491914
 20
253.6478004855759
 30
0.0
 10
360.3229848992258
 20
253.6478004855759
 30
0.0
 10
360.2334418491921
 20
253.5582574355421
 30
0.0
 10
360.2334418491921
 20
253.4478004855759
 30
0.0
 10
360.2334418491921
 20
253.3940637510094
 30
0.0
 10
360.2550661448028
 20
253.3425876312019
 30
0.0
 10
360.2934418491916
 20
253.304971917005
 30
0.0
  0
SPLINE
  5
42D
330
70
100
AcDbEntity
  8
0
 62
     7
370
    25
100
AcDbSpline
210
0.0
220
0.0
230
1.0
 70
     8
 71
     3
 72
    11
 73
     7
 74
     0
 42
0.0000000001
 43
0.0000000001
 40
0.0
 40
0.0
 40
0.0
 40
0.0
 40
1.0
 40
1.0
 40
1.0
 40
2.0
 40
2.0
 40
2.0
 40
2.0
 10
358.5868328482628
 20
253.3017252280762
 30
0.0
 10
358.6675079853077
 20
253.3771722960015
 30
0.0
 10
358.6717461727174
 20
253.5037343495022
 30
0.0
 10
358.596299104792
 20
253.5844094865471
 30
0.0
 10
358.5584808478252
 20
253.6248483418591
 30
0.0
 10
358.5055909998185
 20
253.6478004855759
 30
0.0
 10
358.4502238472917
 20
253.6478004855759
 30
0.0
  0
SPLINE
  5
42E
330
70
100
AcDbEntity
  8
0
 62
     7
370
    25
100
AcDbSpline
210
0.0
220
0.0
230
1.0
 70
     8
 71
     3
 72
    11
 73
     7
 74
     0
 42
0.0000000001
 43
0.0000000001
 40
0.0
 40
0.0
 40
0.0
 40
0.0
 40
1.0
 40
1.0
 40
1.0
 40
2.0
 40
2.0
 40
2.0
 40
2.0
 10
341.1868328482628
 20
253.3017252280762
 30
0.0
 10
341.2675079853077
 20
253.3771722960015
 30
0.0
 10
341.2717461727174
 20
253.5037343495022
 30
0.0
 10
341.1962991047921
 20
253.5844094865471
 30
0.0
 10
341.1584808478252
 20
253.6248483418591
 30
0.0
 10
341.1055909998186
 20
253.6478004855759
 30
0.0
 10
341.0502238472917
 20
253.6478004855759
 30
0.0
  0
SPLINE
  5
42F
330
70
100
AcDbEntity
  8
0
 62
     7
370
    25
100
AcDbSpline
210
0.0
220
0.0
230
1.0
 70
     8
 71
     3
 72
    11
 73
     7
 74
     0
 42
0.0000000001
 43
0.0000000001
 40
0.0
 40
0.0
 40
0.0
 40
0.0
 40
1.0
 40
1.0
 40
1.0
 40
2.0
 40
2.0
 40
2.0
 40
2.0
 10
343.0334418491914
 20
253.6478004855759
 30
0.0
 10
342.9229848992259
 20
253.6478004855759
 30
0.0
 10
342.8334418491914
 20
253.5582574355421
 30
0.0
 10
342.8334418491914
 20
253.4478004855759
 30
0.0
 10
342.8334418491914
 20
253.3940637510094
 30
0.0
 10
342.8550661448028
 20
253.3425876312019
 30
0.0
 10
342.8934418491916
 20
253.304971917005
 30
0.0
  0
SPLINE
  5
430
330
70
100
AcDbEntity
  8
0
 62
     7
370
    25
100
AcDbSpline
210
0.0
220
0.0
230
1.0
 70
     8
 71
     3
 72
     8
 73
     4
 74
     0
 42
0.0000000001
 43
0.0000000001
 40
0.0
 40
0.0
 40
0.0
 40
0.0
 40
1.0
 40
1.0
 40
1.0
 40
1.0
 10
359.9534418491911
 20
256.8207749206429
 30
0.0
 10
359.6136122820806
 20
256.8901423405538
 30
0.0
 10
359.2632714163034
 20
256.8901423405538
 30
0.0
 10
358.9234418491923
 20
256.8207749206429
 30
0.0
  0
SPLINE
  5
431
330
70
100
AcDbEntity
  8
0
 62
     7
370
    25
100
AcDbSpline
210
0.0
220
0.0
230
1.0
 70
     8
 71
     3
 72
     8
 73
     4
 74
     0
 42
0.0000000001
 43
0.0000000001
 40
0.0
 40
0.0
 40
0.0
 40
0.0
 40
1.0
 40
1.0
 40
1.0
 40
1.0
 10
358.9234418491923
 20
251.7748260505093
 30
0.0
 10
359.2632714163034
 20
251.7054586305983
 30
0.0
 10
359.6136122820806
 20
251.7054586305983
 30
0.0
 10
359.9534418491911
 20
251.7748260505093
 30
0.0
  0
SPLINE
  5
432
330
70
100
AcDbEntity
  8
0
 62
     7
370
    25
100
AcDbSpline
210
0.0
220
0.0
230
1.0
 70
     8
 71
     3
 72
     8
 73
     4
 74
     0
 42
0.0000000001
 43
0.0000000001
 40
0.0
 40
0.0
 40
0.0
 40
0.0
 40
1.0
 40
1.0
 40
1.0
 40
1.0
 10
361.4555829851271
 20
253.6478004855791
 30
0.0
 10
361.5917714854798
 20
254.0704334491248
 30
0.0
 10
361.5917714854798
 20
254.5251675220273
 30
0.0
 10
361.4555829851271
 20
254.9478004855731
 30
0.0
  0
SPLINE
  5
433
330
70
100
AcDbEntity
  8
0
 62
     7
370
    25
100
AcDbSpline
210
0.0
220
0.0
230
1.0
 70
     8
 71
     3
 72
     8
 73
     4
 74
     0
 42
0.0000000001
 43
0.0000000001
 40
0.0
 40
0.0
 40
0.0
 40
0.0
 40
1.0
 40
1.0
 40
1.0
 40
1.0
 10
358.2184418491919
 20
254.2978004855761
 30
0.0
 10
358.2184418491919
 20
254.0677834612844
 30
0.0
 10
358.2834674638984
 20
253.8424522663196
 30
0.0
 10
358.4060175178238
 20
253.6478004855759
 30
0.0
  0
SPLINE
  5
434
330
70
100
AcDbEntity
  8
0
 62
     7
370
    25
100
AcDbSpline
210
0.0
220
0.0
230
1.0
 70
     8
 71
     3
 72
     8
 73
     4
 74
     0
 42
0.0000000001
 43
0.0000000001
 40
0.0
 40
0.0
 40
0.0
 40
0.0
 40
1.0
 40
1.0
 40
1.0
 40
1.0
 10
360.4708661805596
 20
253.6478004855759
 30
0.0
 10
360.7209670720692
 20
254.0450470174087
 30
0.0
 10
360.7209670720692
 20
254.5505539537434
 30
0.0
 10
360.4708661805596
 20
254.9478004855756
 30
0.0
  0
SPLINE
  5
435
330
70
100
AcDbEntity
  8
0
 62
     7
370
    25
100
AcDbSpline
210
0.0
220
0.0
230
1.0
 70
     8
 71
     3
 72
    11
 73
     7
 74
     0
 42
0.0000000001
 43
0.0000000001
 40
0.0
 40
0.0
 40
0.0
 40
0.0
 40
1.0
 40
1.0
 40
1.0
 40
2.0
 40
2.0
 40
2.0
 40
2.0
 10
360.2934418491916
 20
255.2906290541471
 30
0.0
 10
360.2145598089298
 20
255.2133091891705
 30
0.0
 10
360.2132934156445
 20
255.0866825258375
 30
0.0
 10
360.2906132806205
 20
255.0078004855758
 30
0.0
 10
360.3282289948174
 20
254.969424781187
 30
0.0
 10
360.3797051146255
 20
254.9478004855756
 30
0.0
 10
360.4334418491914
 20
254.9478004855756
 30
0.0
  0
SPLINE
  5
436
330
70
100
AcDbEntity
  8
0
 62
     7
370
    25
100
AcDbSpline
210
0.0
220
0.0
230
1.0
 70
     8
 71
     3
 72
    11
 73
     7
 74
     0
 42
0.0000000001
 43
0.0000000001
 40
0.0
 40
0.0
 40
0.0
 40
0.0
 40
1.0
 40
1.0
 40
1.0
 40
2.0
 40
2.0
 40
2.0
 40
2.0
 10
358.4427730051917
 20
254.9478004855756
 30
0.0
 10
358.5532299551579
 20
254.9478004855756
 30
0.0
 10
358.6427730051917
 20
255.0373435356094
 30
0.0
 10
358.6427730051917
 20
255.1478004855763
 30
0.0
 10
358.6427730051917
 20
255.201374618922
 30
0.0
 10
358.6212789972079
 20
255.2527090103878
 30
0.0
 10
358.5831074271984
 20
255.2903004855758
 30
0.0
  0
SPLINE
  5
437
330
70
100
AcDbEntity
  8
0
 62
     7
370
    25
100
AcDbSpline
210
0.0
220
0.0
230
1.0
 70
     8
 71
     3
 72
     8
 73
     4
 74
     0
 42
0.0000000001
 43
0.0000000001
 40
0.0
 40
0.0
 40
0.0
 40
0.0
 40
1.0
 40
1.0
 40
1.0
 40
1.0
 10
342.5534418491911
 20
256.8207749206429
 30
0.0
 10
342.2136122820806
 20
256.8901423405538
 30
0.0
 10
341.8632714163028
 20
256.8901423405538
 30
0.0
 10
341.5234418491923
 20
256.8207749206429
 30
0.0
  0
SPLINE
  5
438
330
70
100
AcDbEntity
  8
0
 62
     7
370
    25
100
AcDbSpline
210
0.0
220
0.0
230
1.0
 70
     8
 71
     3
 72
     8
 73
     4
 74
     0
 42
0.0000000001
 43
0.0000000001
 40
0.0
 40
0.0
 40
0.0
 40
0.0
 40
1.0
 40
1.0
 40
1.0
 40
1.0
 10
341.5234418491923
 20
251.7748260505093
 30
0.0
 10
341.8632714163028
 20
251.7054586305983
 30
0.0
 10
342.2136122820806
 20
251.7054586305983
 30
0.0
 10
342.5534418491911
 20
251.7748260505093
 30
0.0
  0
SPLINE
  5
439
330
70
100
AcDbEntity
  8
0
 62
     7
370
    25
100
AcDbSpline
210
0.0
220
0.0
230
1.0
 70
     8
 71
     3
 72
     8
 73
     4
 74
     0
 42
0.0000000001
 43
0.0000000001
 40
0.0
 40
0.0
 40
0.0
 40
0.0
 40
1.0
 40
1.0
 40
1.0
 40
1.0
 10
344.0555829851271
 20
253.6478004855791
 30
0.0
 10
344.1917714854798
 20
254.0704334491248
 30
0.0
 10
344.1917714854798
 20
254.5251675220273
 30
0.0
 10
344.0555829851271
 20
254.9478004855731
 30
0.0
  0
SPLINE
  5
43A
330
70
100
AcDbEntity
  8
0
 62
     7
370
    25
100
AcDbSpline
210
0.0
220
0.0
230
1.0
 70
     8
 71
     3
 72
     8
 73
     4
 74
     0
 42
0.0000000001
 43
0.0000000001
 40
0.0
 40
0.0
 40
0.0
 40
0.0
 40
1.0
 40
1.0
 40
1.0
 40
1.0
 10
340.8184418491919
 20
254.2978004855761
 30
0.0
 10
340.8184418491919
 20
254.0677834612844
 30
0.0
 10
340.8834674638985
 20
253.8424522663196
 30
0.0
 10
341.0060175178238
 20
253.6478004855759
 30
0.0
  0
SPLINE
  5
43B
330
70
100
AcDbEntity
  8
0
 62
     7
370
    25
100
AcDbSpline
210
0.0
220
0.0
230
1.0
 70
     8
 71
     3
 72
     8
 73
     4
 74
     0
 42
0.0000000001
 43
0.0000000001
 40
0.0
 40
0.0
 40
0.0
 40
0.0
 40
1.0
 40
1.0
 40
1.0
 40
1.0
 10
343.0708661805596
 20
253.6478004855759
 30
0.0
 10
343.3209670720692
 20
254.0450470174087
 30
0.0
 10
343.3209670720692
 20
254.5505539537434
 30
0.0
 10
343.0708661805596
 20
254.9478004855756
 30
0.0
  0
SPLINE
  5
43C
330
70
100
AcDbEntity
  8
0
 62
     7
370
    25
100
AcDbSpline
210
0.0
220
0.0
230
1.0
 70
     8
 71
     3
 72
    11
 73
     7
 74
     0
 42
0.0000000001
 43
0.0000000001
 40
0.0
 40
0.0
 40
0.0
 40
0.0
 40
1.0
 40
1.0
 40
1.0
 40
2.0
 40
2.0
 40
2.0
 40
2.0
 10
341.0427730051917
 20
254.9478004855756
 30
0.0
 10
341.1532299551579
 20
254.9478004855756
 30
0.0
 10
341.2427730051917
 20
255.0373435356094
 30
0.0
 10
341.2427730051917
 20
255.1478004855763
 30
0.0
 10
341.2427730051917
 20
255.201374618922
 30
0.0
 10
341.2212789972079
 20
255.2527090103878
 30
0.0
 10
341.1831074271984
 20
255.2903004855758
 30
0.0
  0
SPLINE
  5
43D
330
70
100
AcDbEntity
  8
0
 62
     7
370
    25
100
AcDbSpline
210
0.0
220
0.0
230
1.0
 70
     8
 71
     3
 72
    11
 73
     7
 74
     0
 42
0.0000000001
 43
0.0000000001
 40
0.0
 40
0.0
 40
0.0
 40
0.0
 40
1.0
 40
1.0
 40
1.0
 40
2.0
 40
2.0
 40
2.0
 40
2.0
 10
342.8934418491916
 20
255.2906290541471
 30
0.0
 10
342.8145598089299
 20
255.2133091891705
 30
0.0
 10
342.8132934156446
 20
255.0866825258375
 30
0.0
 10
342.8906132806206
 20
255.0078004855758
 30
0.0
 10
342.9282289948174
 20
254.969424781187
 30
0.0
 10
342.9797051146256
 20
254.9478004855756
 30
0.0
 10
343.0334418491914
 20
254.9478004855756
 30
0.0
  0
SPLINE
  5
43E
330
70
100
AcDbEntity
  8
0
 62
     7
370
    25
100
AcDbSpline
210
0.0
220
0.0
230
1.0
 70
     8
 71
     3
 72
     8
 73
     4
 74
     0
 42
0.0000000001
 43
0.0000000001
 40
0.0
 40
0.0
 40
0.0
 40
0.0
 40
1.0
 40
1.0
 40
1.0
 40
1.0
 10
368.338441849192
 20
262.1978404855763
 30
0.0
 10
368.2279848992258
 20
262.1978404855763
 30
0.0
 10
368.138441849192
 20
262.1082974355426
 30
0.0
 10
368.138441849192
 20
261.9978404855757
 30
0.0
  0
SPLINE
  5
43F
330
70
100
AcDbEntity
  8
0
 62
     7
370
    25
100
AcDbSpline
210
0.0
220
0.0
230
1.0
 70
     8
 71
     3
 72
     8
 73
     4
 74
     0
 42
0.0000000001
 43
0.0000000001
 40
0.0
 40
0.0
 40
0.0
 40
0.0
 40
1.0
 40
1.0
 40
1.0
 40
1.0
 10
350.938441849192
 20
262.1978404855763
 30
0.0
 10
350.8279848992259
 20
262.1978404855763
 30
0.0
 10
350.7384418491914
 20
262.1082974355426
 30
0.0
 10
350.7384418491914
 20
261.9978404855757
 30
0.0
  0
SPLINE
  5
440
330
70
100
AcDbEntity
  8
0
 62
     7
370
    25
100
AcDbSpline
210
0.0
220
0.0
230
1.0
 70
     8
 71
     3
 72
     8
 73
     4
 74
     0
 42
0.0000000001
 43
0.0000000001
 40
0.0
 40
0.0
 40
0.0
 40
0.0
 40
1.0
 40
1.0
 40
1.0
 40
1.0
 10
333.5384418491914
 20
262.1978404855763
 30
0.0
 10
333.4279848992259
 20
262.1978404855763
 30
0.0
 10
333.3384418491915
 20
262.1082974355426
 30
0.0
 10
333.3384418491915
 20
261.9978404855757
 30
0.0
  0
SPLINE
  5
441
330
70
100
AcDbEntity
  8
0
 62
     7
370
    25
100
AcDbSpline
210
0.0
220
0.0
230
1.0
 70
     8
 71
     3
 72
    20
 73
    16
 74
     0
 42
0.0000000001
 43
0.0000000001
 40
0.0
 40
0.0
 40
0.0
 40
0.0
 40
1.0
 40
1.0
 40
1.0
 40
2.0
 40
2.0
 40
2.0
 40
3.0
 40
3.0
 40
3.0
 40
4.0
 40
4.0
 40
4.0
 40
5.0
 40
5.0
 40
5.0
 40
5.0
 10
344.4784418491916
 20
222.7111204240757
 30
0.0
 10
344.4565406985918
 20
222.7111204240757
 30
0.0
 10
344.4345021252776
 20
222.7081351193516
 30
0.0
 10
344.4133787810963
 20
222.7019694273382
 30
0.0
 10
344.3937719944622
 20
222.6962464032416
 30
0.0
 10
344.3749537362116
 20
222.6877832722613
 30
0.0
 10
344.3582401623046
 20
222.675910734629
 30
0.0
 10
344.3435353770116
 20
222.665465146046
 30
0.0
 10
344.3304597590525
 20
222.6523804472504
 30
0.0
 10
344.3213869967737
 20
222.6369126536488
 30
0.0
 10
344.3172377756579
 20
222.6298388106618
 30
0.0
 10
344.3139257445328
 20
222.6222665477268
 30
0.0
 10
344.3117085279074
 20
222.6143634599021
 30
0.0
 10
344.3095691900055
 20
222.6067379644351
 30
0.0
 10
344.308449107592
 20
222.5988044760761
 30
0.0
 10
344.308449107592
 20
222.5909122712759
 30
0.0
  0
SPLINE
  5
442
330
70
100
AcDbEntity
  8
0
 62
     7
370
    25
100
AcDbSpline
210
0.0
220
0.0
230
1.0
 70
     8
 71
     3
 72
    20
 73
    16
 74
     0
 42
0.0000000001
 43
0.0000000001
 40
0.0
 40
0.0
 40
0.0
 40
0.0
 40
1.0
 40
1.0
 40
1.0
 40
2.0
 40
2.0
 40
2.0
 40
3.0
 40
3.0
 40
3.0
 40
4.0
 40
4.0
 40
4.0
 40
5.0
 40
5.0
 40
5.0
 40
5.0
 10
344.6484345907919
 20
222.5909122712759
 30
0.0
 10
344.6484345907919
 20
222.5988044760761
 30
0.0
 10
344.6473145084271
 20
222.6067379644351
 30
0.0
 10
344.6451751705386
 20
222.6143634599021
 30
0.0
 10
344.6429579539275
 20
222.6222665477268
 30
0.0
 10
344.6396459227786
 20
222.6298388106618
 30
0.0
 10
344.6354967016461
 20
222.6369126536488
 30
0.0
 10
344.6264239393313
 20
222.6523804472504
 30
0.0
 10
344.6133483213716
 20
222.665465146046
 30
0.0
 10
344.5986435360786
 20
222.675910734629
 30
0.0
 10
344.5819299621716
 20
222.6877832722613
 30
0.0
 10
344.5631117039211
 20
222.6962464032416
 30
0.0
 10
344.543504917287
 20
222.7019694273382
 30
0.0
 10
344.5223815731056
 20
222.7081351193516
 30
0.0
 10
344.5003429997921
 20
222.7111204240757
 30
0.0
 10
344.4784418491916
 20
222.7111204240757
 30
0.0
  0
SPLINE
  5
443
330
70
100
AcDbEntity
  8
0
 62
     7
370
    25
100
AcDbSpline
210
0.0
220
0.0
230
1.0
 70
     8
 71
     3
 72
    20
 73
    16
 74
     0
 42
0.0000000001
 43
0.0000000001
 40
0.0
 40
0.0
 40
0.0
 40
0.0
 40
1.0
 40
1.0
 40
1.0
 40
2.0
 40
2.0
 40
2.0
 40
3.0
 40
3.0
 40
3.0
 40
4.0
 40
4.0
 40
4.0
 40
5.0
 40
5.0
 40
5.0
 40
5.0
 10
344.4784418491916
 20
222.470704118476
 30
0.0
 10
344.5003429997921
 20
222.470704118476
 30
0.0
 10
344.5223815731056
 20
222.4736894231489
 30
0.0
 10
344.543504917287
 20
222.4798551151558
 30
0.0
 10
344.5631117039211
 20
222.4855781392473
 30
0.0
 10
344.5819299621716
 20
222.494041270261
 30
0.0
 10
344.5986435360786
 20
222.5059138078862
 30
0.0
 10
344.6133483213716
 20
222.5163593964621
 30
0.0
 10
344.6264239393313
 20
222.5294440952192
 30
0.0
 10
344.6354967016461
 20
222.544911888808
 30
0.0
 10
344.6396459227786
 20
222.5519857317899
 30
0.0
 10
344.6429579539275
 20
222.5595579947255
 30
0.0
 10
344.6451751705386
 20
222.5674610825759
 30
0.0
 10
344.6473145084271
 20
222.5750865780678
 30
0.0
 10
344.6484345907919
 20
222.5830200664763
 30
0.0
 10
344.6484345907919
 20
222.5909122712759
 30
0.0
  0
SPLINE
  5
444
330
70
100
AcDbEntity
  8
0
 62
     7
370
    25
100
AcDbSpline
210
0.0
220
0.0
230
1.0
 70
     8
 71
     3
 72
    20
 73
    16
 74
     0
 42
0.0000000001
 43
0.0000000001
 40
0.0
 40
0.0
 40
0.0
 40
0.0
 40
1.0
 40
1.0
 40
1.0
 40
2.0
 40
2.0
 40
2.0
 40
3.0
 40
3.0
 40
3.0
 40
4.0
 40
4.0
 40
4.0
 40
5.0
 40
5.0
 40
5.0
 40
5.0
 10
344.308449107592
 20
222.5909122712759
 30
0.0
 10
344.308449107592
 20
222.5830200664763
 30
0.0
 10
344.3095691900055
 20
222.5750865780678
 30
0.0
 10
344.3117085279074
 20
222.5674610825759
 30
0.0
 10
344.3139257445328
 20
222.5595579947255
 30
0.0
 10
344.3172377756579
 20
222.5519857317899
 30
0.0
 10
344.3213869967737
 20
222.544911888808
 30
0.0
 10
344.3304597590525
 20
222.5294440952192
 30
0.0
 10
344.3435353770116
 20
222.5163593964621
 30
0.0
 10
344.3582401623046
 20
222.5059138078862
 30
0.0
 10
344.3749537362116
 20
222.494041270261
 30
0.0
 10
344.3937719944622
 20
222.4855781392473
 30
0.0
 10
344.4133787810963
 20
222.4798551151558
 30
0.0
 10
344.4345021252776
 20
222.4736894231489
 30
0.0
 10
344.4565406985918
 20
222.470704118476
 30
0.0
 10
344.4784418491916
 20
222.470704118476
 30
0.0
  0
SPLINE
  5
445
330
70
100
AcDbEntity
  8
0
 62
     7
370
    25
100
AcDbSpline
210
0.0
220
0.0
230
1.0
 70
     8
 71
     3
 72
    20
 73
    16
 74
     0
 42
0.0000000001
 43
0.0000000001
 40
0.0
 40
0.0
 40
0.0
 40
0.0
 40
1.0
 40
1.0
 40
1.0
 40
2.0
 40
2.0
 40
2.0
 40
3.0
 40
3.0
 40
3.0
 40
4.0
 40
4.0
 40
4.0
 40
5.0
 40
5.0
 40
5.0
 40
5.0
 10
379.2784418491915
 20
222.7111204240757
 30
0.0
 10
379.2565406985918
 20
222.7111204240757
 30
0.0
 10
379.2345021252775
 20
222.7081351193516
 30
0.0
 10
379.2133787810962
 20
222.7019694273382
 30
0.0
 10
379.1937719944627
 20
222.6962464032416
 30
0.0
 10
379.1749537362115
 20
222.6877832722613
 30
0.0
 10
379.1582401623052
 20
222.675910734629
 30
0.0
 10
379.1435353770116
 20
222.665465146046
 30
0.0
 10
379.1304597590525
 20
222.6523804472504
 30
0.0
 10
379.1213869967737
 20
222.6369126536488
 30
0.0
 10
379.1172377756579
 20
222.6298388106618
 30
0.0
 10
379.1139257445327
 20
222.6222665477268
 30
0.0
 10
379.1117085279074
 20
222.6143634599021
 30
0.0
 10
379.1095691900054
 20
222.6067379644351
 30
0.0
 10
379.1084491075919
 20
222.5988044760761
 30
0.0
 10
379.1084491075919
 20
222.5909122712759
 30
0.0
  0
SPLINE
  5
446
330
70
100
AcDbEntity
  8
0
 62
     7
370
    25
100
AcDbSpline
210
0.0
220
0.0
230
1.0
 70
     8
 71
     3
 72
    20
 73
    16
 74
     0
 42
0.0000000001
 43
0.0000000001
 40
0.0
 40
0.0
 40
0.0
 40
0.0
 40
1.0
 40
1.0
 40
1.0
 40
2.0
 40
2.0
 40
2.0
 40
3.0
 40
3.0
 40
3.0
 40
4.0
 40
4.0
 40
4.0
 40
5.0
 40
5.0
 40
5.0
 40
5.0
 10
379.4484345907918
 20
222.5909122712759
 30
0.0
 10
379.4484345907918
 20
222.5988044760761
 30
0.0
 10
379.4473145084271
 20
222.6067379644351
 30
0.0
 10
379.4451751705386
 20
222.6143634599021
 30
0.0
 10
379.4429579539275
 20
222.6222665477268
 30
0.0
 10
379.4396459227785
 20
222.6298388106618
 30
0.0
 10
379.435496701646
 20
222.6369126536488
 30
0.0
 10
379.4264239393313
 20
222.6523804472504
 30
0.0
 10
379.4133483213715
 20
222.665465146046
 30
0.0
 10
379.3986435360785
 20
222.675910734629
 30
0.0
 10
379.3819299621716
 20
222.6877832722613
 30
0.0
 10
379.3631117039211
 20
222.6962464032416
 30
0.0
 10
379.3435049172869
 20
222.7019694273382
 30
0.0
 10
379.3223815731056
 20
222.7081351193516
 30
0.0
 10
379.300342999792
 20
222.7111204240757
 30
0.0
 10
379.2784418491915
 20
222.7111204240757
 30
0.0
  0
SPLINE
  5
447
330
70
100
AcDbEntity
  8
0
 62
     7
370
    25
100
AcDbSpline
210
0.0
220
0.0
230
1.0
 70
     8
 71
     3
 72
    20
 73
    16
 74
     0
 42
0.0000000001
 43
0.0000000001
 40
0.0
 40
0.0
 40
0.0
 40
0.0
 40
1.0
 40
1.0
 40
1.0
 40
2.0
 40
2.0
 40
2.0
 40
3.0
 40
3.0
 40
3.0
 40
4.0
 40
4.0
 40
4.0
 40
5.0
 40
5.0
 40
5.0
 40
5.0
 10
379.2784418491915
 20
222.470704118476
 30
0.0
 10
379.300342999792
 20
222.470704118476
 30
0.0
 10
379.3223815731056
 20
222.4736894231489
 30
0.0
 10
379.3435049172869
 20
222.4798551151558
 30
0.0
 10
379.3631117039211
 20
222.4855781392473
 30
0.0
 10
379.3819299621716
 20
222.494041270261
 30
0.0
 10
379.3986435360785
 20
222.5059138078862
 30
0.0
 10
379.4133483213715
 20
222.5163593964621
 30
0.0
 10
379.4264239393313
 20
222.5294440952192
 30
0.0
 10
379.435496701646
 20
222.544911888808
 30
0.0
 10
379.4396459227785
 20
222.5519857317899
 30
0.0
 10
379.4429579539275
 20
222.5595579947255
 30
0.0
 10
379.4451751705386
 20
222.5674610825759
 30
0.0
 10
379.4473145084271
 20
222.5750865780678
 30
0.0
 10
379.4484345907918
 20
222.5830200664763
 30
0.0
 10
379.4484345907918
 20
222.5909122712759
 30
0.0
  0
SPLINE
  5
448
330
70
100
AcDbEntity
  8
0
 62
     7
370
    25
100
AcDbSpline
210
0.0
220
0.0
230
1.0
 70
     8
 71
     3
 72
    20
 73
    16
 74
     0
 42
0.0000000001
 43
0.0000000001
 40
0.0
 40
0.0
 40
0.0
 40
0.0
 40
1.0
 40
1.0
 40
1.0
 40
2.0
 40
2.0
 40
2.0
 40
3.0
 40
3.0
 40
3.0
 40
4.0
 40
4.0
 40
4.0
 40
5.0
 40
5.0
 40
5.0
 40
5.0
 10
379.1084491075919
 20
222.5909122712759
 30
0.0
 10
379.1084491075919
 20
222.5830200664763
 30
0.0
 10
379.1095691900054
 20
222.5750865780678
 30
0.0
 10
379.1117085279074
 20
222.5674610825759
 30
0.0
 10
379.1139257445327
 20
222.5595579947255
 30
0.0
 10
379.1172377756579
 20
222.5519857317899
 30
0.0
 10
379.1213869967737
 20
222.544911888808
 30
0.0
 10
379.1304597590525
 20
222.5294440952192
 30
0.0
 10
379.1435353770116
 20
222.5163593964621
 30
0.0
 10
379.1582401623052
 20
222.5059138078862
 30
0.0
 10
379.1749537362115
 20
222.494041270261
 30
0.0
 10
379.1937719944627
 20
222.4855781392473
 30
0.0
 10
379.2133787810962
 20
222.4798551151558
 30
0.0
 10
379.2345021252775
 20
222.4736894231489
 30
0.0
 10
379.2565406985918
 20
222.470704118476
 30
0.0
 10
379.2784418491915
 20
222.470704118476
 30
0.0
  0
SPLINE
  5
449
330
70
100
AcDbEntity
  8
0
 62
     7
370
    25
100
AcDbSpline
210
0.0
220
0.0
230
1.0
 70
     8
 71
     3
 72
    20
 73
    16
 74
     0
 42
0.0000000001
 43
0.0000000001
 40
0.0
 40
0.0
 40
0.0
 40
0.0
 40
1.0
 40
1.0
 40
1.0
 40
2.0
 40
2.0
 40
2.0
 40
3.0
 40
3.0
 40
3.0
 40
4.0
 40
4.0
 40
4.0
 40
5.0
 40
5.0
 40
5.0
 40
5.0
 10
361.8784418491916
 20
222.7111204240757
 30
0.0
 10
361.8565406985918
 20
222.7111204240757
 30
0.0
 10
361.8345021252775
 20
222.7081351193516
 30
0.0
 10
361.8133787810962
 20
222.7019694273382
 30
0.0
 10
361.7937719944628
 20
222.6962464032416
 30
0.0
 10
361.7749537362116
 20
222.6877832722613
 30
0.0
 10
361.7582401623053
 20
222.675910734629
 30
0.0
 10
361.7435353770116
 20
222.665465146046
 30
0.0
 10
361.7304597590525
 20
222.6523804472504
 30
0.0
 10
361.7213869967737
 20
222.6369126536488
 30
0.0
 10
361.7172377756579
 20
222.6298388106618
 30
0.0
 10
361.7139257445327
 20
222.6222665477268
 30
0.0
 10
361.7117085279074
 20
222.6143634599021
 30
0.0
 10
361.7095691900055
 20
222.6067379644351
 30
0.0
 10
361.708449107592
 20
222.5988044760761
 30
0.0
 10
361.708449107592
 20
222.5909122712759
 30
0.0
  0
SPLINE
  5
44A
330
70
100
AcDbEntity
  8
0
 62
     7
370
    25
100
AcDbSpline
210
0.0
220
0.0
230
1.0
 70
     8
 71
     3
 72
    20
 73
    16
 74
     0
 42
0.0000000001
 43
0.0000000001
 40
0.0
 40
0.0
 40
0.0
 40
0.0
 40
1.0
 40
1.0
 40
1.0
 40
2.0
 40
2.0
 40
2.0
 40
3.0
 40
3.0
 40
3.0
 40
4.0
 40
4.0
 40
4.0
 40
5.0
 40
5.0
 40
5.0
 40
5.0
 10
362.0484345907919
 20
222.5909122712759
 30
0.0
 10
362.0484345907919
 20
222.5988044760761
 30
0.0
 10
362.0473145084271
 20
222.6067379644351
 30
0.0
 10
362.0451751705386
 20
222.6143634599021
 30
0.0
 10
362.0429579539275
 20
222.6222665477268
 30
0.0
 10
362.0396459227785
 20
222.6298388106618
 30
0.0
 10
362.035496701646
 20
222.6369126536488
 30
0.0
 10
362.0264239393313
 20
222.6523804472504
 30
0.0
 10
362.0133483213716
 20
222.665465146046
 30
0.0
 10
361.9986435360786
 20
222.675910734629
 30
0.0
 10
361.9819299621716
 20
222.6877832722613
 30
0.0
 10
361.9631117039211
 20
222.6962464032416
 30
0.0
 10
361.9435049172869
 20
222.7019694273382
 30
0.0
 10
361.9223815731056
 20
222.7081351193516
 30
0.0
 10
361.9003429997921
 20
222.7111204240757
 30
0.0
 10
361.8784418491916
 20
222.7111204240757
 30
0.0
  0
SPLINE
  5
44B
330
70
100
AcDbEntity
  8
0
 62
     7
370
    25
100
AcDbSpline
210
0.0
220
0.0
230
1.0
 70
     8
 71
     3
 72
    20
 73
    16
 74
     0
 42
0.0000000001
 43
0.0000000001
 40
0.0
 40
0.0
 40
0.0
 40
0.0
 40
1.0
 40
1.0
 40
1.0
 40
2.0
 40
2.0
 40
2.0
 40
3.0
 40
3.0
 40
3.0
 40
4.0
 40
4.0
 40
4.0
 40
5.0
 40
5.0
 40
5.0
 40
5.0
 10
361.8784418491916
 20
222.470704118476
 30
0.0
 10
361.9003429997921
 20
222.470704118476
 30
0.0
 10
361.9223815731056
 20
222.4736894231489
 30
0.0
 10
361.9435049172869
 20
222.4798551151558
 30
0.0
 10
361.9631117039211
 20
222.4855781392473
 30
0.0
 10
361.9819299621716
 20
222.494041270261
 30
0.0
 10
361.9986435360786
 20
222.5059138078862
 30
0.0
 10
362.0133483213716
 20
222.5163593964621
 30
0.0
 10
362.0264239393313
 20
222.5294440952192
 30
0.0
 10
362.035496701646
 20
222.544911888808
 30
0.0
 10
362.0396459227785
 20
222.5519857317899
 30
0.0
 10
362.0429579539275
 20
222.5595579947255
 30
0.0
 10
362.0451751705386
 20
222.5674610825759
 30
0.0
 10
362.0473145084271
 20
222.5750865780678
 30
0.0
 10
362.0484345907919
 20
222.5830200664763
 30
0.0
 10
362.0484345907919
 20
222.5909122712759
 30
0.0
  0
SPLINE
  5
44C
330
70
100
AcDbEntity
  8
0
 62
     7
370
    25
100
AcDbSpline
210
0.0
220
0.0
230
1.0
 70
     8
 71
     3
 72
    20
 73
    16
 74
     0
 42
0.0000000001
 43
0.0000000001
 40
0.0
 40
0.0
 40
0.0
 40
0.0
 40
1.0
 40
1.0
 40
1.0
 40
2.0
 40
2.0
 40
2.0
 40
3.0
 40
3.0
 40
3.0
 40
4.0
 40
4.0
 40
4.0
 40
5.0
 40
5.0
 40
5.0
 40
5.0
 10
361.708449107592
 20
222.5909122712759
 30
0.0
 10
361.708449107592
 20
222.5830200664763
 30
0.0
 10
361.7095691900055
 20
222.5750865780678
 30
0.0
 10
361.7117085279074
 20
222.5674610825759
 30
0.0
 10
361.7139257445327
 20
222.5595579947255
 30
0.0
 10
361.7172377756579
 20
222.5519857317899
 30
0.0
 10
361.7213869967737
 20
222.544911888808
 30
0.0
 10
361.7304597590525
 20
222.5294440952192
 30
0.0
 10
361.7435353770116
 20
222.5163593964621
 30
0.0
 10
361.7582401623053
 20
222.5059138078862
 30
0.0
 10
361.7749537362116
 20
222.494041270261
 30
0.0
 10
361.7937719944628
 20
222.4855781392473
 30
0.0
 10
361.8133787810962
 20
222.4798551151558
 30
0.0
 10
361.8345021252775
 20
222.4736894231489
 30
0.0
 10
361.8565406985918
 20
222.470704118476
 30
0.0
 10
361.8784418491916
 20
222.470704118476
 30
0.0
  0
SPLINE
  5
44D
330
70
100
AcDbEntity
  8
0
 62
     7
370
    25
100
AcDbSpline
210
0.0
220
0.0
230
1.0
 70
     8
 71
     3
 72
    53
 73
    49
 74
     0
 42
0.0000000001
 43
0.0000000001
 40
0.0
 40
0.0
 40
0.0
 40
0.0
 40
1.0
 40
1.0
 40
1.0
 40
2.0
 40
2.0
 40
2.0
 40
3.0
 40
3.0
 40
3.0
 40
4.0
 40
4.0
 40
4.0
 40
5.0
 40
5.0
 40
5.0
 40
6.0
 40
6.0
 40
6.0
 40
7.0
 40
7.0
 40
7.0
 40
8.0
 40
8.0
 40
8.0
 40
9.0
 40
9.0
 40
9.0
 40
10.0
 40
10.0
 40
10.0
 40
11.0
 40
11.0
 40
11.0
 40
12.0
 40
12.0
 40
12.0
 40
13.0
 40
13.0
 40
13.0
 40
14.0
 40
14.0
 40
14.0
 40
15.0
 40
15.0
 40
15.0
 40
16.0
 40
16.0
 40
16.0
 40
16.0
 10
383.738441849192
 20
213.069867084776
 30
0.0
 10
383.7023364520916
 20
213.0908594582757
 30
0.0
 10
383.6657737816528
 20
213.1110706672722
 30
0.0
 10
383.6289258050872
 20
213.130733751619
 30
0.0
 10
383.6088603013539
 20
213.1414412511653
 30
0.0
 10
383.5887101949753
 20
213.1519862137345
 30
0.0
 10
383.5685705269873
 20
213.1625514538187
 30
0.0
 10
383.5562218740104
 20
213.1690295389334
 30
0.0
 10
383.5438771453869
 20
213.1755152474583
 30
0.0
 10
383.5315159596671
 20
213.1819697849621
 30
0.0
 10
383.5149854069795
 20
213.1906014061276
 30
0.0
 10
383.4984254231107
 20
213.1991772823471
 30
0.0
 10
383.4819668804172
 20
213.2079450940917
 30
0.0
 10
383.4610257117511
 20
213.2191008949427
 30
0.0
 10
383.4402487658433
 20
213.230567419538
 30
0.0
 10
383.4194913203563
 20
213.2420577274677
 30
0.0
 10
383.4033831048413
 20
213.2509744487748
 30
0.0
 10
383.3872866326499
 20
213.2599054926131
 30
0.0
 10
383.3714627025016
 20
213.2693444210881
 30
0.0
 10
383.3607651055452
 20
213.2757255066698
 30
0.0
 10
383.3501920682035
 20
213.2823387102534
 30
0.0
 10
383.3401295633526
 20
213.2896612203062
 30
0.0
 10
383.3329153857485
 20
213.2949109954674
 30
0.0
 10
383.3259636208394
 20
213.3005253527568
 30
0.0
 10
383.3191714884297
 20
213.3063210177134
 30
0.0
 10
383.3133195490386
 20
213.3113144244977
 30
0.0
 10
383.3075861070056
 20
213.3164424184093
 30
0.0
 10
383.3020647903953
 20
213.3217949825045
 30
0.0
 10
383.2977434245688
 20
213.3259842708926
 30
0.0
 10
383.2935520007238
 20
213.3303111245672
 30
0.0
 10
383.2895610158808
 20
213.3348178202826
 30
0.0
 10
383.2863147030332
 20
213.3384836182696
 30
0.0
 10
383.2832010082907
 20
213.3422684066232
 30
0.0
 10
383.2802692591664
 20
213.3461895723942
 30
0.0
 10
383.2777906976668
 20
213.3495046072433
 30
0.0
 10
383.2754421792908
 20
213.3529171159724
 30
0.0
 10
383.2731854546244
 20
213.3563854084557
 30
0.0
 10
383.2673536631503
 20
213.3653481139377
 30
0.0
 10
383.262134870647
 20
213.3746833436804
 30
0.0
 10
383.257235219947
 20
213.3842225582057
 30
0.0
 10
383.2540803625919
 20
213.3903648044477
 30
0.0
 10
383.2510578214039
 20
213.396591622764
 30
0.0
 10
383.2489046590414
 20
213.4031264323335
 30
0.0
 10
383.2481392896641
 20
213.4054493148155
 30
0.0
 10
383.24748376968
 20
213.4078111131904
 30
0.0
 10
383.2469863179495
 20
213.4102145973141
 30
0.0
 10
383.2465819312473
 20
213.4121684291321
 30
0.0
 10
383.2462820012914
 20
213.4141498082761
 30
0.0
 10
383.2462586793918
 20
213.4161394656759
 30
0.0
  0
SPLINE
  5
44E
330
70
100
AcDbEntity
  8
0
 62
     7
370
    25
100
AcDbSpline
210
0.0
220
0.0
230
1.0
 70
     8
 71
     3
 72
    41
 73
    37
 74
     0
 42
0.0000000001
 43
0.0000000001
 40
0.0
 40
0.0
 40
0.0
 40
0.0
 40
1.0
 40
1.0
 40
1.0
 40
2.0
 40
2.0
 40
2.0
 40
3.0
 40
3.0
 40
3.0
 40
4.0
 40
4.0
 40
4.0
 40
5.0
 40
5.0
 40
5.0
 40
6.0
 40
6.0
 40
6.0
 40
7.0
 40
7.0
 40
7.0
 40
8.0
 40
8.0
 40
8.0
 40
9.0
 40
9.0
 40
9.0
 40
10.0
 40
10.0
 40
10.0
 40
11.0
 40
11.0
 40
11.0
 40
12.0
 40
12.0
 40
12.0
 40
12.0
 10
383.8346280994916
 20
213.5041580893762
 30
0.0
 10
383.8346280994916
 20
213.4683880205762
 30
0.0
 10
383.8342260157036
 20
213.4326143316818
 30
0.0
 10
383.833217797685
 20
213.3968571507344
 30
0.0
 10
383.8326941440595
 20
213.3782853963129
 30
0.0
 10
383.8320069789991
 20
213.3597180950927
 30
0.0
 10
383.8310598034403
 20
213.341163599134
 30
0.0
 10
383.8300883377042
 20
213.322133275867
 30
0.0
 10
383.8288433546105
 20
213.3031164230602
 30
0.0
 10
383.8271918356836
 20
213.2841299404373
 30
0.0
 10
383.8254984893497
 20
213.264662594212
 30
0.0
 10
383.8233777540513
 20
213.2452271759989
 30
0.0
 10
383.8205221061774
 20
213.2258982060451
 30
0.0
 10
383.8190651909752
 20
213.2160368115687
 30
0.0
 10
383.8174169846047
 20
213.2062031246218
 30
0.0
 10
383.8155064617114
 20
213.1964185104591
 30
0.0
 10
383.8135685573801
 20
213.186493664104
 30
0.0
 10
383.8113607636522
 20
213.1766193072275
 30
0.0
 10
383.8087930424122
 20
213.1668388846698
 30
0.0
 10
383.8061886196422
 20
213.1569186663805
 30
0.0
 10
383.8032139066324
 20
213.1470950868883
 30
0.0
 10
383.7997075628264
 20
213.1374455712395
 30
0.0
 10
383.796145535112
 20
213.1276428125628
 30
0.0
 10
383.7920348569682
 20
213.118019690211
 30
0.0
 10
383.7870078125352
 20
213.1088880708312
 30
0.0
 10
383.7844523212953
 20
213.1042460244674
 30
0.0
 10
383.7816600241933
 20
213.0997309914887
 30
0.0
 10
383.7785451873132
 20
213.095441481611
 30
0.0
 10
383.7753869171375
 20
213.0910921587939
 30
0.0
 10
383.7718970494787
 20
213.0869746923167
 30
0.0
 10
383.7679822219493
 20
213.0832784512012
 30
0.0
 10
383.7639996006889
 20
213.0795182016526
 30
0.0
 10
383.7595771739148
 20
213.0761938926462
 30
0.0
 10
383.754618044342
 20
213.0737926577328
 30
0.0
 10
383.7495810725272
 20
213.0713537312229
 30
0.0
 10
383.7439904166915
 20
213.069867084776
 30
0.0
 10
383.738441849192
 20
213.069867084776
 30
0.0
  0
SPLINE
  5
44F
330
70
100
AcDbEntity
  8
0
 62
     7
370
    25
100
AcDbSpline
210
0.0
220
0.0
230
1.0
 70
     8
 71
     3
 72
    11
 73
     7
 74
     0
 42
0.0000000001
 43
0.0000000001
 40
0.0
 40
0.0
 40
0.0
 40
0.0
 40
1.0
 40
1.0
 40
1.0
 40
2.0
 40
2.0
 40
2.0
 40
2.0
 10
383.8384418491916
 20
213.7156585948759
 30
0.0
 10
383.8384418491916
 20
213.7142045891756
 30
0.0
 10
383.8383625310854
 20
213.7127509612494
 30
0.0
 10
383.8382020359523
 20
213.7113031747994
 30
0.0
 10
383.8377109850151
 20
213.7068735271093
 30
0.0
 10
383.8364600234918
 20
213.7024985623765
 30
0.0
 10
383.8346280994916
 20
213.6984445797756
 30
0.0
  0
SPLINE
  5
450
330
70
100
AcDbEntity
  8
0
 62
     7
370
    25
100
AcDbSpline
210
0.0
220
0.0
230
1.0
 70
     8
 71
     3
 72
    11
 73
     7
 74
     0
 42
0.0000000001
 43
0.0000000001
 40
0.0
 40
0.0
 40
0.0
 40
0.0
 40
1.0
 40
1.0
 40
1.0
 40
2.0
 40
2.0
 40
2.0
 40
2.0
 10
383.2384418491916
 20
213.4466188575764
 30
0.0
 10
383.228065856692
 20
213.4970540421762
 30
0.0
 10
383.2177689071766
 20
213.5475055082797
 30
0.0
 10
383.2075281952038
 20
213.5979683459057
 30
0.0
 10
383.176267290729
 20
213.7520117318253
 30
0.0
 10
383.1455304318917
 20
213.9061610824763
 30
0.0
 10
383.1147872332918
 20
214.0603085912765
 30
0.0
  0
SPLINE
  5
451
330
70
100
AcDbEntity
  8
0
 62
     7
370
    25
100
AcDbSpline
210
0.0
220
0.0
230
1.0
 70
     8
 71
     3
 72
    17
 73
    13
 74
     0
 42
0.0000000001
 43
0.0000000001
 40
0.0
 40
0.0
 40
0.0
 40
0.0
 40
1.0
 40
1.0
 40
1.0
 40
2.0
 40
2.0
 40
2.0
 40
3.0
 40
3.0
 40
3.0
 40
4.0
 40
4.0
 40
4.0
 40
4.0
 10
368.3381304750914
 20
219.7978404855761
 30
0.0
 10
368.3381304750914
 20
219.6995019266759
 30
0.0
 10
368.3344237750664
 20
219.601119819005
 30
0.0
 10
368.3266541596434
 20
219.5030481117342
 30
0.0
 10
368.3190790869702
 20
219.4074320137159
 30
0.0
 10
368.3076420136612
 20
219.3121109665243
 30
0.0
 10
368.2913080709081
 20
219.2175993722579
 30
0.0
 10
368.2757517788568
 20
219.1275874268926
 30
0.0
 10
368.2557537927291
 20
219.0383096939272
 30
0.0
 10
368.2296250859113
 20
218.950699461588
 30
0.0
 10
368.2051581713434
 20
218.8686612618103
 30
0.0
 10
368.1753155680916
 20
218.7880852007761
 30
0.0
 10
368.138441849192
 20
218.7109405458757
 30
0.0
  0
SPLINE
  5
452
330
70
100
AcDbEntity
  8
0
 62
     7
370
    25
100
AcDbSpline
210
0.0
220
0.0
230
1.0
 70
     8
 71
     3
 72
    17
 73
    13
 74
     0
 42
0.0000000001
 43
0.0000000001
 40
0.0
 40
0.0
 40
0.0
 40
0.0
 40
1.0
 40
1.0
 40
1.0
 40
2.0
 40
2.0
 40
2.0
 40
3.0
 40
3.0
 40
3.0
 40
4.0
 40
4.0
 40
4.0
 40
4.0
 10
368.138441849192
 20
220.884740425276
 30
0.0
 10
368.1753155642915
 20
220.807595778176
 30
0.0
 10
368.2051581651535
 20
220.7270197256873
 30
0.0
 10
368.2296250783405
 20
220.6449815346137
 30
0.0
 10
368.2557537843729
 20
220.5573713092581
 30
0.0
 10
368.2757517705411
 20
220.4680935833686
 30
0.0
 10
368.2913080630351
 20
220.3780816450916
 30
0.0
 10
368.3076420081766
 20
220.2835700471386
 30
0.0
 10
368.3190790831631
 20
220.1882489960834
 30
0.0
 10
368.326654157058
 20
220.0926328940814
 30
0.0
 10
368.3344237743201
 20
219.9945611753164
 30
0.0
 10
368.3381304750914
 20
219.8961790559763
 30
0.0
 10
368.3381304750914
 20
219.7978404855761
 30
0.0
  0
SPLINE
  5
453
330
70
100
AcDbEntity
  8
0
 62
     7
370
    25
100
AcDbSpline
210
0.0
220
0.0
230
1.0
 70
     8
 71
     3
 72
    35
 73
    31
 74
     0
 42
0.0000000001
 43
0.0000000001
 40
0.0
 40
0.0
 40
0.0
 40
0.0
 40
1.0
 40
1.0
 40
1.0
 40
2.0
 40
2.0
 40
2.0
 40
3.0
 40
3.0
 40
3.0
 40
4.0
 40
4.0
 40
4.0
 40
5.0
 40
5.0
 40
5.0
 40
6.0
 40
6.0
 40
6.0
 40
7.0
 40
7.0
 40
7.0
 40
8.0
 40
8.0
 40
8.0
 40
9.0
 40
9.0
 40
9.0
 40
10.0
 40
10.0
 40
10.0
 40
10.0
 10
368.338441849192
 20
179.1653031854758
 30
0.0
 10
368.3254351025917
 20
179.1653031854758
 30
0.0
 10
368.3124282204813
 20
179.1653908358034
 30
0.0
 10
368.2994225302914
 20
179.1655712681124
 30
0.0
 10
368.2869151133584
 20
179.1657447877095
 30
0.0
 10
368.2744087987655
 20
179.1660041161587
 30
0.0
 10
368.261905630937
 20
179.1663651845206
 30
0.0
 10
368.2503765488728
 20
179.1666981230875
 30
0.0
 10
368.2388501423625
 20
179.1671175665524
 30
0.0
 10
368.2273278461502
 20
179.1676544137674
 30
0.0
 10
368.2172190672406
 20
179.1681254023365
 30
0.0
 10
368.2071134520119
 20
179.1686867561226
 30
0.0
 10
368.1970204929928
 20
179.1693894250534
 30
0.0
 10
368.1887212013877
 20
179.1699672193697
 30
0.0
 10
368.1804304673174
 20
179.1706405643562
 30
0.0
 10
368.1721480876648
 20
179.1715035591809
 30
0.0
 10
368.1659638362791
 20
179.1721479364206
 30
0.0
 10
368.1597842426871
 20
179.1728980481025
 30
0.0
 10
368.1536662291389
 20
179.173915583493
 30
0.0
 10
368.151454902456
 20
179.1742833667841
 30
0.0
 10
368.1492516207521
 20
179.1746860870138
 30
0.0
 10
368.1470538710805
 20
179.1752046048934
 30
0.0
 10
368.1454389196698
 20
179.1755856224367
 30
0.0
 10
368.1438269553407
 20
179.1760291662052
 30
0.0
 10
368.1422849712628
 20
179.1765326300981
 30
0.0
 10
368.1412936530571
 20
179.1768562994084
 30
0.0
 10
368.1403312577549
 20
179.1772047337608
 30
0.0
 10
368.1394051731508
 20
179.177887303076
 30
0.0
 10
368.138918497186
 20
179.1782460068905
 30
0.0
 10
368.138441849192
 20
179.1786969891759
 30
0.0
 10
368.138441849192
 20
179.1792544801763
 30
0.0
  0
SPLINE
  5
454
330
70
100
AcDbEntity
  8
0
 62
     7
370
    25
100
AcDbSpline
210
0.0
220
0.0
230
1.0
 70
     8
 71
     3
 72
    41
 73
    37
 74
     0
 42
0.0000000001
 43
0.0000000001
 40
0.0
 40
0.0
 40
0.0
 40
0.0
 40
1.0
 40
1.0
 40
1.0
 40
2.0
 40
2.0
 40
2.0
 40
3.0
 40
3.0
 40
3.0
 40
4.0
 40
4.0
 40
4.0
 40
5.0
 40
5.0
 40
5.0
 40
6.0
 40
6.0
 40
6.0
 40
7.0
 40
7.0
 40
7.0
 40
8.0
 40
8.0
 40
8.0
 40
9.0
 40
9.0
 40
9.0
 40
10.0
 40
10.0
 40
10.0
 40
11.0
 40
11.0
 40
11.0
 40
12.0
 40
12.0
 40
12.0
 40
12.0
 10
368.338441849192
 20
194.8013325624762
 30
0.0
 10
368.3254315121919
 20
194.8013328106761
 30
0.0
 10
368.3124211456069
 20
194.801376529272
 30
0.0
 10
368.2994110691956
 20
194.8014668219166
 30
0.0
 10
368.286902156276
 20
194.8015536363819
 30
0.0
 10
368.2743935116046
 20
194.8016835058315
 30
0.0
 10
368.2618856860344
 20
194.8018645047254
 30
0.0
 10
368.2503578133477
 20
194.802031322866
 30
0.0
 10
368.2388306364411
 20
194.8022415726015
 30
0.0
 10
368.2273043955829
 20
194.8025101558776
 30
0.0
 10
368.217200928337
 20
194.8027455858295
 30
0.0
 10
368.2070981803146
 20
194.8030258370175
 30
0.0
 10
368.1969989101367
 20
194.8033789275401
 30
0.0
 10
368.1926059261073
 20
194.8035325149774
 30
0.0
 10
368.188213600114
 20
194.8036998841925
 30
0.0
 10
368.1838209879235
 20
194.8038868229078
 30
0.0
 10
368.1799234000572
 20
194.8040526946112
 30
0.0
 10
368.1760255868654
 20
194.8042339735898
 30
0.0
 10
368.1721324253422
 20
194.8044373636405
 30
0.0
 10
368.1687708073319
 20
194.8046129843165
 30
0.0
 10
368.1654126574944
 20
194.8048050904754
 30
0.0
 10
368.1620456587086
 20
194.8050252090102
 30
0.0
 10
368.1592429507937
 20
194.8052084368634
 30
0.0
 10
368.156434111454
 20
194.8054110744563
 30
0.0
 10
368.1536579721759
 20
194.8056446066587
 30
0.0
 10
368.1514660959583
 20
194.805828989944
 30
0.0
 10
368.1492946041486
 20
194.8060326321639
 30
0.0
 10
368.1470489511759
 20
194.8062899725933
 30
0.0
 10
368.1454215000506
 20
194.8064764702301
 30
0.0
 10
368.1437550989532
 20
194.8066911705495
 30
0.0
 10
368.1422826924611
 20
194.8069549018371
 30
0.0
 10
368.1413781127755
 20
194.8071169263639
 30
0.0
 10
368.1405467527773
 20
194.8072974567255
 30
0.0
 10
368.1394045890769
 20
194.8076313572864
 30
0.0
 10
368.1389480481198
 20
194.80776482264
 30
0.0
 10
368.138441849192
 20
194.8079227923762
 30
0.0
 10
368.138441849192
 20
194.808316716376
 30
0.0
  0
SPLINE
  5
455
330
70
100
AcDbEntity
  8
0
 62
     7
370
    25
100
AcDbSpline
210
0.0
220
0.0
230
1.0
 70
     8
 71
     3
 72
    32
 73
    28
 74
     0
 42
0.0000000001
 43
0.0000000001
 40
0.0
 40
0.0
 40
0.0
 40
0.0
 40
1.0
 40
1.0
 40
1.0
 40
2.0
 40
2.0
 40
2.0
 40
3.0
 40
3.0
 40
3.0
 40
4.0
 40
4.0
 40
4.0
 40
5.0
 40
5.0
 40
5.0
 40
6.0
 40
6.0
 40
6.0
 40
7.0
 40
7.0
 40
7.0
 40
8.0
 40
8.0
 40
8.0
 40
9.0
 40
9.0
 40
9.0
 40
9.0
 10
368.338441849192
 20
199.100625295676
 30
0.0
 10
368.3129243390916
 20
199.100625295676
 30
0.0
 10
368.2874005888281
 20
199.1011064148807
 30
0.0
 10
368.2619056308741
 20
199.1022055477668
 30
0.0
 10
368.2503721799496
 20
199.1027027753063
 30
0.0
 10
368.2388446213476
 20
199.1033264788196
 30
0.0
 10
368.22732784607
 20
199.1041239178757
 30
0.0
 10
368.2172124156399
 20
199.1048243256805
 30
0.0
 10
368.2071053039902
 20
199.1056587615137
 30
0.0
 10
368.1970204929909
 20
199.1067056105594
 30
0.0
 10
368.1887083361549
 20
199.1075684500763
 30
0.0
 10
368.1804113292082
 20
199.108575591963
 30
0.0
 10
368.1721480876802
 20
199.1098514371139
 30
0.0
 10
368.1659426775315
 20
199.1108095529361
 30
0.0
 10
368.1597563093687
 20
199.1119192037854
 30
0.0
 10
368.1536662290664
 20
199.1134405236725
 30
0.0
 10
368.1514391356854
 20
199.1139968581176
 30
0.0
 10
368.1492249189383
 20
199.1146082453138
 30
0.0
 10
368.1470538710259
 20
199.1153585844896
 30
0.0
 10
368.1454260855543
 20
199.1159211659063
 30
0.0
 10
368.1438225676272
 20
199.1165618597723
 30
0.0
 10
368.1422849712526
 20
199.1173346828169
 30
0.0
 10
368.1412379327245
 20
199.1178609428398
 30
0.0
 10
368.1402214622689
 20
199.1184484716625
 30
0.0
 10
368.1394051731597
 20
199.1193504330338
 30
0.0
 10
368.1388824704417
 20
199.1199279951436
 30
0.0
 10
368.138441849192
 20
199.1206344857759
 30
0.0
 10
368.138441849192
 20
199.1213847893759
 30
0.0
  0
SPLINE
  5
456
330
70
100
AcDbEntity
  8
0
 62
     7
370
    25
100
AcDbSpline
210
0.0
220
0.0
230
1.0
 70
     8
 71
     3
 72
    41
 73
    37
 74
     0
 42
0.0000000001
 43
0.0000000001
 40
0.0
 40
0.0
 40
0.0
 40
0.0
 40
1.0
 40
1.0
 40
1.0
 40
2.0
 40
2.0
 40
2.0
 40
3.0
 40
3.0
 40
3.0
 40
4.0
 40
4.0
 40
4.0
 40
5.0
 40
5.0
 40
5.0
 40
6.0
 40
6.0
 40
6.0
 40
7.0
 40
7.0
 40
7.0
 40
8.0
 40
8.0
 40
8.0
 40
9.0
 40
9.0
 40
9.0
 40
10.0
 40
10.0
 40
10.0
 40
11.0
 40
11.0
 40
11.0
 40
12.0
 40
12.0
 40
12.0
 40
12.0
 10
368.338441849192
 20
227.5291174311761
 30
0.0
 10
368.3254353543919
 20
227.5291174311761
 30
0.0
 10
368.3124288183246
 20
227.5290688130595
 30
0.0
 10
368.2994226478712
 20
227.5289687991986
 30
0.0
 10
368.2869164753961
 20
227.5288726301841
 30
0.0
 10
368.2744106409635
 20
227.5287289410956
 30
0.0
 10
368.2619057770159
 20
227.5285286189502
 30
0.0
 10
368.2503788528316
 20
227.5283439629486
 30
0.0
 10
368.2388527532749
 20
227.5281111854722
 30
0.0
 10
368.2273279110798
 20
227.5278138112406
 30
0.0
 10
368.2172236124777
 20
227.5275530911392
 30
0.0
 10
368.2071202803769
 20
227.5272427171715
 30
0.0
 10
368.1970208733657
 20
227.5268518451209
 30
0.0
 10
368.1926266707665
 20
227.5266817786032
 30
0.0
 10
368.1882332112175
 20
227.526496473174
 30
0.0
 10
368.1838397826902
 20
227.5262894107033
 30
0.0
 10
368.179941100192
 20
227.5261056656333
 30
0.0
 10
368.1760424421212
 20
227.5259047877592
 30
0.0
 10
368.1721482648167
 20
227.5256796985598
 30
0.0
 10
368.1687849324451
 20
227.5254852929815
 30
0.0
 10
368.1654249424894
 20
227.5252728270314
 30
0.0
 10
368.1620577696229
 20
227.5250285986191
 30
0.0
 10
368.1592540030836
 20
227.5248252352996
 30
0.0
 10
368.1564452562699
 20
227.5245998494587
 30
0.0
 10
368.1536661868573
 20
227.5243423745905
 30
0.0
 10
368.1514710244963
 20
227.5241389974674
 30
0.0
 10
368.1492943786986
 20
227.5239155991
 30
0.0
 10
368.147054132347
 20
227.5236277262385
 30
0.0
 10
368.1454285718057
 20
227.5234188408344
 30
0.0
 10
368.1437695243104
 20
227.5231760083299
 30
0.0
 10
368.142284880404
 20
227.5228913824771
 30
0.0
 10
368.1413693546226
 20
227.5227158640882
 30
0.0
 10
368.1405201499795
 20
227.5225244527778
 30
0.0
 10
368.1394053745422
 20
227.5221402150546
 30
0.0
 10
368.1389461456419
 20
227.5219819293041
 30
0.0
 10
368.138441849192
 20
227.521790920776
 30
0.0
 10
368.138441849192
 20
227.5213822866756
 30
0.0
  0
SPLINE
  5
457
330
70
100
AcDbEntity
  8
0
 62
     7
370
    25
100
AcDbSpline
210
0.0
220
0.0
230
1.0
 70
     8
 71
     3
 72
    32
 73
    28
 74
     0
 42
0.0000000001
 43
0.0000000001
 40
0.0
 40
0.0
 40
0.0
 40
0.0
 40
1.0
 40
1.0
 40
1.0
 40
2.0
 40
2.0
 40
2.0
 40
3.0
 40
3.0
 40
3.0
 40
4.0
 40
4.0
 40
4.0
 40
5.0
 40
5.0
 40
5.0
 40
6.0
 40
6.0
 40
6.0
 40
7.0
 40
7.0
 40
7.0
 40
8.0
 40
8.0
 40
8.0
 40
9.0
 40
9.0
 40
9.0
 40
9.0
 10
368.338441849192
 20
240.4945576572756
 30
0.0
 10
368.3129244151914
 20
240.4945576572756
 30
0.0
 10
368.2874007698226
 20
240.4940777569545
 30
0.0
 10
368.2619057770506
 20
240.49298140007
 30
0.0
 10
368.2503723377973
 20
240.4924854295221
 30
0.0
 10
368.2388447622455
 20
240.4918633022629
 30
0.0
 10
368.2273279110753
 20
240.4910678515971
 30
0.0
 10
368.2172126474575
 20
240.4903692063626
 30
0.0
 10
368.2071056567661
 20
240.4895368572153
 30
0.0
 10
368.1970208733689
 20
240.4884926572784
 30
0.0
 10
368.1887087674472
 20
240.4876320041399
 30
0.0
 10
368.1804117478912
 20
240.4866274316886
 30
0.0
 10
368.1721482647942
 20
240.485354807435
 30
0.0
 10
368.1659429730045
 20
240.4843991565631
 30
0.0
 10
368.1597565922515
 20
240.4832923526583
 30
0.0
 10
368.153666186892
 20
240.4817747758505
 30
0.0
 10
368.1514393350812
 20
240.4812199000323
 30
0.0
 10
368.1492253139638
 20
240.4806101090816
 30
0.0
 10
368.147054132354
 20
240.4798616540247
 30
0.0
 10
368.1454263407805
 20
240.479300517715
 30
0.0
 10
368.1438226288331
 20
240.4786614398005
 30
0.0
 10
368.1422848804329
 20
240.4778904533396
 30
0.0
 10
368.1412383266591
 20
240.4773657389008
 30
0.0
 10
368.1402223260728
 20
240.4767799266769
 30
0.0
 10
368.1394053745537
 20
240.4758795695353
 30
0.0
 10
368.138882905909
 20
240.4753037601211
 30
0.0
 10
368.138441849192
 20
240.4745993004759
 30
0.0
 10
368.138441849192
 20
240.4738505865762
 30
0.0
  0
SPLINE
  5
458
330
70
100
AcDbEntity
  8
0
 62
     7
370
    25
100
AcDbSpline
210
0.0
220
0.0
230
1.0
 70
     8
 71
     3
 72
    41
 73
    37
 74
     0
 42
0.0000000001
 43
0.0000000001
 40
0.0
 40
0.0
 40
0.0
 40
0.0
 40
1.0
 40
1.0
 40
1.0
 40
2.0
 40
2.0
 40
2.0
 40
3.0
 40
3.0
 40
3.0
 40
4.0
 40
4.0
 40
4.0
 40
5.0
 40
5.0
 40
5.0
 40
6.0
 40
6.0
 40
6.0
 40
7.0
 40
7.0
 40
7.0
 40
8.0
 40
8.0
 40
8.0
 40
9.0
 40
9.0
 40
9.0
 40
10.0
 40
10.0
 40
10.0
 40
11.0
 40
11.0
 40
11.0
 40
12.0
 40
12.0
 40
12.0
 40
12.0
 10
368.338441849192
 20
244.7943484085759
 30
0.0
 10
368.3254315104914
 20
244.7943486215764
 30
0.0
 10
368.3124211424927
 20
244.7943045143326
 30
0.0
 10
368.2994110640633
 20
244.7942141027791
 30
0.0
 10
368.286902155977
 20
244.7941271740318
 30
0.0
 10
368.2743935155806
 20
244.7939974397029
 30
0.0
 10
368.2618856955206
 20
244.7938164793147
 30
0.0
 10
368.2503578165985
 20
244.7936496964988
 30
0.0
 10
368.238830634507
 20
244.793439399933
 30
0.0
 10
368.2273043854678
 20
244.7931708118673
 30
0.0
 10
368.2172009202292
 20
244.7929353779307
 30
0.0
 10
368.2070981719097
 20
244.7926551551414
 30
0.0
 10
368.1969989100001
 20
244.7923020434761
 30
0.0
 10
368.1926059345995
 20
244.7921484470178
 30
0.0
 10
368.1882136188542
 20
244.7919810594402
 30
0.0
 10
368.1838210078482
 20
244.7917941333577
 30
0.0
 10
368.1799234134989
 20
244.7916282725426
 30
0.0
 10
368.1760255866877
 20
244.7914470287963
 30
0.0
 10
368.1721324378483
 20
244.7912436376443
 30
0.0
 10
368.1687708231383
 20
244.7910680156178
 30
0.0
 10
368.1654126962274
 20
244.7908758809432
 30
0.0
 10
368.1620456433906
 20
244.7906557953407
 30
0.0
 10
368.1592428934739
 20
244.7904725950956
 30
0.0
 10
368.156433958808
 20
244.7902700277306
 30
0.0
 10
368.1536579604431
 20
244.7900361594639
 30
0.0
 10
368.151466219013
 20
244.7898515128241
 30
0.0
 10
368.1492950088169
 20
244.7896473543965
 30
0.0
 10
368.1470489609136
 20
244.7893911933152
 30
0.0
 10
368.1454212323126
 20
244.789205551363
 30
0.0
 10
368.1437541988355
 20
244.7889925975388
 30
0.0
 10
368.1422826961304
 20
244.788726810492
 30
0.0
 10
368.1413784443261
 20
244.7885634819329
 30
0.0
 10
368.140548029132
 20
244.7883802024156
 30
0.0
 10
368.1394045866783
 20
244.7880473240735
 30
0.0
 10
368.1389481565406
 20
244.7879144483813
 30
0.0
 10
368.138441849192
 20
244.787757735876
 30
0.0
 10
368.138441849192
 20
244.7873642546765
 30
0.0
  0
SPLINE
  5
459
330
70
100
AcDbEntity
  8
0
 62
     7
370
    25
100
AcDbSpline
210
0.0
220
0.0
230
1.0
 70
     8
 71
     3
 72
    35
 73
    31
 74
     0
 42
0.0000000001
 43
0.0000000001
 40
0.0
 40
0.0
 40
0.0
 40
0.0
 40
1.0
 40
1.0
 40
1.0
 40
2.0
 40
2.0
 40
2.0
 40
3.0
 40
3.0
 40
3.0
 40
4.0
 40
4.0
 40
4.0
 40
5.0
 40
5.0
 40
5.0
 40
6.0
 40
6.0
 40
6.0
 40
7.0
 40
7.0
 40
7.0
 40
8.0
 40
8.0
 40
8.0
 40
9.0
 40
9.0
 40
9.0
 40
10.0
 40
10.0
 40
10.0
 40
10.0
 10
368.338441849192
 20
260.4303777856765
 30
0.0
 10
368.3254351008919
 20
260.4303777856765
 30
0.0
 10
368.3124282170469
 20
260.4302901349189
 30
0.0
 10
368.2994225251405
 20
260.4301097027454
 30
0.0
 10
368.2869151130587
 20
260.429936183369
 30
0.0
 10
368.2744088033337
 20
260.4296768557539
 30
0.0
 10
368.2619056403873
 20
260.4293157874235
 30
0.0
 10
368.2503765517707
 20
260.4289828485666
 30
0.0
 10
368.2388501387241
 20
260.4285634039646
 30
0.0
 10
368.2273278359273
 20
260.4280265564339
 30
0.0
 10
368.2172190604097
 20
260.4275555680156
 30
0.0
 10
368.20711344853
 20
260.4269942151766
 30
0.0
 10
368.1970204929523
 20
260.4262915460354
 30
0.0
 10
368.1887212055035
 20
260.4257137516382
 30
0.0
 10
368.1804304756498
 20
260.4250404058181
 30
0.0
 10
368.1721481000156
 20
260.4241774126593
 30
0.0
 10
368.1659638405618
 20
260.4235330355094
 30
0.0
 10
368.1597842388073
 20
260.4227829249325
 30
0.0
 10
368.1536662173547
 20
260.4217653869791
 30
0.0
 10
368.1514548977447
 20
260.4213976044124
 30
0.0
 10
368.1492516230751
 20
260.4209948847417
 30
0.0
 10
368.1470538808087
 20
260.4204763679722
 30
0.0
 10
368.1454389276661
 20
260.4200953495523
 30
0.0
 10
368.1438269618315
 20
260.419651804648
 30
0.0
 10
368.1422849749744
 20
260.4191483413679
 30
0.0
 10
368.141293654386
 20
260.4188246722566
 30
0.0
 10
368.1403312562084
 20
260.4184762387948
 30
0.0
 10
368.1394051707482
 20
260.4177936676085
 30
0.0
 10
368.1389184957345
 20
260.4174349638434
 30
0.0
 10
368.138441849192
 20
260.4169839813764
 30
0.0
 10
368.138441849192
 20
260.4164264908758
 30
0.0
  0
SPLINE
  5
45A
330
70
100
AcDbEntity
  8
0
 62
     7
370
    25
100
AcDbSpline
210
0.0
220
0.0
230
1.0
 70
     8
 71
     3
 72
    59
 73
    55
 74
     0
 42
0.0000000001
 43
0.0000000001
 40
0.0
 40
0.0
 40
0.0
 40
0.0
 40
1.0
 40
1.0
 40
1.0
 40
2.0
 40
2.0
 40
2.0
 40
3.0
 40
3.0
 40
3.0
 40
4.0
 40
4.0
 40
4.0
 40
5.0
 40
5.0
 40
5.0
 40
6.0
 40
6.0
 40
6.0
 40
7.0
 40
7.0
 40
7.0
 40
8.0
 40
8.0
 40
8.0
 40
9.0
 40
9.0
 40
9.0
 40
10.0
 40
10.0
 40
10.0
 40
11.0
 40
11.0
 40
11.0
 40
12.0
 40
12.0
 40
12.0
 40
13.0
 40
13.0
 40
13.0
 40
14.0
 40
14.0
 40
14.0
 40
15.0
 40
15.0
 40
15.0
 40
16.0
 40
16.0
 40
16.0
 40
17.0
 40
17.0
 40
17.0
 40
18.0
 40
18.0
 40
18.0
 40
18.0
 10
368.338441849192
 20
226.252823491776
 30
0.0
 10
368.3309107676914
 20
226.2719122099765
 30
0.0
 10
368.3232506708452
 20
226.2909503436436
 30
0.0
 10
368.3154236065771
 20
226.3099201439112
 30
0.0
 10
368.3076001376993
 20
226.3288812303328
 30
0.0
 10
368.2996098547594
 20
226.3477740461175
 30
0.0
 10
368.29137338805
 20
226.3665591162354
 30
0.0
 10
368.2872722063633
 20
226.3759127612221
 30
0.0
 10
368.2831099873447
 20
226.3852396923922
 30
0.0
 10
368.2788688122542
 20
226.3945307007552
 30
0.0
 10
368.274653395153
 20
226.403765281903
 30
0.0
 10
368.2703599781175
 20
226.4129643752593
 30
0.0
 10
368.2659632281631
 20
226.4221142382666
 30
0.0
 10
368.2616107575766
 20
226.4311719536289
 30
0.0
 10
368.2571570249079
 20
226.4401814252392
 30
0.0
 10
368.2525602897007
 20
226.4491175948193
 30
0.0
 10
368.2480393043942
 20
226.4579065046755
 30
0.0
 10
368.2433799908129
 20
226.4666245084935
 30
0.0
 10
368.2385133751715
 20
226.4752288569044
 30
0.0
 10
368.2337815876321
 20
226.4835948244683
 30
0.0
 10
368.2288538253993
 20
226.4918533469653
 30
0.0
 10
368.2235875811277
 20
226.4998925567819
 30
0.0
 10
368.2210416558848
 20
226.5037790508653
 30
0.0
 10
368.2184166218187
 20
226.5076142879667
 30
0.0
 10
368.2156797597023
 20
226.511368742178
 30
0.0
 10
368.2130357072212
 20
226.5149958792231
 30
0.0
 10
368.210287282487
 20
226.5185476193327
 30
0.0
 10
368.2073820210345
 20
226.5219722262429
 30
0.0
 10
368.2046180590892
 20
226.525230274901
 30
0.0
 10
368.2017121451744
 20
226.528373256065
 30
0.0
 10
368.1985954772517
 20
226.53129305363
 30
0.0
 10
368.1956988733369
 20
226.5340066879565
 30
0.0
 10
368.1926202268324
 20
226.5365275434079
 30
0.0
 10
368.1892022426818
 20
226.5386070970377
 30
0.0
 10
368.1860960119951
 20
226.54049697511
 30
0.0
 10
368.1827095224391
 20
226.5420223821278
 30
0.0
 10
368.1791363395275
 20
226.5425733018554
 30
0.0
 10
368.1774123840358
 20
226.5428391043941
 30
0.0
 10
368.1756449704719
 20
226.5428780679041
 30
0.0
 10
368.1739167104323
 20
226.5426267652361
 30
0.0
 10
368.1721102349383
 20
226.5423640894228
 30
0.0
 10
368.1703465370865
 20
226.541784279902
 30
0.0
 10
368.1687204869141
 20
226.5409628205735
 30
0.0
 10
368.1648424668586
 20
226.5390036954463
 30
0.0
 10
368.1617473735217
 20
226.5356700895414
 30
0.0
 10
368.1592352189979
 20
226.5320546527791
 30
0.0
 10
368.1560852502792
 20
226.5275212880516
 30
0.0
 10
368.1538518032687
 20
226.5225448166149
 30
0.0
 10
368.1519666222986
 20
226.51744681876
 30
0.0
 10
368.1476778978618
 20
226.5058490420326
 30
0.0
 10
368.1451916155138
 20
226.4936223083971
 30
0.0
 10
368.1433482444203
 20
226.4813421759512
 30
0.0
 10
368.1394781452827
 20
226.4555604274221
 30
0.0
 10
368.138441849192
 20
226.4295433093759
 30
0.0
 10
368.138441849192
 20
226.4035665741761
 30
0.0
  0
SPLINE
  5
45B
330
70
100
AcDbEntity
  8
0
 62
     7
370
    25
100
AcDbSpline
210
0.0
220
0.0
230
1.0
 70
     8
 71
     3
 72
    14
 73
    10
 74
     0
 42
0.0000000001
 43
0.0000000001
 40
0.0
 40
0.0
 40
0.0
 40
0.0
 40
1.0
 40
1.0
 40
1.0
 40
2.0
 40
2.0
 40
2.0
 40
3.0
 40
3.0
 40
3.0
 40
3.0
 10
368.587451348092
 20
225.680190387176
 30
0.0
 10
368.5715958807916
 20
225.7170596224762
 30
0.0
 10
368.555127467968
 20
225.7536630487957
 30
0.0
 10
368.5385942923702
 20
225.7902340843385
 30
0.0
 10
368.5184757312606
 20
225.8347359169751
 30
0.0
 10
368.4982612727759
 20
225.8791897870202
 30
0.0
 10
368.4782831615915
 20
225.9237572105005
 30
0.0
 10
368.429528736397
 20
226.0325191997669
 30
0.0
 10
368.3821818807914
 20
226.141957458076
 30
0.0
 10
368.338441849192
 20
226.252823491776
 30
0.0
  0
SPLINE
  5
45C
330
70
100
AcDbEntity
  8
0
 62
     7
370
    25
100
AcDbSpline
210
0.0
220
0.0
230
1.0
 70
     8
 71
     3
 72
    11
 73
     7
 74
     0
 42
0.0000000001
 43
0.0000000001
 40
0.0
 40
0.0
 40
0.0
 40
0.0
 40
1.0
 40
1.0
 40
1.0
 40
2.0
 40
2.0
 40
2.0
 40
2.0
 10
368.6284418491917
 20
225.5372692459761
 30
0.0
 10
368.6263919546919
 20
225.549806654576
 30
0.0
 10
368.6240026708251
 20
225.5622841851752
 30
0.0
 10
368.6212408841836
 20
225.5746944278375
 30
0.0
 10
368.6132134895275
 20
225.6107659744703
 30
0.0
 10
368.602039082192
 20
225.646269052876
 30
0.0
 10
368.587451348092
 20
225.680190387176
 30
0.0
  0
SPLINE
  5
45D
330
70
100
AcDbEntity
  8
0
 62
     7
370
    25
100
AcDbSpline
210
0.0
220
0.0
230
1.0
 70
     8
 71
     3
 72
    11
 73
     7
 74
     0
 42
0.0000000001
 43
0.0000000001
 40
0.0
 40
0.0
 40
0.0
 40
0.0
 40
1.0
 40
1.0
 40
1.0
 40
2.0
 40
2.0
 40
2.0
 40
2.0
 10
368.6284418491917
 20
225.650142162476
 30
0.0
 10
368.6301410565916
 20
225.6399617353763
 30
0.0
 10
368.6316054589957
 20
225.6297425166123
 30
0.0
 10
368.6328487352432
 20
225.6194935903764
 30
0.0
 10
368.6367138589313
 20
225.587631510118
 30
0.0
 10
368.6384418491917
 20
225.5554823139759
 30
0.0
 10
368.6384418491917
 20
225.5233953618756
 30
0.0
  0
SPLINE
  5
45E
330
70
100
AcDbEntity
  8
0
 62
     7
370
    25
100
AcDbSpline
210
0.0
220
0.0
230
1.0
 70
     8
 71
     3
 72
    17
 73
    13
 74
     0
 42
0.0000000001
 43
0.0000000001
 40
0.0
 40
0.0
 40
0.0
 40
0.0
 40
1.0
 40
1.0
 40
1.0
 40
2.0
 40
2.0
 40
2.0
 40
3.0
 40
3.0
 40
3.0
 40
4.0
 40
4.0
 40
4.0
 40
4.0
 10
333.5381304750915
 20
219.7978404855761
 30
0.0
 10
333.5381304750915
 20
219.6995019266759
 30
0.0
 10
333.5344237750665
 20
219.601119819005
 30
0.0
 10
333.5266541596435
 20
219.5030481117342
 30
0.0
 10
333.5190790869703
 20
219.4074320137159
 30
0.0
 10
333.5076420136613
 20
219.3121109665243
 30
0.0
 10
333.4913080709082
 20
219.2175993722579
 30
0.0
 10
333.4757517788569
 20
219.1275874268926
 30
0.0
 10
333.4557537927292
 20
219.0383096939272
 30
0.0
 10
333.4296250859113
 20
218.950699461588
 30
0.0
 10
333.4051581713434
 20
218.8686612618103
 30
0.0
 10
333.3753155680917
 20
218.7880852007761
 30
0.0
 10
333.3384418491915
 20
218.7109405458757
 30
0.0
  0
SPLINE
  5
45F
330
70
100
AcDbEntity
  8
0
 62
     7
370
    25
100
AcDbSpline
210
0.0
220
0.0
230
1.0
 70
     8
 71
     3
 72
    17
 73
    13
 74
     0
 42
0.0000000001
 43
0.0000000001
 40
0.0
 40
0.0
 40
0.0
 40
0.0
 40
1.0
 40
1.0
 40
1.0
 40
2.0
 40
2.0
 40
2.0
 40
3.0
 40
3.0
 40
3.0
 40
4.0
 40
4.0
 40
4.0
 40
4.0
 10
333.3384418491915
 20
220.884740425276
 30
0.0
 10
333.3753155642915
 20
220.807595778176
 30
0.0
 10
333.4051581651536
 20
220.7270197256873
 30
0.0
 10
333.4296250783406
 20
220.6449815346137
 30
0.0
 10
333.455753784373
 20
220.5573713092581
 30
0.0
 10
333.4757517705412
 20
220.4680935833686
 30
0.0
 10
333.4913080630351
 20
220.3780816450916
 30
0.0
 10
333.5076420081767
 20
220.2835700471386
 30
0.0
 10
333.5190790831631
 20
220.1882489960834
 30
0.0
 10
333.5266541570581
 20
220.0926328940814
 30
0.0
 10
333.5344237743202
 20
219.9945611753164
 30
0.0
 10
333.5381304750915
 20
219.8961790559763
 30
0.0
 10
333.5381304750915
 20
219.7978404855761
 30
0.0
  0
SPLINE
  5
460
330
70
100
AcDbEntity
  8
0
 62
     7
370
    25
100
AcDbSpline
210
0.0
220
0.0
230
1.0
 70
     8
 71
     3
 72
    35
 73
    31
 74
     0
 42
0.0000000001
 43
0.0000000001
 40
0.0
 40
0.0
 40
0.0
 40
0.0
 40
1.0
 40
1.0
 40
1.0
 40
2.0
 40
2.0
 40
2.0
 40
3.0
 40
3.0
 40
3.0
 40
4.0
 40
4.0
 40
4.0
 40
5.0
 40
5.0
 40
5.0
 40
6.0
 40
6.0
 40
6.0
 40
7.0
 40
7.0
 40
7.0
 40
8.0
 40
8.0
 40
8.0
 40
9.0
 40
9.0
 40
9.0
 40
10.0
 40
10.0
 40
10.0
 40
10.0
 10
333.5384418491914
 20
179.1653031854758
 30
0.0
 10
333.5254351025918
 20
179.1653031854758
 30
0.0
 10
333.5124282204813
 20
179.1653908358034
 30
0.0
 10
333.4994225302915
 20
179.1655712681124
 30
0.0
 10
333.4869151133578
 20
179.1657447877095
 30
0.0
 10
333.4744087987656
 20
179.1660041161587
 30
0.0
 10
333.461905630937
 20
179.1663651845206
 30
0.0
 10
333.4503765488729
 20
179.1666981230875
 30
0.0
 10
333.4388501423626
 20
179.1671175665524
 30
0.0
 10
333.4273278461502
 20
179.1676544137674
 30
0.0
 10
333.41721906724
 20
179.1681254023365
 30
0.0
 10
333.4071134520119
 20
179.1686867561226
 30
0.0
 10
333.3970204929928
 20
179.1693894250534
 30
0.0
 10
333.3887212013871
 20
179.1699672193697
 30
0.0
 10
333.3804304673174
 20
179.1706405643562
 30
0.0
 10
333.3721480876649
 20
179.1715035591809
 30
0.0
 10
333.3659638362791
 20
179.1721479364206
 30
0.0
 10
333.3597842426871
 20
179.1728980481025
 30
0.0
 10
333.3536662291389
 20
179.173915583493
 30
0.0
 10
333.3514549024561
 20
179.1742833667841
 30
0.0
 10
333.3492516207522
 20
179.1746860870138
 30
0.0
 10
333.3470538710805
 20
179.1752046048934
 30
0.0
 10
333.3454389196699
 20
179.1755856224367
 30
0.0
 10
333.3438269553407
 20
179.1760291662052
 30
0.0
 10
333.3422849712629
 20
179.1765326300981
 30
0.0
 10
333.3412936530571
 20
179.1768562994084
 30
0.0
 10
333.3403312577549
 20
179.1772047337608
 30
0.0
 10
333.3394051731508
 20
179.177887303076
 30
0.0
 10
333.3389184971854
 20
179.1782460068905
 30
0.0
 10
333.3384418491915
 20
179.1786969891759
 30
0.0
 10
333.3384418491915
 20
179.1792544801763
 30
0.0
  0
SPLINE
  5
461
330
70
100
AcDbEntity
  8
0
 62
     7
370
    25
100
AcDbSpline
210
0.0
220
0.0
230
1.0
 70
     8
 71
     3
 72
    41
 73
    37
 74
     0
 42
0.0000000001
 43
0.0000000001
 40
0.0
 40
0.0
 40
0.0
 40
0.0
 40
1.0
 40
1.0
 40
1.0
 40
2.0
 40
2.0
 40
2.0
 40
3.0
 40
3.0
 40
3.0
 40
4.0
 40
4.0
 40
4.0
 40
5.0
 40
5.0
 40
5.0
 40
6.0
 40
6.0
 40
6.0
 40
7.0
 40
7.0
 40
7.0
 40
8.0
 40
8.0
 40
8.0
 40
9.0
 40
9.0
 40
9.0
 40
10.0
 40
10.0
 40
10.0
 40
11.0
 40
11.0
 40
11.0
 40
12.0
 40
12.0
 40
12.0
 40
12.0
 10
333.5384418491914
 20
194.8013325624762
 30
0.0
 10
333.525431512192
 20
194.8013328106761
 30
0.0
 10
333.5124211456069
 20
194.801376529272
 30
0.0
 10
333.4994110691957
 20
194.8014668219166
 30
0.0
 10
333.4869021562761
 20
194.8015536363819
 30
0.0
 10
333.4743935116047
 20
194.8016835058315
 30
0.0
 10
333.4618856860345
 20
194.8018645047254
 30
0.0
 10
333.4503578133477
 20
194.802031322866
 30
0.0
 10
333.4388306364411
 20
194.8022415726015
 30
0.0
 10
333.4273043955829
 20
194.8025101558776
 30
0.0
 10
333.4172009283371
 20
194.8027455858295
 30
0.0
 10
333.4070981803147
 20
194.8030258370175
 30
0.0
 10
333.3969989101368
 20
194.8033789275401
 30
0.0
 10
333.3926059261074
 20
194.8035325149774
 30
0.0
 10
333.388213600114
 20
194.8036998841925
 30
0.0
 10
333.3838209879235
 20
194.8038868229078
 30
0.0
 10
333.3799234000573
 20
194.8040526946112
 30
0.0
 10
333.3760255868654
 20
194.8042339735898
 30
0.0
 10
333.3721324253423
 20
194.8044373636405
 30
0.0
 10
333.3687708073319
 20
194.8046129843165
 30
0.0
 10
333.3654126574945
 20
194.8048050904754
 30
0.0
 10
333.3620456587087
 20
194.8050252090102
 30
0.0
 10
333.3592429507937
 20
194.8052084368634
 30
0.0
 10
333.3564341114541
 20
194.8054110744563
 30
0.0
 10
333.353657972176
 20
194.8056446066587
 30
0.0
 10
333.3514660959583
 20
194.805828989944
 30
0.0
 10
333.3492946041487
 20
194.8060326321639
 30
0.0
 10
333.3470489511759
 20
194.8062899725933
 30
0.0
 10
333.3454215000506
 20
194.8064764702301
 30
0.0
 10
333.3437550989533
 20
194.8066911705495
 30
0.0
 10
333.3422826924612
 20
194.8069549018371
 30
0.0
 10
333.3413781127756
 20
194.8071169263639
 30
0.0
 10
333.3405467527773
 20
194.8072974567255
 30
0.0
 10
333.339404589077
 20
194.8076313572864
 30
0.0
 10
333.3389480481198
 20
194.80776482264
 30
0.0
 10
333.3384418491915
 20
194.8079227923762
 30
0.0
 10
333.3384418491915
 20
194.808316716376
 30
0.0
  0
SPLINE
  5
462
330
70
100
AcDbEntity
  8
0
 62
     7
370
    25
100
AcDbSpline
210
0.0
220
0.0
230
1.0
 70
     8
 71
     3
 72
    32
 73
    28
 74
     0
 42
0.0000000001
 43
0.0000000001
 40
0.0
 40
0.0
 40
0.0
 40
0.0
 40
1.0
 40
1.0
 40
1.0
 40
2.0
 40
2.0
 40
2.0
 40
3.0
 40
3.0
 40
3.0
 40
4.0
 40
4.0
 40
4.0
 40
5.0
 40
5.0
 40
5.0
 40
6.0
 40
6.0
 40
6.0
 40
7.0
 40
7.0
 40
7.0
 40
8.0
 40
8.0
 40
8.0
 40
9.0
 40
9.0
 40
9.0
 40
9.0
 10
333.5384418491914
 20
199.100625295676
 30
0.0
 10
333.5129243390917
 20
199.100625295676
 30
0.0
 10
333.4874005888281
 20
199.1011064148807
 30
0.0
 10
333.4619056308742
 20
199.1022055477668
 30
0.0
 10
333.4503721799497
 20
199.1027027753063
 30
0.0
 10
333.4388446213476
 20
199.1033264788196
 30
0.0
 10
333.42732784607
 20
199.1041239178757
 30
0.0
 10
333.4172124156399
 20
199.1048243256805
 30
0.0
 10
333.4071053039902
 20
199.1056587615137
 30
0.0
 10
333.3970204929909
 20
199.1067056105594
 30
0.0
 10
333.3887083361549
 20
199.1075684500763
 30
0.0
 10
333.3804113292083
 20
199.108575591963
 30
0.0
 10
333.3721480876796
 20
199.1098514371139
 30
0.0
 10
333.3659426775316
 20
199.1108095529361
 30
0.0
 10
333.3597563093688
 20
199.1119192037854
 30
0.0
 10
333.3536662290664
 20
199.1134405236725
 30
0.0
 10
333.3514391356855
 20
199.1139968581176
 30
0.0
 10
333.3492249189384
 20
199.1146082453138
 30
0.0
 10
333.347053871026
 20
199.1153585844896
 30
0.0
 10
333.3454260855544
 20
199.1159211659063
 30
0.0
 10
333.3438225676273
 20
199.1165618597723
 30
0.0
 10
333.3422849712526
 20
199.1173346828169
 30
0.0
 10
333.3412379327246
 20
199.1178609428398
 30
0.0
 10
333.340221462269
 20
199.1184484716625
 30
0.0
 10
333.3394051731598
 20
199.1193504330338
 30
0.0
 10
333.3388824704418
 20
199.1199279951436
 30
0.0
 10
333.3384418491915
 20
199.1206344857759
 30
0.0
 10
333.3384418491915
 20
199.1213847893759
 30
0.0
  0
SPLINE
  5
463
330
70
100
AcDbEntity
  8
0
 62
     7
370
    25
100
AcDbSpline
210
0.0
220
0.0
230
1.0
 70
     8
 71
     3
 72
    41
 73
    37
 74
     0
 42
0.0000000001
 43
0.0000000001
 40
0.0
 40
0.0
 40
0.0
 40
0.0
 40
1.0
 40
1.0
 40
1.0
 40
2.0
 40
2.0
 40
2.0
 40
3.0
 40
3.0
 40
3.0
 40
4.0
 40
4.0
 40
4.0
 40
5.0
 40
5.0
 40
5.0
 40
6.0
 40
6.0
 40
6.0
 40
7.0
 40
7.0
 40
7.0
 40
8.0
 40
8.0
 40
8.0
 40
9.0
 40
9.0
 40
9.0
 40
10.0
 40
10.0
 40
10.0
 40
11.0
 40
11.0
 40
11.0
 40
12.0
 40
12.0
 40
12.0
 40
12.0
 10
333.5384418491914
 20
212.0665637422763
 30
0.0
 10
333.5254353134919
 20
212.0665637422763
 30
0.0
 10
333.512428736544
 20
212.0666123644349
 30
0.0
 10
333.4994225251092
 20
212.0667123779043
 30
0.0
 10
333.4869163479175
 20
212.066808546276
 30
0.0
 10
333.4744105086747
 20
212.0669522303579
 30
0.0
 10
333.4619056401615
 20
212.0671525556554
 30
0.0
 10
333.4503787366906
 20
212.0673372141634
 30
0.0
 10
333.4388526580513
 20
212.0675700008713
 30
0.0
 10
333.4273278358439
 20
212.0678673558308
 30
0.0
 10
333.4172234351622
 20
212.0681280621221
 30
0.0
 10
333.4071200002895
 20
212.0684384015446
 30
0.0
 10
333.3970204930057
 20
212.0688293135327
 30
0.0
 10
333.3926264886877
 20
212.0689993880639
 30
0.0
 10
333.3882332278106
 20
212.0691847139267
 30
0.0
 10
333.3838399974933
 20
212.0693917691757
 30
0.0
 10
333.3799411893946
 20
212.0695755220468
 30
0.0
 10
333.3760424053642
 20
212.0697763885911
 30
0.0
 10
333.3721481001401
 20
212.0700014719228
 30
0.0
 10
333.3687847661091
 20
212.0701958661431
 30
0.0
 10
333.3654247728159
 20
212.0704083236407
 30
0.0
 10
333.3620576049392
 20
212.07065256743
 30
0.0
 10
333.3592539072439
 20
212.0708559388612
 30
0.0
 10
333.3564452352768
 20
212.0710813483185
 30
0.0
 10
333.3536662174754
 20
212.0713387934357
 30
0.0
 10
333.3514709513953
 20
212.0715421604424
 30
0.0
 10
333.3492941898164
 20
212.0717655180273
 30
0.0
 10
333.3470538808671
 20
212.0720534760775
 30
0.0
 10
333.3454284612853
 20
212.0722623993394
 30
0.0
 10
333.3437695904241
 20
212.0725053282283
 30
0.0
 10
333.3422849749501
 20
212.0727897860439
 30
0.0
 10
333.3413693184622
 20
212.0729652292127
 30
0.0
 10
333.3405199482172
 20
212.0731564698646
 30
0.0
 10
333.3394051707078
 20
212.0735408702265
 30
0.0
 10
333.3389460219102
 20
212.0736991950602
 30
0.0
 10
333.3384418491915
 20
212.073890287676
 30
0.0
 10
333.3384418491915
 20
212.0742988865759
 30
0.0
  0
SPLINE
  5
464
330
70
100
AcDbEntity
  8
0
 62
     7
370
    25
100
AcDbSpline
210
0.0
220
0.0
230
1.0
 70
     8
 71
     3
 72
    41
 73
    37
 74
     0
 42
0.0000000001
 43
0.0000000001
 40
0.0
 40
0.0
 40
0.0
 40
0.0
 40
1.0
 40
1.0
 40
1.0
 40
2.0
 40
2.0
 40
2.0
 40
3.0
 40
3.0
 40
3.0
 40
4.0
 40
4.0
 40
4.0
 40
5.0
 40
5.0
 40
5.0
 40
6.0
 40
6.0
 40
6.0
 40
7.0
 40
7.0
 40
7.0
 40
8.0
 40
8.0
 40
8.0
 40
9.0
 40
9.0
 40
9.0
 40
10.0
 40
10.0
 40
10.0
 40
11.0
 40
11.0
 40
11.0
 40
12.0
 40
12.0
 40
12.0
 40
12.0
 10
333.5384418491914
 20
227.5291174311761
 30
0.0
 10
333.5254353543919
 20
227.5291174311761
 30
0.0
 10
333.5124288183247
 20
227.5290688130595
 30
0.0
 10
333.4994226478713
 20
227.5289687991986
 30
0.0
 10
333.4869164753961
 20
227.5288726301841
 30
0.0
 10
333.4744106409635
 20
227.5287289410956
 30
0.0
 10
333.461905777016
 20
227.5285286189502
 30
0.0
 10
333.4503788528317
 20
227.5283439629486
 30
0.0
 10
333.4388527532749
 20
227.5281111854722
 30
0.0
 10
333.4273279110799
 20
227.5278138112406
 30
0.0
 10
333.4172236124777
 20
227.5275530911392
 30
0.0
 10
333.407120280377
 20
227.5272427171715
 30
0.0
 10
333.3970208733651
 20
227.5268518451209
 30
0.0
 10
333.3926266707665
 20
227.5266817786032
 30
0.0
 10
333.3882332112176
 20
227.526496473174
 30
0.0
 10
333.3838397826903
 20
227.5262894107033
 30
0.0
 10
333.379941100192
 20
227.5261056656333
 30
0.0
 10
333.3760424421213
 20
227.5259047877592
 30
0.0
 10
333.3721482648168
 20
227.5256796985598
 30
0.0
 10
333.3687849324452
 20
227.5254852929815
 30
0.0
 10
333.3654249424895
 20
227.5252728270314
 30
0.0
 10
333.362057769623
 20
227.5250285986191
 30
0.0
 10
333.3592540030837
 20
227.5248252352996
 30
0.0
 10
333.3564452562699
 20
227.5245998494587
 30
0.0
 10
333.3536661868574
 20
227.5243423745905
 30
0.0
 10
333.3514710244963
 20
227.5241389974674
 30
0.0
 10
333.3492943786986
 20
227.5239155991
 30
0.0
 10
333.347054132347
 20
227.5236277262385
 30
0.0
 10
333.3454285718057
 20
227.5234188408344
 30
0.0
 10
333.3437695243099
 20
227.5231760083299
 30
0.0
 10
333.3422848804041
 20
227.5228913824771
 30
0.0
 10
333.3413693546226
 20
227.5227158640882
 30
0.0
 10
333.3405201499796
 20
227.5225244527778
 30
0.0
 10
333.3394053745422
 20
227.5221402150546
 30
0.0
 10
333.338946145642
 20
227.5219819293041
 30
0.0
 10
333.3384418491915
 20
227.521790920776
 30
0.0
 10
333.3384418491915
 20
227.5213822866756
 30
0.0
  0
SPLINE
  5
465
330
70
100
AcDbEntity
  8
0
 62
     7
370
    25
100
AcDbSpline
210
0.0
220
0.0
230
1.0
 70
     8
 71
     3
 72
    32
 73
    28
 74
     0
 42
0.0000000001
 43
0.0000000001
 40
0.0
 40
0.0
 40
0.0
 40
0.0
 40
1.0
 40
1.0
 40
1.0
 40
2.0
 40
2.0
 40
2.0
 40
3.0
 40
3.0
 40
3.0
 40
4.0
 40
4.0
 40
4.0
 40
5.0
 40
5.0
 40
5.0
 40
6.0
 40
6.0
 40
6.0
 40
7.0
 40
7.0
 40
7.0
 40
8.0
 40
8.0
 40
8.0
 40
9.0
 40
9.0
 40
9.0
 40
9.0
 10
333.5384418491914
 20
240.4945576572756
 30
0.0
 10
333.5129244151914
 20
240.4945576572756
 30
0.0
 10
333.4874007698226
 20
240.4940777569545
 30
0.0
 10
333.46190577705
 20
240.49298140007
 30
0.0
 10
333.4503723377974
 20
240.4924854295221
 30
0.0
 10
333.4388447622455
 20
240.4918633022629
 30
0.0
 10
333.4273279110754
 20
240.4910678515971
 30
0.0
 10
333.4172126474576
 20
240.4903692063626
 30
0.0
 10
333.4071056567662
 20
240.4895368572153
 30
0.0
 10
333.3970208733689
 20
240.4884926572784
 30
0.0
 10
333.3887087674473
 20
240.4876320041399
 30
0.0
 10
333.3804117478913
 20
240.4866274316886
 30
0.0
 10
333.3721482647943
 20
240.485354807435
 30
0.0
 10
333.3659429730045
 20
240.4843991565631
 30
0.0
 10
333.3597565922515
 20
240.4832923526583
 30
0.0
 10
333.3536661868921
 20
240.4817747758505
 30
0.0
 10
333.3514393350812
 20
240.4812199000323
 30
0.0
 10
333.3492253139638
 20
240.4806101090816
 30
0.0
 10
333.3470541323541
 20
240.4798616540247
 30
0.0
 10
333.3454263407798
 20
240.479300517715
 30
0.0
 10
333.3438226288332
 20
240.4786614398005
 30
0.0
 10
333.3422848804322
 20
240.4778904533396
 30
0.0
 10
333.3412383266591
 20
240.4773657389008
 30
0.0
 10
333.3402223260729
 20
240.4767799266769
 30
0.0
 10
333.3394053745538
 20
240.4758795695353
 30
0.0
 10
333.3388829059084
 20
240.4753037601211
 30
0.0
 10
333.3384418491915
 20
240.4745993004759
 30
0.0
 10
333.3384418491915
 20
240.4738505865762
 30
0.0
  0
SPLINE
  5
466
330
70
100
AcDbEntity
  8
0
 62
     7
370
    25
100
AcDbSpline
210
0.0
220
0.0
230
1.0
 70
     8
 71
     3
 72
    41
 73
    37
 74
     0
 42
0.0000000001
 43
0.0000000001
 40
0.0
 40
0.0
 40
0.0
 40
0.0
 40
1.0
 40
1.0
 40
1.0
 40
2.0
 40
2.0
 40
2.0
 40
3.0
 40
3.0
 40
3.0
 40
4.0
 40
4.0
 40
4.0
 40
5.0
 40
5.0
 40
5.0
 40
6.0
 40
6.0
 40
6.0
 40
7.0
 40
7.0
 40
7.0
 40
8.0
 40
8.0
 40
8.0
 40
9.0
 40
9.0
 40
9.0
 40
10.0
 40
10.0
 40
10.0
 40
11.0
 40
11.0
 40
11.0
 40
12.0
 40
12.0
 40
12.0
 40
12.0
 10
333.5384418491914
 20
244.7943484085759
 30
0.0
 10
333.5254315104914
 20
244.7943486215764
 30
0.0
 10
333.5124211424928
 20
244.7943045143326
 30
0.0
 10
333.4994110640634
 20
244.7942141027791
 30
0.0
 10
333.486902155977
 20
244.7941271740318
 30
0.0
 10
333.4743935155807
 20
244.7939974397029
 30
0.0
 10
333.4618856955207
 20
244.7938164793147
 30
0.0
 10
333.4503578165986
 20
244.7936496964988
 30
0.0
 10
333.438830634507
 20
244.793439399933
 30
0.0
 10
333.4273043854678
 20
244.7931708118673
 30
0.0
 10
333.4172009202292
 20
244.7929353779307
 30
0.0
 10
333.4070981719097
 20
244.7926551551414
 30
0.0
 10
333.3969989100001
 20
244.7923020434761
 30
0.0
 10
333.3926059345996
 20
244.7921484470178
 30
0.0
 10
333.3882136188542
 20
244.7919810594402
 30
0.0
 10
333.3838210078483
 20
244.7917941333577
 30
0.0
 10
333.379923413499
 20
244.7916282725426
 30
0.0
 10
333.3760255866877
 20
244.7914470287963
 30
0.0
 10
333.3721324378483
 20
244.7912436376443
 30
0.0
 10
333.3687708231383
 20
244.7910680156178
 30
0.0
 10
333.3654126962274
 20
244.7908758809432
 30
0.0
 10
333.3620456433901
 20
244.7906557953407
 30
0.0
 10
333.359242893474
 20
244.7904725950956
 30
0.0
 10
333.356433958808
 20
244.7902700277306
 30
0.0
 10
333.3536579604432
 20
244.7900361594639
 30
0.0
 10
333.3514662190131
 20
244.7898515128241
 30
0.0
 10
333.3492950088169
 20
244.7896473543965
 30
0.0
 10
333.3470489609137
 20
244.7893911933152
 30
0.0
 10
333.3454212323127
 20
244.789205551363
 30
0.0
 10
333.3437541988356
 20
244.7889925975388
 30
0.0
 10
333.3422826961304
 20
244.788726810492
 30
0.0
 10
333.3413784443261
 20
244.7885634819329
 30
0.0
 10
333.3405480291321
 20
244.7883802024156
 30
0.0
 10
333.3394045866783
 20
244.7880473240735
 30
0.0
 10
333.3389481565407
 20
244.7879144483813
 30
0.0
 10
333.3384418491915
 20
244.787757735876
 30
0.0
 10
333.3384418491915
 20
244.7873642546765
 30
0.0
  0
SPLINE
  5
467
330
70
100
AcDbEntity
  8
0
 62
     7
370
    25
100
AcDbSpline
210
0.0
220
0.0
230
1.0
 70
     8
 71
     3
 72
    35
 73
    31
 74
     0
 42
0.0000000001
 43
0.0000000001
 40
0.0
 40
0.0
 40
0.0
 40
0.0
 40
1.0
 40
1.0
 40
1.0
 40
2.0
 40
2.0
 40
2.0
 40
3.0
 40
3.0
 40
3.0
 40
4.0
 40
4.0
 40
4.0
 40
5.0
 40
5.0
 40
5.0
 40
6.0
 40
6.0
 40
6.0
 40
7.0
 40
7.0
 40
7.0
 40
8.0
 40
8.0
 40
8.0
 40
9.0
 40
9.0
 40
9.0
 40
10.0
 40
10.0
 40
10.0
 40
10.0
 10
333.5384418491914
 20
260.4303777856765
 30
0.0
 10
333.5254351008919
 20
260.4303777856765
 30
0.0
 10
333.5124282170463
 20
260.4302901349189
 30
0.0
 10
333.4994225251406
 20
260.4301097027454
 30
0.0
 10
333.4869151130588
 20
260.429936183369
 30
0.0
 10
333.4744088033338
 20
260.4296768557539
 30
0.0
 10
333.4619056403874
 20
260.4293157874235
 30
0.0
 10
333.4503765517708
 20
260.4289828485666
 30
0.0
 10
333.4388501387242
 20
260.4285634039646
 30
0.0
 10
333.4273278359273
 20
260.4280265564339
 30
0.0
 10
333.4172190604097
 20
260.4275555680156
 30
0.0
 10
333.4071134485301
 20
260.4269942151766
 30
0.0
 10
333.3970204929524
 20
260.4262915460354
 30
0.0
 10
333.3887212055036
 20
260.4257137516382
 30
0.0
 10
333.3804304756499
 20
260.4250404058181
 30
0.0
 10
333.3721481000156
 20
260.4241774126593
 30
0.0
 10
333.3659638405618
 20
260.4235330355094
 30
0.0
 10
333.3597842388074
 20
260.4227829249325
 30
0.0
 10
333.3536662173548
 20
260.4217653869791
 30
0.0
 10
333.3514548977447
 20
260.4213976044124
 30
0.0
 10
333.3492516230752
 20
260.4209948847417
 30
0.0
 10
333.3470538808087
 20
260.4204763679722
 30
0.0
 10
333.3454389276655
 20
260.4200953495523
 30
0.0
 10
333.3438269618315
 20
260.419651804648
 30
0.0
 10
333.3422849749745
 20
260.4191483413679
 30
0.0
 10
333.3412936543861
 20
260.4188246722566
 30
0.0
 10
333.3403312562085
 20
260.4184762387948
 30
0.0
 10
333.3394051707476
 20
260.4177936676085
 30
0.0
 10
333.3389184957345
 20
260.4174349638434
 30
0.0
 10
333.3384418491915
 20
260.4169839813764
 30
0.0
 10
333.3384418491915
 20
260.4164264908758
 30
0.0
  0
SPLINE
  5
468
330
70
100
AcDbEntity
  8
0
 62
     7
370
    25
100
AcDbSpline
210
0.0
220
0.0
230
1.0
 70
     8
 71
     3
 72
    11
 73
     7
 74
     0
 42
0.0000000001
 43
0.0000000001
 40
0.0
 40
0.0
 40
0.0
 40
0.0
 40
1.0
 40
1.0
 40
1.0
 40
2.0
 40
2.0
 40
2.0
 40
2.0
 10
333.7874513480914
 20
213.9154905838762
 30
0.0
 10
333.7922619137915
 20
213.9266767493757
 30
0.0
 10
333.796702823156
 20
213.9380207634188
 30
0.0
 10
333.8007785938206
 20
213.9495028036038
 30
0.0
 10
333.8133157509585
 20
213.9848218031046
 30
0.0
 10
333.8223979997918
 20
214.0214467930761
 30
0.0
 10
333.8284418491917
 20
214.0584117251761
 30
0.0
  0
SPLINE
  5
469
330
70
100
AcDbEntity
  8
0
 62
     7
370
    25
100
AcDbSpline
210
0.0
220
0.0
230
1.0
 70
     8
 71
     3
 72
    14
 73
    10
 74
     0
 42
0.0000000001
 43
0.0000000001
 40
0.0
 40
0.0
 40
0.0
 40
0.0
 40
1.0
 40
1.0
 40
1.0
 40
2.0
 40
2.0
 40
2.0
 40
3.0
 40
3.0
 40
3.0
 40
3.0
 10
333.5384418491914
 20
213.3428574793764
 30
0.0
 10
333.582181877592
 20
213.453723504876
 30
0.0
 10
333.6295287298935
 20
213.5631617550375
 30
0.0
 10
333.6782831509753
 20
213.671923736488
 30
0.0
 10
333.6982612626962
 20
213.7164911617227
 30
0.0
 10
333.7184757216339
 20
213.7609450335523
 30
0.0
 10
333.7385942835758
 20
213.8054468678445
 30
0.0
 10
333.7551274621016
 20
213.8420179097112
 30
0.0
 10
333.771595878092
 20
213.8786213422758
 30
0.0
 10
333.7874513480914
 20
213.9154905838762
 30
0.0
  0
SPLINE
  5
46A
330
70
100
AcDbEntity
  8
0
 62
     7
370
    25
100
AcDbSpline
210
0.0
220
0.0
230
1.0
 70
     8
 71
     3
 72
    59
 73
    55
 74
     0
 42
0.0000000001
 43
0.0000000001
 40
0.0
 40
0.0
 40
0.0
 40
0.0
 40
1.0
 40
1.0
 40
1.0
 40
2.0
 40
2.0
 40
2.0
 40
3.0
 40
3.0
 40
3.0
 40
4.0
 40
4.0
 40
4.0
 40
5.0
 40
5.0
 40
5.0
 40
6.0
 40
6.0
 40
6.0
 40
7.0
 40
7.0
 40
7.0
 40
8.0
 40
8.0
 40
8.0
 40
9.0
 40
9.0
 40
9.0
 40
10.0
 40
10.0
 40
10.0
 40
11.0
 40
11.0
 40
11.0
 40
12.0
 40
12.0
 40
12.0
 40
13.0
 40
13.0
 40
13.0
 40
14.0
 40
14.0
 40
14.0
 40
15.0
 40
15.0
 40
15.0
 40
16.0
 40
16.0
 40
16.0
 40
17.0
 40
17.0
 40
17.0
 40
18.0
 40
18.0
 40
18.0
 40
18.0
 10
333.3384418491915
 20
213.1921143969762
 30
0.0
 10
333.3384418491915
 20
213.1661377621759
 30
0.0
 10
333.3394782812441
 20
213.140120809022
 30
0.0
 10
333.3433482415834
 20
213.114339096799
 30
0.0
 10
333.345191552089
 20
213.1020589448505
 30
0.0
 10
333.3476777153665
 20
213.0898321628591
 30
0.0
 10
333.3519664590106
 20
213.0782344488875
 30
0.0
 10
333.3538516188129
 20
213.073136558691
 30
0.0
 10
333.3560850604339
 20
213.068160212564
 30
0.0
 10
333.3592349400661
 20
213.063626859459
 30
0.0
 10
333.3617472022921
 20
213.060011174705
 30
0.0
 10
333.3648424330527
 20
213.056677288599
 30
0.0
 10
333.3687206843785
 20
213.0547181614908
 30
0.0
 10
333.3703466677378
 20
213.0538967840689
 30
0.0
 10
333.3721102875468
 20
213.0533170566836
 30
0.0
 10
333.3739166812665
 20
213.0530543346911
 30
0.0
 10
333.37564485975
 20
213.0528029883265
 30
0.0
 10
333.3774121881932
 20
213.0528417895797
 30
0.0
 10
333.3791360626139
 20
213.0531074844067
 30
0.0
 10
333.3827090899482
 20
213.0536581828033
 30
0.0
 10
333.3860954400251
 20
213.0551836096041
 30
0.0
 10
333.3892015564347
 20
213.0570734123621
 30
0.0
 10
333.3926196389668
 20
213.0591530194813
 30
0.0
 10
333.3956983698664
 20
213.0616738711429
 30
0.0
 10
333.3985950409843
 20
213.0643875415283
 30
0.0
 10
333.4017117481585
 20
213.0673073469234
 30
0.0
 10
333.4046176858925
 20
213.070450377316
 30
0.0
 10
333.4073816837768
 20
213.0737084584409
 30
0.0
 10
333.4102869507223
 20
213.0771330614225
 30
0.0
 10
333.4130353978242
 20
213.0806847762607
 30
0.0
 10
333.4156794634382
 20
213.0843118978769
 30
0.0
 10
333.4184163430403
 20
213.0880663414545
 30
0.0
 10
333.42104138438
 20
213.0919015786971
 30
0.0
 10
333.4235873208014
 20
213.0957880702478
 30
0.0
 10
333.428853584277
 20
213.1038272688423
 30
0.0
 10
333.4337813829244
 20
213.1120857683472
 30
0.0
 10
333.4385131785556
 20
213.1204517298695
 30
0.0
 10
333.4433798156303
 20
213.1290560952488
 30
0.0
 10
333.4480391195683
 20
213.1377741345791
 30
0.0
 10
333.4525601151618
 20
213.1465630690797
 30
0.0
 10
333.4571568530963
 20
213.1554992486877
 30
0.0
 10
333.4616106095784
 20
213.1645087188446
 30
0.0
 10
333.4659630935725
 20
213.1735664382412
 30
0.0
 10
333.470359859751
 20
213.1827163108998
 30
0.0
 10
333.4746532822654
 20
213.1919154195682
 30
0.0
 10
333.4788687057887
 20
213.2011500154128
 30
0.0
 10
333.4831098882009
 20
213.2104410404465
 30
0.0
 10
333.4872721154641
 20
213.2197679876796
 30
0.0
 10
333.4913733051335
 20
213.2291216488975
 30
0.0
 10
333.4996097879149
 20
213.2479067517035
 30
0.0
 10
333.5076000858668
 20
213.2667996008579
 30
0.0
 10
333.5154235678051
 20
213.2857607213613
 30
0.0
 10
333.5232506455444
 20
213.3047305567075
 30
0.0
 10
333.5309107538918
 20
213.3237687261763
 30
0.0
 10
333.5384418491914
 20
213.3428574793764
 30
0.0
  0
SPLINE
  5
46B
330
70
100
AcDbEntity
  8
0
 62
     7
370
    25
100
AcDbSpline
210
0.0
220
0.0
230
1.0
 70
     8
 71
     3
 72
    59
 73
    55
 74
     0
 42
0.0000000001
 43
0.0000000001
 40
0.0
 40
0.0
 40
0.0
 40
0.0
 40
1.0
 40
1.0
 40
1.0
 40
2.0
 40
2.0
 40
2.0
 40
3.0
 40
3.0
 40
3.0
 40
4.0
 40
4.0
 40
4.0
 40
5.0
 40
5.0
 40
5.0
 40
6.0
 40
6.0
 40
6.0
 40
7.0
 40
7.0
 40
7.0
 40
8.0
 40
8.0
 40
8.0
 40
9.0
 40
9.0
 40
9.0
 40
10.0
 40
10.0
 40
10.0
 40
11.0
 40
11.0
 40
11.0
 40
12.0
 40
12.0
 40
12.0
 40
13.0
 40
13.0
 40
13.0
 40
14.0
 40
14.0
 40
14.0
 40
15.0
 40
15.0
 40
15.0
 40
16.0
 40
16.0
 40
16.0
 40
17.0
 40
17.0
 40
17.0
 40
18.0
 40
18.0
 40
18.0
 40
18.0
 10
333.5384418491914
 20
226.252823491776
 30
0.0
 10
333.5309107676915
 20
226.2719122099765
 30
0.0
 10
333.5232506708453
 20
226.2909503436436
 30
0.0
 10
333.5154236065772
 20
226.3099201439112
 30
0.0
 10
333.5076001376994
 20
226.3288812303328
 30
0.0
 10
333.4996098547594
 20
226.3477740461175
 30
0.0
 10
333.49137338805
 20
226.3665591162354
 30
0.0
 10
333.4872722063634
 20
226.3759127612221
 30
0.0
 10
333.4831099873447
 20
226.3852396923922
 30
0.0
 10
333.4788688122543
 20
226.3945307007552
 30
0.0
 10
333.4746533951531
 20
226.403765281903
 30
0.0
 10
333.4703599781176
 20
226.4129643752593
 30
0.0
 10
333.4659632281631
 20
226.4221142382666
 30
0.0
 10
333.4616107575767
 20
226.4311719536289
 30
0.0
 10
333.457157024908
 20
226.4401814252392
 30
0.0
 10
333.4525602897007
 20
226.4491175948193
 30
0.0
 10
333.4480393043943
 20
226.4579065046755
 30
0.0
 10
333.4433799908123
 20
226.4666245084935
 30
0.0
 10
333.4385133751716
 20
226.4752288569044
 30
0.0
 10
333.4337815876322
 20
226.4835948244683
 30
0.0
 10
333.4288538253993
 20
226.4918533469653
 30
0.0
 10
333.4235875811278
 20
226.4998925567819
 30
0.0
 10
333.4210416558848
 20
226.5037790508653
 30
0.0
 10
333.4184166218187
 20
226.5076142879667
 30
0.0
 10
333.4156797597023
 20
226.511368742178
 30
0.0
 10
333.4130357072212
 20
226.5149958792231
 30
0.0
 10
333.4102872824871
 20
226.5185476193327
 30
0.0
 10
333.4073820210345
 20
226.5219722262429
 30
0.0
 10
333.4046180590892
 20
226.525230274901
 30
0.0
 10
333.4017121451745
 20
226.528373256065
 30
0.0
 10
333.3985954772517
 20
226.53129305363
 30
0.0
 10
333.395698873337
 20
226.5340066879565
 30
0.0
 10
333.3926202268325
 20
226.5365275434079
 30
0.0
 10
333.3892022426818
 20
226.5386070970377
 30
0.0
 10
333.3860960119952
 20
226.54049697511
 30
0.0
 10
333.3827095224391
 20
226.5420223821278
 30
0.0
 10
333.3791363395275
 20
226.5425733018554
 30
0.0
 10
333.3774123840358
 20
226.5428391043941
 30
0.0
 10
333.3756449704714
 20
226.5428780679041
 30
0.0
 10
333.3739167104323
 20
226.5426267652361
 30
0.0
 10
333.3721102349384
 20
226.5423640894228
 30
0.0
 10
333.3703465370859
 20
226.541784279902
 30
0.0
 10
333.3687204869142
 20
226.5409628205735
 30
0.0
 10
333.3648424668587
 20
226.5390036954463
 30
0.0
 10
333.3617473735218
 20
226.5356700895414
 30
0.0
 10
333.3592352189979
 20
226.5320546527791
 30
0.0
 10
333.3560852502793
 20
226.5275212880516
 30
0.0
 10
333.3538518032681
 20
226.5225448166149
 30
0.0
 10
333.3519666222987
 20
226.51744681876
 30
0.0
 10
333.3476778978619
 20
226.5058490420326
 30
0.0
 10
333.3451916155139
 20
226.4936223083971
 30
0.0
 10
333.3433482444204
 20
226.4813421759512
 30
0.0
 10
333.3394781452828
 20
226.4555604274221
 30
0.0
 10
333.3384418491915
 20
226.4295433093759
 30
0.0
 10
333.3384418491915
 20
226.4035665741761
 30
0.0
  0
SPLINE
  5
46C
330
70
100
AcDbEntity
  8
0
 62
     7
370
    25
100
AcDbSpline
210
0.0
220
0.0
230
1.0
 70
     8
 71
     3
 72
    14
 73
    10
 74
     0
 42
0.0000000001
 43
0.0000000001
 40
0.0
 40
0.0
 40
0.0
 40
0.0
 40
1.0
 40
1.0
 40
1.0
 40
2.0
 40
2.0
 40
2.0
 40
3.0
 40
3.0
 40
3.0
 40
3.0
 10
333.7874513480914
 20
225.680190387176
 30
0.0
 10
333.7715958807917
 20
225.7170596224762
 30
0.0
 10
333.7551274679681
 20
225.7536630487957
 30
0.0
 10
333.7385942923703
 20
225.7902340843385
 30
0.0
 10
333.7184757312606
 20
225.8347359169751
 30
0.0
 10
333.698261272776
 20
225.8791897870202
 30
0.0
 10
333.6782831615916
 20
225.9237572105005
 30
0.0
 10
333.6295287363971
 20
226.0325191997669
 30
0.0
 10
333.5821818807915
 20
226.141957458076
 30
0.0
 10
333.5384418491914
 20
226.252823491776
 30
0.0
  0
SPLINE
  5
46D
330
70
100
AcDbEntity
  8
0
 62
     7
370
    25
100
AcDbSpline
210
0.0
220
0.0
230
1.0
 70
     8
 71
     3
 72
    11
 73
     7
 74
     0
 42
0.0000000001
 43
0.0000000001
 40
0.0
 40
0.0
 40
0.0
 40
0.0
 40
1.0
 40
1.0
 40
1.0
 40
2.0
 40
2.0
 40
2.0
 40
2.0
 10
333.8284418491917
 20
225.5372692459761
 30
0.0
 10
333.826391954692
 20
225.549806654576
 30
0.0
 10
333.8240026708251
 20
225.5622841851752
 30
0.0
 10
333.8212408841837
 20
225.5746944278375
 30
0.0
 10
333.8132134895275
 20
225.6107659744703
 30
0.0
 10
333.8020390821914
 20
225.646269052876
 30
0.0
 10
333.7874513480914
 20
225.680190387176
 30
0.0
  0
SPLINE
  5
46E
330
70
100
AcDbEntity
  8
0
 62
     7
370
    25
100
AcDbSpline
210
0.0
220
0.0
230
1.0
 70
     8
 71
     3
 72
    11
 73
     7
 74
     0
 42
0.0000000001
 43
0.0000000001
 40
0.0
 40
0.0
 40
0.0
 40
0.0
 40
1.0
 40
1.0
 40
1.0
 40
2.0
 40
2.0
 40
2.0
 40
2.0
 10
333.8384418491918
 20
214.0722856091759
 30
0.0
 10
333.8384418491918
 20
214.0613803651759
 30
0.0
 10
333.8382427273938
 20
214.050477080195
 30
0.0
 10
333.8378276720973
 20
214.039575642599
 30
0.0
 10
333.8366287254911
 20
214.0080852804122
 30
0.0
 10
333.8336279738916
 20
213.9766103332763
 30
0.0
 10
333.8284418491917
 20
213.9455388086756
 30
0.0
  0
SPLINE
  5
46F
330
70
100
AcDbEntity
  8
0
 62
     7
370
    25
100
AcDbSpline
210
0.0
220
0.0
230
1.0
 70
     8
 71
     3
 72
    11
 73
     7
 74
     0
 42
0.0000000001
 43
0.0000000001
 40
0.0
 40
0.0
 40
0.0
 40
0.0
 40
1.0
 40
1.0
 40
1.0
 40
2.0
 40
2.0
 40
2.0
 40
2.0
 10
333.8284418491917
 20
225.650142162476
 30
0.0
 10
333.8301410565916
 20
225.6399617353763
 30
0.0
 10
333.8316054589958
 20
225.6297425166123
 30
0.0
 10
333.8328487352433
 20
225.6194935903764
 30
0.0
 10
333.8367138589314
 20
225.587631510118
 30
0.0
 10
333.8384418491918
 20
225.5554823139759
 30
0.0
 10
333.8384418491918
 20
225.5233953618756
 30
0.0
  0
SPLINE
  5
470
330
70
100
AcDbEntity
  8
0
 62
     7
370
    25
100
AcDbSpline
210
0.0
220
0.0
230
1.0
 70
     8
 71
     3
 72
    17
 73
    13
 74
     0
 42
0.0000000001
 43
0.0000000001
 40
0.0
 40
0.0
 40
0.0
 40
0.0
 40
1.0
 40
1.0
 40
1.0
 40
2.0
 40
2.0
 40
2.0
 40
3.0
 40
3.0
 40
3.0
 40
4.0
 40
4.0
 40
4.0
 40
4.0
 10
350.9381304750915
 20
219.7978404855761
 30
0.0
 10
350.9381304750915
 20
219.6995019266759
 30
0.0
 10
350.9344237750665
 20
219.601119819005
 30
0.0
 10
350.9266541596435
 20
219.5030481117342
 30
0.0
 10
350.9190790869703
 20
219.4074320137159
 30
0.0
 10
350.9076420136613
 20
219.3121109665243
 30
0.0
 10
350.8913080709082
 20
219.2175993722579
 30
0.0
 10
350.8757517788569
 20
219.1275874268926
 30
0.0
 10
350.8557537927292
 20
219.0383096939272
 30
0.0
 10
350.8296250859113
 20
218.950699461588
 30
0.0
 10
350.8051581713434
 20
218.8686612618103
 30
0.0
 10
350.7753155680916
 20
218.7880852007761
 30
0.0
 10
350.7384418491914
 20
218.7109405458757
 30
0.0
  0
SPLINE
  5
471
330
70
100
AcDbEntity
  8
0
 62
     7
370
    25
100
AcDbSpline
210
0.0
220
0.0
230
1.0
 70
     8
 71
     3
 72
    17
 73
    13
 74
     0
 42
0.0000000001
 43
0.0000000001
 40
0.0
 40
0.0
 40
0.0
 40
0.0
 40
1.0
 40
1.0
 40
1.0
 40
2.0
 40
2.0
 40
2.0
 40
3.0
 40
3.0
 40
3.0
 40
4.0
 40
4.0
 40
4.0
 40
4.0
 10
350.7384418491914
 20
220.884740425276
 30
0.0
 10
350.7753155642915
 20
220.807595778176
 30
0.0
 10
350.8051581651536
 20
220.7270197256873
 30
0.0
 10
350.8296250783406
 20
220.6449815346137
 30
0.0
 10
350.855753784373
 20
220.5573713092581
 30
0.0
 10
350.8757517705411
 20
220.4680935833686
 30
0.0
 10
350.8913080630351
 20
220.3780816450916
 30
0.0
 10
350.9076420081767
 20
220.2835700471386
 30
0.0
 10
350.9190790831631
 20
220.1882489960834
 30
0.0
 10
350.9266541570581
 20
220.0926328940814
 30
0.0
 10
350.9344237743202
 20
219.9945611753164
 30
0.0
 10
350.9381304750915
 20
219.8961790559763
 30
0.0
 10
350.9381304750915
 20
219.7978404855761
 30
0.0
  0
SPLINE
  5
472
330
70
100
AcDbEntity
  8
0
 62
     7
370
    25
100
AcDbSpline
210
0.0
220
0.0
230
1.0
 70
     8
 71
     3
 72
    35
 73
    31
 74
     0
 42
0.0000000001
 43
0.0000000001
 40
0.0
 40
0.0
 40
0.0
 40
0.0
 40
1.0
 40
1.0
 40
1.0
 40
2.0
 40
2.0
 40
2.0
 40
3.0
 40
3.0
 40
3.0
 40
4.0
 40
4.0
 40
4.0
 40
5.0
 40
5.0
 40
5.0
 40
6.0
 40
6.0
 40
6.0
 40
7.0
 40
7.0
 40
7.0
 40
8.0
 40
8.0
 40
8.0
 40
9.0
 40
9.0
 40
9.0
 40
10.0
 40
10.0
 40
10.0
 40
10.0
 10
350.938441849192
 20
179.1653031854758
 30
0.0
 10
350.9254351025917
 20
179.1653031854758
 30
0.0
 10
350.9124282204813
 20
179.1653908358034
 30
0.0
 10
350.8994225302915
 20
179.1655712681124
 30
0.0
 10
350.8869151133578
 20
179.1657447877095
 30
0.0
 10
350.8744087987655
 20
179.1660041161587
 30
0.0
 10
350.861905630937
 20
179.1663651845206
 30
0.0
 10
350.8503765488728
 20
179.1666981230875
 30
0.0
 10
350.8388501423626
 20
179.1671175665524
 30
0.0
 10
350.8273278461502
 20
179.1676544137674
 30
0.0
 10
350.8172190672406
 20
179.1681254023365
 30
0.0
 10
350.8071134520119
 20
179.1686867561226
 30
0.0
 10
350.7970204929928
 20
179.1693894250534
 30
0.0
 10
350.7887212013871
 20
179.1699672193697
 30
0.0
 10
350.7804304673174
 20
179.1706405643562
 30
0.0
 10
350.7721480876648
 20
179.1715035591809
 30
0.0
 10
350.7659638362791
 20
179.1721479364206
 30
0.0
 10
350.7597842426871
 20
179.1728980481025
 30
0.0
 10
350.7536662291389
 20
179.173915583493
 30
0.0
 10
350.751454902456
 20
179.1742833667841
 30
0.0
 10
350.7492516207522
 20
179.1746860870138
 30
0.0
 10
350.7470538710805
 20
179.1752046048934
 30
0.0
 10
350.7454389196699
 20
179.1755856224367
 30
0.0
 10
350.7438269553407
 20
179.1760291662052
 30
0.0
 10
350.7422849712629
 20
179.1765326300981
 30
0.0
 10
350.7412936530571
 20
179.1768562994084
 30
0.0
 10
350.7403312577549
 20
179.1772047337608
 30
0.0
 10
350.7394051731508
 20
179.177887303076
 30
0.0
 10
350.738918497186
 20
179.1782460068905
 30
0.0
 10
350.7384418491914
 20
179.1786969891759
 30
0.0
 10
350.7384418491914
 20
179.1792544801763
 30
0.0
  0
SPLINE
  5
473
330
70
100
AcDbEntity
  8
0
 62
     7
370
    25
100
AcDbSpline
210
0.0
220
0.0
230
1.0
 70
     8
 71
     3
 72
    41
 73
    37
 74
     0
 42
0.0000000001
 43
0.0000000001
 40
0.0
 40
0.0
 40
0.0
 40
0.0
 40
1.0
 40
1.0
 40
1.0
 40
2.0
 40
2.0
 40
2.0
 40
3.0
 40
3.0
 40
3.0
 40
4.0
 40
4.0
 40
4.0
 40
5.0
 40
5.0
 40
5.0
 40
6.0
 40
6.0
 40
6.0
 40
7.0
 40
7.0
 40
7.0
 40
8.0
 40
8.0
 40
8.0
 40
9.0
 40
9.0
 40
9.0
 40
10.0
 40
10.0
 40
10.0
 40
11.0
 40
11.0
 40
11.0
 40
12.0
 40
12.0
 40
12.0
 40
12.0
 10
350.938441849192
 20
194.8013325624762
 30
0.0
 10
350.9254315121919
 20
194.8013328106761
 30
0.0
 10
350.9124211456069
 20
194.801376529272
 30
0.0
 10
350.8994110691956
 20
194.8014668219166
 30
0.0
 10
350.8869021562761
 20
194.8015536363819
 30
0.0
 10
350.8743935116046
 20
194.8016835058315
 30
0.0
 10
350.8618856860345
 20
194.8018645047254
 30
0.0
 10
350.8503578133477
 20
194.802031322866
 30
0.0
 10
350.8388306364411
 20
194.8022415726015
 30
0.0
 10
350.8273043955829
 20
194.8025101558776
 30
0.0
 10
350.8172009283371
 20
194.8027455858295
 30
0.0
 10
350.8070981803147
 20
194.8030258370175
 30
0.0
 10
350.7969989101367
 20
194.8033789275401
 30
0.0
 10
350.7926059261074
 20
194.8035325149774
 30
0.0
 10
350.788213600114
 20
194.8036998841925
 30
0.0
 10
350.7838209879235
 20
194.8038868229078
 30
0.0
 10
350.7799234000572
 20
194.8040526946112
 30
0.0
 10
350.7760255868654
 20
194.8042339735898
 30
0.0
 10
350.7721324253422
 20
194.8044373636405
 30
0.0
 10
350.7687708073319
 20
194.8046129843165
 30
0.0
 10
350.7654126574944
 20
194.8048050904754
 30
0.0
 10
350.7620456587086
 20
194.8050252090102
 30
0.0
 10
350.7592429507937
 20
194.8052084368634
 30
0.0
 10
350.756434111454
 20
194.8054110744563
 30
0.0
 10
350.753657972176
 20
194.8056446066587
 30
0.0
 10
350.7514660959583
 20
194.805828989944
 30
0.0
 10
350.7492946041486
 20
194.8060326321639
 30
0.0
 10
350.7470489511759
 20
194.8062899725933
 30
0.0
 10
350.7454215000506
 20
194.8064764702301
 30
0.0
 10
350.7437550989533
 20
194.8066911705495
 30
0.0
 10
350.7422826924612
 20
194.8069549018371
 30
0.0
 10
350.7413781127756
 20
194.8071169263639
 30
0.0
 10
350.7405467527773
 20
194.8072974567255
 30
0.0
 10
350.739404589077
 20
194.8076313572864
 30
0.0
 10
350.7389480481198
 20
194.80776482264
 30
0.0
 10
350.7384418491914
 20
194.8079227923762
 30
0.0
 10
350.7384418491914
 20
194.808316716376
 30
0.0
  0
SPLINE
  5
474
330
70
100
AcDbEntity
  8
0
 62
     7
370
    25
100
AcDbSpline
210
0.0
220
0.0
230
1.0
 70
     8
 71
     3
 72
    32
 73
    28
 74
     0
 42
0.0000000001
 43
0.0000000001
 40
0.0
 40
0.0
 40
0.0
 40
0.0
 40
1.0
 40
1.0
 40
1.0
 40
2.0
 40
2.0
 40
2.0
 40
3.0
 40
3.0
 40
3.0
 40
4.0
 40
4.0
 40
4.0
 40
5.0
 40
5.0
 40
5.0
 40
6.0
 40
6.0
 40
6.0
 40
7.0
 40
7.0
 40
7.0
 40
8.0
 40
8.0
 40
8.0
 40
9.0
 40
9.0
 40
9.0
 40
9.0
 10
350.938441849192
 20
199.100625295676
 30
0.0
 10
350.9129243390916
 20
199.100625295676
 30
0.0
 10
350.8874005888281
 20
199.1011064148807
 30
0.0
 10
350.8619056308741
 20
199.1022055477668
 30
0.0
 10
350.8503721799497
 20
199.1027027753063
 30
0.0
 10
350.8388446213476
 20
199.1033264788196
 30
0.0
 10
350.82732784607
 20
199.1041239178757
 30
0.0
 10
350.8172124156399
 20
199.1048243256805
 30
0.0
 10
350.8071053039902
 20
199.1056587615137
 30
0.0
 10
350.7970204929909
 20
199.1067056105594
 30
0.0
 10
350.7887083361549
 20
199.1075684500763
 30
0.0
 10
350.7804113292082
 20
199.108575591963
 30
0.0
 10
350.7721480876796
 20
199.1098514371139
 30
0.0
 10
350.7659426775316
 20
199.1108095529361
 30
0.0
 10
350.7597563093688
 20
199.1119192037854
 30
0.0
 10
350.7536662290664
 20
199.1134405236725
 30
0.0
 10
350.7514391356854
 20
199.1139968581176
 30
0.0
 10
350.7492249189383
 20
199.1146082453138
 30
0.0
 10
350.747053871026
 20
199.1153585844896
 30
0.0
 10
350.7454260855543
 20
199.1159211659063
 30
0.0
 10
350.7438225676273
 20
199.1165618597723
 30
0.0
 10
350.7422849712532
 20
199.1173346828169
 30
0.0
 10
350.7412379327246
 20
199.1178609428398
 30
0.0
 10
350.740221462269
 20
199.1184484716625
 30
0.0
 10
350.7394051731598
 20
199.1193504330338
 30
0.0
 10
350.7388824704417
 20
199.1199279951436
 30
0.0
 10
350.7384418491914
 20
199.1206344857759
 30
0.0
 10
350.7384418491914
 20
199.1213847893759
 30
0.0
  0
SPLINE
  5
475
330
70
100
AcDbEntity
  8
0
 62
     7
370
    25
100
AcDbSpline
210
0.0
220
0.0
230
1.0
 70
     8
 71
     3
 72
    41
 73
    37
 74
     0
 42
0.0000000001
 43
0.0000000001
 40
0.0
 40
0.0
 40
0.0
 40
0.0
 40
1.0
 40
1.0
 40
1.0
 40
2.0
 40
2.0
 40
2.0
 40
3.0
 40
3.0
 40
3.0
 40
4.0
 40
4.0
 40
4.0
 40
5.0
 40
5.0
 40
5.0
 40
6.0
 40
6.0
 40
6.0
 40
7.0
 40
7.0
 40
7.0
 40
8.0
 40
8.0
 40
8.0
 40
9.0
 40
9.0
 40
9.0
 40
10.0
 40
10.0
 40
10.0
 40
11.0
 40
11.0
 40
11.0
 40
12.0
 40
12.0
 40
12.0
 40
12.0
 10
350.938441849192
 20
227.5291174311761
 30
0.0
 10
350.9254353543919
 20
227.5291174311761
 30
0.0
 10
350.9124288183246
 20
227.5290688130595
 30
0.0
 10
350.8994226478713
 20
227.5289687991986
 30
0.0
 10
350.8869164753961
 20
227.5288726301841
 30
0.0
 10
350.8744106409635
 20
227.5287289410956
 30
0.0
 10
350.861905777016
 20
227.5285286189502
 30
0.0
 10
350.8503788528316
 20
227.5283439629486
 30
0.0
 10
350.8388527532749
 20
227.5281111854722
 30
0.0
 10
350.8273279110799
 20
227.5278138112406
 30
0.0
 10
350.8172236124777
 20
227.5275530911392
 30
0.0
 10
350.8071202803769
 20
227.5272427171715
 30
0.0
 10
350.7970208733657
 20
227.5268518451209
 30
0.0
 10
350.7926266707665
 20
227.5266817786032
 30
0.0
 10
350.7882332112176
 20
227.526496473174
 30
0.0
 10
350.7838397826903
 20
227.5262894107033
 30
0.0
 10
350.779941100192
 20
227.5261056656333
 30
0.0
 10
350.7760424421213
 20
227.5259047877592
 30
0.0
 10
350.7721482648167
 20
227.5256796985598
 30
0.0
 10
350.7687849324451
 20
227.5254852929815
 30
0.0
 10
350.7654249424895
 20
227.5252728270314
 30
0.0
 10
350.762057769623
 20
227.5250285986191
 30
0.0
 10
350.7592540030836
 20
227.5248252352996
 30
0.0
 10
350.7564452562699
 20
227.5245998494587
 30
0.0
 10
350.7536661868574
 20
227.5243423745905
 30
0.0
 10
350.7514710244963
 20
227.5241389974674
 30
0.0
 10
350.7492943786986
 20
227.5239155991
 30
0.0
 10
350.747054132347
 20
227.5236277262385
 30
0.0
 10
350.7454285718057
 20
227.5234188408344
 30
0.0
 10
350.7437695243104
 20
227.5231760083299
 30
0.0
 10
350.742284880404
 20
227.5228913824771
 30
0.0
 10
350.7413693546226
 20
227.5227158640882
 30
0.0
 10
350.7405201499795
 20
227.5225244527778
 30
0.0
 10
350.7394053745422
 20
227.5221402150546
 30
0.0
 10
350.738946145642
 20
227.5219819293041
 30
0.0
 10
350.7384418491914
 20
227.521790920776
 30
0.0
 10
350.7384418491914
 20
227.5213822866756
 30
0.0
  0
SPLINE
  5
476
330
70
100
AcDbEntity
  8
0
 62
     7
370
    25
100
AcDbSpline
210
0.0
220
0.0
230
1.0
 70
     8
 71
     3
 72
    32
 73
    28
 74
     0
 42
0.0000000001
 43
0.0000000001
 40
0.0
 40
0.0
 40
0.0
 40
0.0
 40
1.0
 40
1.0
 40
1.0
 40
2.0
 40
2.0
 40
2.0
 40
3.0
 40
3.0
 40
3.0
 40
4.0
 40
4.0
 40
4.0
 40
5.0
 40
5.0
 40
5.0
 40
6.0
 40
6.0
 40
6.0
 40
7.0
 40
7.0
 40
7.0
 40
8.0
 40
8.0
 40
8.0
 40
9.0
 40
9.0
 40
9.0
 40
9.0
 10
350.938441849192
 20
240.4945576572756
 30
0.0
 10
350.9129244151914
 20
240.4945576572756
 30
0.0
 10
350.8874007698226
 20
240.4940777569545
 30
0.0
 10
350.8619057770506
 20
240.49298140007
 30
0.0
 10
350.8503723377974
 20
240.4924854295221
 30
0.0
 10
350.8388447622455
 20
240.4918633022629
 30
0.0
 10
350.8273279110754
 20
240.4910678515971
 30
0.0
 10
350.8172126474576
 20
240.4903692063626
 30
0.0
 10
350.8071056567662
 20
240.4895368572153
 30
0.0
 10
350.7970208733689
 20
240.4884926572784
 30
0.0
 10
350.7887087674472
 20
240.4876320041399
 30
0.0
 10
350.7804117478912
 20
240.4866274316886
 30
0.0
 10
350.7721482647937
 20
240.485354807435
 30
0.0
 10
350.7659429730045
 20
240.4843991565631
 30
0.0
 10
350.7597565922515
 20
240.4832923526583
 30
0.0
 10
350.753666186892
 20
240.4817747758505
 30
0.0
 10
350.7514393350812
 20
240.4812199000323
 30
0.0
 10
350.7492253139638
 20
240.4806101090816
 30
0.0
 10
350.747054132354
 20
240.4798616540247
 30
0.0
 10
350.7454263407798
 20
240.479300517715
 30
0.0
 10
350.7438226288331
 20
240.4786614398005
 30
0.0
 10
350.7422848804329
 20
240.4778904533396
 30
0.0
 10
350.7412383266591
 20
240.4773657389008
 30
0.0
 10
350.7402223260728
 20
240.4767799266769
 30
0.0
 10
350.7394053745538
 20
240.4758795695353
 30
0.0
 10
350.738882905909
 20
240.4753037601211
 30
0.0
 10
350.7384418491914
 20
240.4745993004759
 30
0.0
 10
350.7384418491914
 20
240.4738505865762
 30
0.0
  0
SPLINE
  5
477
330
70
100
AcDbEntity
  8
0
 62
     7
370
    25
100
AcDbSpline
210
0.0
220
0.0
230
1.0
 70
     8
 71
     3
 72
    41
 73
    37
 74
     0
 42
0.0000000001
 43
0.0000000001
 40
0.0
 40
0.0
 40
0.0
 40
0.0
 40
1.0
 40
1.0
 40
1.0
 40
2.0
 40
2.0
 40
2.0
 40
3.0
 40
3.0
 40
3.0
 40
4.0
 40
4.0
 40
4.0
 40
5.0
 40
5.0
 40
5.0
 40
6.0
 40
6.0
 40
6.0
 40
7.0
 40
7.0
 40
7.0
 40
8.0
 40
8.0
 40
8.0
 40
9.0
 40
9.0
 40
9.0
 40
10.0
 40
10.0
 40
10.0
 40
11.0
 40
11.0
 40
11.0
 40
12.0
 40
12.0
 40
12.0
 40
12.0
 10
350.938441849192
 20
244.7943484085759
 30
0.0
 10
350.9254315104914
 20
244.7943486215764
 30
0.0
 10
350.9124211424928
 20
244.7943045143326
 30
0.0
 10
350.8994110640633
 20
244.7942141027791
 30
0.0
 10
350.886902155977
 20
244.7941271740318
 30
0.0
 10
350.8743935155806
 20
244.7939974397029
 30
0.0
 10
350.8618856955207
 20
244.7938164793147
 30
0.0
 10
350.8503578165985
 20
244.7936496964988
 30
0.0
 10
350.838830634507
 20
244.793439399933
 30
0.0
 10
350.8273043854678
 20
244.7931708118673
 30
0.0
 10
350.8172009202292
 20
244.7929353779307
 30
0.0
 10
350.8070981719097
 20
244.7926551551414
 30
0.0
 10
350.7969989100001
 20
244.7923020434761
 30
0.0
 10
350.7926059345996
 20
244.7921484470178
 30
0.0
 10
350.7882136188542
 20
244.7919810594402
 30
0.0
 10
350.7838210078483
 20
244.7917941333577
 30
0.0
 10
350.7799234134989
 20
244.7916282725426
 30
0.0
 10
350.7760255866877
 20
244.7914470287963
 30
0.0
 10
350.7721324378483
 20
244.7912436376443
 30
0.0
 10
350.7687708231383
 20
244.7910680156178
 30
0.0
 10
350.7654126962274
 20
244.7908758809432
 30
0.0
 10
350.76204564339
 20
244.7906557953407
 30
0.0
 10
350.7592428934739
 20
244.7904725950956
 30
0.0
 10
350.756433958808
 20
244.7902700277306
 30
0.0
 10
350.7536579604431
 20
244.7900361594639
 30
0.0
 10
350.751466219013
 20
244.7898515128241
 30
0.0
 10
350.7492950088169
 20
244.7896473543965
 30
0.0
 10
350.7470489609137
 20
244.7893911933152
 30
0.0
 10
350.7454212323126
 20
244.789205551363
 30
0.0
 10
350.7437541988356
 20
244.7889925975388
 30
0.0
 10
350.7422826961304
 20
244.788726810492
 30
0.0
 10
350.7413784443261
 20
244.7885634819329
 30
0.0
 10
350.7405480291321
 20
244.7883802024156
 30
0.0
 10
350.7394045866783
 20
244.7880473240735
 30
0.0
 10
350.7389481565406
 20
244.7879144483813
 30
0.0
 10
350.7384418491914
 20
244.787757735876
 30
0.0
 10
350.7384418491914
 20
244.7873642546765
 30
0.0
  0
SPLINE
  5
478
330
70
100
AcDbEntity
  8
0
 62
     7
370
    25
100
AcDbSpline
210
0.0
220
0.0
230
1.0
 70
     8
 71
     3
 72
    35
 73
    31
 74
     0
 42
0.0000000001
 43
0.0000000001
 40
0.0
 40
0.0
 40
0.0
 40
0.0
 40
1.0
 40
1.0
 40
1.0
 40
2.0
 40
2.0
 40
2.0
 40
3.0
 40
3.0
 40
3.0
 40
4.0
 40
4.0
 40
4.0
 40
5.0
 40
5.0
 40
5.0
 40
6.0
 40
6.0
 40
6.0
 40
7.0
 40
7.0
 40
7.0
 40
8.0
 40
8.0
 40
8.0
 40
9.0
 40
9.0
 40
9.0
 40
10.0
 40
10.0
 40
10.0
 40
10.0
 10
350.938441849192
 20
260.4303777856765
 30
0.0
 10
350.9254351008919
 20
260.4303777856765
 30
0.0
 10
350.9124282170469
 20
260.4302901349189
 30
0.0
 10
350.8994225251406
 20
260.4301097027454
 30
0.0
 10
350.8869151130588
 20
260.429936183369
 30
0.0
 10
350.8744088033338
 20
260.4296768557539
 30
0.0
 10
350.8619056403873
 20
260.4293157874235
 30
0.0
 10
350.8503765517708
 20
260.4289828485666
 30
0.0
 10
350.8388501387241
 20
260.4285634039646
 30
0.0
 10
350.8273278359273
 20
260.4280265564339
 30
0.0
 10
350.8172190604097
 20
260.4275555680156
 30
0.0
 10
350.8071134485301
 20
260.4269942151766
 30
0.0
 10
350.7970204929524
 20
260.4262915460354
 30
0.0
 10
350.7887212055036
 20
260.4257137516382
 30
0.0
 10
350.7804304756498
 20
260.4250404058181
 30
0.0
 10
350.7721481000156
 20
260.4241774126593
 30
0.0
 10
350.7659638405618
 20
260.4235330355094
 30
0.0
 10
350.7597842388074
 20
260.4227829249325
 30
0.0
 10
350.7536662173547
 20
260.4217653869791
 30
0.0
 10
350.7514548977447
 20
260.4213976044124
 30
0.0
 10
350.7492516230751
 20
260.4209948847417
 30
0.0
 10
350.7470538808087
 20
260.4204763679722
 30
0.0
 10
350.7454389276654
 20
260.4200953495523
 30
0.0
 10
350.7438269618315
 20
260.419651804648
 30
0.0
 10
350.7422849749744
 20
260.4191483413679
 30
0.0
 10
350.741293654386
 20
260.4188246722566
 30
0.0
 10
350.7403312562084
 20
260.4184762387948
 30
0.0
 10
350.7394051707476
 20
260.4177936676085
 30
0.0
 10
350.7389184957345
 20
260.4174349638434
 30
0.0
 10
350.7384418491914
 20
260.4169839813764
 30
0.0
 10
350.7384418491914
 20
260.4164264908758
 30
0.0
  0
SPLINE
  5
479
330
70
100
AcDbEntity
  8
0
 62
     7
370
    25
100
AcDbSpline
210
0.0
220
0.0
230
1.0
 70
     8
 71
     3
 72
    59
 73
    55
 74
     0
 42
0.0000000001
 43
0.0000000001
 40
0.0
 40
0.0
 40
0.0
 40
0.0
 40
1.0
 40
1.0
 40
1.0
 40
2.0
 40
2.0
 40
2.0
 40
3.0
 40
3.0
 40
3.0
 40
4.0
 40
4.0
 40
4.0
 40
5.0
 40
5.0
 40
5.0
 40
6.0
 40
6.0
 40
6.0
 40
7.0
 40
7.0
 40
7.0
 40
8.0
 40
8.0
 40
8.0
 40
9.0
 40
9.0
 40
9.0
 40
10.0
 40
10.0
 40
10.0
 40
11.0
 40
11.0
 40
11.0
 40
12.0
 40
12.0
 40
12.0
 40
13.0
 40
13.0
 40
13.0
 40
14.0
 40
14.0
 40
14.0
 40
15.0
 40
15.0
 40
15.0
 40
16.0
 40
16.0
 40
16.0
 40
17.0
 40
17.0
 40
17.0
 40
18.0
 40
18.0
 40
18.0
 40
18.0
 10
350.938441849192
 20
226.252823491776
 30
0.0
 10
350.9309107676914
 20
226.2719122099765
 30
0.0
 10
350.9232506708452
 20
226.2909503436436
 30
0.0
 10
350.9154236065772
 20
226.3099201439112
 30
0.0
 10
350.9076001376994
 20
226.3288812303328
 30
0.0
 10
350.8996098547594
 20
226.3477740461175
 30
0.0
 10
350.89137338805
 20
226.3665591162354
 30
0.0
 10
350.8872722063633
 20
226.3759127612221
 30
0.0
 10
350.8831099873447
 20
226.3852396923922
 30
0.0
 10
350.8788688122542
 20
226.3945307007552
 30
0.0
 10
350.8746533951531
 20
226.403765281903
 30
0.0
 10
350.8703599781175
 20
226.4129643752593
 30
0.0
 10
350.8659632281631
 20
226.4221142382666
 30
0.0
 10
350.8616107575767
 20
226.4311719536289
 30
0.0
 10
350.857157024908
 20
226.4401814252392
 30
0.0
 10
350.8525602897007
 20
226.4491175948193
 30
0.0
 10
350.8480393043943
 20
226.4579065046755
 30
0.0
 10
350.8433799908129
 20
226.4666245084935
 30
0.0
 10
350.8385133751716
 20
226.4752288569044
 30
0.0
 10
350.8337815876321
 20
226.4835948244683
 30
0.0
 10
350.8288538253993
 20
226.4918533469653
 30
0.0
 10
350.8235875811278
 20
226.4998925567819
 30
0.0
 10
350.8210416558848
 20
226.5037790508653
 30
0.0
 10
350.8184166218187
 20
226.5076142879667
 30
0.0
 10
350.8156797597023
 20
226.511368742178
 30
0.0
 10
350.8130357072212
 20
226.5149958792231
 30
0.0
 10
350.810287282487
 20
226.5185476193327
 30
0.0
 10
350.8073820210345
 20
226.5219722262429
 30
0.0
 10
350.8046180590892
 20
226.525230274901
 30
0.0
 10
350.8017121451745
 20
226.528373256065
 30
0.0
 10
350.7985954772517
 20
226.53129305363
 30
0.0
 10
350.7956988733369
 20
226.5340066879565
 30
0.0
 10
350.7926202268325
 20
226.5365275434079
 30
0.0
 10
350.7892022426818
 20
226.5386070970377
 30
0.0
 10
350.7860960119952
 20
226.54049697511
 30
0.0
 10
350.7827095224391
 20
226.5420223821278
 30
0.0
 10
350.7791363395275
 20
226.5425733018554
 30
0.0
 10
350.7774123840358
 20
226.5428391043941
 30
0.0
 10
350.7756449704719
 20
226.5428780679041
 30
0.0
 10
350.7739167104323
 20
226.5426267652361
 30
0.0
 10
350.7721102349383
 20
226.5423640894228
 30
0.0
 10
350.7703465370866
 20
226.541784279902
 30
0.0
 10
350.7687204869142
 20
226.5409628205735
 30
0.0
 10
350.7648424668587
 20
226.5390036954463
 30
0.0
 10
350.7617473735217
 20
226.5356700895414
 30
0.0
 10
350.7592352189979
 20
226.5320546527791
 30
0.0
 10
350.7560852502793
 20
226.5275212880516
 30
0.0
 10
350.7538518032687
 20
226.5225448166149
 30
0.0
 10
350.7519666222986
 20
226.51744681876
 30
0.0
 10
350.7476778978618
 20
226.5058490420326
 30
0.0
 10
350.7451916155139
 20
226.4936223083971
 30
0.0
 10
350.7433482444203
 20
226.4813421759512
 30
0.0
 10
350.7394781452827
 20
226.4555604274221
 30
0.0
 10
350.7384418491914
 20
226.4295433093759
 30
0.0
 10
350.7384418491914
 20
226.4035665741761
 30
0.0
  0
SPLINE
  5
47A
330
70
100
AcDbEntity
  8
0
 62
     7
370
    25
100
AcDbSpline
210
0.0
220
0.0
230
1.0
 70
     8
 71
     3
 72
    14
 73
    10
 74
     0
 42
0.0000000001
 43
0.0000000001
 40
0.0
 40
0.0
 40
0.0
 40
0.0
 40
1.0
 40
1.0
 40
1.0
 40
2.0
 40
2.0
 40
2.0
 40
3.0
 40
3.0
 40
3.0
 40
3.0
 10
351.187451348092
 20
225.680190387176
 30
0.0
 10
351.1715958807916
 20
225.7170596224762
 30
0.0
 10
351.1551274679681
 20
225.7536630487957
 30
0.0
 10
351.1385942923703
 20
225.7902340843385
 30
0.0
 10
351.1184757312606
 20
225.8347359169751
 30
0.0
 10
351.098261272776
 20
225.8791897870202
 30
0.0
 10
351.0782831615915
 20
225.9237572105005
 30
0.0
 10
351.0295287363971
 20
226.0325191997669
 30
0.0
 10
350.9821818807915
 20
226.141957458076
 30
0.0
 10
350.938441849192
 20
226.252823491776
 30
0.0
  0
SPLINE
  5
47B
330
70
100
AcDbEntity
  8
0
 62
     7
370
    25
100
AcDbSpline
210
0.0
220
0.0
230
1.0
 70
     8
 71
     3
 72
    11
 73
     7
 74
     0
 42
0.0000000001
 43
0.0000000001
 40
0.0
 40
0.0
 40
0.0
 40
0.0
 40
1.0
 40
1.0
 40
1.0
 40
2.0
 40
2.0
 40
2.0
 40
2.0
 10
351.2284418491917
 20
225.5372692459761
 30
0.0
 10
351.226391954692
 20
225.549806654576
 30
0.0
 10
351.2240026708251
 20
225.5622841851752
 30
0.0
 10
351.2212408841837
 20
225.5746944278375
 30
0.0
 10
351.2132134895275
 20
225.6107659744703
 30
0.0
 10
351.202039082192
 20
225.646269052876
 30
0.0
 10
351.187451348092
 20
225.680190387176
 30
0.0
  0
SPLINE
  5
47C
330
70
100
AcDbEntity
  8
0
 62
     7
370
    25
100
AcDbSpline
210
0.0
220
0.0
230
1.0
 70
     8
 71
     3
 72
    11
 73
     7
 74
     0
 42
0.0000000001
 43
0.0000000001
 40
0.0
 40
0.0
 40
0.0
 40
0.0
 40
1.0
 40
1.0
 40
1.0
 40
2.0
 40
2.0
 40
2.0
 40
2.0
 10
351.2284418491917
 20
225.650142162476
 30
0.0
 10
351.2301410565916
 20
225.6399617353763
 30
0.0
 10
351.2316054589957
 20
225.6297425166123
 30
0.0
 10
351.2328487352432
 20
225.6194935903764
 30
0.0
 10
351.2367138589313
 20
225.587631510118
 30
0.0
 10
351.2384418491917
 20
225.5554823139759
 30
0.0
 10
351.2384418491917
 20
225.5233953618756
 30
0.0
  0
SPLINE
  5
47D
330
70
100
AcDbEntity
  8
0
 62
     3
370
    25
100
AcDbSpline
210
0.0
220
0.0
230
1.0
 70
     8
 71
     3
 72
    17
 73
    13
 74
     0
 42
0.0000000001
 43
0.0000000001
 40
0.0
 40
0.0
 40
0.0
 40
0.0
 40
1.0
 40
1.0
 40
1.0
 40
2.0
 40
2.0
 40
2.0
 40
3.0
 40
3.0
 40
3.0
 40
4.0
 40
4.0
 40
4.0
 40
4.0
 10
383.1147872332918
 20
214.0603085912765
 30
0.0
 10
383.0836062324916
 20
214.272934615576
 30
0.0
 10
383.05242935962
 20
214.4855610533953
 30
0.0
 10
383.0207008872632
 20
214.6981067479437
 30
0.0
 10
382.9900749146077
 20
214.9032669131164
 30
0.0
 10
382.9589350103681
 20
215.1083518488543
 30
0.0
 10
382.926614541212
 20
215.3132515627694
 30
0.0
 10
382.8965754816234
 20
215.5036879913475
 30
0.0
 10
382.8655166403096
 20
215.6939644237848
 30
0.0
 10
382.8325281951936
 20
215.8839197312203
 30
0.0
 10
382.8031764774459
 20
216.0529338981192
 30
0.0
 10
382.772297153192
 20
216.2216938404762
 30
0.0
 10
382.7384418491919
 20
216.3898567478764
 30
0.0
  0
SPLINE
  5
47E
330
70
100
AcDbEntity
  8
0
 62
     3
370
    25
100
AcDbSpline
210
0.0
220
0.0
230
1.0
 70
     8
 71
     3
 72
    29
 73
    25
 74
     0
 42
0.0000000001
 43
0.0000000001
 40
0.0
 40
0.0
 40
0.0
 40
0.0
 40
1.0
 40
1.0
 40
1.0
 40
2.0
 40
2.0
 40
2.0
 40
3.0
 40
3.0
 40
3.0
 40
4.0
 40
4.0
 40
4.0
 40
5.0
 40
5.0
 40
5.0
 40
6.0
 40
6.0
 40
6.0
 40
7.0
 40
7.0
 40
7.0
 40
8.0
 40
8.0
 40
8.0
 40
8.0
 10
383.0103638559918
 20
210.6603204956759
 30
0.0
 10
383.020047294692
 20
210.6603287907756
 30
0.0
 10
383.0297896818117
 20
210.6623841587295
 30
0.0
 10
383.0388736051855
 20
210.6658986388205
 30
0.0
 10
383.0491975948884
 20
210.6698928883067
 30
0.0
 10
383.0586710733277
 20
210.6757718145363
 30
0.0
 10
383.0673833543029
 20
210.6825495786095
 30
0.0
 10
383.0778675115586
 20
210.6907057830051
 30
0.0
 10
383.0872493667023
 20
210.7001636087294
 30
0.0
 10
383.0958931034608
 20
210.7102213471592
 30
0.0
 10
383.1063399367551
 20
210.7223771450073
 30
0.0
 10
383.1157085875268
 20
210.7354092459093
 30
0.0
 10
383.1244028526007
 20
210.7488605051281
 30
0.0
 10
383.134744057625
 20
210.7648598136645
 30
0.0
 10
383.1441311824257
 20
210.7814521221162
 30
0.0
 10
383.1529126017636
 20
210.7983507802587
 30
0.0
 10
383.1631455448492
 20
210.818042700249
 30
0.0
 10
383.1725559931087
 20
210.8381506162171
 30
0.0
 10
383.1814223509028
 20
210.8584908683801
 30
0.0
 10
383.1915632586412
 20
210.8817550570515
 30
0.0
 10
383.2009924052408
 20
210.9053231802445
 30
0.0
 10
383.2099321000697
 20
210.9290734257597
 30
0.0
 10
383.2199963730575
 20
210.9558113579803
 30
0.0
 10
383.2294403066918
 20
210.9827801150763
 30
0.0
 10
383.2384418491916
 20
211.0098911086761
 30
0.0
  0
SPLINE
  5
47F
330
70
100
AcDbEntity
  8
0
 62
     3
370
    25
100
AcDbSpline
210
0.0
220
0.0
230
1.0
 70
     8
 71
     3
 72
    44
 73
    40
 74
     0
 42
0.0000000001
 43
0.0000000001
 40
0.0
 40
0.0
 40
0.0
 40
0.0
 40
1.0
 40
1.0
 40
1.0
 40
2.0
 40
2.0
 40
2.0
 40
3.0
 40
3.0
 40
3.0
 40
4.0
 40
4.0
 40
4.0
 40
5.0
 40
5.0
 40
5.0
 40
6.0
 40
6.0
 40
6.0
 40
7.0
 40
7.0
 40
7.0
 40
8.0
 40
8.0
 40
8.0
 40
9.0
 40
9.0
 40
9.0
 40
10.0
 40
10.0
 40
10.0
 40
11.0
 40
11.0
 40
11.0
 40
12.0
 40
12.0
 40
12.0
 40
13.0
 40
13.0
 40
13.0
 40
13.0
 10
383.2462586793918
 20
211.0305116173759
 30
0.0
 10
383.2509018259916
 20
211.0438172309762
 30
0.0
 10
383.2582867528638
 20
211.056205344461
 30
0.0
 10
383.2669917449266
 20
211.0673562025962
 30
0.0
 10
383.2726362860299
 20
211.0745867062694
 30
0.0
 10
383.2788358564209
 20
211.081296998548
 30
0.0
 10
383.2852877091971
 20
211.0877712396608
 30
0.0
 10
383.2920067745847
 20
211.0945136206299
 30
0.0
 10
383.2989994523663
 20
211.1009999927448
 30
0.0
 10
383.3063456626068
 20
211.107048634063
 30
0.0
 10
383.3129813025747
 20
211.1125122138914
 30
0.0
 10
383.3199053909973
 20
211.117618647527
 30
0.0
 10
383.3269049539741
 20
211.1226153367527
 30
0.0
 10
383.3346520395735
 20
211.1281456504698
 30
0.0
 10
383.3424915812399
 20
211.1335415276665
 30
0.0
 10
383.3504996013227
 20
211.1386753340052
 30
0.0
 10
383.3595918008277
 20
211.1445041894496
 30
0.0
 10
383.3689011863591
 20
211.1499952085766
 30
0.0
 10
383.3782601121787
 20
211.1553935018022
 30
0.0
 10
383.3886192703039
 20
211.161368735948
 30
0.0
 10
383.3990391237831
 20
211.1672303649548
 30
0.0
 10
383.4094913990484
 20
211.1730347092875
 30
0.0
 10
383.4209171150487
 20
211.1793796235021
 30
0.0
 10
383.432381573056
 20
211.1856560861157
 30
0.0
 10
383.4438725738591
 20
211.1918853827816
 30
0.0
 10
383.4547724070657
 20
211.1977942062007
 30
0.0
 10
383.4656961222706
 20
211.2036605918511
 30
0.0
 10
383.4767327332823
 20
211.2093067531636
 30
0.0
 10
383.4851149278292
 20
211.2135949556302
 30
0.0
 10
383.4935622434885
 20
211.217756127215
 30
0.0
 10
383.5019811129407
 20
211.2219731607657
 30
0.0
 10
383.509847723843
 20
211.2259135665759
 30
0.0
 10
383.5176894981439
 20
211.2299027458953
 30
0.0
 10
383.5255416001892
 20
211.2338715736373
 30
0.0
 10
383.546278402521
 20
211.2443529448558
 30
0.0
 10
383.5670872354757
 20
211.2546923744465
 30
0.0
 10
383.5879416570954
 20
211.2649381795359
 30
0.0
 10
383.6379618799758
 20
211.2895131815903
 30
0.0
 10
383.6882443747918
 20
211.3135495611757
 30
0.0
 10
383.738441849192
 20
211.3377597905765
 30
0.0
  0
SPLINE
  5
480
330
70
100
AcDbEntity
  8
0
 62
     3
370
    25
100
AcDbSpline
210
0.0
220
0.0
230
1.0
 70
     8
 71
     3
 72
    35
 73
    31
 74
     0
 42
0.0000000001
 43
0.0000000001
 40
0.0
 40
0.0
 40
0.0
 40
0.0
 40
1.0
 40
1.0
 40
1.0
 40
2.0
 40
2.0
 40
2.0
 40
3.0
 40
3.0
 40
3.0
 40
4.0
 40
4.0
 40
4.0
 40
5.0
 40
5.0
 40
5.0
 40
6.0
 40
6.0
 40
6.0
 40
7.0
 40
7.0
 40
7.0
 40
8.0
 40
8.0
 40
8.0
 40
9.0
 40
9.0
 40
9.0
 40
10.0
 40
10.0
 40
10.0
 40
10.0
 10
383.738441849192
 20
211.3377597905765
 30
0.0
 10
383.7899658464914
 20
211.3377597905765
 30
0.0
 10
383.8415042139453
 20
211.3393383358748
 30
0.0
 10
383.8929407815385
 20
211.3425116880538
 30
0.0
 10
383.9432195627401
 20
211.345613611206
 30
0.0
 10
383.9934010753329
 20
211.3502393541975
 30
0.0
 10
384.0433916800827
 20
211.3564235457968
 30
0.0
 10
384.0910982679718
 20
211.3623251883457
 30
0.0
 10
384.1386309942498
 20
211.3696461250545
 30
0.0
 10
384.1858916747542
 20
211.3784315730689
 30
0.0
 10
384.2297723973105
 20
211.3865887092488
 30
0.0
 10
384.2734185946301
 20
211.3960083714197
 30
0.0
 10
384.316753436321
 20
211.4066868826527
 30
0.0
 10
384.3556457351896
 20
211.41627066868
 30
0.0
 10
384.3942872444588
 20
211.4268684278712
 30
0.0
 10
384.4326496923311
 20
211.4383845498165
 30
0.0
 10
384.4654803627843
 20
211.4482400732626
 30
0.0
 10
384.4981066493545
 20
211.4587682033376
 30
0.0
 10
384.5307012921981
 20
211.469356729326
 30
0.0
 10
384.5445415041971
 20
211.4738527885442
 30
0.0
 10
384.5583760108673
 20
211.4783597370782
 30
0.0
 10
384.5722831916819
 20
211.482672749968
 30
0.0
 10
384.5843056452133
 20
211.4864012552446
 30
0.0
 10
384.5963824097625
 20
211.4899848280658
 30
0.0
 10
384.6085683788338
 20
211.493067884054
 30
0.0
 10
384.6186778897122
 20
211.4956255951291
 30
0.0
 10
384.628862559552
 20
211.4978388303129
 30
0.0
 10
384.6393341303847
 20
211.498897672552
 30
0.0
 10
384.6477093237885
 20
211.4997445377143
 30
0.0
 10
384.6562680433915
 20
211.4998529552761
 30
0.0
 10
384.6643533485914
 20
211.4977746826759
 30
0.0
  0
SPLINE
  5
481
330
70
100
AcDbEntity
  8
0
 62
     3
370
    25
100
AcDbSpline
210
0.0
220
0.0
230
1.0
 70
     8
 71
     3
 72
    11
 73
     7
 74
     0
 42
0.0000000001
 43
0.0000000001
 40
0.0
 40
0.0
 40
0.0
 40
0.0
 40
1.0
 40
1.0
 40
1.0
 40
2.0
 40
2.0
 40
2.0
 40
2.0
 10
384.7003043520917
 20
211.2120805589762
 30
0.0
 10
384.7126435478917
 20
211.2393867595762
 30
0.0
 10
384.7223667983243
 20
211.2679831436518
 30
0.0
 10
384.728861769778
 20
211.2973180682558
 30
0.0
 10
384.7351786375993
 20
211.3258485772181
 30
0.0
 10
384.7384418491919
 20
211.3550776778762
 30
0.0
 10
384.7384418491919
 20
211.3842207105756
 30
0.0
  0
SPLINE
  5
482
330
70
100
AcDbEntity
  8
0
 62
     3
370
    25
100
AcDbSpline
210
0.0
220
0.0
230
1.0
 70
     8
 71
     3
 72
    56
 73
    52
 74
     0
 42
0.0000000001
 43
0.0000000001
 40
0.0
 40
0.0
 40
0.0
 40
0.0
 40
1.0
 40
1.0
 40
1.0
 40
2.0
 40
2.0
 40
2.0
 40
3.0
 40
3.0
 40
3.0
 40
4.0
 40
4.0
 40
4.0
 40
5.0
 40
5.0
 40
5.0
 40
6.0
 40
6.0
 40
6.0
 40
7.0
 40
7.0
 40
7.0
 40
8.0
 40
8.0
 40
8.0
 40
9.0
 40
9.0
 40
9.0
 40
10.0
 40
10.0
 40
10.0
 40
11.0
 40
11.0
 40
11.0
 40
12.0
 40
12.0
 40
12.0
 40
13.0
 40
13.0
 40
13.0
 40
14.0
 40
14.0
 40
14.0
 40
15.0
 40
15.0
 40
15.0
 40
16.0
 40
16.0
 40
16.0
 40
17.0
 40
17.0
 40
17.0
 40
17.0
 10
383.738441849192
 20
212.503478732776
 30
0.0
 10
383.7094912762917
 20
212.540348577476
 30
0.0
 10
383.6799525768814
 20
212.5767628942807
 30
0.0
 10
383.6498399049293
 20
212.612691303321
 30
0.0
 10
383.630082839256
 20
212.6362641014456
 30
0.0
 10
383.6100786936825
 20
212.6596277292118
 30
0.0
 10
383.5899484554958
 20
212.6828823526095
 30
0.0
 10
383.5767539796041
 20
212.6981247240571
 30
0.0
 10
383.563505331559
 20
212.7133202648363
 30
0.0
 10
383.5501363954703
 20
212.7284092891475
 30
0.0
 10
383.5407595348698
 20
212.7389926053239
 30
0.0
 10
383.5313234985312
 20
212.7495235206923
 30
0.0
 10
383.5219279477846
 20
212.760090373304
 30
0.0
 10
383.5101006129361
 20
212.773392169814
 30
0.0
 10
383.498337432981
 20
212.7867509137449
 30
0.0
 10
383.4865923312362
 20
212.8001253437168
 30
0.0
 10
383.4700715566334
 20
212.8189379472853
 30
0.0
 10
383.4535865506913
 20
212.8377815864853
 30
0.0
 10
383.4371485181025
 20
212.8566669993265
 30
0.0
 10
383.4219556260407
 20
212.8741218886069
 30
0.0
 10
383.4068028606185
 20
212.8916124627113
 30
0.0
 10
383.3917971805687
 20
212.909227379373
 30
0.0
 10
383.386388834441
 20
212.9155761463737
 30
0.0
 10
383.3809995950742
 20
212.9219410657862
 30
0.0
 10
383.3756352594028
 20
212.9283280703679
 30
0.0
 10
383.3715127625333
 20
212.9332364892307
 30
0.0
 10
383.3674049736284
 20
212.9381579514542
 30
0.0
 10
383.3633821360136
 20
212.9431469312307
 30
0.0
 10
383.3549217214141
 20
212.9536392357636
 30
0.0
 10
383.3468370475363
 20
212.9644301713605
 30
0.0
 10
383.3388675336099
 20
212.9753088506284
 30
0.0
 10
383.3305765202029
 20
212.9866263884971
 30
0.0
 10
383.3224101455332
 20
212.9980388921965
 30
0.0
 10
383.3148257726575
 20
213.0098335395138
 30
0.0
 10
383.3085391135853
 20
213.0196100797468
 30
0.0
 10
383.3026523300063
 20
213.0296491790802
 30
0.0
 10
383.2971194620466
 20
213.0398763724082
 30
0.0
 10
383.2905029162256
 20
213.0521066829403
 30
0.0
 10
383.2843925000378
 20
213.0646059839866
 30
0.0
 10
383.2786976895563
 20
213.077289529271
 30
0.0
 10
383.2730341943362
 20
213.0899033288567
 30
0.0
 10
383.26778174663
 20
213.1026993519663
 30
0.0
 10
383.2630051770676
 20
213.1156793360859
 30
0.0
 10
383.2595667318604
 20
213.1250230635473
 30
0.0
 10
383.2563748836371
 20
213.1344621184177
 30
0.0
 10
383.2536688446735
 20
213.1440367424843
 30
0.0
 10
383.2517131486583
 20
213.1509564706884
 30
0.0
 10
383.2500111993407
 20
213.157947009062
 30
0.0
 10
383.2485954402482
 20
213.1650083233695
 30
0.0
 10
383.2475326711606
 20
213.1703090462151
 30
0.0
 10
383.2466311721919
 20
213.1756496517764
 30
0.0
 10
383.2462586793918
 20
213.1810357439759
 30
0.0
  0
SPLINE
  5
483
330
70
100
AcDbEntity
  8
0
 62
     3
370
    25
100
AcDbSpline
210
0.0
220
0.0
230
1.0
 70
     8
 71
     3
 72
    20
 73
    16
 74
     0
 42
0.0000000001
 43
0.0000000001
 40
0.0
 40
0.0
 40
0.0
 40
0.0
 40
1.0
 40
1.0
 40
1.0
 40
2.0
 40
2.0
 40
2.0
 40
3.0
 40
3.0
 40
3.0
 40
4.0
 40
4.0
 40
4.0
 40
5.0
 40
5.0
 40
5.0
 40
5.0
 10
384.6643533485914
 20
211.4977746826759
 30
0.0
 10
384.6698222708916
 20
211.4963689334762
 30
0.0
 10
384.675124634887
 20
211.4937351551563
 30
0.0
 10
384.6794147063861
 20
211.490020801191
 30
0.0
 10
384.6844193661453
 20
211.4856877550347
 30
0.0
 10
384.6880464165854
 20
211.4798841743398
 30
0.0
 10
384.6907050138682
 20
211.4738017675734
 30
0.0
 10
384.6924279661174
 20
211.4698599534102
 30
0.0
 10
384.6937441754585
 20
211.465801034433
 30
0.0
 10
384.6948226832538
 20
211.4616747890817
 30
0.0
 10
384.6961300793848
 20
211.4566728435856
 30
0.0
 10
384.6970881745231
 20
211.4515719623876
 30
0.0
 10
384.6978365120054
 20
211.4464451637573
 30
0.0
 10
384.6997720237887
 20
211.4331851314939
 30
0.0
 10
384.7003043520917
 20
211.4197517233759
 30
0.0
 10
384.7003043520917
 20
211.4063670492762
 30
0.0
  0
SPLINE
  5
484
330
70
100
AcDbEntity
  8
0
 62
     3
370
    25
100
AcDbSpline
210
0.0
220
0.0
230
1.0
 70
     8
 71
     3
 72
    11
 73
     7
 74
     0
 42
0.0000000001
 43
0.0000000001
 40
0.0
 40
0.0
 40
0.0
 40
0.0
 40
1.0
 40
1.0
 40
1.0
 40
2.0
 40
2.0
 40
2.0
 40
2.0
 10
384.7384418491919
 20
213.7156585948759
 30
0.0
 10
384.7384418491919
 20
213.686515562276
 30
0.0
 10
384.7351786375993
 20
213.6572864616178
 30
0.0
 10
384.728861769778
 20
213.6287559526317
 30
0.0
 10
384.7223667983243
 20
213.5994210280028
 30
0.0
 10
384.7126435478917
 20
213.5708246438765
 30
0.0
 10
384.7003043520917
 20
213.5435184432759
 30
0.0
  0
SPLINE
  5
485
330
70
100
AcDbEntity
  8
0
 62
     3
370
    25
100
AcDbSpline
210
0.0
220
0.0
230
1.0
 70
     8
 71
     3
 72
    35
 73
    31
 74
     0
 42
0.0000000001
 43
0.0000000001
 40
0.0
 40
0.0
 40
0.0
 40
0.0
 40
1.0
 40
1.0
 40
1.0
 40
2.0
 40
2.0
 40
2.0
 40
3.0
 40
3.0
 40
3.0
 40
4.0
 40
4.0
 40
4.0
 40
5.0
 40
5.0
 40
5.0
 40
6.0
 40
6.0
 40
6.0
 40
7.0
 40
7.0
 40
7.0
 40
8.0
 40
8.0
 40
8.0
 40
9.0
 40
9.0
 40
9.0
 40
10.0
 40
10.0
 40
10.0
 40
10.0
 10
384.7003043520917
 20
213.3492319529759
 30
0.0
 10
384.7003043520917
 20
213.336252308976
 30
0.0
 10
384.6997359137256
 20
213.3232715028598
 30
0.0
 10
384.6987995495052
 20
213.3103221086489
 30
0.0
 10
384.6977577691117
 20
213.2959148676313
 30
0.0
 10
384.6962605572396
 20
213.2815465093684
 30
0.0
 10
384.694399341638
 20
213.2672234596729
 30
0.0
 10
384.6904633718175
 20
213.2369340663991
 30
0.0
 10
384.6848995459975
 20
213.2068472969381
 30
0.0
 10
384.67785162891
 20
213.1771144594392
 30
0.0
 10
384.6707990259179
 20
213.1473618536556
 30
0.0
 10
384.6622603575656
 20
213.1179636506243
 30
0.0
 10
384.652188250474
 20
213.0891030144562
 30
0.0
 10
384.6423327652969
 20
213.0608630871626
 30
0.0
 10
384.6310090917517
 20
213.0331378523683
 30
0.0
 10
384.618174944443
 20
213.0060964621012
 30
0.0
 10
384.5932020923306
 20
212.9534789703569
 30
0.0
 10
384.5625103015768
 20
212.9034506430121
 30
0.0
 10
384.5267570557937
 20
212.8574014646455
 30
0.0
 10
384.4913549154846
 20
212.8118045002876
 30
0.0
 10
384.4509902414452
 20
212.7701089162463
 30
0.0
 10
384.4068577048855
 20
212.7329180462421
 30
0.0
 10
384.3621790480039
 20
212.6952669559229
 30
0.0
 10
384.3136387004173
 20
212.6622327570725
 30
0.0
 10
384.2625653690726
 20
212.6339454414907
 30
0.0
 10
384.2104021559626
 20
212.6050544874032
 30
0.0
 10
384.1555967001804
 20
212.5811151708815
 30
0.0
 10
384.099004953907
 20
212.5619423586752
 30
0.0
 10
383.9833334661999
 20
212.5227538222274
 30
0.0
 10
383.8601992345916
 20
212.503478732776
 30
0.0
 10
383.738441849192
 20
212.503478732776
 30
0.0
  0
LINE
  5
487
330
70
100
AcDbEntity
  8
03_AXES
 62
     7
370
    25
100
AcDbLine
 10
381.2884418491917
 20
176.2978404855762
 30
0.0
 11
381.588441849192
 21
176.5427894598762
 31
0.0
  0
LINE
  5
488
330
70
100
AcDbEntity
  8
03_AXES
 62
     7
370
    25
100
AcDbLine
 10
363.8884418491917
 20
176.2978404855762
 30
0.0
 11
364.188441849192
 21
176.5427894598762
 31
0.0
  0
LINE
  5
489
330
70
100
AcDbEntity
  8
03_AXES
 62
     7
370
    25
100
AcDbLine
 10
381.2884418491917
 20
175.7978404855759
 30
0.0
 11
381.588441849192
 21
175.9710455662762
 31
0.0
  0
LINE
  5
48A
330
70
100
AcDbEntity
  8
03_AXES
 62
     7
370
    25
100
AcDbLine
 10
363.8884418491917
 20
175.7978404855759
 30
0.0
 11
364.188441849192
 21
175.9710455662762
 31
0.0
  0
LINE
  5
48B
330
70
100
AcDbEntity
  8
03_AXES
 62
     7
370
    25
100
AcDbLine
 10
385.538441849192
 20
177.5978404855759
 30
0.0
 11
385.538441849192
 21
261.9978404855757
 31
0.0
  0
LINE
  5
48C
330
70
100
AcDbEntity
  8
03_AXES
 62
     7
370
    25
100
AcDbLine
 10
385.338441849192
 20
177.3978404855759
 30
0.0
 11
385.338441849192
 21
213.3428574793764
 31
0.0
  0
LINE
  5
48D
330
70
100
AcDbEntity
  8
03_AXES
 62
     7
370
    25
100
AcDbLine
 10
385.338441849192
 20
226.252823491776
 30
0.0
 11
385.338441849192
 21
262.1978404855763
 31
0.0
  0
LINE
  5
48E
330
70
100
AcDbEntity
  8
03_AXES
 62
     7
370
    25
100
AcDbLine
 10
346.4884418491917
 20
176.2978404855762
 30
0.0
 11
346.7884418491914
 21
176.5427894598762
 31
0.0
  0
LINE
  5
48F
330
70
100
AcDbEntity
  8
03_AXES
 62
     7
370
    25
100
AcDbLine
 10
346.4884418491917
 20
175.7978404855759
 30
0.0
 11
346.7884418491914
 21
175.9710455662762
 31
0.0
  0
LINE
  5
490
330
70
100
AcDbEntity
  8
03_AXES
 62
     7
370
    25
100
AcDbLine
 10
381.2884418491917
 20
175.7978404855759
 30
0.0
 11
380.8884418491917
 21
175.7978404855759
 31
0.0
  0
LINE
  5
491
330
70
100
AcDbEntity
  8
03_AXES
 62
     7
370
    25
100
AcDbLine
 10
363.8884418491917
 20
175.7978404855759
 30
0.0
 11
363.4884418491917
 21
175.7978404855759
 31
0.0
  0
LINE
  5
492
330
70
100
AcDbEntity
  8
03_AXES
 62
     7
370
    25
100
AcDbLine
 10
346.4884418491917
 20
175.7978404855759
 30
0.0
 11
346.0884418491917
 21
175.7978404855759
 31
0.0
  0
LINE
  5
493
330
70
100
AcDbEntity
  8
03_AXES
 62
     7
370
    25
100
AcDbLine
 10
381.2884418491917
 20
176.2978404855762
 30
0.0
 11
380.8884418491917
 21
176.2978404855762
 31
0.0
  0
LINE
  5
494
330
70
100
AcDbEntity
  8
03_AXES
 62
     7
370
    25
100
AcDbLine
 10
363.8884418491917
 20
176.2978404855762
 30
0.0
 11
363.4884418491917
 21
176.2978404855762
 31
0.0
  0
LINE
  5
495
330
70
100
AcDbEntity
  8
03_AXES
 62
     7
370
    25
100
AcDbLine
 10
346.4884418491917
 20
176.2978404855762
 30
0.0
 11
346.0884418491917
 21
176.2978404855762
 31
0.0
  0
LINE
  5
496
330
70
100
AcDbEntity
  8
03_AXES
 62
     7
370
    25
100
AcDbLine
 10
376.043249119892
 20
176.9905501927761
 30
0.0
 11
375.795430753792
 21
176.9905500981762
 31
0.0
  0
LINE
  5
497
330
70
100
AcDbEntity
  8
03_AXES
 62
     7
370
    25
100
AcDbLine
 10
358.6432491198914
 20
176.9905501927761
 30
0.0
 11
358.3954307537914
 21
176.9905500981762
 31
0.0
  0
LINE
  5
498
330
70
100
AcDbEntity
  8
03_AXES
 62
     7
370
    25
100
AcDbLine
 10
341.2432491198915
 20
176.9905501927761
 30
0.0
 11
340.9954307537914
 21
176.9905500981762
 31
0.0
  0
LINE
  5
499
330
70
100
AcDbEntity
  8
03_AXES
 62
     7
370
    25
100
AcDbLine
 10
342.0384418491914
 20
177.2978404855756
 30
0.0
 11
350.2484418491917
 21
177.2978404855756
 31
0.0
  0
LINE
  5
49A
330
70
100
AcDbEntity
  8
03_AXES
 62
     7
370
    25
100
AcDbLine
 10
359.438441849192
 20
177.2978404855756
 30
0.0
 11
367.6484418491917
 21
177.2978404855756
 31
0.0
  0
LINE
  5
49B
330
70
100
AcDbEntity
  8
03_AXES
 62
     7
370
    25
100
AcDbLine
 10
376.838441849192
 20
177.2978404855756
 30
0.0
 11
385.0484418491916
 21
177.2978404855756
 31
0.0
  0
LINE
  5
49C
330
70
100
AcDbEntity
  8
03_AXES
 62
     7
370
    25
100
AcDbLine
 10
385.338441849192
 20
177.3978404855759
 30
0.0
 11
385.0484418491916
 21
177.3978404855759
 31
0.0
  0
LINE
  5
49D
330
70
100
AcDbEntity
  8
03_AXES
 62
     7
370
    25
100
AcDbLine
 10
367.938441849192
 20
177.3978404855759
 30
0.0
 11
367.6484418491917
 21
177.3978404855759
 31
0.0
  0
LINE
  5
49E
330
70
100
AcDbEntity
  8
03_AXES
 62
     7
370
    25
100
AcDbLine
 10
350.538441849192
 20
177.3978404855759
 30
0.0
 11
350.2484418491917
 21
177.3978404855759
 31
0.0
  0
LINE
  5
49F
330
70
100
AcDbEntity
  8
03_AXES
 62
     7
370
    25
100
AcDbLine
 10
342.0384418491914
 20
179.1583275380761
 30
0.0
 11
350.2484418491917
 21
179.1583275380761
 31
0.0
  0
LINE
  5
4A0
330
70
100
AcDbEntity
  8
03_AXES
 62
     7
370
    25
100
AcDbLine
 10
359.438441849192
 20
179.1583275380761
 30
0.0
 11
367.6484418491917
 21
179.1583275380761
 31
0.0
  0
LINE
  5
4A1
330
70
100
AcDbEntity
  8
03_AXES
 62
     7
370
    25
100
AcDbLine
 10
376.838441849192
 20
179.1583275380761
 30
0.0
 11
385.0484418491916
 21
179.1583275380761
 31
0.0
  0
LINE
  5
4A2
330
70
100
AcDbEntity
  8
03_AXES
 62
     7
370
    25
100
AcDbLine
 10
385.338441849192
 20
179.1653031854758
 30
0.0
 11
385.0484418491916
 21
179.1653031854758
 31
0.0
  0
LINE
  5
4A3
330
70
100
AcDbEntity
  8
03_AXES
 62
     7
370
    25
100
AcDbLine
 10
367.938441849192
 20
179.1653031854758
 30
0.0
 11
367.6484418491917
 21
179.1653031854758
 31
0.0
  0
LINE
  5
4A4
330
70
100
AcDbEntity
  8
03_AXES
 62
     7
370
    25
100
AcDbLine
 10
350.538441849192
 20
179.1653031854758
 30
0.0
 11
350.2484418491917
 21
179.1653031854758
 31
0.0
  0
LINE
  5
4A5
330
70
100
AcDbEntity
  8
03_AXES
 62
     7
370
    25
100
AcDbLine
 10
341.6681939368915
 20
176.484135828076
 30
0.0
 11
345.788441849192
 21
176.421856721776
 31
0.0
  0
LINE
  5
4A6
330
70
100
AcDbEntity
  8
03_AXES
 62
     7
370
    25
100
AcDbLine
 10
359.0681939368915
 20
176.484135828076
 30
0.0
 11
363.188441849192
 21
176.421856721776
 31
0.0
  0
LINE
  5
4A7
330
70
100
AcDbEntity
  8
03_AXES
 62
     7
370
    25
100
AcDbLine
 10
341.2432491198915
 20
176.9905501927761
 30
0.0
 11
345.788441849192
 21
176.9218478846764
 31
0.0
  0
LINE
  5
4A8
330
70
100
AcDbEntity
  8
03_AXES
 62
     7
370
    25
100
AcDbLine
 10
376.4681939368915
 20
176.484135828076
 30
0.0
 11
380.588441849192
 21
176.421856721776
 31
0.0
  0
LINE
  5
4A9
330
70
100
AcDbEntity
  8
03_AXES
 62
     7
370
    25
100
AcDbLine
 10
358.6432491198914
 20
176.9905501927761
 30
0.0
 11
363.188441849192
 21
176.9218478846764
 31
0.0
  0
LINE
  5
4AA
330
70
100
AcDbEntity
  8
03_AXES
 62
     7
370
    25
100
AcDbLine
 10
376.043249119892
 20
176.9905501927761
 30
0.0
 11
380.588441849192
 21
176.9218478846764
 31
0.0
  0
LINE
  5
4AB
330
70
100
AcDbEntity
  8
03_AXES
 62
     7
370
    25
100
AcDbLine
 10
341.6440292826917
 20
176.4847991513759
 30
0.0
 11
341.6682192563919
 21
176.4841352175757
 31
0.0
  0
LINE
  5
4AC
330
70
100
AcDbEntity
  8
03_AXES
 62
     7
370
    25
100
AcDbLine
 10
359.0440292826917
 20
176.4847991513759
 30
0.0
 11
359.0682192563919
 21
176.4841352175757
 31
0.0
  0
LINE
  5
4AD
330
70
100
AcDbEntity
  8
03_AXES
 62
     7
370
    25
100
AcDbLine
 10
376.4440292826916
 20
176.4847991513759
 30
0.0
 11
376.4682192563919
 21
176.4841352175757
 31
0.0
  0
LINE
  5
4AE
330
70
100
AcDbEntity
  8
03_AXES
 62
     7
370
    25
100
AcDbLine
 10
375.7954362451919
 20
176.9905500985759
 30
0.0
 11
375.7959061729914
 21
176.971215306576
 31
0.0
  0
LINE
  5
4AF
330
70
100
AcDbEntity
  8
03_AXES
 62
     7
370
    25
100
AcDbLine
 10
385.0484418491916
 20
177.2978404855756
 30
0.0
 11
385.0484418491916
 21
214.0584117251761
 31
0.0
  0
LINE
  5
4B0
330
70
100
AcDbEntity
  8
03_AXES
 62
     7
370
    25
100
AcDbLine
 10
385.0484418491916
 20
225.5372692459761
 30
0.0
 11
385.0484418491916
 21
262.2978404855761
 31
0.0
  0
LINE
  5
4B1
330
70
100
AcDbEntity
  8
03_AXES
 62
     7
370
    25
100
AcDbLine
 10
385.0384418491917
 20
225.5233953618756
 30
0.0
 11
385.0384418491917
 21
214.0722856091759
 31
0.0
  0
LINE
  5
4B2
330
70
100
AcDbEntity
  8
03_AXES
 62
     7
370
    25
100
AcDbLine
 10
382.0884418491917
 20
218.078226986676
 30
0.0
 11
382.0884418491917
 21
225.367165218576
 31
0.0
  0
LINE
  5
4B3
330
70
100
AcDbEntity
  8
03_AXES
 62
     7
370
    25
100
AcDbLine
 10
381.588441849192
 20
175.9710455662762
 30
0.0
 11
381.588441849192
 21
177.2978404855756
 31
0.0
  0
LINE
  5
4B4
330
70
100
AcDbEntity
  8
03_AXES
 62
     7
370
    25
100
AcDbLine
 10
381.588441849192
 20
262.2978404855761
 30
0.0
 11
381.588441849192
 21
263.6246354047759
 31
0.0
  0
LINE
  5
4B5
330
70
100
AcDbEntity
  8
03_AXES
 62
     7
370
    25
100
AcDbLine
 10
381.2884418491917
 20
175.7978404855759
 30
0.0
 11
381.2884418491917
 21
176.2978404855762
 31
0.0
  0
LINE
  5
4B6
330
70
100
AcDbEntity
  8
03_AXES
 62
     7
370
    25
100
AcDbLine
 10
380.8884418491917
 20
263.7978404855764
 30
0.0
 11
380.8884418491917
 21
263.297840485576
 31
0.0
  0
LINE
  5
4B7
330
70
100
AcDbEntity
  8
03_AXES
 62
     7
370
    25
100
AcDbLine
 10
380.8884418491917
 20
176.2978404855762
 30
0.0
 11
380.8884418491917
 21
175.7978404855759
 31
0.0
  0
LINE
  5
4B8
330
70
100
AcDbEntity
  8
03_AXES
 62
     7
370
    25
100
AcDbLine
 10
380.588441849192
 20
177.2978404855756
 30
0.0
 11
380.588441849192
 21
176.0978404855762
 31
0.0
  0
LINE
  5
4B9
330
70
100
AcDbEntity
  8
03_AXES
 62
     7
370
    25
100
AcDbLine
 10
380.588441849192
 20
262.2978404855761
 30
0.0
 11
380.588441849192
 21
263.7978404855764
 31
0.0
  0
LINE
  5
4BA
330
70
100
AcDbEntity
  8
03_AXES
 62
     7
370
    25
100
AcDbLine
 10
380.1384418491918
 20
223.9128638813763
 30
0.0
 11
380.1384418491918
 21
224.1069248733757
 31
0.0
  0
LINE
  5
4BB
330
70
100
AcDbEntity
  8
03_AXES
 62
     7
370
    25
100
AcDbLine
 10
380.0384418491915
 20
224.1080127393761
 30
0.0
 11
380.0384418491915
 21
223.707040698176
 31
0.0
  0
LINE
  5
4BC
330
70
100
AcDbEntity
  8
03_AXES
 62
     7
370
    25
100
AcDbLine
 10
377.3534418491917
 20
256.8207749205761
 30
0.0
 11
377.3534418491917
 21
255.4334576226756
 31
0.0
  0
LINE
  5
4BD
330
70
100
AcDbEntity
  8
03_AXES
 62
     7
370
    25
100
AcDbLine
 10
377.3534418491917
 20
253.1621433483764
 30
0.0
 11
377.3534418491917
 21
251.774826050476
 31
0.0
  0
LINE
  5
4BE
330
70
100
AcDbEntity
  8
03_AXES
 62
     7
370
    25
100
AcDbLine
 10
377.3534418491917
 20
184.2628404855757
 30
0.0
 11
377.3534418491917
 21
182.874866050476
 31
0.0
  0
LINE
  5
4BF
330
70
100
AcDbEntity
  8
03_AXES
 62
     7
370
    25
100
AcDbLine
 10
377.3534418491917
 20
186.5399910005758
 30
0.0
 11
377.3534418491917
 21
187.9208149205756
 31
0.0
  0
LINE
  5
4C0
330
70
100
AcDbEntity
  8
03_AXES
 62
     7
370
    25
100
AcDbLine
 10
377.228441849192
 20
218.0800322347761
 30
0.0
 11
377.228441849192
 21
217.9252641927761
 31
0.0
  0
LINE
  5
4C1
330
70
100
AcDbEntity
  8
03_AXES
 62
     7
370
    25
100
AcDbLine
 10
376.838441849192
 20
177.2978404855756
 30
0.0
 11
376.838441849192
 21
181.5478404855759
 31
0.0
  0
LINE
  5
4C2
330
70
100
AcDbEntity
  8
03_AXES
 62
     7
370
    25
100
AcDbLine
 10
376.838441849192
 20
189.0478404855758
 30
0.0
 11
376.838441849192
 21
210.6603085912757
 31
0.0
  0
LINE
  5
4C3
330
70
100
AcDbEntity
  8
03_AXES
 62
     7
370
    25
100
AcDbLine
 10
376.838441849192
 20
224.1428244505759
 30
0.0
 11
376.838441849192
 21
250.5245465039756
 31
0.0
  0
LINE
  5
4C4
330
70
100
AcDbEntity
  8
03_AXES
 62
     7
370
    25
100
AcDbLine
 10
376.838441849192
 20
258.0478404855757
 30
0.0
 11
376.838441849192
 21
263.7978404855764
 31
0.0
  0
LINE
  5
4C5
330
70
100
AcDbEntity
  8
03_AXES
 62
     7
370
    25
100
AcDbLine
 10
376.628441849192
 20
218.0800322347761
 30
0.0
 11
376.628441849192
 21
217.9252641927761
 31
0.0
  0
LINE
  5
4C6
330
70
100
AcDbEntity
  8
03_AXES
 62
     7
370
    25
100
AcDbLine
 10
376.3234418491916
 20
253.1556499705764
 30
0.0
 11
376.3234418491916
 21
251.774826050476
 31
0.0
  0
LINE
  5
4C7
330
70
100
AcDbEntity
  8
03_AXES
 62
     7
370
    25
100
AcDbLine
 10
376.3234418491916
 20
182.874866050476
 30
0.0
 11
376.3234418491916
 21
184.2621833483759
 31
0.0
  0
LINE
  5
4C8
330
70
100
AcDbEntity
  8
03_AXES
 62
     7
370
    25
100
AcDbLine
 10
376.3234418491916
 20
186.5334976226758
 30
0.0
 11
376.3234418491916
 21
187.9208149205756
 31
0.0
  0
LINE
  5
4C9
330
70
100
AcDbEntity
  8
03_AXES
 62
     7
370
    25
100
AcDbLine
 10
376.3234418491916
 20
255.4328004855759
 30
0.0
 11
376.3234418491916
 21
256.8207749205761
 31
0.0
  0
LINE
  5
4CA
330
70
100
AcDbEntity
  8
03_AXES
 62
     7
370
    25
100
AcDbLine
 10
376.043249119892
 20
177.2978404855756
 30
0.0
 11
376.043249119892
 21
176.9905501927761
 31
0.0
  0
LINE
  5
4CB
330
70
100
AcDbEntity
  8
03_AXES
 62
     7
370
    25
100
AcDbLine
 10
375.795430753792
 20
177.2978404855756
 30
0.0
 11
375.795430753792
 21
176.9905500981762
 31
0.0
  0
LINE
  5
4CC
330
70
100
AcDbEntity
  8
03_AXES
 62
     7
370
    25
100
AcDbLine
 10
374.4284418491919
 20
218.0800322347761
 30
0.0
 11
374.4284418491919
 21
217.9252641927761
 31
0.0
  0
LINE
  5
4CD
330
70
100
AcDbEntity
  8
03_AXES
 62
     7
370
    25
100
AcDbLine
 10
373.6384418491919
 20
223.9319972139758
 30
0.0
 11
373.6384418491919
 21
223.707040698176
 31
0.0
  0
LINE
  5
4CE
330
70
100
AcDbEntity
  8
03_AXES
 62
     7
370
    25
100
AcDbLine
 10
373.5284418491915
 20
218.0800322347761
 30
0.0
 11
373.5284418491915
 21
217.9252641927761
 31
0.0
  0
LINE
  5
4CF
330
70
100
AcDbEntity
  8
03_AXES
 62
     7
370
    25
100
AcDbLine
 10
380.0227785147915
 20
184.747840485576
 30
0.0
 11
377.8341106931917
 21
184.747840485576
 31
0.0
  0
LINE
  5
4D0
330
70
100
AcDbEntity
  8
03_AXES
 62
     7
370
    25
100
AcDbLine
 10
375.843441849192
 20
184.747840485576
 30
0.0
 11
373.652778514792
 21
184.747840485576
 31
0.0
  0
LINE
  5
4D1
330
70
100
AcDbEntity
  8
03_AXES
 62
     7
370
    25
100
AcDbLine
 10
362.6227785147915
 20
184.747840485576
 30
0.0
 11
360.4341106931917
 21
184.747840485576
 31
0.0
  0
LINE
  5
4D2
330
70
100
AcDbEntity
  8
03_AXES
 62
     7
370
    25
100
AcDbLine
 10
358.443441849192
 20
184.747840485576
 30
0.0
 11
356.252778514792
 21
184.747840485576
 31
0.0
  0
LINE
  5
4D3
330
70
100
AcDbEntity
  8
03_AXES
 62
     7
370
    25
100
AcDbLine
 10
345.2227785147915
 20
184.747840485576
 30
0.0
 11
343.0341106931917
 21
184.747840485576
 31
0.0
  0
LINE
  5
4D4
330
70
100
AcDbEntity
  8
03_AXES
 62
     7
370
    25
100
AcDbLine
 10
341.0434418491913
 20
184.747840485576
 30
0.0
 11
338.852778514792
 21
184.747840485576
 31
0.0
  0
LINE
  5
4D5
330
70
100
AcDbEntity
  8
03_AXES
 62
     7
370
    25
100
AcDbLine
 10
338.852778514792
 20
186.0478404855757
 30
0.0
 11
341.0434418491913
 21
186.0478404855757
 31
0.0
  0
LINE
  5
4D6
330
70
100
AcDbEntity
  8
03_AXES
 62
     7
370
    25
100
AcDbLine
 10
343.0266598511919
 20
186.0478404855757
 30
0.0
 11
345.2227785147915
 21
186.0478404855757
 31
0.0
  0
LINE
  5
4D7
330
70
100
AcDbEntity
  8
03_AXES
 62
     7
370
    25
100
AcDbLine
 10
356.252778514792
 20
186.0478404855757
 30
0.0
 11
358.443441849192
 21
186.0478404855757
 31
0.0
  0
LINE
  5
4D8
330
70
100
AcDbEntity
  8
03_AXES
 62
     7
370
    25
100
AcDbLine
 10
360.4266598511919
 20
186.0478404855757
 30
0.0
 11
362.6227785147915
 21
186.0478404855757
 31
0.0
  0
LINE
  5
4D9
330
70
100
AcDbEntity
  8
03_AXES
 62
     7
370
    25
100
AcDbLine
 10
373.652778514792
 20
186.0478404855757
 30
0.0
 11
375.843441849192
 21
186.0478404855757
 31
0.0
  0
LINE
  5
4DA
330
70
100
AcDbEntity
  8
03_AXES
 62
     7
370
    25
100
AcDbLine
 10
377.8266598511919
 20
186.0478404855757
 30
0.0
 11
380.0227785147915
 21
186.0478404855757
 31
0.0
  0
LINE
  5
4DB
330
70
100
AcDbEntity
  8
03_AXES
 62
     7
370
    25
100
AcDbLine
 10
341.5682354746918
 20
176.4907895321761
 30
0.0
 11
341.6440292826917
 21
176.4847991513759
 31
0.0
  0
LINE
  5
4DC
330
70
100
AcDbEntity
  8
03_AXES
 62
     7
370
    25
100
AcDbLine
 10
358.9682354746918
 20
176.4907895321761
 30
0.0
 11
359.0440292826917
 21
176.4847991513759
 31
0.0
  0
LINE
  5
4DD
330
70
100
AcDbEntity
  8
03_AXES
 62
     7
370
    25
100
AcDbLine
 10
376.3682354746917
 20
176.4907895321761
 30
0.0
 11
376.4440292826916
 21
176.4847991513759
 31
0.0
  0
LINE
  5
4DE
330
70
100
AcDbEntity
  8
03_AXES
 62
     7
370
    25
100
AcDbLine
 10
341.4957121369917
 20
176.502262345576
 30
0.0
 11
341.5682354746918
 21
176.4907895321761
 31
0.0
  0
LINE
  5
4DF
330
70
100
AcDbEntity
  8
03_AXES
 62
     7
370
    25
100
AcDbLine
 10
358.8957121369917
 20
176.502262345576
 30
0.0
 11
358.9682354746918
 21
176.4907895321761
 31
0.0
  0
LINE
  5
4E0
330
70
100
AcDbEntity
  8
03_AXES
 62
     7
370
    25
100
AcDbLine
 10
376.2957121369916
 20
176.502262345576
 30
0.0
 11
376.3682354746917
 21
176.4907895321761
 31
0.0
  0
LINE
  5
4E1
330
70
100
AcDbEntity
  8
03_AXES
 62
     7
370
    25
100
AcDbLine
 10
341.4264145820919
 20
176.518901429476
 30
0.0
 11
341.4957121369917
 21
176.502262345576
 31
0.0
  0
LINE
  5
4E2
330
70
100
AcDbEntity
  8
03_AXES
 62
     7
370
    25
100
AcDbLine
 10
375.7959061729914
 20
176.971215306576
 30
0.0
 11
375.801776011992
 21
176.9198175528762
 31
0.0
  0
LINE
  5
4E3
330
70
100
AcDbEntity
  8
03_AXES
 62
     7
370
    25
100
AcDbLine
 10
358.3954362451919
 20
176.9905500985759
 30
0.0
 11
358.3959061729914
 21
176.971215306576
 31
0.0
  0
LINE
  5
4E4
330
70
100
AcDbEntity
  8
03_AXES
 62
     7
370
    25
100
AcDbLine
 10
368.138441849192
 20
177.5978404855759
 30
0.0
 11
368.138441849192
 21
210.6603085912757
 31
0.0
  0
LINE
  5
4E5
330
70
100
AcDbEntity
  8
03_AXES
 62
     7
370
    25
100
AcDbLine
 10
368.138441849192
 20
218.078226986676
 30
0.0
 11
368.138441849192
 21
261.9978404855757
 31
0.0
  0
LINE
  5
4E6
330
70
100
AcDbEntity
  8
03_AXES
 62
     7
370
    25
100
AcDbLine
 10
367.938441849192
 20
177.3978404855759
 30
0.0
 11
367.938441849192
 21
210.6603085912757
 31
0.0
  0
LINE
  5
4E7
330
70
100
AcDbEntity
  8
03_AXES
 62
     7
370
    25
100
AcDbLine
 10
367.938441849192
 20
226.252823491776
 30
0.0
 11
367.938441849192
 21
262.1978404855763
 31
0.0
  0
LINE
  5
4E8
330
70
100
AcDbEntity
  8
03_AXES
 62
     7
370
    25
100
AcDbLine
 10
367.6484418491917
 20
177.2978404855756
 30
0.0
 11
367.6484418491917
 21
210.6603085912757
 31
0.0
  0
LINE
  5
4E9
330
70
100
AcDbEntity
  8
03_AXES
 62
     7
370
    25
100
AcDbLine
 10
367.6484418491917
 20
225.5372692459761
 30
0.0
 11
367.6484418491917
 21
262.2978404855761
 31
0.0
  0
LINE
  5
4EA
330
70
100
AcDbEntity
  8
03_AXES
 62
     7
370
    25
100
AcDbLine
 10
367.6384418491917
 20
225.5233953618756
 30
0.0
 11
367.6384418491917
 21
218.078226986676
 31
0.0
  0
LINE
  5
4EB
330
70
100
AcDbEntity
  8
03_AXES
 62
     7
370
    25
100
AcDbLine
 10
364.6884418491918
 20
218.078226986676
 30
0.0
 11
364.6884418491918
 21
225.367165218576
 31
0.0
  0
LINE
  5
4EC
330
70
100
AcDbEntity
  8
03_AXES
 62
     7
370
    25
100
AcDbLine
 10
364.188441849192
 20
175.9710455662762
 30
0.0
 11
364.188441849192
 21
177.2978404855756
 31
0.0
  0
LINE
  5
4ED
330
70
100
AcDbEntity
  8
03_AXES
 62
     7
370
    25
100
AcDbLine
 10
364.188441849192
 20
262.2978404855761
 30
0.0
 11
364.188441849192
 21
263.6246354047759
 31
0.0
  0
LINE
  5
4EE
330
70
100
AcDbEntity
  8
03_AXES
 62
     7
370
    25
100
AcDbLine
 10
363.8884418491917
 20
175.7978404855759
 30
0.0
 11
363.8884418491917
 21
176.2978404855762
 31
0.0
  0
LINE
  5
4EF
330
70
100
AcDbEntity
  8
03_AXES
 62
     7
370
    25
100
AcDbLine
 10
363.4884418491917
 20
263.7978404855764
 30
0.0
 11
363.4884418491917
 21
263.297840485576
 31
0.0
  0
LINE
  5
4F0
330
70
100
AcDbEntity
  8
03_AXES
 62
     7
370
    25
100
AcDbLine
 10
363.4884418491917
 20
176.2978404855762
 30
0.0
 11
363.4884418491917
 21
175.7978404855759
 31
0.0
  0
LINE
  5
4F1
330
70
100
AcDbEntity
  8
03_AXES
 62
     7
370
    25
100
AcDbLine
 10
363.188441849192
 20
177.2978404855756
 30
0.0
 11
363.188441849192
 21
176.0978404855762
 31
0.0
  0
LINE
  5
4F2
330
70
100
AcDbEntity
  8
03_AXES
 62
     7
370
    25
100
AcDbLine
 10
363.188441849192
 20
262.2978404855761
 30
0.0
 11
363.188441849192
 21
263.7978404855764
 31
0.0
  0
LINE
  5
4F3
330
70
100
AcDbEntity
  8
03_AXES
 62
     7
370
    25
100
AcDbLine
 10
362.7384418491918
 20
223.9128638813763
 30
0.0
 11
362.7384418491918
 21
224.1069248733757
 31
0.0
  0
LINE
  5
4F4
330
70
100
AcDbEntity
  8
03_AXES
 62
     7
370
    25
100
AcDbLine
 10
362.6384418491915
 20
224.1080127393761
 30
0.0
 11
362.6384418491915
 21
223.707040698176
 31
0.0
  0
LINE
  5
4F5
330
70
100
AcDbEntity
  8
03_AXES
 62
     7
370
    25
100
AcDbLine
 10
360.028441849192
 20
218.0800322347761
 30
0.0
 11
360.028441849192
 21
218.078226986676
 31
0.0
  0
LINE
  5
4F6
330
70
100
AcDbEntity
  8
03_AXES
 62
     7
370
    25
100
AcDbLine
 10
359.9534418491918
 20
256.8207749205761
 30
0.0
 11
359.9534418491918
 21
255.4334576226756
 31
0.0
  0
LINE
  5
4F7
330
70
100
AcDbEntity
  8
03_AXES
 62
     7
370
    25
100
AcDbLine
 10
359.9534418491918
 20
253.1621433483764
 30
0.0
 11
359.9534418491918
 21
251.774826050476
 31
0.0
  0
LINE
  5
4F8
330
70
100
AcDbEntity
  8
03_AXES
 62
     7
370
    25
100
AcDbLine
 10
359.9534418491918
 20
184.2628404855757
 30
0.0
 11
359.9534418491918
 21
182.874866050476
 31
0.0
  0
LINE
  5
4F9
330
70
100
AcDbEntity
  8
03_AXES
 62
     7
370
    25
100
AcDbLine
 10
359.9534418491918
 20
186.5399910005758
 30
0.0
 11
359.9534418491918
 21
187.9208149205756
 31
0.0
  0
LINE
  5
4FA
330
70
100
AcDbEntity
  8
03_AXES
 62
     7
370
    25
100
AcDbLine
 10
359.828441849192
 20
218.0800322347761
 30
0.0
 11
359.828441849192
 21
218.078226986676
 31
0.0
  0
LINE
  5
4FB
330
70
100
AcDbEntity
  8
03_AXES
 62
     7
370
    25
100
AcDbLine
 10
359.438441849192
 20
177.2978404855756
 30
0.0
 11
359.438441849192
 21
181.5478404855759
 31
0.0
  0
LINE
  5
4FC
330
70
100
AcDbEntity
  8
03_AXES
 62
     7
370
    25
100
AcDbLine
 10
359.438441849192
 20
189.0478404855758
 30
0.0
 11
359.438441849192
 21
210.6603085912757
 31
0.0
  0
LINE
  5
4FD
330
70
100
AcDbEntity
  8
03_AXES
 62
     7
370
    25
100
AcDbLine
 10
359.438441849192
 20
224.1428244505759
 30
0.0
 11
359.438441849192
 21
250.5245465039756
 31
0.0
  0
LINE
  5
4FE
330
70
100
AcDbEntity
  8
03_AXES
 62
     7
370
    25
100
AcDbLine
 10
359.438441849192
 20
258.0478404855757
 30
0.0
 11
359.438441849192
 21
263.7978404855764
 31
0.0
  0
LINE
  5
4FF
330
70
100
AcDbEntity
  8
03_AXES
 62
     7
370
    25
100
AcDbLine
 10
359.228441849192
 20
218.0800322347761
 30
0.0
 11
359.228441849192
 21
218.078226986676
 31
0.0
  0
LINE
  5
500
330
70
100
AcDbEntity
  8
03_AXES
 62
     7
370
    25
100
AcDbLine
 10
359.0284418491919
 20
218.0800322347761
 30
0.0
 11
359.0284418491919
 21
218.078226986676
 31
0.0
  0
LINE
  5
501
330
70
100
AcDbEntity
  8
03_AXES
 62
     7
370
    25
100
AcDbLine
 10
358.9234418491916
 20
253.1556499705764
 30
0.0
 11
358.9234418491916
 21
251.774826050476
 31
0.0
  0
LINE
  5
502
330
70
100
AcDbEntity
  8
03_AXES
 62
     7
370
    25
100
AcDbLine
 10
358.9234418491916
 20
182.874866050476
 30
0.0
 11
358.9234418491916
 21
184.2621833483759
 31
0.0
  0
LINE
  5
503
330
70
100
AcDbEntity
  8
03_AXES
 62
     7
370
    25
100
AcDbLine
 10
358.9234418491916
 20
186.5334976226758
 30
0.0
 11
358.9234418491916
 21
187.9208149205756
 31
0.0
  0
LINE
  5
504
330
70
100
AcDbEntity
  8
03_AXES
 62
     7
370
    25
100
AcDbLine
 10
358.9234418491916
 20
255.4328004855759
 30
0.0
 11
358.9234418491916
 21
256.8207749205761
 31
0.0
  0
LINE
  5
505
330
70
100
AcDbEntity
  8
03_AXES
 62
     7
370
    25
100
AcDbLine
 10
358.6432491198914
 20
177.2978404855756
 30
0.0
 11
358.6432491198914
 21
176.9905501927761
 31
0.0
  0
LINE
  5
506
330
70
100
AcDbEntity
  8
03_AXES
 62
     7
370
    25
100
AcDbLine
 10
358.3954307537914
 20
177.2978404855756
 30
0.0
 11
358.3954307537914
 21
176.9905500981762
 31
0.0
  0
LINE
  5
507
330
70
100
AcDbEntity
  8
03_AXES
 62
     7
370
    25
100
AcDbLine
 10
357.2284418491919
 20
218.0800322347761
 30
0.0
 11
357.2284418491919
 21
218.078226986676
 31
0.0
  0
LINE
  5
508
330
70
100
AcDbEntity
  8
03_AXES
 62
     7
370
    25
100
AcDbLine
 10
357.0284418491919
 20
218.0800322347761
 30
0.0
 11
357.0284418491919
 21
218.078226986676
 31
0.0
  0
LINE
  5
509
330
70
100
AcDbEntity
  8
03_AXES
 62
     7
370
    25
100
AcDbLine
 10
356.238441849192
 20
223.9319972139758
 30
0.0
 11
356.238441849192
 21
223.707040698176
 31
0.0
  0
LINE
  5
50A
330
70
100
AcDbEntity
  8
03_AXES
 62
     7
370
    25
100
AcDbLine
 10
356.1284418491916
 20
218.0800322347761
 30
0.0
 11
356.1284418491916
 21
218.078226986676
 31
0.0
  0
LINE
  5
50B
330
70
100
AcDbEntity
  8
03_AXES
 62
     7
370
    25
100
AcDbLine
 10
355.9284418491915
 20
218.0800322347761
 30
0.0
 11
355.9284418491915
 21
218.078226986676
 31
0.0
  0
LINE
  5
50C
330
70
100
AcDbEntity
  8
03_AXES
 62
     7
370
    25
100
AcDbLine
 10
342.0384418491914
 20
194.7978404855759
 30
0.0
 11
350.2484418491917
 21
194.7978404855759
 31
0.0
  0
LINE
  5
50D
330
70
100
AcDbEntity
  8
03_AXES
 62
     7
370
    25
100
AcDbLine
 10
359.438441849192
 20
194.7978404855759
 30
0.0
 11
367.6484418491917
 21
194.7978404855759
 31
0.0
  0
LINE
  5
50E
330
70
100
AcDbEntity
  8
03_AXES
 62
     7
370
    25
100
AcDbLine
 10
376.838441849192
 20
194.7978404855759
 30
0.0
 11
385.0484418491916
 21
194.7978404855759
 31
0.0
  0
LINE
  5
50F
330
70
100
AcDbEntity
  8
03_AXES
 62
     7
370
    25
100
AcDbLine
 10
385.338441849192
 20
194.8013325624762
 30
0.0
 11
385.0484418491916
 21
194.8013325624762
 31
0.0
  0
LINE
  5
510
330
70
100
AcDbEntity
  8
03_AXES
 62
     7
370
    25
100
AcDbLine
 10
367.938441849192
 20
194.8013325624762
 30
0.0
 11
367.6484418491917
 21
194.8013325624762
 31
0.0
  0
LINE
  5
511
330
70
100
AcDbEntity
  8
03_AXES
 62
     7
370
    25
100
AcDbLine
 10
350.538441849192
 20
194.8013325624762
 30
0.0
 11
350.2484418491917
 21
194.8013325624762
 31
0.0
  0
LINE
  5
512
330
70
100
AcDbEntity
  8
03_AXES
 62
     7
370
    25
100
AcDbLine
 10
342.0384418491914
 20
197.297840485576
 30
0.0
 11
350.2484418491917
 21
197.297840485576
 31
0.0
  0
LINE
  5
513
330
70
100
AcDbEntity
  8
03_AXES
 62
     7
370
    25
100
AcDbLine
 10
359.438441849192
 20
197.297840485576
 30
0.0
 11
367.6484418491917
 21
197.297840485576
 31
0.0
  0
LINE
  5
514
330
70
100
AcDbEntity
  8
03_AXES
 62
     7
370
    25
100
AcDbLine
 10
376.838441849192
 20
197.297840485576
 30
0.0
 11
385.0484418491916
 21
197.297840485576
 31
0.0
  0
LINE
  5
515
330
70
100
AcDbEntity
  8
03_AXES
 62
     7
370
    25
100
AcDbLine
 10
385.338441849192
 20
197.397840485576
 30
0.0
 11
385.0484418491916
 21
197.397840485576
 31
0.0
  0
LINE
  5
516
330
70
100
AcDbEntity
  8
03_AXES
 62
     7
370
    25
100
AcDbLine
 10
367.938441849192
 20
197.397840485576
 30
0.0
 11
367.6484418491917
 21
197.397840485576
 31
0.0
  0
LINE
  5
517
330
70
100
AcDbEntity
  8
03_AXES
 62
     7
370
    25
100
AcDbLine
 10
350.538441849192
 20
197.397840485576
 30
0.0
 11
350.2484418491917
 21
197.397840485576
 31
0.0
  0
LINE
  5
518
330
70
100
AcDbEntity
  8
03_AXES
 62
     7
370
    25
100
AcDbLine
 10
342.0384418491914
 20
199.0902455488764
 30
0.0
 11
350.2484418491917
 21
199.0902455488764
 31
0.0
  0
LINE
  5
519
330
70
100
AcDbEntity
  8
03_AXES
 62
     7
370
    25
100
AcDbLine
 10
359.438441849192
 20
199.0902455488764
 30
0.0
 11
367.6484418491917
 21
199.0902455488764
 31
0.0
  0
LINE
  5
51A
330
70
100
AcDbEntity
  8
03_AXES
 62
     7
370
    25
100
AcDbLine
 10
376.838441849192
 20
199.0902455488764
 30
0.0
 11
385.0484418491916
 21
199.0902455488764
 31
0.0
  0
LINE
  5
51B
330
70
100
AcDbEntity
  8
03_AXES
 62
     7
370
    25
100
AcDbLine
 10
385.338441849192
 20
199.100625295676
 30
0.0
 11
385.0484418491916
 21
199.100625295676
 31
0.0
  0
LINE
  5
51C
330
70
100
AcDbEntity
  8
03_AXES
 62
     7
370
    25
100
AcDbLine
 10
367.938441849192
 20
199.100625295676
 30
0.0
 11
367.6484418491917
 21
199.100625295676
 31
0.0
  0
LINE
  5
51D
330
70
100
AcDbEntity
  8
03_AXES
 62
     7
370
    25
100
AcDbLine
 10
350.538441849192
 20
199.100625295676
 30
0.0
 11
350.2484418491917
 21
199.100625295676
 31
0.0
  0
LINE
  5
51E
330
70
100
AcDbEntity
  8
03_AXES
 62
     7
370
    25
100
AcDbLine
 10
342.0384418491914
 20
204.2978404855759
 30
0.0
 11
350.2484418491917
 21
204.2978404855759
 31
0.0
  0
LINE
  5
51F
330
70
100
AcDbEntity
  8
03_AXES
 62
     7
370
    25
100
AcDbLine
 10
359.438441849192
 20
204.2978404855759
 30
0.0
 11
367.6484418491917
 21
204.2978404855759
 31
0.0
  0
LINE
  5
520
330
70
100
AcDbEntity
  8
03_AXES
 62
     7
370
    25
100
AcDbLine
 10
376.838441849192
 20
204.2978404855759
 30
0.0
 11
385.0484418491916
 21
204.2978404855759
 31
0.0
  0
LINE
  5
521
330
70
100
AcDbEntity
  8
03_AXES
 62
     7
370
    25
100
AcDbLine
 10
385.338441849192
 20
204.3978404855762
 30
0.0
 11
385.0484418491916
 21
204.3978404855762
 31
0.0
  0
LINE
  5
522
330
70
100
AcDbEntity
  8
03_AXES
 62
     7
370
    25
100
AcDbLine
 10
367.938441849192
 20
204.3978404855762
 30
0.0
 11
367.6484418491917
 21
204.3978404855762
 31
0.0
  0
LINE
  5
523
330
70
100
AcDbEntity
  8
03_AXES
 62
     7
370
    25
100
AcDbLine
 10
350.538441849192
 20
204.3978404855762
 30
0.0
 11
350.2484418491917
 21
204.3978404855762
 31
0.0
  0
LINE
  5
524
330
70
100
AcDbEntity
  8
03_AXES
 62
     7
370
    25
100
AcDbLine
 10
358.8264145820919
 20
176.518901429476
 30
0.0
 11
358.8957121369917
 21
176.502262345576
 31
0.0
  0
LINE
  5
525
330
70
100
AcDbEntity
  8
03_AXES
 62
     7
370
    25
100
AcDbLine
 10
376.2264145820918
 20
176.518901429476
 30
0.0
 11
376.2957121369916
 21
176.502262345576
 31
0.0
  0
LINE
  5
526
330
70
100
AcDbEntity
  8
03_AXES
 62
     7
370
    25
100
AcDbLine
 10
341.3603893121917
 20
176.5405766904762
 30
0.0
 11
341.4264145820919
 21
176.518901429476
 31
0.0
  0
LINE
  5
527
330
70
100
AcDbEntity
  8
03_AXES
 62
     7
370
    25
100
AcDbLine
 10
358.7603893121916
 20
176.5405766904762
 30
0.0
 11
358.8264145820919
 21
176.518901429476
 31
0.0
  0
LINE
  5
528
330
70
100
AcDbEntity
  8
03_AXES
 62
     7
370
    25
100
AcDbLine
 10
341.2980372430919
 20
176.5671856381757
 30
0.0
 11
341.3603893121917
 21
176.5405766904762
 31
0.0
  0
LINE
  5
529
330
70
100
AcDbEntity
  8
03_AXES
 62
     7
370
    25
100
AcDbLine
 10
375.801776011992
 20
176.9198175528762
 30
0.0
 11
375.814441276592
 21
176.8687677659761
 31
0.0
  0
LINE
  5
52A
330
70
100
AcDbEntity
  8
03_AXES
 62
     7
370
    25
100
AcDbLine
 10
358.3959061729914
 20
176.971215306576
 30
0.0
 11
358.401776011992
 21
176.9198175528762
 31
0.0
  0
LINE
  5
52B
330
70
100
AcDbEntity
  8
03_AXES
 62
     7
370
    25
100
AcDbLine
 10
350.7384418491914
 20
177.5978404855759
 30
0.0
 11
350.7384418491914
 21
210.6603085912757
 31
0.0
  0
LINE
  5
52C
330
70
100
AcDbEntity
  8
03_AXES
 62
     7
370
    25
100
AcDbLine
 10
350.7384418491914
 20
218.078226986676
 30
0.0
 11
350.7384418491914
 21
261.9978404855757
 31
0.0
  0
LINE
  5
52D
330
70
100
AcDbEntity
  8
03_AXES
 62
     7
370
    25
100
AcDbLine
 10
350.538441849192
 20
177.3978404855759
 30
0.0
 11
350.538441849192
 21
210.6603085912757
 31
0.0
  0
LINE
  5
52E
330
70
100
AcDbEntity
  8
03_AXES
 62
     7
370
    25
100
AcDbLine
 10
350.538441849192
 20
226.252823491776
 30
0.0
 11
350.538441849192
 21
262.1978404855763
 31
0.0
  0
LINE
  5
52F
330
70
100
AcDbEntity
  8
03_AXES
 62
     7
370
    25
100
AcDbLine
 10
350.2484418491917
 20
177.2978404855756
 30
0.0
 11
350.2484418491917
 21
210.6603085912757
 31
0.0
  0
LINE
  5
530
330
70
100
AcDbEntity
  8
03_AXES
 62
     7
370
    25
100
AcDbLine
 10
350.2484418491917
 20
225.5372692459761
 30
0.0
 11
350.2484418491917
 21
262.2978404855761
 31
0.0
  0
LINE
  5
531
330
70
100
AcDbEntity
  8
03_AXES
 62
     7
370
    25
100
AcDbLine
 10
350.2384418491917
 20
225.5233953618756
 30
0.0
 11
350.2384418491917
 21
218.078226986676
 31
0.0
  0
LINE
  5
532
330
70
100
AcDbEntity
  8
03_AXES
 62
     7
370
    25
100
AcDbLine
 10
347.2884418491918
 20
218.078226986676
 30
0.0
 11
347.2884418491918
 21
225.367165218576
 31
0.0
  0
LINE
  5
533
330
70
100
AcDbEntity
  8
03_AXES
 62
     7
370
    25
100
AcDbLine
 10
346.7884418491914
 20
175.9710455662762
 30
0.0
 11
346.7884418491914
 21
177.2978404855756
 31
0.0
  0
LINE
  5
534
330
70
100
AcDbEntity
  8
03_AXES
 62
     7
370
    25
100
AcDbLine
 10
346.7884418491914
 20
262.2978404855761
 30
0.0
 11
346.7884418491914
 21
263.6246354047759
 31
0.0
  0
LINE
  5
535
330
70
100
AcDbEntity
  8
03_AXES
 62
     7
370
    25
100
AcDbLine
 10
346.4884418491917
 20
175.7978404855759
 30
0.0
 11
346.4884418491917
 21
176.2978404855762
 31
0.0
  0
LINE
  5
536
330
70
100
AcDbEntity
  8
03_AXES
 62
     7
370
    25
100
AcDbLine
 10
346.0884418491917
 20
263.7978404855764
 30
0.0
 11
346.0884418491917
 21
263.297840485576
 31
0.0
  0
LINE
  5
537
330
70
100
AcDbEntity
  8
03_AXES
 62
     7
370
    25
100
AcDbLine
 10
346.0884418491917
 20
176.2978404855762
 30
0.0
 11
346.0884418491917
 21
175.7978404855759
 31
0.0
  0
LINE
  5
538
330
70
100
AcDbEntity
  8
03_AXES
 62
     7
370
    25
100
AcDbLine
 10
345.788441849192
 20
177.2978404855756
 30
0.0
 11
345.788441849192
 21
176.0978404855762
 31
0.0
  0
LINE
  5
539
330
70
100
AcDbEntity
  8
03_AXES
 62
     7
370
    25
100
AcDbLine
 10
345.788441849192
 20
262.2978404855761
 30
0.0
 11
345.788441849192
 21
263.7978404855764
 31
0.0
  0
LINE
  5
53A
330
70
100
AcDbEntity
  8
03_AXES
 62
     7
370
    25
100
AcDbLine
 10
345.3384418491918
 20
223.9128638813763
 30
0.0
 11
345.3384418491918
 21
224.1069248733757
 31
0.0
  0
LINE
  5
53B
330
70
100
AcDbEntity
  8
03_AXES
 62
     7
370
    25
100
AcDbLine
 10
345.2384418491915
 20
224.1080127393761
 30
0.0
 11
345.2384418491915
 21
223.707040698176
 31
0.0
  0
LINE
  5
53C
330
70
100
AcDbEntity
  8
03_AXES
 62
     7
370
    25
100
AcDbLine
 10
342.6284418491921
 20
218.0800322347761
 30
0.0
 11
342.6284418491921
 21
218.078226986676
 31
0.0
  0
LINE
  5
53D
330
70
100
AcDbEntity
  8
03_AXES
 62
     7
370
    25
100
AcDbLine
 10
342.5534418491918
 20
256.8207749205761
 30
0.0
 11
342.5534418491918
 21
255.4334576226756
 31
0.0
  0
LINE
  5
53E
330
70
100
AcDbEntity
  8
03_AXES
 62
     7
370
    25
100
AcDbLine
 10
342.5534418491918
 20
253.1621433483764
 30
0.0
 11
342.5534418491918
 21
251.774826050476
 31
0.0
  0
LINE
  5
53F
330
70
100
AcDbEntity
  8
03_AXES
 62
     7
370
    25
100
AcDbLine
 10
342.5534418491918
 20
184.2628404855757
 30
0.0
 11
342.5534418491918
 21
182.874866050476
 31
0.0
  0
LINE
  5
540
330
70
100
AcDbEntity
  8
03_AXES
 62
     7
370
    25
100
AcDbLine
 10
342.5534418491918
 20
186.5399910005758
 30
0.0
 11
342.5534418491918
 21
187.9208149205756
 31
0.0
  0
LINE
  5
541
330
70
100
AcDbEntity
  8
03_AXES
 62
     7
370
    25
100
AcDbLine
 10
342.428441849192
 20
218.0800322347761
 30
0.0
 11
342.428441849192
 21
218.078226986676
 31
0.0
  0
LINE
  5
542
330
70
100
AcDbEntity
  8
03_AXES
 62
     7
370
    25
100
AcDbLine
 10
342.0384418491914
 20
177.2978404855756
 30
0.0
 11
342.0384418491914
 21
181.5478404855759
 31
0.0
  0
LINE
  5
543
330
70
100
AcDbEntity
  8
03_AXES
 62
     7
370
    25
100
AcDbLine
 10
342.0384418491914
 20
189.0478404855758
 30
0.0
 11
342.0384418491914
 21
210.6603085912757
 31
0.0
  0
LINE
  5
544
330
70
100
AcDbEntity
  8
03_AXES
 62
     7
370
    25
100
AcDbLine
 10
342.0384418491914
 20
224.1428244505759
 30
0.0
 11
342.0384418491914
 21
250.5245465039756
 31
0.0
  0
LINE
  5
545
330
70
100
AcDbEntity
  8
03_AXES
 62
     7
370
    25
100
AcDbLine
 10
342.0384418491914
 20
258.0478404855757
 30
0.0
 11
342.0384418491914
 21
263.7978404855764
 31
0.0
  0
LINE
  5
546
330
70
100
AcDbEntity
  8
03_AXES
 62
     7
370
    25
100
AcDbLine
 10
341.828441849192
 20
218.0800322347761
 30
0.0
 11
341.828441849192
 21
218.078226986676
 31
0.0
  0
LINE
  5
547
330
70
100
AcDbEntity
  8
03_AXES
 62
     7
370
    25
100
AcDbLine
 10
341.628441849192
 20
218.0800322347761
 30
0.0
 11
341.628441849192
 21
218.078226986676
 31
0.0
  0
LINE
  5
548
330
70
100
AcDbEntity
  8
03_AXES
 62
     7
370
    25
100
AcDbLine
 10
341.5234418491917
 20
253.1556499705764
 30
0.0
 11
341.5234418491917
 21
251.774826050476
 31
0.0
  0
LINE
  5
549
330
70
100
AcDbEntity
  8
03_AXES
 62
     7
370
    25
100
AcDbLine
 10
341.5234418491917
 20
182.874866050476
 30
0.0
 11
341.5234418491917
 21
184.2621833483759
 31
0.0
  0
LINE
  5
54A
330
70
100
AcDbEntity
  8
03_AXES
 62
     7
370
    25
100
AcDbLine
 10
341.5234418491917
 20
186.5334976226758
 30
0.0
 11
341.5234418491917
 21
187.9208149205756
 31
0.0
  0
LINE
  5
54B
330
70
100
AcDbEntity
  8
03_AXES
 62
     7
370
    25
100
AcDbLine
 10
341.5234418491917
 20
255.4328004855759
 30
0.0
 11
341.5234418491917
 21
256.8207749205761
 31
0.0
  0
LINE
  5
54C
330
70
100
AcDbEntity
  8
03_AXES
 62
     7
370
    25
100
AcDbLine
 10
341.2432491198915
 20
177.2978404855756
 30
0.0
 11
341.2432491198915
 21
176.9905501927761
 31
0.0
  0
LINE
  5
54D
330
70
100
AcDbEntity
  8
03_AXES
 62
     7
370
    25
100
AcDbLine
 10
384.7384418491919
 20
212.0626959675761
 30
0.0
 11
385.0484418491916
 21
212.0626959675761
 31
0.0
  0
LINE
  5
54E
330
70
100
AcDbEntity
  8
03_AXES
 62
     7
370
    25
100
AcDbLine
 10
385.338441849192
 20
212.066563539876
 30
0.0
 11
385.0484418491916
 21
212.066563539876
 31
0.0
  0
LINE
  5
54F
330
70
100
AcDbEntity
  8
03_AXES
 62
     7
370
    25
100
AcDbLine
 10
383.5384418491919
 20
213.8235788666761
 30
0.0
 11
383.8384418491916
 21
213.8235788666761
 31
0.0
  0
LINE
  5
550
330
70
100
AcDbEntity
  8
03_AXES
 62
     7
370
    25
100
AcDbLine
 10
384.7384418491919
 20
213.8235788666761
 30
0.0
 11
385.0484418491916
 21
213.8235788666761
 31
0.0
  0
LINE
  5
551
330
70
100
AcDbEntity
  8
03_AXES
 62
     7
370
    25
100
AcDbLine
 10
385.0894323503915
 20
213.9154905838762
 30
0.0
 11
385.0484418491916
 21
213.9154905838762
 31
0.0
  0
LINE
  5
552
330
70
100
AcDbEntity
  8
03_AXES
 62
     7
370
    25
100
AcDbLine
 10
376.1603893121916
 20
176.5405766904762
 30
0.0
 11
376.2264145820918
 21
176.518901429476
 31
0.0
  0
LINE
  5
553
330
70
100
AcDbEntity
  8
03_AXES
 62
     7
370
    25
100
AcDbLine
 10
358.6980372430919
 20
176.5671856381757
 30
0.0
 11
358.7603893121916
 21
176.5405766904762
 31
0.0
  0
LINE
  5
554
330
70
100
AcDbEntity
  8
03_AXES
 62
     7
370
    25
100
AcDbLine
 10
376.0980372430918
 20
176.5671856381757
 30
0.0
 11
376.1603893121916
 21
176.5405766904762
 31
0.0
  0
LINE
  5
555
330
70
100
AcDbEntity
  8
03_AXES
 62
     7
370
    25
100
AcDbLine
 10
341.2398302783917
 20
176.5986545934756
 30
0.0
 11
341.2980372430919
 21
176.5671856381757
 31
0.0
  0
LINE
  5
556
330
70
100
AcDbEntity
  8
03_AXES
 62
     7
370
    25
100
AcDbLine
 10
358.6398302783917
 20
176.5986545934756
 30
0.0
 11
358.6980372430919
 21
176.5671856381757
 31
0.0
  0
LINE
  5
557
330
70
100
AcDbEntity
  8
03_AXES
 62
     7
370
    25
100
AcDbLine
 10
358.401776011992
 20
176.9198175528762
 30
0.0
 11
358.4144412765921
 21
176.8687677659761
 31
0.0
  0
LINE
  5
558
330
70
100
AcDbEntity
  8
03_AXES
 62
     7
370
    25
100
AcDbLine
 10
340.9959061729915
 20
176.971215306576
 30
0.0
 11
341.0017760119914
 21
176.9198175528762
 31
0.0
  0
LINE
  5
559
330
70
100
AcDbEntity
  8
03_AXES
 62
     7
370
    25
100
AcDbLine
 10
340.9954362451919
 20
176.9905500985759
 30
0.0
 11
340.9959061729915
 21
176.971215306576
 31
0.0
  0
LINE
  5
55A
330
70
100
AcDbEntity
  8
03_AXES
 62
     7
370
    25
100
AcDbLine
 10
340.9954307537914
 20
177.2978404855756
 30
0.0
 11
340.9954307537914
 21
176.9905500981762
 31
0.0
  0
LINE
  5
55B
330
70
100
AcDbEntity
  8
03_AXES
 62
     7
370
    25
100
AcDbLine
 10
339.6284418491919
 20
218.0800322347761
 30
0.0
 11
339.6284418491919
 21
217.9252641927761
 31
0.0
  0
LINE
  5
55C
330
70
100
AcDbEntity
  8
03_AXES
 62
     7
370
    25
100
AcDbLine
 10
338.838441849192
 20
223.9319972139758
 30
0.0
 11
338.838441849192
 21
223.707040698176
 31
0.0
  0
LINE
  5
55D
330
70
100
AcDbEntity
  8
03_AXES
 62
     7
370
    25
100
AcDbLine
 10
338.7284418491916
 20
218.0800322347761
 30
0.0
 11
338.7284418491916
 21
217.9252641927761
 31
0.0
  0
LINE
  5
55E
330
70
100
AcDbEntity
  8
03_AXES
 62
     7
370
    25
100
AcDbLine
 10
336.7884418491917
 20
223.707040698176
 30
0.0
 11
338.838441849192
 21
223.707040698176
 31
0.0
  0
LINE
  5
55F
330
70
100
AcDbEntity
  8
03_AXES
 62
     7
370
    25
100
AcDbLine
 10
345.2384418491915
 20
223.707040698176
 30
0.0
 11
347.2884418491918
 21
223.707040698176
 31
0.0
  0
LINE
  5
560
330
70
100
AcDbEntity
  8
03_AXES
 62
     7
370
    25
100
AcDbLine
 10
354.1884418491917
 20
223.707040698176
 30
0.0
 11
356.238441849192
 21
223.707040698176
 31
0.0
  0
LINE
  5
561
330
70
100
AcDbEntity
  8
03_AXES
 62
     7
370
    25
100
AcDbLine
 10
362.6384418491915
 20
223.707040698176
 30
0.0
 11
364.6884418491918
 21
223.707040698176
 31
0.0
  0
LINE
  5
562
330
70
100
AcDbEntity
  8
03_AXES
 62
     7
370
    25
100
AcDbLine
 10
371.5884418491917
 20
223.707040698176
 30
0.0
 11
373.6384418491919
 21
223.707040698176
 31
0.0
  0
LINE
  5
563
330
70
100
AcDbEntity
  8
03_AXES
 62
     7
370
    25
100
AcDbLine
 10
380.0384418491915
 20
223.707040698176
 30
0.0
 11
382.0884418491917
 21
223.707040698176
 31
0.0
  0
LINE
  5
564
330
70
100
AcDbEntity
  8
03_AXES
 62
     7
370
    25
100
AcDbLine
 10
385.0894323503915
 20
225.680190387176
 30
0.0
 11
385.0484418491916
 21
225.680190387176
 31
0.0
  0
LINE
  5
565
330
70
100
AcDbEntity
  8
03_AXES
 62
     7
370
    25
100
AcDbLine
 10
367.6894323503915
 20
225.680190387176
 30
0.0
 11
367.6484418491917
 21
225.680190387176
 31
0.0
  0
LINE
  5
566
330
70
100
AcDbEntity
  8
03_AXES
 62
     7
370
    25
100
AcDbLine
 10
350.2894323503915
 20
225.680190387176
 30
0.0
 11
350.2484418491917
 21
225.680190387176
 31
0.0
  0
LINE
  5
567
330
70
100
AcDbEntity
  8
03_AXES
 62
     7
370
    25
100
AcDbLine
 10
342.0384418491914
 20
225.7721021043761
 30
0.0
 11
350.2484418491917
 21
225.7721021043761
 31
0.0
  0
LINE
  5
568
330
70
100
AcDbEntity
  8
03_AXES
 62
     7
370
    25
100
AcDbLine
 10
359.438441849192
 20
225.7721021043761
 30
0.0
 11
367.6484418491917
 21
225.7721021043761
 31
0.0
  0
LINE
  5
569
330
70
100
AcDbEntity
  8
03_AXES
 62
     7
370
    25
100
AcDbLine
 10
376.838441849192
 20
225.7721021043761
 30
0.0
 11
385.0484418491916
 21
225.7721021043761
 31
0.0
  0
LINE
  5
56A
330
70
100
AcDbEntity
  8
03_AXES
 62
     7
370
    25
100
AcDbLine
 10
385.338441849192
 20
227.5291174311761
 30
0.0
 11
385.0484418491916
 21
227.5291174311761
 31
0.0
  0
LINE
  5
56B
330
70
100
AcDbEntity
  8
03_AXES
 62
     7
370
    25
100
AcDbLine
 10
367.938441849192
 20
227.5291174311761
 30
0.0
 11
367.6484418491917
 21
227.5291174311761
 31
0.0
  0
LINE
  5
56C
330
70
100
AcDbEntity
  8
03_AXES
 62
     7
370
    25
100
AcDbLine
 10
350.538441849192
 20
227.5291174311761
 30
0.0
 11
350.2484418491917
 21
227.5291174311761
 31
0.0
  0
LINE
  5
56D
330
70
100
AcDbEntity
  8
03_AXES
 62
     7
370
    25
100
AcDbLine
 10
385.0484418491916
 20
227.5329850034761
 30
0.0
 11
376.838441849192
 21
227.5329850034761
 31
0.0
  0
LINE
  5
56E
330
70
100
AcDbEntity
  8
03_AXES
 62
     7
370
    25
100
AcDbLine
 10
367.6484418491917
 20
227.5329850034761
 30
0.0
 11
359.438441849192
 21
227.5329850034761
 31
0.0
  0
LINE
  5
56F
330
70
100
AcDbEntity
  8
03_AXES
 62
     7
370
    25
100
AcDbLine
 10
350.2484418491917
 20
227.5329850034761
 30
0.0
 11
342.0384418491914
 21
227.5329850034761
 31
0.0
  0
LINE
  5
570
330
70
100
AcDbEntity
  8
03_AXES
 62
     7
370
    25
100
AcDbLine
 10
347.2884418491918
 20
225.367165218576
 30
0.0
 11
342.0384418491914
 21
225.392605922476
 31
0.0
  0
LINE
  5
571
330
70
100
AcDbEntity
  8
03_AXES
 62
     7
370
    25
100
AcDbLine
 10
364.6884418491918
 20
225.367165218576
 30
0.0
 11
359.438441849192
 21
225.392605922476
 31
0.0
  0
LINE
  5
572
330
70
100
AcDbEntity
  8
03_AXES
 62
     7
370
    25
100
AcDbLine
 10
382.0884418491917
 20
225.367165218576
 30
0.0
 11
376.838441849192
 21
225.392605922476
 31
0.0
  0
LINE
  5
573
330
70
100
AcDbEntity
  8
03_AXES
 62
     7
370
    25
100
AcDbLine
 10
345.3384418491918
 20
224.1069248733757
 30
0.0
 11
342.0384418491914
 21
224.1428244505759
 31
0.0
  0
LINE
  5
574
330
70
100
AcDbEntity
  8
03_AXES
 62
     7
370
    25
100
AcDbLine
 10
362.7384418491918
 20
224.1069248733757
 30
0.0
 11
359.438441849192
 21
224.1428244505759
 31
0.0
  0
LINE
  5
575
330
70
100
AcDbEntity
  8
03_AXES
 62
     7
370
    25
100
AcDbLine
 10
380.1384418491918
 20
224.1069248733757
 30
0.0
 11
376.838441849192
 21
224.1428244505759
 31
0.0
  0
LINE
  5
576
330
70
100
AcDbEntity
  8
03_AXES
 62
     7
370
    25
100
AcDbLine
 10
376.0398302783916
 20
176.5986545934756
 30
0.0
 11
376.0980372430918
 21
176.5671856381757
 31
0.0
  0
LINE
  5
577
330
70
100
AcDbEntity
  8
03_AXES
 62
     7
370
    25
100
AcDbLine
 10
341.186301153592
 20
176.6349109517759
 30
0.0
 11
341.2398302783917
 21
176.5986545934756
 31
0.0
  0
LINE
  5
578
330
70
100
AcDbEntity
  8
03_AXES
 62
     7
370
    25
100
AcDbLine
 10
358.586301153592
 20
176.6349109517759
 30
0.0
 11
358.6398302783917
 21
176.5986545934756
 31
0.0
  0
LINE
  5
579
330
70
100
AcDbEntity
  8
03_AXES
 62
     7
370
    25
100
AcDbLine
 10
341.1381473606916
 20
176.6757462877762
 30
0.0
 11
341.186301153592
 21
176.6349109517759
 31
0.0
  0
LINE
  5
57A
330
70
100
AcDbEntity
  8
03_AXES
 62
     7
370
    25
100
AcDbLine
 10
341.0017760119914
 20
176.9198175528762
 30
0.0
 11
341.0144412765914
 21
176.8687677659761
 31
0.0
  0
LINE
  5
57B
330
70
100
AcDbEntity
  8
03_AXES
 62
     7
370
    25
100
AcDbLine
 10
376.838441849192
 20
250.5245465039756
 30
0.0
 11
375.933654173792
 21
250.464022322976
 31
0.0
  0
LINE
  5
57C
330
70
100
AcDbEntity
  8
03_AXES
 62
     7
370
    25
100
AcDbLine
 10
359.438441849192
 20
250.5245465039756
 30
0.0
 11
358.5336541737914
 21
250.464022322976
 31
0.0
  0
LINE
  5
57D
330
70
100
AcDbEntity
  8
03_AXES
 62
     7
370
    25
100
AcDbLine
 10
342.0384418491914
 20
250.5245465039756
 30
0.0
 11
341.1336541737914
 21
250.464022322976
 31
0.0
  0
LINE
  5
57E
330
70
100
AcDbEntity
  8
03_AXES
 62
     7
370
    25
100
AcDbLine
 10
376.838441849192
 20
250.4432371609764
 30
0.0
 11
376.2145787481918
 21
250.4022272938765
 31
0.0
  0
LINE
  5
57F
330
70
100
AcDbEntity
  8
03_AXES
 62
     7
370
    25
100
AcDbLine
 10
359.438441849192
 20
250.4432371609764
 30
0.0
 11
358.8145787481918
 21
250.4022272938765
 31
0.0
  0
LINE
  5
580
330
70
100
AcDbEntity
  8
03_AXES
 62
     7
370
    25
100
AcDbLine
 10
342.0384418491914
 20
250.4432371609764
 30
0.0
 11
341.4145787481918
 21
250.4022272938765
 31
0.0
  0
LINE
  5
581
330
70
100
AcDbEntity
  8
03_AXES
 62
     7
370
    25
100
AcDbLine
 10
377.0332232431915
 20
250.3849328473761
 30
0.0
 11
376.838441849192
 21
250.3831266627759
 31
0.0
  0
LINE
  5
582
330
70
100
AcDbEntity
  8
03_AXES
 62
     7
370
    25
100
AcDbLine
 10
359.6332232431915
 20
250.3849328473761
 30
0.0
 11
359.438441849192
 21
250.3831266627759
 31
0.0
  0
LINE
  5
583
330
70
100
AcDbEntity
  8
03_AXES
 62
     7
370
    25
100
AcDbLine
 10
342.2332232431916
 20
250.3849328473761
 30
0.0
 11
342.0384418491914
 21
250.3831266627759
 31
0.0
  0
LINE
  5
584
330
70
100
AcDbEntity
  8
03_AXES
 62
     7
370
    25
100
AcDbLine
 10
378.2217394723917
 20
250.609912340976
 30
0.0
 11
377.7659031778919
 21
250.6059343179761
 31
0.0
  0
LINE
  5
585
330
70
100
AcDbEntity
  8
03_AXES
 62
     7
370
    25
100
AcDbLine
 10
360.8217394723918
 20
250.609912340976
 30
0.0
 11
360.3659031778919
 21
250.6059343179761
 31
0.0
  0
LINE
  5
586
330
70
100
AcDbEntity
  8
03_AXES
 62
     7
370
    25
100
AcDbLine
 10
343.4217394723918
 20
250.609912340976
 30
0.0
 11
342.9659031778919
 21
250.6059343179761
 31
0.0
  0
LINE
  5
587
330
70
100
AcDbEntity
  8
03_AXES
 62
     7
370
    25
100
AcDbLine
 10
376.838441849192
 20
250.4432371609764
 30
0.0
 11
377.6353077522915
 21
250.4501200528757
 31
0.0
  0
LINE
  5
588
330
70
100
AcDbEntity
  8
03_AXES
 62
     7
370
    25
100
AcDbLine
 10
359.438441849192
 20
250.4432371609764
 30
0.0
 11
360.2353077522916
 21
250.4501200528757
 31
0.0
  0
LINE
  5
589
330
70
100
AcDbEntity
  8
03_AXES
 62
     7
370
    25
100
AcDbLine
 10
342.0384418491914
 20
250.4432371609764
 30
0.0
 11
342.8353077522916
 21
250.4501200528757
 31
0.0
  0
LINE
  5
58A
330
70
100
AcDbEntity
  8
03_AXES
 62
     7
370
    25
100
AcDbLine
 10
385.338441849192
 20
240.4945576572756
 30
0.0
 11
385.0484418491916
 21
240.4945576572756
 31
0.0
  0
LINE
  5
58B
330
70
100
AcDbEntity
  8
03_AXES
 62
     7
370
    25
100
AcDbLine
 10
367.938441849192
 20
240.4945576572756
 30
0.0
 11
367.6484418491917
 21
240.4945576572756
 31
0.0
  0
LINE
  5
58C
330
70
100
AcDbEntity
  8
03_AXES
 62
     7
370
    25
100
AcDbLine
 10
350.538441849192
 20
240.4945576572756
 30
0.0
 11
350.2484418491917
 21
240.4945576572756
 31
0.0
  0
LINE
  5
58D
330
70
100
AcDbEntity
  8
03_AXES
 62
     7
370
    25
100
AcDbLine
 10
385.0484418491916
 20
240.5049111925759
 30
0.0
 11
376.838441849192
 21
240.5049111925759
 31
0.0
  0
LINE
  5
58E
330
70
100
AcDbEntity
  8
03_AXES
 62
     7
370
    25
100
AcDbLine
 10
367.6484418491917
 20
240.5049111925759
 30
0.0
 11
359.438441849192
 21
240.5049111925759
 31
0.0
  0
LINE
  5
58F
330
70
100
AcDbEntity
  8
03_AXES
 62
     7
370
    25
100
AcDbLine
 10
350.2484418491917
 20
240.5049111925759
 30
0.0
 11
342.0384418491914
 21
240.5049111925759
 31
0.0
  0
LINE
  5
590
330
70
100
AcDbEntity
  8
03_AXES
 62
     7
370
    25
100
AcDbLine
 10
385.338441849192
 20
242.1978404855757
 30
0.0
 11
385.0484418491916
 21
242.1978404855757
 31
0.0
  0
LINE
  5
591
330
70
100
AcDbEntity
  8
03_AXES
 62
     7
370
    25
100
AcDbLine
 10
367.938441849192
 20
242.1978404855757
 30
0.0
 11
367.6484418491917
 21
242.1978404855757
 31
0.0
  0
LINE
  5
592
330
70
100
AcDbEntity
  8
03_AXES
 62
     7
370
    25
100
AcDbLine
 10
350.538441849192
 20
242.1978404855757
 30
0.0
 11
350.2484418491917
 21
242.1978404855757
 31
0.0
  0
LINE
  5
593
330
70
100
AcDbEntity
  8
03_AXES
 62
     7
370
    25
100
AcDbLine
 10
385.0484418491916
 20
242.297840485576
 30
0.0
 11
376.838441849192
 21
242.297840485576
 31
0.0
  0
LINE
  5
594
330
70
100
AcDbEntity
  8
03_AXES
 62
     7
370
    25
100
AcDbLine
 10
367.6484418491917
 20
242.297840485576
 30
0.0
 11
359.438441849192
 21
242.297840485576
 31
0.0
  0
LINE
  5
595
330
70
100
AcDbEntity
  8
03_AXES
 62
     7
370
    25
100
AcDbLine
 10
350.2484418491917
 20
242.297840485576
 30
0.0
 11
342.0384418491914
 21
242.297840485576
 31
0.0
  0
LINE
  5
596
330
70
100
AcDbEntity
  8
03_AXES
 62
     7
370
    25
100
AcDbLine
 10
385.338441849192
 20
244.7943484085759
 30
0.0
 11
385.0484418491916
 21
244.7943484085759
 31
0.0
  0
LINE
  5
597
330
70
100
AcDbEntity
  8
03_AXES
 62
     7
370
    25
100
AcDbLine
 10
367.938441849192
 20
244.7943484085759
 30
0.0
 11
367.6484418491917
 21
244.7943484085759
 31
0.0
  0
LINE
  5
598
330
70
100
AcDbEntity
  8
03_AXES
 62
     7
370
    25
100
AcDbLine
 10
350.538441849192
 20
244.7943484085759
 30
0.0
 11
350.2484418491917
 21
244.7943484085759
 31
0.0
  0
LINE
  5
599
330
70
100
AcDbEntity
  8
03_AXES
 62
     7
370
    25
100
AcDbLine
 10
342.0384418491914
 20
244.7978404855764
 30
0.0
 11
350.2484418491917
 21
244.7978404855764
 31
0.0
  0
LINE
  5
59A
330
70
100
AcDbEntity
  8
03_AXES
 62
     7
370
    25
100
AcDbLine
 10
359.438441849192
 20
244.7978404855764
 30
0.0
 11
367.6484418491917
 21
244.7978404855764
 31
0.0
  0
LINE
  5
59B
330
70
100
AcDbEntity
  8
03_AXES
 62
     7
370
    25
100
AcDbLine
 10
376.838441849192
 20
244.7978404855764
 30
0.0
 11
385.0484418491916
 21
244.7978404855764
 31
0.0
  0
LINE
  5
59C
330
70
100
AcDbEntity
  8
03_AXES
 62
     7
370
    25
100
AcDbLine
 10
375.986301153592
 20
176.6349109517759
 30
0.0
 11
376.0398302783916
 21
176.5986545934756
 31
0.0
  0
LINE
  5
59D
330
70
100
AcDbEntity
  8
03_AXES
 62
     7
370
    25
100
AcDbLine
 10
358.5381473606916
 20
176.6757462877762
 30
0.0
 11
358.586301153592
 21
176.6349109517759
 31
0.0
  0
LINE
  5
59E
330
70
100
AcDbEntity
  8
03_AXES
 62
     7
370
    25
100
AcDbLine
 10
341.0962706545919
 20
176.720579059276
 30
0.0
 11
341.1381473606916
 21
176.6757462877762
 31
0.0
  0
LINE
  5
59F
330
70
100
AcDbEntity
  8
03_AXES
 62
     7
370
    25
100
AcDbLine
 10
380.0241051835921
 20
253.6478004855759
 30
0.0
 11
377.833441849192
 21
253.6478004855759
 31
0.0
  0
LINE
  5
5A0
330
70
100
AcDbEntity
  8
03_AXES
 62
     7
370
    25
100
AcDbLine
 10
375.8502238472916
 20
253.6478004855759
 30
0.0
 11
373.6541051835919
 21
253.6478004855759
 31
0.0
  0
LINE
  5
5A1
330
70
100
AcDbEntity
  8
03_AXES
 62
     7
370
    25
100
AcDbLine
 10
362.6241051835921
 20
253.6478004855759
 30
0.0
 11
360.4334418491914
 21
253.6478004855759
 31
0.0
  0
LINE
  5
5A2
330
70
100
AcDbEntity
  8
03_AXES
 62
     7
370
    25
100
AcDbLine
 10
358.4502238472917
 20
253.6478004855759
 30
0.0
 11
356.2541051835919
 21
253.6478004855759
 31
0.0
  0
LINE
  5
5A3
330
70
100
AcDbEntity
  8
03_AXES
 62
     7
370
    25
100
AcDbLine
 10
345.2241051835914
 20
253.6478004855759
 30
0.0
 11
343.0334418491914
 21
253.6478004855759
 31
0.0
  0
LINE
  5
5A4
330
70
100
AcDbEntity
  8
03_AXES
 62
     7
370
    25
100
AcDbLine
 10
341.0502238472917
 20
253.6478004855759
 30
0.0
 11
338.854105183592
 21
253.6478004855759
 31
0.0
  0
LINE
  5
5A5
330
70
100
AcDbEntity
  8
03_AXES
 62
     7
370
    25
100
AcDbLine
 10
338.854105183592
 20
254.9478004855756
 30
0.0
 11
341.0427730051917
 21
254.9478004855756
 31
0.0
  0
LINE
  5
5A6
330
70
100
AcDbEntity
  8
03_AXES
 62
     7
370
    25
100
AcDbLine
 10
343.0334418491914
 20
254.9478004855756
 30
0.0
 11
345.2241051835914
 21
254.9478004855756
 31
0.0
  0
LINE
  5
5A7
330
70
100
AcDbEntity
  8
03_AXES
 62
     7
370
    25
100
AcDbLine
 10
356.2541051835919
 20
254.9478004855756
 30
0.0
 11
358.4427730051917
 21
254.9478004855756
 31
0.0
  0
LINE
  5
5A8
330
70
100
AcDbEntity
  8
03_AXES
 62
     7
370
    25
100
AcDbLine
 10
360.4334418491914
 20
254.9478004855756
 30
0.0
 11
362.6241051835921
 21
254.9478004855756
 31
0.0
  0
LINE
  5
5A9
330
70
100
AcDbEntity
  8
03_AXES
 62
     7
370
    25
100
AcDbLine
 10
373.6541051835919
 20
254.9478004855756
 30
0.0
 11
375.8427730051916
 21
254.9478004855756
 31
0.0
  0
LINE
  5
5AA
330
70
100
AcDbEntity
  8
03_AXES
 62
     7
370
    25
100
AcDbLine
 10
377.833441849192
 20
254.9478004855756
 30
0.0
 11
380.0241051835921
 21
254.9478004855756
 31
0.0
  0
LINE
  5
5AB
330
70
100
AcDbEntity
  8
03_AXES
 62
     7
370
    25
100
AcDbLine
 10
385.338441849192
 20
260.4303777856765
 30
0.0
 11
385.0484418491916
 21
260.4303777856765
 31
0.0
  0
LINE
  5
5AC
330
70
100
AcDbEntity
  8
03_AXES
 62
     7
370
    25
100
AcDbLine
 10
367.938441849192
 20
260.4303777856765
 30
0.0
 11
367.6484418491917
 21
260.4303777856765
 31
0.0
  0
LINE
  5
5AD
330
70
100
AcDbEntity
  8
03_AXES
 62
     7
370
    25
100
AcDbLine
 10
350.538441849192
 20
260.4303777856765
 30
0.0
 11
350.2484418491917
 21
260.4303777856765
 31
0.0
  0
LINE
  5
5AE
330
70
100
AcDbEntity
  8
03_AXES
 62
     7
370
    25
100
AcDbLine
 10
342.0384418491914
 20
260.4373534330762
 30
0.0
 11
350.2484418491917
 21
260.4373534330762
 31
0.0
  0
LINE
  5
5AF
330
70
100
AcDbEntity
  8
03_AXES
 62
     7
370
    25
100
AcDbLine
 10
359.438441849192
 20
260.4373534330762
 30
0.0
 11
367.6484418491917
 21
260.4373534330762
 31
0.0
  0
LINE
  5
5B0
330
70
100
AcDbEntity
  8
03_AXES
 62
     7
370
    25
100
AcDbLine
 10
376.838441849192
 20
260.4373534330762
 30
0.0
 11
385.0484418491916
 21
260.4373534330762
 31
0.0
  0
LINE
  5
5B1
330
70
100
AcDbEntity
  8
03_AXES
 62
     7
370
    25
100
AcDbLine
 10
385.338441849192
 20
262.1978404855763
 30
0.0
 11
385.0484418491916
 21
262.1978404855763
 31
0.0
  0
LINE
  5
5B2
330
70
100
AcDbEntity
  8
03_AXES
 62
     7
370
    25
100
AcDbLine
 10
367.938441849192
 20
262.1978404855763
 30
0.0
 11
367.6484418491917
 21
262.1978404855763
 31
0.0
  0
LINE
  5
5B3
330
70
100
AcDbEntity
  8
03_AXES
 62
     7
370
    25
100
AcDbLine
 10
350.538441849192
 20
262.1978404855763
 30
0.0
 11
350.2484418491917
 21
262.1978404855763
 31
0.0
  0
LINE
  5
5B4
330
70
100
AcDbEntity
  8
03_AXES
 62
     7
370
    25
100
AcDbLine
 10
342.0384418491914
 20
262.2978404855761
 30
0.0
 11
350.2484418491917
 21
262.2978404855761
 31
0.0
  0
LINE
  5
5B5
330
70
100
AcDbEntity
  8
03_AXES
 62
     7
370
    25
100
AcDbLine
 10
359.438441849192
 20
262.2978404855761
 30
0.0
 11
367.6484418491917
 21
262.2978404855761
 31
0.0
  0
LINE
  5
5B6
330
70
100
AcDbEntity
  8
03_AXES
 62
     7
370
    25
100
AcDbLine
 10
376.838441849192
 20
262.2978404855761
 30
0.0
 11
385.0484418491916
 21
262.2978404855761
 31
0.0
  0
LINE
  5
5B7
330
70
100
AcDbEntity
  8
03_AXES
 62
     7
370
    25
100
AcDbLine
 10
346.0884418491917
 20
263.297840485576
 30
0.0
 11
346.7884418491914
 21
263.297840485576
 31
0.0
  0
LINE
  5
5B8
330
70
100
AcDbEntity
  8
03_AXES
 62
     7
370
    25
100
AcDbLine
 10
363.4884418491917
 20
263.297840485576
 30
0.0
 11
364.188441849192
 21
263.297840485576
 31
0.0
  0
LINE
  5
5B9
330
70
100
AcDbEntity
  8
03_AXES
 62
     7
370
    25
100
AcDbLine
 10
380.8884418491917
 20
263.297840485576
 30
0.0
 11
381.588441849192
 21
263.297840485576
 31
0.0
  0
LINE
  5
5BA
330
70
100
AcDbEntity
  8
03_AXES
 62
     7
370
    25
100
AcDbLine
 10
380.588441849192
 20
263.4978404855761
 30
0.0
 11
376.838441849192
 21
263.4978404855761
 31
0.0
  0
LINE
  5
5BB
330
70
100
AcDbEntity
  8
03_AXES
 62
     7
370
    25
100
AcDbLine
 10
363.188441849192
 20
263.4978404855761
 30
0.0
 11
359.438441849192
 21
263.4978404855761
 31
0.0
  0
LINE
  5
5BC
330
70
100
AcDbEntity
  8
03_AXES
 62
     7
370
    25
100
AcDbLine
 10
345.788441849192
 20
263.4978404855761
 30
0.0
 11
342.0384418491914
 21
263.4978404855761
 31
0.0
  0
LINE
  5
5BD
330
70
100
AcDbEntity
  8
03_AXES
 62
     7
370
    25
100
AcDbLine
 10
381.2884418491917
 20
263.7978404855764
 30
0.0
 11
376.838441849192
 21
263.7978404855764
 31
0.0
  0
LINE
  5
5BE
330
70
100
AcDbEntity
  8
03_AXES
 62
     7
370
    25
100
AcDbLine
 10
363.8884418491917
 20
263.7978404855764
 30
0.0
 11
359.438441849192
 21
263.7978404855764
 31
0.0
  0
LINE
  5
5BF
330
70
100
AcDbEntity
  8
03_AXES
 62
     7
370
    25
100
AcDbLine
 10
346.4884418491917
 20
263.7978404855764
 30
0.0
 11
342.0384418491914
 21
263.7978404855764
 31
0.0
  0
LINE
  5
5C0
330
70
100
AcDbEntity
  8
03_AXES
 62
     7
370
    25
100
AcDbLine
 10
375.9381473606916
 20
176.6757462877762
 30
0.0
 11
375.986301153592
 21
176.6349109517759
 31
0.0
  0
LINE
  5
5C1
330
70
100
AcDbEntity
  8
03_AXES
 62
     7
370
    25
100
AcDbLine
 10
358.4962706545919
 20
176.720579059276
 30
0.0
 11
358.5381473606916
 21
176.6757462877762
 31
0.0
  0
LINE
  5
5C2
330
70
100
AcDbEntity
  8
03_AXES
 62
     7
370
    25
100
AcDbLine
 10
341.0614297149917
 20
176.7685198211757
 30
0.0
 11
341.0962706545919
 21
176.720579059276
 31
0.0
  0
LINE
  5
5C3
330
70
100
AcDbEntity
  8
03_AXES
 62
     7
370
    25
100
AcDbLine
 10
375.8962706545919
 20
176.720579059276
 30
0.0
 11
375.9381473606916
 21
176.6757462877762
 31
0.0
  0
LINE
  5
5C4
330
70
100
AcDbEntity
  8
03_AXES
 62
     7
370
    25
100
AcDbLine
 10
358.4614297149916
 20
176.7685198211757
 30
0.0
 11
358.4962706545919
 21
176.720579059276
 31
0.0
  0
LINE
  5
5C5
330
70
100
AcDbEntity
  8
03_AXES
 62
     7
370
    25
100
AcDbLine
 10
341.0341902049915
 20
176.8182216568761
 30
0.0
 11
341.0614297149917
 21
176.7685198211757
 31
0.0
  0
LINE
  5
5C6
330
70
100
AcDbEntity
  8
03_AXES
 62
     7
370
    25
100
AcDbLine
 10
346.7884418491914
 20
263.6246354047759
 30
0.0
 11
346.4884418491917
 21
263.7978404855764
 31
0.0
  0
LINE
  5
5C7
330
70
100
AcDbEntity
  8
03_AXES
 62
     7
370
    25
100
AcDbLine
 10
375.8614297149916
 20
176.7685198211757
 30
0.0
 11
375.8962706545919
 21
176.720579059276
 31
0.0
  0
LINE
  5
5C8
330
70
100
AcDbEntity
  8
03_AXES
 62
     7
370
    25
100
AcDbLine
 10
358.4341902049915
 20
176.8182216568761
 30
0.0
 11
358.4614297149916
 21
176.7685198211757
 31
0.0
  0
LINE
  5
5C9
330
70
100
AcDbEntity
  8
03_AXES
 62
     7
370
    25
100
AcDbLine
 10
341.0144412765914
 20
176.8687677659761
 30
0.0
 11
341.0341902049915
 21
176.8182216568761
 31
0.0
  0
LINE
  5
5CA
330
70
100
AcDbEntity
  8
03_AXES
 62
     7
370
    25
100
AcDbLine
 10
364.188441849192
 20
263.6246354047759
 30
0.0
 11
363.8884418491917
 21
263.7978404855764
 31
0.0
  0
LINE
  5
5CB
330
70
100
AcDbEntity
  8
03_AXES
 62
     7
370
    25
100
AcDbLine
 10
375.8341902049915
 20
176.8182216568761
 30
0.0
 11
375.8614297149916
 21
176.7685198211757
 31
0.0
  0
LINE
  5
5CC
330
70
100
AcDbEntity
  8
03_AXES
 62
     7
370
    25
100
AcDbLine
 10
358.4144412765921
 20
176.8687677659761
 30
0.0
 11
358.4341902049915
 21
176.8182216568761
 31
0.0
  0
LINE
  5
5CD
330
70
100
AcDbEntity
  8
03_AXES
 62
     7
370
    25
100
AcDbLine
 10
381.588441849192
 20
263.6246354047759
 30
0.0
 11
381.2884418491917
 21
263.7978404855764
 31
0.0
  0
LINE
  5
5CE
330
70
100
AcDbEntity
  8
03_AXES
 62
     7
370
    25
100
AcDbLine
 10
375.814441276592
 20
176.8687677659761
 30
0.0
 11
375.8341902049915
 21
176.8182216568761
 31
0.0
  0
SPLINE
  5
5CF
330
70
100
AcDbEntity
  8
03_AXES
 62
     7
370
    25
100
AcDbSpline
210
0.0
220
0.0
230
1.0
 70
     8
 71
     3
 72
     8
 73
     4
 74
     0
 42
0.0000000001
 43
0.0000000001
 40
0.0
 40
0.0
 40
0.0
 40
0.0
 40
1.0
 40
1.0
 40
1.0
 40
1.0
 10
363.188441849192
 20
176.0978404855762
 30
0.0
 10
363.188441849192
 20
175.9321550606272
 30
0.0
 10
363.3227564242427
 20
175.7978404855759
 30
0.0
 10
363.4884418491917
 20
175.7978404855759
 30
0.0
  0
SPLINE
  5
5D0
330
70
100
AcDbEntity
  8
03_AXES
 62
     7
370
    25
100
AcDbSpline
210
0.0
220
0.0
230
1.0
 70
     8
 71
     3
 72
     8
 73
     4
 74
     0
 42
0.0000000001
 43
0.0000000001
 40
0.0
 40
0.0
 40
0.0
 40
0.0
 40
1.0
 40
1.0
 40
1.0
 40
1.0
 10
380.588441849192
 20
176.0978404855762
 30
0.0
 10
380.588441849192
 20
175.9321550606272
 30
0.0
 10
380.7227564242427
 20
175.7978404855759
 30
0.0
 10
380.8884418491917
 20
175.7978404855759
 30
0.0
  0
SPLINE
  5
5D1
330
70
100
AcDbEntity
  8
03_AXES
 62
     7
370
    25
100
AcDbSpline
210
0.0
220
0.0
230
1.0
 70
     8
 71
     3
 72
     8
 73
     4
 74
     0
 42
0.0000000001
 43
0.0000000001
 40
0.0
 40
0.0
 40
0.0
 40
0.0
 40
1.0
 40
1.0
 40
1.0
 40
1.0
 10
345.788441849192
 20
176.0978404855762
 30
0.0
 10
345.788441849192
 20
175.9321550606272
 30
0.0
 10
345.9227564242427
 20
175.7978404855759
 30
0.0
 10
346.0884418491917
 20
175.7978404855759
 30
0.0
  0
SPLINE
  5
5D2
330
70
100
AcDbEntity
  8
03_AXES
 62
     7
370
    25
100
AcDbSpline
210
0.0
220
0.0
230
1.0
 70
     8
 71
     3
 72
     8
 73
     4
 74
     0
 42
0.0000000001
 43
0.0000000001
 40
0.0
 40
0.0
 40
0.0
 40
0.0
 40
1.0
 40
1.0
 40
1.0
 40
1.0
 10
367.938441849192
 20
177.3978404855759
 30
0.0
 10
368.0488987991576
 20
177.3978404855759
 30
0.0
 10
368.138441849192
 20
177.4873835356097
 30
0.0
 10
368.138441849192
 20
177.5978404855759
 30
0.0
  0
SPLINE
  5
5D3
330
70
100
AcDbEntity
  8
03_AXES
 62
     7
370
    25
100
AcDbSpline
210
0.0
220
0.0
230
1.0
 70
     8
 71
     3
 72
     8
 73
     4
 74
     0
 42
0.0000000001
 43
0.0000000001
 40
0.0
 40
0.0
 40
0.0
 40
0.0
 40
1.0
 40
1.0
 40
1.0
 40
1.0
 10
385.338441849192
 20
177.3978404855759
 30
0.0
 10
385.4488987991581
 20
177.3978404855759
 30
0.0
 10
385.538441849192
 20
177.4873835356097
 30
0.0
 10
385.538441849192
 20
177.5978404855759
 30
0.0
  0
SPLINE
  5
5D4
330
70
100
AcDbEntity
  8
03_AXES
 62
     7
370
    25
100
AcDbSpline
210
0.0
220
0.0
230
1.0
 70
     8
 71
     3
 72
     8
 73
     4
 74
     0
 42
0.0000000001
 43
0.0000000001
 40
0.0
 40
0.0
 40
0.0
 40
0.0
 40
1.0
 40
1.0
 40
1.0
 40
1.0
 10
350.538441849192
 20
177.3978404855759
 30
0.0
 10
350.6488987991576
 20
177.3978404855759
 30
0.0
 10
350.7384418491914
 20
177.4873835356097
 30
0.0
 10
350.7384418491914
 20
177.5978404855759
 30
0.0
  0
SPLINE
  5
5D5
330
70
100
AcDbEntity
  8
03_AXES
 62
     7
370
    25
100
AcDbSpline
210
0.0
220
0.0
230
1.0
 70
     8
 71
     3
 72
    11
 73
     7
 74
     0
 42
0.0000000001
 43
0.0000000001
 40
0.0
 40
0.0
 40
0.0
 40
0.0
 40
1.0
 40
1.0
 40
1.0
 40
2.0
 40
2.0
 40
2.0
 40
2.0
 10
376.3234418491916
 20
184.2621833483759
 30
0.0
 10
376.3234418491916
 20
184.3726402983421
 30
0.0
 10
376.2338987991578
 20
184.4621833483759
 30
0.0
 10
376.1234418491916
 20
184.4621833483759
 30
0.0
 10
376.0710912984519
 20
184.4621833483759
 30
0.0
 10
376.0208276203218
 20
184.4416573024642
 30
0.0
 10
375.9834418491918
 20
184.4050119169467
 30
0.0
  0
SPLINE
  5
5D6
330
70
100
AcDbEntity
  8
03_AXES
 62
     7
370
    25
100
AcDbSpline
210
0.0
220
0.0
230
1.0
 70
     8
 71
     3
 72
    11
 73
     7
 74
     0
 42
0.0000000001
 43
0.0000000001
 40
0.0
 40
0.0
 40
0.0
 40
0.0
 40
1.0
 40
1.0
 40
1.0
 40
2.0
 40
2.0
 40
2.0
 40
2.0
 10
377.6937762711984
 20
184.4053404855759
 30
0.0
 10
377.6150756943476
 20
184.482845046727
 30
0.0
 10
377.4884464103428
 20
184.4818754844339
 30
0.0
 10
377.4109418491916
 20
184.4031749075831
 30
0.0
 10
377.3740950352364
 20
184.3657594900857
 30
0.0
 10
377.3534418491917
 20
184.3153533522387
 30
0.0
 10
377.3534418491917
 20
184.2628404855757
 30
0.0
  0
SPLINE
  5
5D7
330
70
100
AcDbEntity
  8
03_AXES
 62
     7
370
    25
100
AcDbSpline
210
0.0
220
0.0
230
1.0
 70
     8
 71
     3
 72
    11
 73
     7
 74
     0
 42
0.0000000001
 43
0.0000000001
 40
0.0
 40
0.0
 40
0.0
 40
0.0
 40
1.0
 40
1.0
 40
1.0
 40
2.0
 40
2.0
 40
2.0
 40
2.0
 10
360.2937762711985
 20
184.4053404855759
 30
0.0
 10
360.2150756943476
 20
184.482845046727
 30
0.0
 10
360.0884464103428
 20
184.4818754844339
 30
0.0
 10
360.0109418491916
 20
184.4031749075831
 30
0.0
 10
359.9740950352364
 20
184.3657594900857
 30
0.0
 10
359.9534418491918
 20
184.3153533522387
 30
0.0
 10
359.9534418491918
 20
184.2628404855757
 30
0.0
  0
SPLINE
  5
5D8
330
70
100
AcDbEntity
  8
03_AXES
 62
     7
370
    25
100
AcDbSpline
210
0.0
220
0.0
230
1.0
 70
     8
 71
     3
 72
    11
 73
     7
 74
     0
 42
0.0000000001
 43
0.0000000001
 40
0.0
 40
0.0
 40
0.0
 40
0.0
 40
1.0
 40
1.0
 40
1.0
 40
2.0
 40
2.0
 40
2.0
 40
2.0
 10
358.9234418491916
 20
184.2621833483759
 30
0.0
 10
358.9234418491916
 20
184.3726402983421
 30
0.0
 10
358.8338987991578
 20
184.4621833483759
 30
0.0
 10
358.7234418491916
 20
184.4621833483759
 30
0.0
 10
358.6710912984519
 20
184.4621833483759
 30
0.0
 10
358.6208276203219
 20
184.4416573024642
 30
0.0
 10
358.5834418491918
 20
184.4050119169467
 30
0.0
  0
SPLINE
  5
5D9
330
70
100
AcDbEntity
  8
03_AXES
 62
     7
370
    25
100
AcDbSpline
210
0.0
220
0.0
230
1.0
 70
     8
 71
     3
 72
    11
 73
     7
 74
     0
 42
0.0000000001
 43
0.0000000001
 40
0.0
 40
0.0
 40
0.0
 40
0.0
 40
1.0
 40
1.0
 40
1.0
 40
2.0
 40
2.0
 40
2.0
 40
2.0
 10
341.5234418491917
 20
184.2621833483759
 30
0.0
 10
341.5234418491917
 20
184.3726402983421
 30
0.0
 10
341.4338987991578
 20
184.4621833483759
 30
0.0
 10
341.3234418491917
 20
184.4621833483759
 30
0.0
 10
341.271091298452
 20
184.4621833483759
 30
0.0
 10
341.2208276203219
 20
184.4416573024642
 30
0.0
 10
341.1834418491919
 20
184.4050119169467
 30
0.0
  0
SPLINE
  5
5DA
330
70
100
AcDbEntity
  8
03_AXES
 62
     7
370
    25
100
AcDbSpline
210
0.0
220
0.0
230
1.0
 70
     8
 71
     3
 72
    11
 73
     7
 74
     0
 42
0.0000000001
 43
0.0000000001
 40
0.0
 40
0.0
 40
0.0
 40
0.0
 40
1.0
 40
1.0
 40
1.0
 40
2.0
 40
2.0
 40
2.0
 40
2.0
 10
342.8937762711985
 20
184.4053404855759
 30
0.0
 10
342.8150756943476
 20
184.482845046727
 30
0.0
 10
342.6884464103428
 20
184.4818754844339
 30
0.0
 10
342.6109418491916
 20
184.4031749075831
 30
0.0
 10
342.5740950352364
 20
184.3657594900857
 30
0.0
 10
342.5534418491918
 20
184.3153533522387
 30
0.0
 10
342.5534418491918
 20
184.2628404855757
 30
0.0
  0
CIRCLE
  5
5DB
330
70
100
AcDbEntity
  8
03_AXES
 62
     7
370
    25
100
AcDbCircle
 10
376.838441849192
 20
185.297840485576
 30
0.0
 40
3.750000000000051
  0
SPLINE
  5
5DC
330
70
100
AcDbEntity
  8
03_AXES
 62
     7
370
    25
100
AcDbSpline
210
0.0
220
0.0
230
1.0
 70
     8
 71
     3
 72
     8
 73
     4
 74
     0
 42
0.0000000001
 43
0.0000000001
 40
0.0
 40
0.0
 40
0.0
 40
0.0
 40
1.0
 40
1.0
 40
1.0
 40
1.0
 10
373.6527785148478
 20
186.0478404855706
 30
0.0
 10
373.5652631267733
 20
185.618925773289
 30
0.0
 10
373.5652631267733
 20
185.1767551978634
 30
0.0
 10
373.6527785148478
 20
184.7478404855818
 30
0.0
  0
SPLINE
  5
5DD
330
70
100
AcDbEntity
  8
03_AXES
 62
     7
370
    25
100
AcDbSpline
210
0.0
220
0.0
230
1.0
 70
     8
 71
     3
 72
     8
 73
     4
 74
     0
 42
0.0000000001
 43
0.0000000001
 40
0.0
 40
0.0
 40
0.0
 40
0.0
 40
1.0
 40
1.0
 40
1.0
 40
1.0
 10
380.0227785148101
 20
184.7478404855766
 30
0.0
 10
380.1103296273192
 20
185.1767515896968
 30
0.0
 10
380.1103296273192
 20
185.6189293814549
 30
0.0
 10
380.0227785148101
 20
186.0478404855751
 30
0.0
  0
SPLINE
  5
5DE
330
70
100
AcDbEntity
  8
03_AXES
 62
     7
370
    25
100
AcDbSpline
210
0.0
220
0.0
230
1.0
 70
     8
 71
     3
 72
     8
 73
     4
 74
     0
 42
0.0000000001
 43
0.0000000001
 40
0.0
 40
0.0
 40
0.0
 40
0.0
 40
1.0
 40
1.0
 40
1.0
 40
1.0
 10
378.8555829851271
 20
184.7478404855792
 30
0.0
 10
378.9917714854798
 20
185.1704734491249
 30
0.0
 10
378.9917714854798
 20
185.6252075220268
 30
0.0
 10
378.8555829851271
 20
186.0478404855725
 30
0.0
  0
SPLINE
  5
5DF
330
70
100
AcDbEntity
  8
03_AXES
 62
     7
370
    25
100
AcDbSpline
210
0.0
220
0.0
230
1.0
 70
     8
 71
     3
 72
     8
 73
     4
 74
     0
 42
0.0000000001
 43
0.0000000001
 40
0.0
 40
0.0
 40
0.0
 40
0.0
 40
1.0
 40
1.0
 40
1.0
 40
1.0
 10
376.3234418491909
 20
184.2918680627739
 30
0.0
 10
376.6499437412801
 20
184.1398312931764
 30
0.0
 10
377.0269399571033
 20
184.1398312931764
 30
0.0
 10
377.3534418491924
 20
184.2918680627739
 30
0.0
  0
SPLINE
  5
5E0
330
70
100
AcDbEntity
  8
03_AXES
 62
     7
370
    25
100
AcDbSpline
210
0.0
220
0.0
230
1.0
 70
     8
 71
     3
 72
     8
 73
     4
 74
     0
 42
0.0000000001
 43
0.0000000001
 40
0.0
 40
0.0
 40
0.0
 40
0.0
 40
1.0
 40
1.0
 40
1.0
 40
1.0
 10
377.8708661805596
 20
184.747840485576
 30
0.0
 10
377.9934162344849
 20
184.9424922663198
 30
0.0
 10
378.0584418491915
 20
185.1678234612845
 30
0.0
 10
378.0584418491915
 20
185.3978404855762
 30
0.0
  0
SPLINE
  5
5E1
330
70
100
AcDbEntity
  8
03_AXES
 62
     7
370
    25
100
AcDbSpline
210
0.0
220
0.0
230
1.0
 70
     8
 71
     3
 72
     8
 73
     4
 74
     0
 42
0.0000000001
 43
0.0000000001
 40
0.0
 40
0.0
 40
0.0
 40
0.0
 40
1.0
 40
1.0
 40
1.0
 40
1.0
 10
377.3534418491924
 20
186.5038129083785
 30
0.0
 10
377.0269399571033
 20
186.6558496779753
 30
0.0
 10
376.6499437412801
 20
186.6558496779753
 30
0.0
 10
376.3234418491909
 20
186.5038129083785
 30
0.0
  0
SPLINE
  5
5E2
330
70
100
AcDbEntity
  8
03_AXES
 62
     7
370
    25
100
AcDbSpline
210
0.0
220
0.0
230
1.0
 70
     8
 71
     3
 72
    11
 73
     7
 74
     0
 42
0.0000000001
 43
0.0000000001
 40
0.0
 40
0.0
 40
0.0
 40
0.0
 40
1.0
 40
1.0
 40
1.0
 40
2.0
 40
2.0
 40
2.0
 40
2.0
 10
377.3534418491917
 20
186.5399910005758
 30
0.0
 10
377.3534418491917
 20
186.4295340506103
 30
0.0
 10
377.4429848992256
 20
186.3399910005765
 30
0.0
 10
377.5534418491917
 20
186.3399910005765
 30
0.0
 10
377.6041690166122
 20
186.3399910005765
 30
0.0
 10
377.6530009299469
 20
186.3592668047593
 30
0.0
 10
377.6900508501629
 20
186.3939157430761
 30
0.0
  0
SPLINE
  5
5E3
330
70
100
AcDbEntity
  8
03_AXES
 62
     7
370
    25
100
AcDbSpline
210
0.0
220
0.0
230
1.0
 70
     8
 71
     3
 72
    11
 73
     7
 74
     0
 42
0.0000000001
 43
0.0000000001
 40
0.0
 40
0.0
 40
0.0
 40
0.0
 40
1.0
 40
1.0
 40
1.0
 40
2.0
 40
2.0
 40
2.0
 40
2.0
 10
375.9834418491918
 20
186.3906690541049
 30
0.0
 10
376.0623238894535
 20
186.3133491891289
 30
0.0
 10
376.1889505527864
 20
186.3146155824142
 30
0.0
 10
376.2662704177625
 20
186.3934976226759
 30
0.0
 10
376.3029158032806
 20
186.430883393806
 30
0.0
 10
376.3234418491916
 20
186.4811470719367
 30
0.0
 10
376.3234418491916
 20
186.5334976226758
 30
0.0
  0
CIRCLE
  5
5E4
330
70
100
AcDbEntity
  8
03_AXES
 62
     7
370
    25
100
AcDbCircle
 10
359.438441849192
 20
185.297840485576
 30
0.0
 40
3.750000000000051
  0
CIRCLE
  5
5E5
330
70
100
AcDbEntity
  8
03_AXES
 62
     7
370
    25
100
AcDbCircle
 10
342.0384418491916
 20
185.297840485576
 30
0.0
 40
3.750000000000132
  0
SPLINE
  5
5E6
330
70
100
AcDbEntity
  8
03_AXES
 62
     7
370
    25
100
AcDbSpline
210
0.0
220
0.0
230
1.0
 70
     8
 71
     3
 72
     8
 73
     4
 74
     0
 42
0.0000000001
 43
0.0000000001
 40
0.0
 40
0.0
 40
0.0
 40
0.0
 40
1.0
 40
1.0
 40
1.0
 40
1.0
 10
356.2527785148478
 20
186.0478404855706
 30
0.0
 10
356.1652631267734
 20
185.618925773289
 30
0.0
 10
356.1652631267734
 20
185.1767551978634
 30
0.0
 10
356.2527785148478
 20
184.7478404855818
 30
0.0
  0
SPLINE
  5
5E7
330
70
100
AcDbEntity
  8
03_AXES
 62
     7
370
    25
100
AcDbSpline
210
0.0
220
0.0
230
1.0
 70
     8
 71
     3
 72
     8
 73
     4
 74
     0
 42
0.0000000001
 43
0.0000000001
 40
0.0
 40
0.0
 40
0.0
 40
0.0
 40
1.0
 40
1.0
 40
1.0
 40
1.0
 10
338.8527785148478
 20
186.0478404855706
 30
0.0
 10
338.7652631267727
 20
185.618925773289
 30
0.0
 10
338.7652631267727
 20
185.1767551978634
 30
0.0
 10
338.8527785148478
 20
184.7478404855818
 30
0.0
  0
SPLINE
  5
5E8
330
70
100
AcDbEntity
  8
03_AXES
 62
     7
370
    25
100
AcDbSpline
210
0.0
220
0.0
230
1.0
 70
     8
 71
     3
 72
     8
 73
     4
 74
     0
 42
0.0000000001
 43
0.0000000001
 40
0.0
 40
0.0
 40
0.0
 40
0.0
 40
1.0
 40
1.0
 40
1.0
 40
1.0
 10
362.6227785148101
 20
184.7478404855766
 30
0.0
 10
362.7103296273193
 20
185.1767515896968
 30
0.0
 10
362.7103296273193
 20
185.6189293814549
 30
0.0
 10
362.6227785148101
 20
186.0478404855751
 30
0.0
  0
SPLINE
  5
5E9
330
70
100
AcDbEntity
  8
03_AXES
 62
     7
370
    25
100
AcDbSpline
210
0.0
220
0.0
230
1.0
 70
     8
 71
     3
 72
     8
 73
     4
 74
     0
 42
0.0000000001
 43
0.0000000001
 40
0.0
 40
0.0
 40
0.0
 40
0.0
 40
1.0
 40
1.0
 40
1.0
 40
1.0
 10
345.2227785148101
 20
184.7478404855766
 30
0.0
 10
345.3103296273186
 20
185.1767515896968
 30
0.0
 10
345.3103296273186
 20
185.6189293814549
 30
0.0
 10
345.2227785148101
 20
186.0478404855751
 30
0.0
  0
SPLINE
  5
5EA
330
70
100
AcDbEntity
  8
03_AXES
 62
     7
370
    25
100
AcDbSpline
210
0.0
220
0.0
230
1.0
 70
     8
 71
     3
 72
     8
 73
     4
 74
     0
 42
0.0000000001
 43
0.0000000001
 40
0.0
 40
0.0
 40
0.0
 40
0.0
 40
1.0
 40
1.0
 40
1.0
 40
1.0
 10
361.4555829851271
 20
184.7478404855792
 30
0.0
 10
361.5917714854798
 20
185.1704734491249
 30
0.0
 10
361.5917714854798
 20
185.6252075220268
 30
0.0
 10
361.4555829851271
 20
186.0478404855725
 30
0.0
  0
SPLINE
  5
5EB
330
70
100
AcDbEntity
  8
03_AXES
 62
     7
370
    25
100
AcDbSpline
210
0.0
220
0.0
230
1.0
 70
     8
 71
     3
 72
     8
 73
     4
 74
     0
 42
0.0000000001
 43
0.0000000001
 40
0.0
 40
0.0
 40
0.0
 40
0.0
 40
1.0
 40
1.0
 40
1.0
 40
1.0
 10
344.0555829851271
 20
184.7478404855792
 30
0.0
 10
344.1917714854798
 20
185.1704734491249
 30
0.0
 10
344.1917714854798
 20
185.6252075220268
 30
0.0
 10
344.0555829851271
 20
186.0478404855725
 30
0.0
  0
SPLINE
  5
5EC
330
70
100
AcDbEntity
  8
03_AXES
 62
     7
370
    25
100
AcDbSpline
210
0.0
220
0.0
230
1.0
 70
     8
 71
     3
 72
     8
 73
     4
 74
     0
 42
0.0000000001
 43
0.0000000001
 40
0.0
 40
0.0
 40
0.0
 40
0.0
 40
1.0
 40
1.0
 40
1.0
 40
1.0
 10
358.923441849191
 20
184.2918680627739
 30
0.0
 10
359.2499437412801
 20
184.1398312931764
 30
0.0
 10
359.6269399571033
 20
184.1398312931764
 30
0.0
 10
359.9534418491924
 20
184.2918680627739
 30
0.0
  0
SPLINE
  5
5ED
330
70
100
AcDbEntity
  8
03_AXES
 62
     7
370
    25
100
AcDbSpline
210
0.0
220
0.0
230
1.0
 70
     8
 71
     3
 72
     8
 73
     4
 74
     0
 42
0.0000000001
 43
0.0000000001
 40
0.0
 40
0.0
 40
0.0
 40
0.0
 40
1.0
 40
1.0
 40
1.0
 40
1.0
 10
360.4708661805596
 20
184.747840485576
 30
0.0
 10
360.5934162344849
 20
184.9424922663198
 30
0.0
 10
360.6584418491915
 20
185.1678234612845
 30
0.0
 10
360.6584418491915
 20
185.3978404855762
 30
0.0
  0
SPLINE
  5
5EE
330
70
100
AcDbEntity
  8
03_AXES
 62
     7
370
    25
100
AcDbSpline
210
0.0
220
0.0
230
1.0
 70
     8
 71
     3
 72
     8
 73
     4
 74
     0
 42
0.0000000001
 43
0.0000000001
 40
0.0
 40
0.0
 40
0.0
 40
0.0
 40
1.0
 40
1.0
 40
1.0
 40
1.0
 10
359.9534418491924
 20
186.5038129083785
 30
0.0
 10
359.6269399571033
 20
186.6558496779753
 30
0.0
 10
359.2499437412801
 20
186.6558496779753
 30
0.0
 10
358.923441849191
 20
186.5038129083785
 30
0.0
  0
SPLINE
  5
5EF
330
70
100
AcDbEntity
  8
03_AXES
 62
     7
370
    25
100
AcDbSpline
210
0.0
220
0.0
230
1.0
 70
     8
 71
     3
 72
     8
 73
     4
 74
     0
 42
0.0000000001
 43
0.0000000001
 40
0.0
 40
0.0
 40
0.0
 40
0.0
 40
1.0
 40
1.0
 40
1.0
 40
1.0
 10
341.523441849191
 20
184.2918680627739
 30
0.0
 10
341.8499437412801
 20
184.1398312931764
 30
0.0
 10
342.2269399571033
 20
184.1398312931764
 30
0.0
 10
342.5534418491924
 20
184.2918680627739
 30
0.0
  0
SPLINE
  5
5F0
330
70
100
AcDbEntity
  8
03_AXES
 62
     7
370
    25
100
AcDbSpline
210
0.0
220
0.0
230
1.0
 70
     8
 71
     3
 72
     8
 73
     4
 74
     0
 42
0.0000000001
 43
0.0000000001
 40
0.0
 40
0.0
 40
0.0
 40
0.0
 40
1.0
 40
1.0
 40
1.0
 40
1.0
 10
343.0708661805596
 20
184.747840485576
 30
0.0
 10
343.193416234485
 20
184.9424922663198
 30
0.0
 10
343.2584418491915
 20
185.1678234612845
 30
0.0
 10
343.2584418491915
 20
185.3978404855762
 30
0.0
  0
SPLINE
  5
5F1
330
70
100
AcDbEntity
  8
03_AXES
 62
     7
370
    25
100
AcDbSpline
210
0.0
220
0.0
230
1.0
 70
     8
 71
     3
 72
     8
 73
     4
 74
     0
 42
0.0000000001
 43
0.0000000001
 40
0.0
 40
0.0
 40
0.0
 40
0.0
 40
1.0
 40
1.0
 40
1.0
 40
1.0
 10
342.5534418491924
 20
186.5038129083785
 30
0.0
 10
342.2269399571033
 20
186.6558496779753
 30
0.0
 10
341.8499437412801
 20
186.6558496779753
 30
0.0
 10
341.523441849191
 20
186.5038129083785
 30
0.0
  0
SPLINE
  5
5F2
330
70
100
AcDbEntity
  8
03_AXES
 62
     7
370
    25
100
AcDbSpline
210
0.0
220
0.0
230
1.0
 70
     8
 71
     3
 72
    11
 73
     7
 74
     0
 42
0.0000000001
 43
0.0000000001
 40
0.0
 40
0.0
 40
0.0
 40
0.0
 40
1.0
 40
1.0
 40
1.0
 40
2.0
 40
2.0
 40
2.0
 40
2.0
 10
359.9534418491918
 20
186.5399910005758
 30
0.0
 10
359.9534418491918
 20
186.4295340506103
 30
0.0
 10
360.0429848992256
 20
186.3399910005765
 30
0.0
 10
360.1534418491918
 20
186.3399910005765
 30
0.0
 10
360.2041690166122
 20
186.3399910005765
 30
0.0
 10
360.2530009299469
 20
186.3592668047593
 30
0.0
 10
360.2900508501629
 20
186.3939157430761
 30
0.0
  0
SPLINE
  5
5F3
330
70
100
AcDbEntity
  8
03_AXES
 62
     7
370
    25
100
AcDbSpline
210
0.0
220
0.0
230
1.0
 70
     8
 71
     3
 72
    11
 73
     7
 74
     0
 42
0.0000000001
 43
0.0000000001
 40
0.0
 40
0.0
 40
0.0
 40
0.0
 40
1.0
 40
1.0
 40
1.0
 40
2.0
 40
2.0
 40
2.0
 40
2.0
 10
358.5834418491918
 20
186.3906690541049
 30
0.0
 10
358.6623238894536
 20
186.3133491891289
 30
0.0
 10
358.7889505527865
 20
186.3146155824142
 30
0.0
 10
358.8662704177625
 20
186.3934976226759
 30
0.0
 10
358.90291580328
 20
186.430883393806
 30
0.0
 10
358.9234418491916
 20
186.4811470719367
 30
0.0
 10
358.9234418491916
 20
186.5334976226758
 30
0.0
  0
SPLINE
  5
5F4
330
70
100
AcDbEntity
  8
03_AXES
 62
     7
370
    25
100
AcDbSpline
210
0.0
220
0.0
230
1.0
 70
     8
 71
     3
 72
    11
 73
     7
 74
     0
 42
0.0000000001
 43
0.0000000001
 40
0.0
 40
0.0
 40
0.0
 40
0.0
 40
1.0
 40
1.0
 40
1.0
 40
2.0
 40
2.0
 40
2.0
 40
2.0
 10
342.5534418491918
 20
186.5399910005758
 30
0.0
 10
342.5534418491918
 20
186.4295340506103
 30
0.0
 10
342.6429848992256
 20
186.3399910005765
 30
0.0
 10
342.7534418491918
 20
186.3399910005765
 30
0.0
 10
342.8041690166122
 20
186.3399910005765
 30
0.0
 10
342.853000929947
 20
186.3592668047593
 30
0.0
 10
342.8900508501629
 20
186.3939157430761
 30
0.0
  0
SPLINE
  5
5F5
330
70
100
AcDbEntity
  8
03_AXES
 62
     7
370
    25
100
AcDbSpline
210
0.0
220
0.0
230
1.0
 70
     8
 71
     3
 72
    11
 73
     7
 74
     0
 42
0.0000000001
 43
0.0000000001
 40
0.0
 40
0.0
 40
0.0
 40
0.0
 40
1.0
 40
1.0
 40
1.0
 40
2.0
 40
2.0
 40
2.0
 40
2.0
 10
341.1834418491919
 20
186.3906690541049
 30
0.0
 10
341.2623238894536
 20
186.3133491891289
 30
0.0
 10
341.3889505527865
 20
186.3146155824142
 30
0.0
 10
341.4662704177625
 20
186.3934976226759
 30
0.0
 10
341.50291580328
 20
186.430883393806
 30
0.0
 10
341.5234418491917
 20
186.4811470719367
 30
0.0
 10
341.5234418491917
 20
186.5334976226758
 30
0.0
  0
SPLINE
  5
5F6
330
70
100
AcDbEntity
  8
03_AXES
 62
     7
370
    25
100
AcDbSpline
210
0.0
220
0.0
230
1.0
 70
     8
 71
     3
 72
     8
 73
     4
 74
     0
 42
0.0000000001
 43
0.0000000001
 40
0.0
 40
0.0
 40
0.0
 40
0.0
 40
1.0
 40
1.0
 40
1.0
 40
1.0
 10
385.338441849192
 20
197.397840485576
 30
0.0
 10
385.4488987991581
 20
197.397840485576
 30
0.0
 10
385.538441849192
 20
197.4873835356098
 30
0.0
 10
385.538441849192
 20
197.597840485576
 30
0.0
  0
SPLINE
  5
5F7
330
70
100
AcDbEntity
  8
03_AXES
 62
     7
370
    25
100
AcDbSpline
210
0.0
220
0.0
230
1.0
 70
     8
 71
     3
 72
     8
 73
     4
 74
     0
 42
0.0000000001
 43
0.0000000001
 40
0.0
 40
0.0
 40
0.0
 40
0.0
 40
1.0
 40
1.0
 40
1.0
 40
1.0
 10
367.938441849192
 20
197.397840485576
 30
0.0
 10
368.0488987991576
 20
197.397840485576
 30
0.0
 10
368.138441849192
 20
197.4873835356098
 30
0.0
 10
368.138441849192
 20
197.597840485576
 30
0.0
  0
SPLINE
  5
5F8
330
70
100
AcDbEntity
  8
03_AXES
 62
     7
370
    25
100
AcDbSpline
210
0.0
220
0.0
230
1.0
 70
     8
 71
     3
 72
     8
 73
     4
 74
     0
 42
0.0000000001
 43
0.0000000001
 40
0.0
 40
0.0
 40
0.0
 40
0.0
 40
1.0
 40
1.0
 40
1.0
 40
1.0
 10
350.538441849192
 20
197.397840485576
 30
0.0
 10
350.6488987991576
 20
197.397840485576
 30
0.0
 10
350.7384418491914
 20
197.4873835356098
 30
0.0
 10
350.7384418491914
 20
197.597840485576
 30
0.0
  0
LINE
  5
5F9
330
70
100
AcDbEntity
  8
03_AXES
 62
     7
370
    25
100
AcDbLine
 10
355.9284418492916
 20
218.0800322347312
 30
0.0
 11
355.9284439442151
 21
218.0788282745208
 31
0.0
  0
LINE
  5
5FA
330
70
100
AcDbEntity
  8
03_AXES
 62
     7
370
    25
100
AcDbLine
 10
357.2284355652533
 20
218.0782263080863
 30
0.0
 11
357.2284418489269
 21
218.0794302537218
 31
0.0
  0
SPLINE
  5
5FB
330
70
100
AcDbEntity
  8
03_AXES
 62
     7
370
    25
100
AcDbSpline
210
0.0
220
0.0
230
1.0
 70
     8
 71
     3
 72
     8
 73
     4
 74
     0
 42
0.0000000001
 43
0.0000000001
 40
0.0
 40
0.0
 40
0.0
 40
0.0
 40
1.0
 40
1.0
 40
1.0
 40
1.0
 10
385.338441849192
 20
204.3978404855762
 30
0.0
 10
385.4488987991581
 20
204.3978404855762
 30
0.0
 10
385.538441849192
 20
204.4873835356101
 30
0.0
 10
385.538441849192
 20
204.5978404855756
 30
0.0
  0
SPLINE
  5
5FC
330
70
100
AcDbEntity
  8
03_AXES
 62
     7
370
    25
100
AcDbSpline
210
0.0
220
0.0
230
1.0
 70
     8
 71
     3
 72
     8
 73
     4
 74
     0
 42
0.0000000001
 43
0.0000000001
 40
0.0
 40
0.0
 40
0.0
 40
0.0
 40
1.0
 40
1.0
 40
1.0
 40
1.0
 10
367.938441849192
 20
204.3978404855762
 30
0.0
 10
368.0488987991576
 20
204.3978404855762
 30
0.0
 10
368.138441849192
 20
204.4873835356101
 30
0.0
 10
368.138441849192
 20
204.5978404855756
 30
0.0
  0
SPLINE
  5
5FD
330
70
100
AcDbEntity
  8
03_AXES
 62
     7
370
    25
100
AcDbSpline
210
0.0
220
0.0
230
1.0
 70
     8
 71
     3
 72
     8
 73
     4
 74
     0
 42
0.0000000001
 43
0.0000000001
 40
0.0
 40
0.0
 40
0.0
 40
0.0
 40
1.0
 40
1.0
 40
1.0
 40
1.0
 10
350.538441849192
 20
204.3978404855762
 30
0.0
 10
350.6488987991576
 20
204.3978404855762
 30
0.0
 10
350.7384418491914
 20
204.4873835356101
 30
0.0
 10
350.7384418491914
 20
204.5978404855756
 30
0.0
  0
LINE
  5
5FE
330
70
100
AcDbEntity
  8
03_AXES
 62
     7
370
    25
100
AcDbLine
 10
341.628441849192
 20
218.0800322347774
 30
0.0
 11
341.6284445749421
 21
218.0788281010529
 31
0.0
  0
LINE
  5
5FF
330
70
100
AcDbEntity
  8
03_AXES
 62
     7
370
    25
100
AcDbLine
 10
360.0284336734656
 20
218.0782260573161
 30
0.0
 11
360.0284418487107
 21
218.0794301663738
 31
0.0
  0
LINE
  5
600
330
70
100
AcDbEntity
  8
03_AXES
 62
     7
370
    25
100
AcDbLine
 10
342.6284336734656
 20
218.0782260573174
 30
0.0
 11
342.6284418487107
 21
218.079430166375
 31
0.0
  0
LINE
  5
601
330
70
100
AcDbEntity
  8
03_AXES
 62
     7
370
    25
100
AcDbLine
 10
359.0284418491919
 20
218.0800322347844
 30
0.0
 11
359.0284445749421
 21
218.0788281010586
 31
0.0
  0
LINE
  5
602
330
70
100
AcDbEntity
  8
03_AXES
 62
     7
370
    25
100
AcDbLine
 10
357.0284327572078
 20
218.0782258899007
 30
0.0
 11
357.0284418485585
 21
218.0794301083693
 31
0.0
  0
LINE
  5
603
330
70
100
AcDbEntity
  8
03_AXES
 62
     7
370
    25
100
AcDbLine
 10
356.1284418492917
 20
218.0800322347665
 30
0.0
 11
356.1284448806247
 21
218.0788279857953
 31
0.0
  0
LINE
  5
604
330
70
100
AcDbEntity
  8
03_AXES
 62
     7
370
    25
100
AcDbLine
 10
359.8284281925101
 20
218.0782252533539
 30
0.0
 11
359.8284418477225
 21
218.0794298817969
 31
0.0
  0
LINE
  5
605
330
70
100
AcDbEntity
  8
03_AXES
 62
     7
370
    25
100
AcDbLine
 10
359.228441849192
 20
218.0800322347145
 30
0.0
 11
359.2284464031511
 21
218.0788275374858
 31
0.0
  0
LINE
  5
606
330
70
100
AcDbEntity
  8
03_AXES
 62
     7
370
    25
100
AcDbLine
 10
341.828441849192
 20
218.0800322347145
 30
0.0
 11
341.8284464031511
 21
218.0788275374858
 31
0.0
  0
LINE
  5
607
330
70
100
AcDbEntity
  8
03_AXES
 62
     7
370
    25
100
AcDbLine
 10
342.4284281925101
 20
218.0782252533545
 30
0.0
 11
342.4284418477225
 21
218.0794298817982
 31
0.0
  0
SPLINE
  5
608
330
70
100
AcDbEntity
  8
03_AXES
 62
     7
370
    25
100
AcDbSpline
210
0.0
220
0.0
230
1.0
 70
     8
 71
     3
 72
     8
 73
     4
 74
     0
 42
0.0000000001
 43
0.0000000001
 40
0.0
 40
0.0
 40
0.0
 40
0.0
 40
1.0
 40
1.0
 40
1.0
 40
1.0
 10
385.538441849192
 20
241.9978404855763
 30
0.0
 10
385.538441849192
 20
242.1082974355418
 30
0.0
 10
385.4488987991581
 20
242.1978404855757
 30
0.0
 10
385.338441849192
 20
242.1978404855757
 30
0.0
  0
SPLINE
  5
609
330
70
100
AcDbEntity
  8
03_AXES
 62
     7
370
    25
100
AcDbSpline
210
0.0
220
0.0
230
1.0
 70
     8
 71
     3
 72
     8
 73
     4
 74
     0
 42
0.0000000001
 43
0.0000000001
 40
0.0
 40
0.0
 40
0.0
 40
0.0
 40
1.0
 40
1.0
 40
1.0
 40
1.0
 10
368.138441849192
 20
241.9978404855763
 30
0.0
 10
368.138441849192
 20
242.1082974355418
 30
0.0
 10
368.0488987991576
 20
242.1978404855757
 30
0.0
 10
367.938441849192
 20
242.1978404855757
 30
0.0
  0
SPLINE
  5
60A
330
70
100
AcDbEntity
  8
03_AXES
 62
     7
370
    25
100
AcDbSpline
210
0.0
220
0.0
230
1.0
 70
     8
 71
     3
 72
     8
 73
     4
 74
     0
 42
0.0000000001
 43
0.0000000001
 40
0.0
 40
0.0
 40
0.0
 40
0.0
 40
1.0
 40
1.0
 40
1.0
 40
1.0
 10
350.7384418491914
 20
241.9978404855763
 30
0.0
 10
350.7384418491914
 20
242.1082974355418
 30
0.0
 10
350.6488987991576
 20
242.1978404855757
 30
0.0
 10
350.538441849192
 20
242.1978404855757
 30
0.0
  0
SPLINE
  5
60B
330
70
100
AcDbEntity
  8
03_AXES
 62
     7
370
    25
100
AcDbSpline
210
0.0
220
0.0
230
1.0
 70
     8
 71
     3
 72
    11
 73
     7
 74
     0
 42
0.0000000001
 43
0.0000000001
 40
0.0
 40
0.0
 40
0.0
 40
0.0
 40
1.0
 40
1.0
 40
1.0
 40
2.0
 40
2.0
 40
2.0
 40
2.0
 10
376.838441849192
 20
250.5478404855758
 30
0.0
 10
378.909509661057
 20
250.5478404855758
 30
0.0
 10
380.588441849192
 20
252.2267726737101
 30
0.0
 10
380.588441849192
 20
254.2978404855764
 30
0.0
 10
380.588441849192
 20
256.3689082974414
 30
0.0
 10
378.909509661057
 20
258.0478404855757
 30
0.0
 10
376.838441849192
 20
258.0478404855757
 30
0.0
  0
SPLINE
  5
60C
330
70
100
AcDbEntity
  8
03_AXES
 62
     7
370
    25
100
AcDbSpline
210
0.0
220
0.0
230
1.0
 70
     8
 71
     3
 72
     8
 73
     4
 74
     0
 42
0.0000000001
 43
0.0000000001
 40
0.0
 40
0.0
 40
0.0
 40
0.0
 40
1.0
 40
1.0
 40
1.0
 40
1.0
 10
380.0241051835355
 20
253.6478004855816
 30
0.0
 10
380.1116205716107
 20
254.0767151978632
 30
0.0
 10
380.1116205716107
 20
254.5188857732889
 30
0.0
 10
380.0241051835355
 20
254.9478004855705
 30
0.0
  0
SPLINE
  5
60D
330
70
100
AcDbEntity
  8
03_AXES
 62
     7
370
    25
100
AcDbSpline
210
0.0
220
0.0
230
1.0
 70
     8
 71
     3
 72
     8
 73
     4
 74
     0
 42
0.0000000001
 43
0.0000000001
 40
0.0
 40
0.0
 40
0.0
 40
0.0
 40
1.0
 40
1.0
 40
1.0
 40
1.0
 10
373.6541051835733
 20
254.947800485575
 30
0.0
 10
373.5665540710647
 20
254.5188893814548
 30
0.0
 10
373.5665540710647
 20
254.0767115896974
 30
0.0
 10
373.6541051835733
 20
253.6478004855765
 30
0.0
  0
SPLINE
  5
60E
330
70
100
AcDbEntity
  8
03_AXES
 62
     7
370
    25
100
AcDbSpline
210
0.0
220
0.0
230
1.0
 70
     8
 71
     3
 72
     8
 73
     4
 74
     0
 42
0.0000000001
 43
0.0000000001
 40
0.0
 40
0.0
 40
0.0
 40
0.0
 40
1.0
 40
1.0
 40
1.0
 40
1.0
 10
374.8213007132562
 20
254.9478004855731
 30
0.0
 10
374.6851122129036
 20
254.5251675220273
 30
0.0
 10
374.6851122129036
 20
254.0704334491248
 30
0.0
 10
374.8213007132562
 20
253.6478004855791
 30
0.0
  0
SPLINE
  5
60F
330
70
100
AcDbEntity
  8
03_AXES
 62
     7
370
    25
100
AcDbSpline
210
0.0
220
0.0
230
1.0
 70
     8
 71
     3
 72
     8
 73
     4
 74
     0
 42
0.0000000001
 43
0.0000000001
 40
0.0
 40
0.0
 40
0.0
 40
0.0
 40
1.0
 40
1.0
 40
1.0
 40
1.0
 10
377.3534418491924
 20
255.4037729083784
 30
0.0
 10
377.0269399571033
 20
255.5558096779753
 30
0.0
 10
376.6499437412801
 20
255.5558096779753
 30
0.0
 10
376.3234418491909
 20
255.4037729083784
 30
0.0
  0
SPLINE
  5
610
330
70
100
AcDbEntity
  8
03_AXES
 62
     7
370
    25
100
AcDbSpline
210
0.0
220
0.0
230
1.0
 70
     8
 71
     3
 72
     8
 73
     4
 74
     0
 42
0.0000000001
 43
0.0000000001
 40
0.0
 40
0.0
 40
0.0
 40
0.0
 40
1.0
 40
1.0
 40
1.0
 40
1.0
 10
375.8060175178238
 20
254.9478004855756
 30
0.0
 10
375.6834674638984
 20
254.7531487048325
 30
0.0
 10
375.6184418491919
 20
254.5278175098677
 30
0.0
 10
375.6184418491919
 20
254.2978004855761
 30
0.0
  0
SPLINE
  5
611
330
70
100
AcDbEntity
  8
03_AXES
 62
     7
370
    25
100
AcDbSpline
210
0.0
220
0.0
230
1.0
 70
     8
 71
     3
 72
     8
 73
     4
 74
     0
 42
0.0000000001
 43
0.0000000001
 40
0.0
 40
0.0
 40
0.0
 40
0.0
 40
1.0
 40
1.0
 40
1.0
 40
1.0
 10
376.3234418491909
 20
253.1918280627738
 30
0.0
 10
376.6499437412801
 20
253.0397912931769
 30
0.0
 10
377.0269399571033
 20
253.0397912931769
 30
0.0
 10
377.3534418491924
 20
253.1918280627738
 30
0.0
  0
SPLINE
  5
612
330
70
100
AcDbEntity
  8
03_AXES
 62
     7
370
    25
100
AcDbSpline
210
0.0
220
0.0
230
1.0
 70
     8
 71
     3
 72
    11
 73
     7
 74
     0
 42
0.0000000001
 43
0.0000000001
 40
0.0
 40
0.0
 40
0.0
 40
0.0
 40
1.0
 40
1.0
 40
1.0
 40
2.0
 40
2.0
 40
2.0
 40
2.0
 10
377.3534418491917
 20
255.4334576226756
 30
0.0
 10
377.3534418491917
 20
255.3230006727101
 30
0.0
 10
377.4429848992256
 20
255.2334576226763
 30
0.0
 10
377.5534418491917
 20
255.2334576226763
 30
0.0
 10
377.6057923999315
 20
255.2334576226763
 30
0.0
 10
377.6560560780615
 20
255.2539836685873
 30
0.0
 10
377.6934418491916
 20
255.2906290541048
 30
0.0
  0
SPLINE
  5
613
330
70
100
AcDbEntity
  8
03_AXES
 62
     7
370
    25
100
AcDbSpline
210
0.0
220
0.0
230
1.0
 70
     8
 71
     3
 72
    11
 73
     7
 74
     0
 42
0.0000000001
 43
0.0000000001
 40
0.0
 40
0.0
 40
0.0
 40
0.0
 40
1.0
 40
1.0
 40
1.0
 40
2.0
 40
2.0
 40
2.0
 40
2.0
 10
375.9831074271849
 20
255.2903004855758
 30
0.0
 10
376.0618080040357
 20
255.2127959244252
 30
0.0
 10
376.1884372880412
 20
255.2137654867183
 30
0.0
 10
376.2659418491917
 20
255.2924660635692
 30
0.0
 10
376.302788663147
 20
255.3298814810665
 30
0.0
 10
376.3234418491916
 20
255.3802876189136
 30
0.0
 10
376.3234418491916
 20
255.4328004855759
 30
0.0
  0
SPLINE
  5
614
330
70
100
AcDbEntity
  8
03_AXES
 62
     7
370
    25
100
AcDbSpline
210
0.0
220
0.0
230
1.0
 70
     8
 71
     3
 72
    11
 73
     7
 74
     0
 42
0.0000000001
 43
0.0000000001
 40
0.0
 40
0.0
 40
0.0
 40
0.0
 40
1.0
 40
1.0
 40
1.0
 40
2.0
 40
2.0
 40
2.0
 40
2.0
 10
376.3234418491916
 20
253.1556499705764
 30
0.0
 10
376.3234418491916
 20
253.266106920542
 30
0.0
 10
376.2338987991578
 20
253.3556499705758
 30
0.0
 10
376.1234418491916
 20
253.3556499705758
 30
0.0
 10
376.0727146817718
 20
253.3556499705758
 30
0.0
 10
376.0238827684364
 20
253.336374166393
 30
0.0
 10
375.9868328482211
 20
253.3017252280762
 30
0.0
  0
SPLINE
  5
615
330
70
100
AcDbEntity
  8
03_AXES
 62
     7
370
    25
100
AcDbSpline
210
0.0
220
0.0
230
1.0
 70
     8
 71
     3
 72
    11
 73
     7
 74
     0
 42
0.0000000001
 43
0.0000000001
 40
0.0
 40
0.0
 40
0.0
 40
0.0
 40
1.0
 40
1.0
 40
1.0
 40
2.0
 40
2.0
 40
2.0
 40
2.0
 10
377.6934418491916
 20
253.3049719169472
 30
0.0
 10
377.6145598089298
 20
253.3822917819233
 30
0.0
 10
377.4879331455969
 20
253.381025388638
 30
0.0
 10
377.4106132806209
 20
253.3021433483756
 30
0.0
 10
377.3739678951034
 20
253.2647575772462
 30
0.0
 10
377.3534418491917
 20
253.2144938991155
 30
0.0
 10
377.3534418491917
 20
253.1621433483764
 30
0.0
  0
SPLINE
  5
616
330
70
100
AcDbEntity
  8
03_AXES
 62
     7
370
    25
100
AcDbSpline
210
0.0
220
0.0
230
1.0
 70
     8
 71
     3
 72
    11
 73
     7
 74
     0
 42
0.0000000001
 43
0.0000000001
 40
0.0
 40
0.0
 40
0.0
 40
0.0
 40
1.0
 40
1.0
 40
1.0
 40
2.0
 40
2.0
 40
2.0
 40
2.0
 10
360.2934418491916
 20
253.3049719169472
 30
0.0
 10
360.2145598089298
 20
253.3822917819233
 30
0.0
 10
360.0879331455969
 20
253.381025388638
 30
0.0
 10
360.0106132806209
 20
253.3021433483756
 30
0.0
 10
359.9739678951034
 20
253.2647575772462
 30
0.0
 10
359.9534418491918
 20
253.2144938991155
 30
0.0
 10
359.9534418491918
 20
253.1621433483764
 30
0.0
  0
SPLINE
  5
617
330
70
100
AcDbEntity
  8
03_AXES
 62
     7
370
    25
100
AcDbSpline
210
0.0
220
0.0
230
1.0
 70
     8
 71
     3
 72
    11
 73
     7
 74
     0
 42
0.0000000001
 43
0.0000000001
 40
0.0
 40
0.0
 40
0.0
 40
0.0
 40
1.0
 40
1.0
 40
1.0
 40
2.0
 40
2.0
 40
2.0
 40
2.0
 10
358.9234418491916
 20
253.1556499705764
 30
0.0
 10
358.9234418491916
 20
253.266106920542
 30
0.0
 10
358.8338987991578
 20
253.3556499705758
 30
0.0
 10
358.7234418491916
 20
253.3556499705758
 30
0.0
 10
358.6727146817712
 20
253.3556499705758
 30
0.0
 10
358.6238827684364
 20
253.336374166393
 30
0.0
 10
358.5868328482205
 20
253.3017252280762
 30
0.0
  0
SPLINE
  5
618
330
70
100
AcDbEntity
  8
03_AXES
 62
     7
370
    25
100
AcDbSpline
210
0.0
220
0.0
230
1.0
 70
     8
 71
     3
 72
    11
 73
     7
 74
     0
 42
0.0000000001
 43
0.0000000001
 40
0.0
 40
0.0
 40
0.0
 40
0.0
 40
1.0
 40
1.0
 40
1.0
 40
2.0
 40
2.0
 40
2.0
 40
2.0
 10
341.5234418491917
 20
253.1556499705764
 30
0.0
 10
341.5234418491917
 20
253.266106920542
 30
0.0
 10
341.4338987991578
 20
253.3556499705758
 30
0.0
 10
341.3234418491917
 20
253.3556499705758
 30
0.0
 10
341.2727146817712
 20
253.3556499705758
 30
0.0
 10
341.2238827684364
 20
253.336374166393
 30
0.0
 10
341.1868328482205
 20
253.3017252280762
 30
0.0
  0
SPLINE
  5
619
330
70
100
AcDbEntity
  8
03_AXES
 62
     7
370
    25
100
AcDbSpline
210
0.0
220
0.0
230
1.0
 70
     8
 71
     3
 72
    11
 73
     7
 74
     0
 42
0.0000000001
 43
0.0000000001
 40
0.0
 40
0.0
 40
0.0
 40
0.0
 40
1.0
 40
1.0
 40
1.0
 40
2.0
 40
2.0
 40
2.0
 40
2.0
 10
342.8934418491916
 20
253.3049719169472
 30
0.0
 10
342.8145598089299
 20
253.3822917819233
 30
0.0
 10
342.687933145597
 20
253.381025388638
 30
0.0
 10
342.6106132806209
 20
253.3021433483756
 30
0.0
 10
342.5739678951035
 20
253.2647575772462
 30
0.0
 10
342.5534418491918
 20
253.2144938991155
 30
0.0
 10
342.5534418491918
 20
253.1621433483764
 30
0.0
  0
SPLINE
  5
61A
330
70
100
AcDbEntity
  8
03_AXES
 62
     7
370
    25
100
AcDbSpline
210
0.0
220
0.0
230
1.0
 70
     8
 71
     3
 72
    11
 73
     7
 74
     0
 42
0.0000000001
 43
0.0000000001
 40
0.0
 40
0.0
 40
0.0
 40
0.0
 40
1.0
 40
1.0
 40
1.0
 40
2.0
 40
2.0
 40
2.0
 40
2.0
 10
359.438441849192
 20
250.5478404855758
 30
0.0
 10
361.509509661057
 20
250.5478404855758
 30
0.0
 10
363.188441849192
 20
252.2267726737101
 30
0.0
 10
363.188441849192
 20
254.2978404855764
 30
0.0
 10
363.188441849192
 20
256.3689082974414
 30
0.0
 10
361.509509661057
 20
258.0478404855757
 30
0.0
 10
359.438441849192
 20
258.0478404855757
 30
0.0
  0
SPLINE
  5
61B
330
70
100
AcDbEntity
  8
03_AXES
 62
     7
370
    25
100
AcDbSpline
210
0.0
220
0.0
230
1.0
 70
     8
 71
     3
 72
     8
 73
     4
 74
     0
 42
0.0000000001
 43
0.0000000001
 40
0.0
 40
0.0
 40
0.0
 40
0.0
 40
1.0
 40
1.0
 40
1.0
 40
1.0
 10
362.6241051835356
 20
253.6478004855816
 30
0.0
 10
362.7116205716107
 20
254.0767151978632
 30
0.0
 10
362.7116205716107
 20
254.5188857732889
 30
0.0
 10
362.6241051835356
 20
254.9478004855705
 30
0.0
  0
SPLINE
  5
61C
330
70
100
AcDbEntity
  8
03_AXES
 62
     7
370
    25
100
AcDbSpline
210
0.0
220
0.0
230
1.0
 70
     8
 71
     3
 72
     8
 73
     4
 74
     0
 42
0.0000000001
 43
0.0000000001
 40
0.0
 40
0.0
 40
0.0
 40
0.0
 40
1.0
 40
1.0
 40
1.0
 40
1.0
 10
356.2541051835733
 20
254.947800485575
 30
0.0
 10
356.1665540710647
 20
254.5188893814548
 30
0.0
 10
356.1665540710647
 20
254.0767115896974
 30
0.0
 10
356.2541051835733
 20
253.6478004855765
 30
0.0
  0
SPLINE
  5
61D
330
70
100
AcDbEntity
  8
03_AXES
 62
     7
370
    25
100
AcDbSpline
210
0.0
220
0.0
230
1.0
 70
     8
 71
     3
 72
     8
 73
     4
 74
     0
 42
0.0000000001
 43
0.0000000001
 40
0.0
 40
0.0
 40
0.0
 40
0.0
 40
1.0
 40
1.0
 40
1.0
 40
1.0
 10
357.4213007132563
 20
254.9478004855731
 30
0.0
 10
357.2851122129036
 20
254.5251675220273
 30
0.0
 10
357.2851122129036
 20
254.0704334491248
 30
0.0
 10
357.4213007132563
 20
253.6478004855791
 30
0.0
  0
SPLINE
  5
61E
330
70
100
AcDbEntity
  8
03_AXES
 62
     7
370
    25
100
AcDbSpline
210
0.0
220
0.0
230
1.0
 70
     8
 71
     3
 72
     8
 73
     4
 74
     0
 42
0.0000000001
 43
0.0000000001
 40
0.0
 40
0.0
 40
0.0
 40
0.0
 40
1.0
 40
1.0
 40
1.0
 40
1.0
 10
359.9534418491924
 20
255.4037729083784
 30
0.0
 10
359.6269399571033
 20
255.5558096779753
 30
0.0
 10
359.2499437412801
 20
255.5558096779753
 30
0.0
 10
358.923441849191
 20
255.4037729083784
 30
0.0
  0
SPLINE
  5
61F
330
70
100
AcDbEntity
  8
03_AXES
 62
     7
370
    25
100
AcDbSpline
210
0.0
220
0.0
230
1.0
 70
     8
 71
     3
 72
     8
 73
     4
 74
     0
 42
0.0000000001
 43
0.0000000001
 40
0.0
 40
0.0
 40
0.0
 40
0.0
 40
1.0
 40
1.0
 40
1.0
 40
1.0
 10
358.4060175178238
 20
254.9478004855756
 30
0.0
 10
358.2834674638984
 20
254.7531487048325
 30
0.0
 10
358.2184418491919
 20
254.5278175098677
 30
0.0
 10
358.2184418491919
 20
254.2978004855761
 30
0.0
  0
SPLINE
  5
620
330
70
100
AcDbEntity
  8
03_AXES
 62
     7
370
    25
100
AcDbSpline
210
0.0
220
0.0
230
1.0
 70
     8
 71
     3
 72
     8
 73
     4
 74
     0
 42
0.0000000001
 43
0.0000000001
 40
0.0
 40
0.0
 40
0.0
 40
0.0
 40
1.0
 40
1.0
 40
1.0
 40
1.0
 10
358.923441849191
 20
253.1918280627738
 30
0.0
 10
359.2499437412801
 20
253.0397912931769
 30
0.0
 10
359.6269399571033
 20
253.0397912931769
 30
0.0
 10
359.9534418491924
 20
253.1918280627738
 30
0.0
  0
SPLINE
  5
621
330
70
100
AcDbEntity
  8
03_AXES
 62
     7
370
    25
100
AcDbSpline
210
0.0
220
0.0
230
1.0
 70
     8
 71
     3
 72
    11
 73
     7
 74
     0
 42
0.0000000001
 43
0.0000000001
 40
0.0
 40
0.0
 40
0.0
 40
0.0
 40
1.0
 40
1.0
 40
1.0
 40
2.0
 40
2.0
 40
2.0
 40
2.0
 10
359.9534418491918
 20
255.4334576226756
 30
0.0
 10
359.9534418491918
 20
255.3230006727101
 30
0.0
 10
360.0429848992256
 20
255.2334576226763
 30
0.0
 10
360.1534418491918
 20
255.2334576226763
 30
0.0
 10
360.2057923999315
 20
255.2334576226763
 30
0.0
 10
360.2560560780615
 20
255.2539836685873
 30
0.0
 10
360.2934418491916
 20
255.2906290541048
 30
0.0
  0
SPLINE
  5
622
330
70
100
AcDbEntity
  8
03_AXES
 62
     7
370
    25
100
AcDbSpline
210
0.0
220
0.0
230
1.0
 70
     8
 71
     3
 72
    11
 73
     7
 74
     0
 42
0.0000000001
 43
0.0000000001
 40
0.0
 40
0.0
 40
0.0
 40
0.0
 40
1.0
 40
1.0
 40
1.0
 40
2.0
 40
2.0
 40
2.0
 40
2.0
 10
358.5831074271849
 20
255.2903004855758
 30
0.0
 10
358.6618080040358
 20
255.2127959244252
 30
0.0
 10
358.7884372880406
 20
255.2137654867183
 30
0.0
 10
358.8659418491918
 20
255.2924660635692
 30
0.0
 10
358.9027886631471
 20
255.3298814810665
 30
0.0
 10
358.9234418491916
 20
255.3802876189136
 30
0.0
 10
358.9234418491916
 20
255.4328004855759
 30
0.0
  0
SPLINE
  5
623
330
70
100
AcDbEntity
  8
03_AXES
 62
     7
370
    25
100
AcDbSpline
210
0.0
220
0.0
230
1.0
 70
     8
 71
     3
 72
    11
 73
     7
 74
     0
 42
0.0000000001
 43
0.0000000001
 40
0.0
 40
0.0
 40
0.0
 40
0.0
 40
1.0
 40
1.0
 40
1.0
 40
2.0
 40
2.0
 40
2.0
 40
2.0
 10
342.0384418491914
 20
250.5478404855758
 30
0.0
 10
344.109509661057
 20
250.5478404855758
 30
0.0
 10
345.788441849192
 20
252.2267726737101
 30
0.0
 10
345.788441849192
 20
254.2978404855764
 30
0.0
 10
345.788441849192
 20
256.3689082974414
 30
0.0
 10
344.109509661057
 20
258.0478404855757
 30
0.0
 10
342.0384418491914
 20
258.0478404855757
 30
0.0
  0
SPLINE
  5
624
330
70
100
AcDbEntity
  8
03_AXES
 62
     7
370
    25
100
AcDbSpline
210
0.0
220
0.0
230
1.0
 70
     8
 71
     3
 72
     8
 73
     4
 74
     0
 42
0.0000000001
 43
0.0000000001
 40
0.0
 40
0.0
 40
0.0
 40
0.0
 40
1.0
 40
1.0
 40
1.0
 40
1.0
 10
345.2241051835356
 20
253.6478004855816
 30
0.0
 10
345.3116205716107
 20
254.0767151978632
 30
0.0
 10
345.3116205716107
 20
254.5188857732889
 30
0.0
 10
345.2241051835356
 20
254.9478004855705
 30
0.0
  0
SPLINE
  5
625
330
70
100
AcDbEntity
  8
03_AXES
 62
     7
370
    25
100
AcDbSpline
210
0.0
220
0.0
230
1.0
 70
     8
 71
     3
 72
     8
 73
     4
 74
     0
 42
0.0000000001
 43
0.0000000001
 40
0.0
 40
0.0
 40
0.0
 40
0.0
 40
1.0
 40
1.0
 40
1.0
 40
1.0
 10
338.8541051835733
 20
254.947800485575
 30
0.0
 10
338.7665540710648
 20
254.5188893814548
 30
0.0
 10
338.7665540710648
 20
254.0767115896974
 30
0.0
 10
338.8541051835733
 20
253.6478004855765
 30
0.0
  0
SPLINE
  5
626
330
70
100
AcDbEntity
  8
03_AXES
 62
     7
370
    25
100
AcDbSpline
210
0.0
220
0.0
230
1.0
 70
     8
 71
     3
 72
     8
 73
     4
 74
     0
 42
0.0000000001
 43
0.0000000001
 40
0.0
 40
0.0
 40
0.0
 40
0.0
 40
1.0
 40
1.0
 40
1.0
 40
1.0
 10
340.0213007132563
 20
254.9478004855731
 30
0.0
 10
339.8851122129036
 20
254.5251675220273
 30
0.0
 10
339.8851122129036
 20
254.0704334491248
 30
0.0
 10
340.0213007132563
 20
253.6478004855791
 30
0.0
  0
SPLINE
  5
627
330
70
100
AcDbEntity
  8
03_AXES
 62
     7
370
    25
100
AcDbSpline
210
0.0
220
0.0
230
1.0
 70
     8
 71
     3
 72
     8
 73
     4
 74
     0
 42
0.0000000001
 43
0.0000000001
 40
0.0
 40
0.0
 40
0.0
 40
0.0
 40
1.0
 40
1.0
 40
1.0
 40
1.0
 10
342.5534418491924
 20
255.4037729083784
 30
0.0
 10
342.2269399571033
 20
255.5558096779753
 30
0.0
 10
341.8499437412801
 20
255.5558096779753
 30
0.0
 10
341.523441849191
 20
255.4037729083784
 30
0.0
  0
SPLINE
  5
628
330
70
100
AcDbEntity
  8
03_AXES
 62
     7
370
    25
100
AcDbSpline
210
0.0
220
0.0
230
1.0
 70
     8
 71
     3
 72
     8
 73
     4
 74
     0
 42
0.0000000001
 43
0.0000000001
 40
0.0
 40
0.0
 40
0.0
 40
0.0
 40
1.0
 40
1.0
 40
1.0
 40
1.0
 10
341.0060175178238
 20
254.9478004855756
 30
0.0
 10
340.8834674638985
 20
254.7531487048325
 30
0.0
 10
340.8184418491919
 20
254.5278175098677
 30
0.0
 10
340.8184418491919
 20
254.2978004855761
 30
0.0
  0
SPLINE
  5
629
330
70
100
AcDbEntity
  8
03_AXES
 62
     7
370
    25
100
AcDbSpline
210
0.0
220
0.0
230
1.0
 70
     8
 71
     3
 72
     8
 73
     4
 74
     0
 42
0.0000000001
 43
0.0000000001
 40
0.0
 40
0.0
 40
0.0
 40
0.0
 40
1.0
 40
1.0
 40
1.0
 40
1.0
 10
341.523441849191
 20
253.1918280627738
 30
0.0
 10
341.8499437412801
 20
253.0397912931769
 30
0.0
 10
342.2269399571033
 20
253.0397912931769
 30
0.0
 10
342.5534418491924
 20
253.1918280627738
 30
0.0
  0
SPLINE
  5
62A
330
70
100
AcDbEntity
  8
03_AXES
 62
     7
370
    25
100
AcDbSpline
210
0.0
220
0.0
230
1.0
 70
     8
 71
     3
 72
    11
 73
     7
 74
     0
 42
0.0000000001
 43
0.0000000001
 40
0.0
 40
0.0
 40
0.0
 40
0.0
 40
1.0
 40
1.0
 40
1.0
 40
2.0
 40
2.0
 40
2.0
 40
2.0
 10
342.5534418491918
 20
255.4334576226756
 30
0.0
 10
342.5534418491918
 20
255.3230006727101
 30
0.0
 10
342.6429848992256
 20
255.2334576226763
 30
0.0
 10
342.7534418491918
 20
255.2334576226763
 30
0.0
 10
342.8057923999315
 20
255.2334576226763
 30
0.0
 10
342.8560560780616
 20
255.2539836685873
 30
0.0
 10
342.8934418491916
 20
255.2906290541048
 30
0.0
  0
SPLINE
  5
62B
330
70
100
AcDbEntity
  8
03_AXES
 62
     7
370
    25
100
AcDbSpline
210
0.0
220
0.0
230
1.0
 70
     8
 71
     3
 72
    11
 73
     7
 74
     0
 42
0.0000000001
 43
0.0000000001
 40
0.0
 40
0.0
 40
0.0
 40
0.0
 40
1.0
 40
1.0
 40
1.0
 40
2.0
 40
2.0
 40
2.0
 40
2.0
 10
341.1831074271849
 20
255.2903004855758
 30
0.0
 10
341.2618080040358
 20
255.2127959244252
 30
0.0
 10
341.3884372880407
 20
255.2137654867183
 30
0.0
 10
341.4659418491918
 20
255.2924660635692
 30
0.0
 10
341.5027886631471
 20
255.3298814810665
 30
0.0
 10
341.5234418491917
 20
255.3802876189136
 30
0.0
 10
341.5234418491917
 20
255.4328004855759
 30
0.0
  0
SPLINE
  5
62C
330
70
100
AcDbEntity
  8
03_AXES
 62
     7
370
    25
100
AcDbSpline
210
0.0
220
0.0
230
1.0
 70
     8
 71
     3
 72
     8
 73
     4
 74
     0
 42
0.0000000001
 43
0.0000000001
 40
0.0
 40
0.0
 40
0.0
 40
0.0
 40
1.0
 40
1.0
 40
1.0
 40
1.0
 10
385.538441849192
 20
261.9978404855757
 30
0.0
 10
385.538441849192
 20
262.1082974355426
 30
0.0
 10
385.4488987991581
 20
262.1978404855763
 30
0.0
 10
385.338441849192
 20
262.1978404855763
 30
0.0
  0
SPLINE
  5
62D
330
70
100
AcDbEntity
  8
03_AXES
 62
     7
370
    25
100
AcDbSpline
210
0.0
220
0.0
230
1.0
 70
     8
 71
     3
 72
     8
 73
     4
 74
     0
 42
0.0000000001
 43
0.0000000001
 40
0.0
 40
0.0
 40
0.0
 40
0.0
 40
1.0
 40
1.0
 40
1.0
 40
1.0
 10
368.138441849192
 20
261.9978404855757
 30
0.0
 10
368.138441849192
 20
262.1082974355426
 30
0.0
 10
368.0488987991576
 20
262.1978404855763
 30
0.0
 10
367.938441849192
 20
262.1978404855763
 30
0.0
  0
SPLINE
  5
62E
330
70
100
AcDbEntity
  8
03_AXES
 62
     7
370
    25
100
AcDbSpline
210
0.0
220
0.0
230
1.0
 70
     8
 71
     3
 72
     8
 73
     4
 74
     0
 42
0.0000000001
 43
0.0000000001
 40
0.0
 40
0.0
 40
0.0
 40
0.0
 40
1.0
 40
1.0
 40
1.0
 40
1.0
 10
350.7384418491914
 20
261.9978404855757
 30
0.0
 10
350.7384418491914
 20
262.1082974355426
 30
0.0
 10
350.6488987991576
 20
262.1978404855763
 30
0.0
 10
350.538441849192
 20
262.1978404855763
 30
0.0
  0
SPLINE
  5
62F
330
70
100
AcDbEntity
  8
03_AXES
 62
     7
370
    25
100
AcDbSpline
210
0.0
220
0.0
230
1.0
 70
     8
 71
     3
 72
    47
 73
    43
 74
     0
 42
0.0000000001
 43
0.0000000001
 40
0.0
 40
0.0
 40
0.0
 40
0.0
 40
1.0
 40
1.0
 40
1.0
 40
2.0
 40
2.0
 40
2.0
 40
3.0
 40
3.0
 40
3.0
 40
4.0
 40
4.0
 40
4.0
 40
5.0
 40
5.0
 40
5.0
 40
6.0
 40
6.0
 40
6.0
 40
7.0
 40
7.0
 40
7.0
 40
8.0
 40
8.0
 40
8.0
 40
9.0
 40
9.0
 40
9.0
 40
10.0
 40
10.0
 40
10.0
 40
11.0
 40
11.0
 40
11.0
 40
12.0
 40
12.0
 40
12.0
 40
13.0
 40
13.0
 40
13.0
 40
14.0
 40
14.0
 40
14.0
 40
14.0
 10
373.3284418491915
 20
218.0800322347761
 30
0.0
 10
373.3284418491915
 20
218.052936955676
 30
0.0
 10
373.332797692174
 20
218.0256786709981
 30
0.0
 10
373.3409317011265
 20
217.9997116834922
 30
0.0
 10
373.3495003429406
 20
217.9723571752515
 30
0.0
 10
373.3622617033784
 20
217.946435649507
 30
0.0
 10
373.3779209420855
 20
217.9224836612227
 30
0.0
 10
373.3949529835536
 20
217.8964318674327
 30
0.0
 10
373.415413273255
 20
217.8727100760413
 30
0.0
 10
373.4379877250896
 20
217.8513055446702
 30
0.0
 10
373.46273735999
 20
217.8278385590468
 30
0.0
 10
373.4900282101627
 20
217.807156911624
 30
0.0
 10
373.5188235605802
 20
217.7889188761843
 30
0.0
 10
373.5501288310242
 20
217.7690911392916
 30
0.0
 10
373.583212309006
 20
217.7521515702551
 30
0.0
 10
373.6173220191085
 20
217.7377189140616
 30
0.0
 10
373.6537763923587
 20
217.7222941732987
 30
0.0
 10
373.6914029307965
 20
217.7097328353688
 30
0.0
 10
373.7296980381402
 20
217.6996737814014
 30
0.0
 10
373.810622308048
 20
217.6784172383388
 30
0.0
 10
373.8945320786196
 20
217.6683346675576
 30
0.0
 10
373.9784418491917
 20
217.6683346675576
 30
0.0
 10
374.0623516197639
 20
217.6683346675576
 30
0.0
 10
374.1462613903355
 20
217.6784172383388
 30
0.0
 10
374.2271856602432
 20
217.6996737814014
 30
0.0
 10
374.2654807675869
 20
217.7097328353688
 30
0.0
 10
374.3031073060247
 20
217.7222941732987
 30
0.0
 10
374.3395616792934
 20
217.7377189140616
 30
0.0
 10
374.3736713894133
 20
217.7521515702551
 30
0.0
 10
374.4067548674285
 20
217.7690911392916
 30
0.0
 10
374.4380601378693
 20
217.7889188761843
 30
0.0
 10
374.4668554882849
 20
217.807156911624
 30
0.0
 10
374.4941463384241
 20
217.8278385590468
 30
0.0
 10
374.518895973308
 20
217.8513055446702
 30
0.0
 10
374.5414704251284
 20
217.8727100760413
 30
0.0
 10
374.5619307148298
 20
217.8964318674327
 30
0.0
 10
374.5789627562985
 20
217.9224836612227
 30
0.0
 10
374.594621995005
 20
217.946435649507
 30
0.0
 10
374.6073833554428
 20
217.9723571752515
 30
0.0
 10
374.6159519972569
 20
217.9997116834922
 30
0.0
 10
374.6240860062094
 20
218.0256786709981
 30
0.0
 10
374.6284418491919
 20
218.052936955676
 30
0.0
 10
374.6284418491919
 20
218.0800322347761
 30
0.0
  0
SPLINE
  5
630
330
70
100
AcDbEntity
  8
03_AXES
 62
     7
370
    25
100
AcDbSpline
210
0.0
220
0.0
230
1.0
 70
     8
 71
     3
 72
    47
 73
    43
 74
     0
 42
0.0000000001
 43
0.0000000001
 40
0.0
 40
0.0
 40
0.0
 40
0.0
 40
1.0
 40
1.0
 40
1.0
 40
2.0
 40
2.0
 40
2.0
 40
3.0
 40
3.0
 40
3.0
 40
4.0
 40
4.0
 40
4.0
 40
5.0
 40
5.0
 40
5.0
 40
6.0
 40
6.0
 40
6.0
 40
7.0
 40
7.0
 40
7.0
 40
8.0
 40
8.0
 40
8.0
 40
9.0
 40
9.0
 40
9.0
 40
10.0
 40
10.0
 40
10.0
 40
11.0
 40
11.0
 40
11.0
 40
12.0
 40
12.0
 40
12.0
 40
13.0
 40
13.0
 40
13.0
 40
14.0
 40
14.0
 40
14.0
 40
14.0
 10
376.4284418491919
 20
218.0800322347761
 30
0.0
 10
376.4284418491919
 20
218.0591899145761
 30
0.0
 10
376.431792539375
 20
218.0382222524706
 30
0.0
 10
376.4380492842725
 20
218.0182477870492
 30
0.0
 10
376.4446404847545
 20
217.9972055824715
 30
0.0
 10
376.4544567313867
 20
217.9772655956614
 30
0.0
 10
376.4665023283094
 20
217.9588407519719
 30
0.0
 10
376.4796037656793
 20
217.9388009036211
 30
0.0
 10
376.4953425031444
 20
217.9205534551059
 30
0.0
 10
376.5127074690728
 20
217.9040884896121
 30
0.0
 10
376.5317457136743
 20
217.8860369689978
 30
0.0
 10
376.5527386914871
 20
217.8701280002062
 30
0.0
 10
376.5748890050775
 20
217.8560987701454
 30
0.0
 10
376.5989700425018
 20
217.8408466874709
 30
0.0
 10
376.6244189662456
 20
217.8278163186179
 30
0.0
 10
376.6506572945887
 20
217.8167143650012
 30
0.0
 10
376.6786991977663
 20
217.8048492833419
 30
0.0
 10
376.7076427598953
 20
217.7951868400505
 30
0.0
 10
376.7371005926039
 20
217.7874492298805
 30
0.0
 10
376.7993500307842
 20
217.7710983363597
 30
0.0
 10
376.8638959399876
 20
217.7633427692175
 30
0.0
 10
376.9284418491916
 20
217.7633427692175
 30
0.0
 10
376.9929877583956
 20
217.7633427692175
 30
0.0
 10
377.0575336675997
 20
217.7710983363597
 30
0.0
 10
377.1197831057794
 20
217.7874492298805
 30
0.0
 10
377.1492409384886
 20
217.7951868400505
 30
0.0
 10
377.178184500617
 20
217.8048492833419
 30
0.0
 10
377.2062264037946
 20
217.8167143650012
 30
0.0
 10
377.2324647321377
 20
217.8278163186179
 30
0.0
 10
377.2579136558815
 20
217.8408466874709
 30
0.0
 10
377.281994693325
 20
217.8560987701454
 30
0.0
 10
377.3041450069328
 20
217.8701280002062
 30
0.0
 10
377.3251379847783
 20
217.8860369689978
 30
0.0
 10
377.3441762293772
 20
217.9040884896121
 30
0.0
 10
377.3615411953031
 20
217.9205534551059
 30
0.0
 10
377.3772799327348
 20
217.9388009036211
 30
0.0
 10
377.3903813701073
 20
217.9588407519719
 30
0.0
 10
377.4024269670325
 20
217.9772655956614
 30
0.0
 10
377.4122432136981
 20
217.9972055824715
 30
0.0
 10
377.4188344141698
 20
218.0182477870492
 30
0.0
 10
377.425091159057
 20
218.0382222524706
 30
0.0
 10
377.428441849192
 20
218.0591899145761
 30
0.0
 10
377.428441849192
 20
218.0800322347761
 30
0.0
  0
SPLINE
  5
631
330
70
100
AcDbEntity
  8
03_AXES
 62
     7
370
    25
100
AcDbSpline
210
0.0
220
0.0
230
1.0
 70
     8
 71
     3
 72
    47
 73
    43
 74
     0
 42
0.0000000001
 43
0.0000000001
 40
0.0
 40
0.0
 40
0.0
 40
0.0
 40
1.0
 40
1.0
 40
1.0
 40
2.0
 40
2.0
 40
2.0
 40
3.0
 40
3.0
 40
3.0
 40
4.0
 40
4.0
 40
4.0
 40
5.0
 40
5.0
 40
5.0
 40
6.0
 40
6.0
 40
6.0
 40
7.0
 40
7.0
 40
7.0
 40
8.0
 40
8.0
 40
8.0
 40
9.0
 40
9.0
 40
9.0
 40
10.0
 40
10.0
 40
10.0
 40
11.0
 40
11.0
 40
11.0
 40
12.0
 40
12.0
 40
12.0
 40
13.0
 40
13.0
 40
13.0
 40
14.0
 40
14.0
 40
14.0
 40
14.0
 10
373.5284418491915
 20
218.0800322347761
 30
0.0
 10
373.5284418491915
 20
218.0612745083758
 30
0.0
 10
373.5314576734108
 20
218.0424040798651
 30
0.0
 10
373.5370884730303
 20
218.024427319463
 30
0.0
 10
373.5430205310087
 20
218.0054887686057
 30
0.0
 10
373.55185486182
 20
217.9875420697841
 30
0.0
 10
373.5626960595953
 20
217.9709592698889
 30
0.0
 10
373.5744871298563
 20
217.9529235359462
 30
0.0
 10
373.5886521443028
 20
217.9365011724878
 30
0.0
 10
373.6042805236396
 20
217.9216828332198
 30
0.0
 10
373.6214150347199
 20
217.905436427057
 30
0.0
 10
373.6403085552654
 20
217.8911181071505
 30
0.0
 10
373.6602437976833
 20
217.8784916751784
 30
0.0
 10
373.6819166473523
 20
217.8647646907631
 30
0.0
 10
373.7048207315246
 20
217.8530373867394
 30
0.0
 10
373.7284352443367
 20
217.843045607891
 30
0.0
 10
373.753673009016
 20
217.8323669982868
 30
0.0
 10
373.7797222283467
 20
217.8236707130103
 30
0.0
 10
373.8062343046902
 20
217.8167068037074
 30
0.0
 10
373.862258894836
 20
217.8019908622084
 30
0.0
 10
373.9203503720135
 20
217.7950108420417
 30
0.0
 10
373.9784418492122
 20
217.7950108420417
 30
0.0
 10
374.0365333264103
 20
217.7950108420417
 30
0.0
 10
374.0946248036283
 20
217.8019908622084
 30
0.0
 10
374.1506493937869
 20
217.8167068037074
 30
0.0
 10
374.1771614701361
 20
217.8236707130103
 30
0.0
 10
374.2032106894675
 20
217.8323669982868
 30
0.0
 10
374.2284484541282
 20
217.843045607891
 30
0.0
 10
374.2520629669229
 20
217.8530373867394
 30
0.0
 10
374.2749670510619
 20
217.8647646907631
 30
0.0
 10
374.2966399007149
 20
217.8784916751784
 30
0.0
 10
374.316575143118
 20
217.8911181071505
 30
0.0
 10
374.3354686636635
 20
217.905436427057
 30
0.0
 10
374.3526031747624
 20
217.9216828332198
 30
0.0
 10
374.3682315541172
 20
217.9365011724878
 30
0.0
 10
374.3823965685963
 20
217.9529235359462
 30
0.0
 10
374.3941876388548
 20
217.9709592698889
 30
0.0
 10
374.4050288366275
 20
217.9875420697841
 30
0.0
 10
374.4138631674061
 20
218.0054887686057
 30
0.0
 10
374.4197952253678
 20
218.024427319463
 30
0.0
 10
374.4254260249726
 20
218.0424040798651
 30
0.0
 10
374.4284418491919
 20
218.0612745083758
 30
0.0
 10
374.4284418491919
 20
218.0800322347761
 30
0.0
  0
SPLINE
  5
632
330
70
100
AcDbEntity
  8
03_AXES
 62
     7
370
    25
100
AcDbSpline
210
0.0
220
0.0
230
1.0
 70
     8
 71
     3
 72
    41
 73
    37
 74
     0
 42
0.0000000001
 43
0.0000000001
 40
0.0
 40
0.0
 40
0.0
 40
0.0
 40
1.0
 40
1.0
 40
1.0
 40
2.0
 40
2.0
 40
2.0
 40
3.0
 40
3.0
 40
3.0
 40
4.0
 40
4.0
 40
4.0
 40
5.0
 40
5.0
 40
5.0
 40
6.0
 40
6.0
 40
6.0
 40
7.0
 40
7.0
 40
7.0
 40
8.0
 40
8.0
 40
8.0
 40
9.0
 40
9.0
 40
9.0
 40
10.0
 40
10.0
 40
10.0
 40
11.0
 40
11.0
 40
11.0
 40
12.0
 40
12.0
 40
12.0
 40
12.0
 10
376.628441849192
 20
218.0800322347761
 30
0.0
 10
376.628441849192
 20
218.0675275117759
 30
0.0
 10
376.6304527104765
 20
218.054947662834
 30
0.0
 10
376.6342063547108
 20
218.0429636046131
 30
0.0
 10
376.6381611550126
 20
218.0303373262271
 30
0.0
 10
376.644050533129
 20
218.0183724058792
 30
0.0
 10
376.6512782858281
 20
218.0073161908342
 30
0.0
 10
376.6591387853133
 20
217.9952920698818
 30
0.0
 10
376.6685822501107
 20
217.9843427220101
 30
0.0
 10
376.6790014861214
 20
217.97446643631
 30
0.0
 10
376.6904251126251
 20
217.9636380992834
 30
0.0
 10
376.7030217019343
 20
217.9540996773514
 30
0.0
 10
376.7163104887574
 20
217.945672082351
 30
0.0
 10
376.7461102305503
 20
217.9267734305561
 30
0.0
 10
376.7793908148053
 20
217.9134607762185
 30
0.0
 10
376.8136373928799
 20
217.9044826997562
 30
0.0
 10
376.8511335367433
 20
217.894652717737
 30
0.0
 10
376.8897876929675
 20
217.8900189333067
 30
0.0
 10
376.928441849209
 20
217.8900189333067
 30
0.0
 10
376.9670960054498
 20
217.8900189333067
 30
0.0
 10
377.0057501617086
 20
217.894652717737
 30
0.0
 10
377.0432463055887
 20
217.9044826997562
 30
0.0
 10
377.0774928836781
 20
217.9134607762185
 30
0.0
 10
377.1107734679331
 20
217.9267734305561
 30
0.0
 10
377.1405732096889
 20
217.945672082351
 30
0.0
 10
377.1538619964952
 20
217.9540996773514
 30
0.0
 10
377.1664585857807
 20
217.9636380992834
 30
0.0
 10
377.1778822122728
 20
217.97446643631
 30
0.0
 10
377.1883014482726
 20
217.9843427220101
 30
0.0
 10
377.1977449130706
 20
217.9952920698818
 30
0.0
 10
377.2056054125744
 20
218.0073161908342
 30
0.0
 10
377.2128331652902
 20
218.0183724058792
 30
0.0
 10
377.2187225434394
 20
218.0303373262271
 30
0.0
 10
377.2226773437309
 20
218.0429636046131
 30
0.0
 10
377.2264309879556
 20
218.054947662834
 30
0.0
 10
377.228441849192
 20
218.0675275117759
 30
0.0
 10
377.228441849192
 20
218.0800322347761
 30
0.0
  0
SPLINE
  5
633
330
70
100
AcDbEntity
  8
03_AXES
 62
     7
370
    25
100
AcDbSpline
210
0.0
220
0.0
230
1.0
 70
     8
 71
     3
 72
    17
 73
    13
 74
     0
 42
0.0000000001
 43
0.0000000001
 40
0.0
 40
0.0
 40
0.0
 40
0.0
 40
1.0
 40
1.0
 40
1.0
 40
2.0
 40
2.0
 40
2.0
 40
3.0
 40
3.0
 40
3.0
 40
4.0
 40
4.0
 40
4.0
 40
4.0
 10
374.4284418491919
 20
217.9252641927761
 30
0.0
 10
374.4284418491919
 20
217.9058265722763
 30
0.0
 10
374.4251962199886
 20
217.8862657231426
 30
0.0
 10
374.4191662873666
 20
217.8676937683665
 30
0.0
 10
374.4127917513688
 20
217.8480604487766
 30
0.0
 10
374.403305579296
 20
217.8295322814979
 30
0.0
 10
374.3917219955507
 20
217.8124944691328
 30
0.0
 10
374.3790696461449
 20
217.7938846537329
 30
0.0
 10
374.3639149922864
 20
217.7770528973509
 30
0.0
 10
374.3472403780387
 20
217.7619461350523
 30
0.0
 10
374.328904365276
 20
217.74533418936
 30
0.0
 10
374.3087304160915
 20
217.7308081068757
 30
0.0
 10
374.287555200092
 20
217.718129596876
 30
0.0
  0
SPLINE
  5
634
330
70
100
AcDbEntity
  8
03_AXES
 62
     7
370
    25
100
AcDbSpline
210
0.0
220
0.0
230
1.0
 70
     8
 71
     3
 72
    17
 73
    13
 74
     0
 42
0.0000000001
 43
0.0000000001
 40
0.0
 40
0.0
 40
0.0
 40
0.0
 40
1.0
 40
1.0
 40
1.0
 40
2.0
 40
2.0
 40
2.0
 40
3.0
 40
3.0
 40
3.0
 40
4.0
 40
4.0
 40
4.0
 40
4.0
 10
373.6693284982914
 20
217.718129596876
 30
0.0
 10
373.6481532822919
 20
217.7308081068757
 30
0.0
 10
373.6279793331074
 20
217.74533418936
 30
0.0
 10
373.6096433203633
 20
217.7619461350523
 30
0.0
 10
373.5929687061335
 20
217.7770528973509
 30
0.0
 10
373.5778140523085
 20
217.7938846537329
 30
0.0
 10
373.565161702918
 20
217.8124944691328
 30
0.0
 10
373.5535781191874
 20
217.8295322814979
 30
0.0
 10
373.5440919471146
 20
217.8480604487766
 30
0.0
 10
373.5377174110906
 20
217.8676937683665
 30
0.0
 10
373.5316874784436
 20
217.8862657231426
 30
0.0
 10
373.5284418491915
 20
217.9058265722763
 30
0.0
 10
373.5284418491915
 20
217.9252641927761
 30
0.0
  0
SPLINE
  5
635
330
70
100
AcDbEntity
  8
03_AXES
 62
     7
370
    25
100
AcDbSpline
210
0.0
220
0.0
230
1.0
 70
     8
 71
     3
 72
    17
 73
    13
 74
     0
 42
0.0000000001
 43
0.0000000001
 40
0.0
 40
0.0
 40
0.0
 40
0.0
 40
1.0
 40
1.0
 40
1.0
 40
2.0
 40
2.0
 40
2.0
 40
3.0
 40
3.0
 40
3.0
 40
4.0
 40
4.0
 40
4.0
 40
4.0
 10
377.228441849192
 20
217.9252641927761
 30
0.0
 10
377.228441849192
 20
217.9131207237761
 30
0.0
 10
377.2265478290827
 20
217.9009082278996
 30
0.0
 10
377.2229999757872
 20
217.8892425246884
 30
0.0
 10
377.2192712354395
 20
217.8769820464163
 30
0.0
 10
377.2137157216883
 20
217.8653255385489
 30
0.0
 10
377.2068725155378
 20
217.8545170104892
 30
0.0
 10
377.1994569695211
 20
217.8428044980468
 30
0.0
 10
377.1905293282367
 20
217.8320877406893
 30
0.0
 10
377.180645279922
 20
217.8223680310026
 30
0.0
 10
377.1698349735301
 20
217.8117374638097
 30
0.0
 10
377.1578806064915
 20
217.8022995718757
 30
0.0
 10
377.1452698594919
 20
217.7939469167761
 30
0.0
  0
SPLINE
  5
636
330
70
100
AcDbEntity
  8
03_AXES
 62
     7
370
    25
100
AcDbSpline
210
0.0
220
0.0
230
1.0
 70
     8
 71
     3
 72
    17
 73
    13
 74
     0
 42
0.0000000001
 43
0.0000000001
 40
0.0
 40
0.0
 40
0.0
 40
0.0
 40
1.0
 40
1.0
 40
1.0
 40
2.0
 40
2.0
 40
2.0
 40
3.0
 40
3.0
 40
3.0
 40
4.0
 40
4.0
 40
4.0
 40
4.0
 10
376.7116138389915
 20
217.7939469167761
 30
0.0
 10
376.6990030918918
 20
217.8022995718757
 30
0.0
 10
376.6870487248532
 20
217.8117374638097
 30
0.0
 10
376.6762384184613
 20
217.8223680310026
 30
0.0
 10
376.6663543701466
 20
217.8320877406893
 30
0.0
 10
376.6574267288622
 20
217.8428044980468
 30
0.0
 10
376.6500111828648
 20
217.8545170104892
 30
0.0
 10
376.6431679767302
 20
217.8653255385483
 30
0.0
 10
376.6376124630124
 20
217.8769820464163
 30
0.0
 10
376.6338837226545
 20
217.8892425246884
 30
0.0
 10
376.6303358693494
 20
217.9009082278996
 30
0.0
 10
376.628441849192
 20
217.9131207237761
 30
0.0
 10
376.628441849192
 20
217.9252641927761
 30
0.0
  0
SPLINE
  5
637
330
70
100
AcDbEntity
  8
03_AXES
 62
     7
370
    25
100
AcDbSpline
210
0.0
220
0.0
230
1.0
 70
     8
 71
     3
 72
    47
 73
    43
 74
     0
 42
0.0000000001
 43
0.0000000001
 40
0.0
 40
0.0
 40
0.0
 40
0.0
 40
1.0
 40
1.0
 40
1.0
 40
2.0
 40
2.0
 40
2.0
 40
3.0
 40
3.0
 40
3.0
 40
4.0
 40
4.0
 40
4.0
 40
5.0
 40
5.0
 40
5.0
 40
6.0
 40
6.0
 40
6.0
 40
7.0
 40
7.0
 40
7.0
 40
8.0
 40
8.0
 40
8.0
 40
9.0
 40
9.0
 40
9.0
 40
10.0
 40
10.0
 40
10.0
 40
11.0
 40
11.0
 40
11.0
 40
12.0
 40
12.0
 40
12.0
 40
13.0
 40
13.0
 40
13.0
 40
14.0
 40
14.0
 40
14.0
 40
14.0
 10
338.5284418491916
 20
218.0800322347761
 30
0.0
 10
338.5284418491916
 20
218.052936955676
 30
0.0
 10
338.532797692174
 20
218.0256786709981
 30
0.0
 10
338.5409317011265
 20
217.9997116834922
 30
0.0
 10
338.5495003429407
 20
217.9723571752515
 30
0.0
 10
338.5622617033785
 20
217.946435649507
 30
0.0
 10
338.5779209420856
 20
217.9224836612227
 30
0.0
 10
338.5949529835537
 20
217.8964318674327
 30
0.0
 10
338.6154132732551
 20
217.8727100760413
 30
0.0
 10
338.6379877250896
 20
217.8513055446702
 30
0.0
 10
338.6627373599901
 20
217.8278385590468
 30
0.0
 10
338.6900282101627
 20
217.807156911624
 30
0.0
 10
338.7188235605803
 20
217.7889188761843
 30
0.0
 10
338.7501288310243
 20
217.7690911392916
 30
0.0
 10
338.7832123090061
 20
217.7521515702551
 30
0.0
 10
338.8173220191086
 20
217.7377189140616
 30
0.0
 10
338.8537763923587
 20
217.7222941732987
 30
0.0
 10
338.8914029307966
 20
217.7097328353688
 30
0.0
 10
338.9296980381403
 20
217.6996737814014
 30
0.0
 10
339.010622308048
 20
217.6784172383388
 30
0.0
 10
339.0945320786196
 20
217.6683346675576
 30
0.0
 10
339.1784418491917
 20
217.6683346675576
 30
0.0
 10
339.2623516197639
 20
217.6683346675576
 30
0.0
 10
339.3462613903355
 20
217.6784172383388
 30
0.0
 10
339.4271856602433
 20
217.6996737814014
 30
0.0
 10
339.4654807675869
 20
217.7097328353688
 30
0.0
 10
339.5031073060248
 20
217.7222941732987
 30
0.0
 10
339.5395616792935
 20
217.7377189140616
 30
0.0
 10
339.5736713894133
 20
217.7521515702551
 30
0.0
 10
339.6067548674285
 20
217.7690911392916
 30
0.0
 10
339.6380601378693
 20
217.7889188761843
 30
0.0
 10
339.6668554882849
 20
217.807156911624
 30
0.0
 10
339.6941463384242
 20
217.8278385590468
 30
0.0
 10
339.718895973308
 20
217.8513055446702
 30
0.0
 10
339.7414704251285
 20
217.8727100760413
 30
0.0
 10
339.7619307148298
 20
217.8964318674327
 30
0.0
 10
339.7789627562979
 20
217.9224836612227
 30
0.0
 10
339.794621995005
 20
217.946435649507
 30
0.0
 10
339.8073833554428
 20
217.9723571752515
 30
0.0
 10
339.815951997257
 20
217.9997116834922
 30
0.0
 10
339.8240860062095
 20
218.0256786709981
 30
0.0
 10
339.828441849192
 20
218.052936955676
 30
0.0
 10
339.828441849192
 20
218.0800322347761
 30
0.0
  0
SPLINE
  5
638
330
70
100
AcDbEntity
  8
03_AXES
 62
     7
370
    25
100
AcDbSpline
210
0.0
220
0.0
230
1.0
 70
     8
 71
     3
 72
    47
 73
    43
 74
     0
 42
0.0000000001
 43
0.0000000001
 40
0.0
 40
0.0
 40
0.0
 40
0.0
 40
1.0
 40
1.0
 40
1.0
 40
2.0
 40
2.0
 40
2.0
 40
3.0
 40
3.0
 40
3.0
 40
4.0
 40
4.0
 40
4.0
 40
5.0
 40
5.0
 40
5.0
 40
6.0
 40
6.0
 40
6.0
 40
7.0
 40
7.0
 40
7.0
 40
8.0
 40
8.0
 40
8.0
 40
9.0
 40
9.0
 40
9.0
 40
10.0
 40
10.0
 40
10.0
 40
11.0
 40
11.0
 40
11.0
 40
12.0
 40
12.0
 40
12.0
 40
13.0
 40
13.0
 40
13.0
 40
14.0
 40
14.0
 40
14.0
 40
14.0
 10
338.7284418491916
 20
218.0800322347761
 30
0.0
 10
338.7284418491916
 20
218.0612745083758
 30
0.0
 10
338.7314576734108
 20
218.0424040798651
 30
0.0
 10
338.7370884730304
 20
218.024427319463
 30
0.0
 10
338.7430205310088
 20
218.0054887686057
 30
0.0
 10
338.7518548618201
 20
217.9875420697841
 30
0.0
 10
338.7626960595954
 20
217.9709592698889
 30
0.0
 10
338.7744871298564
 20
217.9529235359462
 30
0.0
 10
338.7886521443028
 20
217.9365011724878
 30
0.0
 10
338.8042805236397
 20
217.9216828332198
 30
0.0
 10
338.8214150347193
 20
217.905436427057
 30
0.0
 10
338.8403085552655
 20
217.8911181071505
 30
0.0
 10
338.8602437976833
 20
217.8784916751784
 30
0.0
 10
338.8819166473524
 20
217.8647646907631
 30
0.0
 10
338.9048207315247
 20
217.8530373867394
 30
0.0
 10
338.9284352443368
 20
217.843045607891
 30
0.0
 10
338.9536730090161
 20
217.8323669982868
 30
0.0
 10
338.9797222283468
 20
217.8236707130103
 30
0.0
 10
339.0062343046902
 20
217.8167068037074
 30
0.0
 10
339.062258894836
 20
217.8019908622084
 30
0.0
 10
339.1203503720135
 20
217.7950108420417
 30
0.0
 10
339.1784418492116
 20
217.7950108420417
 30
0.0
 10
339.2365333264104
 20
217.7950108420417
 30
0.0
 10
339.2946248036283
 20
217.8019908622084
 30
0.0
 10
339.350649393787
 20
217.8167068037074
 30
0.0
 10
339.3771614701362
 20
217.8236707130103
 30
0.0
 10
339.4032106894675
 20
217.8323669982868
 30
0.0
 10
339.4284484541283
 20
217.843045607891
 30
0.0
 10
339.452062966923
 20
217.8530373867394
 30
0.0
 10
339.4749670510619
 20
217.8647646907631
 30
0.0
 10
339.4966399007149
 20
217.8784916751784
 30
0.0
 10
339.516575143118
 20
217.8911181071505
 30
0.0
 10
339.5354686636636
 20
217.905436427057
 30
0.0
 10
339.5526031747625
 20
217.9216828332198
 30
0.0
 10
339.5682315541173
 20
217.9365011724878
 30
0.0
 10
339.5823965685965
 20
217.9529235359462
 30
0.0
 10
339.5941876388548
 20
217.9709592698889
 30
0.0
 10
339.6050288366276
 20
217.9875420697841
 30
0.0
 10
339.6138631674062
 20
218.0054887686057
 30
0.0
 10
339.6197952253678
 20
218.024427319463
 30
0.0
 10
339.6254260249727
 20
218.0424040798651
 30
0.0
 10
339.6284418491919
 20
218.0612745083758
 30
0.0
 10
339.6284418491919
 20
218.0800322347761
 30
0.0
  0
SPLINE
  5
639
330
70
100
AcDbEntity
  8
03_AXES
 62
     7
370
    25
100
AcDbSpline
210
0.0
220
0.0
230
1.0
 70
     8
 71
     3
 72
    17
 73
    13
 74
     0
 42
0.0000000001
 43
0.0000000001
 40
0.0
 40
0.0
 40
0.0
 40
0.0
 40
1.0
 40
1.0
 40
1.0
 40
2.0
 40
2.0
 40
2.0
 40
3.0
 40
3.0
 40
3.0
 40
4.0
 40
4.0
 40
4.0
 40
4.0
 10
339.6284418491919
 20
217.9252641927761
 30
0.0
 10
339.6284418491919
 20
217.9058265722763
 30
0.0
 10
339.6251962199886
 20
217.8862657231426
 30
0.0
 10
339.6191662873667
 20
217.8676937683665
 30
0.0
 10
339.6127917513689
 20
217.8480604487766
 30
0.0
 10
339.6033055792961
 20
217.8295322814979
 30
0.0
 10
339.5917219955507
 20
217.8124944691328
 30
0.0
 10
339.579069646145
 20
217.7938846537329
 30
0.0
 10
339.5639149922865
 20
217.7770528973509
 30
0.0
 10
339.5472403780388
 20
217.7619461350523
 30
0.0
 10
339.5289043652761
 20
217.74533418936
 30
0.0
 10
339.5087304160916
 20
217.7308081068757
 30
0.0
 10
339.4875552000915
 20
217.718129596876
 30
0.0
  0
SPLINE
  5
63A
330
70
100
AcDbEntity
  8
03_AXES
 62
     7
370
    25
100
AcDbSpline
210
0.0
220
0.0
230
1.0
 70
     8
 71
     3
 72
    17
 73
    13
 74
     0
 42
0.0000000001
 43
0.0000000001
 40
0.0
 40
0.0
 40
0.0
 40
0.0
 40
1.0
 40
1.0
 40
1.0
 40
2.0
 40
2.0
 40
2.0
 40
3.0
 40
3.0
 40
3.0
 40
4.0
 40
4.0
 40
4.0
 40
4.0
 10
338.8693284982914
 20
217.718129596876
 30
0.0
 10
338.8481532822919
 20
217.7308081068757
 30
0.0
 10
338.8279793331074
 20
217.74533418936
 30
0.0
 10
338.8096433203633
 20
217.7619461350523
 30
0.0
 10
338.7929687061336
 20
217.7770528973509
 30
0.0
 10
338.7778140523086
 20
217.7938846537329
 30
0.0
 10
338.7651617029181
 20
217.8124944691328
 30
0.0
 10
338.7535781191875
 20
217.8295322814979
 30
0.0
 10
338.7440919471147
 20
217.8480604487766
 30
0.0
 10
338.7377174110906
 20
217.8676937683665
 30
0.0
 10
338.7316874784437
 20
217.8862657231426
 30
0.0
 10
338.7284418491916
 20
217.9058265722763
 30
0.0
 10
338.7284418491916
 20
217.9252641927761
 30
0.0
  0
SPLINE
  5
63B
330
70
100
AcDbEntity
  8
03_AXES
 62
     7
370
    25
100
AcDbSpline
210
0.0
220
0.0
230
1.0
 70
     8
 71
     3
 72
    32
 73
    28
 74
     0
 42
0.0000000001
 43
0.0000000001
 40
0.0
 40
0.0
 40
0.0
 40
0.0
 40
1.0
 40
1.0
 40
1.0
 40
2.0
 40
2.0
 40
2.0
 40
3.0
 40
3.0
 40
3.0
 40
4.0
 40
4.0
 40
4.0
 40
5.0
 40
5.0
 40
5.0
 40
6.0
 40
6.0
 40
6.0
 40
7.0
 40
7.0
 40
7.0
 40
8.0
 40
8.0
 40
8.0
 40
9.0
 40
9.0
 40
9.0
 40
9.0
 10
360.3659030710914
 20
250.6059342608765
 30
0.0
 10
360.3586646140919
 20
250.6058714433764
 30
0.0
 10
360.3514356140074
 20
250.6053438795597
 30
0.0
 10
360.3442221685146
 20
250.6046967979584
 30
0.0
 10
360.3342628579916
 20
250.603803398735
 30
0.0
 10
360.3243331979447
 20
250.602682172312
 30
0.0
 10
360.3144138380619
 20
250.6014683005806
 30
0.0
 10
360.3020027523566
 20
250.5999495063972
 30
0.0
 10
360.2896077915278
 20
250.5982856762561
 30
0.0
 10
360.2772202181194
 20
250.5965740704254
 30
0.0
 10
360.2626215227218
 20
250.5945569512251
 30
0.0
 10
360.248033087348
 20
250.5924734787168
 30
0.0
 10
360.2334454977651
 20
250.5903829590119
 30
0.0
 10
360.1987582421817
 20
250.5854119944182
 30
0.0
 10
360.1640757688862
 20
250.5804011834135
 30
0.0
 10
360.1293615313784
 20
250.5756174489181
 30
0.0
 10
360.088997205729
 20
250.5700551139549
 30
0.0
 10
360.0485899345222
 20
250.5647997888721
 30
0.0
 10
360.0081305525772
 20
250.5599718069621
 30
0.0
 10
359.9637297812898
 20
250.5546735025826
 30
0.0
 10
359.919266251905
 20
250.5498898568938
 30
0.0
 10
359.8747480664354
 20
250.5456969732425
 30
0.0
 10
359.8276352060912
 20
250.5412597137319
 30
0.0
 10
359.7804611329039
 20
250.5374840863939
 30
0.0
 10
359.7332345420938
 20
250.5344146490393
 30
0.0
 10
359.6351111214024
 20
250.5280372314092
 30
0.0
 10
359.5367609872916
 20
250.5247083665764
 30
0.0
 10
359.438441849192
 20
250.5245465039756
 30
0.0
  0
SPLINE
  5
63C
330
70
100
AcDbEntity
  8
03_AXES
 62
     7
370
    25
100
AcDbSpline
210
0.0
220
0.0
230
1.0
 70
     8
 71
     3
 72
    20
 73
    16
 74
     0
 42
0.0000000001
 43
0.0000000001
 40
0.0
 40
0.0
 40
0.0
 40
0.0
 40
1.0
 40
1.0
 40
1.0
 40
2.0
 40
2.0
 40
2.0
 40
3.0
 40
3.0
 40
3.0
 40
4.0
 40
4.0
 40
4.0
 40
5.0
 40
5.0
 40
5.0
 40
5.0
 10
359.5589491135915
 20
250.3834451745758
 30
0.0
 10
359.6418308085919
 20
250.3841880203764
 30
0.0
 10
359.7247115364978
 20
250.387790340412
 30
0.0
 10
359.8073802279551
 20
250.3939962946893
 30
0.0
 10
359.8904381650281
 20
250.4002314697085
 30
0.0
 10
359.973282064204
 20
250.4090948551192
 30
0.0
 10
360.0557811684081
 20
250.4206409069145
 30
0.0
 10
360.2222578023537
 20
250.4439399215745
 30
0.0
 10
360.3873304300844
 20
250.478162762232
 30
0.0
 10
360.5493817442123
 20
250.523131162345
 30
0.0
 10
360.7146964747979
 20
250.5690051436176
 30
0.0
 10
360.8768669790614
 20
250.626061833908
 30
0.0
 10
361.0344146677586
 20
250.6940930648645
 30
0.0
 10
361.1952502981658
 20
250.7635440736911
 30
0.0
 10
361.3512681478917
 20
250.8444324693762
 30
0.0
 10
361.5002187843917
 20
250.9363036406762
 30
0.0
  0
SPLINE
  5
63D
330
70
100
AcDbEntity
  8
03_AXES
 62
     7
370
    25
100
AcDbSpline
210
0.0
220
0.0
230
1.0
 70
     8
 71
     3
 72
    35
 73
    31
 74
     0
 42
0.0000000001
 43
0.0000000001
 40
0.0
 40
0.0
 40
0.0
 40
0.0
 40
1.0
 40
1.0
 40
1.0
 40
2.0
 40
2.0
 40
2.0
 40
3.0
 40
3.0
 40
3.0
 40
4.0
 40
4.0
 40
4.0
 40
5.0
 40
5.0
 40
5.0
 40
6.0
 40
6.0
 40
6.0
 40
7.0
 40
7.0
 40
7.0
 40
8.0
 40
8.0
 40
8.0
 40
9.0
 40
9.0
 40
9.0
 40
10.0
 40
10.0
 40
10.0
 40
10.0
 10
368.138441849192
 20
179.1792544801763
 30
0.0
 10
368.138441849192
 20
179.1786969891759
 30
0.0
 10
368.137965201232
 20
179.1782460068905
 30
0.0
 10
368.1374785252897
 20
179.177887303076
 30
0.0
 10
368.1365524407286
 20
179.1772047337608
 30
0.0
 10
368.1355900454258
 20
179.1768562994084
 30
0.0
 10
368.1345987272207
 20
179.1765326300981
 30
0.0
 10
368.1330567431428
 20
179.1760291662052
 30
0.0
 10
368.1314447788137
 20
179.1755856224367
 30
0.0
 10
368.129829827403
 20
179.1752046048934
 30
0.0
 10
368.1276320777314
 20
179.1746860870138
 30
0.0
 10
368.1254287960275
 20
179.1742833667841
 30
0.0
 10
368.1232174693408
 20
179.173915583493
 30
0.0
 10
368.1170994557829
 20
179.1728980481025
 30
0.0
 10
368.1109198621537
 20
179.1721479364206
 30
0.0
 10
368.1047356107584
 20
179.1715035591809
 30
0.0
 10
368.0964532310917
 20
179.1706405643562
 30
0.0
 10
368.0881624970547
 20
179.1699672193697
 30
0.0
 10
368.0798632054682
 20
179.1693894250534
 30
0.0
 10
368.0697702464716
 20
179.1686867561226
 30
0.0
 10
368.0596646312429
 20
179.1681254023365
 30
0.0
 10
368.0495558523333
 20
179.1676544137674
 30
0.0
 10
368.038033556121
 20
179.1671175665524
 30
0.0
 10
368.0265071496107
 20
179.1666981230875
 30
0.0
 10
368.0149780675465
 20
179.1663651845206
 30
0.0
 10
368.002474899718
 20
179.1660041161587
 30
0.0
 10
367.989968585125
 20
179.1657447877095
 30
0.0
 10
367.9774611681676
 20
179.1655712681124
 30
0.0
 10
367.9644554779528
 20
179.1653908358034
 30
0.0
 10
367.9514485957917
 20
179.1653031854758
 30
0.0
 10
367.938441849192
 20
179.1653031854758
 30
0.0
  0
SPLINE
  5
63E
330
70
100
AcDbEntity
  8
03_AXES
 62
     7
370
    25
100
AcDbSpline
210
0.0
220
0.0
230
1.0
 70
     8
 71
     3
 72
    41
 73
    37
 74
     0
 42
0.0000000001
 43
0.0000000001
 40
0.0
 40
0.0
 40
0.0
 40
0.0
 40
1.0
 40
1.0
 40
1.0
 40
2.0
 40
2.0
 40
2.0
 40
3.0
 40
3.0
 40
3.0
 40
4.0
 40
4.0
 40
4.0
 40
5.0
 40
5.0
 40
5.0
 40
6.0
 40
6.0
 40
6.0
 40
7.0
 40
7.0
 40
7.0
 40
8.0
 40
8.0
 40
8.0
 40
9.0
 40
9.0
 40
9.0
 40
10.0
 40
10.0
 40
10.0
 40
11.0
 40
11.0
 40
11.0
 40
12.0
 40
12.0
 40
12.0
 40
12.0
 10
368.138441849192
 20
194.808316716376
 30
0.0
 10
368.138441849192
 20
194.8079227923762
 30
0.0
 10
368.1379356502636
 20
194.80776482264
 30
0.0
 10
368.1374791093097
 20
194.8076313572864
 30
0.0
 10
368.1363369456196
 20
194.8072974567255
 30
0.0
 10
368.135505585654
 20
194.8071169263639
 30
0.0
 10
368.1346010059812
 20
194.8069549018371
 30
0.0
 10
368.1331285995097
 20
194.8066911705495
 30
0.0
 10
368.131462198379
 20
194.8064764702301
 30
0.0
 10
368.1298347472345
 20
194.8062899725933
 30
0.0
 10
368.1275890942347
 20
194.8060326321639
 30
0.0
 10
368.1254176024251
 20
194.805828989944
 30
0.0
 10
368.123225726219
 20
194.8056446066587
 30
0.0
 10
368.1204495869557
 20
194.8054110744563
 30
0.0
 10
368.1176407476494
 20
194.8052084368634
 30
0.0
 10
368.1148380397402
 20
194.8050252090102
 30
0.0
 10
368.1114710409616
 20
194.8048050904754
 30
0.0
 10
368.10811289109
 20
194.8046129843165
 30
0.0
 10
368.1047512730623
 20
194.8044373636405
 30
0.0
 10
368.1008581115179
 20
194.8042339735901
 30
0.0
 10
368.0969602983262
 20
194.8040526946112
 30
0.0
 10
368.0930627104702
 20
194.8038868229078
 30
0.0
 10
368.0886700982906
 20
194.8036998841925
 30
0.0
 10
368.084277772321
 20
194.8035325149774
 30
0.0
 10
368.0798847883031
 20
194.8033789275401
 30
0.0
 10
368.0697855181516
 20
194.8030258370175
 30
0.0
 10
368.0596827700906
 20
194.8027455858295
 30
0.0
 10
368.0495793028243
 20
194.8025101558776
 30
0.0
 10
368.0380530619423
 20
194.8022415726015
 30
0.0
 10
368.0265258850357
 20
194.802031322866
 30
0.0
 10
368.0149980123644
 20
194.8018645047254
 30
0.0
 10
368.0024901868096
 20
194.8016835058315
 30
0.0
 10
367.9899815421722
 20
194.8015536363819
 30
0.0
 10
367.9774726292462
 20
194.8014668219166
 30
0.0
 10
367.9644625528272
 20
194.801376529272
 30
0.0
 10
367.9514521861915
 20
194.8013328106761
 30
0.0
 10
367.938441849192
 20
194.8013325624762
 30
0.0
  0
SPLINE
  5
63F
330
70
100
AcDbEntity
  8
03_AXES
 62
     7
370
    25
100
AcDbSpline
210
0.0
220
0.0
230
1.0
 70
     8
 71
     3
 72
    32
 73
    28
 74
     0
 42
0.0000000001
 43
0.0000000001
 40
0.0
 40
0.0
 40
0.0
 40
0.0
 40
1.0
 40
1.0
 40
1.0
 40
2.0
 40
2.0
 40
2.0
 40
3.0
 40
3.0
 40
3.0
 40
4.0
 40
4.0
 40
4.0
 40
5.0
 40
5.0
 40
5.0
 40
6.0
 40
6.0
 40
6.0
 40
7.0
 40
7.0
 40
7.0
 40
8.0
 40
8.0
 40
8.0
 40
9.0
 40
9.0
 40
9.0
 40
9.0
 10
368.138441849192
 20
199.1213847893759
 30
0.0
 10
368.138441849192
 20
199.1206344857759
 30
0.0
 10
368.1380012279808
 20
199.1199279951436
 30
0.0
 10
368.1374785252788
 20
199.1193504330338
 30
0.0
 10
368.1366622361933
 20
199.1184484716625
 30
0.0
 10
368.1356457657063
 20
199.1178609428398
 30
0.0
 10
368.1345987271584
 20
199.1173346828169
 30
0.0
 10
368.1330611307562
 20
199.1165618597723
 30
0.0
 10
368.1314576128291
 20
199.1159211659063
 30
0.0
 10
368.1298298273575
 20
199.1153585844896
 30
0.0
 10
368.127658779445
 20
199.1146082453138
 30
0.0
 10
368.125444562698
 20
199.1139968581176
 30
0.0
 10
368.1232174693209
 20
199.1134405236725
 30
0.0
 10
368.1171273890281
 20
199.1119192037854
 30
0.0
 10
368.1109410209026
 20
199.1108095529361
 30
0.0
 10
368.1047356107641
 20
199.1098514371139
 30
0.0
 10
368.0964723692503
 20
199.108575591963
 30
0.0
 10
368.0881753622696
 20
199.1075684500763
 30
0.0
 10
368.0798632054149
 20
199.1067056105594
 30
0.0
 10
368.0697783943931
 20
199.1056587615137
 30
0.0
 10
368.0596712827435
 20
199.1048243256805
 30
0.0
 10
368.0495558523134
 20
199.1041239178757
 30
0.0
 10
368.0380390770358
 20
199.1033264788196
 30
0.0
 10
368.0265115184338
 20
199.1027027753063
 30
0.0
 10
368.0149780675189
 20
199.1022055477668
 30
0.0
 10
367.9894831095867
 20
199.1011064148807
 30
0.0
 10
367.9639593593918
 20
199.100625295676
 30
0.0
 10
367.938441849192
 20
199.100625295676
 30
0.0
  0
SPLINE
  5
640
330
70
100
AcDbEntity
  8
03_AXES
 62
     7
370
    25
100
AcDbSpline
210
0.0
220
0.0
230
1.0
 70
     8
 71
     3
 72
    41
 73
    37
 74
     0
 42
0.0000000001
 43
0.0000000001
 40
0.0
 40
0.0
 40
0.0
 40
0.0
 40
1.0
 40
1.0
 40
1.0
 40
2.0
 40
2.0
 40
2.0
 40
3.0
 40
3.0
 40
3.0
 40
4.0
 40
4.0
 40
4.0
 40
5.0
 40
5.0
 40
5.0
 40
6.0
 40
6.0
 40
6.0
 40
7.0
 40
7.0
 40
7.0
 40
8.0
 40
8.0
 40
8.0
 40
9.0
 40
9.0
 40
9.0
 40
10.0
 40
10.0
 40
10.0
 40
11.0
 40
11.0
 40
11.0
 40
12.0
 40
12.0
 40
12.0
 40
12.0
 10
368.138441849192
 20
227.5213822866756
 30
0.0
 10
368.138441849192
 20
227.521790920776
 30
0.0
 10
368.1379375527415
 20
227.5219819293041
 30
0.0
 10
368.1374783238411
 20
227.5221402150546
 30
0.0
 10
368.1363635484038
 20
227.5225244527778
 30
0.0
 10
368.1355143437608
 20
227.5227158640882
 30
0.0
 10
368.1345988179871
 20
227.5228913824771
 30
0.0
 10
368.1331141740941
 20
227.5231760083299
 30
0.0
 10
368.1314551266323
 20
227.5234188408344
 30
0.0
 10
368.1298295660993
 20
227.5236277262385
 30
0.0
 10
368.1275893197605
 20
227.5239155990993
 30
0.0
 10
368.1254126739294
 20
227.5241389974674
 30
0.0
 10
368.1232175115498
 20
227.5243423745905
 30
0.0
 10
368.1204384421135
 20
227.5245998494587
 30
0.0
 10
368.1176296952998
 20
227.5248252352996
 30
0.0
 10
368.1148259287605
 20
227.5250285986191
 30
0.0
 10
368.1114587558939
 20
227.5252728270314
 30
0.0
 10
368.1080987659382
 20
227.5254852929815
 30
0.0
 10
368.1047354335801
 20
227.5256796985598
 30
0.0
 10
368.100841256291
 20
227.5259047877592
 30
0.0
 10
368.0969425982543
 20
227.5261056656333
 30
0.0
 10
368.0930439157637
 20
227.5262894107033
 30
0.0
 10
368.0886504872441
 20
227.526496473174
 30
0.0
 10
368.0842570276715
 20
227.5266817786032
 30
0.0
 10
368.0798628250613
 20
227.5268518451209
 30
0.0
 10
368.0697634180231
 20
227.5272427171715
 30
0.0
 10
368.0596600859615
 20
227.5275530911392
 30
0.0
 10
368.0495557873664
 20
227.5278138112406
 30
0.0
 10
368.0380309451791
 20
227.5281111854722
 30
0.0
 10
368.0265048455884
 20
227.5283439629486
 30
0.0
 10
368.0149779213867
 20
227.5285286189502
 30
0.0
 10
368.0024730574199
 20
227.5287289410956
 30
0.0
 10
367.9899672229873
 20
227.5288726301841
 30
0.0
 10
367.9774610505121
 20
227.5289687991986
 30
0.0
 10
367.9644548800587
 20
227.5290688130595
 30
0.0
 10
367.9514483439915
 20
227.5291174311761
 30
0.0
 10
367.938441849192
 20
227.5291174311761
 30
0.0
  0
SPLINE
  5
641
330
70
100
AcDbEntity
  8
03_AXES
 62
     7
370
    25
100
AcDbSpline
210
0.0
220
0.0
230
1.0
 70
     8
 71
     3
 72
    32
 73
    28
 74
     0
 42
0.0000000001
 43
0.0000000001
 40
0.0
 40
0.0
 40
0.0
 40
0.0
 40
1.0
 40
1.0
 40
1.0
 40
2.0
 40
2.0
 40
2.0
 40
3.0
 40
3.0
 40
3.0
 40
4.0
 40
4.0
 40
4.0
 40
5.0
 40
5.0
 40
5.0
 40
6.0
 40
6.0
 40
6.0
 40
7.0
 40
7.0
 40
7.0
 40
8.0
 40
8.0
 40
8.0
 40
9.0
 40
9.0
 40
9.0
 40
9.0
 10
368.138441849192
 20
240.4738505865762
 30
0.0
 10
368.138441849192
 20
240.4745993004759
 30
0.0
 10
368.138000792475
 20
240.4753037601211
 30
0.0
 10
368.137478323838
 20
240.4758795695353
 30
0.0
 10
368.136661372331
 20
240.4767799266769
 30
0.0
 10
368.1356453717769
 20
240.4773657389008
 30
0.0
 10
368.134598818023
 20
240.4778904533396
 30
0.0
 10
368.1330610696497
 20
240.4786614398005
 30
0.0
 10
368.131457357703
 20
240.479300517715
 30
0.0
 10
368.1298295661218
 20
240.4798616540247
 30
0.0
 10
368.127658384503
 20
240.4806101090823
 30
0.0
 10
368.1254443633632
 20
240.4812199000323
 30
0.0
 10
368.1232175115363
 20
240.4817747758505
 30
0.0
 10
368.1171271061319
 20
240.4832923526583
 30
0.0
 10
368.1109407253789
 20
240.4843991565631
 30
0.0
 10
368.1047354336
 20
240.485354807435
 30
0.0
 10
368.0964719505173
 20
240.4866274316892
 30
0.0
 10
368.0881749309952
 20
240.4876320041399
 30
0.0
 10
368.0798628250793
 20
240.4884926572784
 30
0.0
 10
368.069778041689
 20
240.4895368572153
 30
0.0
 10
368.0596710509643
 20
240.4903692063626
 30
0.0
 10
368.0495557873285
 20
240.4910678515971
 30
0.0
 10
368.0380389361379
 20
240.4918633022629
 30
0.0
 10
368.0265113605861
 20
240.4924854295221
 30
0.0
 10
368.0149779213328
 20
240.49298140007
 30
0.0
 10
367.9894829285608
 20
240.4940777569545
 30
0.0
 10
367.963959283192
 20
240.4945576572756
 30
0.0
 10
367.938441849192
 20
240.4945576572756
 30
0.0
  0
SPLINE
  5
642
330
70
100
AcDbEntity
  8
03_AXES
 62
     7
370
    25
100
AcDbSpline
210
0.0
220
0.0
230
1.0
 70
     8
 71
     3
 72
    41
 73
    37
 74
     0
 42
0.0000000001
 43
0.0000000001
 40
0.0
 40
0.0
 40
0.0
 40
0.0
 40
1.0
 40
1.0
 40
1.0
 40
2.0
 40
2.0
 40
2.0
 40
3.0
 40
3.0
 40
3.0
 40
4.0
 40
4.0
 40
4.0
 40
5.0
 40
5.0
 40
5.0
 40
6.0
 40
6.0
 40
6.0
 40
7.0
 40
7.0
 40
7.0
 40
8.0
 40
8.0
 40
8.0
 40
9.0
 40
9.0
 40
9.0
 40
10.0
 40
10.0
 40
10.0
 40
11.0
 40
11.0
 40
11.0
 40
12.0
 40
12.0
 40
12.0
 40
12.0
 10
368.138441849192
 20
244.7873642546765
 30
0.0
 10
368.138441849192
 20
244.787757735876
 30
0.0
 10
368.1379355418428
 20
244.7879144483813
 30
0.0
 10
368.1374791117051
 20
244.7880473240735
 30
0.0
 10
368.1363356692514
 20
244.7883802024156
 30
0.0
 10
368.1355052540574
 20
244.7885634819329
 30
0.0
 10
368.134601002253
 20
244.788726810492
 30
0.0
 10
368.1331294995478
 20
244.7889925975388
 30
0.0
 10
368.1314624660708
 20
244.789205551363
 30
0.0
 10
368.12983473748
 20
244.7893911933152
 30
0.0
 10
368.1275886895909
 20
244.7896473543965
 30
0.0
 10
368.1254174794281
 20
244.7898515128241
 30
0.0
 10
368.1232257380051
 20
244.7900361594639
 30
0.0
 10
368.1204497396493
 20
244.7902700277306
 30
0.0
 10
368.1176408049499
 20
244.7904725950963
 30
0.0
 10
368.1148380550153
 20
244.7906557953407
 30
0.0
 10
368.1114710021561
 20
244.7908758809432
 30
0.0
 10
368.1081128752451
 20
244.7910680156178
 30
0.0
 10
368.1047512605351
 20
244.7912436376443
 30
0.0
 10
368.1008581116957
 20
244.7914470287963
 30
0.0
 10
368.0969602848845
 20
244.7916282725426
 30
0.0
 10
368.0930626905454
 20
244.7917941333577
 30
0.0
 10
368.0886700795504
 20
244.7919810594402
 30
0.0
 10
368.0842777638288
 20
244.7921484470178
 30
0.0
 10
368.0798847884398
 20
244.7923020434761
 30
0.0
 10
368.0697855265565
 20
244.7926551551414
 30
0.0
 10
368.0596827781985
 20
244.7929353779307
 30
0.0
 10
368.0495793129529
 20
244.7931708118673
 30
0.0
 10
368.0380530639059
 20
244.793439399933
 30
0.0
 10
368.0265258818484
 20
244.7936496964988
 30
0.0
 10
368.0149980029288
 20
244.7938164793147
 30
0.0
 10
368.0024901828715
 20
244.7939974397029
 30
0.0
 10
367.989981542441
 20
244.7941271740318
 30
0.0
 10
367.9774726343618
 20
244.7942141027791
 30
0.0
 10
367.9644625559394
 20
244.7943045143326
 30
0.0
 10
367.9514521879915
 20
244.7943486215764
 30
0.0
 10
367.938441849192
 20
244.7943484085759
 30
0.0
  0
SPLINE
  5
643
330
70
100
AcDbEntity
  8
03_AXES
 62
     7
370
    25
100
AcDbSpline
210
0.0
220
0.0
230
1.0
 70
     8
 71
     3
 72
    35
 73
    31
 74
     0
 42
0.0000000001
 43
0.0000000001
 40
0.0
 40
0.0
 40
0.0
 40
0.0
 40
1.0
 40
1.0
 40
1.0
 40
2.0
 40
2.0
 40
2.0
 40
3.0
 40
3.0
 40
3.0
 40
4.0
 40
4.0
 40
4.0
 40
5.0
 40
5.0
 40
5.0
 40
6.0
 40
6.0
 40
6.0
 40
7.0
 40
7.0
 40
7.0
 40
8.0
 40
8.0
 40
8.0
 40
9.0
 40
9.0
 40
9.0
 40
10.0
 40
10.0
 40
10.0
 40
10.0
 10
368.138441849192
 20
260.4164264908758
 30
0.0
 10
368.138441849192
 20
260.4169839813764
 30
0.0
 10
368.1379652026836
 20
260.4174349638434
 30
0.0
 10
368.1374785276865
 20
260.4177936676085
 30
0.0
 10
368.1365524422578
 20
260.4184762387948
 30
0.0
 10
368.1355900440481
 20
260.4188246722566
 30
0.0
 10
368.1345987234481
 20
260.4191483413679
 30
0.0
 10
368.1330567365731
 20
260.419651804648
 30
0.0
 10
368.1314447707725
 20
260.4200953495523
 30
0.0
 10
368.1298298176421
 20
260.4204763679722
 30
0.0
 10
368.1276320753917
 20
260.4209948847417
 30
0.0
 10
368.1254288007003
 20
260.4213976044124
 30
0.0
 10
368.1232174810736
 20
260.4217653869791
 30
0.0
 10
368.117099459576
 20
260.4227829249325
 30
0.0
 10
368.1109198578216
 20
260.4235330355094
 30
0.0
 10
368.1047355983678
 20
260.4241774126593
 30
0.0
 10
368.0964532227335
 20
260.4250404058181
 30
0.0
 10
368.0881624928798
 20
260.4257137516382
 30
0.0
 10
368.0798632054432
 20
260.4262915460354
 30
0.0
 10
368.069770249881
 20
260.4269942151766
 30
0.0
 10
368.0596646380353
 20
260.4275555680156
 30
0.0
 10
368.0495558625357
 20
260.4280265564339
 30
0.0
 10
368.0380335597594
 20
260.4285634039646
 30
0.0
 10
368.0265071467127
 20
260.4289828485666
 30
0.0
 10
368.0149780580808
 20
260.4293157874235
 30
0.0
 10
368.0024748951183
 20
260.4296768557539
 30
0.0
 10
367.9899685853593
 20
260.4299361833696
 30
0.0
 10
367.9774611732608
 20
260.4301097027454
 30
0.0
 10
367.9644554813372
 20
260.4302901349189
 30
0.0
 10
367.9514485974916
 20
260.4303777856765
 30
0.0
 10
367.938441849192
 20
260.4303777856765
 30
0.0
  0
SPLINE
  5
644
330
70
100
AcDbEntity
  8
03_AXES
 62
     7
370
    25
100
AcDbSpline
210
0.0
220
0.0
230
1.0
 70
     8
 71
     3
 72
    11
 73
     7
 74
     0
 42
0.0000000001
 43
0.0000000001
 40
0.0
 40
0.0
 40
0.0
 40
0.0
 40
1.0
 40
1.0
 40
1.0
 40
2.0
 40
2.0
 40
2.0
 40
2.0
 10
367.6384418491917
 20
225.5233953618756
 30
0.0
 10
367.6384418491917
 20
225.5343006059765
 30
0.0
 10
367.6386409710153
 20
225.545203890965
 30
0.0
 10
367.6390560263317
 20
225.5561053285636
 30
0.0
 10
367.640254972993
 20
225.5875956907228
 30
0.0
 10
367.6432557245919
 20
225.6190706377759
 30
0.0
 10
367.6484418491917
 20
225.650142162476
 30
0.0
  0
SPLINE
  5
645
330
70
100
AcDbEntity
  8
03_AXES
 62
     7
370
    25
100
AcDbSpline
210
0.0
220
0.0
230
1.0
 70
     8
 71
     3
 72
    29
 73
    25
 74
     0
 42
0.0000000001
 43
0.0000000001
 40
0.0
 40
0.0
 40
0.0
 40
0.0
 40
1.0
 40
1.0
 40
1.0
 40
2.0
 40
2.0
 40
2.0
 40
3.0
 40
3.0
 40
3.0
 40
4.0
 40
4.0
 40
4.0
 40
5.0
 40
5.0
 40
5.0
 40
6.0
 40
6.0
 40
6.0
 40
7.0
 40
7.0
 40
7.0
 40
8.0
 40
8.0
 40
8.0
 40
8.0
 10
358.6432491198914
 20
176.9905501927761
 30
0.0
 10
358.6429720183917
 20
176.9528718985758
 30
0.0
 10
358.6463409026947
 20
176.9150601472898
 30
0.0
 10
358.6533755233924
 20
176.8779667494613
 30
0.0
 10
358.6600992292664
 20
176.842512798556
 30
0.0
 10
358.6701717973186
 20
176.8077151050754
 30
0.0
 10
358.683572054543
 20
176.7742304306432
 30
0.0
 10
358.696019878235
 20
176.7431257050585
 30
0.0
 10
358.7113391656951
 20
176.7131539839182
 30
0.0
 10
358.7294737227209
 20
176.6849795584821
 30
0.0
 10
358.7461706329666
 20
176.6590387068756
 30
0.0
 10
358.7652541359121
 20
176.634621479457
 30
0.0
 10
358.7865820755798
 20
176.6123327050711
 30
0.0
 10
358.8063201828396
 20
176.5917053858641
 30
0.0
 10
358.8279805874533
 20
176.5729010272216
 30
0.0
 10
358.8513187859462
 20
176.5564532569616
 30
0.0
 10
358.873210640209
 20
176.5410248086348
 30
0.0
 10
358.8965787755183
 20
176.5276699086775
 30
0.0
 10
358.9210602132371
 20
176.5168160120466
 30
0.0
 10
358.9444520189001
 20
176.506445206068
 30
0.0
 10
358.9688602295936
 20
176.4983577261096
 30
0.0
 10
358.9938614256996
 20
176.4928392182963
 30
0.0
 10
359.0182691238585
 20
176.4874517131378
 30
0.0
 10
359.043241988092
 20
176.4845126592762
 30
0.0
 10
359.0681819373916
 20
176.484135810376
 30
0.0
  0
SPLINE
  5
646
330
70
100
AcDbEntity
  8
03_AXES
 62
     7
370
    25
100
AcDbSpline
210
0.0
220
0.0
230
1.0
 70
     8
 71
     3
 72
    71
 73
    67
 74
     0
 42
0.0000000001
 43
0.0000000001
 40
0.0
 40
0.0
 40
0.0
 40
0.0
 40
1.0
 40
1.0
 40
1.0
 40
2.0
 40
2.0
 40
2.0
 40
3.0
 40
3.0
 40
3.0
 40
4.0
 40
4.0
 40
4.0
 40
5.0
 40
5.0
 40
5.0
 40
6.0
 40
6.0
 40
6.0
 40
7.0
 40
7.0
 40
7.0
 40
8.0
 40
8.0
 40
8.0
 40
9.0
 40
9.0
 40
9.0
 40
10.0
 40
10.0
 40
10.0
 40
11.0
 40
11.0
 40
11.0
 40
12.0
 40
12.0
 40
12.0
 40
13.0
 40
13.0
 40
13.0
 40
14.0
 40
14.0
 40
14.0
 40
15.0
 40
15.0
 40
15.0
 40
16.0
 40
16.0
 40
16.0
 40
17.0
 40
17.0
 40
17.0
 40
18.0
 40
18.0
 40
18.0
 40
19.0
 40
19.0
 40
19.0
 40
20.0
 40
20.0
 40
20.0
 40
21.0
 40
21.0
 40
21.0
 40
22.0
 40
22.0
 40
22.0
 40
22.0
 10
359.438441849192
 20
250.4432371609764
 30
0.0
 10
359.4994665362916
 20
250.4431366960762
 30
0.0
 10
359.5605082344905
 20
250.4447398338196
 30
0.0
 10
359.6214527679294
 20
250.4480544611546
 30
0.0
 10
359.6812668417779
 20
250.4513076054969
 30
0.0
 10
359.7409873220523
 20
250.4562093354852
 30
0.0
 10
359.8005253318794
 20
250.4627978618886
 30
0.0
 10
359.8572946474896
 20
250.469080002254
 30
0.0
 10
359.9138980688905
 20
250.4768957046938
 30
0.0
 10
359.9702234656012
 20
250.4863366352319
 30
0.0
 10
359.9966972080196
 20
250.4907740076758
 30
0.0
 10
360.0231095310435
 20
250.4955704148667
 30
0.0
 10
360.0494477183862
 20
250.5007472441011
 30
0.0
 10
360.0742098298283
 20
250.505614292116
 30
0.0
 10
360.0989064126727
 20
250.5108175955214
 30
0.0
 10
360.1235203566966
 20
250.5163865692333
 30
0.0
 10
360.1461495956401
 20
250.5215064978665
 30
0.0
 10
360.1687089853589
 20
250.5269355038451
 30
0.0
 10
360.1911786627952
 20
250.5327171059834
 30
0.0
 10
360.2111977406919
 20
250.5378681520499
 30
0.0
 10
360.2311456077061
 20
250.5432990782308
 30
0.0
 10
360.2509905498071
 20
250.5490823832413
 30
0.0
 10
360.2598391352959
 20
250.551661079039
 30
0.0
 10
360.2686672578204
 20
250.5543098328537
 30
0.0
 10
360.277469416621
 20
250.5570427731096
 30
0.0
 10
360.2854690795903
 20
250.5595265502658
 30
0.0
 10
360.2934472972684
 20
250.5620798630106
 30
0.0
 10
360.3013968576299
 20
250.5647194372338
 30
0.0
 10
360.3084818876766
 20
250.5670719525716
 30
0.0
 10
360.3155441545561
 20
250.5694929873912
 30
0.0
 10
360.3225739823003
 20
250.5720069300877
 30
0.0
 10
360.3286829433393
 20
250.5741915608565
 30
0.0
 10
360.3347674072812
 20
250.5764463529667
 30
0.0
 10
360.3408116637737
 20
250.5788013607251
 30
0.0
 10
360.3458873467543
 20
250.580778985734
 30
0.0
 10
360.3509346760358
 20
250.5828272813386
 30
0.0
 10
360.3559331999297
 20
250.5850019503895
 30
0.0
 10
360.3599317809999
 20
250.5867415820664
 30
0.0
 10
360.3638991303417
 20
250.5885620831204
 30
0.0
 10
360.3677869500663
 20
250.590517155066
 30
0.0
 10
360.370671951644
 20
250.5919679388075
 30
0.0
 10
360.3735131598117
 20
250.593492824733
 30
0.0
 10
360.3762468926199
 20
250.5952660785057
 30
0.0
 10
360.3772567424516
 20
250.5959211242434
 30
0.0
 10
360.3782519263267
 20
250.5966100619525
 30
0.0
 10
360.3791750556258
 20
250.5973324175354
 30
0.0
 10
360.3798862371332
 20
250.5978889223863
 30
0.0
 10
360.3805546527609
 20
250.5984652614357
 30
0.0
 10
360.3812232609465
 20
250.5991838959598
 30
0.0
 10
360.3820384115398
 20
250.6000600374287
 30
0.0
 10
360.3828538483488
 20
250.6011476852457
 30
0.0
 10
360.382666433291
 20
250.6022249759273
 30
0.0
 10
360.3825923861392
 20
250.6026506103833
 30
0.0
 10
360.3823617920642
 20
250.6030746280727
 30
0.0
 10
360.382057295375
 20
250.6034072307146
 30
0.0
 10
360.3816516157738
 20
250.6038503557527
 30
0.0
 10
360.3811147581767
 20
250.6041312180233
 30
0.0
 10
360.3805649726438
 20
250.6043625158072
 30
0.0
 10
360.3797956266691
 20
250.6046861838719
 30
0.0
 10
360.3790009652284
 20
250.6049127948227
 30
0.0
 10
360.3781949001791
 20
250.6050910146856
 30
0.0
 10
360.3771285424063
 20
250.6053267849078
 30
0.0
 10
360.3760422270478
 20
250.6054778653335
 30
0.0
 10
360.3749534173609
 20
250.605593403132
 30
0.0
 10
360.3719471555296
 20
250.60591240918
 30
0.0
 10
360.3689218783917
 20
250.6059604589764
 30
0.0
 10
360.3659030710914
 20
250.6059342608765
 30
0.0
  0
SPLINE
  5
647
330
70
100
AcDbEntity
  8
03_AXES
 62
     7
370
    25
100
AcDbSpline
210
0.0
220
0.0
230
1.0
 70
     8
 71
     3
 72
    11
 73
     7
 74
     0
 42
0.0000000001
 43
0.0000000001
 40
0.0
 40
0.0
 40
0.0
 40
0.0
 40
1.0
 40
1.0
 40
1.0
 40
2.0
 40
2.0
 40
2.0
 40
2.0
 10
359.438441849192
 20
250.3831266627759
 30
0.0
 10
359.4591743533916
 20
250.3836471748765
 30
0.0
 10
359.4799174290829
 20
250.383563232712
 30
0.0
 10
359.5006580368492
 20
250.3834657049151
 30
0.0
 10
359.5200898684652
 20
250.3833743313278
 30
0.0
 10
359.5395195337918
 20
250.3832710325761
 30
0.0
 10
359.5589491135915
 20
250.3834451745758
 30
0.0
  0
SPLINE
  5
648
330
70
100
AcDbEntity
  8
03_AXES
 62
     7
370
    25
100
AcDbSpline
210
0.0
220
0.0
230
1.0
 70
     8
 71
     3
 72
    11
 73
     7
 74
     0
 42
0.0000000001
 43
0.0000000001
 40
0.0
 40
0.0
 40
0.0
 40
0.0
 40
1.0
 40
1.0
 40
1.0
 40
2.0
 40
2.0
 40
2.0
 40
2.0
 10
367.6894323503915
 20
225.680190387176
 30
0.0
 10
367.6846217847914
 20
225.6690042220756
 30
0.0
 10
367.6801808754161
 20
225.6576602084291
 30
0.0
 10
367.6761051047835
 20
225.6461781686304
 30
0.0
 10
367.6635679472382
 20
225.610859168887
 30
0.0
 10
367.6544856986917
 20
225.574234178476
 30
0.0
 10
367.6484418491917
 20
225.5372692459761
 30
0.0
  0
SPLINE
  5
649
330
70
100
AcDbEntity
  8
03_AXES
 62
     7
370
    25
100
AcDbSpline
210
0.0
220
0.0
230
1.0
 70
     8
 71
     3
 72
    14
 73
    10
 74
     0
 42
0.0000000001
 43
0.0000000001
 40
0.0
 40
0.0
 40
0.0
 40
0.0
 40
1.0
 40
1.0
 40
1.0
 40
2.0
 40
2.0
 40
2.0
 40
3.0
 40
3.0
 40
3.0
 40
3.0
 10
367.938441849192
 20
226.252823491776
 30
0.0
 10
367.8947018271918
 20
226.1419574822757
 30
0.0
 10
367.8473549817051
 20
226.0325192479469
 30
0.0
 10
367.7986005683417
 20
225.9237572819319
 30
0.0
 10
367.7786224505086
 20
225.8791898423314
 30
0.0
 10
367.7584079853907
 20
225.8347359561746
 30
0.0
 10
367.7382894170273
 20
225.790234107663
 30
0.0
 10
367.7217562378411
 20
225.7536630643236
 30
0.0
 10
367.7052878209915
 20
225.7170596303762
 30
0.0
 10
367.6894323503915
 20
225.680190387176
 30
0.0
  0
SPLINE
  5
64A
330
70
100
AcDbEntity
  8
03_AXES
 62
     7
370
    25
100
AcDbSpline
210
0.0
220
0.0
230
1.0
 70
     8
 71
     3
 72
    59
 73
    55
 74
     0
 42
0.0000000001
 43
0.0000000001
 40
0.0
 40
0.0
 40
0.0
 40
0.0
 40
1.0
 40
1.0
 40
1.0
 40
2.0
 40
2.0
 40
2.0
 40
3.0
 40
3.0
 40
3.0
 40
4.0
 40
4.0
 40
4.0
 40
5.0
 40
5.0
 40
5.0
 40
6.0
 40
6.0
 40
6.0
 40
7.0
 40
7.0
 40
7.0
 40
8.0
 40
8.0
 40
8.0
 40
9.0
 40
9.0
 40
9.0
 40
10.0
 40
10.0
 40
10.0
 40
11.0
 40
11.0
 40
11.0
 40
12.0
 40
12.0
 40
12.0
 40
13.0
 40
13.0
 40
13.0
 40
14.0
 40
14.0
 40
14.0
 40
15.0
 40
15.0
 40
15.0
 40
16.0
 40
16.0
 40
16.0
 40
17.0
 40
17.0
 40
17.0
 40
18.0
 40
18.0
 40
18.0
 40
18.0
 10
368.138441849192
 20
226.4035665741761
 30
0.0
 10
368.138441849192
 20
226.429544266676
 30
0.0
 10
368.1374049864181
 20
226.455561149392
 30
0.0
 10
368.1335354097654
 20
226.4813450508868
 30
0.0
 10
368.1316922950005
 20
226.4936261590836
 30
0.0
 10
368.1292065212869
 20
226.5058544107358
 30
0.0
 10
368.1249155498838
 20
226.5174505917905
 30
0.0
 10
368.1230293833885
 20
226.5225478823859
 30
0.0
 10
368.1207944192185
 20
226.5275230452186
 30
0.0
 10
368.1176447555456
 20
226.5320579090545
 30
0.0
 10
368.1151331737138
 20
226.5356740670975
 30
0.0
 10
368.1120399646305
 20
226.5390102535277
 30
0.0
 10
368.1081616218786
 20
226.5409664581337
 30
0.0
 10
368.1065355970508
 20
226.5417866118594
 30
0.0
 10
368.1047715638067
 20
226.5423641965634
 30
0.0
 10
368.1029651842083
 20
226.5426261816846
 30
0.0
 10
368.1012371865196
 20
226.5428767988224
 30
0.0
 10
368.0994704377065
 20
226.542838610968
 30
0.0
 10
368.0977470998347
 20
226.5425732579138
 30
0.0
 10
368.0941737508071
 20
226.5420230471327
 30
0.0
 10
368.0907870437074
 20
226.5404961574346
 30
0.0
 10
368.0876805246843
 20
226.5386055771171
 30
0.0
 10
368.0842625725152
 20
226.5365254633148
 30
0.0
 10
368.0811838029546
 20
226.5340050826231
 30
0.0
 10
368.0782871269752
 20
226.5312916344491
 30
0.0
 10
368.0751703586458
 20
226.5283720157583
 30
0.0
 10
368.0722644064505
 20
226.5252288760619
 30
0.0
 10
368.0695004343733
 20
226.5219707192243
 30
0.0
 10
368.0665951552157
 20
226.5185459902873
 30
0.0
 10
368.0638467446393
 20
226.5149941831651
 30
0.0
 10
368.0612027161071
 20
226.5113669561723
 30
0.0
 10
368.0584659046278
 20
226.5076124443159
 30
0.0
 10
368.0558409295775
 20
226.5037771265215
 30
0.0
 10
368.0532950251404
 20
226.4998905804059
 30
0.0
 10
368.0480289139553
 20
226.4918514004316
 30
0.0
 10
368.0431011097495
 20
226.4835930379057
 30
0.0
 10
368.0383693713854
 20
226.4752271717982
 30
0.0
 10
368.0335027731663
 20
226.4666228691148
 30
0.0
 10
368.0288435762483
 20
226.4579048475776
 30
0.0
 10
368.0243226217043
 20
226.4491159674353
 30
0.0
 10
368.0197259496229
 20
226.4401798899794
 30
0.0
 10
368.0152721892944
 20
226.4311705605446
 30
0.0
 10
368.0109197520012
 20
226.4221129561731
 30
0.0
 10
368.0065230166743
 20
226.4129631657374
 30
0.0
 10
368.0022296773594
 20
226.403764112703
 30
0.0
 10
367.998014316715
 20
226.3945295828039
 30
0.0
 10
367.9937732017395
 20
226.3852386332615
 30
0.0
 10
367.9896110211882
 20
226.375911772029
 30
0.0
 10
367.9855098741661
 20
226.3665581983587
 30
0.0
 10
367.9772734839498
 20
226.347773287148
 30
0.0
 10
367.9692832617556
 20
226.328880636011
 30
0.0
 10
367.961459870388
 20
226.309919707769
 30
0.0
 10
367.9536328785299
 20
226.2909500533055
 30
0.0
 10
367.9459728710916
 20
226.2719120588762
 30
0.0
 10
367.938441849192
 20
226.252823491776
 30
0.0
  0
SPLINE
  5
64B
330
70
100
AcDbEntity
  8
03_AXES
 62
     7
370
    25
100
AcDbSpline
210
0.0
220
0.0
230
1.0
 70
     8
 71
     3
 72
    32
 73
    28
 74
     0
 42
0.0000000001
 43
0.0000000001
 40
0.0
 40
0.0
 40
0.0
 40
0.0
 40
1.0
 40
1.0
 40
1.0
 40
2.0
 40
2.0
 40
2.0
 40
3.0
 40
3.0
 40
3.0
 40
4.0
 40
4.0
 40
4.0
 40
5.0
 40
5.0
 40
5.0
 40
6.0
 40
6.0
 40
6.0
 40
7.0
 40
7.0
 40
7.0
 40
8.0
 40
8.0
 40
8.0
 40
9.0
 40
9.0
 40
9.0
 40
9.0
 10
377.765903071092
 20
250.6059342608765
 30
0.0
 10
377.7586646140918
 20
250.6058714433764
 30
0.0
 10
377.7514356140074
 20
250.6053438795597
 30
0.0
 10
377.7442221685145
 20
250.6046967979584
 30
0.0
 10
377.7342628579916
 20
250.603803398735
 30
0.0
 10
377.7243331979447
 20
250.602682172312
 30
0.0
 10
377.7144138380619
 20
250.6014683005806
 30
0.0
 10
377.7020027523566
 20
250.5999495063972
 30
0.0
 10
377.6896077915278
 20
250.5982856762561
 30
0.0
 10
377.6772202181194
 20
250.5965740704254
 30
0.0
 10
377.6626215227218
 20
250.5945569512251
 30
0.0
 10
377.648033087348
 20
250.5924734787168
 30
0.0
 10
377.633445497765
 20
250.5903829590119
 30
0.0
 10
377.5987582421817
 20
250.5854119944182
 30
0.0
 10
377.5640757688861
 20
250.5804011834135
 30
0.0
 10
377.5293615313784
 20
250.5756174489181
 30
0.0
 10
377.488997205729
 20
250.5700551139549
 30
0.0
 10
377.4485899345222
 20
250.5647997888721
 30
0.0
 10
377.4081305525771
 20
250.5599718069621
 30
0.0
 10
377.3637297812897
 20
250.5546735025826
 30
0.0
 10
377.319266251905
 20
250.5498898568938
 30
0.0
 10
377.2747480664353
 20
250.5456969732425
 30
0.0
 10
377.2276352060912
 20
250.5412597137319
 30
0.0
 10
377.1804611329039
 20
250.5374840863939
 30
0.0
 10
377.1332345420938
 20
250.5344146490393
 30
0.0
 10
377.0351111214023
 20
250.5280372314092
 30
0.0
 10
376.9367609872916
 20
250.5247083665764
 30
0.0
 10
376.838441849192
 20
250.5245465039756
 30
0.0
  0
SPLINE
  5
64C
330
70
100
AcDbEntity
  8
03_AXES
 62
     7
370
    25
100
AcDbSpline
210
0.0
220
0.0
230
1.0
 70
     8
 71
     3
 72
    20
 73
    16
 74
     0
 42
0.0000000001
 43
0.0000000001
 40
0.0
 40
0.0
 40
0.0
 40
0.0
 40
1.0
 40
1.0
 40
1.0
 40
2.0
 40
2.0
 40
2.0
 40
3.0
 40
3.0
 40
3.0
 40
4.0
 40
4.0
 40
4.0
 40
5.0
 40
5.0
 40
5.0
 40
5.0
 10
376.9589491135915
 20
250.3834451745758
 30
0.0
 10
377.0418308085918
 20
250.3841880203764
 30
0.0
 10
377.1247115364978
 20
250.387790340412
 30
0.0
 10
377.2073802279551
 20
250.3939962946893
 30
0.0
 10
377.2904381650281
 20
250.4002314697085
 30
0.0
 10
377.373282064204
 20
250.4090948551192
 30
0.0
 10
377.455781168408
 20
250.4206409069145
 30
0.0
 10
377.6222578023537
 20
250.4439399215745
 30
0.0
 10
377.7873304300844
 20
250.478162762232
 30
0.0
 10
377.9493817442122
 20
250.523131162345
 30
0.0
 10
378.1146964747978
 20
250.5690051436176
 30
0.0
 10
378.2768669790614
 20
250.626061833908
 30
0.0
 10
378.4344146677586
 20
250.6940930648645
 30
0.0
 10
378.5952502981664
 20
250.7635440736911
 30
0.0
 10
378.7512681478917
 20
250.8444324693762
 30
0.0
 10
378.9002187843917
 20
250.9363036406762
 30
0.0
  0
SPLINE
  5
64D
330
70
100
AcDbEntity
  8
03_AXES
 62
     7
370
    25
100
AcDbSpline
210
0.0
220
0.0
230
1.0
 70
     8
 71
     3
 72
    35
 73
    31
 74
     0
 42
0.0000000001
 43
0.0000000001
 40
0.0
 40
0.0
 40
0.0
 40
0.0
 40
1.0
 40
1.0
 40
1.0
 40
2.0
 40
2.0
 40
2.0
 40
3.0
 40
3.0
 40
3.0
 40
4.0
 40
4.0
 40
4.0
 40
5.0
 40
5.0
 40
5.0
 40
6.0
 40
6.0
 40
6.0
 40
7.0
 40
7.0
 40
7.0
 40
8.0
 40
8.0
 40
8.0
 40
9.0
 40
9.0
 40
9.0
 40
10.0
 40
10.0
 40
10.0
 40
10.0
 10
385.538441849192
 20
179.1792544801763
 30
0.0
 10
385.538441849192
 20
179.1786969891759
 30
0.0
 10
385.537965201232
 20
179.1782460068905
 30
0.0
 10
385.5374785252897
 20
179.177887303076
 30
0.0
 10
385.5365524407286
 20
179.1772047337608
 30
0.0
 10
385.5355900454264
 20
179.1768562994084
 30
0.0
 10
385.5345987272207
 20
179.1765326300981
 30
0.0
 10
385.5330567431428
 20
179.1760291662052
 30
0.0
 10
385.5314447788136
 20
179.1755856224367
 30
0.0
 10
385.529829827403
 20
179.1752046048934
 30
0.0
 10
385.5276320777313
 20
179.1746860870138
 30
0.0
 10
385.5254287960274
 20
179.1742833667841
 30
0.0
 10
385.5232174693408
 20
179.173915583493
 30
0.0
 10
385.5170994557829
 20
179.1728980481025
 30
0.0
 10
385.5109198621536
 20
179.1721479364206
 30
0.0
 10
385.5047356107583
 20
179.1715035591809
 30
0.0
 10
385.4964532310916
 20
179.1706405643562
 30
0.0
 10
385.4881624970547
 20
179.1699672193697
 30
0.0
 10
385.4798632054682
 20
179.1693894250534
 30
0.0
 10
385.4697702464716
 20
179.1686867561226
 30
0.0
 10
385.4596646312428
 20
179.1681254023365
 30
0.0
 10
385.4495558523333
 20
179.1676544137674
 30
0.0
 10
385.438033556121
 20
179.1671175665524
 30
0.0
 10
385.4265071496106
 20
179.1666981230875
 30
0.0
 10
385.4149780675465
 20
179.1663651845206
 30
0.0
 10
385.402474899718
 20
179.1660041161587
 30
0.0
 10
385.389968585125
 20
179.1657447877095
 30
0.0
 10
385.3774611681676
 20
179.1655712681124
 30
0.0
 10
385.3644554779534
 20
179.1653908358034
 30
0.0
 10
385.3514485957916
 20
179.1653031854758
 30
0.0
 10
385.338441849192
 20
179.1653031854758
 30
0.0
  0
SPLINE
  5
64E
330
70
100
AcDbEntity
  8
03_AXES
 62
     7
370
    25
100
AcDbSpline
210
0.0
220
0.0
230
1.0
 70
     8
 71
     3
 72
    41
 73
    37
 74
     0
 42
0.0000000001
 43
0.0000000001
 40
0.0
 40
0.0
 40
0.0
 40
0.0
 40
1.0
 40
1.0
 40
1.0
 40
2.0
 40
2.0
 40
2.0
 40
3.0
 40
3.0
 40
3.0
 40
4.0
 40
4.0
 40
4.0
 40
5.0
 40
5.0
 40
5.0
 40
6.0
 40
6.0
 40
6.0
 40
7.0
 40
7.0
 40
7.0
 40
8.0
 40
8.0
 40
8.0
 40
9.0
 40
9.0
 40
9.0
 40
10.0
 40
10.0
 40
10.0
 40
11.0
 40
11.0
 40
11.0
 40
12.0
 40
12.0
 40
12.0
 40
12.0
 10
385.538441849192
 20
194.808316716376
 30
0.0
 10
385.538441849192
 20
194.8079227923762
 30
0.0
 10
385.5379356502636
 20
194.80776482264
 30
0.0
 10
385.5374791093102
 20
194.8076313572864
 30
0.0
 10
385.5363369456196
 20
194.8072974567255
 30
0.0
 10
385.535505585654
 20
194.8071169263639
 30
0.0
 10
385.5346010059812
 20
194.8069549018371
 30
0.0
 10
385.5331285995097
 20
194.8066911705495
 30
0.0
 10
385.531462198379
 20
194.8064764702301
 30
0.0
 10
385.5298347472344
 20
194.8062899725933
 30
0.0
 10
385.5275890942347
 20
194.8060326321639
 30
0.0
 10
385.5254176024251
 20
194.805828989944
 30
0.0
 10
385.523225726219
 20
194.8056446066587
 30
0.0
 10
385.5204495869557
 20
194.8054110744563
 30
0.0
 10
385.5176407476493
 20
194.8052084368634
 30
0.0
 10
385.5148380397402
 20
194.8050252090102
 30
0.0
 10
385.5114710409615
 20
194.8048050904754
 30
0.0
 10
385.50811289109
 20
194.8046129843165
 30
0.0
 10
385.5047512730623
 20
194.8044373636405
 30
0.0
 10
385.5008581115179
 20
194.8042339735901
 30
0.0
 10
385.4969602983262
 20
194.8040526946112
 30
0.0
 10
385.4930627104701
 20
194.8038868229078
 30
0.0
 10
385.4886700982906
 20
194.8036998841925
 30
0.0
 10
385.484277772321
 20
194.8035325149774
 30
0.0
 10
385.4798847883031
 20
194.8033789275401
 30
0.0
 10
385.4697855181515
 20
194.8030258370175
 30
0.0
 10
385.4596827700906
 20
194.8027455858295
 30
0.0
 10
385.4495793028243
 20
194.8025101558776
 30
0.0
 10
385.4380530619422
 20
194.8022415726015
 30
0.0
 10
385.4265258850357
 20
194.802031322866
 30
0.0
 10
385.4149980123644
 20
194.8018645047254
 30
0.0
 10
385.4024901868095
 20
194.8016835058315
 30
0.0
 10
385.3899815421721
 20
194.8015536363819
 30
0.0
 10
385.3774726292461
 20
194.8014668219166
 30
0.0
 10
385.3644625528271
 20
194.801376529272
 30
0.0
 10
385.3514521861915
 20
194.8013328106761
 30
0.0
 10
385.338441849192
 20
194.8013325624762
 30
0.0
  0
SPLINE
  5
64F
330
70
100
AcDbEntity
  8
03_AXES
 62
     7
370
    25
100
AcDbSpline
210
0.0
220
0.0
230
1.0
 70
     8
 71
     3
 72
    32
 73
    28
 74
     0
 42
0.0000000001
 43
0.0000000001
 40
0.0
 40
0.0
 40
0.0
 40
0.0
 40
1.0
 40
1.0
 40
1.0
 40
2.0
 40
2.0
 40
2.0
 40
3.0
 40
3.0
 40
3.0
 40
4.0
 40
4.0
 40
4.0
 40
5.0
 40
5.0
 40
5.0
 40
6.0
 40
6.0
 40
6.0
 40
7.0
 40
7.0
 40
7.0
 40
8.0
 40
8.0
 40
8.0
 40
9.0
 40
9.0
 40
9.0
 40
9.0
 10
385.538441849192
 20
199.1213847893759
 30
0.0
 10
385.538441849192
 20
199.1206344857759
 30
0.0
 10
385.5380012279807
 20
199.1199279951436
 30
0.0
 10
385.5374785252788
 20
199.1193504330338
 30
0.0
 10
385.5366622361933
 20
199.1184484716625
 30
0.0
 10
385.5356457657062
 20
199.1178609428398
 30
0.0
 10
385.5345987271584
 20
199.1173346828169
 30
0.0
 10
385.5330611307561
 20
199.1165618597723
 30
0.0
 10
385.5314576128291
 20
199.1159211659063
 30
0.0
 10
385.5298298273575
 20
199.1153585844896
 30
0.0
 10
385.527658779445
 20
199.1146082453138
 30
0.0
 10
385.525444562698
 20
199.1139968581176
 30
0.0
 10
385.5232174693209
 20
199.1134405236725
 30
0.0
 10
385.5171273890281
 20
199.1119192037854
 30
0.0
 10
385.5109410209025
 20
199.1108095529361
 30
0.0
 10
385.5047356107647
 20
199.1098514371139
 30
0.0
 10
385.4964723692502
 20
199.108575591963
 30
0.0
 10
385.4881753622695
 20
199.1075684500763
 30
0.0
 10
385.4798632054149
 20
199.1067056105594
 30
0.0
 10
385.4697783943931
 20
199.1056587615137
 30
0.0
 10
385.4596712827434
 20
199.1048243256805
 30
0.0
 10
385.4495558523134
 20
199.1041239178757
 30
0.0
 10
385.4380390770364
 20
199.1033264788196
 30
0.0
 10
385.4265115184337
 20
199.1027027753063
 30
0.0
 10
385.4149780675188
 20
199.1022055477668
 30
0.0
 10
385.3894831095867
 20
199.1011064148807
 30
0.0
 10
385.3639593593918
 20
199.100625295676
 30
0.0
 10
385.338441849192
 20
199.100625295676
 30
0.0
  0
SPLINE
  5
650
330
70
100
AcDbEntity
  8
03_AXES
 62
     7
370
    25
100
AcDbSpline
210
0.0
220
0.0
230
1.0
 70
     8
 71
     3
 72
    41
 73
    37
 74
     0
 42
0.0000000001
 43
0.0000000001
 40
0.0
 40
0.0
 40
0.0
 40
0.0
 40
1.0
 40
1.0
 40
1.0
 40
2.0
 40
2.0
 40
2.0
 40
3.0
 40
3.0
 40
3.0
 40
4.0
 40
4.0
 40
4.0
 40
5.0
 40
5.0
 40
5.0
 40
6.0
 40
6.0
 40
6.0
 40
7.0
 40
7.0
 40
7.0
 40
8.0
 40
8.0
 40
8.0
 40
9.0
 40
9.0
 40
9.0
 40
10.0
 40
10.0
 40
10.0
 40
11.0
 40
11.0
 40
11.0
 40
12.0
 40
12.0
 40
12.0
 40
12.0
 10
385.538441849192
 20
212.0742986843759
 30
0.0
 10
385.538441849192
 20
212.073890085576
 30
0.0
 10
385.5379376764674
 20
212.0736989929289
 30
0.0
 10
385.5374785276646
 20
212.0735406680726
 30
0.0
 10
385.5363637501611
 20
212.073156267664
 30
0.0
 10
385.535514379918
 20
212.0729650270121
 30
0.0
 10
385.5345987234398
 20
212.0727895838432
 30
0.0
 10
385.5331141079799
 20
212.0725051260283
 30
0.0
 10
385.531455237152
 20
212.0722621971387
 30
0.0
 10
385.5298298175901
 20
212.0720532738769
 30
0.0
 10
385.5275895086671
 20
212.0717653158273
 30
0.0
 10
385.5254127470883
 20
212.0715419582424
 30
0.0
 10
385.5232174810081
 20
212.0713385912357
 30
0.0
 10
385.5204384632068
 20
212.0710811461191
 30
0.0
 10
385.5176297912395
 20
212.0708557366612
 30
0.0
 10
385.5148260935442
 20
212.0706523652171
 30
0.0
 10
385.5114589256676
 20
212.070408121413
 30
0.0
 10
385.5080989323744
 20
212.0701956638814
 30
0.0
 10
385.5047355983434
 20
212.0700012696433
 30
0.0
 10
385.5008412931194
 20
212.0697761862917
 30
0.0
 10
385.4969425090889
 20
212.0695753197473
 30
0.0
 10
385.493043700989
 20
212.0693915668762
 30
0.0
 10
385.4886504706709
 20
212.0691845116259
 30
0.0
 10
385.4842572097926
 20
212.0689991857631
 30
0.0
 10
385.4798632054682
 20
212.0688291112275
 30
0.0
 10
385.4697636981754
 20
212.0684381992272
 30
0.0
 10
385.4596602632688
 20
212.0681278597662
 30
0.0
 10
385.4495558625844
 20
212.0678671534684
 30
0.0
 10
385.4380310403662
 20
212.0675697985013
 30
0.0
 10
385.4265049617589
 20
212.0673370118267
 30
0.0
 10
385.4149780583041
 20
212.0671523533212
 30
0.0
 10
385.4024731898088
 20
212.066952028027
 30
0.0
 10
385.389967350566
 20
212.066808343911
 30
0.0
 10
385.3774611733744
 20
212.0667121755228
 30
0.0
 10
385.3644549619395
 20
212.0666121620354
 30
0.0
 10
385.3514483849916
 20
212.066563539876
 30
0.0
 10
385.338441849192
 20
212.066563539876
 30
0.0
  0
SPLINE
  5
651
330
70
100
AcDbEntity
  8
03_AXES
 62
     7
370
    25
100
AcDbSpline
210
0.0
220
0.0
230
1.0
 70
     8
 71
     3
 72
    41
 73
    37
 74
     0
 42
0.0000000001
 43
0.0000000001
 40
0.0
 40
0.0
 40
0.0
 40
0.0
 40
1.0
 40
1.0
 40
1.0
 40
2.0
 40
2.0
 40
2.0
 40
3.0
 40
3.0
 40
3.0
 40
4.0
 40
4.0
 40
4.0
 40
5.0
 40
5.0
 40
5.0
 40
6.0
 40
6.0
 40
6.0
 40
7.0
 40
7.0
 40
7.0
 40
8.0
 40
8.0
 40
8.0
 40
9.0
 40
9.0
 40
9.0
 40
10.0
 40
10.0
 40
10.0
 40
11.0
 40
11.0
 40
11.0
 40
12.0
 40
12.0
 40
12.0
 40
12.0
 10
385.538441849192
 20
227.5213822866756
 30
0.0
 10
385.538441849192
 20
227.521790920776
 30
0.0
 10
385.5379375527414
 20
227.5219819293041
 30
0.0
 10
385.5374783238411
 20
227.5221402150546
 30
0.0
 10
385.5363635484038
 20
227.5225244527778
 30
0.0
 10
385.5355143437608
 20
227.5227158640882
 30
0.0
 10
385.5345988179871
 20
227.5228913824771
 30
0.0
 10
385.5331141740941
 20
227.5231760083299
 30
0.0
 10
385.5314551266322
 20
227.5234188408344
 30
0.0
 10
385.5298295660993
 20
227.5236277262385
 30
0.0
 10
385.5275893197605
 20
227.5239155990993
 30
0.0
 10
385.5254126739294
 20
227.5241389974674
 30
0.0
 10
385.5232175115498
 20
227.5243423745905
 30
0.0
 10
385.5204384421135
 20
227.5245998494587
 30
0.0
 10
385.5176296952998
 20
227.5248252352996
 30
0.0
 10
385.5148259287604
 20
227.5250285986191
 30
0.0
 10
385.5114587558945
 20
227.5252728270314
 30
0.0
 10
385.5080987659382
 20
227.5254852929815
 30
0.0
 10
385.5047354335801
 20
227.5256796985598
 30
0.0
 10
385.500841256291
 20
227.5259047877592
 30
0.0
 10
385.4969425982543
 20
227.5261056656333
 30
0.0
 10
385.4930439157637
 20
227.5262894107033
 30
0.0
 10
385.4886504872441
 20
227.526496473174
 30
0.0
 10
385.4842570276714
 20
227.5266817786032
 30
0.0
 10
385.4798628250613
 20
227.5268518451209
 30
0.0
 10
385.4697634180231
 20
227.5272427171715
 30
0.0
 10
385.4596600859615
 20
227.5275530911392
 30
0.0
 10
385.4495557873664
 20
227.5278138112406
 30
0.0
 10
385.4380309451791
 20
227.5281111854722
 30
0.0
 10
385.4265048455883
 20
227.5283439629486
 30
0.0
 10
385.4149779213867
 20
227.5285286189502
 30
0.0
 10
385.4024730574199
 20
227.5287289410956
 30
0.0
 10
385.3899672229872
 20
227.5288726301841
 30
0.0
 10
385.3774610505121
 20
227.5289687991986
 30
0.0
 10
385.3644548800587
 20
227.5290688130595
 30
0.0
 10
385.3514483439915
 20
227.5291174311761
 30
0.0
 10
385.338441849192
 20
227.5291174311761
 30
0.0
  0
SPLINE
  5
652
330
70
100
AcDbEntity
  8
03_AXES
 62
     7
370
    25
100
AcDbSpline
210
0.0
220
0.0
230
1.0
 70
     8
 71
     3
 72
    32
 73
    28
 74
     0
 42
0.0000000001
 43
0.0000000001
 40
0.0
 40
0.0
 40
0.0
 40
0.0
 40
1.0
 40
1.0
 40
1.0
 40
2.0
 40
2.0
 40
2.0
 40
3.0
 40
3.0
 40
3.0
 40
4.0
 40
4.0
 40
4.0
 40
5.0
 40
5.0
 40
5.0
 40
6.0
 40
6.0
 40
6.0
 40
7.0
 40
7.0
 40
7.0
 40
8.0
 40
8.0
 40
8.0
 40
9.0
 40
9.0
 40
9.0
 40
9.0
 10
385.538441849192
 20
240.4738505865762
 30
0.0
 10
385.538441849192
 20
240.4745993004759
 30
0.0
 10
385.538000792475
 20
240.4753037601211
 30
0.0
 10
385.5374783238379
 20
240.4758795695353
 30
0.0
 10
385.536661372331
 20
240.4767799266769
 30
0.0
 10
385.5356453717769
 20
240.4773657389008
 30
0.0
 10
385.534598818023
 20
240.4778904533396
 30
0.0
 10
385.5330610696503
 20
240.4786614398005
 30
0.0
 10
385.531457357703
 20
240.479300517715
 30
0.0
 10
385.5298295661224
 20
240.4798616540247
 30
0.0
 10
385.527658384503
 20
240.4806101090823
 30
0.0
 10
385.5254443633631
 20
240.4812199000323
 30
0.0
 10
385.5232175115363
 20
240.4817747758505
 30
0.0
 10
385.5171271061319
 20
240.4832923526583
 30
0.0
 10
385.510940725379
 20
240.4843991565631
 30
0.0
 10
385.5047354336
 20
240.485354807435
 30
0.0
 10
385.4964719505172
 20
240.4866274316892
 30
0.0
 10
385.4881749309951
 20
240.4876320041399
 30
0.0
 10
385.4798628250793
 20
240.4884926572784
 30
0.0
 10
385.469778041689
 20
240.4895368572153
 30
0.0
 10
385.4596710509643
 20
240.4903692063626
 30
0.0
 10
385.4495557873285
 20
240.4910678515971
 30
0.0
 10
385.4380389361379
 20
240.4918633022629
 30
0.0
 10
385.426511360586
 20
240.4924854295221
 30
0.0
 10
385.4149779213334
 20
240.49298140007
 30
0.0
 10
385.3894829285608
 20
240.4940777569545
 30
0.0
 10
385.3639592831919
 20
240.4945576572756
 30
0.0
 10
385.338441849192
 20
240.4945576572756
 30
0.0
  0
SPLINE
  5
653
330
70
100
AcDbEntity
  8
03_AXES
 62
     7
370
    25
100
AcDbSpline
210
0.0
220
0.0
230
1.0
 70
     8
 71
     3
 72
    41
 73
    37
 74
     0
 42
0.0000000001
 43
0.0000000001
 40
0.0
 40
0.0
 40
0.0
 40
0.0
 40
1.0
 40
1.0
 40
1.0
 40
2.0
 40
2.0
 40
2.0
 40
3.0
 40
3.0
 40
3.0
 40
4.0
 40
4.0
 40
4.0
 40
5.0
 40
5.0
 40
5.0
 40
6.0
 40
6.0
 40
6.0
 40
7.0
 40
7.0
 40
7.0
 40
8.0
 40
8.0
 40
8.0
 40
9.0
 40
9.0
 40
9.0
 40
10.0
 40
10.0
 40
10.0
 40
11.0
 40
11.0
 40
11.0
 40
12.0
 40
12.0
 40
12.0
 40
12.0
 10
385.538441849192
 20
244.7873642546765
 30
0.0
 10
385.538441849192
 20
244.787757735876
 30
0.0
 10
385.5379355418427
 20
244.7879144483813
 30
0.0
 10
385.5374791117051
 20
244.7880473240735
 30
0.0
 10
385.5363356692513
 20
244.7883802024156
 30
0.0
 10
385.5355052540573
 20
244.7885634819329
 30
0.0
 10
385.5346010022529
 20
244.788726810492
 30
0.0
 10
385.5331294995478
 20
244.7889925975388
 30
0.0
 10
385.5314624660707
 20
244.789205551363
 30
0.0
 10
385.52983473748
 20
244.7893911933152
 30
0.0
 10
385.5275886895908
 20
244.7896473543965
 30
0.0
 10
385.5254174794281
 20
244.7898515128241
 30
0.0
 10
385.523225738005
 20
244.7900361594639
 30
0.0
 10
385.5204497396492
 20
244.7902700277306
 30
0.0
 10
385.5176408049499
 20
244.7904725950963
 30
0.0
 10
385.5148380550152
 20
244.7906557953407
 30
0.0
 10
385.511471002156
 20
244.7908758809432
 30
0.0
 10
385.5081128752451
 20
244.7910680156178
 30
0.0
 10
385.504751260535
 20
244.7912436376443
 30
0.0
 10
385.5008581116956
 20
244.7914470287963
 30
0.0
 10
385.4969602848844
 20
244.7916282725426
 30
0.0
 10
385.4930626905454
 20
244.7917941333577
 30
0.0
 10
385.4886700795504
 20
244.7919810594402
 30
0.0
 10
385.4842777638287
 20
244.7921484470178
 30
0.0
 10
385.4798847884398
 20
244.7923020434761
 30
0.0
 10
385.4697855265564
 20
244.7926551551414
 30
0.0
 10
385.4596827781985
 20
244.7929353779307
 30
0.0
 10
385.4495793129528
 20
244.7931708118673
 30
0.0
 10
385.4380530639058
 20
244.793439399933
 30
0.0
 10
385.4265258818484
 20
244.7936496964988
 30
0.0
 10
385.4149980029288
 20
244.7938164793147
 30
0.0
 10
385.4024901828715
 20
244.7939974397029
 30
0.0
 10
385.389981542441
 20
244.7941271740318
 30
0.0
 10
385.3774726343618
 20
244.7942141027791
 30
0.0
 10
385.3644625559394
 20
244.7943045143326
 30
0.0
 10
385.3514521879914
 20
244.7943486215764
 30
0.0
 10
385.338441849192
 20
244.7943484085759
 30
0.0
  0
SPLINE
  5
654
330
70
100
AcDbEntity
  8
03_AXES
 62
     7
370
    25
100
AcDbSpline
210
0.0
220
0.0
230
1.0
 70
     8
 71
     3
 72
    35
 73
    31
 74
     0
 42
0.0000000001
 43
0.0000000001
 40
0.0
 40
0.0
 40
0.0
 40
0.0
 40
1.0
 40
1.0
 40
1.0
 40
2.0
 40
2.0
 40
2.0
 40
3.0
 40
3.0
 40
3.0
 40
4.0
 40
4.0
 40
4.0
 40
5.0
 40
5.0
 40
5.0
 40
6.0
 40
6.0
 40
6.0
 40
7.0
 40
7.0
 40
7.0
 40
8.0
 40
8.0
 40
8.0
 40
9.0
 40
9.0
 40
9.0
 40
10.0
 40
10.0
 40
10.0
 40
10.0
 10
385.538441849192
 20
260.4164264908758
 30
0.0
 10
385.538441849192
 20
260.4169839813764
 30
0.0
 10
385.5379652026836
 20
260.4174349638434
 30
0.0
 10
385.5374785276865
 20
260.4177936676085
 30
0.0
 10
385.5365524422578
 20
260.4184762387948
 30
0.0
 10
385.535590044048
 20
260.4188246722566
 30
0.0
 10
385.5345987234481
 20
260.4191483413679
 30
0.0
 10
385.5330567365731
 20
260.419651804648
 30
0.0
 10
385.5314447707725
 20
260.4200953495523
 30
0.0
 10
385.5298298176421
 20
260.4204763679722
 30
0.0
 10
385.5276320753917
 20
260.4209948847417
 30
0.0
 10
385.5254288007003
 20
260.4213976044124
 30
0.0
 10
385.5232174810736
 20
260.4217653869791
 30
0.0
 10
385.517099459576
 20
260.4227829249325
 30
0.0
 10
385.5109198578215
 20
260.4235330355094
 30
0.0
 10
385.5047355983677
 20
260.4241774126593
 30
0.0
 10
385.4964532227342
 20
260.4250404058181
 30
0.0
 10
385.4881624928798
 20
260.4257137516382
 30
0.0
 10
385.4798632054432
 20
260.4262915460354
 30
0.0
 10
385.4697702498809
 20
260.4269942151766
 30
0.0
 10
385.4596646380352
 20
260.4275555680156
 30
0.0
 10
385.4495558625357
 20
260.4280265564339
 30
0.0
 10
385.4380335597594
 20
260.4285634039646
 30
0.0
 10
385.4265071467127
 20
260.4289828485666
 30
0.0
 10
385.4149780580808
 20
260.4293157874235
 30
0.0
 10
385.4024748951183
 20
260.4296768557539
 30
0.0
 10
385.3899685853599
 20
260.4299361833696
 30
0.0
 10
385.3774611732608
 20
260.4301097027454
 30
0.0
 10
385.3644554813371
 20
260.4302901349189
 30
0.0
 10
385.3514485974915
 20
260.4303777856765
 30
0.0
 10
385.338441849192
 20
260.4303777856765
 30
0.0
  0
SPLINE
  5
655
330
70
100
AcDbEntity
  8
03_AXES
 62
     7
370
    25
100
AcDbSpline
210
0.0
220
0.0
230
1.0
 70
     8
 71
     3
 72
    11
 73
     7
 74
     0
 42
0.0000000001
 43
0.0000000001
 40
0.0
 40
0.0
 40
0.0
 40
0.0
 40
1.0
 40
1.0
 40
1.0
 40
2.0
 40
2.0
 40
2.0
 40
2.0
 10
385.0384418491917
 20
225.5233953618756
 30
0.0
 10
385.0384418491917
 20
225.5343006059765
 30
0.0
 10
385.0386409710153
 20
225.545203890965
 30
0.0
 10
385.0390560263317
 20
225.5561053285636
 30
0.0
 10
385.040254972993
 20
225.5875956907228
 30
0.0
 10
385.0432557245919
 20
225.6190706377759
 30
0.0
 10
385.0484418491916
 20
225.650142162476
 30
0.0
  0
SPLINE
  5
656
330
70
100
AcDbEntity
  8
03_AXES
 62
     7
370
    25
100
AcDbSpline
210
0.0
220
0.0
230
1.0
 70
     8
 71
     3
 72
    11
 73
     7
 74
     0
 42
0.0000000001
 43
0.0000000001
 40
0.0
 40
0.0
 40
0.0
 40
0.0
 40
1.0
 40
1.0
 40
1.0
 40
2.0
 40
2.0
 40
2.0
 40
2.0
 10
385.0484418491916
 20
213.9455388086756
 30
0.0
 10
385.0467426417917
 20
213.955719235776
 30
0.0
 10
385.0452782393863
 20
213.9659384545484
 30
0.0
 10
385.0440349631382
 20
213.9761873807926
 30
0.0
 10
385.0401698394514
 20
214.0080494610432
 30
0.0
 10
385.0384418491917
 20
214.0401986571758
 30
0.0
 10
385.0384418491917
 20
214.0722856091759
 30
0.0
  0
SPLINE
  5
657
330
70
100
AcDbEntity
  8
03_AXES
 62
     7
370
    25
100
AcDbSpline
210
0.0
220
0.0
230
1.0
 70
     8
 71
     3
 72
    29
 73
    25
 74
     0
 42
0.0000000001
 43
0.0000000001
 40
0.0
 40
0.0
 40
0.0
 40
0.0
 40
1.0
 40
1.0
 40
1.0
 40
2.0
 40
2.0
 40
2.0
 40
3.0
 40
3.0
 40
3.0
 40
4.0
 40
4.0
 40
4.0
 40
5.0
 40
5.0
 40
5.0
 40
6.0
 40
6.0
 40
6.0
 40
7.0
 40
7.0
 40
7.0
 40
8.0
 40
8.0
 40
8.0
 40
8.0
 10
376.043249119892
 20
176.9905501927761
 30
0.0
 10
376.0429720183917
 20
176.9528718985758
 30
0.0
 10
376.0463409026946
 20
176.9150601472898
 30
0.0
 10
376.0533755233923
 20
176.8779667494613
 30
0.0
 10
376.0600992292664
 20
176.842512798556
 30
0.0
 10
376.0701717973186
 20
176.8077151050754
 30
0.0
 10
376.083572054543
 20
176.7742304306432
 30
0.0
 10
376.096019878235
 20
176.7431257050585
 30
0.0
 10
376.1113391656951
 20
176.7131539839182
 30
0.0
 10
376.1294737227208
 20
176.6849795584821
 30
0.0
 10
376.1461706329666
 20
176.6590387068756
 30
0.0
 10
376.1652541359121
 20
176.634621479457
 30
0.0
 10
376.1865820755797
 20
176.6123327050711
 30
0.0
 10
376.2063201828395
 20
176.5917053858641
 30
0.0
 10
376.2279805874533
 20
176.5729010272216
 30
0.0
 10
376.2513187859462
 20
176.5564532569616
 30
0.0
 10
376.273210640209
 20
176.5410248086348
 30
0.0
 10
376.2965787755183
 20
176.5276699086775
 30
0.0
 10
376.321060213237
 20
176.5168160120466
 30
0.0
 10
376.3444520189
 20
176.506445206068
 30
0.0
 10
376.3688602295936
 20
176.4983577261096
 30
0.0
 10
376.3938614256995
 20
176.4928392182963
 30
0.0
 10
376.4182691238584
 20
176.4874517131378
 30
0.0
 10
376.4432419880919
 20
176.4845126592762
 30
0.0
 10
376.4681819373915
 20
176.484135810376
 30
0.0
  0
SPLINE
  5
658
330
70
100
AcDbEntity
  8
03_AXES
 62
     7
370
    25
100
AcDbSpline
210
0.0
220
0.0
230
1.0
 70
     8
 71
     3
 72
    71
 73
    67
 74
     0
 42
0.0000000001
 43
0.0000000001
 40
0.0
 40
0.0
 40
0.0
 40
0.0
 40
1.0
 40
1.0
 40
1.0
 40
2.0
 40
2.0
 40
2.0
 40
3.0
 40
3.0
 40
3.0
 40
4.0
 40
4.0
 40
4.0
 40
5.0
 40
5.0
 40
5.0
 40
6.0
 40
6.0
 40
6.0
 40
7.0
 40
7.0
 40
7.0
 40
8.0
 40
8.0
 40
8.0
 40
9.0
 40
9.0
 40
9.0
 40
10.0
 40
10.0
 40
10.0
 40
11.0
 40
11.0
 40
11.0
 40
12.0
 40
12.0
 40
12.0
 40
13.0
 40
13.0
 40
13.0
 40
14.0
 40
14.0
 40
14.0
 40
15.0
 40
15.0
 40
15.0
 40
16.0
 40
16.0
 40
16.0
 40
17.0
 40
17.0
 40
17.0
 40
18.0
 40
18.0
 40
18.0
 40
19.0
 40
19.0
 40
19.0
 40
20.0
 40
20.0
 40
20.0
 40
21.0
 40
21.0
 40
21.0
 40
22.0
 40
22.0
 40
22.0
 40
22.0
 10
376.838441849192
 20
250.4432371609764
 30
0.0
 10
376.8994665362915
 20
250.4431366960762
 30
0.0
 10
376.9605082344905
 20
250.4447398338196
 30
0.0
 10
377.0214527679294
 20
250.4480544611546
 30
0.0
 10
377.0812668417779
 20
250.4513076054969
 30
0.0
 10
377.1409873220522
 20
250.4562093354852
 30
0.0
 10
377.2005253318794
 20
250.4627978618886
 30
0.0
 10
377.2572946474895
 20
250.469080002254
 30
0.0
 10
377.3138980688905
 20
250.4768957046938
 30
0.0
 10
377.3702234656012
 20
250.4863366352319
 30
0.0
 10
377.3966972080196
 20
250.4907740076758
 30
0.0
 10
377.4231095310435
 20
250.4955704148667
 30
0.0
 10
377.4494477183862
 20
250.5007472441011
 30
0.0
 10
377.4742098298283
 20
250.505614292116
 30
0.0
 10
377.4989064126727
 20
250.5108175955214
 30
0.0
 10
377.5235203566966
 20
250.5163865692333
 30
0.0
 10
377.5461495956401
 20
250.5215064978665
 30
0.0
 10
377.5687089853589
 20
250.5269355038451
 30
0.0
 10
377.5911786627952
 20
250.5327171059834
 30
0.0
 10
377.6111977406919
 20
250.5378681520499
 30
0.0
 10
377.6311456077061
 20
250.5432990782308
 30
0.0
 10
377.6509905498071
 20
250.5490823832413
 30
0.0
 10
377.6598391352958
 20
250.551661079039
 30
0.0
 10
377.6686672578204
 20
250.5543098328537
 30
0.0
 10
377.677469416621
 20
250.5570427731096
 30
0.0
 10
377.6854690795903
 20
250.5595265502658
 30
0.0
 10
377.6934472972684
 20
250.5620798630106
 30
0.0
 10
377.7013968576299
 20
250.5647194372338
 30
0.0
 10
377.7084818876766
 20
250.5670719525716
 30
0.0
 10
377.715544154556
 20
250.5694929873912
 30
0.0
 10
377.7225739823003
 20
250.5720069300877
 30
0.0
 10
377.7286829433393
 20
250.5741915608565
 30
0.0
 10
377.7347674072812
 20
250.5764463529667
 30
0.0
 10
377.7408116637736
 20
250.5788013607251
 30
0.0
 10
377.7458873467543
 20
250.580778985734
 30
0.0
 10
377.7509346760357
 20
250.5828272813386
 30
0.0
 10
377.7559331999297
 20
250.5850019503895
 30
0.0
 10
377.7599317809999
 20
250.5867415820664
 30
0.0
 10
377.7638991303417
 20
250.5885620831204
 30
0.0
 10
377.7677869500662
 20
250.590517155066
 30
0.0
 10
377.7706719516439
 20
250.5919679388075
 30
0.0
 10
377.7735131598117
 20
250.593492824733
 30
0.0
 10
377.7762468926198
 20
250.5952660785057
 30
0.0
 10
377.7772567424515
 20
250.5959211242434
 30
0.0
 10
377.7782519263267
 20
250.5966100619525
 30
0.0
 10
377.7791750556257
 20
250.5973324175354
 30
0.0
 10
377.7798862371331
 20
250.5978889223863
 30
0.0
 10
377.7805546527609
 20
250.5984652614357
 30
0.0
 10
377.7812232609471
 20
250.5991838959598
 30
0.0
 10
377.7820384115397
 20
250.6000600374287
 30
0.0
 10
377.7828538483488
 20
250.6011476852457
 30
0.0
 10
377.782666433291
 20
250.6022249759273
 30
0.0
 10
377.7825923861392
 20
250.6026506103833
 30
0.0
 10
377.7823617920642
 20
250.6030746280727
 30
0.0
 10
377.782057295375
 20
250.6034072307146
 30
0.0
 10
377.7816516157738
 20
250.6038503557527
 30
0.0
 10
377.7811147581767
 20
250.6041312180233
 30
0.0
 10
377.7805649726438
 20
250.6043625158072
 30
0.0
 10
377.7797956266691
 20
250.6046861838719
 30
0.0
 10
377.7790009652284
 20
250.6049127948227
 30
0.0
 10
377.778194900179
 20
250.6050910146856
 30
0.0
 10
377.7771285424063
 20
250.6053267849078
 30
0.0
 10
377.7760422270478
 20
250.6054778653335
 30
0.0
 10
377.7749534173608
 20
250.605593403132
 30
0.0
 10
377.7719471555296
 20
250.60591240918
 30
0.0
 10
377.7689218783917
 20
250.6059604589764
 30
0.0
 10
377.765903071092
 20
250.6059342608765
 30
0.0
  0
SPLINE
  5
659
330
70
100
AcDbEntity
  8
03_AXES
 62
     7
370
    25
100
AcDbSpline
210
0.0
220
0.0
230
1.0
 70
     8
 71
     3
 72
    11
 73
     7
 74
     0
 42
0.0000000001
 43
0.0000000001
 40
0.0
 40
0.0
 40
0.0
 40
0.0
 40
1.0
 40
1.0
 40
1.0
 40
2.0
 40
2.0
 40
2.0
 40
2.0
 10
376.838441849192
 20
250.3831266627759
 30
0.0
 10
376.8591743533916
 20
250.3836471748765
 30
0.0
 10
376.8799174290829
 20
250.383563232712
 30
0.0
 10
376.9006580368499
 20
250.3834657049151
 30
0.0
 10
376.9200898684652
 20
250.3833743313278
 30
0.0
 10
376.9395195337918
 20
250.3832710325761
 30
0.0
 10
376.9589491135915
 20
250.3834451745758
 30
0.0
  0
SPLINE
  5
65A
330
70
100
AcDbEntity
  8
03_AXES
 62
     7
370
    25
100
AcDbSpline
210
0.0
220
0.0
230
1.0
 70
     8
 71
     3
 72
    59
 73
    55
 74
     0
 42
0.0000000001
 43
0.0000000001
 40
0.0
 40
0.0
 40
0.0
 40
0.0
 40
1.0
 40
1.0
 40
1.0
 40
2.0
 40
2.0
 40
2.0
 40
3.0
 40
3.0
 40
3.0
 40
4.0
 40
4.0
 40
4.0
 40
5.0
 40
5.0
 40
5.0
 40
6.0
 40
6.0
 40
6.0
 40
7.0
 40
7.0
 40
7.0
 40
8.0
 40
8.0
 40
8.0
 40
9.0
 40
9.0
 40
9.0
 40
10.0
 40
10.0
 40
10.0
 40
11.0
 40
11.0
 40
11.0
 40
12.0
 40
12.0
 40
12.0
 40
13.0
 40
13.0
 40
13.0
 40
14.0
 40
14.0
 40
14.0
 40
15.0
 40
15.0
 40
15.0
 40
16.0
 40
16.0
 40
16.0
 40
17.0
 40
17.0
 40
17.0
 40
18.0
 40
18.0
 40
18.0
 40
18.0
 10
385.338441849192
 20
213.3428574793764
 30
0.0
 10
385.3459728101917
 20
213.3237690667761
 30
0.0
 10
385.3536327779223
 20
213.3047312356501
 30
0.0
 10
385.3614597055265
 20
213.2857617343641
 30
0.0
 10
385.3692830403296
 20
213.2668009406639
 30
0.0
 10
385.3772731817621
 20
213.2479084140871
 30
0.0
 10
385.3855095008082
 20
213.2291236312072
 30
0.0
 10
385.3896106123944
 20
213.2197701214309
 30
0.0
 10
385.3937727598887
 20
213.2104433250273
 30
0.0
 10
385.3980138430929
 20
213.2011524408536
 30
0.0
 10
385.4022291715549
 20
213.1919179772478
 30
0.0
 10
385.406522479936
 20
213.1827189910283
 30
0.0
 10
385.4109191814313
 20
213.1735692663282
 30
0.0
 10
385.4152715897999
 20
213.1645117175254
 30
0.0
 10
385.419725318576
 20
213.1555024427017
 30
0.0
 10
385.4243219277485
 20
213.1465664029584
 30
0.0
 10
385.428842833196
 20
213.1377775350687
 30
0.0
 10
385.4335019514655
 20
213.1290595098373
 30
0.0
 10
385.4383685114157
 20
213.1204552232521
 30
0.0
 10
385.4431002047036
 20
213.1120893867065
 30
0.0
 10
385.4480280013514
 20
213.1038310720962
 30
0.0
 10
385.4532940510636
 20
213.0957919156267
 30
0.0
 10
385.4558399349267
 20
213.0919053669154
 30
0.0
 10
385.4584648773684
 20
213.0880700411877
 30
0.0
 10
385.4612016621215
 20
213.0843155094534
 30
0.0
 10
385.4638456556189
 20
213.0806882758973
 30
0.0
 10
385.4665940359232
 20
213.0771364505387
 30
0.0
 10
385.4694992664747
 20
213.073711741823
 30
0.0
 10
385.4722632387064
 20
213.0704535495295
 30
0.0
 10
385.4751691792292
 20
213.067310413048
 30
0.0
 10
385.4782858950926
 20
213.0643905578032
 30
0.0
 10
385.4811827125411
 20
213.0616767115646
 30
0.0
 10
385.4842616122485
 20
213.0591557510382
 30
0.0
 10
385.48767981172
 20
213.0570757793897
 30
0.0
 10
385.4907866380868
 20
213.0551852780267
 30
0.0
 10
385.4941737642077
 20
213.053659083059
 30
0.0
 10
385.4977475841538
 20
213.0531080646464
 30
0.0
 10
385.4994711655081
 20
213.052842319568
 30
0.0
 10
385.5012381706998
 20
213.0528033945644
 30
0.0
 10
385.5029662514025
 20
213.0530541680977
 30
0.0
 10
385.5047728930458
 20
213.0533163421428
 30
0.0
 10
385.5065369906318
 20
213.0538951536489
 30
0.0
 10
385.5081631741114
 20
213.0547161483501
 30
0.0
 10
385.5120410785905
 20
213.0566739465123
 30
0.0
 10
385.5151347163005
 20
213.060008951384
 30
0.0
 10
385.5176463266418
 20
213.0636246778716
 30
0.0
 10
385.5207963155688
 20
213.0681594172833
 30
0.0
 10
385.523030807474
 20
213.0731357163494
 30
0.0
 10
385.5249166849313
 20
213.0782338879449
 30
0.0
 10
385.5292063798911
 20
213.0898304001741
 30
0.0
 10
385.5316923459513
 20
213.1020574800839
 30
0.0
 10
385.5335355372401
 20
213.1143376726044
 30
0.0
 10
385.5374053897882
 20
213.1401204194112
 30
0.0
 10
385.538441849192
 20
213.166137290076
 30
0.0
 10
385.538441849192
 20
213.1921143969762
 30
0.0
  0
SPLINE
  5
65B
330
70
100
AcDbEntity
  8
03_AXES
 62
     7
370
    25
100
AcDbSpline
210
0.0
220
0.0
230
1.0
 70
     8
 71
     3
 72
    14
 73
    10
 74
     0
 42
0.0000000001
 43
0.0000000001
 40
0.0
 40
0.0
 40
0.0
 40
0.0
 40
1.0
 40
1.0
 40
1.0
 40
2.0
 40
2.0
 40
2.0
 40
3.0
 40
3.0
 40
3.0
 40
3.0
 10
385.0894323503915
 20
213.9154905838762
 30
0.0
 10
385.1052878238919
 20
213.878621333976
 30
0.0
 10
385.1217562440925
 20
213.8420178934377
 30
0.0
 10
385.1382894263903
 20
213.8054468433874
 30
0.0
 10
385.1584079955982
 20
213.7609449932164
 30
0.0
 10
385.1786224611781
 20
213.7164911052089
 30
0.0
 10
385.1986005795534
 20
213.6719236638104
 30
0.0
 10
385.2473549886091
 20
213.5631617059661
 30
0.0
 10
385.2947018305915
 20
213.4537234802758
 30
0.0
 10
385.338441849192
 20
213.3428574793764
 30
0.0
  0
SPLINE
  5
65C
330
70
100
AcDbEntity
  8
03_AXES
 62
     7
370
    25
100
AcDbSpline
210
0.0
220
0.0
230
1.0
 70
     8
 71
     3
 72
    11
 73
     7
 74
     0
 42
0.0000000001
 43
0.0000000001
 40
0.0
 40
0.0
 40
0.0
 40
0.0
 40
1.0
 40
1.0
 40
1.0
 40
2.0
 40
2.0
 40
2.0
 40
2.0
 10
385.0484418491916
 20
214.0584117251761
 30
0.0
 10
385.0504917437916
 20
214.0458743161765
 30
0.0
 10
385.0528810279125
 20
214.0333967852128
 30
0.0
 10
385.0556428147394
 20
214.020986542177
 30
0.0
 10
385.063670209597
 20
213.9849149959742
 30
0.0
 10
385.0748446162915
 20
213.9494119178758
 30
0.0
 10
385.0894323503915
 20
213.9154905838762
 30
0.0
  0
SPLINE
  5
65D
330
70
100
AcDbEntity
  8
03_AXES
 62
     7
370
    25
100
AcDbSpline
210
0.0
220
0.0
230
1.0
 70
     8
 71
     3
 72
    11
 73
     7
 74
     0
 42
0.0000000001
 43
0.0000000001
 40
0.0
 40
0.0
 40
0.0
 40
0.0
 40
1.0
 40
1.0
 40
1.0
 40
2.0
 40
2.0
 40
2.0
 40
2.0
 10
385.0894323503915
 20
225.680190387176
 30
0.0
 10
385.0846217847914
 20
225.6690042220756
 30
0.0
 10
385.080180875416
 20
225.6576602084291
 30
0.0
 10
385.0761051047835
 20
225.6461781686304
 30
0.0
 10
385.0635679472381
 20
225.610859168887
 30
0.0
 10
385.0544856986917
 20
225.574234178476
 30
0.0
 10
385.0484418491916
 20
225.5372692459761
 30
0.0
  0
SPLINE
  5
65E
330
70
100
AcDbEntity
  8
03_AXES
 62
     7
370
    25
100
AcDbSpline
210
0.0
220
0.0
230
1.0
 70
     8
 71
     3
 72
    14
 73
    10
 74
     0
 42
0.0000000001
 43
0.0000000001
 40
0.0
 40
0.0
 40
0.0
 40
0.0
 40
1.0
 40
1.0
 40
1.0
 40
2.0
 40
2.0
 40
2.0
 40
3.0
 40
3.0
 40
3.0
 40
3.0
 10
385.338441849192
 20
226.252823491776
 30
0.0
 10
385.2947018271917
 20
226.1419574822757
 30
0.0
 10
385.2473549817051
 20
226.0325192479469
 30
0.0
 10
385.1986005683416
 20
225.9237572819319
 30
0.0
 10
385.1786224505086
 20
225.8791898423314
 30
0.0
 10
385.1584079853907
 20
225.8347359561746
 30
0.0
 10
385.1382894170273
 20
225.790234107663
 30
0.0
 10
385.121756237841
 20
225.7536630643236
 30
0.0
 10
385.1052878209915
 20
225.7170596303762
 30
0.0
 10
385.0894323503915
 20
225.680190387176
 30
0.0
  0
SPLINE
  5
65F
330
70
100
AcDbEntity
  8
03_AXES
 62
     7
370
    25
100
AcDbSpline
210
0.0
220
0.0
230
1.0
 70
     8
 71
     3
 72
    59
 73
    55
 74
     0
 42
0.0000000001
 43
0.0000000001
 40
0.0
 40
0.0
 40
0.0
 40
0.0
 40
1.0
 40
1.0
 40
1.0
 40
2.0
 40
2.0
 40
2.0
 40
3.0
 40
3.0
 40
3.0
 40
4.0
 40
4.0
 40
4.0
 40
5.0
 40
5.0
 40
5.0
 40
6.0
 40
6.0
 40
6.0
 40
7.0
 40
7.0
 40
7.0
 40
8.0
 40
8.0
 40
8.0
 40
9.0
 40
9.0
 40
9.0
 40
10.0
 40
10.0
 40
10.0
 40
11.0
 40
11.0
 40
11.0
 40
12.0
 40
12.0
 40
12.0
 40
13.0
 40
13.0
 40
13.0
 40
14.0
 40
14.0
 40
14.0
 40
15.0
 40
15.0
 40
15.0
 40
16.0
 40
16.0
 40
16.0
 40
17.0
 40
17.0
 40
17.0
 40
18.0
 40
18.0
 40
18.0
 40
18.0
 10
385.538441849192
 20
226.4035665741761
 30
0.0
 10
385.538441849192
 20
226.429544266676
 30
0.0
 10
385.5374049864181
 20
226.455561149392
 30
0.0
 10
385.5335354097654
 20
226.4813450508868
 30
0.0
 10
385.5316922950005
 20
226.4936261590836
 30
0.0
 10
385.5292065212869
 20
226.5058544107358
 30
0.0
 10
385.5249155498837
 20
226.5174505917905
 30
0.0
 10
385.5230293833885
 20
226.5225478823859
 30
0.0
 10
385.5207944192185
 20
226.5275230452186
 30
0.0
 10
385.5176447555463
 20
226.5320579090545
 30
0.0
 10
385.5151331737138
 20
226.5356740670975
 30
0.0
 10
385.5120399646305
 20
226.5390102535277
 30
0.0
 10
385.5081616218786
 20
226.5409664581337
 30
0.0
 10
385.5065355970508
 20
226.5417866118594
 30
0.0
 10
385.5047715638066
 20
226.5423641965634
 30
0.0
 10
385.5029651842083
 20
226.5426261816846
 30
0.0
 10
385.5012371865195
 20
226.5428767988224
 30
0.0
 10
385.4994704377065
 20
226.542838610968
 30
0.0
 10
385.4977470998347
 20
226.5425732579138
 30
0.0
 10
385.4941737508071
 20
226.5420230471327
 30
0.0
 10
385.4907870437074
 20
226.5404961574346
 30
0.0
 10
385.4876805246842
 20
226.5386055771171
 30
0.0
 10
385.4842625725152
 20
226.5365254633148
 30
0.0
 10
385.4811838029546
 20
226.5340050826231
 30
0.0
 10
385.4782871269751
 20
226.5312916344491
 30
0.0
 10
385.4751703586458
 20
226.5283720157583
 30
0.0
 10
385.4722644064505
 20
226.5252288760619
 30
0.0
 10
385.4695004343733
 20
226.5219707192243
 30
0.0
 10
385.4665951552157
 20
226.5185459902873
 30
0.0
 10
385.4638467446393
 20
226.5149941831651
 30
0.0
 10
385.4612027161071
 20
226.5113669561723
 30
0.0
 10
385.4584659046278
 20
226.5076124443159
 30
0.0
 10
385.4558409295774
 20
226.5037771265215
 30
0.0
 10
385.4532950251403
 20
226.4998905804059
 30
0.0
 10
385.4480289139552
 20
226.4918514004316
 30
0.0
 10
385.4431011097495
 20
226.4835930379057
 30
0.0
 10
385.4383693713854
 20
226.4752271717982
 30
0.0
 10
385.4335027731663
 20
226.4666228691148
 30
0.0
 10
385.4288435762482
 20
226.4579048475776
 30
0.0
 10
385.4243226217043
 20
226.4491159674353
 30
0.0
 10
385.4197259496229
 20
226.4401798899794
 30
0.0
 10
385.4152721892944
 20
226.4311705605446
 30
0.0
 10
385.4109197520012
 20
226.4221129561731
 30
0.0
 10
385.4065230166743
 20
226.4129631657374
 30
0.0
 10
385.4022296773594
 20
226.403764112703
 30
0.0
 10
385.3980143167156
 20
226.3945295828039
 30
0.0
 10
385.3937732017395
 20
226.3852386332615
 30
0.0
 10
385.3896110211881
 20
226.375911772029
 30
0.0
 10
385.3855098741661
 20
226.3665581983587
 30
0.0
 10
385.3772734839504
 20
226.347773287148
 30
0.0
 10
385.3692832617556
 20
226.328880636011
 30
0.0
 10
385.3614598703879
 20
226.309919707769
 30
0.0
 10
385.3536328785298
 20
226.2909500533055
 30
0.0
 10
385.3459728710916
 20
226.2719120588762
 30
0.0
 10
385.338441849192
 20
226.252823491776
 30
0.0
  0
SPLINE
  5
660
330
70
100
AcDbEntity
  8
03_AXES
 62
     7
370
    25
100
AcDbSpline
210
0.0
220
0.0
230
1.0
 70
     8
 71
     3
 72
    32
 73
    28
 74
     0
 42
0.0000000001
 43
0.0000000001
 40
0.0
 40
0.0
 40
0.0
 40
0.0
 40
1.0
 40
1.0
 40
1.0
 40
2.0
 40
2.0
 40
2.0
 40
3.0
 40
3.0
 40
3.0
 40
4.0
 40
4.0
 40
4.0
 40
5.0
 40
5.0
 40
5.0
 40
6.0
 40
6.0
 40
6.0
 40
7.0
 40
7.0
 40
7.0
 40
8.0
 40
8.0
 40
8.0
 40
9.0
 40
9.0
 40
9.0
 40
9.0
 10
342.9659030710914
 20
250.6059342608765
 30
0.0
 10
342.9586646140919
 20
250.6058714433764
 30
0.0
 10
342.9514356140074
 20
250.6053438795597
 30
0.0
 10
342.9442221685146
 20
250.6046967979584
 30
0.0
 10
342.9342628579916
 20
250.603803398735
 30
0.0
 10
342.9243331979447
 20
250.602682172312
 30
0.0
 10
342.9144138380619
 20
250.6014683005806
 30
0.0
 10
342.9020027523566
 20
250.5999495063972
 30
0.0
 10
342.8896077915279
 20
250.5982856762561
 30
0.0
 10
342.8772202181194
 20
250.5965740704254
 30
0.0
 10
342.8626215227218
 20
250.5945569512251
 30
0.0
 10
342.848033087348
 20
250.5924734787168
 30
0.0
 10
342.8334454977651
 20
250.5903829590119
 30
0.0
 10
342.7987582421817
 20
250.5854119944182
 30
0.0
 10
342.7640757688862
 20
250.5804011834135
 30
0.0
 10
342.7293615313784
 20
250.5756174489181
 30
0.0
 10
342.688997205729
 20
250.5700551139549
 30
0.0
 10
342.6485899345222
 20
250.5647997888721
 30
0.0
 10
342.6081305525765
 20
250.5599718069621
 30
0.0
 10
342.5637297812898
 20
250.5546735025826
 30
0.0
 10
342.519266251905
 20
250.5498898568938
 30
0.0
 10
342.4747480664354
 20
250.5456969732425
 30
0.0
 10
342.4276352060912
 20
250.5412597137319
 30
0.0
 10
342.380461132904
 20
250.5374840863939
 30
0.0
 10
342.3332345420939
 20
250.5344146490393
 30
0.0
 10
342.2351111214024
 20
250.5280372314092
 30
0.0
 10
342.1367609872916
 20
250.5247083665764
 30
0.0
 10
342.0384418491914
 20
250.5245465039756
 30
0.0
  0
SPLINE
  5
661
330
70
100
AcDbEntity
  8
03_AXES
 62
     7
370
    25
100
AcDbSpline
210
0.0
220
0.0
230
1.0
 70
     8
 71
     3
 72
    20
 73
    16
 74
     0
 42
0.0000000001
 43
0.0000000001
 40
0.0
 40
0.0
 40
0.0
 40
0.0
 40
1.0
 40
1.0
 40
1.0
 40
2.0
 40
2.0
 40
2.0
 40
3.0
 40
3.0
 40
3.0
 40
4.0
 40
4.0
 40
4.0
 40
5.0
 40
5.0
 40
5.0
 40
5.0
 10
342.1589491135915
 20
250.3834451745758
 30
0.0
 10
342.2418308085919
 20
250.3841880203764
 30
0.0
 10
342.3247115364978
 20
250.387790340412
 30
0.0
 10
342.4073802279552
 20
250.3939962946893
 30
0.0
 10
342.4904381650275
 20
250.4002314697085
 30
0.0
 10
342.573282064204
 20
250.4090948551192
 30
0.0
 10
342.6557811684082
 20
250.4206409069145
 30
0.0
 10
342.8222578023537
 20
250.4439399215745
 30
0.0
 10
342.9873304300845
 20
250.478162762232
 30
0.0
 10
343.1493817442123
 20
250.523131162345
 30
0.0
 10
343.3146964747979
 20
250.5690051436176
 30
0.0
 10
343.4768669790615
 20
250.626061833908
 30
0.0
 10
343.6344146677587
 20
250.6940930648645
 30
0.0
 10
343.7952502981658
 20
250.7635440736911
 30
0.0
 10
343.9512681478918
 20
250.8444324693762
 30
0.0
 10
344.1002187843917
 20
250.9363036406762
 30
0.0
  0
SPLINE
  5
662
330
70
100
AcDbEntity
  8
03_AXES
 62
     7
370
    25
100
AcDbSpline
210
0.0
220
0.0
230
1.0
 70
     8
 71
     3
 72
    35
 73
    31
 74
     0
 42
0.0000000001
 43
0.0000000001
 40
0.0
 40
0.0
 40
0.0
 40
0.0
 40
1.0
 40
1.0
 40
1.0
 40
2.0
 40
2.0
 40
2.0
 40
3.0
 40
3.0
 40
3.0
 40
4.0
 40
4.0
 40
4.0
 40
5.0
 40
5.0
 40
5.0
 40
6.0
 40
6.0
 40
6.0
 40
7.0
 40
7.0
 40
7.0
 40
8.0
 40
8.0
 40
8.0
 40
9.0
 40
9.0
 40
9.0
 40
10.0
 40
10.0
 40
10.0
 40
10.0
 10
350.7384418491914
 20
179.1792544801763
 30
0.0
 10
350.7384418491914
 20
179.1786969891759
 30
0.0
 10
350.737965201232
 20
179.1782460068905
 30
0.0
 10
350.7374785252898
 20
179.177887303076
 30
0.0
 10
350.7365524407286
 20
179.1772047337608
 30
0.0
 10
350.7355900454258
 20
179.1768562994084
 30
0.0
 10
350.7345987272207
 20
179.1765326300981
 30
0.0
 10
350.7330567431429
 20
179.1760291662052
 30
0.0
 10
350.7314447788137
 20
179.1755856224367
 30
0.0
 10
350.729829827403
 20
179.1752046048934
 30
0.0
 10
350.7276320777314
 20
179.1746860870138
 30
0.0
 10
350.7254287960275
 20
179.1742833667841
 30
0.0
 10
350.7232174693408
 20
179.173915583493
 30
0.0
 10
350.7170994557829
 20
179.1728980481025
 30
0.0
 10
350.7109198621537
 20
179.1721479364206
 30
0.0
 10
350.7047356107577
 20
179.1715035591809
 30
0.0
 10
350.696453231091
 20
179.1706405643562
 30
0.0
 10
350.6881624970548
 20
179.1699672193697
 30
0.0
 10
350.6798632054683
 20
179.1693894250534
 30
0.0
 10
350.6697702464716
 20
179.1686867561226
 30
0.0
 10
350.6596646312429
 20
179.1681254023365
 30
0.0
 10
350.6495558523333
 20
179.1676544137674
 30
0.0
 10
350.638033556121
 20
179.1671175665524
 30
0.0
 10
350.6265071496101
 20
179.1666981230875
 30
0.0
 10
350.6149780675465
 20
179.1663651845206
 30
0.0
 10
350.602474899718
 20
179.1660041161587
 30
0.0
 10
350.5899685851251
 20
179.1657447877095
 30
0.0
 10
350.5774611681677
 20
179.1655712681124
 30
0.0
 10
350.5644554779528
 20
179.1653908358034
 30
0.0
 10
350.5514485957917
 20
179.1653031854758
 30
0.0
 10
350.538441849192
 20
179.1653031854758
 30
0.0
  0
SPLINE
  5
663
330
70
100
AcDbEntity
  8
03_AXES
 62
     7
370
    25
100
AcDbSpline
210
0.0
220
0.0
230
1.0
 70
     8
 71
     3
 72
    41
 73
    37
 74
     0
 42
0.0000000001
 43
0.0000000001
 40
0.0
 40
0.0
 40
0.0
 40
0.0
 40
1.0
 40
1.0
 40
1.0
 40
2.0
 40
2.0
 40
2.0
 40
3.0
 40
3.0
 40
3.0
 40
4.0
 40
4.0
 40
4.0
 40
5.0
 40
5.0
 40
5.0
 40
6.0
 40
6.0
 40
6.0
 40
7.0
 40
7.0
 40
7.0
 40
8.0
 40
8.0
 40
8.0
 40
9.0
 40
9.0
 40
9.0
 40
10.0
 40
10.0
 40
10.0
 40
11.0
 40
11.0
 40
11.0
 40
12.0
 40
12.0
 40
12.0
 40
12.0
 10
350.7384418491914
 20
194.808316716376
 30
0.0
 10
350.7384418491914
 20
194.8079227923762
 30
0.0
 10
350.7379356502636
 20
194.80776482264
 30
0.0
 10
350.7374791093097
 20
194.8076313572864
 30
0.0
 10
350.7363369456196
 20
194.8072974567255
 30
0.0
 10
350.735505585654
 20
194.8071169263639
 30
0.0
 10
350.7346010059813
 20
194.8069549018371
 30
0.0
 10
350.7331285995098
 20
194.8066911705495
 30
0.0
 10
350.731462198379
 20
194.8064764702301
 30
0.0
 10
350.7298347472345
 20
194.8062899725933
 30
0.0
 10
350.7275890942348
 20
194.8060326321639
 30
0.0
 10
350.7254176024251
 20
194.805828989944
 30
0.0
 10
350.723225726219
 20
194.8056446066587
 30
0.0
 10
350.7204495869557
 20
194.8054110744563
 30
0.0
 10
350.7176407476494
 20
194.8052084368634
 30
0.0
 10
350.7148380397402
 20
194.8050252090102
 30
0.0
 10
350.7114710409609
 20
194.8048050904754
 30
0.0
 10
350.70811289109
 20
194.8046129843165
 30
0.0
 10
350.7047512730624
 20
194.8044373636405
 30
0.0
 10
350.700858111518
 20
194.8042339735901
 30
0.0
 10
350.6969602983262
 20
194.8040526946112
 30
0.0
 10
350.6930627104702
 20
194.8038868229078
 30
0.0
 10
350.6886700982907
 20
194.8036998841925
 30
0.0
 10
350.684277772321
 20
194.8035325149774
 30
0.0
 10
350.6798847883032
 20
194.8033789275401
 30
0.0
 10
350.6697855181516
 20
194.8030258370175
 30
0.0
 10
350.6596827700906
 20
194.8027455858295
 30
0.0
 10
350.6495793028243
 20
194.8025101558776
 30
0.0
 10
350.6380530619423
 20
194.8022415726015
 30
0.0
 10
350.6265258850358
 20
194.802031322866
 30
0.0
 10
350.6149980123644
 20
194.8018645047254
 30
0.0
 10
350.6024901868096
 20
194.8016835058315
 30
0.0
 10
350.5899815421722
 20
194.8015536363819
 30
0.0
 10
350.5774726292462
 20
194.8014668219166
 30
0.0
 10
350.5644625528272
 20
194.801376529272
 30
0.0
 10
350.5514521861915
 20
194.8013328106761
 30
0.0
 10
350.538441849192
 20
194.8013325624762
 30
0.0
  0
SPLINE
  5
664
330
70
100
AcDbEntity
  8
03_AXES
 62
     7
370
    25
100
AcDbSpline
210
0.0
220
0.0
230
1.0
 70
     8
 71
     3
 72
    32
 73
    28
 74
     0
 42
0.0000000001
 43
0.0000000001
 40
0.0
 40
0.0
 40
0.0
 40
0.0
 40
1.0
 40
1.0
 40
1.0
 40
2.0
 40
2.0
 40
2.0
 40
3.0
 40
3.0
 40
3.0
 40
4.0
 40
4.0
 40
4.0
 40
5.0
 40
5.0
 40
5.0
 40
6.0
 40
6.0
 40
6.0
 40
7.0
 40
7.0
 40
7.0
 40
8.0
 40
8.0
 40
8.0
 40
9.0
 40
9.0
 40
9.0
 40
9.0
 10
350.7384418491914
 20
199.1213847893759
 30
0.0
 10
350.7384418491914
 20
199.1206344857759
 30
0.0
 10
350.7380012279808
 20
199.1199279951436
 30
0.0
 10
350.7374785252789
 20
199.1193504330338
 30
0.0
 10
350.7366622361934
 20
199.1184484716625
 30
0.0
 10
350.7356457657057
 20
199.1178609428398
 30
0.0
 10
350.7345987271585
 20
199.1173346828169
 30
0.0
 10
350.7330611307562
 20
199.1165618597723
 30
0.0
 10
350.7314576128291
 20
199.1159211659063
 30
0.0
 10
350.7298298273575
 20
199.1153585844896
 30
0.0
 10
350.727658779445
 20
199.1146082453138
 30
0.0
 10
350.725444562698
 20
199.1139968581176
 30
0.0
 10
350.7232174693209
 20
199.1134405236725
 30
0.0
 10
350.7171273890281
 20
199.1119192037854
 30
0.0
 10
350.7109410209026
 20
199.1108095529361
 30
0.0
 10
350.7047356107642
 20
199.1098514371139
 30
0.0
 10
350.6964723692503
 20
199.108575591963
 30
0.0
 10
350.6881753622696
 20
199.1075684500763
 30
0.0
 10
350.679863205415
 20
199.1067056105594
 30
0.0
 10
350.6697783943932
 20
199.1056587615137
 30
0.0
 10
350.6596712827435
 20
199.1048243256805
 30
0.0
 10
350.6495558523134
 20
199.1041239178757
 30
0.0
 10
350.6380390770358
 20
199.1033264788196
 30
0.0
 10
350.6265115184338
 20
199.1027027753063
 30
0.0
 10
350.6149780675189
 20
199.1022055477668
 30
0.0
 10
350.5894831095867
 20
199.1011064148807
 30
0.0
 10
350.5639593593918
 20
199.100625295676
 30
0.0
 10
350.538441849192
 20
199.100625295676
 30
0.0
  0
SPLINE
  5
665
330
70
100
AcDbEntity
  8
03_AXES
 62
     7
370
    25
100
AcDbSpline
210
0.0
220
0.0
230
1.0
 70
     8
 71
     3
 72
    41
 73
    37
 74
     0
 42
0.0000000001
 43
0.0000000001
 40
0.0
 40
0.0
 40
0.0
 40
0.0
 40
1.0
 40
1.0
 40
1.0
 40
2.0
 40
2.0
 40
2.0
 40
3.0
 40
3.0
 40
3.0
 40
4.0
 40
4.0
 40
4.0
 40
5.0
 40
5.0
 40
5.0
 40
6.0
 40
6.0
 40
6.0
 40
7.0
 40
7.0
 40
7.0
 40
8.0
 40
8.0
 40
8.0
 40
9.0
 40
9.0
 40
9.0
 40
10.0
 40
10.0
 40
10.0
 40
11.0
 40
11.0
 40
11.0
 40
12.0
 40
12.0
 40
12.0
 40
12.0
 10
350.7384418491914
 20
227.5213822866756
 30
0.0
 10
350.7384418491914
 20
227.521790920776
 30
0.0
 10
350.7379375527415
 20
227.5219819293041
 30
0.0
 10
350.7374783238412
 20
227.5221402150546
 30
0.0
 10
350.7363635484039
 20
227.5225244527778
 30
0.0
 10
350.7355143437608
 20
227.5227158640882
 30
0.0
 10
350.7345988179871
 20
227.5228913824771
 30
0.0
 10
350.7331141740942
 20
227.5231760083299
 30
0.0
 10
350.7314551266323
 20
227.5234188408344
 30
0.0
 10
350.7298295660993
 20
227.5236277262385
 30
0.0
 10
350.7275893197606
 20
227.5239155990993
 30
0.0
 10
350.7254126739295
 20
227.5241389974674
 30
0.0
 10
350.7232175115498
 20
227.5243423745905
 30
0.0
 10
350.7204384421135
 20
227.5245998494587
 30
0.0
 10
350.7176296952998
 20
227.5248252352996
 30
0.0
 10
350.7148259287605
 20
227.5250285986191
 30
0.0
 10
350.7114587558939
 20
227.5252728270314
 30
0.0
 10
350.7080987659382
 20
227.5254852929815
 30
0.0
 10
350.7047354335802
 20
227.5256796985598
 30
0.0
 10
350.700841256291
 20
227.5259047877592
 30
0.0
 10
350.6969425982543
 20
227.5261056656333
 30
0.0
 10
350.6930439157637
 20
227.5262894107033
 30
0.0
 10
350.6886504872442
 20
227.526496473174
 30
0.0
 10
350.6842570276715
 20
227.5266817786032
 30
0.0
 10
350.6798628250614
 20
227.5268518451209
 30
0.0
 10
350.6697634180231
 20
227.5272427171715
 30
0.0
 10
350.6596600859615
 20
227.5275530911392
 30
0.0
 10
350.6495557873665
 20
227.5278138112406
 30
0.0
 10
350.6380309451791
 20
227.5281111854722
 30
0.0
 10
350.6265048455884
 20
227.5283439629486
 30
0.0
 10
350.6149779213867
 20
227.5285286189502
 30
0.0
 10
350.60247305742
 20
227.5287289410956
 30
0.0
 10
350.5899672229873
 20
227.5288726301841
 30
0.0
 10
350.5774610505121
 20
227.5289687991986
 30
0.0
 10
350.5644548800587
 20
227.5290688130595
 30
0.0
 10
350.5514483439915
 20
227.5291174311761
 30
0.0
 10
350.538441849192
 20
227.5291174311761
 30
0.0
  0
SPLINE
  5
666
330
70
100
AcDbEntity
  8
03_AXES
 62
     7
370
    25
100
AcDbSpline
210
0.0
220
0.0
230
1.0
 70
     8
 71
     3
 72
    32
 73
    28
 74
     0
 42
0.0000000001
 43
0.0000000001
 40
0.0
 40
0.0
 40
0.0
 40
0.0
 40
1.0
 40
1.0
 40
1.0
 40
2.0
 40
2.0
 40
2.0
 40
3.0
 40
3.0
 40
3.0
 40
4.0
 40
4.0
 40
4.0
 40
5.0
 40
5.0
 40
5.0
 40
6.0
 40
6.0
 40
6.0
 40
7.0
 40
7.0
 40
7.0
 40
8.0
 40
8.0
 40
8.0
 40
9.0
 40
9.0
 40
9.0
 40
9.0
 10
350.7384418491914
 20
240.4738505865762
 30
0.0
 10
350.7384418491914
 20
240.4745993004759
 30
0.0
 10
350.7380007924751
 20
240.4753037601211
 30
0.0
 10
350.737478323838
 20
240.4758795695353
 30
0.0
 10
350.7366613723311
 20
240.4767799266769
 30
0.0
 10
350.7356453717769
 20
240.4773657389008
 30
0.0
 10
350.7345988180231
 20
240.4778904533396
 30
0.0
 10
350.7330610696497
 20
240.4786614398005
 30
0.0
 10
350.731457357703
 20
240.479300517715
 30
0.0
 10
350.7298295661218
 20
240.4798616540247
 30
0.0
 10
350.7276583845031
 20
240.4806101090823
 30
0.0
 10
350.7254443633632
 20
240.4812199000323
 30
0.0
 10
350.7232175115364
 20
240.4817747758505
 30
0.0
 10
350.7171271061319
 20
240.4832923526583
 30
0.0
 10
350.710940725379
 20
240.4843991565631
 30
0.0
 10
350.7047354336001
 20
240.485354807435
 30
0.0
 10
350.6964719505173
 20
240.4866274316892
 30
0.0
 10
350.6881749309952
 20
240.4876320041399
 30
0.0
 10
350.6798628250793
 20
240.4884926572784
 30
0.0
 10
350.6697780416891
 20
240.4895368572153
 30
0.0
 10
350.6596710509644
 20
240.4903692063626
 30
0.0
 10
350.6495557873285
 20
240.4910678515971
 30
0.0
 10
350.638038936138
 20
240.4918633022629
 30
0.0
 10
350.6265113605861
 20
240.4924854295221
 30
0.0
 10
350.6149779213328
 20
240.49298140007
 30
0.0
 10
350.5894829285609
 20
240.4940777569545
 30
0.0
 10
350.563959283192
 20
240.4945576572756
 30
0.0
 10
350.538441849192
 20
240.4945576572756
 30
0.0
  0
SPLINE
  5
667
330
70
100
AcDbEntity
  8
03_AXES
 62
     7
370
    25
100
AcDbSpline
210
0.0
220
0.0
230
1.0
 70
     8
 71
     3
 72
    41
 73
    37
 74
     0
 42
0.0000000001
 43
0.0000000001
 40
0.0
 40
0.0
 40
0.0
 40
0.0
 40
1.0
 40
1.0
 40
1.0
 40
2.0
 40
2.0
 40
2.0
 40
3.0
 40
3.0
 40
3.0
 40
4.0
 40
4.0
 40
4.0
 40
5.0
 40
5.0
 40
5.0
 40
6.0
 40
6.0
 40
6.0
 40
7.0
 40
7.0
 40
7.0
 40
8.0
 40
8.0
 40
8.0
 40
9.0
 40
9.0
 40
9.0
 40
10.0
 40
10.0
 40
10.0
 40
11.0
 40
11.0
 40
11.0
 40
12.0
 40
12.0
 40
12.0
 40
12.0
 10
350.7384418491914
 20
244.7873642546765
 30
0.0
 10
350.7384418491914
 20
244.787757735876
 30
0.0
 10
350.7379355418428
 20
244.7879144483813
 30
0.0
 10
350.7374791117052
 20
244.7880473240735
 30
0.0
 10
350.7363356692514
 20
244.7883802024156
 30
0.0
 10
350.7355052540574
 20
244.7885634819329
 30
0.0
 10
350.734601002253
 20
244.788726810492
 30
0.0
 10
350.7331294995478
 20
244.7889925975388
 30
0.0
 10
350.7314624660708
 20
244.789205551363
 30
0.0
 10
350.72983473748
 20
244.7893911933152
 30
0.0
 10
350.7275886895909
 20
244.7896473543965
 30
0.0
 10
350.7254174794281
 20
244.7898515128241
 30
0.0
 10
350.7232257380051
 20
244.7900361594639
 30
0.0
 10
350.7204497396493
 20
244.7902700277306
 30
0.0
 10
350.7176408049499
 20
244.7904725950963
 30
0.0
 10
350.7148380550153
 20
244.7906557953407
 30
0.0
 10
350.7114710021561
 20
244.7908758809432
 30
0.0
 10
350.7081128752452
 20
244.7910680156178
 30
0.0
 10
350.7047512605351
 20
244.7912436376443
 30
0.0
 10
350.7008581116958
 20
244.7914470287963
 30
0.0
 10
350.6969602848845
 20
244.7916282725426
 30
0.0
 10
350.6930626905454
 20
244.7917941333577
 30
0.0
 10
350.6886700795504
 20
244.7919810594402
 30
0.0
 10
350.6842777638288
 20
244.7921484470178
 30
0.0
 10
350.6798847884398
 20
244.7923020434761
 30
0.0
 10
350.6697855265565
 20
244.7926551551414
 30
0.0
 10
350.6596827781985
 20
244.7929353779307
 30
0.0
 10
350.6495793129529
 20
244.7931708118673
 30
0.0
 10
350.6380530639059
 20
244.793439399933
 30
0.0
 10
350.6265258818484
 20
244.7936496964988
 30
0.0
 10
350.6149980029289
 20
244.7938164793147
 30
0.0
 10
350.6024901828715
 20
244.7939974397029
 30
0.0
 10
350.5899815424411
 20
244.7941271740318
 30
0.0
 10
350.5774726343618
 20
244.7942141027791
 30
0.0
 10
350.5644625559394
 20
244.7943045143326
 30
0.0
 10
350.5514521879915
 20
244.7943486215764
 30
0.0
 10
350.538441849192
 20
244.7943484085759
 30
0.0
  0
SPLINE
  5
668
330
70
100
AcDbEntity
  8
03_AXES
 62
     7
370
    25
100
AcDbSpline
210
0.0
220
0.0
230
1.0
 70
     8
 71
     3
 72
    35
 73
    31
 74
     0
 42
0.0000000001
 43
0.0000000001
 40
0.0
 40
0.0
 40
0.0
 40
0.0
 40
1.0
 40
1.0
 40
1.0
 40
2.0
 40
2.0
 40
2.0
 40
3.0
 40
3.0
 40
3.0
 40
4.0
 40
4.0
 40
4.0
 40
5.0
 40
5.0
 40
5.0
 40
6.0
 40
6.0
 40
6.0
 40
7.0
 40
7.0
 40
7.0
 40
8.0
 40
8.0
 40
8.0
 40
9.0
 40
9.0
 40
9.0
 40
10.0
 40
10.0
 40
10.0
 40
10.0
 10
350.7384418491914
 20
260.4164264908758
 30
0.0
 10
350.7384418491914
 20
260.4169839813764
 30
0.0
 10
350.7379652026836
 20
260.4174349638434
 30
0.0
 10
350.7374785276865
 20
260.4177936676085
 30
0.0
 10
350.7365524422578
 20
260.4184762387948
 30
0.0
 10
350.7355900440481
 20
260.4188246722566
 30
0.0
 10
350.7345987234482
 20
260.4191483413679
 30
0.0
 10
350.7330567365731
 20
260.419651804648
 30
0.0
 10
350.7314447707726
 20
260.4200953495523
 30
0.0
 10
350.7298298176416
 20
260.4204763679722
 30
0.0
 10
350.7276320753917
 20
260.4209948847417
 30
0.0
 10
350.7254288007004
 20
260.4213976044124
 30
0.0
 10
350.7232174810736
 20
260.4217653869791
 30
0.0
 10
350.7170994595761
 20
260.4227829249325
 30
0.0
 10
350.7109198578216
 20
260.4235330355094
 30
0.0
 10
350.7047355983678
 20
260.4241774126593
 30
0.0
 10
350.6964532227336
 20
260.4250404058181
 30
0.0
 10
350.6881624928798
 20
260.4257137516382
 30
0.0
 10
350.6798632054432
 20
260.4262915460354
 30
0.0
 10
350.669770249881
 20
260.4269942151766
 30
0.0
 10
350.6596646380353
 20
260.4275555680156
 30
0.0
 10
350.6495558625357
 20
260.4280265564339
 30
0.0
 10
350.6380335597594
 20
260.4285634039646
 30
0.0
 10
350.6265071467128
 20
260.4289828485666
 30
0.0
 10
350.6149780580808
 20
260.4293157874235
 30
0.0
 10
350.6024748951183
 20
260.4296768557539
 30
0.0
 10
350.5899685853593
 20
260.4299361833696
 30
0.0
 10
350.5774611732608
 20
260.4301097027454
 30
0.0
 10
350.5644554813372
 20
260.4302901349189
 30
0.0
 10
350.5514485974916
 20
260.4303777856765
 30
0.0
 10
350.538441849192
 20
260.4303777856765
 30
0.0
  0
SPLINE
  5
669
330
70
100
AcDbEntity
  8
03_AXES
 62
     7
370
    25
100
AcDbSpline
210
0.0
220
0.0
230
1.0
 70
     8
 71
     3
 72
    11
 73
     7
 74
     0
 42
0.0000000001
 43
0.0000000001
 40
0.0
 40
0.0
 40
0.0
 40
0.0
 40
1.0
 40
1.0
 40
1.0
 40
2.0
 40
2.0
 40
2.0
 40
2.0
 10
350.2384418491917
 20
225.5233953618756
 30
0.0
 10
350.2384418491917
 20
225.5343006059765
 30
0.0
 10
350.2386409710153
 20
225.545203890965
 30
0.0
 10
350.2390560263317
 20
225.5561053285636
 30
0.0
 10
350.2402549729931
 20
225.5875956907228
 30
0.0
 10
350.243255724592
 20
225.6190706377759
 30
0.0
 10
350.2484418491917
 20
225.650142162476
 30
0.0
  0
SPLINE
  5
66A
330
70
100
AcDbEntity
  8
03_AXES
 62
     7
370
    25
100
AcDbSpline
210
0.0
220
0.0
230
1.0
 70
     8
 71
     3
 72
    29
 73
    25
 74
     0
 42
0.0000000001
 43
0.0000000001
 40
0.0
 40
0.0
 40
0.0
 40
0.0
 40
1.0
 40
1.0
 40
1.0
 40
2.0
 40
2.0
 40
2.0
 40
3.0
 40
3.0
 40
3.0
 40
4.0
 40
4.0
 40
4.0
 40
5.0
 40
5.0
 40
5.0
 40
6.0
 40
6.0
 40
6.0
 40
7.0
 40
7.0
 40
7.0
 40
8.0
 40
8.0
 40
8.0
 40
8.0
 10
341.2432491198915
 20
176.9905501927761
 30
0.0
 10
341.2429720183918
 20
176.9528718985758
 30
0.0
 10
341.2463409026947
 20
176.9150601472898
 30
0.0
 10
341.2533755233924
 20
176.8779667494613
 30
0.0
 10
341.2600992292664
 20
176.842512798556
 30
0.0
 10
341.2701717973186
 20
176.8077151050754
 30
0.0
 10
341.283572054543
 20
176.7742304306432
 30
0.0
 10
341.2960198782351
 20
176.7431257050585
 30
0.0
 10
341.3113391656951
 20
176.7131539839182
 30
0.0
 10
341.3294737227209
 20
176.6849795584821
 30
0.0
 10
341.3461706329666
 20
176.6590387068756
 30
0.0
 10
341.3652541359121
 20
176.634621479457
 30
0.0
 10
341.3865820755792
 20
176.6123327050711
 30
0.0
 10
341.4063201828396
 20
176.5917053858641
 30
0.0
 10
341.4279805874533
 20
176.5729010272216
 30
0.0
 10
341.4513187859463
 20
176.5564532569616
 30
0.0
 10
341.4732106402091
 20
176.5410248086348
 30
0.0
 10
341.4965787755183
 20
176.5276699086775
 30
0.0
 10
341.5210602132371
 20
176.5168160120466
 30
0.0
 10
341.5444520189001
 20
176.506445206068
 30
0.0
 10
341.5688602295937
 20
176.4983577261096
 30
0.0
 10
341.5938614256989
 20
176.4928392182963
 30
0.0
 10
341.6182691238585
 20
176.4874517131378
 30
0.0
 10
341.643241988092
 20
176.4845126592762
 30
0.0
 10
341.6681819373916
 20
176.484135810376
 30
0.0
  0
SPLINE
  5
66B
330
70
100
AcDbEntity
  8
03_AXES
 62
     7
370
    25
100
AcDbSpline
210
0.0
220
0.0
230
1.0
 70
     8
 71
     3
 72
    71
 73
    67
 74
     0
 42
0.0000000001
 43
0.0000000001
 40
0.0
 40
0.0
 40
0.0
 40
0.0
 40
1.0
 40
1.0
 40
1.0
 40
2.0
 40
2.0
 40
2.0
 40
3.0
 40
3.0
 40
3.0
 40
4.0
 40
4.0
 40
4.0
 40
5.0
 40
5.0
 40
5.0
 40
6.0
 40
6.0
 40
6.0
 40
7.0
 40
7.0
 40
7.0
 40
8.0
 40
8.0
 40
8.0
 40
9.0
 40
9.0
 40
9.0
 40
10.0
 40
10.0
 40
10.0
 40
11.0
 40
11.0
 40
11.0
 40
12.0
 40
12.0
 40
12.0
 40
13.0
 40
13.0
 40
13.0
 40
14.0
 40
14.0
 40
14.0
 40
15.0
 40
15.0
 40
15.0
 40
16.0
 40
16.0
 40
16.0
 40
17.0
 40
17.0
 40
17.0
 40
18.0
 40
18.0
 40
18.0
 40
19.0
 40
19.0
 40
19.0
 40
20.0
 40
20.0
 40
20.0
 40
21.0
 40
21.0
 40
21.0
 40
22.0
 40
22.0
 40
22.0
 40
22.0
 10
342.0384418491914
 20
250.4432371609764
 30
0.0
 10
342.0994665362916
 20
250.4431366960762
 30
0.0
 10
342.1605082344906
 20
250.4447398338196
 30
0.0
 10
342.2214527679295
 20
250.4480544611546
 30
0.0
 10
342.2812668417779
 20
250.4513076054969
 30
0.0
 10
342.3409873220523
 20
250.4562093354852
 30
0.0
 10
342.4005253318795
 20
250.4627978618886
 30
0.0
 10
342.4572946474896
 20
250.469080002254
 30
0.0
 10
342.5138980688905
 20
250.4768957046938
 30
0.0
 10
342.5702234656012
 20
250.4863366352319
 30
0.0
 10
342.5966972080197
 20
250.4907740076758
 30
0.0
 10
342.6231095310436
 20
250.4955704148667
 30
0.0
 10
342.6494477183862
 20
250.5007472441011
 30
0.0
 10
342.6742098298283
 20
250.505614292116
 30
0.0
 10
342.6989064126727
 20
250.5108175955214
 30
0.0
 10
342.7235203566966
 20
250.5163865692333
 30
0.0
 10
342.7461495956401
 20
250.5215064978665
 30
0.0
 10
342.7687089853589
 20
250.5269355038451
 30
0.0
 10
342.7911786627952
 20
250.5327171059834
 30
0.0
 10
342.8111977406919
 20
250.5378681520499
 30
0.0
 10
342.8311456077061
 20
250.5432990782308
 30
0.0
 10
342.8509905498071
 20
250.5490823832413
 30
0.0
 10
342.8598391352959
 20
250.551661079039
 30
0.0
 10
342.8686672578204
 20
250.5543098328537
 30
0.0
 10
342.8774694166211
 20
250.5570427731096
 30
0.0
 10
342.8854690795903
 20
250.5595265502658
 30
0.0
 10
342.8934472972684
 20
250.5620798630106
 30
0.0
 10
342.9013968576299
 20
250.5647194372338
 30
0.0
 10
342.9084818876766
 20
250.5670719525716
 30
0.0
 10
342.9155441545561
 20
250.5694929873912
 30
0.0
 10
342.9225739823004
 20
250.5720069300877
 30
0.0
 10
342.9286829433393
 20
250.5741915608565
 30
0.0
 10
342.9347674072813
 20
250.5764463529667
 30
0.0
 10
342.9408116637737
 20
250.5788013607251
 30
0.0
 10
342.9458873467543
 20
250.580778985734
 30
0.0
 10
342.9509346760358
 20
250.5828272813386
 30
0.0
 10
342.9559331999297
 20
250.5850019503895
 30
0.0
 10
342.9599317809999
 20
250.5867415820664
 30
0.0
 10
342.9638991303418
 20
250.5885620831204
 30
0.0
 10
342.9677869500663
 20
250.590517155066
 30
0.0
 10
342.970671951644
 20
250.5919679388075
 30
0.0
 10
342.9735131598117
 20
250.593492824733
 30
0.0
 10
342.9762468926199
 20
250.5952660785057
 30
0.0
 10
342.9772567424516
 20
250.5959211242434
 30
0.0
 10
342.9782519263267
 20
250.5966100619525
 30
0.0
 10
342.9791750556258
 20
250.5973324175354
 30
0.0
 10
342.9798862371332
 20
250.5978889223863
 30
0.0
 10
342.9805546527609
 20
250.5984652614357
 30
0.0
 10
342.9812232609465
 20
250.5991838959598
 30
0.0
 10
342.9820384115398
 20
250.6000600374287
 30
0.0
 10
342.9828538483489
 20
250.6011476852457
 30
0.0
 10
342.9826664332904
 20
250.6022249759273
 30
0.0
 10
342.9825923861392
 20
250.6026506103833
 30
0.0
 10
342.9823617920642
 20
250.6030746280727
 30
0.0
 10
342.982057295375
 20
250.6034072307146
 30
0.0
 10
342.9816516157738
 20
250.6038503557527
 30
0.0
 10
342.9811147581767
 20
250.6041312180233
 30
0.0
 10
342.9805649726438
 20
250.6043625158072
 30
0.0
 10
342.9797956266691
 20
250.6046861838719
 30
0.0
 10
342.9790009652284
 20
250.6049127948227
 30
0.0
 10
342.9781949001791
 20
250.6050910146856
 30
0.0
 10
342.9771285424064
 20
250.6053267849078
 30
0.0
 10
342.9760422270478
 20
250.6054778653335
 30
0.0
 10
342.9749534173609
 20
250.605593403132
 30
0.0
 10
342.9719471555296
 20
250.60591240918
 30
0.0
 10
342.9689218783918
 20
250.6059604589764
 30
0.0
 10
342.9659030710914
 20
250.6059342608765
 30
0.0
  0
SPLINE
  5
66C
330
70
100
AcDbEntity
  8
03_AXES
 62
     7
370
    25
100
AcDbSpline
210
0.0
220
0.0
230
1.0
 70
     8
 71
     3
 72
    11
 73
     7
 74
     0
 42
0.0000000001
 43
0.0000000001
 40
0.0
 40
0.0
 40
0.0
 40
0.0
 40
1.0
 40
1.0
 40
1.0
 40
2.0
 40
2.0
 40
2.0
 40
2.0
 10
342.0384418491914
 20
250.3831266627759
 30
0.0
 10
342.0591743533916
 20
250.3836471748765
 30
0.0
 10
342.079917429083
 20
250.383563232712
 30
0.0
 10
342.1006580368493
 20
250.3834657049151
 30
0.0
 10
342.1200898684652
 20
250.3833743313278
 30
0.0
 10
342.1395195337918
 20
250.3832710325761
 30
0.0
 10
342.1589491135915
 20
250.3834451745758
 30
0.0
  0
SPLINE
  5
66D
330
70
100
AcDbEntity
  8
03_AXES
 62
     7
370
    25
100
AcDbSpline
210
0.0
220
0.0
230
1.0
 70
     8
 71
     3
 72
    11
 73
     7
 74
     0
 42
0.0000000001
 43
0.0000000001
 40
0.0
 40
0.0
 40
0.0
 40
0.0
 40
1.0
 40
1.0
 40
1.0
 40
2.0
 40
2.0
 40
2.0
 40
2.0
 10
350.2894323503915
 20
225.680190387176
 30
0.0
 10
350.2846217847915
 20
225.6690042220756
 30
0.0
 10
350.2801808754161
 20
225.6576602084291
 30
0.0
 10
350.2761051047835
 20
225.6461781686304
 30
0.0
 10
350.2635679472382
 20
225.610859168887
 30
0.0
 10
350.2544856986917
 20
225.574234178476
 30
0.0
 10
350.2484418491917
 20
225.5372692459761
 30
0.0
  0
SPLINE
  5
66E
330
70
100
AcDbEntity
  8
03_AXES
 62
     7
370
    25
100
AcDbSpline
210
0.0
220
0.0
230
1.0
 70
     8
 71
     3
 72
    14
 73
    10
 74
     0
 42
0.0000000001
 43
0.0000000001
 40
0.0
 40
0.0
 40
0.0
 40
0.0
 40
1.0
 40
1.0
 40
1.0
 40
2.0
 40
2.0
 40
2.0
 40
3.0
 40
3.0
 40
3.0
 40
3.0
 10
350.538441849192
 20
226.252823491776
 30
0.0
 10
350.4947018271918
 20
226.1419574822757
 30
0.0
 10
350.4473549817051
 20
226.0325192479469
 30
0.0
 10
350.3986005683417
 20
225.9237572819319
 30
0.0
 10
350.3786224505086
 20
225.8791898423314
 30
0.0
 10
350.35840798539
 20
225.8347359561746
 30
0.0
 10
350.3382894170273
 20
225.790234107663
 30
0.0
 10
350.3217562378412
 20
225.7536630643236
 30
0.0
 10
350.3052878209915
 20
225.7170596303762
 30
0.0
 10
350.2894323503915
 20
225.680190387176
 30
0.0
  0
SPLINE
  5
66F
330
70
100
AcDbEntity
  8
03_AXES
 62
     7
370
    25
100
AcDbSpline
210
0.0
220
0.0
230
1.0
 70
     8
 71
     3
 72
    59
 73
    55
 74
     0
 42
0.0000000001
 43
0.0000000001
 40
0.0
 40
0.0
 40
0.0
 40
0.0
 40
1.0
 40
1.0
 40
1.0
 40
2.0
 40
2.0
 40
2.0
 40
3.0
 40
3.0
 40
3.0
 40
4.0
 40
4.0
 40
4.0
 40
5.0
 40
5.0
 40
5.0
 40
6.0
 40
6.0
 40
6.0
 40
7.0
 40
7.0
 40
7.0
 40
8.0
 40
8.0
 40
8.0
 40
9.0
 40
9.0
 40
9.0
 40
10.0
 40
10.0
 40
10.0
 40
11.0
 40
11.0
 40
11.0
 40
12.0
 40
12.0
 40
12.0
 40
13.0
 40
13.0
 40
13.0
 40
14.0
 40
14.0
 40
14.0
 40
15.0
 40
15.0
 40
15.0
 40
16.0
 40
16.0
 40
16.0
 40
17.0
 40
17.0
 40
17.0
 40
18.0
 40
18.0
 40
18.0
 40
18.0
 10
350.7384418491914
 20
226.4035665741761
 30
0.0
 10
350.7384418491914
 20
226.429544266676
 30
0.0
 10
350.7374049864182
 20
226.455561149392
 30
0.0
 10
350.7335354097654
 20
226.4813450508868
 30
0.0
 10
350.7316922950005
 20
226.4936261590836
 30
0.0
 10
350.7292065212869
 20
226.5058544107358
 30
0.0
 10
350.7249155498838
 20
226.5174505917905
 30
0.0
 10
350.7230293833885
 20
226.5225478823859
 30
0.0
 10
350.7207944192185
 20
226.5275230452186
 30
0.0
 10
350.7176447555457
 20
226.5320579090545
 30
0.0
 10
350.7151331737138
 20
226.5356740670975
 30
0.0
 10
350.7120399646305
 20
226.5390102535277
 30
0.0
 10
350.7081616218787
 20
226.5409664581337
 30
0.0
 10
350.7065355970508
 20
226.5417866118594
 30
0.0
 10
350.7047715638067
 20
226.5423641965634
 30
0.0
 10
350.7029651842083
 20
226.5426261816846
 30
0.0
 10
350.7012371865196
 20
226.5428767988224
 30
0.0
 10
350.6994704377065
 20
226.542838610968
 30
0.0
 10
350.6977470998347
 20
226.5425732579138
 30
0.0
 10
350.6941737508071
 20
226.5420230471327
 30
0.0
 10
350.6907870437074
 20
226.5404961574346
 30
0.0
 10
350.6876805246843
 20
226.5386055771171
 30
0.0
 10
350.6842625725152
 20
226.5365254633148
 30
0.0
 10
350.6811838029546
 20
226.5340050826231
 30
0.0
 10
350.6782871269745
 20
226.5312916344491
 30
0.0
 10
350.6751703586458
 20
226.5283720157583
 30
0.0
 10
350.6722644064505
 20
226.5252288760619
 30
0.0
 10
350.6695004343733
 20
226.5219707192243
 30
0.0
 10
350.6665951552158
 20
226.5185459902873
 30
0.0
 10
350.6638467446393
 20
226.5149941831651
 30
0.0
 10
350.6612027161072
 20
226.5113669561723
 30
0.0
 10
350.6584659046279
 20
226.5076124443159
 30
0.0
 10
350.6558409295775
 20
226.5037771265215
 30
0.0
 10
350.6532950251397
 20
226.4998905804059
 30
0.0
 10
350.6480289139553
 20
226.4918514004316
 30
0.0
 10
350.6431011097495
 20
226.4835930379057
 30
0.0
 10
350.6383693713855
 20
226.4752271717982
 30
0.0
 10
350.6335027731663
 20
226.4666228691148
 30
0.0
 10
350.6288435762483
 20
226.4579048475776
 30
0.0
 10
350.6243226217043
 20
226.4491159674353
 30
0.0
 10
350.6197259496229
 20
226.4401798899794
 30
0.0
 10
350.6152721892944
 20
226.4311705605446
 30
0.0
 10
350.6109197520012
 20
226.4221129561731
 30
0.0
 10
350.6065230166743
 20
226.4129631657374
 30
0.0
 10
350.6022296773594
 20
226.403764112703
 30
0.0
 10
350.598014316715
 20
226.3945295828039
 30
0.0
 10
350.5937732017396
 20
226.3852386332615
 30
0.0
 10
350.5896110211882
 20
226.375911772029
 30
0.0
 10
350.5855098741661
 20
226.3665581983587
 30
0.0
 10
350.5772734839498
 20
226.347773287148
 30
0.0
 10
350.5692832617556
 20
226.328880636011
 30
0.0
 10
350.561459870388
 20
226.309919707769
 30
0.0
 10
350.5536328785299
 20
226.2909500533055
 30
0.0
 10
350.5459728710916
 20
226.2719120588762
 30
0.0
 10
350.538441849192
 20
226.252823491776
 30
0.0
  0
SPLINE
  5
670
330
70
100
AcDbEntity
  8
03_AXES
 62
     7
370
    25
100
AcDbSpline
210
0.0
220
0.0
230
1.0
 70
     8
 71
     3
 72
    11
 73
     7
 74
     0
 42
0.0000000001
 43
0.0000000001
 40
0.0
 40
0.0
 40
0.0
 40
0.0
 40
1.0
 40
1.0
 40
1.0
 40
2.0
 40
2.0
 40
2.0
 40
2.0
 10
361.5002187843757
 20
250.9363036407737
 30
0.0
 10
363.3481361249484
 20
252.0760794395278
 30
0.0
 10
363.9222083353929
 20
254.4980930188494
 30
0.0
 10
362.7824449543078
 20
256.346022381438
 30
0.0
 10
362.0669027918793
 20
257.5061503466501
 30
0.0
 10
360.8014823894681
 20
258.2128340720023
 30
0.0
 10
359.4384418492818
 20
258.2135065529801
 30
0.0
  0
SPLINE
  5
671
330
70
100
AcDbEntity
  8
03_AXES
 62
     7
370
    25
100
AcDbSpline
210
0.0
220
0.0
230
1.0
 70
     8
 71
     3
 72
     8
 73
     4
 74
     0
 42
0.0000000001
 43
0.0000000001
 40
0.0
 40
0.0
 40
0.0
 40
0.0
 40
1.0
 40
1.0
 40
1.0
 40
1.0
 10
363.1884418491945
 20
176.7221045542759
 30
0.0
 10
363.1884418491945
 20
176.4877899792319
 30
0.0
 10
363.322756424244
 20
176.2978404855762
 30
0.0
 10
363.4884418491917
 20
176.2978404855762
 30
0.0
  0
SPLINE
  5
672
330
70
100
AcDbEntity
  8
03_AXES
 62
     7
370
    25
100
AcDbSpline
210
0.0
220
0.0
230
1.0
 70
     8
 71
     3
 72
     8
 73
     4
 74
     0
 42
0.0000000001
 43
0.0000000001
 40
0.0
 40
0.0
 40
0.0
 40
0.0
 40
1.0
 40
1.0
 40
1.0
 40
1.0
 10
363.4884418491885
 20
263.297840485576
 30
0.0
 10
363.3227564242408
 20
263.2978404855735
 30
0.0
 10
363.1884418491927
 20
263.1078909919159
 30
0.0
 10
363.1884418491945
 20
262.8735764168713
 30
0.0
  0
SPLINE
  5
673
330
70
100
AcDbEntity
  8
03_AXES
 62
     7
370
    25
100
AcDbSpline
210
0.0
220
0.0
230
1.0
 70
     8
 71
     3
 72
    14
 73
    10
 74
     0
 42
0.0000000001
 43
0.0000000001
 40
0.0
 40
0.0
 40
0.0
 40
0.0
 40
1.0
 40
1.0
 40
1.0
 40
2.0
 40
2.0
 40
2.0
 40
3.0
 40
3.0
 40
3.0
 40
3.0
 10
359.4384418491509
 20
250.2978404855762
 30
0.0
 10
361.6388515511124
 20
250.2978404855532
 30
0.0
 10
363.4226360581085
 20
252.081638973748
 30
0.0
 10
363.4226360581309
 20
254.2820659224358
 30
0.0
 10
363.4226360581534
 20
256.4824928711234
 30
0.0
 10
361.6388515511939
 20
258.2662913593536
 30
0.0
 10
359.4384418492325
 20
258.2662913593761
 30
0.0
 10
359.4384418492119
 20
258.2662913593761
 30
0.0
 10
359.4384418492119
 20
258.2662913593761
 30
0.0
 10
359.438441849192
 20
258.2662913593761
 30
0.0
  0
SPLINE
  5
674
330
70
100
AcDbEntity
  8
03_AXES
 62
     7
370
    25
100
AcDbSpline
210
0.0
220
0.0
230
1.0
 70
     8
 71
     3
 72
    11
 73
     7
 74
     0
 42
0.0000000001
 43
0.0000000001
 40
0.0
 40
0.0
 40
0.0
 40
0.0
 40
1.0
 40
1.0
 40
1.0
 40
2.0
 40
2.0
 40
2.0
 40
2.0
 10
378.9002187843757
 20
250.9363036407737
 30
0.0
 10
380.7481361249484
 20
252.0760794395278
 30
0.0
 10
381.3222083353929
 20
254.4980930188494
 30
0.0
 10
380.1824449543078
 20
256.346022381438
 30
0.0
 10
379.4669027918792
 20
257.5061503466501
 30
0.0
 10
378.2014823894681
 20
258.2128340720016
 30
0.0
 10
376.8384418492818
 20
258.2135065529795
 30
0.0
  0
SPLINE
  5
675
330
70
100
AcDbEntity
  8
03_AXES
 62
     7
370
    25
100
AcDbSpline
210
0.0
220
0.0
230
1.0
 70
     8
 71
     3
 72
     8
 73
     4
 74
     0
 42
0.0000000001
 43
0.0000000001
 40
0.0
 40
0.0
 40
0.0
 40
0.0
 40
1.0
 40
1.0
 40
1.0
 40
1.0
 10
380.5884418491945
 20
176.7221045542759
 30
0.0
 10
380.5884418491945
 20
176.4877899792319
 30
0.0
 10
380.722756424244
 20
176.2978404855762
 30
0.0
 10
380.8884418491917
 20
176.2978404855762
 30
0.0
  0
SPLINE
  5
676
330
70
100
AcDbEntity
  8
03_AXES
 62
     7
370
    25
100
AcDbSpline
210
0.0
220
0.0
230
1.0
 70
     8
 71
     3
 72
     8
 73
     4
 74
     0
 42
0.0000000001
 43
0.0000000001
 40
0.0
 40
0.0
 40
0.0
 40
0.0
 40
1.0
 40
1.0
 40
1.0
 40
1.0
 10
380.8884418491885
 20
263.297840485576
 30
0.0
 10
380.7227564242408
 20
263.2978404855735
 30
0.0
 10
380.5884418491926
 20
263.1078909919159
 30
0.0
 10
380.5884418491945
 20
262.8735764168713
 30
0.0
  0
SPLINE
  5
677
330
70
100
AcDbEntity
  8
03_AXES
 62
     7
370
    25
100
AcDbSpline
210
0.0
220
0.0
230
1.0
 70
     8
 71
     3
 72
    14
 73
    10
 74
     0
 42
0.0000000001
 43
0.0000000001
 40
0.0
 40
0.0
 40
0.0
 40
0.0
 40
1.0
 40
1.0
 40
1.0
 40
2.0
 40
2.0
 40
2.0
 40
3.0
 40
3.0
 40
3.0
 40
3.0
 10
376.8384418491509
 20
250.2978404855762
 30
0.0
 10
379.0388515511124
 20
250.2978404855532
 30
0.0
 10
380.8226360581084
 20
252.081638973748
 30
0.0
 10
380.8226360581309
 20
254.2820659224358
 30
0.0
 10
380.8226360581534
 20
256.4824928711234
 30
0.0
 10
379.0388515511939
 20
258.2662913593536
 30
0.0
 10
376.8384418492324
 20
258.2662913593761
 30
0.0
 10
376.8384418492119
 20
258.2662913593761
 30
0.0
 10
376.8384418492119
 20
258.2662913593761
 30
0.0
 10
376.838441849192
 20
258.2662913593761
 30
0.0
  0
SPLINE
  5
678
330
70
100
AcDbEntity
  8
03_AXES
 62
     7
370
    25
100
AcDbSpline
210
0.0
220
0.0
230
1.0
 70
     8
 71
     3
 72
    11
 73
     7
 74
     0
 42
0.0000000001
 43
0.0000000001
 40
0.0
 40
0.0
 40
0.0
 40
0.0
 40
1.0
 40
1.0
 40
1.0
 40
2.0
 40
2.0
 40
2.0
 40
2.0
 10
344.1002187843757
 20
250.9363036407737
 30
0.0
 10
345.9481361249485
 20
252.0760794395278
 30
0.0
 10
346.5222083353929
 20
254.4980930188494
 30
0.0
 10
345.3824449543078
 20
256.346022381438
 30
0.0
 10
344.6669027918793
 20
257.5061503466501
 30
0.0
 10
343.4014823894681
 20
258.2128340720023
 30
0.0
 10
342.0384418492819
 20
258.2135065529795
 30
0.0
  0
SPLINE
  5
679
330
70
100
AcDbEntity
  8
03_AXES
 62
     7
370
    25
100
AcDbSpline
210
0.0
220
0.0
230
1.0
 70
     8
 71
     3
 72
     8
 73
     4
 74
     0
 42
0.0000000001
 43
0.0000000001
 40
0.0
 40
0.0
 40
0.0
 40
0.0
 40
1.0
 40
1.0
 40
1.0
 40
1.0
 10
345.7884418491946
 20
176.7221045542759
 30
0.0
 10
345.7884418491946
 20
176.4877899792319
 30
0.0
 10
345.922756424244
 20
176.2978404855762
 30
0.0
 10
346.0884418491917
 20
176.2978404855762
 30
0.0
  0
SPLINE
  5
67A
330
70
100
AcDbEntity
  8
03_AXES
 62
     7
370
    25
100
AcDbSpline
210
0.0
220
0.0
230
1.0
 70
     8
 71
     3
 72
     8
 73
     4
 74
     0
 42
0.0000000001
 43
0.0000000001
 40
0.0
 40
0.0
 40
0.0
 40
0.0
 40
1.0
 40
1.0
 40
1.0
 40
1.0
 10
346.0884418491885
 20
263.297840485576
 30
0.0
 10
345.9227564242409
 20
263.2978404855735
 30
0.0
 10
345.7884418491927
 20
263.1078909919159
 30
0.0
 10
345.7884418491946
 20
262.8735764168713
 30
0.0
  0
SPLINE
  5
67B
330
70
100
AcDbEntity
  8
03_AXES
 62
     7
370
    25
100
AcDbSpline
210
0.0
220
0.0
230
1.0
 70
     8
 71
     3
 72
    14
 73
    10
 74
     0
 42
0.0000000001
 43
0.0000000001
 40
0.0
 40
0.0
 40
0.0
 40
0.0
 40
1.0
 40
1.0
 40
1.0
 40
2.0
 40
2.0
 40
2.0
 40
3.0
 40
3.0
 40
3.0
 40
3.0
 10
342.038441849151
 20
250.2978404855762
 30
0.0
 10
344.2388515511124
 20
250.2978404855532
 30
0.0
 10
346.0226360581085
 20
252.081638973748
 30
0.0
 10
346.022636058131
 20
254.2820659224358
 30
0.0
 10
346.0226360581534
 20
256.4824928711234
 30
0.0
 10
344.238851551194
 20
258.2662913593536
 30
0.0
 10
342.0384418492325
 20
258.2662913593761
 30
0.0
 10
342.0384418492119
 20
258.2662913593761
 30
0.0
 10
342.0384418492119
 20
258.2662913593761
 30
0.0
 10
342.0384418491914
 20
258.2662913593761
 30
0.0
  0
SPLINE
  5
67C
330
70
100
AcDbEntity
  8
03_AXES
 62
     7
370
    25
100
AcDbSpline
210
0.0
220
0.0
230
1.0
 70
     8
 71
     3
 72
    14
 73
    10
 74
     0
 42
0.0000000001
 43
0.0000000001
 40
0.0
 40
0.0
 40
0.0
 40
0.0
 40
1.0
 40
1.0
 40
1.0
 40
2.0
 40
2.0
 40
2.0
 40
3.0
 40
3.0
 40
3.0
 40
3.0
 10
376.838441849192
 20
258.2978404855759
 30
0.0
 10
374.6192645785435
 20
258.2978404855759
 30
0.0
 10
372.8202659511098
 20
256.4988233696436
 30
0.0
 10
372.8202659511098
 20
254.2796232922765
 30
0.0
 10
372.8202659511098
 20
252.0604232149086
 30
0.0
 10
374.6192645785435
 20
250.2614060989763
 30
0.0
 10
376.838441849192
 20
250.2614060989763
 30
0.0
 10
376.8384418492126
 20
250.2614060989763
 30
0.0
 10
376.8384418492126
 20
250.2614060989763
 30
0.0
 10
376.8384418492324
 20
250.2614060989763
 30
0.0
  0
SPLINE
  5
67D
330
70
100
AcDbEntity
  8
03_AXES
 62
     7
370
    25
100
AcDbSpline
210
0.0
220
0.0
230
1.0
 70
     8
 71
     3
 72
    14
 73
    10
 74
     0
 42
0.0000000001
 43
0.0000000001
 40
0.0
 40
0.0
 40
0.0
 40
0.0
 40
1.0
 40
1.0
 40
1.0
 40
2.0
 40
2.0
 40
2.0
 40
3.0
 40
3.0
 40
3.0
 40
3.0
 10
342.0384418491914
 20
258.2978404855759
 30
0.0
 10
339.8192645785435
 20
258.2978404855759
 30
0.0
 10
338.0202659511098
 20
256.4988233696436
 30
0.0
 10
338.0202659511098
 20
254.2796232922765
 30
0.0
 10
338.0202659511098
 20
252.0604232149086
 30
0.0
 10
339.8192645785435
 20
250.2614060989763
 30
0.0
 10
342.0384418491914
 20
250.2614060989763
 30
0.0
 10
342.0384418492119
 20
250.2614060989763
 30
0.0
 10
342.0384418492119
 20
250.2614060989763
 30
0.0
 10
342.0384418492325
 20
250.2614060989763
 30
0.0
  0
SPLINE
  5
67E
330
70
100
AcDbEntity
  8
03_AXES
 62
     7
370
    25
100
AcDbSpline
210
0.0
220
0.0
230
1.0
 70
     8
 71
     3
 72
    14
 73
    10
 74
     0
 42
0.0000000001
 43
0.0000000001
 40
0.0
 40
0.0
 40
0.0
 40
0.0
 40
1.0
 40
1.0
 40
1.0
 40
2.0
 40
2.0
 40
2.0
 40
3.0
 40
3.0
 40
3.0
 40
3.0
 10
359.438441849192
 20
258.2978404855759
 30
0.0
 10
357.2192645785435
 20
258.2978404855759
 30
0.0
 10
355.4202659511098
 20
256.4988233696436
 30
0.0
 10
355.4202659511098
 20
254.2796232922765
 30
0.0
 10
355.4202659511098
 20
252.0604232149086
 30
0.0
 10
357.2192645785435
 20
250.2614060989763
 30
0.0
 10
359.438441849192
 20
250.2614060989763
 30
0.0
 10
359.4384418492119
 20
250.2614060989763
 30
0.0
 10
359.4384418492119
 20
250.2614060989763
 30
0.0
 10
359.4384418492325
 20
250.2614060989763
 30
0.0
  0
LINE
  5
680
330
70
100
AcDbEntity
  8
10_CHAMFER
 62
     7
370
    25
100
AcDbLine
 10
385.738441849192
 20
203.9452233814759
 30
0.0
 11
385.738441849192
 21
206.2704776525762
 31
0.0
  0
LINE
  5
681
330
70
100
AcDbEntity
  8
10_CHAMFER
 62
     7
370
    25
100
AcDbLine
 10
385.538443239492
 20
203.8279522083764
 30
0.0
 11
385.738441849192
 21
203.9452233079763
 31
0.0
  0
LINE
  5
682
330
70
100
AcDbEntity
  8
10_CHAMFER
 62
     7
370
    25
100
AcDbLine
 10
372.3884418491917
 20
175.7978404855759
 30
0.0
 11
372.3884418491917
 21
176.2978404855762
 31
0.0
  0
LINE
  5
683
330
70
100
AcDbEntity
  8
10_CHAMFER
 62
     7
370
    25
100
AcDbLine
 10
372.3884418491917
 20
263.297840485576
 30
0.0
 11
372.3884418491917
 21
263.7978404855764
 31
0.0
  0
LINE
  5
684
330
70
100
AcDbEntity
  8
10_CHAMFER
 62
     7
370
    25
100
AcDbLine
 10
372.088441849192
 20
175.9710455662762
 30
0.0
 11
372.088441849192
 21
177.2978404855756
 31
0.0
  0
LINE
  5
685
330
70
100
AcDbEntity
  8
10_CHAMFER
 62
     7
370
    25
100
AcDbLine
 10
372.088441849192
 20
262.2978404855761
 30
0.0
 11
372.088441849192
 21
263.6246354047759
 31
0.0
  0
LINE
  5
686
330
70
100
AcDbEntity
  8
10_CHAMFER
 62
     7
370
    25
100
AcDbLine
 10
354.9884418491917
 20
175.7978404855759
 30
0.0
 11
354.9884418491917
 21
176.2978404855762
 31
0.0
  0
LINE
  5
687
330
70
100
AcDbEntity
  8
10_CHAMFER
 62
     7
370
    25
100
AcDbLine
 10
354.9884418491917
 20
263.297840485576
 30
0.0
 11
354.9884418491917
 21
263.7978404855764
 31
0.0
  0
LINE
  5
688
330
70
100
AcDbEntity
  8
10_CHAMFER
 62
     7
370
    25
100
AcDbLine
 10
354.6884418491921
 20
175.9710455662762
 30
0.0
 11
354.6884418491921
 21
177.2978404855756
 31
0.0
  0
LINE
  5
689
330
70
100
AcDbEntity
  8
10_CHAMFER
 62
     7
370
    25
100
AcDbLine
 10
354.6884418491921
 20
262.2978404855761
 30
0.0
 11
354.6884418491921
 21
263.6246354047759
 31
0.0
  0
LINE
  5
68A
330
70
100
AcDbEntity
  8
10_CHAMFER
 62
     7
370
    25
100
AcDbLine
 10
372.3884418491917
 20
263.297840485576
 30
0.0
 11
372.088441849192
 21
263.0528915112761
 31
0.0
  0
LINE
  5
68B
330
70
100
AcDbEntity
  8
10_CHAMFER
 62
     7
370
    25
100
AcDbLine
 10
336.6384418491918
 20
217.3775388345763
 30
0.0
 11
337.1384418491916
 21
217.3775388345763
 31
0.0
  0
LINE
  5
68C
330
70
100
AcDbEntity
  8
10_CHAMFER
 62
     7
370
    25
100
AcDbLine
 10
337.5884418491917
 20
175.7978404855759
 30
0.0
 11
337.2884418491914
 21
175.9710455662762
 31
0.0
  0
LINE
  5
68D
330
70
100
AcDbEntity
  8
10_CHAMFER
 62
     7
370
    25
100
AcDbLine
 10
354.9884418491917
 20
175.7978404855759
 30
0.0
 11
354.6884418491921
 21
175.9710455662762
 31
0.0
  0
LINE
  5
68E
330
70
100
AcDbEntity
  8
10_CHAMFER
 62
     7
370
    25
100
AcDbLine
 10
337.5884418491917
 20
175.7978404855759
 30
0.0
 11
337.5884418491917
 21
176.2978404855762
 31
0.0
  0
LINE
  5
68F
330
70
100
AcDbEntity
  8
10_CHAMFER
 62
     7
370
    25
100
AcDbLine
 10
337.5884418491917
 20
263.297840485576
 30
0.0
 11
337.5884418491917
 21
263.7978404855764
 31
0.0
  0
LINE
  5
690
330
70
100
AcDbEntity
  8
10_CHAMFER
 62
     7
370
    25
100
AcDbLine
 10
337.2884418491914
 20
175.9710455662762
 30
0.0
 11
337.2884418491914
 21
177.2978404855756
 31
0.0
  0
LINE
  5
691
330
70
100
AcDbEntity
  8
10_CHAMFER
 62
     7
370
    25
100
AcDbLine
 10
337.2884418491914
 20
262.2978404855761
 30
0.0
 11
337.2884418491914
 21
263.6246354047759
 31
0.0
  0
LINE
  5
692
330
70
100
AcDbEntity
  8
10_CHAMFER
 62
     7
370
    25
100
AcDbLine
 10
354.9884418491917
 20
263.297840485576
 30
0.0
 11
354.6884418491921
 21
263.0528915112761
 31
0.0
  0
LINE
  5
693
330
70
100
AcDbEntity
  8
10_CHAMFER
 62
     7
370
    25
100
AcDbLine
 10
372.3884418491917
 20
263.7978404855764
 30
0.0
 11
372.088441849192
 21
263.6246354047759
 31
0.0
  0
LINE
  5
694
330
70
100
AcDbEntity
  8
10_CHAMFER
 62
     7
370
    25
100
AcDbLine
 10
372.3884418491917
 20
175.7978404855759
 30
0.0
 11
372.088441849192
 21
175.9710455662762
 31
0.0
  0
LINE
  5
695
330
70
100
AcDbEntity
  8
10_CHAMFER
 62
     7
370
    25
100
AcDbLine
 10
337.5884418491917
 20
176.2978404855762
 30
0.0
 11
337.2884418491914
 21
176.5427894598762
 31
0.0
  0
LINE
  5
696
330
70
100
AcDbEntity
  8
10_CHAMFER
 62
     7
370
    25
100
AcDbLine
 10
337.5884418491917
 20
263.297840485576
 30
0.0
 11
337.2884418491914
 21
263.0528915112761
 31
0.0
  0
LINE
  5
697
330
70
100
AcDbEntity
  8
10_CHAMFER
 62
     7
370
    25
100
AcDbLine
 10
354.9884418491917
 20
263.7978404855764
 30
0.0
 11
354.6884418491921
 21
263.6246354047759
 31
0.0
  0
LINE
  5
698
330
70
100
AcDbEntity
  8
10_CHAMFER
 62
     7
370
    25
100
AcDbLine
 10
337.5884418491917
 20
263.7978404855764
 30
0.0
 11
337.2884418491914
 21
263.6246354047759
 31
0.0
  0
LINE
  5
699
330
70
100
AcDbEntity
  8
10_CHAMFER
 62
     7
370
    25
100
AcDbLine
 10
340.2668306122917
 20
250.7962642329765
 30
0.0
 11
340.1543508047919
 21
250.797910830476
 31
0.0
  0
LINE
  5
69A
330
70
100
AcDbEntity
  8
10_CHAMFER
 62
     7
370
    25
100
AcDbLine
 10
357.6668306122916
 20
250.7962642329765
 30
0.0
 11
357.5543508047918
 21
250.797910830476
 31
0.0
  0
LINE
  5
69B
330
70
100
AcDbEntity
  8
10_CHAMFER
 62
     7
370
    25
100
AcDbLine
 10
375.0668306122916
 20
250.7962642329765
 30
0.0
 11
374.9543508047918
 21
250.797910830476
 31
0.0
  0
LINE
  5
69C
330
70
100
AcDbEntity
  8
10_CHAMFER
 62
     7
370
    25
100
AcDbLine
 10
354.9884418491917
 20
176.2978404855762
 30
0.0
 11
354.6884418491921
 21
176.5427894598762
 31
0.0
  0
LINE
  5
69D
330
70
100
AcDbEntity
  8
10_CHAMFER
 62
     7
370
    25
100
AcDbLine
 10
372.3884418491917
 20
176.2978404855762
 30
0.0
 11
372.088441849192
 21
176.5427894598762
 31
0.0
  0
LINE
  5
69E
330
70
100
AcDbEntity
  8
10_CHAMFER
 62
     7
370
    25
100
AcDbLine
 10
385.738441849192
 20
206.2704790532762
 30
0.0
 11
385.538441849192
 21
206.3859490848761
 31
0.0
  0
LINE
  5
6A0
330
70
100
AcDbEntity
  8
09_ROUNDS
 62
     7
370
    25
100
AcDbLine
 10
373.9609496687914
 20
176.317766604276
 30
0.0
 11
373.088441849192
 21
176.3089744137759
 31
0.0
  0
LINE
  5
6A1
330
70
100
AcDbEntity
  8
09_ROUNDS
 62
     7
370
    25
100
AcDbLine
 10
356.5609496687915
 20
176.317766604276
 30
0.0
 11
355.688441849192
 21
176.3089744137759
 31
0.0
  0
LINE
  5
6A2
330
70
100
AcDbEntity
  8
09_ROUNDS
 62
     7
370
    25
100
AcDbLine
 10
373.9579267465915
 20
176.6177513737762
 30
0.0
 11
373.088441849192
 21
176.6089896449758
 31
0.0
  0
LINE
  5
6A3
330
70
100
AcDbEntity
  8
09_ROUNDS
 62
     7
370
    25
100
AcDbLine
 10
339.1609496687915
 20
176.317766604276
 30
0.0
 11
338.2884418491914
 21
176.3089744137759
 31
0.0
  0
LINE
  5
6A4
330
70
100
AcDbEntity
  8
09_ROUNDS
 62
     7
370
    25
100
AcDbLine
 10
356.5579267465915
 20
176.6177513737762
 30
0.0
 11
355.688441849192
 21
176.6089896449758
 31
0.0
  0
LINE
  5
6A5
330
70
100
AcDbEntity
  8
09_ROUNDS
 62
     7
370
    25
100
AcDbLine
 10
339.1579267465916
 20
176.6177513737762
 30
0.0
 11
338.2884418491914
 21
176.6089896449758
 31
0.0
  0
LINE
  5
6A6
330
70
100
AcDbEntity
  8
09_ROUNDS
 62
     7
370
    25
100
AcDbLine
 10
372.7884418491917
 20
175.7978404855759
 30
0.0
 11
372.3884418491917
 21
175.7978404855759
 31
0.0
  0
LINE
  5
6A7
330
70
100
AcDbEntity
  8
09_ROUNDS
 62
     7
370
    25
100
AcDbLine
 10
355.3884418491918
 20
175.7978404855759
 30
0.0
 11
354.9884418491917
 21
175.7978404855759
 31
0.0
  0
LINE
  5
6A8
330
70
100
AcDbEntity
  8
09_ROUNDS
 62
     7
370
    25
100
AcDbLine
 10
337.9884418491918
 20
175.7978404855759
 30
0.0
 11
337.5884418491917
 21
175.7978404855759
 31
0.0
  0
LINE
  5
6A9
330
70
100
AcDbEntity
  8
09_ROUNDS
 62
     7
370
    25
100
AcDbLine
 10
372.7884418491917
 20
176.2978404855762
 30
0.0
 11
372.3884418491917
 21
176.2978404855762
 31
0.0
  0
LINE
  5
6AA
330
70
100
AcDbEntity
  8
09_ROUNDS
 62
     7
370
    25
100
AcDbLine
 10
355.3884418491918
 20
176.2978404855762
 30
0.0
 11
354.9884418491917
 21
176.2978404855762
 31
0.0
  0
LINE
  5
6AB
330
70
100
AcDbEntity
  8
09_ROUNDS
 62
     7
370
    25
100
AcDbLine
 10
337.9884418491918
 20
176.2978404855762
 30
0.0
 11
337.5884418491917
 21
176.2978404855762
 31
0.0
  0
LINE
  5
6AC
330
70
100
AcDbEntity
  8
09_ROUNDS
 62
     7
370
    25
100
AcDbLine
 10
374.2579267465918
 20
176.6177513737762
 30
0.0
 11
373.9579267465915
 21
176.6177513737762
 31
0.0
  0
LINE
  5
6AD
330
70
100
AcDbEntity
  8
09_ROUNDS
 62
     7
370
    25
100
AcDbLine
 10
356.8579267465919
 20
176.6177513737762
 30
0.0
 11
356.5579267465915
 21
176.6177513737762
 31
0.0
  0
LINE
  5
6AE
330
70
100
AcDbEntity
  8
09_ROUNDS
 62
     7
370
    25
100
AcDbLine
 10
339.4579267465919
 20
176.6177513737762
 30
0.0
 11
339.1579267465916
 21
176.6177513737762
 31
0.0
  0
LINE
  5
6AF
330
70
100
AcDbEntity
  8
09_ROUNDS
 62
     7
370
    25
100
AcDbLine
 10
365.5884418491914
 20
177.1978404855759
 30
0.0
 11
364.188441849192
 21
177.1978404855759
 31
0.0
  0
LINE
  5
6B0
330
70
100
AcDbEntity
  8
09_ROUNDS
 62
     7
370
    25
100
AcDbLine
 10
373.9609496687914
 20
176.317766604276
 30
0.0
 11
373.9579267465915
 21
176.6177513737762
 31
0.0
  0
LINE
  5
6B1
330
70
100
AcDbEntity
  8
09_ROUNDS
 62
     7
370
    25
100
AcDbLine
 10
383.5384418491919
 20
217.3775388345763
 30
0.0
 11
383.5384418491919
 21
213.1783629086761
 31
0.0
  0
LINE
  5
6B2
330
70
100
AcDbEntity
  8
09_ROUNDS
 62
     7
370
    25
100
AcDbLine
 10
381.7384418491919
 20
218.4381654757764
 30
0.0
 11
381.7384418491919
 21
219.1687623584765
 31
0.0
  0
LINE
  5
6B3
330
70
100
AcDbEntity
  8
09_ROUNDS
 62
     7
370
    25
100
AcDbLine
 10
377.5384418491917
 20
216.7767168603761
 30
0.0
 11
377.5384418491917
 21
216.7322019596759
 31
0.0
  0
LINE
  5
6B4
330
70
100
AcDbEntity
  8
09_ROUNDS
 62
     7
370
    25
100
AcDbLine
 10
377.238441849192
 20
216.7322019596759
 30
0.0
 11
377.238441849192
 21
217.0054382318763
 31
0.0
  0
LINE
  5
6B5
330
70
100
AcDbEntity
  8
09_ROUNDS
 62
     7
370
    25
100
AcDbLine
 10
376.838441849192
 20
250.5478404855758
 30
0.0
 11
376.838441849192
 21
250.5245465039756
 31
0.0
  0
LINE
  5
6B6
330
70
100
AcDbEntity
  8
09_ROUNDS
 62
     7
370
    25
100
AcDbLine
 10
374.8384418491919
 20
223.9436578853759
 30
0.0
 11
374.8384418491919
 21
223.6271620185764
 31
0.0
  0
LINE
  5
6B7
330
70
100
AcDbEntity
  8
09_ROUNDS
 62
     7
370
    25
100
AcDbLine
 10
374.6509418491916
 20
223.9418359054758
 30
0.0
 11
374.6509418491916
 21
223.6271620185764
 31
0.0
  0
LINE
  5
6B8
330
70
100
AcDbEntity
  8
09_ROUNDS
 62
     7
370
    25
100
AcDbLine
 10
374.5384418491916
 20
223.9407427175764
 30
0.0
 11
374.5384418491916
 21
223.6271620185764
 31
0.0
  0
LINE
  5
6B9
330
70
100
AcDbEntity
  8
09_ROUNDS
 62
     7
370
    25
100
AcDbLine
 10
374.3384418491916
 20
223.6271620185764
 30
0.0
 11
374.3384418491916
 21
223.938799272276
 31
0.0
  0
LINE
  5
6BA
330
70
100
AcDbEntity
  8
09_ROUNDS
 62
     7
370
    25
100
AcDbLine
 10
374.2579267465918
 20
177.2978404855756
 30
0.0
 11
374.2579267465918
 21
176.6177513737762
 31
0.0
  0
LINE
  5
6BB
330
70
100
AcDbEntity
  8
09_ROUNDS
 62
     7
370
    25
100
AcDbLine
 10
373.9579267465915
 20
177.2978404855756
 30
0.0
 11
373.9579267465915
 21
176.6177513737762
 31
0.0
  0
LINE
  5
6BC
330
70
100
AcDbEntity
  8
09_ROUNDS
 62
     7
370
    25
100
AcDbLine
 10
373.088441849192
 20
176.0978404855762
 30
0.0
 11
373.088441849192
 21
177.2978404855756
 31
0.0
  0
LINE
  5
6BD
330
70
100
AcDbEntity
  8
09_ROUNDS
 62
     7
370
    25
100
AcDbLine
 10
373.088441849192
 20
262.2978404855761
 30
0.0
 11
373.088441849192
 21
263.4978404855761
 31
0.0
  0
LINE
  5
6BE
330
70
100
AcDbEntity
  8
09_ROUNDS
 62
     7
370
    25
100
AcDbLine
 10
372.7884418491917
 20
175.7978404855759
 30
0.0
 11
372.7884418491917
 21
176.2978404855762
 31
0.0
  0
LINE
  5
6BF
330
70
100
AcDbEntity
  8
09_ROUNDS
 62
     7
370
    25
100
AcDbLine
 10
372.7884418491917
 20
263.297840485576
 30
0.0
 11
372.7884418491917
 21
263.7978404855764
 31
0.0
  0
LINE
  5
6C0
330
70
100
AcDbEntity
  8
09_ROUNDS
 62
     7
370
    25
100
AcDbLine
 10
371.9384418491915
 20
218.4381654757764
 30
0.0
 11
371.9384418491915
 21
219.1687623584765
 31
0.0
  0
LINE
  5
6C1
330
70
100
AcDbEntity
  8
09_ROUNDS
 62
     7
370
    25
100
AcDbLine
 10
365.5884418491914
 20
177.1978404855759
 30
0.0
 11
365.5884418491914
 21
177.2978404855756
 31
0.0
  0
LINE
  5
6C2
330
70
100
AcDbEntity
  8
09_ROUNDS
 62
     7
370
    25
100
AcDbLine
 10
365.2884418491918
 20
177.1978404855759
 30
0.0
 11
365.2884418491918
 21
177.2978404855756
 31
0.0
  0
LINE
  5
6C3
330
70
100
AcDbEntity
  8
09_ROUNDS
 62
     7
370
    25
100
AcDbLine
 10
364.3384418491919
 20
218.4381654757764
 30
0.0
 11
364.3384418491919
 21
219.1687623584765
 31
0.0
  0
LINE
  5
6C4
330
70
100
AcDbEntity
  8
09_ROUNDS
 62
     7
370
    25
100
AcDbLine
 10
359.438441849192
 20
250.5478404855758
 30
0.0
 11
359.438441849192
 21
250.5245465039756
 31
0.0
  0
LINE
  5
6C5
330
70
100
AcDbEntity
  8
09_ROUNDS
 62
     7
370
    25
100
AcDbLine
 10
357.438441849192
 20
223.9436578853759
 30
0.0
 11
357.438441849192
 21
223.6271620185764
 31
0.0
  0
LINE
  5
6C6
330
70
100
AcDbEntity
  8
09_ROUNDS
 62
     7
370
    25
100
AcDbLine
 10
357.2509418491916
 20
223.9418359054758
 30
0.0
 11
357.2509418491916
 21
223.6271620185764
 31
0.0
  0
LINE
  5
6C7
330
70
100
AcDbEntity
  8
09_ROUNDS
 62
     7
370
    25
100
AcDbLine
 10
357.1384418491916
 20
223.9407427175764
 30
0.0
 11
357.1384418491916
 21
223.6271620185764
 31
0.0
  0
LINE
  5
6C8
330
70
100
AcDbEntity
  8
09_ROUNDS
 62
     7
370
    25
100
AcDbLine
 10
356.8579267465919
 20
177.2978404855756
 30
0.0
 11
356.8579267465919
 21
176.6177513737762
 31
0.0
  0
LINE
  5
6C9
330
70
100
AcDbEntity
  8
09_ROUNDS
 62
     7
370
    25
100
AcDbLine
 10
356.5579267465915
 20
177.2978404855756
 30
0.0
 11
356.5579267465915
 21
176.6177513737762
 31
0.0
  0
LINE
  5
6CA
330
70
100
AcDbEntity
  8
09_ROUNDS
 62
     7
370
    25
100
AcDbLine
 10
356.5609496687915
 20
176.317766604276
 30
0.0
 11
356.5579267465915
 21
176.6177513737762
 31
0.0
  0
LINE
  5
6CB
330
70
100
AcDbEntity
  8
09_ROUNDS
 62
     7
370
    25
100
AcDbLine
 10
355.688441849192
 20
176.0978404855762
 30
0.0
 11
355.688441849192
 21
177.2978404855756
 31
0.0
  0
LINE
  5
6CC
330
70
100
AcDbEntity
  8
09_ROUNDS
 62
     7
370
    25
100
AcDbLine
 10
355.688441849192
 20
262.2978404855761
 30
0.0
 11
355.688441849192
 21
263.4978404855761
 31
0.0
  0
LINE
  5
6CD
330
70
100
AcDbEntity
  8
09_ROUNDS
 62
     7
370
    25
100
AcDbLine
 10
355.3884418491918
 20
175.7978404855759
 30
0.0
 11
355.3884418491918
 21
176.2978404855762
 31
0.0
  0
LINE
  5
6CE
330
70
100
AcDbEntity
  8
09_ROUNDS
 62
     7
370
    25
100
AcDbLine
 10
355.3884418491918
 20
263.297840485576
 30
0.0
 11
355.3884418491918
 21
263.7978404855764
 31
0.0
  0
LINE
  5
6CF
330
70
100
AcDbEntity
  8
09_ROUNDS
 62
     7
370
    25
100
AcDbLine
 10
354.5384418491916
 20
218.4381654757764
 30
0.0
 11
354.5384418491916
 21
219.1687623584765
 31
0.0
  0
LINE
  5
6D0
330
70
100
AcDbEntity
  8
09_ROUNDS
 62
     7
370
    25
100
AcDbLine
 10
346.9384418491919
 20
218.4381654757764
 30
0.0
 11
346.9384418491919
 21
219.1687623584765
 31
0.0
  0
LINE
  5
6D1
330
70
100
AcDbEntity
  8
09_ROUNDS
 62
     7
370
    25
100
AcDbLine
 10
342.0384418491914
 20
250.5478404855758
 30
0.0
 11
342.0384418491914
 21
250.5245465039756
 31
0.0
  0
LINE
  5
6D2
330
70
100
AcDbEntity
  8
09_ROUNDS
 62
     7
370
    25
100
AcDbLine
 10
371.5884418080915
 20
223.912082284876
 30
0.0
 11
376.838441849192
 21
223.9630923378761
 31
0.0
  0
LINE
  5
6D3
330
70
100
AcDbEntity
  8
09_ROUNDS
 62
     7
370
    25
100
AcDbLine
 10
354.1884418080915
 20
223.912082284876
 30
0.0
 11
359.438441849192
 21
223.9630923378761
 31
0.0
  0
LINE
  5
6D4
330
70
100
AcDbEntity
  8
09_ROUNDS
 62
     7
370
    25
100
AcDbLine
 10
383.5384418491919
 20
215.6336637130761
 30
0.0
 11
382.8746493999918
 21
215.6336637130761
 31
0.0
  0
LINE
  5
6D5
330
70
100
AcDbEntity
  8
09_ROUNDS
 62
     7
370
    25
100
AcDbLine
 10
336.6384418491918
 20
217.0054382318763
 30
0.0
 11
337.6384418491919
 21
217.0054382318763
 31
0.0
  0
LINE
  5
6D6
330
70
100
AcDbEntity
  8
09_ROUNDS
 62
     7
370
    25
100
AcDbLine
 10
339.638441849192
 20
217.0054382318763
 30
0.0
 11
340.638441849192
 21
217.0054382318763
 31
0.0
  0
LINE
  5
6D7
330
70
100
AcDbEntity
  8
09_ROUNDS
 62
     7
370
    25
100
AcDbLine
 10
373.1384418491916
 20
217.0054382318763
 30
0.0
 11
374.1384418491916
 21
217.0054382318763
 31
0.0
  0
LINE
  5
6D8
330
70
100
AcDbEntity
  8
09_ROUNDS
 62
     7
370
    25
100
AcDbLine
 10
376.638441849192
 20
217.0054382318763
 30
0.0
 11
377.238441849192
 21
217.0054382318763
 31
0.0
  0
LINE
  5
6D9
330
70
100
AcDbEntity
  8
09_ROUNDS
 62
     7
370
    25
100
AcDbLine
 10
377.638441849192
 20
217.496054874776
 30
0.0
 11
373.1384418491916
 21
217.496054874776
 31
0.0
  0
LINE
  5
6DA
330
70
100
AcDbEntity
  8
09_ROUNDS
 62
     7
370
    25
100
AcDbLine
 10
340.638441849192
 20
217.496054874776
 30
0.0
 11
337.1384418491916
 21
217.496054874776
 31
0.0
  0
LINE
  5
6DB
330
70
100
AcDbEntity
  8
09_ROUNDS
 62
     7
370
    25
100
AcDbLine
 10
377.638441849192
 20
217.5815023525764
 30
0.0
 11
373.1384418491916
 21
217.5815023525764
 31
0.0
  0
LINE
  5
6DC
330
70
100
AcDbEntity
  8
09_ROUNDS
 62
     7
370
    25
100
AcDbLine
 10
340.638441849192
 20
217.5815023525764
 30
0.0
 11
337.1384418491916
 21
217.5815023525764
 31
0.0
  0
LINE
  5
6DD
330
70
100
AcDbEntity
  8
09_ROUNDS
 62
     7
370
    25
100
AcDbLine
 10
381.7384418491919
 20
218.488892430276
 30
0.0
 11
371.9384418491915
 21
218.488892430276
 31
0.0
  0
LINE
  5
6DE
330
70
100
AcDbEntity
  8
09_ROUNDS
 62
     7
370
    25
100
AcDbLine
 10
364.3384418491919
 20
218.488892430276
 30
0.0
 11
354.5384418491916
 21
218.488892430276
 31
0.0
  0
LINE
  5
6DF
330
70
100
AcDbEntity
  8
09_ROUNDS
 62
     7
370
    25
100
AcDbLine
 10
346.9384418491919
 20
218.488892430276
 30
0.0
 11
337.1384418491916
 21
218.488892430276
 31
0.0
  0
LINE
  5
6E0
330
70
100
AcDbEntity
  8
09_ROUNDS
 62
     7
370
    25
100
AcDbLine
 10
381.7384418491919
 20
218.7041782872759
 30
0.0
 11
371.9384418491915
 21
218.7041782872759
 31
0.0
  0
LINE
  5
6E1
330
70
100
AcDbEntity
  8
09_ROUNDS
 62
     7
370
    25
100
AcDbLine
 10
364.3384418491919
 20
218.7041782872759
 30
0.0
 11
354.5384418491916
 21
218.7041782872759
 31
0.0
  0
LINE
  5
6E2
330
70
100
AcDbEntity
  8
09_ROUNDS
 62
     7
370
    25
100
AcDbLine
 10
346.9384418491919
 20
218.7041782872759
 30
0.0
 11
337.1384418491916
 21
218.7041782872759
 31
0.0
  0
LINE
  5
6E3
330
70
100
AcDbEntity
  8
09_ROUNDS
 62
     7
370
    25
100
AcDbLine
 10
381.7384418491919
 20
219.1687623584765
 30
0.0
 11
371.9384418491915
 21
219.1687623584765
 31
0.0
  0
LINE
  5
6E4
330
70
100
AcDbEntity
  8
09_ROUNDS
 62
     7
370
    25
100
AcDbLine
 10
364.3384418491919
 20
219.1687623584765
 30
0.0
 11
354.5384418491916
 21
219.1687623584765
 31
0.0
  0
LINE
  5
6E5
330
70
100
AcDbEntity
  8
09_ROUNDS
 62
     7
370
    25
100
AcDbLine
 10
346.9384418491919
 20
219.1687623584765
 30
0.0
 11
337.1384418491916
 21
219.1687623584765
 31
0.0
  0
LINE
  5
6E6
330
70
100
AcDbEntity
  8
09_ROUNDS
 62
     7
370
    25
100
AcDbLine
 10
339.1609496687915
 20
176.317766604276
 30
0.0
 11
339.1579267465916
 21
176.6177513737762
 31
0.0
  0
LINE
  5
6E7
330
70
100
AcDbEntity
  8
09_ROUNDS
 62
     7
370
    25
100
AcDbLine
 10
340.038441849192
 20
223.9436578853759
 30
0.0
 11
340.038441849192
 21
223.6271620185764
 31
0.0
  0
LINE
  5
6E8
330
70
100
AcDbEntity
  8
09_ROUNDS
 62
     7
370
    25
100
AcDbLine
 10
339.8509418491917
 20
223.9418359054758
 30
0.0
 11
339.8509418491917
 21
223.6271620185764
 31
0.0
  0
LINE
  5
6E9
330
70
100
AcDbEntity
  8
09_ROUNDS
 62
     7
370
    25
100
AcDbLine
 10
339.7384418491916
 20
223.9407427175764
 30
0.0
 11
339.7384418491916
 21
223.6271620185764
 31
0.0
  0
LINE
  5
6EA
330
70
100
AcDbEntity
  8
09_ROUNDS
 62
     7
370
    25
100
AcDbLine
 10
339.4579267465919
 20
177.2978404855756
 30
0.0
 11
339.4579267465919
 21
176.6177513737762
 31
0.0
  0
LINE
  5
6EB
330
70
100
AcDbEntity
  8
09_ROUNDS
 62
     7
370
    25
100
AcDbLine
 10
339.1579267465916
 20
177.2978404855756
 30
0.0
 11
339.1579267465916
 21
176.6177513737762
 31
0.0
  0
LINE
  5
6EC
330
70
100
AcDbEntity
  8
09_ROUNDS
 62
     7
370
    25
100
AcDbLine
 10
339.0384418491919
 20
223.9339406591761
 30
0.0
 11
339.0384418491919
 21
223.6271620185764
 31
0.0
  0
LINE
  5
6ED
330
70
100
AcDbEntity
  8
09_ROUNDS
 62
     7
370
    25
100
AcDbLine
 10
338.2884418491914
 20
176.0978404855762
 30
0.0
 11
338.2884418491914
 21
177.2978404855756
 31
0.0
  0
LINE
  5
6EE
330
70
100
AcDbEntity
  8
09_ROUNDS
 62
     7
370
    25
100
AcDbLine
 10
338.2884418491914
 20
262.2978404855761
 30
0.0
 11
338.2884418491914
 21
263.4978404855761
 31
0.0
  0
LINE
  5
6EF
330
70
100
AcDbEntity
  8
09_ROUNDS
 62
     7
370
    25
100
AcDbLine
 10
337.9884418491918
 20
175.7978404855759
 30
0.0
 11
337.9884418491918
 21
176.2978404855762
 31
0.0
  0
LINE
  5
6F0
330
70
100
AcDbEntity
  8
09_ROUNDS
 62
     7
370
    25
100
AcDbLine
 10
337.9884418491918
 20
263.297840485576
 30
0.0
 11
337.9884418491918
 21
263.7978404855764
 31
0.0
  0
LINE
  5
6F1
330
70
100
AcDbEntity
  8
09_ROUNDS
 62
     7
370
    25
100
AcDbLine
 10
337.1384418491916
 20
217.3775388345763
 30
0.0
 11
337.1384418491916
 21
217.5814911965757
 31
0.0
  0
LINE
  5
6F2
330
70
100
AcDbEntity
  8
09_ROUNDS
 62
     7
370
    25
100
AcDbLine
 10
337.1384418491916
 20
218.4381654757764
 30
0.0
 11
337.1384418491916
 21
219.1687623584765
 31
0.0
  0
LINE
  5
6F3
330
70
100
AcDbEntity
  8
09_ROUNDS
 62
     7
370
    25
100
AcDbLine
 10
336.7884418080915
 20
223.912082284876
 30
0.0
 11
342.0384418491914
 21
223.9630923378761
 31
0.0
  0
LINE
  5
6F4
330
70
100
AcDbEntity
  8
09_ROUNDS
 62
     7
370
    25
100
AcDbLine
 10
374.3384418491916
 20
223.6739125201764
 30
0.0
 11
373.6384418491919
 21
223.6739125201764
 31
0.0
  0
LINE
  5
6F5
330
70
100
AcDbEntity
  8
09_ROUNDS
 62
     7
370
    25
100
AcDbLine
 10
357.1384418491916
 20
223.6739125201764
 30
0.0
 11
356.238441849192
 21
223.6739125201764
 31
0.0
  0
LINE
  5
6F6
330
70
100
AcDbEntity
  8
09_ROUNDS
 62
     7
370
    25
100
AcDbLine
 10
347.2884418497918
 20
223.8939301869762
 30
0.0
 11
345.3384418491918
 21
223.9128638813763
 31
0.0
  0
LINE
  5
6F7
330
70
100
AcDbEntity
  8
09_ROUNDS
 62
     7
370
    25
100
AcDbLine
 10
364.6884418497917
 20
223.8939301869762
 30
0.0
 11
362.7384418491918
 21
223.9128638813763
 31
0.0
  0
LINE
  5
6F8
330
70
100
AcDbEntity
  8
09_ROUNDS
 62
     7
370
    25
100
AcDbLine
 10
382.0884418497917
 20
223.8939301869762
 30
0.0
 11
380.1384418491918
 21
223.9128638813763
 31
0.0
  0
LINE
  5
6F9
330
70
100
AcDbEntity
  8
09_ROUNDS
 62
     7
370
    25
100
AcDbLine
 10
342.0384418491914
 20
250.3448047322763
 30
0.0
 11
341.9490513018919
 21
250.3464669126759
 31
0.0
  0
LINE
  5
6FA
330
70
100
AcDbEntity
  8
09_ROUNDS
 62
     7
370
    25
100
AcDbLine
 10
359.438441849192
 20
250.3448047322763
 30
0.0
 11
359.3490513018918
 21
250.3464669126759
 31
0.0
  0
LINE
  5
6FB
330
70
100
AcDbEntity
  8
09_ROUNDS
 62
     7
370
    25
100
AcDbLine
 10
376.838441849192
 20
250.3448047322763
 30
0.0
 11
376.7490513018918
 21
250.3464669126759
 31
0.0
  0
LINE
  5
6FC
330
70
100
AcDbEntity
  8
09_ROUNDS
 62
     7
370
    25
100
AcDbLine
 10
340.7491618813915
 20
250.5684261128762
 30
0.0
 11
340.6795907588915
 21
250.5707711159761
 31
0.0
  0
LINE
  5
6FD
330
70
100
AcDbEntity
  8
09_ROUNDS
 62
     7
370
    25
100
AcDbLine
 10
376.838441849192
 20
258.2305446704763
 30
0.0
 11
376.489751965092
 21
258.2244582658761
 31
0.0
  0
LINE
  5
6FE
330
70
100
AcDbEntity
  8
09_ROUNDS
 62
     7
370
    25
100
AcDbLine
 10
359.438441849192
 20
258.2305446704763
 30
0.0
 11
359.089751965092
 21
258.2244582658761
 31
0.0
  0
LINE
  5
6FF
330
70
100
AcDbEntity
  8
09_ROUNDS
 62
     7
370
    25
100
AcDbLine
 10
342.0384418491914
 20
258.2305446704763
 30
0.0
 11
341.6897519650914
 21
258.2244582658761
 31
0.0
  0
LINE
  5
700
330
70
100
AcDbEntity
  8
09_ROUNDS
 62
     7
370
    25
100
AcDbLine
 10
337.5884418491917
 20
263.297840485576
 30
0.0
 11
337.9884418491918
 21
263.297840485576
 31
0.0
  0
LINE
  5
701
330
70
100
AcDbEntity
  8
09_ROUNDS
 62
     7
370
    25
100
AcDbLine
 10
354.9884418491917
 20
263.297840485576
 30
0.0
 11
355.3884418491918
 21
263.297840485576
 31
0.0
  0
LINE
  5
702
330
70
100
AcDbEntity
  8
09_ROUNDS
 62
     7
370
    25
100
AcDbLine
 10
372.3884418491917
 20
263.297840485576
 30
0.0
 11
372.7884418491917
 21
263.297840485576
 31
0.0
  0
LINE
  5
703
330
70
100
AcDbEntity
  8
09_ROUNDS
 62
     7
370
    25
100
AcDbLine
 10
376.838441849192
 20
263.4978404855761
 30
0.0
 11
373.088441849192
 21
263.4978404855761
 31
0.0
  0
LINE
  5
704
330
70
100
AcDbEntity
  8
09_ROUNDS
 62
     7
370
    25
100
AcDbLine
 10
359.438441849192
 20
263.4978404855761
 30
0.0
 11
355.688441849192
 21
263.4978404855761
 31
0.0
  0
LINE
  5
705
330
70
100
AcDbEntity
  8
09_ROUNDS
 62
     7
370
    25
100
AcDbLine
 10
342.0384418491914
 20
263.4978404855761
 30
0.0
 11
338.2884418491914
 21
263.4978404855761
 31
0.0
  0
LINE
  5
706
330
70
100
AcDbEntity
  8
09_ROUNDS
 62
     7
370
    25
100
AcDbLine
 10
376.838441849192
 20
263.7978404855764
 30
0.0
 11
372.3884418491917
 21
263.7978404855764
 31
0.0
  0
LINE
  5
707
330
70
100
AcDbEntity
  8
09_ROUNDS
 62
     7
370
    25
100
AcDbLine
 10
359.438441849192
 20
263.7978404855764
 30
0.0
 11
354.9884418491917
 21
263.7978404855764
 31
0.0
  0
LINE
  5
708
330
70
100
AcDbEntity
  8
09_ROUNDS
 62
     7
370
    25
100
AcDbLine
 10
342.0384418491914
 20
263.7978404855764
 30
0.0
 11
337.5884418491917
 21
263.7978404855764
 31
0.0
  0
LINE
  5
709
330
70
100
AcDbEntity
  8
09_ROUNDS
 62
     7
370
    25
100
AcDbLine
 10
358.1491618813915
 20
250.5684261128762
 30
0.0
 11
358.0795907588915
 21
250.5707711159761
 31
0.0
  0
LINE
  5
70A
330
70
100
AcDbEntity
  8
09_ROUNDS
 62
     7
370
    25
100
AcDbLine
 10
375.5491618813915
 20
250.5684261128762
 30
0.0
 11
375.4795907588915
 21
250.5707711159761
 31
0.0
  0
LINE
  5
70B
330
70
100
AcDbEntity
  8
09_ROUNDS
 62
     7
370
    25
100
AcDbLine
 10
341.9490513018919
 20
250.3464669126759
 30
0.0
 11
341.8406872345917
 21
250.3513771804758
 31
0.0
  0
LINE
  5
70C
330
70
100
AcDbEntity
  8
09_ROUNDS
 62
     7
370
    25
100
AcDbLine
 10
359.3490513018918
 20
250.3464669126759
 30
0.0
 11
359.2406872345917
 21
250.3513771804758
 31
0.0
  0
LINE
  5
70D
330
70
100
AcDbEntity
  8
09_ROUNDS
 62
     7
370
    25
100
AcDbLine
 10
376.7490513018918
 20
250.3464669126759
 30
0.0
 11
376.6406872345917
 21
250.3513771804758
 31
0.0
  0
LINE
  5
70E
330
70
100
AcDbEntity
  8
09_ROUNDS
 62
     7
370
    25
100
AcDbLine
 10
341.8406872345917
 20
250.3513771804758
 30
0.0
 11
341.7357351046916
 21
250.3591764863758
 31
0.0
  0
LINE
  5
70F
330
70
100
AcDbEntity
  8
09_ROUNDS
 62
     7
370
    25
100
AcDbLine
 10
359.2406872345917
 20
250.3513771804758
 30
0.0
 11
359.1357351046915
 21
250.3591764863758
 31
0.0
  0
LINE
  5
710
330
70
100
AcDbEntity
  8
09_ROUNDS
 62
     7
370
    25
100
AcDbLine
 10
376.6406872345917
 20
250.3513771804758
 30
0.0
 11
376.5357351046915
 21
250.3591764863758
 31
0.0
  0
LINE
  5
711
330
70
100
AcDbEntity
  8
09_ROUNDS
 62
     7
370
    25
100
AcDbLine
 10
341.7357351046916
 20
250.3591764863758
 30
0.0
 11
341.6342132100914
 21
250.369594038076
 31
0.0
  0
LINE
  5
712
330
70
100
AcDbEntity
  8
09_ROUNDS
 62
     7
370
    25
100
AcDbLine
 10
359.1357351046915
 20
250.3591764863758
 30
0.0
 11
359.0342132100921
 21
250.369594038076
 31
0.0
  0
LINE
  5
713
330
70
100
AcDbEntity
  8
09_ROUNDS
 62
     7
370
    25
100
AcDbLine
 10
376.5357351046915
 20
250.3591764863758
 30
0.0
 11
376.434213210092
 21
250.369594038076
 31
0.0
  0
LINE
  5
714
330
70
100
AcDbEntity
  8
09_ROUNDS
 62
     7
370
    25
100
AcDbLine
 10
341.6342132100914
 20
250.369594038076
 30
0.0
 11
341.5361217514916
 21
250.3823774794759
 31
0.0
  0
LINE
  5
715
330
70
100
AcDbEntity
  8
09_ROUNDS
 62
     7
370
    25
100
AcDbLine
 10
359.0342132100921
 20
250.369594038076
 30
0.0
 11
358.9361217514916
 21
250.3823774794759
 31
0.0
  0
LINE
  5
716
330
70
100
AcDbEntity
  8
09_ROUNDS
 62
     7
370
    25
100
AcDbLine
 10
376.434213210092
 20
250.369594038076
 30
0.0
 11
376.3361217514916
 21
250.3823774794759
 31
0.0
  0
LINE
  5
717
330
70
100
AcDbEntity
  8
09_ROUNDS
 62
     7
370
    25
100
AcDbLine
 10
341.5361217514916
 20
250.3823774794759
 30
0.0
 11
341.4414503959917
 21
250.3972822322762
 31
0.0
  0
LINE
  5
718
330
70
100
AcDbEntity
  8
09_ROUNDS
 62
     7
370
    25
100
AcDbLine
 10
358.9361217514916
 20
250.3823774794759
 30
0.0
 11
358.8414503959917
 21
250.3972822322762
 31
0.0
  0
LINE
  5
719
330
70
100
AcDbEntity
  8
09_ROUNDS
 62
     7
370
    25
100
AcDbLine
 10
376.3361217514916
 20
250.3823774794759
 30
0.0
 11
376.2414503959917
 21
250.3972822322762
 31
0.0
  0
LINE
  5
71A
330
70
100
AcDbEntity
  8
09_ROUNDS
 62
     7
370
    25
100
AcDbLine
 10
341.4414503959917
 20
250.3972822322762
 30
0.0
 11
341.3501784656917
 21
250.4140827788759
 31
0.0
  0
LINE
  5
71B
330
70
100
AcDbEntity
  8
09_ROUNDS
 62
     7
370
    25
100
AcDbLine
 10
358.8414503959917
 20
250.3972822322762
 30
0.0
 11
358.7501784656916
 21
250.4140827788759
 31
0.0
  0
LINE
  5
71C
330
70
100
AcDbEntity
  8
09_ROUNDS
 62
     7
370
    25
100
AcDbLine
 10
341.3501784656917
 20
250.4140827788759
 30
0.0
 11
341.2622787693918
 21
250.4325593836764
 31
0.0
  0
LINE
  5
71D
330
70
100
AcDbEntity
  8
09_ROUNDS
 62
     7
370
    25
100
AcDbLine
 10
358.7501784656916
 20
250.4140827788759
 30
0.0
 11
358.6622787693918
 21
250.4325593836764
 31
0.0
  0
LINE
  5
71E
330
70
100
AcDbEntity
  8
09_ROUNDS
 62
     7
370
    25
100
AcDbLine
 10
341.2622787693918
 20
250.4325593836764
 30
0.0
 11
341.1777160027918
 21
250.4525106435761
 31
0.0
  0
LINE
  5
71F
330
70
100
AcDbEntity
  8
09_ROUNDS
 62
     7
370
    25
100
AcDbLine
 10
341.1777160027918
 20
250.4525106435761
 30
0.0
 11
341.0964470155919
 21
250.4737419943764
 31
0.0
  0
LINE
  5
720
330
70
100
AcDbEntity
  8
09_ROUNDS
 62
     7
370
    25
100
AcDbLine
 10
341.0964470155919
 20
250.4737419943764
 30
0.0
 11
341.0184280532915
 21
250.4960726636762
 31
0.0
  0
LINE
  5
721
330
70
100
AcDbEntity
  8
09_ROUNDS
 62
     7
370
    25
100
AcDbLine
 10
376.2414503959917
 20
250.3972822322762
 30
0.0
 11
376.1501784656916
 21
250.4140827788759
 31
0.0
  0
LINE
  5
722
330
70
100
AcDbEntity
  8
09_ROUNDS
 62
     7
370
    25
100
AcDbLine
 10
376.1501784656916
 20
250.4140827788759
 30
0.0
 11
376.0622787693918
 21
250.4325593836764
 31
0.0
  0
LINE
  5
723
330
70
100
AcDbEntity
  8
09_ROUNDS
 62
     7
370
    25
100
AcDbLine
 10
358.6622787693918
 20
250.4325593836764
 30
0.0
 11
358.5777160027918
 21
250.4525106435761
 31
0.0
  0
LINE
  5
724
330
70
100
AcDbEntity
  8
09_ROUNDS
 62
     7
370
    25
100
AcDbLine
 10
376.0622787693918
 20
250.4325593836764
 30
0.0
 11
375.9777160027918
 21
250.4525106435761
 31
0.0
  0
LINE
  5
725
330
70
100
AcDbEntity
  8
09_ROUNDS
 62
     7
370
    25
100
AcDbLine
 10
358.5777160027918
 20
250.4525106435761
 30
0.0
 11
358.4964470155918
 21
250.4737419943764
 31
0.0
  0
LINE
  5
726
330
70
100
AcDbEntity
  8
09_ROUNDS
 62
     7
370
    25
100
AcDbLine
 10
375.9777160027918
 20
250.4525106435761
 30
0.0
 11
375.8964470155918
 21
250.4737419943764
 31
0.0
  0
LINE
  5
727
330
70
100
AcDbEntity
  8
09_ROUNDS
 62
     7
370
    25
100
AcDbLine
 10
358.4964470155918
 20
250.4737419943764
 30
0.0
 11
358.4184280532915
 21
250.4960726636762
 31
0.0
  0
LINE
  5
728
330
70
100
AcDbEntity
  8
09_ROUNDS
 62
     7
370
    25
100
AcDbLine
 10
375.8964470155918
 20
250.4737419943764
 30
0.0
 11
375.8184280532914
 21
250.4960726636762
 31
0.0
  0
LINE
  5
729
330
70
100
AcDbEntity
  8
09_ROUNDS
 62
     7
370
    25
100
AcDbLine
 10
341.0184280532915
 20
250.4960726636762
 30
0.0
 11
340.9436066460916
 21
250.5193320815757
 31
0.0
  0
LINE
  5
72A
330
70
100
AcDbEntity
  8
09_ROUNDS
 62
     7
370
    25
100
AcDbLine
 10
358.4184280532915
 20
250.4960726636762
 30
0.0
 11
358.3436066460916
 21
250.5193320815757
 31
0.0
  0
LINE
  5
72B
330
70
100
AcDbEntity
  8
09_ROUNDS
 62
     7
370
    25
100
AcDbLine
 10
375.8184280532914
 20
250.4960726636762
 30
0.0
 11
375.7436066460916
 21
250.5193320815757
 31
0.0
  0
LINE
  5
72C
330
70
100
AcDbEntity
  8
09_ROUNDS
 62
     7
370
    25
100
AcDbLine
 10
340.9436066460916
 20
250.5193320815757
 30
0.0
 11
340.8719487591916
 21
250.5433519466763
 31
0.0
  0
LINE
  5
72D
330
70
100
AcDbEntity
  8
09_ROUNDS
 62
     7
370
    25
100
AcDbLine
 10
358.3436066460916
 20
250.5193320815757
 30
0.0
 11
358.2719487591916
 21
250.5433519466763
 31
0.0
  0
LINE
  5
72E
330
70
100
AcDbEntity
  8
09_ROUNDS
 62
     7
370
    25
100
AcDbLine
 10
375.7436066460916
 20
250.5193320815757
 30
0.0
 11
375.6719487591916
 21
250.5433519466763
 31
0.0
  0
LINE
  5
72F
330
70
100
AcDbEntity
  8
09_ROUNDS
 62
     7
370
    25
100
AcDbLine
 10
340.8719487591916
 20
250.5433519466763
 30
0.0
 11
340.8034135554915
 21
250.5679763547761
 31
0.0
  0
LINE
  5
730
330
70
100
AcDbEntity
  8
09_ROUNDS
 62
     7
370
    25
100
AcDbLine
 10
358.2719487591916
 20
250.5433519466763
 30
0.0
 11
358.2034135554915
 21
250.5679763547761
 31
0.0
  0
LINE
  5
731
330
70
100
AcDbEntity
  8
09_ROUNDS
 62
     7
370
    25
100
AcDbLine
 10
340.8034135554915
 20
250.5679763547761
 30
0.0
 11
340.737965580592
 21
250.5930495322756
 31
0.0
  0
LINE
  5
732
330
70
100
AcDbEntity
  8
09_ROUNDS
 62
     7
370
    25
100
AcDbLine
 10
358.2034135554915
 20
250.5679763547761
 30
0.0
 11
358.137965580592
 21
250.5930495322756
 31
0.0
  0
LINE
  5
733
330
70
100
AcDbEntity
  8
09_ROUNDS
 62
     7
370
    25
100
AcDbLine
 10
340.737965580592
 20
250.5930495322756
 30
0.0
 11
340.6755627525919
 21
250.618430731776
 31
0.0
  0
LINE
  5
734
330
70
100
AcDbEntity
  8
09_ROUNDS
 62
     7
370
    25
100
AcDbLine
 10
358.137965580592
 20
250.5930495322756
 30
0.0
 11
358.0755627525919
 21
250.618430731776
 31
0.0
  0
LINE
  5
735
330
70
100
AcDbEntity
  8
09_ROUNDS
 62
     7
370
    25
100
AcDbLine
 10
340.6755627525919
 20
250.618430731776
 30
0.0
 11
340.6161604553917
 21
250.6439806545761
 31
0.0
  0
LINE
  5
736
330
70
100
AcDbEntity
  8
09_ROUNDS
 62
     7
370
    25
100
AcDbLine
 10
358.0755627525919
 20
250.618430731776
 30
0.0
 11
358.0161604553916
 21
250.6439806545761
 31
0.0
  0
LINE
  5
737
330
70
100
AcDbEntity
  8
09_ROUNDS
 62
     7
370
    25
100
AcDbLine
 10
340.6161604553917
 20
250.6439806545761
 30
0.0
 11
340.5597203651916
 21
250.6695688489756
 31
0.0
  0
LINE
  5
738
330
70
100
AcDbEntity
  8
09_ROUNDS
 62
     7
370
    25
100
AcDbLine
 10
340.5597203651916
 20
250.6695688489756
 30
0.0
 11
340.5061920309914
 21
250.6950729456762
 31
0.0
  0
LINE
  5
739
330
70
100
AcDbEntity
  8
09_ROUNDS
 62
     7
370
    25
100
AcDbLine
 10
340.5061920309914
 20
250.6950729456762
 30
0.0
 11
340.4555727320919
 21
250.7203542755761
 31
0.0
  0
LINE
  5
73A
330
70
100
AcDbEntity
  8
09_ROUNDS
 62
     7
370
    25
100
AcDbLine
 10
340.4555727320919
 20
250.7203542755761
 30
0.0
 11
340.4078643780917
 21
250.7452745027761
 31
0.0
  0
LINE
  5
73B
330
70
100
AcDbEntity
  8
09_ROUNDS
 62
     7
370
    25
100
AcDbLine
 10
340.4078643780917
 20
250.7452745027761
 30
0.0
 11
340.363074811492
 21
250.7696914274764
 31
0.0
  0
LINE
  5
73C
330
70
100
AcDbEntity
  8
09_ROUNDS
 62
     7
370
    25
100
AcDbLine
 10
340.363074811492
 20
250.7696914274764
 30
0.0
 11
340.3211930908915
 21
250.7934778537757
 31
0.0
  0
LINE
  5
73D
330
70
100
AcDbEntity
  8
09_ROUNDS
 62
     7
370
    25
100
AcDbLine
 10
340.3211930908915
 20
250.7934778537757
 30
0.0
 11
340.2821998859918
 21
250.8165112178764
 31
0.0
  0
LINE
  5
73E
330
70
100
AcDbEntity
  8
09_ROUNDS
 62
     7
370
    25
100
AcDbLine
 10
375.6719487591916
 20
250.5433519466763
 30
0.0
 11
375.6034135554915
 21
250.5679763547761
 31
0.0
  0
LINE
  5
73F
330
70
100
AcDbEntity
  8
09_ROUNDS
 62
     7
370
    25
100
AcDbLine
 10
375.6034135554915
 20
250.5679763547761
 30
0.0
 11
375.537965580592
 21
250.5930495322756
 31
0.0
  0
LINE
  5
740
330
70
100
AcDbEntity
  8
09_ROUNDS
 62
     7
370
    25
100
AcDbLine
 10
375.537965580592
 20
250.5930495322756
 30
0.0
 11
375.4755627525918
 21
250.618430731776
 31
0.0
  0
LINE
  5
741
330
70
100
AcDbEntity
  8
09_ROUNDS
 62
     7
370
    25
100
AcDbLine
 10
375.4755627525918
 20
250.618430731776
 30
0.0
 11
375.4161604553916
 21
250.6439806545761
 31
0.0
  0
LINE
  5
742
330
70
100
AcDbEntity
  8
09_ROUNDS
 62
     7
370
    25
100
AcDbLine
 10
358.0161604553916
 20
250.6439806545761
 30
0.0
 11
357.9597203651915
 21
250.6695688489756
 31
0.0
  0
LINE
  5
743
330
70
100
AcDbEntity
  8
09_ROUNDS
 62
     7
370
    25
100
AcDbLine
 10
375.4161604553916
 20
250.6439806545761
 30
0.0
 11
375.3597203651915
 21
250.6695688489756
 31
0.0
  0
LINE
  5
744
330
70
100
AcDbEntity
  8
09_ROUNDS
 62
     7
370
    25
100
AcDbLine
 10
357.9597203651915
 20
250.6695688489756
 30
0.0
 11
357.906192030992
 21
250.6950729456762
 31
0.0
  0
LINE
  5
745
330
70
100
AcDbEntity
  8
09_ROUNDS
 62
     7
370
    25
100
AcDbLine
 10
375.3597203651915
 20
250.6695688489756
 30
0.0
 11
375.306192030992
 21
250.6950729456762
 31
0.0
  0
LINE
  5
746
330
70
100
AcDbEntity
  8
09_ROUNDS
 62
     7
370
    25
100
AcDbLine
 10
357.906192030992
 20
250.6950729456762
 30
0.0
 11
357.8555727320918
 21
250.7203542755761
 31
0.0
  0
LINE
  5
747
330
70
100
AcDbEntity
  8
09_ROUNDS
 62
     7
370
    25
100
AcDbLine
 10
375.306192030992
 20
250.6950729456762
 30
0.0
 11
375.2555727320918
 21
250.7203542755761
 31
0.0
  0
LINE
  5
748
330
70
100
AcDbEntity
  8
09_ROUNDS
 62
     7
370
    25
100
AcDbLine
 10
357.8555727320918
 20
250.7203542755761
 30
0.0
 11
357.8078643780917
 21
250.7452745027761
 31
0.0
  0
LINE
  5
749
330
70
100
AcDbEntity
  8
09_ROUNDS
 62
     7
370
    25
100
AcDbLine
 10
375.2555727320918
 20
250.7203542755761
 30
0.0
 11
375.2078643780917
 21
250.7452745027761
 31
0.0
  0
LINE
  5
74A
330
70
100
AcDbEntity
  8
09_ROUNDS
 62
     7
370
    25
100
AcDbLine
 10
357.8078643780917
 20
250.7452745027761
 30
0.0
 11
357.7630748114919
 21
250.7696914274764
 31
0.0
  0
LINE
  5
74B
330
70
100
AcDbEntity
  8
09_ROUNDS
 62
     7
370
    25
100
AcDbLine
 10
375.2078643780917
 20
250.7452745027761
 30
0.0
 11
375.1630748114919
 21
250.7696914274764
 31
0.0
  0
LINE
  5
74C
330
70
100
AcDbEntity
  8
09_ROUNDS
 62
     7
370
    25
100
AcDbLine
 10
357.7630748114919
 20
250.7696914274764
 30
0.0
 11
357.7211930908915
 21
250.7934778537757
 31
0.0
  0
LINE
  5
74D
330
70
100
AcDbEntity
  8
09_ROUNDS
 62
     7
370
    25
100
AcDbLine
 10
357.7211930908915
 20
250.7934778537757
 30
0.0
 11
357.6821998859918
 21
250.8165112178764
 31
0.0
  0
LINE
  5
74E
330
70
100
AcDbEntity
  8
09_ROUNDS
 62
     7
370
    25
100
AcDbLine
 10
340.2821998859918
 20
250.8165112178764
 30
0.0
 11
340.2460720510914
 21
250.838676903776
 31
0.0
  0
LINE
  5
74F
330
70
100
AcDbEntity
  8
09_ROUNDS
 62
     7
370
    25
100
AcDbLine
 10
357.6821998859918
 20
250.8165112178764
 30
0.0
 11
357.6460720510914
 21
250.838676903776
 31
0.0
  0
LINE
  5
750
330
70
100
AcDbEntity
  8
09_ROUNDS
 62
     7
370
    25
100
AcDbLine
 10
340.2460720510914
 20
250.838676903776
 30
0.0
 11
340.2127669886919
 21
250.8598751222759
 31
0.0
  0
LINE
  5
751
330
70
100
AcDbEntity
  8
09_ROUNDS
 62
     7
370
    25
100
AcDbLine
 10
357.6460720510914
 20
250.838676903776
 30
0.0
 11
357.6127669886919
 21
250.8598751222759
 31
0.0
  0
LINE
  5
752
330
70
100
AcDbEntity
  8
09_ROUNDS
 62
     7
370
    25
100
AcDbLine
 10
340.2127669886919
 20
250.8598751222759
 30
0.0
 11
340.1822435345918
 21
250.8800100601765
 31
0.0
  0
LINE
  5
753
330
70
100
AcDbEntity
  8
09_ROUNDS
 62
     7
370
    25
100
AcDbLine
 10
357.6127669886919
 20
250.8598751222759
 30
0.0
 11
357.5822435345918
 21
250.8800100601765
 31
0.0
  0
LINE
  5
754
330
70
100
AcDbEntity
  8
09_ROUNDS
 62
     7
370
    25
100
AcDbLine
 10
340.1822435345918
 20
250.8800100601765
 30
0.0
 11
340.1544460372916
 21
250.8990009048763
 31
0.0
  0
LINE
  5
755
330
70
100
AcDbEntity
  8
09_ROUNDS
 62
     7
370
    25
100
AcDbLine
 10
357.5822435345918
 20
250.8800100601765
 30
0.0
 11
357.5544460372916
 21
250.8990009048763
 31
0.0
  0
LINE
  5
756
330
70
100
AcDbEntity
  8
09_ROUNDS
 62
     7
370
    25
100
AcDbLine
 10
340.1544460372916
 20
250.8990009048763
 30
0.0
 11
340.1293124355919
 21
250.9167760033757
 31
0.0
  0
LINE
  5
757
330
70
100
AcDbEntity
  8
09_ROUNDS
 62
     7
370
    25
100
AcDbLine
 10
357.5544460372916
 20
250.8990009048763
 30
0.0
 11
357.5293124355919
 21
250.9167760033757
 31
0.0
  0
LINE
  5
758
330
70
100
AcDbEntity
  8
09_ROUNDS
 62
     7
370
    25
100
AcDbLine
 10
340.1293124355919
 20
250.9167760033757
 30
0.0
 11
340.1067838742918
 21
250.9332665065758
 31
0.0
  0
LINE
  5
759
330
70
100
AcDbEntity
  8
09_ROUNDS
 62
     7
370
    25
100
AcDbLine
 10
340.1067838742918
 20
250.9332665065758
 30
0.0
 11
340.0867946857918
 21
250.9484135550762
 31
0.0
  0
LINE
  5
75A
330
70
100
AcDbEntity
  8
09_ROUNDS
 62
     7
370
    25
100
AcDbLine
 10
340.0867946857918
 20
250.9484135550762
 30
0.0
 11
340.0692745207918
 21
250.9621644556756
 31
0.0
  0
LINE
  5
75B
330
70
100
AcDbEntity
  8
09_ROUNDS
 62
     7
370
    25
100
AcDbLine
 10
340.0692745207918
 20
250.9621644556756
 30
0.0
 11
340.0541680826918
 21
250.9744577162765
 31
0.0
  0
LINE
  5
75C
330
70
100
AcDbEntity
  8
09_ROUNDS
 62
     7
370
    25
100
AcDbLine
 10
340.0541680826918
 20
250.9744577162765
 30
0.0
 11
340.0413997843921
 21
250.985248730176
 31
0.0
  0
LINE
  5
75D
330
70
100
AcDbEntity
  8
09_ROUNDS
 62
     7
370
    25
100
AcDbLine
 10
340.0413997843921
 20
250.985248730176
 30
0.0
 11
340.0309195729919
 21
250.9944677914763
 31
0.0
  0
LINE
  5
75E
330
70
100
AcDbEntity
  8
09_ROUNDS
 62
     7
370
    25
100
AcDbLine
 10
340.0309195729919
 20
250.9944677914763
 30
0.0
 11
340.0227095631919
 21
251.0020095241761
 31
0.0
  0
LINE
  5
75F
330
70
100
AcDbEntity
  8
09_ROUNDS
 62
     7
370
    25
100
AcDbLine
 10
340.0227095631919
 20
251.0020095241761
 30
0.0
 11
340.0167412809915
 21
251.007759273076
 31
0.0
  0
LINE
  5
760
330
70
100
AcDbEntity
  8
09_ROUNDS
 62
     7
370
    25
100
AcDbLine
 10
340.0167412809915
 20
251.007759273076
 30
0.0
 11
340.0130491448916
 21
251.0115089098762
 31
0.0
  0
LINE
  5
761
330
70
100
AcDbEntity
  8
09_ROUNDS
 62
     7
370
    25
100
AcDbLine
 10
340.0130491448916
 20
251.0115089098762
 30
0.0
 11
340.012292482692
 21
251.0123113649757
 31
0.0
  0
LINE
  5
762
330
70
100
AcDbEntity
  8
09_ROUNDS
 62
     7
370
    25
100
AcDbLine
 10
375.1630748114919
 20
250.7696914274764
 30
0.0
 11
375.1211930908915
 21
250.7934778537757
 31
0.0
  0
LINE
  5
763
330
70
100
AcDbEntity
  8
09_ROUNDS
 62
     7
370
    25
100
AcDbLine
 10
375.1211930908915
 20
250.7934778537757
 30
0.0
 11
375.0821998859918
 21
250.8165112178764
 31
0.0
  0
LINE
  5
764
330
70
100
AcDbEntity
  8
09_ROUNDS
 62
     7
370
    25
100
AcDbLine
 10
375.0821998859918
 20
250.8165112178764
 30
0.0
 11
375.0460720510914
 21
250.838676903776
 31
0.0
  0
LINE
  5
765
330
70
100
AcDbEntity
  8
09_ROUNDS
 62
     7
370
    25
100
AcDbLine
 10
375.0460720510914
 20
250.838676903776
 30
0.0
 11
375.0127669886919
 21
250.8598751222759
 31
0.0
  0
LINE
  5
766
330
70
100
AcDbEntity
  8
09_ROUNDS
 62
     7
370
    25
100
AcDbLine
 10
375.0127669886919
 20
250.8598751222759
 30
0.0
 11
374.9822435345917
 21
250.8800100601765
 31
0.0
  0
LINE
  5
767
330
70
100
AcDbEntity
  8
09_ROUNDS
 62
     7
370
    25
100
AcDbLine
 10
374.9822435345917
 20
250.8800100601765
 30
0.0
 11
374.9544460372915
 21
250.8990009048763
 31
0.0
  0
LINE
  5
768
330
70
100
AcDbEntity
  8
09_ROUNDS
 62
     7
370
    25
100
AcDbLine
 10
374.9544460372915
 20
250.8990009048763
 30
0.0
 11
374.9293124355919
 21
250.9167760033757
 31
0.0
  0
LINE
  5
769
330
70
100
AcDbEntity
  8
09_ROUNDS
 62
     7
370
    25
100
AcDbLine
 10
357.5293124355919
 20
250.9167760033757
 30
0.0
 11
357.5067838742918
 21
250.9332665065758
 31
0.0
  0
LINE
  5
76A
330
70
100
AcDbEntity
  8
09_ROUNDS
 62
     7
370
    25
100
AcDbLine
 10
374.9293124355919
 20
250.9167760033757
 30
0.0
 11
374.9067838742917
 21
250.9332665065758
 31
0.0
  0
LINE
  5
76B
330
70
100
AcDbEntity
  8
09_ROUNDS
 62
     7
370
    25
100
AcDbLine
 10
357.5067838742918
 20
250.9332665065758
 30
0.0
 11
357.4867946857917
 21
250.9484135550762
 31
0.0
  0
LINE
  5
76C
330
70
100
AcDbEntity
  8
09_ROUNDS
 62
     7
370
    25
100
AcDbLine
 10
374.9067838742917
 20
250.9332665065758
 30
0.0
 11
374.8867946857917
 21
250.9484135550762
 31
0.0
  0
LINE
  5
76D
330
70
100
AcDbEntity
  8
09_ROUNDS
 62
     7
370
    25
100
AcDbLine
 10
357.4867946857917
 20
250.9484135550762
 30
0.0
 11
357.4692745207918
 21
250.9621644556756
 31
0.0
  0
LINE
  5
76E
330
70
100
AcDbEntity
  8
09_ROUNDS
 62
     7
370
    25
100
AcDbLine
 10
374.8867946857917
 20
250.9484135550762
 30
0.0
 11
374.8692745207918
 21
250.9621644556756
 31
0.0
  0
LINE
  5
76F
330
70
100
AcDbEntity
  8
09_ROUNDS
 62
     7
370
    25
100
AcDbLine
 10
357.4692745207918
 20
250.9621644556756
 30
0.0
 11
357.4541680826918
 21
250.9744577162765
 31
0.0
  0
LINE
  5
770
330
70
100
AcDbEntity
  8
09_ROUNDS
 62
     7
370
    25
100
AcDbLine
 10
357.4541680826918
 20
250.9744577162765
 30
0.0
 11
357.441399784392
 21
250.985248730176
 31
0.0
  0
LINE
  5
771
330
70
100
AcDbEntity
  8
09_ROUNDS
 62
     7
370
    25
100
AcDbLine
 10
357.441399784392
 20
250.985248730176
 30
0.0
 11
357.4309195729919
 21
250.9944677914763
 31
0.0
  0
LINE
  5
772
330
70
100
AcDbEntity
  8
09_ROUNDS
 62
     7
370
    25
100
AcDbLine
 10
357.4309195729919
 20
250.9944677914763
 30
0.0
 11
357.4227095631919
 21
251.0020095241761
 31
0.0
  0
LINE
  5
773
330
70
100
AcDbEntity
  8
09_ROUNDS
 62
     7
370
    25
100
AcDbLine
 10
357.4227095631919
 20
251.0020095241761
 30
0.0
 11
357.4167412809915
 21
251.007759273076
 31
0.0
  0
LINE
  5
774
330
70
100
AcDbEntity
  8
09_ROUNDS
 62
     7
370
    25
100
AcDbLine
 10
357.4167412809915
 20
251.007759273076
 30
0.0
 11
357.4130491448916
 21
251.0115089098762
 31
0.0
  0
LINE
  5
775
330
70
100
AcDbEntity
  8
09_ROUNDS
 62
     7
370
    25
100
AcDbLine
 10
357.4130491448916
 20
251.0115089098762
 30
0.0
 11
357.4122924826919
 21
251.0123113649757
 31
0.0
  0
LINE
  5
776
330
70
100
AcDbEntity
  8
09_ROUNDS
 62
     7
370
    25
100
AcDbLine
 10
374.8692745207918
 20
250.9621644556756
 30
0.0
 11
374.8541680826918
 21
250.9744577162765
 31
0.0
  0
LINE
  5
777
330
70
100
AcDbEntity
  8
09_ROUNDS
 62
     7
370
    25
100
AcDbLine
 10
374.8541680826918
 20
250.9744577162765
 30
0.0
 11
374.841399784392
 21
250.985248730176
 31
0.0
  0
LINE
  5
778
330
70
100
AcDbEntity
  8
09_ROUNDS
 62
     7
370
    25
100
AcDbLine
 10
374.841399784392
 20
250.985248730176
 30
0.0
 11
374.8309195729919
 21
250.9944677914763
 31
0.0
  0
LINE
  5
779
330
70
100
AcDbEntity
  8
09_ROUNDS
 62
     7
370
    25
100
AcDbLine
 10
374.8309195729919
 20
250.9944677914763
 30
0.0
 11
374.8227095631918
 21
251.0020095241761
 31
0.0
  0
LINE
  5
77A
330
70
100
AcDbEntity
  8
09_ROUNDS
 62
     7
370
    25
100
AcDbLine
 10
374.8227095631918
 20
251.0020095241761
 30
0.0
 11
374.8167412809915
 21
251.007759273076
 31
0.0
  0
LINE
  5
77B
330
70
100
AcDbEntity
  8
09_ROUNDS
 62
     7
370
    25
100
AcDbLine
 10
374.8167412809915
 20
251.007759273076
 30
0.0
 11
374.8130491448915
 21
251.0115089098762
 31
0.0
  0
LINE
  5
77C
330
70
100
AcDbEntity
  8
09_ROUNDS
 62
     7
370
    25
100
AcDbLine
 10
374.8130491448915
 20
251.0115089098762
 30
0.0
 11
374.8122924826919
 21
251.0123113649757
 31
0.0
  0
SPLINE
  5
77D
330
70
100
AcDbEntity
  8
09_ROUNDS
 62
     7
370
    25
100
AcDbSpline
210
0.0
220
0.0
230
1.0
 70
     8
 71
     3
 72
     8
 73
     4
 74
     0
 42
0.0000000001
 43
0.0000000001
 40
0.0
 40
0.0
 40
0.0
 40
0.0
 40
1.0
 40
1.0
 40
1.0
 40
1.0
 10
373.9609496691392
 20
176.3177666052745
 30
0.0
 10
374.1254473407892
 20
176.3194244360866
 30
0.0
 10
374.257926545158
 20
176.4532453484689
 30
0.0
 10
374.2579267465912
 20
176.6177513738333
 30
0.0
  0
SPLINE
  5
77E
330
70
100
AcDbEntity
  8
09_ROUNDS
 62
     7
370
    25
100
AcDbSpline
210
0.0
220
0.0
230
1.0
 70
     8
 71
     3
 72
     8
 73
     4
 74
     0
 42
0.0000000001
 43
0.0000000001
 40
0.0
 40
0.0
 40
0.0
 40
0.0
 40
1.0
 40
1.0
 40
1.0
 40
1.0
 10
339.1609496691393
 20
176.3177666052745
 30
0.0
 10
339.3254473407892
 20
176.3194244360866
 30
0.0
 10
339.457926545158
 20
176.4532453484689
 30
0.0
 10
339.4579267465912
 20
176.6177513738333
 30
0.0
  0
SPLINE
  5
77F
330
70
100
AcDbEntity
  8
09_ROUNDS
 62
     7
370
    25
100
AcDbSpline
210
0.0
220
0.0
230
1.0
 70
     8
 71
     3
 72
     8
 73
     4
 74
     0
 42
0.0000000001
 43
0.0000000001
 40
0.0
 40
0.0
 40
0.0
 40
0.0
 40
1.0
 40
1.0
 40
1.0
 40
1.0
 10
356.5609496691392
 20
176.3177666052745
 30
0.0
 10
356.7254473407892
 20
176.3194244360866
 30
0.0
 10
356.857926545158
 20
176.4532453484689
 30
0.0
 10
356.8579267465912
 20
176.6177513738333
 30
0.0
  0
SPLINE
  5
780
330
70
100
AcDbEntity
  8
09_ROUNDS
 62
     7
370
    25
100
AcDbSpline
210
0.0
220
0.0
230
1.0
 70
     8
 71
     3
 72
     8
 73
     4
 74
     0
 42
0.0000000001
 43
0.0000000001
 40
0.0
 40
0.0
 40
0.0
 40
0.0
 40
1.0
 40
1.0
 40
1.0
 40
1.0
 10
372.7884418491917
 20
175.7978404855759
 30
0.0
 10
372.9541272741407
 20
175.7978404855759
 30
0.0
 10
373.088441849192
 20
175.9321550606272
 30
0.0
 10
373.088441849192
 20
176.0978404855762
 30
0.0
  0
SPLINE
  5
781
330
70
100
AcDbEntity
  8
09_ROUNDS
 62
     7
370
    25
100
AcDbSpline
210
0.0
220
0.0
230
1.0
 70
     8
 71
     3
 72
     8
 73
     4
 74
     0
 42
0.0000000001
 43
0.0000000001
 40
0.0
 40
0.0
 40
0.0
 40
0.0
 40
1.0
 40
1.0
 40
1.0
 40
1.0
 10
337.9884418491918
 20
175.7978404855759
 30
0.0
 10
338.1541272741407
 20
175.7978404855759
 30
0.0
 10
338.2884418491914
 20
175.9321550606272
 30
0.0
 10
338.2884418491914
 20
176.0978404855762
 30
0.0
  0
SPLINE
  5
782
330
70
100
AcDbEntity
  8
09_ROUNDS
 62
     7
370
    25
100
AcDbSpline
210
0.0
220
0.0
230
1.0
 70
     8
 71
     3
 72
     8
 73
     4
 74
     0
 42
0.0000000001
 43
0.0000000001
 40
0.0
 40
0.0
 40
0.0
 40
0.0
 40
1.0
 40
1.0
 40
1.0
 40
1.0
 10
355.3884418491918
 20
175.7978404855759
 30
0.0
 10
355.5541272741407
 20
175.7978404855759
 30
0.0
 10
355.6884418491914
 20
175.9321550606272
 30
0.0
 10
355.6884418491914
 20
176.0978404855762
 30
0.0
  0
SPLINE
  5
783
330
70
100
AcDbEntity
  8
09_ROUNDS
 62
     7
370
    25
100
AcDbSpline
210
0.0
220
0.0
230
1.0
 70
     8
 71
     3
 72
     8
 73
     4
 74
     0
 42
0.0000000001
 43
0.0000000001
 40
0.0
 40
0.0
 40
0.0
 40
0.0
 40
1.0
 40
1.0
 40
1.0
 40
1.0
 10
374.8241325313258
 20
251.1347631909213
 30
0.0
 10
375.4260482956888
 20
250.751451491654
 30
0.0
 10
376.1248380051831
 20
250.5478404855758
 30
0.0
 10
376.838441849192
 20
250.5478404855758
 30
0.0
  0
SPLINE
  5
784
330
70
100
AcDbEntity
  8
09_ROUNDS
 62
     7
370
    25
100
AcDbSpline
210
0.0
220
0.0
230
1.0
 70
     8
 71
     3
 72
     8
 73
     4
 74
     0
 42
0.0000000001
 43
0.0000000001
 40
0.0
 40
0.0
 40
0.0
 40
0.0
 40
1.0
 40
1.0
 40
1.0
 40
1.0
 10
376.8031968002089
 20
250.3445669399167
 30
0.0
 10
376.8149444546831
 20
250.3443787651796
 30
0.0
 10
376.8266929369761
 20
250.3442464113845
 30
0.0
 10
376.8384418492151
 20
250.3441698830135
 30
0.0
  0
SPLINE
  5
785
330
70
100
AcDbEntity
  8
09_ROUNDS
 62
     7
370
    25
100
AcDbSpline
210
0.0
220
0.0
230
1.0
 70
     8
 71
     3
 72
     8
 73
     4
 74
     0
 42
0.0000000001
 43
0.0000000001
 40
0.0
 40
0.0
 40
0.0
 40
0.0
 40
1.0
 40
1.0
 40
1.0
 40
1.0
 10
375.5879217732386
 20
250.5729047808042
 30
0.0
 10
375.6194300639088
 20
250.5610492710615
 30
0.0
 10
375.6511105153905
 20
250.5496564513089
 30
0.0
 10
375.682952909609
 20
250.538729996135
 30
0.0
  0
SPLINE
  5
786
330
70
100
AcDbEntity
  8
09_ROUNDS
 62
     7
370
    25
100
AcDbSpline
210
0.0
220
0.0
230
1.0
 70
     8
 71
     3
 72
     8
 73
     4
 74
     0
 42
0.0000000001
 43
0.0000000001
 40
0.0
 40
0.0
 40
0.0
 40
0.0
 40
1.0
 40
1.0
 40
1.0
 40
1.0
 10
359.4031968002089
 20
250.3445669399167
 30
0.0
 10
359.4149444546831
 20
250.3443787651796
 30
0.0
 10
359.4266929369761
 20
250.3442464113845
 30
0.0
 10
359.4384418492151
 20
250.3441698830135
 30
0.0
  0
SPLINE
  5
787
330
70
100
AcDbEntity
  8
09_ROUNDS
 62
     7
370
    25
100
AcDbSpline
210
0.0
220
0.0
230
1.0
 70
     8
 71
     3
 72
     8
 73
     4
 74
     0
 42
0.0000000001
 43
0.0000000001
 40
0.0
 40
0.0
 40
0.0
 40
0.0
 40
1.0
 40
1.0
 40
1.0
 40
1.0
 10
358.187921773238
 20
250.5729047808042
 30
0.0
 10
358.2194300639088
 20
250.5610492710615
 30
0.0
 10
358.2511105153905
 20
250.5496564513089
 30
0.0
 10
358.282952909609
 20
250.538729996135
 30
0.0
  0
SPLINE
  5
788
330
70
100
AcDbEntity
  8
09_ROUNDS
 62
     7
370
    25
100
AcDbSpline
210
0.0
220
0.0
230
1.0
 70
     8
 71
     3
 72
     8
 73
     4
 74
     0
 42
0.0000000001
 43
0.0000000001
 40
0.0
 40
0.0
 40
0.0
 40
0.0
 40
1.0
 40
1.0
 40
1.0
 40
1.0
 10
342.0031968001974
 20
250.3445669399167
 30
0.0
 10
342.0149444546716
 20
250.3443787651796
 30
0.0
 10
342.0266929369633
 20
250.3442464113851
 30
0.0
 10
342.038441849201
 20
250.3441698830135
 30
0.0
  0
SPLINE
  5
789
330
70
100
AcDbEntity
  8
09_ROUNDS
 62
     7
370
    25
100
AcDbSpline
210
0.0
220
0.0
230
1.0
 70
     8
 71
     3
 72
     8
 73
     4
 74
     0
 42
0.0000000001
 43
0.0000000001
 40
0.0
 40
0.0
 40
0.0
 40
0.0
 40
1.0
 40
1.0
 40
1.0
 40
1.0
 10
340.7879217733029
 20
250.5729047807934
 30
0.0
 10
340.8194300639756
 20
250.56104927105
 30
0.0
 10
340.8511105154592
 20
250.549656451296
 30
0.0
 10
340.8829529096796
 20
250.5387299961222
 30
0.0
  0
SPLINE
  5
78A
330
70
100
AcDbEntity
  8
09_ROUNDS
 62
     7
370
    25
100
AcDbSpline
210
0.0
220
0.0
230
1.0
 70
     8
 71
     3
 72
     8
 73
     4
 74
     0
 42
0.0000000001
 43
0.0000000001
 40
0.0
 40
0.0
 40
0.0
 40
0.0
 40
1.0
 40
1.0
 40
1.0
 40
1.0
 10
357.4241325313258
 20
251.1347631909213
 30
0.0
 10
358.0260482956888
 20
250.751451491654
 30
0.0
 10
358.7248380051825
 20
250.5478404855758
 30
0.0
 10
359.438441849192
 20
250.5478404855758
 30
0.0
  0
SPLINE
  5
78B
330
70
100
AcDbEntity
  8
09_ROUNDS
 62
     7
370
    25
100
AcDbSpline
210
0.0
220
0.0
230
1.0
 70
     8
 71
     3
 72
     8
 73
     4
 74
     0
 42
0.0000000001
 43
0.0000000001
 40
0.0
 40
0.0
 40
0.0
 40
0.0
 40
1.0
 40
1.0
 40
1.0
 40
1.0
 10
340.0241325313258
 20
251.1347631909213
 30
0.0
 10
340.6260482956888
 20
250.751451491654
 30
0.0
 10
341.3248380051825
 20
250.5478404855758
 30
0.0
 10
342.0384418491914
 20
250.5478404855758
 30
0.0
  0
SPLINE
  5
78C
330
70
100
AcDbEntity
  8
09_ROUNDS
 62
     7
370
    25
100
AcDbSpline
210
0.0
220
0.0
230
1.0
 70
     8
 71
     3
 72
     8
 73
     4
 74
     0
 42
0.0000000001
 43
0.0000000001
 40
0.0
 40
0.0
 40
0.0
 40
0.0
 40
1.0
 40
1.0
 40
1.0
 40
1.0
 10
373.088441849192
 20
263.4978404855761
 30
0.0
 10
373.088441849192
 20
263.6635259105251
 30
0.0
 10
372.9541272741407
 20
263.7978404855764
 30
0.0
 10
372.7884418491917
 20
263.7978404855764
 30
0.0
  0
SPLINE
  5
78D
330
70
100
AcDbEntity
  8
09_ROUNDS
 62
     7
370
    25
100
AcDbSpline
210
0.0
220
0.0
230
1.0
 70
     8
 71
     3
 72
     8
 73
     4
 74
     0
 42
0.0000000001
 43
0.0000000001
 40
0.0
 40
0.0
 40
0.0
 40
0.0
 40
1.0
 40
1.0
 40
1.0
 40
1.0
 10
355.6884418491914
 20
263.4978404855761
 30
0.0
 10
355.6884418491914
 20
263.6635259105251
 30
0.0
 10
355.5541272741407
 20
263.7978404855764
 30
0.0
 10
355.3884418491918
 20
263.7978404855764
 30
0.0
  0
SPLINE
  5
78E
330
70
100
AcDbEntity
  8
09_ROUNDS
 62
     7
370
    25
100
AcDbSpline
210
0.0
220
0.0
230
1.0
 70
     8
 71
     3
 72
     8
 73
     4
 74
     0
 42
0.0000000001
 43
0.0000000001
 40
0.0
 40
0.0
 40
0.0
 40
0.0
 40
1.0
 40
1.0
 40
1.0
 40
1.0
 10
338.2884418491914
 20
263.4978404855761
 30
0.0
 10
338.2884418491914
 20
263.6635259105251
 30
0.0
 10
338.1541272741407
 20
263.7978404855764
 30
0.0
 10
337.9884418491918
 20
263.7978404855764
 30
0.0
  0
SPLINE
  5
78F
330
70
100
AcDbEntity
  8
09_ROUNDS
 62
     7
370
    25
100
AcDbSpline
210
0.0
220
0.0
230
1.0
 70
     8
 71
     3
 72
    14
 73
    10
 74
     0
 42
0.0000000001
 43
0.0000000001
 40
0.0
 40
0.0
 40
0.0
 40
0.0
 40
1.0
 40
1.0
 40
1.0
 40
2.0
 40
2.0
 40
2.0
 40
3.0
 40
3.0
 40
3.0
 40
3.0
 10
374.3175166790919
 20
223.6284012955764
 30
0.0
 10
374.3231624349919
 20
223.6371638480758
 30
0.0
 10
374.3286088910505
 20
223.6461314346159
 30
0.0
 10
374.3329718006705
 20
223.655586791459
 30
0.0
 10
374.3345327852189
 20
223.6589697783213
 30
0.0
 10
374.335955064707
 20
223.6624152047859
 30
0.0
 10
374.3370463181655
 20
223.6660070155943
 30
0.0
 10
374.3378292903376
 20
223.6685841326584
 30
0.0
 10
374.3384418491916
 20
223.6712366088761
 30
0.0
 10
374.3384418491916
 20
223.6739125201764
 30
0.0
  0
SPLINE
  5
790
330
70
100
AcDbEntity
  8
09_ROUNDS
 62
     7
370
    25
100
AcDbSpline
210
0.0
220
0.0
230
1.0
 70
     8
 71
     3
 72
    14
 73
    10
 74
     0
 42
0.0000000001
 43
0.0000000001
 40
0.0
 40
0.0
 40
0.0
 40
0.0
 40
1.0
 40
1.0
 40
1.0
 40
2.0
 40
2.0
 40
2.0
 40
3.0
 40
3.0
 40
3.0
 40
3.0
 10
357.117516679092
 20
223.6284012955764
 30
0.0
 10
357.1231624349918
 20
223.6371638480758
 30
0.0
 10
357.1286088910505
 20
223.6461314346159
 30
0.0
 10
357.1329718006705
 20
223.655586791459
 30
0.0
 10
357.1345327852189
 20
223.6589697783213
 30
0.0
 10
357.135955064707
 20
223.6624152047859
 30
0.0
 10
357.1370463181656
 20
223.6660070155943
 30
0.0
 10
357.1378292903377
 20
223.6685841326584
 30
0.0
 10
357.1384418491916
 20
223.6712366088761
 30
0.0
 10
357.1384418491916
 20
223.6739125201764
 30
0.0
  0
SPLINE
  5
791
330
70
100
AcDbEntity
  8
09_ROUNDS
 62
     7
370
    25
100
AcDbSpline
210
0.0
220
0.0
230
1.0
 70
     8
 71
     3
 72
    41
 73
    37
 74
     0
 42
0.0000000001
 43
0.0000000001
 40
0.0
 40
0.0
 40
0.0
 40
0.0
 40
1.0
 40
1.0
 40
1.0
 40
2.0
 40
2.0
 40
2.0
 40
3.0
 40
3.0
 40
3.0
 40
4.0
 40
4.0
 40
4.0
 40
5.0
 40
5.0
 40
5.0
 40
6.0
 40
6.0
 40
6.0
 40
7.0
 40
7.0
 40
7.0
 40
8.0
 40
8.0
 40
8.0
 40
9.0
 40
9.0
 40
9.0
 40
10.0
 40
10.0
 40
10.0
 40
11.0
 40
11.0
 40
11.0
 40
12.0
 40
12.0
 40
12.0
 40
12.0
 10
378.8384418491915
 20
223.7618778674761
 30
0.0
 10
378.8384418491915
 20
223.7718028441756
 30
0.0
 10
378.8404431359483
 20
223.7817918018173
 30
0.0
 10
378.843930213166
 20
223.7911425958027
 30
0.0
 10
378.8478395872161
 20
223.80162580253
 30
0.0
 10
378.8536164108622
 20
223.8113069187251
 30
0.0
 10
378.8603497836705
 20
223.8202058686611
 30
0.0
 10
378.8683201502391
 20
223.8307396524114
 30
0.0
 10
378.8776308061549
 20
223.8401774871552
 30
0.0
 10
378.88758370817
 20
223.848834616763
 30
0.0
 10
378.8994414178374
 20
223.8591485663304
 30
0.0
 10
378.9122107260913
 20
223.868354389744
 30
0.0
 10
378.9254325241857
 20
223.876826604159
 30
0.0
 10
378.9409666267661
 20
223.8867804884081
 30
0.0
 10
378.9571253266843
 20
223.895721730634
 30
0.0
 10
378.9736165482318
 20
223.9039796209323
 30
0.0
 10
378.9926289674738
 20
223.9134999873868
 30
0.0
 10
379.0120833528711
 20
223.9221120868393
 30
0.0
 10
379.0317881087654
 20
223.9300923710931
 30
0.0
 10
379.0540858931487
 20
223.9391228132137
 30
0.0
 10
379.0767042782259
 20
223.9473442127635
 30
0.0
 10
379.0995167313419
 20
223.9549744759183
 30
0.0
 10
379.1249043306986
 20
223.9634660687755
 30
0.0
 10
379.1505322851389
 20
223.9712255336741
 30
0.0
 10
379.1763100523747
 20
223.9784440118784
 30
0.0
 10
379.2351687166595
 20
223.9949260439106
 30
0.0
 10
379.2948084314498
 20
224.0085876364172
 30
0.0
 10
379.3547777106597
 20
224.0204699649131
 30
0.0
 10
379.4234798842156
 20
224.0340826313536
 30
0.0
 10
379.4926145951226
 20
224.0453600998972
 30
0.0
 10
379.5619785672982
 20
224.0549422803467
 30
0.0
 10
379.6383731309934
 20
224.0654956911706
 30
0.0
 10
379.7150457861733
 20
224.0739927355389
 30
0.0
 10
379.791861827953
 20
224.0808541998265
 30
0.0
 10
379.8736775379674
 20
224.0881622511069
 30
0.0
 10
379.955655906992
 20
224.093614886076
 30
0.0
 10
380.0376983648919
 20
224.0974490620761
 30
0.0
  0
SPLINE
  5
792
330
70
100
AcDbEntity
  8
09_ROUNDS
 62
     7
370
    25
100
AcDbSpline
210
0.0
220
0.0
230
1.0
 70
     8
 71
     3
 72
    41
 73
    37
 74
     0
 42
0.0000000001
 43
0.0000000001
 40
0.0
 40
0.0
 40
0.0
 40
0.0
 40
1.0
 40
1.0
 40
1.0
 40
2.0
 40
2.0
 40
2.0
 40
3.0
 40
3.0
 40
3.0
 40
4.0
 40
4.0
 40
4.0
 40
5.0
 40
5.0
 40
5.0
 40
6.0
 40
6.0
 40
6.0
 40
7.0
 40
7.0
 40
7.0
 40
8.0
 40
8.0
 40
8.0
 40
9.0
 40
9.0
 40
9.0
 40
10.0
 40
10.0
 40
10.0
 40
11.0
 40
11.0
 40
11.0
 40
12.0
 40
12.0
 40
12.0
 40
12.0
 10
344.0384418491915
 20
223.7618778674761
 30
0.0
 10
344.0384418491915
 20
223.7718028441756
 30
0.0
 10
344.0404431359484
 20
223.7817918018173
 30
0.0
 10
344.0439302131661
 20
223.7911425958027
 30
0.0
 10
344.0478395872162
 20
223.80162580253
 30
0.0
 10
344.0536164108617
 20
223.8113069187251
 30
0.0
 10
344.0603497836705
 20
223.8202058686611
 30
0.0
 10
344.0683201502391
 20
223.8307396524114
 30
0.0
 10
344.0776308061549
 20
223.8401774871552
 30
0.0
 10
344.0875837081701
 20
223.848834616763
 30
0.0
 10
344.0994414178368
 20
223.8591485663304
 30
0.0
 10
344.1122107260913
 20
223.868354389744
 30
0.0
 10
344.1254325241857
 20
223.876826604159
 30
0.0
 10
344.1409666267661
 20
223.8867804884081
 30
0.0
 10
344.1571253266843
 20
223.895721730634
 30
0.0
 10
344.1736165482319
 20
223.9039796209323
 30
0.0
 10
344.1926289674739
 20
223.9134999873868
 30
0.0
 10
344.2120833528712
 20
223.9221120868393
 30
0.0
 10
344.2317881087648
 20
223.9300923710931
 30
0.0
 10
344.2540858931488
 20
223.9391228132137
 30
0.0
 10
344.276704278226
 20
223.9473442127635
 30
0.0
 10
344.2995167313419
 20
223.9549744759183
 30
0.0
 10
344.3249043306987
 20
223.9634660687755
 30
0.0
 10
344.3505322851383
 20
223.9712255336741
 30
0.0
 10
344.3763100523741
 20
223.9784440118784
 30
0.0
 10
344.4351687166595
 20
223.9949260439106
 30
0.0
 10
344.4948084314498
 20
224.0085876364172
 30
0.0
 10
344.5547777106597
 20
224.0204699649131
 30
0.0
 10
344.6234798842156
 20
224.0340826313536
 30
0.0
 10
344.6926145951226
 20
224.0453600998972
 30
0.0
 10
344.7619785672976
 20
224.0549422803467
 30
0.0
 10
344.8383731309935
 20
224.0654956911706
 30
0.0
 10
344.9150457861733
 20
224.0739927355389
 30
0.0
 10
344.9918618279531
 20
224.0808541998265
 30
0.0
 10
345.0736775379675
 20
224.0881622511069
 30
0.0
 10
345.1556559069914
 20
224.093614886076
 30
0.0
 10
345.2376983648919
 20
224.0974490620761
 30
0.0
  0
SPLINE
  5
793
330
70
100
AcDbEntity
  8
09_ROUNDS
 62
     7
370
    25
100
AcDbSpline
210
0.0
220
0.0
230
1.0
 70
     8
 71
     3
 72
    41
 73
    37
 74
     0
 42
0.0000000001
 43
0.0000000001
 40
0.0
 40
0.0
 40
0.0
 40
0.0
 40
1.0
 40
1.0
 40
1.0
 40
2.0
 40
2.0
 40
2.0
 40
3.0
 40
3.0
 40
3.0
 40
4.0
 40
4.0
 40
4.0
 40
5.0
 40
5.0
 40
5.0
 40
6.0
 40
6.0
 40
6.0
 40
7.0
 40
7.0
 40
7.0
 40
8.0
 40
8.0
 40
8.0
 40
9.0
 40
9.0
 40
9.0
 40
10.0
 40
10.0
 40
10.0
 40
11.0
 40
11.0
 40
11.0
 40
12.0
 40
12.0
 40
12.0
 40
12.0
 10
361.4384418491915
 20
223.7618778674761
 30
0.0
 10
361.4384418491915
 20
223.7718028441756
 30
0.0
 10
361.4404431359483
 20
223.7817918018173
 30
0.0
 10
361.4439302131661
 20
223.7911425958027
 30
0.0
 10
361.4478395872162
 20
223.80162580253
 30
0.0
 10
361.4536164108622
 20
223.8113069187251
 30
0.0
 10
361.4603497836705
 20
223.8202058686611
 30
0.0
 10
361.4683201502391
 20
223.8307396524114
 30
0.0
 10
361.4776308061549
 20
223.8401774871552
 30
0.0
 10
361.4875837081701
 20
223.848834616763
 30
0.0
 10
361.4994414178368
 20
223.8591485663304
 30
0.0
 10
361.5122107260913
 20
223.868354389744
 30
0.0
 10
361.5254325241857
 20
223.876826604159
 30
0.0
 10
361.5409666267661
 20
223.8867804884081
 30
0.0
 10
361.5571253266843
 20
223.895721730634
 30
0.0
 10
361.5736165482318
 20
223.9039796209323
 30
0.0
 10
361.5926289674738
 20
223.9134999873868
 30
0.0
 10
361.6120833528711
 20
223.9221120868393
 30
0.0
 10
361.6317881087654
 20
223.9300923710931
 30
0.0
 10
361.6540858931488
 20
223.9391228132137
 30
0.0
 10
361.6767042782259
 20
223.9473442127635
 30
0.0
 10
361.6995167313419
 20
223.9549744759183
 30
0.0
 10
361.7249043306986
 20
223.9634660687755
 30
0.0
 10
361.750532285139
 20
223.9712255336741
 30
0.0
 10
361.7763100523747
 20
223.9784440118784
 30
0.0
 10
361.8351687166595
 20
223.9949260439106
 30
0.0
 10
361.8948084314498
 20
224.0085876364172
 30
0.0
 10
361.9547777106597
 20
224.0204699649131
 30
0.0
 10
362.0234798842156
 20
224.0340826313536
 30
0.0
 10
362.0926145951226
 20
224.0453600998972
 30
0.0
 10
362.1619785672976
 20
224.0549422803467
 30
0.0
 10
362.2383731309934
 20
224.0654956911706
 30
0.0
 10
362.3150457861733
 20
224.0739927355389
 30
0.0
 10
362.391861827953
 20
224.0808541998265
 30
0.0
 10
362.4736775379674
 20
224.0881622511069
 30
0.0
 10
362.555655906992
 20
224.093614886076
 30
0.0
 10
362.6376983648919
 20
224.0974490620761
 30
0.0
  0
SPLINE
  5
794
330
70
100
AcDbEntity
  8
09_ROUNDS
 62
     7
370
    25
100
AcDbSpline
210
0.0
220
0.0
230
1.0
 70
     8
 71
     3
 72
    53
 73
    49
 74
     0
 42
0.0000000001
 43
0.0000000001
 40
0.0
 40
0.0
 40
0.0
 40
0.0
 40
1.0
 40
1.0
 40
1.0
 40
2.0
 40
2.0
 40
2.0
 40
3.0
 40
3.0
 40
3.0
 40
4.0
 40
4.0
 40
4.0
 40
5.0
 40
5.0
 40
5.0
 40
6.0
 40
6.0
 40
6.0
 40
7.0
 40
7.0
 40
7.0
 40
8.0
 40
8.0
 40
8.0
 40
9.0
 40
9.0
 40
9.0
 40
10.0
 40
10.0
 40
10.0
 40
11.0
 40
11.0
 40
11.0
 40
12.0
 40
12.0
 40
12.0
 40
13.0
 40
13.0
 40
13.0
 40
14.0
 40
14.0
 40
14.0
 40
15.0
 40
15.0
 40
15.0
 40
16.0
 40
16.0
 40
16.0
 40
16.0
 10
375.6759468066916
 20
250.5157216660762
 30
0.0
 10
375.6742834486915
 20
250.5157780946763
 30
0.0
 10
375.672629275057
 20
250.5160004193407
 30
0.0
 10
375.6709823173596
 20
250.5162539651441
 30
0.0
 10
375.6686198817089
 20
250.5166176573299
 30
0.0
 10
375.6662722933705
 20
250.5170455892635
 30
0.0
 10
375.6639301506074
 20
250.5175034388221
 30
0.0
 10
375.6577692471743
 20
250.5187077919313
 30
0.0
 10
375.6516460233026
 20
250.520119154025
 30
0.0
 10
375.645539826383
 20
250.5215919768257
 30
0.0
 10
375.6382271794761
 20
250.5233557969648
 30
0.0
 10
375.6309389525044
 20
250.5252077636182
 30
0.0
 10
375.6236663221093
 20
250.5271213374035
 30
0.0
 10
375.6156966395405
 20
250.5292183194868
 30
0.0
 10
375.6077456865625
 20
250.5313892842409
 30
0.0
 10
375.5998093020219
 20
250.5336112149952
 30
0.0
 10
375.5914355067224
 20
250.5359556066021
 30
0.0
 10
375.5830779299812
 20
250.5383567369667
 30
0.0
 10
375.5747344054511
 20
250.5408058505181
 30
0.0
 10
375.566095175001
 20
250.5433417640022
 30
0.0
 10
375.5574710104707
 20
250.5459291221222
 30
0.0
 10
375.5488605230033
 20
250.5485612905193
 30
0.0
 10
375.5310547245945
 20
250.5540044039349
 30
0.0
 10
375.5133074133095
 20
250.5596391392102
 30
0.0
 10
375.4956145757418
 20
250.5654394454739
 30
0.0
 10
375.4774097559606
 20
250.5714075966978
 30
0.0
 10
375.4592626081509
 20
250.5775510398953
 30
0.0
 10
375.4411722556601
 20
250.5838573185543
 30
0.0
 10
375.422741390372
 20
250.590282299632
 30
0.0
 10
375.4043694786306
 20
250.5968763039338
 30
0.0
 10
375.3860570936738
 20
250.6036316576851
 30
0.0
 10
375.3674965323495
 20
250.6104785625453
 30
0.0
 10
375.348997122203
 20
250.6174912198274
 30
0.0
 10
375.3305604447573
 20
250.6246647623775
 30
0.0
 10
375.3119311100836
 20
250.6319132660931
 30
0.0
 10
375.2933658260327
 20
250.6393260350411
 30
0.0
 10
375.2748659961714
 20
250.6468997723926
 30
0.0
 10
375.2374251881357
 20
250.6622278509959
 30
0.0
 10
375.20025247738
 20
250.6782152485984
 30
0.0
 10
375.1633696883617
 20
250.6948446870226
 30
0.0
 10
375.1260506757001
 20
250.7116708067286
 30
0.0
 10
375.0890284833118
 20
250.7291542442804
 30
0.0
 10
375.0523272152814
 20
250.747287099673
 30
0.0
 10
375.0153430385374
 20
250.7655597306928
 30
0.0
 10
374.9786847528581
 20
250.7844918301101
 30
0.0
 10
374.942380209898
 20
250.8040822163523
 30
0.0
 10
374.9059729438604
 20
250.8237280332549
 30
0.0
 10
374.8699214251917
 20
250.8440358674761
 30
0.0
 10
374.8342659565915
 20
250.8650093996763
 30
0.0
  0
SPLINE
  5
795
330
70
100
AcDbEntity
  8
09_ROUNDS
 62
     7
370
    25
100
AcDbSpline
210
0.0
220
0.0
230
1.0
 70
     8
 71
     3
 72
    29
 73
    25
 74
     0
 42
0.0000000001
 43
0.0000000001
 40
0.0
 40
0.0
 40
0.0
 40
0.0
 40
1.0
 40
1.0
 40
1.0
 40
2.0
 40
2.0
 40
2.0
 40
3.0
 40
3.0
 40
3.0
 40
4.0
 40
4.0
 40
4.0
 40
5.0
 40
5.0
 40
5.0
 40
6.0
 40
6.0
 40
6.0
 40
7.0
 40
7.0
 40
7.0
 40
8.0
 40
8.0
 40
8.0
 40
8.0
 10
374.7396509337917
 20
251.1107352736759
 30
0.0
 10
374.7423947927917
 20
251.1110188864758
 30
0.0
 10
374.7451716179023
 20
251.1109379889782
 30
0.0
 10
374.747926298803
 20
251.1107018228483
 30
0.0
 10
374.7514898152514
 20
251.1103963130941
 30
0.0
 10
374.7550162742856
 20
251.1098309677327
 30
0.0
 10
374.7585181368261
 20
251.1091474536562
 30
0.0
 10
374.7680247483916
 20
251.1072918974352
 30
0.0
 10
374.7773500897189
 20
251.1045654662175
 30
0.0
 10
374.7865801352018
 20
251.1015895771639
 30
0.0
 10
374.7990930486747
 20
251.0975552479398
 30
0.0
 10
374.8114308230266
 20
251.0930624535432
 30
0.0
 10
374.8236947166405
 20
251.0883703557427
 30
0.0
 10
374.8391252400032
 20
251.0824667229314
 30
0.0
 10
374.8544388037888
 20
251.0762475756523
 30
0.0
 10
374.8697008846625
 20
251.0699106107413
 30
0.0
 10
374.8879941170025
 20
251.0623150821619
 30
0.0
 10
374.9062133860051
 20
251.0545502899375
 30
0.0
 10
374.9244105815258
 20
251.0467332197681
 30
0.0
 10
374.9454885009673
 20
251.0376786610525
 30
0.0
 10
374.9665368050221
 20
251.0285539624487
 30
0.0
 10
374.9875957820739
 20
251.0194532976153
 30
0.0
 10
375.0376930805867
 20
250.9978036836907
 30
0.0
 10
375.0878507795915
 20
250.9762900813761
 30
0.0
 10
375.1382684094918
 20
250.9553997196761
 30
0.0
  0
SPLINE
  5
796
330
70
100
AcDbEntity
  8
09_ROUNDS
 62
     7
370
    25
100
AcDbSpline
210
0.0
220
0.0
230
1.0
 70
     8
 71
     3
 72
    11
 73
     7
 74
     0
 42
0.0000000001
 43
0.0000000001
 40
0.0
 40
0.0
 40
0.0
 40
0.0
 40
1.0
 40
1.0
 40
1.0
 40
2.0
 40
2.0
 40
2.0
 40
2.0
 10
376.8031968001915
 20
250.3445669398756
 30
0.0
 10
376.6084351845917
 20
250.3476865074759
 30
0.0
 10
376.4136006209697
 20
250.366166625193
 30
0.0
 10
376.2214788559664
 20
250.4000701003695
 30
0.0
 10
376.0386512385435
 20
250.4323334495468
 30
0.0
 10
375.8582802978917
 20
250.4785639998757
 30
0.0
 10
375.6829529096917
 20
250.5387299961761
 30
0.0
  0
SPLINE
  5
797
330
70
100
AcDbEntity
  8
09_ROUNDS
 62
     7
370
    25
100
AcDbSpline
210
0.0
220
0.0
230
1.0
 70
     8
 71
     3
 72
    20
 73
    16
 74
     0
 42
0.0000000001
 43
0.0000000001
 40
0.0
 40
0.0
 40
0.0
 40
0.0
 40
1.0
 40
1.0
 40
1.0
 40
2.0
 40
2.0
 40
2.0
 40
3.0
 40
3.0
 40
3.0
 40
4.0
 40
4.0
 40
4.0
 40
5.0
 40
5.0
 40
5.0
 40
5.0
 10
375.5879217732919
 20
250.572904780776
 30
0.0
 10
375.4994283178915
 20
250.606206362976
 30
0.0
 10
375.4122585018042
 20
250.6431937581821
 30
0.0
 10
375.3269138837415
 20
250.6839708190895
 30
0.0
 10
375.2512851908274
 20
250.7201056789946
 30
0.0
 10
375.177089777452
 20
250.759216462736
 30
0.0
 10
375.1047474627281
 20
250.8015539716119
 30
0.0
 10
375.0448949925732
 20
250.8365819423947
 30
0.0
 10
374.9863109856879
 20
250.8738186365572
 30
0.0
 10
374.9296962017144
 20
250.9138344142497
 30
0.0
 10
374.9067056760677
 20
250.9300842998581
 30
0.0
 10
374.884039888318
 20
250.9467924747403
 30
0.0
 10
374.8618274511589
 20
250.9640939204376
 30
0.0
 10
374.8434157130545
 20
250.9784349711163
 30
0.0
 10
374.8253154557914
 20
250.9931836367759
 30
0.0
 10
374.8077310727915
 20
251.0085219422762
 30
0.0
  0
SPLINE
  5
798
330
70
100
AcDbEntity
  8
09_ROUNDS
 62
     7
370
    25
100
AcDbSpline
210
0.0
220
0.0
230
1.0
 70
     8
 71
     3
 72
    38
 73
    34
 74
     0
 42
0.0000000001
 43
0.0000000001
 40
0.0
 40
0.0
 40
0.0
 40
0.0
 40
1.0
 40
1.0
 40
1.0
 40
2.0
 40
2.0
 40
2.0
 40
3.0
 40
3.0
 40
3.0
 40
4.0
 40
4.0
 40
4.0
 40
5.0
 40
5.0
 40
5.0
 40
6.0
 40
6.0
 40
6.0
 40
7.0
 40
7.0
 40
7.0
 40
8.0
 40
8.0
 40
8.0
 40
9.0
 40
9.0
 40
9.0
 40
10.0
 40
10.0
 40
10.0
 40
11.0
 40
11.0
 40
11.0
 40
11.0
 10
374.8077310727915
 20
251.0085219422762
 30
0.0
 10
374.7993254757918
 20
251.0158538807758
 30
0.0
 10
374.7910380136409
 20
251.0233248539878
 30
0.0
 10
374.782930490208
 20
251.0309859924765
 30
0.0
 10
374.7760661760374
 20
251.0374723704597
 30
0.0
 10
374.7693308478452
 20
251.0440950651532
 30
0.0
 10
374.7628033287077
 20
251.0509243180575
 30
0.0
 10
374.757467821023
 20
251.0565064589254
 30
0.0
 10
374.752271154954
 20
251.0622266056949
 30
0.0
 10
374.7473544223199
 20
251.0681751630698
 30
0.0
 10
374.7435292716384
 20
251.0728030592754
 30
0.0
 10
374.7398735542235
 20
251.0775692039005
 30
0.0
 10
374.7365744427818
 20
251.0826102050188
 30
0.0
 10
374.7341842988439
 20
251.0862623151328
 30
0.0
 10
374.7319813277133
 20
251.0900586899682
 30
0.0
 10
374.7304438075314
 20
251.094133126142
 30
0.0
 10
374.7298744118036
 20
251.0956420276678
 30
0.0
 10
374.7293962807712
 20
251.0971890645109
 30
0.0
 10
374.7291138001819
 20
251.0987802539196
 30
0.0
 10
374.7288857846211
 20
251.1000646464022
 30
0.0
 10
374.728785246281
 20
251.1013778067546
 30
0.0
 10
374.7289355571164
 20
251.1026779006849
 30
0.0
 10
374.7290623336916
 20
251.1037744381018
 30
0.0
 10
374.7293675576259
 20
251.104861680417
 30
0.0
 10
374.7299050329418
 20
251.1058226819026
 30
0.0
 10
374.7304260151716
 20
251.1067541938849
 30
0.0
 10
374.7311652136468
 20
251.107567093871
 30
0.0
 10
374.7320178121102
 20
251.108212506023
 30
0.0
 10
374.732990554504
 20
251.1089488664435
 30
0.0
 10
374.7341109081976
 20
251.1094672101128
 30
0.0
 10
374.7352683605855
 20
251.1098491870777
 30
0.0
 10
374.7366903939282
 20
251.1103184797985
 30
0.0
 10
374.7381684251915
 20
251.110581936376
 30
0.0
 10
374.7396509337917
 20
251.1107352736759
 30
0.0
  0
SPLINE
  5
799
330
70
100
AcDbEntity
  8
09_ROUNDS
 62
     7
370
    25
100
AcDbSpline
210
0.0
220
0.0
230
1.0
 70
     8
 71
     3
 72
    56
 73
    52
 74
     0
 42
0.0000000001
 43
0.0000000001
 40
0.0
 40
0.0
 40
0.0
 40
0.0
 40
1.0
 40
1.0
 40
1.0
 40
2.0
 40
2.0
 40
2.0
 40
3.0
 40
3.0
 40
3.0
 40
4.0
 40
4.0
 40
4.0
 40
5.0
 40
5.0
 40
5.0
 40
6.0
 40
6.0
 40
6.0
 40
7.0
 40
7.0
 40
7.0
 40
8.0
 40
8.0
 40
8.0
 40
9.0
 40
9.0
 40
9.0
 40
10.0
 40
10.0
 40
10.0
 40
11.0
 40
11.0
 40
11.0
 40
12.0
 40
12.0
 40
12.0
 40
13.0
 40
13.0
 40
13.0
 40
14.0
 40
14.0
 40
14.0
 40
15.0
 40
15.0
 40
15.0
 40
16.0
 40
16.0
 40
16.0
 40
17.0
 40
17.0
 40
17.0
 40
17.0
 10
375.5491618813915
 20
250.5684261128762
 30
0.0
 10
375.557023421692
 20
250.5654066620762
 30
0.0
 10
375.56488967614
 20
250.562399479942
 30
0.0
 10
375.5727590026593
 20
250.5594003741799
 30
0.0
 10
375.5804009569187
 20
250.5564879230325
 30
0.0
 10
375.5880458082875
 20
250.5535830882913
 30
0.0
 10
375.5956911682535
 20
250.5506795941453
 30
0.0
 10
375.6030173358201
 20
250.5478973203566
 30
0.0
 10
375.610343970403
 20
250.5451162775597
 30
0.0
 10
375.6176665307215
 20
250.5423245110292
 30
0.0
 10
375.6211634096514
 20
250.5409913066394
 30
0.0
 10
375.6246593594345
 20
250.5396556566736
 30
0.0
 10
375.6281534943208
 20
250.5383152960517
 30
0.0
 10
375.6315032894543
 20
250.5370303045918
 30
0.0
 10
375.6348514165387
 20
250.5357409836244
 30
0.0
 10
375.6381964903247
 20
250.5344436704584
 30
0.0
 10
375.6413563060787
 20
250.5332182055381
 30
0.0
 10
375.6445133973679
 20
250.5319856091589
 30
0.0
 10
375.6476657153929
 20
250.5307412198703
 30
0.0
 10
375.6505812948243
 20
250.5295902840242
 30
0.0
 10
375.6534927910138
 20
250.5284292600479
 30
0.0
 10
375.6563970288786
 20
250.5272491199215
 30
0.0
 10
375.6589893034952
 20
250.5261957463905
 30
0.0
 10
375.6615757953671
 20
250.5251271429226
 30
0.0
 10
375.6641492185426
 20
250.5240309416347
 30
0.0
 10
375.6663150116515
 20
250.5231083785607
 30
0.0
 10
375.6684715483243
 20
250.5221662682084
 30
0.0
 10
375.670609431037
 20
250.5211731559668
 30
0.0
 10
375.671489599847
 20
250.520764290496
 30
0.0
 10
375.672366606851
 20
250.5203467803157
 30
0.0
 10
375.6732315194357
 20
250.5199150570657
 30
0.0
 10
375.6739517441857
 20
250.5195555551053
 30
0.0
 10
375.6746635825145
 20
250.519186197625
 30
0.0
 10
375.6753774369481
 20
250.5187925456051
 30
0.0
 10
375.6759323509422
 20
250.5184865406209
 30
0.0
 10
375.6764884832098
 20
250.5181658551413
 30
0.0
 10
375.6769914848098
 20
250.5178235783486
 30
0.0
 10
375.6773405094805
 20
250.5175860780205
 30
0.0
 10
375.6776639530756
 20
250.5173381820203
 30
0.0
 10
375.6780249352291
 20
250.5170246103027
 30
0.0
 10
375.6782313302795
 20
250.5168453226282
 30
0.0
 10
375.678449997029
 20
250.5166445649603
 30
0.0
 10
375.6784467659697
 20
250.5164082608144
 30
0.0
 10
375.678444716193
 20
250.5162583500289
 30
0.0
 10
375.6783533613523
 20
250.5160941331967
 30
0.0
 10
375.678233356348
 20
250.5159852242828
 30
0.0
 10
375.6780127485776
 20
250.515785014692
 30
0.0
 10
375.6776953197091
 20
250.5157717140985
 30
0.0
 10
375.6773927156926
 20
250.5157571529847
 30
0.0
 10
375.6768902420286
 20
250.5157329742693
 30
0.0
 10
375.6764286442918
 20
250.5157053199758
 30
0.0
 10
375.6759468066916
 20
250.5157216660762
 30
0.0
  0
SPLINE
  5
79A
330
70
100
AcDbEntity
  8
09_ROUNDS
 62
     7
370
    25
100
AcDbSpline
210
0.0
220
0.0
230
1.0
 70
     8
 71
     3
 72
    53
 73
    49
 74
     0
 42
0.0000000001
 43
0.0000000001
 40
0.0
 40
0.0
 40
0.0
 40
0.0
 40
1.0
 40
1.0
 40
1.0
 40
2.0
 40
2.0
 40
2.0
 40
3.0
 40
3.0
 40
3.0
 40
4.0
 40
4.0
 40
4.0
 40
5.0
 40
5.0
 40
5.0
 40
6.0
 40
6.0
 40
6.0
 40
7.0
 40
7.0
 40
7.0
 40
8.0
 40
8.0
 40
8.0
 40
9.0
 40
9.0
 40
9.0
 40
10.0
 40
10.0
 40
10.0
 40
11.0
 40
11.0
 40
11.0
 40
12.0
 40
12.0
 40
12.0
 40
13.0
 40
13.0
 40
13.0
 40
14.0
 40
14.0
 40
14.0
 40
15.0
 40
15.0
 40
15.0
 40
16.0
 40
16.0
 40
16.0
 40
16.0
 10
340.8759468066916
 20
250.5157216660762
 30
0.0
 10
340.8742834486915
 20
250.5157780946763
 30
0.0
 10
340.872629275057
 20
250.5160004193407
 30
0.0
 10
340.8709823173597
 20
250.5162539651441
 30
0.0
 10
340.8686198817084
 20
250.5166176573299
 30
0.0
 10
340.8662722933705
 20
250.5170455892635
 30
0.0
 10
340.8639301506075
 20
250.5175034388221
 30
0.0
 10
340.8577692471744
 20
250.5187077919313
 30
0.0
 10
340.8516460233027
 20
250.520119154025
 30
0.0
 10
340.8455398263831
 20
250.5215919768257
 30
0.0
 10
340.8382271794761
 20
250.5233557969648
 30
0.0
 10
340.8309389525044
 20
250.5252077636182
 30
0.0
 10
340.8236663221094
 20
250.5271213374035
 30
0.0
 10
340.8156966395406
 20
250.5292183194868
 30
0.0
 10
340.8077456865626
 20
250.5313892842409
 30
0.0
 10
340.7998093020219
 20
250.5336112149952
 30
0.0
 10
340.7914355067225
 20
250.5359556066021
 30
0.0
 10
340.7830779299812
 20
250.5383567369667
 30
0.0
 10
340.7747344054511
 20
250.5408058505181
 30
0.0
 10
340.7660951750011
 20
250.5433417640022
 30
0.0
 10
340.7574710104707
 20
250.5459291221222
 30
0.0
 10
340.7488605230034
 20
250.5485612905193
 30
0.0
 10
340.7310547245946
 20
250.5540044039349
 30
0.0
 10
340.7133074133096
 20
250.5596391392102
 30
0.0
 10
340.6956145757418
 20
250.5654394454739
 30
0.0
 10
340.6774097559606
 20
250.5714075966978
 30
0.0
 10
340.6592626081509
 20
250.5775510398953
 30
0.0
 10
340.6411722556601
 20
250.5838573185543
 30
0.0
 10
340.6227413903721
 20
250.590282299632
 30
0.0
 10
340.6043694786307
 20
250.5968763039338
 30
0.0
 10
340.5860570936738
 20
250.6036316576851
 30
0.0
 10
340.5674965323495
 20
250.6104785625453
 30
0.0
 10
340.5489971222031
 20
250.6174912198274
 30
0.0
 10
340.5305604447574
 20
250.6246647623775
 30
0.0
 10
340.5119311100829
 20
250.6319132660931
 30
0.0
 10
340.4933658260321
 20
250.6393260350411
 30
0.0
 10
340.4748659961715
 20
250.6468997723926
 30
0.0
 10
340.4374251881357
 20
250.6622278509959
 30
0.0
 10
340.4002524773801
 20
250.6782152485984
 30
0.0
 10
340.3633696883617
 20
250.6948446870226
 30
0.0
 10
340.3260506757002
 20
250.7116708067286
 30
0.0
 10
340.2890284833119
 20
250.7291542442804
 30
0.0
 10
340.2523272152815
 20
250.747287099673
 30
0.0
 10
340.2153430385374
 20
250.7655597306928
 30
0.0
 10
340.1786847528581
 20
250.7844918301101
 30
0.0
 10
340.1423802098981
 20
250.8040822163523
 30
0.0
 10
340.1059729438604
 20
250.8237280332549
 30
0.0
 10
340.0699214251917
 20
250.8440358674761
 30
0.0
 10
340.0342659565916
 20
250.8650093996763
 30
0.0
  0
SPLINE
  5
79B
330
70
100
AcDbEntity
  8
09_ROUNDS
 62
     7
370
    25
100
AcDbSpline
210
0.0
220
0.0
230
1.0
 70
     8
 71
     3
 72
    29
 73
    25
 74
     0
 42
0.0000000001
 43
0.0000000001
 40
0.0
 40
0.0
 40
0.0
 40
0.0
 40
1.0
 40
1.0
 40
1.0
 40
2.0
 40
2.0
 40
2.0
 40
3.0
 40
3.0
 40
3.0
 40
4.0
 40
4.0
 40
4.0
 40
5.0
 40
5.0
 40
5.0
 40
6.0
 40
6.0
 40
6.0
 40
7.0
 40
7.0
 40
7.0
 40
8.0
 40
8.0
 40
8.0
 40
8.0
 10
339.9396509337918
 20
251.1107352736759
 30
0.0
 10
339.9423947927918
 20
251.1110188864758
 30
0.0
 10
339.9451716179024
 20
251.1109379889782
 30
0.0
 10
339.9479262988031
 20
251.1107018228483
 30
0.0
 10
339.9514898152515
 20
251.1103963130941
 30
0.0
 10
339.9550162742856
 20
251.1098309677327
 30
0.0
 10
339.9585181368261
 20
251.1091474536562
 30
0.0
 10
339.9680247483916
 20
251.1072918974352
 30
0.0
 10
339.977350089719
 20
251.1045654662175
 30
0.0
 10
339.9865801352019
 20
251.1015895771639
 30
0.0
 10
339.9990930486741
 20
251.0975552479398
 30
0.0
 10
340.0114308230267
 20
251.0930624535432
 30
0.0
 10
340.0236947166405
 20
251.0883703557427
 30
0.0
 10
340.0391252400032
 20
251.0824667229314
 30
0.0
 10
340.0544388037888
 20
251.0762475756523
 30
0.0
 10
340.0697008846625
 20
251.0699106107413
 30
0.0
 10
340.0879941170026
 20
251.0623150821619
 30
0.0
 10
340.1062133860052
 20
251.0545502899375
 30
0.0
 10
340.1244105815259
 20
251.0467332197681
 30
0.0
 10
340.1454885009674
 20
251.0376786610525
 30
0.0
 10
340.1665368050221
 20
251.0285539624487
 30
0.0
 10
340.187595782074
 20
251.0194532976153
 30
0.0
 10
340.2376930805868
 20
250.9978036836907
 30
0.0
 10
340.2878507795916
 20
250.9762900813761
 30
0.0
 10
340.3382684094919
 20
250.9553997196761
 30
0.0
  0
SPLINE
  5
79C
330
70
100
AcDbEntity
  8
09_ROUNDS
 62
     7
370
    25
100
AcDbSpline
210
0.0
220
0.0
230
1.0
 70
     8
 71
     3
 72
    11
 73
     7
 74
     0
 42
0.0000000001
 43
0.0000000001
 40
0.0
 40
0.0
 40
0.0
 40
0.0
 40
1.0
 40
1.0
 40
1.0
 40
2.0
 40
2.0
 40
2.0
 40
2.0
 10
342.0031968001916
 20
250.3445669398756
 30
0.0
 10
341.8084351845917
 20
250.3476865074759
 30
0.0
 10
341.6136006209691
 20
250.366166625193
 30
0.0
 10
341.4214788559665
 20
250.4000701003695
 30
0.0
 10
341.2386512385436
 20
250.4323334495468
 30
0.0
 10
341.0582802978917
 20
250.4785639998757
 30
0.0
 10
340.8829529096918
 20
250.5387299961761
 30
0.0
  0
SPLINE
  5
79D
330
70
100
AcDbEntity
  8
09_ROUNDS
 62
     7
370
    25
100
AcDbSpline
210
0.0
220
0.0
230
1.0
 70
     8
 71
     3
 72
    20
 73
    16
 74
     0
 42
0.0000000001
 43
0.0000000001
 40
0.0
 40
0.0
 40
0.0
 40
0.0
 40
1.0
 40
1.0
 40
1.0
 40
2.0
 40
2.0
 40
2.0
 40
3.0
 40
3.0
 40
3.0
 40
4.0
 40
4.0
 40
4.0
 40
5.0
 40
5.0
 40
5.0
 40
5.0
 10
340.787921773292
 20
250.572904780776
 30
0.0
 10
340.6994283178915
 20
250.606206362976
 30
0.0
 10
340.6122585018043
 20
250.6431937581821
 30
0.0
 10
340.5269138837416
 20
250.6839708190895
 30
0.0
 10
340.4512851908275
 20
250.7201056789946
 30
0.0
 10
340.377089777452
 20
250.759216462736
 30
0.0
 10
340.3047474627281
 20
250.8015539716119
 30
0.0
 10
340.2448949925732
 20
250.8365819423947
 30
0.0
 10
340.186310985688
 20
250.8738186365572
 30
0.0
 10
340.1296962017145
 20
250.9138344142497
 30
0.0
 10
340.1067056760678
 20
250.9300842998581
 30
0.0
 10
340.0840398883181
 20
250.9467924747403
 30
0.0
 10
340.061827451159
 20
250.9640939204376
 30
0.0
 10
340.0434157130545
 20
250.9784349711163
 30
0.0
 10
340.0253154557915
 20
250.9931836367759
 30
0.0
 10
340.0077310727916
 20
251.0085219422762
 30
0.0
  0
SPLINE
  5
79E
330
70
100
AcDbEntity
  8
09_ROUNDS
 62
     7
370
    25
100
AcDbSpline
210
0.0
220
0.0
230
1.0
 70
     8
 71
     3
 72
    38
 73
    34
 74
     0
 42
0.0000000001
 43
0.0000000001
 40
0.0
 40
0.0
 40
0.0
 40
0.0
 40
1.0
 40
1.0
 40
1.0
 40
2.0
 40
2.0
 40
2.0
 40
3.0
 40
3.0
 40
3.0
 40
4.0
 40
4.0
 40
4.0
 40
5.0
 40
5.0
 40
5.0
 40
6.0
 40
6.0
 40
6.0
 40
7.0
 40
7.0
 40
7.0
 40
8.0
 40
8.0
 40
8.0
 40
9.0
 40
9.0
 40
9.0
 40
10.0
 40
10.0
 40
10.0
 40
11.0
 40
11.0
 40
11.0
 40
11.0
 10
340.0077310727916
 20
251.0085219422762
 30
0.0
 10
339.9993254757919
 20
251.0158538807758
 30
0.0
 10
339.991038013641
 20
251.0233248539878
 30
0.0
 10
339.982930490208
 20
251.0309859924765
 30
0.0
 10
339.9760661760375
 20
251.0374723704597
 30
0.0
 10
339.9693308478453
 20
251.0440950651532
 30
0.0
 10
339.9628033287072
 20
251.0509243180575
 30
0.0
 10
339.957467821023
 20
251.0565064589254
 30
0.0
 10
339.952271154954
 20
251.0622266056949
 30
0.0
 10
339.94735442232
 20
251.0681751630698
 30
0.0
 10
339.9435292716384
 20
251.0728030592754
 30
0.0
 10
339.9398735542235
 20
251.0775692039005
 30
0.0
 10
339.9365744427819
 20
251.0826102050188
 30
0.0
 10
339.934184298844
 20
251.0862623151328
 30
0.0
 10
339.9319813277133
 20
251.0900586899682
 30
0.0
 10
339.9304438075315
 20
251.094133126142
 30
0.0
 10
339.9298744118036
 20
251.0956420276678
 30
0.0
 10
339.9293962807712
 20
251.0971890645109
 30
0.0
 10
339.9291138001819
 20
251.0987802539196
 30
0.0
 10
339.9288857846212
 20
251.1000646464022
 30
0.0
 10
339.9287852462811
 20
251.1013778067546
 30
0.0
 10
339.9289355571164
 20
251.1026779006849
 30
0.0
 10
339.9290623336916
 20
251.1037744381018
 30
0.0
 10
339.929367557626
 20
251.104861680417
 30
0.0
 10
339.9299050329418
 20
251.1058226819026
 30
0.0
 10
339.9304260151717
 20
251.1067541938849
 30
0.0
 10
339.9311652136468
 20
251.107567093871
 30
0.0
 10
339.9320178121103
 20
251.108212506023
 30
0.0
 10
339.932990554504
 20
251.1089488664435
 30
0.0
 10
339.9341109081977
 20
251.1094672101128
 30
0.0
 10
339.9352683605849
 20
251.1098491870777
 30
0.0
 10
339.9366903939283
 20
251.1103184797985
 30
0.0
 10
339.9381684251915
 20
251.110581936376
 30
0.0
 10
339.9396509337918
 20
251.1107352736759
 30
0.0
  0
SPLINE
  5
79F
330
70
100
AcDbEntity
  8
09_ROUNDS
 62
     7
370
    25
100
AcDbSpline
210
0.0
220
0.0
230
1.0
 70
     8
 71
     3
 72
    56
 73
    52
 74
     0
 42
0.0000000001
 43
0.0000000001
 40
0.0
 40
0.0
 40
0.0
 40
0.0
 40
1.0
 40
1.0
 40
1.0
 40
2.0
 40
2.0
 40
2.0
 40
3.0
 40
3.0
 40
3.0
 40
4.0
 40
4.0
 40
4.0
 40
5.0
 40
5.0
 40
5.0
 40
6.0
 40
6.0
 40
6.0
 40
7.0
 40
7.0
 40
7.0
 40
8.0
 40
8.0
 40
8.0
 40
9.0
 40
9.0
 40
9.0
 40
10.0
 40
10.0
 40
10.0
 40
11.0
 40
11.0
 40
11.0
 40
12.0
 40
12.0
 40
12.0
 40
13.0
 40
13.0
 40
13.0
 40
14.0
 40
14.0
 40
14.0
 40
15.0
 40
15.0
 40
15.0
 40
16.0
 40
16.0
 40
16.0
 40
17.0
 40
17.0
 40
17.0
 40
17.0
 10
340.7491618813915
 20
250.5684261128762
 30
0.0
 10
340.757023421692
 20
250.5654066620762
 30
0.0
 10
340.7648896761401
 20
250.562399479942
 30
0.0
 10
340.7727590026594
 20
250.5594003741799
 30
0.0
 10
340.7804009569188
 20
250.5564879230325
 30
0.0
 10
340.7880458082875
 20
250.5535830882913
 30
0.0
 10
340.7956911682535
 20
250.5506795941453
 30
0.0
 10
340.8030173358201
 20
250.5478973203566
 30
0.0
 10
340.8103439704025
 20
250.5451162775597
 30
0.0
 10
340.8176665307215
 20
250.5423245110292
 30
0.0
 10
340.8211634096515
 20
250.5409913066394
 30
0.0
 10
340.824659359434
 20
250.5396556566736
 30
0.0
 10
340.8281534943208
 20
250.5383152960517
 30
0.0
 10
340.8315032894544
 20
250.5370303045918
 30
0.0
 10
340.8348514165388
 20
250.5357409836244
 30
0.0
 10
340.8381964903248
 20
250.5344436704584
 30
0.0
 10
340.8413563060788
 20
250.5332182055381
 30
0.0
 10
340.8445133973673
 20
250.5319856091589
 30
0.0
 10
340.8476657153929
 20
250.5307412198703
 30
0.0
 10
340.8505812948244
 20
250.5295902840242
 30
0.0
 10
340.8534927910138
 20
250.5284292600479
 30
0.0
 10
340.8563970288781
 20
250.5272491199215
 30
0.0
 10
340.8589893034953
 20
250.5261957463905
 30
0.0
 10
340.8615757953671
 20
250.5251271429226
 30
0.0
 10
340.8641492185426
 20
250.5240309416347
 30
0.0
 10
340.8663150116516
 20
250.5231083785607
 30
0.0
 10
340.8684715483243
 20
250.5221662682084
 30
0.0
 10
340.8706094310371
 20
250.5211731559668
 30
0.0
 10
340.871489599847
 20
250.520764290496
 30
0.0
 10
340.8723666068511
 20
250.5203467803157
 30
0.0
 10
340.8732315194357
 20
250.5199150570657
 30
0.0
 10
340.8739517441857
 20
250.5195555551053
 30
0.0
 10
340.8746635825145
 20
250.519186197625
 30
0.0
 10
340.8753774369481
 20
250.5187925456051
 30
0.0
 10
340.8759323509423
 20
250.5184865406209
 30
0.0
 10
340.8764884832098
 20
250.5181658551413
 30
0.0
 10
340.8769914848099
 20
250.5178235783486
 30
0.0
 10
340.8773405094806
 20
250.5175860780205
 30
0.0
 10
340.8776639530757
 20
250.5173381820203
 30
0.0
 10
340.8780249352291
 20
250.5170246103027
 30
0.0
 10
340.8782313302796
 20
250.5168453226282
 30
0.0
 10
340.878449997029
 20
250.5166445649603
 30
0.0
 10
340.8784467659697
 20
250.5164082608144
 30
0.0
 10
340.8784447161931
 20
250.5162583500289
 30
0.0
 10
340.8783533613523
 20
250.5160941331967
 30
0.0
 10
340.878233356348
 20
250.5159852242828
 30
0.0
 10
340.8780127485777
 20
250.515785014692
 30
0.0
 10
340.8776953197091
 20
250.5157717140985
 30
0.0
 10
340.8773927156926
 20
250.5157571529847
 30
0.0
 10
340.8768902420287
 20
250.5157329742693
 30
0.0
 10
340.8764286442918
 20
250.5157053199758
 30
0.0
 10
340.8759468066916
 20
250.5157216660762
 30
0.0
  0
SPLINE
  5
7A0
330
70
100
AcDbEntity
  8
09_ROUNDS
 62
     7
370
    25
100
AcDbSpline
210
0.0
220
0.0
230
1.0
 70
     8
 71
     3
 72
    53
 73
    49
 74
     0
 42
0.0000000001
 43
0.0000000001
 40
0.0
 40
0.0
 40
0.0
 40
0.0
 40
1.0
 40
1.0
 40
1.0
 40
2.0
 40
2.0
 40
2.0
 40
3.0
 40
3.0
 40
3.0
 40
4.0
 40
4.0
 40
4.0
 40
5.0
 40
5.0
 40
5.0
 40
6.0
 40
6.0
 40
6.0
 40
7.0
 40
7.0
 40
7.0
 40
8.0
 40
8.0
 40
8.0
 40
9.0
 40
9.0
 40
9.0
 40
10.0
 40
10.0
 40
10.0
 40
11.0
 40
11.0
 40
11.0
 40
12.0
 40
12.0
 40
12.0
 40
13.0
 40
13.0
 40
13.0
 40
14.0
 40
14.0
 40
14.0
 40
15.0
 40
15.0
 40
15.0
 40
16.0
 40
16.0
 40
16.0
 40
16.0
 10
358.2759468066916
 20
250.5157216660762
 30
0.0
 10
358.2742834486915
 20
250.5157780946763
 30
0.0
 10
358.272629275057
 20
250.5160004193407
 30
0.0
 10
358.2709823173597
 20
250.5162539651441
 30
0.0
 10
358.268619881709
 20
250.5166176573299
 30
0.0
 10
358.2662722933705
 20
250.5170455892635
 30
0.0
 10
358.2639301506075
 20
250.5175034388221
 30
0.0
 10
358.2577692471744
 20
250.5187077919313
 30
0.0
 10
358.2516460233027
 20
250.520119154025
 30
0.0
 10
358.245539826383
 20
250.5215919768257
 30
0.0
 10
358.2382271794761
 20
250.5233557969648
 30
0.0
 10
358.2309389525044
 20
250.5252077636182
 30
0.0
 10
358.2236663221094
 20
250.5271213374035
 30
0.0
 10
358.2156966395406
 20
250.5292183194868
 30
0.0
 10
358.2077456865625
 20
250.5313892842409
 30
0.0
 10
358.1998093020219
 20
250.5336112149952
 30
0.0
 10
358.1914355067224
 20
250.5359556066021
 30
0.0
 10
358.1830779299812
 20
250.5383567369667
 30
0.0
 10
358.1747344054511
 20
250.5408058505181
 30
0.0
 10
358.166095175001
 20
250.5433417640022
 30
0.0
 10
358.1574710104707
 20
250.5459291221222
 30
0.0
 10
358.1488605230033
 20
250.5485612905193
 30
0.0
 10
358.1310547245946
 20
250.5540044039349
 30
0.0
 10
358.1133074133096
 20
250.5596391392102
 30
0.0
 10
358.0956145757418
 20
250.5654394454739
 30
0.0
 10
358.0774097559606
 20
250.5714075966978
 30
0.0
 10
358.0592626081509
 20
250.5775510398953
 30
0.0
 10
358.0411722556601
 20
250.5838573185543
 30
0.0
 10
358.0227413903721
 20
250.590282299632
 30
0.0
 10
358.0043694786306
 20
250.5968763039338
 30
0.0
 10
357.9860570936738
 20
250.6036316576851
 30
0.0
 10
357.9674965323495
 20
250.6104785625453
 30
0.0
 10
357.948997122203
 20
250.6174912198274
 30
0.0
 10
357.9305604447573
 20
250.6246647623775
 30
0.0
 10
357.9119311100829
 20
250.6319132660931
 30
0.0
 10
357.8933658260321
 20
250.6393260350411
 30
0.0
 10
357.8748659961714
 20
250.6468997723926
 30
0.0
 10
357.8374251881357
 20
250.6622278509959
 30
0.0
 10
357.8002524773801
 20
250.6782152485984
 30
0.0
 10
357.7633696883617
 20
250.6948446870226
 30
0.0
 10
357.7260506757002
 20
250.7116708067286
 30
0.0
 10
357.6890284833118
 20
250.7291542442804
 30
0.0
 10
357.6523272152814
 20
250.747287099673
 30
0.0
 10
357.6153430385374
 20
250.7655597306928
 30
0.0
 10
357.5786847528581
 20
250.7844918301101
 30
0.0
 10
357.5423802098981
 20
250.8040822163523
 30
0.0
 10
357.5059729438604
 20
250.8237280332549
 30
0.0
 10
357.4699214251917
 20
250.8440358674761
 30
0.0
 10
357.4342659565916
 20
250.8650093996763
 30
0.0
  0
SPLINE
  5
7A1
330
70
100
AcDbEntity
  8
09_ROUNDS
 62
     7
370
    25
100
AcDbSpline
210
0.0
220
0.0
230
1.0
 70
     8
 71
     3
 72
    29
 73
    25
 74
     0
 42
0.0000000001
 43
0.0000000001
 40
0.0
 40
0.0
 40
0.0
 40
0.0
 40
1.0
 40
1.0
 40
1.0
 40
2.0
 40
2.0
 40
2.0
 40
3.0
 40
3.0
 40
3.0
 40
4.0
 40
4.0
 40
4.0
 40
5.0
 40
5.0
 40
5.0
 40
6.0
 40
6.0
 40
6.0
 40
7.0
 40
7.0
 40
7.0
 40
8.0
 40
8.0
 40
8.0
 40
8.0
 10
357.3396509337917
 20
251.1107352736759
 30
0.0
 10
357.3423947927917
 20
251.1110188864758
 30
0.0
 10
357.3451716179024
 20
251.1109379889782
 30
0.0
 10
357.347926298803
 20
251.1107018228483
 30
0.0
 10
357.3514898152514
 20
251.1103963130941
 30
0.0
 10
357.3550162742856
 20
251.1098309677327
 30
0.0
 10
357.3585181368261
 20
251.1091474536562
 30
0.0
 10
357.3680247483916
 20
251.1072918974352
 30
0.0
 10
357.3773500897189
 20
251.1045654662175
 30
0.0
 10
357.3865801352018
 20
251.1015895771639
 30
0.0
 10
357.3990930486747
 20
251.0975552479398
 30
0.0
 10
357.4114308230266
 20
251.0930624535432
 30
0.0
 10
357.4236947166405
 20
251.0883703557427
 30
0.0
 10
357.4391252400032
 20
251.0824667229314
 30
0.0
 10
357.4544388037888
 20
251.0762475756523
 30
0.0
 10
357.4697008846625
 20
251.0699106107413
 30
0.0
 10
357.4879941170026
 20
251.0623150821619
 30
0.0
 10
357.5062133860051
 20
251.0545502899375
 30
0.0
 10
357.5244105815258
 20
251.0467332197681
 30
0.0
 10
357.5454885009673
 20
251.0376786610525
 30
0.0
 10
357.5665368050221
 20
251.0285539624487
 30
0.0
 10
357.5875957820739
 20
251.0194532976153
 30
0.0
 10
357.6376930805868
 20
250.9978036836907
 30
0.0
 10
357.6878507795915
 20
250.9762900813761
 30
0.0
 10
357.7382684094918
 20
250.9553997196761
 30
0.0
  0
SPLINE
  5
7A2
330
70
100
AcDbEntity
  8
09_ROUNDS
 62
     7
370
    25
100
AcDbSpline
210
0.0
220
0.0
230
1.0
 70
     8
 71
     3
 72
    11
 73
     7
 74
     0
 42
0.0000000001
 43
0.0000000001
 40
0.0
 40
0.0
 40
0.0
 40
0.0
 40
1.0
 40
1.0
 40
1.0
 40
2.0
 40
2.0
 40
2.0
 40
2.0
 10
359.4031968001916
 20
250.3445669398756
 30
0.0
 10
359.2084351845917
 20
250.3476865074759
 30
0.0
 10
359.0136006209697
 20
250.366166625193
 30
0.0
 10
358.8214788559664
 20
250.4000701003695
 30
0.0
 10
358.6386512385435
 20
250.4323334495468
 30
0.0
 10
358.4582802978917
 20
250.4785639998757
 30
0.0
 10
358.2829529096918
 20
250.5387299961761
 30
0.0
  0
SPLINE
  5
7A3
330
70
100
AcDbEntity
  8
09_ROUNDS
 62
     7
370
    25
100
AcDbSpline
210
0.0
220
0.0
230
1.0
 70
     8
 71
     3
 72
    20
 73
    16
 74
     0
 42
0.0000000001
 43
0.0000000001
 40
0.0
 40
0.0
 40
0.0
 40
0.0
 40
1.0
 40
1.0
 40
1.0
 40
2.0
 40
2.0
 40
2.0
 40
3.0
 40
3.0
 40
3.0
 40
4.0
 40
4.0
 40
4.0
 40
5.0
 40
5.0
 40
5.0
 40
5.0
 10
358.1879217732919
 20
250.572904780776
 30
0.0
 10
358.0994283178915
 20
250.606206362976
 30
0.0
 10
358.0122585018042
 20
250.6431937581821
 30
0.0
 10
357.9269138837416
 20
250.6839708190895
 30
0.0
 10
357.8512851908274
 20
250.7201056789946
 30
0.0
 10
357.777089777452
 20
250.759216462736
 30
0.0
 10
357.7047474627281
 20
250.8015539716119
 30
0.0
 10
357.6448949925732
 20
250.8365819423947
 30
0.0
 10
357.586310985688
 20
250.8738186365572
 30
0.0
 10
357.5296962017144
 20
250.9138344142497
 30
0.0
 10
357.5067056760678
 20
250.9300842998581
 30
0.0
 10
357.484039888318
 20
250.9467924747403
 30
0.0
 10
357.4618274511589
 20
250.9640939204376
 30
0.0
 10
357.4434157130545
 20
250.9784349711163
 30
0.0
 10
357.4253154557915
 20
250.9931836367759
 30
0.0
 10
357.4077310727915
 20
251.0085219422762
 30
0.0
  0
SPLINE
  5
7A4
330
70
100
AcDbEntity
  8
09_ROUNDS
 62
     7
370
    25
100
AcDbSpline
210
0.0
220
0.0
230
1.0
 70
     8
 71
     3
 72
    38
 73
    34
 74
     0
 42
0.0000000001
 43
0.0000000001
 40
0.0
 40
0.0
 40
0.0
 40
0.0
 40
1.0
 40
1.0
 40
1.0
 40
2.0
 40
2.0
 40
2.0
 40
3.0
 40
3.0
 40
3.0
 40
4.0
 40
4.0
 40
4.0
 40
5.0
 40
5.0
 40
5.0
 40
6.0
 40
6.0
 40
6.0
 40
7.0
 40
7.0
 40
7.0
 40
8.0
 40
8.0
 40
8.0
 40
9.0
 40
9.0
 40
9.0
 40
10.0
 40
10.0
 40
10.0
 40
11.0
 40
11.0
 40
11.0
 40
11.0
 10
357.4077310727915
 20
251.0085219422762
 30
0.0
 10
357.3993254757918
 20
251.0158538807758
 30
0.0
 10
357.391038013641
 20
251.0233248539878
 30
0.0
 10
357.382930490208
 20
251.0309859924765
 30
0.0
 10
357.3760661760374
 20
251.0374723704597
 30
0.0
 10
357.3693308478452
 20
251.0440950651532
 30
0.0
 10
357.3628033287077
 20
251.0509243180575
 30
0.0
 10
357.357467821023
 20
251.0565064589254
 30
0.0
 10
357.352271154954
 20
251.0622266056949
 30
0.0
 10
357.3473544223199
 20
251.0681751630698
 30
0.0
 10
357.3435292716384
 20
251.0728030592754
 30
0.0
 10
357.3398735542235
 20
251.0775692039005
 30
0.0
 10
357.3365744427818
 20
251.0826102050188
 30
0.0
 10
357.3341842988439
 20
251.0862623151328
 30
0.0
 10
357.3319813277133
 20
251.0900586899682
 30
0.0
 10
357.3304438075314
 20
251.094133126142
 30
0.0
 10
357.3298744118036
 20
251.0956420276678
 30
0.0
 10
357.3293962807712
 20
251.0971890645109
 30
0.0
 10
357.3291138001819
 20
251.0987802539196
 30
0.0
 10
357.3288857846212
 20
251.1000646464022
 30
0.0
 10
357.328785246281
 20
251.1013778067546
 30
0.0
 10
357.3289355571164
 20
251.1026779006849
 30
0.0
 10
357.3290623336916
 20
251.1037744381018
 30
0.0
 10
357.329367557626
 20
251.104861680417
 30
0.0
 10
357.3299050329418
 20
251.1058226819026
 30
0.0
 10
357.3304260151717
 20
251.1067541938849
 30
0.0
 10
357.3311652136468
 20
251.107567093871
 30
0.0
 10
357.3320178121103
 20
251.108212506023
 30
0.0
 10
357.332990554504
 20
251.1089488664435
 30
0.0
 10
357.3341109081976
 20
251.1094672101128
 30
0.0
 10
357.3352683605849
 20
251.1098491870777
 30
0.0
 10
357.3366903939282
 20
251.1103184797985
 30
0.0
 10
357.3381684251915
 20
251.110581936376
 30
0.0
 10
357.3396509337917
 20
251.1107352736759
 30
0.0
  0
SPLINE
  5
7A5
330
70
100
AcDbEntity
  8
09_ROUNDS
 62
     7
370
    25
100
AcDbSpline
210
0.0
220
0.0
230
1.0
 70
     8
 71
     3
 72
    56
 73
    52
 74
     0
 42
0.0000000001
 43
0.0000000001
 40
0.0
 40
0.0
 40
0.0
 40
0.0
 40
1.0
 40
1.0
 40
1.0
 40
2.0
 40
2.0
 40
2.0
 40
3.0
 40
3.0
 40
3.0
 40
4.0
 40
4.0
 40
4.0
 40
5.0
 40
5.0
 40
5.0
 40
6.0
 40
6.0
 40
6.0
 40
7.0
 40
7.0
 40
7.0
 40
8.0
 40
8.0
 40
8.0
 40
9.0
 40
9.0
 40
9.0
 40
10.0
 40
10.0
 40
10.0
 40
11.0
 40
11.0
 40
11.0
 40
12.0
 40
12.0
 40
12.0
 40
13.0
 40
13.0
 40
13.0
 40
14.0
 40
14.0
 40
14.0
 40
15.0
 40
15.0
 40
15.0
 40
16.0
 40
16.0
 40
16.0
 40
17.0
 40
17.0
 40
17.0
 40
17.0
 10
358.1491618813915
 20
250.5684261128762
 30
0.0
 10
358.157023421692
 20
250.5654066620762
 30
0.0
 10
358.1648896761401
 20
250.562399479942
 30
0.0
 10
358.1727590026594
 20
250.5594003741799
 30
0.0
 10
358.1804009569187
 20
250.5564879230325
 30
0.0
 10
358.1880458082875
 20
250.5535830882913
 30
0.0
 10
358.1956911682535
 20
250.5506795941453
 30
0.0
 10
358.2030173358201
 20
250.5478973203566
 30
0.0
 10
358.2103439704024
 20
250.5451162775597
 30
0.0
 10
358.2176665307215
 20
250.5423245110292
 30
0.0
 10
358.2211634096514
 20
250.5409913066394
 30
0.0
 10
358.2246593594339
 20
250.5396556566736
 30
0.0
 10
358.2281534943208
 20
250.5383152960517
 30
0.0
 10
358.2315032894543
 20
250.5370303045918
 30
0.0
 10
358.2348514165387
 20
250.5357409836244
 30
0.0
 10
358.2381964903248
 20
250.5344436704584
 30
0.0
 10
358.2413563060788
 20
250.5332182055381
 30
0.0
 10
358.2445133973672
 20
250.5319856091589
 30
0.0
 10
358.2476657153929
 20
250.5307412198703
 30
0.0
 10
358.2505812948244
 20
250.5295902840242
 30
0.0
 10
358.2534927910138
 20
250.5284292600479
 30
0.0
 10
358.256397028878
 20
250.5272491199215
 30
0.0
 10
358.2589893034953
 20
250.5261957463905
 30
0.0
 10
358.2615757953671
 20
250.5251271429226
 30
0.0
 10
358.2641492185426
 20
250.5240309416347
 30
0.0
 10
358.2663150116516
 20
250.5231083785607
 30
0.0
 10
358.2684715483243
 20
250.5221662682084
 30
0.0
 10
358.2706094310371
 20
250.5211731559668
 30
0.0
 10
358.271489599847
 20
250.520764290496
 30
0.0
 10
358.2723666068511
 20
250.5203467803157
 30
0.0
 10
358.2732315194357
 20
250.5199150570657
 30
0.0
 10
358.2739517441857
 20
250.5195555551053
 30
0.0
 10
358.2746635825145
 20
250.519186197625
 30
0.0
 10
358.2753774369481
 20
250.5187925456051
 30
0.0
 10
358.2759323509423
 20
250.5184865406209
 30
0.0
 10
358.2764884832098
 20
250.5181658551413
 30
0.0
 10
358.2769914848098
 20
250.5178235783486
 30
0.0
 10
358.2773405094806
 20
250.5175860780205
 30
0.0
 10
358.2776639530757
 20
250.5173381820203
 30
0.0
 10
358.2780249352291
 20
250.5170246103027
 30
0.0
 10
358.2782313302796
 20
250.5168453226282
 30
0.0
 10
358.278449997029
 20
250.5166445649603
 30
0.0
 10
358.2784467659697
 20
250.5164082608144
 30
0.0
 10
358.2784447161931
 20
250.5162583500289
 30
0.0
 10
358.2783533613523
 20
250.5160941331967
 30
0.0
 10
358.278233356348
 20
250.5159852242828
 30
0.0
 10
358.2780127485776
 20
250.515785014692
 30
0.0
 10
358.2776953197091
 20
250.5157717140985
 30
0.0
 10
358.2773927156926
 20
250.5157571529847
 30
0.0
 10
358.2768902420286
 20
250.5157329742693
 30
0.0
 10
358.2764286442918
 20
250.5157053199758
 30
0.0
 10
358.2759468066916
 20
250.5157216660762
 30
0.0
  0
SPLINE
  5
7A6
330
70
100
AcDbEntity
  8
09_ROUNDS
 62
     7
370
    25
100
AcDbSpline
210
0.0
220
0.0
230
1.0
 70
     8
 71
     3
 72
     8
 73
     4
 74
     0
 42
0.0000000001
 43
0.0000000001
 40
0.0
 40
0.0
 40
0.0
 40
0.0
 40
1.0
 40
1.0
 40
1.0
 40
1.0
 10
377.5384418491917
 20
216.7767168603761
 30
0.0
 10
377.5384418491917
 20
216.9030361857883
 30
0.0
 10
377.404127274141
 20
217.0054382318262
 30
0.0
 10
377.238441849192
 20
217.0054382318262
 30
0.0
  0
SPLINE
  5
7A7
330
70
100
AcDbEntity
  8
09_ROUNDS
 62
     7
370
    25
100
AcDbSpline
210
0.0
220
0.0
230
1.0
 70
     8
 71
     3
 72
    11
 73
     7
 74
     0
 42
0.0000000001
 43
0.0000000001
 40
0.0
 40
0.0
 40
0.0
 40
0.0
 40
1.0
 40
1.0
 40
1.0
 40
2.0
 40
2.0
 40
2.0
 40
2.0
 10
376.8384418490906
 20
258.2417241658223
 30
0.0
 10
374.6503961857595
 20
258.2392531420611
 30
0.0
 10
372.8786469765781
 20
256.4634714101424
 30
0.0
 10
372.8811292301624
 20
254.2754046552682
 30
0.0
 10
372.8827201291452
 20
252.8730526971131
 30
0.0
 10
373.6255319434657
 20
251.5760201580175
 30
0.0
 10
374.8342659565081
 20
250.8650093996519
 30
0.0
  0
SPLINE
  5
7A8
330
70
100
AcDbEntity
  8
09_ROUNDS
 62
     7
370
    25
100
AcDbSpline
210
0.0
220
0.0
230
1.0
 70
     8
 71
     3
 72
     8
 73
     4
 74
     0
 42
0.0000000001
 43
0.0000000001
 40
0.0
 40
0.0
 40
0.0
 40
0.0
 40
1.0
 40
1.0
 40
1.0
 40
1.0
 10
375.0668306121601
 20
250.7962642331363
 30
0.0
 10
375.2217639711468
 20
250.7084069176165
 30
0.0
 10
375.3829855390121
 20
250.6322509200564
 30
0.0
 10
375.5491618814332
 20
250.5684261128903
 30
0.0
  0
SPLINE
  5
7A9
330
70
100
AcDbEntity
  8
09_ROUNDS
 62
     7
370
    25
100
AcDbSpline
210
0.0
220
0.0
230
1.0
 70
     8
 71
     3
 72
     8
 73
     4
 74
     0
 42
0.0000000001
 43
0.0000000001
 40
0.0
 40
0.0
 40
0.0
 40
0.0
 40
1.0
 40
1.0
 40
1.0
 40
1.0
 10
372.7884418491949
 20
176.2978404855762
 30
0.0
 10
372.9541272741426
 20
176.2978404855787
 30
0.0
 10
373.0884418491907
 20
176.4877899792358
 30
0.0
 10
373.0884418491888
 20
176.7221045542804
 30
0.0
  0
SPLINE
  5
7AA
330
70
100
AcDbEntity
  8
09_ROUNDS
 62
     7
370
    25
100
AcDbSpline
210
0.0
220
0.0
230
1.0
 70
     8
 71
     3
 72
     8
 73
     4
 74
     0
 42
0.0000000001
 43
0.0000000001
 40
0.0
 40
0.0
 40
0.0
 40
0.0
 40
1.0
 40
1.0
 40
1.0
 40
1.0
 10
373.0884418491888
 20
262.8735764168764
 30
0.0
 10
373.0884418491888
 20
263.1078909919204
 30
0.0
 10
372.9541272741394
 20
263.297840485576
 30
0.0
 10
372.7884418491917
 20
263.297840485576
 30
0.0
  0
SPLINE
  5
7AB
330
70
100
AcDbEntity
  8
09_ROUNDS
 62
     7
370
    25
100
AcDbSpline
210
0.0
220
0.0
230
1.0
 70
     8
 71
     3
 72
    11
 73
     7
 74
     0
 42
0.0000000001
 43
0.0000000001
 40
0.0
 40
0.0
 40
0.0
 40
0.0
 40
1.0
 40
1.0
 40
1.0
 40
2.0
 40
2.0
 40
2.0
 40
2.0
 10
342.0384418490907
 20
258.2417241658223
 30
0.0
 10
339.8503961857595
 20
258.2392531420611
 30
0.0
 10
338.0786469765782
 20
256.4634714101424
 30
0.0
 10
338.0811292301625
 20
254.2754046552682
 30
0.0
 10
338.0827201291453
 20
252.8730526971131
 30
0.0
 10
338.8255319434657
 20
251.5760201580175
 30
0.0
 10
340.0342659565081
 20
250.8650093996519
 30
0.0
  0
SPLINE
  5
7AC
330
70
100
AcDbEntity
  8
09_ROUNDS
 62
     7
370
    25
100
AcDbSpline
210
0.0
220
0.0
230
1.0
 70
     8
 71
     3
 72
     8
 73
     4
 74
     0
 42
0.0000000001
 43
0.0000000001
 40
0.0
 40
0.0
 40
0.0
 40
0.0
 40
1.0
 40
1.0
 40
1.0
 40
1.0
 10
340.2668306121601
 20
250.7962642331363
 30
0.0
 10
340.4217639711462
 20
250.7084069176165
 30
0.0
 10
340.5829855390121
 20
250.6322509200564
 30
0.0
 10
340.7491618814333
 20
250.5684261128903
 30
0.0
  0
SPLINE
  5
7AD
330
70
100
AcDbEntity
  8
09_ROUNDS
 62
     7
370
    25
100
AcDbSpline
210
0.0
220
0.0
230
1.0
 70
     8
 71
     3
 72
     8
 73
     4
 74
     0
 42
0.0000000001
 43
0.0000000001
 40
0.0
 40
0.0
 40
0.0
 40
0.0
 40
1.0
 40
1.0
 40
1.0
 40
1.0
 10
337.988441849195
 20
176.2978404855762
 30
0.0
 10
338.1541272741426
 20
176.2978404855787
 30
0.0
 10
338.2884418491908
 20
176.4877899792358
 30
0.0
 10
338.2884418491889
 20
176.7221045542804
 30
0.0
  0
SPLINE
  5
7AE
330
70
100
AcDbEntity
  8
09_ROUNDS
 62
     7
370
    25
100
AcDbSpline
210
0.0
220
0.0
230
1.0
 70
     8
 71
     3
 72
     8
 73
     4
 74
     0
 42
0.0000000001
 43
0.0000000001
 40
0.0
 40
0.0
 40
0.0
 40
0.0
 40
1.0
 40
1.0
 40
1.0
 40
1.0
 10
338.2884418491889
 20
262.8735764168764
 30
0.0
 10
338.2884418491889
 20
263.1078909919204
 30
0.0
 10
338.1541272741394
 20
263.297840485576
 30
0.0
 10
337.9884418491918
 20
263.297840485576
 30
0.0
  0
SPLINE
  5
7AF
330
70
100
AcDbEntity
  8
09_ROUNDS
 62
     7
370
    25
100
AcDbSpline
210
0.0
220
0.0
230
1.0
 70
     8
 71
     3
 72
    11
 73
     7
 74
     0
 42
0.0000000001
 43
0.0000000001
 40
0.0
 40
0.0
 40
0.0
 40
0.0
 40
1.0
 40
1.0
 40
1.0
 40
2.0
 40
2.0
 40
2.0
 40
2.0
 10
359.4384418490906
 20
258.2417241658223
 30
0.0
 10
357.2503961857595
 20
258.2392531420611
 30
0.0
 10
355.4786469765781
 20
256.4634714101424
 30
0.0
 10
355.4811292301625
 20
254.2754046552682
 30
0.0
 10
355.4827201291453
 20
252.8730526971131
 30
0.0
 10
356.2255319434657
 20
251.5760201580175
 30
0.0
 10
357.4342659565081
 20
250.8650093996519
 30
0.0
  0
SPLINE
  5
7B0
330
70
100
AcDbEntity
  8
09_ROUNDS
 62
     7
370
    25
100
AcDbSpline
210
0.0
220
0.0
230
1.0
 70
     8
 71
     3
 72
     8
 73
     4
 74
     0
 42
0.0000000001
 43
0.0000000001
 40
0.0
 40
0.0
 40
0.0
 40
0.0
 40
1.0
 40
1.0
 40
1.0
 40
1.0
 10
357.6668306121601
 20
250.7962642331363
 30
0.0
 10
357.8217639711468
 20
250.7084069176165
 30
0.0
 10
357.9829855390121
 20
250.6322509200564
 30
0.0
 10
358.1491618814333
 20
250.5684261128903
 30
0.0
  0
SPLINE
  5
7B1
330
70
100
AcDbEntity
  8
09_ROUNDS
 62
     7
370
    25
100
AcDbSpline
210
0.0
220
0.0
230
1.0
 70
     8
 71
     3
 72
     8
 73
     4
 74
     0
 42
0.0000000001
 43
0.0000000001
 40
0.0
 40
0.0
 40
0.0
 40
0.0
 40
1.0
 40
1.0
 40
1.0
 40
1.0
 10
355.3884418491949
 20
176.2978404855762
 30
0.0
 10
355.5541272741426
 20
176.2978404855787
 30
0.0
 10
355.6884418491908
 20
176.4877899792358
 30
0.0
 10
355.6884418491888
 20
176.7221045542804
 30
0.0
  0
SPLINE
  5
7B2
330
70
100
AcDbEntity
  8
09_ROUNDS
 62
     7
370
    25
100
AcDbSpline
210
0.0
220
0.0
230
1.0
 70
     8
 71
     3
 72
     8
 73
     4
 74
     0
 42
0.0000000001
 43
0.0000000001
 40
0.0
 40
0.0
 40
0.0
 40
0.0
 40
1.0
 40
1.0
 40
1.0
 40
1.0
 10
355.6884418491888
 20
262.8735764168764
 30
0.0
 10
355.6884418491888
 20
263.1078909919204
 30
0.0
 10
355.5541272741394
 20
263.297840485576
 30
0.0
 10
355.3884418491918
 20
263.297840485576
 30
0.0
  0
LINE
  5
7B4
330
70
100
AcDbEntity
  8
08_DRAFTS
 62
     7
370
    25
100
AcDbLine
 10
376.838441849192
 20
223.9630923378761
 30
0.0
 11
376.838441849192
 21
225.7721021043761
 31
0.0
  0
LINE
  5
7B5
330
70
100
AcDbEntity
  8
08_DRAFTS
 62
     7
370
    25
100
AcDbLine
 10
371.5884418491917
 20
218.078226986676
 30
0.0
 11
371.5884418491917
 21
225.367165218576
 31
0.0
  0
LINE
  5
7B6
330
70
100
AcDbEntity
  8
08_DRAFTS
 62
     7
370
    25
100
AcDbLine
 10
359.438441849192
 20
223.9630923378761
 30
0.0
 11
359.438441849192
 21
225.7721021043761
 31
0.0
  0
LINE
  5
7B7
330
70
100
AcDbEntity
  8
08_DRAFTS
 62
     7
370
    25
100
AcDbLine
 10
354.1884418491917
 20
218.078226986676
 30
0.0
 11
354.1884418491917
 21
225.367165218576
 31
0.0
  0
LINE
  5
7B8
330
70
100
AcDbEntity
  8
08_DRAFTS
 62
     7
370
    25
100
AcDbLine
 10
342.0384418491914
 20
223.9630923378761
 30
0.0
 11
342.0384418491914
 21
225.7721021043761
 31
0.0
  0
LINE
  5
7B9
330
70
100
AcDbEntity
  8
08_DRAFTS
 62
     7
370
    25
100
AcDbLine
 10
336.7884418491917
 20
217.3775388345763
 30
0.0
 11
336.7884418491917
 21
225.367165218576
 31
0.0
  0
LINE
  5
7BA
330
70
100
AcDbEntity
  8
08_DRAFTS
 62
     7
370
    25
100
AcDbLine
 10
376.838441849192
 20
225.392605922476
 30
0.0
 11
371.5884418491917
 21
225.367165218576
 31
0.0
  0
LINE
  5
7BB
330
70
100
AcDbEntity
  8
08_DRAFTS
 62
     7
370
    25
100
AcDbLine
 10
359.438441849192
 20
225.392605922476
 30
0.0
 11
354.1884418491917
 21
225.367165218576
 31
0.0
  0
LINE
  5
7BC
330
70
100
AcDbEntity
  8
08_DRAFTS
 62
     7
370
    25
100
AcDbLine
 10
342.0384418491914
 20
225.392605922476
 30
0.0
 11
336.7884418491917
 21
225.367165218576
 31
0.0
  0
LINE
  5
7BD
330
70
100
AcDbEntity
  8
08_DRAFTS
 62
     7
370
    25
100
AcDbLine
 10
339.424238574392
 20
251.3108130799764
 30
0.0
 11
339.670979198592
 21
251.306506206376
 31
0.0
  0
LINE
  5
7BE
330
70
100
AcDbEntity
  8
08_DRAFTS
 62
     7
370
    25
100
AcDbLine
 10
356.8242385743919
 20
251.3108130799764
 30
0.0
 11
357.0709791985919
 21
251.306506206376
 31
0.0
  0
LINE
  5
7BF
330
70
100
AcDbEntity
  8
08_DRAFTS
 62
     7
370
    25
100
AcDbLine
 10
374.2242385743919
 20
251.3108130799764
 30
0.0
 11
374.4709791985919
 21
251.306506206376
 31
0.0
  0
SPLINE
  5
7C0
330
70
100
AcDbEntity
  8
08_DRAFTS
 62
     7
370
    25
100
AcDbSpline
210
0.0
220
0.0
230
1.0
 70
     8
 71
     3
 72
    11
 73
     7
 74
     0
 42
0.0000000001
 43
0.0000000001
 40
0.0
 40
0.0
 40
0.0
 40
0.0
 40
1.0
 40
1.0
 40
1.0
 40
2.0
 40
2.0
 40
2.0
 40
2.0
 10
376.838441849192
 20
258.0478404855757
 30
0.0
 10
374.7673740373264
 20
258.0478404855757
 30
0.0
 10
373.088441849192
 20
256.3689082974414
 30
0.0
 10
373.088441849192
 20
254.2978404855764
 30
0.0
 10
373.088441849192
 20
253.0161268854937
 30
0.0
 10
373.7430594389508
 20
251.8231895027081
 30
0.0
 10
374.8241785776114
 20
251.1347338682199
 30
0.0
  0
SPLINE
  5
7C1
330
70
100
AcDbEntity
  8
08_DRAFTS
 62
     7
370
    25
100
AcDbSpline
210
0.0
220
0.0
230
1.0
 70
     8
 71
     3
 72
    11
 73
     7
 74
     0
 42
0.0000000001
 43
0.0000000001
 40
0.0
 40
0.0
 40
0.0
 40
0.0
 40
1.0
 40
1.0
 40
1.0
 40
2.0
 40
2.0
 40
2.0
 40
2.0
 10
359.438441849192
 20
258.0478404855757
 30
0.0
 10
357.3673740373264
 20
258.0478404855757
 30
0.0
 10
355.688441849192
 20
256.3689082974414
 30
0.0
 10
355.688441849192
 20
254.2978404855764
 30
0.0
 10
355.688441849192
 20
253.0161268854937
 30
0.0
 10
356.3430594389509
 20
251.8231895027081
 30
0.0
 10
357.4241785776115
 20
251.1347338682199
 30
0.0
  0
SPLINE
  5
7C2
330
70
100
AcDbEntity
  8
08_DRAFTS
 62
     7
370
    25
100
AcDbSpline
210
0.0
220
0.0
230
1.0
 70
     8
 71
     3
 72
    11
 73
     7
 74
     0
 42
0.0000000001
 43
0.0000000001
 40
0.0
 40
0.0
 40
0.0
 40
0.0
 40
1.0
 40
1.0
 40
1.0
 40
2.0
 40
2.0
 40
2.0
 40
2.0
 10
342.0384418491914
 20
258.0478404855757
 30
0.0
 10
339.9673740373265
 20
258.0478404855757
 30
0.0
 10
338.2884418491914
 20
256.3689082974414
 30
0.0
 10
338.2884418491914
 20
254.2978404855764
 30
0.0
 10
338.2884418491914
 20
253.0161268854937
 30
0.0
 10
338.9430594389509
 20
251.8231895027081
 30
0.0
 10
340.0241785776115
 20
251.1347338682199
 30
0.0
  0
SPLINE
  5
7C3
330
70
100
AcDbEntity
  8
08_DRAFTS
 62
     7
370
    25
100
AcDbSpline
210
0.0
220
0.0
230
1.0
 70
     8
 71
     3
 72
    26
 73
    22
 74
     0
 42
0.0000000001
 43
0.0000000001
 40
0.0
 40
0.0
 40
0.0
 40
0.0
 40
1.0
 40
1.0
 40
1.0
 40
2.0
 40
2.0
 40
2.0
 40
3.0
 40
3.0
 40
3.0
 40
4.0
 40
4.0
 40
4.0
 40
5.0
 40
5.0
 40
5.0
 40
6.0
 40
6.0
 40
6.0
 40
7.0
 40
7.0
 40
7.0
 40
7.0
 10
374.8241325313919
 20
251.1347631908764
 30
0.0
 10
374.7799643100916
 20
251.1578601931762
 30
0.0
 10
374.7360233076179
 20
251.1813905635188
 30
0.0
 10
374.6920758021944
 20
251.2049041191615
 30
0.0
 10
374.6736635726954
 20
251.2147553491385
 30
0.0
 10
374.6552502017518
 20
251.2246036276786
 30
0.0
 10
374.636789809208
 20
251.2343663502107
 30
0.0
 10
374.6208445630309
 20
251.2427989452247
 30
0.0
 10
374.6048642353656
 20
251.2511677093182
 30
0.0
 10
374.5887971391096
 20
251.259360549469
 30
0.0
 10
374.5753428258935
 20
251.2662210945085
 30
0.0
 10
374.5618276696487
 20
251.2729582798702
 30
0.0
 10
374.5481682544681
 20
251.2794215045365
 30
0.0
 10
374.5372147571406
 20
251.2846043702131
 30
0.0
 10
374.5261684948182
 20
251.2896110668194
 30
0.0
 10
374.5149561101671
 20
251.2941598985126
 30
0.0
 10
374.5065289763989
 20
251.2975787620604
 30
0.0
 10
374.4980080018079
 20
251.3007389823485
 30
0.0
 10
374.4892091586797
 20
251.3032648335431
 30
0.0
 10
374.4832435194509
 20
251.3049773674233
 30
0.0
 10
374.4771501474917
 20
251.3063982896763
 30
0.0
 10
374.4709791254915
 20
251.3065057266758
 30
0.0
  0
SPLINE
  5
7C4
330
70
100
AcDbEntity
  8
08_DRAFTS
 62
     7
370
    25
100
AcDbSpline
210
0.0
220
0.0
230
1.0
 70
     8
 71
     3
 72
    56
 73
    52
 74
     0
 42
0.0000000001
 43
0.0000000001
 40
0.0
 40
0.0
 40
0.0
 40
0.0
 40
1.0
 40
1.0
 40
1.0
 40
2.0
 40
2.0
 40
2.0
 40
3.0
 40
3.0
 40
3.0
 40
4.0
 40
4.0
 40
4.0
 40
5.0
 40
5.0
 40
5.0
 40
6.0
 40
6.0
 40
6.0
 40
7.0
 40
7.0
 40
7.0
 40
8.0
 40
8.0
 40
8.0
 40
9.0
 40
9.0
 40
9.0
 40
10.0
 40
10.0
 40
10.0
 40
11.0
 40
11.0
 40
11.0
 40
12.0
 40
12.0
 40
12.0
 40
13.0
 40
13.0
 40
13.0
 40
14.0
 40
14.0
 40
14.0
 40
15.0
 40
15.0
 40
15.0
 40
16.0
 40
16.0
 40
16.0
 40
17.0
 40
17.0
 40
17.0
 40
17.0
 10
374.4709791254915
 20
251.3065057266758
 30
0.0
 10
374.4690690247919
 20
251.3065389813758
 30
0.0
 10
374.4671477898477
 20
251.3064298703947
 30
0.0
 10
374.4652690793132
 20
251.3060141101931
 30
0.0
 10
374.4637875368114
 20
251.3056862436071
 30
0.0
 10
374.4623324395054
 20
251.3051676771701
 30
0.0
 10
374.4610837920201
 20
251.3043082597752
 30
0.0
 10
374.4599925905918
 20
251.3035572091393
 30
0.0
 10
374.4590590575662
 20
251.3025458462109
 30
0.0
 10
374.4584298331484
 20
251.3013831055658
 30
0.0
 10
374.4577461665002
 20
251.3001197613969
 30
0.0
 10
374.4574217458092
 20
251.2986777110337
 30
0.0
 10
374.4573145837823
 20
251.2972391288708
 30
0.0
 10
374.457180267683
 20
251.2954360205283
 30
0.0
 10
374.4573872634671
 20
251.2936383607035
 30
0.0
 10
374.4577455234414
 20
251.2918775795837
 30
0.0
 10
374.4582028362521
 20
251.289629972201
 30
0.0
 10
374.4589066203205
 20
251.2874424553183
 30
0.0
 10
374.4597306195129
 20
251.2853048078582
 30
0.0
 10
374.4607560550098
 20
251.2826445873059
 30
0.0
 10
374.4619676658782
 20
251.2800615987854
 30
0.0
 10
374.4632782670881
 20
251.2775316355212
 30
0.0
 10
374.4648612896599
 20
251.2744757944897
 30
0.0
 10
374.4665887317553
 20
251.2714973133518
 30
0.0
 10
374.4683968705806
 20
251.2685698755281
 30
0.0
 10
374.4729756282915
 20
251.261156712156
 30
0.0
 10
374.4780718590285
 20
251.2540708673562
 30
0.0
 10
374.4833803843852
 20
251.247156855775
 30
0.0
 10
374.4902015223531
 20
251.2382727639169
 30
0.0
 10
374.497373173913
 20
251.2296723809853
 30
0.0
 10
374.5047456688129
 20
251.2212484674829
 30
0.0
 10
374.5137505384913
 20
251.2109593802335
 30
0.0
 10
374.5230550368203
 20
251.2009335593519
 30
0.0
 10
374.5325473119053
 20
251.1910912038851
 30
0.0
 10
374.5437359435602
 20
251.1794899292743
 30
0.0
 10
374.5551854638457
 20
251.1681435533091
 30
0.0
 10
374.5668219881777
 20
251.1569930121418
 30
0.0
 10
374.5801805863504
 20
251.1441923171386
 30
0.0
 10
374.5937856330416
 20
251.1316497085068
 30
0.0
 10
374.6075808929166
 20
251.119321105048
 30
0.0
 10
374.6230954742717
 20
251.1054559714379
 30
0.0
 10
374.6388506364274
 20
251.0918615106312
 30
0.0
 10
374.6548013204885
 20
251.0784997301093
 30
0.0
 10
374.6916859031141
 20
251.0476017638669
 30
0.0
 10
374.7296159917691
 20
251.017947999091
 30
0.0
 10
374.7683192816091
 20
250.9893514869656
 30
0.0
 10
374.8133226739249
 20
250.956100048668
 30
0.0
 10
374.8593714776831
 20
250.9242780753561
 30
0.0
 10
374.9062815307752
 20
250.8937753371112
 30
0.0
 10
374.9587836070686
 20
250.8596364482174
 30
0.0
 10
375.0123645058916
 20
250.8271500662757
 30
0.0
 10
375.0668306122916
 20
250.7962642329765
 30
0.0
  0
SPLINE
  5
7C5
330
70
100
AcDbEntity
  8
08_DRAFTS
 62
     7
370
    25
100
AcDbSpline
210
0.0
220
0.0
230
1.0
 70
     8
 71
     3
 72
    26
 73
    22
 74
     0
 42
0.0000000001
 43
0.0000000001
 40
0.0
 40
0.0
 40
0.0
 40
0.0
 40
1.0
 40
1.0
 40
1.0
 40
2.0
 40
2.0
 40
2.0
 40
3.0
 40
3.0
 40
3.0
 40
4.0
 40
4.0
 40
4.0
 40
5.0
 40
5.0
 40
5.0
 40
6.0
 40
6.0
 40
6.0
 40
7.0
 40
7.0
 40
7.0
 40
7.0
 10
340.024132531392
 20
251.1347631908764
 30
0.0
 10
339.9799643100916
 20
251.1578601931762
 30
0.0
 10
339.936023307618
 20
251.1813905635188
 30
0.0
 10
339.8920758021944
 20
251.2049041191615
 30
0.0
 10
339.8736635726955
 20
251.2147553491385
 30
0.0
 10
339.8552502017519
 20
251.2246036276786
 30
0.0
 10
339.8367898092081
 20
251.2343663502107
 30
0.0
 10
339.8208445630303
 20
251.2427989452247
 30
0.0
 10
339.8048642353657
 20
251.2511677093182
 30
0.0
 10
339.7887971391096
 20
251.259360549469
 30
0.0
 10
339.7753428258936
 20
251.2662210945085
 30
0.0
 10
339.7618276696488
 20
251.2729582798702
 30
0.0
 10
339.7481682544682
 20
251.2794215045365
 30
0.0
 10
339.7372147571407
 20
251.2846043702131
 30
0.0
 10
339.7261684948182
 20
251.2896110668194
 30
0.0
 10
339.7149561101672
 20
251.2941598985126
 30
0.0
 10
339.7065289763989
 20
251.2975787620604
 30
0.0
 10
339.698008001808
 20
251.3007389823485
 30
0.0
 10
339.6892091586797
 20
251.3032648335431
 30
0.0
 10
339.683243519451
 20
251.3049773674233
 30
0.0
 10
339.6771501474917
 20
251.3063982896763
 30
0.0
 10
339.6709791254915
 20
251.3065057266758
 30
0.0
  0
SPLINE
  5
7C6
330
70
100
AcDbEntity
  8
08_DRAFTS
 62
     7
370
    25
100
AcDbSpline
210
0.0
220
0.0
230
1.0
 70
     8
 71
     3
 72
    56
 73
    52
 74
     0
 42
0.0000000001
 43
0.0000000001
 40
0.0
 40
0.0
 40
0.0
 40
0.0
 40
1.0
 40
1.0
 40
1.0
 40
2.0
 40
2.0
 40
2.0
 40
3.0
 40
3.0
 40
3.0
 40
4.0
 40
4.0
 40
4.0
 40
5.0
 40
5.0
 40
5.0
 40
6.0
 40
6.0
 40
6.0
 40
7.0
 40
7.0
 40
7.0
 40
8.0
 40
8.0
 40
8.0
 40
9.0
 40
9.0
 40
9.0
 40
10.0
 40
10.0
 40
10.0
 40
11.0
 40
11.0
 40
11.0
 40
12.0
 40
12.0
 40
12.0
 40
13.0
 40
13.0
 40
13.0
 40
14.0
 40
14.0
 40
14.0
 40
15.0
 40
15.0
 40
15.0
 40
16.0
 40
16.0
 40
16.0
 40
17.0
 40
17.0
 40
17.0
 40
17.0
 10
339.6709791254915
 20
251.3065057266758
 30
0.0
 10
339.6690690247919
 20
251.3065389813758
 30
0.0
 10
339.6671477898477
 20
251.3064298703947
 30
0.0
 10
339.6652690793132
 20
251.3060141101931
 30
0.0
 10
339.6637875368115
 20
251.3056862436071
 30
0.0
 10
339.6623324395054
 20
251.3051676771701
 30
0.0
 10
339.6610837920201
 20
251.3043082597752
 30
0.0
 10
339.6599925905919
 20
251.3035572091393
 30
0.0
 10
339.6590590575663
 20
251.3025458462109
 30
0.0
 10
339.6584298331484
 20
251.3013831055658
 30
0.0
 10
339.6577461665003
 20
251.3001197613969
 30
0.0
 10
339.6574217458093
 20
251.2986777110337
 30
0.0
 10
339.6573145837824
 20
251.2972391288708
 30
0.0
 10
339.6571802676831
 20
251.2954360205283
 30
0.0
 10
339.6573872634671
 20
251.2936383607035
 30
0.0
 10
339.6577455234415
 20
251.2918775795837
 30
0.0
 10
339.6582028362522
 20
251.289629972201
 30
0.0
 10
339.6589066203205
 20
251.2874424553183
 30
0.0
 10
339.6597306195123
 20
251.2853048078582
 30
0.0
 10
339.6607560550099
 20
251.2826445873059
 30
0.0
 10
339.6619676658777
 20
251.2800615987854
 30
0.0
 10
339.6632782670881
 20
251.2775316355212
 30
0.0
 10
339.66486128966
 20
251.2744757944897
 30
0.0
 10
339.6665887317554
 20
251.2714973133518
 30
0.0
 10
339.6683968705807
 20
251.2685698755281
 30
0.0
 10
339.6729756282916
 20
251.261156712156
 30
0.0
 10
339.6780718590286
 20
251.2540708673562
 30
0.0
 10
339.6833803843852
 20
251.247156855775
 30
0.0
 10
339.6902015223531
 20
251.2382727639169
 30
0.0
 10
339.6973731739131
 20
251.2296723809853
 30
0.0
 10
339.7047456688129
 20
251.2212484674829
 30
0.0
 10
339.7137505384914
 20
251.2109593802335
 30
0.0
 10
339.7230550368204
 20
251.2009335593519
 30
0.0
 10
339.7325473119054
 20
251.1910912038851
 30
0.0
 10
339.7437359435602
 20
251.1794899292743
 30
0.0
 10
339.7551854638458
 20
251.1681435533091
 30
0.0
 10
339.7668219881777
 20
251.1569930121418
 30
0.0
 10
339.7801805863505
 20
251.1441923171386
 30
0.0
 10
339.7937856330409
 20
251.1316497085068
 30
0.0
 10
339.8075808929167
 20
251.119321105048
 30
0.0
 10
339.8230954742718
 20
251.1054559714379
 30
0.0
 10
339.8388506364274
 20
251.0918615106312
 30
0.0
 10
339.8548013204885
 20
251.0784997301093
 30
0.0
 10
339.8916859031135
 20
251.0476017638669
 30
0.0
 10
339.9296159917692
 20
251.017947999091
 30
0.0
 10
339.9683192816092
 20
250.9893514869656
 30
0.0
 10
340.013322673925
 20
250.956100048668
 30
0.0
 10
340.0593714776831
 20
250.9242780753561
 30
0.0
 10
340.1062815307752
 20
250.8937753371112
 30
0.0
 10
340.1587836070687
 20
250.8596364482174
 30
0.0
 10
340.2123645058916
 20
250.8271500662757
 30
0.0
 10
340.2668306122917
 20
250.7962642329765
 30
0.0
  0
SPLINE
  5
7C7
330
70
100
AcDbEntity
  8
08_DRAFTS
 62
     7
370
    25
100
AcDbSpline
210
0.0
220
0.0
230
1.0
 70
     8
 71
     3
 72
    26
 73
    22
 74
     0
 42
0.0000000001
 43
0.0000000001
 40
0.0
 40
0.0
 40
0.0
 40
0.0
 40
1.0
 40
1.0
 40
1.0
 40
2.0
 40
2.0
 40
2.0
 40
3.0
 40
3.0
 40
3.0
 40
4.0
 40
4.0
 40
4.0
 40
5.0
 40
5.0
 40
5.0
 40
6.0
 40
6.0
 40
6.0
 40
7.0
 40
7.0
 40
7.0
 40
7.0
 10
357.4241325313919
 20
251.1347631908764
 30
0.0
 10
357.3799643100916
 20
251.1578601931762
 30
0.0
 10
357.336023307618
 20
251.1813905635188
 30
0.0
 10
357.2920758021944
 20
251.2049041191615
 30
0.0
 10
357.2736635726954
 20
251.2147553491385
 30
0.0
 10
357.2552502017519
 20
251.2246036276786
 30
0.0
 10
357.236789809208
 20
251.2343663502107
 30
0.0
 10
357.2208445630303
 20
251.2427989452247
 30
0.0
 10
357.2048642353657
 20
251.2511677093182
 30
0.0
 10
357.1887971391096
 20
251.259360549469
 30
0.0
 10
357.1753428258936
 20
251.2662210945085
 30
0.0
 10
357.1618276696487
 20
251.2729582798702
 30
0.0
 10
357.1481682544682
 20
251.2794215045365
 30
0.0
 10
357.1372147571407
 20
251.2846043702131
 30
0.0
 10
357.1261684948182
 20
251.2896110668194
 30
0.0
 10
357.1149561101672
 20
251.2941598985126
 30
0.0
 10
357.1065289763989
 20
251.2975787620604
 30
0.0
 10
357.098008001808
 20
251.3007389823485
 30
0.0
 10
357.0892091586797
 20
251.3032648335431
 30
0.0
 10
357.0832435194509
 20
251.3049773674233
 30
0.0
 10
357.0771501474917
 20
251.3063982896763
 30
0.0
 10
357.0709791254915
 20
251.3065057266758
 30
0.0
  0
SPLINE
  5
7C8
330
70
100
AcDbEntity
  8
08_DRAFTS
 62
     7
370
    25
100
AcDbSpline
210
0.0
220
0.0
230
1.0
 70
     8
 71
     3
 72
    56
 73
    52
 74
     0
 42
0.0000000001
 43
0.0000000001
 40
0.0
 40
0.0
 40
0.0
 40
0.0
 40
1.0
 40
1.0
 40
1.0
 40
2.0
 40
2.0
 40
2.0
 40
3.0
 40
3.0
 40
3.0
 40
4.0
 40
4.0
 40
4.0
 40
5.0
 40
5.0
 40
5.0
 40
6.0
 40
6.0
 40
6.0
 40
7.0
 40
7.0
 40
7.0
 40
8.0
 40
8.0
 40
8.0
 40
9.0
 40
9.0
 40
9.0
 40
10.0
 40
10.0
 40
10.0
 40
11.0
 40
11.0
 40
11.0
 40
12.0
 40
12.0
 40
12.0
 40
13.0
 40
13.0
 40
13.0
 40
14.0
 40
14.0
 40
14.0
 40
15.0
 40
15.0
 40
15.0
 40
16.0
 40
16.0
 40
16.0
 40
17.0
 40
17.0
 40
17.0
 40
17.0
 10
357.0709791254915
 20
251.3065057266758
 30
0.0
 10
357.0690690247919
 20
251.3065389813758
 30
0.0
 10
357.0671477898477
 20
251.3064298703947
 30
0.0
 10
357.0652690793132
 20
251.3060141101931
 30
0.0
 10
357.0637875368114
 20
251.3056862436071
 30
0.0
 10
357.0623324395054
 20
251.3051676771701
 30
0.0
 10
357.0610837920201
 20
251.3043082597752
 30
0.0
 10
357.0599925905918
 20
251.3035572091393
 30
0.0
 10
357.0590590575662
 20
251.3025458462109
 30
0.0
 10
357.0584298331484
 20
251.3013831055658
 30
0.0
 10
357.0577461665002
 20
251.3001197613969
 30
0.0
 10
357.0574217458092
 20
251.2986777110337
 30
0.0
 10
357.0573145837823
 20
251.2972391288708
 30
0.0
 10
357.0571802676831
 20
251.2954360205283
 30
0.0
 10
357.0573872634671
 20
251.2936383607035
 30
0.0
 10
357.0577455234414
 20
251.2918775795837
 30
0.0
 10
357.0582028362522
 20
251.289629972201
 30
0.0
 10
357.0589066203205
 20
251.2874424553183
 30
0.0
 10
357.0597306195123
 20
251.2853048078582
 30
0.0
 10
357.0607560550099
 20
251.2826445873059
 30
0.0
 10
357.0619676658777
 20
251.2800615987854
 30
0.0
 10
357.0632782670881
 20
251.2775316355212
 30
0.0
 10
357.0648612896599
 20
251.2744757944897
 30
0.0
 10
357.0665887317553
 20
251.2714973133518
 30
0.0
 10
357.0683968705806
 20
251.2685698755281
 30
0.0
 10
357.0729756282915
 20
251.261156712156
 30
0.0
 10
357.0780718590286
 20
251.2540708673562
 30
0.0
 10
357.0833803843852
 20
251.247156855775
 30
0.0
 10
357.0902015223531
 20
251.2382727639169
 30
0.0
 10
357.0973731739131
 20
251.2296723809853
 30
0.0
 10
357.1047456688129
 20
251.2212484674829
 30
0.0
 10
357.1137505384913
 20
251.2109593802335
 30
0.0
 10
357.1230550368203
 20
251.2009335593519
 30
0.0
 10
357.1325473119054
 20
251.1910912038851
 30
0.0
 10
357.1437359435602
 20
251.1794899292743
 30
0.0
 10
357.1551854638457
 20
251.1681435533091
 30
0.0
 10
357.1668219881777
 20
251.1569930121418
 30
0.0
 10
357.1801805863505
 20
251.1441923171386
 30
0.0
 10
357.1937856330409
 20
251.1316497085068
 30
0.0
 10
357.2075808929166
 20
251.119321105048
 30
0.0
 10
357.2230954742718
 20
251.1054559714379
 30
0.0
 10
357.2388506364274
 20
251.0918615106312
 30
0.0
 10
357.2548013204885
 20
251.0784997301093
 30
0.0
 10
357.2916859031135
 20
251.0476017638669
 30
0.0
 10
357.3296159917691
 20
251.017947999091
 30
0.0
 10
357.3683192816091
 20
250.9893514869656
 30
0.0
 10
357.4133226739249
 20
250.956100048668
 30
0.0
 10
357.4593714776831
 20
250.9242780753561
 30
0.0
 10
357.5062815307752
 20
250.8937753371112
 30
0.0
 10
357.5587836070686
 20
250.8596364482174
 30
0.0
 10
357.6123645058916
 20
250.8271500662757
 30
0.0
 10
357.6668306122916
 20
250.7962642329765
 30
0.0
  0
LINE
  5
7CA
330
70
100
AcDbEntity
  8
02_PLANES
 62
     7
370
    25
100
AcDbLine
 10
353.2884418491919
 20
177.1978404855759
 30
0.0
 11
354.6884418491921
 21
177.1978404855759
 31
0.0
  0
LINE
  5
7CB
330
70
100
AcDbEntity
  8
02_PLANES
 62
     7
370
    25
100
AcDbLine
 10
358.3954307537914
 20
177.1978404855759
 30
0.0
 11
356.8579267465919
 21
177.1978404855759
 31
0.0
  0
LINE
  5
7CC
330
70
100
AcDbEntity
  8
02_PLANES
 62
     7
370
    25
100
AcDbLine
 10
357.2384418491919
 20
177.1978404855759
 30
0.0
 11
357.2384418491919
 21
177.2978404855756
 31
0.0
  0
LINE
  5
7CD
330
70
100
AcDbEntity
  8
02_PLANES
 62
     7
370
    25
100
AcDbLine
 10
353.5884418491917
 20
177.1978404855759
 30
0.0
 11
353.5884418491917
 21
177.2978404855756
 31
0.0
  0
LINE
  5
7CE
330
70
100
AcDbEntity
  8
02_PLANES
 62
     7
370
    25
100
AcDbLine
 10
353.2884418491919
 20
177.1978404855759
 30
0.0
 11
353.2884418491919
 21
177.2978404855756
 31
0.0
  0
ENDSEC
  0
SECTION
  2
OBJECTS
  0
DICTIONARY
  5
C
330
0
100
AcDbDictionary
281
     1
  3
ACAD_COLOR
350
63
  3
ACAD_DETAILVIEWSTYLE
350
6A
  3
ACAD_GROUP
350
D
  3
ACAD_LAYOUT
350
62
  3
ACAD_MATERIAL
350
10
  3
ACAD_MLEADERSTYLE
350
66
  3
ACAD_MLINESTYLE
350
5F
  3
ACAD_PLOTSETTINGS
350
61
  3
ACAD_PLOTSTYLENAME
350
E
  3
ACAD_SCALELIST
350
42
  3
ACAD_SECTIONVIEWSTYLE
350
68
  3
ACAD_TABLESTYLE
350
64
  3
ACAD_VISUALSTYLE
350
29
  3
ACDB_RECOMPOSE_DATA
350
7D7
  3
AcDbVariableDictionary
350
7CF
  0
DICTIONARY
  5
63
102
{ACAD_REACTORS
330
C
102
}
330
C
100
AcDbDictionary
281
     1
  0
DICTIONARY
  5
6A
102
{ACAD_REACTORS
330
C
102
}
330
C
100
AcDbDictionary
281
     1
  3
Imperial24
350
6B
  0
DICTIONARY
  5
D
102
{ACAD_REACTORS
330
C
102
}
330
C
100
AcDbDictionary
281
     1
  0
DICTIONARY
  5
62
102
{ACAD_REACTORS
330
C
102
}
330
C
100
AcDbDictionary
281
     1
  3
Layout1
350
6F
  3
Layout2
350
77
  3
Model
350
73
  0
DICTIONARY
  5
10
102
{ACAD_REACTORS
330
C
102
}
330
C
100
AcDbDictionary
281
     1
  3
ByBlock
350
19
  3
ByLayer
350
11
  3
Global
350
21
  0
DICTIONARY
  5
66
102
{ACAD_REACTORS
330
C
102
}
330
C
100
AcDbDictionary
281
     1
  3
Standard
350
67
  0
DICTIONARY
  5
5F
102
{ACAD_REACTORS
330
C
102
}
330
C
100
AcDbDictionary
281
     1
  3
Standard
350
60
  0
DICTIONARY
  5
61
102
{ACAD_REACTORS
330
C
102
}
330
C
100
AcDbDictionary
281
     1
  0
ACDBDICTIONARYWDFLT
  5
E
102
{ACAD_REACTORS
330
C
102
}
330
C
100
AcDbDictionary
281
     1
  3
Normal
350
F
100
AcDbDictionaryWithDefault
340
F
  0
DICTIONARY
  5
42
102
{ACAD_REACTORS
330
C
102
}
330
C
100
AcDbDictionary
281
     1
  3
A0
350
43
  3
A1
350
44
  3
A2
350
45
  3
A3
350
46
  3
A4
350
47
  3
A5
350
48
  3
A6
350
49
  3
A7
350
4A
  3
A8
350
4B
  3
A9
350
4C
  3
B0
350
4D
  3
B1
350
4E
  3
B2
350
4F
  3
B3
350
50
  3
B4
350
51
  3
B5
350
52
  3
B6
350
53
  0
DICTIONARY
  5
68
102
{ACAD_REACTORS
330
C
102
}
330
C
100
AcDbDictionary
281
     1
  3
Imperial24
350
69
  0
DICTIONARY
  5
64
102
{ACAD_REACTORS
330
C
102
}
330
C
100
AcDbDictionary
281
     1
  3
Standard
350
65
  0
DICTIONARY
  5
29
102
{ACAD_REACTORS
330
C
102
}
330
C
100
AcDbDictionary
281
     1
  3
2dWireframe
350
2F
  3
Basic
350
2E
  3
Brighten
350
35
  3
ColorChange
350
39
  3
Conceptual
350
32
  3
Dim
350
34
  3
EdgeColorOff
350
41
  3
Facepattern
350
38
  3
Flat
350
2A
  3
FlatWithEdges
350
2B
  3
Gouraud
350
2C
  3
GouraudWithEdges
350
2D
  3
Hidden
350
31
  3
JitterOff
350
3F
  3
Linepattern
350
37
  3
OverhangOff
350
40
  3
Realistic
350
33
  3
Shaded
350
3E
  3
Shaded with edges
350
3D
  3
Shades of Gray
350
3A
  3
Sketchy
350
3B
  3
Thicken
350
36
  3
Wireframe
350
30
  3
X-Ray
350
3C
  0
XRECORD
  5
7D7
102
{ACAD_REACTORS
330
C
102
}
330
C
100
AcDbXrecord
280
     1
 90
        1
330
65
  0
DICTIONARY
  5
7CF
102
{ACAD_REACTORS
330
C
102
}
330
C
100
AcDbDictionary
281
     1
  3
CANNOSCALE
350
7D4
  3
CMLEADERSTYLE
350
7D1
  3
CTABLESTYLE
350
7D0
  3
CVIEWDETAILSTYLE
350
7D2
  3
CVIEWSECTIONSTYLE
350
7D3
  0
ACDBDETAILVIEWSTYLE
  5
6B
102
{ACAD_REACTORS
330
6A
102
}
330
6A
100
AcDbModelDocViewStyle
 70
     0
  3
Imperial24
290
     1
300
Imperial24
 90
        0
100
AcDbDetailViewStyle
 70
     0
 71
     0
 90
        3
 71
     1
340
55
 62
   256
 40
0.24
340
0
 62
   256
 40
0.24
300

 40
0.36
280
     3
 71
     2
340
5D
 90
       25
 62
   256
 71
     3
340
55
 62
   256
 40
0.24
 90
        1
 40
0.75
 90
        1
300
%<\AcVar ViewType \f "%tc1">% %<\AcVar ViewDetailId>%\PSCALE %<\AcVar ViewScale \f "%sn">%
 71
     4
340
5D
 90
       25
 62
   256
340
5D
 90
       25
 62
   256
280
     0
  0
LAYOUT
  5
6F
102
{ACAD_REACTORS
330
62
102
}
330
62
100
AcDbPlotSettings
  1

  2

  4

  6

 40
0.0
 41
0.0
 42
0.0
 43
0.0
 44
0.0
 45
0.0
 46
0.0
 47
0.0
 48
0.0
 49
0.0
140
0.0
141
0.0
142
1.0
143
1.0
 70
   688
 72
     0
 73
     0
 74
     5
  7

 75
    16
147
1.0
 76
     0
 77
     2
 78
   300
148
0.0
149
0.0
100
AcDbLayout
  1
Layout1
 70
     1
 71
     1
 10
0.0
 20
0.0
 11
12.0
 21
9.0
 12
0.0
 22
0.0
 32
0.0
 14
0.0
 24
0.0
 34
0.0
 15
0.0
 25
0.0
 35
0.0
146
0.0
 13
0.0
 23
0.0
 33
0.0
 16
1.0
 26
0.0
 36
0.0
 17
0.0
 27
1.0
 37
0.0
 76
     0
330
6C
  0
LAYOUT
  5
77
102
{ACAD_REACTORS
330
62
102
}
330
62
100
AcDbPlotSettings
  1

  2

  4

  6

 40
0.0
 41
0.0
 42
0.0
 43
0.0
 44
0.0
 45
0.0
 46
0.0
 47
0.0
 48
0.0
 49
0.0
140
0.0
141
0.0
142
1.0
143
1.0
 70
   688
 72
     0
 73
     0
 74
     5
  7

 75
    16
147
1.0
 76
     0
 77
     2
 78
   300
148
0.0
149
0.0
100
AcDbLayout
  1
Layout2
 70
     1
 71
     2
 10
0.0
 20
0.0
 11
12.0
 21
9.0
 12
0.0
 22
0.0
 32
0.0
 14
0.0
 24
0.0
 34
0.0
 15
0.0
 25
0.0
 35
0.0
146
0.0
 13
0.0
 23
0.0
 33
0.0
 16
1.0
 26
0.0
 36
0.0
 17
0.0
 27
1.0
 37
0.0
 76
     0
330
74
  0
LAYOUT
  5
73
102
{ACAD_REACTORS
330
62
102
}
330
62
100
AcDbPlotSettings
  1

  2

  4

  6

 40
0.0
 41
0.0
 42
0.0
 43
0.0
 44
0.0
 45
0.0
 46
0.0
 47
0.0
 48
0.0
 49
0.0
140
0.0
141
0.0
142
1.0
143
1.0
 70
  1712
 72
     0
 73
     0
 74
     0
  7

 75
     0
147
1.0
 76
     0
 77
     2
 78
   300
148
0.0
149
0.0
100
AcDbLayout
  1
Model
 70
     1
 71
     0
 10
0.0
 20
0.0
 11
12.0
 21
9.0
 12
0.0
 22
0.0
 32
0.0
 14
0.0
 24
0.0
 34
0.0
 15
0.0
 25
0.0
 35
0.0
146
0.0
 13
0.0
 23
0.0
 33
0.0
 16
1.0
 26
0.0
 36
0.0
 17
0.0
 27
1.0
 37
0.0
 76
     0
330
70
  0
MATERIAL
  5
19
102
{ACAD_XDICTIONARY
360
1A
102
}
102
{ACAD_REACTORS
330
10
102
}
330
10
100
AcDbMaterial
  1
ByBlock
 72
     0
 43
0.0208333333333333
 43
0.0
 43
0.0
 43
0.0
 43
0.0
 43
0.0208333333333333
 43
0.0
 43
0.0
 43
0.0
 43
0.0
 43
1.0
 43
0.0
 43
0.0
 43
0.0
 43
0.0
 43
1.0
 77
     0
 47
0.0208333333333333
 47
0.0
 47
0.0
 47
0.0
 47
0.0
 47
0.0208333333333333
 47
0.0
 47
0.0
 47
0.0
 47
0.0
 47
1.0
 47
0.0
 47
0.0
 47
0.0
 47
0.0
 47
1.0
171
     0
 49
0.0208333333333333
 49
0.0
 49
0.0
 49
0.0
 49
0.0
 49
0.0208333333333333
 49
0.0
 49
0.0
 49
0.0
 49
0.0
 49
1.0
 49
0.0
 49
0.0
 49
0.0
 49
0.0
 49
1.0
175
     0
142
0.0208333333333333
142
0.0
142
0.0
142
0.0
142
0.0
142
0.0208333333333333
142
0.0
142
0.0
142
0.0
142
0.0
142
1.0
142
0.0
142
0.0
142
0.0
142
0.0
142
1.0
179
     0
144
0.0208333333333333
144
0.0
144
0.0
144
0.0
144
0.0
144
0.0208333333333333
144
0.0
144
0.0
144
0.0
144
0.0
144
1.0
144
0.0
144
0.0
144
0.0
144
0.0
144
1.0
147
0.0208333333333333
147
0.0
147
0.0
147
0.0
147
0.0
147
0.0208333333333333
147
0.0
147
0.0
147
0.0
147
0.0
147
1.0
147
0.0
147
0.0
147
0.0
147
0.0
147
1.0
  0
MATERIAL
  5
11
102
{ACAD_XDICTIONARY
360
12
102
}
102
{ACAD_REACTORS
330
10
102
}
330
10
100
AcDbMaterial
  1
ByLayer
 72
     0
 43
0.0208333333333333
 43
0.0
 43
0.0
 43
0.0
 43
0.0
 43
0.0208333333333333
 43
0.0
 43
0.0
 43
0.0
 43
0.0
 43
1.0
 43
0.0
 43
0.0
 43
0.0
 43
0.0
 43
1.0
 77
     0
 47
0.0208333333333333
 47
0.0
 47
0.0
 47
0.0
 47
0.0
 47
0.0208333333333333
 47
0.0
 47
0.0
 47
0.0
 47
0.0
 47
1.0
 47
0.0
 47
0.0
 47
0.0
 47
0.0
 47
1.0
171
     0
 49
0.0208333333333333
 49
0.0
 49
0.0
 49
0.0
 49
0.0
 49
0.0208333333333333
 49
0.0
 49
0.0
 49
0.0
 49
0.0
 49
1.0
 49
0.0
 49
0.0
 49
0.0
 49
0.0
 49
1.0
175
     0
142
0.0208333333333333
142
0.0
142
0.0
142
0.0
142
0.0
142
0.0208333333333333
142
0.0
142
0.0
142
0.0
142
0.0
142
1.0
142
0.0
142
0.0
142
0.0
142
0.0
142
1.0
179
     0
144
0.0208333333333333
144
0.0
144
0.0
144
0.0
144
0.0
144
0.0208333333333333
144
0.0
144
0.0
144
0.0
144
0.0
144
1.0
144
0.0
144
0.0
144
0.0
144
0.0
144
1.0
147
0.0208333333333333
147
0.0
147
0.0
147
0.0
147
0.0
147
0.0208333333333333
147
0.0
147
0.0
147
0.0
147
0.0
147
1.0
147
0.0
147
0.0
147
0.0
147
0.0
147
1.0
  0
MATERIAL
  5
21
102
{ACAD_XDICTIONARY
360
22
102
}
102
{ACAD_REACTORS
330
10
102
}
330
10
100
AcDbMaterial
  1
Global
 72
     0
 43
0.0208333333333333
 43
0.0
 43
0.0
 43
0.0
 43
0.0
 43
0.0208333333333333
 43
0.0
 43
0.0
 43
0.0
 43
0.0
 43
1.0
 43
0.0
 43
0.0
 43
0.0
 43
0.0
 43
1.0
 77
     0
 47
0.0208333333333333
 47
0.0
 47
0.0
 47
0.0
 47
0.0
 47
0.0208333333333333
 47
0.0
 47
0.0
 47
0.0
 47
0.0
 47
1.0
 47
0.0
 47
0.0
 47
0.0
 47
0.0
 47
1.0
171
     0
 49
0.0208333333333333
 49
0.0
 49
0.0
 49
0.0
 49
0.0
 49
0.0208333333333333
 49
0.0
 49
0.0
 49
0.0
 49
0.0
 49
1.0
 49
0.0
 49
0.0
 49
0.0
 49
0.0
 49
1.0
175
     0
142
0.0208333333333333
142
0.0
142
0.0
142
0.0
142
0.0
142
0.0208333333333333
142
0.0
142
0.0
142
0.0
142
0.0
142
1.0
142
0.0
142
0.0
142
0.0
142
0.0
142
1.0
179
     0
144
0.0208333333333333
144
0.0
144
0.0
144
0.0
144
0.0
144
0.0208333333333333
144
0.0
144
0.0
144
0.0
144
0.0
144
1.0
144
0.0
144
0.0
144
0.0
144
0.0
144
1.0
147
0.0208333333333333
147
0.0
147
0.0
147
0.0
147
0.0
147
0.0208333333333333
147
0.0
147
0.0
147
0.0
147
0.0
147
1.0
147
0.0
147
0.0
147
0.0
147
0.0
147
1.0
  0
MLEADERSTYLE
  5
67
102
{ACAD_REACTORS
330
66
102
}
330
66
100
AcDbMLeaderStyle
179
     2
170
     2
171
     1
172
     0
 90
        2
 40
0.0
 41
0.0
173
     1
 91
-1056964608
340
5B
 92
       -2
290
     1
 42
0.09
291
     1
 43
0.36
  3
Standard
 44
0.18
300

342
55
174
     1
178
     6
175
     1
176
     0
 93
-1056964608
 45
0.18
292
     0
297
     0
 46
0.18
 94
-1056964608
 47
1.0
 49
1.0
140
1.0
293
     1
141
0.0
294
     1
177
     0
142
1.0
295
     1
296
     0
143
0.125
271
     0
272
     9
273
     9
298
     1
  0
MLINESTYLE
  5
60
102
{ACAD_REACTORS
330
5F
102
}
330
5F
100
AcDbMlineStyle
  2
STANDARD
 70
     0
  3

 62
   256
 51
90.0
 52
90.0
 71
     2
 49
0.5
 62
   256
  6
BYLAYER
 49
-0.5
 62
   256
  6
BYLAYER
  0
ACDBPLACEHOLDER
  5
F
102
{ACAD_REACTORS
330
E
102
}
330
E
  0
SCALE
  5
43
102
{ACAD_REACTORS
330
42
102
}
330
42
100
AcDbScale
 70
     0
300
1:1
140
1.0
141
1.0
290
     1
  0
SCALE
  5
44
102
{ACAD_REACTORS
330
42
102
}
330
42
100
AcDbScale
 70
     0
300
1/128" = 1'-0"
140
0.0078125
141
12.0
290
     0
  0
SCALE
  5
45
102
{ACAD_REACTORS
330
42
102
}
330
42
100
AcDbScale
 70
     0
300
1/64" = 1'-0"
140
0.015625
141
12.0
290
     0
  0
SCALE
  5
46
102
{ACAD_REACTORS
330
42
102
}
330
42
100
AcDbScale
 70
     0
300
1/32" = 1'-0"
140
0.03125
141
12.0
290
     0
  0
SCALE
  5
47
102
{ACAD_REACTORS
330
42
102
}
330
42
100
AcDbScale
 70
     0
300
1/16" = 1'-0"
140
0.0625
141
12.0
290
     0
  0
SCALE
  5
48
102
{ACAD_REACTORS
330
42
102
}
330
42
100
AcDbScale
 70
     0
300
3/32" = 1'-0"
140
0.09375
141
12.0
290
     0
  0
SCALE
  5
49
102
{ACAD_REACTORS
330
42
102
}
330
42
100
AcDbScale
 70
     0
300
1/8" = 1'-0"
140
0.125
141
12.0
290
     0
  0
SCALE
  5
4A
102
{ACAD_REACTORS
330
42
102
}
330
42
100
AcDbScale
 70
     0
300
3/16" = 1'-0"
140
0.1875
141
12.0
290
     0
  0
SCALE
  5
4B
102
{ACAD_REACTORS
330
42
102
}
330
42
100
AcDbScale
 70
     0
300
1/4" = 1'-0"
140
0.25
141
12.0
290
     0
  0
SCALE
  5
4C
102
{ACAD_REACTORS
330
42
102
}
330
42
100
AcDbScale
 70
     0
300
3/8" = 1'-0"
140
0.375
141
12.0
290
     0
  0
SCALE
  5
4D
102
{ACAD_REACTORS
330
42
102
}
330
42
100
AcDbScale
 70
     0
300
1/2" = 1'-0"
140
0.5
141
12.0
290
     0
  0
SCALE
  5
4E
102
{ACAD_REACTORS
330
42
102
}
330
42
100
AcDbScale
 70
     0
300
3/4" = 1'-0"
140
0.75
141
12.0
290
     0
  0
SCALE
  5
4F
102
{ACAD_REACTORS
330
42
102
}
330
42
100
AcDbScale
 70
     0
300
1" = 1'-0"
140
1.0
141
12.0
290
     0
  0
SCALE
  5
50
102
{ACAD_REACTORS
330
42
102
}
330
42
100
AcDbScale
 70
     0
300
1-1/2" = 1'-0"
140
1.5
141
12.0
290
     0
  0
SCALE
  5
51
102
{ACAD_REACTORS
330
42
102
}
330
42
100
AcDbScale
 70
     0
300
3" = 1'-0"
140
3.0
141
12.0
290
     0
  0
SCALE
  5
52
102
{ACAD_REACTORS
330
42
102
}
330
42
100
AcDbScale
 70
     0
300
6" = 1'-0"
140
6.0
141
12.0
290
     0
  0
SCALE
  5
53
102
{ACAD_REACTORS
330
42
102
}
330
42
100
AcDbScale
 70
     0
300
1'-0" = 1'-0"
140
12.0
141
12.0
290
     0
  0
ACDBSECTIONVIEWSTYLE
  5
69
102
{ACAD_REACTORS
330
68
102
}
330
68
100
AcDbModelDocViewStyle
 70
     0
  3
Imperial24
290
     1
300
Imperial24
 90
        0
100
AcDbSectionViewStyle
 70
     0
 71
     0
 90
       78
 71
     1
340
55
 62
   256
 40
0.24
340
0
340
0
 62
   256
 40
0.24
300
I, O, Q, S, X, Z
 40
0.48
 90
        3
 40
0.18
 90
        1
 71
     2
340
5D
 90
       25
 62
   256
340
5D
 90
       50
 62
   256
 40
0.24
 40
0.0
 40
0.24
 71
     3
340
55
 62
   256
 40
0.24
 90
        1
 40
0.75
 90
        1
300
%<\AcVar ViewType \f "%tc1">% %<\AcVar ViewSectionStartId>%-%<\AcVar ViewSectionEndId>%\PSCALE %<\AcVar ViewScale \f "%sn">%
 71
     4
 62
   256
 62
   257
300
ANSI31
 40
1.0
 90
        0
290
     0
290
     0
 90
        6
 40
0.0
 40
1.570796326794896
 40
0.2617993877991494
 40
1.308996938995747
 40
-0.2617993877991494
 40
1.832595714594046
  0
TABLESTYLE
  5
65
102
{ACAD_XDICTIONARY
360
7D5
102
}
102
{ACAD_REACTORS
330
64
102
}
330
64
100
AcDbTableStyle
280
     0
  3
Standard
 70
     0
 71
     0
 40
0.06
 41
0.06
280
     0
281
     0
  7
Standard
140
0.18
170
     2
 62
     0
 63
     7
283
     0
 90
      512
 91
        0
  1

274
    -2
284
     1
 64
     0
275
    -2
285
     1
 65
     0
276
    -2
286
     1
 66
     0
277
    -2
287
     1
 67
     0
278
    -2
288
     1
 68
     0
279
    -2
289
     1
 69
     0
  7
Standard
140
0.25
170
     5
 62
     0
 63
     7
283
     0
 90
      512
 91
        0
  1

274
    -2
284
     1
 64
     0
275
    -2
285
     1
 65
     0
276
    -2
286
     1
 66
     0
277
    -2
287
     1
 67
     0
278
    -2
288
     1
 68
     0
279
    -2
289
     1
 69
     0
  7
Standard
140
0.18
170
     5
 62
     0
 63
     7
283
     0
 90
      512
 91
        0
  1

274
    -2
284
     1
 64
     0
275
    -2
285
     1
 65
     0
276
    -2
286
     1
 66
     0
277
    -2
287
     1
 67
     0
278
    -2
288
     1
 68
     0
279
    -2
289
     1
 69
     0
  0
VISUALSTYLE
  5
2F
102
{ACAD_REACTORS
330
29
102
}
330
29
100
AcDbVisualStyle
  2
2dWireframe
 70
     4
177
     3
291
     0
 70
    58
 90
        0
176
     1
 90
        2
176
     1
 90
        0
176
     1
 90
        0
176
     1
 40
0.6
176
     1
 40
30.0
176
     1
 62
     7
420
 16777215
176
     1
 90
        1
176
     1
 90
        4
176
     1
 62
     7
176
     1
 62
   257
176
     1
 90
        1
176
     1
 90
        1
176
     1
 40
1.0
176
     1
 90
        0
176
     1
 62
   257
176
     1
 40
1.0
176
     1
 90
        1
176
     1
 90
        6
176
     1
 90
        2
176
     1
 62
     7
176
     1
 90
        5
176
     1
 90
        0
176
     1
 90
        0
176
     1
290
     0
176
     1
 90
        1
176
     1
 40
0.0
176
     1
 90
        0
176
     1
290
     1
176
     1
290
     1
176
     1
290
     0
176
     1
290
     0
176
     1
290
     0
176
     1
290
     0
176
     1
290
     0
176
     1
290
     0
176
     1
290
     0
176
     1
 90
       50
176
     1
 40
0.0
176
     1
 40
1.0
176
     1
 90
        0
176
     1
 62
    18
420
        0
176
     1
 90
       50
176
     1
 90
        3
176
     1
 62
     5
420
      255
176
     1
290
     0
176
     1
 90
       50
176
     1
 90
       50
176
     1
 90
       50
176
     1
290
     0
176
     1
 90
       50
176
     1
 62
   256
176
     0
 40
1.0
176
     0
 90
        2
176
     1
  1
strokes_ogs.tif
176
     1
290
     0
176
     1
 40
1.0
176
     1
 40
1.0
176
     1
  0
VISUALSTYLE
  5
2E
102
{ACAD_REACTORS
330
29
102
}
330
29
100
AcDbVisualStyle
  2
Basic
 70
     7
177
     3
291
     1
 70
    58
 90
        1
176
     1
 90
        0
176
     1
 90
        1
176
     1
 90
        0
176
     1
 40
0.6
176
     1
 40
30.0
176
     1
 62
     7
420
 16777215
176
     1
 90
        0
176
     1
 90
        4
176
     1
 62
     7
176
     1
 62
   257
176
     1
 90
        1
176
     1
 90
        1
176
     1
 40
1.0
176
     1
 90
        8
176
     1
 62
     7
176
     1
 40
1.0
176
     1
 90
        1
176
     1
 90
        6
176
     1
 90
        2
176
     1
 62
     7
176
     1
 90
        5
176
     1
 90
        0
176
     1
 90
        0
176
     1
290
     0
176
     1
 90
        1
176
     1
 40
0.0
176
     1
 90
        0
176
     1
290
     0
176
     1
290
     1
176
     1
290
     1
176
     1
290
     0
176
     1
290
     0
176
     1
290
     0
176
     1
290
     0
176
     1
290
     0
176
     1
290
     0
176
     1
 90
       50
176
     1
 40
0.0
176
     1
 40
1.0
176
     1
 90
        0
176
     1
 62
    18
420
        0
176
     1
 90
       50
176
     1
 90
        3
176
     1
 62
     5
420
      255
176
     1
290
     0
176
     1
 90
       50
176
     1
 90
       50
176
     1
 90
       50
176
     1
290
     0
176
     1
 90
       50
176
     1
 62
   256
176
     0
 40
1.0
176
     0
 90
        2
176
     1
  1
strokes_ogs.tif
176
     1
290
     0
176
     1
 40
1.0
176
     1
 40
1.0
176
     1
  0
VISUALSTYLE
  5
35
102
{ACAD_REACTORS
330
29
102
}
330
29
100
AcDbVisualStyle
  2
Brighten
 70
    12
177
     3
291
     1
 70
    58
 90
        2
176
     1
 90
        2
176
     1
 90
        0
176
     1
 90
        0
176
     1
 40
0.6
176
     1
 40
30.0
176
     1
 62
     7
420
 16777215
176
     1
 90
        1
176
     1
 90
        4
176
     1
 62
     7
176
     1
 62
   257
176
     1
 90
        1
176
     1
 90
        1
176
     1
 40
1.0
176
     1
 90
        8
176
     1
 62
     7
176
     1
 40
1.0
176
     1
 90
        1
176
     1
 90
        6
176
     1
 90
        2
176
     1
 62
     7
176
     1
 90
        5
176
     1
 90
        0
176
     1
 90
        0
176
     1
290
     0
176
     1
 90
        1
176
     1
 40
50.0
176
     1
 90
        0
176
     1
290
     0
176
     1
290
     1
176
     1
290
     1
176
     1
290
     0
176
     1
290
     0
176
     1
290
     0
176
     1
290
     0
176
     1
290
     0
176
     1
290
     0
176
     1
 90
       50
176
     1
 40
0.0
176
     1
 40
1.0
176
     1
 90
        0
176
     1
 62
    18
420
        0
176
     1
 90
       50
176
     1
 90
        3
176
     1
 62
     5
420
      255
176
     1
290
     0
176
     1
 90
       50
176
     1
 90
       50
176
     1
 90
       50
176
     1
290
     0
176
     1
 90
       50
176
     1
 62
   256
176
     0
 40
1.0
176
     0
 90
        2
176
     1
  1
strokes_ogs.tif
176
     1
290
     0
176
     1
 40
1.0
176
     1
 40
1.0
176
     1
  0
VISUALSTYLE
  5
39
102
{ACAD_REACTORS
330
29
102
}
330
29
100
AcDbVisualStyle
  2
ColorChange
 70
    16
177
     3
291
     1
 70
    58
 90
        2
176
     1
 90
        2
176
     1
 90
        3
176
     1
 90
        0
176
     1
 40
0.6
176
     1
 40
30.0
176
     1
 62
     8
420
  8421504
176
     1
 90
        1
176
     1
 90
        4
176
     1
 62
     7
176
     1
 62
   257
176
     1
 90
        1
176
     1
 90
        1
176
     1
 40
1.0
176
     1
 90
        8
176
     1
 62
     8
420
  8421504
176
     1
 40
1.0
176
     1
 90
        1
176
     1
 90
        6
176
     1
 90
        2
176
     1
 62
     7
176
     1
 90
        5
176
     1
 90
        0
176
     1
 90
        0
176
     1
290
     0
176
     1
 90
        1
176
     1
 40
0.0
176
     1
 90
        0
176
     1
290
     0
176
     1
290
     1
176
     1
290
     1
176
     1
290
     0
176
     1
290
     0
176
     1
290
     0
176
     1
290
     0
176
     1
290
     0
176
     1
290
     0
176
     1
 90
       50
176
     1
 40
0.0
176
     1
 40
1.0
176
     1
 90
        0
176
     1
 62
    18
420
        0
176
     1
 90
       50
176
     1
 90
        3
176
     1
 62
     5
420
      255
176
     1
290
     0
176
     1
 90
       50
176
     1
 90
       50
176
     1
 90
       50
176
     1
290
     0
176
     1
 90
       50
176
     1
 62
   256
176
     0
 40
1.0
176
     0
 90
        2
176
     1
  1
strokes_ogs.tif
176
     1
290
     0
176
     1
 40
1.0
176
     1
 40
1.0
176
     1
  0
VISUALSTYLE
  5
32
102
{ACAD_REACTORS
330
29
102
}
330
29
100
AcDbVisualStyle
  2
Conceptual
 70
     9
177
     3
291
     0
 70
    58
 90
        3
176
     1
 90
        2
176
     1
 90
        0
176
     1
 90
        0
176
     1
 40
0.6
176
     1
 40
30.0
176
     1
 62
     7
420
 16777215
176
     1
 90
        2
176
     1
 90
        2
176
     1
 62
     7
176
     1
 62
   257
176
     1
 90
        1
176
     1
 90
        1
176
     1
 40
179.0
176
     1
 90
        8
176
     1
 62
     7
176
     1
 40
1.0
176
     1
 90
        1
176
     1
 90
        6
176
     1
 90
        2
176
     1
 62
     7
176
     1
 90
        3
176
     1
 90
        0
176
     1
 90
        0
176
     1
290
     0
176
     1
 90
        1
176
     1
 40
0.0
176
     1
 90
        0
176
     1
290
     0
176
     1
290
     1
176
     1
290
     1
176
     1
290
     0
176
     1
290
     0
176
     1
290
     0
176
     1
290
     0
176
     1
290
     0
176
     1
290
     0
176
     1
 90
       50
176
     1
 40
0.0
176
     1
 40
1.0
176
     1
 90
        0
176
     1
 62
    18
420
        0
176
     1
 90
       50
176
     1
 90
        3
176
     1
 62
     5
420
      255
176
     1
290
     0
176
     1
 90
       50
176
     1
 90
       50
176
     1
 90
       50
176
     1
290
     0
176
     1
 90
       50
176
     1
 62
   256
176
     0
 40
1.0
176
     0
 90
        2
176
     1
  1
strokes_ogs.tif
176
     1
290
     0
176
     1
 40
1.0
176
     1
 40
1.0
176
     1
  0
VISUALSTYLE
  5
34
102
{ACAD_REACTORS
330
29
102
}
330
29
100
AcDbVisualStyle
  2
Dim
 70
    11
177
     3
291
     1
 70
    58
 90
        2
176
     1
 90
        2
176
     1
 90
        0
176
     1
 90
        0
176
     1
 40
0.6
176
     1
 40
30.0
176
     1
 62
     7
420
 16777215
176
     1
 90
        1
176
     1
 90
        4
176
     1
 62
     7
176
     1
 62
   257
176
     1
 90
        1
176
     1
 90
        1
176
     1
 40
1.0
176
     1
 90
        8
176
     1
 62
     7
176
     1
 40
1.0
176
     1
 90
        1
176
     1
 90
        6
176
     1
 90
        2
176
     1
 62
     7
176
     1
 90
        5
176
     1
 90
        0
176
     1
 90
        0
176
     1
290
     0
176
     1
 90
        1
176
     1
 40
-50.0
176
     1
 90
        0
176
     1
290
     0
176
     1
290
     1
176
     1
290
     1
176
     1
290
     0
176
     1
290
     0
176
     1
290
     0
176
     1
290
     0
176
     1
290
     0
176
     1
290
     0
176
     1
 90
       50
176
     1
 40
0.0
176
     1
 40
1.0
176
     1
 90
        0
176
     1
 62
    18
420
        0
176
     1
 90
       50
176
     1
 90
        3
176
     1
 62
     5
420
      255
176
     1
290
     0
176
     1
 90
       50
176
     1
 90
       50
176
     1
 90
       50
176
     1
290
     0
176
     1
 90
       50
176
     1
 62
   256
176
     0
 40
1.0
176
     0
 90
        2
176
     1
  1
strokes_ogs.tif
176
     1
290
     0
176
     1
 40
1.0
176
     1
 40
1.0
176
     1
  0
VISUALSTYLE
  5
41
102
{ACAD_REACTORS
330
29
102
}
330
29
100
AcDbVisualStyle
  2
EdgeColorOff
 70
    22
177
     3
291
     1
 70
    58
 90
        2
176
     0
 90
        2
176
     0
 90
        0
176
     0
 90
        0
176
     0
 40
0.6
176
     0
 40
30.0
176
     0
 62
     7
420
 16777215
176
     0
 90
        1
176
     0
 90
        4
176
     0
 62
     7
176
     0
 62
   257
176
     0
 90
        1
176
     0
 90
        1
176
     0
 40
1.0
176
     0
 90
        8
176
     2
 62
     7
176
     0
 40
1.0
176
     0
 90
        1
176
     0
 90
        6
176
     0
 90
        2
176
     0
 62
     7
176
     0
 90
        5
176
     0
 90
        0
176
     0
 90
        0
176
     0
290
     0
176
     0
 90
        1
176
     0
 40
0.0
176
     0
 90
        0
176
     0
290
     0
176
     0
290
     1
176
     0
290
     1
176
     0
290
     0
176
     0
290
     0
176
     0
290
     0
176
     0
290
     0
176
     0
290
     0
176
     0
290
     0
176
     0
 90
       50
176
     0
 40
0.0
176
     0
 40
1.0
176
     0
 90
        0
176
     0
 62
    18
420
        0
176
     0
 90
       50
176
     0
 90
        3
176
     0
 62
     5
420
      255
176
     0
290
     0
176
     0
 90
       50
176
     0
 90
       50
176
     0
 90
       50
176
     0
290
     0
176
     0
 90
       50
176
     0
 62
   256
176
     0
 40
1.0
176
     0
 90
        2
176
     0
  1
strokes_ogs.tif
176
     0
290
     0
176
     0
 40
1.0
176
     0
 40
1.0
176
     0
  0
VISUALSTYLE
  5
38
102
{ACAD_REACTORS
330
29
102
}
330
29
100
AcDbVisualStyle
  2
Facepattern
 70
    15
177
     3
291
     1
 70
    58
 90
        2
176
     1
 90
        2
176
     1
 90
        0
176
     1
 90
        0
176
     1
 40
0.6
176
     1
 40
30.0
176
     1
 62
     7
420
 16777215
176
     1
 90
        1
176
     1
 90
        4
176
     1
 62
     7
176
     1
 62
   257
176
     1
 90
        1
176
     1
 90
        1
176
     1
 40
1.0
176
     1
 90
        8
176
     1
 62
     7
176
     1
 40
1.0
176
     1
 90
        1
176
     1
 90
        6
176
     1
 90
        2
176
     1
 62
     7
176
     1
 90
        5
176
     1
 90
        0
176
     1
 90
        0
176
     1
290
     0
176
     1
 90
        1
176
     1
 40
0.0
176
     1
 90
        0
176
     1
290
     0
176
     1
290
     1
176
     1
290
     1
176
     1
290
     0
176
     1
290
     0
176
     1
290
     0
176
     1
290
     0
176
     1
290
     0
176
     1
290
     0
176
     1
 90
       50
176
     1
 40
0.0
176
     1
 40
1.0
176
     1
 90
        0
176
     1
 62
    18
420
        0
176
     1
 90
       50
176
     1
 90
        3
176
     1
 62
     5
420
      255
176
     1
290
     0
176
     1
 90
       50
176
     1
 90
       50
176
     1
 90
       50
176
     1
290
     0
176
     1
 90
       50
176
     1
 62
   256
176
     0
 40
1.0
176
     0
 90
        2
176
     1
  1
strokes_ogs.tif
176
     1
290
     0
176
     1
 40
1.0
176
     1
 40
1.0
176
     1
  0
VISUALSTYLE
  5
2A
102
{ACAD_REACTORS
330
29
102
}
330
29
100
AcDbVisualStyle
  2
Flat
 70
     0
177
     3
291
     1
 70
    58
 90
        2
176
     1
 90
        1
176
     1
 90
        1
176
     1
 90
        2
176
     1
 40
0.6
176
     1
 40
30.0
176
     1
 62
     7
420
 16777215
176
     1
 90
        0
176
     1
 90
        0
176
     1
 62
     7
176
     1
 62
   257
176
     1
 90
        1
176
     1
 90
        1
176
     1
 40
1.0
176
     1
 90
        8
176
     1
 62
     7
176
     1
 40
1.0
176
     1
 90
        1
176
     1
 90
        6
176
     1
 90
        2
176
     1
 62
     7
176
     1
 90
        5
176
     1
 90
        0
176
     1
 90
        0
176
     1
290
     0
176
     1
 90
       13
176
     1
 40
0.0
176
     1
 90
        0
176
     1
290
     0
176
     1
290
     1
176
     1
290
     1
176
     1
290
     0
176
     1
290
     0
176
     1
290
     0
176
     1
290
     0
176
     1
290
     0
176
     1
290
     0
176
     1
 90
       50
176
     1
 40
0.0
176
     1
 40
1.0
176
     1
 90
        0
176
     1
 62
    18
420
        0
176
     1
 90
       50
176
     1
 90
        3
176
     1
 62
     5
420
      255
176
     1
290
     0
176
     1
 90
       50
176
     1
 90
       50
176
     1
 90
       50
176
     1
290
     0
176
     1
 90
       50
176
     1
 62
   256
176
     0
 40
1.0
176
     0
 90
        2
176
     1
  1
strokes_ogs.tif
176
     1
290
     0
176
     1
 40
1.0
176
     1
 40
1.0
176
     1
  0
VISUALSTYLE
  5
2B
102
{ACAD_REACTORS
330
29
102
}
330
29
100
AcDbVisualStyle
  2
FlatWithEdges
 70
     1
177
     3
291
     1
 70
    58
 90
        2
176
     1
 90
        1
176
     1
 90
        1
176
     1
 90
        2
176
     1
 40
0.6
176
     1
 40
30.0
176
     1
 62
     7
420
 16777215
176
     1
 90
        1
176
     1
 90
        0
176
     1
 62
     7
176
     1
 62
   257
176
     1
 90
        1
176
     1
 90
        1
176
     1
 40
1.0
176
     1
 90
        0
176
     1
 62
   257
176
     1
 40
1.0
176
     1
 90
        1
176
     1
 90
        6
176
     1
 90
        2
176
     1
 62
     7
176
     1
 90
        5
176
     1
 90
        0
176
     1
 90
        0
176
     1
290
     0
176
     1
 90
       13
176
     1
 40
0.0
176
     1
 90
        0
176
     1
290
     0
176
     1
290
     1
176
     1
290
     1
176
     1
290
     0
176
     1
290
     0
176
     1
290
     0
176
     1
290
     0
176
     1
290
     0
176
     1
290
     0
176
     1
 90
       50
176
     1
 40
0.0
176
     1
 40
1.0
176
     1
 90
        0
176
     1
 62
    18
420
        0
176
     1
 90
       50
176
     1
 90
        3
176
     1
 62
     5
420
      255
176
     1
290
     0
176
     1
 90
       50
176
     1
 90
       50
176
     1
 90
       50
176
     1
290
     0
176
     1
 90
       50
176
     1
 62
   256
176
     0
 40
1.0
176
     0
 90
        2
176
     1
  1
strokes_ogs.tif
176
     1
290
     0
176
     1
 40
1.0
176
     1
 40
1.0
176
     1
  0
VISUALSTYLE
  5
2C
102
{ACAD_REACTORS
330
29
102
}
330
29
100
AcDbVisualStyle
  2
Gouraud
 70
     2
177
     3
291
     1
 70
    58
 90
        2
176
     1
 90
        2
176
     1
 90
        1
176
     1
 90
        2
176
     1
 40
0.6
176
     1
 40
30.0
176
     1
 62
     7
420
 16777215
176
     1
 90
        0
176
     1
 90
        0
176
     1
 62
     7
176
     1
 62
   257
176
     1
 90
        1
176
     1
 90
        1
176
     1
 40
1.0
176
     1
 90
        0
176
     1
 62
     7
176
     1
 40
1.0
176
     1
 90
        1
176
     1
 90
        6
176
     1
 90
        2
176
     1
 62
     7
176
     1
 90
        5
176
     1
 90
        0
176
     1
 90
        0
176
     1
290
     0
176
     1
 90
       13
176
     1
 40
0.0
176
     1
 90
        0
176
     1
290
     0
176
     1
290
     1
176
     1
290
     1
176
     1
290
     0
176
     1
290
     0
176
     1
290
     0
176
     1
290
     0
176
     1
290
     0
176
     1
290
     0
176
     1
 90
       50
176
     1
 40
0.0
176
     1
 40
1.0
176
     1
 90
        0
176
     1
 62
    18
420
        0
176
     1
 90
       50
176
     1
 90
        3
176
     1
 62
     5
420
      255
176
     1
290
     0
176
     1
 90
       50
176
     1
 90
       50
176
     1
 90
       50
176
     1
290
     0
176
     1
 90
       50
176
     1
 62
   256
176
     0
 40
1.0
176
     0
 90
        2
176
     1
  1
strokes_ogs.tif
176
     1
290
     0
176
     1
 40
1.0
176
     1
 40
1.0
176
     1
  0
VISUALSTYLE
  5
2D
102
{ACAD_REACTORS
330
29
102
}
330
29
100
AcDbVisualStyle
  2
GouraudWithEdges
 70
     3
177
     3
291
     1
 70
    58
 90
        2
176
     1
 90
        2
176
     1
 90
        1
176
     1
 90
        2
176
     1
 40
0.6
176
     1
 40
30.0
176
     1
 62
     7
420
 16777215
176
     1
 90
        1
176
     1
 90
        0
176
     1
 62
     7
176
     1
 62
   257
176
     1
 90
        1
176
     1
 90
        1
176
     1
 40
1.0
176
     1
 90
        0
176
     1
 62
   257
176
     1
 40
1.0
176
     1
 90
        1
176
     1
 90
        6
176
     1
 90
        2
176
     1
 62
     7
176
     1
 90
        5
176
     1
 90
        0
176
     1
 90
        0
176
     1
290
     0
176
     1
 90
       13
176
     1
 40
0.0
176
     1
 90
        0
176
     1
290
     0
176
     1
290
     1
176
     1
290
     1
176
     1
290
     0
176
     1
290
     0
176
     1
290
     0
176
     1
290
     0
176
     1
290
     0
176
     1
290
     0
176
     1
 90
       50
176
     1
 40
0.0
176
     1
 40
1.0
176
     1
 90
        0
176
     1
 62
    18
420
        0
176
     1
 90
       50
176
     1
 90
        3
176
     1
 62
     5
420
      255
176
     1
290
     0
176
     1
 90
       50
176
     1
 90
       50
176
     1
 90
       50
176
     1
290
     0
176
     1
 90
       50
176
     1
 62
   256
176
     0
 40
1.0
176
     0
 90
        2
176
     1
  1
strokes_ogs.tif
176
     1
290
     0
176
     1
 40
1.0
176
     1
 40
1.0
176
     1
  0
VISUALSTYLE
  5
31
102
{ACAD_REACTORS
330
29
102
}
330
29
100
AcDbVisualStyle
  2
Hidden
 70
     6
177
     3
291
     0
 70
    58
 90
        1
176
     1
 90
        2
176
     1
 90
        2
176
     1
 90
        0
176
     1
 40
0.6
176
     1
 40
30.0
176
     1
 62
     7
420
 16777215
176
     1
 90
        2
176
     1
 90
        2
176
     1
 62
     7
176
     1
 62
   257
176
     1
 90
        2
176
     1
 90
        1
176
     1
 40
40.0
176
     1
 90
        0
176
     1
 62
   257
176
     1
 40
1.0
176
     1
 90
        1
176
     1
 90
        6
176
     1
 90
        2
176
     1
 62
     7
176
     1
 90
        3
176
     1
 90
        0
176
     1
 90
        0
176
     1
290
     0
176
     1
 90
        1
176
     1
 40
0.0
176
     1
 90
        0
176
     1
290
     0
176
     1
290
     1
176
     1
290
     1
176
     1
290
     0
176
     1
290
     0
176
     1
290
     0
176
     1
290
     0
176
     1
290
     0
176
     1
290
     0
176
     1
 90
       50
176
     1
 40
0.0
176
     1
 40
1.0
176
     1
 90
        0
176
     1
 62
    18
420
        0
176
     1
 90
       50
176
     1
 90
        3
176
     1
 62
     5
420
      255
176
     1
290
     0
176
     1
 90
       50
176
     1
 90
       50
176
     1
 90
       50
176
     1
290
     0
176
     1
 90
       50
176
     1
 62
   256
176
     0
 40
1.0
176
     0
 90
        2
176
     1
  1
strokes_ogs.tif
176
     1
290
     0
176
     1
 40
1.0
176
     1
 40
1.0
176
     1
  0
VISUALSTYLE
  5
3F
102
{ACAD_REACTORS
330
29
102
}
330
29
100
AcDbVisualStyle
  2
JitterOff
 70
    20
177
     3
291
     1
 70
    58
 90
        2
176
     0
 90
        2
176
     0
 90
        0
176
     0
 90
        0
176
     0
 40
0.6
176
     0
 40
30.0
176
     0
 62
     7
420
 16777215
176
     0
 90
        1
176
     0
 90
        4
176
     0
 62
     7
176
     0
 62
   257
176
     0
 90
        1
176
     0
 90
        1
176
     0
 40
1.0
176
     0
 90
       10
176
     2
 62
     7
176
     0
 40
1.0
176
     0
 90
        1
176
     0
 90
        6
176
     0
 90
        2
176
     0
 62
     7
176
     0
 90
        5
176
     0
 90
        0
176
     0
 90
        0
176
     0
290
     0
176
     0
 90
        1
176
     0
 40
0.0
176
     0
 90
        0
176
     0
290
     0
176
     0
290
     1
176
     0
290
     1
176
     0
290
     0
176
     0
290
     0
176
     0
290
     0
176
     0
290
     0
176
     0
290
     0
176
     0
290
     0
176
     0
 90
       50
176
     0
 40
0.0
176
     0
 40
1.0
176
     0
 90
        0
176
     0
 62
    18
420
        0
176
     0
 90
       50
176
     0
 90
        3
176
     0
 62
     5
420
      255
176
     0
290
     0
176
     0
 90
       50
176
     0
 90
       50
176
     0
 90
       50
176
     0
290
     0
176
     0
 90
       50
176
     0
 62
   256
176
     0
 40
1.0
176
     0
 90
        2
176
     0
  1
strokes_ogs.tif
176
     0
290
     0
176
     0
 40
1.0
176
     0
 40
1.0
176
     0
  0
VISUALSTYLE
  5
37
102
{ACAD_REACTORS
330
29
102
}
330
29
100
AcDbVisualStyle
  2
Linepattern
 70
    14
177
     3
291
     1
 70
    58
 90
        2
176
     1
 90
        2
176
     1
 90
        0
176
     1
 90
        0
176
     1
 40
0.6
176
     1
 40
30.0
176
     1
 62
     7
420
 16777215
176
     1
 90
        1
176
     1
 90
        4
176
     1
 62
     7
176
     1
 62
   257
176
     1
 90
        7
176
     1
 90
        7
176
     1
 40
1.0
176
     1
 90
        8
176
     1
 62
     7
176
     1
 40
1.0
176
     1
 90
        1
176
     1
 90
        6
176
     1
 90
        2
176
     1
 62
     7
176
     1
 90
        5
176
     1
 90
        0
176
     1
 90
        0
176
     1
290
     0
176
     1
 90
        1
176
     1
 40
0.0
176
     1
 90
        0
176
     1
290
     0
176
     1
290
     1
176
     1
290
     1
176
     1
290
     0
176
     1
290
     0
176
     1
290
     0
176
     1
290
     0
176
     1
290
     0
176
     1
290
     0
176
     1
 90
       50
176
     1
 40
0.0
176
     1
 40
1.0
176
     1
 90
        0
176
     1
 62
    18
420
        0
176
     1
 90
       50
176
     1
 90
        3
176
     1
 62
     5
420
      255
176
     1
290
     0
176
     1
 90
       50
176
     1
 90
       50
176
     1
 90
       50
176
     1
290
     0
176
     1
 90
       50
176
     1
 62
   256
176
     0
 40
1.0
176
     0
 90
        2
176
     1
  1
strokes_ogs.tif
176
     1
290
     0
176
     1
 40
1.0
176
     1
 40
1.0
176
     1
  0
VISUALSTYLE
  5
40
102
{ACAD_REACTORS
330
29
102
}
330
29
100
AcDbVisualStyle
  2
OverhangOff
 70
    21
177
     3
291
     1
 70
    58
 90
        2
176
     0
 90
        2
176
     0
 90
        0
176
     0
 90
        0
176
     0
 40
0.6
176
     0
 40
30.0
176
     0
 62
     7
420
 16777215
176
     0
 90
        1
176
     0
 90
        4
176
     0
 62
     7
176
     0
 62
   257
176
     0
 90
        1
176
     0
 90
        1
176
     0
 40
1.0
176
     0
 90
        9
176
     2
 62
     7
176
     0
 40
1.0
176
     0
 90
        1
176
     0
 90
        6
176
     0
 90
        2
176
     0
 62
     7
176
     0
 90
        5
176
     0
 90
        0
176
     0
 90
        0
176
     0
290
     0
176
     0
 90
        1
176
     0
 40
0.0
176
     0
 90
        0
176
     0
290
     0
176
     0
290
     1
176
     0
290
     1
176
     0
290
     0
176
     0
290
     0
176
     0
290
     0
176
     0
290
     0
176
     0
290
     0
176
     0
290
     0
176
     0
 90
       50
176
     0
 40
0.0
176
     0
 40
1.0
176
     0
 90
        0
176
     0
 62
    18
420
        0
176
     0
 90
       50
176
     0
 90
        3
176
     0
 62
     5
420
      255
176
     0
290
     0
176
     0
 90
       50
176
     0
 90
       50
176
     0
 90
       50
176
     0
290
     0
176
     0
 90
       50
176
     0
 62
   256
176
     0
 40
1.0
176
     0
 90
        2
176
     0
  1
strokes_ogs.tif
176
     0
290
     0
176
     0
 40
1.0
176
     0
 40
1.0
176
     0
  0
VISUALSTYLE
  5
33
102
{ACAD_REACTORS
330
29
102
}
330
29
100
AcDbVisualStyle
  2
Realistic
 70
     8
177
     3
291
     0
 70
    58
 90
        2
176
     1
 90
        3
176
     1
 90
        0
176
     1
 90
        2
176
     1
 40
0.6
176
     1
 40
30.0
176
     1
 62
     7
420
 16777215
176
     1
 90
        0
176
     1
 90
        0
176
     1
 62
     7
176
     1
 62
   257
176
     1
 90
        1
176
     1
 90
        1
176
     1
 40
1.0
176
     1
 90
        8
176
     1
 62
   257
176
     1
 40
1.0
176
     1
 90
        1
176
     1
 90
        6
176
     1
 90
        2
176
     1
 62
     7
176
     1
 90
        3
176
     1
 90
        0
176
     1
 90
        0
176
     1
290
     0
176
     1
 90
       13
176
     1
 40
0.0
176
     1
 90
        0
176
     1
290
     0
176
     1
290
     1
176
     1
290
     1
176
     1
290
     0
176
     1
290
     0
176
     1
290
     0
176
     1
290
     0
176
     1
290
     0
176
     1
290
     0
176
     1
 90
       50
176
     1
 40
0.0
176
     1
 40
1.0
176
     1
 90
        0
176
     1
 62
    18
420
        0
176
     1
 90
       50
176
     1
 90
        3
176
     1
 62
     5
420
      255
176
     1
290
     0
176
     1
 90
       50
176
     1
 90
       50
176
     1
 90
       50
176
     1
290
     0
176
     1
 90
       50
176
     1
 62
   256
176
     0
 40
1.0
176
     0
 90
        2
176
     1
  1
strokes_ogs.tif
176
     1
290
     0
176
     1
 40
1.0
176
     1
 40
1.0
176
     1
  0
VISUALSTYLE
  5
3E
102
{ACAD_REACTORS
330
29
102
}
330
29
100
AcDbVisualStyle
  2
Shaded
 70
    27
177
     3
291
     0
 70
    58
 90
        2
176
     1
 90
        2
176
     1
 90
        1
176
     1
 90
        2
176
     1
 40
0.6
176
     1
 40
30.0
176
     1
 62
     7
420
 16777215
176
     1
 90
        0
176
     1
 90
        4
176
     1
 62
     7
176
     1
 62
   257
176
     1
 90
        1
176
     1
 90
        1
176
     1
 40
1.0
176
     1
 90
        8
176
     1
 62
   257
176
     1
 40
1.0
176
     1
 90
        1
176
     1
 90
        6
176
     1
 90
        2
176
     1
 62
     8
420
  7895160
176
     1
 90
        3
176
     1
 90
        0
176
     1
 90
        0
176
     1
290
     0
176
     1
 90
        5
176
     1
 40
0.0
176
     1
 90
        0
176
     1
290
     0
176
     1
290
     1
176
     1
290
     1
176
     1
290
     0
176
     1
290
     0
176
     1
290
     0
176
     1
290
     0
176
     1
290
     0
176
     1
290
     0
176
     1
 90
       50
176
     1
 40
0.0
176
     1
 40
1.0
176
     1
 90
        0
176
     1
 62
    18
420
        0
176
     1
 90
       50
176
     1
 90
        3
176
     1
 62
     5
420
      255
176
     1
290
     0
176
     1
 90
       50
176
     1
 90
       50
176
     1
 90
       50
176
     1
290
     0
176
     1
 90
       50
176
     1
 62
   256
176
     0
 40
1.0
176
     0
 90
        2
176
     1
  1
strokes_ogs.tif
176
     1
290
     0
176
     1
 40
1.0
176
     1
 40
1.0
176
     1
  0
VISUALSTYLE
  5
3D
102
{ACAD_REACTORS
330
29
102
}
330
29
100
AcDbVisualStyle
  2
Shaded with edges
 70
    26
177
     3
291
     0
 70
    58
 90
        2
176
     1
 90
        2
176
     1
 90
        1
176
     1
 90
        2
176
     1
 40
0.6
176
     1
 40
30.0
176
     1
 62
     7
420
 16777215
176
     1
 90
        1
176
     1
 90
        2
176
     1
 62
     7
176
     1
 62
   257
176
     1
 90
        2
176
     1
 90
        1
176
     1
 40
1.0
176
     1
 90
        8
176
     1
 62
   257
176
     1
 40
1.0
176
     1
 90
        1
176
     1
 90
        6
176
     1
 90
        2
176
     1
 62
     7
176
     1
 90
        3
176
     1
 90
        0
176
     1
 90
        0
176
     1
290
     0
176
     1
 90
        5
176
     1
 40
0.0
176
     1
 90
        0
176
     1
290
     0
176
     1
290
     1
176
     1
290
     1
176
     1
290
     0
176
     1
290
     0
176
     1
290
     0
176
     1
290
     0
176
     1
290
     0
176
     1
290
     0
176
     1
 90
       50
176
     1
 40
0.0
176
     1
 40
1.0
176
     1
 90
        0
176
     1
 62
    18
420
        0
176
     1
 90
       50
176
     1
 90
        3
176
     1
 62
     5
420
      255
176
     1
290
     0
176
     1
 90
       50
176
     1
 90
       50
176
     1
 90
       50
176
     1
290
     0
176
     1
 90
       50
176
     1
 62
   256
176
     0
 40
1.0
176
     0
 90
        2
176
     1
  1
strokes_ogs.tif
176
     1
290
     0
176
     1
 40
1.0
176
     1
 40
1.0
176
     1
  0
VISUALSTYLE
  5
3A
102
{ACAD_REACTORS
330
29
102
}
330
29
100
AcDbVisualStyle
  2
Shades of Gray
 70
    23
177
     3
291
     0
 70
    58
 90
        2
176
     1
 90
        2
176
     1
 90
        3
176
     1
 90
        0
176
     1
 40
0.6
176
     1
 40
30.0
176
     1
 62
     7
420
 16777215
176
     1
 90
        2
176
     1
 90
        2
176
     1
 62
     7
176
     1
 62
     7
176
     1
 90
        1
176
     1
 90
        1
176
     1
 40
40.0
176
     1
 90
        8
176
     1
 62
     7
176
     1
 40
1.0
176
     1
 90
        1
176
     1
 90
        6
176
     1
 90
        2
176
     1
 62
     7
176
     1
 90
        3
176
     1
 90
        0
176
     1
 90
        0
176
     1
290
     0
176
     1
 90
        1
176
     1
 40
0.0
176
     1
 90
        0
176
     1
290
     0
176
     1
290
     1
176
     1
290
     1
176
     1
290
     0
176
     1
290
     0
176
     1
290
     0
176
     1
290
     0
176
     1
290
     0
176
     1
290
     0
176
     1
 90
       50
176
     1
 40
0.0
176
     1
 40
1.0
176
     1
 90
        0
176
     1
 62
    18
420
        0
176
     1
 90
       50
176
     1
 90
        3
176
     1
 62
     5
420
      255
176
     1
290
     0
176
     1
 90
       50
176
     1
 90
       50
176
     1
 90
       50
176
     1
290
     0
176
     1
 90
       50
176
     1
 62
   256
176
     0
 40
1.0
176
     0
 90
        2
176
     1
  1
strokes_ogs.tif
176
     1
290
     0
176
     1
 40
1.0
176
     1
 40
1.0
176
     1
  0
VISUALSTYLE
  5
3B
102
{ACAD_REACTORS
330
29
102
}
330
29
100
AcDbVisualStyle
  2
Sketchy
 70
    24
177
     3
291
     0
 70
    58
 90
        1
176
     1
 90
        2
176
     1
 90
        2
176
     1
 90
        0
176
     1
 40
0.6
176
     1
 40
30.0
176
     1
 62
     7
420
 16777215
176
     1
 90
        2
176
     1
 90
        2
176
     1
 62
     7
176
     1
 62
     7
176
     1
 90
        1
176
     1
 90
        1
176
     1
 40
40.0
176
     1
 90
       11
176
     1
 62
     7
176
     1
 40
1.0
176
     1
 90
        1
176
     1
 90
        6
176
     1
 90
        2
176
     1
 62
     7
176
     1
 90
        6
176
     1
 90
        0
176
     1
 90
        0
176
     1
290
     0
176
     1
 90
        1
176
     1
 40
0.0
176
     1
 90
        0
176
     1
290
     0
176
     1
290
     1
176
     1
290
     1
176
     1
290
     0
176
     1
290
     0
176
     1
290
     0
176
     1
290
     0
176
     1
290
     0
176
     1
290
     0
176
     1
 90
       50
176
     1
 40
0.0
176
     1
 40
1.0
176
     1
 90
        0
176
     1
 62
    18
420
        0
176
     1
 90
       50
176
     1
 90
        3
176
     1
 62
     5
420
      255
176
     1
290
     0
176
     1
 90
       50
176
     1
 90
       50
176
     1
 90
       50
176
     1
290
     0
176
     1
 90
       50
176
     1
 62
   256
176
     0
 40
1.0
176
     0
 90
        2
176
     1
  1
strokes_ogs.tif
176
     1
290
     0
176
     1
 40
1.0
176
     1
 40
1.0
176
     1
  0
VISUALSTYLE
  5
36
102
{ACAD_REACTORS
330
29
102
}
330
29
100
AcDbVisualStyle
  2
Thicken
 70
    13
177
     3
291
     1
 70
    58
 90
        2
176
     1
 90
        2
176
     1
 90
        0
176
     1
 90
        0
176
     1
 40
0.6
176
     1
 40
30.0
176
     1
 62
     7
420
 16777215
176
     1
 90
        1
176
     1
 90
        4
176
     1
 62
     7
176
     1
 62
   257
176
     1
 90
        1
176
     1
 90
        1
176
     1
 40
1.0
176
     1
 90
       12
176
     1
 62
     7
176
     1
 40
1.0
176
     1
 90
        1
176
     1
 90
        6
176
     1
 90
        2
176
     1
 62
     7
176
     1
 90
        5
176
     1
 90
        0
176
     1
 90
        0
176
     1
290
     0
176
     1
 90
        1
176
     1
 40
0.0
176
     1
 90
        0
176
     1
290
     0
176
     1
290
     1
176
     1
290
     1
176
     1
290
     0
176
     1
290
     0
176
     1
290
     0
176
     1
290
     0
176
     1
290
     0
176
     1
290
     0
176
     1
 90
       50
176
     1
 40
0.0
176
     1
 40
1.0
176
     1
 90
        0
176
     1
 62
    18
420
        0
176
     1
 90
       50
176
     1
 90
        3
176
     1
 62
     5
420
      255
176
     1
290
     0
176
     1
 90
       50
176
     1
 90
       50
176
     1
 90
       50
176
     1
290
     0
176
     1
 90
       50
176
     1
 62
   256
176
     0
 40
1.0
176
     0
 90
        2
176
     1
  1
strokes_ogs.tif
176
     1
290
     0
176
     1
 40
1.0
176
     1
 40
1.0
176
     1
  0
VISUALSTYLE
  5
30
102
{ACAD_REACTORS
330
29
102
}
330
29
100
AcDbVisualStyle
  2
Wireframe
 70
     5
177
     3
291
     0
 70
    58
 90
        0
176
     1
 90
        2
176
     1
 90
        0
176
     1
 90
        0
176
     1
 40
0.6
176
     1
 40
30.0
176
     1
 62
     7
420
 16777215
176
     1
 90
        1
176
     1
 90
        4
176
     1
 62
     7
176
     1
 62
   257
176
     1
 90
        1
176
     1
 90
        1
176
     1
 40
1.0
176
     1
 90
        0
176
     1
 62
   257
176
     1
 40
1.0
176
     1
 90
        1
176
     1
 90
        6
176
     1
 90
        2
176
     1
 62
     7
176
     1
 90
        3
176
     1
 90
        0
176
     1
 90
        0
176
     1
290
     0
176
     1
 90
        1
176
     1
 40
0.0
176
     1
 90
        0
176
     1
290
     0
176
     1
290
     1
176
     1
290
     1
176
     1
290
     0
176
     1
290
     0
176
     1
290
     0
176
     1
290
     0
176
     1
290
     0
176
     1
290
     0
176
     1
 90
       50
176
     1
 40
0.0
176
     1
 40
1.0
176
     1
 90
        0
176
     1
 62
    18
420
        0
176
     1
 90
       50
176
     1
 90
        3
176
     1
 62
     5
420
      255
176
     1
290
     0
176
     1
 90
       50
176
     1
 90
       50
176
     1
 90
       50
176
     1
290
     0
176
     1
 90
       50
176
     1
 62
   256
176
     0
 40
1.0
176
     0
 90
        2
176
     1
  1
strokes_ogs.tif
176
     1
290
     0
176
     1
 40
1.0
176
     1
 40
1.0
176
     1
  0
VISUALSTYLE
  5
3C
102
{ACAD_REACTORS
330
29
102
}
330
29
100
AcDbVisualStyle
  2
X-Ray
 70
    25
177
     3
291
     0
 70
    58
 90
        2
176
     1
 90
        2
176
     1
 90
        1
176
     1
 90
        1
176
     1
 40
0.5
176
     1
 40
30.0
176
     1
 62
     7
420
 16777215
176
     1
 90
        1
176
     1
 90
        0
176
     1
 62
     7
176
     1
 62
   257
176
     1
 90
        1
176
     1
 90
        1
176
     1
 40
1.0
176
     1
 90
        8
176
     1
 62
     7
176
     1
 40
1.0
176
     1
 90
        1
176
     1
 90
        6
176
     1
 90
        2
176
     1
 62
     7
176
     1
 90
        3
176
     1
 90
        0
176
     1
 90
        0
176
     1
290
     0
176
     1
 90
       13
176
     1
 40
0.0
176
     1
 90
        0
176
     1
290
     0
176
     1
290
     1
176
     1
290
     1
176
     1
290
     0
176
     1
290
     0
176
     1
290
     0
176
     1
290
     0
176
     1
290
     0
176
     1
290
     0
176
     1
 90
       50
176
     1
 40
0.0
176
     1
 40
1.0
176
     1
 90
        0
176
     1
 62
    18
420
        0
176
     1
 90
       50
176
     1
 90
        3
176
     1
 62
     5
420
      255
176
     1
290
     0
176
     1
 90
       50
176
     1
 90
       50
176
     1
 90
       50
176
     1
290
     0
176
     1
 90
       50
176
     1
 62
   256
176
     0
 40
1.0
176
     0
 90
        2
176
     1
  1
strokes_ogs.tif
176
     1
290
     0
176
     1
 40
1.0
176
     1
 40
1.0
176
     1
  0
DICTIONARYVAR
  5
7D4
102
{ACAD_REACTORS
330
7CF
102
}
330
7CF
100
DictionaryVariables
280
     0
  1
1:1
  0
DICTIONARYVAR
  5
7D1
102
{ACAD_REACTORS
330
7CF
102
}
330
7CF
100
DictionaryVariables
280
     0
  1
STANDARD
  0
DICTIONARYVAR
  5
7D0
102
{ACAD_REACTORS
330
7CF
102
}
330
7CF
100
DictionaryVariables
280
     0
  1
STANDARD
  0
DICTIONARYVAR
  5
7D2
102
{ACAD_REACTORS
330
7CF
102
}
330
7CF
100
DictionaryVariables
280
     0
  1
Imperial24
  0
DICTIONARYVAR
  5
7D3
102
{ACAD_REACTORS
330
7CF
102
}
330
7CF
100
DictionaryVariables
280
     0
  1
Imperial24
  0
DICTIONARY
  5
1A
330
19
100
AcDbDictionary
280
     1
281
     1
  3
BUMPTILE
360
1C
  3
DIFFUSETILE
360
1B
  3
OPACITYTILE
360
1F
  3
REFLECTIONTILE
360
1E
  3
REFRACTIONTILE
360
20
  3
SPECULARTILE
360
1D
  0
DICTIONARY
  5
12
330
11
100
AcDbDictionary
280
     1
281
     1
  3
BUMPTILE
360
14
  3
DIFFUSETILE
360
13
  3
OPACITYTILE
360
17
  3
REFLECTIONTILE
360
16
  3
REFRACTIONTILE
360
18
  3
SPECULARTILE
360
15
  0
DICTIONARY
  5
22
330
21
100
AcDbDictionary
280
     1
281
     1
  3
BUMPTILE
360
24
  3
DIFFUSETILE
360
23
  3
OPACITYTILE
360
27
  3
REFLECTIONTILE
360
26
  3
REFRACTIONTILE
360
28
  3
SPECULARTILE
360
25
  0
DICTIONARY
  5
7D5
330
65
100
AcDbDictionary
280
     1
281
     1
  3
ACAD_ROUNDTRIP_2008_TABLESTYLE_CELLSTYLEMAP
360
7D6
  0
XRECORD
  5
1C
102
{ACAD_REACTORS
330
1A
102
}
330
1A
100
AcDbXrecord
280
     1
270
     1
271
     1
  0
XRECORD
  5
1B
102
{ACAD_REACTORS
330
1A
102
}
330
1A
100
AcDbXrecord
280
     1
270
     1
271
     1
  0
XRECORD
  5
1F
102
{ACAD_REACTORS
330
1A
102
}
330
1A
100
AcDbXrecord
280
     1
270
     1
271
     1
  0
XRECORD
  5
1E
102
{ACAD_REACTORS
330
1A
102
}
330
1A
100
AcDbXrecord
280
     1
270
     1
271
     1
  0
XRECORD
  5
20
102
{ACAD_REACTORS
330
1A
102
}
330
1A
100
AcDbXrecord
280
     1
270
     1
271
     1
  0
XRECORD
  5
1D
102
{ACAD_REACTORS
330
1A
102
}
330
1A
100
AcDbXrecord
280
     1
270
     1
271
     1
  0
XRECORD
  5
14
102
{ACAD_REACTORS
330
12
102
}
330
12
100
AcDbXrecord
280
     1
270
     1
271
     1
  0
XRECORD
  5
13
102
{ACAD_REACTORS
330
12
102
}
330
12
100
AcDbXrecord
280
     1
270
     1
271
     1
  0
XRECORD
  5
17
102
{ACAD_REACTORS
330
12
102
}
330
12
100
AcDbXrecord
280
     1
270
     1
271
     1
  0
XRECORD
  5
16
102
{ACAD_REACTORS
330
12
102
}
330
12
100
AcDbXrecord
280
     1
270
     1
271
     1
  0
XRECORD
  5
18
102
{ACAD_REACTORS
330
12
102
}
330
12
100
AcDbXrecord
280
     1
270
     1
271
     1
  0
XRECORD
  5
15
102
{ACAD_REACTORS
330
12
102
}
330
12
100
AcDbXrecord
280
     1
270
     1
271
     1
  0
XRECORD
  5
24
102
{ACAD_REACTORS
330
22
102
}
330
22
100
AcDbXrecord
280
     1
270
     1
271
     1
  0
XRECORD
  5
23
102
{ACAD_REACTORS
330
22
102
}
330
22
100
AcDbXrecord
280
     1
270
     1
271
     1
  0
XRECORD
  5
27
102
{ACAD_REACTORS
330
22
102
}
330
22
100
AcDbXrecord
280
     1
270
     1
271
     1
  0
XRECORD
  5
26
102
{ACAD_REACTORS
330
22
102
}
330
22
100
AcDbXrecord
280
     1
270
     1
271
     1
  0
XRECORD
  5
28
102
{ACAD_REACTORS
330
22
102
}
330
22
100
AcDbXrecord
280
     1
270
     1
271
     1
  0
XRECORD
  5
25
102
{ACAD_REACTORS
330
22
102
}
330
22
100
AcDbXrecord
280
     1
270
     1
271
     1
  0
CELLSTYLEMAP
  5
7D6
102
{ACAD_REACTORS
330
7D5
102
}
330
7D5
100
AcDbCellStyleMap
 90
        3
300
CELLSTYLE
  1
TABLEFORMAT_BEGIN
 90
        5
170
     1
 91
        0
 92
    32768
 62
   257
 93
        1
300
CONTENTFORMAT
  1
CONTENTFORMAT_BEGIN
 90
        0
 91
        0
 92
      512
 93
        0
300

 40
0.0
140
1.0
 94
        5
 62
     0
340
55
144
0.25
309
CONTENTFORMAT_END
171
     0
 94
        0
309
TABLEFORMAT_END
  1
CELLSTYLE_BEGIN
 90
        1
 91
        1
300
_TITLE
309
CELLSTYLE_END
300
CELLSTYLE
  1
TABLEFORMAT_BEGIN
 90
        5
170
     1
 91
        0
 92
        0
 62
   257
 93
        1
300
CONTENTFORMAT
  1
CONTENTFORMAT_BEGIN
 90
        0
 91
        0
 92
      512
 93
        0
300

 40
0.0
140
1.0
 94
        5
 62
     0
340
55
144
0.18
309
CONTENTFORMAT_END
171
     0
 94
        0
309
TABLEFORMAT_END
  1
CELLSTYLE_BEGIN
 90
        2
 91
        1
300
_HEADER
309
CELLSTYLE_END
300
CELLSTYLE
  1
TABLEFORMAT_BEGIN
 90
        5
170
     1
 91
        0
 92
        0
 62
   257
 93
        1
300
CONTENTFORMAT
  1
CONTENTFORMAT_BEGIN
 90
        0
 91
        0
 92
      512
 93
        0
300

 40
0.0
140
1.0
 94
        2
 62
     0
340
55
144
0.18
309
CONTENTFORMAT_END
171
     0
 94
        0
309
TABLEFORMAT_END
  1
CELLSTYLE_BEGIN
 90
        3
 91
        2
300
_DATA
309
CELLSTYLE_END
  0
ENDSEC
  0
EOF
