  0
SECTION
  2
HEADER
  9
$ACADVER
  1
AC1032
  9
$ACADMAINTVER
 90
      327
  9
$DWGCODEPAGE
  3
ANSI_1252
  9
$REQUIREDVERSIONS
160
                 0
  9
$INSBASE
 10
0.0
 20
0.0
 30
0.0
  9
$EXTMIN
 10
1.000000000000000E+20
 20
1.000000000000000E+20
 30
1.000000000000000E+20
  9
$EXTMAX
 10
-1.000000000000000E+20
 20
-1.000000000000000E+20
 30
-1.000000000000000E+20
  9
$LIMMIN
 10
0.0
 20
0.0
  9
$LIMMAX
 10
12.0
 20
9.0
  9
$ORTHOMODE
 70
     0
  9
$REGENMODE
 70
     1
  9
$FILLMODE
 70
     1
  9
$QTEXTMODE
 70
     0
  9
$MIRRTEXT
 70
     0
  9
$LTSCALE
 40
1.0
  9
$ATTMODE
 70
     1
  9
$TEXTSIZE
 40
0.2
  9
$TRACEWID
 40
0.05
  9
$TEXTSTYLE
  7
Standard
  9
$CLAYER
  8
0
  9
$CELTYPE
  6
ByLayer
  9
$CECOLOR
 62
   256
  9
$CELTSCALE
 40
1.0
  9
$DISPSILH
 70
     0
  9
$DIMSCALE
 40
1.0
  9
$DIMASZ
 40
0.18
  9
$DIMEXO
 40
0.0625
  9
$DIMDLI
 40
0.38
  9
$DIMRND
 40
0.0
  9
$DIMDLE
 40
0.0
  9
$DIMEXE
 40
0.18
  9
$DIMTP
 40
0.0
  9
$DIMTM
 40
0.0
  9
$DIMTXT
 40
0.18
  9
$DIMCEN
 40
0.09
  9
$DIMTSZ
 40
0.0
  9
$DIMTOL
 70
     0
  9
$DIMLIM
 70
     0
  9
$DIMTIH
 70
     1
  9
$DIMTOH
 70
     1
  9
$DIMSE1
 70
     0
  9
$DIMSE2
 70
     0
  9
$DIMTAD
 70
     0
  9
$DIMZIN
 70
     0
  9
$DIMBLK
  1

  9
$DIMASO
 70
     1
  9
$DIMSHO
 70
     1
  9
$DIMPOST
  1

  9
$DIMAPOST
  1

  9
$DIMALT
 70
     0
  9
$DIMALTD
 70
     2
  9
$DIMALTF
 40
25.4
  9
$DIMLFAC
 40
1.0
  9
$DIMTOFL
 70
     0
  9
$DIMTVP
 40
0.0
  9
$DIMTIX
 70
     0
  9
$DIMSOXD
 70
     0
  9
$DIMSAH
 70
     0
  9
$DIMBLK1
  1

  9
$DIMBLK2
  1

  9
$DIMSTYLE
  2
Standard
  9
$DIMCLRD
 70
     0
  9
$DIMCLRE
 70
     0
  9
$DIMCLRT
 70
     0
  9
$DIMTFAC
 40
1.0
  9
$DIMGAP
 40
0.09
  9
$DIMJUST
 70
     0
  9
$DIMSD1
 70
     0
  9
$DIMSD2
 70
     0
  9
$DIMTOLJ
 70
     1
  9
$DIMTZIN
 70
     0
  9
$DIMALTZ
 70
     0
  9
$DIMALTTZ
 70
     0
  9
$DIMUPT
 70
     0
  9
$DIMDEC
 70
     4
  9
$DIMTDEC
 70
     4
  9
$DIMALTU
 70
     2
  9
$DIMALTTD
 70
     2
  9
$DIMTXSTY
  7
Standard
  9
$DIMAUNIT
 70
     0
  9
$DIMADEC
 70
     0
  9
$DIMALTRND
 40
0.0
  9
$DIMAZIN
 70
     0
  9
$DIMDSEP
 70
    46
  9
$DIMATFIT
 70
     3
  9
$DIMFRAC
 70
     0
  9
$DIMLDRBLK
  1

  9
$DIMLUNIT
 70
     2
  9
$DIMLWD
 70
    -2
  9
$DIMLWE
 70
    -2
  9
$DIMTMOVE
 70
     0
  9
$DIMFXL
 40
1.0
  9
$DIMFXLON
 70
     0
  9
$DIMJOGANG
 40
0.7853981633974483
  9
$DIMTFILL
 70
     0
  9
$DIMTFILLCLR
 70
     0
  9
$DIMARCSYM
 70
     0
  9
$DIMLTYPE
  6

  9
$DIMLTEX1
  6

  9
$DIMLTEX2
  6

  9
$DIMTXTDIRECTION
 70
     0
  9
$LUNITS
 70
     2
  9
$LUPREC
 70
     4
  9
$SKETCHINC
 40
0.1
  9
$FILLETRAD
 40
0.0
  9
$AUNITS
 70
     0
  9
$AUPREC
 70
     0
  9
$MENU
  1
.
  9
$ELEVATION
 40
0.0
  9
$PELEVATION
 40
0.0
  9
$THICKNESS
 40
0.0
  9
$LIMCHECK
 70
     0
  9
$CHAMFERA
 40
0.0
  9
$CHAMFERB
 40
0.0
  9
$CHAMFERC
 40
0.0
  9
$CHAMFERD
 40
0.0
  9
$SKPOLY
 70
     0
  9
$TDCREATE
 40
2461251.895393519
  9
$TDUCREATE
 40
2461252.020393519
  9
$TDUPDATE
 40
2461251.895393519
  9
$TDUUPDATE
 40
2461252.020393519
  9
$TDINDWG
 40
0.0000000000
  9
$TDUSRTIMER
 40
0.0000000000
  9
$USRTIMER
 70
     1
  9
$ANGBASE
 50
0.0
  9
$ANGDIR
 70
     0
  9
$PDMODE
 70
     0
  9
$PDSIZE
 40
0.0
  9
$PLINEWID
 40
0.0
  9
$SPLFRAME
 70
     0
  9
$SPLINETYPE
 70
     6
  9
$SPLINESEGS
 70
     8
  9
$HANDSEED
  5
35C
  9
$SURFTAB1
 70
     6
  9
$SURFTAB2
 70
     6
  9
$SURFTYPE
 70
     6
  9
$SURFU
 70
     6
  9
$SURFV
 70
     6
  9
$UCSBASE
  2

  9
$UCSNAME
  2

  9
$UCSORG
 10
0.0
 20
0.0
 30
0.0
  9
$UCSXDIR
 10
1.0
 20
0.0
 30
0.0
  9
$UCSYDIR
 10
0.0
 20
1.0
 30
0.0
  9
$UCSORTHOREF
  2

  9
$UCSORTHOVIEW
 70
     0
  9
$UCSORGTOP
 10
0.0
 20
0.0
 30
0.0
  9
$UCSORGBOTTOM
 10
0.0
 20
0.0
 30
0.0
  9
$UCSORGLEFT
 10
0.0
 20
0.0
 30
0.0
  9
$UCSORGRIGHT
 10
0.0
 20
0.0
 30
0.0
  9
$UCSORGFRONT
 10
0.0
 20
0.0
 30
0.0
  9
$UCSORGBACK
 10
0.0
 20
0.0
 30
0.0
  9
$PUCSBASE
  2

  9
$PUCSNAME
  2

  9
$PUCSORG
 10
0.0
 20
0.0
 30
0.0
  9
$PUCSXDIR
 10
1.0
 20
0.0
 30
0.0
  9
$PUCSYDIR
 10
0.0
 20
1.0
 30
0.0
  9
$PUCSORTHOREF
  2

  9
$PUCSORTHOVIEW
 70
     0
  9
$PUCSORGTOP
 10
0.0
 20
0.0
 30
0.0
  9
$PUCSORGBOTTOM
 10
0.0
 20
0.0
 30
0.0
  9
$PUCSORGLEFT
 10
0.0
 20
0.0
 30
0.0
  9
$PUCSORGRIGHT
 10
0.0
 20
0.0
 30
0.0
  9
$PUCSORGFRONT
 10
0.0
 20
0.0
 30
0.0
  9
$PUCSORGBACK
 10
0.0
 20
0.0
 30
0.0
  9
$USERI1
 70
     0
  9
$USERI2
 70
     0
  9
$USERI3
 70
     0
  9
$USERI4
 70
     0
  9
$USERI5
 70
     0
  9
$USERR1
 40
0.0
  9
$USERR2
 40
0.0
  9
$USERR3
 40
0.0
  9
$USERR4
 40
0.0
  9
$USERR5
 40
0.0
  9
$WORLDVIEW
 70
     1
  9
$SHADEDGE
 70
     3
  9
$SHADEDIF
 70
    70
  9
$TILEMODE
 70
     1
  9
$MAXACTVP
 70
    64
  9
$PINSBASE
 10
0.0
 20
0.0
 30
0.0
  9
$PLIMCHECK
 70
     0
  9
$PEXTMIN
 10
1.000000000000000E+20
 20
1.000000000000000E+20
 30
1.000000000000000E+20
  9
$PEXTMAX
 10
-1.000000000000000E+20
 20
-1.000000000000000E+20
 30
-1.000000000000000E+20
  9
$PLIMMIN
 10
0.0
 20
0.0
  9
$PLIMMAX
 10
12.0
 20
9.0
  9
$UNITMODE
 70
     0
  9
$VISRETAIN
 70
     1
  9
$PLINEGEN
 70
     0
  9
$PSLTSCALE
 70
     1
  9
$TREEDEPTH
 70
  3020
  9
$CMLSTYLE
  2
Standard
  9
$CMLJUST
 70
     0
  9
$CMLSCALE
 40
1.0
  9
$PROXYGRAPHICS
 70
     1
  9
$MEASUREMENT
 70
     0
  9
$CELWEIGHT
370
    -1
  9
$ENDCAPS
280
     0
  9
$JOINSTYLE
280
     0
  9
$LWDISPLAY
290
     1
  9
$INSUNITS
 70
     4
  9
$HYPERLINKBASE
  1

  9
$STYLESHEET
  1

  9
$XEDIT
290
     1
  9
$CEPSNTYPE
380
     0
  9
$PSTYLEMODE
290
     1
  9
$FINGERPRINTGUID
  2
{8A835141-6601-964A-AB7A-01DDF2D912A3}
  9
$VERSIONGUID
  2
{025EC86A-2D20-B746-BD58-EE15E31A9FF6}
  9
$EXTNAMES
290
     1
  9
$PSVPSCALE
 40
0.0
  9
$OLESTARTUP
290
     0
  9
$SORTENTS
280
   127
  9
$INDEXCTL
280
     0
  9
$HIDETEXT
280
     1
  9
$XCLIPFRAME
280
     2
  9
$HALOGAP
280
     0
  9
$OBSCOLOR
 70
   257
  9
$OBSLTYPE
280
     0
  9
$INTERSECTIONDISPLAY
280
     0
  9
$INTERSECTIONCOLOR
 70
   257
  9
$DIMASSOC
280
     2
  9
$PROJECTNAME
  1

  9
$CAMERADISPLAY
290
     0
  9
$LENSLENGTH
 40
50.0
  9
$CAMERAHEIGHT
 40
0.0
  9
$STEPSPERSEC
 40
2.0
  9
$STEPSIZE
 40
6.0
  9
$3DDWFPREC
 40
2.0
  9
$PSOLWIDTH
 40
0.25
  9
$PSOLHEIGHT
 40
4.0
  9
$LOFTANG1
 40
1.570796326794896
  9
$LOFTANG2
 40
1.570796326794896
  9
$LOFTMAG1
 40
0.0
  9
$LOFTMAG2
 40
0.0
  9
$LOFTPARAM
 70
     7
  9
$LOFTNORMALS
280
     1
  9
$LATITUDE
 40
37.795
  9
$LONGITUDE
 40
-122.394
  9
$NORTHDIRECTION
 40
0.0
  9
$TIMEZONE
 70
 -8000
  9
$LIGHTGLYPHDISPLAY
280
     1
  9
$TILEMODELIGHTSYNCH
280
     1
  9
$CMATERIAL
347
11
  9
$SOLIDHIST
280
     0
  9
$SHOWHIST
280
     1
  9
$DWFFRAME
280
     2
  9
$DGNFRAME
280
     0
  9
$REALWORLDSCALE
290
     1
  9
$INTERFERECOLOR
 62
     1
  9
$INTERFEREOBJVS
345
33
  9
$INTERFEREVPVS
346
30
  9
$CSHADOW
280
     0
  9
$SHADOWPLANELOCATION
 40
0.0
  0
ENDSEC
  0
SECTION
  2
CLASSES
  0
CLASS
  1
ACDBDICTIONARYWDFLT
  2
AcDbDictionaryWithDefault
  3
ObjectDBX Classes
 90
        0
 91
        1
280
     0
281
     0
  0
CLASS
  1
MATERIAL
  2
AcDbMaterial
  3
ObjectDBX Classes
 90
     1153
 91
        3
280
     0
281
     0
  0
CLASS
  1
VISUALSTYLE
  2
AcDbVisualStyle
  3
ObjectDBX Classes
 90
     4095
 91
       24
280
     0
281
     0
  0
CLASS
  1
SCALE
  2
AcDbScale
  3
ObjectDBX Classes
 90
     1153
 91
       17
280
     0
281
     0
  0
CLASS
  1
TABLESTYLE
  2
AcDbTableStyle
  3
ObjectDBX Classes
 90
     4095
 91
        1
280
     0
281
     0
  0
CLASS
  1
MLEADERSTYLE
  2
AcDbMLeaderStyle
  3
ACDB_MLEADERSTYLE_CLASS
 90
     4095
 91
        1
280
     0
281
     0
  0
CLASS
  1
ACDBSECTIONVIEWSTYLE
  2
AcDbSectionViewStyle
  3
ObjectDBX Classes
 90
     1025
 91
        1
280
     0
281
     0
  0
CLASS
  1
ACDBDETAILVIEWSTYLE
  2
AcDbDetailViewStyle
  3
ObjectDBX Classes
 90
     1025
 91
        1
280
     0
281
     0
  0
CLASS
  1
DICTIONARYVAR
  2
AcDbDictionaryVar
  3
ObjectDBX Classes
 90
        0
 91
        5
280
     0
281
     0
  0
CLASS
  1
CELLSTYLEMAP
  2
AcDbCellStyleMap
  3
ObjectDBX Classes
 90
     1152
 91
        1
280
     0
281
     0
  0
ENDSEC
  0
SECTION
  2
TABLES
  0
TABLE
  2
VPORT
  5
8
330
0
100
AcDbSymbolTable
 70
     1
  0
VPORT
  5
57
330
8
100
AcDbSymbolTableRecord
100
AcDbViewportTableRecord
  2
*Active
 70
     0
 10
0.0
 20
0.0
 11
1.0
 21
1.0
 12
0.0
 22
0.0
 13
0.0
 23
0.0
 14
1.0
 24
1.0
 15
0.0
 25
0.0
 16
0.0
 26
0.0
 36
1.0
 17
252.9248676616355
 27
184.5756619573876
 37
0.0
 40
1001.95895341132
 41
3.456402147721113
 42
50.0
 43
0.0
 44
0.0
 50
0.0
 51
0.0
 71
     0
 72
   100
 73
     1
 74
     1
 75
     0
 76
     0
 77
     0
 78
     0
281
     0
 65
     1
110
0.0
120
0.0
130
0.0
111
1.0
121
0.0
131
0.0
112
0.0
122
1.0
132
0.0
 79
     0
146
0.0
 60
     3
 61
     5
292
     1
282
     1
141
0.0
142
0.0
 63
   250
421
  3355443
  0
ENDTAB
  0
TABLE
  2
LTYPE
  5
5
330
0
100
AcDbSymbolTable
 70
    65
  0
LTYPE
  5
5B
330
5
100
AcDbSymbolTableRecord
100
AcDbLinetypeTableRecord
  2
ByBlock
 70
     0
  3

 72
    65
 73
     0
 40
0.0
  0
LTYPE
  5
5C
330
5
100
AcDbSymbolTableRecord
100
AcDbLinetypeTableRecord
  2
ByLayer
 70
     0
  3

 72
    65
 73
     0
 40
0.0
  0
LTYPE
  5
5D
330
5
100
AcDbSymbolTableRecord
100
AcDbLinetypeTableRecord
  2
Continuous
 70
     0
  3
Solid line
 72
    65
 73
     0
 40
0.0
  0
LTYPE
  5
91
330
5
100
AcDbSymbolTableRecord
100
AcDbLinetypeTableRecord
  2
AI-Linetype-0
 70
     0
  3
Adobe Illustrator Linetype No. 0
 72
    65
 73
     2
 40
1.781250033330652
 49
1.187500022220435
 74
     0
 49
-0.5937500111102177
 74
     0
  0
LTYPE
  5
93
330
5
100
AcDbSymbolTableRecord
100
AcDbLinetypeTableRecord
  2
AI-Linetype-1
 70
     0
  3
Adobe Illustrator Linetype No. 1
 72
    65
 73
     2
 40
1.781250033330652
 49
1.187500022220435
 74
     0
 49
-0.5937500111102177
 74
     0
  0
LTYPE
  5
97
330
5
100
AcDbSymbolTableRecord
100
AcDbLinetypeTableRecord
  2
AI-Linetype-2
 70
     0
  3
Adobe Illustrator Linetype No. 2
 72
    65
 73
     2
 40
1.781250033330652
 49
1.187500022220435
 74
     0
 49
-0.5937500111102177
 74
     0
  0
LTYPE
  5
9B
330
5
100
AcDbSymbolTableRecord
100
AcDbLinetypeTableRecord
  2
AI-Linetype-3
 70
     0
  3
Adobe Illustrator Linetype No. 3
 72
    65
 73
     2
 40
1.781250033330652
 49
1.187500022220435
 74
     0
 49
-0.5937500111102177
 74
     0
  0
LTYPE
  5
BB
330
5
100
AcDbSymbolTableRecord
100
AcDbLinetypeTableRecord
  2
AI-Linetype-4
 70
     0
  3
Adobe Illustrator Linetype No. 4
 72
    65
 73
     2
 40
1.781250033330652
 49
1.187500022220435
 74
     0
 49
-0.5937500111102177
 74
     0
  0
LTYPE
  5
BF
330
5
100
AcDbSymbolTableRecord
100
AcDbLinetypeTableRecord
  2
AI-Linetype-5
 70
     0
  3
Adobe Illustrator Linetype No. 5
 72
    65
 73
     2
 40
1.781250033330652
 49
1.187500022220435
 74
     0
 49
-0.5937500111102177
 74
     0
  0
LTYPE
  5
CE
330
5
100
AcDbSymbolTableRecord
100
AcDbLinetypeTableRecord
  2
AI-Linetype-6
 70
     0
  3
Adobe Illustrator Linetype No. 6
 72
    65
 73
     2
 40
1.781250033330652
 49
1.187500022220435
 74
     0
 49
-0.5937500111102177
 74
     0
  0
LTYPE
  5
D0
330
5
100
AcDbSymbolTableRecord
100
AcDbLinetypeTableRecord
  2
AI-Linetype-7
 70
     0
  3
Adobe Illustrator Linetype No. 7
 72
    65
 73
     2
 40
1.781250033330652
 49
1.187500022220435
 74
     0
 49
-0.5937500111102177
 74
     0
  0
LTYPE
  5
D2
330
5
100
AcDbSymbolTableRecord
100
AcDbLinetypeTableRecord
  2
AI-Linetype-8
 70
     0
  3
Adobe Illustrator Linetype No. 8
 72
    65
 73
     2
 40
1.781250033330652
 49
1.187500022220435
 74
     0
 49
-0.5937500111102177
 74
     0
  0
LTYPE
  5
D4
330
5
100
AcDbSymbolTableRecord
100
AcDbLinetypeTableRecord
  2
AI-Linetype-9
 70
     0
  3
Adobe Illustrator Linetype No. 9
 72
    65
 73
     2
 40
1.781250033330652
 49
1.187500022220435
 74
     0
 49
-0.5937500111102177
 74
     0
  0
LTYPE
  5
D6
330
5
100
AcDbSymbolTableRecord
100
AcDbLinetypeTableRecord
  2
AI-Linetype-10
 70
     0
  3
Adobe Illustrator Linetype No. 10
 72
    65
 73
     2
 40
1.781250033330652
 49
1.187500022220435
 74
     0
 49
-0.5937500111102177
 74
     0
  0
LTYPE
  5
D8
330
5
100
AcDbSymbolTableRecord
100
AcDbLinetypeTableRecord
  2
AI-Linetype-11
 70
     0
  3
Adobe Illustrator Linetype No. 11
 72
    65
 73
     2
 40
1.781250033330652
 49
1.187500022220435
 74
     0
 49
-0.5937500111102177
 74
     0
  0
LTYPE
  5
E6
330
5
100
AcDbSymbolTableRecord
100
AcDbLinetypeTableRecord
  2
AI-Linetype-12
 70
     0
  3
Adobe Illustrator Linetype No. 12
 72
    65
 73
     2
 40
1.781250033330652
 49
1.187500022220435
 74
     0
 49
-0.5937500111102177
 74
     0
  0
LTYPE
  5
E8
330
5
100
AcDbSymbolTableRecord
100
AcDbLinetypeTableRecord
  2
AI-Linetype-13
 70
     0
  3
Adobe Illustrator Linetype No. 13
 72
    65
 73
     2
 40
1.781250033330652
 49
1.187500022220435
 74
     0
 49
-0.5937500111102177
 74
     0
  0
LTYPE
  5
EA
330
5
100
AcDbSymbolTableRecord
100
AcDbLinetypeTableRecord
  2
AI-Linetype-14
 70
     0
  3
Adobe Illustrator Linetype No. 14
 72
    65
 73
     2
 40
1.781250033330652
 49
1.187500022220435
 74
     0
 49
-0.5937500111102177
 74
     0
  0
LTYPE
  5
EC
330
5
100
AcDbSymbolTableRecord
100
AcDbLinetypeTableRecord
  2
AI-Linetype-15
 70
     0
  3
Adobe Illustrator Linetype No. 15
 72
    65
 73
     2
 40
1.781250033330652
 49
1.187500022220435
 74
     0
 49
-0.5937500111102177
 74
     0
  0
LTYPE
  5
EE
330
5
100
AcDbSymbolTableRecord
100
AcDbLinetypeTableRecord
  2
AI-Linetype-16
 70
     0
  3
Adobe Illustrator Linetype No. 16
 72
    65
 73
     2
 40
1.781250033330652
 49
1.187500022220435
 74
     0
 49
-0.5937500111102177
 74
     0
  0
LTYPE
  5
F0
330
5
100
AcDbSymbolTableRecord
100
AcDbLinetypeTableRecord
  2
AI-Linetype-17
 70
     0
  3
Adobe Illustrator Linetype No. 17
 72
    65
 73
     2
 40
1.781250033330652
 49
1.187500022220435
 74
     0
 49
-0.5937500111102177
 74
     0
  0
LTYPE
  5
194
330
5
100
AcDbSymbolTableRecord
100
AcDbLinetypeTableRecord
  2
AI-Linetype-18
 70
     0
  3
Adobe Illustrator Linetype No. 18
 72
    65
 73
     2
 40
17.81250083795919
 49
11.87500055863946
 74
     0
 49
-5.937500279319729
 74
     0
  0
LTYPE
  5
196
330
5
100
AcDbSymbolTableRecord
100
AcDbLinetypeTableRecord
  2
AI-Linetype-19
 70
     0
  3
Adobe Illustrator Linetype No. 19
 72
    65
 73
     2
 40
17.81250083795919
 49
11.87500055863946
 74
     0
 49
-5.937500279319729
 74
     0
  0
LTYPE
  5
1A2
330
5
100
AcDbSymbolTableRecord
100
AcDbLinetypeTableRecord
  2
AI-Linetype-20
 70
     0
  3
Adobe Illustrator Linetype No. 20
 72
    65
 73
     2
 40
17.81250083795919
 49
11.87500055863946
 74
     0
 49
-5.937500279319729
 74
     0
  0
LTYPE
  5
1A4
330
5
100
AcDbSymbolTableRecord
100
AcDbLinetypeTableRecord
  2
AI-Linetype-21
 70
     0
  3
Adobe Illustrator Linetype No. 21
 72
    65
 73
     2
 40
17.81250083795919
 49
11.87500055863946
 74
     0
 49
-5.937500279319729
 74
     0
  0
LTYPE
  5
1A6
330
5
100
AcDbSymbolTableRecord
100
AcDbLinetypeTableRecord
  2
AI-Linetype-22
 70
     0
  3
Adobe Illustrator Linetype No. 22
 72
    65
 73
     2
 40
17.81250083795919
 49
11.87500055863946
 74
     0
 49
-5.937500279319729
 74
     0
  0
LTYPE
  5
1A8
330
5
100
AcDbSymbolTableRecord
100
AcDbLinetypeTableRecord
  2
AI-Linetype-23
 70
     0
  3
Adobe Illustrator Linetype No. 23
 72
    65
 73
     2
 40
17.81250083795919
 49
11.87500055863946
 74
     0
 49
-5.937500279319729
 74
     0
  0
LTYPE
  5
1AA
330
5
100
AcDbSymbolTableRecord
100
AcDbLinetypeTableRecord
  2
AI-Linetype-24
 70
     0
  3
Adobe Illustrator Linetype No. 24
 72
    65
 73
     2
 40
17.81250083795919
 49
11.87500055863946
 74
     0
 49
-5.937500279319729
 74
     0
  0
LTYPE
  5
1AC
330
5
100
AcDbSymbolTableRecord
100
AcDbLinetypeTableRecord
  2
AI-Linetype-25
 70
     0
  3
Adobe Illustrator Linetype No. 25
 72
    65
 73
     2
 40
17.81250083795919
 49
11.87500055863946
 74
     0
 49
-5.937500279319729
 74
     0
  0
LTYPE
  5
1AE
330
5
100
AcDbSymbolTableRecord
100
AcDbLinetypeTableRecord
  2
AI-Linetype-26
 70
     0
  3
Adobe Illustrator Linetype No. 26
 72
    65
 73
     2
 40
17.81250083795919
 49
11.87500055863946
 74
     0
 49
-5.937500279319729
 74
     0
  0
LTYPE
  5
1B0
330
5
100
AcDbSymbolTableRecord
100
AcDbLinetypeTableRecord
  2
AI-Linetype-27
 70
     0
  3
Adobe Illustrator Linetype No. 27
 72
    65
 73
     2
 40
17.81250083795919
 49
11.87500055863946
 74
     0
 49
-5.937500279319729
 74
     0
  0
LTYPE
  5
1B2
330
5
100
AcDbSymbolTableRecord
100
AcDbLinetypeTableRecord
  2
AI-Linetype-28
 70
     0
  3
Adobe Illustrator Linetype No. 28
 72
    65
 73
     2
 40
17.81250083795919
 49
11.87500055863946
 74
     0
 49
-5.937500279319729
 74
     0
  0
LTYPE
  5
1DC
330
5
100
AcDbSymbolTableRecord
100
AcDbLinetypeTableRecord
  2
AI-Linetype-29
 70
     0
  3
Adobe Illustrator Linetype No. 29
 72
    65
 73
     2
 40
356.2499925358561
 49
237.4999950239041
 74
     0
 49
-118.749997511952
 74
     0
  0
LTYPE
  5
1E0
330
5
100
AcDbSymbolTableRecord
100
AcDbLinetypeTableRecord
  2
AI-Linetype-30
 70
     0
  3
Adobe Illustrator Linetype No. 30
 72
    65
 73
     2
 40
356.2499925358561
 49
237.4999950239041
 74
     0
 49
-118.749997511952
 74
     0
  0
LTYPE
  5
1F5
330
5
100
AcDbSymbolTableRecord
100
AcDbLinetypeTableRecord
  2
AI-Linetype-31
 70
     0
  3
Adobe Illustrator Linetype No. 31
 72
    65
 73
     2
 40
17.81250083795919
 49
11.87500055863946
 74
     0
 49
-5.937500279319729
 74
     0
  0
LTYPE
  5
1F7
330
5
100
AcDbSymbolTableRecord
100
AcDbLinetypeTableRecord
  2
AI-Linetype-32
 70
     0
  3
Adobe Illustrator Linetype No. 32
 72
    65
 73
     2
 40
17.81250083795919
 49
11.87500055863946
 74
     0
 49
-5.937500279319729
 74
     0
  0
LTYPE
  5
203
330
5
100
AcDbSymbolTableRecord
100
AcDbLinetypeTableRecord
  2
AI-Linetype-33
 70
     0
  3
Adobe Illustrator Linetype No. 33
 72
    65
 73
     2
 40
17.81250083795919
 49
11.87500055863946
 74
     0
 49
-5.937500279319729
 74
     0
  0
LTYPE
  5
205
330
5
100
AcDbSymbolTableRecord
100
AcDbLinetypeTableRecord
  2
AI-Linetype-34
 70
     0
  3
Adobe Illustrator Linetype No. 34
 72
    65
 73
     2
 40
17.81250083795919
 49
11.87500055863946
 74
     0
 49
-5.937500279319729
 74
     0
  0
LTYPE
  5
207
330
5
100
AcDbSymbolTableRecord
100
AcDbLinetypeTableRecord
  2
AI-Linetype-35
 70
     0
  3
Adobe Illustrator Linetype No. 35
 72
    65
 73
     2
 40
17.81250083795919
 49
11.87500055863946
 74
     0
 49
-5.937500279319729
 74
     0
  0
LTYPE
  5
209
330
5
100
AcDbSymbolTableRecord
100
AcDbLinetypeTableRecord
  2
AI-Linetype-36
 70
     0
  3
Adobe Illustrator Linetype No. 36
 72
    65
 73
     2
 40
17.81250083795919
 49
11.87500055863946
 74
     0
 49
-5.937500279319729
 74
     0
  0
LTYPE
  5
20B
330
5
100
AcDbSymbolTableRecord
100
AcDbLinetypeTableRecord
  2
AI-Linetype-37
 70
     0
  3
Adobe Illustrator Linetype No. 37
 72
    65
 73
     2
 40
17.81250083795919
 49
11.87500055863946
 74
     0
 49
-5.937500279319729
 74
     0
  0
LTYPE
  5
20D
330
5
100
AcDbSymbolTableRecord
100
AcDbLinetypeTableRecord
  2
AI-Linetype-38
 70
     0
  3
Adobe Illustrator Linetype No. 38
 72
    65
 73
     2
 40
17.81250083795919
 49
11.87500055863946
 74
     0
 49
-5.937500279319729
 74
     0
  0
LTYPE
  5
20F
330
5
100
AcDbSymbolTableRecord
100
AcDbLinetypeTableRecord
  2
AI-Linetype-39
 70
     0
  3
Adobe Illustrator Linetype No. 39
 72
    65
 73
     2
 40
17.81250083795919
 49
11.87500055863946
 74
     0
 49
-5.937500279319729
 74
     0
  0
LTYPE
  5
211
330
5
100
AcDbSymbolTableRecord
100
AcDbLinetypeTableRecord
  2
AI-Linetype-40
 70
     0
  3
Adobe Illustrator Linetype No. 40
 72
    65
 73
     2
 40
17.81250083795919
 49
11.87500055863946
 74
     0
 49
-5.937500279319729
 74
     0
  0
LTYPE
  5
213
330
5
100
AcDbSymbolTableRecord
100
AcDbLinetypeTableRecord
  2
AI-Linetype-41
 70
     0
  3
Adobe Illustrator Linetype No. 41
 72
    65
 73
     2
 40
17.81250083795919
 49
11.87500055863946
 74
     0
 49
-5.937500279319729
 74
     0
  0
LTYPE
  5
230
330
5
100
AcDbSymbolTableRecord
100
AcDbLinetypeTableRecord
  2
AI-Linetype-42
 70
     0
  3
Adobe Illustrator Linetype No. 42
 72
    65
 73
     2
 40
17.81250083795919
 49
11.87500055863946
 74
     0
 49
-5.937500279319729
 74
     0
  0
LTYPE
  5
232
330
5
100
AcDbSymbolTableRecord
100
AcDbLinetypeTableRecord
  2
AI-Linetype-43
 70
     0
  3
Adobe Illustrator Linetype No. 43
 72
    65
 73
     2
 40
17.81250083795919
 49
11.87500055863946
 74
     0
 49
-5.937500279319729
 74
     0
  0
LTYPE
  5
23E
330
5
100
AcDbSymbolTableRecord
100
AcDbLinetypeTableRecord
  2
AI-Linetype-44
 70
     0
  3
Adobe Illustrator Linetype No. 44
 72
    65
 73
     2
 40
17.81250083795919
 49
11.87500055863946
 74
     0
 49
-5.937500279319729
 74
     0
  0
LTYPE
  5
240
330
5
100
AcDbSymbolTableRecord
100
AcDbLinetypeTableRecord
  2
AI-Linetype-45
 70
     0
  3
Adobe Illustrator Linetype No. 45
 72
    65
 73
     2
 40
17.81250083795919
 49
11.87500055863946
 74
     0
 49
-5.937500279319729
 74
     0
  0
LTYPE
  5
242
330
5
100
AcDbSymbolTableRecord
100
AcDbLinetypeTableRecord
  2
AI-Linetype-46
 70
     0
  3
Adobe Illustrator Linetype No. 46
 72
    65
 73
     2
 40
17.81250083795919
 49
11.87500055863946
 74
     0
 49
-5.937500279319729
 74
     0
  0
LTYPE
  5
244
330
5
100
AcDbSymbolTableRecord
100
AcDbLinetypeTableRecord
  2
AI-Linetype-47
 70
     0
  3
Adobe Illustrator Linetype No. 47
 72
    65
 73
     2
 40
17.81250083795919
 49
11.87500055863946
 74
     0
 49
-5.937500279319729
 74
     0
  0
LTYPE
  5
246
330
5
100
AcDbSymbolTableRecord
100
AcDbLinetypeTableRecord
  2
AI-Linetype-48
 70
     0
  3
Adobe Illustrator Linetype No. 48
 72
    65
 73
     2
 40
17.81250083795919
 49
11.87500055863946
 74
     0
 49
-5.937500279319729
 74
     0
  0
LTYPE
  5
248
330
5
100
AcDbSymbolTableRecord
100
AcDbLinetypeTableRecord
  2
AI-Linetype-49
 70
     0
  3
Adobe Illustrator Linetype No. 49
 72
    65
 73
     2
 40
17.81250083795919
 49
11.87500055863946
 74
     0
 49
-5.937500279319729
 74
     0
  0
LTYPE
  5
24A
330
5
100
AcDbSymbolTableRecord
100
AcDbLinetypeTableRecord
  2
AI-Linetype-50
 70
     0
  3
Adobe Illustrator Linetype No. 50
 72
    65
 73
     2
 40
17.81250083795919
 49
11.87500055863946
 74
     0
 49
-5.937500279319729
 74
     0
  0
LTYPE
  5
24C
330
5
100
AcDbSymbolTableRecord
100
AcDbLinetypeTableRecord
  2
AI-Linetype-51
 70
     0
  3
Adobe Illustrator Linetype No. 51
 72
    65
 73
     2
 40
17.81250083795919
 49
11.87500055863946
 74
     0
 49
-5.937500279319729
 74
     0
  0
LTYPE
  5
24E
330
5
100
AcDbSymbolTableRecord
100
AcDbLinetypeTableRecord
  2
AI-Linetype-52
 70
     0
  3
Adobe Illustrator Linetype No. 52
 72
    65
 73
     2
 40
17.81250083795919
 49
11.87500055863946
 74
     0
 49
-5.937500279319729
 74
     0
  0
LTYPE
  5
265
330
5
100
AcDbSymbolTableRecord
100
AcDbLinetypeTableRecord
  2
AI-Linetype-53
 70
     0
  3
Adobe Illustrator Linetype No. 53
 72
    65
 73
     2
 40
17.81250083795919
 49
11.87500055863946
 74
     0
 49
-5.937500279319729
 74
     0
  0
LTYPE
  5
267
330
5
100
AcDbSymbolTableRecord
100
AcDbLinetypeTableRecord
  2
AI-Linetype-54
 70
     0
  3
Adobe Illustrator Linetype No. 54
 72
    65
 73
     2
 40
17.81250083795919
 49
11.87500055863946
 74
     0
 49
-5.937500279319729
 74
     0
  0
LTYPE
  5
273
330
5
100
AcDbSymbolTableRecord
100
AcDbLinetypeTableRecord
  2
AI-Linetype-55
 70
     0
  3
Adobe Illustrator Linetype No. 55
 72
    65
 73
     2
 40
17.81250083795919
 49
11.87500055863946
 74
     0
 49
-5.937500279319729
 74
     0
  0
LTYPE
  5
275
330
5
100
AcDbSymbolTableRecord
100
AcDbLinetypeTableRecord
  2
AI-Linetype-56
 70
     0
  3
Adobe Illustrator Linetype No. 56
 72
    65
 73
     2
 40
17.81250083795919
 49
11.87500055863946
 74
     0
 49
-5.937500279319729
 74
     0
  0
LTYPE
  5
277
330
5
100
AcDbSymbolTableRecord
100
AcDbLinetypeTableRecord
  2
AI-Linetype-57
 70
     0
  3
Adobe Illustrator Linetype No. 57
 72
    65
 73
     2
 40
17.81250083795919
 49
11.87500055863946
 74
     0
 49
-5.937500279319729
 74
     0
  0
LTYPE
  5
279
330
5
100
AcDbSymbolTableRecord
100
AcDbLinetypeTableRecord
  2
AI-Linetype-58
 70
     0
  3
Adobe Illustrator Linetype No. 58
 72
    65
 73
     2
 40
17.81250083795919
 49
11.87500055863946
 74
     0
 49
-5.937500279319729
 74
     0
  0
LTYPE
  5
27B
330
5
100
AcDbSymbolTableRecord
100
AcDbLinetypeTableRecord
  2
AI-Linetype-59
 70
     0
  3
Adobe Illustrator Linetype No. 59
 72
    65
 73
     2
 40
17.81250083795919
 49
11.87500055863946
 74
     0
 49
-5.937500279319729
 74
     0
  0
LTYPE
  5
27D
330
5
100
AcDbSymbolTableRecord
100
AcDbLinetypeTableRecord
  2
AI-Linetype-60
 70
     0
  3
Adobe Illustrator Linetype No. 60
 72
    65
 73
     2
 40
17.81250083795919
 49
11.87500055863946
 74
     0
 49
-5.937500279319729
 74
     0
  0
LTYPE
  5
27F
330
5
100
AcDbSymbolTableRecord
100
AcDbLinetypeTableRecord
  2
AI-Linetype-61
 70
     0
  3
Adobe Illustrator Linetype No. 61
 72
    65
 73
     2
 40
17.81250083795919
 49
11.87500055863946
 74
     0
 49
-5.937500279319729
 74
     0
  0
LTYPE
  5
281
330
5
100
AcDbSymbolTableRecord
100
AcDbLinetypeTableRecord
  2
AI-Linetype-62
 70
     0
  3
Adobe Illustrator Linetype No. 62
 72
    65
 73
     2
 40
17.81250083795919
 49
11.87500055863946
 74
     0
 49
-5.937500279319729
 74
     0
  0
LTYPE
  5
283
330
5
100
AcDbSymbolTableRecord
100
AcDbLinetypeTableRecord
  2
AI-Linetype-63
 70
     0
  3
Adobe Illustrator Linetype No. 63
 72
    65
 73
     2
 40
17.81250083795919
 49
11.87500055863946
 74
     0
 49
-5.937500279319729
 74
     0
  0
ENDTAB
  0
TABLE
  2
LAYER
  5
2
330
0
100
AcDbSymbolTable
 70
     3
  0
LAYER
  5
54
330
2
100
AcDbSymbolTableRecord
100
AcDbLayerTableRecord
  2
0
 70
     0
 62
     7
  6
Continuous
370
     0
390
F
347
21
348
0
  0
LAYER
  5
315
330
2
100
AcDbSymbolTableRecord
100
AcDbLayerTableRecord
  2
PDF15_Geometry
 70
     0
 62
     7
  6
Continuous
370
     0
390
F
347
21
348
0
  0
LAYER
  5
349
330
2
100
AcDbSymbolTableRecord
100
AcDbLayerTableRecord
  2
015
 70
     0
 62
     7
  6
Continuous
370
     0
390
F
347
21
348
0
  0
ENDTAB
  0
TABLE
  2
STYLE
  5
3
330
0
100
AcDbSymbolTable
 70
     2
  0
STYLE
  5
55
330
3
100
AcDbSymbolTableRecord
100
AcDbTextStyleTableRecord
  2
Standard
 70
     0
 40
0.0
 41
1.0
 50
0.0
 71
     0
 42
0.2
  3
txt
  4

  0
STYLE
  5
5A
330
3
100
AcDbSymbolTableRecord
100
AcDbTextStyleTableRecord
  2
Annotative
 70
     0
 40
0.0
 41
1.0
 50
0.0
 71
     0
 42
0.2
  3
txt
  4

1001
AcadAnnotative
1000
AnnotativeData
1002
{
1070
     1
1070
     1
1002
}
  0
ENDTAB
  0
TABLE
  2
VIEW
  5
6
330
0
100
AcDbSymbolTable
 70
     0
  0
ENDTAB
  0
TABLE
  2
UCS
  5
7
330
0
100
AcDbSymbolTable
 70
     0
  0
ENDTAB
  0
TABLE
  2
APPID
  5
9
330
0
100
AcDbSymbolTable
 70
     2
  0
APPID
  5
56
330
9
100
AcDbSymbolTableRecord
100
AcDbRegAppTableRecord
  2
ACAD
 70
     0
  0
APPID
  5
5E
330
9
100
AcDbSymbolTableRecord
100
AcDbRegAppTableRecord
  2
AcadAnnotative
 70
     0
  0
ENDTAB
  0
TABLE
  2
DIMSTYLE
  5
A
330
0
100
AcDbSymbolTable
 70
     2
100
AcDbDimStyleTable
 71
     0
  0
DIMSTYLE
105
58
330
A
100
AcDbSymbolTableRecord
100
AcDbDimStyleTableRecord
  2
Standard
 70
     0
340
55
  0
DIMSTYLE
105
59
330
A
100
AcDbSymbolTableRecord
100
AcDbDimStyleTableRecord
  2
Annotative
 70
     0
340
55
1001
AcadAnnotative
1000
AnnotativeData
1002
{
1070
     1
1070
     1
1002
}
  0
ENDTAB
  0
TABLE
  2
BLOCK_RECORD
  5
1
330
0
100
AcDbSymbolTable
 70
    10
  0
BLOCK_RECORD
  5
70
330
1
100
AcDbSymbolTableRecord
100
AcDbBlockTableRecord
  2
*Model_Space
340
73
 70
     0
280
     1
281
     0
  0
BLOCK_RECORD
  5
6C
330
1
100
AcDbSymbolTableRecord
100
AcDbBlockTableRecord
  2
*Paper_Space
340
6F
 70
     0
280
     1
281
     0
  0
BLOCK_RECORD
  5
74
330
1
100
AcDbSymbolTableRecord
100
AcDbBlockTableRecord
  2
*Paper_Space0
340
77
 70
     0
280
     1
281
     0
  0
BLOCK_RECORD
  5
9F
330
1
100
AcDbSymbolTableRecord
100
AcDbBlockTableRecord
  2
Block_0
340
0
102
{BLKREFS
331
A0
102
}
 70
     0
280
     1
281
     0
  0
BLOCK_RECORD
  5
A5
330
1
100
AcDbSymbolTableRecord
100
AcDbBlockTableRecord
  2
Block_1
340
0
102
{BLKREFS
331
A6
102
}
 70
     0
280
     1
281
     0
  0
BLOCK_RECORD
  5
AD
330
1
100
AcDbSymbolTableRecord
100
AcDbBlockTableRecord
  2
Block_2
340
0
102
{BLKREFS
331
AE
102
}
 70
     0
280
     1
281
     0
  0
BLOCK_RECORD
  5
C2
330
1
100
AcDbSymbolTableRecord
100
AcDbBlockTableRecord
  2
Block_3
340
0
102
{BLKREFS
331
C3
102
}
 70
     0
280
     1
281
     0
  0
BLOCK_RECORD
  5
FF
330
1
100
AcDbSymbolTableRecord
100
AcDbBlockTableRecord
  2
Block_4
340
0
102
{BLKREFS
331
100
102
}
 70
     0
280
     1
281
     0
  0
BLOCK_RECORD
  5
16D
330
1
100
AcDbSymbolTableRecord
100
AcDbBlockTableRecord
  2
Block_5
340
0
102
{BLKREFS
331
16E
102
}
 70
     0
280
     1
281
     0
  0
BLOCK_RECORD
  5
1CA
330
1
100
AcDbSymbolTableRecord
100
AcDbBlockTableRecord
  2
Block_6
340
0
102
{BLKREFS
331
1CB
102
}
 70
     0
280
     1
281
     0
  0
BLOCK_RECORD
  5
299
330
1
100
AcDbSymbolTableRecord
100
AcDbBlockTableRecord
  2
Block_7
340
0
102
{BLKREFS
331
29A
102
}
 70
     0
280
     1
281
     0
  0
BLOCK_RECORD
  5
2AB
330
1
100
AcDbSymbolTableRecord
100
AcDbBlockTableRecord
  2
Block_8
340
0
102
{BLKREFS
331
2AC
102
}
 70
     0
280
     1
281
     0
  0
ENDTAB
  0
ENDSEC
  0
SECTION
  2
BLOCKS
  0
BLOCK
  5
71
330
70
100
AcDbEntity
  8
0
100
AcDbBlockBegin
  2
*Model_Space
 70
     0
 10
0.0
 20
0.0
 30
0.0
  3
*Model_Space
  1

  0
ENDBLK
  5
72
330
70
100
AcDbEntity
  8
0
100
AcDbBlockEnd
  0
BLOCK
  5
6D
330
6C
100
AcDbEntity
 67
     1
  8
0
100
AcDbBlockBegin
  2
*Paper_Space
 70
     0
 10
0.0
 20
0.0
 30
0.0
  3
*Paper_Space
  1

  0
ENDBLK
  5
6E
330
6C
100
AcDbEntity
 67
     1
  8
0
100
AcDbBlockEnd
  0
BLOCK
  5
75
330
74
100
AcDbEntity
 67
     1
  8
0
100
AcDbBlockBegin
  2
*Paper_Space0
 70
     0
 10
0.0
 20
0.0
 30
0.0
  3
*Paper_Space0
  1

  0
ENDBLK
  5
76
330
74
100
AcDbEntity
 67
     1
  8
0
100
AcDbBlockEnd
  0
BLOCK
  5
A1
330
9F
100
AcDbEntity
  8
0
100
AcDbBlockBegin
  2
Block_0
 70
     0
 10
0.0
 20
0.0
 30
0.0
  3
Block_0
  1

  0
MTEXT
  5
A3
330
9F
100
AcDbEntity
  8
0
100
AcDbMText
 10
-105.9385486761792
 20
570.1898300440844
 30
0.0
 40
0.2
 41
0.0
 46
0.0
 71
     7
 72
     1
  1
\C7;\FArial|b0|i0|c1;\H23.100000;\W1.000000;VISTA A - VISTA FRONTAL
 73
     1
 44
1.0
  0
MTEXT
  5
A4
330
9F
100
AcDbEntity
  8
0
100
AcDbMText
 10
-18.10812165549359
 20
531.2959077990337
 30
0.0
 40
0.2
 41
0.0
 46
0.0
 71
     7
 72
     1
  1
\C7;\FArial|b0|i0|c1;\H23.100000;\W1.000000;(Puerta Abierta)
 73
     1
 44
1.0
  0
ENDBLK
  5
A2
330
9F
100
AcDbEntity
  8
0
100
AcDbBlockEnd
  0
BLOCK
  5
A7
330
A5
100
AcDbEntity
  8
0
100
AcDbBlockBegin
  2
Block_1
 70
     0
 10
0.0
 20
0.0
 30
0.0
  3
Block_1
  1

  0
LINE
  5
A9
330
A5
100
AcDbEntity
  8
0
 62
     7
370
     0
100
AcDbLine
 10
-1186.754488084089
 20
-128.4204781130937
 30
0.0
 11
-1186.754488084089
 21
-232.2454781130898
 31
0.0
  0
LINE
  5
AA
330
A5
100
AcDbEntity
  8
0
 62
     7
370
     0
100
AcDbLine
 10
-586.7544880840902
 20
-128.4204781130835
 30
0.0
 11
-586.7544880840902
 21
-232.2454781130898
 31
0.0
  0
LINE
  5
AB
330
A5
100
AcDbEntity
  8
0
 62
     7
370
     0
100
AcDbLine
 10
-1186.754488084089
 20
-230.9954781130896
 30
0.0
 11
-586.7544880840902
 21
-230.9954781130896
 31
0.0
  0
MTEXT
  5
AC
330
A5
100
AcDbEntity
  8
0
100
AcDbMText
 10
-913.51013160756
 20
-225.601539555416
 30
0.0
 40
0.2
 41
0.0
 46
0.0
 71
     7
 72
     1
  1
\C7;\FArial|b0|i0|c1;\H23.100000;\W1.000000;600
 73
     1
 44
1.0
  0
ENDBLK
  5
A8
330
A5
100
AcDbEntity
  8
0
100
AcDbBlockEnd
  0
BLOCK
  5
AF
330
AD
100
AcDbEntity
  8
0
100
AcDbBlockBegin
  2
Block_2
 70
     0
 10
0.0
 20
0.0
 30
0.0
  3
Block_2
  1

  0
LINE
  5
B1
330
AD
100
AcDbEntity
  8
0
 62
     7
370
     0
100
AcDbLine
 10
-1184.179488084089
 20
469.0045218868812
 30
0.0
 11
-1288.004488083988
 21
469.0045218868812
 31
0.0
  0
LINE
  5
B2
330
AD
100
AcDbEntity
  8
0
 62
     7
370
     0
100
AcDbLine
 10
-1184.179488084089
 20
-130.9954781131245
 30
0.0
 11
-1288.004488083988
 21
-130.9954781131245
 31
0.0
  0
LINE
  5
B3
330
AD
100
AcDbEntity
  8
0
 62
     7
370
     0
100
AcDbLine
 10
-1286.754488083988
 20
469.0045218868812
 30
0.0
 11
-1286.754488083988
 21
-130.9954781131245
 31
0.0
  0
MTEXT
  5
B4
330
AD
100
AcDbEntity
  8
0
100
AcDbMText
 10
-1292.148346302397
 20
142.2490261146113
 30
0.0
 40
0.2
 41
0.0
 46
0.0
 71
     7
 72
     1
  1
\C7;\FArial|b0|i0|c1;\H23.100000;\W1.000000;600
 11
0.0000000000000001
 21
1.0
 31
0.0
 73
     1
 44
1.0
  0
ENDBLK
  5
B0
330
AD
100
AcDbEntity
  8
0
100
AcDbBlockEnd
  0
BLOCK
  5
C4
330
C2
100
AcDbEntity
  8
0
100
AcDbBlockBegin
  2
Block_3
 70
     0
 10
0.0
 20
0.0
 30
0.0
  3
Block_3
  1

  0
MTEXT
  5
C6
330
C2
100
AcDbEntity
  8
0
100
AcDbMText
 10
584.1375574982798
 20
570.1898300440844
 30
0.0
 40
0.2
 41
0.0
 46
0.0
 71
     7
 72
     1
  1
\C7;\FArial|b0|i0|c1;\H23.100000;\W1.000000;VISTA A - VISTA FRONTAL
 73
     1
 44
1.0
  0
MTEXT
  5
C7
330
C2
100
AcDbEntity
  8
0
100
AcDbMText
 10
629.8175427027887
 20
531.2959077990337
 30
0.0
 40
0.2
 41
0.0
 46
0.0
 71
     7
 72
     1
  1
\C7;\FArial|b0|i0|c1;\H23.100000;\W1.000000;(Contrafrente Abierto)
 73
     1
 44
1.0
  0
ENDBLK
  5
C5
330
C2
100
AcDbEntity
  8
0
100
AcDbBlockEnd
  0
BLOCK
  5
101
330
FF
100
AcDbEntity
  8
0
100
AcDbBlockBegin
  2
Block_4
 70
     0
 10
0.0
 20
0.0
 30
0.0
  3
Block_4
  1

  0
LWPOLYLINE
  5
103
330
FF
100
AcDbEntity
  8
0
100
AcDbPolyline
 90
        4
 70
     1
 43
0.0
 10
1035.85126691661
 20
-85.49547811308221
 10
1035.85126691661
 20
-66.60943568516923
 10
1029.243041228977
 20
-66.60943568516923
 10
1029.243041228977
 20
-85.49547811308221
  0
SPLINE
  5
104
330
FF
100
AcDbEntity
  8
0
 62
     7
370
     0
100
AcDbSpline
210
0.0
220
0.0
230
1.0
 70
    24
 71
     3
 72
     8
 73
     4
 74
     0
 42
0.0000000001
 43
0.0000000001
 40
0.0
 40
0.0
 40
0.0
 40
0.0
 40
1.0
 40
1.0
 40
1.0
 40
1.0
 10
1035.851266916618
 20
-70.64677473296095
 30
0.0
 10
1035.851266916618
 20
-70.64677473296095
 30
0.0
 10
1031.813927868827
 20
-66.60943568516923
 30
0.0
 10
1031.813927868827
 20
-66.60943568516923
 30
0.0
  0
SPLINE
  5
105
330
FF
100
AcDbEntity
  8
0
 62
     7
370
     0
100
AcDbSpline
210
0.0
220
0.0
230
1.0
 70
    24
 71
     3
 72
     8
 73
     4
 74
     0
 42
0.0000000001
 43
0.0000000001
 40
0.0
 40
0.0
 40
0.0
 40
0.0
 40
1.0
 40
1.0
 40
1.0
 40
1.0
 10
1035.85126691661
 20
-75.13690279348645
 30
0.0
 10
1035.85126691661
 20
-75.13690279348645
 30
0.0
 10
1029.243041228981
 20
-68.52867710586147
 30
0.0
 10
1029.243041228981
 20
-68.52867710586147
 30
0.0
  0
SPLINE
  5
106
330
FF
100
AcDbEntity
  8
0
 62
     7
370
     0
100
AcDbSpline
210
0.0
220
0.0
230
1.0
 70
    24
 71
     3
 72
     8
 73
     4
 74
     0
 42
0.0000000001
 43
0.0000000001
 40
0.0
 40
0.0
 40
0.0
 40
0.0
 40
1.0
 40
1.0
 40
1.0
 40
1.0
 10
1035.851266916618
 20
-79.62703085402224
 30
0.0
 10
1035.851266916618
 20
-79.62703085402224
 30
0.0
 10
1029.243041228977
 20
-73.01880516638698
 30
0.0
 10
1029.243041228977
 20
-73.01880516638698
 30
0.0
  0
SPLINE
  5
107
330
FF
100
AcDbEntity
  8
0
 62
     7
370
     0
100
AcDbSpline
210
0.0
220
0.0
230
1.0
 70
    24
 71
     3
 72
     8
 73
     4
 74
     0
 42
0.0000000001
 43
0.0000000001
 40
0.0
 40
0.0
 40
0.0
 40
0.0
 40
1.0
 40
1.0
 40
1.0
 40
1.0
 10
1035.85126691661
 20
-84.11715891454774
 30
0.0
 10
1035.85126691661
 20
-84.11715891454774
 30
0.0
 10
1029.243041228981
 20
-77.50893322692275
 30
0.0
 10
1029.243041228981
 20
-77.50893322692275
 30
0.0
  0
SPLINE
  5
108
330
FF
100
AcDbEntity
  8
0
 62
     7
370
     0
100
AcDbSpline
210
0.0
220
0.0
230
1.0
 70
    24
 71
     3
 72
     8
 73
     4
 74
     0
 42
0.0000000001
 43
0.0000000001
 40
0.0
 40
0.0
 40
0.0
 40
0.0
 40
1.0
 40
1.0
 40
1.0
 40
1.0
 10
1032.739458054601
 20
-85.49547811308221
 30
0.0
 10
1032.739458054601
 20
-85.49547811308221
 30
0.0
 10
1029.243041228985
 20
-81.9990612874688
 30
0.0
 10
1029.243041228985
 20
-81.9990612874688
 30
0.0
  0
ENDBLK
  5
102
330
FF
100
AcDbEntity
  8
0
100
AcDbBlockEnd
  0
BLOCK
  5
16F
330
16D
100
AcDbEntity
  8
0
100
AcDbBlockBegin
  2
Block_5
 70
     0
 10
0.0
 20
0.0
 30
0.0
  3
Block_5
  1

  0
LINE
  5
171
330
16D
100
AcDbEntity
  8
0
 62
     7
370
     0
100
AcDbLine
 10
989.8549611307213
 20
338.4920859737787
 30
0.0
 11
1205.340860642362
 21
338.4920859737787
 31
0.0
  0
LINE
  5
172
330
16D
100
AcDbEntity
  8
0
 62
     7
370
     0
100
AcDbLine
 10
989.8549611307213
 20
188.4920859737746
 30
0.0
 11
1205.340860642362
 21
188.4920859737746
 31
0.0
  0
LINE
  5
173
330
16D
100
AcDbEntity
  8
0
 62
     7
370
     0
100
AcDbLine
 10
1205.160860642361
 20
313.4920859737746
 30
0.0
 11
1205.160860642361
 21
276.3464106668306
 31
0.0
  0
LINE
  5
174
330
16D
100
AcDbEntity
  8
0
 62
     7
370
     0
100
AcDbLine
 10
1205.160860642361
 20
213.4920859737788
 30
0.0
 11
1205.160860642361
 21
250.6377612807227
 31
0.0
  0
LWPOLYLINE
  5
175
330
16D
100
AcDbEntity
  8
0
100
AcDbPolyline
 90
        4
 70
     1
 43
0.0
 10
1200.994193975696
 20
313.4920859737746
 10
1209.327527309028
 20
313.4920859737746
 10
1205.160860642361
 20
338.4920859737787
 10
1205.160860642361
 20
338.4920859737787
  0
HATCH
  5
176
330
16D
100
AcDbEntity
  8
0
 62
     7
440
 33554687
100
AcDbHatch
 10
0.0
 20
0.0
 30
0.0
210
0.0
220
0.0
230
1.0
  2
SOLID
 70
     1
 71
     1
 91
        1
 92
        1
 93
        3
 72
     1
 10
1200.994193975696
 20
313.4920859737746
 11
1209.327527309028
 21
313.4920859737746
 72
     1
 10
1209.327527309028
 20
313.4920859737746
 11
1205.160860642361
 21
338.4920859737787
 72
     1
 10
1205.160860642361
 20
338.4920859737787
 11
1200.994193975696
 21
313.4920859737746
 97
        1
330
175
 75
     2
 76
     1
 98
        1
 10
0.0
 20
0.0
450
        0
451
        0
460
0.0
461
0.0
452
        0
462
0.0
453
        0
470

  0
LWPOLYLINE
  5
177
330
16D
100
AcDbEntity
  8
0
100
AcDbPolyline
 90
        4
 70
     1
 43
0.0
 10
1200.994193975696
 20
213.4920859737788
 10
1209.327527309028
 20
213.4920859737788
 10
1205.160860642361
 20
188.4920859737746
 10
1205.160860642361
 20
188.4920859737746
  0
HATCH
  5
178
330
16D
100
AcDbEntity
  8
0
 62
     7
440
 33554687
100
AcDbHatch
 10
0.0
 20
0.0
 30
0.0
210
0.0
220
0.0
230
1.0
  2
SOLID
 70
     1
 71
     1
 91
        1
 92
        1
 93
        3
 72
     1
 10
1200.994193975696
 20
213.4920859737788
 11
1209.327527309028
 21
213.4920859737788
 72
     1
 10
1209.327527309028
 20
213.4920859737788
 11
1205.160860642361
 21
188.4920859737746
 72
     1
 10
1205.160860642361
 20
188.4920859737746
 11
1200.994193975696
 21
213.4920859737788
 97
        1
330
177
 75
     2
 76
     1
 98
        1
 10
0.0
 20
0.0
450
        0
451
        0
460
0.0
461
0.0
452
        0
462
0.0
453
        0
470

  0
MTEXT
  5
179
330
16D
100
AcDbEntity
  8
0
100
AcDbMText
 10
1150.684371321487
 20
251.2052523514782
 30
0.0
 40
0.2
 41
0.0
 46
0.0
 71
     7
 72
     1
  1
\C7;\FArial|b0|i0|c1;\H25.000000;\W1.000000;150.00
 73
     1
 44
1.0
  0
ENDBLK
  5
170
330
16D
100
AcDbEntity
  8
0
100
AcDbBlockEnd
  0
BLOCK
  5
1CC
330
1CA
100
AcDbEntity
  8
0
100
AcDbBlockBegin
  2
Block_6
 70
     0
 10
0.0
 20
0.0
 30
0.0
  3
Block_6
  1

  0
SPLINE
  5
1CE
330
1CA
100
AcDbEntity
  8
0
100
AcDbSpline
210
0.0
220
0.0
230
1.0
 70
     9
 71
     3
 72
    35
 73
    31
 74
     0
 42
0.0000000001
 43
0.0000000001
 40
0.0
 40
0.0
 40
0.0
 40
0.0
 40
1.0
 40
1.0
 40
1.0
 40
2.0
 40
2.0
 40
2.0
 40
3.0
 40
3.0
 40
3.0
 40
4.0
 40
4.0
 40
4.0
 40
5.0
 40
5.0
 40
5.0
 40
6.0
 40
6.0
 40
6.0
 40
7.0
 40
7.0
 40
7.0
 40
8.0
 40
8.0
 40
8.0
 40
9.0
 40
9.0
 40
9.0
 40
10.0
 40
10.0
 40
10.0
 40
10.0
 10
1572.090090662171
 20
481.9503137495217
 30
0.0
 10
1573.073950603562
 20
482.0313356220689
 30
0.0
 10
1574.057810544959
 20
482.1123574946162
 30
0.0
 10
1575.079565217917
 20
481.950313749532
 30
0.0
 10
1576.212788137348
 20
481.7705918547157
 30
0.0
 10
1577.392625045722
 20
481.2918769984711
 30
0.0
 10
1578.069039773655
 20
480.5163268204796
 30
0.0
 10
1579.111294840485
 20
479.321318685365
 30
0.0
 10
1578.958312253862
 20
477.4215566335358
 30
0.0
 10
1578.069039773655
 20
475.4074605090997
 30
0.0
 10
1576.683131374785
 20
472.268543251326
 30
0.0
 10
1573.508890812949
 20
468.8519265423554
 30
0.0
 10
1575.557612759456
 20
467.8518815362356
 30
0.0
 10
1575.980300191436
 20
467.6455546326804
 30
0.0
 10
1576.625313256986
 20
467.5420938389133
 30
0.0
 10
1577.105105796037
 20
467.3007401716779
 30
0.0
 10
1578.744416373111
 20
466.4761053819695
 30
0.0
 10
1578.454961120936
 20
464.0417247082673
 30
0.0
 10
1578.244330374925
 20
461.8049187213674
 30
0.0
 10
1578.074777443674
 20
460.0043410805961
 30
0.0
 10
1577.956301859399
 20
458.3317894982355
 30
0.0
 10
1576.86915774389
 20
457.501228500154
 30
0.0
 10
1576.318855897453
 20
457.0808065484415
 30
0.0
 10
1575.520353413694
 20
456.8761267137907
 30
0.0
 10
1574.719423130614
 20
456.7208452221579
 30
0.0
 10
1573.797894074881
 20
456.5421824728592
 30
0.0
 10
1572.873151052075
 20
456.4289141926529
 30
0.0
 10
1572.090090662171
 20
456.8240786017587
 30
0.0
 10
1572.090090662171
 20
456.8240786017587
 30
0.0
 10
1572.090090662171
 20
481.9503137495217
 30
0.0
 10
1572.090090662171
 20
481.9503137495217
 30
0.0
  0
SPLINE
  5
1CF
330
1CA
100
AcDbEntity
  8
0
 62
     7
370
     0
100
AcDbSpline
210
0.0
220
0.0
230
1.0
 70
    24
 71
     3
 72
     8
 73
     4
 74
     0
 42
0.0000000001
 43
0.0000000001
 40
0.0
 40
0.0
 40
0.0
 40
0.0
 40
1.0
 40
1.0
 40
1.0
 40
1.0
 10
1575.08941869373
 20
456.7969348476916
 30
0.0
 10
1575.08941869373
 20
456.7969348476916
 30
0.0
 10
1577.990033789752
 20
459.6975499437077
 30
0.0
 10
1577.990033789752
 20
459.6975499437077
 30
0.0
  0
SPLINE
  5
1D0
330
1CA
100
AcDbEntity
  8
0
 62
     7
370
     0
100
AcDbSpline
210
0.0
220
0.0
230
1.0
 70
    24
 71
     3
 72
     8
 73
     4
 74
     0
 42
0.0000000001
 43
0.0000000001
 40
0.0
 40
0.0
 40
0.0
 40
0.0
 40
1.0
 40
1.0
 40
1.0
 40
1.0
 10
1572.321545162393
 20
456.7231381526853
 30
0.0
 10
1572.321545162393
 20
456.7231381526853
 30
0.0
 10
1578.330274331939
 20
462.7318673222362
 30
0.0
 10
1578.330274331939
 20
462.7318673222362
 30
0.0
  0
SPLINE
  5
1D1
330
1CA
100
AcDbEntity
  8
0
 62
     7
370
     0
100
AcDbSpline
210
0.0
220
0.0
230
1.0
 70
    24
 71
     3
 72
     8
 73
     4
 74
     0
 42
0.0000000001
 43
0.0000000001
 40
0.0
 40
0.0
 40
0.0
 40
0.0
 40
1.0
 40
1.0
 40
1.0
 40
1.0
 10
1572.090090662179
 20
459.1857604887935
 30
0.0
 10
1572.090090662179
 20
459.1857604887935
 30
0.0
 10
1578.322115014104
 20
465.4177848407142
 30
0.0
 10
1578.322115014104
 20
465.4177848407142
 30
0.0
  0
SPLINE
  5
1D2
330
1CA
100
AcDbEntity
  8
0
 62
     7
370
     0
100
AcDbSpline
210
0.0
220
0.0
230
1.0
 70
    24
 71
     3
 72
     8
 73
     4
 74
     0
 42
0.0000000001
 43
0.0000000001
 40
0.0
 40
0.0
 40
0.0
 40
0.0
 40
1.0
 40
1.0
 40
1.0
 40
1.0
 10
1572.090090662179
 20
461.8798373251088
 30
0.0
 10
1572.090090662179
 20
461.8798373251088
 30
0.0
 10
1577.359719034149
 20
467.1494656970667
 30
0.0
 10
1577.359719034149
 20
467.1494656970667
 30
0.0
  0
SPLINE
  5
1D3
330
1CA
100
AcDbEntity
  8
0
 62
     7
370
     0
100
AcDbSpline
210
0.0
220
0.0
230
1.0
 70
    24
 71
     3
 72
     8
 73
     4
 74
     0
 42
0.0000000001
 43
0.0000000001
 40
0.0
 40
0.0
 40
0.0
 40
0.0
 40
1.0
 40
1.0
 40
1.0
 40
1.0
 10
1572.090090662183
 20
464.5739141614138
 30
0.0
 10
1572.090090662183
 20
464.5739141614138
 30
0.0
 10
1575.434666667637
 20
467.9184901668833
 30
0.0
 10
1575.434666667637
 20
467.9184901668833
 30
0.0
  0
SPLINE
  5
1D4
330
1CA
100
AcDbEntity
  8
0
 62
     7
370
     0
100
AcDbSpline
210
0.0
220
0.0
230
1.0
 70
    24
 71
     3
 72
     8
 73
     4
 74
     0
 42
0.0000000001
 43
0.0000000001
 40
0.0
 40
0.0
 40
0.0
 40
0.0
 40
1.0
 40
1.0
 40
1.0
 40
1.0
 10
1572.090090662171
 20
467.2679909977292
 30
0.0
 10
1572.090090662171
 20
467.2679909977292
 30
0.0
 10
1575.398839231189
 20
470.5767395667496
 30
0.0
 10
1575.398839231189
 20
470.5767395667496
 30
0.0
  0
SPLINE
  5
1D5
330
1CA
100
AcDbEntity
  8
0
 62
     7
370
     0
100
AcDbSpline
210
0.0
220
0.0
230
1.0
 70
    24
 71
     3
 72
     8
 73
     4
 74
     0
 42
0.0000000001
 43
0.0000000001
 40
0.0
 40
0.0
 40
0.0
 40
0.0
 40
1.0
 40
1.0
 40
1.0
 40
1.0
 10
1572.090090662179
 20
469.9620678340752
 30
0.0
 10
1572.090090662179
 20
469.9620678340752
 30
0.0
 10
1578.410802987559
 20
476.2827801594452
 30
0.0
 10
1578.410802987559
 20
476.2827801594452
 30
0.0
  0
SPLINE
  5
1D6
330
1CA
100
AcDbEntity
  8
0
 62
     7
370
     0
100
AcDbSpline
210
0.0
220
0.0
230
1.0
 70
    24
 71
     3
 72
     8
 73
     4
 74
     0
 42
0.0000000001
 43
0.0000000001
 40
0.0
 40
0.0
 40
0.0
 40
0.0
 40
1.0
 40
1.0
 40
1.0
 40
1.0
 10
1572.090090662171
 20
472.65614467037
 30
0.0
 10
1572.090090662171
 20
472.65614467037
 30
0.0
 10
1578.697443187857
 20
479.2634971960484
 30
0.0
 10
1578.697443187857
 20
479.2634971960484
 30
0.0
  0
SPLINE
  5
1D7
330
1CA
100
AcDbEntity
  8
0
 62
     7
370
     0
100
AcDbSpline
210
0.0
220
0.0
230
1.0
 70
    24
 71
     3
 72
     8
 73
     4
 74
     0
 42
0.0000000001
 43
0.0000000001
 40
0.0
 40
0.0
 40
0.0
 40
0.0
 40
1.0
 40
1.0
 40
1.0
 40
1.0
 10
1572.090090662179
 20
475.3502215066957
 30
0.0
 10
1572.090090662179
 20
475.3502215066957
 30
0.0
 10
1577.651405758917
 20
480.9115366034365
 30
0.0
 10
1577.651405758917
 20
480.9115366034365
 30
0.0
  0
SPLINE
  5
1D8
330
1CA
100
AcDbEntity
  8
0
 62
     7
370
     0
100
AcDbSpline
210
0.0
220
0.0
230
1.0
 70
    24
 71
     3
 72
     8
 73
     4
 74
     0
 42
0.0000000001
 43
0.0000000001
 40
0.0
 40
0.0
 40
0.0
 40
0.0
 40
1.0
 40
1.0
 40
1.0
 40
1.0
 10
1572.090090662179
 20
478.0442983430314
 30
0.0
 10
1572.090090662179
 20
478.0442983430314
 30
0.0
 10
1575.832865411045
 20
481.7870730918959
 30
0.0
 10
1575.832865411045
 20
481.7870730918959
 30
0.0
  0
SPLINE
  5
1D9
330
1CA
100
AcDbEntity
  8
0
 62
     7
370
     0
100
AcDbSpline
210
0.0
220
0.0
230
1.0
 70
    24
 71
     3
 72
     8
 73
     4
 74
     0
 42
0.0000000001
 43
0.0000000001
 40
0.0
 40
0.0
 40
0.0
 40
0.0
 40
1.0
 40
1.0
 40
1.0
 40
1.0
 10
1572.090090662171
 20
480.7383751793365
 30
0.0
 10
1572.090090662171
 20
480.7383751793365
 30
0.0
 10
1573.388139501878
 20
482.0364240190589
 30
0.0
 10
1573.388139501878
 20
482.0364240190589
 30
0.0
  0
ENDBLK
  5
1CD
330
1CA
100
AcDbEntity
  8
0
100
AcDbBlockEnd
  0
BLOCK
  5
29B
330
299
100
AcDbEntity
  8
0
100
AcDbBlockBegin
  2
Block_7
 70
     0
 10
0.0
 20
0.0
 30
0.0
  3
Block_7
  1

  0
SPLINE
  5
29D
330
299
100
AcDbEntity
  8
0
100
AcDbSpline
210
0.0
220
0.0
230
1.0
 70
     9
 71
     3
 72
    35
 73
    31
 74
     0
 42
0.0000000001
 43
0.0000000001
 40
0.0
 40
0.0
 40
0.0
 40
0.0
 40
1.0
 40
1.0
 40
1.0
 40
2.0
 40
2.0
 40
2.0
 40
3.0
 40
3.0
 40
3.0
 40
4.0
 40
4.0
 40
4.0
 40
5.0
 40
5.0
 40
5.0
 40
6.0
 40
6.0
 40
6.0
 40
7.0
 40
7.0
 40
7.0
 40
8.0
 40
8.0
 40
8.0
 40
9.0
 40
9.0
 40
9.0
 40
10.0
 40
10.0
 40
10.0
 40
10.0
 10
1572.090090662171
 20
-104.4412273569873
 30
0.0
 10
1573.073950603562
 20
-104.5222492295448
 30
0.0
 10
1574.057810544959
 20
-104.6032711020818
 30
0.0
 10
1575.079565217917
 20
-104.4412273569873
 30
0.0
 10
1576.212788137348
 20
-104.261505462171
 30
0.0
 10
1577.392625045722
 20
-103.7827906059264
 30
0.0
 10
1578.069039773655
 20
-103.0072404279452
 30
0.0
 10
1579.111294840485
 20
-101.8122322928409
 30
0.0
 10
1578.958312253862
 20
-99.91247024102195
 30
0.0
 10
1578.069039773655
 20
-97.89837411658588
 30
0.0
 10
1576.683131374785
 20
-94.75945685879157
 30
0.0
 10
1573.508890812949
 20
-91.34284014982101
 30
0.0
 10
1575.557612759456
 20
-90.34279514369094
 30
0.0
 10
1575.980300191436
 20
-90.13646824013568
 30
0.0
 10
1576.625313256986
 20
-90.03300744636865
 30
0.0
 10
1577.105105796037
 20
-89.7916537791127
 30
0.0
 10
1578.744416373111
 20
-88.96701898945568
 30
0.0
 10
1578.454961120936
 20
-86.53263831575349
 30
0.0
 10
1578.244330374925
 20
-84.29583232883302
 30
0.0
 10
1578.074777443674
 20
-82.49525468805147
 30
0.0
 10
1577.956301859399
 20
-80.82270310569089
 30
0.0
 10
1576.86915774389
 20
-79.99214210760936
 30
0.0
 10
1576.318855897453
 20
-79.57172015591741
 30
0.0
 10
1575.520353413694
 20
-79.36704032125629
 30
0.0
 10
1574.719423130614
 20
-79.2117588296132
 30
0.0
 10
1573.797894074881
 20
-79.03309608031462
 30
0.0
 10
1572.873151052075
 20
-78.91982780012883
 30
0.0
 10
1572.090090662171
 20
-79.31499220922432
 30
0.0
 10
1572.090090662171
 20
-79.31499220922432
 30
0.0
 10
1572.090090662171
 20
-104.4412273569873
 30
0.0
 10
1572.090090662171
 20
-104.4412273569873
 30
0.0
  0
SPLINE
  5
29E
330
299
100
AcDbEntity
  8
0
 62
     7
370
     0
100
AcDbSpline
210
0.0
220
0.0
230
1.0
 70
    24
 71
     3
 72
     8
 73
     4
 74
     0
 42
0.0000000001
 43
0.0000000001
 40
0.0
 40
0.0
 40
0.0
 40
0.0
 40
1.0
 40
1.0
 40
1.0
 40
1.0
 10
1575.089052724544
 20
-104.4397159101789
 30
0.0
 10
1575.089052724544
 20
-104.4397159101789
 30
0.0
 10
1578.792779701799
 20
-100.7359889329239
 30
0.0
 10
1578.792779701799
 20
-100.7359889329239
 30
0.0
  0
SPLINE
  5
29F
330
299
100
AcDbEntity
  8
0
 62
     7
370
     0
100
AcDbSpline
210
0.0
220
0.0
230
1.0
 70
    24
 71
     3
 72
     8
 73
     4
 74
     0
 42
0.0000000001
 43
0.0000000001
 40
0.0
 40
0.0
 40
0.0
 40
0.0
 40
1.0
 40
1.0
 40
1.0
 40
1.0
 10
1572.370576190174
 20
-104.4641156082259
 30
0.0
 10
1572.370576190174
 20
-104.4641156082259
 30
0.0
 10
1578.319446278243
 20
-98.51524552015696
 30
0.0
 10
1578.319446278243
 20
-98.51524552015696
 30
0.0
  0
SPLINE
  5
2A0
330
299
100
AcDbEntity
  8
0
 62
     7
370
     0
100
AcDbSpline
210
0.0
220
0.0
230
1.0
 70
    24
 71
     3
 72
     8
 73
     4
 74
     0
 42
0.0000000001
 43
0.0000000001
 40
0.0
 40
0.0
 40
0.0
 40
0.0
 40
1.0
 40
1.0
 40
1.0
 40
1.0
 10
1572.090090662179
 20
-102.0505242998907
 30
0.0
 10
1572.090090662179
 20
-102.0505242998907
 30
0.0
 10
1577.460803552219
 20
-96.67981140984798
 30
0.0
 10
1577.460803552219
 20
-96.67981140984798
 30
0.0
  0
SPLINE
  5
2A1
330
299
100
AcDbEntity
  8
0
 62
     7
370
     0
100
AcDbSpline
210
0.0
220
0.0
230
1.0
 70
    24
 71
     3
 72
     8
 73
     4
 74
     0
 42
0.0000000001
 43
0.0000000001
 40
0.0
 40
0.0
 40
0.0
 40
0.0
 40
1.0
 40
1.0
 40
1.0
 40
1.0
 10
1572.090090662163
 20
-99.35644746359599
 30
0.0
 10
1572.090090662163
 20
-99.35644746359599
 30
0.0
 10
1576.471092135974
 20
-94.97544598977709
 30
0.0
 10
1576.471092135974
 20
-94.97544598977709
 30
0.0
  0
SPLINE
  5
2A2
330
299
100
AcDbEntity
  8
0
 62
     7
370
     0
100
AcDbSpline
210
0.0
220
0.0
230
1.0
 70
    24
 71
     3
 72
     8
 73
     4
 74
     0
 42
0.0000000001
 43
0.0000000001
 40
0.0
 40
0.0
 40
0.0
 40
0.0
 40
1.0
 40
1.0
 40
1.0
 40
1.0
 10
1572.090090662179
 20
-96.6623706272499
 30
0.0
 10
1572.090090662179
 20
-96.6623706272499
 30
0.0
 10
1575.494273617931
 20
-93.25818767151039
 30
0.0
 10
1575.494273617931
 20
-93.25818767151039
 30
0.0
  0
SPLINE
  5
2A3
330
299
100
AcDbEntity
  8
0
 62
     7
370
     0
100
AcDbSpline
210
0.0
220
0.0
230
1.0
 70
    24
 71
     3
 72
     8
 73
     4
 74
     0
 42
0.0000000001
 43
0.0000000001
 40
0.0
 40
0.0
 40
0.0
 40
0.0
 40
1.0
 40
1.0
 40
1.0
 40
1.0
 10
1575.825774535248
 20
-90.23260991787504
 30
0.0
 10
1575.825774535248
 20
-90.23260991787504
 30
0.0
 10
1578.352728309105
 20
-87.70565614401357
 30
0.0
 10
1578.352728309105
 20
-87.70565614401357
 30
0.0
  0
SPLINE
  5
2A4
330
299
100
AcDbEntity
  8
0
 62
     7
370
     0
100
AcDbSpline
210
0.0
220
0.0
230
1.0
 70
    24
 71
     3
 72
     8
 73
     4
 74
     0
 42
0.0000000001
 43
0.0000000001
 40
0.0
 40
0.0
 40
0.0
 40
0.0
 40
1.0
 40
1.0
 40
1.0
 40
1.0
 10
1572.090090662171
 20
-93.96829379093459
 30
0.0
 10
1572.090090662171
 20
-93.96829379093459
 30
0.0
 10
1574.908485024289
 20
-91.14989942882145
 30
0.0
 10
1574.908485024289
 20
-91.14989942882145
 30
0.0
  0
SPLINE
  5
2A5
330
299
100
AcDbEntity
  8
0
 62
     7
370
     0
100
AcDbSpline
210
0.0
220
0.0
230
1.0
 70
    24
 71
     3
 72
     8
 73
     4
 74
     0
 42
0.0000000001
 43
0.0000000001
 40
0.0
 40
0.0
 40
0.0
 40
0.0
 40
1.0
 40
1.0
 40
1.0
 40
1.0
 10
1572.090090662171
 20
-91.27421695462954
 30
0.0
 10
1572.090090662171
 20
-91.27421695462954
 30
0.0
 10
1578.314981311911
 20
-85.04932630487104
 30
0.0
 10
1578.314981311911
 20
-85.04932630487104
 30
0.0
  0
SPLINE
  5
2A6
330
299
100
AcDbEntity
  8
0
 62
     7
370
     0
100
AcDbSpline
210
0.0
220
0.0
230
1.0
 70
    24
 71
     3
 72
     8
 73
     4
 74
     0
 42
0.0000000001
 43
0.0000000001
 40
0.0
 40
0.0
 40
0.0
 40
0.0
 40
1.0
 40
1.0
 40
1.0
 40
1.0
 10
1572.090090662179
 20
-88.58014011828343
 30
0.0
 10
1572.090090662179
 20
-88.58014011828343
 30
0.0
 10
1578.060801615226
 20
-82.60942916524061
 30
0.0
 10
1578.060801615226
 20
-82.60942916524061
 30
0.0
  0
SPLINE
  5
2A7
330
299
100
AcDbEntity
  8
0
 62
     7
370
     0
100
AcDbSpline
210
0.0
220
0.0
230
1.0
 70
    24
 71
     3
 72
     8
 73
     4
 74
     0
 42
0.0000000001
 43
0.0000000001
 40
0.0
 40
0.0
 40
0.0
 40
0.0
 40
1.0
 40
1.0
 40
1.0
 40
1.0
 10
1572.090090662171
 20
-85.88606328198867
 30
0.0
 10
1572.090090662171
 20
-85.88606328198867
 30
0.0
 10
1577.404257060897
 20
-80.57189688324994
 30
0.0
 10
1577.404257060897
 20
-80.57189688324994
 30
0.0
  0
SPLINE
  5
2A8
330
299
100
AcDbEntity
  8
0
 62
     7
370
     0
100
AcDbSpline
210
0.0
220
0.0
230
1.0
 70
    24
 71
     3
 72
     8
 73
     4
 74
     0
 42
0.0000000001
 43
0.0000000001
 40
0.0
 40
0.0
 40
0.0
 40
0.0
 40
1.0
 40
1.0
 40
1.0
 40
1.0
 10
1572.090090662179
 20
-83.19198644565283
 30
0.0
 10
1572.090090662179
 20
-83.19198644565283
 30
0.0
 10
1575.806259032805
 20
-79.47581807503642
 30
0.0
 10
1575.806259032805
 20
-79.47581807503642
 30
0.0
  0
SPLINE
  5
2A9
330
299
100
AcDbEntity
  8
0
 62
     7
370
     0
100
AcDbSpline
210
0.0
220
0.0
230
1.0
 70
    24
 71
     3
 72
     8
 73
     4
 74
     0
 42
0.0000000001
 43
0.0000000001
 40
0.0
 40
0.0
 40
0.0
 40
0.0
 40
1.0
 40
1.0
 40
1.0
 40
1.0
 10
1572.090090662163
 20
-80.4979096093478
 30
0.0
 10
1572.090090662163
 20
-80.4979096093478
 30
0.0
 10
1573.535438262671
 20
-79.05256200884775
 30
0.0
 10
1573.535438262671
 20
-79.05256200884775
 30
0.0
  0
ENDBLK
  5
29C
330
299
100
AcDbEntity
  8
0
100
AcDbBlockEnd
  0
BLOCK
  5
2AD
330
2AB
100
AcDbEntity
  8
0
100
AcDbBlockBegin
  2
Block_8
 70
     0
 10
0.0
 20
0.0
 30
0.0
  3
Block_8
  1

  0
LINE
  5
2AF
330
2AB
100
AcDbEntity
  8
0
 62
     7
370
     0
100
AcDbLine
 10
1594.989791730693
 20
-106.4204354943907
 30
0.0
 11
1594.989791730693
 21
-193.8465903484929
 31
0.0
  0
LINE
  5
2B0
330
2AB
100
AcDbEntity
  8
0
 62
     7
370
     0
100
AcDbLine
 10
1819.989791730696
 20
-106.4204354943599
 30
0.0
 11
1819.989791730696
 21
-193.8465903484929
 31
0.0
  0
LINE
  5
2B1
330
2AB
100
AcDbEntity
  8
0
 62
     7
370
     0
100
AcDbLine
 10
1594.989791730693
 20
-192.5965903484927
 30
0.0
 11
1819.989791730696
 21
-192.5965903484927
 31
0.0
  0
MTEXT
  5
2B2
330
2AB
100
AcDbEntity
  8
0
100
AcDbMText
 10
1678.541987698854
 20
-177.1702580326931
 30
0.0
 40
0.2
 41
0.0
 46
0.0
 71
     7
 72
     1
  1
\C7;\FArial|b0|i0|c1;\H25.000000;\W1.000000;225
 73
     1
 44
1.0
  0
ENDBLK
  5
2AE
330
2AB
100
AcDbEntity
  8
0
100
AcDbBlockEnd
  0
ENDSEC
  0
SECTION
  2
ENTITIES
  0
SPLINE
  5
78
330
70
100
AcDbEntity
  8
0
 62
     7
370
     0
100
AcDbSpline
210
0.0
220
0.0
230
1.0
 70
     8
 71
     3
 72
    11
 73
     7
 74
     0
 42
0.0000000001
 43
0.0000000001
 40
0.0
 40
0.0
 40
0.0
 40
0.0
 40
1.0
 40
1.0
 40
1.0
 40
2.0
 40
2.0
 40
2.0
 40
2.0
 10
-629.0248522026972
 20
-26.00621673078328
 30
0.0
 10
-631.7803451770693
 20
-21.73725671174441
 30
0.0
 10
-637.474789447367
 20
-20.51034925733128
 30
0.0
 10
-641.7437494664063
 20
-23.26584223170297
 30
0.0
 10
-642.8378024144323
 20
-23.97202247195665
 30
0.0
 10
-643.7694817300585
 20
-24.90240774325533
 30
0.0
 10
-644.4771819146482
 20
-25.99547811314908
 30
0.0
  0
SPLINE
  5
79
330
70
100
AcDbEntity
  8
0
 62
     7
370
     0
100
AcDbSpline
210
0.0
220
0.0
230
1.0
 70
     8
 71
     3
 72
    11
 73
     7
 74
     0
 42
0.0000000001
 43
0.0000000001
 40
0.0
 40
0.0
 40
0.0
 40
0.0
 40
1.0
 40
1.0
 40
1.0
 40
2.0
 40
2.0
 40
2.0
 40
2.0
 10
-644.4771819146482
 20
-35.99547811304676
 30
0.0
 10
-641.7157581655226
 20
-40.26060414327556
 30
0.0
 10
-636.0196141143716
 20
-41.47959569277977
 30
0.0
 10
-631.754488084143
 20
-38.71817194365388
 30
0.0
 10
-630.6650358307472
 20
-38.01281428136149
 30
0.0
 10
-629.7371519158283
 20
-37.08493036644294
 30
0.0
 10
-629.0317942535356
 20
-35.99547811304676
 30
0.0
  0
SPLINE
  5
7A
330
70
100
AcDbEntity
  8
0
 62
     7
370
     0
100
AcDbSpline
210
0.0
220
0.0
230
1.0
 70
     8
 71
     3
 72
    11
 73
     7
 74
     0
 42
0.0000000001
 43
0.0000000001
 40
0.0
 40
0.0
 40
0.0
 40
0.0
 40
1.0
 40
1.0
 40
1.0
 40
2.0
 40
2.0
 40
2.0
 40
2.0
 10
-650.3651456729284
 20
-35.99547811304227
 30
0.0
 10
-647.6037219238054
 20
-43.51243673452558
 30
0.0
 10
-639.2714467056308
 20
-47.36755945105772
 30
0.0
 10
-631.7544880841476
 20
-44.60613570193439
 30
0.0
 10
-627.7597220109874
 20
-43.13862171627969
 30
0.0
 10
-624.6113444809101
 20
-39.99024418620209
 30
0.0
 10
-623.1438304952554
 20
-35.99547811304227
 30
0.0
  0
SPLINE
  5
7B
330
70
100
AcDbEntity
  8
0
 62
     7
370
     0
100
AcDbSpline
210
0.0
220
0.0
230
1.0
 70
     8
 71
     3
 72
    11
 73
     7
 74
     0
 42
0.0000000001
 43
0.0000000001
 40
0.0
 40
0.0
 40
0.0
 40
0.0
 40
1.0
 40
1.0
 40
1.0
 40
2.0
 40
2.0
 40
2.0
 40
2.0
 10
-647.3875732431558
 20
-35.99547811310708
 30
0.0
 10
-644.6261494939969
 20
-41.86796889011064
 30
0.0
 10
-637.6269788610857
 20
-44.38998702132082
 30
0.0
 10
-631.7544880840828
 20
-41.6285632721622
 30
0.0
 10
-629.2781305166966
 20
-40.46410463652338
 30
0.0
 10
-627.2858615606665
 20
-38.47183568049318
 30
0.0
 10
-626.1214029250279
 20
-35.99547811310708
 30
0.0
  0
SPLINE
  5
7C
330
70
100
AcDbEntity
  8
0
 62
     7
370
     0
100
AcDbSpline
210
0.0
220
0.0
230
1.0
 70
     8
 71
     3
 72
    11
 73
     7
 74
     0
 42
0.0000000001
 43
0.0000000001
 40
0.0
 40
0.0
 40
0.0
 40
0.0
 40
1.0
 40
1.0
 40
1.0
 40
2.0
 40
2.0
 40
2.0
 40
2.0
 10
-626.1396517349233
 20
-25.95685237978839
 30
0.0
 10
-628.9224078875354
 20
-20.0944401421925
 30
0.0
 10
-635.9307015798061
 20
-17.59788561131751
 30
0.0
 10
-641.7931138174018
 20
-20.38064176392933
 30
0.0
 10
-644.2519668408017
 20
-21.54780437582417
 30
0.0
 10
-646.2293580137721
 20
-23.53239787978094
 30
0.0
 10
-647.3875732431558
 20
-25.99547811308876
 30
0.0
  0
LINE
  5
7D
330
70
100
AcDbEntity
  8
0
 62
     7
370
     0
100
AcDbLine
 10
-643.3166904582813
 20
-26.84922014991431
 30
0.0
 11
-643.3166904582813
 21
-35.14173607624047
 31
0.0
  0
LINE
  5
7E
330
70
100
AcDbEntity
  8
0
 62
     7
370
     0
100
AcDbLine
 10
-630.1922857098742
 20
-26.84922014991431
 30
0.0
 11
-630.1922857098742
 21
-35.14173607624047
 31
0.0
  0
CIRCLE
  5
7F
330
70
100
AcDbEntity
  8
0
 62
     7
370
     0
100
AcDbCircle
 10
-636.7544880840918
 20
-30.99547811309792
 30
0.0
 40
4.499999999999838
  0
SPLINE
  5
80
330
70
100
AcDbEntity
  8
0
 62
     7
370
     0
100
AcDbSpline
210
0.0
220
0.0
230
1.0
 70
     8
 71
     3
 72
    11
 73
     7
 74
     0
 42
0.0000000001
 43
0.0000000001
 40
0.0
 40
0.0
 40
0.0
 40
0.0
 40
1.0
 40
1.0
 40
1.0
 40
2.0
 40
2.0
 40
2.0
 40
2.0
 10
-623.1438304952554
 20
-25.99547811315357
 30
0.0
 10
-625.9052542443785
 20
-18.47851949167025
 30
0.0
 10
-634.2375294625529
 20
-14.62339677513811
 30
0.0
 10
-641.7544880840363
 20
-17.38482052426145
 30
0.0
 10
-645.7492541571964
 20
-18.85233450991614
 30
0.0
 10
-648.8976316872737
 20
-22.00071203999375
 30
0.0
 10
-650.3651456729284
 20
-25.99547811315357
 30
0.0
  0
SPLINE
  5
81
330
70
100
AcDbEntity
  8
0
 62
     7
370
     0
100
AcDbSpline
210
0.0
220
0.0
230
1.0
 70
     9
 71
     3
 72
    59
 73
    55
 74
     0
 42
0.0000000001
 43
0.0000000001
 40
0.0
 40
0.0
 40
0.0
 40
0.0
 40
1.0
 40
1.0
 40
1.0
 40
2.0
 40
2.0
 40
2.0
 40
3.0
 40
3.0
 40
3.0
 40
4.0
 40
4.0
 40
4.0
 40
5.0
 40
5.0
 40
5.0
 40
6.0
 40
6.0
 40
6.0
 40
7.0
 40
7.0
 40
7.0
 40
8.0
 40
8.0
 40
8.0
 40
9.0
 40
9.0
 40
9.0
 40
10.0
 40
10.0
 40
10.0
 40
11.0
 40
11.0
 40
11.0
 40
12.0
 40
12.0
 40
12.0
 40
13.0
 40
13.0
 40
13.0
 40
14.0
 40
14.0
 40
14.0
 40
15.0
 40
15.0
 40
15.0
 40
16.0
 40
16.0
 40
16.0
 40
17.0
 40
17.0
 40
17.0
 40
18.0
 40
18.0
 40
18.0
 40
18.0
 10
-618.004488084092
 20
-27.99547811309782
 30
0.0
 10
-618.0044880840844
 20
-27.44319336327199
 30
0.0
 10
-618.4522033342428
 20
-26.99547811310035
 30
0.0
 10
-619.0044880840687
 20
-26.995478113092
 30
0.0
 10
-619.0044880840687
 20
-26.995478113092
 30
0.0
 10
-629.266998518118
 20
-26.99547811309521
 30
0.0
 10
-629.266998518118
 20
-26.99547811309521
 30
0.0
 10
-630.097674570706
 20
-26.99547811309906
 30
0.0
 10
-630.8911679161586
 20
-26.65105648151866
 30
0.0
 10
-631.4584588788918
 20
-26.04425860088262
 30
0.0
 10
-634.1929419085472
 20
-23.11934243621012
 30
0.0
 10
-638.7807914315991
 20
-22.9649658782594
 30
0.0
 10
-641.7057075962794
 20
-25.69944890791646
 30
0.0
 10
-641.8244780511964
 20
-25.81048654971912
 30
0.0
 10
-641.9394796474925
 20
-25.92548814601644
 30
0.0
 10
-642.0505172892939
 20
-26.04425860093396
 30
0.0
 10
-642.6178082520156
 20
-26.65105648154432
 30
0.0
 10
-643.4113015974458
 20
-26.99547811310933
 30
0.0
 10
-644.2419776500086
 20
-26.9954781130965
 30
0.0
 10
-644.2419776500086
 20
-26.9954781130965
 30
0.0
 10
-654.5044880840914
 20
-26.99547811309521
 30
0.0
 10
-654.5044880840914
 20
-26.99547811309521
 30
0.0
 10
-655.0567728339233
 20
-26.99547811309778
 30
0.0
 10
-655.504488084086
 20
-27.44319336326044
 30
0.0
 10
-655.504488084086
 20
-27.99547811308305
 30
0.0
 10
-655.504488084086
 20
-27.99547811308305
 30
0.0
 10
-655.5044880840925
 20
-33.99547811309354
 30
0.0
 10
-655.5044880840925
 20
-33.99547811309354
 30
0.0
 10
-655.5044880840995
 20
-34.54776286292385
 30
0.0
 10
-655.0567728339409
 20
-34.99547811309549
 30
0.0
 10
-654.5044880841152
 20
-34.99547811310384
 30
0.0
 10
-654.5044880841152
 20
-34.99547811310384
 30
0.0
 10
-644.2419776500076
 20
-34.99547811309036
 30
0.0
 10
-644.2419776500076
 20
-34.99547811309036
 30
0.0
 10
-643.4113015974454
 20
-34.99547811308459
 30
0.0
 10
-642.6178082520152
 20
-35.33989974464895
 30
0.0
 10
-642.0505172892942
 20
-35.9466976252606
 30
0.0
 10
-639.3160342596612
 20
-38.87161378996519
 30
0.0
 10
-634.7281847366104
 20
-39.02599034795377
 30
0.0
 10
-631.8032685719071
 20
-36.2915073183211
 30
0.0
 10
-631.6844981169893
 20
-36.18046967651971
 30
0.0
 10
-631.5694965206919
 20
-36.06546808022368
 30
0.0
 10
-631.4584588788895
 20
-35.94669762530616
 30
0.0
 10
-630.8911679161172
 20
-35.33989974466114
 30
0.0
 10
-630.0976745706684
 20
-34.99547811309421
 30
0.0
 10
-629.2669985180854
 20
-34.99547811309421
 30
0.0
 10
-629.2669985180854
 20
-34.99547811309421
 30
0.0
 10
-619.0044880840915
 20
-34.99547811309036
 30
0.0
 10
-619.0044880840915
 20
-34.99547811309036
 30
0.0
 10
-618.4522033342605
 20
-34.99547811309806
 30
0.0
 10
-618.0044880840978
 20
-34.5477628629354
 30
0.0
 10
-618.0044880840978
 20
-33.99547811311278
 30
0.0
 10
-618.0044880840978
 20
-33.99547811311278
 30
0.0
 10
-618.0044880840914
 20
-27.99547811309204
 30
0.0
 10
-618.004488084092
 20
-27.99547811309782
 30
0.0
  0
SPLINE
  5
82
330
70
100
AcDbEntity
  8
0
 62
     7
370
     0
100
AcDbSpline
210
0.0
220
0.0
230
1.0
 70
     8
 71
     3
 72
    32
 73
    28
 74
     0
 42
0.0000000001
 43
0.0000000001
 40
0.0
 40
0.0
 40
0.0
 40
0.0
 40
1.0
 40
1.0
 40
1.0
 40
2.0
 40
2.0
 40
2.0
 40
3.0
 40
3.0
 40
3.0
 40
4.0
 40
4.0
 40
4.0
 40
5.0
 40
5.0
 40
5.0
 40
6.0
 40
6.0
 40
6.0
 40
7.0
 40
7.0
 40
7.0
 40
8.0
 40
8.0
 40
8.0
 40
9.0
 40
9.0
 40
9.0
 40
9.0
 10
-617.0044880840917
 20
-33.99547811309802
 30
0.0
 10
-617.0044880840946
 20
-35.10004761275994
 30
0.0
 10
-617.8999185844347
 20
-35.99547811309746
 30
0.0
 10
-619.0044880840972
 20
-35.99547811309746
 30
0.0
 10
-619.0044880840972
 20
-35.99547811309746
 30
0.0
 10
-629.266998518118
 20
-35.99547811309874
 30
0.0
 10
-629.266998518118
 20
-35.99547811309874
 30
0.0
 10
-629.8207825531693
 20
-35.99547811307371
 30
0.0
 10
-630.3497781168029
 20
-36.2250925341117
 30
0.0
 10
-630.7279720919646
 20
-36.62962445451968
 30
0.0
 10
-630.8543252705632
 20
-36.76477704114823
 30
0.0
 10
-630.9851891559999
 20
-36.89564092658619
 30
0.0
 10
-631.1203417426256
 20
-37.02199410518473
 30
0.0
 10
-634.4486946196607
 20
-40.13364720788621
 30
0.0
 10
-639.6693509734573
 20
-39.95797733159949
 30
0.0
 10
-642.7810040761581
 20
-36.6296244545646
 30
0.0
 10
-643.1591980513204
 20
-36.22509253414892
 30
0.0
 10
-643.6881936149509
 20
-35.99547811309681
 30
0.0
 10
-644.2419776500074
 20
-35.99547811309039
 30
0.0
 10
-644.2419776500074
 20
-35.99547811309039
 30
0.0
 10
-654.5044880840914
 20
-35.99547811309874
 30
0.0
 10
-654.5044880840914
 20
-35.99547811309874
 30
0.0
 10
-655.6090575837514
 20
-35.99547811308911
 30
0.0
 10
-656.5044880840867
 20
-35.1000476127516
 30
0.0
 10
-656.5044880840867
 20
-33.99547811309225
 30
0.0
 10
-656.5044880840867
 20
-33.99547811309225
 30
0.0
 10
-656.5044880840917
 20
-27.99547811309204
 30
0.0
 10
-656.5044880840917
 20
-27.99547811309204
 30
0.0
  0
SPLINE
  5
83
330
70
100
AcDbEntity
  8
0
 62
     7
370
     0
100
AcDbSpline
210
0.0
220
0.0
230
1.0
 70
     8
 71
     3
 72
    32
 73
    28
 74
     0
 42
0.0000000001
 43
0.0000000001
 40
0.0
 40
0.0
 40
0.0
 40
0.0
 40
1.0
 40
1.0
 40
1.0
 40
2.0
 40
2.0
 40
2.0
 40
3.0
 40
3.0
 40
3.0
 40
4.0
 40
4.0
 40
4.0
 40
5.0
 40
5.0
 40
5.0
 40
6.0
 40
6.0
 40
6.0
 40
7.0
 40
7.0
 40
7.0
 40
8.0
 40
8.0
 40
8.0
 40
9.0
 40
9.0
 40
9.0
 40
9.0
 10
-656.5044880840921
 20
-27.99547811308755
 30
0.0
 10
-656.5044880840892
 20
-26.89090861342564
 30
0.0
 10
-655.6090575837491
 20
-25.99547811308811
 30
0.0
 10
-654.5044880840865
 20
-25.99547811308811
 30
0.0
 10
-654.5044880840865
 20
-25.99547811308811
 30
0.0
 10
-644.2419776500076
 20
-25.9954781130971
 30
0.0
 10
-644.2419776500076
 20
-25.9954781130971
 30
0.0
 10
-643.6881936149733
 20
-25.99547811309325
 30
0.0
 10
-643.1591980513407
 20
-25.76586369204692
 30
0.0
 10
-642.7810040761748
 20
-25.36133177163573
 30
0.0
 10
-642.6546508975609
 20
-25.22617918499434
 30
0.0
 10
-642.5237870121232
 20
-25.09531529955767
 30
0.0
 10
-642.3886344254967
 20
-24.96896212095978
 30
0.0
 10
-639.0602815484387
 20
-21.85730901828138
 30
0.0
 10
-633.8396251946424
 20
-22.03297889460405
 30
0.0
 10
-630.727972091964
 20
-25.36133177166204
 30
0.0
 10
-630.3497781168029
 20
-25.76586369207387
 30
0.0
 10
-629.8207825531693
 20
-25.99547811311186
 30
0.0
 10
-629.266998518118
 20
-25.99547811309389
 30
0.0
 10
-629.266998518118
 20
-25.99547811309389
 30
0.0
 10
-619.0044880840915
 20
-25.9954781130971
 30
0.0
 10
-619.0044880840915
 20
-25.9954781130971
 30
0.0
 10
-617.8999185844324
 20
-25.99547811309646
 30
0.0
 10
-617.0044880840971
 20
-26.89090861343398
 30
0.0
 10
-617.0044880840971
 20
-27.99547811309332
 30
0.0
 10
-617.0044880840971
 20
-27.99547811309332
 30
0.0
 10
-617.004488084092
 20
-33.99547811309354
 30
0.0
 10
-617.004488084092
 20
-33.99547811309354
 30
0.0
  0
SPLINE
  5
84
330
70
100
AcDbEntity
  8
0
 62
     7
370
     0
100
AcDbSpline
210
0.0
220
0.0
230
1.0
 70
     8
 71
     3
 72
    11
 73
     7
 74
     0
 42
0.0000000001
 43
0.0000000001
 40
0.0
 40
0.0
 40
0.0
 40
0.0
 40
1.0
 40
1.0
 40
1.0
 40
2.0
 40
2.0
 40
2.0
 40
2.0
 10
-644.4771819146482
 20
364.0045218869571
 30
0.0
 10
-641.7157581655226
 20
359.7393958567286
 30
0.0
 10
-636.0196141143716
 20
358.520404307224
 30
0.0
 10
-631.754488084143
 20
361.2818280563496
 30
0.0
 10
-630.6614177142493
 20
361.9895282409392
 30
0.0
 10
-629.7310324429503
 20
362.9212075565655
 30
0.0
 10
-629.0248522026972
 20
364.0152605045916
 30
0.0
  0
SPLINE
  5
85
330
70
100
AcDbEntity
  8
0
 62
     7
370
     0
100
AcDbSpline
210
0.0
220
0.0
230
1.0
 70
     8
 71
     3
 72
    11
 73
     7
 74
     0
 42
0.0000000001
 43
0.0000000001
 40
0.0
 40
0.0
 40
0.0
 40
0.0
 40
1.0
 40
1.0
 40
1.0
 40
2.0
 40
2.0
 40
2.0
 40
2.0
 10
-629.0317942535356
 20
374.0045218868548
 30
0.0
 10
-631.7932180026612
 20
378.2696479170833
 30
0.0
 10
-637.4893620538123
 20
379.4886394665878
 30
0.0
 10
-641.7544880840408
 20
376.7272157174622
 30
0.0
 10
-642.8439403374365
 20
376.0218580551695
 30
0.0
 10
-643.7718242523555
 20
375.0939741402506
 30
0.0
 10
-644.4771819146482
 20
374.0045218868548
 30
0.0
  0
SPLINE
  5
86
330
70
100
AcDbEntity
  8
0
 62
     7
370
     0
100
AcDbSpline
210
0.0
220
0.0
230
1.0
 70
     8
 71
     3
 72
    11
 73
     7
 74
     0
 42
0.0000000001
 43
0.0000000001
 40
0.0
 40
0.0
 40
0.0
 40
0.0
 40
1.0
 40
1.0
 40
1.0
 40
2.0
 40
2.0
 40
2.0
 40
2.0
 10
-623.1438304952554
 20
374.0045218868503
 30
0.0
 10
-625.9052542443785
 20
381.5214805083336
 30
0.0
 10
-634.2375294625529
 20
385.3766032248657
 30
0.0
 10
-641.7544880840363
 20
382.6151794757424
 30
0.0
 10
-645.7492541571964
 20
381.1476654900877
 30
0.0
 10
-648.8976316872737
 20
377.9992879600104
 30
0.0
 10
-650.3651456729284
 20
374.0045218868503
 30
0.0
  0
SPLINE
  5
87
330
70
100
AcDbEntity
  8
0
 62
     7
370
     0
100
AcDbSpline
210
0.0
220
0.0
230
1.0
 70
     8
 71
     3
 72
    11
 73
     7
 74
     0
 42
0.0000000001
 43
0.0000000001
 40
0.0
 40
0.0
 40
0.0
 40
0.0
 40
1.0
 40
1.0
 40
1.0
 40
2.0
 40
2.0
 40
2.0
 40
2.0
 10
-626.1214029250279
 20
374.0045218869151
 30
0.0
 10
-628.882826674187
 20
379.8770126639183
 30
0.0
 10
-635.8819973070981
 20
382.3990307951289
 30
0.0
 10
-641.7544880841011
 20
379.6376070459699
 30
0.0
 10
-644.2308456514872
 20
378.4731484103314
 30
0.0
 10
-646.2231146075173
 20
376.4808794543012
 30
0.0
 10
-647.3875732431558
 20
374.0045218869151
 30
0.0
  0
SPLINE
  5
88
330
70
100
AcDbEntity
  8
0
 62
     7
370
     0
100
AcDbSpline
210
0.0
220
0.0
230
1.0
 70
     8
 71
     3
 72
    11
 73
     7
 74
     0
 42
0.0000000001
 43
0.0000000001
 40
0.0
 40
0.0
 40
0.0
 40
0.0
 40
1.0
 40
1.0
 40
1.0
 40
2.0
 40
2.0
 40
2.0
 40
2.0
 10
-647.3875732431558
 20
364.0045218868968
 30
0.0
 10
-644.6261494939969
 20
358.1320311098935
 30
0.0
 10
-637.6269788610857
 20
355.6100129786827
 30
0.0
 10
-631.7544880840828
 20
358.371436727842
 30
0.0
 10
-629.2914078507749
 20
359.5296519572257
 30
0.0
 10
-627.3068143468182
 20
361.5070431301961
 30
0.0
 10
-626.1396517349233
 20
363.9658961535961
 30
0.0
  0
LINE
  5
89
330
70
100
AcDbEntity
  8
0
 62
     7
370
     0
100
AcDbLine
 10
-643.3166904582813
 20
364.8582639237326
 30
0.0
 11
-643.3166904582813
 21
373.1507798500588
 31
0.0
  0
LINE
  5
8A
330
70
100
AcDbEntity
  8
0
 62
     7
370
     0
100
AcDbLine
 10
-630.1922857098742
 20
364.8582639237326
 30
0.0
 11
-630.1922857098742
 21
373.1507798500588
 31
0.0
  0
CIRCLE
  5
8B
330
70
100
AcDbEntity
  8
0
 62
     7
370
     0
100
AcDbCircle
 10
-636.7544880840918
 20
369.0045218869059
 30
0.0
 40
4.499999999999838
  0
SPLINE
  5
8C
330
70
100
AcDbEntity
  8
0
 62
     7
370
     0
100
AcDbSpline
210
0.0
220
0.0
230
1.0
 70
     8
 71
     3
 72
    11
 73
     7
 74
     0
 42
0.0000000001
 43
0.0000000001
 40
0.0
 40
0.0
 40
0.0
 40
0.0
 40
1.0
 40
1.0
 40
1.0
 40
2.0
 40
2.0
 40
2.0
 40
2.0
 10
-650.3651456729284
 20
364.0045218869616
 30
0.0
 10
-647.6037219238054
 20
356.4875632654783
 30
0.0
 10
-639.2714467056308
 20
352.6324405489461
 30
0.0
 10
-631.7544880841476
 20
355.3938642980692
 30
0.0
 10
-627.7597220109874
 20
356.8613782837242
 30
0.0
 10
-624.6113444809101
 20
360.0097558138015
 30
0.0
 10
-623.1438304952554
 20
364.0045218869616
 30
0.0
  0
SPLINE
  5
8D
330
70
100
AcDbEntity
  8
0
 62
     7
370
     0
100
AcDbSpline
210
0.0
220
0.0
230
1.0
 70
     9
 71
     3
 72
    59
 73
    55
 74
     0
 42
0.0000000001
 43
0.0000000001
 40
0.0
 40
0.0
 40
0.0
 40
0.0
 40
1.0
 40
1.0
 40
1.0
 40
2.0
 40
2.0
 40
2.0
 40
3.0
 40
3.0
 40
3.0
 40
4.0
 40
4.0
 40
4.0
 40
5.0
 40
5.0
 40
5.0
 40
6.0
 40
6.0
 40
6.0
 40
7.0
 40
7.0
 40
7.0
 40
8.0
 40
8.0
 40
8.0
 40
9.0
 40
9.0
 40
9.0
 40
10.0
 40
10.0
 40
10.0
 40
11.0
 40
11.0
 40
11.0
 40
12.0
 40
12.0
 40
12.0
 40
13.0
 40
13.0
 40
13.0
 40
14.0
 40
14.0
 40
14.0
 40
15.0
 40
15.0
 40
15.0
 40
16.0
 40
16.0
 40
16.0
 40
17.0
 40
17.0
 40
17.0
 40
18.0
 40
18.0
 40
18.0
 40
18.0
 10
-618.004488084092
 20
366.004521886891
 30
0.0
 10
-618.004488084092
 20
365.4522371370652
 30
0.0
 10
-618.4522033342573
 20
365.0045218869
 30
0.0
 10
-619.0044880840831
 20
365.0045218869
 30
0.0
 10
-619.0044880840831
 20
365.0045218869
 30
0.0
 10
-629.266998518118
 20
365.0045218869032
 30
0.0
 10
-629.266998518118
 20
365.0045218869032
 30
0.0
 10
-630.0976745707387
 20
365.0045218869081
 30
0.0
 10
-630.8911679161878
 20
364.6601002553193
 30
0.0
 10
-631.4584588789143
 20
364.0533023746772
 30
0.0
 10
-631.5694965206926
 20
363.9345319197808
 30
0.0
 10
-631.6844981169896
 20
363.8195303234848
 30
0.0
 10
-631.8032685719077
 20
363.7084926816834
 30
0.0
 10
-634.7281847366104
 20
360.9740096520507
 30
0.0
 10
-639.3160342596612
 20
361.1283862100393
 30
0.0
 10
-642.0505172892939
 20
364.0533023747423
 30
0.0
 10
-642.6178082520152
 20
364.6601002553524
 30
0.0
 10
-643.4113015974458
 20
365.0045218869174
 30
0.0
 10
-644.2419776500083
 20
365.0045218869045
 30
0.0
 10
-644.2419776500083
 20
365.0045218869045
 30
0.0
 10
-654.5044880840914
 20
365.0045218869032
 30
0.0
 10
-654.5044880840914
 20
365.0045218869032
 30
0.0
 10
-655.056772833938
 20
365.0045218869135
 30
0.0
 10
-655.5044880840942
 20
365.4522371370829
 30
0.0
 10
-655.504488084086
 20
366.0045218869055
 30
0.0
 10
-655.504488084086
 20
366.0045218869055
 30
0.0
 10
-655.5044880840925
 20
372.0045218869012
 30
0.0
 10
-655.5044880840925
 20
372.0045218869012
 30
0.0
 10
-655.5044880840918
 20
372.5568066367466
 30
0.0
 10
-655.0567728339265
 20
373.0045218869118
 30
0.0
 10
-654.5044880841007
 20
373.0045218869118
 30
0.0
 10
-654.5044880841007
 20
373.0045218869118
 30
0.0
 10
-644.2419776500076
 20
373.0045218869087
 30
0.0
 10
-644.2419776500076
 20
373.0045218869087
 30
0.0
 10
-643.4113015974454
 20
373.0045218868926
 30
0.0
 10
-642.6178082520152
 20
373.348943518457
 30
0.0
 10
-642.0505172892942
 20
373.9557413990686
 30
0.0
 10
-641.9394796474931
 20
374.0745118539881
 30
0.0
 10
-641.8244780511968
 20
374.1895134502854
 30
0.0
 10
-641.7057075962799
 20
374.3005510920877
 30
0.0
 10
-638.7807914315994
 20
377.0350341217451
 30
0.0
 10
-634.192941908547
 20
376.8806575637947
 30
0.0
 10
-631.4584588788899
 20
373.9557413991145
 30
0.0
 10
-630.8911679161465
 20
373.3489435184974
 30
0.0
 10
-630.0976745707012
 20
373.0045218869215
 30
0.0
 10
-629.266998518118
 20
373.0045218869125
 30
0.0
 10
-629.266998518118
 20
373.0045218869125
 30
0.0
 10
-619.0044880840915
 20
373.0045218869087
 30
0.0
 10
-619.0044880840915
 20
373.0045218869087
 30
0.0
 10
-618.4522033342457
 20
373.0045218868984
 30
0.0
 10
-618.0044880840895
 20
372.556806636729
 30
0.0
 10
-618.0044880840978
 20
372.0045218869064
 30
0.0
 10
-618.0044880840978
 20
372.0045218869064
 30
0.0
 10
-618.0044880840914
 20
366.0045218869107
 30
0.0
 10
-618.004488084092
 20
366.004521886891
 30
0.0
  0
SPLINE
  5
8E
330
70
100
AcDbEntity
  8
0
 62
     7
370
     0
100
AcDbSpline
210
0.0
220
0.0
230
1.0
 70
     8
 71
     3
 72
    32
 73
    28
 74
     0
 42
0.0000000001
 43
0.0000000001
 40
0.0
 40
0.0
 40
0.0
 40
0.0
 40
1.0
 40
1.0
 40
1.0
 40
2.0
 40
2.0
 40
2.0
 40
3.0
 40
3.0
 40
3.0
 40
4.0
 40
4.0
 40
4.0
 40
5.0
 40
5.0
 40
5.0
 40
6.0
 40
6.0
 40
6.0
 40
7.0
 40
7.0
 40
7.0
 40
8.0
 40
8.0
 40
8.0
 40
9.0
 40
9.0
 40
9.0
 40
9.0
 10
-617.0044880840917
 20
372.0045218869105
 30
0.0
 10
-617.0044880840917
 20
373.1090913865731
 30
0.0
 10
-617.8999185844292
 20
374.0045218869131
 30
0.0
 10
-619.0044880840917
 20
374.004521886916
 30
0.0
 10
-619.0044880840917
 20
374.004521886916
 30
0.0
 10
-629.266998518118
 20
374.0045218869067
 30
0.0
 10
-629.266998518118
 20
374.0045218869067
 30
0.0
 10
-629.8207825531693
 20
374.0045218868923
 30
0.0
 10
-630.3497781168029
 20
374.23413630793
 30
0.0
 10
-630.7279720919646
 20
374.638668228338
 30
0.0
 10
-633.8396251946431
 20
377.9670211053873
 30
0.0
 10
-639.060281548438
 20
378.1426909817103
 30
0.0
 10
-642.3886344254953
 20
375.0310378790325
 30
0.0
 10
-642.523787012122
 20
374.9046847004346
 30
0.0
 10
-642.6546508975596
 20
374.773820814998
 30
0.0
 10
-642.7810040761585
 20
374.6386682283723
 30
0.0
 10
-643.1591980513397
 20
374.2341363079556
 30
0.0
 10
-643.6881936149728
 20
374.004521886909
 30
0.0
 10
-644.2419776500291
 20
374.004521886909
 30
0.0
 10
-644.2419776500291
 20
374.004521886909
 30
0.0
 10
-654.5044880840914
 20
374.0045218869067
 30
0.0
 10
-654.5044880840914
 20
374.0045218869067
 30
0.0
 10
-655.6090575837459
 20
374.0045218869106
 30
0.0
 10
-656.5044880840835
 20
373.1090913865753
 30
0.0
 10
-656.5044880840867
 20
372.004521886916
 30
0.0
 10
-656.5044880840867
 20
372.004521886916
 30
0.0
 10
-656.5044880840917
 20
366.0045218869107
 30
0.0
 10
-656.5044880840917
 20
366.0045218869107
 30
0.0
  0
SPLINE
  5
8F
330
70
100
AcDbEntity
  8
0
 62
     7
370
     0
100
AcDbSpline
210
0.0
220
0.0
230
1.0
 70
     8
 71
     3
 72
    32
 73
    28
 74
     0
 42
0.0000000001
 43
0.0000000001
 40
0.0
 40
0.0
 40
0.0
 40
0.0
 40
1.0
 40
1.0
 40
1.0
 40
2.0
 40
2.0
 40
2.0
 40
3.0
 40
3.0
 40
3.0
 40
4.0
 40
4.0
 40
4.0
 40
5.0
 40
5.0
 40
5.0
 40
6.0
 40
6.0
 40
6.0
 40
7.0
 40
7.0
 40
7.0
 40
8.0
 40
8.0
 40
8.0
 40
9.0
 40
9.0
 40
9.0
 40
9.0
 10
-656.5044880840921
 20
366.0045218869013
 30
0.0
 10
-656.5044880840921
 20
364.8999523872388
 30
0.0
 10
-655.6090575837546
 20
364.0045218868987
 30
0.0
 10
-654.504488084092
 20
364.0045218868958
 30
0.0
 10
-654.504488084092
 20
364.0045218868958
 30
0.0
 10
-644.2419776500076
 20
364.0045218869051
 30
0.0
 10
-644.2419776500076
 20
364.0045218869051
 30
0.0
 10
-643.6881936149516
 20
364.0045218868952
 30
0.0
 10
-643.1591980513211
 20
363.7749074658427
 30
0.0
 10
-642.7810040761601
 20
363.3703755454281
 30
0.0
 10
-639.6693509734579
 20
360.0420226684021
 30
0.0
 10
-634.4486946196605
 20
359.8663527921154
 30
0.0
 10
-631.1203417426242
 20
362.9780058948172
 30
0.0
 10
-630.9851891559985
 20
363.1043590734164
 30
0.0
 10
-630.8543252705619
 20
363.235222958854
 30
0.0
 10
-630.727972091964
 20
363.3703755454807
 30
0.0
 10
-630.3497781168029
 20
363.7749074658822
 30
0.0
 10
-629.8207825531693
 20
364.0045218869198
 30
0.0
 10
-629.2669985181178
 20
364.0045218869019
 30
0.0
 10
-629.2669985181178
 20
364.0045218869019
 30
0.0
 10
-619.0044880840915
 20
364.0045218869051
 30
0.0
 10
-619.0044880840915
 20
364.0045218869051
 30
0.0
 10
-617.8999185844378
 20
364.0045218869013
 30
0.0
 10
-617.0044880841003
 20
364.8999523872365
 30
0.0
 10
-617.0044880840971
 20
366.0045218868959
 30
0.0
 10
-617.0044880840971
 20
366.0045218868959
 30
0.0
 10
-617.004488084092
 20
372.0045218869012
 30
0.0
 10
-617.004488084092
 20
372.0045218869012
 30
0.0
  0
SPLINE
  5
90
330
70
100
AcDbEntity
  8
0
  6
AI-Linetype-0
 62
     7
370
     0
100
AcDbSpline
210
0.0
220
0.0
230
1.0
 70
     9
 71
     3
 72
    29
 73
    25
 74
     0
 42
0.0000000001
 43
0.0000000001
 40
0.0
 40
0.0
 40
0.0
 40
0.0
 40
1.0
 40
1.0
 40
1.0
 40
2.0
 40
2.0
 40
2.0
 40
3.0
 40
3.0
 40
3.0
 40
4.0
 40
4.0
 40
4.0
 40
5.0
 40
5.0
 40
5.0
 40
6.0
 40
6.0
 40
6.0
 40
7.0
 40
7.0
 40
7.0
 40
8.0
 40
8.0
 40
8.0
 40
8.0
 10
-1183.554488084093
 20
-129.3954781130885
 30
0.0
 10
-1183.554488084093
 20
-129.3954781130885
 30
0.0
 10
-589.9544880840948
 20
-129.3954781130885
 30
0.0
 10
-589.9544880840948
 20
-129.3954781130885
 30
0.0
 10
-589.0708324843553
 20
-129.3954781130892
 30
0.0
 10
-588.3544880840819
 20
-128.6791337128161
 30
0.0
 10
-588.3544880840819
 20
-127.7954781130833
 30
0.0
 10
-588.3544880840819
 20
-127.7954781130833
 30
0.0
 10
-588.3544880840889
 20
465.8045218868933
 30
0.0
 10
-588.3544880840889
 20
465.8045218868933
 30
0.0
 10
-588.3544880840892
 20
466.6881774866199
 30
0.0
 10
-589.0708324843591
 20
467.4045218868898
 30
0.0
 10
-589.9544880840877
 20
467.4045218868898
 30
0.0
 10
-589.9544880840877
 20
467.4045218868898
 30
0.0
 10
-1183.554488084092
 20
467.4045218868966
 30
0.0
 10
-1183.554488084092
 20
467.4045218868966
 30
0.0
 10
-1184.438143683826
 20
467.404521886903
 30
0.0
 10
-1185.154488084093
 20
466.6881774866363
 30
0.0
 10
-1185.154488084093
 20
465.8045218869118
 30
0.0
 10
-1185.154488084093
 20
465.8045218869118
 30
0.0
 10
-1185.154488084092
 20
-127.7954781130853
 30
0.0
 10
-1185.154488084092
 20
-127.7954781130853
 30
0.0
 10
-1185.154488084092
 20
-128.6791337128142
 30
0.0
 10
-1184.438143683824
 20
-129.3954781130879
 30
0.0
 10
-1183.554488084093
 20
-129.3954781130885
 30
0.0
  0
SPLINE
  5
92
330
70
100
AcDbEntity
  8
0
  6
AI-Linetype-1
 62
     7
370
     0
100
AcDbSpline
210
0.0
220
0.0
230
1.0
 70
     9
 71
     3
 72
    29
 73
    25
 74
     0
 42
0.0000000001
 43
0.0000000001
 40
0.0
 40
0.0
 40
0.0
 40
0.0
 40
1.0
 40
1.0
 40
1.0
 40
2.0
 40
2.0
 40
2.0
 40
3.0
 40
3.0
 40
3.0
 40
4.0
 40
4.0
 40
4.0
 40
5.0
 40
5.0
 40
5.0
 40
6.0
 40
6.0
 40
6.0
 40
7.0
 40
7.0
 40
7.0
 40
8.0
 40
8.0
 40
8.0
 40
8.0
 10
-1181.054488084092
 20
-126.8954781130881
 30
0.0
 10
-1181.054488084092
 20
-126.8954781130881
 30
0.0
 10
-592.4544880840945
 20
-126.8954781130881
 30
0.0
 10
-592.4544880840945
 20
-126.8954781130881
 30
0.0
 10
-591.5708324843544
 20
-126.8954781130888
 30
0.0
 10
-590.854488084081
 20
-126.1791337128157
 30
0.0
 10
-590.854488084081
 20
-125.2954781130829
 30
0.0
 10
-590.854488084081
 20
-125.2954781130829
 30
0.0
 10
-590.8544880840893
 20
463.3045218868938
 30
0.0
 10
-590.8544880840893
 20
463.3045218868938
 30
0.0
 10
-590.8544880840884
 20
464.1881774866195
 30
0.0
 10
-591.5708324843582
 20
464.9045218868894
 30
0.0
 10
-592.4544880840868
 20
464.9045218868894
 30
0.0
 10
-592.4544880840868
 20
464.9045218868894
 30
0.0
 10
-1181.054488084093
 20
464.9045218868962
 30
0.0
 10
-1181.054488084093
 20
464.9045218868962
 30
0.0
 10
-1181.938143683826
 20
464.9045218869026
 30
0.0
 10
-1182.654488084093
 20
464.1881774866359
 30
0.0
 10
-1182.654488084093
 20
463.3045218869114
 30
0.0
 10
-1182.654488084093
 20
463.3045218869114
 30
0.0
 10
-1182.654488084091
 20
-125.2954781130855
 30
0.0
 10
-1182.654488084091
 20
-125.2954781130855
 30
0.0
 10
-1182.654488084091
 20
-126.1791337128137
 30
0.0
 10
-1181.938143683823
 20
-126.8954781130875
 30
0.0
 10
-1181.054488084092
 20
-126.8954781130881
 30
0.0
  0
SPLINE
  5
94
330
70
100
AcDbEntity
  8
0
 62
     7
370
     0
100
AcDbSpline
210
0.0
220
0.0
230
1.0
 70
     9
 71
     3
 72
    29
 73
    25
 74
     0
 42
0.0000000001
 43
0.0000000001
 40
0.0
 40
0.0
 40
0.0
 40
0.0
 40
1.0
 40
1.0
 40
1.0
 40
2.0
 40
2.0
 40
2.0
 40
3.0
 40
3.0
 40
3.0
 40
4.0
 40
4.0
 40
4.0
 40
5.0
 40
5.0
 40
5.0
 40
6.0
 40
6.0
 40
6.0
 40
7.0
 40
7.0
 40
7.0
 40
8.0
 40
8.0
 40
8.0
 40
8.0
 10
-1183.554488084093
 20
-130.9954781130937
 30
0.0
 10
-1183.554488084093
 20
-130.9954781130937
 30
0.0
 10
-589.9544880840948
 20
-130.9954781130937
 30
0.0
 10
-589.9544880840948
 20
-130.9954781130937
 30
0.0
 10
-588.1871768846244
 20
-130.9954781130905
 30
0.0
 10
-586.7544880840844
 20
-129.5627893125507
 30
0.0
 10
-586.7544880840844
 20
-127.7954781130936
 30
0.0
 10
-586.7544880840844
 20
-127.7954781130936
 30
0.0
 10
-586.7544880840902
 20
465.8045218869122
 30
0.0
 10
-586.7544880840902
 20
465.8045218869122
 30
0.0
 10
-586.7544880841065
 20
467.5718330863635
 30
0.0
 10
-588.1871768846415
 20
469.0045218868959
 30
0.0
 10
-589.9544880840948
 20
469.0045218869091
 30
0.0
 10
-589.9544880840948
 20
469.0045218869091
 30
0.0
 10
-1183.554488084092
 20
469.0045218869017
 30
0.0
 10
-1183.554488084092
 20
469.0045218869017
 30
0.0
 10
-1185.321799283556
 20
469.0045218869046
 30
0.0
 10
-1186.75448808409
 20
467.5718330863709
 30
0.0
 10
-1186.75448808409
 20
465.8045218869221
 30
0.0
 10
-1186.75448808409
 20
465.8045218869221
 30
0.0
 10
-1186.754488084089
 20
-127.7954781130936
 30
0.0
 10
-1186.754488084089
 20
-127.7954781130936
 30
0.0
 10
-1186.754488084074
 20
-129.5627893125424
 30
0.0
 10
-1185.321799283543
 20
-130.9954781130732
 30
0.0
 10
-1183.554488084093
 20
-130.9954781130937
 30
0.0
  0
SPLINE
  5
95
330
70
100
AcDbEntity
  8
0
 62
     7
370
     0
100
AcDbSpline
210
0.0
220
0.0
230
1.0
 70
     9
 71
     3
 72
    29
 73
    25
 74
     0
 42
0.0000000001
 43
0.0000000001
 40
0.0
 40
0.0
 40
0.0
 40
0.0
 40
1.0
 40
1.0
 40
1.0
 40
2.0
 40
2.0
 40
2.0
 40
3.0
 40
3.0
 40
3.0
 40
4.0
 40
4.0
 40
4.0
 40
5.0
 40
5.0
 40
5.0
 40
6.0
 40
6.0
 40
6.0
 40
7.0
 40
7.0
 40
7.0
 40
8.0
 40
8.0
 40
8.0
 40
8.0
 10
-1181.054488084092
 20
-128.4954781130933
 30
0.0
 10
-1181.054488084092
 20
-128.4954781130933
 30
0.0
 10
-592.4544880840945
 20
-128.4954781130933
 30
0.0
 10
-592.4544880840945
 20
-128.4954781130933
 30
0.0
 10
-590.6871768846249
 20
-128.4954781130901
 30
0.0
 10
-589.2544880840847
 20
-127.0627893125503
 30
0.0
 10
-589.2544880840847
 20
-125.2954781130932
 30
0.0
 10
-589.2544880840847
 20
-125.2954781130932
 30
0.0
 10
-589.2544880840905
 20
463.3045218869127
 30
0.0
 10
-589.2544880840905
 20
463.3045218869127
 30
0.0
 10
-589.2544880841056
 20
465.0718330863631
 30
0.0
 10
-590.6871768846406
 20
466.5045218868955
 30
0.0
 10
-592.4544880840938
 20
466.5045218869087
 30
0.0
 10
-592.4544880840938
 20
466.5045218869087
 30
0.0
 10
-1181.054488084093
 20
466.5045218869013
 30
0.0
 10
-1181.054488084093
 20
466.5045218869013
 30
0.0
 10
-1182.821799283557
 20
466.5045218869042
 30
0.0
 10
-1184.254488084091
 20
465.0718330863705
 30
0.0
 10
-1184.254488084091
 20
463.3045218869217
 30
0.0
 10
-1184.254488084091
 20
463.3045218869217
 30
0.0
 10
-1184.25448808409
 20
-125.2954781130945
 30
0.0
 10
-1184.25448808409
 20
-125.2954781130945
 30
0.0
 10
-1184.254488084073
 20
-127.0627893125523
 30
0.0
 10
-1182.821799283543
 20
-128.495478113083
 30
0.0
 10
-1181.054488084092
 20
-128.4954781130933
 30
0.0
  0
SPLINE
  5
96
330
70
100
AcDbEntity
  8
0
  6
AI-Linetype-2
 62
     7
370
     0
100
AcDbSpline
210
0.0
220
0.0
230
1.0
 70
     9
 71
     3
 72
    29
 73
    25
 74
     0
 42
0.0000000001
 43
0.0000000001
 40
0.0
 40
0.0
 40
0.0
 40
0.0
 40
1.0
 40
1.0
 40
1.0
 40
2.0
 40
2.0
 40
2.0
 40
3.0
 40
3.0
 40
3.0
 40
4.0
 40
4.0
 40
4.0
 40
5.0
 40
5.0
 40
5.0
 40
6.0
 40
6.0
 40
6.0
 40
7.0
 40
7.0
 40
7.0
 40
8.0
 40
8.0
 40
8.0
 40
8.0
 10
-200.6214226939456
 20
-111.3954781130917
 30
0.0
 10
-200.6214226939456
 20
-111.3954781130917
 30
0.0
 10
392.9785773060528
 20
-111.3954781130917
 30
0.0
 10
392.9785773060528
 20
-111.3954781130917
 30
0.0
 10
393.8622329057901
 20
-111.3954781130924
 30
0.0
 10
394.5785773060632
 20
-110.6791337128193
 30
0.0
 10
394.5785773060632
 20
-109.7954781130866
 30
0.0
 10
394.5785773060632
 20
-109.7954781130866
 30
0.0
 10
394.5785773060586
 20
483.80452188689
 30
0.0
 10
394.5785773060586
 20
483.80452188689
 30
0.0
 10
394.5785773060574
 20
484.688177486628
 30
0.0
 10
393.8622329057869
 20
485.4045218868987
 30
0.0
 10
392.9785773060573
 20
485.4045218868987
 30
0.0
 10
392.9785773060573
 20
485.4045218868987
 30
0.0
 10
-200.6214226939463
 20
485.4045218869036
 30
0.0
 10
-200.6214226939463
 20
485.4045218869036
 30
0.0
 10
-201.505078293679
 20
485.4045218868997
 30
0.0
 10
-202.221422693946
 20
484.688177486633
 30
0.0
 10
-202.221422693946
 20
483.8045218869086
 30
0.0
 10
-202.221422693946
 20
483.8045218869086
 30
0.0
 10
-202.2214226939444
 20
-109.7954781130782
 30
0.0
 10
-202.2214226939444
 20
-109.7954781130782
 30
0.0
 10
-202.2214226939447
 20
-110.6791337128167
 30
0.0
 10
-201.5050782936765
 20
-111.3954781130898
 30
0.0
 10
-200.6214226939456
 20
-111.3954781130917
 30
0.0
  0
LWPOLYLINE
  5
98
330
70
100
AcDbEntity
  8
0
 62
     7
370
     0
100
AcDbPolyline
 90
        4
 70
     1
 43
0.0
 10
-184.8214226939431
 20
-93.99547811309181
 10
377.1785773060568
 20
-93.99547811309181
 10
377.1785773060561
 20
468.0045218869081
 10
-184.8214226939438
 20
468.0045218869036
  0
LWPOLYLINE
  5
99
330
70
100
AcDbEntity
  8
0
 62
     7
370
     0
100
AcDbPolyline
 90
        4
 70
     1
 43
0.0
 10
-183.2214226939379
 20
-92.39547811308661
 10
375.5785773060503
 20
-92.39547811308661
 10
375.5785773060509
 20
466.4045218869016
 10
-183.2214226939373
 20
466.4045218868984
  0
LWPOLYLINE
  5
9A
330
70
100
AcDbEntity
  8
0
  6
AI-Linetype-3
 62
     7
370
     0
100
AcDbPolyline
 90
        4
 70
     1
 43
0.0
 10
-177.9214226939349
 20
-87.09547811308738
 10
370.2785773060479
 20
-87.09547811308738
 10
370.2785773060479
 20
461.104521886895
 10
-177.9214226939346
 20
461.1045218868992
  0
LWPOLYLINE
  5
9C
330
70
100
AcDbEntity
  8
0
 62
     7
370
     0
100
AcDbPolyline
 90
        4
 70
     1
 43
0.0
 10
-176.3214226939284
 20
-85.49547811308221
 10
368.6785773060427
 20
-85.49547811308221
 10
368.6785773060427
 20
459.5045218868889
 10
-176.3214226939281
 20
459.504521886894
  0
SPLINE
  5
9D
330
70
100
AcDbEntity
  8
0
 62
     7
370
     0
100
AcDbSpline
210
0.0
220
0.0
230
1.0
 70
     9
 71
     3
 72
    29
 73
    25
 74
     0
 42
0.0000000001
 43
0.0000000001
 40
0.0
 40
0.0
 40
0.0
 40
0.0
 40
1.0
 40
1.0
 40
1.0
 40
2.0
 40
2.0
 40
2.0
 40
3.0
 40
3.0
 40
3.0
 40
4.0
 40
4.0
 40
4.0
 40
5.0
 40
5.0
 40
5.0
 40
6.0
 40
6.0
 40
6.0
 40
7.0
 40
7.0
 40
7.0
 40
8.0
 40
8.0
 40
8.0
 40
8.0
 10
-200.6214226939456
 20
-112.9954781130969
 30
0.0
 10
-200.6214226939456
 20
-112.9954781130969
 30
0.0
 10
392.9785773060528
 20
-112.9954781130969
 30
0.0
 10
392.9785773060528
 20
-112.9954781130969
 30
0.0
 10
394.7458885055209
 20
-112.9954781130937
 30
0.0
 10
396.1785773060607
 20
-111.562789312554
 30
0.0
 10
396.1785773060607
 20
-109.7954781130968
 30
0.0
 10
396.1785773060607
 20
-109.7954781130968
 30
0.0
 10
396.1785773060562
 20
483.804521886909
 30
0.0
 10
396.1785773060562
 20
483.804521886909
 30
0.0
 10
396.1785773060402
 20
485.5718330863607
 30
0.0
 10
394.7458885055055
 20
487.0045218868937
 30
0.0
 10
392.9785773060522
 20
487.0045218869075
 30
0.0
 10
392.9785773060522
 20
487.0045218869075
 30
0.0
 10
-200.6214226939463
 20
487.0045218869088
 30
0.0
 10
-200.6214226939463
 20
487.0045218869088
 30
0.0
 10
-202.3887338934098
 20
487.0045218869014
 30
0.0
 10
-203.8214226939435
 20
485.5718330863677
 30
0.0
 10
-203.8214226939435
 20
483.8045218869189
 30
0.0
 10
-203.8214226939435
 20
483.8045218869189
 30
0.0
 10
-203.8214226939432
 20
-109.7954781130968
 30
0.0
 10
-203.8214226939432
 20
-109.7954781130968
 30
0.0
 10
-203.8214226939275
 20
-111.5627893125456
 30
0.0
 10
-202.3887338933967
 20
-112.9954781130764
 30
0.0
 10
-200.6214226939456
 20
-112.9954781130969
 30
0.0
  0
MTEXT
  5
9E
330
70
100
AcDbEntity
  8
0
100
AcDbMText
 10
-1088.871606851263
 20
544.3984241396164
 30
0.0
 40
0.2
 41
0.0
 46
0.0
 71
     7
 72
     1
  1
\C7;\FArial|b0|i0|c1;\H23.100000;\W1.000000;VISTA A - VISTA FRONTAL
 73
     1
 44
1.0
  0
INSERT
  5
A0
330
70
100
AcDbEntity
  8
0
100
AcDbBlockReference
  2
Block_0
 10
0.0
 20
0.0
 30
0.0
  0
INSERT
  5
A6
330
70
100
AcDbEntity
  8
0
100
AcDbBlockReference
  2
Block_1
 10
0.0
 20
0.0
 30
0.0
  0
INSERT
  5
AE
330
70
100
AcDbEntity
  8
0
100
AcDbBlockReference
  2
Block_2
 10
0.0
 20
0.0
 30
0.0
  0
LWPOLYLINE
  5
B5
330
70
100
AcDbEntity
  8
0
 62
     7
370
     0
100
AcDbPolyline
 90
        6
 70
     1
 43
0.0
 10
-591.2544880840945
 20
472.0045218869063
 10
-1182.254488084094
 20
472.0045218869063
 10
-1184.254488084094
 20
470.0045218869062
 10
-1184.254488084094
 20
469.0045218869101
 10
-589.2544880840944
 20
469.0045218869017
 10
-589.2544880840944
 20
470.0045218869018
  0
LWPOLYLINE
  5
B6
330
70
100
AcDbEntity
  8
0
 62
     7
370
     0
100
AcDbPolyline
 90
        6
 70
     1
 43
0.0
 10
-591.2544880840945
 20
-133.9954781130983
 10
-1182.254488084094
 20
-133.9954781130983
 10
-1184.254488084094
 20
-131.9954781130983
 10
-1184.254488084094
 20
-130.9954781130918
 10
-589.2544880840944
 20
-130.9954781130937
 10
-589.2544880840944
 20
-131.9954781130938
  0
LWPOLYLINE
  5
B7
330
70
100
AcDbEntity
  8
0
 62
     7
370
     0
100
AcDbPolyline
 90
        6
 70
     1
 43
0.0
 10
391.6785773060493
 20
490.0045218869031
 10
-199.3214226939507
 20
490.0045218869031
 10
-201.3214226939505
 20
488.0045218869031
 10
-201.3214226939505
 20
487.0045218869068
 10
393.6785773060494
 20
487.0045218869088
 10
393.6785773060494
 20
488.0045218869088
  0
LWPOLYLINE
  5
B8
330
70
100
AcDbEntity
  8
0
 62
     7
370
     0
100
AcDbPolyline
 90
        6
 70
     1
 43
0.0
 10
391.6785773060493
 20
-115.9954781130913
 10
-199.3214226939507
 20
-115.9954781130913
 10
-201.3214226939505
 20
-113.9954781130912
 10
-201.3214226939505
 20
-112.995478113095
 10
393.6785773060494
 20
-112.9954781130969
 10
393.6785773060494
 20
-113.995478113097
  0
LWPOLYLINE
  5
B9
330
70
100
AcDbEntity
  8
0
 62
     7
370
     0
100
AcDbPolyline
 90
        4
 70
     1
 43
0.0
 10
-123.8214226939519
 20
361.9924438389033
 10
316.1785773060482
 20
361.9924438389033
 10
316.1785773060482
 20
316.9924438389033
 10
-123.8214226939519
 20
316.992443838896
  0
SPLINE
  5
BA
330
70
100
AcDbEntity
  8
0
  6
AI-Linetype-4
 62
     7
370
     0
100
AcDbSpline
210
0.0
220
0.0
230
1.0
 70
     9
 71
     3
 72
    29
 73
    25
 74
     0
 42
0.0000000001
 43
0.0000000001
 40
0.0
 40
0.0
 40
0.0
 40
0.0
 40
1.0
 40
1.0
 40
1.0
 40
2.0
 40
2.0
 40
2.0
 40
3.0
 40
3.0
 40
3.0
 40
4.0
 40
4.0
 40
4.0
 40
5.0
 40
5.0
 40
5.0
 40
6.0
 40
6.0
 40
6.0
 40
7.0
 40
7.0
 40
7.0
 40
8.0
 40
8.0
 40
8.0
 40
8.0
 10
489.4546690354779
 20
-111.3954781130917
 30
0.0
 10
489.4546690354779
 20
-111.3954781130917
 30
0.0
 10
1083.054669035476
 20
-111.3954781130917
 30
0.0
 10
1083.054669035476
 20
-111.3954781130917
 30
0.0
 10
1083.938324635214
 20
-111.3954781130924
 30
0.0
 10
1084.654669035488
 20
-110.6791337128193
 30
0.0
 10
1084.654669035488
 20
-109.7954781130866
 30
0.0
 10
1084.654669035488
 20
-109.7954781130866
 30
0.0
 10
1084.654669035482
 20
483.80452188689
 30
0.0
 10
1084.654669035482
 20
483.80452188689
 30
0.0
 10
1084.654669035482
 20
484.688177486628
 30
0.0
 10
1083.938324635211
 20
485.4045218868987
 30
0.0
 10
1083.054669035482
 20
485.4045218868987
 30
0.0
 10
1083.054669035482
 20
485.4045218868987
 30
0.0
 10
489.4546690354785
 20
485.4045218869036
 30
0.0
 10
489.4546690354785
 20
485.4045218869036
 30
0.0
 10
488.5710134357445
 20
485.4045218868997
 30
0.0
 10
487.8546690354778
 20
484.688177486633
 30
0.0
 10
487.8546690354778
 20
483.8045218869086
 30
0.0
 10
487.8546690354778
 20
483.8045218869086
 30
0.0
 10
487.8546690354804
 20
-109.7954781130782
 30
0.0
 10
487.8546690354804
 20
-109.7954781130782
 30
0.0
 10
487.8546690354798
 20
-110.6791337128167
 30
0.0
 10
488.5710134357483
 20
-111.3954781130898
 30
0.0
 10
489.4546690354779
 20
-111.3954781130917
 30
0.0
  0
LWPOLYLINE
  5
BC
330
70
100
AcDbEntity
  8
0
 62
     7
370
     0
100
AcDbPolyline
 90
        4
 70
     1
 43
0.0
 10
505.2546690354817
 20
-93.99547811309181
 10
1067.254669035481
 20
-93.99547811309181
 10
1067.254669035481
 20
468.0045218869081
 10
505.2546690354811
 20
468.0045218869036
  0
LWPOLYLINE
  5
BD
330
70
100
AcDbEntity
  8
0
 62
     7
370
     0
100
AcDbPolyline
 90
        4
 70
     1
 43
0.0
 10
506.8546690354868
 20
-92.39547811308661
 10
1065.654669035475
 20
-92.39547811308661
 10
1065.654669035476
 20
466.4045218869016
 10
506.8546690354875
 20
466.4045218868984
  0
LWPOLYLINE
  5
BE
330
70
100
AcDbEntity
  8
0
  6
AI-Linetype-5
 62
     7
370
     0
100
AcDbPolyline
 90
        4
 70
     1
 43
0.0
 10
512.1546690354899
 20
-87.09547811308738
 10
1060.354669035472
 20
-87.09547811308738
 10
1060.354669035472
 20
461.104521886895
 10
512.1546690354899
 20
461.1045218868992
  0
LWPOLYLINE
  5
C0
330
70
100
AcDbEntity
  8
0
 62
     7
370
     0
100
AcDbPolyline
 90
        4
 70
     1
 43
0.0
 10
513.7546690354964
 20
-85.49547811308221
 10
1058.754669035467
 20
-85.49547811308221
 10
1058.754669035466
 20
459.5045218868889
 10
513.7546690354951
 20
459.504521886894
  0
SPLINE
  5
C1
330
70
100
AcDbEntity
  8
0
 62
     7
370
     0
100
AcDbSpline
210
0.0
220
0.0
230
1.0
 70
     9
 71
     3
 72
    29
 73
    25
 74
     0
 42
0.0000000001
 43
0.0000000001
 40
0.0
 40
0.0
 40
0.0
 40
0.0
 40
1.0
 40
1.0
 40
1.0
 40
2.0
 40
2.0
 40
2.0
 40
3.0
 40
3.0
 40
3.0
 40
4.0
 40
4.0
 40
4.0
 40
5.0
 40
5.0
 40
5.0
 40
6.0
 40
6.0
 40
6.0
 40
7.0
 40
7.0
 40
7.0
 40
8.0
 40
8.0
 40
8.0
 40
8.0
 10
489.4546690354779
 20
-112.9954781130969
 30
0.0
 10
489.4546690354779
 20
-112.9954781130969
 30
0.0
 10
1083.054669035476
 20
-112.9954781130969
 30
0.0
 10
1083.054669035476
 20
-112.9954781130969
 30
0.0
 10
1084.821980234944
 20
-112.9954781130937
 30
0.0
 10
1086.254669035484
 20
-111.562789312554
 30
0.0
 10
1086.254669035484
 20
-109.7954781130968
 30
0.0
 10
1086.254669035484
 20
-109.7954781130968
 30
0.0
 10
1086.254669035481
 20
483.804521886909
 30
0.0
 10
1086.254669035481
 20
483.804521886909
 30
0.0
 10
1086.254669035465
 20
485.5718330863607
 30
0.0
 10
1084.82198023493
 20
487.0045218868937
 30
0.0
 10
1083.054669035477
 20
487.0045218869075
 30
0.0
 10
1083.054669035477
 20
487.0045218869075
 30
0.0
 10
489.4546690354785
 20
487.0045218869088
 30
0.0
 10
489.4546690354785
 20
487.0045218869088
 30
0.0
 10
487.6873578360149
 20
487.0045218869014
 30
0.0
 10
486.254669035481
 20
485.5718330863677
 30
0.0
 10
486.254669035481
 20
483.8045218869189
 30
0.0
 10
486.254669035481
 20
483.8045218869189
 30
0.0
 10
486.2546690354816
 20
-109.7954781130968
 30
0.0
 10
486.2546690354816
 20
-109.7954781130968
 30
0.0
 10
486.254669035497
 20
-111.5627893125456
 30
0.0
 10
487.6873578360278
 20
-112.9954781130764
 30
0.0
 10
489.4546690354779
 20
-112.9954781130969
 30
0.0
  0
INSERT
  5
C3
330
70
100
AcDbEntity
  8
0
100
AcDbBlockReference
  2
Block_3
 10
0.0
 20
0.0
 30
0.0
  0
LWPOLYLINE
  5
C8
330
70
100
AcDbEntity
  8
0
 62
     7
370
     0
100
AcDbPolyline
 90
        6
 70
     1
 43
0.0
 10
1081.754669035474
 20
490.0045218869031
 10
490.7546690354744
 20
490.0045218869031
 10
488.7546690354743
 20
488.0045218869031
 10
488.7546690354743
 20
487.0045218869068
 10
1083.754669035474
 20
487.0045218869088
 10
1083.754669035474
 20
488.0045218869088
  0
LWPOLYLINE
  5
C9
330
70
100
AcDbEntity
  8
0
 62
     7
370
     0
100
AcDbPolyline
 90
        6
 70
     1
 43
0.0
 10
1081.754669035474
 20
-115.9954781130913
 10
490.7546690354744
 20
-115.9954781130913
 10
488.7546690354743
 20
-113.9954781130912
 10
488.7546690354743
 20
-112.995478113095
 10
1083.754669035474
 20
-112.9954781130969
 10
1083.754669035474
 20
-113.995478113097
  0
LWPOLYLINE
  5
CA
330
70
100
AcDbEntity
  8
0
 62
     7
370
     0
100
AcDbPolyline
 90
        4
 70
     1
 43
0.0
 10
-123.8214226939506
 20
214.0045218869114
 10
316.1785773060495
 20
214.0045218869114
 10
316.1785773060495
 20
169.0045218869111
 10
-123.8214226939506
 20
169.004521886904
  0
LWPOLYLINE
  5
CB
330
70
100
AcDbEntity
  8
0
 62
     7
370
     0
100
AcDbPolyline
 90
        4
 70
     1
 43
0.0
 10
-123.8214226939506
 20
63.52646524824694
 10
316.1785773060495
 20
63.52646524824694
 10
316.1785773060495
 20
18.52646524824663
 10
-123.8214226939506
 20
18.52646524823958
  0
LWPOLYLINE
  5
CC
330
70
100
AcDbEntity
  8
0
 62
     7
370
     0
100
AcDbPolyline
 90
        4
 70
     1
 43
0.0
 10
-149.3214226939499
 20
449.0045218869087
 10
341.6785773060501
 20
449.0045218869087
 10
341.6785773060488
 20
-74.99547811309112
 10
-149.3214226939512
 20
-74.99547811309691
  0
LINE
  5
CD
330
70
100
AcDbEntity
  8
0
  6
AI-Linetype-6
 62
     7
370
     0
100
AcDbLine
 10
327.3861640222114
 20
-16.79547811310447
 30
0.0
 11
349.5785773060732
 21
-16.79547811310447
 31
0.0
  0
LINE
  5
CF
330
70
100
AcDbEntity
  8
0
  6
AI-Linetype-7
 62
     7
370
     0
100
AcDbLine
 10
327.3861640222114
 20
-35.19547811309871
 30
0.0
 11
349.5785773060732
 21
-35.19547811309871
 31
0.0
  0
LINE
  5
D1
330
70
100
AcDbEntity
  8
0
  6
AI-Linetype-8
 62
     7
370
     0
100
AcDbLine
 10
337.5785773060727
 20
-28.49547811308724
 30
0.0
 11
351.4371058672641
 21
-28.49547811308724
 31
0.0
  0
LINE
  5
D3
330
70
100
AcDbEntity
  8
0
  6
AI-Linetype-9
 62
     7
370
     0
100
AcDbLine
 10
337.5785773060727
 20
-23.49547811308771
 30
0.0
 11
351.4371058672641
 21
-23.49547811308771
 31
0.0
  0
SPLINE
  5
D5
330
70
100
AcDbEntity
  8
0
  6
AI-Linetype-10
 62
     7
370
     0
100
AcDbSpline
210
0.0
220
0.0
230
1.0
 70
     9
 71
     3
 72
    11
 73
     7
 74
     0
 42
0.0000000001
 43
0.0000000001
 40
0.0
 40
0.0
 40
0.0
 40
0.0
 40
1.0
 40
1.0
 40
1.0
 40
2.0
 40
2.0
 40
2.0
 40
2.0
 10
349.578577306267
 20
-35.19547811264824
 30
0.0
 10
352.2452439726681
 20
-29.35199985202778
 30
0.0
 10
352.2452439726681
 20
-22.63895637414717
 30
0.0
 10
349.5785773062676
 20
-16.79547811352671
 30
0.0
 10
349.5785773062676
 20
-16.79547811352671
 30
0.0
 10
349.578577306267
 20
-35.19547811264824
 30
0.0
 10
349.578577306267
 20
-35.19547811264824
 30
0.0
  0
LWPOLYLINE
  5
D7
330
70
100
AcDbEntity
  8
0
  6
AI-Linetype-11
 62
     7
370
     0
100
AcDbPolyline
 90
        4
 70
     0
 43
0.0
 10
329.3789560885145
 20
-19.9954781130879
 10
337.5785773060727
 20
-19.9954781130879
 10
337.5785773060727
 20
-31.99547811308768
 10
329.3789560885145
 20
-31.99547811308705
  0
SPLINE
  5
D9
330
70
100
AcDbEntity
  8
0
 62
     7
370
     0
100
AcDbSpline
210
0.0
220
0.0
230
1.0
 70
     8
 71
     3
 72
    11
 73
     7
 74
     0
 42
0.0000000001
 43
0.0000000001
 40
0.0
 40
0.0
 40
0.0
 40
0.0
 40
1.0
 40
1.0
 40
1.0
 40
2.0
 40
2.0
 40
2.0
 40
2.0
 10
308.4558834754933
 20
-30.99547811303632
 30
0.0
 10
311.2173072246188
 20
-35.26060414326512
 30
0.0
 10
316.9134512757699
 20
-36.47959569276933
 30
0.0
 10
321.1785773059983
 20
-33.71817194364343
 30
0.0
 10
322.2716476758921
 20
-33.01047175905383
 30
0.0
 10
323.2020329471911
 20
-32.07879244342786
 30
0.0
 10
323.9082131874441
 20
-30.98473949540211
 30
0.0
  0
SPLINE
  5
DA
330
70
100
AcDbEntity
  8
0
 62
     7
370
     0
100
AcDbSpline
210
0.0
220
0.0
230
1.0
 70
     8
 71
     3
 72
    11
 73
     7
 74
     0
 42
0.0000000001
 43
0.0000000001
 40
0.0
 40
0.0
 40
0.0
 40
0.0
 40
1.0
 40
1.0
 40
1.0
 40
2.0
 40
2.0
 40
2.0
 40
2.0
 10
323.9012711366058
 20
-20.99547811313863
 30
0.0
 10
321.1398473874799
 20
-16.73035208290983
 30
0.0
 10
315.4437033363291
 20
-15.51136053340561
 30
0.0
 10
311.1785773061007
 20
-18.27278428253151
 30
0.0
 10
310.0891250527048
 20
-18.97814194482391
 30
0.0
 10
309.161241137786
 20
-19.90602585974246
 30
0.0
 10
308.4558834754933
 20
-20.99547811313863
 30
0.0
  0
SPLINE
  5
DB
330
70
100
AcDbEntity
  8
0
 62
     7
370
     0
100
AcDbSpline
210
0.0
220
0.0
230
1.0
 70
     8
 71
     3
 72
    11
 73
     7
 74
     0
 42
0.0000000001
 43
0.0000000001
 40
0.0
 40
0.0
 40
0.0
 40
0.0
 40
1.0
 40
1.0
 40
1.0
 40
2.0
 40
2.0
 40
2.0
 40
2.0
 10
329.7892348948863
 20
-20.99547811314312
 30
0.0
 10
327.027811145763
 20
-13.47851949165981
 30
0.0
 10
318.6955359275885
 20
-9.623396775127671
 30
0.0
 10
311.1785773061052
 20
-12.38482052425101
 30
0.0
 10
307.183811232945
 20
-13.85233450990569
 30
0.0
 10
304.0354337028678
 20
-17.00071203998331
 30
0.0
 10
302.5679197172127
 20
-20.99547811314312
 30
0.0
  0
SPLINE
  5
DC
330
70
100
AcDbEntity
  8
0
 62
     7
370
     0
100
AcDbSpline
210
0.0
220
0.0
230
1.0
 70
     8
 71
     3
 72
    11
 73
     7
 74
     0
 42
0.0000000001
 43
0.0000000001
 40
0.0
 40
0.0
 40
0.0
 40
0.0
 40
1.0
 40
1.0
 40
1.0
 40
2.0
 40
2.0
 40
2.0
 40
2.0
 10
326.8116624651134
 20
-20.99547811307831
 30
0.0
 10
324.0502387159545
 20
-15.12298733607475
 30
0.0
 10
317.0510680830433
 20
-12.60096920486457
 30
0.0
 10
311.1785773060403
 20
-15.3623929540232
 30
0.0
 10
308.7022197386543
 20
-16.526851589662
 30
0.0
 10
306.709950782624
 20
-18.51912054569222
 30
0.0
 10
305.5454921469856
 20
-20.99547811307831
 30
0.0
  0
SPLINE
  5
DD
330
70
100
AcDbEntity
  8
0
 62
     7
370
     0
100
AcDbSpline
210
0.0
220
0.0
230
1.0
 70
     8
 71
     3
 72
    11
 73
     7
 74
     0
 42
0.0000000001
 43
0.0000000001
 40
0.0
 40
0.0
 40
0.0
 40
0.0
 40
1.0
 40
1.0
 40
1.0
 40
2.0
 40
2.0
 40
2.0
 40
2.0
 10
305.5454921469856
 20
-30.99547811309664
 30
0.0
 10
308.3069158961445
 20
-36.8679688901002
 30
0.0
 10
315.3060865290557
 20
-39.38998702131037
 30
0.0
 10
321.1785773060587
 20
-36.62856327215175
 30
0.0
 10
323.6416575393665
 20
-35.47034804276802
 30
0.0
 10
325.6262510433233
 20
-33.49295686979696
 30
0.0
 10
326.7934136552181
 20
-31.03410384639701
 30
0.0
  0
LINE
  5
DE
330
70
100
AcDbEntity
  8
0
 62
     7
370
     0
100
AcDbLine
 10
309.6163749318603
 20
-30.14173607626468
 30
0.0
 11
309.6163749318603
 21
-21.84922014993915
 31
0.0
  0
LINE
  5
DF
330
70
100
AcDbEntity
  8
0
 62
     7
370
     0
100
AcDbLine
 10
322.7407796802676
 20
-30.14173607626468
 30
0.0
 11
322.7407796802676
 21
-21.84922014993915
 31
0.0
  0
CIRCLE
  5
E0
330
70
100
AcDbEntity
  8
0
 62
     7
370
     0
100
AcDbCircle
 10
316.1785773060495
 20
-25.99547811308748
 30
0.0
 40
4.499999999999838
  0
SPLINE
  5
E1
330
70
100
AcDbEntity
  8
0
 62
     7
370
     0
100
AcDbSpline
210
0.0
220
0.0
230
1.0
 70
     8
 71
     3
 72
    11
 73
     7
 74
     0
 42
0.0000000001
 43
0.0000000001
 40
0.0
 40
0.0
 40
0.0
 40
0.0
 40
1.0
 40
1.0
 40
1.0
 40
2.0
 40
2.0
 40
2.0
 40
2.0
 10
302.5679197172127
 20
-30.99547811303182
 30
0.0
 10
305.3293434663361
 20
-38.51243673451514
 30
0.0
 10
313.6616186845105
 20
-42.36755945104728
 30
0.0
 10
321.1785773059938
 20
-39.60613570192395
 30
0.0
 10
325.173343379154
 20
-38.13862171626926
 30
0.0
 10
328.3217209092313
 20
-34.99024418619164
 30
0.0
 10
329.789234894886
 20
-30.99547811303182
 30
0.0
  0
SPLINE
  5
E2
330
70
100
AcDbEntity
  8
0
 62
     7
370
     0
100
AcDbSpline
210
0.0
220
0.0
230
1.0
 70
     9
 71
     3
 72
    59
 73
    55
 74
     0
 42
0.0000000001
 43
0.0000000001
 40
0.0
 40
0.0
 40
0.0
 40
0.0
 40
1.0
 40
1.0
 40
1.0
 40
2.0
 40
2.0
 40
2.0
 40
3.0
 40
3.0
 40
3.0
 40
4.0
 40
4.0
 40
4.0
 40
5.0
 40
5.0
 40
5.0
 40
6.0
 40
6.0
 40
6.0
 40
7.0
 40
7.0
 40
7.0
 40
8.0
 40
8.0
 40
8.0
 40
9.0
 40
9.0
 40
9.0
 40
10.0
 40
10.0
 40
10.0
 40
11.0
 40
11.0
 40
11.0
 40
12.0
 40
12.0
 40
12.0
 40
13.0
 40
13.0
 40
13.0
 40
14.0
 40
14.0
 40
14.0
 40
15.0
 40
15.0
 40
15.0
 40
16.0
 40
16.0
 40
16.0
 40
17.0
 40
17.0
 40
17.0
 40
18.0
 40
18.0
 40
18.0
 40
18.0
 10
334.9285773060494
 20
-28.99547811308758
 30
0.0
 10
334.9285773060494
 20
-29.54776286291854
 30
0.0
 10
334.4808620558803
 20
-29.99547811308762
 30
0.0
 10
333.9285773060496
 20
-29.99547811308762
 30
0.0
 10
333.9285773060496
 20
-29.99547811308762
 30
0.0
 10
323.6660668720233
 20
-29.99547811308762
 30
0.0
 10
323.6660668720233
 20
-29.99547811308762
 30
0.0
 10
322.8353908194374
 20
-29.99547811308762
 30
0.0
 10
322.0418974739882
 20
-30.33989974466674
 30
0.0
 10
321.4746065112505
 20
-30.94669762529572
 30
0.0
 10
321.3635688694418
 20
-31.06546808022029
 30
0.0
 10
321.2485672731374
 20
-31.18046967652339
 30
0.0
 10
321.1297968182118
 20
-31.29150731833118
 30
0.0
 10
318.2048806535089
 20
-34.0259903479523
 30
0.0
 10
313.6170311304677
 20
-33.87161378995474
 30
0.0
 10
310.8825481008465
 20
-30.94669762525144
 30
0.0
 10
310.3152571381217
 20
-30.33989974464492
 30
0.0
 10
309.5217637926944
 20
-29.99547811308184
 30
0.0
 10
308.6910877401334
 20
-29.99547811308762
 30
0.0
 10
308.6910877401334
 20
-29.99547811308762
 30
0.0
 10
298.4285773060494
 20
-29.99547811308762
 30
0.0
 10
298.4285773060494
 20
-29.99547811308762
 30
0.0
 10
297.8762925562181
 20
-29.99547811308762
 30
0.0
 10
297.428577306049
 20
-29.54776286291854
 30
0.0
 10
297.428577306049
 20
-28.99547811308758
 30
0.0
 10
297.428577306049
 20
-28.99547811308758
 30
0.0
 10
297.4285773060493
 20
-22.99547811308737
 30
0.0
 10
297.4285773060493
 20
-22.99547811308737
 30
0.0
 10
297.4285773060493
 20
-22.44319336325641
 30
0.0
 10
297.8762925562184
 20
-21.99547811308733
 30
0.0
 10
298.428577306049
 20
-21.99547811308733
 30
0.0
 10
298.428577306049
 20
-21.99547811308733
 30
0.0
 10
308.6910877401334
 20
-21.99547811308733
 30
0.0
 10
308.6910877401334
 20
-21.99547811308733
 30
0.0
 10
309.5217637927139
 20
-21.99547811308733
 30
0.0
 10
310.315257138139
 20
-21.65105648151912
 30
0.0
 10
310.8825481008597
 20
-21.04425860090875
 30
0.0
 10
310.9935857426543
 20
-20.92548814599765
 30
0.0
 10
311.1085873389578
 20
-20.81048654969327
 30
0.0
 10
311.2273577938823
 20
-20.6994489078842
 30
0.0
 10
314.1522739585628
 20
-17.96496587823869
 30
0.0
 10
318.7401234816054
 20
-18.11934243619903
 30
0.0
 10
321.4746065112509
 20
-21.04425860087923
 30
0.0
 10
322.0418974739886
 20
-21.65105648150821
 30
0.0
 10
322.8353908194377
 20
-21.99547811308733
 30
0.0
 10
323.6660668720237
 20
-21.99547811308733
 30
0.0
 10
323.6660668720237
 20
-21.99547811308733
 30
0.0
 10
333.9285773060496
 20
-21.99547811308733
 30
0.0
 10
333.9285773060496
 20
-21.99547811308733
 30
0.0
 10
334.4808620558803
 20
-21.99547811308733
 30
0.0
 10
334.9285773060497
 20
-22.44319336325641
 30
0.0
 10
334.9285773060497
 20
-22.99547811308737
 30
0.0
 10
334.9285773060497
 20
-22.99547811308737
 30
0.0
 10
334.9285773060494
 20
-28.99547811308758
 30
0.0
 10
334.9285773060494
 20
-28.99547811308758
 30
0.0
  0
SPLINE
  5
E3
330
70
100
AcDbEntity
  8
0
 62
     7
370
     0
100
AcDbSpline
210
0.0
220
0.0
230
1.0
 70
     8
 71
     3
 72
    32
 73
    28
 74
     0
 42
0.0000000001
 43
0.0000000001
 40
0.0
 40
0.0
 40
0.0
 40
0.0
 40
1.0
 40
1.0
 40
1.0
 40
2.0
 40
2.0
 40
2.0
 40
3.0
 40
3.0
 40
3.0
 40
4.0
 40
4.0
 40
4.0
 40
5.0
 40
5.0
 40
5.0
 40
6.0
 40
6.0
 40
6.0
 40
7.0
 40
7.0
 40
7.0
 40
8.0
 40
8.0
 40
8.0
 40
9.0
 40
9.0
 40
9.0
 40
9.0
 10
335.9285773060494
 20
-22.99547811308737
 30
0.0
 10
335.9285773060494
 20
-21.89090861342546
 30
0.0
 10
335.0331468057112
 20
-20.9954781130873
 30
0.0
 10
333.9285773060496
 20
-20.9954781130873
 30
0.0
 10
333.9285773060496
 20
-20.9954781130873
 30
0.0
 10
323.6660668720233
 20
-20.9954781130873
 30
0.0
 10
323.6660668720233
 20
-20.9954781130873
 30
0.0
 10
323.1122828369727
 20
-20.99547811310078
 30
0.0
 10
322.5832872733406
 20
-20.76586369206407
 30
0.0
 10
322.2050932981767
 20
-20.36133177165929
 30
0.0
 10
319.0934401955176
 20
-17.03297889460131
 30
0.0
 10
313.8727838417371
 20
-16.85730901826196
 30
0.0
 10
310.5444309646791
 20
-19.9689621209211
 30
0.0
 10
310.4092783780406
 20
-20.09531529952926
 30
0.0
 10
310.2784144925914
 20
-20.22617918497748
 30
0.0
 10
310.152061313982
 20
-20.36133177161566
 30
0.0
 10
309.7738673388215
 20
-20.7658636920352
 30
0.0
 10
309.2448717751889
 20
-20.99547811308794
 30
0.0
 10
308.6910877401318
 20
-20.99547811308794
 30
0.0
 10
308.6910877401318
 20
-20.99547811308794
 30
0.0
 10
298.4285773060494
 20
-20.9954781130873
 30
0.0
 10
298.4285773060494
 20
-20.9954781130873
 30
0.0
 10
297.3240078063881
 20
-20.9954781130873
 30
0.0
 10
296.4285773060499
 20
-21.89090861342546
 30
0.0
 10
296.4285773060496
 20
-22.99547811308737
 30
0.0
 10
296.4285773060496
 20
-22.99547811308737
 30
0.0
 10
296.4285773060493
 20
-28.99547811308758
 30
0.0
 10
296.4285773060493
 20
-28.99547811308758
 30
0.0
  0
SPLINE
  5
E4
330
70
100
AcDbEntity
  8
0
 62
     7
370
     0
100
AcDbSpline
210
0.0
220
0.0
230
1.0
 70
     8
 71
     3
 72
    32
 73
    28
 74
     0
 42
0.0000000001
 43
0.0000000001
 40
0.0
 40
0.0
 40
0.0
 40
0.0
 40
1.0
 40
1.0
 40
1.0
 40
2.0
 40
2.0
 40
2.0
 40
3.0
 40
3.0
 40
3.0
 40
4.0
 40
4.0
 40
4.0
 40
5.0
 40
5.0
 40
5.0
 40
6.0
 40
6.0
 40
6.0
 40
7.0
 40
7.0
 40
7.0
 40
8.0
 40
8.0
 40
8.0
 40
9.0
 40
9.0
 40
9.0
 40
9.0
 10
296.4285773060496
 20
-28.99547811308758
 30
0.0
 10
296.4285773060496
 20
-30.10004761274949
 30
0.0
 10
297.3240078063878
 20
-30.99547811308765
 30
0.0
 10
298.4285773060494
 20
-30.99547811308765
 30
0.0
 10
298.4285773060494
 20
-30.99547811308765
 30
0.0
 10
308.6910877401334
 20
-30.99547811308765
 30
0.0
 10
308.6910877401334
 20
-30.99547811308765
 30
0.0
 10
309.2448717751908
 20
-30.99547811308765
 30
0.0
 10
309.7738673388235
 20
-31.2250925341404
 30
0.0
 10
310.1520613139823
 20
-31.62962445455929
 30
0.0
 10
313.2637144166649
 20
-34.95797733159482
 30
0.0
 10
318.4843707704467
 20
-35.13364720789631
 30
0.0
 10
321.8127236474822
 20
-32.02199410521278
 30
0.0
 10
321.94787623412
 20
-31.89564092660333
 30
0.0
 10
322.0787401195679
 20
-31.76477704115448
 30
0.0
 10
322.2050932981764
 20
-31.62962445451566
 30
0.0
 10
322.5832872733406
 20
-31.22509253411088
 30
0.0
 10
323.1122828369727
 20
-30.99547811307417
 30
0.0
 10
323.6660668720233
 20
-30.99547811308765
 30
0.0
 10
323.6660668720233
 20
-30.99547811308765
 30
0.0
 10
333.9285773060496
 20
-30.99547811308765
 30
0.0
 10
333.9285773060496
 20
-30.99547811308765
 30
0.0
 10
335.033146805711
 20
-30.99547811308765
 30
0.0
 10
335.9285773060491
 20
-30.10004761274949
 30
0.0
 10
335.9285773060494
 20
-28.99547811308758
 30
0.0
 10
335.9285773060494
 20
-28.99547811308758
 30
0.0
 10
335.9285773060494
 20
-22.99547811308737
 30
0.0
 10
335.9285773060494
 20
-22.99547811308737
 30
0.0
  0
LINE
  5
E5
330
70
100
AcDbEntity
  8
0
  6
AI-Linetype-12
 62
     7
370
     0
100
AcDbLine
 10
327.3861640222114
 20
413.7045218868876
 30
0.0
 11
349.5785773060732
 21
413.7045218868876
 31
0.0
  0
LINE
  5
E7
330
70
100
AcDbEntity
  8
0
  6
AI-Linetype-13
 62
     7
370
     0
100
AcDbLine
 10
327.3861640222114
 20
395.3045218868934
 30
0.0
 11
349.5785773060732
 21
395.3045218868934
 31
0.0
  0
LINE
  5
E9
330
70
100
AcDbEntity
  8
0
  6
AI-Linetype-14
 62
     7
370
     0
100
AcDbLine
 10
337.5785773060727
 20
402.0045218869048
 30
0.0
 11
351.4371058672641
 21
402.0045218869048
 31
0.0
  0
LINE
  5
EB
330
70
100
AcDbEntity
  8
0
  6
AI-Linetype-15
 62
     7
370
     0
100
AcDbLine
 10
337.5785773060727
 20
407.004521886905
 30
0.0
 11
351.4371058672641
 21
407.004521886905
 31
0.0
  0
SPLINE
  5
ED
330
70
100
AcDbEntity
  8
0
  6
AI-Linetype-16
 62
     7
370
     0
100
AcDbSpline
210
0.0
220
0.0
230
1.0
 70
     9
 71
     3
 72
    11
 73
     7
 74
     0
 42
0.0000000001
 43
0.0000000001
 40
0.0
 40
0.0
 40
0.0
 40
0.0
 40
1.0
 40
1.0
 40
1.0
 40
2.0
 40
2.0
 40
2.0
 40
2.0
 10
349.578577306267
 20
395.3045218873445
 30
0.0
 10
352.2452439726681
 20
401.1480001479649
 30
0.0
 10
352.2452439726681
 20
407.8610436258449
 30
0.0
 10
349.5785773062676
 20
413.7045218864657
 30
0.0
 10
349.5785773062676
 20
413.7045218864657
 30
0.0
 10
349.578577306267
 20
395.3045218873441
 30
0.0
 10
349.578577306267
 20
395.3045218873445
 30
0.0
  0
LWPOLYLINE
  5
EF
330
70
100
AcDbEntity
  8
0
  6
AI-Linetype-17
 62
     7
370
     0
100
AcDbPolyline
 90
        4
 70
     0
 43
0.0
 10
329.3789560885145
 20
410.5045218869048
 10
337.5785773060727
 20
410.5045218869048
 10
337.5785773060727
 20
398.5045218869047
 10
329.3789560885145
 20
398.504521886905
  0
SPLINE
  5
F1
330
70
100
AcDbEntity
  8
0
 62
     7
370
     0
100
AcDbSpline
210
0.0
220
0.0
230
1.0
 70
     8
 71
     3
 72
    11
 73
     7
 74
     0
 42
0.0000000001
 43
0.0000000001
 40
0.0
 40
0.0
 40
0.0
 40
0.0
 40
1.0
 40
1.0
 40
1.0
 40
2.0
 40
2.0
 40
2.0
 40
2.0
 10
308.4558834754933
 20
399.5045218869561
 30
0.0
 10
311.2173072246188
 20
395.2393958567276
 30
0.0
 10
316.9134512757699
 20
394.0204043072231
 30
0.0
 10
321.1785773059983
 20
396.7818280563487
 30
0.0
 10
322.2716476758921
 20
397.4895282409383
 30
0.0
 10
323.2020329471911
 20
398.4212075565646
 30
0.0
 10
323.9082131874441
 20
399.5152605045906
 30
0.0
  0
SPLINE
  5
F2
330
70
100
AcDbEntity
  8
0
 62
     7
370
     0
100
AcDbSpline
210
0.0
220
0.0
230
1.0
 70
     8
 71
     3
 72
    11
 73
     7
 74
     0
 42
0.0000000001
 43
0.0000000001
 40
0.0
 40
0.0
 40
0.0
 40
0.0
 40
1.0
 40
1.0
 40
1.0
 40
2.0
 40
2.0
 40
2.0
 40
2.0
 10
323.9012711366058
 20
409.5045218868538
 30
0.0
 10
321.1398473874799
 20
413.7696479170822
 30
0.0
 10
315.4437033363291
 20
414.9886394665868
 30
0.0
 10
311.1785773061007
 20
412.2272157174611
 30
0.0
 10
310.0891250527048
 20
411.5218580551684
 30
0.0
 10
309.161241137786
 20
410.5939741402496
 30
0.0
 10
308.4558834754933
 20
409.5045218868538
 30
0.0
  0
SPLINE
  5
F3
330
70
100
AcDbEntity
  8
0
 62
     7
370
     0
100
AcDbSpline
210
0.0
220
0.0
230
1.0
 70
     8
 71
     3
 72
    11
 73
     7
 74
     0
 42
0.0000000001
 43
0.0000000001
 40
0.0
 40
0.0
 40
0.0
 40
0.0
 40
1.0
 40
1.0
 40
1.0
 40
2.0
 40
2.0
 40
2.0
 40
2.0
 10
329.7892348948863
 20
409.5045218868492
 30
0.0
 10
327.027811145763
 20
417.0214805083325
 30
0.0
 10
318.6955359275885
 20
420.8766032248647
 30
0.0
 10
311.1785773061052
 20
418.1151794757414
 30
0.0
 10
307.183811232945
 20
416.6476654900867
 30
0.0
 10
304.0354337028678
 20
413.4992879600094
 30
0.0
 10
302.5679197172127
 20
409.5045218868492
 30
0.0
  0
SPLINE
  5
F4
330
70
100
AcDbEntity
  8
0
 62
     7
370
     0
100
AcDbSpline
210
0.0
220
0.0
230
1.0
 70
     8
 71
     3
 72
    11
 73
     7
 74
     0
 42
0.0000000001
 43
0.0000000001
 40
0.0
 40
0.0
 40
0.0
 40
0.0
 40
1.0
 40
1.0
 40
1.0
 40
2.0
 40
2.0
 40
2.0
 40
2.0
 10
326.8116624651134
 20
409.5045218869141
 30
0.0
 10
324.0502387159545
 20
415.3770126639173
 30
0.0
 10
317.0510680830433
 20
417.8990307951278
 30
0.0
 10
311.1785773060403
 20
415.1376070459688
 30
0.0
 10
308.7022197386543
 20
413.9731484103304
 30
0.0
 10
306.709950782624
 20
411.9808794543001
 30
0.0
 10
305.5454921469856
 20
409.5045218869141
 30
0.0
  0
SPLINE
  5
F5
330
70
100
AcDbEntity
  8
0
 62
     7
370
     0
100
AcDbSpline
210
0.0
220
0.0
230
1.0
 70
     8
 71
     3
 72
    11
 73
     7
 74
     0
 42
0.0000000001
 43
0.0000000001
 40
0.0
 40
0.0
 40
0.0
 40
0.0
 40
1.0
 40
1.0
 40
1.0
 40
2.0
 40
2.0
 40
2.0
 40
2.0
 10
305.5454921469856
 20
399.5045218868958
 30
0.0
 10
308.3069158961445
 20
393.6320311098925
 30
0.0
 10
315.3060865290557
 20
391.1100129786821
 30
0.0
 10
321.1785773060587
 20
393.871436727841
 30
0.0
 10
323.6416575393665
 20
395.0296519572247
 30
0.0
 10
325.6262510433233
 20
397.0070431301952
 30
0.0
 10
326.7934136552181
 20
399.4658961535951
 30
0.0
  0
LINE
  5
F6
330
70
100
AcDbEntity
  8
0
 62
     7
370
     0
100
AcDbLine
 10
309.6163749318603
 20
400.3582639237277
 30
0.0
 11
309.6163749318603
 21
408.6507798500528
 31
0.0
  0
LINE
  5
F7
330
70
100
AcDbEntity
  8
0
 62
     7
370
     0
100
AcDbLine
 10
322.7407796802676
 20
400.3582639237277
 30
0.0
 11
322.7407796802676
 21
408.6507798500528
 31
0.0
  0
CIRCLE
  5
F8
330
70
100
AcDbEntity
  8
0
 62
     7
370
     0
100
AcDbCircle
 10
316.1785773060495
 20
404.5045218869049
 30
0.0
 40
4.499999999999838
  0
SPLINE
  5
F9
330
70
100
AcDbEntity
  8
0
 62
     7
370
     0
100
AcDbSpline
210
0.0
220
0.0
230
1.0
 70
     8
 71
     3
 72
    11
 73
     7
 74
     0
 42
0.0000000001
 43
0.0000000001
 40
0.0
 40
0.0
 40
0.0
 40
0.0
 40
1.0
 40
1.0
 40
1.0
 40
2.0
 40
2.0
 40
2.0
 40
2.0
 10
302.5679197172127
 20
399.5045218869606
 30
0.0
 10
305.3293434663361
 20
391.9875632654773
 30
0.0
 10
313.6616186845105
 20
388.1324405489451
 30
0.0
 10
321.1785773059938
 20
390.8938642980685
 30
0.0
 10
325.173343379154
 20
392.3613782837232
 30
0.0
 10
328.3217209092313
 20
395.5097558138005
 30
0.0
 10
329.789234894886
 20
399.5045218869606
 30
0.0
  0
SPLINE
  5
FA
330
70
100
AcDbEntity
  8
0
 62
     7
370
     0
100
AcDbSpline
210
0.0
220
0.0
230
1.0
 70
     9
 71
     3
 72
    59
 73
    55
 74
     0
 42
0.0000000001
 43
0.0000000001
 40
0.0
 40
0.0
 40
0.0
 40
0.0
 40
1.0
 40
1.0
 40
1.0
 40
2.0
 40
2.0
 40
2.0
 40
3.0
 40
3.0
 40
3.0
 40
4.0
 40
4.0
 40
4.0
 40
5.0
 40
5.0
 40
5.0
 40
6.0
 40
6.0
 40
6.0
 40
7.0
 40
7.0
 40
7.0
 40
8.0
 40
8.0
 40
8.0
 40
9.0
 40
9.0
 40
9.0
 40
10.0
 40
10.0
 40
10.0
 40
11.0
 40
11.0
 40
11.0
 40
12.0
 40
12.0
 40
12.0
 40
13.0
 40
13.0
 40
13.0
 40
14.0
 40
14.0
 40
14.0
 40
15.0
 40
15.0
 40
15.0
 40
16.0
 40
16.0
 40
16.0
 40
17.0
 40
17.0
 40
17.0
 40
18.0
 40
18.0
 40
18.0
 40
18.0
 10
334.9285773060494
 20
401.5045218869048
 30
0.0
 10
334.9285773060494
 20
400.9522371370741
 30
0.0
 10
334.4808620558803
 20
400.5045218869051
 30
0.0
 10
333.9285773060496
 20
400.5045218869051
 30
0.0
 10
333.9285773060496
 20
400.5045218869051
 30
0.0
 10
323.6660668720233
 20
400.5045218869048
 30
0.0
 10
323.6660668720233
 20
400.5045218869048
 30
0.0
 10
322.8353908194374
 20
400.5045218869048
 30
0.0
 10
322.0418974739882
 20
400.1601002553257
 30
0.0
 10
321.4746065112505
 20
399.553302374697
 30
0.0
 10
321.3635688694418
 20
399.4345319197721
 30
0.0
 10
321.2485672731374
 20
399.3195303234687
 30
0.0
 10
321.1297968182118
 20
399.2084926816609
 30
0.0
 10
318.2048806535089
 20
396.4740096520398
 30
0.0
 10
313.6170311304677
 20
396.6283862100377
 30
0.0
 10
310.8825481008465
 20
399.5533023747407
 30
0.0
 10
310.3152571381217
 20
400.1601002553472
 30
0.0
 10
309.5217637926944
 20
400.5045218869105
 30
0.0
 10
308.6910877401334
 20
400.5045218869048
 30
0.0
 10
308.6910877401334
 20
400.5045218869048
 30
0.0
 10
298.4285773060494
 20
400.5045218869048
 30
0.0
 10
298.4285773060494
 20
400.5045218869048
 30
0.0
 10
297.8762925562181
 20
400.5045218869048
 30
0.0
 10
297.428577306049
 20
400.9522371370739
 30
0.0
 10
297.428577306049
 20
401.5045218869048
 30
0.0
 10
297.428577306049
 20
401.5045218869048
 30
0.0
 10
297.4285773060493
 20
407.5045218869047
 30
0.0
 10
297.4285773060493
 20
407.5045218869047
 30
0.0
 10
297.4285773060493
 20
408.0568066367357
 30
0.0
 10
297.8762925562184
 20
408.5045218869047
 30
0.0
 10
298.428577306049
 20
408.5045218869047
 30
0.0
 10
298.428577306049
 20
408.5045218869047
 30
0.0
 10
308.6910877401334
 20
408.504521886905
 30
0.0
 10
308.6910877401334
 20
408.504521886905
 30
0.0
 10
309.5217637927139
 20
408.504521886905
 30
0.0
 10
310.315257138139
 20
408.8489435184732
 30
0.0
 10
310.8825481008597
 20
409.4557413990836
 30
0.0
 10
310.9935857426543
 20
409.5745118539947
 30
0.0
 10
311.1085873389578
 20
409.6895134502991
 30
0.0
 10
311.2273577938823
 20
409.8005510921082
 30
0.0
 10
314.1522739585628
 20
412.5350341217534
 30
0.0
 10
318.7401234816054
 20
412.3806575637933
 30
0.0
 10
321.4746065112509
 20
409.4557413991132
 30
0.0
 10
322.0418974739886
 20
408.8489435184839
 30
0.0
 10
322.8353908194377
 20
408.5045218869047
 30
0.0
 10
323.6660668720237
 20
408.504521886905
 30
0.0
 10
323.6660668720237
 20
408.504521886905
 30
0.0
 10
333.9285773060496
 20
408.504521886905
 30
0.0
 10
333.9285773060496
 20
408.504521886905
 30
0.0
 10
334.4808620558803
 20
408.504521886905
 30
0.0
 10
334.9285773060497
 20
408.056806636736
 30
0.0
 10
334.9285773060497
 20
407.504521886905
 30
0.0
 10
334.9285773060497
 20
407.504521886905
 30
0.0
 10
334.9285773060494
 20
401.5045218869051
 30
0.0
 10
334.9285773060494
 20
401.5045218869048
 30
0.0
  0
SPLINE
  5
FB
330
70
100
AcDbEntity
  8
0
 62
     7
370
     0
100
AcDbSpline
210
0.0
220
0.0
230
1.0
 70
     8
 71
     3
 72
    32
 73
    28
 74
     0
 42
0.0000000001
 43
0.0000000001
 40
0.0
 40
0.0
 40
0.0
 40
0.0
 40
1.0
 40
1.0
 40
1.0
 40
2.0
 40
2.0
 40
2.0
 40
3.0
 40
3.0
 40
3.0
 40
4.0
 40
4.0
 40
4.0
 40
5.0
 40
5.0
 40
5.0
 40
6.0
 40
6.0
 40
6.0
 40
7.0
 40
7.0
 40
7.0
 40
8.0
 40
8.0
 40
8.0
 40
9.0
 40
9.0
 40
9.0
 40
9.0
 10
335.9285773060494
 20
407.504521886905
 30
0.0
 10
335.9285773060494
 20
408.6090913865666
 30
0.0
 10
335.0331468057112
 20
409.5045218869051
 30
0.0
 10
333.9285773060496
 20
409.5045218869051
 30
0.0
 10
333.9285773060496
 20
409.5045218869051
 30
0.0
 10
323.6660668720233
 20
409.5045218869048
 30
0.0
 10
323.6660668720233
 20
409.5045218869048
 30
0.0
 10
323.1122828369727
 20
409.5045218868913
 30
0.0
 10
322.5832872733406
 20
409.7341363079283
 30
0.0
 10
322.2050932981767
 20
410.1386682283334
 30
0.0
 10
319.0934401955176
 20
413.4670211053914
 30
0.0
 10
313.8727838417371
 20
413.6426909817305
 30
0.0
 10
310.5444309646791
 20
410.5310378790713
 30
0.0
 10
310.4092783780402
 20
410.4046847004632
 30
0.0
 10
310.2784144925914
 20
410.2738208150149
 30
0.0
 10
310.152061313982
 20
410.138668228377
 30
0.0
 10
309.7738673388215
 20
409.7341363079571
 30
0.0
 10
309.2448717751889
 20
409.5045218869048
 30
0.0
 10
308.6910877401318
 20
409.5045218869048
 30
0.0
 10
308.6910877401318
 20
409.5045218869048
 30
0.0
 10
298.4285773060494
 20
409.5045218869048
 30
0.0
 10
298.4285773060494
 20
409.5045218869048
 30
0.0
 10
297.3240078063881
 20
409.5045218869051
 30
0.0
 10
296.4285773060499
 20
408.6090913865669
 30
0.0
 10
296.4285773060496
 20
407.5045218869053
 30
0.0
 10
296.4285773060496
 20
407.5045218869053
 30
0.0
 10
296.4285773060493
 20
401.5045218869051
 30
0.0
 10
296.4285773060493
 20
401.5045218869051
 30
0.0
  0
SPLINE
  5
FC
330
70
100
AcDbEntity
  8
0
 62
     7
370
     0
100
AcDbSpline
210
0.0
220
0.0
230
1.0
 70
     8
 71
     3
 72
    32
 73
    28
 74
     0
 42
0.0000000001
 43
0.0000000001
 40
0.0
 40
0.0
 40
0.0
 40
0.0
 40
1.0
 40
1.0
 40
1.0
 40
2.0
 40
2.0
 40
2.0
 40
3.0
 40
3.0
 40
3.0
 40
4.0
 40
4.0
 40
4.0
 40
5.0
 40
5.0
 40
5.0
 40
6.0
 40
6.0
 40
6.0
 40
7.0
 40
7.0
 40
7.0
 40
8.0
 40
8.0
 40
8.0
 40
9.0
 40
9.0
 40
9.0
 40
9.0
 10
296.4285773060496
 20
401.5045218869048
 30
0.0
 10
296.4285773060496
 20
400.3999523872431
 30
0.0
 10
297.3240078063878
 20
399.5045218869048
 30
0.0
 10
298.4285773060494
 20
399.5045218869048
 30
0.0
 10
298.4285773060494
 20
399.5045218869048
 30
0.0
 10
308.6910877401334
 20
399.5045218869051
 30
0.0
 10
308.6910877401334
 20
399.5045218869051
 30
0.0
 10
309.2448717751908
 20
399.5045218869048
 30
0.0
 10
309.7738673388235
 20
399.2749074658521
 30
0.0
 10
310.1520613139823
 20
398.8703755454332
 30
0.0
 10
313.2637144166649
 20
395.5420226683976
 30
0.0
 10
318.4843707704467
 20
395.3663527920961
 30
0.0
 10
321.8127236474822
 20
398.4780058947793
 30
0.0
 10
321.94787623412
 20
398.6043590733888
 30
0.0
 10
322.0787401195679
 20
398.7352229588379
 30
0.0
 10
322.2050932981764
 20
398.8703755454768
 30
0.0
 10
322.5832872733406
 20
399.2749074658815
 30
0.0
 10
323.1122828369727
 20
399.5045218869182
 30
0.0
 10
323.6660668720233
 20
399.5045218869048
 30
0.0
 10
323.6660668720233
 20
399.5045218869048
 30
0.0
 10
333.9285773060496
 20
399.5045218869051
 30
0.0
 10
333.9285773060496
 20
399.5045218869051
 30
0.0
 10
335.033146805711
 20
399.5045218869048
 30
0.0
 10
335.9285773060491
 20
400.3999523872429
 30
0.0
 10
335.9285773060494
 20
401.5045218869045
 30
0.0
 10
335.9285773060494
 20
401.5045218869045
 30
0.0
 10
335.9285773060494
 20
407.5045218869047
 30
0.0
 10
335.9285773060494
 20
407.5045218869047
 30
0.0
  0
LWPOLYLINE
  5
FD
330
70
100
AcDbEntity
  8
0
 62
     7
370
     0
100
AcDbPolyline
 90
        4
 70
     1
 43
0.0
 10
1040.106900277367
 20
-85.49547811308221
 10
1040.106900277367
 20
-5.495478113081938
 10
1046.106900277368
 20
-5.495478113079371
 10
1046.106900277368
 20
-85.49547811307963
  0
LWPOLYLINE
  5
FE
330
70
100
AcDbEntity
  8
0
 62
     7
370
     0
100
AcDbPolyline
 90
        6
 70
     0
 43
0.0
 10
1046.106900277368
 20
-66.60943568516923
 10
1058.754669035467
 20
-66.60943568516923
 10
1058.754669035466
 20
-85.49547811308091
 10
1029.243041228977
 20
-85.49547811308221
 10
1029.243041228977
 20
-66.60943568517052
 10
1040.106900277367
 20
-66.60943568516923
  0
INSERT
  5
100
330
70
100
AcDbEntity
  8
0
100
AcDbBlockReference
  2
Block_4
 10
0.0
 20
0.0
 30
0.0
  0
LWPOLYLINE
  5
109
330
70
100
AcDbEntity
  8
0
 62
     7
370
     0
100
AcDbPolyline
 90
        4
 70
     1
 43
0.0
 10
1029.243041228977
 20
-85.49547811308221
 10
1029.243041228977
 20
-66.60943568517052
 10
1035.85126691661
 20
-66.60943568516923
 10
1035.85126691661
 20
-85.49547811308091
  0
LINE
  5
10A
330
70
100
AcDbEntity
  8
0
 62
     7
370
     0
100
AcDbLine
 10
1044.528893382312
 20
-64.27271347866753
 30
0.0
 11
1044.528893382312
 21
-65.41030796262484
 31
0.0
  0
LINE
  5
10B
330
70
100
AcDbEntity
  8
0
 62
     7
370
     0
100
AcDbLine
 10
1043.716325893773
 20
-65.41030796262484
 30
0.0
 11
1043.716325893773
 21
-67.70256765572269
 31
0.0
  0
LINE
  5
10C
330
70
100
AcDbEntity
  8
0
 62
     7
370
     0
100
AcDbLine
 10
1043.716325893773
 20
-64.27271347866753
 30
0.0
 11
1043.716325893773
 21
-61.98045378556968
 31
0.0
  0
LINE
  5
10D
330
70
100
AcDbEntity
  8
0
 62
     7
370
     0
100
AcDbLine
 10
1042.497474660964
 20
-65.41030796262484
 30
0.0
 11
1042.497474660964
 21
-67.70256765572269
 31
0.0
  0
LINE
  5
10E
330
70
100
AcDbEntity
  8
0
 62
     7
370
     0
100
AcDbLine
 10
1042.497474660964
 20
-64.27271347866753
 30
0.0
 11
1042.497474660964
 21
-61.98045378556968
 31
0.0
  0
LINE
  5
10F
330
70
100
AcDbEntity
  8
0
 62
     7
370
     0
100
AcDbLine
 10
1041.684907172424
 20
-65.41030796262484
 30
0.0
 11
1041.684907172424
 21
-64.27271347866753
 31
0.0
  0
LINE
  5
110
330
70
100
AcDbEntity
  8
0
 62
     7
370
     0
100
AcDbLine
 10
1044.528893382312
 20
-65.41030796262484
 30
0.0
 11
1043.716325893773
 21
-65.41030796262484
 31
0.0
  0
LINE
  5
111
330
70
100
AcDbEntity
  8
0
 62
     7
370
     0
100
AcDbLine
 10
1042.497474660964
 20
-65.41030796262484
 30
0.0
 11
1041.684907172424
 21
-65.41030796262484
 31
0.0
  0
LINE
  5
112
330
70
100
AcDbEntity
  8
0
 62
     7
370
     0
100
AcDbLine
 10
1041.684907172424
 20
-64.27271347866753
 30
0.0
 11
1042.497474660964
 21
-64.27271347866753
 31
0.0
  0
LINE
  5
113
330
70
100
AcDbEntity
  8
0
 62
     7
370
     0
100
AcDbLine
 10
1043.716325893773
 20
-64.27271347866753
 30
0.0
 11
1044.528893382312
 21
-64.27271347866753
 31
0.0
  0
CIRCLE
  5
114
330
70
100
AcDbEntity
  8
0
 62
     7
370
     0
100
AcDbCircle
 10
1043.106900277367
 20
-64.84151072064105
 30
0.0
 40
2.925242958741317
  0
LINE
  5
115
330
70
100
AcDbEntity
  8
0
 62
     7
370
     0
100
AcDbLine
 10
1044.528893382312
 20
-8.030804655891449
 30
0.0
 11
1044.528893382312
 21
-9.168399139848759
 31
0.0
  0
LINE
  5
116
330
70
100
AcDbEntity
  8
0
 62
     7
370
     0
100
AcDbLine
 10
1043.716325893773
 20
-9.168399139848759
 30
0.0
 11
1043.716325893773
 21
-11.46065883294661
 31
0.0
  0
LINE
  5
117
330
70
100
AcDbEntity
  8
0
 62
     7
370
     0
100
AcDbLine
 10
1043.716325893773
 20
-8.030804655891449
 30
0.0
 11
1043.716325893773
 21
-5.738544962773065
 31
0.0
  0
LINE
  5
118
330
70
100
AcDbEntity
  8
0
 62
     7
370
     0
100
AcDbLine
 10
1042.497474660964
 20
-9.168399139848759
 30
0.0
 11
1042.497474660964
 21
-11.46065883294661
 31
0.0
  0
LINE
  5
119
330
70
100
AcDbEntity
  8
0
 62
     7
370
     0
100
AcDbLine
 10
1042.497474660964
 20
-8.030804655891449
 30
0.0
 11
1042.497474660964
 21
-5.738544962773065
 31
0.0
  0
LINE
  5
11A
330
70
100
AcDbEntity
  8
0
 62
     7
370
     0
100
AcDbLine
 10
1041.684907172424
 20
-9.168399139848759
 30
0.0
 11
1041.684907172424
 21
-8.030804655891449
 31
0.0
  0
LINE
  5
11B
330
70
100
AcDbEntity
  8
0
 62
     7
370
     0
100
AcDbLine
 10
1044.528893382312
 20
-9.168399139848759
 30
0.0
 11
1043.716325893773
 21
-9.168399139848759
 31
0.0
  0
LINE
  5
11C
330
70
100
AcDbEntity
  8
0
 62
     7
370
     0
100
AcDbLine
 10
1042.497474660964
 20
-9.168399139848759
 30
0.0
 11
1041.684907172424
 21
-9.168399139848759
 31
0.0
  0
LINE
  5
11D
330
70
100
AcDbEntity
  8
0
 62
     7
370
     0
100
AcDbLine
 10
1041.684907172424
 20
-8.030804655891449
 30
0.0
 11
1042.497474660964
 21
-8.030804655891449
 31
0.0
  0
LINE
  5
11E
330
70
100
AcDbEntity
  8
0
 62
     7
370
     0
100
AcDbLine
 10
1043.716325893773
 20
-8.030804655891449
 30
0.0
 11
1044.528893382312
 21
-8.030804655891449
 31
0.0
  0
CIRCLE
  5
11F
330
70
100
AcDbEntity
  8
0
 62
     7
370
     0
100
AcDbCircle
 10
1043.106900277367
 20
-8.599601897864971
 30
0.0
 40
2.925242958741317
  0
LINE
  5
120
330
70
100
AcDbEntity
  8
0
 62
     7
370
     0
100
AcDbLine
 10
1044.528893382312
 20
-81.87402512992919
 30
0.0
 11
1044.528893382312
 21
-83.0116196138865
 31
0.0
  0
LINE
  5
121
330
70
100
AcDbEntity
  8
0
 62
     7
370
     0
100
AcDbLine
 10
1043.716325893773
 20
-83.0116196138865
 30
0.0
 11
1043.716325893773
 21
-85.30387930698436
 31
0.0
  0
LINE
  5
122
330
70
100
AcDbEntity
  8
0
 62
     7
370
     0
100
AcDbLine
 10
1043.716325893773
 20
-81.87402512992919
 30
0.0
 11
1043.716325893773
 21
-79.58176543683134
 31
0.0
  0
LINE
  5
123
330
70
100
AcDbEntity
  8
0
 62
     7
370
     0
100
AcDbLine
 10
1042.497474660964
 20
-83.0116196138865
 30
0.0
 11
1042.497474660964
 21
-85.30387930698436
 31
0.0
  0
LINE
  5
124
330
70
100
AcDbEntity
  8
0
 62
     7
370
     0
100
AcDbLine
 10
1042.497474660964
 20
-81.87402512992919
 30
0.0
 11
1042.497474660964
 21
-79.58176543683134
 31
0.0
  0
LINE
  5
125
330
70
100
AcDbEntity
  8
0
 62
     7
370
     0
100
AcDbLine
 10
1041.684907172424
 20
-83.0116196138865
 30
0.0
 11
1041.684907172424
 21
-81.87402512992919
 31
0.0
  0
LINE
  5
126
330
70
100
AcDbEntity
  8
0
 62
     7
370
     0
100
AcDbLine
 10
1044.528893382312
 20
-83.0116196138865
 30
0.0
 11
1043.716325893773
 21
-83.0116196138865
 31
0.0
  0
LINE
  5
127
330
70
100
AcDbEntity
  8
0
 62
     7
370
     0
100
AcDbLine
 10
1042.497474660964
 20
-83.0116196138865
 30
0.0
 11
1041.684907172424
 21
-83.0116196138865
 31
0.0
  0
LINE
  5
128
330
70
100
AcDbEntity
  8
0
 62
     7
370
     0
100
AcDbLine
 10
1041.684907172424
 20
-81.87402512992919
 30
0.0
 11
1042.497474660964
 21
-81.87402512992919
 31
0.0
  0
LINE
  5
129
330
70
100
AcDbEntity
  8
0
 62
     7
370
     0
100
AcDbLine
 10
1043.716325893773
 20
-81.87402512992919
 30
0.0
 11
1044.528893382312
 21
-81.87402512992919
 31
0.0
  0
CIRCLE
  5
12A
330
70
100
AcDbEntity
  8
0
 62
     7
370
     0
100
AcDbCircle
 10
1043.106900277367
 20
-82.44282237190271
 30
0.0
 40
2.925242958741317
  0
LINE
  5
12B
330
70
100
AcDbEntity
  8
0
 62
     7
370
     0
100
AcDbLine
 10
1044.528893382312
 20
-71.43498794718261
 30
0.0
 11
1044.528893382312
 21
-72.57258243113994
 31
0.0
  0
LINE
  5
12C
330
70
100
AcDbEntity
  8
0
 62
     7
370
     0
100
AcDbLine
 10
1043.716325893773
 20
-72.57258243113994
 30
0.0
 11
1043.716325893773
 21
-74.86484212423778
 31
0.0
  0
LINE
  5
12D
330
70
100
AcDbEntity
  8
0
 62
     7
370
     0
100
AcDbLine
 10
1043.716325893773
 20
-71.43498794718261
 30
0.0
 11
1043.716325893773
 21
-69.14272825408477
 31
0.0
  0
LINE
  5
12E
330
70
100
AcDbEntity
  8
0
 62
     7
370
     0
100
AcDbLine
 10
1042.497474660964
 20
-72.57258243113994
 30
0.0
 11
1042.497474660964
 21
-74.86484212423778
 31
0.0
  0
LINE
  5
12F
330
70
100
AcDbEntity
  8
0
 62
     7
370
     0
100
AcDbLine
 10
1042.497474660964
 20
-71.43498794718261
 30
0.0
 11
1042.497474660964
 21
-69.14272825408477
 31
0.0
  0
LINE
  5
130
330
70
100
AcDbEntity
  8
0
 62
     7
370
     0
100
AcDbLine
 10
1041.684907172424
 20
-72.57258243113994
 30
0.0
 11
1041.684907172424
 21
-71.43498794718261
 31
0.0
  0
LINE
  5
131
330
70
100
AcDbEntity
  8
0
 62
     7
370
     0
100
AcDbLine
 10
1044.528893382312
 20
-72.57258243113994
 30
0.0
 11
1043.716325893773
 21
-72.57258243113994
 31
0.0
  0
LINE
  5
132
330
70
100
AcDbEntity
  8
0
 62
     7
370
     0
100
AcDbLine
 10
1042.497474660964
 20
-72.57258243113994
 30
0.0
 11
1041.684907172424
 21
-72.57258243113994
 31
0.0
  0
LINE
  5
133
330
70
100
AcDbEntity
  8
0
 62
     7
370
     0
100
AcDbLine
 10
1041.684907172424
 20
-71.43498794718261
 30
0.0
 11
1042.497474660964
 21
-71.43498794718261
 31
0.0
  0
LINE
  5
134
330
70
100
AcDbEntity
  8
0
 62
     7
370
     0
100
AcDbLine
 10
1043.716325893773
 20
-71.43498794718261
 30
0.0
 11
1044.528893382312
 21
-71.43498794718261
 31
0.0
  0
CIRCLE
  5
135
330
70
100
AcDbEntity
  8
0
 62
     7
370
     0
100
AcDbCircle
 10
1043.106900277367
 20
-72.00378518915615
 30
0.0
 40
2.925242958741317
  0
LINE
  5
136
330
70
100
AcDbEntity
  8
0
 62
     7
370
     0
100
AcDbLine
 10
1044.528893382312
 20
-58.24803349410974
 30
0.0
 11
1044.528893382312
 21
-57.11043901015243
 31
0.0
  0
LINE
  5
137
330
70
100
AcDbEntity
  8
0
 62
     7
370
     0
100
AcDbLine
 10
1043.716325893773
 20
-57.11043901015243
 30
0.0
 11
1043.716325893773
 21
-54.81817931705458
 31
0.0
  0
LINE
  5
138
330
70
100
AcDbEntity
  8
0
 62
     7
370
     0
100
AcDbLine
 10
1043.716325893773
 20
-58.24803349410974
 30
0.0
 11
1043.716325893773
 21
-60.54029318720759
 31
0.0
  0
LINE
  5
139
330
70
100
AcDbEntity
  8
0
 62
     7
370
     0
100
AcDbLine
 10
1042.497474660964
 20
-57.11043901015243
 30
0.0
 11
1042.497474660964
 21
-54.81817931705458
 31
0.0
  0
LINE
  5
13A
330
70
100
AcDbEntity
  8
0
 62
     7
370
     0
100
AcDbLine
 10
1042.497474660964
 20
-58.24803349410974
 30
0.0
 11
1042.497474660964
 21
-60.54029318720759
 31
0.0
  0
LINE
  5
13B
330
70
100
AcDbEntity
  8
0
 62
     7
370
     0
100
AcDbLine
 10
1041.684907172424
 20
-57.11043901015243
 30
0.0
 11
1041.684907172424
 21
-58.24803349410974
 31
0.0
  0
LINE
  5
13C
330
70
100
AcDbEntity
  8
0
 62
     7
370
     0
100
AcDbLine
 10
1044.528893382312
 20
-57.11043901015243
 30
0.0
 11
1043.716325893773
 21
-57.11043901015243
 31
0.0
  0
LINE
  5
13D
330
70
100
AcDbEntity
  8
0
 62
     7
370
     0
100
AcDbLine
 10
1042.497474660964
 20
-57.11043901015243
 30
0.0
 11
1041.684907172424
 21
-57.11043901015243
 31
0.0
  0
LINE
  5
13E
330
70
100
AcDbEntity
  8
0
 62
     7
370
     0
100
AcDbLine
 10
1041.684907172424
 20
-58.24803349410974
 30
0.0
 11
1042.497474660964
 21
-58.24803349410974
 31
0.0
  0
LINE
  5
13F
330
70
100
AcDbEntity
  8
0
 62
     7
370
     0
100
AcDbLine
 10
1043.716325893773
 20
-58.24803349410974
 30
0.0
 11
1044.528893382312
 21
-58.24803349410974
 31
0.0
  0
CIRCLE
  5
140
330
70
100
AcDbEntity
  8
0
 62
     7
370
     0
100
AcDbCircle
 10
1043.106900277367
 20
-57.67923625212596
 30
0.0
 40
2.925242958741317
  0
LINE
  5
141
330
70
100
AcDbEntity
  8
0
 62
     7
370
     0
100
AcDbLine
 10
1044.528893382312
 20
-44.9266808711124
 30
0.0
 11
1044.528893382312
 21
-46.06427535505943
 31
0.0
  0
LINE
  5
142
330
70
100
AcDbEntity
  8
0
 62
     7
370
     0
100
AcDbLine
 10
1043.716325893773
 20
-46.06427535505943
 30
0.0
 11
1043.716325893773
 21
-48.35653504816756
 31
0.0
  0
LINE
  5
143
330
70
100
AcDbEntity
  8
0
 62
     7
370
     0
100
AcDbLine
 10
1043.716325893773
 20
-44.9266808711124
 30
0.0
 11
1043.716325893773
 21
-42.63442117799401
 31
0.0
  0
LINE
  5
144
330
70
100
AcDbEntity
  8
0
 62
     7
370
     0
100
AcDbLine
 10
1042.497474660964
 20
-46.06427535505943
 30
0.0
 11
1042.497474660964
 21
-48.35653504816756
 31
0.0
  0
LINE
  5
145
330
70
100
AcDbEntity
  8
0
 62
     7
370
     0
100
AcDbLine
 10
1042.497474660964
 20
-44.9266808711124
 30
0.0
 11
1042.497474660964
 21
-42.63442117799401
 31
0.0
  0
LINE
  5
146
330
70
100
AcDbEntity
  8
0
 62
     7
370
     0
100
AcDbLine
 10
1041.684907172424
 20
-46.06427535505943
 30
0.0
 11
1041.684907172424
 21
-44.9266808711124
 31
0.0
  0
LINE
  5
147
330
70
100
AcDbEntity
  8
0
 62
     7
370
     0
100
AcDbLine
 10
1044.528893382312
 20
-46.06427535505943
 30
0.0
 11
1043.716325893773
 21
-46.06427535505943
 31
0.0
  0
LINE
  5
148
330
70
100
AcDbEntity
  8
0
 62
     7
370
     0
100
AcDbLine
 10
1042.497474660964
 20
-46.06427535505943
 30
0.0
 11
1041.684907172424
 21
-46.06427535505943
 31
0.0
  0
LINE
  5
149
330
70
100
AcDbEntity
  8
0
 62
     7
370
     0
100
AcDbLine
 10
1041.684907172424
 20
-44.9266808711124
 30
0.0
 11
1042.497474660964
 21
-44.9266808711124
 31
0.0
  0
LINE
  5
14A
330
70
100
AcDbEntity
  8
0
 62
     7
370
     0
100
AcDbLine
 10
1043.716325893773
 20
-44.9266808711124
 30
0.0
 11
1044.528893382312
 21
-44.9266808711124
 31
0.0
  0
CIRCLE
  5
14B
330
70
100
AcDbEntity
  8
0
 62
     7
370
     0
100
AcDbCircle
 10
1043.106900277367
 20
-45.49547811307564
 30
0.0
 40
2.925242958741317
  0
LINE
  5
14C
330
70
100
AcDbEntity
  8
0
 62
     7
370
     0
100
AcDbLine
 10
1044.528893382312
 20
-26.71824274750431
 30
0.0
 11
1044.528893382312
 21
-25.580648263547
 31
0.0
  0
LINE
  5
14D
330
70
100
AcDbEntity
  8
0
 62
     7
370
     0
100
AcDbLine
 10
1043.716325893773
 20
-25.580648263547
 30
0.0
 11
1043.716325893773
 21
-23.28838857044915
 31
0.0
  0
LINE
  5
14E
330
70
100
AcDbEntity
  8
0
 62
     7
370
     0
100
AcDbLine
 10
1043.716325893773
 20
-26.71824274750431
 30
0.0
 11
1043.716325893773
 21
-29.01050244060216
 31
0.0
  0
LINE
  5
14F
330
70
100
AcDbEntity
  8
0
 62
     7
370
     0
100
AcDbLine
 10
1042.497474660964
 20
-25.580648263547
 30
0.0
 11
1042.497474660964
 21
-23.28838857044915
 31
0.0
  0
LINE
  5
150
330
70
100
AcDbEntity
  8
0
 62
     7
370
     0
100
AcDbLine
 10
1042.497474660964
 20
-26.71824274750431
 30
0.0
 11
1042.497474660964
 21
-29.01050244060216
 31
0.0
  0
LINE
  5
151
330
70
100
AcDbEntity
  8
0
 62
     7
370
     0
100
AcDbLine
 10
1041.684907172424
 20
-25.580648263547
 30
0.0
 11
1041.684907172424
 21
-26.71824274750431
 31
0.0
  0
LINE
  5
152
330
70
100
AcDbEntity
  8
0
 62
     7
370
     0
100
AcDbLine
 10
1044.528893382312
 20
-25.580648263547
 30
0.0
 11
1043.716325893773
 21
-25.580648263547
 31
0.0
  0
LINE
  5
153
330
70
100
AcDbEntity
  8
0
 62
     7
370
     0
100
AcDbLine
 10
1042.497474660964
 20
-25.580648263547
 30
0.0
 11
1041.684907172424
 21
-25.580648263547
 31
0.0
  0
LINE
  5
154
330
70
100
AcDbEntity
  8
0
 62
     7
370
     0
100
AcDbLine
 10
1041.684907172424
 20
-26.71824274750431
 30
0.0
 11
1042.497474660964
 21
-26.71824274750431
 31
0.0
  0
LINE
  5
155
330
70
100
AcDbEntity
  8
0
 62
     7
370
     0
100
AcDbLine
 10
1043.716325893773
 20
-26.71824274750431
 30
0.0
 11
1044.528893382312
 21
-26.71824274750431
 31
0.0
  0
CIRCLE
  5
156
330
70
100
AcDbEntity
  8
0
 62
     7
370
     0
100
AcDbCircle
 10
1043.106900277367
 20
-26.14944550552052
 30
0.0
 40
2.925242958741317
  0
LINE
  5
157
330
70
100
AcDbEntity
  8
0
 62
     7
370
     0
100
AcDbLine
 10
1044.528893382312
 20
-19.55596827898921
 30
0.0
 11
1044.528893382312
 21
-18.4183737950319
 31
0.0
  0
LINE
  5
158
330
70
100
AcDbEntity
  8
0
 62
     7
370
     0
100
AcDbLine
 10
1043.716325893773
 20
-18.4183737950319
 30
0.0
 11
1043.716325893773
 21
-16.12611410193405
 31
0.0
  0
LINE
  5
159
330
70
100
AcDbEntity
  8
0
 62
     7
370
     0
100
AcDbLine
 10
1043.716325893773
 20
-19.55596827898921
 30
0.0
 11
1043.716325893773
 21
-21.84822797208706
 31
0.0
  0
LINE
  5
15A
330
70
100
AcDbEntity
  8
0
 62
     7
370
     0
100
AcDbLine
 10
1042.497474660964
 20
-18.4183737950319
 30
0.0
 11
1042.497474660964
 21
-16.12611410193405
 31
0.0
  0
LINE
  5
15B
330
70
100
AcDbEntity
  8
0
 62
     7
370
     0
100
AcDbLine
 10
1042.497474660964
 20
-19.55596827898921
 30
0.0
 11
1042.497474660964
 21
-21.84822797208706
 31
0.0
  0
LINE
  5
15C
330
70
100
AcDbEntity
  8
0
 62
     7
370
     0
100
AcDbLine
 10
1041.684907172424
 20
-18.4183737950319
 30
0.0
 11
1041.684907172424
 21
-19.55596827898921
 31
0.0
  0
LINE
  5
15D
330
70
100
AcDbEntity
  8
0
 62
     7
370
     0
100
AcDbLine
 10
1044.528893382312
 20
-18.4183737950319
 30
0.0
 11
1043.716325893773
 21
-18.4183737950319
 31
0.0
  0
LINE
  5
15E
330
70
100
AcDbEntity
  8
0
 62
     7
370
     0
100
AcDbLine
 10
1042.497474660964
 20
-18.4183737950319
 30
0.0
 11
1041.684907172424
 21
-18.4183737950319
 31
0.0
  0
LINE
  5
15F
330
70
100
AcDbEntity
  8
0
 62
     7
370
     0
100
AcDbLine
 10
1041.684907172424
 20
-19.55596827898921
 30
0.0
 11
1042.497474660964
 21
-19.55596827898921
 31
0.0
  0
LINE
  5
160
330
70
100
AcDbEntity
  8
0
 62
     7
370
     0
100
AcDbLine
 10
1043.716325893773
 20
-19.55596827898921
 30
0.0
 11
1044.528893382312
 21
-19.55596827898921
 31
0.0
  0
CIRCLE
  5
161
330
70
100
AcDbEntity
  8
0
 62
     7
370
     0
100
AcDbCircle
 10
1043.106900277367
 20
-18.98717103700542
 30
0.0
 40
2.925242958741317
  0
LINE
  5
162
330
70
100
AcDbEntity
  8
0
 62
     7
370
     0
100
AcDbLine
 10
1044.528893382312
 20
-32.74292273207236
 30
0.0
 11
1044.528893382312
 21
-33.8805172160194
 31
0.0
  0
LINE
  5
163
330
70
100
AcDbEntity
  8
0
 62
     7
370
     0
100
AcDbLine
 10
1043.716325893773
 20
-33.8805172160194
 30
0.0
 11
1043.716325893773
 21
-36.17277690911726
 31
0.0
  0
LINE
  5
164
330
70
100
AcDbEntity
  8
0
 62
     7
370
     0
100
AcDbLine
 10
1043.716325893773
 20
-32.74292273207236
 30
0.0
 11
1043.716325893773
 21
-30.45066303896425
 31
0.0
  0
LINE
  5
165
330
70
100
AcDbEntity
  8
0
 62
     7
370
     0
100
AcDbLine
 10
1042.497474660964
 20
-33.8805172160194
 30
0.0
 11
1042.497474660964
 21
-36.17277690911726
 31
0.0
  0
LINE
  5
166
330
70
100
AcDbEntity
  8
0
 62
     7
370
     0
100
AcDbLine
 10
1042.497474660964
 20
-32.74292273207236
 30
0.0
 11
1042.497474660964
 21
-30.45066303896425
 31
0.0
  0
LINE
  5
167
330
70
100
AcDbEntity
  8
0
 62
     7
370
     0
100
AcDbLine
 10
1041.684907172424
 20
-33.8805172160194
 30
0.0
 11
1041.684907172424
 21
-32.74292273207236
 31
0.0
  0
LINE
  5
168
330
70
100
AcDbEntity
  8
0
 62
     7
370
     0
100
AcDbLine
 10
1044.528893382312
 20
-33.8805172160194
 30
0.0
 11
1043.716325893773
 21
-33.8805172160194
 31
0.0
  0
LINE
  5
169
330
70
100
AcDbEntity
  8
0
 62
     7
370
     0
100
AcDbLine
 10
1042.497474660964
 20
-33.8805172160194
 30
0.0
 11
1041.684907172424
 21
-33.8805172160194
 31
0.0
  0
LINE
  5
16A
330
70
100
AcDbEntity
  8
0
 62
     7
370
     0
100
AcDbLine
 10
1041.684907172424
 20
-32.74292273207236
 30
0.0
 11
1042.497474660964
 21
-32.74292273207236
 31
0.0
  0
LINE
  5
16B
330
70
100
AcDbEntity
  8
0
 62
     7
370
     0
100
AcDbLine
 10
1043.716325893773
 20
-32.74292273207236
 30
0.0
 11
1044.528893382312
 21
-32.74292273207236
 31
0.0
  0
CIRCLE
  5
16C
330
70
100
AcDbEntity
  8
0
 62
     7
370
     0
100
AcDbCircle
 10
1043.106900277367
 20
-33.31171997403561
 30
0.0
 40
2.925242958741317
  0
INSERT
  5
16E
330
70
100
AcDbEntity
  8
0
100
AcDbBlockReference
  2
Block_5
 10
0.0
 20
0.0
 30
0.0
  0
LINE
  5
17A
330
70
100
AcDbEntity
  8
0
 62
     7
370
     0
100
AcDbLine
 10
1599.189791730563
 20
490.0045218869031
 30
0.0
 11
1815.789791730569
 21
490.0045218869031
 31
0.0
  0
LINE
  5
17B
330
70
100
AcDbEntity
  8
0
 62
     7
370
     0
100
AcDbLine
 10
1819.989791730565
 20
485.8045218868946
 30
0.0
 11
1819.989791730696
 21
-105.7954354943906
 31
0.0
  0
SPLINE
  5
17C
330
70
100
AcDbEntity
  8
0
 62
     7
370
     5
100
AcDbSpline
210
0.0
220
0.0
230
1.0
 70
     8
 71
     3
 72
     8
 73
     4
 74
     0
 42
0.0000000001
 43
0.0000000001
 40
0.0
 40
0.0
 40
0.0
 40
0.0
 40
1.0
 40
1.0
 40
1.0
 40
1.0
 10
1819.98979173057
 20
485.8045218868946
 30
0.0
 10
1819.98979173057
 20
488.124117836184
 30
0.0
 10
1818.109387679859
 20
490.0045218868948
 30
0.0
 10
1815.789791730569
 20
490.0045218868948
 30
0.0
  0
SPLINE
  5
17D
330
70
100
AcDbEntity
  8
0
 62
     7
370
     5
100
AcDbSpline
210
0.0
220
0.0
230
1.0
 70
     8
 71
     3
 72
     8
 73
     4
 74
     0
 42
0.0000000001
 43
0.0000000001
 40
0.0
 40
0.0
 40
0.0
 40
0.0
 40
1.0
 40
1.0
 40
1.0
 40
1.0
 10
1817.889791730572
 20
485.8045218868946
 30
0.0
 10
1817.889791730572
 20
486.9643198615412
 30
0.0
 10
1816.949589705216
 20
487.9045218868979
 30
0.0
 10
1815.789791730569
 20
487.9045218868979
 30
0.0
  0
LINE
  5
17E
330
70
100
AcDbEntity
  8
0
 62
     7
370
     0
100
AcDbLine
 10
1815.789791730569
 20
490.0045218869031
 30
0.0
 11
1599.189791730563
 21
490.0045218869031
 31
0.0
  0
LINE
  5
17F
330
70
100
AcDbEntity
  8
0
 62
     7
370
     0
100
AcDbLine
 10
1815.789791730569
 20
487.904521886904
 30
0.0
 11
1599.189791730563
 21
487.904521886904
 31
0.0
  0
LINE
  5
180
330
70
100
AcDbEntity
  8
0
 62
     7
370
     5
100
AcDbLine
 10
1817.889791730543
 20
-105.7954614731707
 30
0.0
 11
1817.889791730574
 21
485.8045218868946
 31
0.0
  0
LINE
  5
181
330
70
100
AcDbEntity
  8
0
 62
     7
370
     0
100
AcDbLine
 10
1568.789791730497
 20
357.2435912466651
 30
0.0
 11
1565.789791730495
 21
357.2435912466651
 31
0.0
  0
LINE
  5
182
330
70
100
AcDbEntity
  8
0
 62
     7
370
     0
100
AcDbLine
 10
1565.789791730495
 20
328.2435912466582
 30
0.0
 11
1565.789791730495
 21
357.2435912466651
 31
0.0
  0
LINE
  5
183
330
70
100
AcDbEntity
  8
0
 62
     7
370
     0
100
AcDbLine
 10
1565.789791730495
 20
357.2435912466651
 30
0.0
 11
1560.489791730509
 21
354.5154525271528
 31
0.0
  0
LINE
  5
184
330
70
100
AcDbEntity
  8
0
 62
     7
370
     0
100
AcDbLine
 10
1565.789791730495
 20
328.2435912466582
 30
0.0
 11
1560.489791730509
 21
330.9935912466607
 31
0.0
  0
LINE
  5
185
330
70
100
AcDbEntity
  8
0
 62
     7
370
     0
100
AcDbLine
 10
1568.789791730497
 20
357.2435912466651
 30
0.0
 11
1565.789791730495
 21
357.2435912466651
 31
0.0
  0
LINE
  5
186
330
70
100
AcDbEntity
  8
0
 62
     7
370
     0
100
AcDbLine
 10
1568.789791730497
 20
328.2435912466582
 30
0.0
 11
1565.789791730495
 21
328.2435912466582
 31
0.0
  0
LINE
  5
187
330
70
100
AcDbEntity
  8
0
 62
     7
370
     0
100
AcDbLine
 10
1560.489791730509
 20
330.9935912466607
 30
0.0
 11
1560.489791730509
 21
354.5154525271528
 31
0.0
  0
LINE
  5
188
330
70
100
AcDbEntity
  8
0
 62
     7
370
     0
100
AcDbLine
 10
1568.789791730497
 20
328.2435912466582
 30
0.0
 11
1568.789791730497
 21
357.2435912466651
 31
0.0
  0
LINE
  5
189
330
70
100
AcDbEntity
  8
0
 62
     7
370
     0
100
AcDbLine
 10
1565.789791730495
 20
328.2435912466582
 30
0.0
 11
1565.789791730495
 21
357.2435912466651
 31
0.0
  0
LINE
  5
18A
330
70
100
AcDbEntity
  8
0
 62
     7
370
     0
100
AcDbLine
 10
1568.789791730497
 20
360.2435912466594
 30
0.0
 11
1568.789791730497
 21
325.2435912466639
 31
0.0
  0
LINE
  5
18B
330
70
100
AcDbEntity
  8
0
 62
     7
370
     0
100
AcDbLine
 10
1568.789791730497
 20
325.2435912466639
 30
0.0
 11
1569.989791730509
 21
325.2435912466639
 31
0.0
  0
LINE
  5
18C
330
70
100
AcDbEntity
  8
0
 62
     7
370
     0
100
AcDbLine
 10
1569.989791730509
 20
325.2435912466639
 30
0.0
 11
1569.989791730509
 21
360.2435912466594
 31
0.0
  0
LINE
  5
18D
330
70
100
AcDbEntity
  8
0
 62
     7
370
     0
100
AcDbLine
 10
1569.989791730509
 20
360.2435912466594
 30
0.0
 11
1568.789791730497
 21
360.2435912466594
 31
0.0
  0
LINE
  5
18E
330
70
100
AcDbEntity
  8
0
 62
     7
370
     0
100
AcDbLine
 10
1569.989791730509
 20
349.7435912466638
 30
0.0
 11
1568.789791730497
 21
349.7435912466638
 31
0.0
  0
LINE
  5
18F
330
70
100
AcDbEntity
  8
0
 62
     7
370
     0
100
AcDbLine
 10
1569.989791730509
 20
335.7435912466595
 30
0.0
 11
1568.789791730497
 21
335.7435912466595
 31
0.0
  0
LINE
  5
190
330
70
100
AcDbEntity
  8
0
 62
     7
370
     0
100
AcDbLine
 10
1555.489791730508
 20
362.5045218869028
 30
0.0
 11
1555.489791730508
 21
323.0045218869107
 31
0.0
  0
LINE
  5
191
330
70
100
AcDbEntity
  8
0
 62
     7
370
     0
100
AcDbLine
 10
1555.489791730508
 20
323.0045218869107
 30
0.0
 11
1545.411053622026
 21
323.0045218869107
 31
0.0
  0
LINE
  5
192
330
70
100
AcDbEntity
  8
0
 62
     7
370
     0
100
AcDbLine
 10
1555.489791730508
 20
362.5045218869028
 30
0.0
 11
1545.411053622026
 21
362.5045218869028
 31
0.0
  0
LINE
  5
193
330
70
100
AcDbEntity
  8
0
  6
AI-Linetype-18
 62
     7
370
     0
100
AcDbLine
 10
1555.489791730508
 20
336.0045218869067
 30
0.0
 11
1547.489791730508
 21
336.0045218869067
 31
0.0
  0
LINE
  5
195
330
70
100
AcDbEntity
  8
0
  6
AI-Linetype-19
 62
     7
370
     0
100
AcDbLine
 10
1555.489791730508
 20
349.5045218869068
 30
0.0
 11
1547.489791730508
 21
349.5045218869068
 31
0.0
  0
LINE
  5
197
330
70
100
AcDbEntity
  8
0
 62
     7
370
     0
100
AcDbLine
 10
1545.533996692546
 20
347.518149414508
 30
0.0
 11
1545.533996692546
 21
338.0181494145105
 31
0.0
  0
LINE
  5
198
330
70
100
AcDbEntity
  8
0
 62
     7
370
     0
100
AcDbLine
 10
1543.491245690102
 20
360.1404546271934
 30
0.0
 11
1545.746200465766
 21
348.414689793693
 31
0.0
  0
LINE
  5
199
330
70
100
AcDbEntity
  8
0
 62
     7
370
     0
100
AcDbLine
 10
1543.491245690102
 20
325.3958442018251
 30
0.0
 11
1545.746200465766
 21
337.1216090352946
 31
0.0
  0
LINE
  5
19A
330
70
100
AcDbEntity
  8
0
 62
     7
370
     0
100
AcDbLine
 10
1555.489791730508
 20
334.9045218868955
 30
0.0
 11
1558.29782425528
 21
334.9045218868955
 31
0.0
  0
LINE
  5
19B
330
70
100
AcDbEntity
  8
0
 62
     7
370
     0
100
AcDbLine
 10
1555.489791730508
 20
350.5935311467016
 30
0.0
 11
1558.29782425528
 21
350.5935311467016
 31
0.0
  0
LINE
  5
19C
330
70
100
AcDbEntity
  8
0
 62
     7
370
     0
100
AcDbLine
 10
1555.489791730508
 20
334.9045218868955
 30
0.0
 11
1560.489791730509
 21
334.9045218868955
 31
0.0
  0
LINE
  5
19D
330
70
100
AcDbEntity
  8
0
 62
     7
370
     0
100
AcDbLine
 10
1555.489791730508
 20
350.5935311467016
 30
0.0
 11
1560.489791730509
 21
350.5935311467016
 31
0.0
  0
LINE
  5
19E
330
70
100
AcDbEntity
  8
0
 62
     7
370
     0
100
AcDbLine
 10
1560.489791730509
 20
350.5935311467016
 30
0.0
 11
1560.489791730509
 21
334.9045218868955
 31
0.0
  0
SPLINE
  5
19F
330
70
100
AcDbEntity
  8
0
 62
     7
370
     0
100
AcDbSpline
210
0.0
220
0.0
230
1.0
 70
     8
 71
     3
 72
    11
 73
     7
 74
     0
 42
0.0000000001
 43
0.0000000001
 40
0.0
 40
0.0
 40
0.0
 40
0.0
 40
1.0
 40
1.0
 40
1.0
 40
2.0
 40
2.0
 40
2.0
 40
2.0
 10
1543.491245690102
 20
325.3958442017872
 30
0.0
 10
1543.282650618995
 20
324.3111498319797
 30
0.0
 10
1543.992869426976
 20
323.2627315916466
 30
0.0
 10
1545.077563796783
 20
323.0541365205398
 30
0.0
 10
1545.202037229437
 20
323.0301993219535
 30
0.0
 10
1545.328504393159
 20
323.0181494145042
 30
0.0
 10
1545.455258584066
 20
323.0181494145042
 30
0.0
  0
SPLINE
  5
1A0
330
70
100
AcDbEntity
  8
0
 62
     7
370
     0
100
AcDbSpline
210
0.0
220
0.0
230
1.0
 70
     8
 71
     3
 72
    11
 73
     7
 74
     0
 42
0.0000000001
 43
0.0000000001
 40
0.0
 40
0.0
 40
0.0
 40
0.0
 40
1.0
 40
1.0
 40
1.0
 40
2.0
 40
2.0
 40
2.0
 40
2.0
 10
1545.455258584066
 20
362.5181494145039
 30
0.0
 10
1544.350689084404
 20
362.5181494145039
 30
0.0
 10
1543.455258584066
 20
361.6227189141655
 30
0.0
 10
1543.455258584066
 20
360.5181494145039
 30
0.0
 10
1543.455258584066
 20
360.3913952235966
 30
0.0
 10
1543.467308491516
 20
360.2649280598742
 30
0.0
 10
1543.491245690102
 20
360.140454627221
 30
0.0
  0
LINE
  5
1A1
330
70
100
AcDbEntity
  8
0
  6
AI-Linetype-20
 62
     7
370
     0
100
AcDbLine
 10
1555.489791730508
 20
360.5045218869066
 30
0.0
 11
1547.832315513547
 21
360.5045218869066
 31
0.0
  0
LINE
  5
1A3
330
70
100
AcDbEntity
  8
0
  6
AI-Linetype-21
 62
     7
370
     0
100
AcDbLine
 10
1545.912507581622
 20
358.1404546271972
 30
0.0
 11
1547.570643199441
 21
349.5181494145042
 31
0.0
  0
LINE
  5
1A5
330
70
100
AcDbEntity
  8
0
  6
AI-Linetype-22
 62
     7
370
     0
100
AcDbLine
 10
1547.533996692548
 20
349.5181494145042
 30
0.0
 11
1547.533996692548
 21
336.018149414504
 31
0.0
  0
LINE
  5
1A7
330
70
100
AcDbEntity
  8
0
  6
AI-Linetype-23
 62
     7
370
     0
100
AcDbLine
 10
1545.912507581622
 20
327.3958442018213
 30
0.0
 11
1547.570643199441
 21
336.018149414504
 31
0.0
  0
LINE
  5
1A9
330
70
100
AcDbEntity
  8
0
  6
AI-Linetype-24
 62
     7
370
     0
100
AcDbLine
 10
1555.489791730508
 20
325.004521886907
 30
0.0
 11
1547.832315513547
 21
325.004521886907
 31
0.0
  0
SPLINE
  5
1AB
330
70
100
AcDbEntity
  8
0
  6
AI-Linetype-25
 62
     7
370
     0
100
AcDbSpline
210
0.0
220
0.0
230
1.0
 70
     8
 71
     3
 72
    11
 73
     7
 74
     0
 42
0.0000000001
 43
0.0000000001
 40
0.0
 40
0.0
 40
0.0
 40
0.0
 40
1.0
 40
1.0
 40
1.0
 40
2.0
 40
2.0
 40
2.0
 40
2.0
 10
1547.876520475586
 20
360.5181494145078
 30
0.0
 10
1546.771950975925
 20
360.5181494145078
 30
0.0
 10
1545.876520475587
 20
359.6227189141693
 30
0.0
 10
1545.876520475587
 20
358.5181494145077
 30
0.0
 10
1545.876520475587
 20
358.3913952236003
 30
0.0
 10
1545.888570383036
 20
358.2649280598779
 30
0.0
 10
1545.912507581622
 20
358.1404546272247
 30
0.0
  0
SPLINE
  5
1AD
330
70
100
AcDbEntity
  8
0
  6
AI-Linetype-26
 62
     7
370
     0
100
AcDbSpline
210
0.0
220
0.0
230
1.0
 70
     8
 71
     3
 72
    11
 73
     7
 74
     0
 42
0.0000000001
 43
0.0000000001
 40
0.0
 40
0.0
 40
0.0
 40
0.0
 40
1.0
 40
1.0
 40
1.0
 40
2.0
 40
2.0
 40
2.0
 40
2.0
 10
1545.912507581622
 20
327.3958442017937
 30
0.0
 10
1545.703912510515
 20
326.3111498319862
 30
0.0
 10
1546.414131318496
 20
325.2627315916531
 30
0.0
 10
1547.498825688303
 20
325.0541365205463
 30
0.0
 10
1547.623299120957
 20
325.03019932196
 30
0.0
 10
1547.749766284679
 20
325.0181494145107
 30
0.0
 10
1547.876520475586
 20
325.0181494145107
 30
0.0
  0
SPLINE
  5
1AF
330
70
100
AcDbEntity
  8
0
  6
AI-Linetype-27
 62
     7
370
     0
100
AcDbSpline
210
0.0
220
0.0
230
1.0
 70
     8
 71
     3
 72
     8
 73
     4
 74
     0
 42
0.0000000001
 43
0.0000000001
 40
0.0
 40
0.0
 40
0.0
 40
0.0
 40
1.0
 40
1.0
 40
1.0
 40
1.0
 10
1547.533996692548
 20
349.518149414508
 30
0.0
 10
1546.429427192886
 20
349.518149414508
 30
0.0
 10
1545.533996692548
 20
348.6227189141695
 30
0.0
 10
1545.533996692548
 20
347.518149414508
 30
0.0
  0
SPLINE
  5
1B1
330
70
100
AcDbEntity
  8
0
  6
AI-Linetype-28
 62
     7
370
     0
100
AcDbSpline
210
0.0
220
0.0
230
1.0
 70
     8
 71
     3
 72
     8
 73
     4
 74
     0
 42
0.0000000001
 43
0.0000000001
 40
0.0
 40
0.0
 40
0.0
 40
0.0
 40
1.0
 40
1.0
 40
1.0
 40
1.0
 10
1545.533996692548
 20
338.0181494145105
 30
0.0
 10
1545.533996692548
 20
336.9135799148489
 30
0.0
 10
1546.429427192886
 20
336.0181494145105
 30
0.0
 10
1547.533996692548
 20
336.0181494145105
 30
0.0
  0
LINE
  5
1B3
330
70
100
AcDbEntity
  8
0
 62
     7
370
     0
100
AcDbLine
 10
1560.489791730509
 20
346.2545218869104
 30
0.0
 11
1568.489791730507
 21
346.2545218869104
 31
0.0
  0
LINE
  5
1B4
330
70
100
AcDbEntity
  8
0
 62
     7
370
     0
100
AcDbLine
 10
1560.489791730509
 20
339.2545218869031
 30
0.0
 11
1568.489791730507
 21
339.2545218869031
 31
0.0
  0
LINE
  5
1B5
330
70
100
AcDbEntity
  8
0
 62
     7
370
     0
100
AcDbLine
 10
1568.489791730507
 20
339.2545218869031
 30
0.0
 11
1568.489791730507
 21
346.2545218869104
 31
0.0
  0
LINE
  5
1B6
330
70
100
AcDbEntity
  8
0
 62
     7
370
     0
100
AcDbLine
 10
1815.789791730569
 20
490.0045218869031
 30
0.0
 11
1599.189791730563
 21
490.0045218869031
 31
0.0
  0
LINE
  5
1B7
330
70
100
AcDbEntity
  8
0
 62
     7
370
     0
100
AcDbLine
 10
1815.789791730569
 20
487.904521886904
 30
0.0
 11
1599.189791730563
 21
487.9045218869245
 31
0.0
  0
SPLINE
  5
1B8
330
70
100
AcDbEntity
  8
0
 62
     7
370
     0
100
AcDbSpline
210
0.0
220
0.0
230
1.0
 70
     8
 71
     3
 72
     8
 73
     4
 74
     0
 42
0.0000000001
 43
0.0000000001
 40
0.0
 40
0.0
 40
0.0
 40
0.0
 40
1.0
 40
1.0
 40
1.0
 40
1.0
 10
1599.189791730563
 20
490.0045218868948
 30
0.0
 10
1596.870195781273
 20
490.0045218868948
 30
0.0
 10
1594.989791730562
 20
488.124117836184
 30
0.0
 10
1594.989791730562
 20
485.8045218868946
 30
0.0
  0
SPLINE
  5
1B9
330
70
100
AcDbEntity
  8
0
 62
     7
370
     0
100
AcDbSpline
210
0.0
220
0.0
230
1.0
 70
     8
 71
     3
 72
     8
 73
     4
 74
     0
 42
0.0000000001
 43
0.0000000001
 40
0.0
 40
0.0
 40
0.0
 40
0.0
 40
1.0
 40
1.0
 40
1.0
 40
1.0
 10
1599.189791730563
 20
487.9045218868979
 30
0.0
 10
1598.029993755916
 20
487.9045218868979
 30
0.0
 10
1597.089791730559
 20
486.9643198615412
 30
0.0
 10
1597.089791730559
 20
485.8045218868946
 30
0.0
  0
SPLINE
  5
1BA
330
70
100
AcDbEntity
  8
0
 62
     7
370
     0
100
AcDbSpline
210
0.0
220
0.0
230
1.0
 70
     8
 71
     3
 72
     8
 73
     4
 74
     0
 42
0.0000000001
 43
0.0000000001
 40
0.0
 40
0.0
 40
0.0
 40
0.0
 40
1.0
 40
1.0
 40
1.0
 40
1.0
 10
1592.88979173056
 20
465.1045218869212
 30
0.0
 10
1594.049589705205
 20
465.1045218869212
 30
0.0
 10
1594.989791730561
 20
466.0447239122769
 30
0.0
 10
1594.989791730561
 20
467.2045218869215
 30
0.0
  0
LINE
  5
1BB
330
70
100
AcDbEntity
  8
0
 62
     7
370
     0
100
AcDbLine
 10
1592.88979173056
 20
465.1045218868814
 30
0.0
 11
1584.858010512095
 21
465.1045218868814
 31
0.0
  0
SPLINE
  5
1BC
330
70
100
AcDbEntity
  8
0
 62
     7
370
     0
100
AcDbSpline
210
0.0
220
0.0
230
1.0
 70
     8
 71
     3
 72
     8
 73
     4
 74
     0
 42
0.0000000001
 43
0.0000000001
 40
0.0
 40
0.0
 40
0.0
 40
0.0
 40
1.0
 40
1.0
 40
1.0
 40
1.0
 10
1583.547519907171
 20
465.5636031276894
 30
0.0
 10
1583.919656076672
 20
465.2664031894602
 30
0.0
 10
1584.381761489068
 20
465.1045218869231
 30
0.0
 10
1584.858010512095
 20
465.1045218869231
 30
0.0
  0
LINE
  5
1BD
330
70
100
AcDbEntity
  8
0
 62
     7
370
     0
100
AcDbLine
 10
1583.54751990724
 20
465.5636031276377
 30
0.0
 11
1576.761309815455
 21
470.9832892135854
 31
0.0
  0
LINE
  5
1BE
330
70
100
AcDbEntity
  8
0
 62
     7
370
     0
100
AcDbLine
 10
1576.761309815455
 20
470.9832892135854
 30
0.0
 11
1575.450819210589
 21
469.3423704543119
 31
0.0
  0
LINE
  5
1BF
330
70
100
AcDbEntity
  8
0
 62
     7
370
     0
100
AcDbLine
 10
1575.450819210589
 20
469.3423704543119
 30
0.0
 11
1582.237029302373
 21
463.9226843683334
 31
0.0
  0
SPLINE
  5
1C0
330
70
100
AcDbEntity
  8
0
 62
     7
370
     0
100
AcDbSpline
210
0.0
220
0.0
230
1.0
 70
     8
 71
     3
 72
     8
 73
     4
 74
     0
 42
0.0000000001
 43
0.0000000001
 40
0.0
 40
0.0
 40
0.0
 40
0.0
 40
1.0
 40
1.0
 40
1.0
 40
1.0
 10
1582.237029302389
 20
463.9226843683308
 30
0.0
 10
1582.981301641366
 20
463.328284491951
 30
0.0
 10
1583.905512466095
 20
463.0045218869236
 30
0.0
 10
1584.85801051208
 20
463.0045218869236
 30
0.0
  0
LINE
  5
1C1
330
70
100
AcDbEntity
  8
0
 62
     7
370
     0
100
AcDbLine
 10
1584.858010512095
 20
463.0045218869027
 30
0.0
 11
1592.88979173056
 21
463.0045218869027
 31
0.0
  0
SPLINE
  5
1C2
330
70
100
AcDbEntity
  8
0
 62
     7
370
     0
100
AcDbSpline
210
0.0
220
0.0
230
1.0
 70
     8
 71
     3
 72
     8
 73
     4
 74
     0
 42
0.0000000001
 43
0.0000000001
 40
0.0
 40
0.0
 40
0.0
 40
0.0
 40
1.0
 40
1.0
 40
1.0
 40
1.0
 10
1592.88979173056
 20
463.0045218869246
 30
0.0
 10
1595.209387679848
 20
463.0045218869246
 30
0.0
 10
1597.089791730557
 20
464.8849259376338
 30
0.0
 10
1597.089791730557
 20
467.2045218869215
 30
0.0
  0
LINE
  5
1C3
330
70
100
AcDbEntity
  8
0
 62
     7
370
     0
100
AcDbLine
 10
1575.450819210589
 20
467.908916599847
 30
0.0
 11
1575.450819210589
 21
469.3423704543119
 31
0.0
  0
SPLINE
  5
1C4
330
70
100
AcDbEntity
  8
0
 62
     7
370
     0
100
AcDbSpline
210
0.0
220
0.0
230
1.0
 70
     8
 71
     3
 72
     8
 73
     4
 74
     0
 42
0.0000000001
 43
0.0000000001
 40
0.0
 40
0.0
 40
0.0
 40
0.0
 40
1.0
 40
1.0
 40
1.0
 40
1.0
 10
1574.189791730564
 20
487.5045218868912
 30
0.0
 10
1571.870195781276
 20
487.5045218868912
 30
0.0
 10
1569.989791730567
 20
485.624117836182
 30
0.0
 10
1569.989791730567
 20
483.3045218868942
 30
0.0
  0
LINE
  5
1C5
330
70
100
AcDbEntity
  8
0
 62
     7
370
     0
100
AcDbLine
 10
1574.189791730564
 20
487.5045218869027
 30
0.0
 11
1592.489791730566
 21
487.5045218869027
 31
0.0
  0
LINE
  5
1C6
330
70
100
AcDbEntity
  8
0
 62
     7
370
     0
100
AcDbLine
 10
1592.489791730566
 20
487.5045218869027
 30
0.0
 11
1592.489791730566
 21
485.4045218869036
 31
0.0
  0
LINE
  5
1C7
330
70
100
AcDbEntity
  8
0
 62
     7
370
     0
100
AcDbLine
 10
1592.489791730566
 20
485.4045218869036
 30
0.0
 11
1574.189791730564
 21
485.4045218869036
 31
0.0
  0
SPLINE
  5
1C8
330
70
100
AcDbEntity
  8
0
 62
     7
370
     0
100
AcDbSpline
210
0.0
220
0.0
230
1.0
 70
     8
 71
     3
 72
     8
 73
     4
 74
     0
 42
0.0000000001
 43
0.0000000001
 40
0.0
 40
0.0
 40
0.0
 40
0.0
 40
1.0
 40
1.0
 40
1.0
 40
1.0
 10
1574.189791730564
 20
485.4045218868927
 30
0.0
 10
1573.02999375592
 20
485.4045218868927
 30
0.0
 10
1572.089791730565
 20
484.4643198615383
 30
0.0
 10
1572.089791730565
 20
483.3045218868942
 30
0.0
  0
LINE
  5
1C9
330
70
100
AcDbEntity
  8
0
 62
     7
370
     0
100
AcDbLine
 10
1592.489791730566
 20
485.4045218869036
 30
0.0
 11
1592.489791730566
 21
465.1045218868814
 31
0.0
  0
INSERT
  5
1CB
330
70
100
AcDbEntity
  8
0
100
AcDbBlockReference
  2
Block_6
 10
0.0
 20
0.0
 30
0.0
  0
SPLINE
  5
1DA
330
70
100
AcDbEntity
  8
0
 62
     7
370
     0
100
AcDbSpline
210
0.0
220
0.0
230
1.0
 70
     8
 71
     3
 72
    32
 73
    28
 74
     0
 42
0.0000000001
 43
0.0000000001
 40
0.0
 40
0.0
 40
0.0
 40
0.0
 40
1.0
 40
1.0
 40
1.0
 40
2.0
 40
2.0
 40
2.0
 40
3.0
 40
3.0
 40
3.0
 40
4.0
 40
4.0
 40
4.0
 40
5.0
 40
5.0
 40
5.0
 40
6.0
 40
6.0
 40
6.0
 40
7.0
 40
7.0
 40
7.0
 40
8.0
 40
8.0
 40
8.0
 40
9.0
 40
9.0
 40
9.0
 40
9.0
 10
1572.090090662171
 20
481.9503137495217
 30
0.0
 10
1573.073950603562
 20
482.0313356220586
 30
0.0
 10
1574.057810544955
 20
482.1123574946011
 30
0.0
 10
1575.079565217911
 20
481.9503137495274
 30
0.0
 10
1576.212788137347
 20
481.7705918547035
 30
0.0
 10
1577.392625045725
 20
481.291876998456
 30
0.0
 10
1578.069039773663
 20
480.5163268204603
 30
0.0
 10
1579.111294840491
 20
479.3213186853474
 30
0.0
 10
1578.958312253865
 20
477.4215566335188
 30
0.0
 10
1578.069039773662
 20
475.4074605090843
 30
0.0
 10
1576.683131374794
 20
472.2685432513067
 30
0.0
 10
1573.508890812957
 20
468.8519265423381
 30
0.0
 10
1575.557612759471
 20
467.8518815362244
 30
0.0
 10
1575.980300191444
 20
467.6455546326578
 30
0.0
 10
1576.625313256993
 20
467.5420938389011
 30
0.0
 10
1577.105105796045
 20
467.3007401716583
 30
0.0
 10
1578.744416373134
 20
466.4761053819801
 30
0.0
 10
1578.454961120945
 20
464.0417247082917
 30
0.0
 10
1578.244330374933
 20
461.8049187213507
 30
0.0
 10
1578.074777443679
 20
460.0043410805634
 30
0.0
 10
1577.956301859407
 20
458.3317894981576
 30
0.0
 10
1576.869157743888
 20
457.5012285001126
 30
0.0
 10
1576.318855897449
 20
457.0808065484312
 30
0.0
 10
1575.520353413691
 20
456.8761267138035
 30
0.0
 10
1574.719423130619
 20
456.7208452221639
 30
0.0
 10
1573.797894074883
 20
456.5421824728731
 30
0.0
 10
1572.873151052087
 20
456.4289141926529
 30
0.0
 10
1572.090090662171
 20
456.8240786017587
 30
0.0
  0
LINE
  5
1DB
330
70
100
AcDbEntity
  8
0
  6
AI-Linetype-29
 62
     7
370
     0
100
AcDbLine
 10
1594.989791730567
 20
467.2045218869215
 30
0.0
 11
1594.989791730567
 21
485.8045218868946
 31
0.0
  0
LINE
  5
1DD
330
70
100
AcDbEntity
  8
0
 62
     7
370
     0
100
AcDbLine
 10
1594.989791730567
 20
467.2045218869215
 30
0.0
 11
1594.989791730567
 21
485.8045218868946
 31
0.0
  0
LINE
  5
1DE
330
70
100
AcDbEntity
  8
0
 62
     7
370
     0
100
AcDbLine
 10
1597.089791730558
 20
485.8045218868946
 30
0.0
 11
1597.089791730646
 21
-105.7954354943906
 31
0.0
  0
LINE
  5
1DF
330
70
100
AcDbEntity
  8
0
  6
AI-Linetype-30
 62
     7
370
     0
100
AcDbLine
 10
1594.98979173067
 20
-105.7954354943906
 30
0.0
 11
1594.989791730567
 21
463.5672151909991
 31
0.0
  0
LINE
  5
1E1
330
70
100
AcDbEntity
  8
0
 62
     7
370
     0
100
AcDbLine
 10
1569.989791730565
 20
483.3045218868942
 30
0.0
 11
1569.989791730673
 21
-105.7954354943906
 31
0.0
  0
LINE
  5
1E2
330
70
100
AcDbEntity
  8
0
 62
     7
370
     0
100
AcDbLine
 10
1568.789791730497
 20
357.2435912466651
 30
0.0
 11
1565.789791730495
 21
357.2435912466651
 31
0.0
  0
LINE
  5
1E3
330
70
100
AcDbEntity
  8
0
 62
     7
370
     0
100
AcDbLine
 10
1565.789791730495
 20
328.2435912466582
 30
0.0
 11
1565.789791730495
 21
357.2435912466651
 31
0.0
  0
LINE
  5
1E4
330
70
100
AcDbEntity
  8
0
 62
     7
370
     0
100
AcDbLine
 10
1565.789791730495
 20
357.2435912466651
 30
0.0
 11
1560.489791730509
 21
354.5154525271528
 31
0.0
  0
LINE
  5
1E5
330
70
100
AcDbEntity
  8
0
 62
     7
370
     0
100
AcDbLine
 10
1565.789791730495
 20
328.2435912466582
 30
0.0
 11
1560.489791730509
 21
330.9935912466607
 31
0.0
  0
LINE
  5
1E6
330
70
100
AcDbEntity
  8
0
 62
     7
370
     0
100
AcDbLine
 10
1568.789791730497
 20
357.2435912466651
 30
0.0
 11
1565.789791730495
 21
357.2435912466651
 31
0.0
  0
LINE
  5
1E7
330
70
100
AcDbEntity
  8
0
 62
     7
370
     0
100
AcDbLine
 10
1568.789791730497
 20
328.2435912466582
 30
0.0
 11
1565.789791730495
 21
328.2435912466582
 31
0.0
  0
LINE
  5
1E8
330
70
100
AcDbEntity
  8
0
 62
     7
370
     0
100
AcDbLine
 10
1560.489791730509
 20
330.9935912466607
 30
0.0
 11
1560.489791730509
 21
354.5154525271528
 31
0.0
  0
LINE
  5
1E9
330
70
100
AcDbEntity
  8
0
 62
     7
370
     0
100
AcDbLine
 10
1568.789791730497
 20
328.2435912466582
 30
0.0
 11
1568.789791730497
 21
357.2435912466651
 31
0.0
  0
LINE
  5
1EA
330
70
100
AcDbEntity
  8
0
 62
     7
370
     0
100
AcDbLine
 10
1565.789791730495
 20
328.2435912466582
 30
0.0
 11
1565.789791730495
 21
357.2435912466651
 31
0.0
  0
LINE
  5
1EB
330
70
100
AcDbEntity
  8
0
 62
     7
370
     0
100
AcDbLine
 10
1568.789791730497
 20
360.2435912466594
 30
0.0
 11
1568.789791730497
 21
325.2435912466639
 31
0.0
  0
LINE
  5
1EC
330
70
100
AcDbEntity
  8
0
 62
     7
370
     0
100
AcDbLine
 10
1568.789791730497
 20
325.2435912466639
 30
0.0
 11
1569.989791730509
 21
325.2435912466639
 31
0.0
  0
LINE
  5
1ED
330
70
100
AcDbEntity
  8
0
 62
     7
370
     0
100
AcDbLine
 10
1569.989791730509
 20
325.2435912466639
 30
0.0
 11
1569.989791730509
 21
360.2435912466594
 31
0.0
  0
LINE
  5
1EE
330
70
100
AcDbEntity
  8
0
 62
     7
370
     0
100
AcDbLine
 10
1569.989791730509
 20
360.2435912466594
 30
0.0
 11
1568.789791730497
 21
360.2435912466594
 31
0.0
  0
LINE
  5
1EF
330
70
100
AcDbEntity
  8
0
 62
     7
370
     0
100
AcDbLine
 10
1569.989791730509
 20
349.7435912466638
 30
0.0
 11
1568.789791730497
 21
349.7435912466638
 31
0.0
  0
LINE
  5
1F0
330
70
100
AcDbEntity
  8
0
 62
     7
370
     0
100
AcDbLine
 10
1569.989791730509
 20
335.7435912466595
 30
0.0
 11
1568.789791730497
 21
335.7435912466595
 31
0.0
  0
LINE
  5
1F1
330
70
100
AcDbEntity
  8
0
 62
     7
370
     0
100
AcDbLine
 10
1555.489791730508
 20
362.5045218869028
 30
0.0
 11
1555.489791730508
 21
323.0045218869107
 31
0.0
  0
LINE
  5
1F2
330
70
100
AcDbEntity
  8
0
 62
     7
370
     0
100
AcDbLine
 10
1555.489791730508
 20
323.0045218869107
 30
0.0
 11
1545.411053622026
 21
323.0045218869107
 31
0.0
  0
LINE
  5
1F3
330
70
100
AcDbEntity
  8
0
 62
     7
370
     0
100
AcDbLine
 10
1555.489791730508
 20
362.5045218869028
 30
0.0
 11
1545.411053622026
 21
362.5045218869028
 31
0.0
  0
LINE
  5
1F4
330
70
100
AcDbEntity
  8
0
  6
AI-Linetype-31
 62
     7
370
     0
100
AcDbLine
 10
1555.489791730508
 20
336.0045218869067
 30
0.0
 11
1547.489791730508
 21
336.0045218869067
 31
0.0
  0
LINE
  5
1F6
330
70
100
AcDbEntity
  8
0
  6
AI-Linetype-32
 62
     7
370
     0
100
AcDbLine
 10
1555.489791730508
 20
349.5045218869068
 30
0.0
 11
1547.489791730508
 21
349.5045218869068
 31
0.0
  0
LINE
  5
1F8
330
70
100
AcDbEntity
  8
0
 62
     7
370
     0
100
AcDbLine
 10
1545.533996692546
 20
347.518149414508
 30
0.0
 11
1545.533996692546
 21
338.0181494145105
 31
0.0
  0
LINE
  5
1F9
330
70
100
AcDbEntity
  8
0
 62
     7
370
     0
100
AcDbLine
 10
1543.491245690102
 20
360.1404546271934
 30
0.0
 11
1545.746200465766
 21
348.414689793693
 31
0.0
  0
LINE
  5
1FA
330
70
100
AcDbEntity
  8
0
 62
     7
370
     0
100
AcDbLine
 10
1543.491245690102
 20
325.3958442018251
 30
0.0
 11
1545.746200465766
 21
337.1216090352946
 31
0.0
  0
LINE
  5
1FB
330
70
100
AcDbEntity
  8
0
 62
     7
370
     0
100
AcDbLine
 10
1555.489791730508
 20
334.9045218868955
 30
0.0
 11
1558.29782425528
 21
334.9045218868955
 31
0.0
  0
LINE
  5
1FC
330
70
100
AcDbEntity
  8
0
 62
     7
370
     0
100
AcDbLine
 10
1555.489791730508
 20
350.5935311467016
 30
0.0
 11
1558.29782425528
 21
350.5935311467016
 31
0.0
  0
LINE
  5
1FD
330
70
100
AcDbEntity
  8
0
 62
     7
370
     0
100
AcDbLine
 10
1555.489791730508
 20
334.9045218868955
 30
0.0
 11
1560.489791730509
 21
334.9045218868955
 31
0.0
  0
LINE
  5
1FE
330
70
100
AcDbEntity
  8
0
 62
     7
370
     0
100
AcDbLine
 10
1555.489791730508
 20
350.5935311467016
 30
0.0
 11
1560.489791730509
 21
350.5935311467016
 31
0.0
  0
LINE
  5
1FF
330
70
100
AcDbEntity
  8
0
 62
     7
370
     0
100
AcDbLine
 10
1560.489791730509
 20
350.5935311467016
 30
0.0
 11
1560.489791730509
 21
334.9045218868955
 31
0.0
  0
SPLINE
  5
200
330
70
100
AcDbEntity
  8
0
 62
     7
370
     0
100
AcDbSpline
210
0.0
220
0.0
230
1.0
 70
     8
 71
     3
 72
    11
 73
     7
 74
     0
 42
0.0000000001
 43
0.0000000001
 40
0.0
 40
0.0
 40
0.0
 40
0.0
 40
1.0
 40
1.0
 40
1.0
 40
2.0
 40
2.0
 40
2.0
 40
2.0
 10
1543.491245690102
 20
325.3958442017872
 30
0.0
 10
1543.282650618995
 20
324.3111498319797
 30
0.0
 10
1543.992869426976
 20
323.2627315916466
 30
0.0
 10
1545.077563796783
 20
323.0541365205398
 30
0.0
 10
1545.202037229437
 20
323.0301993219535
 30
0.0
 10
1545.328504393159
 20
323.0181494145042
 30
0.0
 10
1545.455258584066
 20
323.0181494145042
 30
0.0
  0
SPLINE
  5
201
330
70
100
AcDbEntity
  8
0
 62
     7
370
     0
100
AcDbSpline
210
0.0
220
0.0
230
1.0
 70
     8
 71
     3
 72
    11
 73
     7
 74
     0
 42
0.0000000001
 43
0.0000000001
 40
0.0
 40
0.0
 40
0.0
 40
0.0
 40
1.0
 40
1.0
 40
1.0
 40
2.0
 40
2.0
 40
2.0
 40
2.0
 10
1545.455258584066
 20
362.5181494145039
 30
0.0
 10
1544.350689084404
 20
362.5181494145039
 30
0.0
 10
1543.455258584066
 20
361.6227189141655
 30
0.0
 10
1543.455258584066
 20
360.5181494145039
 30
0.0
 10
1543.455258584066
 20
360.3913952235966
 30
0.0
 10
1543.467308491516
 20
360.2649280598742
 30
0.0
 10
1543.491245690102
 20
360.140454627221
 30
0.0
  0
LINE
  5
202
330
70
100
AcDbEntity
  8
0
  6
AI-Linetype-33
 62
     7
370
     0
100
AcDbLine
 10
1555.489791730508
 20
360.5045218869066
 30
0.0
 11
1547.832315513547
 21
360.5045218869066
 31
0.0
  0
LINE
  5
204
330
70
100
AcDbEntity
  8
0
  6
AI-Linetype-34
 62
     7
370
     0
100
AcDbLine
 10
1545.912507581622
 20
358.1404546271972
 30
0.0
 11
1547.570643199441
 21
349.5181494145042
 31
0.0
  0
LINE
  5
206
330
70
100
AcDbEntity
  8
0
  6
AI-Linetype-35
 62
     7
370
     0
100
AcDbLine
 10
1547.533996692548
 20
349.5181494145042
 30
0.0
 11
1547.533996692548
 21
336.018149414504
 31
0.0
  0
LINE
  5
208
330
70
100
AcDbEntity
  8
0
  6
AI-Linetype-36
 62
     7
370
     0
100
AcDbLine
 10
1545.912507581622
 20
327.3958442018213
 30
0.0
 11
1547.570643199441
 21
336.018149414504
 31
0.0
  0
LINE
  5
20A
330
70
100
AcDbEntity
  8
0
  6
AI-Linetype-37
 62
     7
370
     0
100
AcDbLine
 10
1555.489791730508
 20
325.004521886907
 30
0.0
 11
1547.832315513547
 21
325.004521886907
 31
0.0
  0
SPLINE
  5
20C
330
70
100
AcDbEntity
  8
0
  6
AI-Linetype-38
 62
     7
370
     0
100
AcDbSpline
210
0.0
220
0.0
230
1.0
 70
     8
 71
     3
 72
    11
 73
     7
 74
     0
 42
0.0000000001
 43
0.0000000001
 40
0.0
 40
0.0
 40
0.0
 40
0.0
 40
1.0
 40
1.0
 40
1.0
 40
2.0
 40
2.0
 40
2.0
 40
2.0
 10
1547.876520475586
 20
360.5181494145078
 30
0.0
 10
1546.771950975925
 20
360.5181494145078
 30
0.0
 10
1545.876520475587
 20
359.6227189141693
 30
0.0
 10
1545.876520475587
 20
358.5181494145077
 30
0.0
 10
1545.876520475587
 20
358.3913952236003
 30
0.0
 10
1545.888570383036
 20
358.2649280598779
 30
0.0
 10
1545.912507581622
 20
358.1404546272247
 30
0.0
  0
SPLINE
  5
20E
330
70
100
AcDbEntity
  8
0
  6
AI-Linetype-39
 62
     7
370
     0
100
AcDbSpline
210
0.0
220
0.0
230
1.0
 70
     8
 71
     3
 72
    11
 73
     7
 74
     0
 42
0.0000000001
 43
0.0000000001
 40
0.0
 40
0.0
 40
0.0
 40
0.0
 40
1.0
 40
1.0
 40
1.0
 40
2.0
 40
2.0
 40
2.0
 40
2.0
 10
1545.912507581622
 20
327.3958442017937
 30
0.0
 10
1545.703912510515
 20
326.3111498319862
 30
0.0
 10
1546.414131318496
 20
325.2627315916531
 30
0.0
 10
1547.498825688303
 20
325.0541365205463
 30
0.0
 10
1547.623299120957
 20
325.03019932196
 30
0.0
 10
1547.749766284679
 20
325.0181494145107
 30
0.0
 10
1547.876520475586
 20
325.0181494145107
 30
0.0
  0
SPLINE
  5
210
330
70
100
AcDbEntity
  8
0
  6
AI-Linetype-40
 62
     7
370
     0
100
AcDbSpline
210
0.0
220
0.0
230
1.0
 70
     8
 71
     3
 72
     8
 73
     4
 74
     0
 42
0.0000000001
 43
0.0000000001
 40
0.0
 40
0.0
 40
0.0
 40
0.0
 40
1.0
 40
1.0
 40
1.0
 40
1.0
 10
1547.533996692548
 20
349.518149414508
 30
0.0
 10
1546.429427192886
 20
349.518149414508
 30
0.0
 10
1545.533996692548
 20
348.6227189141695
 30
0.0
 10
1545.533996692548
 20
347.518149414508
 30
0.0
  0
SPLINE
  5
212
330
70
100
AcDbEntity
  8
0
  6
AI-Linetype-41
 62
     7
370
     0
100
AcDbSpline
210
0.0
220
0.0
230
1.0
 70
     8
 71
     3
 72
     8
 73
     4
 74
     0
 42
0.0000000001
 43
0.0000000001
 40
0.0
 40
0.0
 40
0.0
 40
0.0
 40
1.0
 40
1.0
 40
1.0
 40
1.0
 10
1545.533996692548
 20
338.0181494145105
 30
0.0
 10
1545.533996692548
 20
336.9135799148489
 30
0.0
 10
1546.429427192886
 20
336.0181494145105
 30
0.0
 10
1547.533996692548
 20
336.0181494145105
 30
0.0
  0
LINE
  5
214
330
70
100
AcDbEntity
  8
0
 62
     7
370
     0
100
AcDbLine
 10
1560.489791730509
 20
346.2545218869104
 30
0.0
 11
1568.489791730507
 21
346.2545218869104
 31
0.0
  0
LINE
  5
215
330
70
100
AcDbEntity
  8
0
 62
     7
370
     0
100
AcDbLine
 10
1560.489791730509
 20
339.2545218869031
 30
0.0
 11
1568.489791730507
 21
339.2545218869031
 31
0.0
  0
LINE
  5
216
330
70
100
AcDbEntity
  8
0
 62
     7
370
     0
100
AcDbLine
 10
1568.489791730507
 20
339.2545218869031
 30
0.0
 11
1568.489791730507
 21
346.2545218869104
 31
0.0
  0
SPLINE
  5
217
330
70
100
AcDbEntity
  8
0
 62
     7
370
     5
100
AcDbSpline
210
0.0
220
0.0
230
1.0
 70
     8
 71
     3
 72
     8
 73
     4
 74
     0
 42
0.0000000001
 43
0.0000000001
 40
0.0
 40
0.0
 40
0.0
 40
0.0
 40
1.0
 40
1.0
 40
1.0
 40
1.0
 10
1815.789791730701
 20
-109.9954354943907
 30
0.0
 10
1818.10938767999
 20
-109.9954354943907
 30
0.0
 10
1819.989791730701
 20
-108.11503144368
 30
0.0
 10
1819.989791730701
 20
-105.7954354943906
 30
0.0
  0
SPLINE
  5
218
330
70
100
AcDbEntity
  8
0
 62
     7
370
     5
100
AcDbSpline
210
0.0
220
0.0
230
1.0
 70
     8
 71
     3
 72
     8
 73
     4
 74
     0
 42
0.0000000001
 43
0.0000000001
 40
0.0
 40
0.0
 40
0.0
 40
0.0
 40
1.0
 40
1.0
 40
1.0
 40
1.0
 10
1815.789791730701
 20
-107.8954354943942
 30
0.0
 10
1816.949589705347
 20
-107.8954354943942
 30
0.0
 10
1817.889791730704
 20
-106.9552334690372
 30
0.0
 10
1817.889791730704
 20
-105.7954354943906
 30
0.0
  0
SPLINE
  5
219
330
70
100
AcDbEntity
  8
0
 62
     7
370
     0
100
AcDbSpline
210
0.0
220
0.0
230
1.0
 70
     8
 71
     3
 72
     8
 73
     4
 74
     0
 42
0.0000000001
 43
0.0000000001
 40
0.0
 40
0.0
 40
0.0
 40
0.0
 40
1.0
 40
1.0
 40
1.0
 40
1.0
 10
1594.989791730693
 20
-105.7954354943906
 30
0.0
 10
1594.989791730693
 20
-108.11503144368
 30
0.0
 10
1596.870195781404
 20
-109.9954354943907
 30
0.0
 10
1599.189791730693
 20
-109.9954354943907
 30
0.0
  0
SPLINE
  5
21A
330
70
100
AcDbEntity
  8
0
 62
     7
370
     0
100
AcDbSpline
210
0.0
220
0.0
230
1.0
 70
     8
 71
     3
 72
     8
 73
     4
 74
     0
 42
0.0000000001
 43
0.0000000001
 40
0.0
 40
0.0
 40
0.0
 40
0.0
 40
1.0
 40
1.0
 40
1.0
 40
1.0
 10
1597.089791730691
 20
-105.7954354943906
 30
0.0
 10
1597.089791730691
 20
-106.9552334690372
 30
0.0
 10
1598.029993756047
 20
-107.8954354943942
 30
0.0
 10
1599.189791730693
 20
-107.8954354943942
 30
0.0
  0
LINE
  5
21B
330
70
100
AcDbEntity
  8
0
 62
     7
370
     0
100
AcDbLine
 10
1572.08979173067
 20
-109.432742190272
 30
0.0
 11
1572.089791730572
 21
483.3045218868942
 31
0.0
  0
LINE
  5
21C
330
70
100
AcDbEntity
  8
0
 62
     7
370
     0
100
AcDbLine
 10
1594.98979173067
 20
-105.7954354943906
 30
0.0
 11
1594.989791730567
 21
463.5672151909991
 31
0.0
  0
LINE
  5
21D
330
70
100
AcDbEntity
  8
0
 62
     7
370
     0
100
AcDbLine
 10
1568.789791730585
 20
49.24363386535512
 30
0.0
 11
1565.789791730583
 21
49.24363386535512
 31
0.0
  0
LINE
  5
21E
330
70
100
AcDbEntity
  8
0
 62
     7
370
     0
100
AcDbLine
 10
1565.789791730583
 20
20.24363386534833
 30
0.0
 11
1565.789791730583
 21
49.24363386535512
 31
0.0
  0
LINE
  5
21F
330
70
100
AcDbEntity
  8
0
 62
     7
370
     0
100
AcDbLine
 10
1565.789791730583
 20
49.24363386535512
 30
0.0
 11
1560.489791730596
 21
46.51549514589421
 31
0.0
  0
LINE
  5
220
330
70
100
AcDbEntity
  8
0
 62
     7
370
     0
100
AcDbLine
 10
1565.789791730583
 20
20.24363386534833
 30
0.0
 11
1560.489791730596
 21
22.99363386535083
 31
0.0
  0
LINE
  5
221
330
70
100
AcDbEntity
  8
0
 62
     7
370
     0
100
AcDbLine
 10
1568.789791730585
 20
49.24363386535512
 30
0.0
 11
1565.789791730583
 21
49.24363386535512
 31
0.0
  0
LINE
  5
222
330
70
100
AcDbEntity
  8
0
 62
     7
370
     0
100
AcDbLine
 10
1568.789791730585
 20
20.24363386534833
 30
0.0
 11
1565.789791730583
 21
20.24363386534833
 31
0.0
  0
LINE
  5
223
330
70
100
AcDbEntity
  8
0
 62
     7
370
     0
100
AcDbLine
 10
1560.489791730596
 20
22.99363386535083
 30
0.0
 11
1560.489791730596
 21
46.51549514589421
 31
0.0
  0
LINE
  5
224
330
70
100
AcDbEntity
  8
0
 62
     7
370
     0
100
AcDbLine
 10
1568.789791730585
 20
20.24363386534833
 30
0.0
 11
1568.789791730585
 21
49.24363386535512
 31
0.0
  0
LINE
  5
225
330
70
100
AcDbEntity
  8
0
 62
     7
370
     0
100
AcDbLine
 10
1565.789791730583
 20
20.24363386534833
 30
0.0
 11
1565.789791730583
 21
49.24363386535512
 31
0.0
  0
LINE
  5
226
330
70
100
AcDbEntity
  8
0
 62
     7
370
     0
100
AcDbLine
 10
1568.789791730585
 20
52.24363386534945
 30
0.0
 11
1568.789791730585
 21
17.24363386535399
 31
0.0
  0
LINE
  5
227
330
70
100
AcDbEntity
  8
0
 62
     7
370
     0
100
AcDbLine
 10
1568.789791730585
 20
17.24363386535399
 30
0.0
 11
1569.989791730596
 21
17.24363386535399
 31
0.0
  0
LINE
  5
228
330
70
100
AcDbEntity
  8
0
 62
     7
370
     0
100
AcDbLine
 10
1569.989791730596
 20
17.24363386535399
 30
0.0
 11
1569.989791730596
 21
52.24363386534945
 31
0.0
  0
LINE
  5
229
330
70
100
AcDbEntity
  8
0
 62
     7
370
     0
100
AcDbLine
 10
1569.989791730596
 20
52.24363386534945
 30
0.0
 11
1568.789791730585
 21
52.24363386534945
 31
0.0
  0
LINE
  5
22A
330
70
100
AcDbEntity
  8
0
 62
     7
370
     0
100
AcDbLine
 10
1569.989791730596
 20
41.74363386535389
 30
0.0
 11
1568.789791730585
 21
41.74363386535389
 31
0.0
  0
LINE
  5
22B
330
70
100
AcDbEntity
  8
0
 62
     7
370
     0
100
AcDbLine
 10
1569.989791730596
 20
27.74363386534955
 30
0.0
 11
1568.789791730585
 21
27.74363386534955
 31
0.0
  0
LINE
  5
22C
330
70
100
AcDbEntity
  8
0
 62
     7
370
     0
100
AcDbLine
 10
1555.489791730595
 20
54.5045645056237
 30
0.0
 11
1555.489791730595
 21
15.00456450562134
 31
0.0
  0
LINE
  5
22D
330
70
100
AcDbEntity
  8
0
 62
     7
370
     0
100
AcDbLine
 10
1555.489791730595
 20
15.00456450562134
 30
0.0
 11
1545.411053622114
 21
15.00456450562134
 31
0.0
  0
LINE
  5
22E
330
70
100
AcDbEntity
  8
0
 62
     7
370
     0
100
AcDbLine
 10
1555.489791730595
 20
54.5045645056237
 30
0.0
 11
1545.411053622114
 21
54.5045645056237
 31
0.0
  0
LINE
  5
22F
330
70
100
AcDbEntity
  8
0
  6
AI-Linetype-42
 62
     7
370
     0
100
AcDbLine
 10
1555.489791730595
 20
28.00456450562757
 30
0.0
 11
1547.489791730595
 21
28.00456450562757
 31
0.0
  0
LINE
  5
231
330
70
100
AcDbEntity
  8
0
  6
AI-Linetype-43
 62
     7
370
     0
100
AcDbLine
 10
1555.489791730595
 20
41.50456450562773
 30
0.0
 11
1547.489791730595
 21
41.50456450562773
 31
0.0
  0
LINE
  5
233
330
70
100
AcDbEntity
  8
0
 62
     7
370
     0
100
AcDbLine
 10
1545.489791730596
 20
39.50456450562124
 30
0.0
 11
1545.489791730596
 21
30.0045645056238
 31
0.0
  0
LINE
  5
234
330
70
100
AcDbEntity
  8
0
 62
     7
370
     0
100
AcDbLine
 10
1543.447040728149
 20
52.12686971833747
 30
0.0
 11
1545.701995503813
 21
40.40110488483709
 31
0.0
  0
LINE
  5
235
330
70
100
AcDbEntity
  8
0
 62
     7
370
     0
100
AcDbLine
 10
1543.447040728149
 20
17.38225929290755
 30
0.0
 11
1545.701995503813
 21
29.10802412641821
 31
0.0
  0
LINE
  5
236
330
70
100
AcDbEntity
  8
0
 62
     7
370
     0
100
AcDbLine
 10
1555.489791730595
 20
26.9045645056163
 30
0.0
 11
1558.297824255367
 21
26.9045645056163
 31
0.0
  0
LINE
  5
237
330
70
100
AcDbEntity
  8
0
 62
     7
370
     0
100
AcDbLine
 10
1555.489791730595
 20
42.59357376542245
 30
0.0
 11
1558.297824255367
 21
42.59357376542245
 31
0.0
  0
LINE
  5
238
330
70
100
AcDbEntity
  8
0
 62
     7
370
     0
100
AcDbLine
 10
1555.489791730595
 20
26.9045645056163
 30
0.0
 11
1560.489791730596
 21
26.9045645056163
 31
0.0
  0
LINE
  5
239
330
70
100
AcDbEntity
  8
0
 62
     7
370
     0
100
AcDbLine
 10
1555.489791730595
 20
42.59357376542245
 30
0.0
 11
1560.489791730596
 21
42.59357376542245
 31
0.0
  0
LINE
  5
23A
330
70
100
AcDbEntity
  8
0
 62
     7
370
     0
100
AcDbLine
 10
1560.489791730596
 20
42.59357376542245
 30
0.0
 11
1560.489791730596
 21
26.9045645056163
 31
0.0
  0
SPLINE
  5
23B
330
70
100
AcDbEntity
  8
0
 62
     7
370
     0
100
AcDbSpline
210
0.0
220
0.0
230
1.0
 70
     8
 71
     3
 72
    11
 73
     7
 74
     0
 42
0.0000000001
 43
0.0000000001
 40
0.0
 40
0.0
 40
0.0
 40
0.0
 40
1.0
 40
1.0
 40
1.0
 40
2.0
 40
2.0
 40
2.0
 40
2.0
 10
1543.447040728149
 20
17.38225929291077
 30
0.0
 10
1543.238445657042
 20
16.29756492310325
 30
0.0
 10
1543.948664465023
 20
15.2491466827701
 30
0.0
 10
1545.033358834831
 20
15.04055161166337
 30
0.0
 10
1545.157832267484
 20
15.01661441307704
 30
0.0
 10
1545.284299431206
 20
15.00456450562775
 30
0.0
 10
1545.411053622114
 20
15.00456450562775
 30
0.0
  0
SPLINE
  5
23C
330
70
100
AcDbEntity
  8
0
 62
     7
370
     0
100
AcDbSpline
210
0.0
220
0.0
230
1.0
 70
     8
 71
     3
 72
    11
 73
     7
 74
     0
 42
0.0000000001
 43
0.0000000001
 40
0.0
 40
0.0
 40
0.0
 40
0.0
 40
1.0
 40
1.0
 40
1.0
 40
2.0
 40
2.0
 40
2.0
 40
2.0
 10
1545.411053622114
 20
54.50456450562755
 30
0.0
 10
1544.306484122452
 20
54.50456450562755
 30
0.0
 10
1543.411053622113
 20
53.60913400528938
 30
0.0
 10
1543.411053622113
 20
52.50456450562747
 30
0.0
 10
1543.411053622113
 20
52.3778103147198
 30
0.0
 10
1543.423103529563
 20
52.25134315099769
 30
0.0
 10
1543.447040728149
 20
52.12686971834454
 30
0.0
  0
LINE
  5
23D
330
70
100
AcDbEntity
  8
0
  6
AI-Linetype-44
 62
     7
370
     0
100
AcDbLine
 10
1555.489791730595
 20
52.50456450562747
 30
0.0
 11
1547.832315513634
 21
52.50456450562747
 31
0.0
  0
LINE
  5
23F
330
70
100
AcDbEntity
  8
0
  6
AI-Linetype-45
 62
     7
370
     0
100
AcDbLine
 10
1545.868302619669
 20
50.12686971834125
 30
0.0
 11
1547.526438237489
 21
41.50456450562773
 31
0.0
  0
LINE
  5
241
330
70
100
AcDbEntity
  8
0
  6
AI-Linetype-46
 62
     7
370
     0
100
AcDbLine
 10
1547.489791730595
 20
41.50456450562773
 30
0.0
 11
1547.489791730595
 21
28.00456450562757
 31
0.0
  0
LINE
  5
243
330
70
100
AcDbEntity
  8
0
  6
AI-Linetype-47
 62
     7
370
     0
100
AcDbLine
 10
1545.868302619669
 20
19.38225929290378
 30
0.0
 11
1547.526438237489
 21
28.00456450562757
 31
0.0
  0
LINE
  5
245
330
70
100
AcDbEntity
  8
0
  6
AI-Linetype-48
 62
     7
370
     0
100
AcDbLine
 10
1555.489791730595
 20
17.00456450562782
 30
0.0
 11
1547.832315513634
 21
17.00456450562782
 31
0.0
  0
SPLINE
  5
247
330
70
100
AcDbEntity
  8
0
  6
AI-Linetype-49
 62
     7
370
     0
100
AcDbSpline
210
0.0
220
0.0
230
1.0
 70
     8
 71
     3
 72
    11
 73
     7
 74
     0
 42
0.0000000001
 43
0.0000000001
 40
0.0
 40
0.0
 40
0.0
 40
0.0
 40
1.0
 40
1.0
 40
1.0
 40
2.0
 40
2.0
 40
2.0
 40
2.0
 10
1547.832315513634
 20
52.50456450562105
 30
0.0
 10
1546.727746013972
 20
52.50456450562105
 30
0.0
 10
1545.832315513634
 20
51.6091340052829
 30
0.0
 10
1545.832315513634
 20
50.50456450562099
 30
0.0
 10
1545.832315513634
 20
50.37781031471332
 30
0.0
 10
1545.844365421083
 20
50.2513431509912
 30
0.0
 10
1545.868302619669
 20
50.12686971833804
 30
0.0
  0
SPLINE
  5
249
330
70
100
AcDbEntity
  8
0
  6
AI-Linetype-50
 62
     7
370
     0
100
AcDbSpline
210
0.0
220
0.0
230
1.0
 70
     8
 71
     3
 72
    11
 73
     7
 74
     0
 42
0.0000000001
 43
0.0000000001
 40
0.0
 40
0.0
 40
0.0
 40
0.0
 40
1.0
 40
1.0
 40
1.0
 40
2.0
 40
2.0
 40
2.0
 40
2.0
 10
1545.868302619669
 20
19.38225929290698
 30
0.0
 10
1545.659707548563
 20
18.29756492309947
 30
0.0
 10
1546.369926356543
 20
17.24914668276632
 30
0.0
 10
1547.454620726351
 20
17.04055161165959
 30
0.0
 10
1547.579094159004
 20
17.01661441307325
 30
0.0
 10
1547.705561322726
 20
17.00456450562397
 30
0.0
 10
1547.832315513634
 20
17.00456450562397
 30
0.0
  0
SPLINE
  5
24B
330
70
100
AcDbEntity
  8
0
  6
AI-Linetype-51
 62
     7
370
     0
100
AcDbSpline
210
0.0
220
0.0
230
1.0
 70
     8
 71
     3
 72
     8
 73
     4
 74
     0
 42
0.0000000001
 43
0.0000000001
 40
0.0
 40
0.0
 40
0.0
 40
0.0
 40
1.0
 40
1.0
 40
1.0
 40
1.0
 10
1547.489791730595
 20
41.5045645056213
 30
0.0
 10
1546.385222230933
 20
41.5045645056213
 30
0.0
 10
1545.489791730595
 20
40.60913400528251
 30
0.0
 10
1545.489791730595
 20
39.50456450562124
 30
0.0
  0
SPLINE
  5
24D
330
70
100
AcDbEntity
  8
0
  6
AI-Linetype-52
 62
     7
370
     0
100
AcDbSpline
210
0.0
220
0.0
230
1.0
 70
     8
 71
     3
 72
     8
 73
     4
 74
     0
 42
0.0000000001
 43
0.0000000001
 40
0.0
 40
0.0
 40
0.0
 40
0.0
 40
1.0
 40
1.0
 40
1.0
 40
1.0
 10
1545.489791730595
 20
30.0045645056238
 30
0.0
 10
1545.489791730595
 20
28.89999500596252
 30
0.0
 10
1546.385222230933
 20
28.00456450562372
 30
0.0
 10
1547.489791730595
 20
28.00456450562372
 30
0.0
  0
LINE
  5
24F
330
70
100
AcDbEntity
  8
0
 62
     7
370
     0
100
AcDbLine
 10
1560.489791730596
 20
38.25456450562104
 30
0.0
 11
1568.489791730596
 21
38.25456450562104
 31
0.0
  0
LINE
  5
250
330
70
100
AcDbEntity
  8
0
 62
     7
370
     0
100
AcDbLine
 10
1560.489791730596
 20
31.254564505624
 30
0.0
 11
1568.489791730596
 21
31.254564505624
 31
0.0
  0
LINE
  5
251
330
70
100
AcDbEntity
  8
0
 62
     7
370
     0
100
AcDbLine
 10
1568.489791730596
 20
31.254564505624
 30
0.0
 11
1568.489791730596
 21
38.25456450562104
 31
0.0
  0
LINE
  5
252
330
70
100
AcDbEntity
  8
0
 62
     7
370
     0
100
AcDbLine
 10
1568.789791730585
 20
49.24363386535512
 30
0.0
 11
1565.789791730583
 21
49.24363386535512
 31
0.0
  0
LINE
  5
253
330
70
100
AcDbEntity
  8
0
 62
     7
370
     0
100
AcDbLine
 10
1565.789791730583
 20
20.24363386534833
 30
0.0
 11
1565.789791730583
 21
49.24363386535512
 31
0.0
  0
LINE
  5
254
330
70
100
AcDbEntity
  8
0
 62
     7
370
     0
100
AcDbLine
 10
1565.789791730583
 20
49.24363386535512
 30
0.0
 11
1560.489791730596
 21
46.51549514589421
 31
0.0
  0
LINE
  5
255
330
70
100
AcDbEntity
  8
0
 62
     7
370
     0
100
AcDbLine
 10
1565.789791730583
 20
20.24363386534833
 30
0.0
 11
1560.489791730596
 21
22.99363386535083
 31
0.0
  0
LINE
  5
256
330
70
100
AcDbEntity
  8
0
 62
     7
370
     0
100
AcDbLine
 10
1568.789791730585
 20
49.24363386535512
 30
0.0
 11
1565.789791730583
 21
49.24363386535512
 31
0.0
  0
LINE
  5
257
330
70
100
AcDbEntity
  8
0
 62
     7
370
     0
100
AcDbLine
 10
1568.789791730585
 20
20.24363386534833
 30
0.0
 11
1565.789791730583
 21
20.24363386534833
 31
0.0
  0
LINE
  5
258
330
70
100
AcDbEntity
  8
0
 62
     7
370
     0
100
AcDbLine
 10
1560.489791730596
 20
22.99363386535083
 30
0.0
 11
1560.489791730596
 21
46.51549514589421
 31
0.0
  0
LINE
  5
259
330
70
100
AcDbEntity
  8
0
 62
     7
370
     0
100
AcDbLine
 10
1568.789791730585
 20
20.24363386534833
 30
0.0
 11
1568.789791730585
 21
49.24363386535512
 31
0.0
  0
LINE
  5
25A
330
70
100
AcDbEntity
  8
0
 62
     7
370
     0
100
AcDbLine
 10
1565.789791730583
 20
20.24363386534833
 30
0.0
 11
1565.789791730583
 21
49.24363386535512
 31
0.0
  0
LINE
  5
25B
330
70
100
AcDbEntity
  8
0
 62
     7
370
     0
100
AcDbLine
 10
1568.789791730585
 20
52.24363386534945
 30
0.0
 11
1568.789791730585
 21
17.24363386535399
 31
0.0
  0
LINE
  5
25C
330
70
100
AcDbEntity
  8
0
 62
     7
370
     0
100
AcDbLine
 10
1568.789791730585
 20
17.24363386535399
 30
0.0
 11
1569.989791730596
 21
17.24363386535399
 31
0.0
  0
LINE
  5
25D
330
70
100
AcDbEntity
  8
0
 62
     7
370
     0
100
AcDbLine
 10
1569.989791730596
 20
17.24363386535399
 30
0.0
 11
1569.989791730596
 21
52.24363386534945
 31
0.0
  0
LINE
  5
25E
330
70
100
AcDbEntity
  8
0
 62
     7
370
     0
100
AcDbLine
 10
1569.989791730596
 20
52.24363386534945
 30
0.0
 11
1568.789791730585
 21
52.24363386534945
 31
0.0
  0
LINE
  5
25F
330
70
100
AcDbEntity
  8
0
 62
     7
370
     0
100
AcDbLine
 10
1569.989791730596
 20
41.74363386535389
 30
0.0
 11
1568.789791730585
 21
41.74363386535389
 31
0.0
  0
LINE
  5
260
330
70
100
AcDbEntity
  8
0
 62
     7
370
     0
100
AcDbLine
 10
1569.989791730596
 20
27.74363386534955
 30
0.0
 11
1568.789791730585
 21
27.74363386534955
 31
0.0
  0
LINE
  5
261
330
70
100
AcDbEntity
  8
0
 62
     7
370
     0
100
AcDbLine
 10
1555.489791730595
 20
54.5045645056237
 30
0.0
 11
1555.489791730595
 21
15.00456450562134
 31
0.0
  0
LINE
  5
262
330
70
100
AcDbEntity
  8
0
 62
     7
370
     0
100
AcDbLine
 10
1555.489791730595
 20
15.00456450562134
 30
0.0
 11
1545.411053622114
 21
15.00456450562134
 31
0.0
  0
LINE
  5
263
330
70
100
AcDbEntity
  8
0
 62
     7
370
     0
100
AcDbLine
 10
1555.489791730595
 20
54.5045645056237
 30
0.0
 11
1545.411053622114
 21
54.5045645056237
 31
0.0
  0
LINE
  5
264
330
70
100
AcDbEntity
  8
0
  6
AI-Linetype-53
 62
     7
370
     0
100
AcDbLine
 10
1555.489791730595
 20
28.00456450562757
 30
0.0
 11
1547.489791730595
 21
28.00456450562757
 31
0.0
  0
LINE
  5
266
330
70
100
AcDbEntity
  8
0
  6
AI-Linetype-54
 62
     7
370
     0
100
AcDbLine
 10
1555.489791730595
 20
41.50456450562773
 30
0.0
 11
1547.489791730595
 21
41.50456450562773
 31
0.0
  0
LINE
  5
268
330
70
100
AcDbEntity
  8
0
 62
     7
370
     0
100
AcDbLine
 10
1545.489791730596
 20
39.50456450562124
 30
0.0
 11
1545.489791730596
 21
30.0045645056238
 31
0.0
  0
LINE
  5
269
330
70
100
AcDbEntity
  8
0
 62
     7
370
     0
100
AcDbLine
 10
1543.447040728149
 20
52.12686971833747
 30
0.0
 11
1545.701995503813
 21
40.40110488483709
 31
0.0
  0
LINE
  5
26A
330
70
100
AcDbEntity
  8
0
 62
     7
370
     0
100
AcDbLine
 10
1543.447040728149
 20
17.38225929290755
 30
0.0
 11
1545.701995503813
 21
29.10802412641821
 31
0.0
  0
LINE
  5
26B
330
70
100
AcDbEntity
  8
0
 62
     7
370
     0
100
AcDbLine
 10
1555.489791730595
 20
26.9045645056163
 30
0.0
 11
1558.297824255367
 21
26.9045645056163
 31
0.0
  0
LINE
  5
26C
330
70
100
AcDbEntity
  8
0
 62
     7
370
     0
100
AcDbLine
 10
1555.489791730595
 20
42.59357376542245
 30
0.0
 11
1558.297824255367
 21
42.59357376542245
 31
0.0
  0
LINE
  5
26D
330
70
100
AcDbEntity
  8
0
 62
     7
370
     0
100
AcDbLine
 10
1555.489791730595
 20
26.9045645056163
 30
0.0
 11
1560.489791730596
 21
26.9045645056163
 31
0.0
  0
LINE
  5
26E
330
70
100
AcDbEntity
  8
0
 62
     7
370
     0
100
AcDbLine
 10
1555.489791730595
 20
42.59357376542245
 30
0.0
 11
1560.489791730596
 21
42.59357376542245
 31
0.0
  0
LINE
  5
26F
330
70
100
AcDbEntity
  8
0
 62
     7
370
     0
100
AcDbLine
 10
1560.489791730596
 20
42.59357376542245
 30
0.0
 11
1560.489791730596
 21
26.9045645056163
 31
0.0
  0
SPLINE
  5
270
330
70
100
AcDbEntity
  8
0
 62
     7
370
     0
100
AcDbSpline
210
0.0
220
0.0
230
1.0
 70
     8
 71
     3
 72
    11
 73
     7
 74
     0
 42
0.0000000001
 43
0.0000000001
 40
0.0
 40
0.0
 40
0.0
 40
0.0
 40
1.0
 40
1.0
 40
1.0
 40
2.0
 40
2.0
 40
2.0
 40
2.0
 10
1543.447040728149
 20
17.38225929291077
 30
0.0
 10
1543.238445657042
 20
16.29756492310325
 30
0.0
 10
1543.948664465023
 20
15.2491466827701
 30
0.0
 10
1545.033358834831
 20
15.04055161166337
 30
0.0
 10
1545.157832267484
 20
15.01661441307704
 30
0.0
 10
1545.284299431206
 20
15.00456450562775
 30
0.0
 10
1545.411053622114
 20
15.00456450562775
 30
0.0
  0
SPLINE
  5
271
330
70
100
AcDbEntity
  8
0
 62
     7
370
     0
100
AcDbSpline
210
0.0
220
0.0
230
1.0
 70
     8
 71
     3
 72
    11
 73
     7
 74
     0
 42
0.0000000001
 43
0.0000000001
 40
0.0
 40
0.0
 40
0.0
 40
0.0
 40
1.0
 40
1.0
 40
1.0
 40
2.0
 40
2.0
 40
2.0
 40
2.0
 10
1545.411053622114
 20
54.50456450562755
 30
0.0
 10
1544.306484122452
 20
54.50456450562755
 30
0.0
 10
1543.411053622113
 20
53.60913400528938
 30
0.0
 10
1543.411053622113
 20
52.50456450562747
 30
0.0
 10
1543.411053622113
 20
52.3778103147198
 30
0.0
 10
1543.423103529563
 20
52.25134315099769
 30
0.0
 10
1543.447040728149
 20
52.12686971834454
 30
0.0
  0
LINE
  5
272
330
70
100
AcDbEntity
  8
0
  6
AI-Linetype-55
 62
     7
370
     0
100
AcDbLine
 10
1555.489791730595
 20
52.50456450562747
 30
0.0
 11
1547.832315513634
 21
52.50456450562747
 31
0.0
  0
LINE
  5
274
330
70
100
AcDbEntity
  8
0
  6
AI-Linetype-56
 62
     7
370
     0
100
AcDbLine
 10
1545.868302619669
 20
50.12686971834125
 30
0.0
 11
1547.526438237489
 21
41.50456450562773
 31
0.0
  0
LINE
  5
276
330
70
100
AcDbEntity
  8
0
  6
AI-Linetype-57
 62
     7
370
     0
100
AcDbLine
 10
1547.489791730595
 20
41.50456450562773
 30
0.0
 11
1547.489791730595
 21
28.00456450562757
 31
0.0
  0
LINE
  5
278
330
70
100
AcDbEntity
  8
0
  6
AI-Linetype-58
 62
     7
370
     0
100
AcDbLine
 10
1545.868302619669
 20
19.38225929290378
 30
0.0
 11
1547.526438237489
 21
28.00456450562757
 31
0.0
  0
LINE
  5
27A
330
70
100
AcDbEntity
  8
0
  6
AI-Linetype-59
 62
     7
370
     0
100
AcDbLine
 10
1555.489791730595
 20
17.00456450562782
 30
0.0
 11
1547.832315513634
 21
17.00456450562782
 31
0.0
  0
SPLINE
  5
27C
330
70
100
AcDbEntity
  8
0
  6
AI-Linetype-60
 62
     7
370
     0
100
AcDbSpline
210
0.0
220
0.0
230
1.0
 70
     8
 71
     3
 72
    11
 73
     7
 74
     0
 42
0.0000000001
 43
0.0000000001
 40
0.0
 40
0.0
 40
0.0
 40
0.0
 40
1.0
 40
1.0
 40
1.0
 40
2.0
 40
2.0
 40
2.0
 40
2.0
 10
1547.832315513634
 20
52.50456450562105
 30
0.0
 10
1546.727746013972
 20
52.50456450562105
 30
0.0
 10
1545.832315513634
 20
51.6091340052829
 30
0.0
 10
1545.832315513634
 20
50.50456450562099
 30
0.0
 10
1545.832315513634
 20
50.37781031471332
 30
0.0
 10
1545.844365421083
 20
50.2513431509912
 30
0.0
 10
1545.868302619669
 20
50.12686971833804
 30
0.0
  0
SPLINE
  5
27E
330
70
100
AcDbEntity
  8
0
  6
AI-Linetype-61
 62
     7
370
     0
100
AcDbSpline
210
0.0
220
0.0
230
1.0
 70
     8
 71
     3
 72
    11
 73
     7
 74
     0
 42
0.0000000001
 43
0.0000000001
 40
0.0
 40
0.0
 40
0.0
 40
0.0
 40
1.0
 40
1.0
 40
1.0
 40
2.0
 40
2.0
 40
2.0
 40
2.0
 10
1545.868302619669
 20
19.38225929290698
 30
0.0
 10
1545.659707548563
 20
18.29756492309947
 30
0.0
 10
1546.369926356543
 20
17.24914668276632
 30
0.0
 10
1547.454620726351
 20
17.04055161165959
 30
0.0
 10
1547.579094159004
 20
17.01661441307325
 30
0.0
 10
1547.705561322726
 20
17.00456450562397
 30
0.0
 10
1547.832315513634
 20
17.00456450562397
 30
0.0
  0
SPLINE
  5
280
330
70
100
AcDbEntity
  8
0
  6
AI-Linetype-62
 62
     7
370
     0
100
AcDbSpline
210
0.0
220
0.0
230
1.0
 70
     8
 71
     3
 72
     8
 73
     4
 74
     0
 42
0.0000000001
 43
0.0000000001
 40
0.0
 40
0.0
 40
0.0
 40
0.0
 40
1.0
 40
1.0
 40
1.0
 40
1.0
 10
1547.489791730595
 20
41.5045645056213
 30
0.0
 10
1546.385222230933
 20
41.5045645056213
 30
0.0
 10
1545.489791730595
 20
40.60913400528251
 30
0.0
 10
1545.489791730595
 20
39.50456450562124
 30
0.0
  0
SPLINE
  5
282
330
70
100
AcDbEntity
  8
0
  6
AI-Linetype-63
 62
     7
370
     0
100
AcDbSpline
210
0.0
220
0.0
230
1.0
 70
     8
 71
     3
 72
     8
 73
     4
 74
     0
 42
0.0000000001
 43
0.0000000001
 40
0.0
 40
0.0
 40
0.0
 40
0.0
 40
1.0
 40
1.0
 40
1.0
 40
1.0
 10
1545.489791730595
 20
30.0045645056238
 30
0.0
 10
1545.489791730595
 20
28.89999500596252
 30
0.0
 10
1546.385222230933
 20
28.00456450562372
 30
0.0
 10
1547.489791730595
 20
28.00456450562372
 30
0.0
  0
LINE
  5
284
330
70
100
AcDbEntity
  8
0
 62
     7
370
     0
100
AcDbLine
 10
1560.489791730596
 20
38.25456450562104
 30
0.0
 11
1568.489791730596
 21
38.25456450562104
 31
0.0
  0
LINE
  5
285
330
70
100
AcDbEntity
  8
0
 62
     7
370
     0
100
AcDbLine
 10
1560.489791730596
 20
31.254564505624
 30
0.0
 11
1568.489791730596
 21
31.254564505624
 31
0.0
  0
LINE
  5
286
330
70
100
AcDbEntity
  8
0
 62
     7
370
     0
100
AcDbLine
 10
1568.489791730596
 20
31.254564505624
 30
0.0
 11
1568.489791730596
 21
38.25456450562104
 31
0.0
  0
LINE
  5
287
330
70
100
AcDbEntity
  8
0
 62
     7
370
     0
100
AcDbLine
 10
1599.189791730693
 20
-109.9954354944093
 30
0.0
 11
1815.789791730701
 21
-109.9954354944093
 31
0.0
  0
LINE
  5
288
330
70
100
AcDbEntity
  8
0
 62
     7
370
     0
100
AcDbLine
 10
1815.789791730701
 20
-109.9954354944093
 30
0.0
 11
1599.189791730693
 21
-109.9954354944093
 31
0.0
  0
LINE
  5
289
330
70
100
AcDbEntity
  8
0
 62
     7
370
     0
100
AcDbLine
 10
1815.789791730701
 20
-107.8954354944
 30
0.0
 11
1599.189791730693
 21
-107.8954354944
 31
0.0
  0
LINE
  5
28A
330
70
100
AcDbEntity
  8
0
 62
     7
370
     0
100
AcDbLine
 10
1592.489791730551
 20
463.0045218869027
 30
0.0
 11
1592.489791730544
 21
-109.9954354944093
 31
0.0
  0
LINE
  5
28B
330
70
100
AcDbEntity
  8
0
 62
     7
370
     0
100
AcDbLine
 10
1592.489791730566
 20
-109.9954354944093
 30
0.0
 11
1574.18979173071
 21
-109.9954354944093
 31
0.0
  0
SPLINE
  5
28C
330
70
100
AcDbEntity
  8
0
 62
     7
370
     0
100
AcDbSpline
210
0.0
220
0.0
230
1.0
 70
     8
 71
     3
 72
     8
 73
     4
 74
     0
 42
0.0000000001
 43
0.0000000001
 40
0.0
 40
0.0
 40
0.0
 40
0.0
 40
1.0
 40
1.0
 40
1.0
 40
1.0
 10
1569.989791730713
 20
-105.7954354943906
 30
0.0
 10
1569.989791730713
 20
-108.1150314436781
 30
0.0
 10
1571.870195781422
 20
-109.9954354943875
 30
0.0
 10
1574.18979173071
 20
-109.9954354943875
 30
0.0
  0
SPLINE
  5
28D
330
70
100
AcDbEntity
  8
0
 62
     7
370
     0
100
AcDbSpline
210
0.0
220
0.0
230
1.0
 70
     8
 71
     3
 72
     8
 73
     4
 74
     0
 42
0.0000000001
 43
0.0000000001
 40
0.0
 40
0.0
 40
0.0
 40
0.0
 40
1.0
 40
1.0
 40
1.0
 40
1.0
 10
1572.089791730711
 20
-105.7954354943906
 30
0.0
 10
1572.089791730711
 20
-106.9552334690346
 30
0.0
 10
1573.029993756066
 20
-107.8954354943891
 30
0.0
 10
1574.18979173071
 20
-107.8954354943891
 30
0.0
  0
LINE
  5
28E
330
70
100
AcDbEntity
  8
0
 62
     7
370
     0
100
AcDbLine
 10
1574.18979173071
 20
-107.8954354944
 30
0.0
 11
1592.489791730538
 21
-107.8954354944
 31
0.0
  0
SPLINE
  5
28F
330
70
100
AcDbEntity
  8
0
 62
     7
370
     0
100
AcDbSpline
210
0.0
220
0.0
230
1.0
 70
     8
 71
     3
 72
     8
 73
     4
 74
     0
 42
0.0000000001
 43
0.0000000001
 40
0.0
 40
0.0
 40
0.0
 40
0.0
 40
1.0
 40
1.0
 40
1.0
 40
1.0
 10
1594.989791730561
 20
-89.69543549438716
 30
0.0
 10
1594.989791730561
 20
-88.53563751974247
 30
0.0
 10
1594.049589705205
 20
-87.59543549438678
 30
0.0
 10
1592.88979173056
 20
-87.59543549438678
 30
0.0
  0
LINE
  5
290
330
70
100
AcDbEntity
  8
0
 62
     7
370
     0
100
AcDbLine
 10
1592.88979173056
 20
-87.59543549435726
 30
0.0
 11
1584.858010512095
 21
-87.59543549435726
 31
0.0
  0
SPLINE
  5
291
330
70
100
AcDbEntity
  8
0
 62
     7
370
     0
100
AcDbSpline
210
0.0
220
0.0
230
1.0
 70
     8
 71
     3
 72
     8
 73
     4
 74
     0
 42
0.0000000001
 43
0.0000000001
 40
0.0
 40
0.0
 40
0.0
 40
0.0
 40
1.0
 40
1.0
 40
1.0
 40
1.0
 10
1584.858010512095
 20
-87.5954354943887
 30
0.0
 10
1584.381761489068
 20
-87.5954354943887
 30
0.0
 10
1583.919656076672
 20
-87.75731679692578
 30
0.0
 10
1583.547519907171
 20
-88.05451673515532
 30
0.0
  0
LINE
  5
292
330
70
100
AcDbEntity
  8
0
 62
     7
370
     0
100
AcDbLine
 10
1583.54751990724
 20
-88.05451673510335
 30
0.0
 11
1576.761309815455
 21
-93.47420282106133
 31
0.0
  0
LINE
  5
293
330
70
100
AcDbEntity
  8
0
 62
     7
370
     0
100
AcDbLine
 10
1576.761309815455
 20
-93.47420282106133
 30
0.0
 11
1575.450819210589
 21
-91.83328406177752
 31
0.0
  0
LINE
  5
294
330
70
100
AcDbEntity
  8
0
 62
     7
370
     0
100
AcDbLine
 10
1575.450819210589
 20
-91.83328406177752
 30
0.0
 11
1582.237029302373
 21
-86.413597975799
 31
0.0
  0
SPLINE
  5
295
330
70
100
AcDbEntity
  8
0
 62
     7
370
     0
100
AcDbSpline
210
0.0
220
0.0
230
1.0
 70
     8
 71
     3
 72
     8
 73
     4
 74
     0
 42
0.0000000001
 43
0.0000000001
 40
0.0
 40
0.0
 40
0.0
 40
0.0
 40
1.0
 40
1.0
 40
1.0
 40
1.0
 10
1584.85801051208
 20
-85.49543549438958
 30
0.0
 10
1583.905512466095
 20
-85.49543549438958
 30
0.0
 10
1582.981301641366
 20
-85.81919809941625
 30
0.0
 10
1582.237029302389
 20
-86.41359797579644
 30
0.0
  0
LINE
  5
296
330
70
100
AcDbEntity
  8
0
 62
     7
370
     0
100
AcDbLine
 10
1584.858010512095
 20
-85.49543549437869
 30
0.0
 11
1592.88979173056
 21
-85.49543549437869
 31
0.0
  0
SPLINE
  5
297
330
70
100
AcDbEntity
  8
0
 62
     7
370
     0
100
AcDbSpline
210
0.0
220
0.0
230
1.0
 70
     8
 71
     3
 72
     8
 73
     4
 74
     0
 42
0.0000000001
 43
0.0000000001
 40
0.0
 40
0.0
 40
0.0
 40
0.0
 40
1.0
 40
1.0
 40
1.0
 40
1.0
 10
1597.089791730557
 20
-89.69543549438716
 30
0.0
 10
1597.089791730557
 20
-87.37583954509972
 30
0.0
 10
1595.209387679848
 20
-85.49543549439023
 30
0.0
 10
1592.88979173056
 20
-85.49543549439023
 30
0.0
  0
LINE
  5
298
330
70
100
AcDbEntity
  8
0
 62
     7
370
     0
100
AcDbLine
 10
1575.450819210589
 20
-90.39983020731263
 30
0.0
 11
1575.450819210589
 21
-91.83328406177752
 31
0.0
  0
INSERT
  5
29A
330
70
100
AcDbEntity
  8
0
100
AcDbBlockReference
  2
Block_7
 10
0.0
 20
0.0
 30
0.0
  0
SPLINE
  5
2AA
330
70
100
AcDbEntity
  8
0
 62
     7
370
     0
100
AcDbSpline
210
0.0
220
0.0
230
1.0
 70
     8
 71
     3
 72
    32
 73
    28
 74
     0
 42
0.0000000001
 43
0.0000000001
 40
0.0
 40
0.0
 40
0.0
 40
0.0
 40
1.0
 40
1.0
 40
1.0
 40
2.0
 40
2.0
 40
2.0
 40
3.0
 40
3.0
 40
3.0
 40
4.0
 40
4.0
 40
4.0
 40
5.0
 40
5.0
 40
5.0
 40
6.0
 40
6.0
 40
6.0
 40
7.0
 40
7.0
 40
7.0
 40
8.0
 40
8.0
 40
8.0
 40
9.0
 40
9.0
 40
9.0
 40
9.0
 10
1572.090090662171
 20
-104.4412273569873
 30
0.0
 10
1573.073950603562
 20
-104.5222492295243
 30
0.0
 10
1574.057810544955
 20
-104.6032711020715
 30
0.0
 10
1575.079565217911
 20
-104.441227356995
 30
0.0
 10
1576.212788137347
 20
-104.2615054621685
 30
0.0
 10
1577.392625045725
 20
-103.7827906059091
 30
0.0
 10
1578.069039773663
 20
-103.0072404279079
 30
0.0
 10
1579.111294840491
 20
-101.8122322927863
 30
0.0
 10
1578.958312253865
 20
-99.9124702409642
 30
0.0
 10
1578.069039773662
 20
-97.89837411652939
 30
0.0
 10
1576.683131374794
 20
-94.75945685875116
 30
0.0
 10
1573.508890812957
 20
-91.34284014976584
 30
0.0
 10
1575.557612759471
 20
-90.34279514367618
 30
0.0
 10
1575.980300191444
 20
-90.1364682401145
 30
0.0
 10
1576.625313256993
 20
-90.03300744636479
 30
0.0
 10
1577.105105796045
 20
-89.79165377912426
 30
0.0
 10
1578.744416373134
 20
-88.96701898945504
 30
0.0
 10
1578.454961120945
 20
-86.5326383157272
 30
0.0
 10
1578.244330374933
 20
-84.2958323288048
 30
0.0
 10
1578.074777443679
 20
-82.49525468803222
 30
0.0
 10
1577.956301859407
 20
-80.82270310567869
 30
0.0
 10
1576.869157743888
 20
-79.99214210760936
 30
0.0
 10
1576.318855897449
 20
-79.57172015591549
 30
0.0
 10
1575.520353413691
 20
-79.36704032125502
 30
0.0
 10
1574.719423130619
 20
-79.21175882961128
 30
0.0
 10
1573.797894074883
 20
-79.0330960803159
 30
0.0
 10
1572.873151052087
 20
-78.91982780012883
 30
0.0
 10
1572.090090662171
 20
-79.31499220922432
 30
0.0
  0
INSERT
  5
2AC
330
70
100
AcDbEntity
  8
0
100
AcDbBlockReference
  2
Block_8
 10
0.0
 20
0.0
 30
0.0
  0
LINE
  5
2B3
330
70
100
AcDbEntity
  8
0
 62
     5
370
     0
100
AcDbLine
 10
1622.089791730624
 20
455.0045646041556
 30
0.0
 11
1642.089791730622
 21
455.0045646041556
 31
0.0
  0
LINE
  5
2B4
330
70
100
AcDbEntity
  8
0
 62
     5
370
     0
100
AcDbLine
 10
1642.089791730622
 20
455.0045646041556
 30
0.0
 11
1642.089791730622
 21
-74.99543529735586
 31
0.0
  0
LINE
  5
2B5
330
70
100
AcDbEntity
  8
0
 62
     5
370
     0
100
AcDbLine
 10
1642.089791730622
 20
-74.99543529735586
 30
0.0
 11
1622.089791730624
 21
-74.99543529735586
 31
0.0
  0
LINE
  5
2B6
330
70
100
AcDbEntity
  8
0
 62
     5
370
     0
100
AcDbLine
 10
1622.089791730624
 20
-74.99543529735586
 30
0.0
 11
1622.089791730624
 21
455.0045646041556
 31
0.0
  0
LINE
  5
2B7
330
70
100
AcDbEntity
  8
0
 62
     7
370
     0
100
AcDbLine
 10
1630.654202669148
 20
103.8207670491104
 30
0.0
 11
1451.21605484739
 21
223.8351492212969
 31
0.0
  0
MTEXT
  5
2B8
330
70
100
AcDbEntity
  8
0
100
AcDbMText
 10
1362.925421480015
 20
243.6176017999897
 30
0.0
 40
0.2
 41
0.0
 46
0.0
 71
     7
 72
     1
  1
\C7;\FArial|b0|i0|c1;\H25.000000;\W1.000000;SUB PANEL
 73
     1
 44
1.0
  0
LINE
  5
2B9
330
70
100
AcDbEntity
  8
0
 62
     7
370
     0
100
AcDbLine
 10
1761.692894758545
 20
-75.859203069386
 30
0.0
 11
1761.69289475854
 21
455.8683324748123
 31
0.0
  0
LINE
  5
2BA
330
70
100
AcDbEntity
  8
0
 62
     7
370
     0
100
AcDbLine
 10
1761.692894758537
 20
455.8683324748123
 30
0.0
 11
1746.692894758538
 21
455.8683324748123
 31
0.0
  0
LINE
  5
2BB
330
70
100
AcDbEntity
  8
0
 62
     7
370
     0
100
AcDbLine
 10
1746.69289475854
 20
455.8683324748123
 30
0.0
 11
1746.692894758545
 21
-75.859203069386
 31
0.0
  0
LINE
  5
2BC
330
70
100
AcDbEntity
  8
0
 62
     7
370
     0
100
AcDbLine
 10
1741.782002869016
 20
188.4920859738054
 30
0.0
 11
1694.584544082387
 21
188.4920859738054
 31
0.0
  0
LINE
  5
2BD
330
70
100
AcDbEntity
  8
0
 62
     7
370
     0
100
AcDbLine
 10
1744.692894758541
 20
198.617085973803
 30
0.0
 11
1636.69289475854
 21
198.617085973803
 31
0.0
  0
SPLINE
  5
2BE
330
70
100
AcDbEntity
  8
0
 62
     7
370
     0
100
AcDbSpline
210
0.0
220
0.0
230
1.0
 70
     8
 71
     3
 72
     8
 73
     4
 74
     0
 42
0.0000000001
 43
0.0000000001
 40
0.0
 40
0.0
 40
0.0
 40
0.0
 40
1.0
 40
1.0
 40
1.0
 40
1.0
 10
1636.69289475854
 20
198.6170859738049
 30
0.0
 10
1636.14061000871
 20
198.6170859738049
 30
0.0
 10
1635.69289475854
 20
198.1693707236359
 30
0.0
 10
1635.69289475854
 20
197.6170859738049
 30
0.0
  0
LINE
  5
2BF
330
70
100
AcDbEntity
  8
0
 62
     7
370
     0
100
AcDbLine
 10
1744.692894758541
 20
178.1170859738058
 30
0.0
 11
1636.69289475854
 21
178.1170859738058
 31
0.0
  0
SPLINE
  5
2C0
330
70
100
AcDbEntity
  8
0
 62
     7
370
     0
100
AcDbSpline
210
0.0
220
0.0
230
1.0
 70
     8
 71
     3
 72
     8
 73
     4
 74
     0
 42
0.0000000001
 43
0.0000000001
 40
0.0
 40
0.0
 40
0.0
 40
0.0
 40
1.0
 40
1.0
 40
1.0
 40
1.0
 10
1635.69289475854
 20
179.1170859738039
 30
0.0
 10
1635.69289475854
 20
178.564801223973
 30
0.0
 10
1636.14061000871
 20
178.1170859738039
 30
0.0
 10
1636.69289475854
 20
178.1170859738039
 30
0.0
  0
LINE
  5
2C1
330
70
100
AcDbEntity
  8
0
 62
     7
370
     0
100
AcDbLine
 10
1635.692894758539
 20
179.1170859738039
 30
0.0
 11
1635.692894758539
 21
197.6170859738049
 31
0.0
  0
LINE
  5
2C2
330
70
100
AcDbEntity
  8
0
 62
     7
370
     0
100
AcDbLine
 10
1745.692894758539
 20
197.6170859738049
 30
0.0
 11
1637.69289475854
 21
197.6170859738049
 31
0.0
  0
SPLINE
  5
2C3
330
70
100
AcDbEntity
  8
0
 62
     7
370
     0
100
AcDbSpline
210
0.0
220
0.0
230
1.0
 70
     8
 71
     3
 72
     8
 73
     4
 74
     0
 42
0.0000000001
 43
0.0000000001
 40
0.0
 40
0.0
 40
0.0
 40
0.0
 40
1.0
 40
1.0
 40
1.0
 40
1.0
 10
1637.69289475854
 20
197.6170859738068
 30
0.0
 10
1637.14061000871
 20
197.6170859738068
 30
0.0
 10
1636.692894758541
 20
197.1693707236377
 30
0.0
 10
1636.692894758541
 20
196.6170859738068
 30
0.0
  0
LINE
  5
2C4
330
70
100
AcDbEntity
  8
0
 62
     7
370
     0
100
AcDbLine
 10
1745.692894758539
 20
179.1170859738039
 30
0.0
 11
1637.69289475854
 21
179.1170859738039
 31
0.0
  0
LINE
  5
2C5
330
70
100
AcDbEntity
  8
0
 62
     7
370
     0
100
AcDbLine
 10
1636.69289475854
 20
180.117085973802
 30
0.0
 11
1636.69289475854
 21
196.6170859738068
 31
0.0
  0
SPLINE
  5
2C6
330
70
100
AcDbEntity
  8
0
 62
     7
370
     0
100
AcDbSpline
210
0.0
220
0.0
230
1.0
 70
     8
 71
     3
 72
     8
 73
     4
 74
     0
 42
0.0000000001
 43
0.0000000001
 40
0.0
 40
0.0
 40
0.0
 40
0.0
 40
1.0
 40
1.0
 40
1.0
 40
1.0
 10
1636.692894758541
 20
180.117085973802
 30
0.0
 10
1636.692894758541
 20
179.5648012239711
 30
0.0
 10
1637.14061000871
 20
179.117085973802
 30
0.0
 10
1637.69289475854
 20
179.117085973802
 30
0.0
  0
LINE
  5
2C7
330
70
100
AcDbEntity
  8
0
 62
     7
370
     0
100
AcDbLine
 10
1636.69289475854
 20
185.1170859738028
 30
0.0
 11
1637.518452366522
 21
185.1170859738028
 31
0.0
  0
LINE
  5
2C8
330
70
100
AcDbEntity
  8
0
 62
     7
370
     0
100
AcDbLine
 10
1638.518452366523
 20
186.117085973801
 30
0.0
 11
1638.518452366523
 21
189.1170859738055
 31
0.0
  0
SPLINE
  5
2C9
330
70
100
AcDbEntity
  8
0
 62
     7
370
     0
100
AcDbSpline
210
0.0
220
0.0
230
1.0
 70
     8
 71
     3
 72
     8
 73
     4
 74
     0
 42
0.0000000001
 43
0.0000000001
 40
0.0
 40
0.0
 40
0.0
 40
0.0
 40
1.0
 40
1.0
 40
1.0
 40
1.0
 10
1637.518452366522
 20
185.1170859738009
 30
0.0
 10
1638.070737116352
 20
185.1170859738009
 30
0.0
 10
1638.518452366522
 20
185.56480122397
 30
0.0
 10
1638.518452366522
 20
186.117085973801
 30
0.0
  0
LINE
  5
2CA
330
70
100
AcDbEntity
  8
0
 62
     7
370
     0
100
AcDbLine
 10
1637.518452366522
 20
190.1170859738036
 30
0.0
 11
1636.69289475854
 21
190.1170859738036
 31
0.0
  0
SPLINE
  5
2CB
330
70
100
AcDbEntity
  8
0
 62
     7
370
     0
100
AcDbSpline
210
0.0
220
0.0
230
1.0
 70
     8
 71
     3
 72
     8
 73
     4
 74
     0
 42
0.0000000001
 43
0.0000000001
 40
0.0
 40
0.0
 40
0.0
 40
0.0
 40
1.0
 40
1.0
 40
1.0
 40
1.0
 10
1638.518452366522
 20
189.1170859738055
 30
0.0
 10
1638.518452366522
 20
189.6693707236365
 30
0.0
 10
1638.070737116352
 20
190.1170859738056
 30
0.0
 10
1637.518452366522
 20
190.1170859738056
 30
0.0
  0
LINE
  5
2CC
330
70
100
AcDbEntity
  8
0
 62
     7
370
     0
100
AcDbLine
 10
1745.692894758539
 20
179.1170859738039
 30
0.0
 11
1745.692894758539
 21
179.1170859738039
 31
0.0
  0
SPLINE
  5
2CD
330
70
100
AcDbEntity
  8
0
 62
     7
370
     0
100
AcDbSpline
210
0.0
220
0.0
230
1.0
 70
     8
 71
     3
 72
     8
 73
     4
 74
     0
 42
0.0000000001
 43
0.0000000001
 40
0.0
 40
0.0
 40
0.0
 40
0.0
 40
1.0
 40
1.0
 40
1.0
 40
1.0
 10
1746.692894758539
 20
178.1170859738058
 30
0.0
 10
1746.692894758539
 20
178.6693707236367
 30
0.0
 10
1746.24517950837
 20
179.1170859738058
 30
0.0
 10
1745.692894758539
 20
179.1170859738058
 30
0.0
  0
SPLINE
  5
2CE
330
70
100
AcDbEntity
  8
0
 62
     7
370
     0
100
AcDbSpline
210
0.0
220
0.0
230
1.0
 70
     8
 71
     3
 72
     8
 73
     4
 74
     0
 42
0.0000000001
 43
0.0000000001
 40
0.0
 40
0.0
 40
0.0
 40
0.0
 40
1.0
 40
1.0
 40
1.0
 40
1.0
 10
1744.692894758541
 20
198.6170859738011
 30
0.0
 10
1745.245179508372
 20
198.6170859738011
 30
0.0
 10
1745.692894758541
 20
199.0648012239701
 30
0.0
 10
1745.692894758541
 20
199.6170859738011
 30
0.0
  0
LINE
  5
2CF
330
70
100
AcDbEntity
  8
0
 62
     7
370
     0
100
AcDbLine
 10
1745.692894758539
 20
218.6170859738063
 30
0.0
 11
1746.69289475854
 21
218.6170859738063
 31
0.0
  0
SPLINE
  5
2D0
330
70
100
AcDbEntity
  8
0
 62
     7
370
     0
100
AcDbSpline
210
0.0
220
0.0
230
1.0
 70
     8
 71
     3
 72
     8
 73
     4
 74
     0
 42
0.0000000001
 43
0.0000000001
 40
0.0
 40
0.0
 40
0.0
 40
0.0
 40
1.0
 40
1.0
 40
1.0
 40
1.0
 10
1745.692894758539
 20
197.617085973803
 30
0.0
 10
1746.24517950837
 20
197.617085973803
 30
0.0
 10
1746.692894758539
 20
198.064801223972
 30
0.0
 10
1746.692894758539
 20
198.617085973803
 30
0.0
  0
LINE
  5
2D1
330
70
100
AcDbEntity
  8
0
 62
     7
370
     0
100
AcDbLine
 10
1650.692894758539
 20
179.1170859738039
 30
0.0
 11
1650.692894758539
 21
178.1170859738058
 31
0.0
  0
LINE
  5
2D2
330
70
100
AcDbEntity
  8
0
 62
     7
370
     0
100
AcDbLine
 10
1650.692894758539
 20
197.6170859738049
 30
0.0
 11
1650.692894758539
 21
198.617085973803
 31
0.0
  0
LINE
  5
2D3
330
70
100
AcDbEntity
  8
0
 62
     7
370
     0
100
AcDbLine
 10
1645.692894758541
 20
197.6170859738049
 30
0.0
 11
1645.692894758541
 21
197.6170859738049
 31
0.0
  0
LINE
  5
2D4
330
70
100
AcDbEntity
  8
0
 62
     7
370
     0
100
AcDbLine
 10
1645.692894758541
 20
179.1170859738039
 30
0.0
 11
1645.692894758541
 21
178.1170859738058
 31
0.0
  0
LINE
  5
2D5
330
70
100
AcDbEntity
  8
0
 62
     7
370
     0
100
AcDbLine
 10
1645.692894758541
 20
197.6170859738049
 30
0.0
 11
1645.692894758541
 21
198.617085973803
 31
0.0
  0
LINE
  5
2D6
330
70
100
AcDbEntity
  8
0
 62
     7
370
     0
100
AcDbLine
 10
1745.692894758539
 20
158.3670859738046
 30
0.0
 11
1745.692894758539
 21
218.6170859738063
 31
0.0
  0
LINE
  5
2D7
330
70
100
AcDbEntity
  8
0
 62
     7
370
     0
100
AcDbLine
 10
1745.692894758539
 20
158.3670859738046
 30
0.0
 11
1746.69289475854
 21
158.3670859738046
 31
0.0
  0
LINE
  5
2D8
330
70
100
AcDbEntity
  8
0
 62
     7
370
     0
100
AcDbLine
 10
1746.69289475854
 20
218.6170859738063
 30
0.0
 11
1746.69289475854
 21
158.3670859738046
 31
0.0
  0
MTEXT
  5
2D9
330
70
100
AcDbEntity
  8
0
100
AcDbMText
 10
1570.329815959414
 20
600.051530136988
 30
0.0
 40
0.2
 41
0.0
 46
0.0
 71
     7
 72
     1
  1
\C7;\FArial|b0|i0|c1;\H23.100000;\W1.000000;VISTA LATERAL
 73
     1
 44
1.0
  0
LINE
  5
2DA
330
70
100
AcDbEntity
  8
0
 62
     7
370
     0
100
AcDbLine
 10
1741.782002869016
 20
338.4920859738095
 30
0.0
 11
1694.584544082387
 21
338.4920859738095
 31
0.0
  0
LINE
  5
2DB
330
70
100
AcDbEntity
  8
0
 62
     7
370
     0
100
AcDbLine
 10
1744.692894758541
 20
348.617085973807
 30
0.0
 11
1636.69289475854
 21
348.617085973807
 31
0.0
  0
SPLINE
  5
2DC
330
70
100
AcDbEntity
  8
0
 62
     7
370
     0
100
AcDbSpline
210
0.0
220
0.0
230
1.0
 70
     8
 71
     3
 72
     8
 73
     4
 74
     0
 42
0.0000000001
 43
0.0000000001
 40
0.0
 40
0.0
 40
0.0
 40
0.0
 40
1.0
 40
1.0
 40
1.0
 40
1.0
 10
1636.69289475854
 20
348.617085973809
 30
0.0
 10
1636.14061000871
 20
348.617085973809
 30
0.0
 10
1635.69289475854
 20
348.1693707236399
 30
0.0
 10
1635.69289475854
 20
347.6170859738089
 30
0.0
  0
LINE
  5
2DD
330
70
100
AcDbEntity
  8
0
 62
     7
370
     0
100
AcDbLine
 10
1744.692894758541
 20
328.1170859738098
 30
0.0
 11
1636.69289475854
 21
328.1170859738098
 31
0.0
  0
SPLINE
  5
2DE
330
70
100
AcDbEntity
  8
0
 62
     7
370
     0
100
AcDbSpline
210
0.0
220
0.0
230
1.0
 70
     8
 71
     3
 72
     8
 73
     4
 74
     0
 42
0.0000000001
 43
0.0000000001
 40
0.0
 40
0.0
 40
0.0
 40
0.0
 40
1.0
 40
1.0
 40
1.0
 40
1.0
 10
1635.69289475854
 20
329.1170859738079
 30
0.0
 10
1635.69289475854
 20
328.564801223977
 30
0.0
 10
1636.14061000871
 20
328.1170859738079
 30
0.0
 10
1636.69289475854
 20
328.1170859738079
 30
0.0
  0
LINE
  5
2DF
330
70
100
AcDbEntity
  8
0
 62
     7
370
     0
100
AcDbLine
 10
1635.692894758539
 20
329.1170859738079
 30
0.0
 11
1635.692894758539
 21
347.6170859738089
 31
0.0
  0
LINE
  5
2E0
330
70
100
AcDbEntity
  8
0
 62
     7
370
     0
100
AcDbLine
 10
1745.692894758539
 20
347.6170859738089
 30
0.0
 11
1637.69289475854
 21
347.6170859738089
 31
0.0
  0
SPLINE
  5
2E1
330
70
100
AcDbEntity
  8
0
 62
     7
370
     0
100
AcDbSpline
210
0.0
220
0.0
230
1.0
 70
     8
 71
     3
 72
     8
 73
     4
 74
     0
 42
0.0000000001
 43
0.0000000001
 40
0.0
 40
0.0
 40
0.0
 40
0.0
 40
1.0
 40
1.0
 40
1.0
 40
1.0
 10
1637.69289475854
 20
347.6170859738108
 30
0.0
 10
1637.14061000871
 20
347.6170859738108
 30
0.0
 10
1636.692894758541
 20
347.1693707236418
 30
0.0
 10
1636.692894758541
 20
346.6170859738108
 30
0.0
  0
LINE
  5
2E2
330
70
100
AcDbEntity
  8
0
 62
     7
370
     0
100
AcDbLine
 10
1745.692894758539
 20
329.1170859738079
 30
0.0
 11
1637.69289475854
 21
329.1170859738079
 31
0.0
  0
LINE
  5
2E3
330
70
100
AcDbEntity
  8
0
 62
     7
370
     0
100
AcDbLine
 10
1636.69289475854
 20
330.1170859738061
 30
0.0
 11
1636.69289475854
 21
346.6170859738108
 31
0.0
  0
SPLINE
  5
2E4
330
70
100
AcDbEntity
  8
0
 62
     7
370
     0
100
AcDbSpline
210
0.0
220
0.0
230
1.0
 70
     8
 71
     3
 72
     8
 73
     4
 74
     0
 42
0.0000000001
 43
0.0000000001
 40
0.0
 40
0.0
 40
0.0
 40
0.0
 40
1.0
 40
1.0
 40
1.0
 40
1.0
 10
1636.692894758541
 20
330.1170859738061
 30
0.0
 10
1636.692894758541
 20
329.5648012239751
 30
0.0
 10
1637.14061000871
 20
329.117085973806
 30
0.0
 10
1637.69289475854
 20
329.117085973806
 30
0.0
  0
LINE
  5
2E5
330
70
100
AcDbEntity
  8
0
 62
     7
370
     0
100
AcDbLine
 10
1636.69289475854
 20
335.1170859738069
 30
0.0
 11
1637.518452366522
 21
335.1170859738069
 31
0.0
  0
LINE
  5
2E6
330
70
100
AcDbEntity
  8
0
 62
     7
370
     0
100
AcDbLine
 10
1638.518452366523
 20
336.117085973805
 30
0.0
 11
1638.518452366523
 21
339.1170859738096
 31
0.0
  0
SPLINE
  5
2E7
330
70
100
AcDbEntity
  8
0
 62
     7
370
     0
100
AcDbSpline
210
0.0
220
0.0
230
1.0
 70
     8
 71
     3
 72
     8
 73
     4
 74
     0
 42
0.0000000001
 43
0.0000000001
 40
0.0
 40
0.0
 40
0.0
 40
0.0
 40
1.0
 40
1.0
 40
1.0
 40
1.0
 10
1637.518452366522
 20
335.1170859738049
 30
0.0
 10
1638.070737116352
 20
335.1170859738049
 30
0.0
 10
1638.518452366522
 20
335.564801223974
 30
0.0
 10
1638.518452366522
 20
336.117085973805
 30
0.0
  0
LINE
  5
2E8
330
70
100
AcDbEntity
  8
0
 62
     7
370
     0
100
AcDbLine
 10
1637.518452366522
 20
340.1170859738077
 30
0.0
 11
1636.69289475854
 21
340.1170859738077
 31
0.0
  0
SPLINE
  5
2E9
330
70
100
AcDbEntity
  8
0
 62
     7
370
     0
100
AcDbSpline
210
0.0
220
0.0
230
1.0
 70
     8
 71
     3
 72
     8
 73
     4
 74
     0
 42
0.0000000001
 43
0.0000000001
 40
0.0
 40
0.0
 40
0.0
 40
0.0
 40
1.0
 40
1.0
 40
1.0
 40
1.0
 10
1638.518452366522
 20
339.1170859738096
 30
0.0
 10
1638.518452366522
 20
339.6693707236405
 30
0.0
 10
1638.070737116352
 20
340.1170859738096
 30
0.0
 10
1637.518452366522
 20
340.1170859738096
 30
0.0
  0
LINE
  5
2EA
330
70
100
AcDbEntity
  8
0
 62
     7
370
     0
100
AcDbLine
 10
1745.692894758539
 20
329.1170859738079
 30
0.0
 11
1745.692894758539
 21
329.1170859738079
 31
0.0
  0
SPLINE
  5
2EB
330
70
100
AcDbEntity
  8
0
 62
     7
370
     0
100
AcDbSpline
210
0.0
220
0.0
230
1.0
 70
     8
 71
     3
 72
     8
 73
     4
 74
     0
 42
0.0000000001
 43
0.0000000001
 40
0.0
 40
0.0
 40
0.0
 40
0.0
 40
1.0
 40
1.0
 40
1.0
 40
1.0
 10
1746.692894758539
 20
328.1170859738098
 30
0.0
 10
1746.692894758539
 20
328.6693707236408
 30
0.0
 10
1746.24517950837
 20
329.1170859738099
 30
0.0
 10
1745.692894758539
 20
329.1170859738099
 30
0.0
  0
SPLINE
  5
2EC
330
70
100
AcDbEntity
  8
0
 62
     7
370
     0
100
AcDbSpline
210
0.0
220
0.0
230
1.0
 70
     8
 71
     3
 72
     8
 73
     4
 74
     0
 42
0.0000000001
 43
0.0000000001
 40
0.0
 40
0.0
 40
0.0
 40
0.0
 40
1.0
 40
1.0
 40
1.0
 40
1.0
 10
1744.692894758541
 20
348.6170859738051
 30
0.0
 10
1745.245179508372
 20
348.6170859738051
 30
0.0
 10
1745.692894758541
 20
349.0648012239742
 30
0.0
 10
1745.692894758541
 20
349.6170859738052
 30
0.0
  0
LINE
  5
2ED
330
70
100
AcDbEntity
  8
0
 62
     7
370
     0
100
AcDbLine
 10
1745.692894758539
 20
368.6170859738103
 30
0.0
 11
1746.69289475854
 21
368.6170859738103
 31
0.0
  0
SPLINE
  5
2EE
330
70
100
AcDbEntity
  8
0
 62
     7
370
     0
100
AcDbSpline
210
0.0
220
0.0
230
1.0
 70
     8
 71
     3
 72
     8
 73
     4
 74
     0
 42
0.0000000001
 43
0.0000000001
 40
0.0
 40
0.0
 40
0.0
 40
0.0
 40
1.0
 40
1.0
 40
1.0
 40
1.0
 10
1745.692894758539
 20
347.617085973807
 30
0.0
 10
1746.24517950837
 20
347.617085973807
 30
0.0
 10
1746.692894758539
 20
348.0648012239761
 30
0.0
 10
1746.692894758539
 20
348.617085973807
 30
0.0
  0
LINE
  5
2EF
330
70
100
AcDbEntity
  8
0
 62
     7
370
     0
100
AcDbLine
 10
1650.692894758539
 20
329.1170859738079
 30
0.0
 11
1650.692894758539
 21
328.1170859738098
 31
0.0
  0
LINE
  5
2F0
330
70
100
AcDbEntity
  8
0
 62
     7
370
     0
100
AcDbLine
 10
1650.692894758539
 20
347.6170859738089
 30
0.0
 11
1650.692894758539
 21
348.617085973807
 31
0.0
  0
LINE
  5
2F1
330
70
100
AcDbEntity
  8
0
 62
     7
370
     0
100
AcDbLine
 10
1645.692894758541
 20
347.6170859738089
 30
0.0
 11
1645.692894758541
 21
347.6170859738089
 31
0.0
  0
LINE
  5
2F2
330
70
100
AcDbEntity
  8
0
 62
     7
370
     0
100
AcDbLine
 10
1645.692894758541
 20
329.1170859738079
 30
0.0
 11
1645.692894758541
 21
328.1170859738098
 31
0.0
  0
LINE
  5
2F3
330
70
100
AcDbEntity
  8
0
 62
     7
370
     0
100
AcDbLine
 10
1645.692894758541
 20
347.6170859738089
 30
0.0
 11
1645.692894758541
 21
348.617085973807
 31
0.0
  0
LINE
  5
2F4
330
70
100
AcDbEntity
  8
0
 62
     7
370
     0
100
AcDbLine
 10
1745.692894758539
 20
308.3670859738087
 30
0.0
 11
1745.692894758539
 21
368.6170859738103
 31
0.0
  0
LINE
  5
2F5
330
70
100
AcDbEntity
  8
0
 62
     7
370
     0
100
AcDbLine
 10
1745.692894758539
 20
308.3670859738087
 30
0.0
 11
1746.69289475854
 21
308.3670859738087
 31
0.0
  0
LINE
  5
2F6
330
70
100
AcDbEntity
  8
0
 62
     7
370
     0
100
AcDbLine
 10
1746.69289475854
 20
368.6170859738103
 30
0.0
 11
1746.69289475854
 21
308.3670859738087
 31
0.0
  0
LINE
  5
2F7
330
70
100
AcDbEntity
  8
0
 62
     7
370
     0
100
AcDbLine
 10
1741.782002869016
 20
38.49208597380146
 30
0.0
 11
1694.584544082387
 21
38.49208597380146
 31
0.0
  0
LINE
  5
2F8
330
70
100
AcDbEntity
  8
0
 62
     7
370
     0
100
AcDbLine
 10
1744.692894758541
 20
48.61708597380927
 30
0.0
 11
1636.69289475854
 21
48.61708597380927
 31
0.0
  0
SPLINE
  5
2F9
330
70
100
AcDbEntity
  8
0
 62
     7
370
     0
100
AcDbSpline
210
0.0
220
0.0
230
1.0
 70
     8
 71
     3
 72
     8
 73
     4
 74
     0
 42
0.0000000001
 43
0.0000000001
 40
0.0
 40
0.0
 40
0.0
 40
0.0
 40
1.0
 40
1.0
 40
1.0
 40
1.0
 10
1636.69289475854
 20
48.61708597380093
 30
0.0
 10
1636.14061000871
 20
48.61708597380093
 30
0.0
 10
1635.69289475854
 20
48.16937072363185
 30
0.0
 10
1635.69289475854
 20
47.61708597380089
 30
0.0
  0
LINE
  5
2FA
330
70
100
AcDbEntity
  8
0
 62
     7
370
     0
100
AcDbLine
 10
1744.692894758541
 20
28.11708597380182
 30
0.0
 11
1636.69289475854
 21
28.11708597380182
 31
0.0
  0
SPLINE
  5
2FB
330
70
100
AcDbEntity
  8
0
 62
     7
370
     0
100
AcDbSpline
210
0.0
220
0.0
230
1.0
 70
     8
 71
     3
 72
     8
 73
     4
 74
     0
 42
0.0000000001
 43
0.0000000001
 40
0.0
 40
0.0
 40
0.0
 40
0.0
 40
1.0
 40
1.0
 40
1.0
 40
1.0
 10
1635.69289475854
 20
29.11708597381019
 30
0.0
 10
1635.69289475854
 20
28.56480122397924
 30
0.0
 10
1636.14061000871
 20
28.11708597381016
 30
0.0
 10
1636.69289475854
 20
28.11708597381016
 30
0.0
  0
LINE
  5
2FC
330
70
100
AcDbEntity
  8
0
 62
     7
370
     0
100
AcDbLine
 10
1635.692894758539
 20
29.11708597381019
 30
0.0
 11
1635.692894758539
 21
47.61708597380089
 31
0.0
  0
LINE
  5
2FD
330
70
100
AcDbEntity
  8
0
 62
     7
370
     0
100
AcDbLine
 10
1745.692894758539
 20
47.61708597380089
 30
0.0
 11
1637.69289475854
 21
47.61708597380089
 31
0.0
  0
SPLINE
  5
2FE
330
70
100
AcDbEntity
  8
0
 62
     7
370
     0
100
AcDbSpline
210
0.0
220
0.0
230
1.0
 70
     8
 71
     3
 72
     8
 73
     4
 74
     0
 42
0.0000000001
 43
0.0000000001
 40
0.0
 40
0.0
 40
0.0
 40
0.0
 40
1.0
 40
1.0
 40
1.0
 40
1.0
 10
1637.69289475854
 20
47.61708597380282
 30
0.0
 10
1637.14061000871
 20
47.61708597380282
 30
0.0
 10
1636.692894758541
 20
47.16937072363374
 30
0.0
 10
1636.692894758541
 20
46.61708597380278
 30
0.0
  0
LINE
  5
2FF
330
70
100
AcDbEntity
  8
0
 62
     7
370
     0
100
AcDbLine
 10
1745.692894758539
 20
29.11708597381019
 30
0.0
 11
1637.69289475854
 21
29.11708597381019
 31
0.0
  0
LINE
  5
300
330
70
100
AcDbEntity
  8
0
 62
     7
370
     0
100
AcDbLine
 10
1636.69289475854
 20
30.1170859738083
 30
0.0
 11
1636.69289475854
 21
46.61708597380278
 31
0.0
  0
SPLINE
  5
301
330
70
100
AcDbEntity
  8
0
 62
     7
370
     0
100
AcDbSpline
210
0.0
220
0.0
230
1.0
 70
     8
 71
     3
 72
     8
 73
     4
 74
     0
 42
0.0000000001
 43
0.0000000001
 40
0.0
 40
0.0
 40
0.0
 40
0.0
 40
1.0
 40
1.0
 40
1.0
 40
1.0
 10
1636.692894758541
 20
30.1170859738083
 30
0.0
 10
1636.692894758541
 20
29.56480122397735
 30
0.0
 10
1637.14061000871
 20
29.11708597380826
 30
0.0
 10
1637.69289475854
 20
29.11708597380826
 30
0.0
  0
LINE
  5
302
330
70
100
AcDbEntity
  8
0
 62
     7
370
     0
100
AcDbLine
 10
1636.69289475854
 20
35.11708597380912
 30
0.0
 11
1637.518452366522
 21
35.11708597380912
 31
0.0
  0
LINE
  5
303
330
70
100
AcDbEntity
  8
0
 62
     7
370
     0
100
AcDbLine
 10
1638.518452366523
 20
36.11708597380723
 30
0.0
 11
1638.518452366523
 21
39.11708597380156
 31
0.0
  0
SPLINE
  5
304
330
70
100
AcDbEntity
  8
0
 62
     7
370
     0
100
AcDbSpline
210
0.0
220
0.0
230
1.0
 70
     8
 71
     3
 72
     8
 73
     4
 74
     0
 42
0.0000000001
 43
0.0000000001
 40
0.0
 40
0.0
 40
0.0
 40
0.0
 40
1.0
 40
1.0
 40
1.0
 40
1.0
 10
1637.518452366522
 20
35.1170859738072
 30
0.0
 10
1638.070737116352
 20
35.1170859738072
 30
0.0
 10
1638.518452366522
 20
35.56480122397628
 30
0.0
 10
1638.518452366522
 20
36.11708597380723
 30
0.0
  0
LINE
  5
305
330
70
100
AcDbEntity
  8
0
 62
     7
370
     0
100
AcDbLine
 10
1637.518452366522
 20
40.11708597380994
 30
0.0
 11
1636.69289475854
 21
40.11708597380994
 31
0.0
  0
SPLINE
  5
306
330
70
100
AcDbEntity
  8
0
 62
     7
370
     0
100
AcDbSpline
210
0.0
220
0.0
230
1.0
 70
     8
 71
     3
 72
     8
 73
     4
 74
     0
 42
0.0000000001
 43
0.0000000001
 40
0.0
 40
0.0
 40
0.0
 40
0.0
 40
1.0
 40
1.0
 40
1.0
 40
1.0
 10
1638.518452366522
 20
39.11708597380156
 30
0.0
 10
1638.518452366522
 20
39.66937072363251
 30
0.0
 10
1638.070737116352
 20
40.11708597380159
 30
0.0
 10
1637.518452366522
 20
40.11708597380159
 30
0.0
  0
LINE
  5
307
330
70
100
AcDbEntity
  8
0
 62
     7
370
     0
100
AcDbLine
 10
1745.692894758539
 20
29.11708597381019
 30
0.0
 11
1745.692894758539
 21
29.11708597381019
 31
0.0
  0
SPLINE
  5
308
330
70
100
AcDbEntity
  8
0
 62
     7
370
     0
100
AcDbSpline
210
0.0
220
0.0
230
1.0
 70
     8
 71
     3
 72
     8
 73
     4
 74
     0
 42
0.0000000001
 43
0.0000000001
 40
0.0
 40
0.0
 40
0.0
 40
0.0
 40
1.0
 40
1.0
 40
1.0
 40
1.0
 10
1746.692894758539
 20
28.11708597380182
 30
0.0
 10
1746.692894758539
 20
28.66937072363277
 30
0.0
 10
1746.24517950837
 20
29.11708597380185
 30
0.0
 10
1745.692894758539
 20
29.11708597380185
 30
0.0
  0
SPLINE
  5
309
330
70
100
AcDbEntity
  8
0
 62
     7
370
     0
100
AcDbSpline
210
0.0
220
0.0
230
1.0
 70
     8
 71
     3
 72
     8
 73
     4
 74
     0
 42
0.0000000001
 43
0.0000000001
 40
0.0
 40
0.0
 40
0.0
 40
0.0
 40
1.0
 40
1.0
 40
1.0
 40
1.0
 10
1744.692894758541
 20
48.61708597380735
 30
0.0
 10
1745.245179508372
 20
48.61708597380735
 30
0.0
 10
1745.692894758541
 20
49.06480122397643
 30
0.0
 10
1745.692894758541
 20
49.61708597380738
 30
0.0
  0
LINE
  5
30A
330
70
100
AcDbEntity
  8
0
 62
     7
370
     0
100
AcDbLine
 10
1745.692894758539
 20
68.61708597380228
 30
0.0
 11
1746.69289475854
 21
68.61708597380228
 31
0.0
  0
SPLINE
  5
30B
330
70
100
AcDbEntity
  8
0
 62
     7
370
     0
100
AcDbSpline
210
0.0
220
0.0
230
1.0
 70
     8
 71
     3
 72
     8
 73
     4
 74
     0
 42
0.0000000001
 43
0.0000000001
 40
0.0
 40
0.0
 40
0.0
 40
0.0
 40
1.0
 40
1.0
 40
1.0
 40
1.0
 10
1745.692894758539
 20
47.61708597380923
 30
0.0
 10
1746.24517950837
 20
47.61708597380923
 30
0.0
 10
1746.692894758539
 20
48.06480122397832
 30
0.0
 10
1746.692894758539
 20
48.61708597380927
 30
0.0
  0
LINE
  5
30C
330
70
100
AcDbEntity
  8
0
 62
     7
370
     0
100
AcDbLine
 10
1650.692894758539
 20
29.11708597381019
 30
0.0
 11
1650.692894758539
 21
28.11708597380182
 31
0.0
  0
LINE
  5
30D
330
70
100
AcDbEntity
  8
0
 62
     7
370
     0
100
AcDbLine
 10
1650.692894758539
 20
47.61708597380089
 30
0.0
 11
1650.692894758539
 21
48.61708597380927
 31
0.0
  0
LINE
  5
30E
330
70
100
AcDbEntity
  8
0
 62
     7
370
     0
100
AcDbLine
 10
1645.692894758541
 20
47.61708597380089
 30
0.0
 11
1645.692894758541
 21
47.61708597380089
 31
0.0
  0
LINE
  5
30F
330
70
100
AcDbEntity
  8
0
 62
     7
370
     0
100
AcDbLine
 10
1645.692894758541
 20
29.11708597381019
 30
0.0
 11
1645.692894758541
 21
28.11708597380182
 31
0.0
  0
LINE
  5
310
330
70
100
AcDbEntity
  8
0
 62
     7
370
     0
100
AcDbLine
 10
1645.692894758541
 20
47.61708597380089
 30
0.0
 11
1645.692894758541
 21
48.61708597380927
 31
0.0
  0
LINE
  5
311
330
70
100
AcDbEntity
  8
0
 62
     7
370
     0
100
AcDbLine
 10
1745.692894758539
 20
8.367085973800634
 30
0.0
 11
1745.692894758539
 21
68.61708597380228
 31
0.0
  0
LINE
  5
312
330
70
100
AcDbEntity
  8
0
 62
     7
370
     0
100
AcDbLine
 10
1745.692894758539
 20
8.367085973800634
 30
0.0
 11
1746.69289475854
 21
8.367085973800634
 31
0.0
  0
LINE
  5
313
330
70
100
AcDbEntity
  8
0
 62
     7
370
     0
100
AcDbLine
 10
1746.69289475854
 20
68.61708597380228
 30
0.0
 11
1746.69289475854
 21
8.367085973800634
 31
0.0
  0
LINE
  5
314
330
70
100
AcDbEntity
  8
0
 62
     7
370
     0
100
AcDbLine
 10
1746.692894758545
 20
-75.859203069386
 30
0.0
 11
1761.692894758545
 21
-75.859203069386
 31
0.0
  0
LINE
  5
316
330
70
100
AcDbEntity
  8
PDF15_Geometry
 62
     7
370
     5
100
AcDbLine
 10
556.2546690354777
 20
349.5315688669373
 30
0.0
 11
996.2546690354791
 21
349.5285201093174
 31
0.0
  0
LINE
  5
317
330
70
100
AcDbEntity
  8
PDF15_Geometry
 62
     7
370
     5
100
AcDbLine
 10
996.2546690354791
 20
349.5285201093174
 30
0.0
 11
996.2546690354791
 21
341.7918969705085
 31
0.0
  0
LINE
  5
318
330
70
100
AcDbEntity
  8
PDF15_Geometry
 62
     7
370
     5
100
AcDbLine
 10
996.2546690354791
 20
341.7918969705085
 30
0.0
 11
996.2546690354791
 21
354.63853149908
 31
0.0
  0
LINE
  5
319
330
70
100
AcDbEntity
  8
PDF15_Geometry
 62
     7
370
     5
100
AcDbLine
 10
996.2546690354791
 20
354.63853149908
 30
0.0
 11
556.2546690354777
 21
354.6385314990595
 31
0.0
  0
LINE
  5
31A
330
70
100
AcDbEntity
  8
PDF15_Geometry
 62
     7
370
     5
100
AcDbLine
 10
556.2546690354777
 20
321.1165881377431
 30
0.0
 11
996.2546690354791
 21
321.1165881377431
 31
0.0
  0
LINE
  5
31B
330
70
100
AcDbEntity
  8
PDF15_Geometry
 62
     7
370
     5
100
AcDbLine
 10
996.2546690354791
 20
321.1165881377431
 30
0.0
 11
996.2546690354791
 21
331.5451142555208
 31
0.0
  0
LINE
  5
31C
330
70
100
AcDbEntity
  8
PDF15_Geometry
 62
     7
370
     5
100
AcDbLine
 10
996.2546690354791
 20
335.1667343576585
 30
0.0
 11
996.2546690354791
 21
325.9264821329288
 31
0.0
  0
LINE
  5
31D
330
70
100
AcDbEntity
  8
PDF15_Geometry
 62
     7
370
     5
100
AcDbLine
 10
996.2546690354791
 20
325.9497935979902
 30
0.0
 11
556.2546690354777
 21
325.9497935978875
 31
0.0
  0
LINE
  5
31E
330
70
100
AcDbEntity
  8
PDF15_Geometry
 62
     7
370
     5
100
AcDbLine
 10
996.2546690354791
 20
335.1922749771002
 30
0.0
 11
989.6550470419899
 21
335.1922749771002
 31
0.0
  0
SPLINE
  5
31F
330
70
100
AcDbEntity
  8
PDF15_Geometry
 62
     7
370
     5
100
AcDbSpline
210
0.0
220
0.0
230
1.0
 70
     8
 71
     3
 72
    14
 73
    10
 74
     0
 42
0.0000000001
 43
0.0000000001
 40
0.0
 40
0.0
 40
0.0
 40
0.0
 40
1.0
 40
1.0
 40
1.0
 40
2.0
 40
2.0
 40
2.0
 40
3.0
 40
3.0
 40
3.0
 40
3.0
 10
989.6550470419887
 20
341.7918969705107
 30
0.0
 10
987.8326117511869
 20
341.791944417996
 30
0.0
 10
986.3551975815008
 20
340.3146071758834
 30
0.0
 10
986.3551501340159
 20
338.4921718850813
 30
0.0
 10
986.3551026865303
 20
336.6697365942793
 30
0.0
 10
987.8324399286432
 20
335.1923224245935
 30
0.0
 10
989.6548752194449
 20
335.1922749771083
 30
0.0
 10
989.6549324936229
 20
335.1922749756172
 30
0.0
 10
989.6549897678109
 20
335.1922749756172
 30
0.0
 10
989.6550470419887
 20
335.1922749771083
 30
0.0
  0
LINE
  5
320
330
70
100
AcDbEntity
  8
PDF15_Geometry
 62
     7
370
     5
100
AcDbLine
 10
989.6550470419899
 20
341.7918969705085
 30
0.0
 11
996.2546690354754
 21
341.7918969705085
 31
0.0
  0
LINE
  5
321
330
70
100
AcDbEntity
  8
PDF15_Geometry
 62
     7
370
     5
100
AcDbLine
 10
556.2546690354777
 20
199.5315688669333
 30
0.0
 11
996.2546690354791
 21
199.5285201093236
 31
0.0
  0
LINE
  5
322
330
70
100
AcDbEntity
  8
PDF15_Geometry
 62
     7
370
     5
100
AcDbLine
 10
996.2546690354791
 20
199.5285201093236
 30
0.0
 11
996.2546690354791
 21
191.7918969705045
 31
0.0
  0
LINE
  5
323
330
70
100
AcDbEntity
  8
PDF15_Geometry
 62
     7
370
     5
100
AcDbLine
 10
996.2546690354791
 20
191.7918969705045
 30
0.0
 11
996.2546690354791
 21
204.638531499076
 31
0.0
  0
LINE
  5
324
330
70
100
AcDbEntity
  8
PDF15_Geometry
 62
     7
370
     5
100
AcDbLine
 10
996.2546690354791
 20
204.638531499076
 30
0.0
 11
556.2546690354789
 21
204.638531499076
 31
0.0
  0
LINE
  5
325
330
70
100
AcDbEntity
  8
PDF15_Geometry
 62
     7
370
     5
100
AcDbLine
 10
556.2546690354777
 20
171.1165881377287
 30
0.0
 11
996.2546690354791
 21
171.116588137739
 31
0.0
  0
LINE
  5
326
330
70
100
AcDbEntity
  8
PDF15_Geometry
 62
     7
370
     5
100
AcDbLine
 10
996.2546690354791
 20
171.116588137739
 30
0.0
 11
996.2546690354791
 21
181.545114255527
 31
0.0
  0
LINE
  5
327
330
70
100
AcDbEntity
  8
PDF15_Geometry
 62
     7
370
     5
100
AcDbLine
 10
996.2546690354791
 20
185.1667343576545
 30
0.0
 11
996.2546690354791
 21
175.9264821329248
 31
0.0
  0
LINE
  5
328
330
70
100
AcDbEntity
  8
PDF15_Geometry
 62
     7
370
     5
100
AcDbLine
 10
996.2546690354791
 20
175.9497935979861
 30
0.0
 11
556.2546690354777
 21
175.9497935978835
 31
0.0
  0
LINE
  5
329
330
70
100
AcDbEntity
  8
PDF15_Geometry
 62
     7
370
     5
100
AcDbLine
 10
996.2546690354791
 20
185.1922749771065
 30
0.0
 11
989.6550470419899
 21
185.1922749771065
 31
0.0
  0
SPLINE
  5
32A
330
70
100
AcDbEntity
  8
PDF15_Geometry
 62
     7
370
     5
100
AcDbSpline
210
0.0
220
0.0
230
1.0
 70
     8
 71
     3
 72
    14
 73
    10
 74
     0
 42
0.0000000001
 43
0.0000000001
 40
0.0
 40
0.0
 40
0.0
 40
0.0
 40
1.0
 40
1.0
 40
1.0
 40
2.0
 40
2.0
 40
2.0
 40
3.0
 40
3.0
 40
3.0
 40
3.0
 10
989.6550470419887
 20
191.7918969705067
 30
0.0
 10
987.8326117511869
 20
191.7919444179919
 30
0.0
 10
986.3551975815008
 20
190.314607175879
 30
0.0
 10
986.3551501340159
 20
188.4921718850773
 30
0.0
 10
986.3551026865303
 20
186.6697365942756
 30
0.0
 10
987.8324399286432
 20
185.1923224245895
 30
0.0
 10
989.6548752194449
 20
185.1922749771045
 30
0.0
 10
989.6549324936229
 20
185.1922749756132
 30
0.0
 10
989.6549897678109
 20
185.1922749756132
 30
0.0
 10
989.6550470419887
 20
185.1922749771045
 30
0.0
  0
LINE
  5
32B
330
70
100
AcDbEntity
  8
PDF15_Geometry
 62
     7
370
     5
100
AcDbLine
 10
989.6550470419899
 20
191.7918969705045
 30
0.0
 11
996.2546690354754
 21
191.7918969705045
 31
0.0
  0
LINE
  5
32C
330
70
100
AcDbEntity
  8
PDF15_Geometry
 62
     7
370
     5
100
AcDbLine
 10
556.2546690354789
 20
49.5315688669396
 30
0.0
 11
996.2546690354791
 21
49.52852010931966
 31
0.0
  0
LINE
  5
32D
330
70
100
AcDbEntity
  8
PDF15_Geometry
 62
     7
370
     5
100
AcDbLine
 10
996.2546690354791
 20
49.52852010931966
 30
0.0
 11
996.2546690354791
 21
41.79189697051072
 31
0.0
  0
LINE
  5
32E
330
70
100
AcDbEntity
  8
PDF15_Geometry
 62
     7
370
     5
100
AcDbLine
 10
996.2546690354791
 20
41.79189697051072
 30
0.0
 11
996.2546690354791
 21
54.63853149908222
 31
0.0
  0
LINE
  5
32F
330
70
100
AcDbEntity
  8
PDF15_Geometry
 62
     7
370
     5
100
AcDbLine
 10
996.2546690354791
 20
54.63853149908222
 30
0.0
 11
556.2546690354777
 21
54.63853149908222
 31
0.0
  0
LINE
  5
330
330
70
100
AcDbEntity
  8
PDF15_Geometry
 62
     7
370
     5
100
AcDbLine
 10
556.2546690354789
 20
21.11658813773502
 30
0.0
 11
996.2546690354791
 21
21.11658813773502
 31
0.0
  0
LINE
  5
331
330
70
100
AcDbEntity
  8
PDF15_Geometry
 62
     7
370
     5
100
AcDbLine
 10
996.2546690354791
 20
21.11658813773502
 30
0.0
 11
996.2546690354791
 21
31.54511425552302
 31
0.0
  0
LINE
  5
332
330
70
100
AcDbEntity
  8
PDF15_Geometry
 62
     7
370
     5
100
AcDbLine
 10
996.2546690354791
 20
35.16673435766079
 30
0.0
 11
996.2546690354791
 21
25.92648213293106
 31
0.0
  0
LINE
  5
333
330
70
100
AcDbEntity
  8
PDF15_Geometry
 62
     7
370
     5
100
AcDbLine
 10
996.2546690354791
 20
25.94979359799242
 30
0.0
 11
556.2546690354789
 21
25.94979359788974
 31
0.0
  0
LINE
  5
334
330
70
100
AcDbEntity
  8
PDF15_Geometry
 62
     7
370
     5
100
AcDbLine
 10
996.2546690354791
 20
35.19227497710246
 30
0.0
 11
989.6550470419899
 21
35.19227497710246
 31
0.0
  0
SPLINE
  5
335
330
70
100
AcDbEntity
  8
PDF15_Geometry
 62
     7
370
     5
100
AcDbSpline
210
0.0
220
0.0
230
1.0
 70
     8
 71
     3
 72
    14
 73
    10
 74
     0
 42
0.0000000001
 43
0.0000000001
 40
0.0
 40
0.0
 40
0.0
 40
0.0
 40
1.0
 40
1.0
 40
1.0
 40
2.0
 40
2.0
 40
2.0
 40
3.0
 40
3.0
 40
3.0
 40
3.0
 10
989.6550470419887
 20
41.79189697050238
 30
0.0
 10
987.8326117511869
 20
41.79194441798796
 30
0.0
 10
986.3551975815008
 20
40.31460717587506
 30
0.0
 10
986.3551501340159
 20
38.49217188507333
 30
0.0
 10
986.3551026865303
 20
36.6697365942716
 30
0.0
 10
987.8324399286432
 20
35.19232242458547
 30
0.0
 10
989.6548752194449
 20
35.19227497710053
 30
0.0
 10
989.6549324936229
 20
35.19227497560923
 30
0.0
 10
989.6549897678109
 20
35.19227497560923
 30
0.0
 10
989.6550470419887
 20
35.19227497710053
 30
0.0
  0
LINE
  5
336
330
70
100
AcDbEntity
  8
PDF15_Geometry
 62
     7
370
     5
100
AcDbLine
 10
989.6550470419899
 20
41.79189697051072
 30
0.0
 11
996.2546690354754
 21
41.79189697051072
 31
0.0
  0
LINE
  5
337
330
70
100
AcDbEntity
  8
PDF15_Geometry
 62
     2
370
     5
100
AcDbLine
 10
556.2546690354789
 20
26.22659952749758
 30
0.0
 11
556.2546690354789
 21
33.96322266629625
 31
0.0
  0
LINE
  5
338
330
70
100
AcDbEntity
  8
PDF15_Geometry
 62
     2
370
     5
100
AcDbLine
 10
556.2546690354789
 20
33.96322266629625
 30
0.0
 11
556.2546690354789
 21
21.11658813772475
 31
0.0
  0
LINE
  5
339
330
70
100
AcDbEntity
  8
PDF15_Geometry
 62
     2
370
     5
100
AcDbLine
 10
556.2546690354789
 20
40.58838527914619
 30
0.0
 11
556.2546690354777
 21
54.63853149908222
 31
0.0
  0
LINE
  5
33A
330
70
100
AcDbEntity
  8
PDF15_Geometry
 62
     2
370
     5
100
AcDbLine
 10
556.2546690354789
 20
40.56284465969425
 30
0.0
 11
562.8542910289694
 21
40.56284465969425
 31
0.0
  0
SPLINE
  5
33B
330
70
100
AcDbEntity
  8
PDF15_Geometry
 62
     2
370
     5
100
AcDbSpline
210
0.0
220
0.0
230
1.0
 70
     8
 71
     3
 72
    14
 73
    10
 74
     0
 42
0.0000000001
 43
0.0000000001
 40
0.0
 40
0.0
 40
0.0
 40
0.0
 40
1.0
 40
1.0
 40
1.0
 40
2.0
 40
2.0
 40
2.0
 40
3.0
 40
3.0
 40
3.0
 40
3.0
 10
562.8542910289707
 20
33.96322266631486
 30
0.0
 10
564.6767263197724
 20
33.96317521882928
 30
0.0
 10
566.1541404894585
 20
35.44051246094217
 30
0.0
 10
566.1541879369434
 20
37.26294775174391
 30
0.0
 10
566.154235384429
 20
39.08538304254565
 30
0.0
 10
564.6768981423162
 20
40.56279721223178
 30
0.0
 10
562.8544628515144
 20
40.56284465971671
 30
0.0
 10
562.8544055773366
 20
40.56284466120803
 30
0.0
 10
562.8543483031485
 20
40.56284466120803
 30
0.0
 10
562.8542910289707
 20
40.56284465971671
 30
0.0
  0
LINE
  5
33C
330
70
100
AcDbEntity
  8
PDF15_Geometry
 62
     2
370
     5
100
AcDbLine
 10
562.8542910289694
 20
33.96322266629625
 30
0.0
 11
556.2546690354828
 21
33.96322266629625
 31
0.0
  0
LINE
  5
33D
330
70
100
AcDbEntity
  8
PDF15_Geometry
 62
     2
370
     5
100
AcDbLine
 10
556.2546690354789
 20
176.2265995274913
 30
0.0
 11
556.2546690354789
 21
183.9632226663002
 31
0.0
  0
LINE
  5
33E
330
70
100
AcDbEntity
  8
PDF15_Geometry
 62
     2
370
     5
100
AcDbLine
 10
556.2546690354789
 20
183.9632226663002
 30
0.0
 11
556.2546690354789
 21
171.1165881377287
 31
0.0
  0
LINE
  5
33F
330
70
100
AcDbEntity
  8
PDF15_Geometry
 62
     2
370
     5
100
AcDbLine
 10
556.2546690354789
 20
190.5883852791502
 30
0.0
 11
556.2546690354777
 21
204.638531499076
 31
0.0
  0
LINE
  5
340
330
70
100
AcDbEntity
  8
PDF15_Geometry
 62
     2
370
     5
100
AcDbLine
 10
556.2546690354789
 20
190.5628446596983
 30
0.0
 11
562.8542910289694
 21
190.5628446596983
 31
0.0
  0
SPLINE
  5
341
330
70
100
AcDbEntity
  8
PDF15_Geometry
 62
     2
370
     5
100
AcDbSpline
210
0.0
220
0.0
230
1.0
 70
     8
 71
     3
 72
    14
 73
    10
 74
     0
 42
0.0000000001
 43
0.0000000001
 40
0.0
 40
0.0
 40
0.0
 40
0.0
 40
1.0
 40
1.0
 40
1.0
 40
2.0
 40
2.0
 40
2.0
 40
3.0
 40
3.0
 40
3.0
 40
3.0
 10
562.8542910289707
 20
183.9632226663086
 30
0.0
 10
564.6767263197724
 20
183.963175218823
 30
0.0
 10
566.1541404894585
 20
185.4405124609359
 30
0.0
 10
566.1541879369434
 20
187.2629477517376
 30
0.0
 10
566.154235384429
 20
189.0853830425394
 30
0.0
 10
564.6768981423162
 20
190.5627972122255
 30
0.0
 10
562.8544628515144
 20
190.5628446597108
 30
0.0
 10
562.8544055773366
 20
190.5628446612018
 30
0.0
 10
562.8543483031485
 20
190.5628446612018
 30
0.0
 10
562.8542910289707
 20
190.5628446597108
 30
0.0
  0
LINE
  5
342
330
70
100
AcDbEntity
  8
PDF15_Geometry
 62
     2
370
     5
100
AcDbLine
 10
562.8542910289694
 20
183.9632226663002
 30
0.0
 11
556.2546690354828
 21
183.9632226663002
 31
0.0
  0
LINE
  5
343
330
70
100
AcDbEntity
  8
PDF15_Geometry
 62
     2
370
     5
100
AcDbLine
 10
556.2546690354789
 20
326.2265995274954
 30
0.0
 11
556.2546690354789
 21
333.9632226663145
 31
0.0
  0
LINE
  5
344
330
70
100
AcDbEntity
  8
PDF15_Geometry
 62
     2
370
     5
100
AcDbLine
 10
556.2546690354789
 20
333.9632226663145
 30
0.0
 11
556.2546690354789
 21
321.1165881377431
 31
0.0
  0
LINE
  5
345
330
70
100
AcDbEntity
  8
PDF15_Geometry
 62
     2
370
     5
100
AcDbLine
 10
556.2546690354789
 20
340.5883852791439
 30
0.0
 11
556.2546690354777
 21
354.63853149908
 31
0.0
  0
LINE
  5
346
330
70
100
AcDbEntity
  8
PDF15_Geometry
 62
     2
370
     5
100
AcDbLine
 10
556.2546690354789
 20
340.5628446597126
 30
0.0
 11
562.8542910289694
 21
340.5628446597126
 31
0.0
  0
SPLINE
  5
347
330
70
100
AcDbEntity
  8
PDF15_Geometry
 62
     2
370
     5
100
AcDbSpline
210
0.0
220
0.0
230
1.0
 70
     8
 71
     3
 72
    14
 73
    10
 74
     0
 42
0.0000000001
 43
0.0000000001
 40
0.0
 40
0.0
 40
0.0
 40
0.0
 40
1.0
 40
1.0
 40
1.0
 40
2.0
 40
2.0
 40
2.0
 40
3.0
 40
3.0
 40
3.0
 40
3.0
 10
562.8542910289707
 20
333.9632226663123
 30
0.0
 10
564.6767263197724
 20
333.963175218827
 30
0.0
 10
566.1541404894585
 20
335.4405124609396
 30
0.0
 10
566.1541879369434
 20
337.2629477517417
 30
0.0
 10
566.154235384429
 20
339.0853830425437
 30
0.0
 10
564.6768981423162
 20
340.5627972122295
 30
0.0
 10
562.8544628515144
 20
340.5628446597148
 30
0.0
 10
562.8544055773366
 20
340.5628446612058
 30
0.0
 10
562.8543483031485
 20
340.5628446612058
 30
0.0
 10
562.8542910289707
 20
340.5628446597148
 30
0.0
  0
LINE
  5
348
330
70
100
AcDbEntity
  8
PDF15_Geometry
 62
     2
370
     5
100
AcDbLine
 10
562.8542910289694
 20
333.9632226663145
 30
0.0
 11
556.2546690354828
 21
333.9632226663145
 31
0.0
  0
SPLINE
  5
34A
330
70
100
AcDbEntity
  8
015
 62
     2
370
     0
100
AcDbSpline
210
0.0
220
0.0
230
1.0
 70
     9
 71
     3
 72
    65
 73
    61
 74
     0
 42
0.0000000001
 43
0.0000000001
 40
0.0
 40
0.0
 40
0.0
 40
0.0
 40
1.0
 40
1.0
 40
1.0
 40
2.0
 40
2.0
 40
2.0
 40
3.0
 40
3.0
 40
3.0
 40
4.0
 40
4.0
 40
4.0
 40
5.0
 40
5.0
 40
5.0
 40
6.0
 40
6.0
 40
6.0
 40
7.0
 40
7.0
 40
7.0
 40
8.0
 40
8.0
 40
8.0
 40
9.0
 40
9.0
 40
9.0
 40
10.0
 40
10.0
 40
10.0
 40
11.0
 40
11.0
 40
11.0
 40
12.0
 40
12.0
 40
12.0
 40
13.0
 40
13.0
 40
13.0
 40
14.0
 40
14.0
 40
14.0
 40
15.0
 40
15.0
 40
15.0
 40
16.0
 40
16.0
 40
16.0
 40
17.0
 40
17.0
 40
17.0
 40
18.0
 40
18.0
 40
18.0
 40
19.0
 40
19.0
 40
19.0
 40
20.0
 40
20.0
 40
20.0
 40
20.0
 10
1634.692894758541
 20
177.4904941830948
 30
0.0
 10
1634.692894758541
 20
177.4904941830948
 30
0.0
 10
1634.692894758541
 20
200.490494183095
 30
0.0
 10
1634.692894758541
 20
200.490494183095
 30
0.0
 10
1634.692894758548
 20
201.0427789329128
 30
0.0
 10
1634.24517950839
 20
201.4904941830838
 30
0.0
 10
1633.692894758565
 20
201.4904941830918
 30
0.0
 10
1633.692894758565
 20
201.4904941830918
 30
0.0
 10
1630.69289475854
 20
201.4904941830905
 30
0.0
 10
1630.69289475854
 20
201.4904941830905
 30
0.0
 10
1629.588325258881
 20
201.4904941830899
 30
0.0
 10
1628.692894758546
 20
202.3859246834274
 30
0.0
 10
1628.692894758546
 20
203.4904941830867
 30
0.0
 10
1628.692894758546
 20
203.4904941830867
 30
0.0
 10
1628.69289475854
 20
206.4904941830868
 30
0.0
 10
1628.69289475854
 20
206.4904941830868
 30
0.0
 10
1628.69289475854
 20
206.4904941830868
 30
0.0
 10
1629.692894758539
 20
206.4904941830913
 30
0.0
 10
1629.692894758539
 20
206.4904941830913
 30
0.0
 10
1629.692894758539
 20
206.4904941830913
 30
0.0
 10
1629.69289475854
 20
203.4904941830912
 30
0.0
 10
1629.69289475854
 20
203.4904941830912
 30
0.0
 10
1629.692894758531
 20
202.9382094332663
 30
0.0
 10
1630.140610008689
 20
202.4904941830953
 30
0.0
 10
1630.692894758514
 20
202.4904941830873
 30
0.0
 10
1630.692894758514
 20
202.4904941830873
 30
0.0
 10
1633.692894758541
 20
202.4904941830886
 30
0.0
 10
1633.692894758541
 20
202.4904941830886
 30
0.0
 10
1634.7974642582
 20
202.4904941830893
 30
0.0
 10
1635.692894758535
 20
201.5950636827517
 30
0.0
 10
1635.692894758535
 20
200.4904941830924
 30
0.0
 10
1635.692894758535
 20
200.4904941830924
 30
0.0
 10
1635.692894758539
 20
177.4904941830922
 30
0.0
 10
1635.692894758539
 20
177.4904941830922
 30
0.0
 10
1635.692894758538
 20
176.3859246834271
 30
0.0
 10
1634.797464258198
 20
175.4904941830896
 30
0.0
 10
1633.692894758535
 20
175.4904941830896
 30
0.0
 10
1633.692894758535
 20
175.4904941830896
 30
0.0
 10
1630.69289475854
 20
175.4904941830883
 30
0.0
 10
1630.69289475854
 20
175.4904941830883
 30
0.0
 10
1630.140610008705
 20
175.4904941830857
 30
0.0
 10
1629.692894758543
 20
175.0427789329231
 30
0.0
 10
1629.692894758543
 20
174.4904941831004
 30
0.0
 10
1629.692894758543
 20
174.4904941831004
 30
0.0
 10
1629.69289475854
 20
171.4904941830901
 30
0.0
 10
1629.69289475854
 20
171.4904941830901
 30
0.0
 10
1629.69289475854
 20
171.4904941830901
 30
0.0
 10
1628.69289475854
 20
171.4904941830958
 30
0.0
 10
1628.69289475854
 20
171.4904941830958
 30
0.0
 10
1628.69289475854
 20
171.4904941830958
 30
0.0
 10
1628.69289475854
 20
174.4904941830959
 30
0.0
 10
1628.69289475854
 20
174.4904941830959
 30
0.0
 10
1628.692894758543
 20
175.5950636827579
 30
0.0
 10
1629.588325258884
 20
176.4904941830954
 30
0.0
 10
1630.692894758546
 20
176.4904941830954
 30
0.0
 10
1630.692894758546
 20
176.4904941830954
 30
0.0
 10
1633.692894758541
 20
176.4904941830864
 30
0.0
 10
1633.692894758541
 20
176.4904941830864
 30
0.0
 10
1634.245179508373
 20
176.490494183089
 30
0.0
 10
1634.692894758536
 20
176.9382094332516
 30
0.0
 10
1634.692894758541
 20
177.4904941830948
 30
0.0
  0
LWPOLYLINE
  5
34B
330
70
100
AcDbEntity
  8
015
100
AcDbPolyline
 90
       20
 70
     1
 43
0.0
 10
1633.692894758543
 20
176.4904941830864
 10
1630.692894758541
 20
176.4904941830864
 10
1628.692894758542
 20
174.4904941830902
 10
1628.692894758542
 20
171.4904941830958
 10
1629.692894758543
 20
171.4904941830958
 10
1629.692894758543
 20
174.4904941830902
 10
1630.692894758541
 20
175.4904941830883
 10
1633.692894758543
 20
175.4904941830883
 10
1635.692894758542
 20
177.4904941830948
 10
1635.692894758542
 20
200.4904941830924
 10
1633.692894758543
 20
202.4904941830886
 10
1630.692894758541
 20
202.4904941830886
 10
1629.692894758543
 20
203.4904941830867
 10
1629.692894758543
 20
206.4904941830913
 10
1628.692894758542
 20
206.4904941830913
 10
1628.692894758542
 20
203.4904941830867
 10
1630.692894758541
 20
201.4904941830905
 10
1633.692894758543
 20
201.4904941830905
 10
1634.692894758541
 20
200.4904941830924
 10
1634.692894758541
 20
177.4904941830948
  0
HATCH
  5
34C
330
70
100
AcDbEntity
  8
015
 62
     1
440
 33554687
100
AcDbHatch
 10
0.0
 20
0.0
 30
0.0
210
0.0
220
0.0
230
1.0
  2
SOLID
 70
     1
 71
     1
 91
        1
 92
        1
 93
       20
 72
     1
 10
1633.692894758543
 20
176.4904941830864
 11
1630.692894758541
 21
176.4904941830864
 72
     1
 10
1630.692894758541
 20
176.4904941830864
 11
1628.692894758542
 21
174.4904941830902
 72
     1
 10
1628.692894758542
 20
174.4904941830902
 11
1628.692894758542
 21
171.4904941830958
 72
     1
 10
1628.692894758542
 20
171.4904941830958
 11
1629.692894758543
 21
171.4904941830958
 72
     1
 10
1629.692894758543
 20
171.4904941830958
 11
1629.692894758543
 21
174.4904941830902
 72
     1
 10
1629.692894758543
 20
174.4904941830902
 11
1630.692894758541
 21
175.4904941830883
 72
     1
 10
1630.692894758541
 20
175.4904941830883
 11
1633.692894758543
 21
175.4904941830883
 72
     1
 10
1633.692894758543
 20
175.4904941830883
 11
1635.692894758542
 21
177.4904941830948
 72
     1
 10
1635.692894758542
 20
177.4904941830948
 11
1635.692894758542
 21
200.4904941830924
 72
     1
 10
1635.692894758542
 20
200.4904941830924
 11
1633.692894758543
 21
202.4904941830886
 72
     1
 10
1633.692894758543
 20
202.4904941830886
 11
1630.692894758541
 21
202.4904941830886
 72
     1
 10
1630.692894758541
 20
202.4904941830886
 11
1629.692894758543
 21
203.4904941830867
 72
     1
 10
1629.692894758543
 20
203.4904941830867
 11
1629.692894758543
 21
206.4904941830913
 72
     1
 10
1629.692894758543
 20
206.4904941830913
 11
1628.692894758542
 21
206.4904941830913
 72
     1
 10
1628.692894758542
 20
206.4904941830913
 11
1628.692894758542
 21
203.4904941830867
 72
     1
 10
1628.692894758542
 20
203.4904941830867
 11
1630.692894758541
 21
201.4904941830905
 72
     1
 10
1630.692894758541
 20
201.4904941830905
 11
1633.692894758543
 21
201.4904941830905
 72
     1
 10
1633.692894758543
 20
201.4904941830905
 11
1634.692894758541
 21
200.4904941830924
 72
     1
 10
1634.692894758541
 20
200.4904941830924
 11
1634.692894758541
 21
177.4904941830948
 72
     1
 10
1634.692894758541
 20
177.4904941830948
 11
1633.692894758543
 21
176.4904941830864
 97
        1
330
34B
 75
     0
 76
     1
 98
        1
 10
0.0
 20
0.0
450
        0
451
        0
460
0.0
461
0.0
452
        0
462
0.0
453
        0
470

  0
SPLINE
  5
34D
330
70
100
AcDbEntity
  8
015
 62
     2
370
     0
100
AcDbSpline
210
0.0
220
0.0
230
1.0
 70
     9
 71
     3
 72
    65
 73
    61
 74
     0
 42
0.0000000001
 43
0.0000000001
 40
0.0
 40
0.0
 40
0.0
 40
0.0
 40
1.0
 40
1.0
 40
1.0
 40
2.0
 40
2.0
 40
2.0
 40
3.0
 40
3.0
 40
3.0
 40
4.0
 40
4.0
 40
4.0
 40
5.0
 40
5.0
 40
5.0
 40
6.0
 40
6.0
 40
6.0
 40
7.0
 40
7.0
 40
7.0
 40
8.0
 40
8.0
 40
8.0
 40
9.0
 40
9.0
 40
9.0
 40
10.0
 40
10.0
 40
10.0
 40
11.0
 40
11.0
 40
11.0
 40
12.0
 40
12.0
 40
12.0
 40
13.0
 40
13.0
 40
13.0
 40
14.0
 40
14.0
 40
14.0
 40
15.0
 40
15.0
 40
15.0
 40
16.0
 40
16.0
 40
16.0
 40
17.0
 40
17.0
 40
17.0
 40
18.0
 40
18.0
 40
18.0
 40
19.0
 40
19.0
 40
19.0
 40
20.0
 40
20.0
 40
20.0
 40
20.0
 10
1634.692894758541
 20
327.4904941830885
 30
0.0
 10
1634.692894758541
 20
327.4904941830885
 30
0.0
 10
1634.692894758541
 20
350.4904941830887
 30
0.0
 10
1634.692894758541
 20
350.4904941830887
 30
0.0
 10
1634.692894758548
 20
351.0427789329168
 30
0.0
 10
1634.24517950839
 20
351.4904941830878
 30
0.0
 10
1633.692894758565
 20
351.4904941830958
 30
0.0
 10
1633.692894758565
 20
351.4904941830958
 30
0.0
 10
1630.69289475854
 20
351.4904941830945
 30
0.0
 10
1630.69289475854
 20
351.4904941830945
 30
0.0
 10
1629.588325258881
 20
351.4904941830939
 30
0.0
 10
1628.692894758546
 20
352.3859246834314
 30
0.0
 10
1628.692894758546
 20
353.4904941830907
 30
0.0
 10
1628.692894758546
 20
353.4904941830907
 30
0.0
 10
1628.69289475854
 20
356.4904941830909
 30
0.0
 10
1628.69289475854
 20
356.4904941830909
 30
0.0
 10
1628.69289475854
 20
356.4904941830909
 30
0.0
 10
1629.692894758539
 20
356.4904941830953
 30
0.0
 10
1629.692894758539
 20
356.4904941830953
 30
0.0
 10
1629.692894758539
 20
356.4904941830953
 30
0.0
 10
1629.69289475854
 20
353.4904941830952
 30
0.0
 10
1629.69289475854
 20
353.4904941830952
 30
0.0
 10
1629.692894758531
 20
352.9382094332701
 30
0.0
 10
1630.140610008689
 20
352.4904941830994
 30
0.0
 10
1630.692894758514
 20
352.4904941830913
 30
0.0
 10
1630.692894758514
 20
352.4904941830913
 30
0.0
 10
1633.692894758541
 20
352.4904941830926
 30
0.0
 10
1633.692894758541
 20
352.4904941830926
 30
0.0
 10
1634.7974642582
 20
352.490494183083
 30
0.0
 10
1635.692894758535
 20
351.5950636827455
 30
0.0
 10
1635.692894758535
 20
350.4904941830861
 30
0.0
 10
1635.692894758535
 20
350.4904941830861
 30
0.0
 10
1635.692894758539
 20
327.490494183086
 30
0.0
 10
1635.692894758539
 20
327.490494183086
 30
0.0
 10
1635.692894758538
 20
326.3859246834205
 30
0.0
 10
1634.797464258198
 20
325.490494183083
 30
0.0
 10
1633.692894758535
 20
325.490494183083
 30
0.0
 10
1633.692894758535
 20
325.490494183083
 30
0.0
 10
1630.69289475854
 20
325.4904941830923
 30
0.0
 10
1630.69289475854
 20
325.4904941830923
 30
0.0
 10
1630.140610008705
 20
325.4904941830897
 30
0.0
 10
1629.692894758543
 20
325.0427789329271
 30
0.0
 10
1629.692894758543
 20
324.4904941831045
 30
0.0
 10
1629.692894758543
 20
324.4904941831045
 30
0.0
 10
1629.69289475854
 20
321.4904941830941
 30
0.0
 10
1629.69289475854
 20
321.4904941830941
 30
0.0
 10
1629.69289475854
 20
321.4904941830941
 30
0.0
 10
1628.69289475854
 20
321.4904941830896
 30
0.0
 10
1628.69289475854
 20
321.4904941830896
 30
0.0
 10
1628.69289475854
 20
321.4904941830896
 30
0.0
 10
1628.69289475854
 20
324.4904941830897
 30
0.0
 10
1628.69289475854
 20
324.4904941830897
 30
0.0
 10
1628.692894758543
 20
325.5950636827622
 30
0.0
 10
1629.588325258884
 20
326.4904941830997
 30
0.0
 10
1630.692894758546
 20
326.4904941830997
 30
0.0
 10
1630.692894758546
 20
326.4904941830997
 30
0.0
 10
1633.692894758541
 20
326.4904941830904
 30
0.0
 10
1633.692894758541
 20
326.4904941830904
 30
0.0
 10
1634.245179508373
 20
326.490494183093
 30
0.0
 10
1634.692894758536
 20
326.9382094332557
 30
0.0
 10
1634.692894758541
 20
327.4904941830885
 30
0.0
  0
LWPOLYLINE
  5
34E
330
70
100
AcDbEntity
  8
015
100
AcDbPolyline
 90
       20
 70
     1
 43
0.0
 10
1633.692894758543
 20
326.4904941830904
 10
1630.692894758541
 20
326.4904941830904
 10
1628.692894758542
 20
324.4904941830942
 10
1628.692894758542
 20
321.4904941830896
 10
1629.692894758543
 20
321.4904941830896
 10
1629.692894758543
 20
324.4904941830942
 10
1630.692894758541
 20
325.4904941830923
 10
1633.692894758543
 20
325.4904941830923
 10
1635.692894758542
 20
327.4904941830885
 10
1635.692894758542
 20
350.4904941830861
 10
1633.692894758543
 20
352.4904941830926
 10
1630.692894758541
 20
352.4904941830926
 10
1629.692894758543
 20
353.4904941830907
 10
1629.692894758543
 20
356.4904941830953
 10
1628.692894758542
 20
356.4904941830953
 10
1628.692894758542
 20
353.4904941830907
 10
1630.692894758541
 20
351.4904941830945
 10
1633.692894758543
 20
351.4904941830945
 10
1634.692894758541
 20
350.4904941830861
 10
1634.692894758541
 20
327.4904941830885
  0
HATCH
  5
34F
330
70
100
AcDbEntity
  8
015
 62
     1
440
 33554687
100
AcDbHatch
 10
0.0
 20
0.0
 30
0.0
210
0.0
220
0.0
230
1.0
  2
SOLID
 70
     1
 71
     1
 91
        1
 92
        1
 93
       20
 72
     1
 10
1633.692894758543
 20
326.4904941830904
 11
1630.692894758541
 21
326.4904941830904
 72
     1
 10
1630.692894758541
 20
326.4904941830904
 11
1628.692894758542
 21
324.4904941830942
 72
     1
 10
1628.692894758542
 20
324.4904941830942
 11
1628.692894758542
 21
321.4904941830896
 72
     1
 10
1628.692894758542
 20
321.4904941830896
 11
1629.692894758543
 21
321.4904941830896
 72
     1
 10
1629.692894758543
 20
321.4904941830896
 11
1629.692894758543
 21
324.4904941830942
 72
     1
 10
1629.692894758543
 20
324.4904941830942
 11
1630.692894758541
 21
325.4904941830923
 72
     1
 10
1630.692894758541
 20
325.4904941830923
 11
1633.692894758543
 21
325.4904941830923
 72
     1
 10
1633.692894758543
 20
325.4904941830923
 11
1635.692894758542
 21
327.4904941830885
 72
     1
 10
1635.692894758542
 20
327.4904941830885
 11
1635.692894758542
 21
350.4904941830861
 72
     1
 10
1635.692894758542
 20
350.4904941830861
 11
1633.692894758543
 21
352.4904941830926
 72
     1
 10
1633.692894758543
 20
352.4904941830926
 11
1630.692894758541
 21
352.4904941830926
 72
     1
 10
1630.692894758541
 20
352.4904941830926
 11
1629.692894758543
 21
353.4904941830907
 72
     1
 10
1629.692894758543
 20
353.4904941830907
 11
1629.692894758543
 21
356.4904941830953
 72
     1
 10
1629.692894758543
 20
356.4904941830953
 11
1628.692894758542
 21
356.4904941830953
 72
     1
 10
1628.692894758542
 20
356.4904941830953
 11
1628.692894758542
 21
353.4904941830907
 72
     1
 10
1628.692894758542
 20
353.4904941830907
 11
1630.692894758541
 21
351.4904941830945
 72
     1
 10
1630.692894758541
 20
351.4904941830945
 11
1633.692894758543
 21
351.4904941830945
 72
     1
 10
1633.692894758543
 20
351.4904941830945
 11
1634.692894758541
 21
350.4904941830861
 72
     1
 10
1634.692894758541
 20
350.4904941830861
 11
1634.692894758541
 21
327.4904941830885
 72
     1
 10
1634.692894758541
 20
327.4904941830885
 11
1633.692894758543
 21
326.4904941830904
 97
        1
330
34E
 75
     0
 76
     1
 98
        1
 10
0.0
 20
0.0
450
        0
451
        0
460
0.0
461
0.0
452
        0
462
0.0
453
        0
470

  0
SPLINE
  5
350
330
70
100
AcDbEntity
  8
015
 62
     2
370
     0
100
AcDbSpline
210
0.0
220
0.0
230
1.0
 70
     9
 71
     3
 72
    65
 73
    61
 74
     0
 42
0.0000000001
 43
0.0000000001
 40
0.0
 40
0.0
 40
0.0
 40
0.0
 40
1.0
 40
1.0
 40
1.0
 40
2.0
 40
2.0
 40
2.0
 40
3.0
 40
3.0
 40
3.0
 40
4.0
 40
4.0
 40
4.0
 40
5.0
 40
5.0
 40
5.0
 40
6.0
 40
6.0
 40
6.0
 40
7.0
 40
7.0
 40
7.0
 40
8.0
 40
8.0
 40
8.0
 40
9.0
 40
9.0
 40
9.0
 40
10.0
 40
10.0
 40
10.0
 40
11.0
 40
11.0
 40
11.0
 40
12.0
 40
12.0
 40
12.0
 40
13.0
 40
13.0
 40
13.0
 40
14.0
 40
14.0
 40
14.0
 40
15.0
 40
15.0
 40
15.0
 40
16.0
 40
16.0
 40
16.0
 40
17.0
 40
17.0
 40
17.0
 40
18.0
 40
18.0
 40
18.0
 40
19.0
 40
19.0
 40
19.0
 40
20.0
 40
20.0
 40
20.0
 40
20.0
 10
1634.692894758541
 20
27.49049418309078
 30
0.0
 10
1634.692894758541
 20
27.49049418309078
 30
0.0
 10
1634.692894758541
 20
50.49049418309095
 30
0.0
 10
1634.692894758541
 20
50.49049418309095
 30
0.0
 10
1634.692894758548
 20
51.04277893291934
 30
0.0
 10
1634.24517950839
 20
51.4904941830897
 30
0.0
 10
1633.692894758565
 20
51.49049418309804
 30
0.0
 10
1633.692894758565
 20
51.49049418309804
 30
0.0
 10
1630.69289475854
 20
51.49049418308649
 30
0.0
 10
1630.69289475854
 20
51.49049418308649
 30
0.0
 10
1629.588325258881
 20
51.49049418309612
 30
0.0
 10
1628.692894758546
 20
52.38592468343363
 30
0.0
 10
1628.692894758546
 20
53.49049418309299
 30
0.0
 10
1628.692894758546
 20
53.49049418309299
 30
0.0
 10
1628.69289475854
 20
56.49049418309309
 30
0.0
 10
1628.69289475854
 20
56.49049418309309
 30
0.0
 10
1628.69289475854
 20
56.49049418309309
 30
0.0
 10
1629.692894758539
 20
56.49049418308731
 30
0.0
 10
1629.692894758539
 20
56.49049418308731
 30
0.0
 10
1629.692894758539
 20
56.49049418308731
 30
0.0
 10
1629.69289475854
 20
53.4904941830872
 30
0.0
 10
1629.69289475854
 20
53.4904941830872
 30
0.0
 10
1629.692894758531
 20
52.93820943326203
 30
0.0
 10
1630.140610008689
 20
52.49049418309166
 30
0.0
 10
1630.692894758514
 20
52.49049418308332
 30
0.0
 10
1630.692894758514
 20
52.49049418308332
 30
0.0
 10
1633.692894758541
 20
52.49049418309487
 30
0.0
 10
1633.692894758541
 20
52.49049418309487
 30
0.0
 10
1634.7974642582
 20
52.49049418308525
 30
0.0
 10
1635.692894758535
 20
51.59506368274772
 30
0.0
 10
1635.692894758535
 20
50.49049418308839
 30
0.0
 10
1635.692894758535
 20
50.49049418308839
 30
0.0
 10
1635.692894758539
 20
27.49049418308822
 30
0.0
 10
1635.692894758539
 20
27.49049418308822
 30
0.0
 10
1635.692894758538
 20
26.3859246834231
 30
0.0
 10
1634.797464258198
 20
25.49049418308558
 30
0.0
 10
1633.692894758535
 20
25.49049418308558
 30
0.0
 10
1633.692894758535
 20
25.49049418308558
 30
0.0
 10
1630.69289475854
 20
25.49049418309456
 30
0.0
 10
1630.69289475854
 20
25.49049418309456
 30
0.0
 10
1630.140610008705
 20
25.490494183092
 30
0.0
 10
1629.692894758543
 20
25.04277893292933
 30
0.0
 10
1629.692894758543
 20
24.49049418310672
 30
0.0
 10
1629.692894758543
 20
24.49049418310672
 30
0.0
 10
1629.69289475854
 20
21.49049418308608
 30
0.0
 10
1629.69289475854
 20
21.49049418308608
 30
0.0
 10
1629.69289475854
 20
21.49049418308608
 30
0.0
 10
1628.69289475854
 20
21.49049418309186
 30
0.0
 10
1628.69289475854
 20
21.49049418309186
 30
0.0
 10
1628.69289475854
 20
21.49049418309186
 30
0.0
 10
1628.69289475854
 20
24.49049418309196
 30
0.0
 10
1628.69289475854
 20
24.49049418309196
 30
0.0
 10
1628.692894758543
 20
25.59506368275387
 30
0.0
 10
1629.588325258884
 20
26.49049418309139
 30
0.0
 10
1630.692894758546
 20
26.49049418309139
 30
0.0
 10
1630.692894758546
 20
26.49049418309139
 30
0.0
 10
1633.692894758541
 20
26.49049418309267
 30
0.0
 10
1633.692894758541
 20
26.49049418309267
 30
0.0
 10
1634.245179508373
 20
26.49049418309524
 30
0.0
 10
1634.692894758536
 20
26.9382094332579
 30
0.0
 10
1634.692894758541
 20
27.49049418309078
 30
0.0
  0
LWPOLYLINE
  5
351
330
70
100
AcDbEntity
  8
015
100
AcDbPolyline
 90
       20
 70
     1
 43
0.0
 10
1633.692894758543
 20
26.49049418309267
 10
1630.692894758541
 20
26.49049418309267
 10
1628.692894758542
 20
24.49049418308618
 10
1628.692894758542
 20
21.49049418309186
 10
1629.692894758543
 20
21.49049418309186
 10
1629.692894758543
 20
24.49049418308618
 10
1630.692894758541
 20
25.49049418309456
 10
1633.692894758543
 20
25.49049418309456
 10
1635.692894758542
 20
27.49049418309078
 10
1635.692894758542
 20
50.49049418308839
 10
1633.692894758543
 20
52.49049418309487
 10
1630.692894758541
 20
52.49049418309487
 10
1629.692894758543
 20
53.49049418309299
 10
1629.692894758543
 20
56.49049418308731
 10
1628.692894758542
 20
56.49049418308731
 10
1628.692894758542
 20
53.49049418309299
 10
1630.692894758541
 20
51.49049418308649
 10
1633.692894758543
 20
51.49049418308649
 10
1634.692894758541
 20
50.49049418308839
 10
1634.692894758541
 20
27.49049418309078
  0
HATCH
  5
352
330
70
100
AcDbEntity
  8
015
 62
     1
440
 33554687
100
AcDbHatch
 10
0.0
 20
0.0
 30
0.0
210
0.0
220
0.0
230
1.0
  2
SOLID
 70
     1
 71
     1
 91
        1
 92
        1
 93
       20
 72
     1
 10
1633.692894758543
 20
26.49049418309267
 11
1630.692894758541
 21
26.49049418309267
 72
     1
 10
1630.692894758541
 20
26.49049418309267
 11
1628.692894758542
 21
24.49049418308618
 72
     1
 10
1628.692894758542
 20
24.49049418308618
 11
1628.692894758542
 21
21.49049418309186
 72
     1
 10
1628.692894758542
 20
21.49049418309186
 11
1629.692894758543
 21
21.49049418309186
 72
     1
 10
1629.692894758543
 20
21.49049418309186
 11
1629.692894758543
 21
24.49049418308618
 72
     1
 10
1629.692894758543
 20
24.49049418308618
 11
1630.692894758541
 21
25.49049418309456
 72
     1
 10
1630.692894758541
 20
25.49049418309456
 11
1633.692894758543
 21
25.49049418309456
 72
     1
 10
1633.692894758543
 20
25.49049418309456
 11
1635.692894758542
 21
27.49049418309078
 72
     1
 10
1635.692894758542
 20
27.49049418309078
 11
1635.692894758542
 21
50.49049418308839
 72
     1
 10
1635.692894758542
 20
50.49049418308839
 11
1633.692894758543
 21
52.49049418309487
 72
     1
 10
1633.692894758543
 20
52.49049418309487
 11
1630.692894758541
 21
52.49049418309487
 72
     1
 10
1630.692894758541
 20
52.49049418309487
 11
1629.692894758543
 21
53.49049418309299
 72
     1
 10
1629.692894758543
 20
53.49049418309299
 11
1629.692894758543
 21
56.49049418308731
 72
     1
 10
1629.692894758543
 20
56.49049418308731
 11
1628.692894758542
 21
56.49049418308731
 72
     1
 10
1628.692894758542
 20
56.49049418308731
 11
1628.692894758542
 21
53.49049418309299
 72
     1
 10
1628.692894758542
 20
53.49049418309299
 11
1630.692894758541
 21
51.49049418308649
 72
     1
 10
1630.692894758541
 20
51.49049418308649
 11
1633.692894758543
 21
51.49049418308649
 72
     1
 10
1633.692894758543
 20
51.49049418308649
 11
1634.692894758541
 21
50.49049418308839
 72
     1
 10
1634.692894758541
 20
50.49049418308839
 11
1634.692894758541
 21
27.49049418309078
 72
     1
 10
1634.692894758541
 20
27.49049418309078
 11
1633.692894758543
 21
26.49049418309267
 97
        1
330
351
 75
     0
 76
     1
 98
        1
 10
0.0
 20
0.0
450
        0
451
        0
460
0.0
461
0.0
452
        0
462
0.0
453
        0
470

  0
ENDSEC
  0
SECTION
  2
OBJECTS
  0
DICTIONARY
  5
C
330
0
100
AcDbDictionary
281
     1
  3
ACAD_COLOR
350
63
  3
ACAD_DETAILVIEWSTYLE
350
6A
  3
ACAD_GROUP
350
D
  3
ACAD_LAYOUT
350
62
  3
ACAD_MATERIAL
350
10
  3
ACAD_MLEADERSTYLE
350
66
  3
ACAD_MLINESTYLE
350
5F
  3
ACAD_PLOTSETTINGS
350
61
  3
ACAD_PLOTSTYLENAME
350
E
  3
ACAD_SCALELIST
350
42
  3
ACAD_SECTIONVIEWSTYLE
350
68
  3
ACAD_TABLESTYLE
350
64
  3
ACAD_VISUALSTYLE
350
29
  3
ACDB_RECOMPOSE_DATA
350
35B
  3
AcDbVariableDictionary
350
353
  0
DICTIONARY
  5
63
102
{ACAD_REACTORS
330
C
102
}
330
C
100
AcDbDictionary
281
     1
  0
DICTIONARY
  5
6A
102
{ACAD_REACTORS
330
C
102
}
330
C
100
AcDbDictionary
281
     1
  3
Imperial24
350
6B
  0
DICTIONARY
  5
D
102
{ACAD_REACTORS
330
C
102
}
330
C
100
AcDbDictionary
281
     1
  0
DICTIONARY
  5
62
102
{ACAD_REACTORS
330
C
102
}
330
C
100
AcDbDictionary
281
     1
  3
Layout1
350
6F
  3
Layout2
350
77
  3
Model
350
73
  0
DICTIONARY
  5
10
102
{ACAD_REACTORS
330
C
102
}
330
C
100
AcDbDictionary
281
     1
  3
ByBlock
350
19
  3
ByLayer
350
11
  3
Global
350
21
  0
DICTIONARY
  5
66
102
{ACAD_REACTORS
330
C
102
}
330
C
100
AcDbDictionary
281
     1
  3
Standard
350
67
  0
DICTIONARY
  5
5F
102
{ACAD_REACTORS
330
C
102
}
330
C
100
AcDbDictionary
281
     1
  3
Standard
350
60
  0
DICTIONARY
  5
61
102
{ACAD_REACTORS
330
C
102
}
330
C
100
AcDbDictionary
281
     1
  0
ACDBDICTIONARYWDFLT
  5
E
102
{ACAD_REACTORS
330
C
102
}
330
C
100
AcDbDictionary
281
     1
  3
Normal
350
F
100
AcDbDictionaryWithDefault
340
F
  0
DICTIONARY
  5
42
102
{ACAD_REACTORS
330
C
102
}
330
C
100
AcDbDictionary
281
     1
  3
A0
350
43
  3
A1
350
44
  3
A2
350
45
  3
A3
350
46
  3
A4
350
47
  3
A5
350
48
  3
A6
350
49
  3
A7
350
4A
  3
A8
350
4B
  3
A9
350
4C
  3
B0
350
4D
  3
B1
350
4E
  3
B2
350
4F
  3
B3
350
50
  3
B4
350
51
  3
B5
350
52
  3
B6
350
53
  0
DICTIONARY
  5
68
102
{ACAD_REACTORS
330
C
102
}
330
C
100
AcDbDictionary
281
     1
  3
Imperial24
350
69
  0
DICTIONARY
  5
64
102
{ACAD_REACTORS
330
C
102
}
330
C
100
AcDbDictionary
281
     1
  3
Standard
350
65
  0
DICTIONARY
  5
29
102
{ACAD_REACTORS
330
C
102
}
330
C
100
AcDbDictionary
281
     1
  3
2dWireframe
350
2F
  3
Basic
350
2E
  3
Brighten
350
35
  3
ColorChange
350
39
  3
Conceptual
350
32
  3
Dim
350
34
  3
EdgeColorOff
350
41
  3
Facepattern
350
38
  3
Flat
350
2A
  3
FlatWithEdges
350
2B
  3
Gouraud
350
2C
  3
GouraudWithEdges
350
2D
  3
Hidden
350
31
  3
JitterOff
350
3F
  3
Linepattern
350
37
  3
OverhangOff
350
40
  3
Realistic
350
33
  3
Shaded
350
3E
  3
Shaded with edges
350
3D
  3
Shades of Gray
350
3A
  3
Sketchy
350
3B
  3
Thicken
350
36
  3
Wireframe
350
30
  3
X-Ray
350
3C
  0
XRECORD
  5
35B
102
{ACAD_REACTORS
330
C
102
}
330
C
100
AcDbXrecord
280
     1
 90
        1
330
65
  0
DICTIONARY
  5
353
102
{ACAD_REACTORS
330
C
102
}
330
C
100
AcDbDictionary
281
     1
  3
CANNOSCALE
350
358
  3
CMLEADERSTYLE
350
355
  3
CTABLESTYLE
350
354
  3
CVIEWDETAILSTYLE
350
356
  3
CVIEWSECTIONSTYLE
350
357
  0
ACDBDETAILVIEWSTYLE
  5
6B
102
{ACAD_REACTORS
330
6A
102
}
330
6A
100
AcDbModelDocViewStyle
 70
     0
  3
Imperial24
290
     1
300
Imperial24
 90
        0
100
AcDbDetailViewStyle
 70
     0
 71
     0
 90
        3
 71
     1
340
55
 62
   256
 40
0.24
340
0
 62
   256
 40
0.24
300

 40
0.36
280
     3
 71
     2
340
5D
 90
       25
 62
   256
 71
     3
340
55
 62
   256
 40
0.24
 90
        1
 40
0.75
 90
        1
300
%<\AcVar ViewType \f "%tc1">% %<\AcVar ViewDetailId>%\PSCALE %<\AcVar ViewScale \f "%sn">%
 71
     4
340
5D
 90
       25
 62
   256
340
5D
 90
       25
 62
   256
280
     0
  0
LAYOUT
  5
6F
102
{ACAD_REACTORS
330
62
102
}
330
62
100
AcDbPlotSettings
  1

  2

  4

  6

 40
0.0
 41
0.0
 42
0.0
 43
0.0
 44
0.0
 45
0.0
 46
0.0
 47
0.0
 48
0.0
 49
0.0
140
0.0
141
0.0
142
1.0
143
1.0
 70
   688
 72
     0
 73
     0
 74
     5
  7

 75
    16
147
1.0
 76
     0
 77
     2
 78
   300
148
0.0
149
0.0
100
AcDbLayout
  1
Layout1
 70
     1
 71
     1
 10
0.0
 20
0.0
 11
12.0
 21
9.0
 12
0.0
 22
0.0
 32
0.0
 14
0.0
 24
0.0
 34
0.0
 15
0.0
 25
0.0
 35
0.0
146
0.0
 13
0.0
 23
0.0
 33
0.0
 16
1.0
 26
0.0
 36
0.0
 17
0.0
 27
1.0
 37
0.0
 76
     0
330
6C
  0
LAYOUT
  5
77
102
{ACAD_REACTORS
330
62
102
}
330
62
100
AcDbPlotSettings
  1

  2

  4

  6

 40
0.0
 41
0.0
 42
0.0
 43
0.0
 44
0.0
 45
0.0
 46
0.0
 47
0.0
 48
0.0
 49
0.0
140
0.0
141
0.0
142
1.0
143
1.0
 70
   688
 72
     0
 73
     0
 74
     5
  7

 75
    16
147
1.0
 76
     0
 77
     2
 78
   300
148
0.0
149
0.0
100
AcDbLayout
  1
Layout2
 70
     1
 71
     2
 10
0.0
 20
0.0
 11
12.0
 21
9.0
 12
0.0
 22
0.0
 32
0.0
 14
0.0
 24
0.0
 34
0.0
 15
0.0
 25
0.0
 35
0.0
146
0.0
 13
0.0
 23
0.0
 33
0.0
 16
1.0
 26
0.0
 36
0.0
 17
0.0
 27
1.0
 37
0.0
 76
     0
330
74
  0
LAYOUT
  5
73
102
{ACAD_REACTORS
330
62
102
}
330
62
100
AcDbPlotSettings
  1

  2

  4

  6

 40
0.0
 41
0.0
 42
0.0
 43
0.0
 44
0.0
 45
0.0
 46
0.0
 47
0.0
 48
0.0
 49
0.0
140
0.0
141
0.0
142
1.0
143
1.0
 70
  1712
 72
     0
 73
     0
 74
     0
  7

 75
     0
147
1.0
 76
     0
 77
     2
 78
   300
148
0.0
149
0.0
100
AcDbLayout
  1
Model
 70
     1
 71
     0
 10
0.0
 20
0.0
 11
12.0
 21
9.0
 12
0.0
 22
0.0
 32
0.0
 14
0.0
 24
0.0
 34
0.0
 15
0.0
 25
0.0
 35
0.0
146
0.0
 13
0.0
 23
0.0
 33
0.0
 16
1.0
 26
0.0
 36
0.0
 17
0.0
 27
1.0
 37
0.0
 76
     0
330
70
  0
MATERIAL
  5
19
102
{ACAD_XDICTIONARY
360
1A
102
}
102
{ACAD_REACTORS
330
10
102
}
330
10
100
AcDbMaterial
  1
ByBlock
 72
     0
 43
0.0208333333333333
 43
0.0
 43
0.0
 43
0.0
 43
0.0
 43
0.0208333333333333
 43
0.0
 43
0.0
 43
0.0
 43
0.0
 43
1.0
 43
0.0
 43
0.0
 43
0.0
 43
0.0
 43
1.0
 77
     0
 47
0.0208333333333333
 47
0.0
 47
0.0
 47
0.0
 47
0.0
 47
0.0208333333333333
 47
0.0
 47
0.0
 47
0.0
 47
0.0
 47
1.0
 47
0.0
 47
0.0
 47
0.0
 47
0.0
 47
1.0
171
     0
 49
0.0208333333333333
 49
0.0
 49
0.0
 49
0.0
 49
0.0
 49
0.0208333333333333
 49
0.0
 49
0.0
 49
0.0
 49
0.0
 49
1.0
 49
0.0
 49
0.0
 49
0.0
 49
0.0
 49
1.0
175
     0
142
0.0208333333333333
142
0.0
142
0.0
142
0.0
142
0.0
142
0.0208333333333333
142
0.0
142
0.0
142
0.0
142
0.0
142
1.0
142
0.0
142
0.0
142
0.0
142
0.0
142
1.0
179
     0
144
0.0208333333333333
144
0.0
144
0.0
144
0.0
144
0.0
144
0.0208333333333333
144
0.0
144
0.0
144
0.0
144
0.0
144
1.0
144
0.0
144
0.0
144
0.0
144
0.0
144
1.0
147
0.0208333333333333
147
0.0
147
0.0
147
0.0
147
0.0
147
0.0208333333333333
147
0.0
147
0.0
147
0.0
147
0.0
147
1.0
147
0.0
147
0.0
147
0.0
147
0.0
147
1.0
  0
MATERIAL
  5
11
102
{ACAD_XDICTIONARY
360
12
102
}
102
{ACAD_REACTORS
330
10
102
}
330
10
100
AcDbMaterial
  1
ByLayer
 72
     0
 43
0.0208333333333333
 43
0.0
 43
0.0
 43
0.0
 43
0.0
 43
0.0208333333333333
 43
0.0
 43
0.0
 43
0.0
 43
0.0
 43
1.0
 43
0.0
 43
0.0
 43
0.0
 43
0.0
 43
1.0
 77
     0
 47
0.0208333333333333
 47
0.0
 47
0.0
 47
0.0
 47
0.0
 47
0.0208333333333333
 47
0.0
 47
0.0
 47
0.0
 47
0.0
 47
1.0
 47
0.0
 47
0.0
 47
0.0
 47
0.0
 47
1.0
171
     0
 49
0.0208333333333333
 49
0.0
 49
0.0
 49
0.0
 49
0.0
 49
0.0208333333333333
 49
0.0
 49
0.0
 49
0.0
 49
0.0
 49
1.0
 49
0.0
 49
0.0
 49
0.0
 49
0.0
 49
1.0
175
     0
142
0.0208333333333333
142
0.0
142
0.0
142
0.0
142
0.0
142
0.0208333333333333
142
0.0
142
0.0
142
0.0
142
0.0
142
1.0
142
0.0
142
0.0
142
0.0
142
0.0
142
1.0
179
     0
144
0.0208333333333333
144
0.0
144
0.0
144
0.0
144
0.0
144
0.0208333333333333
144
0.0
144
0.0
144
0.0
144
0.0
144
1.0
144
0.0
144
0.0
144
0.0
144
0.0
144
1.0
147
0.0208333333333333
147
0.0
147
0.0
147
0.0
147
0.0
147
0.0208333333333333
147
0.0
147
0.0
147
0.0
147
0.0
147
1.0
147
0.0
147
0.0
147
0.0
147
0.0
147
1.0
  0
MATERIAL
  5
21
102
{ACAD_XDICTIONARY
360
22
102
}
102
{ACAD_REACTORS
330
10
102
}
330
10
100
AcDbMaterial
  1
Global
 72
     0
 43
0.0208333333333333
 43
0.0
 43
0.0
 43
0.0
 43
0.0
 43
0.0208333333333333
 43
0.0
 43
0.0
 43
0.0
 43
0.0
 43
1.0
 43
0.0
 43
0.0
 43
0.0
 43
0.0
 43
1.0
 77
     0
 47
0.0208333333333333
 47
0.0
 47
0.0
 47
0.0
 47
0.0
 47
0.0208333333333333
 47
0.0
 47
0.0
 47
0.0
 47
0.0
 47
1.0
 47
0.0
 47
0.0
 47
0.0
 47
0.0
 47
1.0
171
     0
 49
0.0208333333333333
 49
0.0
 49
0.0
 49
0.0
 49
0.0
 49
0.0208333333333333
 49
0.0
 49
0.0
 49
0.0
 49
0.0
 49
1.0
 49
0.0
 49
0.0
 49
0.0
 49
0.0
 49
1.0
175
     0
142
0.0208333333333333
142
0.0
142
0.0
142
0.0
142
0.0
142
0.0208333333333333
142
0.0
142
0.0
142
0.0
142
0.0
142
1.0
142
0.0
142
0.0
142
0.0
142
0.0
142
1.0
179
     0
144
0.0208333333333333
144
0.0
144
0.0
144
0.0
144
0.0
144
0.0208333333333333
144
0.0
144
0.0
144
0.0
144
0.0
144
1.0
144
0.0
144
0.0
144
0.0
144
0.0
144
1.0
147
0.0208333333333333
147
0.0
147
0.0
147
0.0
147
0.0
147
0.0208333333333333
147
0.0
147
0.0
147
0.0
147
0.0
147
1.0
147
0.0
147
0.0
147
0.0
147
0.0
147
1.0
  0
MLEADERSTYLE
  5
67
102
{ACAD_REACTORS
330
66
102
}
330
66
100
AcDbMLeaderStyle
179
     2
170
     2
171
     1
172
     0
 90
        2
 40
0.0
 41
0.0
173
     1
 91
-1056964608
340
5B
 92
       -2
290
     1
 42
0.09
291
     1
 43
0.36
  3
Standard
 44
0.18
300

342
55
174
     1
178
     6
175
     1
176
     0
 93
-1056964608
 45
0.18
292
     0
297
     0
 46
0.18
 94
-1056964608
 47
1.0
 49
1.0
140
1.0
293
     1
141
0.0
294
     1
177
     0
142
1.0
295
     1
296
     0
143
0.125
271
     0
272
     9
273
     9
298
     1
  0
MLINESTYLE
  5
60
102
{ACAD_REACTORS
330
5F
102
}
330
5F
100
AcDbMlineStyle
  2
STANDARD
 70
     0
  3

 62
   256
 51
90.0
 52
90.0
 71
     2
 49
0.5
 62
   256
  6
BYLAYER
 49
-0.5
 62
   256
  6
BYLAYER
  0
ACDBPLACEHOLDER
  5
F
102
{ACAD_REACTORS
330
E
102
}
330
E
  0
SCALE
  5
43
102
{ACAD_REACTORS
330
42
102
}
330
42
100
AcDbScale
 70
     0
300
1:1
140
1.0
141
1.0
290
     1
  0
SCALE
  5
44
102
{ACAD_REACTORS
330
42
102
}
330
42
100
AcDbScale
 70
     0
300
1/128" = 1'-0"
140
0.0078125
141
12.0
290
     0
  0
SCALE
  5
45
102
{ACAD_REACTORS
330
42
102
}
330
42
100
AcDbScale
 70
     0
300
1/64" = 1'-0"
140
0.015625
141
12.0
290
     0
  0
SCALE
  5
46
102
{ACAD_REACTORS
330
42
102
}
330
42
100
AcDbScale
 70
     0
300
1/32" = 1'-0"
140
0.03125
141
12.0
290
     0
  0
SCALE
  5
47
102
{ACAD_REACTORS
330
42
102
}
330
42
100
AcDbScale
 70
     0
300
1/16" = 1'-0"
140
0.0625
141
12.0
290
     0
  0
SCALE
  5
48
102
{ACAD_REACTORS
330
42
102
}
330
42
100
AcDbScale
 70
     0
300
3/32" = 1'-0"
140
0.09375
141
12.0
290
     0
  0
SCALE
  5
49
102
{ACAD_REACTORS
330
42
102
}
330
42
100
AcDbScale
 70
     0
300
1/8" = 1'-0"
140
0.125
141
12.0
290
     0
  0
SCALE
  5
4A
102
{ACAD_REACTORS
330
42
102
}
330
42
100
AcDbScale
 70
     0
300
3/16" = 1'-0"
140
0.1875
141
12.0
290
     0
  0
SCALE
  5
4B
102
{ACAD_REACTORS
330
42
102
}
330
42
100
AcDbScale
 70
     0
300
1/4" = 1'-0"
140
0.25
141
12.0
290
     0
  0
SCALE
  5
4C
102
{ACAD_REACTORS
330
42
102
}
330
42
100
AcDbScale
 70
     0
300
3/8" = 1'-0"
140
0.375
141
12.0
290
     0
  0
SCALE
  5
4D
102
{ACAD_REACTORS
330
42
102
}
330
42
100
AcDbScale
 70
     0
300
1/2" = 1'-0"
140
0.5
141
12.0
290
     0
  0
SCALE
  5
4E
102
{ACAD_REACTORS
330
42
102
}
330
42
100
AcDbScale
 70
     0
300
3/4" = 1'-0"
140
0.75
141
12.0
290
     0
  0
SCALE
  5
4F
102
{ACAD_REACTORS
330
42
102
}
330
42
100
AcDbScale
 70
     0
300
1" = 1'-0"
140
1.0
141
12.0
290
     0
  0
SCALE
  5
50
102
{ACAD_REACTORS
330
42
102
}
330
42
100
AcDbScale
 70
     0
300
1-1/2" = 1'-0"
140
1.5
141
12.0
290
     0
  0
SCALE
  5
51
102
{ACAD_REACTORS
330
42
102
}
330
42
100
AcDbScale
 70
     0
300
3" = 1'-0"
140
3.0
141
12.0
290
     0
  0
SCALE
  5
52
102
{ACAD_REACTORS
330
42
102
}
330
42
100
AcDbScale
 70
     0
300
6" = 1'-0"
140
6.0
141
12.0
290
     0
  0
SCALE
  5
53
102
{ACAD_REACTORS
330
42
102
}
330
42
100
AcDbScale
 70
     0
300
1'-0" = 1'-0"
140
12.0
141
12.0
290
     0
  0
ACDBSECTIONVIEWSTYLE
  5
69
102
{ACAD_REACTORS
330
68
102
}
330
68
100
AcDbModelDocViewStyle
 70
     0
  3
Imperial24
290
     1
300
Imperial24
 90
        0
100
AcDbSectionViewStyle
 70
     0
 71
     0
 90
       78
 71
     1
340
55
 62
   256
 40
0.24
340
0
340
0
 62
   256
 40
0.24
300
I, O, Q, S, X, Z
 40
0.48
 90
        3
 40
0.18
 90
        1
 71
     2
340
5D
 90
       25
 62
   256
340
5D
 90
       50
 62
   256
 40
0.24
 40
0.0
 40
0.24
 71
     3
340
55
 62
   256
 40
0.24
 90
        1
 40
0.75
 90
        1
300
%<\AcVar ViewType \f "%tc1">% %<\AcVar ViewSectionStartId>%-%<\AcVar ViewSectionEndId>%\PSCALE %<\AcVar ViewScale \f "%sn">%
 71
     4
 62
   256
 62
   257
300
ANSI31
 40
1.0
 90
        0
290
     0
290
     0
 90
        6
 40
0.0
 40
1.570796326794896
 40
0.2617993877991494
 40
1.308996938995747
 40
-0.2617993877991494
 40
1.832595714594046
  0
TABLESTYLE
  5
65
102
{ACAD_XDICTIONARY
360
359
102
}
102
{ACAD_REACTORS
330
64
102
}
330
64
100
AcDbTableStyle
280
     0
  3
Standard
 70
     0
 71
     0
 40
0.06
 41
0.06
280
     0
281
     0
  7
Standard
140
0.18
170
     2
 62
     0
 63
     7
283
     0
 90
      512
 91
        0
  1

274
    -2
284
     1
 64
     0
275
    -2
285
     1
 65
     0
276
    -2
286
     1
 66
     0
277
    -2
287
     1
 67
     0
278
    -2
288
     1
 68
     0
279
    -2
289
     1
 69
     0
  7
Standard
140
0.25
170
     5
 62
     0
 63
     7
283
     0
 90
      512
 91
        0
  1

274
    -2
284
     1
 64
     0
275
    -2
285
     1
 65
     0
276
    -2
286
     1
 66
     0
277
    -2
287
     1
 67
     0
278
    -2
288
     1
 68
     0
279
    -2
289
     1
 69
     0
  7
Standard
140
0.18
170
     5
 62
     0
 63
     7
283
     0
 90
      512
 91
        0
  1

274
    -2
284
     1
 64
     0
275
    -2
285
     1
 65
     0
276
    -2
286
     1
 66
     0
277
    -2
287
     1
 67
     0
278
    -2
288
     1
 68
     0
279
    -2
289
     1
 69
     0
  0
VISUALSTYLE
  5
2F
102
{ACAD_REACTORS
330
29
102
}
330
29
100
AcDbVisualStyle
  2
2dWireframe
 70
     4
177
     3
291
     0
 70
    58
 90
        0
176
     1
 90
        2
176
     1
 90
        0
176
     1
 90
        0
176
     1
 40
0.6
176
     1
 40
30.0
176
     1
 62
     7
420
 16777215
176
     1
 90
        1
176
     1
 90
        4
176
     1
 62
     7
176
     1
 62
   257
176
     1
 90
        1
176
     1
 90
        1
176
     1
 40
1.0
176
     1
 90
        0
176
     1
 62
   257
176
     1
 40
1.0
176
     1
 90
        1
176
     1
 90
        6
176
     1
 90
        2
176
     1
 62
     7
176
     1
 90
        5
176
     1
 90
        0
176
     1
 90
        0
176
     1
290
     0
176
     1
 90
        1
176
     1
 40
0.0
176
     1
 90
        0
176
     1
290
     1
176
     1
290
     1
176
     1
290
     0
176
     1
290
     0
176
     1
290
     0
176
     1
290
     0
176
     1
290
     0
176
     1
290
     0
176
     1
290
     0
176
     1
 90
       50
176
     1
 40
0.0
176
     1
 40
1.0
176
     1
 90
        0
176
     1
 62
    18
420
        0
176
     1
 90
       50
176
     1
 90
        3
176
     1
 62
     5
420
      255
176
     1
290
     0
176
     1
 90
       50
176
     1
 90
       50
176
     1
 90
       50
176
     1
290
     0
176
     1
 90
       50
176
     1
 62
   256
176
     0
 40
1.0
176
     0
 90
        2
176
     1
  1
strokes_ogs.tif
176
     1
290
     0
176
     1
 40
1.0
176
     1
 40
1.0
176
     1
  0
VISUALSTYLE
  5
2E
102
{ACAD_REACTORS
330
29
102
}
330
29
100
AcDbVisualStyle
  2
Basic
 70
     7
177
     3
291
     1
 70
    58
 90
        1
176
     1
 90
        0
176
     1
 90
        1
176
     1
 90
        0
176
     1
 40
0.6
176
     1
 40
30.0
176
     1
 62
     7
420
 16777215
176
     1
 90
        0
176
     1
 90
        4
176
     1
 62
     7
176
     1
 62
   257
176
     1
 90
        1
176
     1
 90
        1
176
     1
 40
1.0
176
     1
 90
        8
176
     1
 62
     7
176
     1
 40
1.0
176
     1
 90
        1
176
     1
 90
        6
176
     1
 90
        2
176
     1
 62
     7
176
     1
 90
        5
176
     1
 90
        0
176
     1
 90
        0
176
     1
290
     0
176
     1
 90
        1
176
     1
 40
0.0
176
     1
 90
        0
176
     1
290
     0
176
     1
290
     1
176
     1
290
     1
176
     1
290
     0
176
     1
290
     0
176
     1
290
     0
176
     1
290
     0
176
     1
290
     0
176
     1
290
     0
176
     1
 90
       50
176
     1
 40
0.0
176
     1
 40
1.0
176
     1
 90
        0
176
     1
 62
    18
420
        0
176
     1
 90
       50
176
     1
 90
        3
176
     1
 62
     5
420
      255
176
     1
290
     0
176
     1
 90
       50
176
     1
 90
       50
176
     1
 90
       50
176
     1
290
     0
176
     1
 90
       50
176
     1
 62
   256
176
     0
 40
1.0
176
     0
 90
        2
176
     1
  1
strokes_ogs.tif
176
     1
290
     0
176
     1
 40
1.0
176
     1
 40
1.0
176
     1
  0
VISUALSTYLE
  5
35
102
{ACAD_REACTORS
330
29
102
}
330
29
100
AcDbVisualStyle
  2
Brighten
 70
    12
177
     3
291
     1
 70
    58
 90
        2
176
     1
 90
        2
176
     1
 90
        0
176
     1
 90
        0
176
     1
 40
0.6
176
     1
 40
30.0
176
     1
 62
     7
420
 16777215
176
     1
 90
        1
176
     1
 90
        4
176
     1
 62
     7
176
     1
 62
   257
176
     1
 90
        1
176
     1
 90
        1
176
     1
 40
1.0
176
     1
 90
        8
176
     1
 62
     7
176
     1
 40
1.0
176
     1
 90
        1
176
     1
 90
        6
176
     1
 90
        2
176
     1
 62
     7
176
     1
 90
        5
176
     1
 90
        0
176
     1
 90
        0
176
     1
290
     0
176
     1
 90
        1
176
     1
 40
50.0
176
     1
 90
        0
176
     1
290
     0
176
     1
290
     1
176
     1
290
     1
176
     1
290
     0
176
     1
290
     0
176
     1
290
     0
176
     1
290
     0
176
     1
290
     0
176
     1
290
     0
176
     1
 90
       50
176
     1
 40
0.0
176
     1
 40
1.0
176
     1
 90
        0
176
     1
 62
    18
420
        0
176
     1
 90
       50
176
     1
 90
        3
176
     1
 62
     5
420
      255
176
     1
290
     0
176
     1
 90
       50
176
     1
 90
       50
176
     1
 90
       50
176
     1
290
     0
176
     1
 90
       50
176
     1
 62
   256
176
     0
 40
1.0
176
     0
 90
        2
176
     1
  1
strokes_ogs.tif
176
     1
290
     0
176
     1
 40
1.0
176
     1
 40
1.0
176
     1
  0
VISUALSTYLE
  5
39
102
{ACAD_REACTORS
330
29
102
}
330
29
100
AcDbVisualStyle
  2
ColorChange
 70
    16
177
     3
291
     1
 70
    58
 90
        2
176
     1
 90
        2
176
     1
 90
        3
176
     1
 90
        0
176
     1
 40
0.6
176
     1
 40
30.0
176
     1
 62
     8
420
  8421504
176
     1
 90
        1
176
     1
 90
        4
176
     1
 62
     7
176
     1
 62
   257
176
     1
 90
        1
176
     1
 90
        1
176
     1
 40
1.0
176
     1
 90
        8
176
     1
 62
     8
420
  8421504
176
     1
 40
1.0
176
     1
 90
        1
176
     1
 90
        6
176
     1
 90
        2
176
     1
 62
     7
176
     1
 90
        5
176
     1
 90
        0
176
     1
 90
        0
176
     1
290
     0
176
     1
 90
        1
176
     1
 40
0.0
176
     1
 90
        0
176
     1
290
     0
176
     1
290
     1
176
     1
290
     1
176
     1
290
     0
176
     1
290
     0
176
     1
290
     0
176
     1
290
     0
176
     1
290
     0
176
     1
290
     0
176
     1
 90
       50
176
     1
 40
0.0
176
     1
 40
1.0
176
     1
 90
        0
176
     1
 62
    18
420
        0
176
     1
 90
       50
176
     1
 90
        3
176
     1
 62
     5
420
      255
176
     1
290
     0
176
     1
 90
       50
176
     1
 90
       50
176
     1
 90
       50
176
     1
290
     0
176
     1
 90
       50
176
     1
 62
   256
176
     0
 40
1.0
176
     0
 90
        2
176
     1
  1
strokes_ogs.tif
176
     1
290
     0
176
     1
 40
1.0
176
     1
 40
1.0
176
     1
  0
VISUALSTYLE
  5
32
102
{ACAD_REACTORS
330
29
102
}
330
29
100
AcDbVisualStyle
  2
Conceptual
 70
     9
177
     3
291
     0
 70
    58
 90
        3
176
     1
 90
        2
176
     1
 90
        0
176
     1
 90
        0
176
     1
 40
0.6
176
     1
 40
30.0
176
     1
 62
     7
420
 16777215
176
     1
 90
        2
176
     1
 90
        2
176
     1
 62
     7
176
     1
 62
   257
176
     1
 90
        1
176
     1
 90
        1
176
     1
 40
179.0
176
     1
 90
        8
176
     1
 62
     7
176
     1
 40
1.0
176
     1
 90
        1
176
     1
 90
        6
176
     1
 90
        2
176
     1
 62
     7
176
     1
 90
        3
176
     1
 90
        0
176
     1
 90
        0
176
     1
290
     0
176
     1
 90
        1
176
     1
 40
0.0
176
     1
 90
        0
176
     1
290
     0
176
     1
290
     1
176
     1
290
     1
176
     1
290
     0
176
     1
290
     0
176
     1
290
     0
176
     1
290
     0
176
     1
290
     0
176
     1
290
     0
176
     1
 90
       50
176
     1
 40
0.0
176
     1
 40
1.0
176
     1
 90
        0
176
     1
 62
    18
420
        0
176
     1
 90
       50
176
     1
 90
        3
176
     1
 62
     5
420
      255
176
     1
290
     0
176
     1
 90
       50
176
     1
 90
       50
176
     1
 90
       50
176
     1
290
     0
176
     1
 90
       50
176
     1
 62
   256
176
     0
 40
1.0
176
     0
 90
        2
176
     1
  1
strokes_ogs.tif
176
     1
290
     0
176
     1
 40
1.0
176
     1
 40
1.0
176
     1
  0
VISUALSTYLE
  5
34
102
{ACAD_REACTORS
330
29
102
}
330
29
100
AcDbVisualStyle
  2
Dim
 70
    11
177
     3
291
     1
 70
    58
 90
        2
176
     1
 90
        2
176
     1
 90
        0
176
     1
 90
        0
176
     1
 40
0.6
176
     1
 40
30.0
176
     1
 62
     7
420
 16777215
176
     1
 90
        1
176
     1
 90
        4
176
     1
 62
     7
176
     1
 62
   257
176
     1
 90
        1
176
     1
 90
        1
176
     1
 40
1.0
176
     1
 90
        8
176
     1
 62
     7
176
     1
 40
1.0
176
     1
 90
        1
176
     1
 90
        6
176
     1
 90
        2
176
     1
 62
     7
176
     1
 90
        5
176
     1
 90
        0
176
     1
 90
        0
176
     1
290
     0
176
     1
 90
        1
176
     1
 40
-50.0
176
     1
 90
        0
176
     1
290
     0
176
     1
290
     1
176
     1
290
     1
176
     1
290
     0
176
     1
290
     0
176
     1
290
     0
176
     1
290
     0
176
     1
290
     0
176
     1
290
     0
176
     1
 90
       50
176
     1
 40
0.0
176
     1
 40
1.0
176
     1
 90
        0
176
     1
 62
    18
420
        0
176
     1
 90
       50
176
     1
 90
        3
176
     1
 62
     5
420
      255
176
     1
290
     0
176
     1
 90
       50
176
     1
 90
       50
176
     1
 90
       50
176
     1
290
     0
176
     1
 90
       50
176
     1
 62
   256
176
     0
 40
1.0
176
     0
 90
        2
176
     1
  1
strokes_ogs.tif
176
     1
290
     0
176
     1
 40
1.0
176
     1
 40
1.0
176
     1
  0
VISUALSTYLE
  5
41
102
{ACAD_REACTORS
330
29
102
}
330
29
100
AcDbVisualStyle
  2
EdgeColorOff
 70
    22
177
     3
291
     1
 70
    58
 90
        2
176
     0
 90
        2
176
     0
 90
        0
176
     0
 90
        0
176
     0
 40
0.6
176
     0
 40
30.0
176
     0
 62
     7
420
 16777215
176
     0
 90
        1
176
     0
 90
        4
176
     0
 62
     7
176
     0
 62
   257
176
     0
 90
        1
176
     0
 90
        1
176
     0
 40
1.0
176
     0
 90
        8
176
     2
 62
     7
176
     0
 40
1.0
176
     0
 90
        1
176
     0
 90
        6
176
     0
 90
        2
176
     0
 62
     7
176
     0
 90
        5
176
     0
 90
        0
176
     0
 90
        0
176
     0
290
     0
176
     0
 90
        1
176
     0
 40
0.0
176
     0
 90
        0
176
     0
290
     0
176
     0
290
     1
176
     0
290
     1
176
     0
290
     0
176
     0
290
     0
176
     0
290
     0
176
     0
290
     0
176
     0
290
     0
176
     0
290
     0
176
     0
 90
       50
176
     0
 40
0.0
176
     0
 40
1.0
176
     0
 90
        0
176
     0
 62
    18
420
        0
176
     0
 90
       50
176
     0
 90
        3
176
     0
 62
     5
420
      255
176
     0
290
     0
176
     0
 90
       50
176
     0
 90
       50
176
     0
 90
       50
176
     0
290
     0
176
     0
 90
       50
176
     0
 62
   256
176
     0
 40
1.0
176
     0
 90
        2
176
     0
  1
strokes_ogs.tif
176
     0
290
     0
176
     0
 40
1.0
176
     0
 40
1.0
176
     0
  0
VISUALSTYLE
  5
38
102
{ACAD_REACTORS
330
29
102
}
330
29
100
AcDbVisualStyle
  2
Facepattern
 70
    15
177
     3
291
     1
 70
    58
 90
        2
176
     1
 90
        2
176
     1
 90
        0
176
     1
 90
        0
176
     1
 40
0.6
176
     1
 40
30.0
176
     1
 62
     7
420
 16777215
176
     1
 90
        1
176
     1
 90
        4
176
     1
 62
     7
176
     1
 62
   257
176
     1
 90
        1
176
     1
 90
        1
176
     1
 40
1.0
176
     1
 90
        8
176
     1
 62
     7
176
     1
 40
1.0
176
     1
 90
        1
176
     1
 90
        6
176
     1
 90
        2
176
     1
 62
     7
176
     1
 90
        5
176
     1
 90
        0
176
     1
 90
        0
176
     1
290
     0
176
     1
 90
        1
176
     1
 40
0.0
176
     1
 90
        0
176
     1
290
     0
176
     1
290
     1
176
     1
290
     1
176
     1
290
     0
176
     1
290
     0
176
     1
290
     0
176
     1
290
     0
176
     1
290
     0
176
     1
290
     0
176
     1
 90
       50
176
     1
 40
0.0
176
     1
 40
1.0
176
     1
 90
        0
176
     1
 62
    18
420
        0
176
     1
 90
       50
176
     1
 90
        3
176
     1
 62
     5
420
      255
176
     1
290
     0
176
     1
 90
       50
176
     1
 90
       50
176
     1
 90
       50
176
     1
290
     0
176
     1
 90
       50
176
     1
 62
   256
176
     0
 40
1.0
176
     0
 90
        2
176
     1
  1
strokes_ogs.tif
176
     1
290
     0
176
     1
 40
1.0
176
     1
 40
1.0
176
     1
  0
VISUALSTYLE
  5
2A
102
{ACAD_REACTORS
330
29
102
}
330
29
100
AcDbVisualStyle
  2
Flat
 70
     0
177
     3
291
     1
 70
    58
 90
        2
176
     1
 90
        1
176
     1
 90
        1
176
     1
 90
        2
176
     1
 40
0.6
176
     1
 40
30.0
176
     1
 62
     7
420
 16777215
176
     1
 90
        0
176
     1
 90
        0
176
     1
 62
     7
176
     1
 62
   257
176
     1
 90
        1
176
     1
 90
        1
176
     1
 40
1.0
176
     1
 90
        8
176
     1
 62
     7
176
     1
 40
1.0
176
     1
 90
        1
176
     1
 90
        6
176
     1
 90
        2
176
     1
 62
     7
176
     1
 90
        5
176
     1
 90
        0
176
     1
 90
        0
176
     1
290
     0
176
     1
 90
       13
176
     1
 40
0.0
176
     1
 90
        0
176
     1
290
     0
176
     1
290
     1
176
     1
290
     1
176
     1
290
     0
176
     1
290
     0
176
     1
290
     0
176
     1
290
     0
176
     1
290
     0
176
     1
290
     0
176
     1
 90
       50
176
     1
 40
0.0
176
     1
 40
1.0
176
     1
 90
        0
176
     1
 62
    18
420
        0
176
     1
 90
       50
176
     1
 90
        3
176
     1
 62
     5
420
      255
176
     1
290
     0
176
     1
 90
       50
176
     1
 90
       50
176
     1
 90
       50
176
     1
290
     0
176
     1
 90
       50
176
     1
 62
   256
176
     0
 40
1.0
176
     0
 90
        2
176
     1
  1
strokes_ogs.tif
176
     1
290
     0
176
     1
 40
1.0
176
     1
 40
1.0
176
     1
  0
VISUALSTYLE
  5
2B
102
{ACAD_REACTORS
330
29
102
}
330
29
100
AcDbVisualStyle
  2
FlatWithEdges
 70
     1
177
     3
291
     1
 70
    58
 90
        2
176
     1
 90
        1
176
     1
 90
        1
176
     1
 90
        2
176
     1
 40
0.6
176
     1
 40
30.0
176
     1
 62
     7
420
 16777215
176
     1
 90
        1
176
     1
 90
        0
176
     1
 62
     7
176
     1
 62
   257
176
     1
 90
        1
176
     1
 90
        1
176
     1
 40
1.0
176
     1
 90
        0
176
     1
 62
   257
176
     1
 40
1.0
176
     1
 90
        1
176
     1
 90
        6
176
     1
 90
        2
176
     1
 62
     7
176
     1
 90
        5
176
     1
 90
        0
176
     1
 90
        0
176
     1
290
     0
176
     1
 90
       13
176
     1
 40
0.0
176
     1
 90
        0
176
     1
290
     0
176
     1
290
     1
176
     1
290
     1
176
     1
290
     0
176
     1
290
     0
176
     1
290
     0
176
     1
290
     0
176
     1
290
     0
176
     1
290
     0
176
     1
 90
       50
176
     1
 40
0.0
176
     1
 40
1.0
176
     1
 90
        0
176
     1
 62
    18
420
        0
176
     1
 90
       50
176
     1
 90
        3
176
     1
 62
     5
420
      255
176
     1
290
     0
176
     1
 90
       50
176
     1
 90
       50
176
     1
 90
       50
176
     1
290
     0
176
     1
 90
       50
176
     1
 62
   256
176
     0
 40
1.0
176
     0
 90
        2
176
     1
  1
strokes_ogs.tif
176
     1
290
     0
176
     1
 40
1.0
176
     1
 40
1.0
176
     1
  0
VISUALSTYLE
  5
2C
102
{ACAD_REACTORS
330
29
102
}
330
29
100
AcDbVisualStyle
  2
Gouraud
 70
     2
177
     3
291
     1
 70
    58
 90
        2
176
     1
 90
        2
176
     1
 90
        1
176
     1
 90
        2
176
     1
 40
0.6
176
     1
 40
30.0
176
     1
 62
     7
420
 16777215
176
     1
 90
        0
176
     1
 90
        0
176
     1
 62
     7
176
     1
 62
   257
176
     1
 90
        1
176
     1
 90
        1
176
     1
 40
1.0
176
     1
 90
        0
176
     1
 62
     7
176
     1
 40
1.0
176
     1
 90
        1
176
     1
 90
        6
176
     1
 90
        2
176
     1
 62
     7
176
     1
 90
        5
176
     1
 90
        0
176
     1
 90
        0
176
     1
290
     0
176
     1
 90
       13
176
     1
 40
0.0
176
     1
 90
        0
176
     1
290
     0
176
     1
290
     1
176
     1
290
     1
176
     1
290
     0
176
     1
290
     0
176
     1
290
     0
176
     1
290
     0
176
     1
290
     0
176
     1
290
     0
176
     1
 90
       50
176
     1
 40
0.0
176
     1
 40
1.0
176
     1
 90
        0
176
     1
 62
    18
420
        0
176
     1
 90
       50
176
     1
 90
        3
176
     1
 62
     5
420
      255
176
     1
290
     0
176
     1
 90
       50
176
     1
 90
       50
176
     1
 90
       50
176
     1
290
     0
176
     1
 90
       50
176
     1
 62
   256
176
     0
 40
1.0
176
     0
 90
        2
176
     1
  1
strokes_ogs.tif
176
     1
290
     0
176
     1
 40
1.0
176
     1
 40
1.0
176
     1
  0
VISUALSTYLE
  5
2D
102
{ACAD_REACTORS
330
29
102
}
330
29
100
AcDbVisualStyle
  2
GouraudWithEdges
 70
     3
177
     3
291
     1
 70
    58
 90
        2
176
     1
 90
        2
176
     1
 90
        1
176
     1
 90
        2
176
     1
 40
0.6
176
     1
 40
30.0
176
     1
 62
     7
420
 16777215
176
     1
 90
        1
176
     1
 90
        0
176
     1
 62
     7
176
     1
 62
   257
176
     1
 90
        1
176
     1
 90
        1
176
     1
 40
1.0
176
     1
 90
        0
176
     1
 62
   257
176
     1
 40
1.0
176
     1
 90
        1
176
     1
 90
        6
176
     1
 90
        2
176
     1
 62
     7
176
     1
 90
        5
176
     1
 90
        0
176
     1
 90
        0
176
     1
290
     0
176
     1
 90
       13
176
     1
 40
0.0
176
     1
 90
        0
176
     1
290
     0
176
     1
290
     1
176
     1
290
     1
176
     1
290
     0
176
     1
290
     0
176
     1
290
     0
176
     1
290
     0
176
     1
290
     0
176
     1
290
     0
176
     1
 90
       50
176
     1
 40
0.0
176
     1
 40
1.0
176
     1
 90
        0
176
     1
 62
    18
420
        0
176
     1
 90
       50
176
     1
 90
        3
176
     1
 62
     5
420
      255
176
     1
290
     0
176
     1
 90
       50
176
     1
 90
       50
176
     1
 90
       50
176
     1
290
     0
176
     1
 90
       50
176
     1
 62
   256
176
     0
 40
1.0
176
     0
 90
        2
176
     1
  1
strokes_ogs.tif
176
     1
290
     0
176
     1
 40
1.0
176
     1
 40
1.0
176
     1
  0
VISUALSTYLE
  5
31
102
{ACAD_REACTORS
330
29
102
}
330
29
100
AcDbVisualStyle
  2
Hidden
 70
     6
177
     3
291
     0
 70
    58
 90
        1
176
     1
 90
        2
176
     1
 90
        2
176
     1
 90
        0
176
     1
 40
0.6
176
     1
 40
30.0
176
     1
 62
     7
420
 16777215
176
     1
 90
        2
176
     1
 90
        2
176
     1
 62
     7
176
     1
 62
   257
176
     1
 90
        2
176
     1
 90
        1
176
     1
 40
40.0
176
     1
 90
        0
176
     1
 62
   257
176
     1
 40
1.0
176
     1
 90
        1
176
     1
 90
        6
176
     1
 90
        2
176
     1
 62
     7
176
     1
 90
        3
176
     1
 90
        0
176
     1
 90
        0
176
     1
290
     0
176
     1
 90
        1
176
     1
 40
0.0
176
     1
 90
        0
176
     1
290
     0
176
     1
290
     1
176
     1
290
     1
176
     1
290
     0
176
     1
290
     0
176
     1
290
     0
176
     1
290
     0
176
     1
290
     0
176
     1
290
     0
176
     1
 90
       50
176
     1
 40
0.0
176
     1
 40
1.0
176
     1
 90
        0
176
     1
 62
    18
420
        0
176
     1
 90
       50
176
     1
 90
        3
176
     1
 62
     5
420
      255
176
     1
290
     0
176
     1
 90
       50
176
     1
 90
       50
176
     1
 90
       50
176
     1
290
     0
176
     1
 90
       50
176
     1
 62
   256
176
     0
 40
1.0
176
     0
 90
        2
176
     1
  1
strokes_ogs.tif
176
     1
290
     0
176
     1
 40
1.0
176
     1
 40
1.0
176
     1
  0
VISUALSTYLE
  5
3F
102
{ACAD_REACTORS
330
29
102
}
330
29
100
AcDbVisualStyle
  2
JitterOff
 70
    20
177
     3
291
     1
 70
    58
 90
        2
176
     0
 90
        2
176
     0
 90
        0
176
     0
 90
        0
176
     0
 40
0.6
176
     0
 40
30.0
176
     0
 62
     7
420
 16777215
176
     0
 90
        1
176
     0
 90
        4
176
     0
 62
     7
176
     0
 62
   257
176
     0
 90
        1
176
     0
 90
        1
176
     0
 40
1.0
176
     0
 90
       10
176
     2
 62
     7
176
     0
 40
1.0
176
     0
 90
        1
176
     0
 90
        6
176
     0
 90
        2
176
     0
 62
     7
176
     0
 90
        5
176
     0
 90
        0
176
     0
 90
        0
176
     0
290
     0
176
     0
 90
        1
176
     0
 40
0.0
176
     0
 90
        0
176
     0
290
     0
176
     0
290
     1
176
     0
290
     1
176
     0
290
     0
176
     0
290
     0
176
     0
290
     0
176
     0
290
     0
176
     0
290
     0
176
     0
290
     0
176
     0
 90
       50
176
     0
 40
0.0
176
     0
 40
1.0
176
     0
 90
        0
176
     0
 62
    18
420
        0
176
     0
 90
       50
176
     0
 90
        3
176
     0
 62
     5
420
      255
176
     0
290
     0
176
     0
 90
       50
176
     0
 90
       50
176
     0
 90
       50
176
     0
290
     0
176
     0
 90
       50
176
     0
 62
   256
176
     0
 40
1.0
176
     0
 90
        2
176
     0
  1
strokes_ogs.tif
176
     0
290
     0
176
     0
 40
1.0
176
     0
 40
1.0
176
     0
  0
VISUALSTYLE
  5
37
102
{ACAD_REACTORS
330
29
102
}
330
29
100
AcDbVisualStyle
  2
Linepattern
 70
    14
177
     3
291
     1
 70
    58
 90
        2
176
     1
 90
        2
176
     1
 90
        0
176
     1
 90
        0
176
     1
 40
0.6
176
     1
 40
30.0
176
     1
 62
     7
420
 16777215
176
     1
 90
        1
176
     1
 90
        4
176
     1
 62
     7
176
     1
 62
   257
176
     1
 90
        7
176
     1
 90
        7
176
     1
 40
1.0
176
     1
 90
        8
176
     1
 62
     7
176
     1
 40
1.0
176
     1
 90
        1
176
     1
 90
        6
176
     1
 90
        2
176
     1
 62
     7
176
     1
 90
        5
176
     1
 90
        0
176
     1
 90
        0
176
     1
290
     0
176
     1
 90
        1
176
     1
 40
0.0
176
     1
 90
        0
176
     1
290
     0
176
     1
290
     1
176
     1
290
     1
176
     1
290
     0
176
     1
290
     0
176
     1
290
     0
176
     1
290
     0
176
     1
290
     0
176
     1
290
     0
176
     1
 90
       50
176
     1
 40
0.0
176
     1
 40
1.0
176
     1
 90
        0
176
     1
 62
    18
420
        0
176
     1
 90
       50
176
     1
 90
        3
176
     1
 62
     5
420
      255
176
     1
290
     0
176
     1
 90
       50
176
     1
 90
       50
176
     1
 90
       50
176
     1
290
     0
176
     1
 90
       50
176
     1
 62
   256
176
     0
 40
1.0
176
     0
 90
        2
176
     1
  1
strokes_ogs.tif
176
     1
290
     0
176
     1
 40
1.0
176
     1
 40
1.0
176
     1
  0
VISUALSTYLE
  5
40
102
{ACAD_REACTORS
330
29
102
}
330
29
100
AcDbVisualStyle
  2
OverhangOff
 70
    21
177
     3
291
     1
 70
    58
 90
        2
176
     0
 90
        2
176
     0
 90
        0
176
     0
 90
        0
176
     0
 40
0.6
176
     0
 40
30.0
176
     0
 62
     7
420
 16777215
176
     0
 90
        1
176
     0
 90
        4
176
     0
 62
     7
176
     0
 62
   257
176
     0
 90
        1
176
     0
 90
        1
176
     0
 40
1.0
176
     0
 90
        9
176
     2
 62
     7
176
     0
 40
1.0
176
     0
 90
        1
176
     0
 90
        6
176
     0
 90
        2
176
     0
 62
     7
176
     0
 90
        5
176
     0
 90
        0
176
     0
 90
        0
176
     0
290
     0
176
     0
 90
        1
176
     0
 40
0.0
176
     0
 90
        0
176
     0
290
     0
176
     0
290
     1
176
     0
290
     1
176
     0
290
     0
176
     0
290
     0
176
     0
290
     0
176
     0
290
     0
176
     0
290
     0
176
     0
290
     0
176
     0
 90
       50
176
     0
 40
0.0
176
     0
 40
1.0
176
     0
 90
        0
176
     0
 62
    18
420
        0
176
     0
 90
       50
176
     0
 90
        3
176
     0
 62
     5
420
      255
176
     0
290
     0
176
     0
 90
       50
176
     0
 90
       50
176
     0
 90
       50
176
     0
290
     0
176
     0
 90
       50
176
     0
 62
   256
176
     0
 40
1.0
176
     0
 90
        2
176
     0
  1
strokes_ogs.tif
176
     0
290
     0
176
     0
 40
1.0
176
     0
 40
1.0
176
     0
  0
VISUALSTYLE
  5
33
102
{ACAD_REACTORS
330
29
102
}
330
29
100
AcDbVisualStyle
  2
Realistic
 70
     8
177
     3
291
     0
 70
    58
 90
        2
176
     1
 90
        3
176
     1
 90
        0
176
     1
 90
        2
176
     1
 40
0.6
176
     1
 40
30.0
176
     1
 62
     7
420
 16777215
176
     1
 90
        0
176
     1
 90
        0
176
     1
 62
     7
176
     1
 62
   257
176
     1
 90
        1
176
     1
 90
        1
176
     1
 40
1.0
176
     1
 90
        8
176
     1
 62
   257
176
     1
 40
1.0
176
     1
 90
        1
176
     1
 90
        6
176
     1
 90
        2
176
     1
 62
     7
176
     1
 90
        3
176
     1
 90
        0
176
     1
 90
        0
176
     1
290
     0
176
     1
 90
       13
176
     1
 40
0.0
176
     1
 90
        0
176
     1
290
     0
176
     1
290
     1
176
     1
290
     1
176
     1
290
     0
176
     1
290
     0
176
     1
290
     0
176
     1
290
     0
176
     1
290
     0
176
     1
290
     0
176
     1
 90
       50
176
     1
 40
0.0
176
     1
 40
1.0
176
     1
 90
        0
176
     1
 62
    18
420
        0
176
     1
 90
       50
176
     1
 90
        3
176
     1
 62
     5
420
      255
176
     1
290
     0
176
     1
 90
       50
176
     1
 90
       50
176
     1
 90
       50
176
     1
290
     0
176
     1
 90
       50
176
     1
 62
   256
176
     0
 40
1.0
176
     0
 90
        2
176
     1
  1
strokes_ogs.tif
176
     1
290
     0
176
     1
 40
1.0
176
     1
 40
1.0
176
     1
  0
VISUALSTYLE
  5
3E
102
{ACAD_REACTORS
330
29
102
}
330
29
100
AcDbVisualStyle
  2
Shaded
 70
    27
177
     3
291
     0
 70
    58
 90
        2
176
     1
 90
        2
176
     1
 90
        1
176
     1
 90
        2
176
     1
 40
0.6
176
     1
 40
30.0
176
     1
 62
     7
420
 16777215
176
     1
 90
        0
176
     1
 90
        4
176
     1
 62
     7
176
     1
 62
   257
176
     1
 90
        1
176
     1
 90
        1
176
     1
 40
1.0
176
     1
 90
        8
176
     1
 62
   257
176
     1
 40
1.0
176
     1
 90
        1
176
     1
 90
        6
176
     1
 90
        2
176
     1
 62
     8
420
  7895160
176
     1
 90
        3
176
     1
 90
        0
176
     1
 90
        0
176
     1
290
     0
176
     1
 90
        5
176
     1
 40
0.0
176
     1
 90
        0
176
     1
290
     0
176
     1
290
     1
176
     1
290
     1
176
     1
290
     0
176
     1
290
     0
176
     1
290
     0
176
     1
290
     0
176
     1
290
     0
176
     1
290
     0
176
     1
 90
       50
176
     1
 40
0.0
176
     1
 40
1.0
176
     1
 90
        0
176
     1
 62
    18
420
        0
176
     1
 90
       50
176
     1
 90
        3
176
     1
 62
     5
420
      255
176
     1
290
     0
176
     1
 90
       50
176
     1
 90
       50
176
     1
 90
       50
176
     1
290
     0
176
     1
 90
       50
176
     1
 62
   256
176
     0
 40
1.0
176
     0
 90
        2
176
     1
  1
strokes_ogs.tif
176
     1
290
     0
176
     1
 40
1.0
176
     1
 40
1.0
176
     1
  0
VISUALSTYLE
  5
3D
102
{ACAD_REACTORS
330
29
102
}
330
29
100
AcDbVisualStyle
  2
Shaded with edges
 70
    26
177
     3
291
     0
 70
    58
 90
        2
176
     1
 90
        2
176
     1
 90
        1
176
     1
 90
        2
176
     1
 40
0.6
176
     1
 40
30.0
176
     1
 62
     7
420
 16777215
176
     1
 90
        1
176
     1
 90
        2
176
     1
 62
     7
176
     1
 62
   257
176
     1
 90
        2
176
     1
 90
        1
176
     1
 40
1.0
176
     1
 90
        8
176
     1
 62
   257
176
     1
 40
1.0
176
     1
 90
        1
176
     1
 90
        6
176
     1
 90
        2
176
     1
 62
     7
176
     1
 90
        3
176
     1
 90
        0
176
     1
 90
        0
176
     1
290
     0
176
     1
 90
        5
176
     1
 40
0.0
176
     1
 90
        0
176
     1
290
     0
176
     1
290
     1
176
     1
290
     1
176
     1
290
     0
176
     1
290
     0
176
     1
290
     0
176
     1
290
     0
176
     1
290
     0
176
     1
290
     0
176
     1
 90
       50
176
     1
 40
0.0
176
     1
 40
1.0
176
     1
 90
        0
176
     1
 62
    18
420
        0
176
     1
 90
       50
176
     1
 90
        3
176
     1
 62
     5
420
      255
176
     1
290
     0
176
     1
 90
       50
176
     1
 90
       50
176
     1
 90
       50
176
     1
290
     0
176
     1
 90
       50
176
     1
 62
   256
176
     0
 40
1.0
176
     0
 90
        2
176
     1
  1
strokes_ogs.tif
176
     1
290
     0
176
     1
 40
1.0
176
     1
 40
1.0
176
     1
  0
VISUALSTYLE
  5
3A
102
{ACAD_REACTORS
330
29
102
}
330
29
100
AcDbVisualStyle
  2
Shades of Gray
 70
    23
177
     3
291
     0
 70
    58
 90
        2
176
     1
 90
        2
176
     1
 90
        3
176
     1
 90
        0
176
     1
 40
0.6
176
     1
 40
30.0
176
     1
 62
     7
420
 16777215
176
     1
 90
        2
176
     1
 90
        2
176
     1
 62
     7
176
     1
 62
     7
176
     1
 90
        1
176
     1
 90
        1
176
     1
 40
40.0
176
     1
 90
        8
176
     1
 62
     7
176
     1
 40
1.0
176
     1
 90
        1
176
     1
 90
        6
176
     1
 90
        2
176
     1
 62
     7
176
     1
 90
        3
176
     1
 90
        0
176
     1
 90
        0
176
     1
290
     0
176
     1
 90
        1
176
     1
 40
0.0
176
     1
 90
        0
176
     1
290
     0
176
     1
290
     1
176
     1
290
     1
176
     1
290
     0
176
     1
290
     0
176
     1
290
     0
176
     1
290
     0
176
     1
290
     0
176
     1
290
     0
176
     1
 90
       50
176
     1
 40
0.0
176
     1
 40
1.0
176
     1
 90
        0
176
     1
 62
    18
420
        0
176
     1
 90
       50
176
     1
 90
        3
176
     1
 62
     5
420
      255
176
     1
290
     0
176
     1
 90
       50
176
     1
 90
       50
176
     1
 90
       50
176
     1
290
     0
176
     1
 90
       50
176
     1
 62
   256
176
     0
 40
1.0
176
     0
 90
        2
176
     1
  1
strokes_ogs.tif
176
     1
290
     0
176
     1
 40
1.0
176
     1
 40
1.0
176
     1
  0
VISUALSTYLE
  5
3B
102
{ACAD_REACTORS
330
29
102
}
330
29
100
AcDbVisualStyle
  2
Sketchy
 70
    24
177
     3
291
     0
 70
    58
 90
        1
176
     1
 90
        2
176
     1
 90
        2
176
     1
 90
        0
176
     1
 40
0.6
176
     1
 40
30.0
176
     1
 62
     7
420
 16777215
176
     1
 90
        2
176
     1
 90
        2
176
     1
 62
     7
176
     1
 62
     7
176
     1
 90
        1
176
     1
 90
        1
176
     1
 40
40.0
176
     1
 90
       11
176
     1
 62
     7
176
     1
 40
1.0
176
     1
 90
        1
176
     1
 90
        6
176
     1
 90
        2
176
     1
 62
     7
176
     1
 90
        6
176
     1
 90
        0
176
     1
 90
        0
176
     1
290
     0
176
     1
 90
        1
176
     1
 40
0.0
176
     1
 90
        0
176
     1
290
     0
176
     1
290
     1
176
     1
290
     1
176
     1
290
     0
176
     1
290
     0
176
     1
290
     0
176
     1
290
     0
176
     1
290
     0
176
     1
290
     0
176
     1
 90
       50
176
     1
 40
0.0
176
     1
 40
1.0
176
     1
 90
        0
176
     1
 62
    18
420
        0
176
     1
 90
       50
176
     1
 90
        3
176
     1
 62
     5
420
      255
176
     1
290
     0
176
     1
 90
       50
176
     1
 90
       50
176
     1
 90
       50
176
     1
290
     0
176
     1
 90
       50
176
     1
 62
   256
176
     0
 40
1.0
176
     0
 90
        2
176
     1
  1
strokes_ogs.tif
176
     1
290
     0
176
     1
 40
1.0
176
     1
 40
1.0
176
     1
  0
VISUALSTYLE
  5
36
102
{ACAD_REACTORS
330
29
102
}
330
29
100
AcDbVisualStyle
  2
Thicken
 70
    13
177
     3
291
     1
 70
    58
 90
        2
176
     1
 90
        2
176
     1
 90
        0
176
     1
 90
        0
176
     1
 40
0.6
176
     1
 40
30.0
176
     1
 62
     7
420
 16777215
176
     1
 90
        1
176
     1
 90
        4
176
     1
 62
     7
176
     1
 62
   257
176
     1
 90
        1
176
     1
 90
        1
176
     1
 40
1.0
176
     1
 90
       12
176
     1
 62
     7
176
     1
 40
1.0
176
     1
 90
        1
176
     1
 90
        6
176
     1
 90
        2
176
     1
 62
     7
176
     1
 90
        5
176
     1
 90
        0
176
     1
 90
        0
176
     1
290
     0
176
     1
 90
        1
176
     1
 40
0.0
176
     1
 90
        0
176
     1
290
     0
176
     1
290
     1
176
     1
290
     1
176
     1
290
     0
176
     1
290
     0
176
     1
290
     0
176
     1
290
     0
176
     1
290
     0
176
     1
290
     0
176
     1
 90
       50
176
     1
 40
0.0
176
     1
 40
1.0
176
     1
 90
        0
176
     1
 62
    18
420
        0
176
     1
 90
       50
176
     1
 90
        3
176
     1
 62
     5
420
      255
176
     1
290
     0
176
     1
 90
       50
176
     1
 90
       50
176
     1
 90
       50
176
     1
290
     0
176
     1
 90
       50
176
     1
 62
   256
176
     0
 40
1.0
176
     0
 90
        2
176
     1
  1
strokes_ogs.tif
176
     1
290
     0
176
     1
 40
1.0
176
     1
 40
1.0
176
     1
  0
VISUALSTYLE
  5
30
102
{ACAD_REACTORS
330
29
102
}
330
29
100
AcDbVisualStyle
  2
Wireframe
 70
     5
177
     3
291
     0
 70
    58
 90
        0
176
     1
 90
        2
176
     1
 90
        0
176
     1
 90
        0
176
     1
 40
0.6
176
     1
 40
30.0
176
     1
 62
     7
420
 16777215
176
     1
 90
        1
176
     1
 90
        4
176
     1
 62
     7
176
     1
 62
   257
176
     1
 90
        1
176
     1
 90
        1
176
     1
 40
1.0
176
     1
 90
        0
176
     1
 62
   257
176
     1
 40
1.0
176
     1
 90
        1
176
     1
 90
        6
176
     1
 90
        2
176
     1
 62
     7
176
     1
 90
        3
176
     1
 90
        0
176
     1
 90
        0
176
     1
290
     0
176
     1
 90
        1
176
     1
 40
0.0
176
     1
 90
        0
176
     1
290
     0
176
     1
290
     1
176
     1
290
     1
176
     1
290
     0
176
     1
290
     0
176
     1
290
     0
176
     1
290
     0
176
     1
290
     0
176
     1
290
     0
176
     1
 90
       50
176
     1
 40
0.0
176
     1
 40
1.0
176
     1
 90
        0
176
     1
 62
    18
420
        0
176
     1
 90
       50
176
     1
 90
        3
176
     1
 62
     5
420
      255
176
     1
290
     0
176
     1
 90
       50
176
     1
 90
       50
176
     1
 90
       50
176
     1
290
     0
176
     1
 90
       50
176
     1
 62
   256
176
     0
 40
1.0
176
     0
 90
        2
176
     1
  1
strokes_ogs.tif
176
     1
290
     0
176
     1
 40
1.0
176
     1
 40
1.0
176
     1
  0
VISUALSTYLE
  5
3C
102
{ACAD_REACTORS
330
29
102
}
330
29
100
AcDbVisualStyle
  2
X-Ray
 70
    25
177
     3
291
     0
 70
    58
 90
        2
176
     1
 90
        2
176
     1
 90
        1
176
     1
 90
        1
176
     1
 40
0.5
176
     1
 40
30.0
176
     1
 62
     7
420
 16777215
176
     1
 90
        1
176
     1
 90
        0
176
     1
 62
     7
176
     1
 62
   257
176
     1
 90
        1
176
     1
 90
        1
176
     1
 40
1.0
176
     1
 90
        8
176
     1
 62
     7
176
     1
 40
1.0
176
     1
 90
        1
176
     1
 90
        6
176
     1
 90
        2
176
     1
 62
     7
176
     1
 90
        3
176
     1
 90
        0
176
     1
 90
        0
176
     1
290
     0
176
     1
 90
       13
176
     1
 40
0.0
176
     1
 90
        0
176
     1
290
     0
176
     1
290
     1
176
     1
290
     1
176
     1
290
     0
176
     1
290
     0
176
     1
290
     0
176
     1
290
     0
176
     1
290
     0
176
     1
290
     0
176
     1
 90
       50
176
     1
 40
0.0
176
     1
 40
1.0
176
     1
 90
        0
176
     1
 62
    18
420
        0
176
     1
 90
       50
176
     1
 90
        3
176
     1
 62
     5
420
      255
176
     1
290
     0
176
     1
 90
       50
176
     1
 90
       50
176
     1
 90
       50
176
     1
290
     0
176
     1
 90
       50
176
     1
 62
   256
176
     0
 40
1.0
176
     0
 90
        2
176
     1
  1
strokes_ogs.tif
176
     1
290
     0
176
     1
 40
1.0
176
     1
 40
1.0
176
     1
  0
DICTIONARYVAR
  5
358
102
{ACAD_REACTORS
330
353
102
}
330
353
100
DictionaryVariables
280
     0
  1
1:1
  0
DICTIONARYVAR
  5
355
102
{ACAD_REACTORS
330
353
102
}
330
353
100
DictionaryVariables
280
     0
  1
STANDARD
  0
DICTIONARYVAR
  5
354
102
{ACAD_REACTORS
330
353
102
}
330
353
100
DictionaryVariables
280
     0
  1
STANDARD
  0
DICTIONARYVAR
  5
356
102
{ACAD_REACTORS
330
353
102
}
330
353
100
DictionaryVariables
280
     0
  1
Imperial24
  0
DICTIONARYVAR
  5
357
102
{ACAD_REACTORS
330
353
102
}
330
353
100
DictionaryVariables
280
     0
  1
Imperial24
  0
DICTIONARY
  5
1A
330
19
100
AcDbDictionary
280
     1
281
     1
  3
BUMPTILE
360
1C
  3
DIFFUSETILE
360
1B
  3
OPACITYTILE
360
1F
  3
REFLECTIONTILE
360
1E
  3
REFRACTIONTILE
360
20
  3
SPECULARTILE
360
1D
  0
DICTIONARY
  5
12
330
11
100
AcDbDictionary
280
     1
281
     1
  3
BUMPTILE
360
14
  3
DIFFUSETILE
360
13
  3
OPACITYTILE
360
17
  3
REFLECTIONTILE
360
16
  3
REFRACTIONTILE
360
18
  3
SPECULARTILE
360
15
  0
DICTIONARY
  5
22
330
21
100
AcDbDictionary
280
     1
281
     1
  3
BUMPTILE
360
24
  3
DIFFUSETILE
360
23
  3
OPACITYTILE
360
27
  3
REFLECTIONTILE
360
26
  3
REFRACTIONTILE
360
28
  3
SPECULARTILE
360
25
  0
DICTIONARY
  5
359
330
65
100
AcDbDictionary
280
     1
281
     1
  3
ACAD_ROUNDTRIP_2008_TABLESTYLE_CELLSTYLEMAP
360
35A
  0
XRECORD
  5
1C
102
{ACAD_REACTORS
330
1A
102
}
330
1A
100
AcDbXrecord
280
     1
270
     1
271
     1
  0
XRECORD
  5
1B
102
{ACAD_REACTORS
330
1A
102
}
330
1A
100
AcDbXrecord
280
     1
270
     1
271
     1
  0
XRECORD
  5
1F
102
{ACAD_REACTORS
330
1A
102
}
330
1A
100
AcDbXrecord
280
     1
270
     1
271
     1
  0
XRECORD
  5
1E
102
{ACAD_REACTORS
330
1A
102
}
330
1A
100
AcDbXrecord
280
     1
270
     1
271
     1
  0
XRECORD
  5
20
102
{ACAD_REACTORS
330
1A
102
}
330
1A
100
AcDbXrecord
280
     1
270
     1
271
     1
  0
XRECORD
  5
1D
102
{ACAD_REACTORS
330
1A
102
}
330
1A
100
AcDbXrecord
280
     1
270
     1
271
     1
  0
XRECORD
  5
14
102
{ACAD_REACTORS
330
12
102
}
330
12
100
AcDbXrecord
280
     1
270
     1
271
     1
  0
XRECORD
  5
13
102
{ACAD_REACTORS
330
12
102
}
330
12
100
AcDbXrecord
280
     1
270
     1
271
     1
  0
XRECORD
  5
17
102
{ACAD_REACTORS
330
12
102
}
330
12
100
AcDbXrecord
280
     1
270
     1
271
     1
  0
XRECORD
  5
16
102
{ACAD_REACTORS
330
12
102
}
330
12
100
AcDbXrecord
280
     1
270
     1
271
     1
  0
XRECORD
  5
18
102
{ACAD_REACTORS
330
12
102
}
330
12
100
AcDbXrecord
280
     1
270
     1
271
     1
  0
XRECORD
  5
15
102
{ACAD_REACTORS
330
12
102
}
330
12
100
AcDbXrecord
280
     1
270
     1
271
     1
  0
XRECORD
  5
24
102
{ACAD_REACTORS
330
22
102
}
330
22
100
AcDbXrecord
280
     1
270
     1
271
     1
  0
XRECORD
  5
23
102
{ACAD_REACTORS
330
22
102
}
330
22
100
AcDbXrecord
280
     1
270
     1
271
     1
  0
XRECORD
  5
27
102
{ACAD_REACTORS
330
22
102
}
330
22
100
AcDbXrecord
280
     1
270
     1
271
     1
  0
XRECORD
  5
26
102
{ACAD_REACTORS
330
22
102
}
330
22
100
AcDbXrecord
280
     1
270
     1
271
     1
  0
XRECORD
  5
28
102
{ACAD_REACTORS
330
22
102
}
330
22
100
AcDbXrecord
280
     1
270
     1
271
     1
  0
XRECORD
  5
25
102
{ACAD_REACTORS
330
22
102
}
330
22
100
AcDbXrecord
280
     1
270
     1
271
     1
  0
CELLSTYLEMAP
  5
35A
102
{ACAD_REACTORS
330
359
102
}
330
359
100
AcDbCellStyleMap
 90
        3
300
CELLSTYLE
  1
TABLEFORMAT_BEGIN
 90
        5
170
     1
 91
        0
 92
    32768
 62
   257
 93
        1
300
CONTENTFORMAT
  1
CONTENTFORMAT_BEGIN
 90
        0
 91
        0
 92
      512
 93
        0
300

 40
0.0
140
1.0
 94
        5
 62
     0
340
55
144
0.25
309
CONTENTFORMAT_END
171
     0
 94
        0
309
TABLEFORMAT_END
  1
CELLSTYLE_BEGIN
 90
        1
 91
        1
300
_TITLE
309
CELLSTYLE_END
300
CELLSTYLE
  1
TABLEFORMAT_BEGIN
 90
        5
170
     1
 91
        0
 92
        0
 62
   257
 93
        1
300
CONTENTFORMAT
  1
CONTENTFORMAT_BEGIN
 90
        0
 91
        0
 92
      512
 93
        0
300

 40
0.0
140
1.0
 94
        5
 62
     0
340
55
144
0.18
309
CONTENTFORMAT_END
171
     0
 94
        0
309
TABLEFORMAT_END
  1
CELLSTYLE_BEGIN
 90
        2
 91
        1
300
_HEADER
309
CELLSTYLE_END
300
CELLSTYLE
  1
TABLEFORMAT_BEGIN
 90
        5
170
     1
 91
        0
 92
        0
 62
   257
 93
        1
300
CONTENTFORMAT
  1
CONTENTFORMAT_BEGIN
 90
        0
 91
        0
 92
      512
 93
        0
300

 40
0.0
140
1.0
 94
        2
 62
     0
340
55
144
0.18
309
CONTENTFORMAT_END
171
     0
 94
        0
309
TABLEFORMAT_END
  1
CELLSTYLE_BEGIN
 90
        3
 91
        2
300
_DATA
309
CELLSTYLE_END
  0
ENDSEC
  0
EOF
