  0
SECTION
  2
HEADER
  9
$ACADVER
  1
AC1032
  9
$ACADMAINTVER
 90
      327
  9
$DWGCODEPAGE
  3
ANSI_1252
  9
$REQUIREDVERSIONS
160
                 0
  9
$INSBASE
 10
0.0
 20
0.0
 30
0.0
  9
$EXTMIN
 10
1.000000000000000E+20
 20
1.000000000000000E+20
 30
1.000000000000000E+20
  9
$EXTMAX
 10
-1.000000000000000E+20
 20
-1.000000000000000E+20
 30
-1.000000000000000E+20
  9
$LIMMIN
 10
0.0
 20
0.0
  9
$LIMMAX
 10
12.0
 20
9.0
  9
$ORTHOMODE
 70
     0
  9
$REGENMODE
 70
     1
  9
$FILLMODE
 70
     1
  9
$QTEXTMODE
 70
     0
  9
$MIRRTEXT
 70
     0
  9
$LTSCALE
 40
1.0
  9
$ATTMODE
 70
     1
  9
$TEXTSIZE
 40
0.2
  9
$TRACEWID
 40
0.05
  9
$TEXTSTYLE
  7
Standard
  9
$CLAYER
  8
0
  9
$CELTYPE
  6
ByLayer
  9
$CECOLOR
 62
   256
  9
$CELTSCALE
 40
1.0
  9
$DISPSILH
 70
     0
  9
$DIMSCALE
 40
1.0
  9
$DIMASZ
 40
0.18
  9
$DIMEXO
 40
0.0625
  9
$DIMDLI
 40
0.38
  9
$DIMRND
 40
0.0
  9
$DIMDLE
 40
0.0
  9
$DIMEXE
 40
0.18
  9
$DIMTP
 40
0.0
  9
$DIMTM
 40
0.0
  9
$DIMTXT
 40
0.18
  9
$DIMCEN
 40
0.09
  9
$DIMTSZ
 40
0.0
  9
$DIMTOL
 70
     0
  9
$DIMLIM
 70
     0
  9
$DIMTIH
 70
     1
  9
$DIMTOH
 70
     1
  9
$DIMSE1
 70
     0
  9
$DIMSE2
 70
     0
  9
$DIMTAD
 70
     0
  9
$DIMZIN
 70
     0
  9
$DIMBLK
  1

  9
$DIMASO
 70
     1
  9
$DIMSHO
 70
     1
  9
$DIMPOST
  1

  9
$DIMAPOST
  1

  9
$DIMALT
 70
     0
  9
$DIMALTD
 70
     2
  9
$DIMALTF
 40
25.4
  9
$DIMLFAC
 40
1.0
  9
$DIMTOFL
 70
     0
  9
$DIMTVP
 40
0.0
  9
$DIMTIX
 70
     0
  9
$DIMSOXD
 70
     0
  9
$DIMSAH
 70
     0
  9
$DIMBLK1
  1

  9
$DIMBLK2
  1

  9
$DIMSTYLE
  2
Standard
  9
$DIMCLRD
 70
     0
  9
$DIMCLRE
 70
     0
  9
$DIMCLRT
 70
     0
  9
$DIMTFAC
 40
1.0
  9
$DIMGAP
 40
0.09
  9
$DIMJUST
 70
     0
  9
$DIMSD1
 70
     0
  9
$DIMSD2
 70
     0
  9
$DIMTOLJ
 70
     1
  9
$DIMTZIN
 70
     0
  9
$DIMALTZ
 70
     0
  9
$DIMALTTZ
 70
     0
  9
$DIMUPT
 70
     0
  9
$DIMDEC
 70
     4
  9
$DIMTDEC
 70
     4
  9
$DIMALTU
 70
     2
  9
$DIMALTTD
 70
     2
  9
$DIMTXSTY
  7
Standard
  9
$DIMAUNIT
 70
     0
  9
$DIMADEC
 70
     0
  9
$DIMALTRND
 40
0.0
  9
$DIMAZIN
 70
     0
  9
$DIMDSEP
 70
    46
  9
$DIMATFIT
 70
     3
  9
$DIMFRAC
 70
     0
  9
$DIMLDRBLK
  1

  9
$DIMLUNIT
 70
     2
  9
$DIMLWD
 70
    -2
  9
$DIMLWE
 70
    -2
  9
$DIMTMOVE
 70
     0
  9
$DIMFXL
 40
1.0
  9
$DIMFXLON
 70
     0
  9
$DIMJOGANG
 40
0.7853981633974483
  9
$DIMTFILL
 70
     0
  9
$DIMTFILLCLR
 70
     0
  9
$DIMARCSYM
 70
     0
  9
$DIMLTYPE
  6

  9
$DIMLTEX1
  6

  9
$DIMLTEX2
  6

  9
$DIMTXTDIRECTION
 70
     0
  9
$LUNITS
 70
     2
  9
$LUPREC
 70
     4
  9
$SKETCHINC
 40
0.1
  9
$FILLETRAD
 40
0.0
  9
$AUNITS
 70
     0
  9
$AUPREC
 70
     0
  9
$MENU
  1
.
  9
$ELEVATION
 40
0.0
  9
$PELEVATION
 40
0.0
  9
$THICKNESS
 40
0.0
  9
$LIMCHECK
 70
     0
  9
$CHAMFERA
 40
0.0
  9
$CHAMFERB
 40
0.0
  9
$CHAMFERC
 40
0.0
  9
$CHAMFERD
 40
0.0
  9
$SKPOLY
 70
     0
  9
$TDCREATE
 40
2461251.894293982
  9
$TDUCREATE
 40
2461252.019293982
  9
$TDUPDATE
 40
2461251.894293982
  9
$TDUUPDATE
 40
2461252.019293982
  9
$TDINDWG
 40
0.0000000000
  9
$TDUSRTIMER
 40
0.0000000000
  9
$USRTIMER
 70
     1
  9
$ANGBASE
 50
0.0
  9
$ANGDIR
 70
     0
  9
$PDMODE
 70
     0
  9
$PDSIZE
 40
0.0
  9
$PLINEWID
 40
0.0
  9
$SPLFRAME
 70
     0
  9
$SPLINETYPE
 70
     6
  9
$SPLINESEGS
 70
     8
  9
$HANDSEED
  5
24C
  9
$SURFTAB1
 70
     6
  9
$SURFTAB2
 70
     6
  9
$SURFTYPE
 70
     6
  9
$SURFU
 70
     6
  9
$SURFV
 70
     6
  9
$UCSBASE
  2

  9
$UCSNAME
  2

  9
$UCSORG
 10
0.0
 20
0.0
 30
0.0
  9
$UCSXDIR
 10
1.0
 20
0.0
 30
0.0
  9
$UCSYDIR
 10
0.0
 20
1.0
 30
0.0
  9
$UCSORTHOREF
  2

  9
$UCSORTHOVIEW
 70
     0
  9
$UCSORGTOP
 10
0.0
 20
0.0
 30
0.0
  9
$UCSORGBOTTOM
 10
0.0
 20
0.0
 30
0.0
  9
$UCSORGLEFT
 10
0.0
 20
0.0
 30
0.0
  9
$UCSORGRIGHT
 10
0.0
 20
0.0
 30
0.0
  9
$UCSORGFRONT
 10
0.0
 20
0.0
 30
0.0
  9
$UCSORGBACK
 10
0.0
 20
0.0
 30
0.0
  9
$PUCSBASE
  2

  9
$PUCSNAME
  2

  9
$PUCSORG
 10
0.0
 20
0.0
 30
0.0
  9
$PUCSXDIR
 10
1.0
 20
0.0
 30
0.0
  9
$PUCSYDIR
 10
0.0
 20
1.0
 30
0.0
  9
$PUCSORTHOREF
  2

  9
$PUCSORTHOVIEW
 70
     0
  9
$PUCSORGTOP
 10
0.0
 20
0.0
 30
0.0
  9
$PUCSORGBOTTOM
 10
0.0
 20
0.0
 30
0.0
  9
$PUCSORGLEFT
 10
0.0
 20
0.0
 30
0.0
  9
$PUCSORGRIGHT
 10
0.0
 20
0.0
 30
0.0
  9
$PUCSORGFRONT
 10
0.0
 20
0.0
 30
0.0
  9
$PUCSORGBACK
 10
0.0
 20
0.0
 30
0.0
  9
$USERI1
 70
     0
  9
$USERI2
 70
     0
  9
$USERI3
 70
     0
  9
$USERI4
 70
     0
  9
$USERI5
 70
     0
  9
$USERR1
 40
0.0
  9
$USERR2
 40
0.0
  9
$USERR3
 40
0.0
  9
$USERR4
 40
0.0
  9
$USERR5
 40
0.0
  9
$WORLDVIEW
 70
     1
  9
$SHADEDGE
 70
     3
  9
$SHADEDIF
 70
    70
  9
$TILEMODE
 70
     1
  9
$MAXACTVP
 70
    64
  9
$PINSBASE
 10
0.0
 20
0.0
 30
0.0
  9
$PLIMCHECK
 70
     0
  9
$PEXTMIN
 10
1.000000000000000E+20
 20
1.000000000000000E+20
 30
1.000000000000000E+20
  9
$PEXTMAX
 10
-1.000000000000000E+20
 20
-1.000000000000000E+20
 30
-1.000000000000000E+20
  9
$PLIMMIN
 10
0.0
 20
0.0
  9
$PLIMMAX
 10
12.0
 20
9.0
  9
$UNITMODE
 70
     0
  9
$VISRETAIN
 70
     1
  9
$PLINEGEN
 70
     0
  9
$PSLTSCALE
 70
     1
  9
$TREEDEPTH
 70
  3020
  9
$CMLSTYLE
  2
Standard
  9
$CMLJUST
 70
     0
  9
$CMLSCALE
 40
1.0
  9
$PROXYGRAPHICS
 70
     1
  9
$MEASUREMENT
 70
     0
  9
$CELWEIGHT
370
    -1
  9
$ENDCAPS
280
     0
  9
$JOINSTYLE
280
     0
  9
$LWDISPLAY
290
     1
  9
$INSUNITS
 70
     4
  9
$HYPERLINKBASE
  1

  9
$STYLESHEET
  1

  9
$XEDIT
290
     1
  9
$CEPSNTYPE
380
     0
  9
$PSTYLEMODE
290
     1
  9
$FINGERPRINTGUID
  2
{2C3F9C7B-3D45-0147-9078-3BBD1B1BDCBC}
  9
$VERSIONGUID
  2
{5966EF3D-B70B-9A44-8634-703418F9A21D}
  9
$EXTNAMES
290
     1
  9
$PSVPSCALE
 40
0.0
  9
$OLESTARTUP
290
     0
  9
$SORTENTS
280
   127
  9
$INDEXCTL
280
     0
  9
$HIDETEXT
280
     1
  9
$XCLIPFRAME
280
     2
  9
$HALOGAP
280
     0
  9
$OBSCOLOR
 70
   257
  9
$OBSLTYPE
280
     0
  9
$INTERSECTIONDISPLAY
280
     0
  9
$INTERSECTIONCOLOR
 70
   257
  9
$DIMASSOC
280
     2
  9
$PROJECTNAME
  1

  9
$CAMERADISPLAY
290
     0
  9
$LENSLENGTH
 40
50.0
  9
$CAMERAHEIGHT
 40
0.0
  9
$STEPSPERSEC
 40
2.0
  9
$STEPSIZE
 40
6.0
  9
$3DDWFPREC
 40
2.0
  9
$PSOLWIDTH
 40
0.25
  9
$PSOLHEIGHT
 40
4.0
  9
$LOFTANG1
 40
1.570796326794896
  9
$LOFTANG2
 40
1.570796326794896
  9
$LOFTMAG1
 40
0.0
  9
$LOFTMAG2
 40
0.0
  9
$LOFTPARAM
 70
     7
  9
$LOFTNORMALS
280
     1
  9
$LATITUDE
 40
37.795
  9
$LONGITUDE
 40
-122.394
  9
$NORTHDIRECTION
 40
0.0
  9
$TIMEZONE
 70
 -8000
  9
$LIGHTGLYPHDISPLAY
280
     1
  9
$TILEMODELIGHTSYNCH
280
     1
  9
$CMATERIAL
347
11
  9
$SOLIDHIST
280
     0
  9
$SHOWHIST
280
     1
  9
$DWFFRAME
280
     2
  9
$DGNFRAME
280
     0
  9
$REALWORLDSCALE
290
     1
  9
$INTERFERECOLOR
 62
     1
  9
$INTERFEREOBJVS
345
33
  9
$INTERFEREVPVS
346
30
  9
$CSHADOW
280
     0
  9
$SHADOWPLANELOCATION
 40
0.0
  0
ENDSEC
  0
SECTION
  2
CLASSES
  0
CLASS
  1
ACDBDICTIONARYWDFLT
  2
AcDbDictionaryWithDefault
  3
ObjectDBX Classes
 90
        0
 91
        1
280
     0
281
     0
  0
CLASS
  1
MATERIAL
  2
AcDbMaterial
  3
ObjectDBX Classes
 90
     1153
 91
        3
280
     0
281
     0
  0
CLASS
  1
VISUALSTYLE
  2
AcDbVisualStyle
  3
ObjectDBX Classes
 90
     4095
 91
       24
280
     0
281
     0
  0
CLASS
  1
SCALE
  2
AcDbScale
  3
ObjectDBX Classes
 90
     1153
 91
       17
280
     0
281
     0
  0
CLASS
  1
TABLESTYLE
  2
AcDbTableStyle
  3
ObjectDBX Classes
 90
     4095
 91
        1
280
     0
281
     0
  0
CLASS
  1
MLEADERSTYLE
  2
AcDbMLeaderStyle
  3
ACDB_MLEADERSTYLE_CLASS
 90
     4095
 91
        1
280
     0
281
     0
  0
CLASS
  1
ACDBSECTIONVIEWSTYLE
  2
AcDbSectionViewStyle
  3
ObjectDBX Classes
 90
     1025
 91
        1
280
     0
281
     0
  0
CLASS
  1
ACDBDETAILVIEWSTYLE
  2
AcDbDetailViewStyle
  3
ObjectDBX Classes
 90
     1025
 91
        1
280
     0
281
     0
  0
CLASS
  1
DICTIONARYVAR
  2
AcDbDictionaryVar
  3
ObjectDBX Classes
 90
        0
 91
        5
280
     0
281
     0
  0
CLASS
  1
CELLSTYLEMAP
  2
AcDbCellStyleMap
  3
ObjectDBX Classes
 90
     1152
 91
        1
280
     0
281
     0
  0
ENDSEC
  0
SECTION
  2
TABLES
  0
TABLE
  2
VPORT
  5
8
330
0
100
AcDbSymbolTable
 70
     1
  0
VPORT
  5
57
330
8
100
AcDbSymbolTableRecord
100
AcDbViewportTableRecord
  2
*Active
 70
     0
 10
0.0
 20
0.0
 11
1.0
 21
1.0
 12
0.0
 22
0.0
 13
0.0
 23
0.0
 14
1.0
 24
1.0
 15
0.0
 25
0.0
 16
0.0
 26
0.0
 36
1.0
 17
346.638133544996
 27
200.4721833654216
 37
0.0
 40
1424.644602618992
 41
2.003794953255606
 42
50.0
 43
0.0
 44
0.0
 50
0.0
 51
0.0
 71
     0
 72
   100
 73
     1
 74
     1
 75
     0
 76
     0
 77
     0
 78
     0
281
     0
 65
     1
110
0.0
120
0.0
130
0.0
111
1.0
121
0.0
131
0.0
112
0.0
122
1.0
132
0.0
 79
     0
146
0.0
 60
     3
 61
     5
292
     1
282
     1
141
0.0
142
0.0
 63
   250
421
  3355443
  0
ENDTAB
  0
TABLE
  2
LTYPE
  5
5
330
0
100
AcDbSymbolTable
 70
    46
  0
LTYPE
  5
5B
330
5
100
AcDbSymbolTableRecord
100
AcDbLinetypeTableRecord
  2
ByBlock
 70
     0
  3

 72
    65
 73
     0
 40
0.0
  0
LTYPE
  5
5C
330
5
100
AcDbSymbolTableRecord
100
AcDbLinetypeTableRecord
  2
ByLayer
 70
     0
  3

 72
    65
 73
     0
 40
0.0
  0
LTYPE
  5
5D
330
5
100
AcDbSymbolTableRecord
100
AcDbLinetypeTableRecord
  2
Continuous
 70
     0
  3
Solid line
 72
    65
 73
     0
 40
0.0
  0
LTYPE
  5
93
330
5
100
AcDbSymbolTableRecord
100
AcDbLinetypeTableRecord
  2
AI-Linetype-0
 70
     0
  3
Adobe Illustrator Linetype No. 0
 72
    65
 73
     2
 40
1.781250033330652
 49
1.187500022220435
 74
     0
 49
-0.5937500111102177
 74
     0
  0
LTYPE
  5
B4
330
5
100
AcDbSymbolTableRecord
100
AcDbLinetypeTableRecord
  2
AI-Linetype-1
 70
     0
  3
Adobe Illustrator Linetype No. 1
 72
    65
 73
     2
 40
1.781250033330652
 49
1.187500022220435
 74
     0
 49
-0.5937500111102177
 74
     0
  0
LTYPE
  5
C2
330
5
100
AcDbSymbolTableRecord
100
AcDbLinetypeTableRecord
  2
AI-Linetype-2
 70
     0
  3
Adobe Illustrator Linetype No. 2
 72
    65
 73
     2
 40
1.781250033330652
 49
1.187500022220435
 74
     0
 49
-0.5937500111102177
 74
     0
  0
LTYPE
  5
C4
330
5
100
AcDbSymbolTableRecord
100
AcDbLinetypeTableRecord
  2
AI-Linetype-3
 70
     0
  3
Adobe Illustrator Linetype No. 3
 72
    65
 73
     2
 40
1.781250033330652
 49
1.187500022220435
 74
     0
 49
-0.5937500111102177
 74
     0
  0
LTYPE
  5
C6
330
5
100
AcDbSymbolTableRecord
100
AcDbLinetypeTableRecord
  2
AI-Linetype-4
 70
     0
  3
Adobe Illustrator Linetype No. 4
 72
    65
 73
     2
 40
1.781250033330652
 49
1.187500022220435
 74
     0
 49
-0.5937500111102177
 74
     0
  0
LTYPE
  5
C8
330
5
100
AcDbSymbolTableRecord
100
AcDbLinetypeTableRecord
  2
AI-Linetype-5
 70
     0
  3
Adobe Illustrator Linetype No. 5
 72
    65
 73
     2
 40
1.781250033330652
 49
1.187500022220435
 74
     0
 49
-0.5937500111102177
 74
     0
  0
LTYPE
  5
CA
330
5
100
AcDbSymbolTableRecord
100
AcDbLinetypeTableRecord
  2
AI-Linetype-6
 70
     0
  3
Adobe Illustrator Linetype No. 6
 72
    65
 73
     2
 40
1.781250033330652
 49
1.187500022220435
 74
     0
 49
-0.5937500111102177
 74
     0
  0
LTYPE
  5
CC
330
5
100
AcDbSymbolTableRecord
100
AcDbLinetypeTableRecord
  2
AI-Linetype-7
 70
     0
  3
Adobe Illustrator Linetype No. 7
 72
    65
 73
     2
 40
1.781250033330652
 49
1.187500022220435
 74
     0
 49
-0.5937500111102177
 74
     0
  0
LTYPE
  5
DA
330
5
100
AcDbSymbolTableRecord
100
AcDbLinetypeTableRecord
  2
AI-Linetype-8
 70
     0
  3
Adobe Illustrator Linetype No. 8
 72
    65
 73
     2
 40
1.781250033330652
 49
1.187500022220435
 74
     0
 49
-0.5937500111102177
 74
     0
  0
LTYPE
  5
DC
330
5
100
AcDbSymbolTableRecord
100
AcDbLinetypeTableRecord
  2
AI-Linetype-9
 70
     0
  3
Adobe Illustrator Linetype No. 9
 72
    65
 73
     2
 40
1.781250033330652
 49
1.187500022220435
 74
     0
 49
-0.5937500111102177
 74
     0
  0
LTYPE
  5
DE
330
5
100
AcDbSymbolTableRecord
100
AcDbLinetypeTableRecord
  2
AI-Linetype-10
 70
     0
  3
Adobe Illustrator Linetype No. 10
 72
    65
 73
     2
 40
1.781250033330652
 49
1.187500022220435
 74
     0
 49
-0.5937500111102177
 74
     0
  0
LTYPE
  5
E0
330
5
100
AcDbSymbolTableRecord
100
AcDbLinetypeTableRecord
  2
AI-Linetype-11
 70
     0
  3
Adobe Illustrator Linetype No. 11
 72
    65
 73
     2
 40
1.781250033330652
 49
1.187500022220435
 74
     0
 49
-0.5937500111102177
 74
     0
  0
LTYPE
  5
E2
330
5
100
AcDbSymbolTableRecord
100
AcDbLinetypeTableRecord
  2
AI-Linetype-12
 70
     0
  3
Adobe Illustrator Linetype No. 12
 72
    65
 73
     2
 40
1.781250033330652
 49
1.187500022220435
 74
     0
 49
-0.5937500111102177
 74
     0
  0
LTYPE
  5
E4
330
5
100
AcDbSymbolTableRecord
100
AcDbLinetypeTableRecord
  2
AI-Linetype-13
 70
     0
  3
Adobe Illustrator Linetype No. 13
 72
    65
 73
     2
 40
1.781250033330652
 49
1.187500022220435
 74
     0
 49
-0.5937500111102177
 74
     0
  0
LTYPE
  5
184
330
5
100
AcDbSymbolTableRecord
100
AcDbLinetypeTableRecord
  2
AI-Linetype-14
 70
     0
  3
Adobe Illustrator Linetype No. 14
 72
    65
 73
     2
 40
1.781250033330652
 49
1.187500022220435
 74
     0
 49
-0.5937500111102177
 74
     0
  0
LTYPE
  5
186
330
5
100
AcDbSymbolTableRecord
100
AcDbLinetypeTableRecord
  2
AI-Linetype-15
 70
     0
  3
Adobe Illustrator Linetype No. 15
 72
    65
 73
     2
 40
1.781250033330652
 49
1.187500022220435
 74
     0
 49
-0.5937500111102177
 74
     0
  0
LTYPE
  5
188
330
5
100
AcDbSymbolTableRecord
100
AcDbLinetypeTableRecord
  2
AI-Linetype-16
 70
     0
  3
Adobe Illustrator Linetype No. 16
 72
    65
 73
     2
 40
1.781250033330652
 49
1.187500022220435
 74
     0
 49
-0.5937500111102177
 74
     0
  0
LTYPE
  5
18A
330
5
100
AcDbSymbolTableRecord
100
AcDbLinetypeTableRecord
  2
AI-Linetype-17
 70
     0
  3
Adobe Illustrator Linetype No. 17
 72
    65
 73
     2
 40
1.781250033330652
 49
1.187500022220435
 74
     0
 49
-0.5937500111102177
 74
     0
  0
LTYPE
  5
18C
330
5
100
AcDbSymbolTableRecord
100
AcDbLinetypeTableRecord
  2
AI-Linetype-18
 70
     0
  3
Adobe Illustrator Linetype No. 18
 72
    65
 73
     2
 40
1.781250033330652
 49
1.187500022220435
 74
     0
 49
-0.5937500111102177
 74
     0
  0
LTYPE
  5
18E
330
5
100
AcDbSymbolTableRecord
100
AcDbLinetypeTableRecord
  2
AI-Linetype-19
 70
     0
  3
Adobe Illustrator Linetype No. 19
 72
    65
 73
     2
 40
1.781250033330652
 49
1.187500022220435
 74
     0
 49
-0.5937500111102177
 74
     0
  0
LTYPE
  5
190
330
5
100
AcDbSymbolTableRecord
100
AcDbLinetypeTableRecord
  2
AI-Linetype-20
 70
     0
  3
Adobe Illustrator Linetype No. 20
 72
    65
 73
     2
 40
1.781250033330652
 49
1.187500022220435
 74
     0
 49
-0.5937500111102177
 74
     0
  0
LTYPE
  5
192
330
5
100
AcDbSymbolTableRecord
100
AcDbLinetypeTableRecord
  2
AI-Linetype-21
 70
     0
  3
Adobe Illustrator Linetype No. 21
 72
    65
 73
     2
 40
1.781250033330652
 49
1.187500022220435
 74
     0
 49
-0.5937500111102177
 74
     0
  0
LTYPE
  5
194
330
5
100
AcDbSymbolTableRecord
100
AcDbLinetypeTableRecord
  2
AI-Linetype-22
 70
     0
  3
Adobe Illustrator Linetype No. 22
 72
    65
 73
     2
 40
1.781250033330652
 49
1.187500022220435
 74
     0
 49
-0.5937500111102177
 74
     0
  0
LTYPE
  5
196
330
5
100
AcDbSymbolTableRecord
100
AcDbLinetypeTableRecord
  2
AI-Linetype-23
 70
     0
  3
Adobe Illustrator Linetype No. 23
 72
    65
 73
     2
 40
1.781250033330652
 49
1.187500022220435
 74
     0
 49
-0.5937500111102177
 74
     0
  0
LTYPE
  5
198
330
5
100
AcDbSymbolTableRecord
100
AcDbLinetypeTableRecord
  2
AI-Linetype-24
 70
     0
  3
Adobe Illustrator Linetype No. 24
 72
    65
 73
     2
 40
1.781250033330652
 49
1.187500022220435
 74
     0
 49
-0.5937500111102177
 74
     0
  0
LTYPE
  5
19A
330
5
100
AcDbSymbolTableRecord
100
AcDbLinetypeTableRecord
  2
AI-Linetype-25
 70
     0
  3
Adobe Illustrator Linetype No. 25
 72
    65
 73
     2
 40
1.781250033330652
 49
1.187500022220435
 74
     0
 49
-0.5937500111102177
 74
     0
  0
LTYPE
  5
19C
330
5
100
AcDbSymbolTableRecord
100
AcDbLinetypeTableRecord
  2
AI-Linetype-26
 70
     0
  3
Adobe Illustrator Linetype No. 26
 72
    65
 73
     2
 40
1.781250033330652
 49
1.187500022220435
 74
     0
 49
-0.5937500111102177
 74
     0
  0
LTYPE
  5
19E
330
5
100
AcDbSymbolTableRecord
100
AcDbLinetypeTableRecord
  2
AI-Linetype-27
 70
     0
  3
Adobe Illustrator Linetype No. 27
 72
    65
 73
     2
 40
1.781250033330652
 49
1.187500022220435
 74
     0
 49
-0.5937500111102177
 74
     0
  0
LTYPE
  5
1A0
330
5
100
AcDbSymbolTableRecord
100
AcDbLinetypeTableRecord
  2
AI-Linetype-28
 70
     0
  3
Adobe Illustrator Linetype No. 28
 72
    65
 73
     2
 40
1.781250033330652
 49
1.187500022220435
 74
     0
 49
-0.5937500111102177
 74
     0
  0
LTYPE
  5
1A2
330
5
100
AcDbSymbolTableRecord
100
AcDbLinetypeTableRecord
  2
AI-Linetype-29
 70
     0
  3
Adobe Illustrator Linetype No. 29
 72
    65
 73
     2
 40
1.781250033330652
 49
1.187500022220435
 74
     0
 49
-0.5937500111102177
 74
     0
  0
LTYPE
  5
1AC
330
5
100
AcDbSymbolTableRecord
100
AcDbLinetypeTableRecord
  2
AI-Linetype-30
 70
     0
  3
Adobe Illustrator Linetype No. 30
 72
    65
 73
     2
 40
1.781250033330652
 49
1.187500022220435
 74
     0
 49
-0.5937500111102177
 74
     0
  0
LTYPE
  5
1AE
330
5
100
AcDbSymbolTableRecord
100
AcDbLinetypeTableRecord
  2
AI-Linetype-31
 70
     0
  3
Adobe Illustrator Linetype No. 31
 72
    65
 73
     2
 40
1.781250033330652
 49
1.187500022220435
 74
     0
 49
-0.5937500111102177
 74
     0
  0
LTYPE
  5
1B0
330
5
100
AcDbSymbolTableRecord
100
AcDbLinetypeTableRecord
  2
AI-Linetype-32
 70
     0
  3
Adobe Illustrator Linetype No. 32
 72
    65
 73
     2
 40
1.781250033330652
 49
1.187500022220435
 74
     0
 49
-0.5937500111102177
 74
     0
  0
LTYPE
  5
1B2
330
5
100
AcDbSymbolTableRecord
100
AcDbLinetypeTableRecord
  2
AI-Linetype-33
 70
     0
  3
Adobe Illustrator Linetype No. 33
 72
    65
 73
     2
 40
1.781250033330652
 49
1.187500022220435
 74
     0
 49
-0.5937500111102177
 74
     0
  0
LTYPE
  5
1B4
330
5
100
AcDbSymbolTableRecord
100
AcDbLinetypeTableRecord
  2
AI-Linetype-34
 70
     0
  3
Adobe Illustrator Linetype No. 34
 72
    65
 73
     2
 40
1.781250033330652
 49
1.187500022220435
 74
     0
 49
-0.5937500111102177
 74
     0
  0
LTYPE
  5
1B6
330
5
100
AcDbSymbolTableRecord
100
AcDbLinetypeTableRecord
  2
AI-Linetype-35
 70
     0
  3
Adobe Illustrator Linetype No. 35
 72
    65
 73
     2
 40
1.781250033330652
 49
1.187500022220435
 74
     0
 49
-0.5937500111102177
 74
     0
  0
LTYPE
  5
1B8
330
5
100
AcDbSymbolTableRecord
100
AcDbLinetypeTableRecord
  2
AI-Linetype-36
 70
     0
  3
Adobe Illustrator Linetype No. 36
 72
    65
 73
     2
 40
1.781250033330652
 49
1.187500022220435
 74
     0
 49
-0.5937500111102177
 74
     0
  0
LTYPE
  5
1BA
330
5
100
AcDbSymbolTableRecord
100
AcDbLinetypeTableRecord
  2
AI-Linetype-37
 70
     0
  3
Adobe Illustrator Linetype No. 37
 72
    65
 73
     2
 40
1.781250033330652
 49
1.187500022220435
 74
     0
 49
-0.5937500111102177
 74
     0
  0
LTYPE
  5
1BC
330
5
100
AcDbSymbolTableRecord
100
AcDbLinetypeTableRecord
  2
AI-Linetype-38
 70
     0
  3
Adobe Illustrator Linetype No. 38
 72
    65
 73
     2
 40
1.781250033330652
 49
1.187500022220435
 74
     0
 49
-0.5937500111102177
 74
     0
  0
LTYPE
  5
1BE
330
5
100
AcDbSymbolTableRecord
100
AcDbLinetypeTableRecord
  2
AI-Linetype-39
 70
     0
  3
Adobe Illustrator Linetype No. 39
 72
    65
 73
     2
 40
1.781250033330652
 49
1.187500022220435
 74
     0
 49
-0.5937500111102177
 74
     0
  0
LTYPE
  5
1C0
330
5
100
AcDbSymbolTableRecord
100
AcDbLinetypeTableRecord
  2
AI-Linetype-40
 70
     0
  3
Adobe Illustrator Linetype No. 40
 72
    65
 73
     2
 40
1.781250033330652
 49
1.187500022220435
 74
     0
 49
-0.5937500111102177
 74
     0
  0
LTYPE
  5
1C2
330
5
100
AcDbSymbolTableRecord
100
AcDbLinetypeTableRecord
  2
AI-Linetype-41
 70
     0
  3
Adobe Illustrator Linetype No. 41
 72
    65
 73
     2
 40
1.781250033330652
 49
1.187500022220435
 74
     0
 49
-0.5937500111102177
 74
     0
  0
LTYPE
  5
1C4
330
5
100
AcDbSymbolTableRecord
100
AcDbLinetypeTableRecord
  2
AI-Linetype-42
 70
     0
  3
Adobe Illustrator Linetype No. 42
 72
    65
 73
     2
 40
1.781250033330652
 49
1.187500022220435
 74
     0
 49
-0.5937500111102177
 74
     0
  0
LTYPE
  5
1C6
330
5
100
AcDbSymbolTableRecord
100
AcDbLinetypeTableRecord
  2
AI-Linetype-43
 70
     0
  3
Adobe Illustrator Linetype No. 43
 72
    65
 73
     2
 40
1.781250033330652
 49
1.187500022220435
 74
     0
 49
-0.5937500111102177
 74
     0
  0
LTYPE
  5
1C8
330
5
100
AcDbSymbolTableRecord
100
AcDbLinetypeTableRecord
  2
AI-Linetype-44
 70
     0
  3
Adobe Illustrator Linetype No. 44
 72
    65
 73
     2
 40
1.781250033330652
 49
1.187500022220435
 74
     0
 49
-0.5937500111102177
 74
     0
  0
ENDTAB
  0
TABLE
  2
LAYER
  5
2
330
0
100
AcDbSymbolTable
 70
     2
  0
LAYER
  5
54
330
2
100
AcDbSymbolTableRecord
100
AcDbLayerTableRecord
  2
0
 70
     0
 62
     7
  6
Continuous
370
     0
390
F
347
21
348
0
  0
LAYER
  5
1DC
330
2
100
AcDbSymbolTableRecord
100
AcDbLayerTableRecord
  2
PDF15_Geometry
 70
     0
 62
     7
  6
Continuous
370
     0
390
F
347
21
348
0
  0
ENDTAB
  0
TABLE
  2
STYLE
  5
3
330
0
100
AcDbSymbolTable
 70
     2
  0
STYLE
  5
55
330
3
100
AcDbSymbolTableRecord
100
AcDbTextStyleTableRecord
  2
Standard
 70
     0
 40
0.0
 41
1.0
 50
0.0
 71
     0
 42
0.2
  3
txt
  4

  0
STYLE
  5
5A
330
3
100
AcDbSymbolTableRecord
100
AcDbTextStyleTableRecord
  2
Annotative
 70
     0
 40
0.0
 41
1.0
 50
0.0
 71
     0
 42
0.2
  3
txt
  4

1001
AcadAnnotative
1000
AnnotativeData
1002
{
1070
     1
1070
     1
1002
}
  0
ENDTAB
  0
TABLE
  2
VIEW
  5
6
330
0
100
AcDbSymbolTable
 70
     0
  0
ENDTAB
  0
TABLE
  2
UCS
  5
7
330
0
100
AcDbSymbolTable
 70
     0
  0
ENDTAB
  0
TABLE
  2
APPID
  5
9
330
0
100
AcDbSymbolTable
 70
     2
  0
APPID
  5
56
330
9
100
AcDbSymbolTableRecord
100
AcDbRegAppTableRecord
  2
ACAD
 70
     0
  0
APPID
  5
5E
330
9
100
AcDbSymbolTableRecord
100
AcDbRegAppTableRecord
  2
AcadAnnotative
 70
     0
  0
ENDTAB
  0
TABLE
  2
DIMSTYLE
  5
A
330
0
100
AcDbSymbolTable
 70
     2
100
AcDbDimStyleTable
 71
     0
  0
DIMSTYLE
105
58
330
A
100
AcDbSymbolTableRecord
100
AcDbDimStyleTableRecord
  2
Standard
 70
     0
340
55
  0
DIMSTYLE
105
59
330
A
100
AcDbSymbolTableRecord
100
AcDbDimStyleTableRecord
  2
Annotative
 70
     0
340
55
1001
AcadAnnotative
1000
AnnotativeData
1002
{
1070
     1
1070
     1
1002
}
  0
ENDTAB
  0
TABLE
  2
BLOCK_RECORD
  5
1
330
0
100
AcDbSymbolTable
 70
     8
  0
BLOCK_RECORD
  5
70
330
1
100
AcDbSymbolTableRecord
100
AcDbBlockTableRecord
  2
*Model_Space
340
73
 70
     0
280
     1
281
     0
  0
BLOCK_RECORD
  5
6C
330
1
100
AcDbSymbolTableRecord
100
AcDbBlockTableRecord
  2
*Paper_Space
340
6F
 70
     0
280
     1
281
     0
  0
BLOCK_RECORD
  5
74
330
1
100
AcDbSymbolTableRecord
100
AcDbBlockTableRecord
  2
*Paper_Space0
340
77
 70
     0
280
     1
281
     0
  0
BLOCK_RECORD
  5
96
330
1
100
AcDbSymbolTableRecord
100
AcDbBlockTableRecord
  2
Block_0
340
0
102
{BLKREFS
331
97
102
}
 70
     0
280
     1
281
     0
  0
BLOCK_RECORD
  5
9C
330
1
100
AcDbSymbolTableRecord
100
AcDbBlockTableRecord
  2
Block_1
340
0
102
{BLKREFS
331
9D
102
}
 70
     0
280
     1
281
     0
  0
BLOCK_RECORD
  5
A4
330
1
100
AcDbSymbolTableRecord
100
AcDbBlockTableRecord
  2
Block_2
340
0
102
{BLKREFS
331
A5
102
}
 70
     0
280
     1
281
     0
  0
BLOCK_RECORD
  5
B6
330
1
100
AcDbSymbolTableRecord
100
AcDbBlockTableRecord
  2
Block_3
340
0
102
{BLKREFS
331
B7
102
}
 70
     0
280
     1
281
     0
  0
BLOCK_RECORD
  5
F3
330
1
100
AcDbSymbolTableRecord
100
AcDbBlockTableRecord
  2
Block_4
340
0
102
{BLKREFS
331
F4
102
}
 70
     0
280
     1
281
     0
  0
BLOCK_RECORD
  5
161
330
1
100
AcDbSymbolTableRecord
100
AcDbBlockTableRecord
  2
Block_5
340
0
102
{BLKREFS
331
162
102
}
 70
     0
280
     1
281
     0
  0
BLOCK_RECORD
  5
16E
330
1
100
AcDbSymbolTableRecord
100
AcDbBlockTableRecord
  2
Block_6
340
0
102
{BLKREFS
331
16F
102
}
 70
     0
280
     1
281
     0
  0
ENDTAB
  0
ENDSEC
  0
SECTION
  2
BLOCKS
  0
BLOCK
  5
71
330
70
100
AcDbEntity
  8
0
100
AcDbBlockBegin
  2
*Model_Space
 70
     0
 10
0.0
 20
0.0
 30
0.0
  3
*Model_Space
  1

  0
ENDBLK
  5
72
330
70
100
AcDbEntity
  8
0
100
AcDbBlockEnd
  0
BLOCK
  5
6D
330
6C
100
AcDbEntity
 67
     1
  8
0
100
AcDbBlockBegin
  2
*Paper_Space
 70
     0
 10
0.0
 20
0.0
 30
0.0
  3
*Paper_Space
  1

  0
ENDBLK
  5
6E
330
6C
100
AcDbEntity
 67
     1
  8
0
100
AcDbBlockEnd
  0
BLOCK
  5
75
330
74
100
AcDbEntity
 67
     1
  8
0
100
AcDbBlockBegin
  2
*Paper_Space0
 70
     0
 10
0.0
 20
0.0
 30
0.0
  3
*Paper_Space0
  1

  0
ENDBLK
  5
76
330
74
100
AcDbEntity
 67
     1
  8
0
100
AcDbBlockEnd
  0
BLOCK
  5
98
330
96
100
AcDbEntity
  8
0
100
AcDbBlockBegin
  2
Block_0
 70
     0
 10
0.0
 20
0.0
 30
0.0
  3
Block_0
  1

  0
MTEXT
  5
9A
330
96
100
AcDbEntity
  8
0
100
AcDbMText
 10
184.190199911906
 20
810.28921420715
 30
0.0
 40
0.2
 41
0.0
 46
0.0
 71
     7
 72
     1
  1
\C7;\FArial|b0|i0|c1;\H23.100000;\W1.000000;VISTA A - VISTA FRONTAL
 73
     1
 44
1.0
  0
MTEXT
  5
9B
330
96
100
AcDbEntity
  8
0
100
AcDbMText
 10
272.0206269325917
 20
771.3952919620991
 30
0.0
 40
0.2
 41
0.0
 46
0.0
 71
     7
 72
     1
  1
\C7;\FArial|b0|i0|c1;\H23.100000;\W1.000000;(Puerta Abierta)
 73
     1
 44
1.0
  0
ENDBLK
  5
99
330
96
100
AcDbEntity
  8
0
100
AcDbBlockEnd
  0
BLOCK
  5
9E
330
9C
100
AcDbEntity
  8
0
100
AcDbBlockBegin
  2
Block_1
 70
     0
 10
0.0
 20
0.0
 30
0.0
  3
Block_1
  1

  0
LINE
  5
A0
330
9C
100
AcDbEntity
  8
0
 62
     7
370
     0
100
AcDbLine
 10
-818.2471838077571
 20
-338.3211013096609
 30
0.0
 11
-818.2471838077571
 21
-442.1461013096569
 31
0.0
  0
LINE
  5
A1
330
9C
100
AcDbEntity
  8
0
 62
     7
370
     0
100
AcDbLine
 10
-218.2471838077578
 20
-338.3211013096507
 30
0.0
 11
-218.2471838077578
 21
-442.1461013096569
 31
0.0
  0
LINE
  5
A2
330
9C
100
AcDbEntity
  8
0
 62
     7
370
     0
100
AcDbLine
 10
-818.2471838077571
 20
-440.8961013096567
 30
0.0
 11
-218.2471838077578
 21
-440.8961013096567
 31
0.0
  0
MTEXT
  5
A3
330
9C
100
AcDbEntity
  8
0
100
AcDbMText
 10
-545.0028661425036
 20
-435.5021856278866
 30
0.0
 40
0.2
 41
0.0
 46
0.0
 71
     7
 72
     1
  1
\C7;\FArial|b0|i0|c1;\H23.100000;\W1.000000;600
 73
     1
 44
1.0
  0
ENDBLK
  5
9F
330
9C
100
AcDbEntity
  8
0
100
AcDbBlockEnd
  0
BLOCK
  5
A6
330
A4
100
AcDbEntity
  8
0
100
AcDbBlockBegin
  2
Block_2
 70
     0
 10
0.0
 20
0.0
 30
0.0
  3
Block_2
  1

  0
LINE
  5
A8
330
A4
100
AcDbEntity
  8
0
 62
     7
370
     0
100
AcDbLine
 10
-815.6721838077571
 20
709.1038986903157
 30
0.0
 11
-919.4971838076376
 21
709.1038986903157
 31
0.0
  0
LINE
  5
A9
330
A4
100
AcDbEntity
  8
0
 62
     7
370
     0
100
AcDbLine
 10
-816.3998259739264
 20
-340.8943364222255
 30
0.0
 11
-919.4971838076376
 21
-340.8943364222255
 31
0.0
  0
LINE
  5
AA
330
A4
100
AcDbEntity
  8
0
 62
     7
370
     0
100
AcDbLine
 10
-918.2471838076375
 20
709.1038986903157
 30
0.0
 11
-918.2471838076375
 21
-340.8943364222255
 31
0.0
  0
MTEXT
  5
AB
330
A4
100
AcDbEntity
  8
0
100
AcDbMText
 10
-923.6411239010342
 20
147.2251220335062
 30
0.0
 40
0.2
 41
0.0
 46
0.0
 71
     7
 72
     1
  1
\C7;\FArial|b0|i0|c1;\H23.100000;\W1.000000;1050
 11
0.0000000000000001
 21
1.0
 31
0.0
 73
     1
 44
1.0
  0
ENDBLK
  5
A7
330
A4
100
AcDbEntity
  8
0
100
AcDbBlockEnd
  0
BLOCK
  5
B8
330
B6
100
AcDbEntity
  8
0
100
AcDbBlockBegin
  2
Block_3
 70
     0
 10
0.0
 20
0.0
 30
0.0
  3
Block_3
  1

  0
MTEXT
  5
BA
330
B6
100
AcDbEntity
  8
0
100
AcDbMText
 10
952.6448660270299
 20
810.28921420715
 30
0.0
 40
0.2
 41
0.0
 46
0.0
 71
     7
 72
     1
  1
\C7;\FArial|b0|i0|c1;\H23.100000;\W1.000000;VISTA A - VISTA FRONTAL
 73
     1
 44
1.0
  0
MTEXT
  5
BB
330
B6
100
AcDbEntity
  8
0
100
AcDbMText
 10
998.3248512315386
 20
771.3952919620991
 30
0.0
 40
0.2
 41
0.0
 46
0.0
 71
     7
 72
     1
  1
\C7;\FArial|b0|i0|c1;\H23.100000;\W1.000000;(Contrafrente Abierto)
 73
     1
 44
1.0
  0
ENDBLK
  5
B9
330
B6
100
AcDbEntity
  8
0
100
AcDbBlockEnd
  0
BLOCK
  5
F5
330
F3
100
AcDbEntity
  8
0
100
AcDbBlockBegin
  2
Block_4
 70
     0
 10
0.0
 20
0.0
 30
0.0
  3
Block_4
  1

  0
LWPOLYLINE
  5
F7
330
F3
100
AcDbEntity
  8
0
100
AcDbPolyline
 90
        4
 70
     1
 43
0.0
 10
1499.341816915048
 20
-302.8516359659433
 10
1499.341816915048
 20
-283.9655935380303
 10
1492.733591227415
 20
-283.9655935380303
 10
1492.733591227415
 20
-302.8516359659433
  0
SPLINE
  5
F8
330
F3
100
AcDbEntity
  8
0
 62
     7
370
     0
100
AcDbSpline
210
0.0
220
0.0
230
1.0
 70
    24
 71
     3
 72
     8
 73
     4
 74
     0
 42
0.0000000001
 43
0.0000000001
 40
0.0
 40
0.0
 40
0.0
 40
0.0
 40
1.0
 40
1.0
 40
1.0
 40
1.0
 10
1499.341816915056
 20
-288.0029325858221
 30
0.0
 10
1499.341816915056
 20
-288.0029325858221
 30
0.0
 10
1495.304477867265
 20
-283.9655935380303
 30
0.0
 10
1495.304477867265
 20
-283.9655935380303
 30
0.0
  0
SPLINE
  5
F9
330
F3
100
AcDbEntity
  8
0
 62
     7
370
     0
100
AcDbSpline
210
0.0
220
0.0
230
1.0
 70
    24
 71
     3
 72
     8
 73
     4
 74
     0
 42
0.0000000001
 43
0.0000000001
 40
0.0
 40
0.0
 40
0.0
 40
0.0
 40
1.0
 40
1.0
 40
1.0
 40
1.0
 10
1499.341816915048
 20
-292.4930606463476
 30
0.0
 10
1499.341816915048
 20
-292.4930606463476
 30
0.0
 10
1492.733591227419
 20
-285.8848349587226
 30
0.0
 10
1492.733591227419
 20
-285.8848349587226
 30
0.0
  0
SPLINE
  5
FA
330
F3
100
AcDbEntity
  8
0
 62
     7
370
     0
100
AcDbSpline
210
0.0
220
0.0
230
1.0
 70
    24
 71
     3
 72
     8
 73
     4
 74
     0
 42
0.0000000001
 43
0.0000000001
 40
0.0
 40
0.0
 40
0.0
 40
0.0
 40
1.0
 40
1.0
 40
1.0
 40
1.0
 10
1499.341816915056
 20
-296.9831887068936
 30
0.0
 10
1499.341816915056
 20
-296.9831887068936
 30
0.0
 10
1492.733591227415
 20
-290.3749630192481
 30
0.0
 10
1492.733591227415
 20
-290.3749630192481
 30
0.0
  0
SPLINE
  5
FB
330
F3
100
AcDbEntity
  8
0
 62
     7
370
     0
100
AcDbSpline
210
0.0
220
0.0
230
1.0
 70
    24
 71
     3
 72
     8
 73
     4
 74
     0
 42
0.0000000001
 43
0.0000000001
 40
0.0
 40
0.0
 40
0.0
 40
0.0
 40
1.0
 40
1.0
 40
1.0
 40
1.0
 10
1499.341816915048
 20
-301.4733167674191
 30
0.0
 10
1499.341816915048
 20
-301.4733167674191
 30
0.0
 10
1492.733591227419
 20
-294.8650910797941
 30
0.0
 10
1492.733591227419
 20
-294.8650910797941
 30
0.0
  0
SPLINE
  5
FC
330
F3
100
AcDbEntity
  8
0
 62
     7
370
     0
100
AcDbSpline
210
0.0
220
0.0
230
1.0
 70
    24
 71
     3
 72
     8
 73
     4
 74
     0
 42
0.0000000001
 43
0.0000000001
 40
0.0
 40
0.0
 40
0.0
 40
0.0
 40
1.0
 40
1.0
 40
1.0
 40
1.0
 10
1496.230008053039
 20
-302.8516359659433
 30
0.0
 10
1496.230008053039
 20
-302.8516359659433
 30
0.0
 10
1492.733591227423
 20
-299.35521914033
 30
0.0
 10
1492.733591227423
 20
-299.35521914033
 30
0.0
  0
ENDBLK
  5
F6
330
F3
100
AcDbEntity
  8
0
100
AcDbBlockEnd
  0
BLOCK
  5
163
330
161
100
AcDbEntity
  8
0
100
AcDbBlockBegin
  2
Block_5
 70
     0
 10
0.0
 20
0.0
 30
0.0
  3
Block_5
  1

  0
LINE
  5
165
330
161
100
AcDbEntity
  8
0
 62
     7
370
     0
100
AcDbLine
 10
1358.362265407053
 20
578.5914627772132
 30
0.0
 11
1573.848164918694
 21
578.5914627772132
 31
0.0
  0
LINE
  5
166
330
161
100
AcDbEntity
  8
0
 62
     7
370
     0
100
AcDbLine
 10
1358.362265407053
 20
428.5914627772092
 30
0.0
 11
1573.848164918694
 21
428.5914627772092
 31
0.0
  0
LINE
  5
167
330
161
100
AcDbEntity
  8
0
 62
     7
370
     0
100
AcDbLine
 10
1573.668164918693
 20
553.5914627772091
 30
0.0
 11
1573.668164918693
 21
516.4457874702653
 31
0.0
  0
LINE
  5
168
330
161
100
AcDbEntity
  8
0
 62
     7
370
     0
100
AcDbLine
 10
1573.668164918693
 20
453.5914627772133
 30
0.0
 11
1573.668164918693
 21
490.7371380841571
 31
0.0
  0
LWPOLYLINE
  5
169
330
161
100
AcDbEntity
  8
0
100
AcDbPolyline
 90
        4
 70
     1
 43
0.0
 10
1569.501498252028
 20
553.5914627772091
 10
1577.83483158536
 20
553.5914627772091
 10
1573.668164918693
 20
578.5914627772132
 10
1573.668164918693
 20
578.5914627772132
  0
HATCH
  5
16A
330
161
100
AcDbEntity
  8
0
 62
     7
440
 33554687
100
AcDbHatch
 10
0.0
 20
0.0
 30
0.0
210
0.0
220
0.0
230
1.0
  2
SOLID
 70
     1
 71
     1
 91
        1
 92
        1
 93
        3
 72
     1
 10
1569.501498252028
 20
553.5914627772091
 11
1577.83483158536
 21
553.5914627772091
 72
     1
 10
1577.83483158536
 20
553.5914627772091
 11
1573.668164918693
 21
578.5914627772132
 72
     1
 10
1573.668164918693
 20
578.5914627772132
 11
1569.501498252028
 21
553.5914627772091
 97
        1
330
169
 75
     2
 76
     1
 98
        1
 10
0.0
 20
0.0
450
        0
451
        0
460
0.0
461
0.0
452
        0
462
0.0
453
        0
470

  0
LWPOLYLINE
  5
16B
330
161
100
AcDbEntity
  8
0
100
AcDbPolyline
 90
        4
 70
     1
 43
0.0
 10
1569.501498252028
 20
453.5914627772133
 10
1577.83483158536
 20
453.5914627772133
 10
1573.668164918693
 20
428.5914627772092
 10
1573.668164918693
 20
428.5914627772092
  0
HATCH
  5
16C
330
161
100
AcDbEntity
  8
0
 62
     7
440
 33554687
100
AcDbHatch
 10
0.0
 20
0.0
 30
0.0
210
0.0
220
0.0
230
1.0
  2
SOLID
 70
     1
 71
     1
 91
        1
 92
        1
 93
        3
 72
     1
 10
1569.501498252028
 20
453.5914627772133
 11
1577.83483158536
 21
453.5914627772133
 72
     1
 10
1577.83483158536
 20
453.5914627772133
 11
1573.668164918693
 21
428.5914627772092
 72
     1
 10
1573.668164918693
 20
428.5914627772092
 11
1569.501498252028
 21
453.5914627772133
 97
        1
330
16B
 75
     2
 76
     1
 98
        1
 10
0.0
 20
0.0
450
        0
451
        0
460
0.0
461
0.0
452
        0
462
0.0
453
        0
470

  0
MTEXT
  5
16D
330
161
100
AcDbEntity
  8
0
100
AcDbMText
 10
1519.191679850237
 20
491.3046365145436
 30
0.0
 40
0.2
 41
0.0
 46
0.0
 71
     7
 72
     1
  1
\C7;\FArial|b0|i0|c1;\H25.000000;\W1.000000;150.00
 73
     1
 44
1.0
  0
ENDBLK
  5
164
330
161
100
AcDbEntity
  8
0
100
AcDbBlockEnd
  0
BLOCK
  5
170
330
16E
100
AcDbEntity
  8
0
100
AcDbBlockBegin
  2
Block_6
 70
     0
 10
0.0
 20
0.0
 30
0.0
  3
Block_6
  1

  0
LINE
  5
172
330
16E
100
AcDbEntity
  8
0
 62
     7
370
     0
100
AcDbLine
 10
1358.362265407053
 20
428.5914627772092
 30
0.0
 11
1574.028164918711
 21
428.5914627772092
 31
0.0
  0
LINE
  5
173
330
16E
100
AcDbEntity
  8
0
 62
     7
370
     0
100
AcDbLine
 10
1358.362265407053
 20
278.5914627772155
 30
0.0
 11
1574.028164918711
 21
278.5914627772155
 31
0.0
  0
LINE
  5
174
330
16E
100
AcDbEntity
  8
0
 62
     7
370
     0
100
AcDbLine
 10
1573.848164918711
 20
403.5914627772154
 30
0.0
 11
1573.848164918711
 21
366.4457874702612
 31
0.0
  0
LINE
  5
175
330
16E
100
AcDbEntity
  8
0
 62
     7
370
     0
100
AcDbLine
 10
1573.848164918711
 20
303.5914627772093
 30
0.0
 11
1573.848164918711
 21
340.7371380841635
 31
0.0
  0
LWPOLYLINE
  5
176
330
16E
100
AcDbEntity
  8
0
100
AcDbPolyline
 90
        4
 70
     1
 43
0.0
 10
1569.681498252044
 20
403.5914627772154
 10
1578.014831585377
 20
403.5914627772154
 10
1573.848164918711
 20
428.5914627772092
 10
1573.848164918711
 20
428.5914627772092
  0
HATCH
  5
177
330
16E
100
AcDbEntity
  8
0
 62
     7
440
 33554687
100
AcDbHatch
 10
0.0
 20
0.0
 30
0.0
210
0.0
220
0.0
230
1.0
  2
SOLID
 70
     1
 71
     1
 91
        1
 92
        1
 93
        3
 72
     1
 10
1569.681498252044
 20
403.5914627772154
 11
1578.014831585377
 21
403.5914627772154
 72
     1
 10
1578.014831585377
 20
403.5914627772154
 11
1573.848164918711
 21
428.5914627772092
 72
     1
 10
1573.848164918711
 20
428.5914627772092
 11
1569.681498252044
 21
403.5914627772154
 97
        1
330
176
 75
     2
 76
     1
 98
        1
 10
0.0
 20
0.0
450
        0
451
        0
460
0.0
461
0.0
452
        0
462
0.0
453
        0
470

  0
LWPOLYLINE
  5
178
330
16E
100
AcDbEntity
  8
0
100
AcDbPolyline
 90
        4
 70
     1
 43
0.0
 10
1569.681498252044
 20
303.5914627772093
 10
1578.014831585377
 20
303.5914627772093
 10
1573.848164918711
 20
278.5914627772155
 10
1573.848164918711
 20
278.5914627772155
  0
HATCH
  5
179
330
16E
100
AcDbEntity
  8
0
 62
     7
440
 33554687
100
AcDbHatch
 10
0.0
 20
0.0
 30
0.0
210
0.0
220
0.0
230
1.0
  2
SOLID
 70
     1
 71
     1
 91
        1
 92
        1
 93
        3
 72
     1
 10
1569.681498252044
 20
303.5914627772093
 11
1578.014831585377
 21
303.5914627772093
 72
     1
 10
1578.014831585377
 20
303.5914627772093
 11
1573.848164918711
 21
278.5914627772155
 72
     1
 10
1573.848164918711
 20
278.5914627772155
 11
1569.681498252044
 21
303.5914627772093
 97
        1
330
178
 75
     2
 76
     1
 98
        1
 10
0.0
 20
0.0
450
        0
451
        0
460
0.0
461
0.0
452
        0
462
0.0
453
        0
470

  0
MTEXT
  5
17A
330
16E
100
AcDbEntity
  8
0
100
AcDbMText
 10
1519.371686089341
 20
341.3046192587494
 30
0.0
 40
0.2
 41
0.0
 46
0.0
 71
     7
 72
     1
  1
\C7;\FArial|b0|i0|c1;\H25.000000;\W1.000000;150.00
 73
     1
 44
1.0
  0
ENDBLK
  5
171
330
16E
100
AcDbEntity
  8
0
100
AcDbBlockEnd
  0
ENDSEC
  0
SECTION
  2
ENTITIES
  0
SPLINE
  5
78
330
70
100
AcDbEntity
  8
0
 62
     7
370
     0
100
AcDbSpline
210
0.0
220
0.0
230
1.0
 70
     8
 71
     3
 72
    11
 73
     7
 74
     0
 42
0.0000000001
 43
0.0000000001
 40
0.0
 40
0.0
 40
0.0
 40
0.0
 40
1.0
 40
1.0
 40
1.0
 40
2.0
 40
2.0
 40
2.0
 40
2.0
 10
-260.517547926365
 20
-235.9068399273402
 30
0.0
 10
-263.273040900737
 20
-231.6378799083014
 30
0.0
 10
-268.9674851710348
 20
-230.4109724538882
 30
0.0
 10
-273.2364451900743
 20
-233.1664654282599
 30
0.0
 10
-274.3304981381
 20
-233.8726456685136
 30
0.0
 10
-275.2621774537263
 20
-234.8030309398123
 30
0.0
 10
-275.9698776383159
 20
-235.896101309706
 30
0.0
  0
SPLINE
  5
79
330
70
100
AcDbEntity
  8
0
 62
     7
370
     0
100
AcDbSpline
210
0.0
220
0.0
230
1.0
 70
     8
 71
     3
 72
    11
 73
     7
 74
     0
 42
0.0000000001
 43
0.0000000001
 40
0.0
 40
0.0
 40
0.0
 40
0.0
 40
1.0
 40
1.0
 40
1.0
 40
2.0
 40
2.0
 40
2.0
 40
2.0
 10
-275.9698776383159
 20
-245.8961013096037
 30
0.0
 10
-273.2084538891903
 20
-250.1612273398319
 30
0.0
 10
-267.5123098380396
 20
-251.3802188893367
 30
0.0
 10
-263.2471838078108
 20
-248.6187951402115
 30
0.0
 10
-262.1577315544149
 20
-247.9134374779184
 30
0.0
 10
-261.229847639496
 20
-246.9855535629999
 30
0.0
 10
-260.5244899772034
 20
-245.8961013096037
 30
0.0
  0
SPLINE
  5
7A
330
70
100
AcDbEntity
  8
0
 62
     7
370
     0
100
AcDbSpline
210
0.0
220
0.0
230
1.0
 70
     8
 71
     3
 72
    11
 73
     7
 74
     0
 42
0.0000000001
 43
0.0000000001
 40
0.0
 40
0.0
 40
0.0
 40
0.0
 40
1.0
 40
1.0
 40
1.0
 40
2.0
 40
2.0
 40
2.0
 40
2.0
 10
-281.8578413965964
 20
-245.8961013095992
 30
0.0
 10
-279.0964176474731
 20
-253.4130599310825
 30
0.0
 10
-270.7641424292986
 20
-257.2681826476146
 30
0.0
 10
-263.2471838078152
 20
-254.5067588984913
 30
0.0
 10
-259.2524177346551
 20
-253.0392449128366
 30
0.0
 10
-256.1040402045778
 20
-249.890867382759
 30
0.0
 10
-254.6365262189228
 20
-245.8961013095992
 30
0.0
  0
SPLINE
  5
7B
330
70
100
AcDbEntity
  8
0
 62
     7
370
     0
100
AcDbSpline
210
0.0
220
0.0
230
1.0
 70
     8
 71
     3
 72
    11
 73
     7
 74
     0
 42
0.0000000001
 43
0.0000000001
 40
0.0
 40
0.0
 40
0.0
 40
0.0
 40
1.0
 40
1.0
 40
1.0
 40
2.0
 40
2.0
 40
2.0
 40
2.0
 10
-278.8802689668236
 20
-245.896101309664
 30
0.0
 10
-276.1188452176646
 20
-251.7685920866676
 30
0.0
 10
-269.1196745847534
 20
-254.2906102178778
 30
0.0
 10
-263.2471838077504
 20
-251.5291864687192
 30
0.0
 10
-260.7708262403643
 20
-250.3647278330803
 30
0.0
 10
-258.7785572843342
 20
-248.3724588770501
 30
0.0
 10
-257.6140986486957
 20
-245.896101309664
 30
0.0
  0
SPLINE
  5
7C
330
70
100
AcDbEntity
  8
0
 62
     7
370
     0
100
AcDbSpline
210
0.0
220
0.0
230
1.0
 70
     8
 71
     3
 72
    11
 73
     7
 74
     0
 42
0.0000000001
 43
0.0000000001
 40
0.0
 40
0.0
 40
0.0
 40
0.0
 40
1.0
 40
1.0
 40
1.0
 40
2.0
 40
2.0
 40
2.0
 40
2.0
 10
-257.632347458591
 20
-235.8574755763453
 30
0.0
 10
-260.4151036112032
 20
-229.9950633387494
 30
0.0
 10
-267.4233973034739
 20
-227.4985088078745
 30
0.0
 10
-273.2858095410695
 20
-230.2812649604863
 30
0.0
 10
-275.7446625644694
 20
-231.4484275723811
 30
0.0
 10
-277.7220537374398
 20
-233.4330210763379
 30
0.0
 10
-278.8802689668236
 20
-235.8961013096457
 30
0.0
  0
LINE
  5
7D
330
70
100
AcDbEntity
  8
0
 62
     7
370
     0
100
AcDbLine
 10
-274.8093861819491
 20
-236.7498433464815
 30
0.0
 11
-274.8093861819491
 21
-245.0423592728077
 31
0.0
  0
LINE
  5
7E
330
70
100
AcDbEntity
  8
0
 62
     7
370
     0
100
AcDbLine
 10
-261.6849814335419
 20
-236.7498433464815
 30
0.0
 11
-261.6849814335419
 21
-245.0423592728077
 31
0.0
  0
CIRCLE
  5
7F
330
70
100
AcDbEntity
  8
0
 62
     7
370
     0
100
AcDbCircle
 10
-268.2471838077596
 20
-240.8961013096548
 30
0.0
 40
4.499999999999838
  0
SPLINE
  5
80
330
70
100
AcDbEntity
  8
0
 62
     7
370
     0
100
AcDbSpline
210
0.0
220
0.0
230
1.0
 70
     8
 71
     3
 72
    11
 73
     7
 74
     0
 42
0.0000000001
 43
0.0000000001
 40
0.0
 40
0.0
 40
0.0
 40
0.0
 40
1.0
 40
1.0
 40
1.0
 40
2.0
 40
2.0
 40
2.0
 40
2.0
 10
-254.6365262189228
 20
-235.8961013097105
 30
0.0
 10
-257.3979499680461
 20
-228.3791426882272
 30
0.0
 10
-265.7302251862207
 20
-224.524019971695
 30
0.0
 10
-273.247183807704
 20
-227.2854437208184
 30
0.0
 10
-277.2419498808641
 20
-228.7529577064731
 30
0.0
 10
-280.3903274109414
 20
-231.9013352365507
 30
0.0
 10
-281.8578413965964
 20
-235.8961013097105
 30
0.0
  0
SPLINE
  5
81
330
70
100
AcDbEntity
  8
0
 62
     7
370
     0
100
AcDbSpline
210
0.0
220
0.0
230
1.0
 70
     9
 71
     3
 72
    59
 73
    55
 74
     0
 42
0.0000000001
 43
0.0000000001
 40
0.0
 40
0.0
 40
0.0
 40
0.0
 40
1.0
 40
1.0
 40
1.0
 40
2.0
 40
2.0
 40
2.0
 40
3.0
 40
3.0
 40
3.0
 40
4.0
 40
4.0
 40
4.0
 40
5.0
 40
5.0
 40
5.0
 40
6.0
 40
6.0
 40
6.0
 40
7.0
 40
7.0
 40
7.0
 40
8.0
 40
8.0
 40
8.0
 40
9.0
 40
9.0
 40
9.0
 40
10.0
 40
10.0
 40
10.0
 40
11.0
 40
11.0
 40
11.0
 40
12.0
 40
12.0
 40
12.0
 40
13.0
 40
13.0
 40
13.0
 40
14.0
 40
14.0
 40
14.0
 40
15.0
 40
15.0
 40
15.0
 40
16.0
 40
16.0
 40
16.0
 40
17.0
 40
17.0
 40
17.0
 40
18.0
 40
18.0
 40
18.0
 40
18.0
 10
-249.4971838077598
 20
-237.8961013096547
 30
0.0
 10
-249.4971838077517
 20
-237.3438165598289
 30
0.0
 10
-249.9448990579105
 20
-236.8961013096573
 30
0.0
 10
-250.4971838077364
 20
-236.8961013096489
 30
0.0
 10
-250.4971838077364
 20
-236.8961013096489
 30
0.0
 10
-260.7596942417858
 20
-236.8961013096624
 30
0.0
 10
-260.7596942417858
 20
-236.8961013096624
 30
0.0
 10
-261.5903702943736
 20
-236.8961013096663
 30
0.0
 10
-262.3838636398263
 20
-236.5516796780859
 30
0.0
 10
-262.9511546025595
 20
-235.9448817974498
 30
0.0
 10
-265.685637632215
 20
-233.0199656327671
 30
0.0
 10
-270.2734871552668
 20
-232.8655890748164
 30
0.0
 10
-273.198403319947
 20
-235.6000721044734
 30
0.0
 10
-273.3171737748642
 20
-235.7111097462761
 30
0.0
 10
-273.4321753711602
 20
-235.8261113425734
 30
0.0
 10
-273.5432130129616
 20
-235.9448817974909
 30
0.0
 10
-274.1105039756832
 20
-236.5516796781115
 30
0.0
 10
-274.9039973211135
 20
-236.8961013096765
 30
0.0
 10
-275.734673373676
 20
-236.8961013096637
 30
0.0
 10
-275.734673373676
 20
-236.8961013096637
 30
0.0
 10
-285.9971838077592
 20
-236.8961013096624
 30
0.0
 10
-285.9971838077592
 20
-236.8961013096624
 30
0.0
 10
-286.549468557591
 20
-236.8961013096547
 30
0.0
 10
-286.9971838077537
 20
-237.3438165598174
 30
0.0
 10
-286.9971838077537
 20
-237.89610130964
 30
0.0
 10
-286.9971838077537
 20
-237.89610130964
 30
0.0
 10
-286.9971838077601
 20
-243.8961013096607
 30
0.0
 10
-286.9971838077601
 20
-243.8961013096607
 30
0.0
 10
-286.9971838077675
 20
-244.4483860594808
 30
0.0
 10
-286.5494685576087
 20
-244.8961013096524
 30
0.0
 10
-285.9971838077829
 20
-244.8961013096607
 30
0.0
 10
-285.9971838077829
 20
-244.8961013096607
 30
0.0
 10
-275.7346733736754
 20
-244.8961013096575
 30
0.0
 10
-275.7346733736754
 20
-244.8961013096575
 30
0.0
 10
-274.9039973211131
 20
-244.8961013096518
 30
0.0
 10
-274.1105039756829
 20
-245.2405229412161
 30
0.0
 10
-273.5432130129619
 20
-245.8473208218278
 30
0.0
 10
-270.8087299833289
 20
-248.7722369865221
 30
0.0
 10
-266.2208804602781
 20
-248.9266135445107
 30
0.0
 10
-263.2959642955748
 20
-246.1921305148781
 30
0.0
 10
-263.177193840657
 20
-246.0810928730766
 30
0.0
 10
-263.0621922443596
 20
-245.9660912767806
 30
0.0
 10
-262.9511546025573
 20
-245.8473208218631
 30
0.0
 10
-262.383863639785
 20
-245.2405229412284
 30
0.0
 10
-261.5903702943362
 20
-244.8961013096614
 30
0.0
 10
-260.759694241753
 20
-244.8961013096614
 30
0.0
 10
-260.759694241753
 20
-244.8961013096614
 30
0.0
 10
-250.4971838077592
 20
-244.8961013096575
 30
0.0
 10
-250.4971838077592
 20
-244.8961013096575
 30
0.0
 10
-249.9448990579282
 20
-244.896101309655
 30
0.0
 10
-249.4971838077655
 20
-244.4483860594924
 30
0.0
 10
-249.4971838077655
 20
-243.8961013096697
 30
0.0
 10
-249.4971838077655
 20
-243.8961013096697
 30
0.0
 10
-249.4971838077591
 20
-237.8961013096593
 30
0.0
 10
-249.4971838077598
 20
-237.8961013096547
 30
0.0
  0
SPLINE
  5
82
330
70
100
AcDbEntity
  8
0
 62
     7
370
     0
100
AcDbSpline
210
0.0
220
0.0
230
1.0
 70
     8
 71
     3
 72
    32
 73
    28
 74
     0
 42
0.0000000001
 43
0.0000000001
 40
0.0
 40
0.0
 40
0.0
 40
0.0
 40
1.0
 40
1.0
 40
1.0
 40
2.0
 40
2.0
 40
2.0
 40
3.0
 40
3.0
 40
3.0
 40
4.0
 40
4.0
 40
4.0
 40
5.0
 40
5.0
 40
5.0
 40
6.0
 40
6.0
 40
6.0
 40
7.0
 40
7.0
 40
7.0
 40
8.0
 40
8.0
 40
8.0
 40
9.0
 40
9.0
 40
9.0
 40
9.0
 10
-248.4971838077594
 20
-243.8961013096646
 30
0.0
 10
-248.4971838077626
 20
-245.0006708093272
 30
0.0
 10
-249.3926143081024
 20
-245.8961013096647
 30
0.0
 10
-250.4971838077649
 20
-245.8961013096647
 30
0.0
 10
-250.4971838077649
 20
-245.8961013096647
 30
0.0
 10
-260.7596942417858
 20
-245.8961013096557
 30
0.0
 10
-260.7596942417858
 20
-245.8961013096557
 30
0.0
 10
-261.3134782768371
 20
-245.8961013096409
 30
0.0
 10
-261.8424738404708
 20
-246.1257157306789
 30
0.0
 10
-262.2206678156324
 20
-246.5302476510869
 30
0.0
 10
-262.3470209942309
 20
-246.6654002377154
 30
0.0
 10
-262.4778848796676
 20
-246.7962641231534
 30
0.0
 10
-262.6130374662932
 20
-246.9226173017519
 30
0.0
 10
-265.9413903433288
 20
-250.0342704044534
 30
0.0
 10
-271.162046697125
 20
-249.8586005281667
 30
0.0
 10
-274.2736997998262
 20
-246.5302476511312
 30
0.0
 10
-274.6518937749882
 20
-246.1257157307161
 30
0.0
 10
-275.1808893386186
 20
-245.896101309664
 30
0.0
 10
-275.734673373675
 20
-245.8961013096576
 30
0.0
 10
-275.734673373675
 20
-245.8961013096576
 30
0.0
 10
-285.9971838077592
 20
-245.8961013096557
 30
0.0
 10
-285.9971838077592
 20
-245.8961013096557
 30
0.0
 10
-287.1017533074191
 20
-245.8961013096563
 30
0.0
 10
-287.9971838077544
 20
-245.0006708093188
 30
0.0
 10
-287.9971838077544
 20
-243.8961013096594
 30
0.0
 10
-287.9971838077544
 20
-243.8961013096594
 30
0.0
 10
-287.9971838077595
 20
-237.8961013096593
 30
0.0
 10
-287.9971838077595
 20
-237.8961013096593
 30
0.0
  0
SPLINE
  5
83
330
70
100
AcDbEntity
  8
0
 62
     7
370
     0
100
AcDbSpline
210
0.0
220
0.0
230
1.0
 70
     8
 71
     3
 72
    32
 73
    28
 74
     0
 42
0.0000000001
 43
0.0000000001
 40
0.0
 40
0.0
 40
0.0
 40
0.0
 40
1.0
 40
1.0
 40
1.0
 40
2.0
 40
2.0
 40
2.0
 40
3.0
 40
3.0
 40
3.0
 40
4.0
 40
4.0
 40
4.0
 40
5.0
 40
5.0
 40
5.0
 40
6.0
 40
6.0
 40
6.0
 40
7.0
 40
7.0
 40
7.0
 40
8.0
 40
8.0
 40
8.0
 40
9.0
 40
9.0
 40
9.0
 40
9.0
 10
-287.9971838077598
 20
-237.8961013096554
 30
0.0
 10
-287.9971838077566
 20
-236.7915318099929
 30
0.0
 10
-287.1017533074168
 20
-235.8961013096553
 30
0.0
 10
-285.9971838077543
 20
-235.8961013096553
 30
0.0
 10
-285.9971838077543
 20
-235.8961013096553
 30
0.0
 10
-275.7346733736754
 20
-235.8961013096643
 30
0.0
 10
-275.7346733736754
 20
-235.8961013096643
 30
0.0
 10
-275.1808893386411
 20
-235.8961013096604
 30
0.0
 10
-274.6518937750084
 20
-235.6664868886141
 30
0.0
 10
-274.2736997998426
 20
-235.2619549682029
 30
0.0
 10
-274.1473466212286
 20
-235.1268023815616
 30
0.0
 10
-274.016482735791
 20
-234.9959384961249
 30
0.0
 10
-273.8813301491644
 20
-234.869585317527
 30
0.0
 10
-270.5529772721064
 20
-231.7579322148486
 30
0.0
 10
-265.3323209183101
 20
-231.9336020911713
 30
0.0
 10
-262.2206678156314
 20
-235.2619549682299
 30
0.0
 10
-261.8424738404708
 20
-235.6664868886411
 30
0.0
 10
-261.3134782768371
 20
-235.8961013096791
 30
0.0
 10
-260.7596942417858
 20
-235.8961013096611
 30
0.0
 10
-260.7596942417858
 20
-235.8961013096611
 30
0.0
 10
-250.4971838077592
 20
-235.8961013096643
 30
0.0
 10
-250.4971838077592
 20
-235.8961013096643
 30
0.0
 10
-249.3926143081001
 20
-235.8961013096636
 30
0.0
 10
-248.4971838077648
 20
-236.7915318100012
 30
0.0
 10
-248.4971838077648
 20
-237.8961013096605
 30
0.0
 10
-248.4971838077648
 20
-237.8961013096605
 30
0.0
 10
-248.4971838077597
 20
-243.8961013096607
 30
0.0
 10
-248.4971838077597
 20
-243.8961013096607
 30
0.0
  0
SPLINE
  5
84
330
70
100
AcDbEntity
  8
0
 62
     7
370
     0
100
AcDbSpline
210
0.0
220
0.0
230
1.0
 70
     8
 71
     3
 72
    11
 73
     7
 74
     0
 42
0.0000000001
 43
0.0000000001
 40
0.0
 40
0.0
 40
0.0
 40
0.0
 40
1.0
 40
1.0
 40
1.0
 40
2.0
 40
2.0
 40
2.0
 40
2.0
 10
-275.9698776383159
 20
604.1038986903917
 30
0.0
 10
-273.2084538891903
 20
599.8387726601631
 30
0.0
 10
-267.5123098380392
 20
598.6197811106586
 30
0.0
 10
-263.2471838078108
 20
601.3812048597842
 30
0.0
 10
-262.1541134379171
 20
602.0889050443738
 30
0.0
 10
-261.223728166618
 20
603.0205843600001
 30
0.0
 10
-260.517547926365
 20
604.1146373080262
 30
0.0
  0
SPLINE
  5
85
330
70
100
AcDbEntity
  8
0
 62
     7
370
     0
100
AcDbSpline
210
0.0
220
0.0
230
1.0
 70
     8
 71
     3
 72
    11
 73
     7
 74
     0
 42
0.0000000001
 43
0.0000000001
 40
0.0
 40
0.0
 40
0.0
 40
0.0
 40
1.0
 40
1.0
 40
1.0
 40
2.0
 40
2.0
 40
2.0
 40
2.0
 10
-260.5244899772034
 20
614.1038986902893
 30
0.0
 10
-263.2859137263292
 20
618.3690247205178
 30
0.0
 10
-268.98205777748
 20
619.5880162700222
 30
0.0
 10
-273.2471838077084
 20
616.8265925208967
 30
0.0
 10
-274.3366360611043
 20
616.121234858604
 30
0.0
 10
-275.2645199760232
 20
615.1933509436852
 30
0.0
 10
-275.9698776383159
 20
614.1038986902893
 30
0.0
  0
SPLINE
  5
86
330
70
100
AcDbEntity
  8
0
 62
     7
370
     0
100
AcDbSpline
210
0.0
220
0.0
230
1.0
 70
     8
 71
     3
 72
    11
 73
     7
 74
     0
 42
0.0000000001
 43
0.0000000001
 40
0.0
 40
0.0
 40
0.0
 40
0.0
 40
1.0
 40
1.0
 40
1.0
 40
2.0
 40
2.0
 40
2.0
 40
2.0
 10
-254.6365262189228
 20
614.1038986902848
 30
0.0
 10
-257.3979499680461
 20
621.6208573117682
 30
0.0
 10
-265.7302251862207
 20
625.4759800283003
 30
0.0
 10
-273.247183807704
 20
622.7145562791768
 30
0.0
 10
-277.2419498808641
 20
621.2470422935223
 30
0.0
 10
-280.3903274109414
 20
618.0986647634449
 30
0.0
 10
-281.8578413965964
 20
614.1038986902848
 30
0.0
  0
SPLINE
  5
87
330
70
100
AcDbEntity
  8
0
 62
     7
370
     0
100
AcDbSpline
210
0.0
220
0.0
230
1.0
 70
     8
 71
     3
 72
    11
 73
     7
 74
     0
 42
0.0000000001
 43
0.0000000001
 40
0.0
 40
0.0
 40
0.0
 40
0.0
 40
1.0
 40
1.0
 40
1.0
 40
2.0
 40
2.0
 40
2.0
 40
2.0
 10
-257.6140986486957
 20
614.1038986903496
 30
0.0
 10
-260.3755223978546
 20
619.9763894673528
 30
0.0
 10
-267.3746930307658
 20
622.4984075985633
 30
0.0
 10
-273.2471838077688
 20
619.7369838494044
 30
0.0
 10
-275.7235413751549
 20
618.5725252137659
 30
0.0
 10
-277.7158103311851
 20
616.5802562577357
 30
0.0
 10
-278.8802689668236
 20
614.1038986903496
 30
0.0
  0
SPLINE
  5
88
330
70
100
AcDbEntity
  8
0
 62
     7
370
     0
100
AcDbSpline
210
0.0
220
0.0
230
1.0
 70
     8
 71
     3
 72
    11
 73
     7
 74
     0
 42
0.0000000001
 43
0.0000000001
 40
0.0
 40
0.0
 40
0.0
 40
0.0
 40
1.0
 40
1.0
 40
1.0
 40
2.0
 40
2.0
 40
2.0
 40
2.0
 10
-278.8802689668236
 20
604.1038986903313
 30
0.0
 10
-276.1188452176646
 20
598.231407913328
 30
0.0
 10
-269.1196745847534
 20
595.7093897821176
 30
0.0
 10
-263.2471838077504
 20
598.4708135312765
 30
0.0
 10
-260.7841035744426
 20
599.6290287606602
 30
0.0
 10
-258.7995100704858
 20
601.6064199336307
 30
0.0
 10
-257.632347458591
 20
604.0652729570306
 30
0.0
  0
LINE
  5
89
330
70
100
AcDbEntity
  8
0
 62
     7
370
     0
100
AcDbLine
 10
-274.8093861819491
 20
604.9576407271671
 30
0.0
 11
-274.8093861819491
 21
613.2501566534933
 31
0.0
  0
LINE
  5
8A
330
70
100
AcDbEntity
  8
0
 62
     7
370
     0
100
AcDbLine
 10
-261.6849814335419
 20
604.9576407271671
 30
0.0
 11
-261.6849814335419
 21
613.2501566534933
 31
0.0
  0
CIRCLE
  5
8B
330
70
100
AcDbEntity
  8
0
 62
     7
370
     0
100
AcDbCircle
 10
-268.2471838077596
 20
609.1038986903405
 30
0.0
 40
4.499999999999838
  0
SPLINE
  5
8C
330
70
100
AcDbEntity
  8
0
 62
     7
370
     0
100
AcDbSpline
210
0.0
220
0.0
230
1.0
 70
     8
 71
     3
 72
    11
 73
     7
 74
     0
 42
0.0000000001
 43
0.0000000001
 40
0.0
 40
0.0
 40
0.0
 40
0.0
 40
1.0
 40
1.0
 40
1.0
 40
2.0
 40
2.0
 40
2.0
 40
2.0
 10
-281.8578413965964
 20
604.1038986903961
 30
0.0
 10
-279.0964176474731
 20
596.5869400689127
 30
0.0
 10
-270.7641424292986
 20
592.7318173523807
 30
0.0
 10
-263.2471838078152
 20
595.4932411015041
 30
0.0
 10
-259.2524177346551
 20
596.9607550871587
 30
0.0
 10
-256.1040402045778
 20
600.1091326172359
 30
0.0
 10
-254.6365262189231
 20
604.1038986903961
 30
0.0
  0
SPLINE
  5
8D
330
70
100
AcDbEntity
  8
0
 62
     7
370
     0
100
AcDbSpline
210
0.0
220
0.0
230
1.0
 70
     9
 71
     3
 72
    59
 73
    55
 74
     0
 42
0.0000000001
 43
0.0000000001
 40
0.0
 40
0.0
 40
0.0
 40
0.0
 40
1.0
 40
1.0
 40
1.0
 40
2.0
 40
2.0
 40
2.0
 40
3.0
 40
3.0
 40
3.0
 40
4.0
 40
4.0
 40
4.0
 40
5.0
 40
5.0
 40
5.0
 40
6.0
 40
6.0
 40
6.0
 40
7.0
 40
7.0
 40
7.0
 40
8.0
 40
8.0
 40
8.0
 40
9.0
 40
9.0
 40
9.0
 40
10.0
 40
10.0
 40
10.0
 40
11.0
 40
11.0
 40
11.0
 40
12.0
 40
12.0
 40
12.0
 40
13.0
 40
13.0
 40
13.0
 40
14.0
 40
14.0
 40
14.0
 40
15.0
 40
15.0
 40
15.0
 40
16.0
 40
16.0
 40
16.0
 40
17.0
 40
17.0
 40
17.0
 40
18.0
 40
18.0
 40
18.0
 40
18.0
 10
-249.4971838077598
 20
606.1038986903256
 30
0.0
 10
-249.4971838077598
 20
605.5516139404998
 30
0.0
 10
-249.944899057925
 20
605.1038986903346
 30
0.0
 10
-250.4971838077508
 20
605.1038986903346
 30
0.0
 10
-250.4971838077508
 20
605.1038986903346
 30
0.0
 10
-260.7596942417858
 20
605.1038986903378
 30
0.0
 10
-260.7596942417858
 20
605.1038986903378
 30
0.0
 10
-261.5903702944064
 20
605.1038986903425
 30
0.0
 10
-262.3838636398556
 20
604.7594770587538
 30
0.0
 10
-262.951154602582
 20
604.1526791781117
 30
0.0
 10
-263.0621922443603
 20
604.0339087232154
 30
0.0
 10
-263.1771938406572
 20
603.9189071269192
 30
0.0
 10
-263.2959642955754
 20
603.8078694851179
 30
0.0
 10
-266.2208804602781
 20
601.0733864554853
 30
0.0
 10
-270.8087299833289
 20
601.2277630134739
 30
0.0
 10
-273.5432130129616
 20
604.1526791781765
 30
0.0
 10
-274.1105039756832
 20
604.7594770587868
 30
0.0
 10
-274.9039973211135
 20
605.1038986903519
 30
0.0
 10
-275.734673373676
 20
605.1038986903391
 30
0.0
 10
-275.734673373676
 20
605.1038986903391
 30
0.0
 10
-285.9971838077592
 20
605.1038986903378
 30
0.0
 10
-285.9971838077592
 20
605.1038986903378
 30
0.0
 10
-286.5494685576058
 20
605.103898690348
 30
0.0
 10
-286.9971838077621
 20
605.5516139405174
 30
0.0
 10
-286.9971838077537
 20
606.10389869034
 30
0.0
 10
-286.9971838077537
 20
606.10389869034
 30
0.0
 10
-286.9971838077601
 20
612.1038986903357
 30
0.0
 10
-286.9971838077601
 20
612.1038986903357
 30
0.0
 10
-286.9971838077595
 20
612.6561834401812
 30
0.0
 10
-286.5494685575943
 20
613.1038986903464
 30
0.0
 10
-285.9971838077684
 20
613.1038986903464
 30
0.0
 10
-285.9971838077684
 20
613.1038986903464
 30
0.0
 10
-275.7346733736754
 20
613.1038986903432
 30
0.0
 10
-275.7346733736754
 20
613.1038986903432
 30
0.0
 10
-274.9039973211131
 20
613.1038986903271
 30
0.0
 10
-274.1105039756829
 20
613.4483203218914
 30
0.0
 10
-273.5432130129619
 20
614.0551182025031
 30
0.0
 10
-273.4321753711609
 20
614.1738886574225
 30
0.0
 10
-273.3171737748645
 20
614.2888902537199
 30
0.0
 10
-273.1984033199473
 20
614.3999278955223
 30
0.0
 10
-270.2734871552671
 20
617.1344109251796
 30
0.0
 10
-265.6856376322147
 20
616.9800343672292
 30
0.0
 10
-262.9511546025573
 20
614.0551182025488
 30
0.0
 10
-262.3838636398141
 20
613.4483203219319
 30
0.0
 10
-261.5903702943688
 20
613.1038986903559
 30
0.0
 10
-260.7596942417858
 20
613.103898690347
 30
0.0
 10
-260.7596942417858
 20
613.103898690347
 30
0.0
 10
-250.4971838077592
 20
613.1038986903432
 30
0.0
 10
-250.4971838077592
 20
613.1038986903432
 30
0.0
 10
-249.9448990579134
 20
613.1038986903329
 30
0.0
 10
-249.4971838077572
 20
612.6561834401635
 30
0.0
 10
-249.4971838077655
 20
612.1038986903409
 30
0.0
 10
-249.4971838077655
 20
612.1038986903409
 30
0.0
 10
-249.4971838077591
 20
606.1038986903452
 30
0.0
 10
-249.4971838077598
 20
606.1038986903256
 30
0.0
  0
SPLINE
  5
8E
330
70
100
AcDbEntity
  8
0
 62
     7
370
     0
100
AcDbSpline
210
0.0
220
0.0
230
1.0
 70
     8
 71
     3
 72
    32
 73
    28
 74
     0
 42
0.0000000001
 43
0.0000000001
 40
0.0
 40
0.0
 40
0.0
 40
0.0
 40
1.0
 40
1.0
 40
1.0
 40
2.0
 40
2.0
 40
2.0
 40
3.0
 40
3.0
 40
3.0
 40
4.0
 40
4.0
 40
4.0
 40
5.0
 40
5.0
 40
5.0
 40
6.0
 40
6.0
 40
6.0
 40
7.0
 40
7.0
 40
7.0
 40
8.0
 40
8.0
 40
8.0
 40
9.0
 40
9.0
 40
9.0
 40
9.0
 10
-248.4971838077594
 20
612.103898690345
 30
0.0
 10
-248.4971838077594
 20
613.2084681900076
 30
0.0
 10
-249.3926143080969
 20
614.1038986903477
 30
0.0
 10
-250.4971838077595
 20
614.1038986903506
 30
0.0
 10
-250.4971838077595
 20
614.1038986903506
 30
0.0
 10
-260.7596942417858
 20
614.1038986903413
 30
0.0
 10
-260.7596942417858
 20
614.1038986903413
 30
0.0
 10
-261.3134782768371
 20
614.1038986903269
 30
0.0
 10
-261.8424738404708
 20
614.3335131113645
 30
0.0
 10
-262.2206678156324
 20
614.7380450317726
 30
0.0
 10
-265.3323209183108
 20
618.0663979088218
 30
0.0
 10
-270.5529772721058
 20
618.2420677851448
 30
0.0
 10
-273.8813301491631
 20
615.1304146824671
 30
0.0
 10
-274.0164827357897
 20
615.0040615038691
 30
0.0
 10
-274.1473466212274
 20
614.8731976184325
 30
0.0
 10
-274.2736997998262
 20
614.7380450318069
 30
0.0
 10
-274.6518937750074
 20
614.3335131113901
 30
0.0
 10
-275.1808893386404
 20
614.1038986903436
 30
0.0
 10
-275.7346733736969
 20
614.1038986903436
 30
0.0
 10
-275.7346733736969
 20
614.1038986903436
 30
0.0
 10
-285.9971838077592
 20
614.1038986903413
 30
0.0
 10
-285.9971838077592
 20
614.1038986903413
 30
0.0
 10
-287.1017533074137
 20
614.1038986903452
 30
0.0
 10
-287.9971838077512
 20
613.2084681900098
 30
0.0
 10
-287.9971838077544
 20
612.1038986903506
 30
0.0
 10
-287.9971838077544
 20
612.1038986903506
 30
0.0
 10
-287.9971838077595
 20
606.1038986903452
 30
0.0
 10
-287.9971838077595
 20
606.1038986903452
 30
0.0
  0
SPLINE
  5
8F
330
70
100
AcDbEntity
  8
0
 62
     7
370
     0
100
AcDbSpline
210
0.0
220
0.0
230
1.0
 70
     8
 71
     3
 72
    32
 73
    28
 74
     0
 42
0.0000000001
 43
0.0000000001
 40
0.0
 40
0.0
 40
0.0
 40
0.0
 40
1.0
 40
1.0
 40
1.0
 40
2.0
 40
2.0
 40
2.0
 40
3.0
 40
3.0
 40
3.0
 40
4.0
 40
4.0
 40
4.0
 40
5.0
 40
5.0
 40
5.0
 40
6.0
 40
6.0
 40
6.0
 40
7.0
 40
7.0
 40
7.0
 40
8.0
 40
8.0
 40
8.0
 40
9.0
 40
9.0
 40
9.0
 40
9.0
 10
-287.9971838077598
 20
606.1038986903358
 30
0.0
 10
-287.9971838077598
 20
604.9993291906734
 30
0.0
 10
-287.1017533074223
 20
604.1038986903332
 30
0.0
 10
-285.9971838077598
 20
604.1038986903304
 30
0.0
 10
-285.9971838077598
 20
604.1038986903304
 30
0.0
 10
-275.7346733736754
 20
604.1038986903396
 30
0.0
 10
-275.7346733736754
 20
604.1038986903396
 30
0.0
 10
-275.1808893386193
 20
604.1038986903297
 30
0.0
 10
-274.6518937749888
 20
603.8742842692772
 30
0.0
 10
-274.2736997998278
 20
603.4697523488626
 30
0.0
 10
-271.1620466971257
 20
600.1413994718367
 30
0.0
 10
-265.9413903433281
 20
599.9657295955501
 30
0.0
 10
-262.613037466292
 20
603.0773826982521
 30
0.0
 10
-262.4778848796663
 20
603.2037358768509
 30
0.0
 10
-262.3470209942297
 20
603.3345997622886
 30
0.0
 10
-262.2206678156318
 20
603.4697523489152
 30
0.0
 10
-261.8424738404708
 20
603.8742842693167
 30
0.0
 10
-261.3134782768371
 20
604.1038986903544
 30
0.0
 10
-260.7596942417858
 20
604.1038986903364
 30
0.0
 10
-260.7596942417858
 20
604.1038986903364
 30
0.0
 10
-250.4971838077592
 20
604.1038986903396
 30
0.0
 10
-250.4971838077592
 20
604.1038986903396
 30
0.0
 10
-249.3926143081056
 20
604.1038986903357
 30
0.0
 10
-248.4971838077681
 20
604.999329190671
 30
0.0
 10
-248.4971838077648
 20
606.1038986903304
 30
0.0
 10
-248.4971838077648
 20
606.1038986903304
 30
0.0
 10
-248.4971838077597
 20
612.1038986903357
 30
0.0
 10
-248.4971838077597
 20
612.1038986903357
 30
0.0
  0
LWPOLYLINE
  5
90
330
70
100
AcDbEntity
  8
0
 62
     7
370
     0
100
AcDbPolyline
 90
        4
 70
     1
 43
0.0
 10
105.3073304491105
 20
-303.896101309659
 10
667.3073304491104
 20
-303.896101309659
 10
667.3073304491098
 20
708.103898690341
 10
105.3073304491099
 20
708.1038986903381
  0
LWPOLYLINE
  5
91
330
70
100
AcDbEntity
  8
0
 62
     7
370
     0
100
AcDbPolyline
 90
        4
 70
     1
 43
0.0
 10
106.9073304491157
 20
-302.2961013096538
 10
665.7073304491039
 20
-302.2961013096538
 10
665.7073304491046
 20
706.5038986903346
 10
106.9073304491163
 20
706.503898690333
  0
LWPOLYLINE
  5
92
330
70
100
AcDbEntity
  8
0
  6
AI-Linetype-0
 62
     7
370
     0
100
AcDbPolyline
 90
        4
 70
     1
 43
0.0
 10
112.2073304491188
 20
-296.9961013096546
 10
660.4073304491016
 20
-296.9961013096546
 10
660.4073304491016
 20
701.203898690328
 10
112.2073304491191
 20
701.2038986903337
  0
LWPOLYLINE
  5
94
330
70
100
AcDbEntity
  8
0
 62
     7
370
     0
100
AcDbPolyline
 90
        4
 70
     1
 43
0.0
 10
113.8073304491252
 20
-295.3961013096494
 10
658.8073304490964
 20
-295.3961013096494
 10
658.807330449095
 20
699.6038986903215
 10
113.8073304491243
 20
699.6038986903286
  0
MTEXT
  5
95
330
70
100
AcDbEntity
  8
0
100
AcDbMText
 10
-720.3642983225131
 20
784.4977652389884
 30
0.0
 40
0.2
 41
0.0
 46
0.0
 71
     7
 72
     1
  1
\C7;\FArial|b0|i0|c1;\H23.100000;\W1.000000;VISTA A - VISTA FRONTAL
 73
     1
 44
1.0
  0
INSERT
  5
97
330
70
100
AcDbEntity
  8
0
100
AcDbBlockReference
  2
Block_0
 10
0.0
 20
0.0
 30
0.0
  0
INSERT
  5
9D
330
70
100
AcDbEntity
  8
0
100
AcDbBlockReference
  2
Block_1
 10
0.0
 20
0.0
 30
0.0
  0
INSERT
  5
A5
330
70
100
AcDbEntity
  8
0
100
AcDbBlockReference
  2
Block_2
 10
0.0
 20
0.0
 30
0.0
  0
LWPOLYLINE
  5
AC
330
70
100
AcDbEntity
  8
0
 62
     7
370
     0
100
AcDbPolyline
 90
        6
 70
     1
 43
0.0
 10
-222.7471838077622
 20
712.1038986903409
 10
-813.7471838077622
 20
712.1038986903409
 10
-815.747183807762
 20
710.1038986903408
 10
-815.747183807762
 20
709.1038986903446
 10
-220.7471838077621
 20
709.1038986903363
 10
-220.7471838077621
 20
710.1038986903363
  0
LWPOLYLINE
  5
AD
330
70
100
AcDbEntity
  8
0
 62
     7
370
     0
100
AcDbPolyline
 90
        6
 70
     1
 43
0.0
 10
-222.7471838077622
 20
-343.8961013096553
 10
-813.7471838077622
 20
-343.8961013096553
 10
-815.747183807762
 20
-341.8961013096552
 10
-815.747183807762
 20
-340.896101309659
 10
-220.7471838077621
 20
-340.8961013096609
 10
-220.7471838077621
 20
-341.896101309661
  0
LWPOLYLINE
  5
AE
330
70
100
AcDbEntity
  8
0
 62
     7
370
     0
100
AcDbPolyline
 90
        6
 70
     1
 43
0.0
 10
681.8073304491029
 20
730.1038986903376
 10
90.80733044910294
 20
730.1038986903376
 10
88.8073304491032
 20
728.1038986903375
 10
88.8073304491032
 20
727.1038986903414
 10
683.807330449103
 20
727.1038986903434
 10
683.807330449103
 20
728.1038986903434
  0
LWPOLYLINE
  5
AF
330
70
100
AcDbEntity
  8
0
 62
     7
370
     0
100
AcDbPolyline
 90
        6
 70
     1
 43
0.0
 10
681.8073304491029
 20
-325.8961013096585
 10
90.80733044910294
 20
-325.8961013096585
 10
88.8073304491032
 20
-323.8961013096584
 10
88.8073304491032
 20
-322.8961013096622
 10
683.807330449103
 20
-322.8961013096642
 10
683.807330449103
 20
-323.8961013096642
  0
LWPOLYLINE
  5
B0
330
70
100
AcDbEntity
  8
0
 62
     7
370
     0
100
AcDbPolyline
 90
        4
 70
     1
 43
0.0
 10
166.3073304491005
 20
602.0918206423378
 10
606.3073304491005
 20
602.0918206423378
 10
606.3073304491005
 20
557.0918206423378
 10
166.3073304491005
 20
557.0918206423304
  0
LWPOLYLINE
  5
B1
330
70
100
AcDbEntity
  8
0
 62
     7
370
     0
100
AcDbPolyline
 90
        4
 70
     1
 43
0.0
 10
873.761973311814
 20
-303.896101309659
 10
1435.761973311814
 20
-303.896101309659
 10
1435.761973311813
 20
708.103898690341
 10
873.7619733118133
 20
708.1038986903381
  0
LWPOLYLINE
  5
B2
330
70
100
AcDbEntity
  8
0
 62
     7
370
     0
100
AcDbPolyline
 90
        4
 70
     1
 43
0.0
 10
875.3619733118192
 20
-302.2961013096538
 10
1434.161973311807
 20
-302.2961013096538
 10
1434.161973311808
 20
706.5038986903346
 10
875.3619733118197
 20
706.503898690333
  0
LWPOLYLINE
  5
B3
330
70
100
AcDbEntity
  8
0
  6
AI-Linetype-1
 62
     7
370
     0
100
AcDbPolyline
 90
        4
 70
     1
 43
0.0
 10
880.6619733118223
 20
-296.9961013096546
 10
1428.861973311805
 20
-296.9961013096546
 10
1428.861973311805
 20
701.203898690328
 10
880.6619733118223
 20
701.2038986903337
  0
LWPOLYLINE
  5
B5
330
70
100
AcDbEntity
  8
0
 62
     7
370
     0
100
AcDbPolyline
 90
        4
 70
     1
 43
0.0
 10
882.2619733118287
 20
-295.3961013096494
 10
1427.2619733118
 20
-295.3961013096494
 10
1427.261973311799
 20
699.6038986903215
 10
882.2619733118274
 20
699.6038986903286
  0
INSERT
  5
B7
330
70
100
AcDbEntity
  8
0
100
AcDbBlockReference
  2
Block_3
 10
0.0
 20
0.0
 30
0.0
  0
LWPOLYLINE
  5
BC
330
70
100
AcDbEntity
  8
0
 62
     7
370
     0
100
AcDbPolyline
 90
        6
 70
     1
 43
0.0
 10
1450.261973311806
 20
730.1038986903376
 10
859.2619733118068
 20
730.1038986903376
 10
857.2619733118067
 20
728.1038986903375
 10
857.2619733118067
 20
727.1038986903414
 10
1452.261973311806
 20
727.1038986903434
 10
1452.261973311806
 20
728.1038986903434
  0
LWPOLYLINE
  5
BD
330
70
100
AcDbEntity
  8
0
 62
     7
370
     0
100
AcDbPolyline
 90
        6
 70
     1
 43
0.0
 10
1450.261973311806
 20
-325.8961013096585
 10
859.2619733118068
 20
-325.8961013096585
 10
857.2619733118067
 20
-323.8961013096584
 10
857.2619733118067
 20
-322.8961013096622
 10
1452.261973311806
 20
-322.8961013096642
 10
1452.261973311806
 20
-323.8961013096642
  0
LWPOLYLINE
  5
BE
330
70
100
AcDbEntity
  8
0
 62
     7
370
     0
100
AcDbPolyline
 90
        4
 70
     1
 43
0.0
 10
166.307330449103
 20
454.1038986903459
 10
606.3073304491032
 20
454.1038986903459
 10
606.3073304491032
 20
409.1038986903459
 10
166.307330449103
 20
409.1038986903385
  0
LWPOLYLINE
  5
BF
330
70
100
AcDbEntity
  8
0
 62
     7
370
     0
100
AcDbPolyline
 90
        4
 70
     1
 43
0.0
 10
166.307330449103
 20
303.6258420516815
 10
606.3073304491032
 20
303.6258420516815
 10
606.3073304491032
 20
258.6258420516815
 10
166.307330449103
 20
258.6258420516741
  0
LWPOLYLINE
  5
C0
330
70
100
AcDbEntity
  8
0
 62
     7
370
     0
100
AcDbPolyline
 90
        4
 70
     1
 43
0.0
 10
140.8073304491025
 20
689.1038986903432
 10
631.8073304491024
 20
689.1038986903432
 10
631.8073304491024
 20
-284.8961013096564
 10
140.8073304491025
 20
-284.8961013096641
  0
LINE
  5
C1
330
70
100
AcDbEntity
  8
0
  6
AI-Linetype-2
 62
     7
370
     0
100
AcDbLine
 10
617.5149171652646
 20
-226.6961013096819
 30
0.0
 11
639.7073304491268
 21
-226.6961013096819
 31
0.0
  0
LINE
  5
C3
330
70
100
AcDbEntity
  8
0
  6
AI-Linetype-3
 62
     7
370
     0
100
AcDbLine
 10
617.5149171652646
 20
-245.0961013096762
 30
0.0
 11
639.7073304491268
 21
-245.0961013096762
 31
0.0
  0
LINE
  5
C5
330
70
100
AcDbEntity
  8
0
  6
AI-Linetype-4
 62
     7
370
     0
100
AcDbLine
 10
627.7073304491263
 20
-238.3961013096647
 30
0.0
 11
641.5658590103178
 21
-238.3961013096647
 31
0.0
  0
LINE
  5
C7
330
70
100
AcDbEntity
  8
0
  6
AI-Linetype-5
 62
     7
370
     0
100
AcDbLine
 10
627.7073304491263
 20
-233.3961013096652
 30
0.0
 11
641.5658590103178
 21
-233.3961013096652
 31
0.0
  0
SPLINE
  5
C9
330
70
100
AcDbEntity
  8
0
  6
AI-Linetype-6
 62
     7
370
     0
100
AcDbSpline
210
0.0
220
0.0
230
1.0
 70
     9
 71
     3
 72
    11
 73
     7
 74
     0
 42
0.0000000001
 43
0.0000000001
 40
0.0
 40
0.0
 40
0.0
 40
0.0
 40
1.0
 40
1.0
 40
1.0
 40
2.0
 40
2.0
 40
2.0
 40
2.0
 10
639.7073304493205
 20
-245.0961013092257
 30
0.0
 10
642.3739971157218
 20
-239.2526230486053
 30
0.0
 10
642.3739971157218
 20
-232.5395795707247
 30
0.0
 10
639.7073304493205
 20
-226.6961013101042
 30
0.0
 10
639.7073304493205
 20
-226.6961013101042
 30
0.0
 10
639.7073304493205
 20
-245.0961013092257
 30
0.0
 10
639.7073304493205
 20
-245.0961013092257
 30
0.0
  0
LWPOLYLINE
  5
CB
330
70
100
AcDbEntity
  8
0
  6
AI-Linetype-7
 62
     7
370
     0
100
AcDbPolyline
 90
        4
 70
     0
 43
0.0
 10
619.5077092315681
 20
-229.8961013096654
 10
627.7073304491263
 20
-229.8961013096654
 10
627.7073304491263
 20
-241.8961013096652
 10
619.5077092315681
 20
-241.8961013096645
  0
SPLINE
  5
CD
330
70
100
AcDbEntity
  8
0
 62
     7
370
     0
100
AcDbSpline
210
0.0
220
0.0
230
1.0
 70
     8
 71
     3
 72
    11
 73
     7
 74
     0
 42
0.0000000001
 43
0.0000000001
 40
0.0
 40
0.0
 40
0.0
 40
0.0
 40
1.0
 40
1.0
 40
1.0
 40
2.0
 40
2.0
 40
2.0
 40
2.0
 10
598.5846366185471
 20
-240.8961013096138
 30
0.0
 10
601.3460603676725
 20
-245.161227339842
 30
0.0
 10
607.0422044188232
 20
-246.3802188893468
 30
0.0
 10
611.3073304490519
 20
-243.6187951402209
 30
0.0
 10
612.4004008189457
 20
-242.9110949556313
 30
0.0
 10
613.3307860902444
 20
-241.9794156400053
 30
0.0
 10
614.0369663304981
 20
-240.8853626919796
 30
0.0
  0
SPLINE
  5
CE
330
70
100
AcDbEntity
  8
0
 62
     7
370
     0
100
AcDbSpline
210
0.0
220
0.0
230
1.0
 70
     8
 71
     3
 72
    11
 73
     7
 74
     0
 42
0.0000000001
 43
0.0000000001
 40
0.0
 40
0.0
 40
0.0
 40
0.0
 40
1.0
 40
1.0
 40
1.0
 40
2.0
 40
2.0
 40
2.0
 40
2.0
 10
614.0300242796591
 20
-230.8961013097161
 30
0.0
 10
611.2686005305338
 20
-226.6309752794879
 30
0.0
 10
605.5724564793831
 20
-225.4119837299831
 30
0.0
 10
601.3073304491544
 20
-228.173407479109
 30
0.0
 10
600.2178781957582
 20
-228.8787651414014
 30
0.0
 10
599.2899942808397
 20
-229.8066490563199
 30
0.0
 10
598.5846366185471
 20
-230.8961013097161
 30
0.0
  0
SPLINE
  5
CF
330
70
100
AcDbEntity
  8
0
 62
     7
370
     0
100
AcDbSpline
210
0.0
220
0.0
230
1.0
 70
     8
 71
     3
 72
    11
 73
     7
 74
     0
 42
0.0000000001
 43
0.0000000001
 40
0.0
 40
0.0
 40
0.0
 40
0.0
 40
1.0
 40
1.0
 40
1.0
 40
2.0
 40
2.0
 40
2.0
 40
2.0
 10
619.9179880379396
 20
-230.8961013097206
 30
0.0
 10
617.1565642888163
 20
-223.3791426882373
 30
0.0
 10
608.8242890706421
 20
-219.5240199717051
 30
0.0
 10
601.3073304491588
 20
-222.2854437208285
 30
0.0
 10
597.3125643759983
 20
-223.7529577064832
 30
0.0
 10
594.1641868459214
 20
-226.9013352365608
 30
0.0
 10
592.6966728602667
 20
-230.8961013097206
 30
0.0
  0
SPLINE
  5
D0
330
70
100
AcDbEntity
  8
0
 62
     7
370
     0
100
AcDbSpline
210
0.0
220
0.0
230
1.0
 70
     8
 71
     3
 72
    11
 73
     7
 74
     0
 42
0.0000000001
 43
0.0000000001
 40
0.0
 40
0.0
 40
0.0
 40
0.0
 40
1.0
 40
1.0
 40
1.0
 40
2.0
 40
2.0
 40
2.0
 40
2.0
 10
616.9404156081674
 20
-230.8961013096558
 30
0.0
 10
614.1789918590082
 20
-225.0236105326522
 30
0.0
 10
607.1798212260969
 20
-222.501592401442
 30
0.0
 10
601.307330449094
 20
-225.2630161506007
 30
0.0
 10
598.8309728817078
 20
-226.4274747862395
 30
0.0
 10
596.8387039256777
 20
-228.4197437422697
 30
0.0
 10
595.6742452900389
 20
-230.8961013096558
 30
0.0
  0
SPLINE
  5
D1
330
70
100
AcDbEntity
  8
0
 62
     7
370
     0
100
AcDbSpline
210
0.0
220
0.0
230
1.0
 70
     8
 71
     3
 72
    11
 73
     7
 74
     0
 42
0.0000000001
 43
0.0000000001
 40
0.0
 40
0.0
 40
0.0
 40
0.0
 40
1.0
 40
1.0
 40
1.0
 40
2.0
 40
2.0
 40
2.0
 40
2.0
 10
595.6742452900389
 20
-240.8961013096741
 30
0.0
 10
598.4356690391981
 20
-246.7685920866777
 30
0.0
 10
605.4348396721094
 20
-249.2906102178879
 30
0.0
 10
611.3073304491123
 20
-246.5291864687292
 30
0.0
 10
613.7704106824201
 20
-245.3709712393455
 30
0.0
 10
615.7550041863769
 20
-243.3935800663744
 30
0.0
 10
616.9221667982717
 20
-240.9347270429745
 30
0.0
  0
LINE
  5
D2
330
70
100
AcDbEntity
  8
0
 62
     7
370
     0
100
AcDbLine
 10
599.7451280749137
 20
-240.0423592728421
 30
0.0
 11
599.7451280749137
 21
-231.7498433465166
 31
0.0
  0
LINE
  5
D3
330
70
100
AcDbEntity
  8
0
 62
     7
370
     0
100
AcDbLine
 10
612.8695328233209
 20
-240.0423592728421
 30
0.0
 11
612.8695328233209
 21
-231.7498433465166
 31
0.0
  0
CIRCLE
  5
D4
330
70
100
AcDbEntity
  8
0
 62
     7
370
     0
100
AcDbCircle
 10
606.3073304491032
 20
-235.8961013096649
 30
0.0
 40
4.499999999999838
  0
SPLINE
  5
D5
330
70
100
AcDbEntity
  8
0
 62
     7
370
     0
100
AcDbSpline
210
0.0
220
0.0
230
1.0
 70
     8
 71
     3
 72
    11
 73
     7
 74
     0
 42
0.0000000001
 43
0.0000000001
 40
0.0
 40
0.0
 40
0.0
 40
0.0
 40
1.0
 40
1.0
 40
1.0
 40
2.0
 40
2.0
 40
2.0
 40
2.0
 10
592.6966728602667
 20
-240.8961013096093
 30
0.0
 10
595.45809660939
 20
-248.4130599310926
 30
0.0
 10
603.7903718275641
 20
-252.2681826476247
 30
0.0
 10
611.3073304490475
 20
-249.5067588985014
 30
0.0
 10
615.3020965222079
 20
-248.0392449128467
 30
0.0
 10
618.4504740522848
 20
-244.8908673827691
 30
0.0
 10
619.9179880379396
 20
-240.8961013096093
 30
0.0
  0
SPLINE
  5
D6
330
70
100
AcDbEntity
  8
0
 62
     7
370
     0
100
AcDbSpline
210
0.0
220
0.0
230
1.0
 70
     9
 71
     3
 72
    59
 73
    55
 74
     0
 42
0.0000000001
 43
0.0000000001
 40
0.0
 40
0.0
 40
0.0
 40
0.0
 40
1.0
 40
1.0
 40
1.0
 40
2.0
 40
2.0
 40
2.0
 40
3.0
 40
3.0
 40
3.0
 40
4.0
 40
4.0
 40
4.0
 40
5.0
 40
5.0
 40
5.0
 40
6.0
 40
6.0
 40
6.0
 40
7.0
 40
7.0
 40
7.0
 40
8.0
 40
8.0
 40
8.0
 40
9.0
 40
9.0
 40
9.0
 40
10.0
 40
10.0
 40
10.0
 40
11.0
 40
11.0
 40
11.0
 40
12.0
 40
12.0
 40
12.0
 40
13.0
 40
13.0
 40
13.0
 40
14.0
 40
14.0
 40
14.0
 40
15.0
 40
15.0
 40
15.0
 40
16.0
 40
16.0
 40
16.0
 40
17.0
 40
17.0
 40
17.0
 40
18.0
 40
18.0
 40
18.0
 40
18.0
 10
625.0573304491029
 20
-238.896101309665
 30
0.0
 10
625.0573304491029
 20
-239.448386059496
 30
0.0
 10
624.6096151989339
 20
-239.8961013096651
 30
0.0
 10
624.057330449103
 20
-239.8961013096651
 30
0.0
 10
624.057330449103
 20
-239.8961013096651
 30
0.0
 10
613.794820015077
 20
-239.8961013096651
 30
0.0
 10
613.794820015077
 20
-239.8961013096651
 30
0.0
 10
612.9641439624913
 20
-239.8961013096651
 30
0.0
 10
612.1706506170419
 20
-240.2405229412442
 30
0.0
 10
611.6033596543038
 20
-240.8473208218732
 30
0.0
 10
611.4923220124954
 20
-240.9660912767978
 30
0.0
 10
611.377320416191
 20
-241.0810928731009
 30
0.0
 10
611.2585499612651
 20
-241.1921305149086
 30
0.0
 10
608.3336337965626
 20
-243.9266135445298
 30
0.0
 10
603.7457842735216
 20
-243.7722369865322
 30
0.0
 10
601.0113012438998
 20
-240.8473208218289
 30
0.0
 10
600.4440102811753
 20
-240.2405229412224
 30
0.0
 10
599.6505169357476
 20
-239.8961013096593
 30
0.0
 10
598.8198408831871
 20
-239.8961013096651
 30
0.0
 10
598.8198408831871
 20
-239.8961013096651
 30
0.0
 10
588.5573304491027
 20
-239.8961013096651
 30
0.0
 10
588.5573304491027
 20
-239.8961013096651
 30
0.0
 10
588.0050456992717
 20
-239.8961013096651
 30
0.0
 10
587.5573304491026
 20
-239.448386059496
 30
0.0
 10
587.5573304491026
 20
-238.896101309665
 30
0.0
 10
587.5573304491026
 20
-238.896101309665
 30
0.0
 10
587.5573304491026
 20
-232.8961013096648
 30
0.0
 10
587.5573304491026
 20
-232.8961013096648
 30
0.0
 10
587.5573304491026
 20
-232.3438165598339
 30
0.0
 10
588.0050456992717
 20
-231.8961013096648
 30
0.0
 10
588.5573304491027
 20
-231.8961013096648
 30
0.0
 10
588.5573304491027
 20
-231.8961013096648
 30
0.0
 10
598.8198408831871
 20
-231.8961013096648
 30
0.0
 10
598.8198408831871
 20
-231.8961013096648
 30
0.0
 10
599.6505169357675
 20
-231.8961013096648
 30
0.0
 10
600.4440102811927
 20
-231.5516796780966
 30
0.0
 10
601.0113012439134
 20
-230.9448817974862
 30
0.0
 10
601.1223388857083
 20
-230.8261113425751
 30
0.0
 10
601.2373404820114
 20
-230.7111097462708
 30
0.0
 10
601.356110936936
 20
-230.6000721044617
 30
0.0
 10
604.2810271016167
 20
-227.8655890748168
 30
0.0
 10
608.868876624659
 20
-228.0199656327765
 30
0.0
 10
611.6033596543045
 20
-230.9448817974567
 30
0.0
 10
612.1706506170419
 20
-231.5516796780857
 30
0.0
 10
612.9641439624913
 20
-231.8961013096648
 30
0.0
 10
613.794820015077
 20
-231.8961013096648
 30
0.0
 10
613.794820015077
 20
-231.8961013096648
 30
0.0
 10
624.057330449103
 20
-231.8961013096648
 30
0.0
 10
624.057330449103
 20
-231.8961013096648
 30
0.0
 10
624.6096151989339
 20
-231.8961013096648
 30
0.0
 10
625.0573304491036
 20
-232.3438165598339
 30
0.0
 10
625.0573304491036
 20
-232.8961013096648
 30
0.0
 10
625.0573304491036
 20
-232.8961013096648
 30
0.0
 10
625.0573304491029
 20
-238.896101309665
 30
0.0
 10
625.0573304491029
 20
-238.896101309665
 30
0.0
  0
SPLINE
  5
D7
330
70
100
AcDbEntity
  8
0
 62
     7
370
     0
100
AcDbSpline
210
0.0
220
0.0
230
1.0
 70
     8
 71
     3
 72
    32
 73
    28
 74
     0
 42
0.0000000001
 43
0.0000000001
 40
0.0
 40
0.0
 40
0.0
 40
0.0
 40
1.0
 40
1.0
 40
1.0
 40
2.0
 40
2.0
 40
2.0
 40
3.0
 40
3.0
 40
3.0
 40
4.0
 40
4.0
 40
4.0
 40
5.0
 40
5.0
 40
5.0
 40
6.0
 40
6.0
 40
6.0
 40
7.0
 40
7.0
 40
7.0
 40
8.0
 40
8.0
 40
8.0
 40
9.0
 40
9.0
 40
9.0
 40
9.0
 10
626.0573304491031
 20
-232.8961013096648
 30
0.0
 10
626.0573304491031
 20
-231.791531810003
 30
0.0
 10
625.1618999487649
 20
-230.8961013096648
 30
0.0
 10
624.057330449103
 20
-230.8961013096648
 30
0.0
 10
624.057330449103
 20
-230.8961013096648
 30
0.0
 10
613.794820015077
 20
-230.8961013096648
 30
0.0
 10
613.794820015077
 20
-230.8961013096648
 30
0.0
 10
613.2410359800263
 20
-230.8961013096782
 30
0.0
 10
612.7120404163946
 20
-230.6664868886415
 30
0.0
 10
612.3338464412304
 20
-230.2619549682368
 30
0.0
 10
609.2221933385713
 20
-226.9336020911788
 30
0.0
 10
604.0015369847907
 20
-226.7579322148394
 30
0.0
 10
600.6731841077327
 20
-229.8695853174986
 30
0.0
 10
600.5380315210938
 20
-229.9959384961067
 30
0.0
 10
600.4071676356451
 20
-230.126802381555
 30
0.0
 10
600.2808144570356
 20
-230.2619549681931
 30
0.0
 10
599.9026204818752
 20
-230.6664868886127
 30
0.0
 10
599.3736249182423
 20
-230.8961013096648
 30
0.0
 10
598.8198408831851
 20
-230.8961013096648
 30
0.0
 10
598.8198408831851
 20
-230.8961013096648
 30
0.0
 10
588.5573304491027
 20
-230.8961013096648
 30
0.0
 10
588.5573304491027
 20
-230.8961013096648
 30
0.0
 10
587.452760949442
 20
-230.8961013096648
 30
0.0
 10
586.5573304491032
 20
-231.791531810003
 30
0.0
 10
586.5573304491032
 20
-232.8961013096648
 30
0.0
 10
586.5573304491032
 20
-232.8961013096648
 30
0.0
 10
586.5573304491032
 20
-238.896101309665
 30
0.0
 10
586.5573304491032
 20
-238.896101309665
 30
0.0
  0
SPLINE
  5
D8
330
70
100
AcDbEntity
  8
0
 62
     7
370
     0
100
AcDbSpline
210
0.0
220
0.0
230
1.0
 70
     8
 71
     3
 72
    32
 73
    28
 74
     0
 42
0.0000000001
 43
0.0000000001
 40
0.0
 40
0.0
 40
0.0
 40
0.0
 40
1.0
 40
1.0
 40
1.0
 40
2.0
 40
2.0
 40
2.0
 40
3.0
 40
3.0
 40
3.0
 40
4.0
 40
4.0
 40
4.0
 40
5.0
 40
5.0
 40
5.0
 40
6.0
 40
6.0
 40
6.0
 40
7.0
 40
7.0
 40
7.0
 40
8.0
 40
8.0
 40
8.0
 40
9.0
 40
9.0
 40
9.0
 40
9.0
 10
586.5573304491032
 20
-238.896101309665
 30
0.0
 10
586.5573304491032
 20
-240.000670809327
 30
0.0
 10
587.4527609494414
 20
-240.8961013096651
 30
0.0
 10
588.5573304491033
 20
-240.8961013096651
 30
0.0
 10
588.5573304491033
 20
-240.8961013096651
 30
0.0
 10
598.8198408831871
 20
-240.8961013096651
 30
0.0
 10
598.8198408831871
 20
-240.8961013096651
 30
0.0
 10
599.3736249182448
 20
-240.8961013096651
 30
0.0
 10
599.9026204818772
 20
-241.1257157307179
 30
0.0
 10
600.2808144570362
 20
-241.5302476511368
 30
0.0
 10
603.3924675597192
 20
-244.8586005281723
 30
0.0
 10
608.6131239135003
 20
-245.0342704044738
 30
0.0
 10
611.9414767905358
 20
-241.9226173017909
 30
0.0
 10
612.076629377174
 20
-241.7962641231814
 30
0.0
 10
612.2074932626222
 20
-241.6654002377319
 30
0.0
 10
612.3338464412304
 20
-241.5302476510931
 30
0.0
 10
612.7120404163939
 20
-241.1257157306883
 30
0.0
 10
613.2410359800263
 20
-240.8961013096516
 30
0.0
 10
613.794820015077
 20
-240.8961013096651
 30
0.0
 10
613.794820015077
 20
-240.8961013096651
 30
0.0
 10
624.057330449103
 20
-240.8961013096651
 30
0.0
 10
624.057330449103
 20
-240.8961013096651
 30
0.0
 10
625.1618999487642
 20
-240.8961013096651
 30
0.0
 10
626.0573304491031
 20
-240.000670809327
 30
0.0
 10
626.0573304491031
 20
-238.896101309665
 30
0.0
 10
626.0573304491031
 20
-238.896101309665
 30
0.0
 10
626.0573304491031
 20
-232.8961013096648
 30
0.0
 10
626.0573304491031
 20
-232.8961013096648
 30
0.0
  0
LINE
  5
D9
330
70
100
AcDbEntity
  8
0
  6
AI-Linetype-8
 62
     7
370
     0
100
AcDbLine
 10
617.5149171652646
 20
653.8038986903221
 30
0.0
 11
639.7073304491268
 21
653.8038986903221
 31
0.0
  0
LINE
  5
DB
330
70
100
AcDbEntity
  8
0
  6
AI-Linetype-9
 62
     7
370
     0
100
AcDbLine
 10
617.5149171652646
 20
635.403898690328
 30
0.0
 11
639.7073304491268
 21
635.403898690328
 31
0.0
  0
LINE
  5
DD
330
70
100
AcDbEntity
  8
0
  6
AI-Linetype-10
 62
     7
370
     0
100
AcDbLine
 10
627.7073304491263
 20
642.1038986903393
 30
0.0
 11
641.5658590103178
 21
642.1038986903393
 31
0.0
  0
LINE
  5
DF
330
70
100
AcDbEntity
  8
0
  6
AI-Linetype-11
 62
     7
370
     0
100
AcDbLine
 10
627.7073304491263
 20
647.1038986903396
 30
0.0
 11
641.5658590103178
 21
647.1038986903396
 31
0.0
  0
SPLINE
  5
E1
330
70
100
AcDbEntity
  8
0
  6
AI-Linetype-12
 62
     7
370
     0
100
AcDbSpline
210
0.0
220
0.0
230
1.0
 70
     9
 71
     3
 72
    11
 73
     7
 74
     0
 42
0.0000000001
 43
0.0000000001
 40
0.0
 40
0.0
 40
0.0
 40
0.0
 40
1.0
 40
1.0
 40
1.0
 40
2.0
 40
2.0
 40
2.0
 40
2.0
 10
639.7073304493205
 20
635.4038986907791
 30
0.0
 10
642.3739971157218
 20
641.2473769513995
 30
0.0
 10
642.3739971157218
 20
647.9604204292794
 30
0.0
 10
639.7073304493205
 20
653.8038986898999
 30
0.0
 10
639.7073304493205
 20
653.8038986898999
 30
0.0
 10
639.7073304493205
 20
635.4038986907787
 30
0.0
 10
639.7073304493205
 20
635.4038986907791
 30
0.0
  0
LWPOLYLINE
  5
E3
330
70
100
AcDbEntity
  8
0
  6
AI-Linetype-13
 62
     7
370
     0
100
AcDbPolyline
 90
        4
 70
     0
 43
0.0
 10
619.5077092315681
 20
650.6038986903393
 10
627.7073304491263
 20
650.6038986903393
 10
627.7073304491263
 20
638.6038986903392
 10
619.5077092315681
 20
638.6038986903396
  0
SPLINE
  5
E5
330
70
100
AcDbEntity
  8
0
 62
     7
370
     0
100
AcDbSpline
210
0.0
220
0.0
230
1.0
 70
     8
 71
     3
 72
    11
 73
     7
 74
     0
 42
0.0000000001
 43
0.0000000001
 40
0.0
 40
0.0
 40
0.0
 40
0.0
 40
1.0
 40
1.0
 40
1.0
 40
2.0
 40
2.0
 40
2.0
 40
2.0
 10
598.5846366185471
 20
639.6038986903906
 30
0.0
 10
601.3460603676725
 20
635.3387726601621
 30
0.0
 10
607.0422044188232
 20
634.1197811106576
 30
0.0
 10
611.3073304490519
 20
636.8812048597832
 30
0.0
 10
612.4004008189457
 20
637.5889050443728
 30
0.0
 10
613.3307860902444
 20
638.5205843599991
 30
0.0
 10
614.0369663304981
 20
639.6146373080251
 30
0.0
  0
SPLINE
  5
E6
330
70
100
AcDbEntity
  8
0
 62
     7
370
     0
100
AcDbSpline
210
0.0
220
0.0
230
1.0
 70
     8
 71
     3
 72
    11
 73
     7
 74
     0
 42
0.0000000001
 43
0.0000000001
 40
0.0
 40
0.0
 40
0.0
 40
0.0
 40
1.0
 40
1.0
 40
1.0
 40
2.0
 40
2.0
 40
2.0
 40
2.0
 10
614.0300242796591
 20
649.6038986902883
 30
0.0
 10
611.2686005305338
 20
653.8690247205168
 30
0.0
 10
605.5724564793831
 20
655.0880162700214
 30
0.0
 10
601.3073304491544
 20
652.3265925208958
 30
0.0
 10
600.2178781957582
 20
651.621234858603
 30
0.0
 10
599.2899942808397
 20
650.6933509436842
 30
0.0
 10
598.5846366185471
 20
649.6038986902883
 30
0.0
  0
SPLINE
  5
E7
330
70
100
AcDbEntity
  8
0
 62
     7
370
     0
100
AcDbSpline
210
0.0
220
0.0
230
1.0
 70
     8
 71
     3
 72
    11
 73
     7
 74
     0
 42
0.0000000001
 43
0.0000000001
 40
0.0
 40
0.0
 40
0.0
 40
0.0
 40
1.0
 40
1.0
 40
1.0
 40
2.0
 40
2.0
 40
2.0
 40
2.0
 10
619.9179880379396
 20
649.6038986902838
 30
0.0
 10
617.1565642888163
 20
657.1208573117671
 30
0.0
 10
608.8242890706421
 20
660.9759800282993
 30
0.0
 10
601.3073304491588
 20
658.214556279176
 30
0.0
 10
597.3125643759983
 20
656.7470422935213
 30
0.0
 10
594.1641868459214
 20
653.5986647634439
 30
0.0
 10
592.6966728602667
 20
649.6038986902838
 30
0.0
  0
SPLINE
  5
E8
330
70
100
AcDbEntity
  8
0
 62
     7
370
     0
100
AcDbSpline
210
0.0
220
0.0
230
1.0
 70
     8
 71
     3
 72
    11
 73
     7
 74
     0
 42
0.0000000001
 43
0.0000000001
 40
0.0
 40
0.0
 40
0.0
 40
0.0
 40
1.0
 40
1.0
 40
1.0
 40
2.0
 40
2.0
 40
2.0
 40
2.0
 10
616.9404156081674
 20
649.6038986903486
 30
0.0
 10
614.1789918590082
 20
655.4763894673518
 30
0.0
 10
607.1798212260969
 20
657.9984075985623
 30
0.0
 10
601.307330449094
 20
655.2369838494034
 30
0.0
 10
598.8309728817078
 20
654.0725252137649
 30
0.0
 10
596.8387039256777
 20
652.0802562577347
 30
0.0
 10
595.6742452900389
 20
649.6038986903486
 30
0.0
  0
SPLINE
  5
E9
330
70
100
AcDbEntity
  8
0
 62
     7
370
     0
100
AcDbSpline
210
0.0
220
0.0
230
1.0
 70
     8
 71
     3
 72
    11
 73
     7
 74
     0
 42
0.0000000001
 43
0.0000000001
 40
0.0
 40
0.0
 40
0.0
 40
0.0
 40
1.0
 40
1.0
 40
1.0
 40
2.0
 40
2.0
 40
2.0
 40
2.0
 10
595.6742452900389
 20
639.6038986903302
 30
0.0
 10
598.4356690391981
 20
633.731407913327
 30
0.0
 10
605.4348396721094
 20
631.2093897821165
 30
0.0
 10
611.3073304491123
 20
633.9708135312755
 30
0.0
 10
613.7704106824201
 20
635.1290287606592
 30
0.0
 10
615.7550041863769
 20
637.1064199336297
 30
0.0
 10
616.9221667982717
 20
639.5652729570295
 30
0.0
  0
LINE
  5
EA
330
70
100
AcDbEntity
  8
0
 62
     7
370
     0
100
AcDbLine
 10
599.7451280749137
 20
640.4576407271624
 30
0.0
 11
599.7451280749137
 21
648.7501566534874
 31
0.0
  0
LINE
  5
EB
330
70
100
AcDbEntity
  8
0
 62
     7
370
     0
100
AcDbLine
 10
612.8695328233209
 20
640.4576407271624
 30
0.0
 11
612.8695328233209
 21
648.7501566534874
 31
0.0
  0
CIRCLE
  5
EC
330
70
100
AcDbEntity
  8
0
 62
     7
370
     0
100
AcDbCircle
 10
606.3073304491032
 20
644.6038986903395
 30
0.0
 40
4.499999999999838
  0
SPLINE
  5
ED
330
70
100
AcDbEntity
  8
0
 62
     7
370
     0
100
AcDbSpline
210
0.0
220
0.0
230
1.0
 70
     8
 71
     3
 72
    11
 73
     7
 74
     0
 42
0.0000000001
 43
0.0000000001
 40
0.0
 40
0.0
 40
0.0
 40
0.0
 40
1.0
 40
1.0
 40
1.0
 40
2.0
 40
2.0
 40
2.0
 40
2.0
 10
592.6966728602667
 20
639.6038986903951
 30
0.0
 10
595.45809660939
 20
632.0869400689119
 30
0.0
 10
603.7903718275641
 20
628.2318173523797
 30
0.0
 10
611.3073304490475
 20
630.993241101503
 30
0.0
 10
615.3020965222079
 20
632.4607550871577
 30
0.0
 10
618.4504740522848
 20
635.6091326172349
 30
0.0
 10
619.9179880379396
 20
639.6038986903951
 30
0.0
  0
SPLINE
  5
EE
330
70
100
AcDbEntity
  8
0
 62
     7
370
     0
100
AcDbSpline
210
0.0
220
0.0
230
1.0
 70
     9
 71
     3
 72
    59
 73
    55
 74
     0
 42
0.0000000001
 43
0.0000000001
 40
0.0
 40
0.0
 40
0.0
 40
0.0
 40
1.0
 40
1.0
 40
1.0
 40
2.0
 40
2.0
 40
2.0
 40
3.0
 40
3.0
 40
3.0
 40
4.0
 40
4.0
 40
4.0
 40
5.0
 40
5.0
 40
5.0
 40
6.0
 40
6.0
 40
6.0
 40
7.0
 40
7.0
 40
7.0
 40
8.0
 40
8.0
 40
8.0
 40
9.0
 40
9.0
 40
9.0
 40
10.0
 40
10.0
 40
10.0
 40
11.0
 40
11.0
 40
11.0
 40
12.0
 40
12.0
 40
12.0
 40
13.0
 40
13.0
 40
13.0
 40
14.0
 40
14.0
 40
14.0
 40
15.0
 40
15.0
 40
15.0
 40
16.0
 40
16.0
 40
16.0
 40
17.0
 40
17.0
 40
17.0
 40
18.0
 40
18.0
 40
18.0
 40
18.0
 10
625.0573304491029
 20
641.6038986903394
 30
0.0
 10
625.0573304491029
 20
641.0516139405087
 30
0.0
 10
624.6096151989339
 20
640.6038986903396
 30
0.0
 10
624.057330449103
 20
640.6038986903396
 30
0.0
 10
624.057330449103
 20
640.6038986903396
 30
0.0
 10
613.794820015077
 20
640.6038986903394
 30
0.0
 10
613.794820015077
 20
640.6038986903394
 30
0.0
 10
612.9641439624913
 20
640.6038986903394
 30
0.0
 10
612.1706506170419
 20
640.2594770587602
 30
0.0
 10
611.6033596543038
 20
639.6526791781316
 30
0.0
 10
611.4923220124954
 20
639.5339087232066
 30
0.0
 10
611.377320416191
 20
639.4189071269032
 30
0.0
 10
611.2585499612651
 20
639.3078694850954
 30
0.0
 10
608.3336337965626
 20
636.5733864554743
 30
0.0
 10
603.745784273521
 20
636.7277630134722
 30
0.0
 10
601.0113012438998
 20
639.6526791781751
 30
0.0
 10
600.4440102811753
 20
640.2594770587817
 30
0.0
 10
599.6505169357476
 20
640.6038986903451
 30
0.0
 10
598.8198408831871
 20
640.6038986903394
 30
0.0
 10
598.8198408831871
 20
640.6038986903394
 30
0.0
 10
588.5573304491027
 20
640.6038986903394
 30
0.0
 10
588.5573304491027
 20
640.6038986903394
 30
0.0
 10
588.0050456992717
 20
640.6038986903394
 30
0.0
 10
587.5573304491026
 20
641.0516139405084
 30
0.0
 10
587.5573304491026
 20
641.6038986903394
 30
0.0
 10
587.5573304491026
 20
641.6038986903394
 30
0.0
 10
587.5573304491026
 20
647.6038986903392
 30
0.0
 10
587.5573304491026
 20
647.6038986903392
 30
0.0
 10
587.5573304491026
 20
648.1561834401702
 30
0.0
 10
588.0050456992717
 20
648.6038986903393
 30
0.0
 10
588.5573304491027
 20
648.6038986903393
 30
0.0
 10
588.5573304491027
 20
648.6038986903393
 30
0.0
 10
598.8198408831871
 20
648.6038986903396
 30
0.0
 10
598.8198408831871
 20
648.6038986903396
 30
0.0
 10
599.6505169357675
 20
648.6038986903396
 30
0.0
 10
600.4440102811927
 20
648.9483203219078
 30
0.0
 10
601.0113012439134
 20
649.5551182025182
 30
0.0
 10
601.1223388857083
 20
649.6738886574292
 30
0.0
 10
601.2373404820114
 20
649.7888902537336
 30
0.0
 10
601.356110936936
 20
649.8999278955428
 30
0.0
 10
604.2810271016167
 20
652.6344109251879
 30
0.0
 10
608.868876624659
 20
652.4800343672279
 30
0.0
 10
611.6033596543045
 20
649.5551182025478
 30
0.0
 10
612.1706506170419
 20
648.9483203219184
 30
0.0
 10
612.9641439624913
 20
648.6038986903393
 30
0.0
 10
613.794820015077
 20
648.6038986903393
 30
0.0
 10
613.794820015077
 20
648.6038986903393
 30
0.0
 10
624.057330449103
 20
648.6038986903396
 30
0.0
 10
624.057330449103
 20
648.6038986903396
 30
0.0
 10
624.6096151989339
 20
648.6038986903396
 30
0.0
 10
625.0573304491036
 20
648.1561834401706
 30
0.0
 10
625.0573304491036
 20
647.6038986903396
 30
0.0
 10
625.0573304491036
 20
647.6038986903396
 30
0.0
 10
625.0573304491029
 20
641.6038986903397
 30
0.0
 10
625.0573304491029
 20
641.6038986903394
 30
0.0
  0
SPLINE
  5
EF
330
70
100
AcDbEntity
  8
0
 62
     7
370
     0
100
AcDbSpline
210
0.0
220
0.0
230
1.0
 70
     8
 71
     3
 72
    32
 73
    28
 74
     0
 42
0.0000000001
 43
0.0000000001
 40
0.0
 40
0.0
 40
0.0
 40
0.0
 40
1.0
 40
1.0
 40
1.0
 40
2.0
 40
2.0
 40
2.0
 40
3.0
 40
3.0
 40
3.0
 40
4.0
 40
4.0
 40
4.0
 40
5.0
 40
5.0
 40
5.0
 40
6.0
 40
6.0
 40
6.0
 40
7.0
 40
7.0
 40
7.0
 40
8.0
 40
8.0
 40
8.0
 40
9.0
 40
9.0
 40
9.0
 40
9.0
 10
626.0573304491031
 20
647.6038986903396
 30
0.0
 10
626.0573304491031
 20
648.7084681900012
 30
0.0
 10
625.1618999487649
 20
649.6038986903396
 30
0.0
 10
624.057330449103
 20
649.6038986903396
 30
0.0
 10
624.057330449103
 20
649.6038986903396
 30
0.0
 10
613.794820015077
 20
649.6038986903394
 30
0.0
 10
613.794820015077
 20
649.6038986903394
 30
0.0
 10
613.2410359800263
 20
649.6038986903259
 30
0.0
 10
612.7120404163946
 20
649.8335131113629
 30
0.0
 10
612.3338464412304
 20
650.238045031768
 30
0.0
 10
609.2221933385713
 20
653.5663979088259
 30
0.0
 10
604.0015369847907
 20
653.7420677851649
 30
0.0
 10
600.6731841077327
 20
650.6304146825058
 30
0.0
 10
600.5380315210938
 20
650.5040615038977
 30
0.0
 10
600.4071676356451
 20
650.3731976184495
 30
0.0
 10
600.2808144570356
 20
650.2380450318116
 30
0.0
 10
599.9026204818752
 20
649.8335131113917
 30
0.0
 10
599.3736249182423
 20
649.6038986903394
 30
0.0
 10
598.8198408831851
 20
649.6038986903394
 30
0.0
 10
598.8198408831851
 20
649.6038986903394
 30
0.0
 10
588.5573304491027
 20
649.6038986903394
 30
0.0
 10
588.5573304491027
 20
649.6038986903394
 30
0.0
 10
587.452760949442
 20
649.6038986903396
 30
0.0
 10
586.5573304491032
 20
648.7084681900015
 30
0.0
 10
586.5573304491032
 20
647.6038986903399
 30
0.0
 10
586.5573304491032
 20
647.6038986903399
 30
0.0
 10
586.5573304491032
 20
641.6038986903397
 30
0.0
 10
586.5573304491032
 20
641.6038986903397
 30
0.0
  0
SPLINE
  5
F0
330
70
100
AcDbEntity
  8
0
 62
     7
370
     0
100
AcDbSpline
210
0.0
220
0.0
230
1.0
 70
     8
 71
     3
 72
    32
 73
    28
 74
     0
 42
0.0000000001
 43
0.0000000001
 40
0.0
 40
0.0
 40
0.0
 40
0.0
 40
1.0
 40
1.0
 40
1.0
 40
2.0
 40
2.0
 40
2.0
 40
3.0
 40
3.0
 40
3.0
 40
4.0
 40
4.0
 40
4.0
 40
5.0
 40
5.0
 40
5.0
 40
6.0
 40
6.0
 40
6.0
 40
7.0
 40
7.0
 40
7.0
 40
8.0
 40
8.0
 40
8.0
 40
9.0
 40
9.0
 40
9.0
 40
9.0
 10
586.5573304491032
 20
641.6038986903394
 30
0.0
 10
586.5573304491032
 20
640.4993291906778
 30
0.0
 10
587.4527609494414
 20
639.6038986903392
 30
0.0
 10
588.5573304491033
 20
639.6038986903392
 30
0.0
 10
588.5573304491033
 20
639.6038986903392
 30
0.0
 10
598.8198408831871
 20
639.6038986903396
 30
0.0
 10
598.8198408831871
 20
639.6038986903396
 30
0.0
 10
599.3736249182448
 20
639.6038986903392
 30
0.0
 10
599.9026204818772
 20
639.3742842692866
 30
0.0
 10
600.2808144570362
 20
638.9697523488677
 30
0.0
 10
603.3924675597185
 20
635.6413994718321
 30
0.0
 10
608.6131239135003
 20
635.465729595531
 30
0.0
 10
611.9414767905358
 20
638.5773826982139
 30
0.0
 10
612.0766293771733
 20
638.7037358768233
 30
0.0
 10
612.2074932626215
 20
638.8345997622725
 30
0.0
 10
612.3338464412304
 20
638.9697523489113
 30
0.0
 10
612.7120404163939
 20
639.3742842693161
 30
0.0
 10
613.2410359800263
 20
639.6038986903532
 30
0.0
 10
613.794820015077
 20
639.6038986903392
 30
0.0
 10
613.794820015077
 20
639.6038986903392
 30
0.0
 10
624.057330449103
 20
639.6038986903396
 30
0.0
 10
624.057330449103
 20
639.6038986903396
 30
0.0
 10
625.1618999487642
 20
639.6038986903392
 30
0.0
 10
626.0573304491031
 20
640.4993291906775
 30
0.0
 10
626.0573304491031
 20
641.603898690339
 30
0.0
 10
626.0573304491031
 20
641.603898690339
 30
0.0
 10
626.0573304491031
 20
647.6038986903392
 30
0.0
 10
626.0573304491031
 20
647.6038986903392
 30
0.0
  0
LWPOLYLINE
  5
F1
330
70
100
AcDbEntity
  8
0
 62
     7
370
     0
100
AcDbPolyline
 90
        4
 70
     1
 43
0.0
 10
1503.597450275805
 20
-302.8516359659433
 10
1503.597450275805
 20
-222.8516359659431
 10
1509.597450275805
 20
-222.8516359659405
 10
1509.597450275805
 20
-302.8516359659408
  0
LWPOLYLINE
  5
F2
330
70
100
AcDbEntity
  8
0
 62
     7
370
     0
100
AcDbPolyline
 90
        6
 70
     0
 43
0.0
 10
1509.597450275805
 20
-283.9655935380303
 10
1522.245219033905
 20
-283.9655935380303
 10
1522.245219033904
 20
-302.851635965942
 10
1492.733591227415
 20
-302.8516359659433
 10
1492.733591227415
 20
-283.9655935380317
 10
1503.597450275805
 20
-283.9655935380303
  0
INSERT
  5
F4
330
70
100
AcDbEntity
  8
0
100
AcDbBlockReference
  2
Block_4
 10
0.0
 20
0.0
 30
0.0
  0
LWPOLYLINE
  5
FD
330
70
100
AcDbEntity
  8
0
 62
     7
370
     0
100
AcDbPolyline
 90
        4
 70
     1
 43
0.0
 10
1492.733591227415
 20
-302.8516359659433
 10
1492.733591227415
 20
-283.9655935380317
 10
1499.341816915048
 20
-283.9655935380303
 10
1499.341816915048
 20
-302.851635965942
  0
LINE
  5
FE
330
70
100
AcDbEntity
  8
0
 62
     7
370
     0
100
AcDbLine
 10
1508.01944338075
 20
-281.6288713315287
 30
0.0
 11
1508.01944338075
 21
-282.7664658154859
 31
0.0
  0
LINE
  5
FF
330
70
100
AcDbEntity
  8
0
 62
     7
370
     0
100
AcDbLine
 10
1507.206875892211
 20
-282.7664658154859
 30
0.0
 11
1507.206875892211
 21
-285.0587255085838
 31
0.0
  0
LINE
  5
100
330
70
100
AcDbEntity
  8
0
 62
     7
370
     0
100
AcDbLine
 10
1507.206875892211
 20
-281.6288713315287
 30
0.0
 11
1507.206875892211
 21
-279.3366116384308
 31
0.0
  0
LINE
  5
101
330
70
100
AcDbEntity
  8
0
 62
     7
370
     0
100
AcDbLine
 10
1505.988024659401
 20
-282.7664658154859
 30
0.0
 11
1505.988024659401
 21
-285.0587255085838
 31
0.0
  0
LINE
  5
102
330
70
100
AcDbEntity
  8
0
 62
     7
370
     0
100
AcDbLine
 10
1505.988024659401
 20
-281.6288713315287
 30
0.0
 11
1505.988024659401
 21
-279.3366116384308
 31
0.0
  0
LINE
  5
103
330
70
100
AcDbEntity
  8
0
 62
     7
370
     0
100
AcDbLine
 10
1505.175457170862
 20
-282.7664658154859
 30
0.0
 11
1505.175457170862
 21
-281.6288713315287
 31
0.0
  0
LINE
  5
104
330
70
100
AcDbEntity
  8
0
 62
     7
370
     0
100
AcDbLine
 10
1508.01944338075
 20
-282.7664658154859
 30
0.0
 11
1507.206875892211
 21
-282.7664658154859
 31
0.0
  0
LINE
  5
105
330
70
100
AcDbEntity
  8
0
 62
     7
370
     0
100
AcDbLine
 10
1505.988024659401
 20
-282.7664658154859
 30
0.0
 11
1505.175457170862
 21
-282.7664658154859
 31
0.0
  0
LINE
  5
106
330
70
100
AcDbEntity
  8
0
 62
     7
370
     0
100
AcDbLine
 10
1505.175457170862
 20
-281.6288713315287
 30
0.0
 11
1505.988024659401
 21
-281.6288713315287
 31
0.0
  0
LINE
  5
107
330
70
100
AcDbEntity
  8
0
 62
     7
370
     0
100
AcDbLine
 10
1507.206875892211
 20
-281.6288713315287
 30
0.0
 11
1508.01944338075
 21
-281.6288713315287
 31
0.0
  0
CIRCLE
  5
108
330
70
100
AcDbEntity
  8
0
 62
     7
370
     0
100
AcDbCircle
 10
1506.597450275805
 20
-282.1976685735022
 30
0.0
 40
2.925242958741317
  0
LINE
  5
109
330
70
100
AcDbEntity
  8
0
 62
     7
370
     0
100
AcDbLine
 10
1508.01944338075
 20
-225.3869625087526
 30
0.0
 11
1508.01944338075
 21
-226.5245569927099
 31
0.0
  0
LINE
  5
10A
330
70
100
AcDbEntity
  8
0
 62
     7
370
     0
100
AcDbLine
 10
1507.206875892211
 20
-226.5245569927099
 30
0.0
 11
1507.206875892211
 21
-228.8168166858077
 31
0.0
  0
LINE
  5
10B
330
70
100
AcDbEntity
  8
0
 62
     7
370
     0
100
AcDbLine
 10
1507.206875892211
 20
-225.3869625087526
 30
0.0
 11
1507.206875892211
 21
-223.0947028156445
 31
0.0
  0
LINE
  5
10C
330
70
100
AcDbEntity
  8
0
 62
     7
370
     0
100
AcDbLine
 10
1505.988024659401
 20
-226.5245569927099
 30
0.0
 11
1505.988024659401
 21
-228.8168166858077
 31
0.0
  0
LINE
  5
10D
330
70
100
AcDbEntity
  8
0
 62
     7
370
     0
100
AcDbLine
 10
1505.988024659401
 20
-225.3869625087526
 30
0.0
 11
1505.988024659401
 21
-223.0947028156445
 31
0.0
  0
LINE
  5
10E
330
70
100
AcDbEntity
  8
0
 62
     7
370
     0
100
AcDbLine
 10
1505.175457170862
 20
-226.5245569927099
 30
0.0
 11
1505.175457170862
 21
-225.3869625087526
 31
0.0
  0
LINE
  5
10F
330
70
100
AcDbEntity
  8
0
 62
     7
370
     0
100
AcDbLine
 10
1508.01944338075
 20
-226.5245569927099
 30
0.0
 11
1507.206875892211
 21
-226.5245569927099
 31
0.0
  0
LINE
  5
110
330
70
100
AcDbEntity
  8
0
 62
     7
370
     0
100
AcDbLine
 10
1505.988024659401
 20
-226.5245569927099
 30
0.0
 11
1505.175457170862
 21
-226.5245569927099
 31
0.0
  0
LINE
  5
111
330
70
100
AcDbEntity
  8
0
 62
     7
370
     0
100
AcDbLine
 10
1505.175457170862
 20
-225.3869625087526
 30
0.0
 11
1505.988024659401
 21
-225.3869625087526
 31
0.0
  0
LINE
  5
112
330
70
100
AcDbEntity
  8
0
 62
     7
370
     0
100
AcDbLine
 10
1507.206875892211
 20
-225.3869625087526
 30
0.0
 11
1508.01944338075
 21
-225.3869625087526
 31
0.0
  0
CIRCLE
  5
113
330
70
100
AcDbEntity
  8
0
 62
     7
370
     0
100
AcDbCircle
 10
1506.597450275805
 20
-225.9557597507261
 30
0.0
 40
2.925242958741317
  0
LINE
  5
114
330
70
100
AcDbEntity
  8
0
 62
     7
370
     0
100
AcDbLine
 10
1508.01944338075
 20
-299.2301829827903
 30
0.0
 11
1508.01944338075
 21
-300.3677774667476
 31
0.0
  0
LINE
  5
115
330
70
100
AcDbEntity
  8
0
 62
     7
370
     0
100
AcDbLine
 10
1507.206875892211
 20
-300.3677774667476
 30
0.0
 11
1507.206875892211
 21
-302.6600371598455
 31
0.0
  0
LINE
  5
116
330
70
100
AcDbEntity
  8
0
 62
     7
370
     0
100
AcDbLine
 10
1507.206875892211
 20
-299.2301829827903
 30
0.0
 11
1507.206875892211
 21
-296.9379232896925
 31
0.0
  0
LINE
  5
117
330
70
100
AcDbEntity
  8
0
 62
     7
370
     0
100
AcDbLine
 10
1505.988024659401
 20
-300.3677774667476
 30
0.0
 11
1505.988024659401
 21
-302.6600371598455
 31
0.0
  0
LINE
  5
118
330
70
100
AcDbEntity
  8
0
 62
     7
370
     0
100
AcDbLine
 10
1505.988024659401
 20
-299.2301829827903
 30
0.0
 11
1505.988024659401
 21
-296.9379232896925
 31
0.0
  0
LINE
  5
119
330
70
100
AcDbEntity
  8
0
 62
     7
370
     0
100
AcDbLine
 10
1505.175457170862
 20
-300.3677774667476
 30
0.0
 11
1505.175457170862
 21
-299.2301829827903
 31
0.0
  0
LINE
  5
11A
330
70
100
AcDbEntity
  8
0
 62
     7
370
     0
100
AcDbLine
 10
1508.01944338075
 20
-300.3677774667476
 30
0.0
 11
1507.206875892211
 21
-300.3677774667476
 31
0.0
  0
LINE
  5
11B
330
70
100
AcDbEntity
  8
0
 62
     7
370
     0
100
AcDbLine
 10
1505.988024659401
 20
-300.3677774667476
 30
0.0
 11
1505.175457170862
 21
-300.3677774667476
 31
0.0
  0
LINE
  5
11C
330
70
100
AcDbEntity
  8
0
 62
     7
370
     0
100
AcDbLine
 10
1505.175457170862
 20
-299.2301829827903
 30
0.0
 11
1505.988024659401
 21
-299.2301829827903
 31
0.0
  0
LINE
  5
11D
330
70
100
AcDbEntity
  8
0
 62
     7
370
     0
100
AcDbLine
 10
1507.206875892211
 20
-299.2301829827903
 30
0.0
 11
1508.01944338075
 21
-299.2301829827903
 31
0.0
  0
CIRCLE
  5
11E
330
70
100
AcDbEntity
  8
0
 62
     7
370
     0
100
AcDbCircle
 10
1506.597450275805
 20
-299.7989802247639
 30
0.0
 40
2.925242958741317
  0
LINE
  5
11F
330
70
100
AcDbEntity
  8
0
 62
     7
370
     0
100
AcDbLine
 10
1508.01944338075
 20
-288.7911458000438
 30
0.0
 11
1508.01944338075
 21
-289.928740284001
 31
0.0
  0
LINE
  5
120
330
70
100
AcDbEntity
  8
0
 62
     7
370
     0
100
AcDbLine
 10
1507.206875892211
 20
-289.928740284001
 30
0.0
 11
1507.206875892211
 21
-292.2209999770989
 31
0.0
  0
LINE
  5
121
330
70
100
AcDbEntity
  8
0
 62
     7
370
     0
100
AcDbLine
 10
1507.206875892211
 20
-288.7911458000438
 30
0.0
 11
1507.206875892211
 21
-286.4988861069459
 31
0.0
  0
LINE
  5
122
330
70
100
AcDbEntity
  8
0
 62
     7
370
     0
100
AcDbLine
 10
1505.988024659401
 20
-289.928740284001
 30
0.0
 11
1505.988024659401
 21
-292.2209999770989
 31
0.0
  0
LINE
  5
123
330
70
100
AcDbEntity
  8
0
 62
     7
370
     0
100
AcDbLine
 10
1505.988024659401
 20
-288.7911458000438
 30
0.0
 11
1505.988024659401
 21
-286.4988861069459
 31
0.0
  0
LINE
  5
124
330
70
100
AcDbEntity
  8
0
 62
     7
370
     0
100
AcDbLine
 10
1505.175457170862
 20
-289.928740284001
 30
0.0
 11
1505.175457170862
 21
-288.7911458000438
 31
0.0
  0
LINE
  5
125
330
70
100
AcDbEntity
  8
0
 62
     7
370
     0
100
AcDbLine
 10
1508.01944338075
 20
-289.928740284001
 30
0.0
 11
1507.206875892211
 21
-289.928740284001
 31
0.0
  0
LINE
  5
126
330
70
100
AcDbEntity
  8
0
 62
     7
370
     0
100
AcDbLine
 10
1505.988024659401
 20
-289.928740284001
 30
0.0
 11
1505.175457170862
 21
-289.928740284001
 31
0.0
  0
LINE
  5
127
330
70
100
AcDbEntity
  8
0
 62
     7
370
     0
100
AcDbLine
 10
1505.175457170862
 20
-288.7911458000438
 30
0.0
 11
1505.988024659401
 21
-288.7911458000438
 31
0.0
  0
LINE
  5
128
330
70
100
AcDbEntity
  8
0
 62
     7
370
     0
100
AcDbLine
 10
1507.206875892211
 20
-288.7911458000438
 30
0.0
 11
1508.01944338075
 21
-288.7911458000438
 31
0.0
  0
CIRCLE
  5
129
330
70
100
AcDbEntity
  8
0
 62
     7
370
     0
100
AcDbCircle
 10
1506.597450275805
 20
-289.3599430420173
 30
0.0
 40
2.925242958741317
  0
LINE
  5
12A
330
70
100
AcDbEntity
  8
0
 62
     7
370
     0
100
AcDbLine
 10
1508.01944338075
 20
-275.6041913469709
 30
0.0
 11
1508.01944338075
 21
-274.4665968630136
 31
0.0
  0
LINE
  5
12B
330
70
100
AcDbEntity
  8
0
 62
     7
370
     0
100
AcDbLine
 10
1507.206875892211
 20
-274.4665968630136
 30
0.0
 11
1507.206875892211
 21
-272.1743371699157
 31
0.0
  0
LINE
  5
12C
330
70
100
AcDbEntity
  8
0
 62
     7
370
     0
100
AcDbLine
 10
1507.206875892211
 20
-275.6041913469709
 30
0.0
 11
1507.206875892211
 21
-277.8964510400687
 31
0.0
  0
LINE
  5
12D
330
70
100
AcDbEntity
  8
0
 62
     7
370
     0
100
AcDbLine
 10
1505.988024659401
 20
-274.4665968630136
 30
0.0
 11
1505.988024659401
 21
-272.1743371699157
 31
0.0
  0
LINE
  5
12E
330
70
100
AcDbEntity
  8
0
 62
     7
370
     0
100
AcDbLine
 10
1505.988024659401
 20
-275.6041913469709
 30
0.0
 11
1505.988024659401
 21
-277.8964510400687
 31
0.0
  0
LINE
  5
12F
330
70
100
AcDbEntity
  8
0
 62
     7
370
     0
100
AcDbLine
 10
1505.175457170862
 20
-274.4665968630136
 30
0.0
 11
1505.175457170862
 21
-275.6041913469709
 31
0.0
  0
LINE
  5
130
330
70
100
AcDbEntity
  8
0
 62
     7
370
     0
100
AcDbLine
 10
1508.01944338075
 20
-274.4665968630136
 30
0.0
 11
1507.206875892211
 21
-274.4665968630136
 31
0.0
  0
LINE
  5
131
330
70
100
AcDbEntity
  8
0
 62
     7
370
     0
100
AcDbLine
 10
1505.988024659401
 20
-274.4665968630136
 30
0.0
 11
1505.175457170862
 21
-274.4665968630136
 31
0.0
  0
LINE
  5
132
330
70
100
AcDbEntity
  8
0
 62
     7
370
     0
100
AcDbLine
 10
1505.175457170862
 20
-275.6041913469709
 30
0.0
 11
1505.988024659401
 21
-275.6041913469709
 31
0.0
  0
LINE
  5
133
330
70
100
AcDbEntity
  8
0
 62
     7
370
     0
100
AcDbLine
 10
1507.206875892211
 20
-275.6041913469709
 30
0.0
 11
1508.01944338075
 21
-275.6041913469709
 31
0.0
  0
CIRCLE
  5
134
330
70
100
AcDbEntity
  8
0
 62
     7
370
     0
100
AcDbCircle
 10
1506.597450275805
 20
-275.035394104987
 30
0.0
 40
2.925242958741317
  0
LINE
  5
135
330
70
100
AcDbEntity
  8
0
 62
     7
370
     0
100
AcDbLine
 10
1508.01944338075
 20
-262.2828387239735
 30
0.0
 11
1508.01944338075
 21
-263.4204332079308
 31
0.0
  0
LINE
  5
136
330
70
100
AcDbEntity
  8
0
 62
     7
370
     0
100
AcDbLine
 10
1507.206875892211
 20
-263.4204332079308
 30
0.0
 11
1507.206875892211
 21
-265.7126929010287
 31
0.0
  0
LINE
  5
137
330
70
100
AcDbEntity
  8
0
 62
     7
370
     0
100
AcDbLine
 10
1507.206875892211
 20
-262.2828387239735
 30
0.0
 11
1507.206875892211
 21
-259.9905790308552
 31
0.0
  0
LINE
  5
138
330
70
100
AcDbEntity
  8
0
 62
     7
370
     0
100
AcDbLine
 10
1505.988024659401
 20
-263.4204332079308
 30
0.0
 11
1505.988024659401
 21
-265.7126929010287
 31
0.0
  0
LINE
  5
139
330
70
100
AcDbEntity
  8
0
 62
     7
370
     0
100
AcDbLine
 10
1505.988024659401
 20
-262.2828387239735
 30
0.0
 11
1505.988024659401
 21
-259.9905790308552
 31
0.0
  0
LINE
  5
13A
330
70
100
AcDbEntity
  8
0
 62
     7
370
     0
100
AcDbLine
 10
1505.175457170862
 20
-263.4204332079308
 30
0.0
 11
1505.175457170862
 21
-262.2828387239735
 31
0.0
  0
LINE
  5
13B
330
70
100
AcDbEntity
  8
0
 62
     7
370
     0
100
AcDbLine
 10
1508.01944338075
 20
-263.4204332079308
 30
0.0
 11
1507.206875892211
 21
-263.4204332079308
 31
0.0
  0
LINE
  5
13C
330
70
100
AcDbEntity
  8
0
 62
     7
370
     0
100
AcDbLine
 10
1505.988024659401
 20
-263.4204332079308
 30
0.0
 11
1505.175457170862
 21
-263.4204332079308
 31
0.0
  0
LINE
  5
13D
330
70
100
AcDbEntity
  8
0
 62
     7
370
     0
100
AcDbLine
 10
1505.175457170862
 20
-262.2828387239735
 30
0.0
 11
1505.988024659401
 21
-262.2828387239735
 31
0.0
  0
LINE
  5
13E
330
70
100
AcDbEntity
  8
0
 62
     7
370
     0
100
AcDbLine
 10
1507.206875892211
 20
-262.2828387239735
 30
0.0
 11
1508.01944338075
 21
-262.2828387239735
 31
0.0
  0
CIRCLE
  5
13F
330
70
100
AcDbEntity
  8
0
 62
     7
370
     0
100
AcDbCircle
 10
1506.597450275805
 20
-262.851635965947
 30
0.0
 40
2.925242958741317
  0
LINE
  5
140
330
70
100
AcDbEntity
  8
0
 62
     7
370
     0
100
AcDbLine
 10
1508.01944338075
 20
-244.0744006003654
 30
0.0
 11
1508.01944338075
 21
-242.9368061164184
 31
0.0
  0
LINE
  5
141
330
70
100
AcDbEntity
  8
0
 62
     7
370
     0
100
AcDbLine
 10
1507.206875892211
 20
-242.9368061164184
 30
0.0
 11
1507.206875892211
 21
-240.6445464233103
 31
0.0
  0
LINE
  5
142
330
70
100
AcDbEntity
  8
0
 62
     7
370
     0
100
AcDbLine
 10
1507.206875892211
 20
-244.0744006003654
 30
0.0
 11
1507.206875892211
 21
-246.3666602934736
 31
0.0
  0
LINE
  5
143
330
70
100
AcDbEntity
  8
0
 62
     7
370
     0
100
AcDbLine
 10
1505.988024659401
 20
-242.9368061164184
 30
0.0
 11
1505.988024659401
 21
-240.6445464233103
 31
0.0
  0
LINE
  5
144
330
70
100
AcDbEntity
  8
0
 62
     7
370
     0
100
AcDbLine
 10
1505.988024659401
 20
-244.0744006003654
 30
0.0
 11
1505.988024659401
 21
-246.3666602934736
 31
0.0
  0
LINE
  5
145
330
70
100
AcDbEntity
  8
0
 62
     7
370
     0
100
AcDbLine
 10
1505.175457170862
 20
-242.9368061164184
 30
0.0
 11
1505.175457170862
 21
-244.0744006003654
 31
0.0
  0
LINE
  5
146
330
70
100
AcDbEntity
  8
0
 62
     7
370
     0
100
AcDbLine
 10
1508.01944338075
 20
-242.9368061164184
 30
0.0
 11
1507.206875892211
 21
-242.9368061164184
 31
0.0
  0
LINE
  5
147
330
70
100
AcDbEntity
  8
0
 62
     7
370
     0
100
AcDbLine
 10
1505.988024659401
 20
-242.9368061164184
 30
0.0
 11
1505.175457170862
 21
-242.9368061164184
 31
0.0
  0
LINE
  5
148
330
70
100
AcDbEntity
  8
0
 62
     7
370
     0
100
AcDbLine
 10
1505.175457170862
 20
-244.0744006003654
 30
0.0
 11
1505.988024659401
 21
-244.0744006003654
 31
0.0
  0
LINE
  5
149
330
70
100
AcDbEntity
  8
0
 62
     7
370
     0
100
AcDbLine
 10
1507.206875892211
 20
-244.0744006003654
 30
0.0
 11
1508.01944338075
 21
-244.0744006003654
 31
0.0
  0
CIRCLE
  5
14A
330
70
100
AcDbEntity
  8
0
 62
     7
370
     0
100
AcDbCircle
 10
1506.597450275805
 20
-243.5056033583816
 30
0.0
 40
2.925242958741317
  0
LINE
  5
14B
330
70
100
AcDbEntity
  8
0
 62
     7
370
     0
100
AcDbLine
 10
1508.01944338075
 20
-236.9121261318503
 30
0.0
 11
1508.01944338075
 21
-235.7745316479033
 31
0.0
  0
LINE
  5
14C
330
70
100
AcDbEntity
  8
0
 62
     7
370
     0
100
AcDbLine
 10
1507.206875892211
 20
-235.7745316479033
 30
0.0
 11
1507.206875892211
 21
-233.4822719547952
 31
0.0
  0
LINE
  5
14D
330
70
100
AcDbEntity
  8
0
 62
     7
370
     0
100
AcDbLine
 10
1507.206875892211
 20
-236.9121261318503
 30
0.0
 11
1507.206875892211
 21
-239.2043858249584
 31
0.0
  0
LINE
  5
14E
330
70
100
AcDbEntity
  8
0
 62
     7
370
     0
100
AcDbLine
 10
1505.988024659401
 20
-235.7745316479033
 30
0.0
 11
1505.988024659401
 21
-233.4822719547952
 31
0.0
  0
LINE
  5
14F
330
70
100
AcDbEntity
  8
0
 62
     7
370
     0
100
AcDbLine
 10
1505.988024659401
 20
-236.9121261318503
 30
0.0
 11
1505.988024659401
 21
-239.2043858249584
 31
0.0
  0
LINE
  5
150
330
70
100
AcDbEntity
  8
0
 62
     7
370
     0
100
AcDbLine
 10
1505.175457170862
 20
-235.7745316479033
 30
0.0
 11
1505.175457170862
 21
-236.9121261318503
 31
0.0
  0
LINE
  5
151
330
70
100
AcDbEntity
  8
0
 62
     7
370
     0
100
AcDbLine
 10
1508.01944338075
 20
-235.7745316479033
 30
0.0
 11
1507.206875892211
 21
-235.7745316479033
 31
0.0
  0
LINE
  5
152
330
70
100
AcDbEntity
  8
0
 62
     7
370
     0
100
AcDbLine
 10
1505.988024659401
 20
-235.7745316479033
 30
0.0
 11
1505.175457170862
 21
-235.7745316479033
 31
0.0
  0
LINE
  5
153
330
70
100
AcDbEntity
  8
0
 62
     7
370
     0
100
AcDbLine
 10
1505.175457170862
 20
-236.9121261318503
 30
0.0
 11
1505.988024659401
 21
-236.9121261318503
 31
0.0
  0
LINE
  5
154
330
70
100
AcDbEntity
  8
0
 62
     7
370
     0
100
AcDbLine
 10
1507.206875892211
 20
-236.9121261318503
 30
0.0
 11
1508.01944338075
 21
-236.9121261318503
 31
0.0
  0
CIRCLE
  5
155
330
70
100
AcDbEntity
  8
0
 62
     7
370
     0
100
AcDbCircle
 10
1506.597450275805
 20
-236.3433288898665
 30
0.0
 40
2.925242958741317
  0
LINE
  5
156
330
70
100
AcDbEntity
  8
0
 62
     7
370
     0
100
AcDbLine
 10
1508.01944338075
 20
-250.0990805849335
 30
0.0
 11
1508.01944338075
 21
-251.2366750688805
 31
0.0
  0
LINE
  5
157
330
70
100
AcDbEntity
  8
0
 62
     7
370
     0
100
AcDbLine
 10
1507.206875892211
 20
-251.2366750688805
 30
0.0
 11
1507.206875892211
 21
-253.5289347619886
 31
0.0
  0
LINE
  5
158
330
70
100
AcDbEntity
  8
0
 62
     7
370
     0
100
AcDbLine
 10
1507.206875892211
 20
-250.0990805849335
 30
0.0
 11
1507.206875892211
 21
-247.8068208918254
 31
0.0
  0
LINE
  5
159
330
70
100
AcDbEntity
  8
0
 62
     7
370
     0
100
AcDbLine
 10
1505.988024659401
 20
-251.2366750688805
 30
0.0
 11
1505.988024659401
 21
-253.5289347619886
 31
0.0
  0
LINE
  5
15A
330
70
100
AcDbEntity
  8
0
 62
     7
370
     0
100
AcDbLine
 10
1505.988024659401
 20
-250.0990805849335
 30
0.0
 11
1505.988024659401
 21
-247.8068208918254
 31
0.0
  0
LINE
  5
15B
330
70
100
AcDbEntity
  8
0
 62
     7
370
     0
100
AcDbLine
 10
1505.175457170862
 20
-251.2366750688805
 30
0.0
 11
1505.175457170862
 21
-250.0990805849335
 31
0.0
  0
LINE
  5
15C
330
70
100
AcDbEntity
  8
0
 62
     7
370
     0
100
AcDbLine
 10
1508.01944338075
 20
-251.2366750688805
 30
0.0
 11
1507.206875892211
 21
-251.2366750688805
 31
0.0
  0
LINE
  5
15D
330
70
100
AcDbEntity
  8
0
 62
     7
370
     0
100
AcDbLine
 10
1505.988024659401
 20
-251.2366750688805
 30
0.0
 11
1505.175457170862
 21
-251.2366750688805
 31
0.0
  0
LINE
  5
15E
330
70
100
AcDbEntity
  8
0
 62
     7
370
     0
100
AcDbLine
 10
1505.175457170862
 20
-250.0990805849335
 30
0.0
 11
1505.988024659401
 21
-250.0990805849335
 31
0.0
  0
LINE
  5
15F
330
70
100
AcDbEntity
  8
0
 62
     7
370
     0
100
AcDbLine
 10
1507.206875892211
 20
-250.0990805849335
 30
0.0
 11
1508.01944338075
 21
-250.0990805849335
 31
0.0
  0
CIRCLE
  5
160
330
70
100
AcDbEntity
  8
0
 62
     7
370
     0
100
AcDbCircle
 10
1506.597450275805
 20
-250.6678778268967
 30
0.0
 40
2.925242958741317
  0
INSERT
  5
162
330
70
100
AcDbEntity
  8
0
100
AcDbBlockReference
  2
Block_5
 10
0.0
 20
0.0
 30
0.0
  0
INSERT
  5
16F
330
70
100
AcDbEntity
  8
0
100
AcDbBlockReference
  2
Block_6
 10
0.0
 20
0.0
 30
0.0
  0
LINE
  5
17B
330
70
100
AcDbEntity
  8
0
 62
     7
370
     0
100
AcDbLine
 10
857.9619733118102
 20
-322.8961013096642
 30
0.0
 11
1451.561973311809
 21
-322.8961013096642
 31
0.0
  0
SPLINE
  5
17C
330
70
100
AcDbEntity
  8
0
 62
     7
370
     0
100
AcDbSpline
210
0.0
220
0.0
230
1.0
 70
     8
 71
     3
 72
     8
 73
     4
 74
     0
 42
0.0000000001
 43
0.0000000001
 40
0.0
 40
0.0
 40
0.0
 40
0.0
 40
1.0
 40
1.0
 40
1.0
 40
1.0
 10
1451.561973311813
 20
-322.8961013096552
 30
0.0
 10
1453.329284511273
 20
-322.8961013096552
 30
0.0
 10
1454.761973311818
 20
-321.4634125091154
 30
0.0
 10
1454.761973311825
 20
-319.6961013096544
 30
0.0
  0
LINE
  5
17D
330
70
100
AcDbEntity
  8
0
 62
     7
370
     0
100
AcDbLine
 10
1454.761973311825
 20
-319.6961013096641
 30
0.0
 11
1454.761973311813
 21
723.9038986903432
 31
0.0
  0
SPLINE
  5
17E
330
70
100
AcDbEntity
  8
0
 62
     7
370
     0
100
AcDbSpline
210
0.0
220
0.0
230
1.0
 70
     8
 71
     3
 72
     8
 73
     4
 74
     0
 42
0.0000000001
 43
0.0000000001
 40
0.0
 40
0.0
 40
0.0
 40
0.0
 40
1.0
 40
1.0
 40
1.0
 40
1.0
 10
1454.761973311814
 20
723.9038986903477
 30
0.0
 10
1454.761973311805
 20
725.6712098898023
 30
0.0
 10
1453.329284511264
 20
727.1038986903356
 30
0.0
 10
1451.561973311809
 20
727.1038986903337
 30
0.0
  0
LINE
  5
17F
330
70
100
AcDbEntity
  8
0
 62
     7
370
     0
100
AcDbLine
 10
1451.561973311809
 20
727.1038986903434
 30
0.0
 11
857.9619733118102
 21
727.1038986903434
 31
0.0
  0
SPLINE
  5
180
330
70
100
AcDbEntity
  8
0
 62
     7
370
     0
100
AcDbSpline
210
0.0
220
0.0
230
1.0
 70
     8
 71
     3
 72
     8
 73
     4
 74
     0
 42
0.0000000001
 43
0.0000000001
 40
0.0
 40
0.0
 40
0.0
 40
0.0
 40
1.0
 40
1.0
 40
1.0
 40
1.0
 10
857.9619733118102
 20
727.1038986903446
 30
0.0
 10
856.194662112351
 20
727.1038986903446
 30
0.0
 10
854.7619733118063
 20
725.6712098898068
 30
0.0
 10
854.7619733117985
 20
723.9038986903477
 30
0.0
  0
LINE
  5
181
330
70
100
AcDbEntity
  8
0
 62
     7
370
     0
100
AcDbLine
 10
854.7619733118139
 20
723.9038986903432
 30
0.0
 11
854.7619733118139
 21
-319.6961013096641
 31
0.0
  0
SPLINE
  5
182
330
70
100
AcDbEntity
  8
0
 62
     7
370
     0
100
AcDbSpline
210
0.0
220
0.0
230
1.0
 70
     8
 71
     3
 72
     8
 73
     4
 74
     0
 42
0.0000000001
 43
0.0000000001
 40
0.0
 40
0.0
 40
0.0
 40
0.0
 40
1.0
 40
1.0
 40
1.0
 40
1.0
 10
854.7619733118134
 20
-319.6961013096583
 30
0.0
 10
854.761973311821
 20
-321.463412509109
 30
0.0
 10
856.1946621123588
 20
-322.8961013096404
 30
0.0
 10
857.9619733118102
 20
-322.8961013096404
 30
0.0
  0
LINE
  5
183
330
70
100
AcDbEntity
  8
0
  6
AI-Linetype-14
 62
     7
370
     0
100
AcDbLine
 10
857.9619733118102
 20
-321.2961013096487
 30
0.0
 11
1451.561973311809
 21
-321.2961013096487
 31
0.0
  0
SPLINE
  5
185
330
70
100
AcDbEntity
  8
0
  6
AI-Linetype-15
 62
     7
370
     0
100
AcDbSpline
210
0.0
220
0.0
230
1.0
 70
     8
 71
     3
 72
     8
 73
     4
 74
     0
 42
0.0000000001
 43
0.0000000001
 40
0.0
 40
0.0
 40
0.0
 40
0.0
 40
1.0
 40
1.0
 40
1.0
 40
1.0
 10
1451.561973311809
 20
-321.2961013096494
 30
0.0
 10
1452.445628911541
 20
-321.2961013096494
 30
0.0
 10
1453.161973311815
 20
-320.5797569093763
 30
0.0
 10
1453.161973311815
 20
-319.6961013096435
 30
0.0
  0
LINE
  5
187
330
70
100
AcDbEntity
  8
0
  6
AI-Linetype-16
 62
     7
370
     0
100
AcDbLine
 10
1453.161973311815
 20
-319.6961013096435
 30
0.0
 11
1453.161973311815
 21
723.903898690333
 31
0.0
  0
SPLINE
  5
189
330
70
100
AcDbEntity
  8
0
  6
AI-Linetype-17
 62
     7
370
     0
100
AcDbSpline
210
0.0
220
0.0
230
1.0
 70
     8
 71
     3
 72
     8
 73
     4
 74
     0
 42
0.0000000001
 43
0.0000000001
 40
0.0
 40
0.0
 40
0.0
 40
0.0
 40
1.0
 40
1.0
 40
1.0
 40
1.0
 10
1453.161973311815
 20
723.903898690333
 30
0.0
 10
1453.161973311815
 20
724.7875542900653
 30
0.0
 10
1452.445628911541
 20
725.5038986903388
 30
0.0
 10
1451.561973311809
 20
725.5038986903388
 30
0.0
  0
LINE
  5
18B
330
70
100
AcDbEntity
  8
0
  6
AI-Linetype-18
 62
     7
370
     0
100
AcDbLine
 10
1451.561973311809
 20
725.5038986903381
 30
0.0
 11
857.9619733118102
 21
725.5038986903381
 31
0.0
  0
SPLINE
  5
18D
330
70
100
AcDbEntity
  8
0
  6
AI-Linetype-19
 62
     7
370
     0
100
AcDbSpline
210
0.0
220
0.0
230
1.0
 70
     8
 71
     3
 72
     8
 73
     4
 74
     0
 42
0.0000000001
 43
0.0000000001
 40
0.0
 40
0.0
 40
0.0
 40
0.0
 40
1.0
 40
1.0
 40
1.0
 40
1.0
 10
857.9619733118141
 20
725.5038986903388
 30
0.0
 10
857.0783177120832
 20
725.5038986903388
 30
0.0
 10
856.3619733118102
 20
724.7875542900676
 30
0.0
 10
856.3619733118082
 20
723.9038986903368
 30
0.0
  0
LINE
  5
18F
330
70
100
AcDbEntity
  8
0
  6
AI-Linetype-20
 62
     7
370
     0
100
AcDbLine
 10
856.3619733118128
 20
723.903898690333
 30
0.0
 11
856.3619733118128
 21
-319.6961013096435
 31
0.0
  0
SPLINE
  5
191
330
70
100
AcDbEntity
  8
0
  6
AI-Linetype-21
 62
     7
370
     0
100
AcDbSpline
210
0.0
220
0.0
230
1.0
 70
     8
 71
     3
 72
     8
 73
     4
 74
     0
 42
0.0000000001
 43
0.0000000001
 40
0.0
 40
0.0
 40
0.0
 40
0.0
 40
1.0
 40
1.0
 40
1.0
 40
1.0
 10
856.3619733118121
 20
-319.6961013096435
 30
0.0
 10
856.3619733118121
 20
-320.5797569093724
 30
0.0
 10
857.0783177120814
 20
-321.2961013096436
 30
0.0
 10
857.9619733118102
 20
-321.2961013096455
 30
0.0
  0
LINE
  5
193
330
70
100
AcDbEntity
  8
0
  6
AI-Linetype-22
 62
     7
370
     0
100
AcDbLine
 10
89.50733044910675
 20
-321.2961013096487
 30
0.0
 11
683.1073304491058
 21
-321.2961013096487
 31
0.0
  0
SPLINE
  5
195
330
70
100
AcDbEntity
  8
0
  6
AI-Linetype-23
 62
     7
370
     0
100
AcDbSpline
210
0.0
220
0.0
230
1.0
 70
     8
 71
     3
 72
     8
 73
     4
 74
     0
 42
0.0000000001
 43
0.0000000001
 40
0.0
 40
0.0
 40
0.0
 40
0.0
 40
1.0
 40
1.0
 40
1.0
 40
1.0
 10
683.1073304491058
 20
-321.2961013096494
 30
0.0
 10
683.9909860488386
 20
-321.2961013096494
 30
0.0
 10
684.7073304491117
 20
-320.5797569093763
 30
0.0
 10
684.7073304491117
 20
-319.6961013096435
 30
0.0
  0
LINE
  5
197
330
70
100
AcDbEntity
  8
0
  6
AI-Linetype-24
 62
     7
370
     0
100
AcDbLine
 10
684.707330449111
 20
-319.6961013096435
 30
0.0
 11
684.707330449111
 21
723.903898690333
 31
0.0
  0
SPLINE
  5
199
330
70
100
AcDbEntity
  8
0
  6
AI-Linetype-25
 62
     7
370
     0
100
AcDbSpline
210
0.0
220
0.0
230
1.0
 70
     8
 71
     3
 72
     8
 73
     4
 74
     0
 42
0.0000000001
 43
0.0000000001
 40
0.0
 40
0.0
 40
0.0
 40
0.0
 40
1.0
 40
1.0
 40
1.0
 40
1.0
 10
684.7073304491117
 20
723.903898690333
 30
0.0
 10
684.7073304491117
 20
724.7875542900653
 30
0.0
 10
683.9909860488386
 20
725.5038986903388
 30
0.0
 10
683.1073304491058
 20
725.5038986903388
 30
0.0
  0
LINE
  5
19B
330
70
100
AcDbEntity
  8
0
  6
AI-Linetype-26
 62
     7
370
     0
100
AcDbLine
 10
683.1073304491058
 20
725.5038986903381
 30
0.0
 11
89.50733044910675
 21
725.5038986903381
 31
0.0
  0
SPLINE
  5
19D
330
70
100
AcDbEntity
  8
0
  6
AI-Linetype-27
 62
     7
370
     0
100
AcDbSpline
210
0.0
220
0.0
230
1.0
 70
     8
 71
     3
 72
     8
 73
     4
 74
     0
 42
0.0000000001
 43
0.0000000001
 40
0.0
 40
0.0
 40
0.0
 40
0.0
 40
1.0
 40
1.0
 40
1.0
 40
1.0
 10
89.50733044911059
 20
725.5038986903388
 30
0.0
 10
88.62367484937946
 20
725.5038986903388
 30
0.0
 10
87.9073304491067
 20
724.7875542900676
 30
0.0
 10
87.90733044910478
 20
723.9038986903368
 30
0.0
  0
LINE
  5
19F
330
70
100
AcDbEntity
  8
0
  6
AI-Linetype-28
 62
     7
370
     0
100
AcDbLine
 10
87.90733044910927
 20
723.903898690333
 30
0.0
 11
87.90733044910927
 21
-319.6961013096435
 31
0.0
  0
SPLINE
  5
1A1
330
70
100
AcDbEntity
  8
0
  6
AI-Linetype-29
 62
     7
370
     0
100
AcDbSpline
210
0.0
220
0.0
230
1.0
 70
     8
 71
     3
 72
     8
 73
     4
 74
     0
 42
0.0000000001
 43
0.0000000001
 40
0.0
 40
0.0
 40
0.0
 40
0.0
 40
1.0
 40
1.0
 40
1.0
 40
1.0
 10
87.9073304491083
 20
-319.6961013096435
 30
0.0
 10
87.9073304491083
 20
-320.5797569093724
 30
0.0
 10
88.62367484937786
 20
-321.2961013096436
 30
0.0
 10
89.50733044910707
 20
-321.2961013096455
 30
0.0
  0
LINE
  5
1A3
330
70
100
AcDbEntity
  8
0
 62
     7
370
     0
100
AcDbLine
 10
89.50733044910675
 20
-322.8961013096642
 30
0.0
 11
683.1073304491058
 21
-322.8961013096642
 31
0.0
  0
SPLINE
  5
1A4
330
70
100
AcDbEntity
  8
0
 62
     7
370
     0
100
AcDbSpline
210
0.0
220
0.0
230
1.0
 70
     8
 71
     3
 72
     8
 73
     4
 74
     0
 42
0.0000000001
 43
0.0000000001
 40
0.0
 40
0.0
 40
0.0
 40
0.0
 40
1.0
 40
1.0
 40
1.0
 40
1.0
 10
683.1073304491098
 20
-322.8961013096552
 30
0.0
 10
684.8746416485706
 20
-322.8961013096552
 30
0.0
 10
686.3073304491156
 20
-321.4634125091154
 30
0.0
 10
686.3073304491214
 20
-319.6961013096544
 30
0.0
  0
LINE
  5
1A5
330
70
100
AcDbEntity
  8
0
 62
     7
370
     0
100
AcDbLine
 10
686.3073304491214
 20
-319.6961013096641
 30
0.0
 11
686.3073304491098
 21
723.9038986903432
 31
0.0
  0
SPLINE
  5
1A6
330
70
100
AcDbEntity
  8
0
 62
     7
370
     0
100
AcDbSpline
210
0.0
220
0.0
230
1.0
 70
     8
 71
     3
 72
     8
 73
     4
 74
     0
 42
0.0000000001
 43
0.0000000001
 40
0.0
 40
0.0
 40
0.0
 40
0.0
 40
1.0
 40
1.0
 40
1.0
 40
1.0
 10
686.3073304491105
 20
723.9038986903477
 30
0.0
 10
686.307330449102
 20
725.6712098898023
 30
0.0
 10
684.8746416485611
 20
727.1038986903356
 30
0.0
 10
683.1073304491058
 20
727.1038986903337
 30
0.0
  0
LINE
  5
1A7
330
70
100
AcDbEntity
  8
0
 62
     7
370
     0
100
AcDbLine
 10
683.1073304491058
 20
727.1038986903434
 30
0.0
 11
89.50733044910675
 21
727.1038986903434
 31
0.0
  0
SPLINE
  5
1A8
330
70
100
AcDbEntity
  8
0
 62
     7
370
     0
100
AcDbSpline
210
0.0
220
0.0
230
1.0
 70
     8
 71
     3
 72
     8
 73
     4
 74
     0
 42
0.0000000001
 43
0.0000000001
 40
0.0
 40
0.0
 40
0.0
 40
0.0
 40
1.0
 40
1.0
 40
1.0
 40
1.0
 10
89.50733044910675
 20
727.1038986903446
 30
0.0
 10
87.74001924964737
 20
727.1038986903446
 30
0.0
 10
86.30733044910311
 20
725.6712098898068
 30
0.0
 10
86.3073304490951
 20
723.9038986903477
 30
0.0
  0
LINE
  5
1A9
330
70
100
AcDbEntity
  8
0
 62
     7
370
     0
100
AcDbLine
 10
86.3073304491105
 20
723.9038986903432
 30
0.0
 11
86.3073304491105
 21
-319.6961013096641
 31
0.0
  0
SPLINE
  5
1AA
330
70
100
AcDbEntity
  8
0
 62
     7
370
     0
100
AcDbSpline
210
0.0
220
0.0
230
1.0
 70
     8
 71
     3
 72
     8
 73
     4
 74
     0
 42
0.0000000001
 43
0.0000000001
 40
0.0
 40
0.0
 40
0.0
 40
0.0
 40
1.0
 40
1.0
 40
1.0
 40
1.0
 10
86.30733044910952
 20
-319.6961013096583
 30
0.0
 10
86.30733044911755
 20
-321.463412509109
 30
0.0
 10
87.74001924965538
 20
-322.8961013096404
 30
0.0
 10
89.50733044910675
 20
-322.8961013096404
 30
0.0
  0
LINE
  5
1AB
330
70
100
AcDbEntity
  8
0
  6
AI-Linetype-30
 62
     7
370
     0
100
AcDbLine
 10
-815.0471838077608
 20
-339.2961013096557
 30
0.0
 11
-221.4471838077618
 21
-339.2961013096557
 31
0.0
  0
SPLINE
  5
1AD
330
70
100
AcDbEntity
  8
0
  6
AI-Linetype-31
 62
     7
370
     0
100
AcDbSpline
210
0.0
220
0.0
230
1.0
 70
     8
 71
     3
 72
     8
 73
     4
 74
     0
 42
0.0000000001
 43
0.0000000001
 40
0.0
 40
0.0
 40
0.0
 40
0.0
 40
1.0
 40
1.0
 40
1.0
 40
1.0
 10
-221.4471838077618
 20
-339.2961013096564
 30
0.0
 10
-220.5635282080294
 20
-339.2961013096564
 30
0.0
 10
-219.847183807756
 20
-338.5797569093833
 30
0.0
 10
-219.847183807756
 20
-337.6961013096506
 30
0.0
  0
LINE
  5
1AF
330
70
100
AcDbEntity
  8
0
  6
AI-Linetype-32
 62
     7
370
     0
100
AcDbLine
 10
-219.8471838077541
 20
-337.6961013096506
 30
0.0
 11
-219.8471838077566
 21
705.9038986903259
 31
0.0
  0
SPLINE
  5
1B1
330
70
100
AcDbEntity
  8
0
  6
AI-Linetype-33
 62
     7
370
     0
100
AcDbSpline
210
0.0
220
0.0
230
1.0
 70
     8
 71
     3
 72
     8
 73
     4
 74
     0
 42
0.0000000001
 43
0.0000000001
 40
0.0
 40
0.0
 40
0.0
 40
0.0
 40
1.0
 40
1.0
 40
1.0
 40
1.0
 10
-219.847183807756
 20
705.9038986903259
 30
0.0
 10
-219.847183807756
 20
706.7875542900583
 30
0.0
 10
-220.5635282080294
 20
707.5038986903317
 30
0.0
 10
-221.4471838077618
 20
707.5038986903317
 30
0.0
  0
LINE
  5
1B3
330
70
100
AcDbEntity
  8
0
  6
AI-Linetype-34
 62
     7
370
     0
100
AcDbLine
 10
-221.4471838077618
 20
707.5038986903311
 30
0.0
 11
-815.0471838077608
 21
707.5038986903311
 31
0.0
  0
SPLINE
  5
1B5
330
70
100
AcDbEntity
  8
0
  6
AI-Linetype-35
 62
     7
370
     0
100
AcDbSpline
210
0.0
220
0.0
230
1.0
 70
     8
 71
     3
 72
     8
 73
     4
 74
     0
 42
0.0000000001
 43
0.0000000001
 40
0.0
 40
0.0
 40
0.0
 40
0.0
 40
1.0
 40
1.0
 40
1.0
 40
1.0
 10
-815.0471838077571
 20
707.5038986903317
 30
0.0
 10
-815.9308394074882
 20
707.5038986903317
 30
0.0
 10
-816.647183807761
 20
706.7875542900606
 30
0.0
 10
-816.6471838077629
 20
705.9038986903295
 30
0.0
  0
LINE
  5
1B7
330
70
100
AcDbEntity
  8
0
  6
AI-Linetype-36
 62
     7
370
     0
100
AcDbLine
 10
-816.6471838077596
 20
705.9038986903259
 30
0.0
 11
-816.6471838077596
 21
-337.6961013096506
 31
0.0
  0
SPLINE
  5
1B9
330
70
100
AcDbEntity
  8
0
  6
AI-Linetype-37
 62
     7
370
     0
100
AcDbSpline
210
0.0
220
0.0
230
1.0
 70
     8
 71
     3
 72
     8
 73
     4
 74
     0
 42
0.0000000001
 43
0.0000000001
 40
0.0
 40
0.0
 40
0.0
 40
0.0
 40
1.0
 40
1.0
 40
1.0
 40
1.0
 10
-816.647183807759
 20
-337.6961013096506
 30
0.0
 10
-816.647183807759
 20
-338.5797569093794
 30
0.0
 10
-815.9308394074898
 20
-339.2961013096506
 30
0.0
 10
-815.0471838077608
 20
-339.2961013096526
 30
0.0
  0
LINE
  5
1BB
330
70
100
AcDbEntity
  8
0
  6
AI-Linetype-38
 62
     7
370
     0
100
AcDbLine
 10
-812.5471838077606
 20
-336.7961013096553
 30
0.0
 11
-223.9471838077622
 21
-336.7961013096553
 31
0.0
  0
SPLINE
  5
1BD
330
70
100
AcDbEntity
  8
0
  6
AI-Linetype-39
 62
     7
370
     0
100
AcDbSpline
210
0.0
220
0.0
230
1.0
 70
     8
 71
     3
 72
     8
 73
     4
 74
     0
 42
0.0000000001
 43
0.0000000001
 40
0.0
 40
0.0
 40
0.0
 40
0.0
 40
1.0
 40
1.0
 40
1.0
 40
1.0
 10
-223.9471838077622
 20
-336.796101309656
 30
0.0
 10
-223.0635282080298
 20
-336.796101309656
 30
0.0
 10
-222.3471838077564
 20
-336.0797569093829
 30
0.0
 10
-222.3471838077564
 20
-335.1961013096501
 30
0.0
  0
LINE
  5
1BF
330
70
100
AcDbEntity
  8
0
  6
AI-Linetype-40
 62
     7
370
     0
100
AcDbLine
 10
-222.347183807757
 20
-335.1961013096604
 30
0.0
 11
-222.347183807757
 21
703.4038986903254
 31
0.0
  0
SPLINE
  5
1C1
330
70
100
AcDbEntity
  8
0
  6
AI-Linetype-41
 62
     7
370
     0
100
AcDbSpline
210
0.0
220
0.0
230
1.0
 70
     8
 71
     3
 72
     8
 73
     4
 74
     0
 42
0.0000000001
 43
0.0000000001
 40
0.0
 40
0.0
 40
0.0
 40
0.0
 40
1.0
 40
1.0
 40
1.0
 40
1.0
 10
-222.3471838077564
 20
703.4038986903254
 30
0.0
 10
-222.3471838077564
 20
704.287554290058
 30
0.0
 10
-223.0635282080298
 20
705.0038986903313
 30
0.0
 10
-223.9471838077622
 20
705.0038986903313
 30
0.0
  0
LINE
  5
1C3
330
70
100
AcDbEntity
  8
0
  6
AI-Linetype-42
 62
     7
370
     0
100
AcDbLine
 10
-223.9471838077622
 20
705.0038986903307
 30
0.0
 11
-812.5471838077606
 21
705.0038986903307
 31
0.0
  0
SPLINE
  5
1C5
330
70
100
AcDbEntity
  8
0
  6
AI-Linetype-43
 62
     7
370
     0
100
AcDbSpline
210
0.0
220
0.0
230
1.0
 70
     8
 71
     3
 72
     8
 73
     4
 74
     0
 42
0.0000000001
 43
0.0000000001
 40
0.0
 40
0.0
 40
0.0
 40
0.0
 40
1.0
 40
1.0
 40
1.0
 40
1.0
 10
-812.5471838077567
 20
705.0038986903313
 30
0.0
 10
-813.4308394074878
 20
705.0038986903313
 30
0.0
 10
-814.1471838077606
 20
704.2875542900601
 30
0.0
 10
-814.1471838077626
 20
703.403898690329
 30
0.0
  0
LINE
  5
1C7
330
70
100
AcDbEntity
  8
0
  6
AI-Linetype-44
 62
     7
370
     0
100
AcDbLine
 10
-814.1471838077594
 20
703.4038986903254
 30
0.0
 11
-814.1471838077555
 21
-335.1961013096604
 31
0.0
  0
LINE
  5
1C9
330
70
100
AcDbEntity
  8
0
 62
     7
370
     0
100
AcDbLine
 10
-815.0471838077608
 20
-340.8961013096609
 30
0.0
 11
-221.4471838077618
 21
-340.8961013096609
 31
0.0
  0
SPLINE
  5
1CA
330
70
100
AcDbEntity
  8
0
 62
     7
370
     0
100
AcDbSpline
210
0.0
220
0.0
230
1.0
 70
     8
 71
     3
 72
     8
 73
     4
 74
     0
 42
0.0000000001
 43
0.0000000001
 40
0.0
 40
0.0
 40
0.0
 40
0.0
 40
1.0
 40
1.0
 40
1.0
 40
1.0
 10
-221.4471838077592
 20
-340.8961013096623
 30
0.0
 10
-219.6798726082986
 20
-340.8961013096623
 30
0.0
 10
-218.2471838077537
 20
-339.4634125091225
 30
0.0
 10
-218.2471838077476
 20
-337.6961013096615
 30
0.0
  0
LINE
  5
1CB
330
70
100
AcDbEntity
  8
0
 62
     7
370
     0
100
AcDbLine
 10
-218.247183807745
 20
-337.69610130963
 30
0.0
 11
-218.2471838077578
 21
705.9038986903465
 31
0.0
  0
SPLINE
  5
1CC
330
70
100
AcDbEntity
  8
0
 62
     7
370
     0
100
AcDbSpline
210
0.0
220
0.0
230
1.0
 70
     8
 71
     3
 72
     8
 73
     4
 74
     0
 42
0.0000000001
 43
0.0000000001
 40
0.0
 40
0.0
 40
0.0
 40
0.0
 40
1.0
 40
1.0
 40
1.0
 40
1.0
 10
-218.2471838077585
 20
705.9038986903403
 30
0.0
 10
-218.2471838077665
 20
707.6712098897952
 30
0.0
 10
-219.6798726083082
 20
709.1038986903286
 30
0.0
 10
-221.4471838077628
 20
709.1038986903266
 30
0.0
  0
LINE
  5
1CD
330
70
100
AcDbEntity
  8
0
 62
     7
370
     0
100
AcDbLine
 10
-221.4471838077618
 20
709.1038986903363
 30
0.0
 11
-815.0471838077608
 21
709.1038986903363
 31
0.0
  0
SPLINE
  5
1CE
330
70
100
AcDbEntity
  8
0
 62
     7
370
     0
100
AcDbSpline
210
0.0
220
0.0
230
1.0
 70
     8
 71
     3
 72
     8
 73
     4
 74
     0
 42
0.0000000001
 43
0.0000000001
 40
0.0
 40
0.0
 40
0.0
 40
0.0
 40
1.0
 40
1.0
 40
1.0
 40
1.0
 10
-815.0471838077608
 20
709.1038986903376
 30
0.0
 10
-816.81449500722
 20
709.1038986903376
 30
0.0
 10
-818.2471838077645
 20
707.6712098897997
 30
0.0
 10
-818.2471838077725
 20
705.9038986903403
 30
0.0
  0
LINE
  5
1CF
330
70
100
AcDbEntity
  8
0
 62
     7
370
     0
100
AcDbLine
 10
-818.2471838077571
 20
705.9038986903465
 30
0.0
 11
-818.2471838077571
 21
-337.69610130963
 31
0.0
  0
SPLINE
  5
1D0
330
70
100
AcDbEntity
  8
0
 62
     7
370
     0
100
AcDbSpline
210
0.0
220
0.0
230
1.0
 70
     8
 71
     3
 72
     8
 73
     4
 74
     0
 42
0.0000000001
 43
0.0000000001
 40
0.0
 40
0.0
 40
0.0
 40
0.0
 40
1.0
 40
1.0
 40
1.0
 40
1.0
 10
-818.2471838077578
 20
-337.6961013096653
 30
0.0
 10
-818.2471838077502
 20
-339.463412509116
 30
0.0
 10
-816.8144950072122
 20
-340.8961013096475
 30
0.0
 10
-815.0471838077608
 20
-340.8961013096475
 30
0.0
  0
LINE
  5
1D1
330
70
100
AcDbEntity
  8
0
 62
     7
370
     0
100
AcDbLine
 10
-812.5471838077606
 20
-338.3961013096605
 30
0.0
 11
-223.9471838077622
 21
-338.3961013096605
 31
0.0
  0
SPLINE
  5
1D2
330
70
100
AcDbEntity
  8
0
 62
     7
370
     0
100
AcDbSpline
210
0.0
220
0.0
230
1.0
 70
     8
 71
     3
 72
     8
 73
     4
 74
     0
 42
0.0000000001
 43
0.0000000001
 40
0.0
 40
0.0
 40
0.0
 40
0.0
 40
1.0
 40
1.0
 40
1.0
 40
1.0
 10
-223.9471838077584
 20
-338.3961013096619
 30
0.0
 10
-222.1798726082977
 20
-338.3961013096619
 30
0.0
 10
-220.7471838077528
 20
-336.963412509122
 30
0.0
 10
-220.7471838077467
 20
-335.1961013096611
 30
0.0
  0
LINE
  5
1D3
330
70
100
AcDbEntity
  8
0
 62
     7
370
     0
100
AcDbLine
 10
-220.7471838077454
 20
-335.1961013096604
 30
0.0
 11
-220.7471838077583
 21
703.403898690346
 31
0.0
  0
SPLINE
  5
1D4
330
70
100
AcDbEntity
  8
0
 62
     7
370
     0
100
AcDbSpline
210
0.0
220
0.0
230
1.0
 70
     8
 71
     3
 72
     8
 73
     4
 74
     0
 42
0.0000000001
 43
0.0000000001
 40
0.0
 40
0.0
 40
0.0
 40
0.0
 40
1.0
 40
1.0
 40
1.0
 40
1.0
 10
-220.7471838077576
 20
703.4038986903399
 30
0.0
 10
-220.7471838077657
 20
705.1712098897949
 30
0.0
 10
-222.1798726083073
 20
706.6038986903282
 30
0.0
 10
-223.9471838077619
 20
706.6038986903263
 30
0.0
  0
LINE
  5
1D5
330
70
100
AcDbEntity
  8
0
 62
     7
370
     0
100
AcDbLine
 10
-223.9471838077622
 20
706.6038986903358
 30
0.0
 11
-812.5471838077606
 21
706.6038986903358
 31
0.0
  0
SPLINE
  5
1D6
330
70
100
AcDbEntity
  8
0
 62
     7
370
     0
100
AcDbSpline
210
0.0
220
0.0
230
1.0
 70
     8
 71
     3
 72
     8
 73
     4
 74
     0
 42
0.0000000001
 43
0.0000000001
 40
0.0
 40
0.0
 40
0.0
 40
0.0
 40
1.0
 40
1.0
 40
1.0
 40
1.0
 10
-812.5471838077606
 20
706.6038986903372
 30
0.0
 10
-814.3144950072196
 20
706.6038986903372
 30
0.0
 10
-815.7471838077642
 20
705.1712098897993
 30
0.0
 10
-815.7471838077722
 20
703.4038986903399
 30
0.0
  0
LINE
  5
1D7
330
70
100
AcDbEntity
  8
0
 62
     7
370
     0
100
AcDbLine
 10
-815.7471838077581
 20
703.403898690346
 30
0.0
 11
-815.7471838077581
 21
-335.1961013096604
 31
0.0
  0
SPLINE
  5
1D8
330
70
100
AcDbEntity
  8
0
 62
     7
370
     0
100
AcDbSpline
210
0.0
220
0.0
230
1.0
 70
     8
 71
     3
 72
     8
 73
     4
 74
     0
 42
0.0000000001
 43
0.0000000001
 40
0.0
 40
0.0
 40
0.0
 40
0.0
 40
1.0
 40
1.0
 40
1.0
 40
1.0
 10
-815.7471838077574
 20
-335.1961013096649
 30
0.0
 10
-815.7471838077496
 20
-336.9634125091157
 30
0.0
 10
-814.314495007212
 20
-338.3961013096471
 30
0.0
 10
-812.5471838077606
 20
-338.3961013096471
 30
0.0
  0
LWPOLYLINE
  5
1D9
330
70
100
AcDbEntity
  8
0
 62
     7
370
     0
100
AcDbPolyline
 90
        4
 70
     1
 43
0.0
 10
166.307330449103
 20
153.6258420516775
 10
606.3073304491032
 20
153.6258420516775
 10
606.3073304491032
 20
108.6258420516772
 10
166.307330449103
 20
108.6258420516804
  0
LWPOLYLINE
  5
1DA
330
70
100
AcDbEntity
  8
0
 62
     7
370
     0
100
AcDbPolyline
 90
        4
 70
     1
 43
0.0
 10
166.307330449103
 20
3.625842051683748
 10
606.3073304491032
 20
3.625842051683748
 10
606.3073304491032
 20
-41.37415794831656
 10
166.307330449103
 20
-41.37415794832361
  0
LWPOLYLINE
  5
1DB
330
70
100
AcDbEntity
  8
0
 62
     7
370
     0
100
AcDbPolyline
 90
        4
 70
     1
 43
0.0
 10
166.307330449103
 20
-146.3741579483202
 10
606.3073304491032
 20
-146.3741579483202
 10
606.3073304491032
 20
-191.3741579483199
 10
166.307330449103
 20
-191.3741579483173
  0
LINE
  5
1DD
330
70
100
AcDbEntity
  8
PDF15_Geometry
 62
     7
370
     5
100
AcDbLine
 10
924.7619733118099
 20
589.6309456703719
 30
0.0
 11
1364.761973311811
 21
589.627896912752
 31
0.0
  0
LINE
  5
1DE
330
70
100
AcDbEntity
  8
PDF15_Geometry
 62
     7
370
     5
100
AcDbLine
 10
1364.761973311811
 20
589.627896912752
 30
0.0
 11
1364.761973311811
 21
581.891273773943
 31
0.0
  0
LINE
  5
1DF
330
70
100
AcDbEntity
  8
PDF15_Geometry
 62
     7
370
     5
100
AcDbLine
 10
1364.761973311811
 20
581.891273773943
 30
0.0
 11
1364.761973311811
 21
594.7379083025144
 31
0.0
  0
LINE
  5
1E0
330
70
100
AcDbEntity
  8
PDF15_Geometry
 62
     7
370
     5
100
AcDbLine
 10
1364.761973311811
 20
594.7379083025144
 30
0.0
 11
924.7619733118099
 21
594.737908302494
 31
0.0
  0
LINE
  5
1E1
330
70
100
AcDbEntity
  8
PDF15_Geometry
 62
     7
370
     5
100
AcDbLine
 10
924.7619733118099
 20
561.2159649411776
 30
0.0
 11
1364.761973311811
 21
561.2159649411776
 31
0.0
  0
LINE
  5
1E2
330
70
100
AcDbEntity
  8
PDF15_Geometry
 62
     7
370
     5
100
AcDbLine
 10
1364.761973311811
 20
561.2159649411776
 30
0.0
 11
1364.761973311811
 21
571.6444910589553
 31
0.0
  0
LINE
  5
1E3
330
70
100
AcDbEntity
  8
PDF15_Geometry
 62
     7
370
     5
100
AcDbLine
 10
1364.761973311811
 20
575.2661111610931
 30
0.0
 11
1364.761973311811
 21
566.0258589363634
 31
0.0
  0
LINE
  5
1E4
330
70
100
AcDbEntity
  8
PDF15_Geometry
 62
     7
370
     5
100
AcDbLine
 10
1364.761973311811
 20
566.0491704014247
 30
0.0
 11
924.7619733118099
 21
566.049170401322
 31
0.0
  0
LINE
  5
1E5
330
70
100
AcDbEntity
  8
PDF15_Geometry
 62
     7
370
     5
100
AcDbLine
 10
1364.761973311811
 20
575.2916517805346
 30
0.0
 11
1358.162351318322
 21
575.2916517805346
 31
0.0
  0
SPLINE
  5
1E6
330
70
100
AcDbEntity
  8
PDF15_Geometry
 62
     7
370
     5
100
AcDbSpline
210
0.0
220
0.0
230
1.0
 70
     8
 71
     3
 72
    14
 73
    10
 74
     0
 42
0.0000000001
 43
0.0000000001
 40
0.0
 40
0.0
 40
0.0
 40
0.0
 40
1.0
 40
1.0
 40
1.0
 40
2.0
 40
2.0
 40
2.0
 40
3.0
 40
3.0
 40
3.0
 40
3.0
 10
1358.162351318321
 20
581.8912737739449
 30
0.0
 10
1356.339916027519
 20
581.8913212214305
 30
0.0
 10
1354.862501857833
 20
580.413983979318
 30
0.0
 10
1354.862454410348
 20
578.5915486885158
 30
0.0
 10
1354.862406962862
 20
576.7691133977138
 30
0.0
 10
1356.339744204975
 20
575.291699228028
 30
0.0
 10
1358.162179495777
 20
575.2916517805431
 30
0.0
 10
1358.162236769955
 20
575.2916517790517
 30
0.0
 10
1358.162294044143
 20
575.2916517790517
 30
0.0
 10
1358.162351318321
 20
575.2916517805431
 30
0.0
  0
LINE
  5
1E7
330
70
100
AcDbEntity
  8
PDF15_Geometry
 62
     7
370
     5
100
AcDbLine
 10
1358.162351318322
 20
581.891273773943
 30
0.0
 11
1364.761973311807
 21
581.891273773943
 31
0.0
  0
LINE
  5
1E8
330
70
100
AcDbEntity
  8
PDF15_Geometry
 62
     7
370
     5
100
AcDbLine
 10
924.7619733118099
 20
439.6309456703678
 30
0.0
 11
1364.761973311811
 21
439.6278969127582
 31
0.0
  0
LINE
  5
1E9
330
70
100
AcDbEntity
  8
PDF15_Geometry
 62
     7
370
     5
100
AcDbLine
 10
1364.761973311811
 20
439.6278969127582
 30
0.0
 11
1364.761973311811
 21
431.891273773939
 31
0.0
  0
LINE
  5
1EA
330
70
100
AcDbEntity
  8
PDF15_Geometry
 62
     7
370
     5
100
AcDbLine
 10
1364.761973311811
 20
431.891273773939
 30
0.0
 11
1364.761973311811
 21
444.7379083025104
 31
0.0
  0
LINE
  5
1EB
330
70
100
AcDbEntity
  8
PDF15_Geometry
 62
     7
370
     5
100
AcDbLine
 10
1364.761973311811
 20
444.7379083025104
 30
0.0
 11
924.7619733118112
 21
444.7379083025104
 31
0.0
  0
LINE
  5
1EC
330
70
100
AcDbEntity
  8
PDF15_Geometry
 62
     7
370
     5
100
AcDbLine
 10
924.7619733118099
 20
411.2159649411633
 30
0.0
 11
1364.761973311811
 21
411.2159649411736
 31
0.0
  0
LINE
  5
1ED
330
70
100
AcDbEntity
  8
PDF15_Geometry
 62
     7
370
     5
100
AcDbLine
 10
1364.761973311811
 20
411.2159649411736
 30
0.0
 11
1364.761973311811
 21
421.6444910589616
 31
0.0
  0
LINE
  5
1EE
330
70
100
AcDbEntity
  8
PDF15_Geometry
 62
     7
370
     5
100
AcDbLine
 10
1364.761973311811
 20
425.266111161089
 30
0.0
 11
1364.761973311811
 21
416.0258589363594
 31
0.0
  0
LINE
  5
1EF
330
70
100
AcDbEntity
  8
PDF15_Geometry
 62
     7
370
     5
100
AcDbLine
 10
1364.761973311811
 20
416.0491704014207
 30
0.0
 11
924.7619733118099
 21
416.049170401318
 31
0.0
  0
LINE
  5
1F0
330
70
100
AcDbEntity
  8
PDF15_Geometry
 62
     7
370
     5
100
AcDbLine
 10
1364.761973311811
 20
425.291651780541
 30
0.0
 11
1358.162351318322
 21
425.291651780541
 31
0.0
  0
SPLINE
  5
1F1
330
70
100
AcDbEntity
  8
PDF15_Geometry
 62
     7
370
     5
100
AcDbSpline
210
0.0
220
0.0
230
1.0
 70
     8
 71
     3
 72
    14
 73
    10
 74
     0
 42
0.0000000001
 43
0.0000000001
 40
0.0
 40
0.0
 40
0.0
 40
0.0
 40
1.0
 40
1.0
 40
1.0
 40
2.0
 40
2.0
 40
2.0
 40
3.0
 40
3.0
 40
3.0
 40
3.0
 10
1358.162351318321
 20
431.8912737739409
 30
0.0
 10
1356.339916027519
 20
431.8913212214265
 30
0.0
 10
1354.862501857833
 20
430.413983979314
 30
0.0
 10
1354.862454410348
 20
428.5915486885119
 30
0.0
 10
1354.862406962862
 20
426.7691133977098
 30
0.0
 10
1356.339744204975
 20
425.291699228024
 30
0.0
 10
1358.162179495777
 20
425.2916517805391
 30
0.0
 10
1358.162236769955
 20
425.2916517790477
 30
0.0
 10
1358.162294044143
 20
425.2916517790477
 30
0.0
 10
1358.162351318321
 20
425.2916517805391
 30
0.0
  0
LINE
  5
1F2
330
70
100
AcDbEntity
  8
PDF15_Geometry
 62
     7
370
     5
100
AcDbLine
 10
1358.162351318322
 20
431.891273773939
 30
0.0
 11
1364.761973311807
 21
431.891273773939
 31
0.0
  0
LINE
  5
1F3
330
70
100
AcDbEntity
  8
PDF15_Geometry
 62
     7
370
     5
100
AcDbLine
 10
924.7619733118112
 20
289.6309456703741
 30
0.0
 11
1364.761973311811
 21
289.6278969127542
 31
0.0
  0
LINE
  5
1F4
330
70
100
AcDbEntity
  8
PDF15_Geometry
 62
     7
370
     5
100
AcDbLine
 10
1364.761973311811
 20
289.6278969127542
 30
0.0
 11
1364.761973311811
 21
281.8912737739453
 31
0.0
  0
LINE
  5
1F5
330
70
100
AcDbEntity
  8
PDF15_Geometry
 62
     7
370
     5
100
AcDbLine
 10
1364.761973311811
 20
281.8912737739453
 30
0.0
 11
1364.761973311811
 21
294.7379083025168
 31
0.0
  0
LINE
  5
1F6
330
70
100
AcDbEntity
  8
PDF15_Geometry
 62
     7
370
     5
100
AcDbLine
 10
1364.761973311811
 20
294.7379083025168
 30
0.0
 11
924.7619733118099
 21
294.7379083025168
 31
0.0
  0
LINE
  5
1F7
330
70
100
AcDbEntity
  8
PDF15_Geometry
 62
     7
370
     5
100
AcDbLine
 10
924.7619733118112
 20
261.2159649411696
 30
0.0
 11
1364.761973311811
 21
261.2159649411696
 31
0.0
  0
LINE
  5
1F8
330
70
100
AcDbEntity
  8
PDF15_Geometry
 62
     7
370
     5
100
AcDbLine
 10
1364.761973311811
 20
261.2159649411696
 30
0.0
 11
1364.761973311811
 21
271.6444910589576
 31
0.0
  0
LINE
  5
1F9
330
70
100
AcDbEntity
  8
PDF15_Geometry
 62
     7
370
     5
100
AcDbLine
 10
1364.761973311811
 20
275.2661111610954
 30
0.0
 11
1364.761973311811
 21
266.0258589363656
 31
0.0
  0
LINE
  5
1FA
330
70
100
AcDbEntity
  8
PDF15_Geometry
 62
     7
370
     5
100
AcDbLine
 10
1364.761973311811
 20
266.049170401427
 30
0.0
 11
924.7619733118112
 21
266.0491704013243
 31
0.0
  0
LINE
  5
1FB
330
70
100
AcDbEntity
  8
PDF15_Geometry
 62
     7
370
     5
100
AcDbLine
 10
1364.761973311811
 20
275.291651780537
 30
0.0
 11
1358.162351318322
 21
275.291651780537
 31
0.0
  0
SPLINE
  5
1FC
330
70
100
AcDbEntity
  8
PDF15_Geometry
 62
     7
370
     5
100
AcDbSpline
210
0.0
220
0.0
230
1.0
 70
     8
 71
     3
 72
    14
 73
    10
 74
     0
 42
0.0000000001
 43
0.0000000001
 40
0.0
 40
0.0
 40
0.0
 40
0.0
 40
1.0
 40
1.0
 40
1.0
 40
2.0
 40
2.0
 40
2.0
 40
3.0
 40
3.0
 40
3.0
 40
3.0
 10
1358.162351318321
 20
281.8912737739373
 30
0.0
 10
1356.339916027519
 20
281.8913212214225
 30
0.0
 10
1354.862501857833
 20
280.4139839793099
 30
0.0
 10
1354.862454410348
 20
278.5915486885079
 30
0.0
 10
1354.862406962862
 20
276.7691133977058
 30
0.0
 10
1356.339744204975
 20
275.2916992280201
 30
0.0
 10
1358.162179495777
 20
275.2916517805348
 30
0.0
 10
1358.162236769955
 20
275.2916517790438
 30
0.0
 10
1358.162294044143
 20
275.2916517790438
 30
0.0
 10
1358.162351318321
 20
275.2916517805348
 30
0.0
  0
LINE
  5
1FD
330
70
100
AcDbEntity
  8
PDF15_Geometry
 62
     7
370
     5
100
AcDbLine
 10
1358.162351318322
 20
281.8912737739453
 30
0.0
 11
1364.761973311807
 21
281.8912737739453
 31
0.0
  0
LINE
  5
1FE
330
70
100
AcDbEntity
  8
PDF15_Geometry
 62
     2
370
     5
100
AcDbLine
 10
924.7619733118112
 20
266.3259763309321
 30
0.0
 11
924.7619733118112
 21
274.0625994697308
 31
0.0
  0
LINE
  5
1FF
330
70
100
AcDbEntity
  8
PDF15_Geometry
 62
     2
370
     5
100
AcDbLine
 10
924.7619733118112
 20
274.0625994697308
 30
0.0
 11
924.7619733118112
 21
261.2159649411593
 31
0.0
  0
LINE
  5
200
330
70
100
AcDbEntity
  8
PDF15_Geometry
 62
     2
370
     5
100
AcDbLine
 10
924.7619733118112
 20
280.6877620825808
 30
0.0
 11
924.7619733118099
 21
294.7379083025168
 31
0.0
  0
LINE
  5
201
330
70
100
AcDbEntity
  8
PDF15_Geometry
 62
     2
370
     5
100
AcDbLine
 10
924.7619733118112
 20
280.6622214631289
 30
0.0
 11
931.3615953053018
 21
280.6622214631289
 31
0.0
  0
SPLINE
  5
202
330
70
100
AcDbEntity
  8
PDF15_Geometry
 62
     2
370
     5
100
AcDbSpline
210
0.0
220
0.0
230
1.0
 70
     8
 71
     3
 72
    14
 73
    10
 74
     0
 42
0.0000000001
 43
0.0000000001
 40
0.0
 40
0.0
 40
0.0
 40
0.0
 40
1.0
 40
1.0
 40
1.0
 40
2.0
 40
2.0
 40
2.0
 40
3.0
 40
3.0
 40
3.0
 40
3.0
 10
931.361595305303
 20
274.0625994697491
 30
0.0
 10
933.1840305961048
 20
274.0625520222638
 30
0.0
 10
934.6614447657909
 20
275.5398892643764
 30
0.0
 10
934.6614922132758
 20
277.3623245551785
 30
0.0
 10
934.6615396607614
 20
279.1847598459805
 30
0.0
 10
933.1842024186485
 20
280.6621740156663
 30
0.0
 10
931.3617671278468
 20
280.6622214631516
 30
0.0
 10
931.3617098536688
 20
280.6622214646426
 30
0.0
 10
931.3616525794808
 20
280.6622214646426
 30
0.0
 10
931.361595305303
 20
280.6622214631516
 30
0.0
  0
LINE
  5
203
330
70
100
AcDbEntity
  8
PDF15_Geometry
 62
     2
370
     5
100
AcDbLine
 10
931.3615953053018
 20
274.0625994697308
 30
0.0
 11
924.7619733118151
 21
274.0625994697308
 31
0.0
  0
LINE
  5
204
330
70
100
AcDbEntity
  8
PDF15_Geometry
 62
     2
370
     5
100
AcDbLine
 10
924.7619733118112
 20
416.3259763309258
 30
0.0
 11
924.7619733118112
 21
424.0625994697348
 31
0.0
  0
LINE
  5
205
330
70
100
AcDbEntity
  8
PDF15_Geometry
 62
     2
370
     5
100
AcDbLine
 10
924.7619733118112
 20
424.0625994697348
 30
0.0
 11
924.7619733118112
 21
411.2159649411633
 31
0.0
  0
LINE
  5
206
330
70
100
AcDbEntity
  8
PDF15_Geometry
 62
     2
370
     5
100
AcDbLine
 10
924.7619733118112
 20
430.6877620825847
 30
0.0
 11
924.7619733118099
 21
444.7379083025104
 31
0.0
  0
LINE
  5
207
330
70
100
AcDbEntity
  8
PDF15_Geometry
 62
     2
370
     5
100
AcDbLine
 10
924.7619733118112
 20
430.6622214631328
 30
0.0
 11
931.3615953053018
 21
430.6622214631328
 31
0.0
  0
SPLINE
  5
208
330
70
100
AcDbEntity
  8
PDF15_Geometry
 62
     2
370
     5
100
AcDbSpline
210
0.0
220
0.0
230
1.0
 70
     8
 71
     3
 72
    14
 73
    10
 74
     0
 42
0.0000000001
 43
0.0000000001
 40
0.0
 40
0.0
 40
0.0
 40
0.0
 40
1.0
 40
1.0
 40
1.0
 40
2.0
 40
2.0
 40
2.0
 40
3.0
 40
3.0
 40
3.0
 40
3.0
 10
931.361595305303
 20
424.0625994697431
 30
0.0
 10
933.1840305961048
 20
424.0625520222575
 30
0.0
 10
934.6614447657909
 20
425.5398892643701
 30
0.0
 10
934.6614922132758
 20
427.3623245551722
 30
0.0
 10
934.6615396607614
 20
429.1847598459742
 30
0.0
 10
933.1842024186485
 20
430.66217401566
 30
0.0
 10
931.3617671278468
 20
430.662221463145
 30
0.0
 10
931.3617098536688
 20
430.6622214646363
 30
0.0
 10
931.3616525794808
 20
430.6622214646363
 30
0.0
 10
931.361595305303
 20
430.662221463145
 30
0.0
  0
LINE
  5
209
330
70
100
AcDbEntity
  8
PDF15_Geometry
 62
     2
370
     5
100
AcDbLine
 10
931.3615953053018
 20
424.0625994697348
 30
0.0
 11
924.7619733118151
 21
424.0625994697348
 31
0.0
  0
LINE
  5
20A
330
70
100
AcDbEntity
  8
PDF15_Geometry
 62
     2
370
     5
100
AcDbLine
 10
924.7619733118112
 20
566.3259763309298
 30
0.0
 11
924.7619733118112
 21
574.0625994697491
 31
0.0
  0
LINE
  5
20B
330
70
100
AcDbEntity
  8
PDF15_Geometry
 62
     2
370
     5
100
AcDbLine
 10
924.7619733118112
 20
574.0625994697491
 30
0.0
 11
924.7619733118112
 21
561.2159649411776
 31
0.0
  0
LINE
  5
20C
330
70
100
AcDbEntity
  8
PDF15_Geometry
 62
     2
370
     5
100
AcDbLine
 10
924.7619733118112
 20
580.6877620825785
 30
0.0
 11
924.7619733118099
 21
594.7379083025144
 31
0.0
  0
LINE
  5
20D
330
70
100
AcDbEntity
  8
PDF15_Geometry
 62
     2
370
     5
100
AcDbLine
 10
924.7619733118112
 20
580.6622214631471
 30
0.0
 11
931.3615953053018
 21
580.6622214631471
 31
0.0
  0
SPLINE
  5
20E
330
70
100
AcDbEntity
  8
PDF15_Geometry
 62
     2
370
     5
100
AcDbSpline
210
0.0
220
0.0
230
1.0
 70
     8
 71
     3
 72
    14
 73
    10
 74
     0
 42
0.0000000001
 43
0.0000000001
 40
0.0
 40
0.0
 40
0.0
 40
0.0
 40
1.0
 40
1.0
 40
1.0
 40
2.0
 40
2.0
 40
2.0
 40
3.0
 40
3.0
 40
3.0
 40
3.0
 10
931.361595305303
 20
574.0625994697471
 30
0.0
 10
933.1840305961048
 20
574.0625520222615
 30
0.0
 10
934.6614447657909
 20
575.5398892643742
 30
0.0
 10
934.6614922132758
 20
577.3623245551761
 30
0.0
 10
934.6615396607614
 20
579.1847598459782
 30
0.0
 10
933.1842024186485
 20
580.662174015664
 30
0.0
 10
931.3617671278468
 20
580.6622214631491
 30
0.0
 10
931.3617098536688
 20
580.6622214646402
 30
0.0
 10
931.3616525794808
 20
580.6622214646402
 30
0.0
 10
931.361595305303
 20
580.6622214631491
 30
0.0
  0
LINE
  5
20F
330
70
100
AcDbEntity
  8
PDF15_Geometry
 62
     2
370
     5
100
AcDbLine
 10
931.3615953053018
 20
574.0625994697491
 30
0.0
 11
924.7619733118151
 21
574.0625994697491
 31
0.0
  0
LINE
  5
210
330
70
100
AcDbEntity
  8
PDF15_Geometry
 62
     7
370
     5
100
AcDbLine
 10
924.7619733118112
 20
139.6309456703701
 30
0.0
 11
1364.761973311811
 21
139.6278969127605
 31
0.0
  0
LINE
  5
211
330
70
100
AcDbEntity
  8
PDF15_Geometry
 62
     7
370
     5
100
AcDbLine
 10
1364.761973311811
 20
139.6278969127605
 30
0.0
 11
1364.761973311811
 21
131.8912737739412
 31
0.0
  0
LINE
  5
212
330
70
100
AcDbEntity
  8
PDF15_Geometry
 62
     7
370
     5
100
AcDbLine
 10
1364.761973311811
 20
131.8912737739412
 30
0.0
 11
1364.761973311811
 21
144.7379083025128
 31
0.0
  0
LINE
  5
213
330
70
100
AcDbEntity
  8
PDF15_Geometry
 62
     7
370
     5
100
AcDbLine
 10
1364.761973311811
 20
144.7379083025128
 30
0.0
 11
924.7619733118099
 21
144.7379083025128
 31
0.0
  0
LINE
  5
214
330
70
100
AcDbEntity
  8
PDF15_Geometry
 62
     7
370
     5
100
AcDbLine
 10
924.7619733118112
 20
111.2159649411758
 30
0.0
 11
1364.761973311811
 21
111.2159649411758
 31
0.0
  0
LINE
  5
215
330
70
100
AcDbEntity
  8
PDF15_Geometry
 62
     7
370
     5
100
AcDbLine
 10
1364.761973311811
 20
111.2159649411758
 30
0.0
 11
1364.761973311811
 21
121.6444910589638
 31
0.0
  0
LINE
  5
216
330
70
100
AcDbEntity
  8
PDF15_Geometry
 62
     7
370
     5
100
AcDbLine
 10
1364.761973311811
 20
125.2661111610913
 30
0.0
 11
1364.761973311811
 21
116.0258589363616
 31
0.0
  0
LINE
  5
217
330
70
100
AcDbEntity
  8
PDF15_Geometry
 62
     7
370
     5
100
AcDbLine
 10
1364.761973311811
 20
116.0491704014229
 30
0.0
 11
924.7619733118112
 21
116.0491704013203
 31
0.0
  0
LINE
  5
218
330
70
100
AcDbEntity
  8
PDF15_Geometry
 62
     7
370
     5
100
AcDbLine
 10
1364.761973311811
 20
125.2916517805433
 30
0.0
 11
1358.162351318322
 21
125.2916517805433
 31
0.0
  0
SPLINE
  5
219
330
70
100
AcDbEntity
  8
PDF15_Geometry
 62
     7
370
     5
100
AcDbSpline
210
0.0
220
0.0
230
1.0
 70
     8
 71
     3
 72
    14
 73
    10
 74
     0
 42
0.0000000001
 43
0.0000000001
 40
0.0
 40
0.0
 40
0.0
 40
0.0
 40
1.0
 40
1.0
 40
1.0
 40
2.0
 40
2.0
 40
2.0
 40
3.0
 40
3.0
 40
3.0
 40
3.0
 10
1358.162351318321
 20
131.8912737739432
 30
0.0
 10
1356.339916027519
 20
131.8913212214287
 30
0.0
 10
1354.862501857833
 20
130.4139839793158
 30
0.0
 10
1354.862454410348
 20
128.5915486885141
 30
0.0
 10
1354.862406962862
 20
126.7691133977124
 30
0.0
 10
1356.339744204975
 20
125.2916992280263
 30
0.0
 10
1358.162179495777
 20
125.2916517805413
 30
0.0
 10
1358.162236769955
 20
125.29165177905
 30
0.0
 10
1358.162294044143
 20
125.29165177905
 30
0.0
 10
1358.162351318321
 20
125.2916517805413
 30
0.0
  0
LINE
  5
21A
330
70
100
AcDbEntity
  8
PDF15_Geometry
 62
     7
370
     5
100
AcDbLine
 10
1358.162351318322
 20
131.8912737739412
 30
0.0
 11
1364.761973311807
 21
131.8912737739412
 31
0.0
  0
LINE
  5
21B
330
70
100
AcDbEntity
  8
PDF15_Geometry
 62
     2
370
     5
100
AcDbLine
 10
924.7619733118112
 20
116.3259763309281
 30
0.0
 11
924.7619733118112
 21
124.0625994697268
 31
0.0
  0
LINE
  5
21C
330
70
100
AcDbEntity
  8
PDF15_Geometry
 62
     2
370
     5
100
AcDbLine
 10
924.7619733118112
 20
124.0625994697268
 30
0.0
 11
924.7619733118112
 21
111.2159649411553
 31
0.0
  0
LINE
  5
21D
330
70
100
AcDbEntity
  8
PDF15_Geometry
 62
     2
370
     5
100
AcDbLine
 10
924.7619733118112
 20
130.6877620825767
 30
0.0
 11
924.7619733118099
 21
144.7379083025128
 31
0.0
  0
LINE
  5
21E
330
70
100
AcDbEntity
  8
PDF15_Geometry
 62
     2
370
     5
100
AcDbLine
 10
924.7619733118112
 20
130.662221463135
 30
0.0
 11
931.3615953053018
 21
130.662221463135
 31
0.0
  0
SPLINE
  5
21F
330
70
100
AcDbEntity
  8
PDF15_Geometry
 62
     2
370
     5
100
AcDbSpline
210
0.0
220
0.0
230
1.0
 70
     8
 71
     3
 72
    14
 73
    10
 74
     0
 42
0.0000000001
 43
0.0000000001
 40
0.0
 40
0.0
 40
0.0
 40
0.0
 40
1.0
 40
1.0
 40
1.0
 40
2.0
 40
2.0
 40
2.0
 40
3.0
 40
3.0
 40
3.0
 40
3.0
 10
931.361595305303
 20
124.0625994697454
 30
0.0
 10
933.1840305961048
 20
124.0625520222598
 30
0.0
 10
934.6614447657909
 20
125.5398892643727
 30
0.0
 10
934.6614922132758
 20
127.3623245551744
 30
0.0
 10
934.6615396607614
 20
129.1847598459762
 30
0.0
 10
933.1842024186485
 20
130.6621740156623
 30
0.0
 10
931.3617671278468
 20
130.6622214631472
 30
0.0
 10
931.3617098536688
 20
130.6622214646385
 30
0.0
 10
931.3616525794808
 20
130.6622214646385
 30
0.0
 10
931.361595305303
 20
130.6622214631472
 30
0.0
  0
LINE
  5
220
330
70
100
AcDbEntity
  8
PDF15_Geometry
 62
     2
370
     5
100
AcDbLine
 10
931.3615953053018
 20
124.0625994697268
 30
0.0
 11
924.7619733118151
 21
124.0625994697268
 31
0.0
  0
LINE
  5
221
330
70
100
AcDbEntity
  8
PDF15_Geometry
 62
     7
370
     5
100
AcDbLine
 10
924.7619733118112
 20
-10.36905432962359
 30
0.0
 11
1364.761973311811
 21
-10.37210308724352
 31
0.0
  0
LINE
  5
222
330
70
100
AcDbEntity
  8
PDF15_Geometry
 62
     7
370
     5
100
AcDbLine
 10
1364.761973311811
 20
-10.37210308724352
 30
0.0
 11
1364.761973311811
 21
-18.10872622606273
 31
0.0
  0
LINE
  5
223
330
70
100
AcDbEntity
  8
PDF15_Geometry
 62
     7
370
     5
100
AcDbLine
 10
1364.761973311811
 20
-18.10872622606273
 30
0.0
 11
1364.761973311811
 21
-5.262091697491239
 31
0.0
  0
LINE
  5
224
330
70
100
AcDbEntity
  8
PDF15_Geometry
 62
     7
370
     5
100
AcDbLine
 10
1364.761973311811
 20
-5.262091697491239
 30
0.0
 11
924.7619733118099
 21
-5.262091697491239
 31
0.0
  0
LINE
  5
225
330
70
100
AcDbEntity
  8
PDF15_Geometry
 62
     7
370
     5
100
AcDbLine
 10
924.7619733118112
 20
-38.78403505882817
 30
0.0
 11
1364.761973311811
 21
-38.78403505882817
 31
0.0
  0
LINE
  5
226
330
70
100
AcDbEntity
  8
PDF15_Geometry
 62
     7
370
     5
100
AcDbLine
 10
1364.761973311811
 20
-38.78403505882817
 30
0.0
 11
1364.761973311811
 21
-28.35550894104018
 31
0.0
  0
LINE
  5
227
330
70
100
AcDbEntity
  8
PDF15_Geometry
 62
     7
370
     5
100
AcDbLine
 10
1364.761973311811
 20
-24.73388883891268
 30
0.0
 11
1364.761973311811
 21
-33.97414106364241
 31
0.0
  0
LINE
  5
228
330
70
100
AcDbEntity
  8
PDF15_Geometry
 62
     7
370
     5
100
AcDbLine
 10
1364.761973311811
 20
-33.95082959857078
 30
0.0
 11
924.7619733118112
 21
-33.95082959867345
 31
0.0
  0
LINE
  5
229
330
70
100
AcDbEntity
  8
PDF15_Geometry
 62
     7
370
     5
100
AcDbLine
 10
1364.761973311811
 20
-24.70834821946074
 30
0.0
 11
1358.162351318322
 21
-24.70834821946074
 31
0.0
  0
SPLINE
  5
22A
330
70
100
AcDbEntity
  8
PDF15_Geometry
 62
     7
370
     5
100
AcDbSpline
210
0.0
220
0.0
230
1.0
 70
     8
 71
     3
 72
    14
 73
    10
 74
     0
 42
0.0000000001
 43
0.0000000001
 40
0.0
 40
0.0
 40
0.0
 40
0.0
 40
1.0
 40
1.0
 40
1.0
 40
2.0
 40
2.0
 40
2.0
 40
3.0
 40
3.0
 40
3.0
 40
3.0
 10
1358.162351318321
 20
-18.10872622606081
 30
0.0
 10
1356.339916027519
 20
-18.10867877857523
 30
0.0
 10
1354.862501857833
 20
-19.58601602068813
 30
0.0
 10
1354.862454410348
 20
-21.40845131148986
 30
0.0
 10
1354.862406962862
 20
-23.2308866022916
 30
0.0
 10
1356.339744204975
 20
-24.70830077197773
 30
0.0
 10
1358.162179495777
 20
-24.70834821946267
 30
0.0
 10
1358.162236769955
 20
-24.70834822095398
 30
0.0
 10
1358.162294044143
 20
-24.70834822095398
 30
0.0
 10
1358.162351318321
 20
-24.70834821946267
 30
0.0
  0
LINE
  5
22B
330
70
100
AcDbEntity
  8
PDF15_Geometry
 62
     7
370
     5
100
AcDbLine
 10
1358.162351318322
 20
-18.10872622606273
 30
0.0
 11
1364.761973311807
 21
-18.10872622606273
 31
0.0
  0
LINE
  5
22C
330
70
100
AcDbEntity
  8
PDF15_Geometry
 62
     2
370
     5
100
AcDbLine
 10
924.7619733118112
 20
-33.67402366907589
 30
0.0
 11
924.7619733118112
 21
-25.93740053026694
 31
0.0
  0
LINE
  5
22D
330
70
100
AcDbEntity
  8
PDF15_Geometry
 62
     2
370
     5
100
AcDbLine
 10
924.7619733118112
 20
-25.93740053026694
 30
0.0
 11
924.7619733118112
 21
-38.78403505883844
 31
0.0
  0
LINE
  5
22E
330
70
100
AcDbEntity
  8
PDF15_Geometry
 62
     2
370
     5
100
AcDbLine
 10
924.7619733118112
 20
-19.312237917417
 30
0.0
 11
924.7619733118099
 21
-5.262091697491239
 31
0.0
  0
LINE
  5
22F
330
70
100
AcDbEntity
  8
PDF15_Geometry
 62
     2
370
     5
100
AcDbLine
 10
924.7619733118112
 20
-19.33777853686894
 30
0.0
 11
931.3615953053018
 21
-19.33777853686894
 31
0.0
  0
SPLINE
  5
230
330
70
100
AcDbEntity
  8
PDF15_Geometry
 62
     2
370
     5
100
AcDbSpline
210
0.0
220
0.0
230
1.0
 70
     8
 71
     3
 72
    14
 73
    10
 74
     0
 42
0.0000000001
 43
0.0000000001
 40
0.0
 40
0.0
 40
0.0
 40
0.0
 40
1.0
 40
1.0
 40
1.0
 40
2.0
 40
2.0
 40
2.0
 40
3.0
 40
3.0
 40
3.0
 40
3.0
 10
931.361595305303
 20
-25.9374005302586
 30
0.0
 10
933.1840305961048
 20
-25.93744797774418
 30
0.0
 10
934.6614447657909
 20
-24.46011073563129
 30
0.0
 10
934.6614922132758
 20
-22.63767544482956
 30
0.0
 10
934.6615396607614
 20
-20.81524015402782
 30
0.0
 10
933.1842024186485
 20
-19.33782598434168
 30
0.0
 10
931.3617671278468
 20
-19.33777853685674
 30
0.0
 10
931.3617098536688
 20
-19.33777853536543
 30
0.0
 10
931.3616525794808
 20
-19.33777853536543
 30
0.0
 10
931.361595305303
 20
-19.33777853685674
 30
0.0
  0
LINE
  5
231
330
70
100
AcDbEntity
  8
PDF15_Geometry
 62
     2
370
     5
100
AcDbLine
 10
931.3615953053018
 20
-25.93740053026694
 30
0.0
 11
924.7619733118151
 21
-25.93740053026694
 31
0.0
  0
LINE
  5
232
330
70
100
AcDbEntity
  8
PDF15_Geometry
 62
     7
370
     5
100
AcDbLine
 10
924.7619733118112
 20
-160.3690543296276
 30
0.0
 11
1364.761973311811
 21
-160.3721030872475
 31
0.0
  0
LINE
  5
233
330
70
100
AcDbEntity
  8
PDF15_Geometry
 62
     7
370
     5
100
AcDbLine
 10
1364.761973311811
 20
-160.3721030872475
 30
0.0
 11
1364.761973311811
 21
-168.1087262260565
 31
0.0
  0
LINE
  5
234
330
70
100
AcDbEntity
  8
PDF15_Geometry
 62
     7
370
     5
100
AcDbLine
 10
1364.761973311811
 20
-168.1087262260565
 30
0.0
 11
1364.761973311811
 21
-155.2620916974849
 31
0.0
  0
LINE
  5
235
330
70
100
AcDbEntity
  8
PDF15_Geometry
 62
     7
370
     5
100
AcDbLine
 10
1364.761973311811
 20
-155.2620916974849
 30
0.0
 11
924.7619733118099
 21
-155.2620916974849
 31
0.0
  0
LINE
  5
236
330
70
100
AcDbEntity
  8
PDF15_Geometry
 62
     7
370
     5
100
AcDbLine
 10
924.7619733118112
 20
-188.7840350588219
 30
0.0
 11
1364.761973311811
 21
-188.7840350588219
 31
0.0
  0
LINE
  5
237
330
70
100
AcDbEntity
  8
PDF15_Geometry
 62
     7
370
     5
100
AcDbLine
 10
1364.761973311811
 20
-188.7840350588219
 30
0.0
 11
1364.761973311811
 21
-178.3555089410441
 31
0.0
  0
LINE
  5
238
330
70
100
AcDbEntity
  8
PDF15_Geometry
 62
     7
370
     5
100
AcDbLine
 10
1364.761973311811
 20
-174.7338888389064
 30
0.0
 11
1364.761973311811
 21
-183.9741410636361
 31
0.0
  0
LINE
  5
239
330
70
100
AcDbEntity
  8
PDF15_Geometry
 62
     7
370
     5
100
AcDbLine
 10
1364.761973311811
 20
-183.9508295985748
 30
0.0
 11
924.7619733118112
 21
-183.9508295986775
 31
0.0
  0
LINE
  5
23A
330
70
100
AcDbEntity
  8
PDF15_Geometry
 62
     7
370
     5
100
AcDbLine
 10
1364.761973311811
 20
-174.7083482194647
 30
0.0
 11
1358.162351318322
 21
-174.7083482194647
 31
0.0
  0
SPLINE
  5
23B
330
70
100
AcDbEntity
  8
PDF15_Geometry
 62
     7
370
     5
100
AcDbSpline
210
0.0
220
0.0
230
1.0
 70
     8
 71
     3
 72
    14
 73
    10
 74
     0
 42
0.0000000001
 43
0.0000000001
 40
0.0
 40
0.0
 40
0.0
 40
0.0
 40
1.0
 40
1.0
 40
1.0
 40
2.0
 40
2.0
 40
2.0
 40
3.0
 40
3.0
 40
3.0
 40
3.0
 10
1358.162351318321
 20
-168.1087262260545
 30
0.0
 10
1356.339916027519
 20
-168.108678778569
 30
0.0
 10
1354.862501857833
 20
-169.5860160206819
 30
0.0
 10
1354.862454410348
 20
-171.4084513114836
 30
0.0
 10
1354.862406962862
 20
-173.2308866022853
 30
0.0
 10
1356.339744204975
 20
-174.7083007719714
 30
0.0
 10
1358.162179495777
 20
-174.7083482194564
 30
0.0
 10
1358.162236769955
 20
-174.7083482209477
 30
0.0
 10
1358.162294044143
 20
-174.7083482209477
 30
0.0
 10
1358.162351318321
 20
-174.7083482194564
 30
0.0
  0
LINE
  5
23C
330
70
100
AcDbEntity
  8
PDF15_Geometry
 62
     7
370
     5
100
AcDbLine
 10
1358.162351318322
 20
-168.1087262260565
 30
0.0
 11
1364.761973311807
 21
-168.1087262260565
 31
0.0
  0
LINE
  5
23D
330
70
100
AcDbEntity
  8
PDF15_Geometry
 62
     2
370
     5
100
AcDbLine
 10
924.7619733118112
 20
-183.6740236690696
 30
0.0
 11
924.7619733118112
 21
-175.9374005302709
 31
0.0
  0
LINE
  5
23E
330
70
100
AcDbEntity
  8
PDF15_Geometry
 62
     2
370
     5
100
AcDbLine
 10
924.7619733118112
 20
-175.9374005302709
 30
0.0
 11
924.7619733118112
 21
-188.7840350588424
 31
0.0
  0
LINE
  5
23F
330
70
100
AcDbEntity
  8
PDF15_Geometry
 62
     2
370
     5
100
AcDbLine
 10
924.7619733118112
 20
-169.312237917421
 30
0.0
 11
924.7619733118099
 21
-155.2620916974849
 31
0.0
  0
LINE
  5
240
330
70
100
AcDbEntity
  8
PDF15_Geometry
 62
     2
370
     5
100
AcDbLine
 10
924.7619733118112
 20
-169.3377785368729
 30
0.0
 11
931.3615953053018
 21
-169.3377785368729
 31
0.0
  0
SPLINE
  5
241
330
70
100
AcDbEntity
  8
PDF15_Geometry
 62
     2
370
     5
100
AcDbSpline
210
0.0
220
0.0
230
1.0
 70
     8
 71
     3
 72
    14
 73
    10
 74
     0
 42
0.0000000001
 43
0.0000000001
 40
0.0
 40
0.0
 40
0.0
 40
0.0
 40
1.0
 40
1.0
 40
1.0
 40
2.0
 40
2.0
 40
2.0
 40
3.0
 40
3.0
 40
3.0
 40
3.0
 10
931.361595305303
 20
-175.9374005302523
 30
0.0
 10
933.1840305961048
 20
-175.9374479777379
 30
0.0
 10
934.6614447657909
 20
-174.460110735625
 30
0.0
 10
934.6614922132758
 20
-172.6376754448233
 30
0.0
 10
934.6615396607614
 20
-170.8152401540215
 30
0.0
 10
933.1842024186485
 20
-169.3378259843354
 30
0.0
 10
931.3617671278468
 20
-169.3377785368505
 30
0.0
 10
931.3617098536688
 20
-169.3377785353592
 30
0.0
 10
931.3616525794808
 20
-169.3377785353592
 30
0.0
 10
931.361595305303
 20
-169.3377785368505
 30
0.0
  0
LINE
  5
242
330
70
100
AcDbEntity
  8
PDF15_Geometry
 62
     2
370
     5
100
AcDbLine
 10
931.3615953053018
 20
-175.9374005302709
 30
0.0
 11
924.7619733118151
 21
-175.9374005302709
 31
0.0
  0
ENDSEC
  0
SECTION
  2
OBJECTS
  0
DICTIONARY
  5
C
330
0
100
AcDbDictionary
281
     1
  3
ACAD_COLOR
350
63
  3
ACAD_DETAILVIEWSTYLE
350
6A
  3
ACAD_GROUP
350
D
  3
ACAD_LAYOUT
350
62
  3
ACAD_MATERIAL
350
10
  3
ACAD_MLEADERSTYLE
350
66
  3
ACAD_MLINESTYLE
350
5F
  3
ACAD_PLOTSETTINGS
350
61
  3
ACAD_PLOTSTYLENAME
350
E
  3
ACAD_SCALELIST
350
42
  3
ACAD_SECTIONVIEWSTYLE
350
68
  3
ACAD_TABLESTYLE
350
64
  3
ACAD_VISUALSTYLE
350
29
  3
ACDB_RECOMPOSE_DATA
350
24B
  3
AcDbVariableDictionary
350
243
  0
DICTIONARY
  5
63
102
{ACAD_REACTORS
330
C
102
}
330
C
100
AcDbDictionary
281
     1
  0
DICTIONARY
  5
6A
102
{ACAD_REACTORS
330
C
102
}
330
C
100
AcDbDictionary
281
     1
  3
Imperial24
350
6B
  0
DICTIONARY
  5
D
102
{ACAD_REACTORS
330
C
102
}
330
C
100
AcDbDictionary
281
     1
  0
DICTIONARY
  5
62
102
{ACAD_REACTORS
330
C
102
}
330
C
100
AcDbDictionary
281
     1
  3
Layout1
350
6F
  3
Layout2
350
77
  3
Model
350
73
  0
DICTIONARY
  5
10
102
{ACAD_REACTORS
330
C
102
}
330
C
100
AcDbDictionary
281
     1
  3
ByBlock
350
19
  3
ByLayer
350
11
  3
Global
350
21
  0
DICTIONARY
  5
66
102
{ACAD_REACTORS
330
C
102
}
330
C
100
AcDbDictionary
281
     1
  3
Standard
350
67
  0
DICTIONARY
  5
5F
102
{ACAD_REACTORS
330
C
102
}
330
C
100
AcDbDictionary
281
     1
  3
Standard
350
60
  0
DICTIONARY
  5
61
102
{ACAD_REACTORS
330
C
102
}
330
C
100
AcDbDictionary
281
     1
  0
ACDBDICTIONARYWDFLT
  5
E
102
{ACAD_REACTORS
330
C
102
}
330
C
100
AcDbDictionary
281
     1
  3
Normal
350
F
100
AcDbDictionaryWithDefault
340
F
  0
DICTIONARY
  5
42
102
{ACAD_REACTORS
330
C
102
}
330
C
100
AcDbDictionary
281
     1
  3
A0
350
43
  3
A1
350
44
  3
A2
350
45
  3
A3
350
46
  3
A4
350
47
  3
A5
350
48
  3
A6
350
49
  3
A7
350
4A
  3
A8
350
4B
  3
A9
350
4C
  3
B0
350
4D
  3
B1
350
4E
  3
B2
350
4F
  3
B3
350
50
  3
B4
350
51
  3
B5
350
52
  3
B6
350
53
  0
DICTIONARY
  5
68
102
{ACAD_REACTORS
330
C
102
}
330
C
100
AcDbDictionary
281
     1
  3
Imperial24
350
69
  0
DICTIONARY
  5
64
102
{ACAD_REACTORS
330
C
102
}
330
C
100
AcDbDictionary
281
     1
  3
Standard
350
65
  0
DICTIONARY
  5
29
102
{ACAD_REACTORS
330
C
102
}
330
C
100
AcDbDictionary
281
     1
  3
2dWireframe
350
2F
  3
Basic
350
2E
  3
Brighten
350
35
  3
ColorChange
350
39
  3
Conceptual
350
32
  3
Dim
350
34
  3
EdgeColorOff
350
41
  3
Facepattern
350
38
  3
Flat
350
2A
  3
FlatWithEdges
350
2B
  3
Gouraud
350
2C
  3
GouraudWithEdges
350
2D
  3
Hidden
350
31
  3
JitterOff
350
3F
  3
Linepattern
350
37
  3
OverhangOff
350
40
  3
Realistic
350
33
  3
Shaded
350
3E
  3
Shaded with edges
350
3D
  3
Shades of Gray
350
3A
  3
Sketchy
350
3B
  3
Thicken
350
36
  3
Wireframe
350
30
  3
X-Ray
350
3C
  0
XRECORD
  5
24B
102
{ACAD_REACTORS
330
C
102
}
330
C
100
AcDbXrecord
280
     1
 90
        1
330
65
  0
DICTIONARY
  5
243
102
{ACAD_REACTORS
330
C
102
}
330
C
100
AcDbDictionary
281
     1
  3
CANNOSCALE
350
248
  3
CMLEADERSTYLE
350
245
  3
CTABLESTYLE
350
244
  3
CVIEWDETAILSTYLE
350
246
  3
CVIEWSECTIONSTYLE
350
247
  0
ACDBDETAILVIEWSTYLE
  5
6B
102
{ACAD_REACTORS
330
6A
102
}
330
6A
100
AcDbModelDocViewStyle
 70
     0
  3
Imperial24
290
     1
300
Imperial24
 90
        0
100
AcDbDetailViewStyle
 70
     0
 71
     0
 90
        3
 71
     1
340
55
 62
   256
 40
0.24
340
0
 62
   256
 40
0.24
300

 40
0.36
280
     3
 71
     2
340
5D
 90
       25
 62
   256
 71
     3
340
55
 62
   256
 40
0.24
 90
        1
 40
0.75
 90
        1
300
%<\AcVar ViewType \f "%tc1">% %<\AcVar ViewDetailId>%\PSCALE %<\AcVar ViewScale \f "%sn">%
 71
     4
340
5D
 90
       25
 62
   256
340
5D
 90
       25
 62
   256
280
     0
  0
LAYOUT
  5
6F
102
{ACAD_REACTORS
330
62
102
}
330
62
100
AcDbPlotSettings
  1

  2

  4

  6

 40
0.0
 41
0.0
 42
0.0
 43
0.0
 44
0.0
 45
0.0
 46
0.0
 47
0.0
 48
0.0
 49
0.0
140
0.0
141
0.0
142
1.0
143
1.0
 70
   688
 72
     0
 73
     0
 74
     5
  7

 75
    16
147
1.0
 76
     0
 77
     2
 78
   300
148
0.0
149
0.0
100
AcDbLayout
  1
Layout1
 70
     1
 71
     1
 10
0.0
 20
0.0
 11
12.0
 21
9.0
 12
0.0
 22
0.0
 32
0.0
 14
0.0
 24
0.0
 34
0.0
 15
0.0
 25
0.0
 35
0.0
146
0.0
 13
0.0
 23
0.0
 33
0.0
 16
1.0
 26
0.0
 36
0.0
 17
0.0
 27
1.0
 37
0.0
 76
     0
330
6C
  0
LAYOUT
  5
77
102
{ACAD_REACTORS
330
62
102
}
330
62
100
AcDbPlotSettings
  1

  2

  4

  6

 40
0.0
 41
0.0
 42
0.0
 43
0.0
 44
0.0
 45
0.0
 46
0.0
 47
0.0
 48
0.0
 49
0.0
140
0.0
141
0.0
142
1.0
143
1.0
 70
   688
 72
     0
 73
     0
 74
     5
  7

 75
    16
147
1.0
 76
     0
 77
     2
 78
   300
148
0.0
149
0.0
100
AcDbLayout
  1
Layout2
 70
     1
 71
     2
 10
0.0
 20
0.0
 11
12.0
 21
9.0
 12
0.0
 22
0.0
 32
0.0
 14
0.0
 24
0.0
 34
0.0
 15
0.0
 25
0.0
 35
0.0
146
0.0
 13
0.0
 23
0.0
 33
0.0
 16
1.0
 26
0.0
 36
0.0
 17
0.0
 27
1.0
 37
0.0
 76
     0
330
74
  0
LAYOUT
  5
73
102
{ACAD_REACTORS
330
62
102
}
330
62
100
AcDbPlotSettings
  1

  2

  4

  6

 40
0.0
 41
0.0
 42
0.0
 43
0.0
 44
0.0
 45
0.0
 46
0.0
 47
0.0
 48
0.0
 49
0.0
140
0.0
141
0.0
142
1.0
143
1.0
 70
  1712
 72
     0
 73
     0
 74
     0
  7

 75
     0
147
1.0
 76
     0
 77
     2
 78
   300
148
0.0
149
0.0
100
AcDbLayout
  1
Model
 70
     1
 71
     0
 10
0.0
 20
0.0
 11
12.0
 21
9.0
 12
0.0
 22
0.0
 32
0.0
 14
0.0
 24
0.0
 34
0.0
 15
0.0
 25
0.0
 35
0.0
146
0.0
 13
0.0
 23
0.0
 33
0.0
 16
1.0
 26
0.0
 36
0.0
 17
0.0
 27
1.0
 37
0.0
 76
     0
330
70
  0
MATERIAL
  5
19
102
{ACAD_XDICTIONARY
360
1A
102
}
102
{ACAD_REACTORS
330
10
102
}
330
10
100
AcDbMaterial
  1
ByBlock
 72
     0
 43
0.0208333333333333
 43
0.0
 43
0.0
 43
0.0
 43
0.0
 43
0.0208333333333333
 43
0.0
 43
0.0
 43
0.0
 43
0.0
 43
1.0
 43
0.0
 43
0.0
 43
0.0
 43
0.0
 43
1.0
 77
     0
 47
0.0208333333333333
 47
0.0
 47
0.0
 47
0.0
 47
0.0
 47
0.0208333333333333
 47
0.0
 47
0.0
 47
0.0
 47
0.0
 47
1.0
 47
0.0
 47
0.0
 47
0.0
 47
0.0
 47
1.0
171
     0
 49
0.0208333333333333
 49
0.0
 49
0.0
 49
0.0
 49
0.0
 49
0.0208333333333333
 49
0.0
 49
0.0
 49
0.0
 49
0.0
 49
1.0
 49
0.0
 49
0.0
 49
0.0
 49
0.0
 49
1.0
175
     0
142
0.0208333333333333
142
0.0
142
0.0
142
0.0
142
0.0
142
0.0208333333333333
142
0.0
142
0.0
142
0.0
142
0.0
142
1.0
142
0.0
142
0.0
142
0.0
142
0.0
142
1.0
179
     0
144
0.0208333333333333
144
0.0
144
0.0
144
0.0
144
0.0
144
0.0208333333333333
144
0.0
144
0.0
144
0.0
144
0.0
144
1.0
144
0.0
144
0.0
144
0.0
144
0.0
144
1.0
147
0.0208333333333333
147
0.0
147
0.0
147
0.0
147
0.0
147
0.0208333333333333
147
0.0
147
0.0
147
0.0
147
0.0
147
1.0
147
0.0
147
0.0
147
0.0
147
0.0
147
1.0
  0
MATERIAL
  5
11
102
{ACAD_XDICTIONARY
360
12
102
}
102
{ACAD_REACTORS
330
10
102
}
330
10
100
AcDbMaterial
  1
ByLayer
 72
     0
 43
0.0208333333333333
 43
0.0
 43
0.0
 43
0.0
 43
0.0
 43
0.0208333333333333
 43
0.0
 43
0.0
 43
0.0
 43
0.0
 43
1.0
 43
0.0
 43
0.0
 43
0.0
 43
0.0
 43
1.0
 77
     0
 47
0.0208333333333333
 47
0.0
 47
0.0
 47
0.0
 47
0.0
 47
0.0208333333333333
 47
0.0
 47
0.0
 47
0.0
 47
0.0
 47
1.0
 47
0.0
 47
0.0
 47
0.0
 47
0.0
 47
1.0
171
     0
 49
0.0208333333333333
 49
0.0
 49
0.0
 49
0.0
 49
0.0
 49
0.0208333333333333
 49
0.0
 49
0.0
 49
0.0
 49
0.0
 49
1.0
 49
0.0
 49
0.0
 49
0.0
 49
0.0
 49
1.0
175
     0
142
0.0208333333333333
142
0.0
142
0.0
142
0.0
142
0.0
142
0.0208333333333333
142
0.0
142
0.0
142
0.0
142
0.0
142
1.0
142
0.0
142
0.0
142
0.0
142
0.0
142
1.0
179
     0
144
0.0208333333333333
144
0.0
144
0.0
144
0.0
144
0.0
144
0.0208333333333333
144
0.0
144
0.0
144
0.0
144
0.0
144
1.0
144
0.0
144
0.0
144
0.0
144
0.0
144
1.0
147
0.0208333333333333
147
0.0
147
0.0
147
0.0
147
0.0
147
0.0208333333333333
147
0.0
147
0.0
147
0.0
147
0.0
147
1.0
147
0.0
147
0.0
147
0.0
147
0.0
147
1.0
  0
MATERIAL
  5
21
102
{ACAD_XDICTIONARY
360
22
102
}
102
{ACAD_REACTORS
330
10
102
}
330
10
100
AcDbMaterial
  1
Global
 72
     0
 43
0.0208333333333333
 43
0.0
 43
0.0
 43
0.0
 43
0.0
 43
0.0208333333333333
 43
0.0
 43
0.0
 43
0.0
 43
0.0
 43
1.0
 43
0.0
 43
0.0
 43
0.0
 43
0.0
 43
1.0
 77
     0
 47
0.0208333333333333
 47
0.0
 47
0.0
 47
0.0
 47
0.0
 47
0.0208333333333333
 47
0.0
 47
0.0
 47
0.0
 47
0.0
 47
1.0
 47
0.0
 47
0.0
 47
0.0
 47
0.0
 47
1.0
171
     0
 49
0.0208333333333333
 49
0.0
 49
0.0
 49
0.0
 49
0.0
 49
0.0208333333333333
 49
0.0
 49
0.0
 49
0.0
 49
0.0
 49
1.0
 49
0.0
 49
0.0
 49
0.0
 49
0.0
 49
1.0
175
     0
142
0.0208333333333333
142
0.0
142
0.0
142
0.0
142
0.0
142
0.0208333333333333
142
0.0
142
0.0
142
0.0
142
0.0
142
1.0
142
0.0
142
0.0
142
0.0
142
0.0
142
1.0
179
     0
144
0.0208333333333333
144
0.0
144
0.0
144
0.0
144
0.0
144
0.0208333333333333
144
0.0
144
0.0
144
0.0
144
0.0
144
1.0
144
0.0
144
0.0
144
0.0
144
0.0
144
1.0
147
0.0208333333333333
147
0.0
147
0.0
147
0.0
147
0.0
147
0.0208333333333333
147
0.0
147
0.0
147
0.0
147
0.0
147
1.0
147
0.0
147
0.0
147
0.0
147
0.0
147
1.0
  0
MLEADERSTYLE
  5
67
102
{ACAD_REACTORS
330
66
102
}
330
66
100
AcDbMLeaderStyle
179
     2
170
     2
171
     1
172
     0
 90
        2
 40
0.0
 41
0.0
173
     1
 91
-1056964608
340
5B
 92
       -2
290
     1
 42
0.09
291
     1
 43
0.36
  3
Standard
 44
0.18
300

342
55
174
     1
178
     6
175
     1
176
     0
 93
-1056964608
 45
0.18
292
     0
297
     0
 46
0.18
 94
-1056964608
 47
1.0
 49
1.0
140
1.0
293
     1
141
0.0
294
     1
177
     0
142
1.0
295
     1
296
     0
143
0.125
271
     0
272
     9
273
     9
298
     1
  0
MLINESTYLE
  5
60
102
{ACAD_REACTORS
330
5F
102
}
330
5F
100
AcDbMlineStyle
  2
STANDARD
 70
     0
  3

 62
   256
 51
90.0
 52
90.0
 71
     2
 49
0.5
 62
   256
  6
BYLAYER
 49
-0.5
 62
   256
  6
BYLAYER
  0
ACDBPLACEHOLDER
  5
F
102
{ACAD_REACTORS
330
E
102
}
330
E
  0
SCALE
  5
43
102
{ACAD_REACTORS
330
42
102
}
330
42
100
AcDbScale
 70
     0
300
1:1
140
1.0
141
1.0
290
     1
  0
SCALE
  5
44
102
{ACAD_REACTORS
330
42
102
}
330
42
100
AcDbScale
 70
     0
300
1/128" = 1'-0"
140
0.0078125
141
12.0
290
     0
  0
SCALE
  5
45
102
{ACAD_REACTORS
330
42
102
}
330
42
100
AcDbScale
 70
     0
300
1/64" = 1'-0"
140
0.015625
141
12.0
290
     0
  0
SCALE
  5
46
102
{ACAD_REACTORS
330
42
102
}
330
42
100
AcDbScale
 70
     0
300
1/32" = 1'-0"
140
0.03125
141
12.0
290
     0
  0
SCALE
  5
47
102
{ACAD_REACTORS
330
42
102
}
330
42
100
AcDbScale
 70
     0
300
1/16" = 1'-0"
140
0.0625
141
12.0
290
     0
  0
SCALE
  5
48
102
{ACAD_REACTORS
330
42
102
}
330
42
100
AcDbScale
 70
     0
300
3/32" = 1'-0"
140
0.09375
141
12.0
290
     0
  0
SCALE
  5
49
102
{ACAD_REACTORS
330
42
102
}
330
42
100
AcDbScale
 70
     0
300
1/8" = 1'-0"
140
0.125
141
12.0
290
     0
  0
SCALE
  5
4A
102
{ACAD_REACTORS
330
42
102
}
330
42
100
AcDbScale
 70
     0
300
3/16" = 1'-0"
140
0.1875
141
12.0
290
     0
  0
SCALE
  5
4B
102
{ACAD_REACTORS
330
42
102
}
330
42
100
AcDbScale
 70
     0
300
1/4" = 1'-0"
140
0.25
141
12.0
290
     0
  0
SCALE
  5
4C
102
{ACAD_REACTORS
330
42
102
}
330
42
100
AcDbScale
 70
     0
300
3/8" = 1'-0"
140
0.375
141
12.0
290
     0
  0
SCALE
  5
4D
102
{ACAD_REACTORS
330
42
102
}
330
42
100
AcDbScale
 70
     0
300
1/2" = 1'-0"
140
0.5
141
12.0
290
     0
  0
SCALE
  5
4E
102
{ACAD_REACTORS
330
42
102
}
330
42
100
AcDbScale
 70
     0
300
3/4" = 1'-0"
140
0.75
141
12.0
290
     0
  0
SCALE
  5
4F
102
{ACAD_REACTORS
330
42
102
}
330
42
100
AcDbScale
 70
     0
300
1" = 1'-0"
140
1.0
141
12.0
290
     0
  0
SCALE
  5
50
102
{ACAD_REACTORS
330
42
102
}
330
42
100
AcDbScale
 70
     0
300
1-1/2" = 1'-0"
140
1.5
141
12.0
290
     0
  0
SCALE
  5
51
102
{ACAD_REACTORS
330
42
102
}
330
42
100
AcDbScale
 70
     0
300
3" = 1'-0"
140
3.0
141
12.0
290
     0
  0
SCALE
  5
52
102
{ACAD_REACTORS
330
42
102
}
330
42
100
AcDbScale
 70
     0
300
6" = 1'-0"
140
6.0
141
12.0
290
     0
  0
SCALE
  5
53
102
{ACAD_REACTORS
330
42
102
}
330
42
100
AcDbScale
 70
     0
300
1'-0" = 1'-0"
140
12.0
141
12.0
290
     0
  0
ACDBSECTIONVIEWSTYLE
  5
69
102
{ACAD_REACTORS
330
68
102
}
330
68
100
AcDbModelDocViewStyle
 70
     0
  3
Imperial24
290
     1
300
Imperial24
 90
        0
100
AcDbSectionViewStyle
 70
     0
 71
     0
 90
       78
 71
     1
340
55
 62
   256
 40
0.24
340
0
340
0
 62
   256
 40
0.24
300
I, O, Q, S, X, Z
 40
0.48
 90
        3
 40
0.18
 90
        1
 71
     2
340
5D
 90
       25
 62
   256
340
5D
 90
       50
 62
   256
 40
0.24
 40
0.0
 40
0.24
 71
     3
340
55
 62
   256
 40
0.24
 90
        1
 40
0.75
 90
        1
300
%<\AcVar ViewType \f "%tc1">% %<\AcVar ViewSectionStartId>%-%<\AcVar ViewSectionEndId>%\PSCALE %<\AcVar ViewScale \f "%sn">%
 71
     4
 62
   256
 62
   257
300
ANSI31
 40
1.0
 90
        0
290
     0
290
     0
 90
        6
 40
0.0
 40
1.570796326794896
 40
0.2617993877991494
 40
1.308996938995747
 40
-0.2617993877991494
 40
1.832595714594046
  0
TABLESTYLE
  5
65
102
{ACAD_XDICTIONARY
360
249
102
}
102
{ACAD_REACTORS
330
64
102
}
330
64
100
AcDbTableStyle
280
     0
  3
Standard
 70
     0
 71
     0
 40
0.06
 41
0.06
280
     0
281
     0
  7
Standard
140
0.18
170
     2
 62
     0
 63
     7
283
     0
 90
      512
 91
        0
  1

274
    -2
284
     1
 64
     0
275
    -2
285
     1
 65
     0
276
    -2
286
     1
 66
     0
277
    -2
287
     1
 67
     0
278
    -2
288
     1
 68
     0
279
    -2
289
     1
 69
     0
  7
Standard
140
0.25
170
     5
 62
     0
 63
     7
283
     0
 90
      512
 91
        0
  1

274
    -2
284
     1
 64
     0
275
    -2
285
     1
 65
     0
276
    -2
286
     1
 66
     0
277
    -2
287
     1
 67
     0
278
    -2
288
     1
 68
     0
279
    -2
289
     1
 69
     0
  7
Standard
140
0.18
170
     5
 62
     0
 63
     7
283
     0
 90
      512
 91
        0
  1

274
    -2
284
     1
 64
     0
275
    -2
285
     1
 65
     0
276
    -2
286
     1
 66
     0
277
    -2
287
     1
 67
     0
278
    -2
288
     1
 68
     0
279
    -2
289
     1
 69
     0
  0
VISUALSTYLE
  5
2F
102
{ACAD_REACTORS
330
29
102
}
330
29
100
AcDbVisualStyle
  2
2dWireframe
 70
     4
177
     3
291
     0
 70
    58
 90
        0
176
     1
 90
        2
176
     1
 90
        0
176
     1
 90
        0
176
     1
 40
0.6
176
     1
 40
30.0
176
     1
 62
     7
420
 16777215
176
     1
 90
        1
176
     1
 90
        4
176
     1
 62
     7
176
     1
 62
   257
176
     1
 90
        1
176
     1
 90
        1
176
     1
 40
1.0
176
     1
 90
        0
176
     1
 62
   257
176
     1
 40
1.0
176
     1
 90
        1
176
     1
 90
        6
176
     1
 90
        2
176
     1
 62
     7
176
     1
 90
        5
176
     1
 90
        0
176
     1
 90
        0
176
     1
290
     0
176
     1
 90
        1
176
     1
 40
0.0
176
     1
 90
        0
176
     1
290
     1
176
     1
290
     1
176
     1
290
     0
176
     1
290
     0
176
     1
290
     0
176
     1
290
     0
176
     1
290
     0
176
     1
290
     0
176
     1
290
     0
176
     1
 90
       50
176
     1
 40
0.0
176
     1
 40
1.0
176
     1
 90
        0
176
     1
 62
    18
420
        0
176
     1
 90
       50
176
     1
 90
        3
176
     1
 62
     5
420
      255
176
     1
290
     0
176
     1
 90
       50
176
     1
 90
       50
176
     1
 90
       50
176
     1
290
     0
176
     1
 90
       50
176
     1
 62
   256
176
     0
 40
1.0
176
     0
 90
        2
176
     1
  1
strokes_ogs.tif
176
     1
290
     0
176
     1
 40
1.0
176
     1
 40
1.0
176
     1
  0
VISUALSTYLE
  5
2E
102
{ACAD_REACTORS
330
29
102
}
330
29
100
AcDbVisualStyle
  2
Basic
 70
     7
177
     3
291
     1
 70
    58
 90
        1
176
     1
 90
        0
176
     1
 90
        1
176
     1
 90
        0
176
     1
 40
0.6
176
     1
 40
30.0
176
     1
 62
     7
420
 16777215
176
     1
 90
        0
176
     1
 90
        4
176
     1
 62
     7
176
     1
 62
   257
176
     1
 90
        1
176
     1
 90
        1
176
     1
 40
1.0
176
     1
 90
        8
176
     1
 62
     7
176
     1
 40
1.0
176
     1
 90
        1
176
     1
 90
        6
176
     1
 90
        2
176
     1
 62
     7
176
     1
 90
        5
176
     1
 90
        0
176
     1
 90
        0
176
     1
290
     0
176
     1
 90
        1
176
     1
 40
0.0
176
     1
 90
        0
176
     1
290
     0
176
     1
290
     1
176
     1
290
     1
176
     1
290
     0
176
     1
290
     0
176
     1
290
     0
176
     1
290
     0
176
     1
290
     0
176
     1
290
     0
176
     1
 90
       50
176
     1
 40
0.0
176
     1
 40
1.0
176
     1
 90
        0
176
     1
 62
    18
420
        0
176
     1
 90
       50
176
     1
 90
        3
176
     1
 62
     5
420
      255
176
     1
290
     0
176
     1
 90
       50
176
     1
 90
       50
176
     1
 90
       50
176
     1
290
     0
176
     1
 90
       50
176
     1
 62
   256
176
     0
 40
1.0
176
     0
 90
        2
176
     1
  1
strokes_ogs.tif
176
     1
290
     0
176
     1
 40
1.0
176
     1
 40
1.0
176
     1
  0
VISUALSTYLE
  5
35
102
{ACAD_REACTORS
330
29
102
}
330
29
100
AcDbVisualStyle
  2
Brighten
 70
    12
177
     3
291
     1
 70
    58
 90
        2
176
     1
 90
        2
176
     1
 90
        0
176
     1
 90
        0
176
     1
 40
0.6
176
     1
 40
30.0
176
     1
 62
     7
420
 16777215
176
     1
 90
        1
176
     1
 90
        4
176
     1
 62
     7
176
     1
 62
   257
176
     1
 90
        1
176
     1
 90
        1
176
     1
 40
1.0
176
     1
 90
        8
176
     1
 62
     7
176
     1
 40
1.0
176
     1
 90
        1
176
     1
 90
        6
176
     1
 90
        2
176
     1
 62
     7
176
     1
 90
        5
176
     1
 90
        0
176
     1
 90
        0
176
     1
290
     0
176
     1
 90
        1
176
     1
 40
50.0
176
     1
 90
        0
176
     1
290
     0
176
     1
290
     1
176
     1
290
     1
176
     1
290
     0
176
     1
290
     0
176
     1
290
     0
176
     1
290
     0
176
     1
290
     0
176
     1
290
     0
176
     1
 90
       50
176
     1
 40
0.0
176
     1
 40
1.0
176
     1
 90
        0
176
     1
 62
    18
420
        0
176
     1
 90
       50
176
     1
 90
        3
176
     1
 62
     5
420
      255
176
     1
290
     0
176
     1
 90
       50
176
     1
 90
       50
176
     1
 90
       50
176
     1
290
     0
176
     1
 90
       50
176
     1
 62
   256
176
     0
 40
1.0
176
     0
 90
        2
176
     1
  1
strokes_ogs.tif
176
     1
290
     0
176
     1
 40
1.0
176
     1
 40
1.0
176
     1
  0
VISUALSTYLE
  5
39
102
{ACAD_REACTORS
330
29
102
}
330
29
100
AcDbVisualStyle
  2
ColorChange
 70
    16
177
     3
291
     1
 70
    58
 90
        2
176
     1
 90
        2
176
     1
 90
        3
176
     1
 90
        0
176
     1
 40
0.6
176
     1
 40
30.0
176
     1
 62
     8
420
  8421504
176
     1
 90
        1
176
     1
 90
        4
176
     1
 62
     7
176
     1
 62
   257
176
     1
 90
        1
176
     1
 90
        1
176
     1
 40
1.0
176
     1
 90
        8
176
     1
 62
     8
420
  8421504
176
     1
 40
1.0
176
     1
 90
        1
176
     1
 90
        6
176
     1
 90
        2
176
     1
 62
     7
176
     1
 90
        5
176
     1
 90
        0
176
     1
 90
        0
176
     1
290
     0
176
     1
 90
        1
176
     1
 40
0.0
176
     1
 90
        0
176
     1
290
     0
176
     1
290
     1
176
     1
290
     1
176
     1
290
     0
176
     1
290
     0
176
     1
290
     0
176
     1
290
     0
176
     1
290
     0
176
     1
290
     0
176
     1
 90
       50
176
     1
 40
0.0
176
     1
 40
1.0
176
     1
 90
        0
176
     1
 62
    18
420
        0
176
     1
 90
       50
176
     1
 90
        3
176
     1
 62
     5
420
      255
176
     1
290
     0
176
     1
 90
       50
176
     1
 90
       50
176
     1
 90
       50
176
     1
290
     0
176
     1
 90
       50
176
     1
 62
   256
176
     0
 40
1.0
176
     0
 90
        2
176
     1
  1
strokes_ogs.tif
176
     1
290
     0
176
     1
 40
1.0
176
     1
 40
1.0
176
     1
  0
VISUALSTYLE
  5
32
102
{ACAD_REACTORS
330
29
102
}
330
29
100
AcDbVisualStyle
  2
Conceptual
 70
     9
177
     3
291
     0
 70
    58
 90
        3
176
     1
 90
        2
176
     1
 90
        0
176
     1
 90
        0
176
     1
 40
0.6
176
     1
 40
30.0
176
     1
 62
     7
420
 16777215
176
     1
 90
        2
176
     1
 90
        2
176
     1
 62
     7
176
     1
 62
   257
176
     1
 90
        1
176
     1
 90
        1
176
     1
 40
179.0
176
     1
 90
        8
176
     1
 62
     7
176
     1
 40
1.0
176
     1
 90
        1
176
     1
 90
        6
176
     1
 90
        2
176
     1
 62
     7
176
     1
 90
        3
176
     1
 90
        0
176
     1
 90
        0
176
     1
290
     0
176
     1
 90
        1
176
     1
 40
0.0
176
     1
 90
        0
176
     1
290
     0
176
     1
290
     1
176
     1
290
     1
176
     1
290
     0
176
     1
290
     0
176
     1
290
     0
176
     1
290
     0
176
     1
290
     0
176
     1
290
     0
176
     1
 90
       50
176
     1
 40
0.0
176
     1
 40
1.0
176
     1
 90
        0
176
     1
 62
    18
420
        0
176
     1
 90
       50
176
     1
 90
        3
176
     1
 62
     5
420
      255
176
     1
290
     0
176
     1
 90
       50
176
     1
 90
       50
176
     1
 90
       50
176
     1
290
     0
176
     1
 90
       50
176
     1
 62
   256
176
     0
 40
1.0
176
     0
 90
        2
176
     1
  1
strokes_ogs.tif
176
     1
290
     0
176
     1
 40
1.0
176
     1
 40
1.0
176
     1
  0
VISUALSTYLE
  5
34
102
{ACAD_REACTORS
330
29
102
}
330
29
100
AcDbVisualStyle
  2
Dim
 70
    11
177
     3
291
     1
 70
    58
 90
        2
176
     1
 90
        2
176
     1
 90
        0
176
     1
 90
        0
176
     1
 40
0.6
176
     1
 40
30.0
176
     1
 62
     7
420
 16777215
176
     1
 90
        1
176
     1
 90
        4
176
     1
 62
     7
176
     1
 62
   257
176
     1
 90
        1
176
     1
 90
        1
176
     1
 40
1.0
176
     1
 90
        8
176
     1
 62
     7
176
     1
 40
1.0
176
     1
 90
        1
176
     1
 90
        6
176
     1
 90
        2
176
     1
 62
     7
176
     1
 90
        5
176
     1
 90
        0
176
     1
 90
        0
176
     1
290
     0
176
     1
 90
        1
176
     1
 40
-50.0
176
     1
 90
        0
176
     1
290
     0
176
     1
290
     1
176
     1
290
     1
176
     1
290
     0
176
     1
290
     0
176
     1
290
     0
176
     1
290
     0
176
     1
290
     0
176
     1
290
     0
176
     1
 90
       50
176
     1
 40
0.0
176
     1
 40
1.0
176
     1
 90
        0
176
     1
 62
    18
420
        0
176
     1
 90
       50
176
     1
 90
        3
176
     1
 62
     5
420
      255
176
     1
290
     0
176
     1
 90
       50
176
     1
 90
       50
176
     1
 90
       50
176
     1
290
     0
176
     1
 90
       50
176
     1
 62
   256
176
     0
 40
1.0
176
     0
 90
        2
176
     1
  1
strokes_ogs.tif
176
     1
290
     0
176
     1
 40
1.0
176
     1
 40
1.0
176
     1
  0
VISUALSTYLE
  5
41
102
{ACAD_REACTORS
330
29
102
}
330
29
100
AcDbVisualStyle
  2
EdgeColorOff
 70
    22
177
     3
291
     1
 70
    58
 90
        2
176
     0
 90
        2
176
     0
 90
        0
176
     0
 90
        0
176
     0
 40
0.6
176
     0
 40
30.0
176
     0
 62
     7
420
 16777215
176
     0
 90
        1
176
     0
 90
        4
176
     0
 62
     7
176
     0
 62
   257
176
     0
 90
        1
176
     0
 90
        1
176
     0
 40
1.0
176
     0
 90
        8
176
     2
 62
     7
176
     0
 40
1.0
176
     0
 90
        1
176
     0
 90
        6
176
     0
 90
        2
176
     0
 62
     7
176
     0
 90
        5
176
     0
 90
        0
176
     0
 90
        0
176
     0
290
     0
176
     0
 90
        1
176
     0
 40
0.0
176
     0
 90
        0
176
     0
290
     0
176
     0
290
     1
176
     0
290
     1
176
     0
290
     0
176
     0
290
     0
176
     0
290
     0
176
     0
290
     0
176
     0
290
     0
176
     0
290
     0
176
     0
 90
       50
176
     0
 40
0.0
176
     0
 40
1.0
176
     0
 90
        0
176
     0
 62
    18
420
        0
176
     0
 90
       50
176
     0
 90
        3
176
     0
 62
     5
420
      255
176
     0
290
     0
176
     0
 90
       50
176
     0
 90
       50
176
     0
 90
       50
176
     0
290
     0
176
     0
 90
       50
176
     0
 62
   256
176
     0
 40
1.0
176
     0
 90
        2
176
     0
  1
strokes_ogs.tif
176
     0
290
     0
176
     0
 40
1.0
176
     0
 40
1.0
176
     0
  0
VISUALSTYLE
  5
38
102
{ACAD_REACTORS
330
29
102
}
330
29
100
AcDbVisualStyle
  2
Facepattern
 70
    15
177
     3
291
     1
 70
    58
 90
        2
176
     1
 90
        2
176
     1
 90
        0
176
     1
 90
        0
176
     1
 40
0.6
176
     1
 40
30.0
176
     1
 62
     7
420
 16777215
176
     1
 90
        1
176
     1
 90
        4
176
     1
 62
     7
176
     1
 62
   257
176
     1
 90
        1
176
     1
 90
        1
176
     1
 40
1.0
176
     1
 90
        8
176
     1
 62
     7
176
     1
 40
1.0
176
     1
 90
        1
176
     1
 90
        6
176
     1
 90
        2
176
     1
 62
     7
176
     1
 90
        5
176
     1
 90
        0
176
     1
 90
        0
176
     1
290
     0
176
     1
 90
        1
176
     1
 40
0.0
176
     1
 90
        0
176
     1
290
     0
176
     1
290
     1
176
     1
290
     1
176
     1
290
     0
176
     1
290
     0
176
     1
290
     0
176
     1
290
     0
176
     1
290
     0
176
     1
290
     0
176
     1
 90
       50
176
     1
 40
0.0
176
     1
 40
1.0
176
     1
 90
        0
176
     1
 62
    18
420
        0
176
     1
 90
       50
176
     1
 90
        3
176
     1
 62
     5
420
      255
176
     1
290
     0
176
     1
 90
       50
176
     1
 90
       50
176
     1
 90
       50
176
     1
290
     0
176
     1
 90
       50
176
     1
 62
   256
176
     0
 40
1.0
176
     0
 90
        2
176
     1
  1
strokes_ogs.tif
176
     1
290
     0
176
     1
 40
1.0
176
     1
 40
1.0
176
     1
  0
VISUALSTYLE
  5
2A
102
{ACAD_REACTORS
330
29
102
}
330
29
100
AcDbVisualStyle
  2
Flat
 70
     0
177
     3
291
     1
 70
    58
 90
        2
176
     1
 90
        1
176
     1
 90
        1
176
     1
 90
        2
176
     1
 40
0.6
176
     1
 40
30.0
176
     1
 62
     7
420
 16777215
176
     1
 90
        0
176
     1
 90
        0
176
     1
 62
     7
176
     1
 62
   257
176
     1
 90
        1
176
     1
 90
        1
176
     1
 40
1.0
176
     1
 90
        8
176
     1
 62
     7
176
     1
 40
1.0
176
     1
 90
        1
176
     1
 90
        6
176
     1
 90
        2
176
     1
 62
     7
176
     1
 90
        5
176
     1
 90
        0
176
     1
 90
        0
176
     1
290
     0
176
     1
 90
       13
176
     1
 40
0.0
176
     1
 90
        0
176
     1
290
     0
176
     1
290
     1
176
     1
290
     1
176
     1
290
     0
176
     1
290
     0
176
     1
290
     0
176
     1
290
     0
176
     1
290
     0
176
     1
290
     0
176
     1
 90
       50
176
     1
 40
0.0
176
     1
 40
1.0
176
     1
 90
        0
176
     1
 62
    18
420
        0
176
     1
 90
       50
176
     1
 90
        3
176
     1
 62
     5
420
      255
176
     1
290
     0
176
     1
 90
       50
176
     1
 90
       50
176
     1
 90
       50
176
     1
290
     0
176
     1
 90
       50
176
     1
 62
   256
176
     0
 40
1.0
176
     0
 90
        2
176
     1
  1
strokes_ogs.tif
176
     1
290
     0
176
     1
 40
1.0
176
     1
 40
1.0
176
     1
  0
VISUALSTYLE
  5
2B
102
{ACAD_REACTORS
330
29
102
}
330
29
100
AcDbVisualStyle
  2
FlatWithEdges
 70
     1
177
     3
291
     1
 70
    58
 90
        2
176
     1
 90
        1
176
     1
 90
        1
176
     1
 90
        2
176
     1
 40
0.6
176
     1
 40
30.0
176
     1
 62
     7
420
 16777215
176
     1
 90
        1
176
     1
 90
        0
176
     1
 62
     7
176
     1
 62
   257
176
     1
 90
        1
176
     1
 90
        1
176
     1
 40
1.0
176
     1
 90
        0
176
     1
 62
   257
176
     1
 40
1.0
176
     1
 90
        1
176
     1
 90
        6
176
     1
 90
        2
176
     1
 62
     7
176
     1
 90
        5
176
     1
 90
        0
176
     1
 90
        0
176
     1
290
     0
176
     1
 90
       13
176
     1
 40
0.0
176
     1
 90
        0
176
     1
290
     0
176
     1
290
     1
176
     1
290
     1
176
     1
290
     0
176
     1
290
     0
176
     1
290
     0
176
     1
290
     0
176
     1
290
     0
176
     1
290
     0
176
     1
 90
       50
176
     1
 40
0.0
176
     1
 40
1.0
176
     1
 90
        0
176
     1
 62
    18
420
        0
176
     1
 90
       50
176
     1
 90
        3
176
     1
 62
     5
420
      255
176
     1
290
     0
176
     1
 90
       50
176
     1
 90
       50
176
     1
 90
       50
176
     1
290
     0
176
     1
 90
       50
176
     1
 62
   256
176
     0
 40
1.0
176
     0
 90
        2
176
     1
  1
strokes_ogs.tif
176
     1
290
     0
176
     1
 40
1.0
176
     1
 40
1.0
176
     1
  0
VISUALSTYLE
  5
2C
102
{ACAD_REACTORS
330
29
102
}
330
29
100
AcDbVisualStyle
  2
Gouraud
 70
     2
177
     3
291
     1
 70
    58
 90
        2
176
     1
 90
        2
176
     1
 90
        1
176
     1
 90
        2
176
     1
 40
0.6
176
     1
 40
30.0
176
     1
 62
     7
420
 16777215
176
     1
 90
        0
176
     1
 90
        0
176
     1
 62
     7
176
     1
 62
   257
176
     1
 90
        1
176
     1
 90
        1
176
     1
 40
1.0
176
     1
 90
        0
176
     1
 62
     7
176
     1
 40
1.0
176
     1
 90
        1
176
     1
 90
        6
176
     1
 90
        2
176
     1
 62
     7
176
     1
 90
        5
176
     1
 90
        0
176
     1
 90
        0
176
     1
290
     0
176
     1
 90
       13
176
     1
 40
0.0
176
     1
 90
        0
176
     1
290
     0
176
     1
290
     1
176
     1
290
     1
176
     1
290
     0
176
     1
290
     0
176
     1
290
     0
176
     1
290
     0
176
     1
290
     0
176
     1
290
     0
176
     1
 90
       50
176
     1
 40
0.0
176
     1
 40
1.0
176
     1
 90
        0
176
     1
 62
    18
420
        0
176
     1
 90
       50
176
     1
 90
        3
176
     1
 62
     5
420
      255
176
     1
290
     0
176
     1
 90
       50
176
     1
 90
       50
176
     1
 90
       50
176
     1
290
     0
176
     1
 90
       50
176
     1
 62
   256
176
     0
 40
1.0
176
     0
 90
        2
176
     1
  1
strokes_ogs.tif
176
     1
290
     0
176
     1
 40
1.0
176
     1
 40
1.0
176
     1
  0
VISUALSTYLE
  5
2D
102
{ACAD_REACTORS
330
29
102
}
330
29
100
AcDbVisualStyle
  2
GouraudWithEdges
 70
     3
177
     3
291
     1
 70
    58
 90
        2
176
     1
 90
        2
176
     1
 90
        1
176
     1
 90
        2
176
     1
 40
0.6
176
     1
 40
30.0
176
     1
 62
     7
420
 16777215
176
     1
 90
        1
176
     1
 90
        0
176
     1
 62
     7
176
     1
 62
   257
176
     1
 90
        1
176
     1
 90
        1
176
     1
 40
1.0
176
     1
 90
        0
176
     1
 62
   257
176
     1
 40
1.0
176
     1
 90
        1
176
     1
 90
        6
176
     1
 90
        2
176
     1
 62
     7
176
     1
 90
        5
176
     1
 90
        0
176
     1
 90
        0
176
     1
290
     0
176
     1
 90
       13
176
     1
 40
0.0
176
     1
 90
        0
176
     1
290
     0
176
     1
290
     1
176
     1
290
     1
176
     1
290
     0
176
     1
290
     0
176
     1
290
     0
176
     1
290
     0
176
     1
290
     0
176
     1
290
     0
176
     1
 90
       50
176
     1
 40
0.0
176
     1
 40
1.0
176
     1
 90
        0
176
     1
 62
    18
420
        0
176
     1
 90
       50
176
     1
 90
        3
176
     1
 62
     5
420
      255
176
     1
290
     0
176
     1
 90
       50
176
     1
 90
       50
176
     1
 90
       50
176
     1
290
     0
176
     1
 90
       50
176
     1
 62
   256
176
     0
 40
1.0
176
     0
 90
        2
176
     1
  1
strokes_ogs.tif
176
     1
290
     0
176
     1
 40
1.0
176
     1
 40
1.0
176
     1
  0
VISUALSTYLE
  5
31
102
{ACAD_REACTORS
330
29
102
}
330
29
100
AcDbVisualStyle
  2
Hidden
 70
     6
177
     3
291
     0
 70
    58
 90
        1
176
     1
 90
        2
176
     1
 90
        2
176
     1
 90
        0
176
     1
 40
0.6
176
     1
 40
30.0
176
     1
 62
     7
420
 16777215
176
     1
 90
        2
176
     1
 90
        2
176
     1
 62
     7
176
     1
 62
   257
176
     1
 90
        2
176
     1
 90
        1
176
     1
 40
40.0
176
     1
 90
        0
176
     1
 62
   257
176
     1
 40
1.0
176
     1
 90
        1
176
     1
 90
        6
176
     1
 90
        2
176
     1
 62
     7
176
     1
 90
        3
176
     1
 90
        0
176
     1
 90
        0
176
     1
290
     0
176
     1
 90
        1
176
     1
 40
0.0
176
     1
 90
        0
176
     1
290
     0
176
     1
290
     1
176
     1
290
     1
176
     1
290
     0
176
     1
290
     0
176
     1
290
     0
176
     1
290
     0
176
     1
290
     0
176
     1
290
     0
176
     1
 90
       50
176
     1
 40
0.0
176
     1
 40
1.0
176
     1
 90
        0
176
     1
 62
    18
420
        0
176
     1
 90
       50
176
     1
 90
        3
176
     1
 62
     5
420
      255
176
     1
290
     0
176
     1
 90
       50
176
     1
 90
       50
176
     1
 90
       50
176
     1
290
     0
176
     1
 90
       50
176
     1
 62
   256
176
     0
 40
1.0
176
     0
 90
        2
176
     1
  1
strokes_ogs.tif
176
     1
290
     0
176
     1
 40
1.0
176
     1
 40
1.0
176
     1
  0
VISUALSTYLE
  5
3F
102
{ACAD_REACTORS
330
29
102
}
330
29
100
AcDbVisualStyle
  2
JitterOff
 70
    20
177
     3
291
     1
 70
    58
 90
        2
176
     0
 90
        2
176
     0
 90
        0
176
     0
 90
        0
176
     0
 40
0.6
176
     0
 40
30.0
176
     0
 62
     7
420
 16777215
176
     0
 90
        1
176
     0
 90
        4
176
     0
 62
     7
176
     0
 62
   257
176
     0
 90
        1
176
     0
 90
        1
176
     0
 40
1.0
176
     0
 90
       10
176
     2
 62
     7
176
     0
 40
1.0
176
     0
 90
        1
176
     0
 90
        6
176
     0
 90
        2
176
     0
 62
     7
176
     0
 90
        5
176
     0
 90
        0
176
     0
 90
        0
176
     0
290
     0
176
     0
 90
        1
176
     0
 40
0.0
176
     0
 90
        0
176
     0
290
     0
176
     0
290
     1
176
     0
290
     1
176
     0
290
     0
176
     0
290
     0
176
     0
290
     0
176
     0
290
     0
176
     0
290
     0
176
     0
290
     0
176
     0
 90
       50
176
     0
 40
0.0
176
     0
 40
1.0
176
     0
 90
        0
176
     0
 62
    18
420
        0
176
     0
 90
       50
176
     0
 90
        3
176
     0
 62
     5
420
      255
176
     0
290
     0
176
     0
 90
       50
176
     0
 90
       50
176
     0
 90
       50
176
     0
290
     0
176
     0
 90
       50
176
     0
 62
   256
176
     0
 40
1.0
176
     0
 90
        2
176
     0
  1
strokes_ogs.tif
176
     0
290
     0
176
     0
 40
1.0
176
     0
 40
1.0
176
     0
  0
VISUALSTYLE
  5
37
102
{ACAD_REACTORS
330
29
102
}
330
29
100
AcDbVisualStyle
  2
Linepattern
 70
    14
177
     3
291
     1
 70
    58
 90
        2
176
     1
 90
        2
176
     1
 90
        0
176
     1
 90
        0
176
     1
 40
0.6
176
     1
 40
30.0
176
     1
 62
     7
420
 16777215
176
     1
 90
        1
176
     1
 90
        4
176
     1
 62
     7
176
     1
 62
   257
176
     1
 90
        7
176
     1
 90
        7
176
     1
 40
1.0
176
     1
 90
        8
176
     1
 62
     7
176
     1
 40
1.0
176
     1
 90
        1
176
     1
 90
        6
176
     1
 90
        2
176
     1
 62
     7
176
     1
 90
        5
176
     1
 90
        0
176
     1
 90
        0
176
     1
290
     0
176
     1
 90
        1
176
     1
 40
0.0
176
     1
 90
        0
176
     1
290
     0
176
     1
290
     1
176
     1
290
     1
176
     1
290
     0
176
     1
290
     0
176
     1
290
     0
176
     1
290
     0
176
     1
290
     0
176
     1
290
     0
176
     1
 90
       50
176
     1
 40
0.0
176
     1
 40
1.0
176
     1
 90
        0
176
     1
 62
    18
420
        0
176
     1
 90
       50
176
     1
 90
        3
176
     1
 62
     5
420
      255
176
     1
290
     0
176
     1
 90
       50
176
     1
 90
       50
176
     1
 90
       50
176
     1
290
     0
176
     1
 90
       50
176
     1
 62
   256
176
     0
 40
1.0
176
     0
 90
        2
176
     1
  1
strokes_ogs.tif
176
     1
290
     0
176
     1
 40
1.0
176
     1
 40
1.0
176
     1
  0
VISUALSTYLE
  5
40
102
{ACAD_REACTORS
330
29
102
}
330
29
100
AcDbVisualStyle
  2
OverhangOff
 70
    21
177
     3
291
     1
 70
    58
 90
        2
176
     0
 90
        2
176
     0
 90
        0
176
     0
 90
        0
176
     0
 40
0.6
176
     0
 40
30.0
176
     0
 62
     7
420
 16777215
176
     0
 90
        1
176
     0
 90
        4
176
     0
 62
     7
176
     0
 62
   257
176
     0
 90
        1
176
     0
 90
        1
176
     0
 40
1.0
176
     0
 90
        9
176
     2
 62
     7
176
     0
 40
1.0
176
     0
 90
        1
176
     0
 90
        6
176
     0
 90
        2
176
     0
 62
     7
176
     0
 90
        5
176
     0
 90
        0
176
     0
 90
        0
176
     0
290
     0
176
     0
 90
        1
176
     0
 40
0.0
176
     0
 90
        0
176
     0
290
     0
176
     0
290
     1
176
     0
290
     1
176
     0
290
     0
176
     0
290
     0
176
     0
290
     0
176
     0
290
     0
176
     0
290
     0
176
     0
290
     0
176
     0
 90
       50
176
     0
 40
0.0
176
     0
 40
1.0
176
     0
 90
        0
176
     0
 62
    18
420
        0
176
     0
 90
       50
176
     0
 90
        3
176
     0
 62
     5
420
      255
176
     0
290
     0
176
     0
 90
       50
176
     0
 90
       50
176
     0
 90
       50
176
     0
290
     0
176
     0
 90
       50
176
     0
 62
   256
176
     0
 40
1.0
176
     0
 90
        2
176
     0
  1
strokes_ogs.tif
176
     0
290
     0
176
     0
 40
1.0
176
     0
 40
1.0
176
     0
  0
VISUALSTYLE
  5
33
102
{ACAD_REACTORS
330
29
102
}
330
29
100
AcDbVisualStyle
  2
Realistic
 70
     8
177
     3
291
     0
 70
    58
 90
        2
176
     1
 90
        3
176
     1
 90
        0
176
     1
 90
        2
176
     1
 40
0.6
176
     1
 40
30.0
176
     1
 62
     7
420
 16777215
176
     1
 90
        0
176
     1
 90
        0
176
     1
 62
     7
176
     1
 62
   257
176
     1
 90
        1
176
     1
 90
        1
176
     1
 40
1.0
176
     1
 90
        8
176
     1
 62
   257
176
     1
 40
1.0
176
     1
 90
        1
176
     1
 90
        6
176
     1
 90
        2
176
     1
 62
     7
176
     1
 90
        3
176
     1
 90
        0
176
     1
 90
        0
176
     1
290
     0
176
     1
 90
       13
176
     1
 40
0.0
176
     1
 90
        0
176
     1
290
     0
176
     1
290
     1
176
     1
290
     1
176
     1
290
     0
176
     1
290
     0
176
     1
290
     0
176
     1
290
     0
176
     1
290
     0
176
     1
290
     0
176
     1
 90
       50
176
     1
 40
0.0
176
     1
 40
1.0
176
     1
 90
        0
176
     1
 62
    18
420
        0
176
     1
 90
       50
176
     1
 90
        3
176
     1
 62
     5
420
      255
176
     1
290
     0
176
     1
 90
       50
176
     1
 90
       50
176
     1
 90
       50
176
     1
290
     0
176
     1
 90
       50
176
     1
 62
   256
176
     0
 40
1.0
176
     0
 90
        2
176
     1
  1
strokes_ogs.tif
176
     1
290
     0
176
     1
 40
1.0
176
     1
 40
1.0
176
     1
  0
VISUALSTYLE
  5
3E
102
{ACAD_REACTORS
330
29
102
}
330
29
100
AcDbVisualStyle
  2
Shaded
 70
    27
177
     3
291
     0
 70
    58
 90
        2
176
     1
 90
        2
176
     1
 90
        1
176
     1
 90
        2
176
     1
 40
0.6
176
     1
 40
30.0
176
     1
 62
     7
420
 16777215
176
     1
 90
        0
176
     1
 90
        4
176
     1
 62
     7
176
     1
 62
   257
176
     1
 90
        1
176
     1
 90
        1
176
     1
 40
1.0
176
     1
 90
        8
176
     1
 62
   257
176
     1
 40
1.0
176
     1
 90
        1
176
     1
 90
        6
176
     1
 90
        2
176
     1
 62
     8
420
  7895160
176
     1
 90
        3
176
     1
 90
        0
176
     1
 90
        0
176
     1
290
     0
176
     1
 90
        5
176
     1
 40
0.0
176
     1
 90
        0
176
     1
290
     0
176
     1
290
     1
176
     1
290
     1
176
     1
290
     0
176
     1
290
     0
176
     1
290
     0
176
     1
290
     0
176
     1
290
     0
176
     1
290
     0
176
     1
 90
       50
176
     1
 40
0.0
176
     1
 40
1.0
176
     1
 90
        0
176
     1
 62
    18
420
        0
176
     1
 90
       50
176
     1
 90
        3
176
     1
 62
     5
420
      255
176
     1
290
     0
176
     1
 90
       50
176
     1
 90
       50
176
     1
 90
       50
176
     1
290
     0
176
     1
 90
       50
176
     1
 62
   256
176
     0
 40
1.0
176
     0
 90
        2
176
     1
  1
strokes_ogs.tif
176
     1
290
     0
176
     1
 40
1.0
176
     1
 40
1.0
176
     1
  0
VISUALSTYLE
  5
3D
102
{ACAD_REACTORS
330
29
102
}
330
29
100
AcDbVisualStyle
  2
Shaded with edges
 70
    26
177
     3
291
     0
 70
    58
 90
        2
176
     1
 90
        2
176
     1
 90
        1
176
     1
 90
        2
176
     1
 40
0.6
176
     1
 40
30.0
176
     1
 62
     7
420
 16777215
176
     1
 90
        1
176
     1
 90
        2
176
     1
 62
     7
176
     1
 62
   257
176
     1
 90
        2
176
     1
 90
        1
176
     1
 40
1.0
176
     1
 90
        8
176
     1
 62
   257
176
     1
 40
1.0
176
     1
 90
        1
176
     1
 90
        6
176
     1
 90
        2
176
     1
 62
     7
176
     1
 90
        3
176
     1
 90
        0
176
     1
 90
        0
176
     1
290
     0
176
     1
 90
        5
176
     1
 40
0.0
176
     1
 90
        0
176
     1
290
     0
176
     1
290
     1
176
     1
290
     1
176
     1
290
     0
176
     1
290
     0
176
     1
290
     0
176
     1
290
     0
176
     1
290
     0
176
     1
290
     0
176
     1
 90
       50
176
     1
 40
0.0
176
     1
 40
1.0
176
     1
 90
        0
176
     1
 62
    18
420
        0
176
     1
 90
       50
176
     1
 90
        3
176
     1
 62
     5
420
      255
176
     1
290
     0
176
     1
 90
       50
176
     1
 90
       50
176
     1
 90
       50
176
     1
290
     0
176
     1
 90
       50
176
     1
 62
   256
176
     0
 40
1.0
176
     0
 90
        2
176
     1
  1
strokes_ogs.tif
176
     1
290
     0
176
     1
 40
1.0
176
     1
 40
1.0
176
     1
  0
VISUALSTYLE
  5
3A
102
{ACAD_REACTORS
330
29
102
}
330
29
100
AcDbVisualStyle
  2
Shades of Gray
 70
    23
177
     3
291
     0
 70
    58
 90
        2
176
     1
 90
        2
176
     1
 90
        3
176
     1
 90
        0
176
     1
 40
0.6
176
     1
 40
30.0
176
     1
 62
     7
420
 16777215
176
     1
 90
        2
176
     1
 90
        2
176
     1
 62
     7
176
     1
 62
     7
176
     1
 90
        1
176
     1
 90
        1
176
     1
 40
40.0
176
     1
 90
        8
176
     1
 62
     7
176
     1
 40
1.0
176
     1
 90
        1
176
     1
 90
        6
176
     1
 90
        2
176
     1
 62
     7
176
     1
 90
        3
176
     1
 90
        0
176
     1
 90
        0
176
     1
290
     0
176
     1
 90
        1
176
     1
 40
0.0
176
     1
 90
        0
176
     1
290
     0
176
     1
290
     1
176
     1
290
     1
176
     1
290
     0
176
     1
290
     0
176
     1
290
     0
176
     1
290
     0
176
     1
290
     0
176
     1
290
     0
176
     1
 90
       50
176
     1
 40
0.0
176
     1
 40
1.0
176
     1
 90
        0
176
     1
 62
    18
420
        0
176
     1
 90
       50
176
     1
 90
        3
176
     1
 62
     5
420
      255
176
     1
290
     0
176
     1
 90
       50
176
     1
 90
       50
176
     1
 90
       50
176
     1
290
     0
176
     1
 90
       50
176
     1
 62
   256
176
     0
 40
1.0
176
     0
 90
        2
176
     1
  1
strokes_ogs.tif
176
     1
290
     0
176
     1
 40
1.0
176
     1
 40
1.0
176
     1
  0
VISUALSTYLE
  5
3B
102
{ACAD_REACTORS
330
29
102
}
330
29
100
AcDbVisualStyle
  2
Sketchy
 70
    24
177
     3
291
     0
 70
    58
 90
        1
176
     1
 90
        2
176
     1
 90
        2
176
     1
 90
        0
176
     1
 40
0.6
176
     1
 40
30.0
176
     1
 62
     7
420
 16777215
176
     1
 90
        2
176
     1
 90
        2
176
     1
 62
     7
176
     1
 62
     7
176
     1
 90
        1
176
     1
 90
        1
176
     1
 40
40.0
176
     1
 90
       11
176
     1
 62
     7
176
     1
 40
1.0
176
     1
 90
        1
176
     1
 90
        6
176
     1
 90
        2
176
     1
 62
     7
176
     1
 90
        6
176
     1
 90
        0
176
     1
 90
        0
176
     1
290
     0
176
     1
 90
        1
176
     1
 40
0.0
176
     1
 90
        0
176
     1
290
     0
176
     1
290
     1
176
     1
290
     1
176
     1
290
     0
176
     1
290
     0
176
     1
290
     0
176
     1
290
     0
176
     1
290
     0
176
     1
290
     0
176
     1
 90
       50
176
     1
 40
0.0
176
     1
 40
1.0
176
     1
 90
        0
176
     1
 62
    18
420
        0
176
     1
 90
       50
176
     1
 90
        3
176
     1
 62
     5
420
      255
176
     1
290
     0
176
     1
 90
       50
176
     1
 90
       50
176
     1
 90
       50
176
     1
290
     0
176
     1
 90
       50
176
     1
 62
   256
176
     0
 40
1.0
176
     0
 90
        2
176
     1
  1
strokes_ogs.tif
176
     1
290
     0
176
     1
 40
1.0
176
     1
 40
1.0
176
     1
  0
VISUALSTYLE
  5
36
102
{ACAD_REACTORS
330
29
102
}
330
29
100
AcDbVisualStyle
  2
Thicken
 70
    13
177
     3
291
     1
 70
    58
 90
        2
176
     1
 90
        2
176
     1
 90
        0
176
     1
 90
        0
176
     1
 40
0.6
176
     1
 40
30.0
176
     1
 62
     7
420
 16777215
176
     1
 90
        1
176
     1
 90
        4
176
     1
 62
     7
176
     1
 62
   257
176
     1
 90
        1
176
     1
 90
        1
176
     1
 40
1.0
176
     1
 90
       12
176
     1
 62
     7
176
     1
 40
1.0
176
     1
 90
        1
176
     1
 90
        6
176
     1
 90
        2
176
     1
 62
     7
176
     1
 90
        5
176
     1
 90
        0
176
     1
 90
        0
176
     1
290
     0
176
     1
 90
        1
176
     1
 40
0.0
176
     1
 90
        0
176
     1
290
     0
176
     1
290
     1
176
     1
290
     1
176
     1
290
     0
176
     1
290
     0
176
     1
290
     0
176
     1
290
     0
176
     1
290
     0
176
     1
290
     0
176
     1
 90
       50
176
     1
 40
0.0
176
     1
 40
1.0
176
     1
 90
        0
176
     1
 62
    18
420
        0
176
     1
 90
       50
176
     1
 90
        3
176
     1
 62
     5
420
      255
176
     1
290
     0
176
     1
 90
       50
176
     1
 90
       50
176
     1
 90
       50
176
     1
290
     0
176
     1
 90
       50
176
     1
 62
   256
176
     0
 40
1.0
176
     0
 90
        2
176
     1
  1
strokes_ogs.tif
176
     1
290
     0
176
     1
 40
1.0
176
     1
 40
1.0
176
     1
  0
VISUALSTYLE
  5
30
102
{ACAD_REACTORS
330
29
102
}
330
29
100
AcDbVisualStyle
  2
Wireframe
 70
     5
177
     3
291
     0
 70
    58
 90
        0
176
     1
 90
        2
176
     1
 90
        0
176
     1
 90
        0
176
     1
 40
0.6
176
     1
 40
30.0
176
     1
 62
     7
420
 16777215
176
     1
 90
        1
176
     1
 90
        4
176
     1
 62
     7
176
     1
 62
   257
176
     1
 90
        1
176
     1
 90
        1
176
     1
 40
1.0
176
     1
 90
        0
176
     1
 62
   257
176
     1
 40
1.0
176
     1
 90
        1
176
     1
 90
        6
176
     1
 90
        2
176
     1
 62
     7
176
     1
 90
        3
176
     1
 90
        0
176
     1
 90
        0
176
     1
290
     0
176
     1
 90
        1
176
     1
 40
0.0
176
     1
 90
        0
176
     1
290
     0
176
     1
290
     1
176
     1
290
     1
176
     1
290
     0
176
     1
290
     0
176
     1
290
     0
176
     1
290
     0
176
     1
290
     0
176
     1
290
     0
176
     1
 90
       50
176
     1
 40
0.0
176
     1
 40
1.0
176
     1
 90
        0
176
     1
 62
    18
420
        0
176
     1
 90
       50
176
     1
 90
        3
176
     1
 62
     5
420
      255
176
     1
290
     0
176
     1
 90
       50
176
     1
 90
       50
176
     1
 90
       50
176
     1
290
     0
176
     1
 90
       50
176
     1
 62
   256
176
     0
 40
1.0
176
     0
 90
        2
176
     1
  1
strokes_ogs.tif
176
     1
290
     0
176
     1
 40
1.0
176
     1
 40
1.0
176
     1
  0
VISUALSTYLE
  5
3C
102
{ACAD_REACTORS
330
29
102
}
330
29
100
AcDbVisualStyle
  2
X-Ray
 70
    25
177
     3
291
     0
 70
    58
 90
        2
176
     1
 90
        2
176
     1
 90
        1
176
     1
 90
        1
176
     1
 40
0.5
176
     1
 40
30.0
176
     1
 62
     7
420
 16777215
176
     1
 90
        1
176
     1
 90
        0
176
     1
 62
     7
176
     1
 62
   257
176
     1
 90
        1
176
     1
 90
        1
176
     1
 40
1.0
176
     1
 90
        8
176
     1
 62
     7
176
     1
 40
1.0
176
     1
 90
        1
176
     1
 90
        6
176
     1
 90
        2
176
     1
 62
     7
176
     1
 90
        3
176
     1
 90
        0
176
     1
 90
        0
176
     1
290
     0
176
     1
 90
       13
176
     1
 40
0.0
176
     1
 90
        0
176
     1
290
     0
176
     1
290
     1
176
     1
290
     1
176
     1
290
     0
176
     1
290
     0
176
     1
290
     0
176
     1
290
     0
176
     1
290
     0
176
     1
290
     0
176
     1
 90
       50
176
     1
 40
0.0
176
     1
 40
1.0
176
     1
 90
        0
176
     1
 62
    18
420
        0
176
     1
 90
       50
176
     1
 90
        3
176
     1
 62
     5
420
      255
176
     1
290
     0
176
     1
 90
       50
176
     1
 90
       50
176
     1
 90
       50
176
     1
290
     0
176
     1
 90
       50
176
     1
 62
   256
176
     0
 40
1.0
176
     0
 90
        2
176
     1
  1
strokes_ogs.tif
176
     1
290
     0
176
     1
 40
1.0
176
     1
 40
1.0
176
     1
  0
DICTIONARYVAR
  5
248
102
{ACAD_REACTORS
330
243
102
}
330
243
100
DictionaryVariables
280
     0
  1
1:1
  0
DICTIONARYVAR
  5
245
102
{ACAD_REACTORS
330
243
102
}
330
243
100
DictionaryVariables
280
     0
  1
STANDARD
  0
DICTIONARYVAR
  5
244
102
{ACAD_REACTORS
330
243
102
}
330
243
100
DictionaryVariables
280
     0
  1
STANDARD
  0
DICTIONARYVAR
  5
246
102
{ACAD_REACTORS
330
243
102
}
330
243
100
DictionaryVariables
280
     0
  1
Imperial24
  0
DICTIONARYVAR
  5
247
102
{ACAD_REACTORS
330
243
102
}
330
243
100
DictionaryVariables
280
     0
  1
Imperial24
  0
DICTIONARY
  5
1A
330
19
100
AcDbDictionary
280
     1
281
     1
  3
BUMPTILE
360
1C
  3
DIFFUSETILE
360
1B
  3
OPACITYTILE
360
1F
  3
REFLECTIONTILE
360
1E
  3
REFRACTIONTILE
360
20
  3
SPECULARTILE
360
1D
  0
DICTIONARY
  5
12
330
11
100
AcDbDictionary
280
     1
281
     1
  3
BUMPTILE
360
14
  3
DIFFUSETILE
360
13
  3
OPACITYTILE
360
17
  3
REFLECTIONTILE
360
16
  3
REFRACTIONTILE
360
18
  3
SPECULARTILE
360
15
  0
DICTIONARY
  5
22
330
21
100
AcDbDictionary
280
     1
281
     1
  3
BUMPTILE
360
24
  3
DIFFUSETILE
360
23
  3
OPACITYTILE
360
27
  3
REFLECTIONTILE
360
26
  3
REFRACTIONTILE
360
28
  3
SPECULARTILE
360
25
  0
DICTIONARY
  5
249
330
65
100
AcDbDictionary
280
     1
281
     1
  3
ACAD_ROUNDTRIP_2008_TABLESTYLE_CELLSTYLEMAP
360
24A
  0
XRECORD
  5
1C
102
{ACAD_REACTORS
330
1A
102
}
330
1A
100
AcDbXrecord
280
     1
270
     1
271
     1
  0
XRECORD
  5
1B
102
{ACAD_REACTORS
330
1A
102
}
330
1A
100
AcDbXrecord
280
     1
270
     1
271
     1
  0
XRECORD
  5
1F
102
{ACAD_REACTORS
330
1A
102
}
330
1A
100
AcDbXrecord
280
     1
270
     1
271
     1
  0
XRECORD
  5
1E
102
{ACAD_REACTORS
330
1A
102
}
330
1A
100
AcDbXrecord
280
     1
270
     1
271
     1
  0
XRECORD
  5
20
102
{ACAD_REACTORS
330
1A
102
}
330
1A
100
AcDbXrecord
280
     1
270
     1
271
     1
  0
XRECORD
  5
1D
102
{ACAD_REACTORS
330
1A
102
}
330
1A
100
AcDbXrecord
280
     1
270
     1
271
     1
  0
XRECORD
  5
14
102
{ACAD_REACTORS
330
12
102
}
330
12
100
AcDbXrecord
280
     1
270
     1
271
     1
  0
XRECORD
  5
13
102
{ACAD_REACTORS
330
12
102
}
330
12
100
AcDbXrecord
280
     1
270
     1
271
     1
  0
XRECORD
  5
17
102
{ACAD_REACTORS
330
12
102
}
330
12
100
AcDbXrecord
280
     1
270
     1
271
     1
  0
XRECORD
  5
16
102
{ACAD_REACTORS
330
12
102
}
330
12
100
AcDbXrecord
280
     1
270
     1
271
     1
  0
XRECORD
  5
18
102
{ACAD_REACTORS
330
12
102
}
330
12
100
AcDbXrecord
280
     1
270
     1
271
     1
  0
XRECORD
  5
15
102
{ACAD_REACTORS
330
12
102
}
330
12
100
AcDbXrecord
280
     1
270
     1
271
     1
  0
XRECORD
  5
24
102
{ACAD_REACTORS
330
22
102
}
330
22
100
AcDbXrecord
280
     1
270
     1
271
     1
  0
XRECORD
  5
23
102
{ACAD_REACTORS
330
22
102
}
330
22
100
AcDbXrecord
280
     1
270
     1
271
     1
  0
XRECORD
  5
27
102
{ACAD_REACTORS
330
22
102
}
330
22
100
AcDbXrecord
280
     1
270
     1
271
     1
  0
XRECORD
  5
26
102
{ACAD_REACTORS
330
22
102
}
330
22
100
AcDbXrecord
280
     1
270
     1
271
     1
  0
XRECORD
  5
28
102
{ACAD_REACTORS
330
22
102
}
330
22
100
AcDbXrecord
280
     1
270
     1
271
     1
  0
XRECORD
  5
25
102
{ACAD_REACTORS
330
22
102
}
330
22
100
AcDbXrecord
280
     1
270
     1
271
     1
  0
CELLSTYLEMAP
  5
24A
102
{ACAD_REACTORS
330
249
102
}
330
249
100
AcDbCellStyleMap
 90
        3
300
CELLSTYLE
  1
TABLEFORMAT_BEGIN
 90
        5
170
     1
 91
        0
 92
    32768
 62
   257
 93
        1
300
CONTENTFORMAT
  1
CONTENTFORMAT_BEGIN
 90
        0
 91
        0
 92
      512
 93
        0
300

 40
0.0
140
1.0
 94
        5
 62
     0
340
55
144
0.25
309
CONTENTFORMAT_END
171
     0
 94
        0
309
TABLEFORMAT_END
  1
CELLSTYLE_BEGIN
 90
        1
 91
        1
300
_TITLE
309
CELLSTYLE_END
300
CELLSTYLE
  1
TABLEFORMAT_BEGIN
 90
        5
170
     1
 91
        0
 92
        0
 62
   257
 93
        1
300
CONTENTFORMAT
  1
CONTENTFORMAT_BEGIN
 90
        0
 91
        0
 92
      512
 93
        0
300

 40
0.0
140
1.0
 94
        5
 62
     0
340
55
144
0.18
309
CONTENTFORMAT_END
171
     0
 94
        0
309
TABLEFORMAT_END
  1
CELLSTYLE_BEGIN
 90
        2
 91
        1
300
_HEADER
309
CELLSTYLE_END
300
CELLSTYLE
  1
TABLEFORMAT_BEGIN
 90
        5
170
     1
 91
        0
 92
        0
 62
   257
 93
        1
300
CONTENTFORMAT
  1
CONTENTFORMAT_BEGIN
 90
        0
 91
        0
 92
      512
 93
        0
300

 40
0.0
140
1.0
 94
        2
 62
     0
340
55
144
0.18
309
CONTENTFORMAT_END
171
     0
 94
        0
309
TABLEFORMAT_END
  1
CELLSTYLE_BEGIN
 90
        3
 91
        2
300
_DATA
309
CELLSTYLE_END
  0
ENDSEC
  0
EOF
