  0
SECTION
  2
HEADER
  9
$ACADVER
  1
AC1032
  9
$ACADMAINTVER
 90
      327
  9
$DWGCODEPAGE
  3
ANSI_1252
  9
$REQUIREDVERSIONS
160
                 0
  9
$INSBASE
 10
0.0
 20
0.0
 30
0.0
  9
$EXTMIN
 10
1.000000000000000E+20
 20
1.000000000000000E+20
 30
1.000000000000000E+20
  9
$EXTMAX
 10
-1.000000000000000E+20
 20
-1.000000000000000E+20
 30
-1.000000000000000E+20
  9
$LIMMIN
 10
0.0
 20
0.0
  9
$LIMMAX
 10
12.0
 20
9.0
  9
$ORTHOMODE
 70
     0
  9
$REGENMODE
 70
     1
  9
$FILLMODE
 70
     1
  9
$QTEXTMODE
 70
     0
  9
$MIRRTEXT
 70
     0
  9
$LTSCALE
 40
1.0
  9
$ATTMODE
 70
     1
  9
$TEXTSIZE
 40
0.2
  9
$TRACEWID
 40
0.05
  9
$TEXTSTYLE
  7
Standard
  9
$CLAYER
  8
0
  9
$CELTYPE
  6
ByLayer
  9
$CECOLOR
 62
   256
  9
$CELTSCALE
 40
1.0
  9
$DISPSILH
 70
     0
  9
$DIMSCALE
 40
1.0
  9
$DIMASZ
 40
0.18
  9
$DIMEXO
 40
0.0625
  9
$DIMDLI
 40
0.38
  9
$DIMRND
 40
0.0
  9
$DIMDLE
 40
0.0
  9
$DIMEXE
 40
0.18
  9
$DIMTP
 40
0.0
  9
$DIMTM
 40
0.0
  9
$DIMTXT
 40
0.18
  9
$DIMCEN
 40
0.09
  9
$DIMTSZ
 40
0.0
  9
$DIMTOL
 70
     0
  9
$DIMLIM
 70
     0
  9
$DIMTIH
 70
     1
  9
$DIMTOH
 70
     1
  9
$DIMSE1
 70
     0
  9
$DIMSE2
 70
     0
  9
$DIMTAD
 70
     0
  9
$DIMZIN
 70
     0
  9
$DIMBLK
  1

  9
$DIMASO
 70
     1
  9
$DIMSHO
 70
     1
  9
$DIMPOST
  1

  9
$DIMAPOST
  1

  9
$DIMALT
 70
     0
  9
$DIMALTD
 70
     2
  9
$DIMALTF
 40
25.4
  9
$DIMLFAC
 40
1.0
  9
$DIMTOFL
 70
     0
  9
$DIMTVP
 40
0.0
  9
$DIMTIX
 70
     0
  9
$DIMSOXD
 70
     0
  9
$DIMSAH
 70
     0
  9
$DIMBLK1
  1

  9
$DIMBLK2
  1

  9
$DIMSTYLE
  2
Standard
  9
$DIMCLRD
 70
     0
  9
$DIMCLRE
 70
     0
  9
$DIMCLRT
 70
     0
  9
$DIMTFAC
 40
1.0
  9
$DIMGAP
 40
0.09
  9
$DIMJUST
 70
     0
  9
$DIMSD1
 70
     0
  9
$DIMSD2
 70
     0
  9
$DIMTOLJ
 70
     1
  9
$DIMTZIN
 70
     0
  9
$DIMALTZ
 70
     0
  9
$DIMALTTZ
 70
     0
  9
$DIMUPT
 70
     0
  9
$DIMDEC
 70
     4
  9
$DIMTDEC
 70
     4
  9
$DIMALTU
 70
     2
  9
$DIMALTTD
 70
     2
  9
$DIMTXSTY
  7
Standard
  9
$DIMAUNIT
 70
     0
  9
$DIMADEC
 70
     0
  9
$DIMALTRND
 40
0.0
  9
$DIMAZIN
 70
     0
  9
$DIMDSEP
 70
    46
  9
$DIMATFIT
 70
     3
  9
$DIMFRAC
 70
     0
  9
$DIMLDRBLK
  1

  9
$DIMLUNIT
 70
     2
  9
$DIMLWD
 70
    -2
  9
$DIMLWE
 70
    -2
  9
$DIMTMOVE
 70
     0
  9
$DIMFXL
 40
1.0
  9
$DIMFXLON
 70
     0
  9
$DIMJOGANG
 40
0.7853981633974483
  9
$DIMTFILL
 70
     0
  9
$DIMTFILLCLR
 70
     0
  9
$DIMARCSYM
 70
     0
  9
$DIMLTYPE
  6

  9
$DIMLTEX1
  6

  9
$DIMLTEX2
  6

  9
$DIMTXTDIRECTION
 70
     0
  9
$LUNITS
 70
     2
  9
$LUPREC
 70
     4
  9
$SKETCHINC
 40
0.1
  9
$FILLETRAD
 40
0.0
  9
$AUNITS
 70
     0
  9
$AUPREC
 70
     0
  9
$MENU
  1
.
  9
$ELEVATION
 40
0.0
  9
$PELEVATION
 40
0.0
  9
$THICKNESS
 40
0.0
  9
$LIMCHECK
 70
     0
  9
$CHAMFERA
 40
0.0
  9
$CHAMFERB
 40
0.0
  9
$CHAMFERC
 40
0.0
  9
$CHAMFERD
 40
0.0
  9
$SKPOLY
 70
     0
  9
$TDCREATE
 40
2461251.875046297
  9
$TDUCREATE
 40
2461252.000046297
  9
$TDUPDATE
 40
2461251.875046297
  9
$TDUUPDATE
 40
2461252.000046297
  9
$TDINDWG
 40
0.0000000000
  9
$TDUSRTIMER
 40
0.0000000000
  9
$USRTIMER
 70
     1
  9
$ANGBASE
 50
0.0
  9
$ANGDIR
 70
     0
  9
$PDMODE
 70
     0
  9
$PDSIZE
 40
0.0
  9
$PLINEWID
 40
0.0
  9
$SPLFRAME
 70
     0
  9
$SPLINETYPE
 70
     6
  9
$SPLINESEGS
 70
     8
  9
$HANDSEED
  5
3BC
  9
$SURFTAB1
 70
     6
  9
$SURFTAB2
 70
     6
  9
$SURFTYPE
 70
     6
  9
$SURFU
 70
     6
  9
$SURFV
 70
     6
  9
$UCSBASE
  2

  9
$UCSNAME
  2

  9
$UCSORG
 10
0.0
 20
0.0
 30
0.0
  9
$UCSXDIR
 10
1.0
 20
0.0
 30
0.0
  9
$UCSYDIR
 10
0.0
 20
1.0
 30
0.0
  9
$UCSORTHOREF
  2

  9
$UCSORTHOVIEW
 70
     0
  9
$UCSORGTOP
 10
0.0
 20
0.0
 30
0.0
  9
$UCSORGBOTTOM
 10
0.0
 20
0.0
 30
0.0
  9
$UCSORGLEFT
 10
0.0
 20
0.0
 30
0.0
  9
$UCSORGRIGHT
 10
0.0
 20
0.0
 30
0.0
  9
$UCSORGFRONT
 10
0.0
 20
0.0
 30
0.0
  9
$UCSORGBACK
 10
0.0
 20
0.0
 30
0.0
  9
$PUCSBASE
  2

  9
$PUCSNAME
  2

  9
$PUCSORG
 10
0.0
 20
0.0
 30
0.0
  9
$PUCSXDIR
 10
1.0
 20
0.0
 30
0.0
  9
$PUCSYDIR
 10
0.0
 20
1.0
 30
0.0
  9
$PUCSORTHOREF
  2

  9
$PUCSORTHOVIEW
 70
     0
  9
$PUCSORGTOP
 10
0.0
 20
0.0
 30
0.0
  9
$PUCSORGBOTTOM
 10
0.0
 20
0.0
 30
0.0
  9
$PUCSORGLEFT
 10
0.0
 20
0.0
 30
0.0
  9
$PUCSORGRIGHT
 10
0.0
 20
0.0
 30
0.0
  9
$PUCSORGFRONT
 10
0.0
 20
0.0
 30
0.0
  9
$PUCSORGBACK
 10
0.0
 20
0.0
 30
0.0
  9
$USERI1
 70
     0
  9
$USERI2
 70
     0
  9
$USERI3
 70
     0
  9
$USERI4
 70
     0
  9
$USERI5
 70
     0
  9
$USERR1
 40
0.0
  9
$USERR2
 40
0.0
  9
$USERR3
 40
0.0
  9
$USERR4
 40
0.0
  9
$USERR5
 40
0.0
  9
$WORLDVIEW
 70
     1
  9
$SHADEDGE
 70
     3
  9
$SHADEDIF
 70
    70
  9
$TILEMODE
 70
     1
  9
$MAXACTVP
 70
    64
  9
$PINSBASE
 10
0.0
 20
0.0
 30
0.0
  9
$PLIMCHECK
 70
     0
  9
$PEXTMIN
 10
1.000000000000000E+20
 20
1.000000000000000E+20
 30
1.000000000000000E+20
  9
$PEXTMAX
 10
-1.000000000000000E+20
 20
-1.000000000000000E+20
 30
-1.000000000000000E+20
  9
$PLIMMIN
 10
0.0
 20
0.0
  9
$PLIMMAX
 10
12.0
 20
9.0
  9
$UNITMODE
 70
     0
  9
$VISRETAIN
 70
     1
  9
$PLINEGEN
 70
     0
  9
$PSLTSCALE
 70
     1
  9
$TREEDEPTH
 70
  3020
  9
$CMLSTYLE
  2
Standard
  9
$CMLJUST
 70
     0
  9
$CMLSCALE
 40
1.0
  9
$PROXYGRAPHICS
 70
     1
  9
$MEASUREMENT
 70
     0
  9
$CELWEIGHT
370
    -1
  9
$ENDCAPS
280
     0
  9
$JOINSTYLE
280
     0
  9
$LWDISPLAY
290
     1
  9
$INSUNITS
 70
     4
  9
$HYPERLINKBASE
  1

  9
$STYLESHEET
  1

  9
$XEDIT
290
     1
  9
$CEPSNTYPE
380
     0
  9
$PSTYLEMODE
290
     1
  9
$FINGERPRINTGUID
  2
{45FEC7BD-4484-8246-99FD-F1442CC75835}
  9
$VERSIONGUID
  2
{2EFB5964-0B8D-9645-9B57-6964B3888D5D}
  9
$EXTNAMES
290
     1
  9
$PSVPSCALE
 40
0.0
  9
$OLESTARTUP
290
     0
  9
$SORTENTS
280
   127
  9
$INDEXCTL
280
     0
  9
$HIDETEXT
280
     1
  9
$XCLIPFRAME
280
     2
  9
$HALOGAP
280
     0
  9
$OBSCOLOR
 70
   257
  9
$OBSLTYPE
280
     0
  9
$INTERSECTIONDISPLAY
280
     0
  9
$INTERSECTIONCOLOR
 70
   257
  9
$DIMASSOC
280
     2
  9
$PROJECTNAME
  1

  9
$CAMERADISPLAY
290
     0
  9
$LENSLENGTH
 40
50.0
  9
$CAMERAHEIGHT
 40
0.0
  9
$STEPSPERSEC
 40
2.0
  9
$STEPSIZE
 40
6.0
  9
$3DDWFPREC
 40
2.0
  9
$PSOLWIDTH
 40
0.25
  9
$PSOLHEIGHT
 40
4.0
  9
$LOFTANG1
 40
1.570796326794896
  9
$LOFTANG2
 40
1.570796326794896
  9
$LOFTMAG1
 40
0.0
  9
$LOFTMAG2
 40
0.0
  9
$LOFTPARAM
 70
     7
  9
$LOFTNORMALS
280
     1
  9
$LATITUDE
 40
37.795
  9
$LONGITUDE
 40
-122.394
  9
$NORTHDIRECTION
 40
0.0
  9
$TIMEZONE
 70
 -8000
  9
$LIGHTGLYPHDISPLAY
280
     1
  9
$TILEMODELIGHTSYNCH
280
     1
  9
$CMATERIAL
347
11
  9
$SOLIDHIST
280
     0
  9
$SHOWHIST
280
     1
  9
$DWFFRAME
280
     2
  9
$DGNFRAME
280
     0
  9
$REALWORLDSCALE
290
     1
  9
$INTERFERECOLOR
 62
     1
  9
$INTERFEREOBJVS
345
33
  9
$INTERFEREVPVS
346
30
  9
$CSHADOW
280
     0
  9
$SHADOWPLANELOCATION
 40
0.0
  0
ENDSEC
  0
SECTION
  2
CLASSES
  0
CLASS
  1
ACDBDICTIONARYWDFLT
  2
AcDbDictionaryWithDefault
  3
ObjectDBX Classes
 90
        0
 91
        1
280
     0
281
     0
  0
CLASS
  1
MATERIAL
  2
AcDbMaterial
  3
ObjectDBX Classes
 90
     1153
 91
        3
280
     0
281
     0
  0
CLASS
  1
VISUALSTYLE
  2
AcDbVisualStyle
  3
ObjectDBX Classes
 90
     4095
 91
       24
280
     0
281
     0
  0
CLASS
  1
SCALE
  2
AcDbScale
  3
ObjectDBX Classes
 90
     1153
 91
       17
280
     0
281
     0
  0
CLASS
  1
TABLESTYLE
  2
AcDbTableStyle
  3
ObjectDBX Classes
 90
     4095
 91
        1
280
     0
281
     0
  0
CLASS
  1
MLEADERSTYLE
  2
AcDbMLeaderStyle
  3
ACDB_MLEADERSTYLE_CLASS
 90
     4095
 91
        1
280
     0
281
     0
  0
CLASS
  1
ACDBSECTIONVIEWSTYLE
  2
AcDbSectionViewStyle
  3
ObjectDBX Classes
 90
     1025
 91
        1
280
     0
281
     0
  0
CLASS
  1
ACDBDETAILVIEWSTYLE
  2
AcDbDetailViewStyle
  3
ObjectDBX Classes
 90
     1025
 91
        1
280
     0
281
     0
  0
CLASS
  1
DICTIONARYVAR
  2
AcDbDictionaryVar
  3
ObjectDBX Classes
 90
        0
 91
        5
280
     0
281
     0
  0
CLASS
  1
CELLSTYLEMAP
  2
AcDbCellStyleMap
  3
ObjectDBX Classes
 90
     1152
 91
        1
280
     0
281
     0
  0
ENDSEC
  0
SECTION
  2
TABLES
  0
TABLE
  2
VPORT
  5
8
330
0
100
AcDbSymbolTable
 70
     1
  0
VPORT
  5
57
330
8
100
AcDbSymbolTableRecord
100
AcDbViewportTableRecord
  2
*Active
 70
     0
 10
0.0
 20
0.0
 11
1.0
 21
1.0
 12
0.0
 22
0.0
 13
0.0
 23
0.0
 14
1.0
 24
1.0
 15
0.0
 25
0.0
 16
0.0
 26
0.0
 36
1.0
 17
231.875793592824
 27
200.6465607963993
 37
0.0
 40
1160.239745741686
 41
3.077504725897922
 42
50.0
 43
0.0
 44
0.0
 50
0.0
 51
0.0
 71
     0
 72
   100
 73
     1
 74
     1
 75
     0
 76
     0
 77
     0
 78
     0
281
     0
 65
     1
110
0.0
120
0.0
130
0.0
111
1.0
121
0.0
131
0.0
112
0.0
122
1.0
132
0.0
 79
     0
146
0.0
 60
     3
 61
     5
292
     1
282
     1
141
0.0
142
0.0
 63
   250
421
  3355443
  0
ENDTAB
  0
TABLE
  2
LTYPE
  5
5
330
0
100
AcDbSymbolTable
 70
    93
  0
LTYPE
  5
5B
330
5
100
AcDbSymbolTableRecord
100
AcDbLinetypeTableRecord
  2
ByBlock
 70
     0
  3

 72
    65
 73
     0
 40
0.0
  0
LTYPE
  5
5C
330
5
100
AcDbSymbolTableRecord
100
AcDbLinetypeTableRecord
  2
ByLayer
 70
     0
  3

 72
    65
 73
     0
 40
0.0
  0
LTYPE
  5
5D
330
5
100
AcDbSymbolTableRecord
100
AcDbLinetypeTableRecord
  2
Continuous
 70
     0
  3
Solid line
 72
    65
 73
     0
 40
0.0
  0
LTYPE
  5
91
330
5
100
AcDbSymbolTableRecord
100
AcDbLinetypeTableRecord
  2
AI-Linetype-0
 70
     0
  3
Adobe Illustrator Linetype No. 0
 72
    65
 73
     2
 40
1.781250033330652
 49
1.187500022220435
 74
     0
 49
-0.5937500111102177
 74
     0
  0
LTYPE
  5
93
330
5
100
AcDbSymbolTableRecord
100
AcDbLinetypeTableRecord
  2
AI-Linetype-1
 70
     0
  3
Adobe Illustrator Linetype No. 1
 72
    65
 73
     2
 40
1.781250033330652
 49
1.187500022220435
 74
     0
 49
-0.5937500111102177
 74
     0
  0
LTYPE
  5
95
330
5
100
AcDbSymbolTableRecord
100
AcDbLinetypeTableRecord
  2
AI-Linetype-2
 70
     0
  3
Adobe Illustrator Linetype No. 2
 72
    65
 73
     2
 40
1.781250033330652
 49
1.187500022220435
 74
     0
 49
-0.5937500111102177
 74
     0
  0
LTYPE
  5
97
330
5
100
AcDbSymbolTableRecord
100
AcDbLinetypeTableRecord
  2
AI-Linetype-3
 70
     0
  3
Adobe Illustrator Linetype No. 3
 72
    65
 73
     2
 40
1.781250033330652
 49
1.187500022220435
 74
     0
 49
-0.5937500111102177
 74
     0
  0
LTYPE
  5
99
330
5
100
AcDbSymbolTableRecord
100
AcDbLinetypeTableRecord
  2
AI-Linetype-4
 70
     0
  3
Adobe Illustrator Linetype No. 4
 72
    65
 73
     2
 40
1.781250033330652
 49
1.187500022220435
 74
     0
 49
-0.5937500111102177
 74
     0
  0
LTYPE
  5
9B
330
5
100
AcDbSymbolTableRecord
100
AcDbLinetypeTableRecord
  2
AI-Linetype-5
 70
     0
  3
Adobe Illustrator Linetype No. 5
 72
    65
 73
     2
 40
1.781250033330652
 49
1.187500022220435
 74
     0
 49
-0.5937500111102177
 74
     0
  0
LTYPE
  5
9D
330
5
100
AcDbSymbolTableRecord
100
AcDbLinetypeTableRecord
  2
AI-Linetype-6
 70
     0
  3
Adobe Illustrator Linetype No. 6
 72
    65
 73
     2
 40
1.781250033330652
 49
1.187500022220435
 74
     0
 49
-0.5937500111102177
 74
     0
  0
LTYPE
  5
9F
330
5
100
AcDbSymbolTableRecord
100
AcDbLinetypeTableRecord
  2
AI-Linetype-7
 70
     0
  3
Adobe Illustrator Linetype No. 7
 72
    65
 73
     2
 40
1.781250033330652
 49
1.187500022220435
 74
     0
 49
-0.5937500111102177
 74
     0
  0
LTYPE
  5
A1
330
5
100
AcDbSymbolTableRecord
100
AcDbLinetypeTableRecord
  2
AI-Linetype-8
 70
     0
  3
Adobe Illustrator Linetype No. 8
 72
    65
 73
     2
 40
1.781250033330652
 49
1.187500022220435
 74
     0
 49
-0.5937500111102177
 74
     0
  0
LTYPE
  5
A3
330
5
100
AcDbSymbolTableRecord
100
AcDbLinetypeTableRecord
  2
AI-Linetype-9
 70
     0
  3
Adobe Illustrator Linetype No. 9
 72
    65
 73
     2
 40
1.781250033330652
 49
1.187500022220435
 74
     0
 49
-0.5937500111102177
 74
     0
  0
LTYPE
  5
A5
330
5
100
AcDbSymbolTableRecord
100
AcDbLinetypeTableRecord
  2
AI-Linetype-10
 70
     0
  3
Adobe Illustrator Linetype No. 10
 72
    65
 73
     2
 40
1.781250033330652
 49
1.187500022220435
 74
     0
 49
-0.5937500111102177
 74
     0
  0
LTYPE
  5
A7
330
5
100
AcDbSymbolTableRecord
100
AcDbLinetypeTableRecord
  2
AI-Linetype-11
 70
     0
  3
Adobe Illustrator Linetype No. 11
 72
    65
 73
     2
 40
1.781250033330652
 49
1.187500022220435
 74
     0
 49
-0.5937500111102177
 74
     0
  0
LTYPE
  5
A9
330
5
100
AcDbSymbolTableRecord
100
AcDbLinetypeTableRecord
  2
AI-Linetype-12
 70
     0
  3
Adobe Illustrator Linetype No. 12
 72
    65
 73
     2
 40
1.781250033330652
 49
1.187500022220435
 74
     0
 49
-0.5937500111102177
 74
     0
  0
LTYPE
  5
AB
330
5
100
AcDbSymbolTableRecord
100
AcDbLinetypeTableRecord
  2
AI-Linetype-13
 70
     0
  3
Adobe Illustrator Linetype No. 13
 72
    65
 73
     2
 40
1.781250033330652
 49
1.187500022220435
 74
     0
 49
-0.5937500111102177
 74
     0
  0
LTYPE
  5
AD
330
5
100
AcDbSymbolTableRecord
100
AcDbLinetypeTableRecord
  2
AI-Linetype-14
 70
     0
  3
Adobe Illustrator Linetype No. 14
 72
    65
 73
     2
 40
1.781250033330652
 49
1.187500022220435
 74
     0
 49
-0.5937500111102177
 74
     0
  0
LTYPE
  5
AF
330
5
100
AcDbSymbolTableRecord
100
AcDbLinetypeTableRecord
  2
AI-Linetype-15
 70
     0
  3
Adobe Illustrator Linetype No. 15
 72
    65
 73
     2
 40
1.781250033330652
 49
1.187500022220435
 74
     0
 49
-0.5937500111102177
 74
     0
  0
LTYPE
  5
C1
330
5
100
AcDbSymbolTableRecord
100
AcDbLinetypeTableRecord
  2
AI-Linetype-16
 70
     0
  3
Adobe Illustrator Linetype No. 16
 72
    65
 73
     2
 40
1.781250033330652
 49
1.187500022220435
 74
     0
 49
-0.5937500111102177
 74
     0
  0
LTYPE
  5
C3
330
5
100
AcDbSymbolTableRecord
100
AcDbLinetypeTableRecord
  2
AI-Linetype-17
 70
     0
  3
Adobe Illustrator Linetype No. 17
 72
    65
 73
     2
 40
1.781250033330652
 49
1.187500022220435
 74
     0
 49
-0.5937500111102177
 74
     0
  0
LTYPE
  5
C5
330
5
100
AcDbSymbolTableRecord
100
AcDbLinetypeTableRecord
  2
AI-Linetype-18
 70
     0
  3
Adobe Illustrator Linetype No. 18
 72
    65
 73
     2
 40
1.781250033330652
 49
1.187500022220435
 74
     0
 49
-0.5937500111102177
 74
     0
  0
LTYPE
  5
C7
330
5
100
AcDbSymbolTableRecord
100
AcDbLinetypeTableRecord
  2
AI-Linetype-19
 70
     0
  3
Adobe Illustrator Linetype No. 19
 72
    65
 73
     2
 40
1.781250033330652
 49
1.187500022220435
 74
     0
 49
-0.5937500111102177
 74
     0
  0
LTYPE
  5
C9
330
5
100
AcDbSymbolTableRecord
100
AcDbLinetypeTableRecord
  2
AI-Linetype-20
 70
     0
  3
Adobe Illustrator Linetype No. 20
 72
    65
 73
     2
 40
1.781250033330652
 49
1.187500022220435
 74
     0
 49
-0.5937500111102177
 74
     0
  0
LTYPE
  5
CB
330
5
100
AcDbSymbolTableRecord
100
AcDbLinetypeTableRecord
  2
AI-Linetype-21
 70
     0
  3
Adobe Illustrator Linetype No. 21
 72
    65
 73
     2
 40
1.781250033330652
 49
1.187500022220435
 74
     0
 49
-0.5937500111102177
 74
     0
  0
LTYPE
  5
CD
330
5
100
AcDbSymbolTableRecord
100
AcDbLinetypeTableRecord
  2
AI-Linetype-22
 70
     0
  3
Adobe Illustrator Linetype No. 22
 72
    65
 73
     2
 40
1.781250033330652
 49
1.187500022220435
 74
     0
 49
-0.5937500111102177
 74
     0
  0
LTYPE
  5
CF
330
5
100
AcDbSymbolTableRecord
100
AcDbLinetypeTableRecord
  2
AI-Linetype-23
 70
     0
  3
Adobe Illustrator Linetype No. 23
 72
    65
 73
     2
 40
1.781250033330652
 49
1.187500022220435
 74
     0
 49
-0.5937500111102177
 74
     0
  0
LTYPE
  5
D3
330
5
100
AcDbSymbolTableRecord
100
AcDbLinetypeTableRecord
  2
AI-Linetype-24
 70
     0
  3
Adobe Illustrator Linetype No. 24
 72
    65
 73
     2
 40
1.781250033330652
 49
1.187500022220435
 74
     0
 49
-0.5937500111102177
 74
     0
  0
LTYPE
  5
109
330
5
100
AcDbSymbolTableRecord
100
AcDbLinetypeTableRecord
  2
AI-Linetype-25
 70
     0
  3
Adobe Illustrator Linetype No. 25
 72
    65
 73
     2
 40
1.781250033330652
 49
1.187500022220435
 74
     0
 49
-0.5937500111102177
 74
     0
  0
LTYPE
  5
10B
330
5
100
AcDbSymbolTableRecord
100
AcDbLinetypeTableRecord
  2
AI-Linetype-26
 70
     0
  3
Adobe Illustrator Linetype No. 26
 72
    65
 73
     2
 40
1.781250033330652
 49
1.187500022220435
 74
     0
 49
-0.5937500111102177
 74
     0
  0
LTYPE
  5
10D
330
5
100
AcDbSymbolTableRecord
100
AcDbLinetypeTableRecord
  2
AI-Linetype-27
 70
     0
  3
Adobe Illustrator Linetype No. 27
 72
    65
 73
     2
 40
1.781250033330652
 49
1.187500022220435
 74
     0
 49
-0.5937500111102177
 74
     0
  0
LTYPE
  5
10F
330
5
100
AcDbSymbolTableRecord
100
AcDbLinetypeTableRecord
  2
AI-Linetype-28
 70
     0
  3
Adobe Illustrator Linetype No. 28
 72
    65
 73
     2
 40
1.781250033330652
 49
1.187500022220435
 74
     0
 49
-0.5937500111102177
 74
     0
  0
LTYPE
  5
111
330
5
100
AcDbSymbolTableRecord
100
AcDbLinetypeTableRecord
  2
AI-Linetype-29
 70
     0
  3
Adobe Illustrator Linetype No. 29
 72
    65
 73
     2
 40
1.781250033330652
 49
1.187500022220435
 74
     0
 49
-0.5937500111102177
 74
     0
  0
LTYPE
  5
113
330
5
100
AcDbSymbolTableRecord
100
AcDbLinetypeTableRecord
  2
AI-Linetype-30
 70
     0
  3
Adobe Illustrator Linetype No. 30
 72
    65
 73
     2
 40
1.781250033330652
 49
1.187500022220435
 74
     0
 49
-0.5937500111102177
 74
     0
  0
LTYPE
  5
115
330
5
100
AcDbSymbolTableRecord
100
AcDbLinetypeTableRecord
  2
AI-Linetype-31
 70
     0
  3
Adobe Illustrator Linetype No. 31
 72
    65
 73
     2
 40
1.781250033330652
 49
1.187500022220435
 74
     0
 49
-0.5937500111102177
 74
     0
  0
LTYPE
  5
117
330
5
100
AcDbSymbolTableRecord
100
AcDbLinetypeTableRecord
  2
AI-Linetype-32
 70
     0
  3
Adobe Illustrator Linetype No. 32
 72
    65
 73
     2
 40
1.781250033330652
 49
1.187500022220435
 74
     0
 49
-0.5937500111102177
 74
     0
  0
LTYPE
  5
11B
330
5
100
AcDbSymbolTableRecord
100
AcDbLinetypeTableRecord
  2
AI-Linetype-33
 70
     0
  3
Adobe Illustrator Linetype No. 33
 72
    65
 73
     2
 40
1.781250033330652
 49
1.187500022220435
 74
     0
 49
-0.5937500111102177
 74
     0
  0
LTYPE
  5
13B
330
5
100
AcDbSymbolTableRecord
100
AcDbLinetypeTableRecord
  2
AI-Linetype-34
 70
     0
  3
Adobe Illustrator Linetype No. 34
 72
    65
 73
     2
 40
1.781250033330652
 49
1.187500022220435
 74
     0
 49
-0.5937500111102177
 74
     0
  0
LTYPE
  5
13D
330
5
100
AcDbSymbolTableRecord
100
AcDbLinetypeTableRecord
  2
AI-Linetype-35
 70
     0
  3
Adobe Illustrator Linetype No. 35
 72
    65
 73
     2
 40
1.781250033330652
 49
1.187500022220435
 74
     0
 49
-0.5937500111102177
 74
     0
  0
LTYPE
  5
13F
330
5
100
AcDbSymbolTableRecord
100
AcDbLinetypeTableRecord
  2
AI-Linetype-36
 70
     0
  3
Adobe Illustrator Linetype No. 36
 72
    65
 73
     2
 40
1.781250033330652
 49
1.187500022220435
 74
     0
 49
-0.5937500111102177
 74
     0
  0
LTYPE
  5
141
330
5
100
AcDbSymbolTableRecord
100
AcDbLinetypeTableRecord
  2
AI-Linetype-37
 70
     0
  3
Adobe Illustrator Linetype No. 37
 72
    65
 73
     2
 40
1.781250033330652
 49
1.187500022220435
 74
     0
 49
-0.5937500111102177
 74
     0
  0
LTYPE
  5
143
330
5
100
AcDbSymbolTableRecord
100
AcDbLinetypeTableRecord
  2
AI-Linetype-38
 70
     0
  3
Adobe Illustrator Linetype No. 38
 72
    65
 73
     2
 40
1.781250033330652
 49
1.187500022220435
 74
     0
 49
-0.5937500111102177
 74
     0
  0
LTYPE
  5
145
330
5
100
AcDbSymbolTableRecord
100
AcDbLinetypeTableRecord
  2
AI-Linetype-39
 70
     0
  3
Adobe Illustrator Linetype No. 39
 72
    65
 73
     2
 40
1.781250033330652
 49
1.187500022220435
 74
     0
 49
-0.5937500111102177
 74
     0
  0
LTYPE
  5
153
330
5
100
AcDbSymbolTableRecord
100
AcDbLinetypeTableRecord
  2
AI-Linetype-40
 70
     0
  3
Adobe Illustrator Linetype No. 40
 72
    65
 73
     2
 40
1.781250033330652
 49
1.187500022220435
 74
     0
 49
-0.5937500111102177
 74
     0
  0
LTYPE
  5
155
330
5
100
AcDbSymbolTableRecord
100
AcDbLinetypeTableRecord
  2
AI-Linetype-41
 70
     0
  3
Adobe Illustrator Linetype No. 41
 72
    65
 73
     2
 40
1.781250033330652
 49
1.187500022220435
 74
     0
 49
-0.5937500111102177
 74
     0
  0
LTYPE
  5
157
330
5
100
AcDbSymbolTableRecord
100
AcDbLinetypeTableRecord
  2
AI-Linetype-42
 70
     0
  3
Adobe Illustrator Linetype No. 42
 72
    65
 73
     2
 40
1.781250033330652
 49
1.187500022220435
 74
     0
 49
-0.5937500111102177
 74
     0
  0
LTYPE
  5
159
330
5
100
AcDbSymbolTableRecord
100
AcDbLinetypeTableRecord
  2
AI-Linetype-43
 70
     0
  3
Adobe Illustrator Linetype No. 43
 72
    65
 73
     2
 40
1.781250033330652
 49
1.187500022220435
 74
     0
 49
-0.5937500111102177
 74
     0
  0
LTYPE
  5
15B
330
5
100
AcDbSymbolTableRecord
100
AcDbLinetypeTableRecord
  2
AI-Linetype-44
 70
     0
  3
Adobe Illustrator Linetype No. 44
 72
    65
 73
     2
 40
1.781250033330652
 49
1.187500022220435
 74
     0
 49
-0.5937500111102177
 74
     0
  0
LTYPE
  5
15D
330
5
100
AcDbSymbolTableRecord
100
AcDbLinetypeTableRecord
  2
AI-Linetype-45
 70
     0
  3
Adobe Illustrator Linetype No. 45
 72
    65
 73
     2
 40
1.781250033330652
 49
1.187500022220435
 74
     0
 49
-0.5937500111102177
 74
     0
  0
LTYPE
  5
1F4
330
5
100
AcDbSymbolTableRecord
100
AcDbLinetypeTableRecord
  2
AI-Linetype-46
 70
     0
  3
Adobe Illustrator Linetype No. 46
 72
    65
 73
     2
 40
17.81250083795919
 49
11.87500055863946
 74
     0
 49
-5.937500279319729
 74
     0
  0
LTYPE
  5
1F6
330
5
100
AcDbSymbolTableRecord
100
AcDbLinetypeTableRecord
  2
AI-Linetype-47
 70
     0
  3
Adobe Illustrator Linetype No. 47
 72
    65
 73
     2
 40
17.81250083795919
 49
11.87500055863946
 74
     0
 49
-5.937500279319729
 74
     0
  0
LTYPE
  5
202
330
5
100
AcDbSymbolTableRecord
100
AcDbLinetypeTableRecord
  2
AI-Linetype-48
 70
     0
  3
Adobe Illustrator Linetype No. 48
 72
    65
 73
     2
 40
17.81250083795919
 49
11.87500055863946
 74
     0
 49
-5.937500279319729
 74
     0
  0
LTYPE
  5
204
330
5
100
AcDbSymbolTableRecord
100
AcDbLinetypeTableRecord
  2
AI-Linetype-49
 70
     0
  3
Adobe Illustrator Linetype No. 49
 72
    65
 73
     2
 40
17.81250083795919
 49
11.87500055863946
 74
     0
 49
-5.937500279319729
 74
     0
  0
LTYPE
  5
206
330
5
100
AcDbSymbolTableRecord
100
AcDbLinetypeTableRecord
  2
AI-Linetype-50
 70
     0
  3
Adobe Illustrator Linetype No. 50
 72
    65
 73
     2
 40
17.81250083795919
 49
11.87500055863946
 74
     0
 49
-5.937500279319729
 74
     0
  0
LTYPE
  5
208
330
5
100
AcDbSymbolTableRecord
100
AcDbLinetypeTableRecord
  2
AI-Linetype-51
 70
     0
  3
Adobe Illustrator Linetype No. 51
 72
    65
 73
     2
 40
17.81250083795919
 49
11.87500055863946
 74
     0
 49
-5.937500279319729
 74
     0
  0
LTYPE
  5
20A
330
5
100
AcDbSymbolTableRecord
100
AcDbLinetypeTableRecord
  2
AI-Linetype-52
 70
     0
  3
Adobe Illustrator Linetype No. 52
 72
    65
 73
     2
 40
17.81250083795919
 49
11.87500055863946
 74
     0
 49
-5.937500279319729
 74
     0
  0
LTYPE
  5
20C
330
5
100
AcDbSymbolTableRecord
100
AcDbLinetypeTableRecord
  2
AI-Linetype-53
 70
     0
  3
Adobe Illustrator Linetype No. 53
 72
    65
 73
     2
 40
17.81250083795919
 49
11.87500055863946
 74
     0
 49
-5.937500279319729
 74
     0
  0
LTYPE
  5
20E
330
5
100
AcDbSymbolTableRecord
100
AcDbLinetypeTableRecord
  2
AI-Linetype-54
 70
     0
  3
Adobe Illustrator Linetype No. 54
 72
    65
 73
     2
 40
17.81250083795919
 49
11.87500055863946
 74
     0
 49
-5.937500279319729
 74
     0
  0
LTYPE
  5
210
330
5
100
AcDbSymbolTableRecord
100
AcDbLinetypeTableRecord
  2
AI-Linetype-55
 70
     0
  3
Adobe Illustrator Linetype No. 55
 72
    65
 73
     2
 40
17.81250083795919
 49
11.87500055863946
 74
     0
 49
-5.937500279319729
 74
     0
  0
LTYPE
  5
212
330
5
100
AcDbSymbolTableRecord
100
AcDbLinetypeTableRecord
  2
AI-Linetype-56
 70
     0
  3
Adobe Illustrator Linetype No. 56
 72
    65
 73
     2
 40
17.81250083795919
 49
11.87500055863946
 74
     0
 49
-5.937500279319729
 74
     0
  0
LTYPE
  5
23C
330
5
100
AcDbSymbolTableRecord
100
AcDbLinetypeTableRecord
  2
AI-Linetype-57
 70
     0
  3
Adobe Illustrator Linetype No. 57
 72
    65
 73
     2
 40
356.2499925358561
 49
237.4999950239041
 74
     0
 49
-118.749997511952
 74
     0
  0
LTYPE
  5
240
330
5
100
AcDbSymbolTableRecord
100
AcDbLinetypeTableRecord
  2
AI-Linetype-58
 70
     0
  3
Adobe Illustrator Linetype No. 58
 72
    65
 73
     2
 40
356.2499925358561
 49
237.4999950239041
 74
     0
 49
-118.749997511952
 74
     0
  0
LTYPE
  5
255
330
5
100
AcDbSymbolTableRecord
100
AcDbLinetypeTableRecord
  2
AI-Linetype-59
 70
     0
  3
Adobe Illustrator Linetype No. 59
 72
    65
 73
     2
 40
17.81250083795919
 49
11.87500055863946
 74
     0
 49
-5.937500279319729
 74
     0
  0
LTYPE
  5
257
330
5
100
AcDbSymbolTableRecord
100
AcDbLinetypeTableRecord
  2
AI-Linetype-60
 70
     0
  3
Adobe Illustrator Linetype No. 60
 72
    65
 73
     2
 40
17.81250083795919
 49
11.87500055863946
 74
     0
 49
-5.937500279319729
 74
     0
  0
LTYPE
  5
263
330
5
100
AcDbSymbolTableRecord
100
AcDbLinetypeTableRecord
  2
AI-Linetype-61
 70
     0
  3
Adobe Illustrator Linetype No. 61
 72
    65
 73
     2
 40
17.81250083795919
 49
11.87500055863946
 74
     0
 49
-5.937500279319729
 74
     0
  0
LTYPE
  5
265
330
5
100
AcDbSymbolTableRecord
100
AcDbLinetypeTableRecord
  2
AI-Linetype-62
 70
     0
  3
Adobe Illustrator Linetype No. 62
 72
    65
 73
     2
 40
17.81250083795919
 49
11.87500055863946
 74
     0
 49
-5.937500279319729
 74
     0
  0
LTYPE
  5
267
330
5
100
AcDbSymbolTableRecord
100
AcDbLinetypeTableRecord
  2
AI-Linetype-63
 70
     0
  3
Adobe Illustrator Linetype No. 63
 72
    65
 73
     2
 40
17.81250083795919
 49
11.87500055863946
 74
     0
 49
-5.937500279319729
 74
     0
  0
LTYPE
  5
269
330
5
100
AcDbSymbolTableRecord
100
AcDbLinetypeTableRecord
  2
AI-Linetype-64
 70
     0
  3
Adobe Illustrator Linetype No. 64
 72
    65
 73
     2
 40
17.81250083795919
 49
11.87500055863946
 74
     0
 49
-5.937500279319729
 74
     0
  0
LTYPE
  5
26B
330
5
100
AcDbSymbolTableRecord
100
AcDbLinetypeTableRecord
  2
AI-Linetype-65
 70
     0
  3
Adobe Illustrator Linetype No. 65
 72
    65
 73
     2
 40
17.81250083795919
 49
11.87500055863946
 74
     0
 49
-5.937500279319729
 74
     0
  0
LTYPE
  5
26D
330
5
100
AcDbSymbolTableRecord
100
AcDbLinetypeTableRecord
  2
AI-Linetype-66
 70
     0
  3
Adobe Illustrator Linetype No. 66
 72
    65
 73
     2
 40
17.81250083795919
 49
11.87500055863946
 74
     0
 49
-5.937500279319729
 74
     0
  0
LTYPE
  5
26F
330
5
100
AcDbSymbolTableRecord
100
AcDbLinetypeTableRecord
  2
AI-Linetype-67
 70
     0
  3
Adobe Illustrator Linetype No. 67
 72
    65
 73
     2
 40
17.81250083795919
 49
11.87500055863946
 74
     0
 49
-5.937500279319729
 74
     0
  0
LTYPE
  5
271
330
5
100
AcDbSymbolTableRecord
100
AcDbLinetypeTableRecord
  2
AI-Linetype-68
 70
     0
  3
Adobe Illustrator Linetype No. 68
 72
    65
 73
     2
 40
17.81250083795919
 49
11.87500055863946
 74
     0
 49
-5.937500279319729
 74
     0
  0
LTYPE
  5
273
330
5
100
AcDbSymbolTableRecord
100
AcDbLinetypeTableRecord
  2
AI-Linetype-69
 70
     0
  3
Adobe Illustrator Linetype No. 69
 72
    65
 73
     2
 40
17.81250083795919
 49
11.87500055863946
 74
     0
 49
-5.937500279319729
 74
     0
  0
LTYPE
  5
290
330
5
100
AcDbSymbolTableRecord
100
AcDbLinetypeTableRecord
  2
AI-Linetype-70
 70
     0
  3
Adobe Illustrator Linetype No. 70
 72
    65
 73
     2
 40
17.81250083795919
 49
11.87500055863946
 74
     0
 49
-5.937500279319729
 74
     0
  0
LTYPE
  5
292
330
5
100
AcDbSymbolTableRecord
100
AcDbLinetypeTableRecord
  2
AI-Linetype-71
 70
     0
  3
Adobe Illustrator Linetype No. 71
 72
    65
 73
     2
 40
17.81250083795919
 49
11.87500055863946
 74
     0
 49
-5.937500279319729
 74
     0
  0
LTYPE
  5
29E
330
5
100
AcDbSymbolTableRecord
100
AcDbLinetypeTableRecord
  2
AI-Linetype-72
 70
     0
  3
Adobe Illustrator Linetype No. 72
 72
    65
 73
     2
 40
17.81250083795919
 49
11.87500055863946
 74
     0
 49
-5.937500279319729
 74
     0
  0
LTYPE
  5
2A0
330
5
100
AcDbSymbolTableRecord
100
AcDbLinetypeTableRecord
  2
AI-Linetype-73
 70
     0
  3
Adobe Illustrator Linetype No. 73
 72
    65
 73
     2
 40
17.81250083795919
 49
11.87500055863946
 74
     0
 49
-5.937500279319729
 74
     0
  0
LTYPE
  5
2A2
330
5
100
AcDbSymbolTableRecord
100
AcDbLinetypeTableRecord
  2
AI-Linetype-74
 70
     0
  3
Adobe Illustrator Linetype No. 74
 72
    65
 73
     2
 40
17.81250083795919
 49
11.87500055863946
 74
     0
 49
-5.937500279319729
 74
     0
  0
LTYPE
  5
2A4
330
5
100
AcDbSymbolTableRecord
100
AcDbLinetypeTableRecord
  2
AI-Linetype-75
 70
     0
  3
Adobe Illustrator Linetype No. 75
 72
    65
 73
     2
 40
17.81250083795919
 49
11.87500055863946
 74
     0
 49
-5.937500279319729
 74
     0
  0
LTYPE
  5
2A6
330
5
100
AcDbSymbolTableRecord
100
AcDbLinetypeTableRecord
  2
AI-Linetype-76
 70
     0
  3
Adobe Illustrator Linetype No. 76
 72
    65
 73
     2
 40
17.81250083795919
 49
11.87500055863946
 74
     0
 49
-5.937500279319729
 74
     0
  0
LTYPE
  5
2A8
330
5
100
AcDbSymbolTableRecord
100
AcDbLinetypeTableRecord
  2
AI-Linetype-77
 70
     0
  3
Adobe Illustrator Linetype No. 77
 72
    65
 73
     2
 40
17.81250083795919
 49
11.87500055863946
 74
     0
 49
-5.937500279319729
 74
     0
  0
LTYPE
  5
2AA
330
5
100
AcDbSymbolTableRecord
100
AcDbLinetypeTableRecord
  2
AI-Linetype-78
 70
     0
  3
Adobe Illustrator Linetype No. 78
 72
    65
 73
     2
 40
17.81250083795919
 49
11.87500055863946
 74
     0
 49
-5.937500279319729
 74
     0
  0
LTYPE
  5
2AC
330
5
100
AcDbSymbolTableRecord
100
AcDbLinetypeTableRecord
  2
AI-Linetype-79
 70
     0
  3
Adobe Illustrator Linetype No. 79
 72
    65
 73
     2
 40
17.81250083795919
 49
11.87500055863946
 74
     0
 49
-5.937500279319729
 74
     0
  0
LTYPE
  5
2AE
330
5
100
AcDbSymbolTableRecord
100
AcDbLinetypeTableRecord
  2
AI-Linetype-80
 70
     0
  3
Adobe Illustrator Linetype No. 80
 72
    65
 73
     2
 40
17.81250083795919
 49
11.87500055863946
 74
     0
 49
-5.937500279319729
 74
     0
  0
LTYPE
  5
2C5
330
5
100
AcDbSymbolTableRecord
100
AcDbLinetypeTableRecord
  2
AI-Linetype-81
 70
     0
  3
Adobe Illustrator Linetype No. 81
 72
    65
 73
     2
 40
17.81250083795919
 49
11.87500055863946
 74
     0
 49
-5.937500279319729
 74
     0
  0
LTYPE
  5
2C7
330
5
100
AcDbSymbolTableRecord
100
AcDbLinetypeTableRecord
  2
AI-Linetype-82
 70
     0
  3
Adobe Illustrator Linetype No. 82
 72
    65
 73
     2
 40
17.81250083795919
 49
11.87500055863946
 74
     0
 49
-5.937500279319729
 74
     0
  0
LTYPE
  5
2D3
330
5
100
AcDbSymbolTableRecord
100
AcDbLinetypeTableRecord
  2
AI-Linetype-83
 70
     0
  3
Adobe Illustrator Linetype No. 83
 72
    65
 73
     2
 40
17.81250083795919
 49
11.87500055863946
 74
     0
 49
-5.937500279319729
 74
     0
  0
LTYPE
  5
2D5
330
5
100
AcDbSymbolTableRecord
100
AcDbLinetypeTableRecord
  2
AI-Linetype-84
 70
     0
  3
Adobe Illustrator Linetype No. 84
 72
    65
 73
     2
 40
17.81250083795919
 49
11.87500055863946
 74
     0
 49
-5.937500279319729
 74
     0
  0
LTYPE
  5
2D7
330
5
100
AcDbSymbolTableRecord
100
AcDbLinetypeTableRecord
  2
AI-Linetype-85
 70
     0
  3
Adobe Illustrator Linetype No. 85
 72
    65
 73
     2
 40
17.81250083795919
 49
11.87500055863946
 74
     0
 49
-5.937500279319729
 74
     0
  0
LTYPE
  5
2D9
330
5
100
AcDbSymbolTableRecord
100
AcDbLinetypeTableRecord
  2
AI-Linetype-86
 70
     0
  3
Adobe Illustrator Linetype No. 86
 72
    65
 73
     2
 40
17.81250083795919
 49
11.87500055863946
 74
     0
 49
-5.937500279319729
 74
     0
  0
LTYPE
  5
2DB
330
5
100
AcDbSymbolTableRecord
100
AcDbLinetypeTableRecord
  2
AI-Linetype-87
 70
     0
  3
Adobe Illustrator Linetype No. 87
 72
    65
 73
     2
 40
17.81250083795919
 49
11.87500055863946
 74
     0
 49
-5.937500279319729
 74
     0
  0
LTYPE
  5
2DD
330
5
100
AcDbSymbolTableRecord
100
AcDbLinetypeTableRecord
  2
AI-Linetype-88
 70
     0
  3
Adobe Illustrator Linetype No. 88
 72
    65
 73
     2
 40
17.81250083795919
 49
11.87500055863946
 74
     0
 49
-5.937500279319729
 74
     0
  0
LTYPE
  5
2DF
330
5
100
AcDbSymbolTableRecord
100
AcDbLinetypeTableRecord
  2
AI-Linetype-89
 70
     0
  3
Adobe Illustrator Linetype No. 89
 72
    65
 73
     2
 40
17.81250083795919
 49
11.87500055863946
 74
     0
 49
-5.937500279319729
 74
     0
  0
LTYPE
  5
2E1
330
5
100
AcDbSymbolTableRecord
100
AcDbLinetypeTableRecord
  2
AI-Linetype-90
 70
     0
  3
Adobe Illustrator Linetype No. 90
 72
    65
 73
     2
 40
17.81250083795919
 49
11.87500055863946
 74
     0
 49
-5.937500279319729
 74
     0
  0
LTYPE
  5
2E3
330
5
100
AcDbSymbolTableRecord
100
AcDbLinetypeTableRecord
  2
AI-Linetype-91
 70
     0
  3
Adobe Illustrator Linetype No. 91
 72
    65
 73
     2
 40
17.81250083795919
 49
11.87500055863946
 74
     0
 49
-5.937500279319729
 74
     0
  0
ENDTAB
  0
TABLE
  2
LAYER
  5
2
330
0
100
AcDbSymbolTable
 70
     3
  0
LAYER
  5
54
330
2
100
AcDbSymbolTableRecord
100
AcDbLayerTableRecord
  2
0
 70
     0
 62
     7
  6
Continuous
370
     0
390
F
347
21
348
0
  0
LAYER
  5
375
330
2
100
AcDbSymbolTableRecord
100
AcDbLayerTableRecord
  2
PDF15_Geometry
 70
     0
 62
     7
  6
Continuous
370
     0
390
F
347
21
348
0
  0
LAYER
  5
3A9
330
2
100
AcDbSymbolTableRecord
100
AcDbLayerTableRecord
  2
015
 70
     0
 62
     7
  6
Continuous
370
     0
390
F
347
21
348
0
  0
ENDTAB
  0
TABLE
  2
STYLE
  5
3
330
0
100
AcDbSymbolTable
 70
     2
  0
STYLE
  5
55
330
3
100
AcDbSymbolTableRecord
100
AcDbTextStyleTableRecord
  2
Standard
 70
     0
 40
0.0
 41
1.0
 50
0.0
 71
     0
 42
0.2
  3
txt
  4

  0
STYLE
  5
5A
330
3
100
AcDbSymbolTableRecord
100
AcDbTextStyleTableRecord
  2
Annotative
 70
     0
 40
0.0
 41
1.0
 50
0.0
 71
     0
 42
0.2
  3
txt
  4

1001
AcadAnnotative
1000
AnnotativeData
1002
{
1070
     1
1070
     1
1002
}
  0
ENDTAB
  0
TABLE
  2
VIEW
  5
6
330
0
100
AcDbSymbolTable
 70
     0
  0
ENDTAB
  0
TABLE
  2
UCS
  5
7
330
0
100
AcDbSymbolTable
 70
     0
  0
ENDTAB
  0
TABLE
  2
APPID
  5
9
330
0
100
AcDbSymbolTable
 70
     2
  0
APPID
  5
56
330
9
100
AcDbSymbolTableRecord
100
AcDbRegAppTableRecord
  2
ACAD
 70
     0
  0
APPID
  5
5E
330
9
100
AcDbSymbolTableRecord
100
AcDbRegAppTableRecord
  2
AcadAnnotative
 70
     0
  0
ENDTAB
  0
TABLE
  2
DIMSTYLE
  5
A
330
0
100
AcDbSymbolTable
 70
     2
100
AcDbDimStyleTable
 71
     0
  0
DIMSTYLE
105
58
330
A
100
AcDbSymbolTableRecord
100
AcDbDimStyleTableRecord
  2
Standard
 70
     0
340
55
  0
DIMSTYLE
105
59
330
A
100
AcDbSymbolTableRecord
100
AcDbDimStyleTableRecord
  2
Annotative
 70
     0
340
55
1001
AcadAnnotative
1000
AnnotativeData
1002
{
1070
     1
1070
     1
1002
}
  0
ENDTAB
  0
TABLE
  2
BLOCK_RECORD
  5
1
330
0
100
AcDbSymbolTable
 70
     9
  0
BLOCK_RECORD
  5
70
330
1
100
AcDbSymbolTableRecord
100
AcDbBlockTableRecord
  2
*Model_Space
340
73
 70
     0
280
     1
281
     0
  0
BLOCK_RECORD
  5
6C
330
1
100
AcDbSymbolTableRecord
100
AcDbBlockTableRecord
  2
*Paper_Space
340
6F
 70
     0
280
     1
281
     0
  0
BLOCK_RECORD
  5
74
330
1
100
AcDbSymbolTableRecord
100
AcDbBlockTableRecord
  2
*Paper_Space0
340
77
 70
     0
280
     1
281
     0
  0
BLOCK_RECORD
  5
DE
330
1
100
AcDbSymbolTableRecord
100
AcDbBlockTableRecord
  2
Block_0
340
0
102
{BLKREFS
331
DF
102
}
 70
     0
280
     1
281
     0
  0
BLOCK_RECORD
  5
E4
330
1
100
AcDbSymbolTableRecord
100
AcDbBlockTableRecord
  2
Block_1
340
0
102
{BLKREFS
331
E5
102
}
 70
     0
280
     1
281
     0
  0
BLOCK_RECORD
  5
EC
330
1
100
AcDbSymbolTableRecord
100
AcDbBlockTableRecord
  2
Block_2
340
0
102
{BLKREFS
331
ED
102
}
 70
     0
280
     1
281
     0
  0
BLOCK_RECORD
  5
125
330
1
100
AcDbSymbolTableRecord
100
AcDbBlockTableRecord
  2
Block_3
340
0
102
{BLKREFS
331
126
102
}
 70
     0
280
     1
281
     0
  0
BLOCK_RECORD
  5
16C
330
1
100
AcDbSymbolTableRecord
100
AcDbBlockTableRecord
  2
Block_4
340
0
102
{BLKREFS
331
16D
102
}
 70
     0
280
     1
281
     0
  0
BLOCK_RECORD
  5
22A
330
1
100
AcDbSymbolTableRecord
100
AcDbBlockTableRecord
  2
Block_5
340
0
102
{BLKREFS
331
22B
102
}
 70
     0
280
     1
281
     0
  0
BLOCK_RECORD
  5
2F9
330
1
100
AcDbSymbolTableRecord
100
AcDbBlockTableRecord
  2
Block_6
340
0
102
{BLKREFS
331
2FA
102
}
 70
     0
280
     1
281
     0
  0
BLOCK_RECORD
  5
30B
330
1
100
AcDbSymbolTableRecord
100
AcDbBlockTableRecord
  2
Block_7
340
0
102
{BLKREFS
331
30C
102
}
 70
     0
280
     1
281
     0
  0
ENDTAB
  0
ENDSEC
  0
SECTION
  2
BLOCKS
  0
BLOCK
  5
71
330
70
100
AcDbEntity
  8
0
100
AcDbBlockBegin
  2
*Model_Space
 70
     0
 10
0.0
 20
0.0
 30
0.0
  3
*Model_Space
  1

  0
ENDBLK
  5
72
330
70
100
AcDbEntity
  8
0
100
AcDbBlockEnd
  0
BLOCK
  5
6D
330
6C
100
AcDbEntity
 67
     1
  8
0
100
AcDbBlockBegin
  2
*Paper_Space
 70
     0
 10
0.0
 20
0.0
 30
0.0
  3
*Paper_Space
  1

  0
ENDBLK
  5
6E
330
6C
100
AcDbEntity
 67
     1
  8
0
100
AcDbBlockEnd
  0
BLOCK
  5
75
330
74
100
AcDbEntity
 67
     1
  8
0
100
AcDbBlockBegin
  2
*Paper_Space0
 70
     0
 10
0.0
 20
0.0
 30
0.0
  3
*Paper_Space0
  1

  0
ENDBLK
  5
76
330
74
100
AcDbEntity
 67
     1
  8
0
100
AcDbBlockEnd
  0
BLOCK
  5
E0
330
DE
100
AcDbEntity
  8
0
100
AcDbBlockBegin
  2
Block_0
 70
     0
 10
0.0
 20
0.0
 30
0.0
  3
Block_0
  1

  0
MTEXT
  5
E2
330
DE
100
AcDbEntity
  8
0
100
AcDbMText
 10
-173.1251238072232
 20
621.6181293205068
 30
0.0
 40
0.2
 41
0.0
 46
0.0
 71
     7
 72
     1
  1
\C7;\FArial|b0|i0|c1;\H23.100000;\W1.000000;VISTA A - VISTA FRONTAL
 73
     1
 44
1.0
  0
MTEXT
  5
E3
330
DE
100
AcDbEntity
  8
0
100
AcDbMText
 10
-85.29469678653766
 20
582.7242070754561
 30
0.0
 40
0.2
 41
0.0
 46
0.0
 71
     7
 72
     1
  1
\C7;\FArial|b0|i0|c1;\H23.100000;\W1.000000;(Puerta Abierta)
 73
     1
 44
1.0
  0
ENDBLK
  5
E1
330
DE
100
AcDbEntity
  8
0
100
AcDbBlockEnd
  0
BLOCK
  5
E6
330
E4
100
AcDbEntity
  8
0
100
AcDbBlockBegin
  2
Block_1
 70
     0
 10
0.0
 20
0.0
 30
0.0
  3
Block_1
  1

  0
LINE
  5
E8
330
E4
100
AcDbEntity
  8
0
 62
     7
370
     0
100
AcDbLine
 10
-1186.754488084098
 20
-149.6500358254301
 30
0.0
 11
-1186.754488084098
 21
-253.4750358254364
 31
0.0
  0
LINE
  5
E9
330
E4
100
AcDbEntity
  8
0
 62
     7
370
     0
100
AcDbLine
 10
-736.7544880840981
 20
-149.6500358254095
 30
0.0
 11
-736.7544880840981
 21
-253.4750358254364
 31
0.0
  0
LINE
  5
EA
330
E4
100
AcDbEntity
  8
0
 62
     7
370
     0
100
AcDbLine
 10
-1186.754488084098
 20
-252.2250358254362
 30
0.0
 11
-736.7544880840981
 21
-252.2250358254362
 31
0.0
  0
MTEXT
  5
EB
330
E4
100
AcDbEntity
  8
0
100
AcDbMText
 10
-988.108334442643
 20
-246.8311007412436
 30
0.0
 40
0.2
 41
0.0
 46
0.0
 71
     7
 72
     1
  1
\C7;\FArial|b0|i0|c1;\H23.100000;\W1.000000;450
 73
     1
 44
1.0
  0
ENDBLK
  5
E7
330
E4
100
AcDbEntity
  8
0
100
AcDbBlockEnd
  0
BLOCK
  5
EE
330
EC
100
AcDbEntity
  8
0
100
AcDbBlockBegin
  2
Block_2
 70
     0
 10
0.0
 20
0.0
 30
0.0
  3
Block_2
  1

  0
LINE
  5
F0
330
EC
100
AcDbEntity
  8
0
 62
     7
370
     0
100
AcDbLine
 10
-1184.179488084097
 20
447.7749641745345
 30
0.0
 11
-1288.004488083979
 21
447.7749641745345
 31
0.0
  0
LINE
  5
F1
330
EC
100
AcDbEntity
  8
0
 62
     7
370
     0
100
AcDbLine
 10
-1184.179488084097
 20
-152.2250358254609
 30
0.0
 11
-1288.004488083979
 21
-152.2250358254609
 31
0.0
  0
LINE
  5
F2
330
EC
100
AcDbEntity
  8
0
 62
     7
370
     0
100
AcDbLine
 10
-1286.754488083979
 20
447.7749641745345
 30
0.0
 11
-1286.754488083979
 21
-152.2250358254609
 31
0.0
  0
MTEXT
  5
F3
330
EC
100
AcDbEntity
  8
0
100
AcDbMText
 10
-1292.148346302397
 20
121.0193142058563
 30
0.0
 40
0.2
 41
0.0
 46
0.0
 71
     7
 72
     1
  1
\C7;\FArial|b0|i0|c1;\H23.100000;\W1.000000;600
 11
0.0000000000000001
 21
1.0
 31
0.0
 73
     1
 44
1.0
  0
ENDBLK
  5
EF
330
EC
100
AcDbEntity
  8
0
100
AcDbBlockEnd
  0
BLOCK
  5
127
330
125
100
AcDbEntity
  8
0
100
AcDbBlockBegin
  2
Block_3
 70
     0
 10
0.0
 20
0.0
 30
0.0
  3
Block_3
  1

  0
MTEXT
  5
129
330
125
100
AcDbEntity
  8
0
100
AcDbMText
 10
516.7315943803657
 20
548.9602473264101
 30
0.0
 40
0.2
 41
0.0
 46
0.0
 71
     7
 72
     1
  1
\C7;\FArial|b0|i0|c1;\H23.100000;\W1.000000;VISTA A - VISTA FRONTAL
 73
     1
 44
1.0
  0
MTEXT
  5
12A
330
125
100
AcDbEntity
  8
0
100
AcDbMText
 10
562.4116226485681
 20
510.0663250813592
 30
0.0
 40
0.2
 41
0.0
 46
0.0
 71
     7
 72
     1
  1
\C7;\FArial|b0|i0|c1;\H23.100000;\W1.000000;(Contrafrente Abierto)
 73
     1
 44
1.0
  0
ENDBLK
  5
128
330
125
100
AcDbEntity
  8
0
100
AcDbBlockEnd
  0
BLOCK
  5
16E
330
16C
100
AcDbEntity
  8
0
100
AcDbBlockBegin
  2
Block_4
 70
     0
 10
0.0
 20
0.0
 30
0.0
  3
Block_4
  1

  0
LWPOLYLINE
  5
170
330
16C
100
AcDbEntity
  8
0
100
AcDbPolyline
 90
        4
 70
     1
 43
0.0
 10
885.8512669166037
 20
-106.7250358254083
 10
885.8512669166037
 20
-87.83899339749533
 10
879.2430412289711
 20
-87.83899339749533
 10
879.2430412289711
 20
-106.7250358254083
  0
SPLINE
  5
171
330
16C
100
AcDbEntity
  8
0
 62
     7
370
     0
100
AcDbSpline
210
0.0
220
0.0
230
1.0
 70
    24
 71
     3
 72
     8
 73
     4
 74
     0
 42
0.0000000001
 43
0.0000000001
 40
0.0
 40
0.0
 40
0.0
 40
0.0
 40
1.0
 40
1.0
 40
1.0
 40
1.0
 10
885.8512669166113
 20
-91.87633244529731
 30
0.0
 10
885.8512669166113
 20
-91.87633244529731
 30
0.0
 10
881.813927868821
 20
-87.83899339749533
 30
0.0
 10
881.813927868821
 20
-87.83899339749533
 30
0.0
  0
SPLINE
  5
172
330
16C
100
AcDbEntity
  8
0
 62
     7
370
     0
100
AcDbSpline
210
0.0
220
0.0
230
1.0
 70
    24
 71
     3
 72
     8
 73
     4
 74
     0
 42
0.0000000001
 43
0.0000000001
 40
0.0
 40
0.0
 40
0.0
 40
0.0
 40
1.0
 40
1.0
 40
1.0
 40
1.0
 10
885.8512669166037
 20
-96.36646050581255
 30
0.0
 10
885.8512669166037
 20
-96.36646050581255
 30
0.0
 10
879.2430412289748
 20
-89.75823481818755
 30
0.0
 10
879.2430412289748
 20
-89.75823481818755
 30
0.0
  0
SPLINE
  5
173
330
16C
100
AcDbEntity
  8
0
 62
     7
370
     0
100
AcDbSpline
210
0.0
220
0.0
230
1.0
 70
    24
 71
     3
 72
     8
 73
     4
 74
     0
 42
0.0000000001
 43
0.0000000001
 40
0.0
 40
0.0
 40
0.0
 40
0.0
 40
1.0
 40
1.0
 40
1.0
 40
1.0
 10
885.8512669166113
 20
-100.8565885663483
 30
0.0
 10
885.8512669166113
 20
-100.8565885663483
 30
0.0
 10
879.2430412289711
 20
-94.24836287872334
 30
0.0
 10
879.2430412289711
 20
-94.24836287872334
 30
0.0
  0
SPLINE
  5
174
330
16C
100
AcDbEntity
  8
0
 62
     7
370
     0
100
AcDbSpline
210
0.0
220
0.0
230
1.0
 70
    24
 71
     3
 72
     8
 73
     4
 74
     0
 42
0.0000000001
 43
0.0000000001
 40
0.0
 40
0.0
 40
0.0
 40
0.0
 40
1.0
 40
1.0
 40
1.0
 40
1.0
 10
885.8512669166037
 20
-105.3467166268841
 30
0.0
 10
885.8512669166037
 20
-105.3467166268841
 30
0.0
 10
879.2430412289748
 20
-98.73849093925912
 30
0.0
 10
879.2430412289748
 20
-98.73849093925912
 30
0.0
  0
SPLINE
  5
175
330
16C
100
AcDbEntity
  8
0
 62
     7
370
     0
100
AcDbSpline
210
0.0
220
0.0
230
1.0
 70
    24
 71
     3
 72
     8
 73
     4
 74
     0
 42
0.0000000001
 43
0.0000000001
 40
0.0
 40
0.0
 40
0.0
 40
0.0
 40
1.0
 40
1.0
 40
1.0
 40
1.0
 10
882.7394580545947
 20
-106.7250358254083
 30
0.0
 10
882.7394580545947
 20
-106.7250358254083
 30
0.0
 10
879.2430412289787
 20
-103.2286189997949
 30
0.0
 10
879.2430412289787
 20
-103.2286189997949
 30
0.0
  0
ENDBLK
  5
16F
330
16C
100
AcDbEntity
  8
0
100
AcDbBlockEnd
  0
BLOCK
  5
22C
330
22A
100
AcDbEntity
  8
0
100
AcDbBlockBegin
  2
Block_5
 70
     0
 10
0.0
 20
0.0
 30
0.0
  3
Block_5
  1

  0
SPLINE
  5
22E
330
22A
100
AcDbEntity
  8
0
100
AcDbSpline
210
0.0
220
0.0
230
1.0
 70
     9
 71
     3
 72
    35
 73
    31
 74
     0
 42
0.0000000001
 43
0.0000000001
 40
0.0
 40
0.0
 40
0.0
 40
0.0
 40
1.0
 40
1.0
 40
1.0
 40
2.0
 40
2.0
 40
2.0
 40
3.0
 40
3.0
 40
3.0
 40
4.0
 40
4.0
 40
4.0
 40
5.0
 40
5.0
 40
5.0
 40
6.0
 40
6.0
 40
6.0
 40
7.0
 40
7.0
 40
7.0
 40
8.0
 40
8.0
 40
8.0
 40
9.0
 40
9.0
 40
9.0
 40
10.0
 40
10.0
 40
10.0
 40
10.0
 10
1572.090090662163
 20
460.7207560371853
 30
0.0
 10
1573.073950603557
 20
460.8017779097326
 30
0.0
 10
1574.057810544951
 20
460.8827997822799
 30
0.0
 10
1575.079565217906
 20
460.7207560372058
 30
0.0
 10
1576.21278813734
 20
460.5410341423588
 30
0.0
 10
1577.392625045714
 20
460.0623192861244
 30
0.0
 10
1578.06903977365
 20
459.2867691081329
 30
0.0
 10
1579.11129484048
 20
458.0917609730184
 30
0.0
 10
1578.958312253855
 20
456.1919989211994
 30
0.0
 10
1578.06903977365
 20
454.1779027967428
 30
0.0
 10
1576.683131374777
 20
451.0389855389793
 30
0.0
 10
1573.508890812942
 20
447.6223688300191
 30
0.0
 10
1575.557612759449
 20
446.622323823889
 30
0.0
 10
1575.980300191426
 20
446.4159969203337
 30
0.0
 10
1576.625313256976
 20
446.3125361265769
 30
0.0
 10
1577.105105796027
 20
446.0711824593415
 30
0.0
 10
1578.744416373103
 20
445.2465476696434
 30
0.0
 10
1578.454961120928
 20
442.8121669959413
 30
0.0
 10
1578.24433037492
 20
440.5753610090208
 30
0.0
 10
1578.074777443666
 20
438.7747833682495
 30
0.0
 10
1577.956301859394
 20
437.1022317858889
 30
0.0
 10
1576.869157743883
 20
436.2716707878177
 30
0.0
 10
1576.318855897445
 20
435.8512488361052
 30
0.0
 10
1575.520353413689
 20
435.6465690014338
 30
0.0
 10
1574.719423130609
 20
435.4912875098112
 30
0.0
 10
1573.797894074876
 20
435.3126247605024
 30
0.0
 10
1572.873151052069
 20
435.1993564803166
 30
0.0
 10
1572.090090662163
 20
435.5945208894121
 30
0.0
 10
1572.090090662163
 20
435.5945208894121
 30
0.0
 10
1572.090090662163
 20
460.7207560371853
 30
0.0
 10
1572.090090662163
 20
460.7207560371853
 30
0.0
  0
SPLINE
  5
22F
330
22A
100
AcDbEntity
  8
0
 62
     7
370
     0
100
AcDbSpline
210
0.0
220
0.0
230
1.0
 70
    24
 71
     3
 72
     8
 73
     4
 74
     0
 42
0.0000000001
 43
0.0000000001
 40
0.0
 40
0.0
 40
0.0
 40
0.0
 40
1.0
 40
1.0
 40
1.0
 40
1.0
 10
1575.089418693717
 20
435.5673771353449
 30
0.0
 10
1575.089418693717
 20
435.5673771353449
 30
0.0
 10
1577.990033789729
 20
438.4679922313407
 30
0.0
 10
1577.990033789729
 20
438.4679922313407
 30
0.0
  0
SPLINE
  5
230
330
22A
100
AcDbEntity
  8
0
 62
     7
370
     0
100
AcDbSpline
210
0.0
220
0.0
230
1.0
 70
    24
 71
     3
 72
     8
 73
     4
 74
     0
 42
0.0000000001
 43
0.0000000001
 40
0.0
 40
0.0
 40
0.0
 40
0.0
 40
1.0
 40
1.0
 40
1.0
 40
1.0
 10
1572.321545162401
 20
435.4935804403386
 30
0.0
 10
1572.321545162401
 20
435.4935804403386
 30
0.0
 10
1578.330274331931
 20
441.5023096098793
 30
0.0
 10
1578.330274331931
 20
441.5023096098793
 30
0.0
  0
SPLINE
  5
231
330
22A
100
AcDbEntity
  8
0
 62
     7
370
     0
100
AcDbSpline
210
0.0
220
0.0
230
1.0
 70
    24
 71
     3
 72
     8
 73
     4
 74
     0
 42
0.0000000001
 43
0.0000000001
 40
0.0
 40
0.0
 40
0.0
 40
0.0
 40
1.0
 40
1.0
 40
1.0
 40
1.0
 10
1572.090090662163
 20
437.9562027764161
 30
0.0
 10
1572.090090662163
 20
437.9562027764161
 30
0.0
 10
1578.322115014099
 20
444.1882271283573
 30
0.0
 10
1578.322115014099
 20
444.1882271283573
 30
0.0
  0
SPLINE
  5
232
330
22A
100
AcDbEntity
  8
0
 62
     7
370
     0
100
AcDbSpline
210
0.0
220
0.0
230
1.0
 70
    24
 71
     3
 72
     8
 73
     4
 74
     0
 42
0.0000000001
 43
0.0000000001
 40
0.0
 40
0.0
 40
0.0
 40
0.0
 40
1.0
 40
1.0
 40
1.0
 40
1.0
 10
1572.090090662171
 20
440.6502796127622
 30
0.0
 10
1572.090090662171
 20
440.6502796127622
 30
0.0
 10
1577.359719034149
 20
445.9199079847201
 30
0.0
 10
1577.359719034149
 20
445.9199079847201
 30
0.0
  0
SPLINE
  5
233
330
22A
100
AcDbEntity
  8
0
 62
     7
370
     0
100
AcDbSpline
210
0.0
220
0.0
230
1.0
 70
    24
 71
     3
 72
     8
 73
     4
 74
     0
 42
0.0000000001
 43
0.0000000001
 40
0.0
 40
0.0
 40
0.0
 40
0.0
 40
1.0
 40
1.0
 40
1.0
 40
1.0
 10
1572.090090662171
 20
443.3443564490672
 30
0.0
 10
1572.090090662171
 20
443.3443564490672
 30
0.0
 10
1575.434666667625
 20
446.6889324545367
 30
0.0
 10
1575.434666667625
 20
446.6889324545367
 30
0.0
  0
SPLINE
  5
234
330
22A
100
AcDbEntity
  8
0
 62
     7
370
     0
100
AcDbSpline
210
0.0
220
0.0
230
1.0
 70
    24
 71
     3
 72
     8
 73
     4
 74
     0
 42
0.0000000001
 43
0.0000000001
 40
0.0
 40
0.0
 40
0.0
 40
0.0
 40
1.0
 40
1.0
 40
1.0
 40
1.0
 10
1572.090090662163
 20
446.0384332853723
 30
0.0
 10
1572.090090662163
 20
446.0384332853723
 30
0.0
 10
1575.398839231168
 20
449.347181854403
 30
0.0
 10
1575.398839231168
 20
449.347181854403
 30
0.0
  0
SPLINE
  5
235
330
22A
100
AcDbEntity
  8
0
 62
     7
370
     0
100
AcDbSpline
210
0.0
220
0.0
230
1.0
 70
    24
 71
     3
 72
     8
 73
     4
 74
     0
 42
0.0000000001
 43
0.0000000001
 40
0.0
 40
0.0
 40
0.0
 40
0.0
 40
1.0
 40
1.0
 40
1.0
 40
1.0
 10
1572.090090662179
 20
448.7325101217184
 30
0.0
 10
1572.090090662179
 20
448.7325101217184
 30
0.0
 10
1578.410802987546
 20
455.0532224470678
 30
0.0
 10
1578.410802987546
 20
455.0532224470678
 30
0.0
  0
SPLINE
  5
236
330
22A
100
AcDbEntity
  8
0
 62
     7
370
     0
100
AcDbSpline
210
0.0
220
0.0
230
1.0
 70
    24
 71
     3
 72
     8
 73
     4
 74
     0
 42
0.0000000001
 43
0.0000000001
 40
0.0
 40
0.0
 40
0.0
 40
0.0
 40
1.0
 40
1.0
 40
1.0
 40
1.0
 10
1572.090090662163
 20
451.4265869580234
 30
0.0
 10
1572.090090662163
 20
451.4265869580234
 30
0.0
 10
1578.697443187852
 20
458.0339394836915
 30
0.0
 10
1578.697443187852
 20
458.0339394836915
 30
0.0
  0
SPLINE
  5
237
330
22A
100
AcDbEntity
  8
0
 62
     7
370
     0
100
AcDbSpline
210
0.0
220
0.0
230
1.0
 70
    24
 71
     3
 72
     8
 73
     4
 74
     0
 42
0.0000000001
 43
0.0000000001
 40
0.0
 40
0.0
 40
0.0
 40
0.0
 40
1.0
 40
1.0
 40
1.0
 40
1.0
 10
1572.090090662163
 20
454.1206637943489
 30
0.0
 10
1572.090090662163
 20
454.1206637943489
 30
0.0
 10
1577.651405758912
 20
459.6819788910797
 30
0.0
 10
1577.651405758912
 20
459.6819788910797
 30
0.0
  0
SPLINE
  5
238
330
22A
100
AcDbEntity
  8
0
 62
     7
370
     0
100
AcDbSpline
210
0.0
220
0.0
230
1.0
 70
    24
 71
     3
 72
     8
 73
     4
 74
     0
 42
0.0000000001
 43
0.0000000001
 40
0.0
 40
0.0
 40
0.0
 40
0.0
 40
1.0
 40
1.0
 40
1.0
 40
1.0
 10
1572.090090662179
 20
456.8147406306746
 30
0.0
 10
1572.090090662179
 20
456.8147406306746
 30
0.0
 10
1575.832865411056
 20
460.5575153795595
 30
0.0
 10
1575.832865411056
 20
460.5575153795595
 30
0.0
  0
SPLINE
  5
239
330
22A
100
AcDbEntity
  8
0
 62
     7
370
     0
100
AcDbSpline
210
0.0
220
0.0
230
1.0
 70
    24
 71
     3
 72
     8
 73
     4
 74
     0
 42
0.0000000001
 43
0.0000000001
 40
0.0
 40
0.0
 40
0.0
 40
0.0
 40
1.0
 40
1.0
 40
1.0
 40
1.0
 10
1572.090090662171
 20
459.5088174669796
 30
0.0
 10
1572.090090662171
 20
459.5088174669796
 30
0.0
 10
1573.388139501901
 20
460.8068663067226
 30
0.0
 10
1573.388139501901
 20
460.8068663067226
 30
0.0
  0
ENDBLK
  5
22D
330
22A
100
AcDbEntity
  8
0
100
AcDbBlockEnd
  0
BLOCK
  5
2FB
330
2F9
100
AcDbEntity
  8
0
100
AcDbBlockBegin
  2
Block_6
 70
     0
 10
0.0
 20
0.0
 30
0.0
  3
Block_6
  1

  0
SPLINE
  5
2FD
330
2F9
100
AcDbEntity
  8
0
100
AcDbSpline
210
0.0
220
0.0
230
1.0
 70
     9
 71
     3
 72
    35
 73
    31
 74
     0
 42
0.0000000001
 43
0.0000000001
 40
0.0
 40
0.0
 40
0.0
 40
0.0
 40
1.0
 40
1.0
 40
1.0
 40
2.0
 40
2.0
 40
2.0
 40
3.0
 40
3.0
 40
3.0
 40
4.0
 40
4.0
 40
4.0
 40
5.0
 40
5.0
 40
5.0
 40
6.0
 40
6.0
 40
6.0
 40
7.0
 40
7.0
 40
7.0
 40
8.0
 40
8.0
 40
8.0
 40
9.0
 40
9.0
 40
9.0
 40
10.0
 40
10.0
 40
10.0
 40
10.0
 10
1572.090090662163
 20
-125.6707850693339
 30
0.0
 10
1573.073950603557
 20
-125.7518069418812
 30
0.0
 10
1574.057810544951
 20
-125.8328288144079
 30
0.0
 10
1575.079565217906
 20
-125.6707850693339
 30
0.0
 10
1576.21278813734
 20
-125.4910631745074
 30
0.0
 10
1577.392625045714
 20
-125.0123483182525
 30
0.0
 10
1578.06903977365
 20
-124.236798140261
 30
0.0
 10
1579.11129484048
 20
-123.041790005167
 30
0.0
 10
1578.958312253855
 20
-121.142027953348
 30
0.0
 10
1578.06903977365
 20
-119.1279318289119
 30
0.0
 10
1576.683131374777
 20
-115.9890145711074
 30
0.0
 10
1573.508890812942
 20
-112.5723978621676
 30
0.0
 10
1575.557612759449
 20
-111.5723528560376
 30
0.0
 10
1575.980300191426
 20
-111.3660259524617
 30
0.0
 10
1576.625313256976
 20
-111.262565158705
 30
0.0
 10
1577.105105796027
 20
-111.0212114914491
 30
0.0
 10
1578.744416373103
 20
-110.196576701792
 30
0.0
 10
1578.454961120928
 20
-107.7621960280898
 30
0.0
 10
1578.24433037492
 20
-105.5253900411694
 30
0.0
 10
1578.074777443666
 20
-103.7248124003981
 30
0.0
 10
1577.956301859394
 20
-102.0522608180375
 30
0.0
 10
1576.869157743883
 20
-101.2216998199662
 30
0.0
 10
1576.318855897445
 20
-100.8012778682743
 30
0.0
 10
1575.520353413689
 20
-100.5965980336029
 30
0.0
 10
1574.719423130609
 20
-100.4413165419393
 30
0.0
 10
1573.797894074876
 20
-100.262653792651
 30
0.0
 10
1572.873151052069
 20
-100.1493855124652
 30
0.0
 10
1572.090090662163
 20
-100.5445499215607
 30
0.0
 10
1572.090090662163
 20
-100.5445499215607
 30
0.0
 10
1572.090090662163
 20
-125.6707850693339
 30
0.0
 10
1572.090090662163
 20
-125.6707850693339
 30
0.0
  0
SPLINE
  5
2FE
330
2F9
100
AcDbEntity
  8
0
 62
     7
370
     0
100
AcDbSpline
210
0.0
220
0.0
230
1.0
 70
    24
 71
     3
 72
     8
 73
     4
 74
     0
 42
0.0000000001
 43
0.0000000001
 40
0.0
 40
0.0
 40
0.0
 40
0.0
 40
1.0
 40
1.0
 40
1.0
 40
1.0
 10
1575.089052724539
 20
-125.6692736225255
 30
0.0
 10
1575.089052724539
 20
-125.6692736225255
 30
0.0
 10
1578.792779701794
 20
-121.9655466452705
 30
0.0
 10
1578.792779701794
 20
-121.9655466452705
 30
0.0
  0
SPLINE
  5
2FF
330
2F9
100
AcDbEntity
  8
0
 62
     7
370
     0
100
AcDbSpline
210
0.0
220
0.0
230
1.0
 70
    24
 71
     3
 72
     8
 73
     4
 74
     0
 42
0.0000000001
 43
0.0000000001
 40
0.0
 40
0.0
 40
0.0
 40
0.0
 40
1.0
 40
1.0
 40
1.0
 40
1.0
 10
1572.370576190176
 20
-125.6936733205519
 30
0.0
 10
1572.370576190176
 20
-125.6936733205519
 30
0.0
 10
1578.31944627823
 20
-119.7448032325138
 30
0.0
 10
1578.31944627823
 20
-119.7448032325138
 30
0.0
  0
SPLINE
  5
300
330
2F9
100
AcDbEntity
  8
0
 62
     7
370
     0
100
AcDbSpline
210
0.0
220
0.0
230
1.0
 70
    24
 71
     3
 72
     8
 73
     4
 74
     0
 42
0.0000000001
 43
0.0000000001
 40
0.0
 40
0.0
 40
0.0
 40
0.0
 40
1.0
 40
1.0
 40
1.0
 40
1.0
 10
1572.090090662163
 20
-123.2800820122579
 30
0.0
 10
1572.090090662163
 20
-123.2800820122579
 30
0.0
 10
1577.460803552229
 20
-117.9093691221946
 30
0.0
 10
1577.460803552229
 20
-117.9093691221946
 30
0.0
  0
SPLINE
  5
301
330
2F9
100
AcDbEntity
  8
0
 62
     7
370
     0
100
AcDbSpline
210
0.0
220
0.0
230
1.0
 70
    24
 71
     3
 72
     8
 73
     4
 74
     0
 42
0.0000000001
 43
0.0000000001
 40
0.0
 40
0.0
 40
0.0
 40
0.0
 40
1.0
 40
1.0
 40
1.0
 40
1.0
 10
1572.090090662163
 20
-120.5860051759529
 30
0.0
 10
1572.090090662163
 20
-120.5860051759529
 30
0.0
 10
1576.471092135974
 20
-116.205003702134
 30
0.0
 10
1576.471092135974
 20
-116.205003702134
 30
0.0
  0
SPLINE
  5
302
330
2F9
100
AcDbEntity
  8
0
 62
     7
370
     0
100
AcDbSpline
210
0.0
220
0.0
230
1.0
 70
    24
 71
     3
 72
     8
 73
     4
 74
     0
 42
0.0000000001
 43
0.0000000001
 40
0.0
 40
0.0
 40
0.0
 40
0.0
 40
1.0
 40
1.0
 40
1.0
 40
1.0
 10
1572.090090662171
 20
-117.8919283396068
 30
0.0
 10
1572.090090662171
 20
-117.8919283396068
 30
0.0
 10
1575.494273617931
 20
-114.4877453838468
 30
0.0
 10
1575.494273617931
 20
-114.4877453838468
 30
0.0
  0
SPLINE
  5
303
330
2F9
100
AcDbEntity
  8
0
 62
     7
370
     0
100
AcDbSpline
210
0.0
220
0.0
230
1.0
 70
    24
 71
     3
 72
     8
 73
     4
 74
     0
 42
0.0000000001
 43
0.0000000001
 40
0.0
 40
0.0
 40
0.0
 40
0.0
 40
1.0
 40
1.0
 40
1.0
 40
1.0
 10
1575.825774535233
 20
-111.4621676302216
 30
0.0
 10
1575.825774535233
 20
-111.4621676302216
 30
0.0
 10
1578.352728309084
 20
-108.9352138563602
 30
0.0
 10
1578.352728309084
 20
-108.9352138563602
 30
0.0
  0
SPLINE
  5
304
330
2F9
100
AcDbEntity
  8
0
 62
     7
370
     0
100
AcDbSpline
210
0.0
220
0.0
230
1.0
 70
    24
 71
     3
 72
     8
 73
     4
 74
     0
 42
0.0000000001
 43
0.0000000001
 40
0.0
 40
0.0
 40
0.0
 40
0.0
 40
1.0
 40
1.0
 40
1.0
 40
1.0
 10
1572.090090662155
 20
-115.1978515032812
 30
0.0
 10
1572.090090662155
 20
-115.1978515032812
 30
0.0
 10
1574.908485024276
 20
-112.3794571411783
 30
0.0
 10
1574.908485024276
 20
-112.3794571411783
 30
0.0
  0
SPLINE
  5
305
330
2F9
100
AcDbEntity
  8
0
 62
     7
370
     0
100
AcDbSpline
210
0.0
220
0.0
230
1.0
 70
    24
 71
     3
 72
     8
 73
     4
 74
     0
 42
0.0000000001
 43
0.0000000001
 40
0.0
 40
0.0
 40
0.0
 40
0.0
 40
1.0
 40
1.0
 40
1.0
 40
1.0
 10
1572.090090662171
 20
-112.5037746669556
 30
0.0
 10
1572.090090662171
 20
-112.5037746669556
 30
0.0
 10
1578.314981311903
 20
-106.2788840172176
 30
0.0
 10
1578.314981311903
 20
-106.2788840172176
 30
0.0
  0
SPLINE
  5
306
330
2F9
100
AcDbEntity
  8
0
 62
     7
370
     0
100
AcDbSpline
210
0.0
220
0.0
230
1.0
 70
    24
 71
     3
 72
     8
 73
     4
 74
     0
 42
0.0000000001
 43
0.0000000001
 40
0.0
 40
0.0
 40
0.0
 40
0.0
 40
1.0
 40
1.0
 40
1.0
 40
1.0
 10
1572.090090662179
 20
-109.8096978306301
 30
0.0
 10
1572.090090662179
 20
-109.8096978306301
 30
0.0
 10
1578.060801615234
 20
-103.8389868775769
 30
0.0
 10
1578.060801615234
 20
-103.8389868775769
 30
0.0
  0
SPLINE
  5
307
330
2F9
100
AcDbEntity
  8
0
 62
     7
370
     0
100
AcDbSpline
210
0.0
220
0.0
230
1.0
 70
    24
 71
     3
 72
     8
 73
     4
 74
     0
 42
0.0000000001
 43
0.0000000001
 40
0.0
 40
0.0
 40
0.0
 40
0.0
 40
1.0
 40
1.0
 40
1.0
 40
1.0
 10
1572.090090662171
 20
-107.115620994325
 30
0.0
 10
1572.090090662171
 20
-107.115620994325
 30
0.0
 10
1577.404257060889
 20
-101.8014545956068
 30
0.0
 10
1577.404257060889
 20
-101.8014545956068
 30
0.0
  0
SPLINE
  5
308
330
2F9
100
AcDbEntity
  8
0
 62
     7
370
     0
100
AcDbSpline
210
0.0
220
0.0
230
1.0
 70
    24
 71
     3
 72
     8
 73
     4
 74
     0
 42
0.0000000001
 43
0.0000000001
 40
0.0
 40
0.0
 40
0.0
 40
0.0
 40
1.0
 40
1.0
 40
1.0
 40
1.0
 10
1572.090090662163
 20
-104.4215441579994
 30
0.0
 10
1572.090090662163
 20
-104.4215441579994
 30
0.0
 10
1575.806259032792
 20
-100.705375787383
 30
0.0
 10
1575.806259032792
 20
-100.705375787383
 30
0.0
  0
SPLINE
  5
309
330
2F9
100
AcDbEntity
  8
0
 62
     7
370
     0
100
AcDbSpline
210
0.0
220
0.0
230
1.0
 70
    24
 71
     3
 72
     8
 73
     4
 74
     0
 42
0.0000000001
 43
0.0000000001
 40
0.0
 40
0.0
 40
0.0
 40
0.0
 40
1.0
 40
1.0
 40
1.0
 40
1.0
 10
1572.090090662171
 20
-101.7274673216739
 30
0.0
 10
1572.090090662171
 20
-101.7274673216739
 30
0.0
 10
1573.535438262686
 20
-100.2821197211635
 30
0.0
 10
1573.535438262686
 20
-100.2821197211635
 30
0.0
  0
ENDBLK
  5
2FC
330
2F9
100
AcDbEntity
  8
0
100
AcDbBlockEnd
  0
BLOCK
  5
30D
330
30B
100
AcDbEntity
  8
0
100
AcDbBlockBegin
  2
Block_7
 70
     0
 10
0.0
 20
0.0
 30
0.0
  3
Block_7
  1

  0
LINE
  5
30F
330
30B
100
AcDbEntity
  8
0
 62
     7
370
     0
100
AcDbLine
 10
1594.989791730688
 20
-127.6499932067373
 30
0.0
 11
1594.989791730688
 21
-215.076148060819
 31
0.0
  0
LINE
  5
310
330
30B
100
AcDbEntity
  8
0
 62
     7
370
     0
100
AcDbLine
 10
1819.989791730691
 20
-127.6499932066963
 30
0.0
 11
1819.989791730691
 21
-215.076148060819
 31
0.0
  0
LINE
  5
311
330
30B
100
AcDbEntity
  8
0
 62
     7
370
     0
100
AcDbLine
 10
1594.989791730688
 20
-213.8261480608188
 30
0.0
 11
1819.989791730691
 21
-213.8261480608188
 31
0.0
  0
MTEXT
  5
312
330
30B
100
AcDbEntity
  8
0
100
AcDbMText
 10
1678.541987698854
 20
-198.3998192185207
 30
0.0
 40
0.2
 41
0.0
 46
0.0
 71
     7
 72
     1
  1
\C7;\FArial|b0|i0|c1;\H25.000000;\W1.000000;225
 73
     1
 44
1.0
  0
ENDBLK
  5
30E
330
30B
100
AcDbEntity
  8
0
100
AcDbBlockEnd
  0
ENDSEC
  0
SECTION
  2
ENTITIES
  0
SPLINE
  5
78
330
70
100
AcDbEntity
  8
0
 62
     7
370
     0
100
AcDbSpline
210
0.0
220
0.0
230
1.0
 70
     8
 71
     3
 72
    11
 73
     7
 74
     0
 42
0.0000000001
 43
0.0000000001
 40
0.0
 40
0.0
 40
0.0
 40
0.0
 40
1.0
 40
1.0
 40
1.0
 40
2.0
 40
2.0
 40
2.0
 40
2.0
 10
-779.0248522027035
 20
-47.23577444310937
 30
0.0
 10
-781.7803451770759
 20
-42.9668144240705
 30
0.0
 10
-787.4747894473736
 20
-41.73990696965737
 30
0.0
 10
-791.7437494664132
 20
-44.49539994402906
 30
0.0
 10
-792.8378024144389
 20
-45.20158018428275
 30
0.0
 10
-793.7694817300652
 20
-46.13196545558142
 30
0.0
 10
-794.4771819146548
 20
-47.22503582547517
 30
0.0
  0
SPLINE
  5
79
330
70
100
AcDbEntity
  8
0
 62
     7
370
     0
100
AcDbSpline
210
0.0
220
0.0
230
1.0
 70
     8
 71
     3
 72
    11
 73
     7
 74
     0
 42
0.0000000001
 43
0.0000000001
 40
0.0
 40
0.0
 40
0.0
 40
0.0
 40
1.0
 40
1.0
 40
1.0
 40
2.0
 40
2.0
 40
2.0
 40
2.0
 10
-794.4771819146548
 20
-57.22503582537285
 30
0.0
 10
-791.7157581655292
 20
-61.49016185560165
 30
0.0
 10
-786.0196141143784
 20
-62.70915340510587
 30
0.0
 10
-781.7544880841496
 20
-59.94772965597997
 30
0.0
 10
-780.6650358307538
 20
-59.24237199368757
 30
0.0
 10
-779.7371519158349
 20
-58.31448807876903
 30
0.0
 10
-779.0317942535422
 20
-57.22503582537285
 30
0.0
  0
SPLINE
  5
7A
330
70
100
AcDbEntity
  8
0
 62
     7
370
     0
100
AcDbSpline
210
0.0
220
0.0
230
1.0
 70
     8
 71
     3
 72
    11
 73
     7
 74
     0
 42
0.0000000001
 43
0.0000000001
 40
0.0
 40
0.0
 40
0.0
 40
0.0
 40
1.0
 40
1.0
 40
1.0
 40
2.0
 40
2.0
 40
2.0
 40
2.0
 10
-800.365145672935
 20
-57.22503582536836
 30
0.0
 10
-797.6037219238119
 20
-64.74199444685168
 30
0.0
 10
-789.2714467056374
 20
-68.59711716338381
 30
0.0
 10
-781.754488084154
 20
-65.83569341426048
 30
0.0
 10
-777.759722010994
 20
-64.3681794286058
 30
0.0
 10
-774.6113444809167
 20
-61.21980189852817
 30
0.0
 10
-773.143830495262
 20
-57.22503582536836
 30
0.0
  0
SPLINE
  5
7B
330
70
100
AcDbEntity
  8
0
 62
     7
370
     0
100
AcDbSpline
210
0.0
220
0.0
230
1.0
 70
     8
 71
     3
 72
    11
 73
     7
 74
     0
 42
0.0000000001
 43
0.0000000001
 40
0.0
 40
0.0
 40
0.0
 40
0.0
 40
1.0
 40
1.0
 40
1.0
 40
2.0
 40
2.0
 40
2.0
 40
2.0
 10
-797.3875732431625
 20
-57.22503582543318
 30
0.0
 10
-794.6261494940034
 20
-63.09752660243674
 30
0.0
 10
-787.6269788610922
 20
-65.61954473364692
 30
0.0
 10
-781.7544880840893
 20
-62.85812098448829
 30
0.0
 10
-779.2781305167033
 20
-61.69366234884948
 30
0.0
 10
-777.2858615606731
 20
-59.70139339281927
 30
0.0
 10
-776.1214029250345
 20
-57.22503582543318
 30
0.0
  0
SPLINE
  5
7C
330
70
100
AcDbEntity
  8
0
 62
     7
370
     0
100
AcDbSpline
210
0.0
220
0.0
230
1.0
 70
     8
 71
     3
 72
    11
 73
     7
 74
     0
 42
0.0000000001
 43
0.0000000001
 40
0.0
 40
0.0
 40
0.0
 40
0.0
 40
1.0
 40
1.0
 40
1.0
 40
2.0
 40
2.0
 40
2.0
 40
2.0
 10
-776.1396517349298
 20
-47.18641009211448
 30
0.0
 10
-778.922407887542
 20
-41.32399785451859
 30
0.0
 10
-785.9307015798127
 20
-38.82744332364361
 30
0.0
 10
-791.7931138174081
 20
-41.61019947625542
 30
0.0
 10
-794.2519668408079
 20
-42.77736208815026
 30
0.0
 10
-796.2293580137788
 20
-44.76195559210704
 30
0.0
 10
-797.3875732431625
 20
-47.22503582541484
 30
0.0
  0
LINE
  5
7D
330
70
100
AcDbEntity
  8
0
 62
     7
370
     0
100
AcDbLine
 10
-793.316690458288
 20
-48.07877786225066
 30
0.0
 11
-793.316690458288
 21
-56.37129378857682
 31
0.0
  0
LINE
  5
7E
330
70
100
AcDbEntity
  8
0
 62
     7
370
     0
100
AcDbLine
 10
-780.1922857098808
 20
-48.07877786225066
 30
0.0
 11
-780.1922857098808
 21
-56.37129378857682
 31
0.0
  0
CIRCLE
  5
7F
330
70
100
AcDbEntity
  8
0
 62
     7
370
     0
100
AcDbCircle
 10
-786.7544880840985
 20
-52.22503582542401
 30
0.0
 40
4.499999999999838
  0
SPLINE
  5
80
330
70
100
AcDbEntity
  8
0
 62
     7
370
     0
100
AcDbSpline
210
0.0
220
0.0
230
1.0
 70
     8
 71
     3
 72
    11
 73
     7
 74
     0
 42
0.0000000001
 43
0.0000000001
 40
0.0
 40
0.0
 40
0.0
 40
0.0
 40
1.0
 40
1.0
 40
1.0
 40
2.0
 40
2.0
 40
2.0
 40
2.0
 10
-773.143830495262
 20
-47.22503582547966
 30
0.0
 10
-775.9052542443851
 20
-39.70807720399635
 30
0.0
 10
-784.2375294625595
 20
-35.85295448746421
 30
0.0
 10
-791.7544880840428
 20
-38.61437823658754
 30
0.0
 10
-795.7492541572031
 20
-40.08189222224223
 30
0.0
 10
-798.8976316872802
 20
-43.23026975231985
 30
0.0
 10
-800.365145672935
 20
-47.22503582547966
 30
0.0
  0
SPLINE
  5
81
330
70
100
AcDbEntity
  8
0
 62
     7
370
     0
100
AcDbSpline
210
0.0
220
0.0
230
1.0
 70
     9
 71
     3
 72
    59
 73
    55
 74
     0
 42
0.0000000001
 43
0.0000000001
 40
0.0
 40
0.0
 40
0.0
 40
0.0
 40
1.0
 40
1.0
 40
1.0
 40
2.0
 40
2.0
 40
2.0
 40
3.0
 40
3.0
 40
3.0
 40
4.0
 40
4.0
 40
4.0
 40
5.0
 40
5.0
 40
5.0
 40
6.0
 40
6.0
 40
6.0
 40
7.0
 40
7.0
 40
7.0
 40
8.0
 40
8.0
 40
8.0
 40
9.0
 40
9.0
 40
9.0
 40
10.0
 40
10.0
 40
10.0
 40
11.0
 40
11.0
 40
11.0
 40
12.0
 40
12.0
 40
12.0
 40
13.0
 40
13.0
 40
13.0
 40
14.0
 40
14.0
 40
14.0
 40
15.0
 40
15.0
 40
15.0
 40
16.0
 40
16.0
 40
16.0
 40
17.0
 40
17.0
 40
17.0
 40
18.0
 40
18.0
 40
18.0
 40
18.0
 10
-768.0044880840986
 20
-49.22503582543417
 30
0.0
 10
-768.0044880840909
 20
-48.67275107560836
 30
0.0
 10
-768.4522033342495
 20
-48.22503582543671
 30
0.0
 10
-769.0044880840749
 20
-48.22503582542836
 30
0.0
 10
-769.0044880840749
 20
-48.22503582542836
 30
0.0
 10
-779.2669985181246
 20
-48.22503582543157
 30
0.0
 10
-779.2669985181246
 20
-48.22503582543157
 30
0.0
 10
-780.0976745707125
 20
-48.22503582544569
 30
0.0
 10
-780.8911679161653
 20
-47.88061419386528
 30
0.0
 10
-781.4584588788984
 20
-47.27381631322924
 30
0.0
 10
-784.1929419085298
 20
-44.34890014853877
 30
0.0
 10
-788.7807914315624
 20
-44.1945235905688
 30
0.0
 10
-791.7057075962422
 20
-46.92900662020148
 30
0.0
 10
-791.8244780511745
 20
-47.04004426201698
 30
0.0
 10
-791.939479647485
 20
-47.15504585832905
 30
0.0
 10
-792.0505172892996
 20
-47.27381631326197
 30
0.0
 10
-792.6178082520205
 20
-47.88061419388068
 30
0.0
 10
-793.411301597452
 20
-48.22503582544569
 30
0.0
 10
-794.2419776500149
 20
-48.22503582543157
 30
0.0
 10
-794.2419776500149
 20
-48.22503582543157
 30
0.0
 10
-804.5044880840981
 20
-48.22503582543157
 30
0.0
 10
-804.5044880840981
 20
-48.22503582543157
 30
0.0
 10
-805.0567728339299
 20
-48.22503582543414
 30
0.0
 10
-805.5044880840926
 20
-48.6727510755968
 30
0.0
 10
-805.5044880840926
 20
-49.22503582541942
 30
0.0
 10
-805.5044880840926
 20
-49.22503582541942
 30
0.0
 10
-805.504488084099
 20
-55.22503582544016
 30
0.0
 10
-805.504488084099
 20
-55.22503582544016
 30
0.0
 10
-805.5044880841061
 20
-55.7773205752602
 30
0.0
 10
-805.0567728339474
 20
-56.22503582543185
 30
0.0
 10
-804.5044880841221
 20
-56.2250358254402
 30
0.0
 10
-804.5044880841221
 20
-56.2250358254402
 30
0.0
 10
-794.2419776500143
 20
-56.22503582543699
 30
0.0
 10
-794.2419776500143
 20
-56.22503582543699
 30
0.0
 10
-793.411301597452
 20
-56.22503582542351
 30
0.0
 10
-792.6178082520205
 20
-56.56945745698788
 30
0.0
 10
-792.0505172893005
 20
-57.17625533760209
 30
0.0
 10
-789.3160342596902
 20
-60.10117150228808
 30
0.0
 10
-784.7281847366596
 20
-60.25554806029526
 30
0.0
 10
-781.8032685719573
 20
-57.52106503068633
 30
0.0
 10
-781.684498117024
 20
-57.41002738887211
 30
0.0
 10
-781.5694965207126
 20
-57.29502579256132
 30
0.0
 10
-781.4584588788972
 20
-57.17625533762904
 30
0.0
 10
-780.8911679161255
 20
-56.56945745699943
 30
0.0
 10
-780.0976745706759
 20
-56.22503582542993
 30
0.0
 10
-779.2669985180919
 20
-56.22503582542993
 30
0.0
 10
-779.2669985180919
 20
-56.22503582542993
 30
0.0
 10
-769.004488084098
 20
-56.22503582543699
 30
0.0
 10
-769.004488084098
 20
-56.22503582543699
 30
0.0
 10
-768.4522033342671
 20
-56.22503582543441
 30
0.0
 10
-768.0044880841044
 20
-55.77732057527176
 30
0.0
 10
-768.0044880841044
 20
-55.22503582544914
 30
0.0
 10
-768.0044880841044
 20
-55.22503582544914
 30
0.0
 10
-768.0044880840981
 20
-49.2250358254284
 30
0.0
 10
-768.0044880840986
 20
-49.22503582543417
 30
0.0
  0
SPLINE
  5
82
330
70
100
AcDbEntity
  8
0
 62
     7
370
     0
100
AcDbSpline
210
0.0
220
0.0
230
1.0
 70
     8
 71
     3
 72
    32
 73
    28
 74
     0
 42
0.0000000001
 43
0.0000000001
 40
0.0
 40
0.0
 40
0.0
 40
0.0
 40
1.0
 40
1.0
 40
1.0
 40
2.0
 40
2.0
 40
2.0
 40
3.0
 40
3.0
 40
3.0
 40
4.0
 40
4.0
 40
4.0
 40
5.0
 40
5.0
 40
5.0
 40
6.0
 40
6.0
 40
6.0
 40
7.0
 40
7.0
 40
7.0
 40
8.0
 40
8.0
 40
8.0
 40
9.0
 40
9.0
 40
9.0
 40
9.0
 10
-767.0044880840983
 20
-55.22503582542796
 30
0.0
 10
-767.0044880841095
 20
-56.32960532508475
 30
0.0
 10
-767.899918584447
 20
-57.22503582541328
 30
0.0
 10
-769.0044880841038
 20
-57.22503582541328
 30
0.0
 10
-769.0044880841038
 20
-57.22503582541328
 30
0.0
 10
-779.2669985181246
 20
-57.22503582542483
 30
0.0
 10
-779.2669985181246
 20
-57.22503582542483
 30
0.0
 10
-779.8207825531766
 20
-57.22503582541328
 30
0.0
 10
-780.3497781168108
 20
-57.45465024644935
 30
0.0
 10
-780.7279720919764
 20
-57.8591821668554
 30
0.0
 10
-780.8543252705888
 20
-57.99433475350898
 30
0.0
 10
-780.9851891560446
 20
-58.12519863896554
 30
0.0
 10
-781.1203417426908
 20
-58.25155181758204
 30
0.0
 10
-784.4486946197258
 20
-61.36320492025145
 30
0.0
 10
-789.6693509734959
 20
-61.1875350439397
 30
0.0
 10
-792.7810040761654
 20
-57.85918216690481
 30
0.0
 10
-793.1591980513267
 20
-57.45465024649554
 30
0.0
 10
-793.6881936149575
 20
-57.22503582544344
 30
0.0
 10
-794.2419776500139
 20
-57.22503582543702
 30
0.0
 10
-794.2419776500139
 20
-57.22503582543702
 30
0.0
 10
-804.5044880840981
 20
-57.22503582542483
 30
0.0
 10
-804.5044880840981
 20
-57.22503582542483
 30
0.0
 10
-805.6090575837602
 20
-57.22503582541969
 30
0.0
 10
-806.5044880840996
 20
-56.32960532508475
 30
0.0
 10
-806.5044880841076
 20
-55.22503582542284
 30
0.0
 10
-806.5044880841076
 20
-55.22503582542284
 30
0.0
 10
-806.5044880840984
 20
-49.2250358254284
 30
0.0
 10
-806.5044880840984
 20
-49.2250358254284
 30
0.0
  0
SPLINE
  5
83
330
70
100
AcDbEntity
  8
0
 62
     7
370
     0
100
AcDbSpline
210
0.0
220
0.0
230
1.0
 70
     8
 71
     3
 72
    32
 73
    28
 74
     0
 42
0.0000000001
 43
0.0000000001
 40
0.0
 40
0.0
 40
0.0
 40
0.0
 40
1.0
 40
1.0
 40
1.0
 40
2.0
 40
2.0
 40
2.0
 40
3.0
 40
3.0
 40
3.0
 40
4.0
 40
4.0
 40
4.0
 40
5.0
 40
5.0
 40
5.0
 40
6.0
 40
6.0
 40
6.0
 40
7.0
 40
7.0
 40
7.0
 40
8.0
 40
8.0
 40
8.0
 40
9.0
 40
9.0
 40
9.0
 40
9.0
 10
-806.5044880840988
 20
-49.22503582542006
 30
0.0
 10
-806.5044880840874
 20
-48.12046632576328
 30
0.0
 10
-805.6090575837499
 20
-47.22503582543474
 30
0.0
 10
-804.5044880840931
 20
-47.22503582543474
 30
0.0
 10
-804.5044880840931
 20
-47.22503582543474
 30
0.0
 10
-794.2419776500143
 20
-47.22503582542318
 30
0.0
 10
-794.2419776500143
 20
-47.22503582542318
 30
0.0
 10
-793.6881936149799
 20
-47.22503582542961
 30
0.0
 10
-793.1591980513469
 20
-46.99542140438327
 30
0.0
 10
-792.7810040761815
 20
-46.59088948397209
 30
0.0
 10
-792.6546508975492
 20
-46.45573689731722
 30
0.0
 10
-792.5237870120923
 20
-46.3248730118613
 30
0.0
 10
-792.3886344254455
 20
-46.19851983324545
 30
0.0
 10
-789.0602815483878
 20
-43.08686673059978
 30
0.0
 10
-783.8396251946185
 20
-43.26253660694876
 30
0.0
 10
-780.7279720919725
 20
-46.59088948400675
 30
0.0
 10
-780.3497781168089
 20
-46.99542140441536
 30
0.0
 10
-779.8207825531757
 20
-47.22503582545143
 30
0.0
 10
-779.2669985181246
 20
-47.22503582543538
 30
0.0
 10
-779.2669985181246
 20
-47.22503582543538
 30
0.0
 10
-769.004488084098
 20
-47.22503582542318
 30
0.0
 10
-769.004488084098
 20
-47.22503582542318
 30
0.0
 10
-767.8999185844368
 20
-47.22503582542833
 30
0.0
 10
-767.0044880840974
 20
-48.12046632576328
 30
0.0
 10
-767.0044880840893
 20
-49.22503582542518
 30
0.0
 10
-767.0044880840893
 20
-49.22503582542518
 30
0.0
 10
-767.0044880840986
 20
-55.22503582544016
 30
0.0
 10
-767.0044880840986
 20
-55.22503582544016
 30
0.0
  0
SPLINE
  5
84
330
70
100
AcDbEntity
  8
0
 62
     7
370
     0
100
AcDbSpline
210
0.0
220
0.0
230
1.0
 70
     8
 71
     3
 72
    11
 73
     7
 74
     0
 42
0.0000000001
 43
0.0000000001
 40
0.0
 40
0.0
 40
0.0
 40
0.0
 40
1.0
 40
1.0
 40
1.0
 40
2.0
 40
2.0
 40
2.0
 40
2.0
 10
-794.4771819146548
 20
342.7749641746105
 30
0.0
 10
-791.7157581655292
 20
338.509838144382
 30
0.0
 10
-786.0196141143784
 20
337.2908465948774
 30
0.0
 10
-781.7544880841496
 20
340.052270344003
 30
0.0
 10
-780.6614177142559
 20
340.7599705285926
 30
0.0
 10
-779.7310324429568
 20
341.6916498442189
 30
0.0
 10
-779.0248522027035
 20
342.785702792245
 30
0.0
  0
SPLINE
  5
85
330
70
100
AcDbEntity
  8
0
 62
     7
370
     0
100
AcDbSpline
210
0.0
220
0.0
230
1.0
 70
     8
 71
     3
 72
    11
 73
     7
 74
     0
 42
0.0000000001
 43
0.0000000001
 40
0.0
 40
0.0
 40
0.0
 40
0.0
 40
1.0
 40
1.0
 40
1.0
 40
2.0
 40
2.0
 40
2.0
 40
2.0
 10
-779.0317942535422
 20
352.7749641745082
 30
0.0
 10
-781.7932180026677
 20
357.0400902047366
 30
0.0
 10
-787.4893620538186
 20
358.2590817542412
 30
0.0
 10
-791.7544880840473
 20
355.4976580051156
 30
0.0
 10
-792.8439403374432
 20
354.7923003428229
 30
0.0
 10
-793.7718242523621
 20
353.864416427904
 30
0.0
 10
-794.4771819146548
 20
352.7749641745082
 30
0.0
  0
SPLINE
  5
86
330
70
100
AcDbEntity
  8
0
 62
     7
370
     0
100
AcDbSpline
210
0.0
220
0.0
230
1.0
 70
     8
 71
     3
 72
    11
 73
     7
 74
     0
 42
0.0000000001
 43
0.0000000001
 40
0.0
 40
0.0
 40
0.0
 40
0.0
 40
1.0
 40
1.0
 40
1.0
 40
2.0
 40
2.0
 40
2.0
 40
2.0
 10
-773.143830495262
 20
352.7749641745037
 30
0.0
 10
-775.9052542443851
 20
360.291922795987
 30
0.0
 10
-784.2375294625595
 20
364.1470455125191
 30
0.0
 10
-791.7544880840428
 20
361.3856217633958
 30
0.0
 10
-795.7492541572031
 20
359.9181077777411
 30
0.0
 10
-798.8976316872802
 20
356.7697302476638
 30
0.0
 10
-800.365145672935
 20
352.7749641745037
 30
0.0
  0
SPLINE
  5
87
330
70
100
AcDbEntity
  8
0
 62
     7
370
     0
100
AcDbSpline
210
0.0
220
0.0
230
1.0
 70
     8
 71
     3
 72
    11
 73
     7
 74
     0
 42
0.0000000001
 43
0.0000000001
 40
0.0
 40
0.0
 40
0.0
 40
0.0
 40
1.0
 40
1.0
 40
1.0
 40
2.0
 40
2.0
 40
2.0
 40
2.0
 10
-776.1214029250345
 20
352.7749641745685
 30
0.0
 10
-778.8828266741935
 20
358.6474549515717
 30
0.0
 10
-785.8819973071047
 20
361.1694730827825
 30
0.0
 10
-791.7544880841077
 20
358.4080493336232
 30
0.0
 10
-794.2308456514937
 20
357.2435906979848
 30
0.0
 10
-796.2231146075239
 20
355.2513217419545
 30
0.0
 10
-797.3875732431625
 20
352.7749641745685
 30
0.0
  0
SPLINE
  5
88
330
70
100
AcDbEntity
  8
0
 62
     7
370
     0
100
AcDbSpline
210
0.0
220
0.0
230
1.0
 70
     8
 71
     3
 72
    11
 73
     7
 74
     0
 42
0.0000000001
 43
0.0000000001
 40
0.0
 40
0.0
 40
0.0
 40
0.0
 40
1.0
 40
1.0
 40
1.0
 40
2.0
 40
2.0
 40
2.0
 40
2.0
 10
-797.3875732431625
 20
342.7749641745501
 30
0.0
 10
-794.6261494940034
 20
336.9024733975469
 30
0.0
 10
-787.6269788610922
 20
334.3804552663361
 30
0.0
 10
-781.7544880840893
 20
337.1418790154954
 30
0.0
 10
-779.2914078507815
 20
338.3000942448791
 30
0.0
 10
-777.3068143468248
 20
340.2774854178495
 30
0.0
 10
-776.1396517349298
 20
342.7363384412495
 30
0.0
  0
LINE
  5
89
330
70
100
AcDbEntity
  8
0
 62
     7
370
     0
100
AcDbLine
 10
-793.316690458288
 20
343.628706211386
 30
0.0
 11
-793.316690458288
 21
351.9212221377121
 31
0.0
  0
LINE
  5
8A
330
70
100
AcDbEntity
  8
0
 62
     7
370
     0
100
AcDbLine
 10
-780.1922857098808
 20
343.628706211386
 30
0.0
 11
-780.1922857098808
 21
351.9212221377121
 31
0.0
  0
CIRCLE
  5
8B
330
70
100
AcDbEntity
  8
0
 62
     7
370
     0
100
AcDbCircle
 10
-786.7544880840985
 20
347.7749641745593
 30
0.0
 40
4.499999999999838
  0
SPLINE
  5
8C
330
70
100
AcDbEntity
  8
0
 62
     7
370
     0
100
AcDbSpline
210
0.0
220
0.0
230
1.0
 70
     8
 71
     3
 72
    11
 73
     7
 74
     0
 42
0.0000000001
 43
0.0000000001
 40
0.0
 40
0.0
 40
0.0
 40
0.0
 40
1.0
 40
1.0
 40
1.0
 40
2.0
 40
2.0
 40
2.0
 40
2.0
 10
-800.365145672935
 20
342.774964174615
 30
0.0
 10
-797.6037219238119
 20
335.2580055531316
 30
0.0
 10
-789.2714467056374
 20
331.4028828365995
 30
0.0
 10
-781.754488084154
 20
334.1643065857225
 30
0.0
 10
-777.759722010994
 20
335.6318205713776
 30
0.0
 10
-774.6113444809167
 20
338.7801981014548
 30
0.0
 10
-773.143830495262
 20
342.774964174615
 30
0.0
  0
SPLINE
  5
8D
330
70
100
AcDbEntity
  8
0
 62
     7
370
     0
100
AcDbSpline
210
0.0
220
0.0
230
1.0
 70
     9
 71
     3
 72
    59
 73
    55
 74
     0
 42
0.0000000001
 43
0.0000000001
 40
0.0
 40
0.0
 40
0.0
 40
0.0
 40
1.0
 40
1.0
 40
1.0
 40
2.0
 40
2.0
 40
2.0
 40
3.0
 40
3.0
 40
3.0
 40
4.0
 40
4.0
 40
4.0
 40
5.0
 40
5.0
 40
5.0
 40
6.0
 40
6.0
 40
6.0
 40
7.0
 40
7.0
 40
7.0
 40
8.0
 40
8.0
 40
8.0
 40
9.0
 40
9.0
 40
9.0
 40
10.0
 40
10.0
 40
10.0
 40
11.0
 40
11.0
 40
11.0
 40
12.0
 40
12.0
 40
12.0
 40
13.0
 40
13.0
 40
13.0
 40
14.0
 40
14.0
 40
14.0
 40
15.0
 40
15.0
 40
15.0
 40
16.0
 40
16.0
 40
16.0
 40
17.0
 40
17.0
 40
17.0
 40
18.0
 40
18.0
 40
18.0
 40
18.0
 10
-768.0044880840986
 20
344.7749641745547
 30
0.0
 10
-768.0044880840986
 20
344.2226794247289
 30
0.0
 10
-768.4522033342639
 20
343.7749641745636
 30
0.0
 10
-769.0044880840896
 20
343.7749641745636
 30
0.0
 10
-769.0044880840896
 20
343.7749641745636
 30
0.0
 10
-779.2669985181246
 20
343.7749641745669
 30
0.0
 10
-779.2669985181246
 20
343.7749641745669
 30
0.0
 10
-780.0976745707453
 20
343.7749641745717
 30
0.0
 10
-780.8911679161945
 20
343.430542542983
 30
0.0
 10
-781.4584588789208
 20
342.8237446623408
 30
0.0
 10
-781.5694965207122
 20
342.7049742074217
 30
0.0
 10
-781.6844981170237
 20
342.5899726111112
 30
0.0
 10
-781.803268571957
 20
342.4789349692967
 30
0.0
 10
-784.7281847366594
 20
339.7444519396874
 30
0.0
 10
-789.3160342596902
 20
339.8988284976949
 30
0.0
 10
-792.0505172892996
 20
342.8237446623973
 30
0.0
 10
-792.6178082520205
 20
343.430542543016
 30
0.0
 10
-793.4113015974517
 20
343.774964174581
 30
0.0
 10
-794.2419776500146
 20
343.7749641745669
 30
0.0
 10
-794.2419776500146
 20
343.7749641745669
 30
0.0
 10
-804.5044880840981
 20
343.7749641745669
 30
0.0
 10
-804.5044880840981
 20
343.7749641745669
 30
0.0
 10
-805.0567728339446
 20
343.7749641745771
 30
0.0
 10
-805.5044880841009
 20
344.2226794247466
 30
0.0
 10
-805.5044880840926
 20
344.7749641745692
 30
0.0
 10
-805.5044880840926
 20
344.7749641745692
 30
0.0
 10
-805.504488084099
 20
350.7749641745751
 30
0.0
 10
-805.504488084099
 20
350.7749641745751
 30
0.0
 10
-805.5044880840984
 20
351.3272489244102
 30
0.0
 10
-805.0567728339331
 20
351.7749641745755
 30
0.0
 10
-804.5044880841071
 20
351.7749641745755
 30
0.0
 10
-804.5044880841071
 20
351.7749641745755
 30
0.0
 10
-794.2419776500143
 20
351.7749641745723
 30
0.0
 10
-794.2419776500143
 20
351.7749641745723
 30
0.0
 10
-793.411301597452
 20
351.7749641745585
 30
0.0
 10
-792.6178082520205
 20
352.1193858061232
 30
0.0
 10
-792.0505172893005
 20
352.7261836867371
 30
0.0
 10
-791.9394796474843
 20
352.8449541416748
 30
0.0
 10
-791.8244780511738
 20
352.9599557379863
 30
0.0
 10
-791.7057075962416
 20
353.0709933798017
 30
0.0
 10
-788.7807914315617
 20
355.8054764094344
 30
0.0
 10
-784.1929419085298
 20
355.6510998514645
 30
0.0
 10
-781.4584588788972
 20
352.7261836867848
 30
0.0
 10
-780.8911679161547
 20
352.119385806152
 30
0.0
 10
-780.0976745707087
 20
351.7749641745745
 30
0.0
 10
-779.2669985181246
 20
351.7749641745652
 30
0.0
 10
-779.2669985181246
 20
351.7749641745652
 30
0.0
 10
-769.004488084098
 20
351.7749641745723
 30
0.0
 10
-769.004488084098
 20
351.7749641745723
 30
0.0
 10
-768.4522033342523
 20
351.774964174562
 30
0.0
 10
-768.0044880840961
 20
351.3272489243926
 30
0.0
 10
-768.0044880841044
 20
350.77496417457
 30
0.0
 10
-768.0044880841044
 20
350.77496417457
 30
0.0
 10
-768.0044880840981
 20
344.774964174564
 30
0.0
 10
-768.0044880840986
 20
344.7749641745547
 30
0.0
  0
SPLINE
  5
8E
330
70
100
AcDbEntity
  8
0
 62
     7
370
     0
100
AcDbSpline
210
0.0
220
0.0
230
1.0
 70
     8
 71
     3
 72
    32
 73
    28
 74
     0
 42
0.0000000001
 43
0.0000000001
 40
0.0
 40
0.0
 40
0.0
 40
0.0
 40
1.0
 40
1.0
 40
1.0
 40
2.0
 40
2.0
 40
2.0
 40
3.0
 40
3.0
 40
3.0
 40
4.0
 40
4.0
 40
4.0
 40
5.0
 40
5.0
 40
5.0
 40
6.0
 40
6.0
 40
6.0
 40
7.0
 40
7.0
 40
7.0
 40
8.0
 40
8.0
 40
8.0
 40
9.0
 40
9.0
 40
9.0
 40
9.0
 10
-767.0044880840983
 20
350.7749641745783
 30
0.0
 10
-767.0044880841063
 20
351.8795336742351
 30
0.0
 10
-767.8999185844416
 20
352.7749641745662
 30
0.0
 10
-769.0044880840984
 20
352.7749641745694
 30
0.0
 10
-769.0044880840984
 20
352.7749641745694
 30
0.0
 10
-779.2669985181246
 20
352.7749641745601
 30
0.0
 10
-779.2669985181246
 20
352.7749641745601
 30
0.0
 10
-779.8207825531766
 20
352.7749641745489
 30
0.0
 10
-780.3497781168108
 20
353.004578595585
 30
0.0
 10
-780.7279720919764
 20
353.4091105159907
 30
0.0
 10
-783.8396251946188
 20
356.7374633930541
 30
0.0
 10
-789.0602815483878
 20
356.9131332694035
 30
0.0
 10
-792.3886344254452
 20
353.8014801667578
 30
0.0
 10
-792.523787012092
 20
353.6751269881422
 30
0.0
 10
-792.6546508975489
 20
353.5442631026863
 30
0.0
 10
-792.7810040761654
 20
353.4091105160401
 30
0.0
 10
-793.1591980513464
 20
353.004578595619
 30
0.0
 10
-793.6881936149793
 20
352.7749641745723
 30
0.0
 10
-794.2419776500358
 20
352.7749641745723
 30
0.0
 10
-794.2419776500358
 20
352.7749641745723
 30
0.0
 10
-804.5044880840981
 20
352.7749641745601
 30
0.0
 10
-804.5044880840981
 20
352.7749641745601
 30
0.0
 10
-805.6090575837551
 20
352.7749641745784
 30
0.0
 10
-806.5044880840964
 20
351.8795336742457
 30
0.0
 10
-806.5044880841076
 20
350.7749641745838
 30
0.0
 10
-806.5044880841076
 20
350.7749641745838
 30
0.0
 10
-806.5044880840984
 20
344.774964174564
 30
0.0
 10
-806.5044880840984
 20
344.774964174564
 30
0.0
  0
SPLINE
  5
8F
330
70
100
AcDbEntity
  8
0
 62
     7
370
     0
100
AcDbSpline
210
0.0
220
0.0
230
1.0
 70
     8
 71
     3
 72
    32
 73
    28
 74
     0
 42
0.0000000001
 43
0.0000000001
 40
0.0
 40
0.0
 40
0.0
 40
0.0
 40
1.0
 40
1.0
 40
1.0
 40
2.0
 40
2.0
 40
2.0
 40
3.0
 40
3.0
 40
3.0
 40
4.0
 40
4.0
 40
4.0
 40
5.0
 40
5.0
 40
5.0
 40
6.0
 40
6.0
 40
6.0
 40
7.0
 40
7.0
 40
7.0
 40
8.0
 40
8.0
 40
8.0
 40
9.0
 40
9.0
 40
9.0
 40
9.0
 10
-806.5044880840988
 20
344.7749641745608
 30
0.0
 10
-806.5044880840906
 20
343.670394674904
 30
0.0
 10
-805.6090575837554
 20
342.7749641745729
 30
0.0
 10
-804.5044880840986
 20
342.7749641745697
 30
0.0
 10
-804.5044880840986
 20
342.7749641745697
 30
0.0
 10
-794.2419776500143
 20
342.774964174579
 30
0.0
 10
-794.2419776500143
 20
342.774964174579
 30
0.0
 10
-793.6881936149581
 20
342.7749641745588
 30
0.0
 10
-793.1591980513277
 20
342.5453497535064
 30
0.0
 10
-792.7810040761666
 20
342.1408178330917
 30
0.0
 10
-789.6693509734959
 20
338.8124649560635
 30
0.0
 10
-784.4486946197258
 20
338.6367950797518
 30
0.0
 10
-781.1203417426902
 20
341.7484481824212
 30
0.0
 10
-780.9851891560444
 20
341.874801361038
 30
0.0
 10
-780.8543252705884
 20
342.0056652464948
 30
0.0
 10
-780.7279720919725
 20
342.1408178331418
 30
0.0
 10
-780.3497781168089
 20
342.545349753551
 30
0.0
 10
-779.8207825531759
 20
342.7749641745864
 30
0.0
 10
-779.2669985181249
 20
342.7749641745704
 30
0.0
 10
-779.2669985181249
 20
342.7749641745704
 30
0.0
 10
-769.004488084098
 20
342.774964174579
 30
0.0
 10
-769.004488084098
 20
342.774964174579
 30
0.0
 10
-767.8999185844419
 20
342.7749641745608
 30
0.0
 10
-767.0044880841005
 20
343.6703946748934
 30
0.0
 10
-767.0044880840893
 20
344.7749641745553
 30
0.0
 10
-767.0044880840893
 20
344.7749641745553
 30
0.0
 10
-767.0044880840986
 20
350.7749641745751
 30
0.0
 10
-767.0044880840986
 20
350.7749641745751
 30
0.0
  0
LINE
  5
90
330
70
100
AcDbEntity
  8
0
  6
AI-Linetype-0
 62
     7
370
     0
100
AcDbLine
 10
-1183.554488084101
 20
-150.6250358254146
 30
0.0
 11
-739.9544880841032
 21
-150.6250358254146
 31
0.0
  0
SPLINE
  5
92
330
70
100
AcDbEntity
  8
0
  6
AI-Linetype-1
 62
     7
370
     0
100
AcDbSpline
210
0.0
220
0.0
230
1.0
 70
     8
 71
     3
 72
     8
 73
     4
 74
     0
 42
0.0000000001
 43
0.0000000001
 40
0.0
 40
0.0
 40
0.0
 40
0.0
 40
1.0
 40
1.0
 40
1.0
 40
1.0
 10
-739.9544880841032
 20
-150.6250358254153
 30
0.0
 10
-739.0708324843708
 20
-150.6250358254153
 30
0.0
 10
-738.3544880840974
 20
-149.9086914251422
 30
0.0
 10
-738.3544880840974
 20
-149.0250358254094
 30
0.0
  0
LINE
  5
94
330
70
100
AcDbEntity
  8
0
  6
AI-Linetype-2
 62
     7
370
     0
100
AcDbLine
 10
-738.3544880840968
 20
-149.0250358254094
 30
0.0
 11
-738.3544880840968
 21
444.5749641745653
 31
0.0
  0
SPLINE
  5
96
330
70
100
AcDbEntity
  8
0
  6
AI-Linetype-3
 62
     7
370
     0
100
AcDbSpline
210
0.0
220
0.0
230
1.0
 70
     8
 71
     3
 72
     8
 73
     4
 74
     0
 42
0.0000000001
 43
0.0000000001
 40
0.0
 40
0.0
 40
0.0
 40
0.0
 40
1.0
 40
1.0
 40
1.0
 40
1.0
 10
-738.3544880840974
 20
444.5749641745653
 30
0.0
 10
-738.3544880840974
 20
445.4586197742976
 30
0.0
 10
-739.0708324843708
 20
446.174964174571
 30
0.0
 10
-739.9544880841032
 20
446.174964174571
 30
0.0
  0
LINE
  5
98
330
70
100
AcDbEntity
  8
0
  6
AI-Linetype-4
 62
     7
370
     0
100
AcDbLine
 10
-739.9544880841032
 20
446.1749641745704
 30
0.0
 11
-1183.554488084101
 21
446.1749641745704
 31
0.0
  0
SPLINE
  5
9A
330
70
100
AcDbEntity
  8
0
  6
AI-Linetype-5
 62
     7
370
     0
100
AcDbSpline
210
0.0
220
0.0
230
1.0
 70
     8
 71
     3
 72
     8
 73
     4
 74
     0
 42
0.0000000001
 43
0.0000000001
 40
0.0
 40
0.0
 40
0.0
 40
0.0
 40
1.0
 40
1.0
 40
1.0
 40
1.0
 10
-1183.554488084097
 20
446.1749641745676
 30
0.0
 10
-1184.438143683827
 20
446.1749641745676
 30
0.0
 10
-1185.154488084099
 20
445.4586197742957
 30
0.0
 10
-1185.154488084099
 20
444.5749641745653
 30
0.0
  0
LINE
  5
9C
330
70
100
AcDbEntity
  8
0
  6
AI-Linetype-6
 62
     7
370
     0
100
AcDbLine
 10
-1185.1544880841
 20
444.5749641745653
 30
0.0
 11
-1185.1544880841
 21
-149.0250358254094
 31
0.0
  0
SPLINE
  5
9E
330
70
100
AcDbEntity
  8
0
  6
AI-Linetype-7
 62
     7
370
     0
100
AcDbSpline
210
0.0
220
0.0
230
1.0
 70
     8
 71
     3
 72
     8
 73
     4
 74
     0
 42
0.0000000001
 43
0.0000000001
 40
0.0
 40
0.0
 40
0.0
 40
0.0
 40
1.0
 40
1.0
 40
1.0
 40
1.0
 10
-1185.154488084099
 20
-149.0250358254094
 30
0.0
 10
-1185.154488084099
 20
-149.9086914251377
 30
0.0
 10
-1184.438143683831
 20
-150.6250358254082
 30
0.0
 10
-1183.554488084102
 20
-150.6250358254114
 30
0.0
  0
LINE
  5
A0
330
70
100
AcDbEntity
  8
0
  6
AI-Linetype-8
 62
     7
370
     0
100
AcDbLine
 10
-1181.054488084102
 20
-148.1250358254347
 30
0.0
 11
-742.4544880841024
 21
-148.1250358254347
 31
0.0
  0
SPLINE
  5
A2
330
70
100
AcDbEntity
  8
0
  6
AI-Linetype-9
 62
     7
370
     0
100
AcDbSpline
210
0.0
220
0.0
230
1.0
 70
     8
 71
     3
 72
     8
 73
     4
 74
     0
 42
0.0000000001
 43
0.0000000001
 40
0.0
 40
0.0
 40
0.0
 40
0.0
 40
1.0
 40
1.0
 40
1.0
 40
1.0
 10
-742.4544880841024
 20
-148.1250358254149
 30
0.0
 10
-741.5708324843699
 20
-148.1250358254149
 30
0.0
 10
-740.8544880840966
 20
-147.4086914251418
 30
0.0
 10
-740.8544880840966
 20
-146.525035825409
 30
0.0
  0
LINE
  5
A4
330
70
100
AcDbEntity
  8
0
  6
AI-Linetype-10
 62
     7
370
     0
100
AcDbLine
 10
-740.8544880840971
 20
-146.525035825409
 30
0.0
 11
-740.8544880840971
 21
442.0749641745648
 31
0.0
  0
SPLINE
  5
A6
330
70
100
AcDbEntity
  8
0
  6
AI-Linetype-11
 62
     7
370
     0
100
AcDbSpline
210
0.0
220
0.0
230
1.0
 70
     8
 71
     3
 72
     8
 73
     4
 74
     0
 42
0.0000000001
 43
0.0000000001
 40
0.0
 40
0.0
 40
0.0
 40
0.0
 40
1.0
 40
1.0
 40
1.0
 40
1.0
 10
-740.8544880840966
 20
442.0749641745648
 30
0.0
 10
-740.8544880840966
 20
442.9586197742972
 30
0.0
 10
-741.5708324843699
 20
443.6749641745707
 30
0.0
 10
-742.4544880841024
 20
443.6749641745707
 30
0.0
  0
LINE
  5
A8
330
70
100
AcDbEntity
  8
0
  6
AI-Linetype-12
 62
     7
370
     0
100
AcDbLine
 10
-742.4544880841024
 20
443.67496417457
 30
0.0
 11
-1181.054488084102
 21
443.67496417457
 31
0.0
  0
SPLINE
  5
AA
330
70
100
AcDbEntity
  8
0
  6
AI-Linetype-13
 62
     7
370
     0
100
AcDbSpline
210
0.0
220
0.0
230
1.0
 70
     8
 71
     3
 72
     8
 73
     4
 74
     0
 42
0.0000000001
 43
0.0000000001
 40
0.0
 40
0.0
 40
0.0
 40
0.0
 40
1.0
 40
1.0
 40
1.0
 40
1.0
 10
-1181.054488084098
 20
443.6749641745672
 30
0.0
 10
-1181.938143683828
 20
443.6749641745672
 30
0.0
 10
-1182.6544880841
 20
442.9586197742954
 30
0.0
 10
-1182.6544880841
 20
442.0749641745648
 30
0.0
  0
LINE
  5
AC
330
70
100
AcDbEntity
  8
0
  6
AI-Linetype-14
 62
     7
370
     0
100
AcDbLine
 10
-1182.654488084099
 20
442.0749641745648
 30
0.0
 11
-1182.654488084099
 21
-146.525035825409
 31
0.0
  0
SPLINE
  5
AE
330
70
100
AcDbEntity
  8
0
  6
AI-Linetype-15
 62
     7
370
     0
100
AcDbSpline
210
0.0
220
0.0
230
1.0
 70
     8
 71
     3
 72
     8
 73
     4
 74
     0
 42
0.0000000001
 43
0.0000000001
 40
0.0
 40
0.0
 40
0.0
 40
0.0
 40
1.0
 40
1.0
 40
1.0
 40
1.0
 10
-1182.6544880841
 20
-146.525035825409
 30
0.0
 10
-1182.6544880841
 20
-147.4086914251373
 30
0.0
 10
-1181.938143683832
 20
-148.1250358254078
 30
0.0
 10
-1181.054488084104
 20
-148.125035825411
 30
0.0
  0
LINE
  5
B0
330
70
100
AcDbEntity
  8
0
 62
     7
370
     0
100
AcDbLine
 10
-1183.554488084101
 20
-152.2250358254404
 30
0.0
 11
-739.9544880840994
 21
-152.2250358254404
 31
0.0
  0
SPLINE
  5
B1
330
70
100
AcDbEntity
  8
0
 62
     7
370
     0
100
AcDbSpline
210
0.0
220
0.0
230
1.0
 70
     8
 71
     3
 72
     8
 73
     4
 74
     0
 42
0.0000000001
 43
0.0000000001
 40
0.0
 40
0.0
 40
0.0
 40
0.0
 40
1.0
 40
1.0
 40
1.0
 40
1.0
 10
-739.9544880840994
 20
-152.2250358254307
 30
0.0
 10
-738.1871768846403
 20
-152.2250358254307
 30
0.0
 10
-736.7544880840986
 20
-150.792347024889
 30
0.0
 10
-736.7544880840986
 20
-149.02503582543
 30
0.0
  0
LINE
  5
B2
330
70
100
AcDbEntity
  8
0
 62
     7
370
     0
100
AcDbLine
 10
-736.7544880840981
 20
-149.02503582543
 30
0.0
 11
-736.7544880840981
 21
444.5749641745653
 31
0.0
  0
SPLINE
  5
B3
330
70
100
AcDbEntity
  8
0
 62
     7
370
     0
100
AcDbSpline
210
0.0
220
0.0
230
1.0
 70
     8
 71
     3
 72
     8
 73
     4
 74
     0
 42
0.0000000001
 43
0.0000000001
 40
0.0
 40
0.0
 40
0.0
 40
0.0
 40
1.0
 40
1.0
 40
1.0
 40
1.0
 10
-736.7544880840986
 20
444.5749641745653
 30
0.0
 10
-736.7544880840986
 20
446.3422753740243
 30
0.0
 10
-738.1871768846403
 20
447.774964174566
 30
0.0
 10
-739.9544880840994
 20
447.774964174566
 30
0.0
  0
LINE
  5
B4
330
70
100
AcDbEntity
  8
0
 62
     7
370
     0
100
AcDbLine
 10
-739.2544880840984
 20
447.7749641745756
 30
0.0
 11
-1183.554488084101
 21
447.7749641745756
 31
0.0
  0
SPLINE
  5
B5
330
70
100
AcDbEntity
  8
0
 62
     7
370
     0
100
AcDbSpline
210
0.0
220
0.0
230
1.0
 70
     8
 71
     3
 72
     8
 73
     4
 74
     0
 42
0.0000000001
 43
0.0000000001
 40
0.0
 40
0.0
 40
0.0
 40
0.0
 40
1.0
 40
1.0
 40
1.0
 40
1.0
 10
-1183.554488084101
 20
447.7749641745622
 30
0.0
 10
-1185.321799283558
 20
447.7749641745622
 30
0.0
 10
-1186.754488084098
 20
446.3422753740224
 30
0.0
 10
-1186.754488084098
 20
444.5749641745653
 30
0.0
  0
LINE
  5
B6
330
70
100
AcDbEntity
  8
0
 62
     7
370
     0
100
AcDbLine
 10
-1186.754488084098
 20
444.5749641745653
 30
0.0
 11
-1186.754488084098
 21
-149.02503582543
 31
0.0
  0
SPLINE
  5
B7
330
70
100
AcDbEntity
  8
0
 62
     7
370
     0
100
AcDbSpline
210
0.0
220
0.0
230
1.0
 70
     8
 71
     3
 72
     8
 73
     4
 74
     0
 42
0.0000000001
 43
0.0000000001
 40
0.0
 40
0.0
 40
0.0
 40
0.0
 40
1.0
 40
1.0
 40
1.0
 40
1.0
 10
-1186.754488084098
 20
-149.02503582543
 30
0.0
 10
-1186.754488084098
 20
-150.7923470248871
 30
0.0
 10
-1185.321799283558
 20
-152.2250358254269
 30
0.0
 10
-1183.554488084101
 20
-152.2250358254269
 30
0.0
  0
LINE
  5
B8
330
70
100
AcDbEntity
  8
0
 62
     7
370
     0
100
AcDbLine
 10
-1181.054488084102
 20
-149.7250358254399
 30
0.0
 11
-742.4544880840998
 21
-149.7250358254399
 31
0.0
  0
SPLINE
  5
B9
330
70
100
AcDbEntity
  8
0
 62
     7
370
     0
100
AcDbSpline
210
0.0
220
0.0
230
1.0
 70
     8
 71
     3
 72
     8
 73
     4
 74
     0
 42
0.0000000001
 43
0.0000000001
 40
0.0
 40
0.0
 40
0.0
 40
0.0
 40
1.0
 40
1.0
 40
1.0
 40
1.0
 10
-742.4544880840998
 20
-149.7250358254303
 30
0.0
 10
-740.6871768846407
 20
-149.7250358254303
 30
0.0
 10
-739.2544880840991
 20
-148.2923470248886
 30
0.0
 10
-739.2544880840991
 20
-146.5250358254296
 30
0.0
  0
LINE
  5
BA
330
70
100
AcDbEntity
  8
0
 62
     7
370
     0
100
AcDbLine
 10
-739.2544880840984
 20
-146.5250358254296
 30
0.0
 11
-739.2544880840984
 21
442.0749641745648
 31
0.0
  0
SPLINE
  5
BB
330
70
100
AcDbEntity
  8
0
 62
     7
370
     0
100
AcDbSpline
210
0.0
220
0.0
230
1.0
 70
     8
 71
     3
 72
     8
 73
     4
 74
     0
 42
0.0000000001
 43
0.0000000001
 40
0.0
 40
0.0
 40
0.0
 40
0.0
 40
1.0
 40
1.0
 40
1.0
 40
1.0
 10
-739.2544880840991
 20
442.0749641745648
 30
0.0
 10
-739.2544880840991
 20
443.8422753740239
 30
0.0
 10
-740.6871768846407
 20
445.2749641745656
 30
0.0
 10
-742.4544880840998
 20
445.2749641745656
 30
0.0
  0
LINE
  5
BC
330
70
100
AcDbEntity
  8
0
 62
     7
370
     0
100
AcDbLine
 10
-742.4544880840998
 20
445.2749641745752
 30
0.0
 11
-1181.054488084102
 21
445.2749641745752
 31
0.0
  0
SPLINE
  5
BD
330
70
100
AcDbEntity
  8
0
 62
     7
370
     0
100
AcDbSpline
210
0.0
220
0.0
230
1.0
 70
     8
 71
     3
 72
     8
 73
     4
 74
     0
 42
0.0000000001
 43
0.0000000001
 40
0.0
 40
0.0
 40
0.0
 40
0.0
 40
1.0
 40
1.0
 40
1.0
 40
1.0
 10
-1181.054488084102
 20
445.2749641745618
 30
0.0
 10
-1182.821799283559
 20
445.2749641745618
 30
0.0
 10
-1184.254488084099
 20
443.8422753740219
 30
0.0
 10
-1184.254488084099
 20
442.0749641745648
 30
0.0
  0
LINE
  5
BE
330
70
100
AcDbEntity
  8
0
 62
     7
370
     0
100
AcDbLine
 10
-1184.254488084098
 20
442.0749641745648
 30
0.0
 11
-1184.254488084098
 21
-146.5250358254296
 31
0.0
  0
SPLINE
  5
BF
330
70
100
AcDbEntity
  8
0
 62
     7
370
     0
100
AcDbSpline
210
0.0
220
0.0
230
1.0
 70
     8
 71
     3
 72
     8
 73
     4
 74
     0
 42
0.0000000001
 43
0.0000000001
 40
0.0
 40
0.0
 40
0.0
 40
0.0
 40
1.0
 40
1.0
 40
1.0
 40
1.0
 10
-1184.254488084099
 20
-146.5250358254296
 30
0.0
 10
-1184.254488084099
 20
-148.2923470248867
 30
0.0
 10
-1182.821799283559
 20
-149.7250358254265
 30
0.0
 10
-1181.054488084102
 20
-149.7250358254265
 30
0.0
  0
LINE
  5
C0
330
70
100
AcDbEntity
  8
0
  6
AI-Linetype-16
 62
     7
370
     0
100
AcDbLine
 10
-200.621422693952
 20
-132.6250358254281
 30
0.0
 11
242.9785773060456
 21
-132.6250358254281
 31
0.0
  0
SPLINE
  5
C2
330
70
100
AcDbEntity
  8
0
  6
AI-Linetype-17
 62
     7
370
     0
100
AcDbSpline
210
0.0
220
0.0
230
1.0
 70
     8
 71
     3
 72
     8
 73
     4
 74
     0
 42
0.0000000001
 43
0.0000000001
 40
0.0
 40
0.0
 40
0.0
 40
0.0
 40
1.0
 40
1.0
 40
1.0
 40
1.0
 10
242.9785773060456
 20
-132.6250358254287
 30
0.0
 10
243.8622329057781
 20
-132.6250358254287
 30
0.0
 10
244.5785773060515
 20
-131.9086914251557
 30
0.0
 10
244.5785773060515
 20
-131.0250358254229
 30
0.0
  0
LINE
  5
C4
330
70
100
AcDbEntity
  8
0
  6
AI-Linetype-18
 62
     7
370
     0
100
AcDbLine
 10
244.5785773060521
 20
-131.0250358254229
 30
0.0
 11
244.5785773060521
 21
462.5749641745517
 31
0.0
  0
SPLINE
  5
C6
330
70
100
AcDbEntity
  8
0
  6
AI-Linetype-19
 62
     7
370
     0
100
AcDbSpline
210
0.0
220
0.0
230
1.0
 70
     8
 71
     3
 72
     8
 73
     4
 74
     0
 42
0.0000000001
 43
0.0000000001
 40
0.0
 40
0.0
 40
0.0
 40
0.0
 40
1.0
 40
1.0
 40
1.0
 40
1.0
 10
244.5785773060515
 20
462.5749641745517
 30
0.0
 10
244.5785773060515
 20
463.4586197742842
 30
0.0
 10
243.8622329057781
 20
464.1749641745576
 30
0.0
 10
242.9785773060456
 20
464.1749641745576
 30
0.0
  0
LINE
  5
C8
330
70
100
AcDbEntity
  8
0
  6
AI-Linetype-20
 62
     7
370
     0
100
AcDbLine
 10
242.9785773060456
 20
464.1749641745569
 30
0.0
 11
-200.621422693952
 21
464.1749641745569
 31
0.0
  0
SPLINE
  5
CA
330
70
100
AcDbEntity
  8
0
  6
AI-Linetype-21
 62
     7
370
     0
100
AcDbSpline
210
0.0
220
0.0
230
1.0
 70
     8
 71
     3
 72
     8
 73
     4
 74
     0
 42
0.0000000001
 43
0.0000000001
 40
0.0
 40
0.0
 40
0.0
 40
0.0
 40
1.0
 40
1.0
 40
1.0
 40
1.0
 10
-200.6214226939495
 20
464.1749641745541
 30
0.0
 10
-201.50507829368
 20
464.1749641745541
 30
0.0
 10
-202.2214226939518
 20
463.4586197742822
 30
0.0
 10
-202.2214226939518
 20
462.5749641745517
 30
0.0
  0
LINE
  5
CC
330
70
100
AcDbEntity
  8
0
  6
AI-Linetype-22
 62
     7
370
     0
100
AcDbLine
 10
-202.2214226939508
 20
462.5749641745517
 30
0.0
 11
-202.2214226939508
 21
-131.0250358254229
 31
0.0
  0
SPLINE
  5
CE
330
70
100
AcDbEntity
  8
0
  6
AI-Linetype-23
 62
     7
370
     0
100
AcDbSpline
210
0.0
220
0.0
230
1.0
 70
     8
 71
     3
 72
     8
 73
     4
 74
     0
 42
0.0000000001
 43
0.0000000001
 40
0.0
 40
0.0
 40
0.0
 40
0.0
 40
1.0
 40
1.0
 40
1.0
 40
1.0
 10
-202.2214226939518
 20
-131.0250358254229
 30
0.0
 10
-202.2214226939518
 20
-131.9086914251512
 30
0.0
 10
-201.5050782936835
 20
-132.6250358254217
 30
0.0
 10
-200.6214226939552
 20
-132.6250358254249
 30
0.0
  0
LWPOLYLINE
  5
D0
330
70
100
AcDbEntity
  8
0
 62
     7
370
     0
100
AcDbPolyline
 90
        4
 70
     1
 43
0.0
 10
-184.8214226939495
 20
-115.2250358254384
 10
227.1785773060502
 20
-115.2250358254384
 10
227.1785773060509
 20
446.7749641745615
 10
-184.8214226939489
 20
446.7749641745673
  0
LWPOLYLINE
  5
D1
330
70
100
AcDbEntity
  8
0
 62
     7
370
     0
100
AcDbPolyline
 90
        4
 70
     1
 43
0.0
 10
-183.2214226939444
 20
-113.6250358254332
 10
225.5785773060437
 20
-113.6250358254332
 10
225.5785773060444
 20
445.174964174555
 10
-183.2214226939437
 20
445.174964174562
  0
LWPOLYLINE
  5
D2
330
70
100
AcDbEntity
  8
0
  6
AI-Linetype-24
 62
     7
370
     0
100
AcDbPolyline
 90
        4
 70
     1
 43
0.0
 10
-177.9214226939413
 20
-108.3250358254135
 10
220.2785773060413
 20
-108.3250358254135
 10
220.2785773060413
 20
439.8749641745689
 10
-177.9214226939413
 20
439.8749641745628
  0
LWPOLYLINE
  5
D4
330
70
100
AcDbEntity
  8
0
 62
     7
370
     0
100
AcDbPolyline
 90
        4
 70
     1
 43
0.0
 10
-176.3214226939348
 20
-106.7250358254083
 10
218.6785773060361
 20
-106.7250358254083
 10
218.6785773060361
 20
438.2749641745625
 10
-176.3214226939348
 20
438.2749641745577
  0
LINE
  5
D5
330
70
100
AcDbEntity
  8
0
 62
     7
370
     0
100
AcDbLine
 10
-200.621422693952
 20
-134.2250358254333
 30
0.0
 11
243.6785773060428
 21
-134.2250358254333
 31
0.0
  0
SPLINE
  5
D6
330
70
100
AcDbEntity
  8
0
 62
     7
370
     0
100
AcDbSpline
210
0.0
220
0.0
230
1.0
 70
     8
 71
     3
 72
     8
 73
     4
 74
     0
 42
0.0000000001
 43
0.0000000001
 40
0.0
 40
0.0
 40
0.0
 40
0.0
 40
1.0
 40
1.0
 40
1.0
 40
1.0
 10
242.9785773060495
 20
-134.2250358254442
 30
0.0
 10
244.7458885055085
 20
-134.2250358254442
 30
0.0
 10
246.1785773060503
 20
-132.7923470249025
 30
0.0
 10
246.1785773060503
 20
-131.0250358254434
 30
0.0
  0
LINE
  5
D7
330
70
100
AcDbEntity
  8
0
 62
     7
370
     0
100
AcDbLine
 10
246.1785773060496
 20
-131.0250358254434
 30
0.0
 11
246.1785773060496
 21
462.5749641745724
 31
0.0
  0
SPLINE
  5
D8
330
70
100
AcDbEntity
  8
0
 62
     7
370
     0
100
AcDbSpline
210
0.0
220
0.0
230
1.0
 70
     8
 71
     3
 72
     8
 73
     4
 74
     0
 42
0.0000000001
 43
0.0000000001
 40
0.0
 40
0.0
 40
0.0
 40
0.0
 40
1.0
 40
1.0
 40
1.0
 40
1.0
 10
246.1785773060503
 20
462.5749641745724
 30
0.0
 10
246.1785773060503
 20
464.3422753740313
 30
0.0
 10
244.7458885055085
 20
465.7749641745731
 30
0.0
 10
242.9785773060495
 20
465.7749641745731
 30
0.0
  0
LINE
  5
D9
330
70
100
AcDbEntity
  8
0
 62
     7
370
     0
100
AcDbLine
 10
243.6785773060428
 20
465.7749641745621
 30
0.0
 11
-200.621422693952
 21
465.7749641745621
 31
0.0
  0
SPLINE
  5
DA
330
70
100
AcDbEntity
  8
0
 62
     7
370
     0
100
AcDbSpline
210
0.0
220
0.0
230
1.0
 70
     8
 71
     3
 72
     8
 73
     4
 74
     0
 42
0.0000000001
 43
0.0000000001
 40
0.0
 40
0.0
 40
0.0
 40
0.0
 40
1.0
 40
1.0
 40
1.0
 40
1.0
 10
-200.621422693952
 20
465.7749641745692
 30
0.0
 10
-202.3887338934089
 20
465.7749641745692
 30
0.0
 10
-203.8214226939493
 20
464.3422753740295
 30
0.0
 10
-203.8214226939493
 20
462.5749641745724
 30
0.0
  0
LINE
  5
DB
330
70
100
AcDbEntity
  8
0
 62
     7
370
     0
100
AcDbLine
 10
-203.8214226939496
 20
462.5749641745724
 30
0.0
 11
-203.8214226939496
 21
-131.0250358254434
 31
0.0
  0
SPLINE
  5
DC
330
70
100
AcDbEntity
  8
0
 62
     7
370
     0
100
AcDbSpline
210
0.0
220
0.0
230
1.0
 70
     8
 71
     3
 72
     8
 73
     4
 74
     0
 42
0.0000000001
 43
0.0000000001
 40
0.0
 40
0.0
 40
0.0
 40
0.0
 40
1.0
 40
1.0
 40
1.0
 40
1.0
 10
-203.8214226939493
 20
-131.0250358254434
 30
0.0
 10
-203.8214226939493
 20
-132.7923470249006
 30
0.0
 10
-202.3887338934089
 20
-134.2250358254404
 30
0.0
 10
-200.621422693952
 20
-134.2250358254404
 30
0.0
  0
MTEXT
  5
DD
330
70
100
AcDbEntity
  8
0
100
AcDbMText
 10
-1165.027078973066
 20
523.1688414219421
 30
0.0
 40
0.2
 41
0.0
 46
0.0
 71
     7
 72
     1
  1
\C7;\FArial|b0|i0|c1;\H23.100000;\W1.000000;VISTA A - VISTA FRONTAL
 73
     1
 44
1.0
  0
INSERT
  5
DF
330
70
100
AcDbEntity
  8
0
100
AcDbBlockReference
  2
Block_0
 10
0.0
 20
0.0
 30
0.0
  0
INSERT
  5
E5
330
70
100
AcDbEntity
  8
0
100
AcDbBlockReference
  2
Block_1
 10
0.0
 20
0.0
 30
0.0
  0
INSERT
  5
ED
330
70
100
AcDbEntity
  8
0
100
AcDbBlockReference
  2
Block_2
 10
0.0
 20
0.0
 30
0.0
  0
LINE
  5
F4
330
70
100
AcDbEntity
  8
0
 62
     7
370
     0
100
AcDbLine
 10
-741.2544880840985
 20
450.7749641745597
 30
0.0
 11
-1182.254488084098
 21
450.7749641745597
 31
0.0
  0
LINE
  5
F5
330
70
100
AcDbEntity
  8
0
 62
     7
370
     0
100
AcDbLine
 10
-1182.254488084098
 20
450.7749641745597
 30
0.0
 11
-1184.254488084098
 21
448.7749641745635
 31
0.0
  0
LINE
  5
F6
330
70
100
AcDbEntity
  8
0
 62
     7
370
     0
100
AcDbLine
 10
-1184.254488084098
 20
448.7749641745635
 30
0.0
 11
-1184.254488084098
 21
447.7749641745756
 31
0.0
  0
LINE
  5
F7
330
70
100
AcDbEntity
  8
0
 62
     7
370
     0
100
AcDbLine
 10
-1184.254488084098
 20
447.7749641745756
 30
0.0
 11
-739.2544880840984
 21
447.7749641745756
 31
0.0
  0
LINE
  5
F8
330
70
100
AcDbEntity
  8
0
 62
     7
370
     0
100
AcDbLine
 10
-739.2544880840984
 20
447.7749641745756
 30
0.0
 11
-739.2544880840984
 21
448.7749641745635
 31
0.0
  0
LINE
  5
F9
330
70
100
AcDbEntity
  8
0
 62
     7
370
     0
100
AcDbLine
 10
-739.2544880840984
 20
448.7749641745635
 30
0.0
 11
-741.2544880840985
 21
450.7749641745597
 31
0.0
  0
LWPOLYLINE
  5
FA
330
70
100
AcDbEntity
  8
0
 62
     7
370
     0
100
AcDbPolyline
 90
        4
 70
     0
 43
0.0
 10
-1182.254488084098
 20
-155.2250358254244
 10
-1184.254488084098
 20
-153.2250358254243
 10
-1184.254488084098
 20
-152.2250358254282
 10
-739.9544880840988
 20
-152.2250358254404
  0
LINE
  5
FB
330
70
100
AcDbEntity
  8
0
 62
     7
370
     0
100
AcDbLine
 10
241.6785773060427
 20
468.7749641745667
 30
0.0
 11
-199.3214226939568
 21
468.7749641745667
 31
0.0
  0
LINE
  5
FC
330
70
100
AcDbEntity
  8
0
 62
     7
370
     0
100
AcDbLine
 10
-199.3214226939568
 20
468.7749641745667
 30
0.0
 11
-201.3214226939569
 21
466.7749641745706
 31
0.0
  0
LINE
  5
FD
330
70
100
AcDbEntity
  8
0
 62
     7
370
     0
100
AcDbLine
 10
-201.3214226939569
 20
466.7749641745706
 30
0.0
 11
-201.3214226939569
 21
465.7749641745621
 31
0.0
  0
LINE
  5
FE
330
70
100
AcDbEntity
  8
0
 62
     7
370
     0
100
AcDbLine
 10
-201.3214226939569
 20
465.7749641745621
 30
0.0
 11
243.6785773060428
 21
465.7749641745621
 31
0.0
  0
LINE
  5
FF
330
70
100
AcDbEntity
  8
0
 62
     7
370
     0
100
AcDbLine
 10
243.6785773060428
 20
465.7749641745621
 30
0.0
 11
243.6785773060428
 21
466.7749641745706
 31
0.0
  0
LINE
  5
100
330
70
100
AcDbEntity
  8
0
 62
     7
370
     0
100
AcDbLine
 10
243.6785773060428
 20
466.7749641745706
 30
0.0
 11
241.6785773060427
 21
468.7749641745667
 31
0.0
  0
LINE
  5
101
330
70
100
AcDbEntity
  8
0
 62
     7
370
     0
100
AcDbLine
 10
241.6785773060465
 20
-137.2250358254379
 30
0.0
 11
-199.3214226939568
 21
-137.2250358254379
 31
0.0
  0
LINE
  5
102
330
70
100
AcDbEntity
  8
0
 62
     7
370
     0
100
AcDbLine
 10
-199.3214226939568
 20
-137.2250358254379
 30
0.0
 11
-201.3214226939569
 21
-135.2250358254212
 31
0.0
  0
LINE
  5
103
330
70
100
AcDbEntity
  8
0
 62
     7
370
     0
100
AcDbLine
 10
-201.3214226939569
 20
-135.2250358254212
 30
0.0
 11
-201.3214226939569
 21
-134.2250358254333
 31
0.0
  0
LINE
  5
104
330
70
100
AcDbEntity
  8
0
 62
     7
370
     0
100
AcDbLine
 10
-201.3214226939569
 20
-134.2250358254333
 30
0.0
 11
243.6785773060428
 21
-134.2250358254333
 31
0.0
  0
LINE
  5
105
330
70
100
AcDbEntity
  8
0
 62
     7
370
     0
100
AcDbLine
 10
243.6785773060428
 20
-134.2250358254333
 30
0.0
 11
243.6785773060428
 21
-135.2250358254212
 31
0.0
  0
LINE
  5
106
330
70
100
AcDbEntity
  8
0
 62
     7
370
     0
100
AcDbLine
 10
243.6785773060428
 20
-135.2250358254212
 30
0.0
 11
241.6785773060427
 21
-137.2250358254379
 31
0.0
  0
LWPOLYLINE
  5
107
330
70
100
AcDbEntity
  8
0
 62
     7
370
     0
100
AcDbPolyline
 90
        4
 70
     1
 43
0.0
 10
-123.821422693957
 20
340.7628861265567
 10
166.1785773060429
 20
340.7628861265567
 10
166.1785773060429
 20
295.7628861265567
 10
-123.821422693957
 20
295.7628861265699
  0
LINE
  5
108
330
70
100
AcDbEntity
  8
0
  6
AI-Linetype-25
 62
     7
370
     0
100
AcDbLine
 10
489.4546690354714
 20
-132.6250358254281
 30
0.0
 11
933.0546690354704
 21
-132.6250358254281
 31
0.0
  0
SPLINE
  5
10A
330
70
100
AcDbEntity
  8
0
  6
AI-Linetype-26
 62
     7
370
     0
100
AcDbSpline
210
0.0
220
0.0
230
1.0
 70
     8
 71
     3
 72
     8
 73
     4
 74
     0
 42
0.0000000001
 43
0.0000000001
 40
0.0
 40
0.0
 40
0.0
 40
0.0
 40
1.0
 40
1.0
 40
1.0
 40
1.0
 10
933.0546690354704
 20
-132.6250358254287
 30
0.0
 10
933.9383246352026
 20
-132.6250358254287
 30
0.0
 10
934.6546690354763
 20
-131.9086914251557
 30
0.0
 10
934.6546690354763
 20
-131.0250358254229
 30
0.0
  0
LINE
  5
10C
330
70
100
AcDbEntity
  8
0
  6
AI-Linetype-27
 62
     7
370
     0
100
AcDbLine
 10
934.6546690354756
 20
-131.0250358254229
 30
0.0
 11
934.6546690354756
 21
462.5749641745517
 31
0.0
  0
SPLINE
  5
10E
330
70
100
AcDbEntity
  8
0
  6
AI-Linetype-28
 62
     7
370
     0
100
AcDbSpline
210
0.0
220
0.0
230
1.0
 70
     8
 71
     3
 72
     8
 73
     4
 74
     0
 42
0.0000000001
 43
0.0000000001
 40
0.0
 40
0.0
 40
0.0
 40
0.0
 40
1.0
 40
1.0
 40
1.0
 40
1.0
 10
934.6546690354763
 20
462.5749641745517
 30
0.0
 10
934.6546690354763
 20
463.4586197742842
 30
0.0
 10
933.9383246352026
 20
464.1749641745576
 30
0.0
 10
933.0546690354704
 20
464.1749641745576
 30
0.0
  0
LINE
  5
110
330
70
100
AcDbEntity
  8
0
  6
AI-Linetype-29
 62
     7
370
     0
100
AcDbLine
 10
933.0546690354704
 20
464.1749641745569
 30
0.0
 11
489.4546690354714
 21
464.1749641745569
 31
0.0
  0
SPLINE
  5
112
330
70
100
AcDbEntity
  8
0
  6
AI-Linetype-30
 62
     7
370
     0
100
AcDbSpline
210
0.0
220
0.0
230
1.0
 70
     8
 71
     3
 72
     8
 73
     4
 74
     0
 42
0.0000000001
 43
0.0000000001
 40
0.0
 40
0.0
 40
0.0
 40
0.0
 40
1.0
 40
1.0
 40
1.0
 40
1.0
 10
489.4546690354753
 20
464.1749641745541
 30
0.0
 10
488.5710134357445
 20
464.1749641745541
 30
0.0
 10
487.8546690354733
 20
463.4586197742822
 30
0.0
 10
487.8546690354733
 20
462.5749641745517
 30
0.0
  0
LINE
  5
114
330
70
100
AcDbEntity
  8
0
  6
AI-Linetype-31
 62
     7
370
     0
100
AcDbLine
 10
487.8546690354739
 20
462.5749641745517
 30
0.0
 11
487.8546690354739
 21
-131.0250358254229
 31
0.0
  0
SPLINE
  5
116
330
70
100
AcDbEntity
  8
0
  6
AI-Linetype-32
 62
     7
370
     0
100
AcDbSpline
210
0.0
220
0.0
230
1.0
 70
     8
 71
     3
 72
     8
 73
     4
 74
     0
 42
0.0000000001
 43
0.0000000001
 40
0.0
 40
0.0
 40
0.0
 40
0.0
 40
1.0
 40
1.0
 40
1.0
 40
1.0
 10
487.8546690354733
 20
-131.0250358254229
 30
0.0
 10
487.8546690354733
 20
-131.9086914251512
 30
0.0
 10
488.5710134357413
 20
-132.6250358254217
 30
0.0
 10
489.4546690354696
 20
-132.6250358254249
 30
0.0
  0
LWPOLYLINE
  5
118
330
70
100
AcDbEntity
  8
0
 62
     7
370
     0
100
AcDbPolyline
 90
        4
 70
     1
 43
0.0
 10
505.2546690354752
 20
-115.2250358254384
 10
917.2546690354751
 20
-115.2250358254384
 10
917.2546690354744
 20
446.7749641745615
 10
505.2546690354746
 20
446.7749641745673
  0
LWPOLYLINE
  5
119
330
70
100
AcDbEntity
  8
0
 62
     7
370
     0
100
AcDbPolyline
 90
        4
 70
     1
 43
0.0
 10
506.8546690354804
 20
-113.6250358254332
 10
915.6546690354685
 20
-113.6250358254332
 10
915.6546690354691
 20
445.174964174555
 10
506.8546690354811
 20
445.174964174562
  0
LWPOLYLINE
  5
11A
330
70
100
AcDbEntity
  8
0
  6
AI-Linetype-33
 62
     7
370
     0
100
AcDbPolyline
 90
        4
 70
     1
 43
0.0
 10
512.1546690354835
 20
-108.3250358254135
 10
910.3546690354662
 20
-108.3250358254135
 10
910.3546690354662
 20
439.8749641745689
 10
512.1546690354835
 20
439.8749641745628
  0
LWPOLYLINE
  5
11C
330
70
100
AcDbEntity
  8
0
 62
     7
370
     0
100
AcDbPolyline
 90
        4
 70
     1
 43
0.0
 10
513.7546690354899
 20
-106.7250358254083
 10
908.754669035461
 20
-106.7250358254083
 10
908.7546690354596
 20
438.2749641745625
 10
513.7546690354887
 20
438.2749641745577
  0
LINE
  5
11D
330
70
100
AcDbEntity
  8
0
 62
     7
370
     0
100
AcDbLine
 10
489.4546690354714
 20
-134.2250358254333
 30
0.0
 11
933.7546690354676
 21
-134.2250358254333
 31
0.0
  0
SPLINE
  5
11E
330
70
100
AcDbEntity
  8
0
 62
     7
370
     0
100
AcDbSpline
210
0.0
220
0.0
230
1.0
 70
     8
 71
     3
 72
     8
 73
     4
 74
     0
 42
0.0000000001
 43
0.0000000001
 40
0.0
 40
0.0
 40
0.0
 40
0.0
 40
1.0
 40
1.0
 40
1.0
 40
1.0
 10
933.0546690354744
 20
-134.2250358254442
 30
0.0
 10
934.8219802349333
 20
-134.2250358254442
 30
0.0
 10
936.2546690354751
 20
-132.7923470249025
 30
0.0
 10
936.2546690354751
 20
-131.0250358254434
 30
0.0
  0
LINE
  5
11F
330
70
100
AcDbEntity
  8
0
 62
     7
370
     0
100
AcDbLine
 10
936.2546690354744
 20
-131.0250358254434
 30
0.0
 11
936.2546690354744
 21
462.5749641745724
 31
0.0
  0
SPLINE
  5
120
330
70
100
AcDbEntity
  8
0
 62
     7
370
     0
100
AcDbSpline
210
0.0
220
0.0
230
1.0
 70
     8
 71
     3
 72
     8
 73
     4
 74
     0
 42
0.0000000001
 43
0.0000000001
 40
0.0
 40
0.0
 40
0.0
 40
0.0
 40
1.0
 40
1.0
 40
1.0
 40
1.0
 10
936.2546690354751
 20
462.5749641745724
 30
0.0
 10
936.2546690354751
 20
464.3422753740313
 30
0.0
 10
934.8219802349333
 20
465.7749641745731
 30
0.0
 10
933.0546690354744
 20
465.7749641745731
 30
0.0
  0
LINE
  5
121
330
70
100
AcDbEntity
  8
0
 62
     7
370
     0
100
AcDbLine
 10
933.7546690354676
 20
465.7749641745621
 30
0.0
 11
489.4546690354714
 21
465.7749641745621
 31
0.0
  0
SPLINE
  5
122
330
70
100
AcDbEntity
  8
0
 62
     7
370
     0
100
AcDbSpline
210
0.0
220
0.0
230
1.0
 70
     8
 71
     3
 72
     8
 73
     4
 74
     0
 42
0.0000000001
 43
0.0000000001
 40
0.0
 40
0.0
 40
0.0
 40
0.0
 40
1.0
 40
1.0
 40
1.0
 40
1.0
 10
489.4546690354714
 20
465.7749641745692
 30
0.0
 10
487.6873578360143
 20
465.7749641745692
 30
0.0
 10
486.2546690354745
 20
464.3422753740295
 30
0.0
 10
486.2546690354745
 20
462.5749641745724
 30
0.0
  0
LINE
  5
123
330
70
100
AcDbEntity
  8
0
 62
     7
370
     0
100
AcDbLine
 10
486.2546690354752
 20
462.5749641745724
 30
0.0
 11
486.2546690354752
 21
-131.0250358254434
 31
0.0
  0
SPLINE
  5
124
330
70
100
AcDbEntity
  8
0
 62
     7
370
     0
100
AcDbSpline
210
0.0
220
0.0
230
1.0
 70
     8
 71
     3
 72
     8
 73
     4
 74
     0
 42
0.0000000001
 43
0.0000000001
 40
0.0
 40
0.0
 40
0.0
 40
0.0
 40
1.0
 40
1.0
 40
1.0
 40
1.0
 10
486.2546690354745
 20
-131.0250358254434
 30
0.0
 10
486.2546690354745
 20
-132.7923470249006
 30
0.0
 10
487.6873578360143
 20
-134.2250358254404
 30
0.0
 10
489.4546690354714
 20
-134.2250358254404
 30
0.0
  0
INSERT
  5
126
330
70
100
AcDbEntity
  8
0
100
AcDbBlockReference
  2
Block_3
 10
0.0
 20
0.0
 30
0.0
  0
LINE
  5
12B
330
70
100
AcDbEntity
  8
0
 62
     7
370
     0
100
AcDbLine
 10
931.7546690354637
 20
468.7749641745667
 30
0.0
 11
490.754669035468
 21
468.7749641745667
 31
0.0
  0
LINE
  5
12C
330
70
100
AcDbEntity
  8
0
 62
     7
370
     0
100
AcDbLine
 10
490.754669035468
 20
468.7749641745667
 30
0.0
 11
488.7546690354679
 21
466.7749641745706
 31
0.0
  0
LINE
  5
12D
330
70
100
AcDbEntity
  8
0
 62
     7
370
     0
100
AcDbLine
 10
488.7546690354679
 20
466.7749641745706
 30
0.0
 11
488.7546690354679
 21
465.7749641745621
 31
0.0
  0
LINE
  5
12E
330
70
100
AcDbEntity
  8
0
 62
     7
370
     0
100
AcDbLine
 10
488.7546690354679
 20
465.7749641745621
 30
0.0
 11
933.7546690354676
 21
465.7749641745621
 31
0.0
  0
LINE
  5
12F
330
70
100
AcDbEntity
  8
0
 62
     7
370
     0
100
AcDbLine
 10
933.7546690354676
 20
465.7749641745621
 30
0.0
 11
933.7546690354676
 21
466.7749641745706
 31
0.0
  0
LINE
  5
130
330
70
100
AcDbEntity
  8
0
 62
     7
370
     0
100
AcDbLine
 10
933.7546690354676
 20
466.7749641745706
 30
0.0
 11
931.7546690354674
 21
468.7749641745667
 31
0.0
  0
LINE
  5
131
330
70
100
AcDbEntity
  8
0
 62
     7
370
     0
100
AcDbLine
 10
931.7546690354637
 20
-137.2250358254379
 30
0.0
 11
490.754669035468
 21
-137.2250358254379
 31
0.0
  0
LINE
  5
132
330
70
100
AcDbEntity
  8
0
 62
     7
370
     0
100
AcDbLine
 10
490.754669035468
 20
-137.2250358254379
 30
0.0
 11
488.7546690354679
 21
-135.2250358254212
 31
0.0
  0
LINE
  5
133
330
70
100
AcDbEntity
  8
0
 62
     7
370
     0
100
AcDbLine
 10
488.7546690354679
 20
-135.2250358254212
 30
0.0
 11
488.7546690354679
 21
-134.2250358254333
 31
0.0
  0
LINE
  5
134
330
70
100
AcDbEntity
  8
0
 62
     7
370
     0
100
AcDbLine
 10
488.7546690354679
 20
-134.2250358254333
 30
0.0
 11
933.7546690354676
 21
-134.2250358254333
 31
0.0
  0
LINE
  5
135
330
70
100
AcDbEntity
  8
0
 62
     7
370
     0
100
AcDbLine
 10
933.7546690354676
 20
-134.2250358254333
 30
0.0
 11
933.7546690354676
 21
-135.2250358254212
 31
0.0
  0
LINE
  5
136
330
70
100
AcDbEntity
  8
0
 62
     7
370
     0
100
AcDbLine
 10
933.7546690354676
 20
-135.2250358254212
 30
0.0
 11
931.7546690354674
 21
-137.2250358254379
 31
0.0
  0
LWPOLYLINE
  5
137
330
70
100
AcDbEntity
  8
0
 62
     7
370
     0
100
AcDbPolyline
 90
        4
 70
     1
 43
0.0
 10
-123.821422693957
 20
192.774964174575
 10
166.1785773060429
 20
192.774964174575
 10
166.1785773060429
 20
147.7749641745753
 10
-123.821422693957
 20
147.7749641745676
  0
LWPOLYLINE
  5
138
330
70
100
AcDbEntity
  8
0
 62
     7
370
     0
100
AcDbPolyline
 90
        4
 70
     1
 43
0.0
 10
-123.821422693957
 20
42.29690753590031
 10
166.1785773060429
 20
42.29690753590031
 10
166.1785773060429
 20
-2.703092464099989
 10
-123.821422693957
 20
-2.703092464086513
  0
LWPOLYLINE
  5
139
330
70
100
AcDbEntity
  8
0
 62
     7
370
     0
100
AcDbPolyline
 90
        4
 70
     1
 43
0.0
 10
-149.3214226939576
 20
427.7749641745724
 10
191.6785773060422
 20
427.7749641745724
 10
191.6785773060435
 20
-96.2250358254275
 10
-149.3214226939563
 20
-96.225035825423
  0
LINE
  5
13A
330
70
100
AcDbEntity
  8
0
  6
AI-Linetype-34
 62
     7
370
     0
100
AcDbLine
 10
177.3861640222047
 20
-38.02503582545238
 30
0.0
 11
199.5785773060662
 21
-38.02503582545238
 31
0.0
  0
LINE
  5
13C
330
70
100
AcDbEntity
  8
0
  6
AI-Linetype-35
 62
     7
370
     0
100
AcDbLine
 10
177.3861640222047
 20
-56.42503582544662
 30
0.0
 11
199.5785773060662
 21
-56.42503582544662
 31
0.0
  0
LINE
  5
13E
330
70
100
AcDbEntity
  8
0
  6
AI-Linetype-36
 62
     7
370
     0
100
AcDbLine
 10
187.5785773060661
 20
-49.72503582543451
 30
0.0
 11
201.4371058672579
 21
-49.72503582543451
 31
0.0
  0
LINE
  5
140
330
70
100
AcDbEntity
  8
0
  6
AI-Linetype-37
 62
     7
370
     0
100
AcDbLine
 10
187.5785773060661
 20
-44.72503582543433
 30
0.0
 11
201.4371058672579
 21
-44.72503582543433
 31
0.0
  0
SPLINE
  5
142
330
70
100
AcDbEntity
  8
0
  6
AI-Linetype-38
 62
     7
370
     0
100
AcDbSpline
210
0.0
220
0.0
230
1.0
 70
     9
 71
     3
 72
    11
 73
     7
 74
     0
 42
0.0000000001
 43
0.0000000001
 40
0.0
 40
0.0
 40
0.0
 40
0.0
 40
1.0
 40
1.0
 40
1.0
 40
2.0
 40
2.0
 40
2.0
 40
2.0
 10
199.5785773062607
 20
-56.42503582499486
 30
0.0
 10
202.2452439726615
 20
-50.5815575643744
 30
0.0
 10
202.2452439726615
 20
-43.86851408649444
 30
0.0
 10
199.5785773062607
 20
-38.02503582587398
 30
0.0
 10
199.5785773062607
 20
-38.02503582587398
 30
0.0
 10
199.5785773062607
 20
-56.42503582499486
 30
0.0
 10
199.5785773062607
 20
-56.42503582499486
 30
0.0
  0
LWPOLYLINE
  5
144
330
70
100
AcDbEntity
  8
0
  6
AI-Linetype-39
 62
     7
370
     0
100
AcDbPolyline
 90
        4
 70
     0
 43
0.0
 10
179.3789560885079
 20
-41.22503582543453
 10
187.5785773060661
 20
-41.22503582543453
 10
187.5785773060661
 20
-53.22503582543432
 10
179.3789560885079
 20
-53.22503582543496
  0
SPLINE
  5
146
330
70
100
AcDbEntity
  8
0
 62
     7
370
     0
100
AcDbSpline
210
0.0
220
0.0
230
1.0
 70
     8
 71
     3
 72
    11
 73
     7
 74
     0
 42
0.0000000001
 43
0.0000000001
 40
0.0
 40
0.0
 40
0.0
 40
0.0
 40
1.0
 40
1.0
 40
1.0
 40
2.0
 40
2.0
 40
2.0
 40
2.0
 10
158.4558834754866
 20
-52.22503582538294
 30
0.0
 10
161.2173072246125
 20
-56.49016185561174
 30
0.0
 10
166.9134512757633
 20
-57.7091534051166
 30
0.0
 10
171.1785773059918
 20
-54.9477296559907
 30
0.0
 10
172.2716476758855
 20
-54.2400294714011
 30
0.0
 10
173.2020329471845
 20
-53.30835015577449
 30
0.0
 10
173.9082131874375
 20
-52.21429720774874
 30
0.0
  0
SPLINE
  5
147
330
70
100
AcDbEntity
  8
0
 62
     7
370
     0
100
AcDbSpline
210
0.0
220
0.0
230
1.0
 70
     8
 71
     3
 72
    11
 73
     7
 74
     0
 42
0.0000000001
 43
0.0000000001
 40
0.0
 40
0.0
 40
0.0
 40
0.0
 40
1.0
 40
1.0
 40
1.0
 40
2.0
 40
2.0
 40
2.0
 40
2.0
 10
173.9012711365992
 20
-42.2250358254859
 30
0.0
 10
171.1398473874733
 20
-37.9599097952571
 30
0.0
 10
165.4437033363225
 20
-36.74091824575225
 30
0.0
 10
161.1785773060941
 20
-39.50234199487815
 30
0.0
 10
160.0891250526982
 20
-40.20769965717117
 30
0.0
 10
159.1612411377793
 20
-41.13558357208973
 30
0.0
 10
158.4558834754866
 20
-42.2250358254859
 30
0.0
  0
SPLINE
  5
148
330
70
100
AcDbEntity
  8
0
 62
     7
370
     0
100
AcDbSpline
210
0.0
220
0.0
230
1.0
 70
     8
 71
     3
 72
    11
 73
     7
 74
     0
 42
0.0000000001
 43
0.0000000001
 40
0.0
 40
0.0
 40
0.0
 40
0.0
 40
1.0
 40
1.0
 40
1.0
 40
2.0
 40
2.0
 40
2.0
 40
2.0
 10
179.7892348948797
 20
-42.22503582549039
 30
0.0
 10
177.0278111457564
 20
-34.70807720400708
 30
0.0
 10
168.6955359275819
 20
-30.8529544874743
 30
0.0
 10
161.1785773060986
 20
-33.61437823659763
 30
0.0
 10
157.1838112329384
 20
-35.08189222225296
 30
0.0
 10
154.0354337028611
 20
-38.23026975232994
 30
0.0
 10
152.5679197172061
 20
-42.22503582549039
 30
0.0
  0
SPLINE
  5
149
330
70
100
AcDbEntity
  8
0
 62
     7
370
     0
100
AcDbSpline
210
0.0
220
0.0
230
1.0
 70
     8
 71
     3
 72
    11
 73
     7
 74
     0
 42
0.0000000001
 43
0.0000000001
 40
0.0
 40
0.0
 40
0.0
 40
0.0
 40
1.0
 40
1.0
 40
1.0
 40
2.0
 40
2.0
 40
2.0
 40
2.0
 10
176.8116624651069
 20
-42.22503582542494
 30
0.0
 10
174.0502387159479
 20
-36.35254504842202
 30
0.0
 10
167.0510680830367
 20
-33.8305269172112
 30
0.0
 10
161.1785773060337
 20
-36.59195066637047
 30
0.0
 10
158.7022197386476
 20
-37.75640930200927
 30
0.0
 10
156.7099507826174
 20
-39.74867825803885
 30
0.0
 10
155.5454921469789
 20
-42.22503582542494
 30
0.0
  0
SPLINE
  5
14A
330
70
100
AcDbEntity
  8
0
 62
     7
370
     0
100
AcDbSpline
210
0.0
220
0.0
230
1.0
 70
     8
 71
     3
 72
    11
 73
     7
 74
     0
 42
0.0000000001
 43
0.0000000001
 40
0.0
 40
0.0
 40
0.0
 40
0.0
 40
1.0
 40
1.0
 40
1.0
 40
2.0
 40
2.0
 40
2.0
 40
2.0
 10
155.5454921469789
 20
-52.22503582544391
 30
0.0
 10
158.3069158961379
 20
-58.09752660244683
 30
0.0
 10
165.3060865290491
 20
-60.61954473365765
 30
0.0
 10
171.1785773060521
 20
-57.85812098449838
 30
0.0
 10
173.6416575393599
 20
-56.69990575511464
 30
0.0
 10
175.6262510433167
 20
-54.72251458214423
 30
0.0
 10
176.7934136552115
 20
-52.26366155874427
 30
0.0
  0
LINE
  5
14B
330
70
100
AcDbEntity
  8
0
 62
     7
370
     0
100
AcDbLine
 10
159.6163749318537
 20
-51.37129378861194
 30
0.0
 11
159.6163749318537
 21
-43.07877786228642
 31
0.0
  0
LINE
  5
14C
330
70
100
AcDbEntity
  8
0
 62
     7
370
     0
100
AcDbLine
 10
172.740779680261
 20
-51.37129378861194
 30
0.0
 11
172.740779680261
 21
-43.07877786228642
 31
0.0
  0
CIRCLE
  5
14D
330
70
100
AcDbEntity
  8
0
 62
     7
370
     0
100
AcDbCircle
 10
166.1785773060429
 20
-47.22503582543458
 30
0.0
 40
4.500000000000078
  0
SPLINE
  5
14E
330
70
100
AcDbEntity
  8
0
 62
     7
370
     0
100
AcDbSpline
210
0.0
220
0.0
230
1.0
 70
     8
 71
     3
 72
    11
 73
     7
 74
     0
 42
0.0000000001
 43
0.0000000001
 40
0.0
 40
0.0
 40
0.0
 40
0.0
 40
1.0
 40
1.0
 40
1.0
 40
2.0
 40
2.0
 40
2.0
 40
2.0
 10
152.5679197172061
 20
-52.22503582537846
 30
0.0
 10
155.3293434663294
 20
-59.74199444686177
 30
0.0
 10
163.6616186845039
 20
-63.59711716339455
 30
0.0
 10
171.1785773059872
 20
-60.83569341427121
 30
0.0
 10
175.1733433791474
 20
-59.36817942861589
 30
0.0
 10
178.3217209092247
 20
-56.21980189853891
 30
0.0
 10
179.7892348948797
 20
-52.22503582537846
 30
0.0
  0
SPLINE
  5
14F
330
70
100
AcDbEntity
  8
0
 62
     7
370
     0
100
AcDbSpline
210
0.0
220
0.0
230
1.0
 70
     9
 71
     3
 72
    59
 73
    55
 74
     0
 42
0.0000000001
 43
0.0000000001
 40
0.0
 40
0.0
 40
0.0
 40
0.0
 40
1.0
 40
1.0
 40
1.0
 40
2.0
 40
2.0
 40
2.0
 40
3.0
 40
3.0
 40
3.0
 40
4.0
 40
4.0
 40
4.0
 40
5.0
 40
5.0
 40
5.0
 40
6.0
 40
6.0
 40
6.0
 40
7.0
 40
7.0
 40
7.0
 40
8.0
 40
8.0
 40
8.0
 40
9.0
 40
9.0
 40
9.0
 40
10.0
 40
10.0
 40
10.0
 40
11.0
 40
11.0
 40
11.0
 40
12.0
 40
12.0
 40
12.0
 40
13.0
 40
13.0
 40
13.0
 40
14.0
 40
14.0
 40
14.0
 40
15.0
 40
15.0
 40
15.0
 40
16.0
 40
16.0
 40
16.0
 40
17.0
 40
17.0
 40
17.0
 40
18.0
 40
18.0
 40
18.0
 40
18.0
 10
184.9285773060428
 20
-50.22503582543421
 30
0.0
 10
184.9285773060428
 20
-50.77732057526517
 30
0.0
 10
184.4808620558737
 20
-51.22503582543425
 30
0.0
 10
183.9285773060431
 20
-51.22503582543425
 30
0.0
 10
183.9285773060431
 20
-51.22503582543425
 30
0.0
 10
173.6660668720167
 20
-51.22503582543489
 30
0.0
 10
173.6660668720167
 20
-51.22503582543489
 30
0.0
 10
172.8353908194308
 20
-51.22503582543425
 30
0.0
 10
172.0418974739816
 20
-51.56945745701336
 30
0.0
 10
171.4746065112439
 20
-52.17625533764234
 30
0.0
 10
171.3635688694352
 20
-52.29502579256692
 30
0.0
 10
171.2485672731308
 20
-52.41002738887066
 30
0.0
 10
171.1297968182052
 20
-52.52106503067845
 30
0.0
 10
168.2048806535023
 20
-55.25554806029957
 30
0.0
 10
163.6170311304611
 20
-55.10117150230136
 30
0.0
 10
160.8825481008399
 20
-52.17625533759871
 30
0.0
 10
160.3152571381151
 20
-51.56945745699219
 30
0.0
 10
159.5217637926878
 20
-51.22503582542911
 30
0.0
 10
158.6910877401268
 20
-51.22503582543425
 30
0.0
 10
158.6910877401268
 20
-51.22503582543425
 30
0.0
 10
148.4285773060427
 20
-51.22503582543489
 30
0.0
 10
148.4285773060427
 20
-51.22503582543489
 30
0.0
 10
147.8762925562115
 20
-51.22503582543425
 30
0.0
 10
147.4285773060424
 20
-50.77732057526517
 30
0.0
 10
147.4285773060424
 20
-50.22503582543421
 30
0.0
 10
147.4285773060424
 20
-50.22503582543421
 30
0.0
 10
147.4285773060427
 20
-44.22503582543463
 30
0.0
 10
147.4285773060427
 20
-44.22503582543463
 30
0.0
 10
147.4285773060427
 20
-43.67275107560368
 30
0.0
 10
147.8762925562118
 20
-43.2250358254346
 30
0.0
 10
148.4285773060424
 20
-43.2250358254346
 30
0.0
 10
148.4285773060424
 20
-43.2250358254346
 30
0.0
 10
158.6910877401268
 20
-43.2250358254346
 30
0.0
 10
158.6910877401268
 20
-43.2250358254346
 30
0.0
 10
159.5217637927073
 20
-43.2250358254346
 30
0.0
 10
160.3152571381324
 20
-42.88061419386575
 30
0.0
 10
160.8825481008531
 20
-42.27381631325537
 30
0.0
 10
160.9935857426477
 20
-42.15504585834492
 30
0.0
 10
161.1085873389511
 20
-42.04004426204053
 30
0.0
 10
161.2273577938758
 20
-41.92900662023146
 30
0.0
 10
164.1522739585563
 20
-39.19452359058596
 30
0.0
 10
168.7401234815987
 20
-39.3489001485463
 30
0.0
 10
171.4746065112443
 20
-42.2738163132265
 30
0.0
 10
172.0418974739819
 20
-42.88061419385548
 30
0.0
 10
172.8353908194311
 20
-43.2250358254346
 30
0.0
 10
173.6660668720171
 20
-43.2250358254346
 30
0.0
 10
173.6660668720171
 20
-43.2250358254346
 30
0.0
 10
183.9285773060431
 20
-43.2250358254346
 30
0.0
 10
183.9285773060431
 20
-43.2250358254346
 30
0.0
 10
184.4808620558737
 20
-43.2250358254346
 30
0.0
 10
184.9285773060431
 20
-43.67275107560368
 30
0.0
 10
184.9285773060431
 20
-44.22503582543463
 30
0.0
 10
184.9285773060431
 20
-44.22503582543463
 30
0.0
 10
184.9285773060428
 20
-50.22503582543485
 30
0.0
 10
184.9285773060428
 20
-50.22503582543421
 30
0.0
  0
SPLINE
  5
150
330
70
100
AcDbEntity
  8
0
 62
     7
370
     0
100
AcDbSpline
210
0.0
220
0.0
230
1.0
 70
     8
 71
     3
 72
    32
 73
    28
 74
     0
 42
0.0000000001
 43
0.0000000001
 40
0.0
 40
0.0
 40
0.0
 40
0.0
 40
1.0
 40
1.0
 40
1.0
 40
2.0
 40
2.0
 40
2.0
 40
3.0
 40
3.0
 40
3.0
 40
4.0
 40
4.0
 40
4.0
 40
5.0
 40
5.0
 40
5.0
 40
6.0
 40
6.0
 40
6.0
 40
7.0
 40
7.0
 40
7.0
 40
8.0
 40
8.0
 40
8.0
 40
9.0
 40
9.0
 40
9.0
 40
9.0
 10
185.9285773060428
 20
-44.22503582543463
 30
0.0
 10
185.9285773060428
 20
-43.12046632577273
 30
0.0
 10
185.0331468057046
 20
-42.22503582543456
 30
0.0
 10
183.9285773060431
 20
-42.22503582543456
 30
0.0
 10
183.9285773060431
 20
-42.22503582543456
 30
0.0
 10
173.6660668720167
 20
-42.22503582543456
 30
0.0
 10
173.6660668720167
 20
-42.22503582543456
 30
0.0
 10
173.1122828369661
 20
-42.22503582544804
 30
0.0
 10
172.5832872733341
 20
-41.99542140441134
 30
0.0
 10
172.2050932981701
 20
-41.59088948400657
 30
0.0
 10
169.093440195511
 20
-38.26253660694858
 30
0.0
 10
163.8727838417305
 20
-38.08686673060922
 30
0.0
 10
160.5444309646725
 20
-41.19851983326837
 30
0.0
 10
160.409278378034
 20
-41.32487301187653
 30
0.0
 10
160.2784144925848
 20
-41.45573689732475
 30
0.0
 10
160.1520613139753
 20
-41.59088948396293
 30
0.0
 10
159.773867338815
 20
-41.99542140438246
 30
0.0
 10
159.2448717751823
 20
-42.22503582543456
 30
0.0
 10
158.6910877401252
 20
-42.22503582543456
 30
0.0
 10
158.6910877401252
 20
-42.22503582543456
 30
0.0
 10
148.4285773060427
 20
-42.22503582543456
 30
0.0
 10
148.4285773060427
 20
-42.22503582543456
 30
0.0
 10
147.3240078063815
 20
-42.22503582543456
 30
0.0
 10
146.4285773060433
 20
-43.12046632577273
 30
0.0
 10
146.428577306043
 20
-44.22503582543463
 30
0.0
 10
146.428577306043
 20
-44.22503582543463
 30
0.0
 10
146.4285773060427
 20
-50.22503582543485
 30
0.0
 10
146.4285773060427
 20
-50.22503582543485
 30
0.0
  0
SPLINE
  5
151
330
70
100
AcDbEntity
  8
0
 62
     7
370
     0
100
AcDbSpline
210
0.0
220
0.0
230
1.0
 70
     8
 71
     3
 72
    32
 73
    28
 74
     0
 42
0.0000000001
 43
0.0000000001
 40
0.0
 40
0.0
 40
0.0
 40
0.0
 40
1.0
 40
1.0
 40
1.0
 40
2.0
 40
2.0
 40
2.0
 40
3.0
 40
3.0
 40
3.0
 40
4.0
 40
4.0
 40
4.0
 40
5.0
 40
5.0
 40
5.0
 40
6.0
 40
6.0
 40
6.0
 40
7.0
 40
7.0
 40
7.0
 40
8.0
 40
8.0
 40
8.0
 40
9.0
 40
9.0
 40
9.0
 40
9.0
 10
146.428577306043
 20
-50.22503582543421
 30
0.0
 10
146.428577306043
 20
-51.32960532509612
 30
0.0
 10
147.3240078063812
 20
-52.22503582543492
 30
0.0
 10
148.4285773060427
 20
-52.22503582543492
 30
0.0
 10
148.4285773060427
 20
-52.22503582543492
 30
0.0
 10
158.6910877401268
 20
-52.22503582543428
 30
0.0
 10
158.6910877401268
 20
-52.22503582543428
 30
0.0
 10
159.2448717751842
 20
-52.22503582543492
 30
0.0
 10
159.7738673388169
 20
-52.45465024648766
 30
0.0
 10
160.1520613139757
 20
-52.85918216690656
 30
0.0
 10
163.2637144166583
 20
-56.18753504394208
 30
0.0
 10
168.48437077044
 20
-56.36320492024293
 30
0.0
 10
171.8127236474756
 20
-53.25155181756005
 30
0.0
 10
171.9478762341134
 20
-53.12519863895061
 30
0.0
 10
172.0787401195613
 20
-52.99433475350174
 30
0.0
 10
172.2050932981698
 20
-52.85918216686292
 30
0.0
 10
172.5832872733341
 20
-52.45465024645751
 30
0.0
 10
173.1122828369661
 20
-52.2250358254208
 30
0.0
 10
173.6660668720167
 20
-52.22503582543428
 30
0.0
 10
173.6660668720167
 20
-52.22503582543428
 30
0.0
 10
183.9285773060431
 20
-52.22503582543428
 30
0.0
 10
183.9285773060431
 20
-52.22503582543428
 30
0.0
 10
185.0331468057043
 20
-52.22503582543428
 30
0.0
 10
185.9285773060425
 20
-51.32960532509612
 30
0.0
 10
185.9285773060428
 20
-50.22503582543485
 30
0.0
 10
185.9285773060428
 20
-50.22503582543485
 30
0.0
 10
185.9285773060428
 20
-44.22503582543463
 30
0.0
 10
185.9285773060428
 20
-44.22503582543463
 30
0.0
  0
LINE
  5
152
330
70
100
AcDbEntity
  8
0
  6
AI-Linetype-40
 62
     7
370
     0
100
AcDbLine
 10
177.3861640222047
 20
392.4749641745609
 30
0.0
 11
199.5785773060662
 21
392.4749641745609
 31
0.0
  0
LINE
  5
154
330
70
100
AcDbEntity
  8
0
  6
AI-Linetype-41
 62
     7
370
     0
100
AcDbLine
 10
177.3861640222047
 20
374.0749641745667
 30
0.0
 11
199.5785773060662
 21
374.0749641745667
 31
0.0
  0
LINE
  5
156
330
70
100
AcDbEntity
  8
0
  6
AI-Linetype-42
 62
     7
370
     0
100
AcDbLine
 10
187.5785773060661
 20
380.7749641745784
 30
0.0
 11
201.4371058672579
 21
380.7749641745784
 31
0.0
  0
LINE
  5
158
330
70
100
AcDbEntity
  8
0
  6
AI-Linetype-43
 62
     7
370
     0
100
AcDbLine
 10
187.5785773060661
 20
385.7749641745783
 30
0.0
 11
201.4371058672579
 21
385.7749641745783
 31
0.0
  0
SPLINE
  5
15A
330
70
100
AcDbEntity
  8
0
  6
AI-Linetype-44
 62
     7
370
     0
100
AcDbSpline
210
0.0
220
0.0
230
1.0
 70
     9
 71
     3
 72
    11
 73
     7
 74
     0
 42
0.0000000001
 43
0.0000000001
 40
0.0
 40
0.0
 40
0.0
 40
0.0
 40
1.0
 40
1.0
 40
1.0
 40
2.0
 40
2.0
 40
2.0
 40
2.0
 10
199.5785773062607
 20
374.0749641750181
 30
0.0
 10
202.2452439726615
 20
379.9184424356385
 30
0.0
 10
202.2452439726615
 20
386.6314859135185
 30
0.0
 10
199.5785773062607
 20
392.474964174139
 30
0.0
 10
199.5785773062607
 20
392.474964174139
 30
0.0
 10
199.5785773062607
 20
374.0749641750181
 30
0.0
 10
199.5785773062607
 20
374.0749641750181
 30
0.0
  0
LWPOLYLINE
  5
15C
330
70
100
AcDbEntity
  8
0
  6
AI-Linetype-45
 62
     7
370
     0
100
AcDbPolyline
 90
        4
 70
     0
 43
0.0
 10
179.3789560885079
 20
389.2749641745784
 10
187.5785773060661
 20
389.2749641745784
 10
187.5785773060661
 20
377.2749641745783
 10
179.3789560885079
 20
377.2749641745783
  0
SPLINE
  5
15E
330
70
100
AcDbEntity
  8
0
 62
     7
370
     0
100
AcDbSpline
210
0.0
220
0.0
230
1.0
 70
     8
 71
     3
 72
    11
 73
     7
 74
     0
 42
0.0000000001
 43
0.0000000001
 40
0.0
 40
0.0
 40
0.0
 40
0.0
 40
1.0
 40
1.0
 40
1.0
 40
2.0
 40
2.0
 40
2.0
 40
2.0
 10
158.4558834754866
 20
378.2749641746297
 30
0.0
 10
161.2173072246125
 20
374.0098381444012
 30
0.0
 10
166.9134512757633
 20
372.7908465948967
 30
0.0
 10
171.1785773059918
 20
375.5522703440222
 30
0.0
 10
172.2716476758855
 20
376.2599705286119
 30
0.0
 10
173.2020329471845
 20
377.1916498442382
 30
0.0
 10
173.9082131874375
 20
378.2857027922642
 30
0.0
  0
SPLINE
  5
15F
330
70
100
AcDbEntity
  8
0
 62
     7
370
     0
100
AcDbSpline
210
0.0
220
0.0
230
1.0
 70
     8
 71
     3
 72
    11
 73
     7
 74
     0
 42
0.0000000001
 43
0.0000000001
 40
0.0
 40
0.0
 40
0.0
 40
0.0
 40
1.0
 40
1.0
 40
1.0
 40
2.0
 40
2.0
 40
2.0
 40
2.0
 10
173.9012711365992
 20
388.2749641745274
 30
0.0
 10
171.1398473874733
 20
392.5400902047559
 30
0.0
 10
165.4437033363225
 20
393.7590817542604
 30
0.0
 10
161.1785773060941
 20
390.9976580051348
 30
0.0
 10
160.0891250526982
 20
390.2923003428418
 30
0.0
 10
159.1612411377793
 20
389.3644164279232
 30
0.0
 10
158.4558834754866
 20
388.2749641745274
 30
0.0
  0
SPLINE
  5
160
330
70
100
AcDbEntity
  8
0
 62
     7
370
     0
100
AcDbSpline
210
0.0
220
0.0
230
1.0
 70
     8
 71
     3
 72
    11
 73
     7
 74
     0
 42
0.0000000001
 43
0.0000000001
 40
0.0
 40
0.0
 40
0.0
 40
0.0
 40
1.0
 40
1.0
 40
1.0
 40
2.0
 40
2.0
 40
2.0
 40
2.0
 10
179.7892348948797
 20
388.2749641745229
 30
0.0
 10
177.0278111457564
 20
395.7919227960062
 30
0.0
 10
168.6955359275819
 20
399.6470455125384
 30
0.0
 10
161.1785773060986
 20
396.8856217634153
 30
0.0
 10
157.1838112329384
 20
395.4181077777603
 30
0.0
 10
154.0354337028611
 20
392.269730247683
 30
0.0
 10
152.5679197172061
 20
388.2749641745229
 30
0.0
  0
SPLINE
  5
161
330
70
100
AcDbEntity
  8
0
 62
     7
370
     0
100
AcDbSpline
210
0.0
220
0.0
230
1.0
 70
     8
 71
     3
 72
    11
 73
     7
 74
     0
 42
0.0000000001
 43
0.0000000001
 40
0.0
 40
0.0
 40
0.0
 40
0.0
 40
1.0
 40
1.0
 40
1.0
 40
2.0
 40
2.0
 40
2.0
 40
2.0
 10
176.8116624651069
 20
388.274964174588
 30
0.0
 10
174.0502387159479
 20
394.1474549515909
 30
0.0
 10
167.0510680830367
 20
396.6694730828018
 30
0.0
 10
161.1785773060337
 20
393.9080493336425
 30
0.0
 10
158.7022197386476
 20
392.7435906980037
 30
0.0
 10
156.7099507826174
 20
390.7513217419741
 30
0.0
 10
155.5454921469789
 20
388.274964174588
 30
0.0
  0
SPLINE
  5
162
330
70
100
AcDbEntity
  8
0
 62
     7
370
     0
100
AcDbSpline
210
0.0
220
0.0
230
1.0
 70
     8
 71
     3
 72
    11
 73
     7
 74
     0
 42
0.0000000001
 43
0.0000000001
 40
0.0
 40
0.0
 40
0.0
 40
0.0
 40
1.0
 40
1.0
 40
1.0
 40
2.0
 40
2.0
 40
2.0
 40
2.0
 10
155.5454921469789
 20
378.2749641745691
 30
0.0
 10
158.3069158961379
 20
372.4024733975661
 30
0.0
 10
165.3060865290491
 20
369.8804552663553
 30
0.0
 10
171.1785773060521
 20
372.6418790155146
 30
0.0
 10
173.6416575393599
 20
373.8000942448983
 30
0.0
 10
175.6262510433167
 20
375.7774854178687
 30
0.0
 10
176.7934136552115
 20
378.2363384412687
 30
0.0
  0
LINE
  5
163
330
70
100
AcDbEntity
  8
0
 62
     7
370
     0
100
AcDbLine
 10
159.6163749318537
 20
379.1287062114013
 30
0.0
 11
159.6163749318537
 21
387.4212221377265
 31
0.0
  0
LINE
  5
164
330
70
100
AcDbEntity
  8
0
 62
     7
370
     0
100
AcDbLine
 10
172.740779680261
 20
379.1287062114013
 30
0.0
 11
172.740779680261
 21
387.4212221377265
 31
0.0
  0
CIRCLE
  5
165
330
70
100
AcDbEntity
  8
0
 62
     7
370
     0
100
AcDbCircle
 10
166.1785773060429
 20
383.2749641745786
 30
0.0
 40
4.499999999999998
  0
SPLINE
  5
166
330
70
100
AcDbEntity
  8
0
 62
     7
370
     0
100
AcDbSpline
210
0.0
220
0.0
230
1.0
 70
     8
 71
     3
 72
    11
 73
     7
 74
     0
 42
0.0000000001
 43
0.0000000001
 40
0.0
 40
0.0
 40
0.0
 40
0.0
 40
1.0
 40
1.0
 40
1.0
 40
2.0
 40
2.0
 40
2.0
 40
2.0
 10
152.5679197172061
 20
378.2749641746342
 30
0.0
 10
155.3293434663294
 20
370.7580055531512
 30
0.0
 10
163.6616186845039
 20
366.9028828366188
 30
0.0
 10
171.1785773059872
 20
369.6643065857417
 30
0.0
 10
175.1733433791474
 20
371.1318205713967
 30
0.0
 10
178.3217209092247
 20
374.280198101474
 30
0.0
 10
179.7892348948797
 20
378.2749641746342
 30
0.0
  0
SPLINE
  5
167
330
70
100
AcDbEntity
  8
0
 62
     7
370
     0
100
AcDbSpline
210
0.0
220
0.0
230
1.0
 70
     9
 71
     3
 72
    59
 73
    55
 74
     0
 42
0.0000000001
 43
0.0000000001
 40
0.0
 40
0.0
 40
0.0
 40
0.0
 40
1.0
 40
1.0
 40
1.0
 40
2.0
 40
2.0
 40
2.0
 40
3.0
 40
3.0
 40
3.0
 40
4.0
 40
4.0
 40
4.0
 40
5.0
 40
5.0
 40
5.0
 40
6.0
 40
6.0
 40
6.0
 40
7.0
 40
7.0
 40
7.0
 40
8.0
 40
8.0
 40
8.0
 40
9.0
 40
9.0
 40
9.0
 40
10.0
 40
10.0
 40
10.0
 40
11.0
 40
11.0
 40
11.0
 40
12.0
 40
12.0
 40
12.0
 40
13.0
 40
13.0
 40
13.0
 40
14.0
 40
14.0
 40
14.0
 40
15.0
 40
15.0
 40
15.0
 40
16.0
 40
16.0
 40
16.0
 40
17.0
 40
17.0
 40
17.0
 40
18.0
 40
18.0
 40
18.0
 40
18.0
 10
184.9285773060428
 20
380.2749641745784
 30
0.0
 10
184.9285773060428
 20
379.7226794247478
 30
0.0
 10
184.4808620558737
 20
379.2749641745787
 30
0.0
 10
183.9285773060431
 20
379.2749641745787
 30
0.0
 10
183.9285773060431
 20
379.2749641745787
 30
0.0
 10
173.6660668720167
 20
379.2749641745784
 30
0.0
 10
173.6660668720167
 20
379.2749641745784
 30
0.0
 10
172.8353908194308
 20
379.2749641745787
 30
0.0
 10
172.0418974739816
 20
378.9305425429996
 30
0.0
 10
171.4746065112439
 20
378.3237446623706
 30
0.0
 10
171.3635688694352
 20
378.2049742074457
 30
0.0
 10
171.2485672731308
 20
378.0899726111423
 30
0.0
 10
171.1297968182052
 20
377.9789349693345
 30
0.0
 10
168.2048806535023
 20
375.2444519397134
 30
0.0
 10
163.6170311304611
 20
375.3988284977112
 30
0.0
 10
160.8825481008399
 20
378.3237446624142
 30
0.0
 10
160.3152571381151
 20
378.9305425430208
 30
0.0
 10
159.5217637926878
 20
379.2749641745842
 30
0.0
 10
158.6910877401268
 20
379.2749641745787
 30
0.0
 10
158.6910877401268
 20
379.2749641745787
 30
0.0
 10
148.4285773060427
 20
379.2749641745784
 30
0.0
 10
148.4285773060427
 20
379.2749641745784
 30
0.0
 10
147.8762925562115
 20
379.2749641745784
 30
0.0
 10
147.4285773060424
 20
379.7226794247478
 30
0.0
 10
147.4285773060424
 20
380.2749641745784
 30
0.0
 10
147.4285773060424
 20
380.2749641745784
 30
0.0
 10
147.4285773060427
 20
386.2749641745783
 30
0.0
 10
147.4285773060427
 20
386.2749641745783
 30
0.0
 10
147.4285773060427
 20
386.8272489244089
 30
0.0
 10
147.8762925562118
 20
387.274964174578
 30
0.0
 10
148.4285773060424
 20
387.274964174578
 30
0.0
 10
148.4285773060424
 20
387.274964174578
 30
0.0
 10
158.6910877401268
 20
387.2749641745784
 30
0.0
 10
158.6910877401268
 20
387.2749641745784
 30
0.0
 10
159.5217637927073
 20
387.2749641745786
 30
0.0
 10
160.3152571381324
 20
387.6193858061472
 30
0.0
 10
160.8825481008531
 20
388.2261836867572
 30
0.0
 10
160.9935857426477
 20
388.344954141668
 30
0.0
 10
161.1085873389511
 20
388.4599557379724
 30
0.0
 10
161.2273577938758
 20
388.5709933797815
 30
0.0
 10
164.1522739585563
 20
391.3054764094267
 30
0.0
 10
168.7401234815987
 20
391.1510998514667
 30
0.0
 10
171.4746065112443
 20
388.2261836867865
 30
0.0
 10
172.0418974739819
 20
387.6193858061575
 30
0.0
 10
172.8353908194311
 20
387.2749641745784
 30
0.0
 10
173.6660668720171
 20
387.2749641745784
 30
0.0
 10
173.6660668720171
 20
387.2749641745784
 30
0.0
 10
183.9285773060431
 20
387.2749641745784
 30
0.0
 10
183.9285773060431
 20
387.2749641745784
 30
0.0
 10
184.4808620558737
 20
387.2749641745784
 30
0.0
 10
184.9285773060431
 20
386.8272489244093
 30
0.0
 10
184.9285773060431
 20
386.2749641745783
 30
0.0
 10
184.9285773060431
 20
386.2749641745783
 30
0.0
 10
184.9285773060428
 20
380.2749641745784
 30
0.0
 10
184.9285773060428
 20
380.2749641745784
 30
0.0
  0
SPLINE
  5
168
330
70
100
AcDbEntity
  8
0
 62
     7
370
     0
100
AcDbSpline
210
0.0
220
0.0
230
1.0
 70
     8
 71
     3
 72
    32
 73
    28
 74
     0
 42
0.0000000001
 43
0.0000000001
 40
0.0
 40
0.0
 40
0.0
 40
0.0
 40
1.0
 40
1.0
 40
1.0
 40
2.0
 40
2.0
 40
2.0
 40
3.0
 40
3.0
 40
3.0
 40
4.0
 40
4.0
 40
4.0
 40
5.0
 40
5.0
 40
5.0
 40
6.0
 40
6.0
 40
6.0
 40
7.0
 40
7.0
 40
7.0
 40
8.0
 40
8.0
 40
8.0
 40
9.0
 40
9.0
 40
9.0
 40
9.0
 10
185.9285773060428
 20
386.2749641745783
 30
0.0
 10
185.9285773060428
 20
387.3795336742399
 30
0.0
 10
185.0331468057046
 20
388.2749641745784
 30
0.0
 10
183.9285773060431
 20
388.2749641745784
 30
0.0
 10
183.9285773060431
 20
388.2749641745784
 30
0.0
 10
173.6660668720167
 20
388.2749641745784
 30
0.0
 10
173.6660668720167
 20
388.2749641745784
 30
0.0
 10
173.1122828369661
 20
388.2749641745645
 30
0.0
 10
172.5832872733341
 20
388.5045785956016
 30
0.0
 10
172.2050932981701
 20
388.9091105160067
 30
0.0
 10
169.093440195511
 20
392.2374633930644
 30
0.0
 10
163.8727838417305
 20
392.4131332694037
 30
0.0
 10
160.5444309646725
 20
389.3014801667446
 30
0.0
 10
160.4092783780337
 20
389.1751269881364
 30
0.0
 10
160.2784144925848
 20
389.0442631026882
 30
0.0
 10
160.1520613139753
 20
388.9091105160503
 30
0.0
 10
159.7738673388153
 20
388.5045785956305
 30
0.0
 10
159.2448717751823
 20
388.2749641745784
 30
0.0
 10
158.6910877401252
 20
388.2749641745784
 30
0.0
 10
158.6910877401252
 20
388.2749641745784
 30
0.0
 10
148.4285773060427
 20
388.2749641745784
 30
0.0
 10
148.4285773060427
 20
388.2749641745784
 30
0.0
 10
147.3240078063815
 20
388.2749641745784
 30
0.0
 10
146.4285773060433
 20
387.3795336742402
 30
0.0
 10
146.428577306043
 20
386.2749641745787
 30
0.0
 10
146.428577306043
 20
386.2749641745787
 30
0.0
 10
146.4285773060427
 20
380.2749641745784
 30
0.0
 10
146.4285773060427
 20
380.2749641745784
 30
0.0
  0
SPLINE
  5
169
330
70
100
AcDbEntity
  8
0
 62
     7
370
     0
100
AcDbSpline
210
0.0
220
0.0
230
1.0
 70
     8
 71
     3
 72
    32
 73
    28
 74
     0
 42
0.0000000001
 43
0.0000000001
 40
0.0
 40
0.0
 40
0.0
 40
0.0
 40
1.0
 40
1.0
 40
1.0
 40
2.0
 40
2.0
 40
2.0
 40
3.0
 40
3.0
 40
3.0
 40
4.0
 40
4.0
 40
4.0
 40
5.0
 40
5.0
 40
5.0
 40
6.0
 40
6.0
 40
6.0
 40
7.0
 40
7.0
 40
7.0
 40
8.0
 40
8.0
 40
8.0
 40
9.0
 40
9.0
 40
9.0
 40
9.0
 10
146.428577306043
 20
380.2749641745784
 30
0.0
 10
146.428577306043
 20
379.1703946749168
 30
0.0
 10
147.3240078063812
 20
378.2749641745784
 30
0.0
 10
148.4285773060427
 20
378.274964174578
 30
0.0
 10
148.4285773060427
 20
378.274964174578
 30
0.0
 10
158.6910877401268
 20
378.2749641745784
 30
0.0
 10
158.6910877401268
 20
378.2749641745784
 30
0.0
 10
159.2448717751842
 20
378.274964174578
 30
0.0
 10
159.7738673388169
 20
378.0453497535253
 30
0.0
 10
160.1520613139757
 20
377.6408178331064
 30
0.0
 10
163.2637144166583
 20
374.3124649560709
 30
0.0
 10
168.48437077044
 20
374.13679507977
 30
0.0
 10
171.8127236474756
 20
377.2484481824529
 30
0.0
 10
171.9478762341131
 20
377.3748013610624
 30
0.0
 10
172.0787401195613
 20
377.5056652465115
 30
0.0
 10
172.2050932981698
 20
377.6408178331501
 30
0.0
 10
172.5832872733341
 20
378.0453497535551
 30
0.0
 10
173.1122828369661
 20
378.2749641745921
 30
0.0
 10
173.6660668720167
 20
378.2749641745784
 30
0.0
 10
173.6660668720167
 20
378.2749641745784
 30
0.0
 10
183.9285773060431
 20
378.2749641745784
 30
0.0
 10
183.9285773060431
 20
378.2749641745784
 30
0.0
 10
185.0331468057043
 20
378.2749641745784
 30
0.0
 10
185.9285773060425
 20
379.1703946749168
 30
0.0
 10
185.9285773060428
 20
380.2749641745781
 30
0.0
 10
185.9285773060428
 20
380.2749641745781
 30
0.0
 10
185.9285773060428
 20
386.2749641745783
 30
0.0
 10
185.9285773060428
 20
386.2749641745783
 30
0.0
  0
LWPOLYLINE
  5
16A
330
70
100
AcDbEntity
  8
0
 62
     7
370
     0
100
AcDbPolyline
 90
        4
 70
     1
 43
0.0
 10
890.1069002773612
 20
-106.7250358254083
 10
890.1069002773612
 20
-26.72503582540803
 10
896.1069002773614
 20
-26.72503582541573
 10
896.1069002773614
 20
-106.725035825416
  0
LWPOLYLINE
  5
16B
330
70
100
AcDbEntity
  8
0
 62
     7
370
     0
100
AcDbPolyline
 90
        6
 70
     0
 43
0.0
 10
896.1069002773614
 20
-87.83899339749533
 10
908.7546690354603
 20
-87.83899339749533
 10
908.7546690354596
 20
-106.725035825407
 10
879.2430412289711
 20
-106.7250358254083
 10
879.2430412289711
 20
-87.83899339749661
 10
890.1069002773605
 20
-87.83899339749533
  0
INSERT
  5
16D
330
70
100
AcDbEntity
  8
0
100
AcDbBlockReference
  2
Block_4
 10
0.0
 20
0.0
 30
0.0
  0
LWPOLYLINE
  5
176
330
70
100
AcDbEntity
  8
0
 62
     7
370
     0
100
AcDbPolyline
 90
        4
 70
     1
 43
0.0
 10
879.2430412289711
 20
-106.7250358254083
 10
879.2430412289711
 20
-87.83899339749661
 10
885.8512669166037
 20
-87.83899339749533
 10
885.8512669166037
 20
-106.725035825407
  0
LINE
  5
177
330
70
100
AcDbEntity
  8
0
 62
     7
370
     0
100
AcDbLine
 10
894.5288933823061
 20
-85.50227119101416
 30
0.0
 11
894.5288933823061
 21
-86.6398656749612
 31
0.0
  0
LINE
  5
178
330
70
100
AcDbEntity
  8
0
 62
     7
370
     0
100
AcDbLine
 10
893.7163258937678
 20
-86.6398656749612
 30
0.0
 11
893.7163258937678
 21
-88.93212536805904
 31
0.0
  0
LINE
  5
179
330
70
100
AcDbEntity
  8
0
 62
     7
370
     0
100
AcDbLine
 10
893.7163258937678
 20
-85.50227119101416
 30
0.0
 11
893.7163258937678
 21
-83.21001149789578
 31
0.0
  0
LINE
  5
17A
330
70
100
AcDbEntity
  8
0
 62
     7
370
     0
100
AcDbLine
 10
892.4974746609573
 20
-86.6398656749612
 30
0.0
 11
892.4974746609573
 21
-88.93212536805904
 31
0.0
  0
LINE
  5
17B
330
70
100
AcDbEntity
  8
0
 62
     7
370
     0
100
AcDbLine
 10
892.4974746609573
 20
-85.50227119101416
 30
0.0
 11
892.4974746609573
 21
-83.21001149789578
 31
0.0
  0
LINE
  5
17C
330
70
100
AcDbEntity
  8
0
 62
     7
370
     0
100
AcDbLine
 10
891.6849071724167
 20
-86.6398656749612
 30
0.0
 11
891.6849071724167
 21
-85.50227119101416
 31
0.0
  0
LINE
  5
17D
330
70
100
AcDbEntity
  8
0
 62
     7
370
     0
100
AcDbLine
 10
894.5288933823061
 20
-86.6398656749612
 30
0.0
 11
893.7163258937678
 21
-86.6398656749612
 31
0.0
  0
LINE
  5
17E
330
70
100
AcDbEntity
  8
0
 62
     7
370
     0
100
AcDbLine
 10
892.4974746609573
 20
-86.6398656749612
 30
0.0
 11
891.6849071724167
 21
-86.6398656749612
 31
0.0
  0
LINE
  5
17F
330
70
100
AcDbEntity
  8
0
 62
     7
370
     0
100
AcDbLine
 10
891.6849071724167
 20
-85.50227119101416
 30
0.0
 11
892.4974746609573
 21
-85.50227119101416
 31
0.0
  0
LINE
  5
180
330
70
100
AcDbEntity
  8
0
 62
     7
370
     0
100
AcDbLine
 10
893.7163258937678
 20
-85.50227119101416
 30
0.0
 11
894.5288933823061
 21
-85.50227119101416
 31
0.0
  0
CIRCLE
  5
181
330
70
100
AcDbEntity
  8
0
 62
     7
370
     0
100
AcDbCircle
 10
893.1069002773606
 20
-86.0710684329774
 30
0.0
 40
2.925242958741317
  0
LINE
  5
182
330
70
100
AcDbEntity
  8
0
 62
     7
370
     0
100
AcDbLine
 10
894.5288933823061
 20
-29.26036236823808
 30
0.0
 11
894.5288933823061
 21
-30.39795685218512
 31
0.0
  0
LINE
  5
183
330
70
100
AcDbEntity
  8
0
 62
     7
370
     0
100
AcDbLine
 10
893.7163258937678
 20
-30.39795685218512
 30
0.0
 11
893.7163258937678
 21
-32.69021654528297
 31
0.0
  0
LINE
  5
184
330
70
100
AcDbEntity
  8
0
 62
     7
370
     0
100
AcDbLine
 10
893.7163258937678
 20
-29.26036236823808
 30
0.0
 11
893.7163258937678
 21
-26.9681026751197
 31
0.0
  0
LINE
  5
185
330
70
100
AcDbEntity
  8
0
 62
     7
370
     0
100
AcDbLine
 10
892.4974746609573
 20
-30.39795685218512
 30
0.0
 11
892.4974746609573
 21
-32.69021654528297
 31
0.0
  0
LINE
  5
186
330
70
100
AcDbEntity
  8
0
 62
     7
370
     0
100
AcDbLine
 10
892.4974746609573
 20
-29.26036236823808
 30
0.0
 11
892.4974746609573
 21
-26.9681026751197
 31
0.0
  0
LINE
  5
187
330
70
100
AcDbEntity
  8
0
 62
     7
370
     0
100
AcDbLine
 10
891.6849071724167
 20
-30.39795685218512
 30
0.0
 11
891.6849071724167
 21
-29.26036236823808
 31
0.0
  0
LINE
  5
188
330
70
100
AcDbEntity
  8
0
 62
     7
370
     0
100
AcDbLine
 10
894.5288933823061
 20
-30.39795685218512
 30
0.0
 11
893.7163258937678
 21
-30.39795685218512
 31
0.0
  0
LINE
  5
189
330
70
100
AcDbEntity
  8
0
 62
     7
370
     0
100
AcDbLine
 10
892.4974746609573
 20
-30.39795685218512
 30
0.0
 11
891.6849071724167
 21
-30.39795685218512
 31
0.0
  0
LINE
  5
18A
330
70
100
AcDbEntity
  8
0
 62
     7
370
     0
100
AcDbLine
 10
891.6849071724167
 20
-29.26036236823808
 30
0.0
 11
892.4974746609573
 21
-29.26036236823808
 31
0.0
  0
LINE
  5
18B
330
70
100
AcDbEntity
  8
0
 62
     7
370
     0
100
AcDbLine
 10
893.7163258937678
 20
-29.26036236823808
 30
0.0
 11
894.5288933823061
 21
-29.26036236823808
 31
0.0
  0
CIRCLE
  5
18C
330
70
100
AcDbEntity
  8
0
 62
     7
370
     0
100
AcDbCircle
 10
893.1069002773606
 20
-29.82915961020133
 30
0.0
 40
2.925242958741317
  0
LINE
  5
18D
330
70
100
AcDbEntity
  8
0
 62
     7
370
     0
100
AcDbLine
 10
894.5288933823061
 20
-103.1035828422655
 30
0.0
 11
894.5288933823061
 21
-104.2411773262126
 31
0.0
  0
LINE
  5
18E
330
70
100
AcDbEntity
  8
0
 62
     7
370
     0
100
AcDbLine
 10
893.7163258937678
 20
-104.2411773262126
 30
0.0
 11
893.7163258937678
 21
-106.533437019331
 31
0.0
  0
LINE
  5
18F
330
70
100
AcDbEntity
  8
0
 62
     7
370
     0
100
AcDbLine
 10
893.7163258937678
 20
-103.1035828422655
 30
0.0
 11
893.7163258937678
 21
-100.8113231491677
 31
0.0
  0
LINE
  5
190
330
70
100
AcDbEntity
  8
0
 62
     7
370
     0
100
AcDbLine
 10
892.4974746609573
 20
-104.2411773262126
 30
0.0
 11
892.4974746609573
 21
-106.533437019331
 31
0.0
  0
LINE
  5
191
330
70
100
AcDbEntity
  8
0
 62
     7
370
     0
100
AcDbLine
 10
892.4974746609573
 20
-103.1035828422655
 30
0.0
 11
892.4974746609573
 21
-100.8113231491677
 31
0.0
  0
LINE
  5
192
330
70
100
AcDbEntity
  8
0
 62
     7
370
     0
100
AcDbLine
 10
891.6849071724167
 20
-104.2411773262126
 30
0.0
 11
891.6849071724167
 21
-103.1035828422655
 31
0.0
  0
LINE
  5
193
330
70
100
AcDbEntity
  8
0
 62
     7
370
     0
100
AcDbLine
 10
894.5288933823061
 20
-104.2411773262126
 30
0.0
 11
893.7163258937678
 21
-104.2411773262126
 31
0.0
  0
LINE
  5
194
330
70
100
AcDbEntity
  8
0
 62
     7
370
     0
100
AcDbLine
 10
892.4974746609573
 20
-104.2411773262126
 30
0.0
 11
891.6849071724167
 21
-104.2411773262126
 31
0.0
  0
LINE
  5
195
330
70
100
AcDbEntity
  8
0
 62
     7
370
     0
100
AcDbLine
 10
891.6849071724167
 20
-103.1035828422655
 30
0.0
 11
892.4974746609573
 21
-103.1035828422655
 31
0.0
  0
LINE
  5
196
330
70
100
AcDbEntity
  8
0
 62
     7
370
     0
100
AcDbLine
 10
893.7163258937678
 20
-103.1035828422655
 30
0.0
 11
894.5288933823061
 21
-103.1035828422655
 31
0.0
  0
CIRCLE
  5
197
330
70
100
AcDbEntity
  8
0
 62
     7
370
     0
100
AcDbCircle
 10
893.1069002773606
 20
-103.6723800842288
 30
0.0
 40
2.925242958741317
  0
LINE
  5
198
330
70
100
AcDbEntity
  8
0
 62
     7
370
     0
100
AcDbLine
 10
894.5288933823061
 20
-92.66454565951898
 30
0.0
 11
894.5288933823061
 21
-93.80214014346602
 31
0.0
  0
LINE
  5
199
330
70
100
AcDbEntity
  8
0
 62
     7
370
     0
100
AcDbLine
 10
893.7163258937678
 20
-93.80214014346602
 30
0.0
 11
893.7163258937678
 21
-96.0943998365844
 31
0.0
  0
LINE
  5
19A
330
70
100
AcDbEntity
  8
0
 62
     7
370
     0
100
AcDbLine
 10
893.7163258937678
 20
-92.66454565951898
 30
0.0
 11
893.7163258937678
 21
-90.37228596642114
 31
0.0
  0
LINE
  5
19B
330
70
100
AcDbEntity
  8
0
 62
     7
370
     0
100
AcDbLine
 10
892.4974746609573
 20
-93.80214014346602
 30
0.0
 11
892.4974746609573
 21
-96.0943998365844
 31
0.0
  0
LINE
  5
19C
330
70
100
AcDbEntity
  8
0
 62
     7
370
     0
100
AcDbLine
 10
892.4974746609573
 20
-92.66454565951898
 30
0.0
 11
892.4974746609573
 21
-90.37228596642114
 31
0.0
  0
LINE
  5
19D
330
70
100
AcDbEntity
  8
0
 62
     7
370
     0
100
AcDbLine
 10
891.6849071724167
 20
-93.80214014346602
 30
0.0
 11
891.6849071724167
 21
-92.66454565951898
 31
0.0
  0
LINE
  5
19E
330
70
100
AcDbEntity
  8
0
 62
     7
370
     0
100
AcDbLine
 10
894.5288933823061
 20
-93.80214014346602
 30
0.0
 11
893.7163258937678
 21
-93.80214014346602
 31
0.0
  0
LINE
  5
19F
330
70
100
AcDbEntity
  8
0
 62
     7
370
     0
100
AcDbLine
 10
892.4974746609573
 20
-93.80214014346602
 30
0.0
 11
891.6849071724167
 21
-93.80214014346602
 31
0.0
  0
LINE
  5
1A0
330
70
100
AcDbEntity
  8
0
 62
     7
370
     0
100
AcDbLine
 10
891.6849071724167
 20
-92.66454565951898
 30
0.0
 11
892.4974746609573
 21
-92.66454565951898
 31
0.0
  0
LINE
  5
1A1
330
70
100
AcDbEntity
  8
0
 62
     7
370
     0
100
AcDbLine
 10
893.7163258937678
 20
-92.66454565951898
 30
0.0
 11
894.5288933823061
 21
-92.66454565951898
 31
0.0
  0
CIRCLE
  5
1A2
330
70
100
AcDbEntity
  8
0
 62
     7
370
     0
100
AcDbCircle
 10
893.1069002773606
 20
-93.23334290148222
 30
0.0
 40
2.925242958741317
  0
LINE
  5
1A3
330
70
100
AcDbEntity
  8
0
 62
     7
370
     0
100
AcDbLine
 10
894.5288933823061
 20
-79.47759120643583
 30
0.0
 11
894.5288933823061
 21
-78.33999672248879
 31
0.0
  0
LINE
  5
1A4
330
70
100
AcDbEntity
  8
0
 62
     7
370
     0
100
AcDbLine
 10
893.7163258937678
 20
-78.33999672248879
 30
0.0
 11
893.7163258937678
 21
-76.04773702939095
 31
0.0
  0
LINE
  5
1A5
330
70
100
AcDbEntity
  8
0
 62
     7
370
     0
100
AcDbLine
 10
893.7163258937678
 20
-79.47759120643583
 30
0.0
 11
893.7163258937678
 21
-81.76985089955421
 31
0.0
  0
LINE
  5
1A6
330
70
100
AcDbEntity
  8
0
 62
     7
370
     0
100
AcDbLine
 10
892.4974746609573
 20
-78.33999672248879
 30
0.0
 11
892.4974746609573
 21
-76.04773702939095
 31
0.0
  0
LINE
  5
1A7
330
70
100
AcDbEntity
  8
0
 62
     7
370
     0
100
AcDbLine
 10
892.4974746609573
 20
-79.47759120643583
 30
0.0
 11
892.4974746609573
 21
-81.76985089955421
 31
0.0
  0
LINE
  5
1A8
330
70
100
AcDbEntity
  8
0
 62
     7
370
     0
100
AcDbLine
 10
891.6849071724167
 20
-78.33999672248879
 30
0.0
 11
891.6849071724167
 21
-79.47759120643583
 31
0.0
  0
LINE
  5
1A9
330
70
100
AcDbEntity
  8
0
 62
     7
370
     0
100
AcDbLine
 10
894.5288933823061
 20
-78.33999672248879
 30
0.0
 11
893.7163258937678
 21
-78.33999672248879
 31
0.0
  0
LINE
  5
1AA
330
70
100
AcDbEntity
  8
0
 62
     7
370
     0
100
AcDbLine
 10
892.4974746609573
 20
-78.33999672248879
 30
0.0
 11
891.6849071724167
 21
-78.33999672248879
 31
0.0
  0
LINE
  5
1AB
330
70
100
AcDbEntity
  8
0
 62
     7
370
     0
100
AcDbLine
 10
891.6849071724167
 20
-79.47759120643583
 30
0.0
 11
892.4974746609573
 21
-79.47759120643583
 31
0.0
  0
LINE
  5
1AC
330
70
100
AcDbEntity
  8
0
 62
     7
370
     0
100
AcDbLine
 10
893.7163258937678
 20
-79.47759120643583
 30
0.0
 11
894.5288933823061
 21
-79.47759120643583
 31
0.0
  0
CIRCLE
  5
1AD
330
70
100
AcDbEntity
  8
0
 62
     7
370
     0
100
AcDbCircle
 10
893.1069002773606
 20
-78.90879396445204
 30
0.0
 40
2.925242958741317
  0
LINE
  5
1AE
330
70
100
AcDbEntity
  8
0
 62
     7
370
     0
100
AcDbLine
 10
894.5288933823061
 20
-66.15623858343849
 30
0.0
 11
894.5288933823061
 21
-67.29383306740607
 31
0.0
  0
LINE
  5
1AF
330
70
100
AcDbEntity
  8
0
 62
     7
370
     0
100
AcDbLine
 10
893.7163258937678
 20
-67.29383306740607
 30
0.0
 11
893.7163258937678
 21
-69.58609276050392
 31
0.0
  0
LINE
  5
1B0
330
70
100
AcDbEntity
  8
0
 62
     7
370
     0
100
AcDbLine
 10
893.7163258937678
 20
-66.15623858343849
 30
0.0
 11
893.7163258937678
 21
-63.86397889032011
 31
0.0
  0
LINE
  5
1B1
330
70
100
AcDbEntity
  8
0
 62
     7
370
     0
100
AcDbLine
 10
892.4974746609573
 20
-67.29383306740607
 30
0.0
 11
892.4974746609573
 21
-69.58609276050392
 31
0.0
  0
LINE
  5
1B2
330
70
100
AcDbEntity
  8
0
 62
     7
370
     0
100
AcDbLine
 10
892.4974746609573
 20
-66.15623858343849
 30
0.0
 11
892.4974746609573
 21
-63.86397889032011
 31
0.0
  0
LINE
  5
1B3
330
70
100
AcDbEntity
  8
0
 62
     7
370
     0
100
AcDbLine
 10
891.6849071724167
 20
-67.29383306740607
 30
0.0
 11
891.6849071724167
 21
-66.15623858343849
 31
0.0
  0
LINE
  5
1B4
330
70
100
AcDbEntity
  8
0
 62
     7
370
     0
100
AcDbLine
 10
894.5288933823061
 20
-67.29383306740607
 30
0.0
 11
893.7163258937678
 21
-67.29383306740607
 31
0.0
  0
LINE
  5
1B5
330
70
100
AcDbEntity
  8
0
 62
     7
370
     0
100
AcDbLine
 10
892.4974746609573
 20
-67.29383306740607
 30
0.0
 11
891.6849071724167
 21
-67.29383306740607
 31
0.0
  0
LINE
  5
1B6
330
70
100
AcDbEntity
  8
0
 62
     7
370
     0
100
AcDbLine
 10
891.6849071724167
 20
-66.15623858343849
 30
0.0
 11
892.4974746609573
 21
-66.15623858343849
 31
0.0
  0
LINE
  5
1B7
330
70
100
AcDbEntity
  8
0
 62
     7
370
     0
100
AcDbLine
 10
893.7163258937678
 20
-66.15623858343849
 30
0.0
 11
894.5288933823061
 21
-66.15623858343849
 31
0.0
  0
CIRCLE
  5
1B8
330
70
100
AcDbEntity
  8
0
 62
     7
370
     0
100
AcDbCircle
 10
893.1069002773606
 20
-66.72503582542228
 30
0.0
 40
2.925242958741317
  0
LINE
  5
1B9
330
70
100
AcDbEntity
  8
0
 62
     7
370
     0
100
AcDbLine
 10
894.5288933823061
 20
-47.94780045985094
 30
0.0
 11
894.5288933823061
 21
-46.81020597588335
 31
0.0
  0
LINE
  5
1BA
330
70
100
AcDbEntity
  8
0
 62
     7
370
     0
100
AcDbLine
 10
893.7163258937678
 20
-46.81020597588335
 30
0.0
 11
893.7163258937678
 21
-44.51794628278551
 31
0.0
  0
LINE
  5
1BB
330
70
100
AcDbEntity
  8
0
 62
     7
370
     0
100
AcDbLine
 10
893.7163258937678
 20
-47.94780045985094
 30
0.0
 11
893.7163258937678
 21
-50.24006015294879
 31
0.0
  0
LINE
  5
1BC
330
70
100
AcDbEntity
  8
0
 62
     7
370
     0
100
AcDbLine
 10
892.4974746609573
 20
-46.81020597588335
 30
0.0
 11
892.4974746609573
 21
-44.51794628278551
 31
0.0
  0
LINE
  5
1BD
330
70
100
AcDbEntity
  8
0
 62
     7
370
     0
100
AcDbLine
 10
892.4974746609573
 20
-47.94780045985094
 30
0.0
 11
892.4974746609573
 21
-50.24006015294879
 31
0.0
  0
LINE
  5
1BE
330
70
100
AcDbEntity
  8
0
 62
     7
370
     0
100
AcDbLine
 10
891.6849071724167
 20
-46.81020597588335
 30
0.0
 11
891.6849071724167
 21
-47.94780045985094
 31
0.0
  0
LINE
  5
1BF
330
70
100
AcDbEntity
  8
0
 62
     7
370
     0
100
AcDbLine
 10
894.5288933823061
 20
-46.81020597588335
 30
0.0
 11
893.7163258937678
 21
-46.81020597588335
 31
0.0
  0
LINE
  5
1C0
330
70
100
AcDbEntity
  8
0
 62
     7
370
     0
100
AcDbLine
 10
892.4974746609573
 20
-46.81020597588335
 30
0.0
 11
891.6849071724167
 21
-46.81020597588335
 31
0.0
  0
LINE
  5
1C1
330
70
100
AcDbEntity
  8
0
 62
     7
370
     0
100
AcDbLine
 10
891.6849071724167
 20
-47.94780045985094
 30
0.0
 11
892.4974746609573
 21
-47.94780045985094
 31
0.0
  0
LINE
  5
1C2
330
70
100
AcDbEntity
  8
0
 62
     7
370
     0
100
AcDbLine
 10
893.7163258937678
 20
-47.94780045985094
 30
0.0
 11
894.5288933823061
 21
-47.94780045985094
 31
0.0
  0
CIRCLE
  5
1C3
330
70
100
AcDbEntity
  8
0
 62
     7
370
     0
100
AcDbCircle
 10
893.1069002773606
 20
-47.37900321786715
 30
0.0
 40
2.925242958741317
  0
LINE
  5
1C4
330
70
100
AcDbEntity
  8
0
 62
     7
370
     0
100
AcDbLine
 10
894.5288933823061
 20
-40.78552599132557
 30
0.0
 11
894.5288933823061
 21
-39.64793150737853
 31
0.0
  0
LINE
  5
1C5
330
70
100
AcDbEntity
  8
0
 62
     7
370
     0
100
AcDbLine
 10
893.7163258937678
 20
-39.64793150737853
 30
0.0
 11
893.7163258937678
 21
-37.35567181428069
 31
0.0
  0
LINE
  5
1C6
330
70
100
AcDbEntity
  8
0
 62
     7
370
     0
100
AcDbLine
 10
893.7163258937678
 20
-40.78552599132557
 30
0.0
 11
893.7163258937678
 21
-43.07778568442342
 31
0.0
  0
LINE
  5
1C7
330
70
100
AcDbEntity
  8
0
 62
     7
370
     0
100
AcDbLine
 10
892.4974746609573
 20
-39.64793150737853
 30
0.0
 11
892.4974746609573
 21
-37.35567181428069
 31
0.0
  0
LINE
  5
1C8
330
70
100
AcDbEntity
  8
0
 62
     7
370
     0
100
AcDbLine
 10
892.4974746609573
 20
-40.78552599132557
 30
0.0
 11
892.4974746609573
 21
-43.07778568442342
 31
0.0
  0
LINE
  5
1C9
330
70
100
AcDbEntity
  8
0
 62
     7
370
     0
100
AcDbLine
 10
891.6849071724167
 20
-39.64793150737853
 30
0.0
 11
891.6849071724167
 21
-40.78552599132557
 31
0.0
  0
LINE
  5
1CA
330
70
100
AcDbEntity
  8
0
 62
     7
370
     0
100
AcDbLine
 10
894.5288933823061
 20
-39.64793150737853
 30
0.0
 11
893.7163258937678
 21
-39.64793150737853
 31
0.0
  0
LINE
  5
1CB
330
70
100
AcDbEntity
  8
0
 62
     7
370
     0
100
AcDbLine
 10
892.4974746609573
 20
-39.64793150737853
 30
0.0
 11
891.6849071724167
 21
-39.64793150737853
 31
0.0
  0
LINE
  5
1CC
330
70
100
AcDbEntity
  8
0
 62
     7
370
     0
100
AcDbLine
 10
891.6849071724167
 20
-40.78552599132557
 30
0.0
 11
892.4974746609573
 21
-40.78552599132557
 31
0.0
  0
LINE
  5
1CD
330
70
100
AcDbEntity
  8
0
 62
     7
370
     0
100
AcDbLine
 10
893.7163258937678
 20
-40.78552599132557
 30
0.0
 11
894.5288933823061
 21
-40.78552599132557
 31
0.0
  0
CIRCLE
  5
1CE
330
70
100
AcDbEntity
  8
0
 62
     7
370
     0
100
AcDbCircle
 10
893.1069002773606
 20
-40.21672874934179
 30
0.0
 40
2.925242958741317
  0
LINE
  5
1CF
330
70
100
AcDbEntity
  8
0
 62
     7
370
     0
100
AcDbLine
 10
894.5288933823061
 20
-53.97248044440872
 30
0.0
 11
894.5288933823061
 21
-55.11007492835577
 31
0.0
  0
LINE
  5
1D0
330
70
100
AcDbEntity
  8
0
 62
     7
370
     0
100
AcDbLine
 10
893.7163258937678
 20
-55.11007492835577
 30
0.0
 11
893.7163258937678
 21
-57.40233462145361
 31
0.0
  0
LINE
  5
1D1
330
70
100
AcDbEntity
  8
0
 62
     7
370
     0
100
AcDbLine
 10
893.7163258937678
 20
-53.97248044440872
 30
0.0
 11
893.7163258937678
 21
-51.68022075131087
 31
0.0
  0
LINE
  5
1D2
330
70
100
AcDbEntity
  8
0
 62
     7
370
     0
100
AcDbLine
 10
892.4974746609573
 20
-55.11007492835577
 30
0.0
 11
892.4974746609573
 21
-57.40233462145361
 31
0.0
  0
LINE
  5
1D3
330
70
100
AcDbEntity
  8
0
 62
     7
370
     0
100
AcDbLine
 10
892.4974746609573
 20
-53.97248044440872
 30
0.0
 11
892.4974746609573
 21
-51.68022075131087
 31
0.0
  0
LINE
  5
1D4
330
70
100
AcDbEntity
  8
0
 62
     7
370
     0
100
AcDbLine
 10
891.6849071724167
 20
-55.11007492835577
 30
0.0
 11
891.6849071724167
 21
-53.97248044440872
 31
0.0
  0
LINE
  5
1D5
330
70
100
AcDbEntity
  8
0
 62
     7
370
     0
100
AcDbLine
 10
894.5288933823061
 20
-55.11007492835577
 30
0.0
 11
893.7163258937678
 21
-55.11007492835577
 31
0.0
  0
LINE
  5
1D6
330
70
100
AcDbEntity
  8
0
 62
     7
370
     0
100
AcDbLine
 10
892.4974746609573
 20
-55.11007492835577
 30
0.0
 11
891.6849071724167
 21
-55.11007492835577
 31
0.0
  0
LINE
  5
1D7
330
70
100
AcDbEntity
  8
0
 62
     7
370
     0
100
AcDbLine
 10
891.6849071724167
 20
-53.97248044440872
 30
0.0
 11
892.4974746609573
 21
-53.97248044440872
 31
0.0
  0
LINE
  5
1D8
330
70
100
AcDbEntity
  8
0
 62
     7
370
     0
100
AcDbLine
 10
893.7163258937678
 20
-53.97248044440872
 30
0.0
 11
894.5288933823061
 21
-53.97248044440872
 31
0.0
  0
CIRCLE
  5
1D9
330
70
100
AcDbEntity
  8
0
 62
     7
370
     0
100
AcDbCircle
 10
893.1069002773606
 20
-54.54127768637198
 30
0.0
 40
2.925242958741317
  0
LINE
  5
1DA
330
70
100
AcDbEntity
  8
0
 62
     7
370
     0
100
AcDbLine
 10
1599.189791730557
 20
468.7749641745667
 30
0.0
 11
1815.789791730562
 21
468.7749641745667
 31
0.0
  0
LINE
  5
1DB
330
70
100
AcDbEntity
  8
0
 62
     7
370
     0
100
AcDbLine
 10
1819.98979173056
 20
464.574964174548
 30
0.0
 11
1819.989791730691
 21
-127.0249932067372
 31
0.0
  0
SPLINE
  5
1DC
330
70
100
AcDbEntity
  8
0
 62
     7
370
     5
100
AcDbSpline
210
0.0
220
0.0
230
1.0
 70
     8
 71
     3
 72
     8
 73
     4
 74
     0
 42
0.0000000001
 43
0.0000000001
 40
0.0
 40
0.0
 40
0.0
 40
0.0
 40
1.0
 40
1.0
 40
1.0
 40
1.0
 10
1819.989791730562
 20
464.574964174548
 30
0.0
 10
1819.989791730562
 20
466.8945601238373
 30
0.0
 10
1818.109387679851
 20
468.7749641745481
 30
0.0
 10
1815.789791730562
 20
468.7749641745481
 30
0.0
  0
SPLINE
  5
1DD
330
70
100
AcDbEntity
  8
0
 62
     7
370
     5
100
AcDbSpline
210
0.0
220
0.0
230
1.0
 70
     8
 71
     3
 72
     8
 73
     4
 74
     0
 42
0.0000000001
 43
0.0000000001
 40
0.0
 40
0.0
 40
0.0
 40
0.0
 40
1.0
 40
1.0
 40
1.0
 40
1.0
 10
1817.889791730564
 20
464.574964174548
 30
0.0
 10
1817.889791730564
 20
465.7347621491946
 30
0.0
 10
1816.949589705209
 20
466.6749641745512
 30
0.0
 10
1815.789791730562
 20
466.6749641745512
 30
0.0
  0
LINE
  5
1DE
330
70
100
AcDbEntity
  8
0
 62
     7
370
     0
100
AcDbLine
 10
1815.789791730562
 20
468.7749641745667
 30
0.0
 11
1599.189791730557
 21
468.7749641745667
 31
0.0
  0
LINE
  5
1DF
330
70
100
AcDbEntity
  8
0
 62
     7
370
     0
100
AcDbLine
 10
1815.789791730562
 20
466.6749641745574
 30
0.0
 11
1599.189791730557
 21
466.6749641745574
 31
0.0
  0
LINE
  5
1E0
330
70
100
AcDbEntity
  8
0
 62
     7
370
     5
100
AcDbLine
 10
1817.889791730535
 20
-127.025019185507
 30
0.0
 11
1817.889791730569
 21
464.574964174548
 31
0.0
  0
LINE
  5
1E1
330
70
100
AcDbEntity
  8
0
 62
     7
370
     0
100
AcDbLine
 10
1568.78979173049
 20
336.0140335343287
 30
0.0
 11
1565.78979173049
 21
336.0140335343287
 31
0.0
  0
LINE
  5
1E2
330
70
100
AcDbEntity
  8
0
 62
     7
370
     0
100
AcDbLine
 10
1565.78979173049
 20
307.0140335343321
 30
0.0
 11
1565.78979173049
 21
336.0140335343287
 31
0.0
  0
LINE
  5
1E3
330
70
100
AcDbEntity
  8
0
 62
     7
370
     0
100
AcDbLine
 10
1565.78979173049
 20
336.0140335343287
 30
0.0
 11
1560.489791730501
 21
333.2858948148062
 31
0.0
  0
LINE
  5
1E4
330
70
100
AcDbEntity
  8
0
 62
     7
370
     0
100
AcDbLine
 10
1565.78979173049
 20
307.0140335343321
 30
0.0
 11
1560.489791730501
 21
309.7640335343244
 31
0.0
  0
LINE
  5
1E5
330
70
100
AcDbEntity
  8
0
 62
     7
370
     0
100
AcDbLine
 10
1568.78979173049
 20
336.0140335343287
 30
0.0
 11
1565.78979173049
 21
336.0140335343287
 31
0.0
  0
LINE
  5
1E6
330
70
100
AcDbEntity
  8
0
 62
     7
370
     0
100
AcDbLine
 10
1568.78979173049
 20
307.0140335343321
 30
0.0
 11
1565.78979173049
 21
307.0140335343321
 31
0.0
  0
LINE
  5
1E7
330
70
100
AcDbEntity
  8
0
 62
     7
370
     0
100
AcDbLine
 10
1560.489791730501
 20
309.7640335343244
 30
0.0
 11
1560.489791730501
 21
333.2858948148062
 31
0.0
  0
LINE
  5
1E8
330
70
100
AcDbEntity
  8
0
 62
     7
370
     0
100
AcDbLine
 10
1568.78979173049
 20
307.0140335343321
 30
0.0
 11
1568.78979173049
 21
336.0140335343287
 31
0.0
  0
LINE
  5
1E9
330
70
100
AcDbEntity
  8
0
 62
     7
370
     0
100
AcDbLine
 10
1565.78979173049
 20
307.0140335343321
 30
0.0
 11
1565.78979173049
 21
336.0140335343287
 31
0.0
  0
LINE
  5
1EA
330
70
100
AcDbEntity
  8
0
 62
     7
370
     0
100
AcDbLine
 10
1568.78979173049
 20
339.0140335343333
 30
0.0
 11
1568.78979173049
 21
304.0140335343275
 31
0.0
  0
LINE
  5
1EB
330
70
100
AcDbEntity
  8
0
 62
     7
370
     0
100
AcDbLine
 10
1568.78979173049
 20
304.0140335343275
 30
0.0
 11
1569.989791730501
 21
304.0140335343275
 31
0.0
  0
LINE
  5
1EC
330
70
100
AcDbEntity
  8
0
 62
     7
370
     0
100
AcDbLine
 10
1569.989791730501
 20
304.0140335343275
 30
0.0
 11
1569.989791730501
 21
339.0140335343333
 31
0.0
  0
LINE
  5
1ED
330
70
100
AcDbEntity
  8
0
 62
     7
370
     0
100
AcDbLine
 10
1569.989791730501
 20
339.0140335343333
 30
0.0
 11
1568.78979173049
 21
339.0140335343333
 31
0.0
  0
LINE
  5
1EE
330
70
100
AcDbEntity
  8
0
 62
     7
370
     0
100
AcDbLine
 10
1569.989791730501
 20
328.5140335343275
 30
0.0
 11
1568.78979173049
 21
328.5140335343275
 31
0.0
  0
LINE
  5
1EF
330
70
100
AcDbEntity
  8
0
 62
     7
370
     0
100
AcDbLine
 10
1569.989791730501
 20
314.5140335343334
 30
0.0
 11
1568.78979173049
 21
314.5140335343334
 31
0.0
  0
LINE
  5
1F0
330
70
100
AcDbEntity
  8
0
 62
     7
370
     0
100
AcDbLine
 10
1555.4897917305
 20
341.2749641745664
 30
0.0
 11
1555.4897917305
 21
301.7749641745641
 31
0.0
  0
LINE
  5
1F1
330
70
100
AcDbEntity
  8
0
 62
     7
370
     0
100
AcDbLine
 10
1555.4897917305
 20
301.7749641745641
 30
0.0
 11
1545.411053622021
 21
301.7749641745641
 31
0.0
  0
LINE
  5
1F2
330
70
100
AcDbEntity
  8
0
 62
     7
370
     0
100
AcDbLine
 10
1555.4897917305
 20
341.2749641745664
 30
0.0
 11
1545.411053622021
 21
341.2749641745664
 31
0.0
  0
LINE
  5
1F3
330
70
100
AcDbEntity
  8
0
  6
AI-Linetype-46
 62
     7
370
     0
100
AcDbLine
 10
1555.4897917305
 20
314.7749641745704
 30
0.0
 11
1547.489791730503
 21
314.7749641745704
 31
0.0
  0
LINE
  5
1F5
330
70
100
AcDbEntity
  8
0
  6
AI-Linetype-47
 62
     7
370
     0
100
AcDbLine
 10
1555.4897917305
 20
328.2749641745602
 30
0.0
 11
1547.489791730503
 21
328.2749641745602
 31
0.0
  0
LINE
  5
1F7
330
70
100
AcDbEntity
  8
0
 62
     7
370
     0
100
AcDbLine
 10
1545.533996692541
 20
326.2885917021716
 30
0.0
 11
1545.533996692541
 21
316.7885917021741
 31
0.0
  0
LINE
  5
1F8
330
70
100
AcDbEntity
  8
0
 62
     7
370
     0
100
AcDbLine
 10
1543.491245690097
 20
338.910896914857
 30
0.0
 11
1545.74620046576
 21
327.1851320813464
 31
0.0
  0
LINE
  5
1F9
330
70
100
AcDbEntity
  8
0
 62
     7
370
     0
100
AcDbLine
 10
1543.491245690097
 20
304.1662864894887
 30
0.0
 11
1545.74620046576
 21
315.8920513229583
 31
0.0
  0
LINE
  5
1FA
330
70
100
AcDbEntity
  8
0
 62
     7
370
     0
100
AcDbLine
 10
1555.4897917305
 20
313.6749641745693
 30
0.0
 11
1558.297824255272
 21
313.6749641745693
 31
0.0
  0
LINE
  5
1FB
330
70
100
AcDbEntity
  8
0
 62
     7
370
     0
100
AcDbLine
 10
1555.4897917305
 20
329.3639734343652
 30
0.0
 11
1558.297824255272
 21
329.3639734343652
 31
0.0
  0
LINE
  5
1FC
330
70
100
AcDbEntity
  8
0
 62
     7
370
     0
100
AcDbLine
 10
1555.4897917305
 20
313.6749641745693
 30
0.0
 11
1560.489791730501
 21
313.6749641745693
 31
0.0
  0
LINE
  5
1FD
330
70
100
AcDbEntity
  8
0
 62
     7
370
     0
100
AcDbLine
 10
1555.4897917305
 20
329.3639734343652
 30
0.0
 11
1560.489791730501
 21
329.3639734343652
 31
0.0
  0
LINE
  5
1FE
330
70
100
AcDbEntity
  8
0
 62
     7
370
     0
100
AcDbLine
 10
1560.489791730501
 20
329.3639734343652
 30
0.0
 11
1560.489791730501
 21
313.6749641745693
 31
0.0
  0
SPLINE
  5
1FF
330
70
100
AcDbEntity
  8
0
 62
     7
370
     0
100
AcDbSpline
210
0.0
220
0.0
230
1.0
 70
     8
 71
     3
 72
    11
 73
     7
 74
     0
 42
0.0000000001
 43
0.0000000001
 40
0.0
 40
0.0
 40
0.0
 40
0.0
 40
1.0
 40
1.0
 40
1.0
 40
2.0
 40
2.0
 40
2.0
 40
2.0
 10
1543.491245690097
 20
304.1662864894508
 30
0.0
 10
1543.28265061899
 20
303.0815921196433
 30
0.0
 10
1543.992869426971
 20
302.0331738793102
 30
0.0
 10
1545.077563796778
 20
301.8245788082035
 30
0.0
 10
1545.202037229431
 20
301.8006416096171
 30
0.0
 10
1545.328504393153
 20
301.7885917021678
 30
0.0
 10
1545.455258584061
 20
301.7885917021678
 30
0.0
  0
SPLINE
  5
200
330
70
100
AcDbEntity
  8
0
 62
     7
370
     0
100
AcDbSpline
210
0.0
220
0.0
230
1.0
 70
     8
 71
     3
 72
    11
 73
     7
 74
     0
 42
0.0000000001
 43
0.0000000001
 40
0.0
 40
0.0
 40
0.0
 40
0.0
 40
1.0
 40
1.0
 40
1.0
 40
2.0
 40
2.0
 40
2.0
 40
2.0
 10
1545.455258584061
 20
341.2885917021779
 30
0.0
 10
1544.350689084399
 20
341.2885917021779
 30
0.0
 10
1543.455258584061
 20
340.3931612018394
 30
0.0
 10
1543.455258584061
 20
339.2885917021778
 30
0.0
 10
1543.455258584061
 20
339.1618375112705
 30
0.0
 10
1543.46730849151
 20
339.0353703475481
 30
0.0
 10
1543.491245690097
 20
338.9108969148949
 30
0.0
  0
LINE
  5
201
330
70
100
AcDbEntity
  8
0
  6
AI-Linetype-48
 62
     7
370
     0
100
AcDbLine
 10
1555.4897917305
 20
339.2749641745703
 30
0.0
 11
1547.832315513539
 21
339.2749641745703
 31
0.0
  0
LINE
  5
203
330
70
100
AcDbEntity
  8
0
  6
AI-Linetype-49
 62
     7
370
     0
100
AcDbLine
 10
1545.912507581614
 20
336.9108969148608
 30
0.0
 11
1547.570643199436
 21
328.2885917021678
 31
0.0
  0
LINE
  5
205
330
70
100
AcDbEntity
  8
0
  6
AI-Linetype-50
 62
     7
370
     0
100
AcDbLine
 10
1547.53399669254
 20
328.2885917021678
 30
0.0
 11
1547.53399669254
 21
314.7885917021779
 31
0.0
  0
LINE
  5
207
330
70
100
AcDbEntity
  8
0
  6
AI-Linetype-51
 62
     7
370
     0
100
AcDbLine
 10
1545.912507581614
 20
306.166286489485
 30
0.0
 11
1547.570643199436
 21
314.7885917021779
 31
0.0
  0
LINE
  5
209
330
70
100
AcDbEntity
  8
0
  6
AI-Linetype-52
 62
     7
370
     0
100
AcDbLine
 10
1555.4897917305
 20
303.7749641745603
 30
0.0
 11
1547.832315513539
 21
303.7749641745603
 31
0.0
  0
SPLINE
  5
20B
330
70
100
AcDbEntity
  8
0
  6
AI-Linetype-53
 62
     7
370
     0
100
AcDbSpline
210
0.0
220
0.0
230
1.0
 70
     8
 71
     3
 72
    11
 73
     7
 74
     0
 42
0.0000000001
 43
0.0000000001
 40
0.0
 40
0.0
 40
0.0
 40
0.0
 40
1.0
 40
1.0
 40
1.0
 40
2.0
 40
2.0
 40
2.0
 40
2.0
 10
1547.876520475579
 20
339.2885917021612
 30
0.0
 10
1546.771950975917
 20
339.2885917021612
 30
0.0
 10
1545.876520475579
 20
338.3931612018226
 30
0.0
 10
1545.876520475579
 20
337.2885917021611
 30
0.0
 10
1545.876520475579
 20
337.1618375112537
 30
0.0
 10
1545.888570383028
 20
337.0353703475313
 30
0.0
 10
1545.912507581614
 20
336.9108969148781
 30
0.0
  0
SPLINE
  5
20D
330
70
100
AcDbEntity
  8
0
  6
AI-Linetype-54
 62
     7
370
     0
100
AcDbSpline
210
0.0
220
0.0
230
1.0
 70
     8
 71
     3
 72
    11
 73
     7
 74
     0
 42
0.0000000001
 43
0.0000000001
 40
0.0
 40
0.0
 40
0.0
 40
0.0
 40
1.0
 40
1.0
 40
1.0
 40
2.0
 40
2.0
 40
2.0
 40
2.0
 10
1545.912507581614
 20
306.1662864894471
 30
0.0
 10
1545.703912510508
 20
305.0815921196396
 30
0.0
 10
1546.414131318488
 20
304.0331738793064
 30
0.0
 10
1547.498825688296
 20
303.8245788081996
 30
0.0
 10
1547.623299120949
 20
303.8006416096134
 30
0.0
 10
1547.749766284671
 20
303.7885917021641
 30
0.0
 10
1547.876520475579
 20
303.7885917021641
 30
0.0
  0
SPLINE
  5
20F
330
70
100
AcDbEntity
  8
0
  6
AI-Linetype-55
 62
     7
370
     0
100
AcDbSpline
210
0.0
220
0.0
230
1.0
 70
     8
 71
     3
 72
     8
 73
     4
 74
     0
 42
0.0000000001
 43
0.0000000001
 40
0.0
 40
0.0
 40
0.0
 40
0.0
 40
1.0
 40
1.0
 40
1.0
 40
1.0
 10
1547.53399669254
 20
328.2885917021717
 30
0.0
 10
1546.429427192878
 20
328.2885917021717
 30
0.0
 10
1545.53399669254
 20
327.3931612018332
 30
0.0
 10
1545.53399669254
 20
326.2885917021716
 30
0.0
  0
SPLINE
  5
211
330
70
100
AcDbEntity
  8
0
  6
AI-Linetype-56
 62
     7
370
     0
100
AcDbSpline
210
0.0
220
0.0
230
1.0
 70
     8
 71
     3
 72
     8
 73
     4
 74
     0
 42
0.0000000001
 43
0.0000000001
 40
0.0
 40
0.0
 40
0.0
 40
0.0
 40
1.0
 40
1.0
 40
1.0
 40
1.0
 10
1545.53399669254
 20
316.7885917021741
 30
0.0
 10
1545.53399669254
 20
315.6840222025126
 30
0.0
 10
1546.429427192878
 20
314.7885917021741
 30
0.0
 10
1547.53399669254
 20
314.7885917021741
 30
0.0
  0
LINE
  5
213
330
70
100
AcDbEntity
  8
0
 62
     7
370
     0
100
AcDbLine
 10
1560.489791730501
 20
325.0249641745638
 30
0.0
 11
1568.489791730501
 21
325.0249641745638
 31
0.0
  0
LINE
  5
214
330
70
100
AcDbEntity
  8
0
 62
     7
370
     0
100
AcDbLine
 10
1560.489791730501
 20
318.0249641745668
 30
0.0
 11
1568.489791730501
 21
318.0249641745668
 31
0.0
  0
LINE
  5
215
330
70
100
AcDbEntity
  8
0
 62
     7
370
     0
100
AcDbLine
 10
1568.489791730501
 20
318.0249641745668
 30
0.0
 11
1568.489791730501
 21
325.0249641745638
 31
0.0
  0
LINE
  5
216
330
70
100
AcDbEntity
  8
0
 62
     7
370
     0
100
AcDbLine
 10
1815.789791730562
 20
468.7749641745667
 30
0.0
 11
1599.189791730557
 21
468.7749641745667
 31
0.0
  0
LINE
  5
217
330
70
100
AcDbEntity
  8
0
 62
     7
370
     0
100
AcDbLine
 10
1815.789791730562
 20
466.6749641745574
 30
0.0
 11
1599.189791730557
 21
466.6749641745984
 31
0.0
  0
SPLINE
  5
218
330
70
100
AcDbEntity
  8
0
 62
     7
370
     0
100
AcDbSpline
210
0.0
220
0.0
230
1.0
 70
     8
 71
     3
 72
     8
 73
     4
 74
     0
 42
0.0000000001
 43
0.0000000001
 40
0.0
 40
0.0
 40
0.0
 40
0.0
 40
1.0
 40
1.0
 40
1.0
 40
1.0
 10
1599.189791730557
 20
468.7749641745481
 30
0.0
 10
1596.870195781268
 20
468.7749641745481
 30
0.0
 10
1594.989791730557
 20
466.8945601238373
 30
0.0
 10
1594.989791730557
 20
464.574964174548
 30
0.0
  0
SPLINE
  5
219
330
70
100
AcDbEntity
  8
0
 62
     7
370
     0
100
AcDbSpline
210
0.0
220
0.0
230
1.0
 70
     8
 71
     3
 72
     8
 73
     4
 74
     0
 42
0.0000000001
 43
0.0000000001
 40
0.0
 40
0.0
 40
0.0
 40
0.0
 40
1.0
 40
1.0
 40
1.0
 40
1.0
 10
1599.189791730557
 20
466.6749641745512
 30
0.0
 10
1598.029993755911
 20
466.6749641745512
 30
0.0
 10
1597.089791730555
 20
465.7347621491946
 30
0.0
 10
1597.089791730555
 20
464.574964174548
 30
0.0
  0
SPLINE
  5
21A
330
70
100
AcDbEntity
  8
0
 62
     7
370
     0
100
AcDbSpline
210
0.0
220
0.0
230
1.0
 70
     8
 71
     3
 72
     8
 73
     4
 74
     0
 42
0.0000000001
 43
0.0000000001
 40
0.0
 40
0.0
 40
0.0
 40
0.0
 40
1.0
 40
1.0
 40
1.0
 40
1.0
 10
1592.889791730555
 20
443.8749641745848
 30
0.0
 10
1594.0495897052
 20
443.8749641745848
 30
0.0
 10
1594.989791730555
 20
444.8151661999405
 30
0.0
 10
1594.989791730555
 20
445.9749641745852
 30
0.0
  0
LINE
  5
21B
330
70
100
AcDbEntity
  8
0
 62
     7
370
     0
100
AcDbLine
 10
1592.889791730555
 20
443.8749641745553
 30
0.0
 11
1584.858010512088
 21
443.8749641745553
 31
0.0
  0
SPLINE
  5
21C
330
70
100
AcDbEntity
  8
0
 62
     7
370
     0
100
AcDbSpline
210
0.0
220
0.0
230
1.0
 70
     8
 71
     3
 72
     8
 73
     4
 74
     0
 42
0.0000000001
 43
0.0000000001
 40
0.0
 40
0.0
 40
0.0
 40
0.0
 40
1.0
 40
1.0
 40
1.0
 40
1.0
 10
1583.547519907164
 20
444.3340454153534
 30
0.0
 10
1583.919656076664
 20
444.0368454771238
 30
0.0
 10
1584.381761489061
 20
443.8749641745867
 30
0.0
 10
1584.858010512088
 20
443.8749641745867
 30
0.0
  0
LINE
  5
21D
330
70
100
AcDbEntity
  8
0
 62
     7
370
     0
100
AcDbLine
 10
1583.547519907234
 20
444.3340454152911
 30
0.0
 11
1576.76130981545
 21
449.7537315012491
 31
0.0
  0
LINE
  5
21E
330
70
100
AcDbEntity
  8
0
 62
     7
370
     0
100
AcDbLine
 10
1576.76130981545
 20
449.7537315012491
 30
0.0
 11
1575.450819210581
 21
448.1128127419755
 31
0.0
  0
LINE
  5
21F
330
70
100
AcDbEntity
  8
0
 62
     7
370
     0
100
AcDbLine
 10
1575.450819210581
 20
448.1128127419755
 30
0.0
 11
1582.237029302365
 21
442.693126655997
 31
0.0
  0
SPLINE
  5
220
330
70
100
AcDbEntity
  8
0
 62
     7
370
     0
100
AcDbSpline
210
0.0
220
0.0
230
1.0
 70
     8
 71
     3
 72
     8
 73
     4
 74
     0
 42
0.0000000001
 43
0.0000000001
 40
0.0
 40
0.0
 40
0.0
 40
0.0
 40
1.0
 40
1.0
 40
1.0
 40
1.0
 10
1582.237029302377
 20
442.6931266559983
 30
0.0
 10
1582.981301641354
 20
442.0987267796158
 30
0.0
 10
1583.905512466085
 20
441.7749641745873
 30
0.0
 10
1584.858010512072
 20
441.7749641745873
 30
0.0
  0
LINE
  5
221
330
70
100
AcDbEntity
  8
0
 62
     7
370
     0
100
AcDbLine
 10
1584.858010512088
 20
441.7749641745665
 30
0.0
 11
1592.889791730555
 21
441.7749641745665
 31
0.0
  0
SPLINE
  5
222
330
70
100
AcDbEntity
  8
0
 62
     7
370
     0
100
AcDbSpline
210
0.0
220
0.0
230
1.0
 70
     8
 71
     3
 72
     8
 73
     4
 74
     0
 42
0.0000000001
 43
0.0000000001
 40
0.0
 40
0.0
 40
0.0
 40
0.0
 40
1.0
 40
1.0
 40
1.0
 40
1.0
 10
1592.889791730555
 20
441.7749641745882
 30
0.0
 10
1595.209387679843
 20
441.7749641745882
 30
0.0
 10
1597.089791730552
 20
443.6553682252974
 30
0.0
 10
1597.089791730552
 20
445.9749641745852
 30
0.0
  0
LINE
  5
223
330
70
100
AcDbEntity
  8
0
 62
     7
370
     0
100
AcDbLine
 10
1575.450819210581
 20
446.6793588875106
 30
0.0
 11
1575.450819210581
 21
448.1128127419755
 31
0.0
  0
SPLINE
  5
224
330
70
100
AcDbEntity
  8
0
 62
     7
370
     0
100
AcDbSpline
210
0.0
220
0.0
230
1.0
 70
     8
 71
     3
 72
     8
 73
     4
 74
     0
 42
0.0000000001
 43
0.0000000001
 40
0.0
 40
0.0
 40
0.0
 40
0.0
 40
1.0
 40
1.0
 40
1.0
 40
1.0
 10
1574.189791730556
 20
466.2749641745445
 30
0.0
 10
1571.870195781268
 20
466.2749641745445
 30
0.0
 10
1569.989791730559
 20
464.3945601238353
 30
0.0
 10
1569.989791730559
 20
462.0749641745476
 30
0.0
  0
LINE
  5
225
330
70
100
AcDbEntity
  8
0
 62
     7
370
     0
100
AcDbLine
 10
1574.189791730556
 20
466.2749641745663
 30
0.0
 11
1592.489791730559
 21
466.2749641745663
 31
0.0
  0
LINE
  5
226
330
70
100
AcDbEntity
  8
0
 62
     7
370
     0
100
AcDbLine
 10
1592.489791730559
 20
466.2749641745663
 30
0.0
 11
1592.489791730559
 21
464.1749641745569
 31
0.0
  0
LINE
  5
227
330
70
100
AcDbEntity
  8
0
 62
     7
370
     0
100
AcDbLine
 10
1592.489791730559
 20
464.1749641745569
 30
0.0
 11
1574.189791730556
 21
464.1749641745569
 31
0.0
  0
SPLINE
  5
228
330
70
100
AcDbEntity
  8
0
 62
     7
370
     0
100
AcDbSpline
210
0.0
220
0.0
230
1.0
 70
     8
 71
     3
 72
     8
 73
     4
 74
     0
 42
0.0000000001
 43
0.0000000001
 40
0.0
 40
0.0
 40
0.0
 40
0.0
 40
1.0
 40
1.0
 40
1.0
 40
1.0
 10
1574.189791730556
 20
464.1749641745461
 30
0.0
 10
1573.029993755912
 20
464.1749641745461
 30
0.0
 10
1572.089791730557
 20
463.2347621491916
 30
0.0
 10
1572.089791730557
 20
462.0749641745476
 30
0.0
  0
LINE
  5
229
330
70
100
AcDbEntity
  8
0
 62
     7
370
     0
100
AcDbLine
 10
1592.489791730559
 20
464.1749641745569
 30
0.0
 11
1592.489791730559
 21
443.8749641745553
 31
0.0
  0
INSERT
  5
22B
330
70
100
AcDbEntity
  8
0
100
AcDbBlockReference
  2
Block_5
 10
0.0
 20
0.0
 30
0.0
  0
SPLINE
  5
23A
330
70
100
AcDbEntity
  8
0
 62
     7
370
     0
100
AcDbSpline
210
0.0
220
0.0
230
1.0
 70
     8
 71
     3
 72
    32
 73
    28
 74
     0
 42
0.0000000001
 43
0.0000000001
 40
0.0
 40
0.0
 40
0.0
 40
0.0
 40
1.0
 40
1.0
 40
1.0
 40
2.0
 40
2.0
 40
2.0
 40
3.0
 40
3.0
 40
3.0
 40
4.0
 40
4.0
 40
4.0
 40
5.0
 40
5.0
 40
5.0
 40
6.0
 40
6.0
 40
6.0
 40
7.0
 40
7.0
 40
7.0
 40
8.0
 40
8.0
 40
8.0
 40
9.0
 40
9.0
 40
9.0
 40
9.0
 10
1572.090090662163
 20
460.7207560371853
 30
0.0
 10
1573.073950603557
 20
460.8017779097121
 30
0.0
 10
1574.057810544948
 20
460.8827997822497
 30
0.0
 10
1575.079565217903
 20
460.7207560371756
 30
0.0
 10
1576.212788137338
 20
460.5410341423517
 30
0.0
 10
1577.392625045718
 20
460.0623192861103
 30
0.0
 10
1578.069039773656
 20
459.2867691081182
 30
0.0
 10
1579.111294840485
 20
458.091760973011
 30
0.0
 10
1578.958312253861
 20
456.1919989211824
 30
0.0
 10
1578.069039773656
 20
454.1779027967422
 30
0.0
 10
1576.683131374787
 20
451.0389855389562
 30
0.0
 10
1573.508890812948
 20
447.6223688299652
 30
0.0
 10
1575.557612759463
 20
446.6223238238742
 30
0.0
 10
1575.980300191437
 20
446.4159969203126
 30
0.0
 10
1576.625313256986
 20
446.3125361265628
 30
0.0
 10
1577.105105796038
 20
446.0711824593242
 30
0.0
 10
1578.744416373128
 20
445.2465476696614
 30
0.0
 10
1578.454961120939
 20
442.8121669959631
 30
0.0
 10
1578.244330374926
 20
440.5753610090227
 30
0.0
 10
1578.074777443673
 20
438.774783368236
 30
0.0
 10
1577.956301859401
 20
437.1022317858379
 30
0.0
 10
1576.869157743883
 20
436.2716707877859
 30
0.0
 10
1576.318855897443
 20
435.8512488361006
 30
0.0
 10
1575.520353413686
 20
435.6465690014652
 30
0.0
 10
1574.719423130613
 20
435.491287509824
 30
0.0
 10
1573.797894074877
 20
435.3126247605312
 30
0.0
 10
1572.873151052079
 20
435.1993564803166
 30
0.0
 10
1572.090090662163
 20
435.5945208894121
 30
0.0
  0
LINE
  5
23B
330
70
100
AcDbEntity
  8
0
  6
AI-Linetype-57
 62
     7
370
     0
100
AcDbLine
 10
1594.989791730559
 20
445.9749641745852
 30
0.0
 11
1594.989791730559
 21
464.574964174548
 31
0.0
  0
LINE
  5
23D
330
70
100
AcDbEntity
  8
0
 62
     7
370
     0
100
AcDbLine
 10
1594.989791730559
 20
445.9749641745852
 30
0.0
 11
1594.989791730559
 21
464.574964174548
 31
0.0
  0
LINE
  5
23E
330
70
100
AcDbEntity
  8
0
 62
     7
370
     0
100
AcDbLine
 10
1597.089791730551
 20
464.574964174548
 30
0.0
 11
1597.089791730638
 21
-127.0249932067372
 31
0.0
  0
LINE
  5
23F
330
70
100
AcDbEntity
  8
0
  6
AI-Linetype-58
 62
     7
370
     0
100
AcDbLine
 10
1594.989791730662
 20
-127.0249932067372
 30
0.0
 11
1594.989791730559
 21
442.3376574786525
 31
0.0
  0
LINE
  5
241
330
70
100
AcDbEntity
  8
0
 62
     7
370
     0
100
AcDbLine
 10
1569.98979173056
 20
462.0749641745476
 30
0.0
 11
1569.989791730668
 21
-127.0249932067372
 31
0.0
  0
LINE
  5
242
330
70
100
AcDbEntity
  8
0
 62
     7
370
     0
100
AcDbLine
 10
1568.78979173049
 20
336.0140335343287
 30
0.0
 11
1565.78979173049
 21
336.0140335343287
 31
0.0
  0
LINE
  5
243
330
70
100
AcDbEntity
  8
0
 62
     7
370
     0
100
AcDbLine
 10
1565.78979173049
 20
307.0140335343321
 30
0.0
 11
1565.78979173049
 21
336.0140335343287
 31
0.0
  0
LINE
  5
244
330
70
100
AcDbEntity
  8
0
 62
     7
370
     0
100
AcDbLine
 10
1565.78979173049
 20
336.0140335343287
 30
0.0
 11
1560.489791730501
 21
333.2858948148062
 31
0.0
  0
LINE
  5
245
330
70
100
AcDbEntity
  8
0
 62
     7
370
     0
100
AcDbLine
 10
1565.78979173049
 20
307.0140335343321
 30
0.0
 11
1560.489791730501
 21
309.7640335343244
 31
0.0
  0
LINE
  5
246
330
70
100
AcDbEntity
  8
0
 62
     7
370
     0
100
AcDbLine
 10
1568.78979173049
 20
336.0140335343287
 30
0.0
 11
1565.78979173049
 21
336.0140335343287
 31
0.0
  0
LINE
  5
247
330
70
100
AcDbEntity
  8
0
 62
     7
370
     0
100
AcDbLine
 10
1568.78979173049
 20
307.0140335343321
 30
0.0
 11
1565.78979173049
 21
307.0140335343321
 31
0.0
  0
LINE
  5
248
330
70
100
AcDbEntity
  8
0
 62
     7
370
     0
100
AcDbLine
 10
1560.489791730501
 20
309.7640335343244
 30
0.0
 11
1560.489791730501
 21
333.2858948148062
 31
0.0
  0
LINE
  5
249
330
70
100
AcDbEntity
  8
0
 62
     7
370
     0
100
AcDbLine
 10
1568.78979173049
 20
307.0140335343321
 30
0.0
 11
1568.78979173049
 21
336.0140335343287
 31
0.0
  0
LINE
  5
24A
330
70
100
AcDbEntity
  8
0
 62
     7
370
     0
100
AcDbLine
 10
1565.78979173049
 20
307.0140335343321
 30
0.0
 11
1565.78979173049
 21
336.0140335343287
 31
0.0
  0
LINE
  5
24B
330
70
100
AcDbEntity
  8
0
 62
     7
370
     0
100
AcDbLine
 10
1568.78979173049
 20
339.0140335343333
 30
0.0
 11
1568.78979173049
 21
304.0140335343275
 31
0.0
  0
LINE
  5
24C
330
70
100
AcDbEntity
  8
0
 62
     7
370
     0
100
AcDbLine
 10
1568.78979173049
 20
304.0140335343275
 30
0.0
 11
1569.989791730501
 21
304.0140335343275
 31
0.0
  0
LINE
  5
24D
330
70
100
AcDbEntity
  8
0
 62
     7
370
     0
100
AcDbLine
 10
1569.989791730501
 20
304.0140335343275
 30
0.0
 11
1569.989791730501
 21
339.0140335343333
 31
0.0
  0
LINE
  5
24E
330
70
100
AcDbEntity
  8
0
 62
     7
370
     0
100
AcDbLine
 10
1569.989791730501
 20
339.0140335343333
 30
0.0
 11
1568.78979173049
 21
339.0140335343333
 31
0.0
  0
LINE
  5
24F
330
70
100
AcDbEntity
  8
0
 62
     7
370
     0
100
AcDbLine
 10
1569.989791730501
 20
328.5140335343275
 30
0.0
 11
1568.78979173049
 21
328.5140335343275
 31
0.0
  0
LINE
  5
250
330
70
100
AcDbEntity
  8
0
 62
     7
370
     0
100
AcDbLine
 10
1569.989791730501
 20
314.5140335343334
 30
0.0
 11
1568.78979173049
 21
314.5140335343334
 31
0.0
  0
LINE
  5
251
330
70
100
AcDbEntity
  8
0
 62
     7
370
     0
100
AcDbLine
 10
1555.4897917305
 20
341.2749641745664
 30
0.0
 11
1555.4897917305
 21
301.7749641745641
 31
0.0
  0
LINE
  5
252
330
70
100
AcDbEntity
  8
0
 62
     7
370
     0
100
AcDbLine
 10
1555.4897917305
 20
301.7749641745641
 30
0.0
 11
1545.411053622021
 21
301.7749641745641
 31
0.0
  0
LINE
  5
253
330
70
100
AcDbEntity
  8
0
 62
     7
370
     0
100
AcDbLine
 10
1555.4897917305
 20
341.2749641745664
 30
0.0
 11
1545.411053622021
 21
341.2749641745664
 31
0.0
  0
LINE
  5
254
330
70
100
AcDbEntity
  8
0
  6
AI-Linetype-59
 62
     7
370
     0
100
AcDbLine
 10
1555.4897917305
 20
314.7749641745704
 30
0.0
 11
1547.489791730503
 21
314.7749641745704
 31
0.0
  0
LINE
  5
256
330
70
100
AcDbEntity
  8
0
  6
AI-Linetype-60
 62
     7
370
     0
100
AcDbLine
 10
1555.4897917305
 20
328.2749641745602
 30
0.0
 11
1547.489791730503
 21
328.2749641745602
 31
0.0
  0
LINE
  5
258
330
70
100
AcDbEntity
  8
0
 62
     7
370
     0
100
AcDbLine
 10
1545.533996692541
 20
326.2885917021716
 30
0.0
 11
1545.533996692541
 21
316.7885917021741
 31
0.0
  0
LINE
  5
259
330
70
100
AcDbEntity
  8
0
 62
     7
370
     0
100
AcDbLine
 10
1543.491245690097
 20
338.910896914857
 30
0.0
 11
1545.74620046576
 21
327.1851320813464
 31
0.0
  0
LINE
  5
25A
330
70
100
AcDbEntity
  8
0
 62
     7
370
     0
100
AcDbLine
 10
1543.491245690097
 20
304.1662864894887
 30
0.0
 11
1545.74620046576
 21
315.8920513229583
 31
0.0
  0
LINE
  5
25B
330
70
100
AcDbEntity
  8
0
 62
     7
370
     0
100
AcDbLine
 10
1555.4897917305
 20
313.6749641745693
 30
0.0
 11
1558.297824255272
 21
313.6749641745693
 31
0.0
  0
LINE
  5
25C
330
70
100
AcDbEntity
  8
0
 62
     7
370
     0
100
AcDbLine
 10
1555.4897917305
 20
329.3639734343652
 30
0.0
 11
1558.297824255272
 21
329.3639734343652
 31
0.0
  0
LINE
  5
25D
330
70
100
AcDbEntity
  8
0
 62
     7
370
     0
100
AcDbLine
 10
1555.4897917305
 20
313.6749641745693
 30
0.0
 11
1560.489791730501
 21
313.6749641745693
 31
0.0
  0
LINE
  5
25E
330
70
100
AcDbEntity
  8
0
 62
     7
370
     0
100
AcDbLine
 10
1555.4897917305
 20
329.3639734343652
 30
0.0
 11
1560.489791730501
 21
329.3639734343652
 31
0.0
  0
LINE
  5
25F
330
70
100
AcDbEntity
  8
0
 62
     7
370
     0
100
AcDbLine
 10
1560.489791730501
 20
329.3639734343652
 30
0.0
 11
1560.489791730501
 21
313.6749641745693
 31
0.0
  0
SPLINE
  5
260
330
70
100
AcDbEntity
  8
0
 62
     7
370
     0
100
AcDbSpline
210
0.0
220
0.0
230
1.0
 70
     8
 71
     3
 72
    11
 73
     7
 74
     0
 42
0.0000000001
 43
0.0000000001
 40
0.0
 40
0.0
 40
0.0
 40
0.0
 40
1.0
 40
1.0
 40
1.0
 40
2.0
 40
2.0
 40
2.0
 40
2.0
 10
1543.491245690097
 20
304.1662864894508
 30
0.0
 10
1543.28265061899
 20
303.0815921196433
 30
0.0
 10
1543.992869426971
 20
302.0331738793102
 30
0.0
 10
1545.077563796778
 20
301.8245788082035
 30
0.0
 10
1545.202037229431
 20
301.8006416096171
 30
0.0
 10
1545.328504393153
 20
301.7885917021678
 30
0.0
 10
1545.455258584061
 20
301.7885917021678
 30
0.0
  0
SPLINE
  5
261
330
70
100
AcDbEntity
  8
0
 62
     7
370
     0
100
AcDbSpline
210
0.0
220
0.0
230
1.0
 70
     8
 71
     3
 72
    11
 73
     7
 74
     0
 42
0.0000000001
 43
0.0000000001
 40
0.0
 40
0.0
 40
0.0
 40
0.0
 40
1.0
 40
1.0
 40
1.0
 40
2.0
 40
2.0
 40
2.0
 40
2.0
 10
1545.455258584061
 20
341.2885917021779
 30
0.0
 10
1544.350689084399
 20
341.2885917021779
 30
0.0
 10
1543.455258584061
 20
340.3931612018394
 30
0.0
 10
1543.455258584061
 20
339.2885917021778
 30
0.0
 10
1543.455258584061
 20
339.1618375112705
 30
0.0
 10
1543.46730849151
 20
339.0353703475481
 30
0.0
 10
1543.491245690097
 20
338.9108969148949
 30
0.0
  0
LINE
  5
262
330
70
100
AcDbEntity
  8
0
  6
AI-Linetype-61
 62
     7
370
     0
100
AcDbLine
 10
1555.4897917305
 20
339.2749641745703
 30
0.0
 11
1547.832315513539
 21
339.2749641745703
 31
0.0
  0
LINE
  5
264
330
70
100
AcDbEntity
  8
0
  6
AI-Linetype-62
 62
     7
370
     0
100
AcDbLine
 10
1545.912507581614
 20
336.9108969148608
 30
0.0
 11
1547.570643199436
 21
328.2885917021678
 31
0.0
  0
LINE
  5
266
330
70
100
AcDbEntity
  8
0
  6
AI-Linetype-63
 62
     7
370
     0
100
AcDbLine
 10
1547.53399669254
 20
328.2885917021678
 30
0.0
 11
1547.53399669254
 21
314.7885917021779
 31
0.0
  0
LINE
  5
268
330
70
100
AcDbEntity
  8
0
  6
AI-Linetype-64
 62
     7
370
     0
100
AcDbLine
 10
1545.912507581614
 20
306.166286489485
 30
0.0
 11
1547.570643199436
 21
314.7885917021779
 31
0.0
  0
LINE
  5
26A
330
70
100
AcDbEntity
  8
0
  6
AI-Linetype-65
 62
     7
370
     0
100
AcDbLine
 10
1555.4897917305
 20
303.7749641745603
 30
0.0
 11
1547.832315513539
 21
303.7749641745603
 31
0.0
  0
SPLINE
  5
26C
330
70
100
AcDbEntity
  8
0
  6
AI-Linetype-66
 62
     7
370
     0
100
AcDbSpline
210
0.0
220
0.0
230
1.0
 70
     8
 71
     3
 72
    11
 73
     7
 74
     0
 42
0.0000000001
 43
0.0000000001
 40
0.0
 40
0.0
 40
0.0
 40
0.0
 40
1.0
 40
1.0
 40
1.0
 40
2.0
 40
2.0
 40
2.0
 40
2.0
 10
1547.876520475579
 20
339.2885917021612
 30
0.0
 10
1546.771950975917
 20
339.2885917021612
 30
0.0
 10
1545.876520475579
 20
338.3931612018226
 30
0.0
 10
1545.876520475579
 20
337.2885917021611
 30
0.0
 10
1545.876520475579
 20
337.1618375112537
 30
0.0
 10
1545.888570383028
 20
337.0353703475313
 30
0.0
 10
1545.912507581614
 20
336.9108969148781
 30
0.0
  0
SPLINE
  5
26E
330
70
100
AcDbEntity
  8
0
  6
AI-Linetype-67
 62
     7
370
     0
100
AcDbSpline
210
0.0
220
0.0
230
1.0
 70
     8
 71
     3
 72
    11
 73
     7
 74
     0
 42
0.0000000001
 43
0.0000000001
 40
0.0
 40
0.0
 40
0.0
 40
0.0
 40
1.0
 40
1.0
 40
1.0
 40
2.0
 40
2.0
 40
2.0
 40
2.0
 10
1545.912507581614
 20
306.1662864894471
 30
0.0
 10
1545.703912510508
 20
305.0815921196396
 30
0.0
 10
1546.414131318488
 20
304.0331738793064
 30
0.0
 10
1547.498825688296
 20
303.8245788081996
 30
0.0
 10
1547.623299120949
 20
303.8006416096134
 30
0.0
 10
1547.749766284671
 20
303.7885917021641
 30
0.0
 10
1547.876520475579
 20
303.7885917021641
 30
0.0
  0
SPLINE
  5
270
330
70
100
AcDbEntity
  8
0
  6
AI-Linetype-68
 62
     7
370
     0
100
AcDbSpline
210
0.0
220
0.0
230
1.0
 70
     8
 71
     3
 72
     8
 73
     4
 74
     0
 42
0.0000000001
 43
0.0000000001
 40
0.0
 40
0.0
 40
0.0
 40
0.0
 40
1.0
 40
1.0
 40
1.0
 40
1.0
 10
1547.53399669254
 20
328.2885917021717
 30
0.0
 10
1546.429427192878
 20
328.2885917021717
 30
0.0
 10
1545.53399669254
 20
327.3931612018332
 30
0.0
 10
1545.53399669254
 20
326.2885917021716
 30
0.0
  0
SPLINE
  5
272
330
70
100
AcDbEntity
  8
0
  6
AI-Linetype-69
 62
     7
370
     0
100
AcDbSpline
210
0.0
220
0.0
230
1.0
 70
     8
 71
     3
 72
     8
 73
     4
 74
     0
 42
0.0000000001
 43
0.0000000001
 40
0.0
 40
0.0
 40
0.0
 40
0.0
 40
1.0
 40
1.0
 40
1.0
 40
1.0
 10
1545.53399669254
 20
316.7885917021741
 30
0.0
 10
1545.53399669254
 20
315.6840222025126
 30
0.0
 10
1546.429427192878
 20
314.7885917021741
 30
0.0
 10
1547.53399669254
 20
314.7885917021741
 30
0.0
  0
LINE
  5
274
330
70
100
AcDbEntity
  8
0
 62
     7
370
     0
100
AcDbLine
 10
1560.489791730501
 20
325.0249641745638
 30
0.0
 11
1568.489791730501
 21
325.0249641745638
 31
0.0
  0
LINE
  5
275
330
70
100
AcDbEntity
  8
0
 62
     7
370
     0
100
AcDbLine
 10
1560.489791730501
 20
318.0249641745668
 30
0.0
 11
1568.489791730501
 21
318.0249641745668
 31
0.0
  0
LINE
  5
276
330
70
100
AcDbEntity
  8
0
 62
     7
370
     0
100
AcDbLine
 10
1568.489791730501
 20
318.0249641745668
 30
0.0
 11
1568.489791730501
 21
325.0249641745638
 31
0.0
  0
SPLINE
  5
277
330
70
100
AcDbEntity
  8
0
 62
     7
370
     5
100
AcDbSpline
210
0.0
220
0.0
230
1.0
 70
     8
 71
     3
 72
     8
 73
     4
 74
     0
 42
0.0000000001
 43
0.0000000001
 40
0.0
 40
0.0
 40
0.0
 40
0.0
 40
1.0
 40
1.0
 40
1.0
 40
1.0
 10
1815.789791730693
 20
-131.2249932067374
 30
0.0
 10
1818.109387679982
 20
-131.2249932067374
 30
0.0
 10
1819.989791730693
 20
-129.3445891560266
 30
0.0
 10
1819.989791730693
 20
-127.0249932067372
 30
0.0
  0
SPLINE
  5
278
330
70
100
AcDbEntity
  8
0
 62
     7
370
     5
100
AcDbSpline
210
0.0
220
0.0
230
1.0
 70
     8
 71
     3
 72
     8
 73
     4
 74
     0
 42
0.0000000001
 43
0.0000000001
 40
0.0
 40
0.0
 40
0.0
 40
0.0
 40
1.0
 40
1.0
 40
1.0
 40
1.0
 10
1815.789791730693
 20
-129.1249932067408
 30
0.0
 10
1816.949589705339
 20
-129.1249932067408
 30
0.0
 10
1817.889791730696
 20
-128.1847911813839
 30
0.0
 10
1817.889791730696
 20
-127.0249932067372
 30
0.0
  0
SPLINE
  5
279
330
70
100
AcDbEntity
  8
0
 62
     7
370
     0
100
AcDbSpline
210
0.0
220
0.0
230
1.0
 70
     8
 71
     3
 72
     8
 73
     4
 74
     0
 42
0.0000000001
 43
0.0000000001
 40
0.0
 40
0.0
 40
0.0
 40
0.0
 40
1.0
 40
1.0
 40
1.0
 40
1.0
 10
1594.989791730688
 20
-127.0249932067372
 30
0.0
 10
1594.989791730688
 20
-129.3445891560266
 30
0.0
 10
1596.870195781399
 20
-131.2249932067374
 30
0.0
 10
1599.189791730688
 20
-131.2249932067374
 30
0.0
  0
SPLINE
  5
27A
330
70
100
AcDbEntity
  8
0
 62
     7
370
     0
100
AcDbSpline
210
0.0
220
0.0
230
1.0
 70
     8
 71
     3
 72
     8
 73
     4
 74
     0
 42
0.0000000001
 43
0.0000000001
 40
0.0
 40
0.0
 40
0.0
 40
0.0
 40
1.0
 40
1.0
 40
1.0
 40
1.0
 10
1597.089791730685
 20
-127.0249932067372
 30
0.0
 10
1597.089791730685
 20
-128.1847911813839
 30
0.0
 10
1598.029993756042
 20
-129.1249932067408
 30
0.0
 10
1599.189791730688
 20
-129.1249932067408
 30
0.0
  0
LINE
  5
27B
330
70
100
AcDbEntity
  8
0
 62
     7
370
     0
100
AcDbLine
 10
1572.089791730665
 20
-130.6622999026084
 30
0.0
 11
1572.089791730564
 21
462.0749641745476
 31
0.0
  0
LINE
  5
27C
330
70
100
AcDbEntity
  8
0
 62
     7
370
     0
100
AcDbLine
 10
1594.989791730662
 20
-127.0249932067372
 30
0.0
 11
1594.989791730559
 21
442.3376574786525
 31
0.0
  0
LINE
  5
27D
330
70
100
AcDbEntity
  8
0
 62
     7
370
     0
100
AcDbLine
 10
1568.789791730577
 20
28.01407615300849
 30
0.0
 11
1565.789791730577
 21
28.01407615300849
 31
0.0
  0
LINE
  5
27E
330
70
100
AcDbEntity
  8
0
 62
     7
370
     0
100
AcDbLine
 10
1565.789791730577
 20
-0.9859238469880359
 30
0.0
 11
1565.789791730577
 21
28.01407615300849
 31
0.0
  0
LINE
  5
27F
330
70
100
AcDbEntity
  8
0
 62
     7
370
     0
100
AcDbLine
 10
1565.789791730577
 20
28.01407615300849
 30
0.0
 11
1560.489791730589
 21
25.28593743356811
 31
0.0
  0
LINE
  5
280
330
70
100
AcDbEntity
  8
0
 62
     7
370
     0
100
AcDbLine
 10
1565.789791730577
 20
-0.9859238469880359
 30
0.0
 11
1560.489791730589
 21
1.7640761530042
 31
0.0
  0
LINE
  5
281
330
70
100
AcDbEntity
  8
0
 62
     7
370
     0
100
AcDbLine
 10
1568.789791730577
 20
28.01407615300849
 30
0.0
 11
1565.789791730577
 21
28.01407615300849
 31
0.0
  0
LINE
  5
282
330
70
100
AcDbEntity
  8
0
 62
     7
370
     0
100
AcDbLine
 10
1568.789791730577
 20
-0.9859238469880359
 30
0.0
 11
1565.789791730577
 21
-0.9859238469880359
 31
0.0
  0
LINE
  5
283
330
70
100
AcDbEntity
  8
0
 62
     7
370
     0
100
AcDbLine
 10
1560.489791730589
 20
1.7640761530042
 30
0.0
 11
1560.489791730589
 21
25.28593743356811
 31
0.0
  0
LINE
  5
284
330
70
100
AcDbEntity
  8
0
 62
     7
370
     0
100
AcDbLine
 10
1568.789791730577
 20
-0.9859238469880359
 30
0.0
 11
1568.789791730577
 21
28.01407615300849
 31
0.0
  0
LINE
  5
285
330
70
100
AcDbEntity
  8
0
 62
     7
370
     0
100
AcDbLine
 10
1565.789791730577
 20
-0.9859238469880359
 30
0.0
 11
1565.789791730577
 21
28.01407615300849
 31
0.0
  0
LINE
  5
286
330
70
100
AcDbEntity
  8
0
 62
     7
370
     0
100
AcDbLine
 10
1568.789791730577
 20
31.01407615301309
 30
0.0
 11
1568.789791730577
 21
-3.985923846992633
 31
0.0
  0
LINE
  5
287
330
70
100
AcDbEntity
  8
0
 62
     7
370
     0
100
AcDbLine
 10
1568.789791730577
 20
-3.985923846992633
 30
0.0
 11
1569.989791730588
 21
-3.985923846992633
 31
0.0
  0
LINE
  5
288
330
70
100
AcDbEntity
  8
0
 62
     7
370
     0
100
AcDbLine
 10
1569.989791730588
 20
-3.985923846992633
 30
0.0
 11
1569.989791730588
 21
31.01407615301309
 31
0.0
  0
LINE
  5
289
330
70
100
AcDbEntity
  8
0
 62
     7
370
     0
100
AcDbLine
 10
1569.989791730588
 20
31.01407615301309
 30
0.0
 11
1568.789791730577
 21
31.01407615301309
 31
0.0
  0
LINE
  5
28A
330
70
100
AcDbEntity
  8
0
 62
     7
370
     0
100
AcDbLine
 10
1569.989791730588
 20
20.51407615300727
 30
0.0
 11
1568.789791730577
 21
20.51407615300727
 31
0.0
  0
LINE
  5
28B
330
70
100
AcDbEntity
  8
0
 62
     7
370
     0
100
AcDbLine
 10
1569.989791730588
 20
6.514076153013191
 30
0.0
 11
1568.789791730577
 21
6.514076153013191
 31
0.0
  0
LINE
  5
28C
330
70
100
AcDbEntity
  8
0
 62
     7
370
     0
100
AcDbLine
 10
1555.489791730588
 20
33.27500679328733
 30
0.0
 11
1555.489791730588
 21
-6.224993206715022
 31
0.0
  0
LINE
  5
28D
330
70
100
AcDbEntity
  8
0
 62
     7
370
     0
100
AcDbLine
 10
1555.489791730588
 20
-6.224993206715022
 30
0.0
 11
1545.411053622108
 21
-6.224993206715022
 31
0.0
  0
LINE
  5
28E
330
70
100
AcDbEntity
  8
0
 62
     7
370
     0
100
AcDbLine
 10
1555.489791730588
 20
33.27500679328733
 30
0.0
 11
1545.411053622108
 21
33.27500679328733
 31
0.0
  0
LINE
  5
28F
330
70
100
AcDbEntity
  8
0
  6
AI-Linetype-70
 62
     7
370
     0
100
AcDbLine
 10
1555.489791730588
 20
6.775006793291211
 30
0.0
 11
1547.48979173059
 21
6.775006793291211
 31
0.0
  0
LINE
  5
291
330
70
100
AcDbEntity
  8
0
  6
AI-Linetype-71
 62
     7
370
     0
100
AcDbLine
 10
1555.489791730588
 20
20.2750067932811
 30
0.0
 11
1547.48979173059
 21
20.2750067932811
 31
0.0
  0
LINE
  5
293
330
70
100
AcDbEntity
  8
0
 62
     7
370
     0
100
AcDbLine
 10
1545.489791730588
 20
18.27500679328488
 30
0.0
 11
1545.489791730588
 21
8.775006793287431
 31
0.0
  0
LINE
  5
294
330
70
100
AcDbEntity
  8
0
 62
     7
370
     0
100
AcDbLine
 10
1543.447040728144
 20
30.89731200601138
 30
0.0
 11
1545.701995503808
 21
19.17154717250074
 31
0.0
  0
LINE
  5
295
330
70
100
AcDbEntity
  8
0
 62
     7
370
     0
100
AcDbLine
 10
1543.447040728144
 20
-3.84729841943907
 30
0.0
 11
1545.701995503808
 21
7.878466414071575
 31
0.0
  0
LINE
  5
296
330
70
100
AcDbEntity
  8
0
 62
     7
370
     0
100
AcDbLine
 10
1555.489791730588
 20
5.67500679329021
 30
0.0
 11
1558.29782425536
 21
5.67500679329021
 31
0.0
  0
LINE
  5
297
330
70
100
AcDbEntity
  8
0
 62
     7
370
     0
100
AcDbLine
 10
1555.489791730588
 20
21.36401605308609
 30
0.0
 11
1558.29782425536
 21
21.36401605308609
 31
0.0
  0
LINE
  5
298
330
70
100
AcDbEntity
  8
0
 62
     7
370
     0
100
AcDbLine
 10
1555.489791730588
 20
5.67500679329021
 30
0.0
 11
1560.489791730589
 21
5.67500679329021
 31
0.0
  0
LINE
  5
299
330
70
100
AcDbEntity
  8
0
 62
     7
370
     0
100
AcDbLine
 10
1555.489791730588
 20
21.36401605308609
 30
0.0
 11
1560.489791730589
 21
21.36401605308609
 31
0.0
  0
LINE
  5
29A
330
70
100
AcDbEntity
  8
0
 62
     7
370
     0
100
AcDbLine
 10
1560.489791730589
 20
21.36401605308609
 30
0.0
 11
1560.489791730589
 21
5.67500679329021
 31
0.0
  0
SPLINE
  5
29B
330
70
100
AcDbEntity
  8
0
 62
     7
370
     0
100
AcDbSpline
210
0.0
220
0.0
230
1.0
 70
     8
 71
     3
 72
    11
 73
     7
 74
     0
 42
0.0000000001
 43
0.0000000001
 40
0.0
 40
0.0
 40
0.0
 40
0.0
 40
1.0
 40
1.0
 40
1.0
 40
2.0
 40
2.0
 40
2.0
 40
2.0
 10
1543.447040728144
 20
-3.847298419435862
 30
0.0
 10
1543.238445657037
 20
-4.931992789243379
 30
0.0
 10
1543.948664465018
 20
-5.980411029576524
 30
0.0
 10
1545.033358834825
 20
-6.189006100683259
 30
0.0
 10
1545.157832267479
 20
-6.21294329926959
 30
0.0
 10
1545.284299431201
 20
-6.224993206718872
 30
0.0
 10
1545.411053622108
 20
-6.224993206718872
 30
0.0
  0
SPLINE
  5
29C
330
70
100
AcDbEntity
  8
0
 62
     7
370
     0
100
AcDbSpline
210
0.0
220
0.0
230
1.0
 70
     8
 71
     3
 72
    11
 73
     7
 74
     0
 42
0.0000000001
 43
0.0000000001
 40
0.0
 40
0.0
 40
0.0
 40
0.0
 40
1.0
 40
1.0
 40
1.0
 40
2.0
 40
2.0
 40
2.0
 40
2.0
 10
1545.411053622108
 20
33.27500679329118
 30
0.0
 10
1544.306484122446
 20
33.27500679329118
 30
0.0
 10
1543.411053622108
 20
32.37957629295239
 30
0.0
 10
1543.411053622108
 20
31.27500679329112
 30
0.0
 10
1543.411053622108
 20
31.14825260238344
 30
0.0
 10
1543.423103529558
 20
31.02178543866133
 30
0.0
 10
1543.447040728144
 20
30.89731200600818
 30
0.0
  0
LINE
  5
29D
330
70
100
AcDbEntity
  8
0
  6
AI-Linetype-72
 62
     7
370
     0
100
AcDbLine
 10
1555.489791730588
 20
31.27500679329112
 30
0.0
 11
1547.832315513626
 21
31.27500679329112
 31
0.0
  0
LINE
  5
29F
330
70
100
AcDbEntity
  8
0
  6
AI-Linetype-73
 62
     7
370
     0
100
AcDbLine
 10
1545.868302619662
 20
28.89731200599463
 30
0.0
 11
1547.526438237484
 21
20.2750067932811
 31
0.0
  0
LINE
  5
2A1
330
70
100
AcDbEntity
  8
0
  6
AI-Linetype-74
 62
     7
370
     0
100
AcDbLine
 10
1547.48979173059
 20
20.2750067932811
 30
0.0
 11
1547.48979173059
 21
6.775006793291211
 31
0.0
  0
LINE
  5
2A3
330
70
100
AcDbEntity
  8
0
  6
AI-Linetype-75
 62
     7
370
     0
100
AcDbLine
 10
1545.868302619662
 20
-1.847298419422316
 30
0.0
 11
1547.526438237484
 21
6.775006793291211
 31
0.0
  0
LINE
  5
2A5
330
70
100
AcDbEntity
  8
0
  6
AI-Linetype-76
 62
     7
370
     0
100
AcDbLine
 10
1555.489791730588
 20
-4.224993206718801
 30
0.0
 11
1547.832315513626
 21
-4.224993206718801
 31
0.0
  0
SPLINE
  5
2A7
330
70
100
AcDbEntity
  8
0
  6
AI-Linetype-77
 62
     7
370
     0
100
AcDbSpline
210
0.0
220
0.0
230
1.0
 70
     8
 71
     3
 72
    11
 73
     7
 74
     0
 42
0.0000000001
 43
0.0000000001
 40
0.0
 40
0.0
 40
0.0
 40
0.0
 40
1.0
 40
1.0
 40
1.0
 40
2.0
 40
2.0
 40
2.0
 40
2.0
 10
1547.832315513626
 20
31.27500679329497
 30
0.0
 10
1546.727746013964
 20
31.27500679329497
 30
0.0
 10
1545.832315513626
 20
30.37957629295616
 30
0.0
 10
1545.832315513626
 20
29.27500679329489
 30
0.0
 10
1545.832315513626
 20
29.14825260238722
 30
0.0
 10
1545.844365421075
 20
29.02178543866511
 30
0.0
 10
1545.868302619662
 20
28.89731200601195
 30
0.0
  0
SPLINE
  5
2A9
330
70
100
AcDbEntity
  8
0
  6
AI-Linetype-78
 62
     7
370
     0
100
AcDbSpline
210
0.0
220
0.0
230
1.0
 70
     8
 71
     3
 72
    11
 73
     7
 74
     0
 42
0.0000000001
 43
0.0000000001
 40
0.0
 40
0.0
 40
0.0
 40
0.0
 40
1.0
 40
1.0
 40
1.0
 40
2.0
 40
2.0
 40
2.0
 40
2.0
 10
1545.868302619662
 20
-1.847298419439642
 30
0.0
 10
1545.659707548555
 20
-2.931992789247158
 30
0.0
 10
1546.369926356536
 20
-3.980411029580304
 30
0.0
 10
1547.454620726343
 20
-4.18900610068704
 30
0.0
 10
1547.579094158996
 20
-4.212943299273369
 30
0.0
 10
1547.705561322719
 20
-4.224993206722651
 30
0.0
 10
1547.832315513626
 20
-4.224993206722651
 30
0.0
  0
SPLINE
  5
2AB
330
70
100
AcDbEntity
  8
0
  6
AI-Linetype-79
 62
     7
370
     0
100
AcDbSpline
210
0.0
220
0.0
230
1.0
 70
     8
 71
     3
 72
     8
 73
     4
 74
     0
 42
0.0000000001
 43
0.0000000001
 40
0.0
 40
0.0
 40
0.0
 40
0.0
 40
1.0
 40
1.0
 40
1.0
 40
1.0
 10
1547.48979173059
 20
20.27500679328495
 30
0.0
 10
1546.385222230928
 20
20.27500679328495
 30
0.0
 10
1545.48979173059
 20
19.37957629294615
 30
0.0
 10
1545.48979173059
 20
18.27500679328488
 30
0.0
  0
SPLINE
  5
2AD
330
70
100
AcDbEntity
  8
0
  6
AI-Linetype-80
 62
     7
370
     0
100
AcDbSpline
210
0.0
220
0.0
230
1.0
 70
     8
 71
     3
 72
     8
 73
     4
 74
     0
 42
0.0000000001
 43
0.0000000001
 40
0.0
 40
0.0
 40
0.0
 40
0.0
 40
1.0
 40
1.0
 40
1.0
 40
1.0
 10
1545.48979173059
 20
8.775006793287431
 30
0.0
 10
1545.48979173059
 20
7.670437293626163
 30
0.0
 10
1546.385222230928
 20
6.775006793287361
 30
0.0
 10
1547.48979173059
 20
6.775006793287361
 30
0.0
  0
LINE
  5
2AF
330
70
100
AcDbEntity
  8
0
 62
     7
370
     0
100
AcDbLine
 10
1560.489791730589
 20
17.02500679328467
 30
0.0
 11
1568.489791730589
 21
17.02500679328467
 31
0.0
  0
LINE
  5
2B0
330
70
100
AcDbEntity
  8
0
 62
     7
370
     0
100
AcDbLine
 10
1560.489791730589
 20
10.02500679328764
 30
0.0
 11
1568.489791730589
 21
10.02500679328764
 31
0.0
  0
LINE
  5
2B1
330
70
100
AcDbEntity
  8
0
 62
     7
370
     0
100
AcDbLine
 10
1568.489791730589
 20
10.02500679328764
 30
0.0
 11
1568.489791730589
 21
17.02500679328467
 31
0.0
  0
LINE
  5
2B2
330
70
100
AcDbEntity
  8
0
 62
     7
370
     0
100
AcDbLine
 10
1568.789791730577
 20
28.01407615300849
 30
0.0
 11
1565.789791730577
 21
28.01407615300849
 31
0.0
  0
LINE
  5
2B3
330
70
100
AcDbEntity
  8
0
 62
     7
370
     0
100
AcDbLine
 10
1565.789791730577
 20
-0.9859238469880359
 30
0.0
 11
1565.789791730577
 21
28.01407615300849
 31
0.0
  0
LINE
  5
2B4
330
70
100
AcDbEntity
  8
0
 62
     7
370
     0
100
AcDbLine
 10
1565.789791730577
 20
28.01407615300849
 30
0.0
 11
1560.489791730589
 21
25.28593743356811
 31
0.0
  0
LINE
  5
2B5
330
70
100
AcDbEntity
  8
0
 62
     7
370
     0
100
AcDbLine
 10
1565.789791730577
 20
-0.9859238469880359
 30
0.0
 11
1560.489791730589
 21
1.7640761530042
 31
0.0
  0
LINE
  5
2B6
330
70
100
AcDbEntity
  8
0
 62
     7
370
     0
100
AcDbLine
 10
1568.789791730577
 20
28.01407615300849
 30
0.0
 11
1565.789791730577
 21
28.01407615300849
 31
0.0
  0
LINE
  5
2B7
330
70
100
AcDbEntity
  8
0
 62
     7
370
     0
100
AcDbLine
 10
1568.789791730577
 20
-0.9859238469880359
 30
0.0
 11
1565.789791730577
 21
-0.9859238469880359
 31
0.0
  0
LINE
  5
2B8
330
70
100
AcDbEntity
  8
0
 62
     7
370
     0
100
AcDbLine
 10
1560.489791730589
 20
1.7640761530042
 30
0.0
 11
1560.489791730589
 21
25.28593743356811
 31
0.0
  0
LINE
  5
2B9
330
70
100
AcDbEntity
  8
0
 62
     7
370
     0
100
AcDbLine
 10
1568.789791730577
 20
-0.9859238469880359
 30
0.0
 11
1568.789791730577
 21
28.01407615300849
 31
0.0
  0
LINE
  5
2BA
330
70
100
AcDbEntity
  8
0
 62
     7
370
     0
100
AcDbLine
 10
1565.789791730577
 20
-0.9859238469880359
 30
0.0
 11
1565.789791730577
 21
28.01407615300849
 31
0.0
  0
LINE
  5
2BB
330
70
100
AcDbEntity
  8
0
 62
     7
370
     0
100
AcDbLine
 10
1568.789791730577
 20
31.01407615301309
 30
0.0
 11
1568.789791730577
 21
-3.985923846992633
 31
0.0
  0
LINE
  5
2BC
330
70
100
AcDbEntity
  8
0
 62
     7
370
     0
100
AcDbLine
 10
1568.789791730577
 20
-3.985923846992633
 30
0.0
 11
1569.989791730588
 21
-3.985923846992633
 31
0.0
  0
LINE
  5
2BD
330
70
100
AcDbEntity
  8
0
 62
     7
370
     0
100
AcDbLine
 10
1569.989791730588
 20
-3.985923846992633
 30
0.0
 11
1569.989791730588
 21
31.01407615301309
 31
0.0
  0
LINE
  5
2BE
330
70
100
AcDbEntity
  8
0
 62
     7
370
     0
100
AcDbLine
 10
1569.989791730588
 20
31.01407615301309
 30
0.0
 11
1568.789791730577
 21
31.01407615301309
 31
0.0
  0
LINE
  5
2BF
330
70
100
AcDbEntity
  8
0
 62
     7
370
     0
100
AcDbLine
 10
1569.989791730588
 20
20.51407615300727
 30
0.0
 11
1568.789791730577
 21
20.51407615300727
 31
0.0
  0
LINE
  5
2C0
330
70
100
AcDbEntity
  8
0
 62
     7
370
     0
100
AcDbLine
 10
1569.989791730588
 20
6.514076153013191
 30
0.0
 11
1568.789791730577
 21
6.514076153013191
 31
0.0
  0
LINE
  5
2C1
330
70
100
AcDbEntity
  8
0
 62
     7
370
     0
100
AcDbLine
 10
1555.489791730588
 20
33.27500679328733
 30
0.0
 11
1555.489791730588
 21
-6.224993206715022
 31
0.0
  0
LINE
  5
2C2
330
70
100
AcDbEntity
  8
0
 62
     7
370
     0
100
AcDbLine
 10
1555.489791730588
 20
-6.224993206715022
 30
0.0
 11
1545.411053622108
 21
-6.224993206715022
 31
0.0
  0
LINE
  5
2C3
330
70
100
AcDbEntity
  8
0
 62
     7
370
     0
100
AcDbLine
 10
1555.489791730588
 20
33.27500679328733
 30
0.0
 11
1545.411053622108
 21
33.27500679328733
 31
0.0
  0
LINE
  5
2C4
330
70
100
AcDbEntity
  8
0
  6
AI-Linetype-81
 62
     7
370
     0
100
AcDbLine
 10
1555.489791730588
 20
6.775006793291211
 30
0.0
 11
1547.48979173059
 21
6.775006793291211
 31
0.0
  0
LINE
  5
2C6
330
70
100
AcDbEntity
  8
0
  6
AI-Linetype-82
 62
     7
370
     0
100
AcDbLine
 10
1555.489791730588
 20
20.2750067932811
 30
0.0
 11
1547.48979173059
 21
20.2750067932811
 31
0.0
  0
LINE
  5
2C8
330
70
100
AcDbEntity
  8
0
 62
     7
370
     0
100
AcDbLine
 10
1545.489791730588
 20
18.27500679328488
 30
0.0
 11
1545.489791730588
 21
8.775006793287431
 31
0.0
  0
LINE
  5
2C9
330
70
100
AcDbEntity
  8
0
 62
     7
370
     0
100
AcDbLine
 10
1543.447040728144
 20
30.89731200601138
 30
0.0
 11
1545.701995503808
 21
19.17154717250074
 31
0.0
  0
LINE
  5
2CA
330
70
100
AcDbEntity
  8
0
 62
     7
370
     0
100
AcDbLine
 10
1543.447040728144
 20
-3.84729841943907
 30
0.0
 11
1545.701995503808
 21
7.878466414071575
 31
0.0
  0
LINE
  5
2CB
330
70
100
AcDbEntity
  8
0
 62
     7
370
     0
100
AcDbLine
 10
1555.489791730588
 20
5.67500679329021
 30
0.0
 11
1558.29782425536
 21
5.67500679329021
 31
0.0
  0
LINE
  5
2CC
330
70
100
AcDbEntity
  8
0
 62
     7
370
     0
100
AcDbLine
 10
1555.489791730588
 20
21.36401605308609
 30
0.0
 11
1558.29782425536
 21
21.36401605308609
 31
0.0
  0
LINE
  5
2CD
330
70
100
AcDbEntity
  8
0
 62
     7
370
     0
100
AcDbLine
 10
1555.489791730588
 20
5.67500679329021
 30
0.0
 11
1560.489791730589
 21
5.67500679329021
 31
0.0
  0
LINE
  5
2CE
330
70
100
AcDbEntity
  8
0
 62
     7
370
     0
100
AcDbLine
 10
1555.489791730588
 20
21.36401605308609
 30
0.0
 11
1560.489791730589
 21
21.36401605308609
 31
0.0
  0
LINE
  5
2CF
330
70
100
AcDbEntity
  8
0
 62
     7
370
     0
100
AcDbLine
 10
1560.489791730589
 20
21.36401605308609
 30
0.0
 11
1560.489791730589
 21
5.67500679329021
 31
0.0
  0
SPLINE
  5
2D0
330
70
100
AcDbEntity
  8
0
 62
     7
370
     0
100
AcDbSpline
210
0.0
220
0.0
230
1.0
 70
     8
 71
     3
 72
    11
 73
     7
 74
     0
 42
0.0000000001
 43
0.0000000001
 40
0.0
 40
0.0
 40
0.0
 40
0.0
 40
1.0
 40
1.0
 40
1.0
 40
2.0
 40
2.0
 40
2.0
 40
2.0
 10
1543.447040728144
 20
-3.847298419435862
 30
0.0
 10
1543.238445657037
 20
-4.931992789243379
 30
0.0
 10
1543.948664465018
 20
-5.980411029576524
 30
0.0
 10
1545.033358834825
 20
-6.189006100683259
 30
0.0
 10
1545.157832267479
 20
-6.21294329926959
 30
0.0
 10
1545.284299431201
 20
-6.224993206718872
 30
0.0
 10
1545.411053622108
 20
-6.224993206718872
 30
0.0
  0
SPLINE
  5
2D1
330
70
100
AcDbEntity
  8
0
 62
     7
370
     0
100
AcDbSpline
210
0.0
220
0.0
230
1.0
 70
     8
 71
     3
 72
    11
 73
     7
 74
     0
 42
0.0000000001
 43
0.0000000001
 40
0.0
 40
0.0
 40
0.0
 40
0.0
 40
1.0
 40
1.0
 40
1.0
 40
2.0
 40
2.0
 40
2.0
 40
2.0
 10
1545.411053622108
 20
33.27500679329118
 30
0.0
 10
1544.306484122446
 20
33.27500679329118
 30
0.0
 10
1543.411053622108
 20
32.37957629295239
 30
0.0
 10
1543.411053622108
 20
31.27500679329112
 30
0.0
 10
1543.411053622108
 20
31.14825260238344
 30
0.0
 10
1543.423103529558
 20
31.02178543866133
 30
0.0
 10
1543.447040728144
 20
30.89731200600818
 30
0.0
  0
LINE
  5
2D2
330
70
100
AcDbEntity
  8
0
  6
AI-Linetype-83
 62
     7
370
     0
100
AcDbLine
 10
1555.489791730588
 20
31.27500679329112
 30
0.0
 11
1547.832315513626
 21
31.27500679329112
 31
0.0
  0
LINE
  5
2D4
330
70
100
AcDbEntity
  8
0
  6
AI-Linetype-84
 62
     7
370
     0
100
AcDbLine
 10
1545.868302619662
 20
28.89731200599463
 30
0.0
 11
1547.526438237484
 21
20.2750067932811
 31
0.0
  0
LINE
  5
2D6
330
70
100
AcDbEntity
  8
0
  6
AI-Linetype-85
 62
     7
370
     0
100
AcDbLine
 10
1547.48979173059
 20
20.2750067932811
 30
0.0
 11
1547.48979173059
 21
6.775006793291211
 31
0.0
  0
LINE
  5
2D8
330
70
100
AcDbEntity
  8
0
  6
AI-Linetype-86
 62
     7
370
     0
100
AcDbLine
 10
1545.868302619662
 20
-1.847298419422316
 30
0.0
 11
1547.526438237484
 21
6.775006793291211
 31
0.0
  0
LINE
  5
2DA
330
70
100
AcDbEntity
  8
0
  6
AI-Linetype-87
 62
     7
370
     0
100
AcDbLine
 10
1555.489791730588
 20
-4.224993206718801
 30
0.0
 11
1547.832315513626
 21
-4.224993206718801
 31
0.0
  0
SPLINE
  5
2DC
330
70
100
AcDbEntity
  8
0
  6
AI-Linetype-88
 62
     7
370
     0
100
AcDbSpline
210
0.0
220
0.0
230
1.0
 70
     8
 71
     3
 72
    11
 73
     7
 74
     0
 42
0.0000000001
 43
0.0000000001
 40
0.0
 40
0.0
 40
0.0
 40
0.0
 40
1.0
 40
1.0
 40
1.0
 40
2.0
 40
2.0
 40
2.0
 40
2.0
 10
1547.832315513626
 20
31.27500679329497
 30
0.0
 10
1546.727746013964
 20
31.27500679329497
 30
0.0
 10
1545.832315513626
 20
30.37957629295616
 30
0.0
 10
1545.832315513626
 20
29.27500679329489
 30
0.0
 10
1545.832315513626
 20
29.14825260238722
 30
0.0
 10
1545.844365421075
 20
29.02178543866511
 30
0.0
 10
1545.868302619662
 20
28.89731200601195
 30
0.0
  0
SPLINE
  5
2DE
330
70
100
AcDbEntity
  8
0
  6
AI-Linetype-89
 62
     7
370
     0
100
AcDbSpline
210
0.0
220
0.0
230
1.0
 70
     8
 71
     3
 72
    11
 73
     7
 74
     0
 42
0.0000000001
 43
0.0000000001
 40
0.0
 40
0.0
 40
0.0
 40
0.0
 40
1.0
 40
1.0
 40
1.0
 40
2.0
 40
2.0
 40
2.0
 40
2.0
 10
1545.868302619662
 20
-1.847298419439642
 30
0.0
 10
1545.659707548555
 20
-2.931992789247158
 30
0.0
 10
1546.369926356536
 20
-3.980411029580304
 30
0.0
 10
1547.454620726343
 20
-4.18900610068704
 30
0.0
 10
1547.579094158996
 20
-4.212943299273369
 30
0.0
 10
1547.705561322719
 20
-4.224993206722651
 30
0.0
 10
1547.832315513626
 20
-4.224993206722651
 30
0.0
  0
SPLINE
  5
2E0
330
70
100
AcDbEntity
  8
0
  6
AI-Linetype-90
 62
     7
370
     0
100
AcDbSpline
210
0.0
220
0.0
230
1.0
 70
     8
 71
     3
 72
     8
 73
     4
 74
     0
 42
0.0000000001
 43
0.0000000001
 40
0.0
 40
0.0
 40
0.0
 40
0.0
 40
1.0
 40
1.0
 40
1.0
 40
1.0
 10
1547.48979173059
 20
20.27500679328495
 30
0.0
 10
1546.385222230928
 20
20.27500679328495
 30
0.0
 10
1545.48979173059
 20
19.37957629294615
 30
0.0
 10
1545.48979173059
 20
18.27500679328488
 30
0.0
  0
SPLINE
  5
2E2
330
70
100
AcDbEntity
  8
0
  6
AI-Linetype-91
 62
     7
370
     0
100
AcDbSpline
210
0.0
220
0.0
230
1.0
 70
     8
 71
     3
 72
     8
 73
     4
 74
     0
 42
0.0000000001
 43
0.0000000001
 40
0.0
 40
0.0
 40
0.0
 40
0.0
 40
1.0
 40
1.0
 40
1.0
 40
1.0
 10
1545.48979173059
 20
8.775006793287431
 30
0.0
 10
1545.48979173059
 20
7.670437293626163
 30
0.0
 10
1546.385222230928
 20
6.775006793287361
 30
0.0
 10
1547.48979173059
 20
6.775006793287361
 30
0.0
  0
LINE
  5
2E4
330
70
100
AcDbEntity
  8
0
 62
     7
370
     0
100
AcDbLine
 10
1560.489791730589
 20
17.02500679328467
 30
0.0
 11
1568.489791730589
 21
17.02500679328467
 31
0.0
  0
LINE
  5
2E5
330
70
100
AcDbEntity
  8
0
 62
     7
370
     0
100
AcDbLine
 10
1560.489791730589
 20
10.02500679328764
 30
0.0
 11
1568.489791730589
 21
10.02500679328764
 31
0.0
  0
LINE
  5
2E6
330
70
100
AcDbEntity
  8
0
 62
     7
370
     0
100
AcDbLine
 10
1568.489791730589
 20
10.02500679328764
 30
0.0
 11
1568.489791730589
 21
17.02500679328467
 31
0.0
  0
LINE
  5
2E7
330
70
100
AcDbEntity
  8
0
 62
     7
370
     0
100
AcDbLine
 10
1599.189791730688
 20
-131.2249932067355
 30
0.0
 11
1815.789791730693
 21
-131.2249932067355
 31
0.0
  0
LINE
  5
2E8
330
70
100
AcDbEntity
  8
0
 62
     7
370
     0
100
AcDbLine
 10
1815.789791730693
 20
-131.2249932067355
 30
0.0
 11
1599.189791730688
 21
-131.2249932067355
 31
0.0
  0
LINE
  5
2E9
330
70
100
AcDbEntity
  8
0
 62
     7
370
     0
100
AcDbLine
 10
1815.789791730693
 20
-129.1249932067261
 30
0.0
 11
1599.189791730688
 21
-129.1249932067261
 31
0.0
  0
LINE
  5
2EA
330
70
100
AcDbEntity
  8
0
 62
     7
370
     0
100
AcDbLine
 10
1592.489791730546
 20
441.7749641745665
 30
0.0
 11
1592.489791730538
 21
-131.2249932067355
 31
0.0
  0
LINE
  5
2EB
330
70
100
AcDbEntity
  8
0
 62
     7
370
     0
100
AcDbLine
 10
1592.489791730559
 20
-131.2249932067355
 30
0.0
 11
1574.189791730702
 21
-131.2249932067355
 31
0.0
  0
SPLINE
  5
2EC
330
70
100
AcDbEntity
  8
0
 62
     7
370
     0
100
AcDbSpline
210
0.0
220
0.0
230
1.0
 70
     8
 71
     3
 72
     8
 73
     4
 74
     0
 42
0.0000000001
 43
0.0000000001
 40
0.0
 40
0.0
 40
0.0
 40
0.0
 40
1.0
 40
1.0
 40
1.0
 40
1.0
 10
1569.989791730705
 20
-127.0249932067372
 30
0.0
 10
1569.989791730705
 20
-129.3445891560247
 30
0.0
 10
1571.870195781414
 20
-131.2249932067341
 30
0.0
 10
1574.189791730702
 20
-131.2249932067341
 30
0.0
  0
SPLINE
  5
2ED
330
70
100
AcDbEntity
  8
0
 62
     7
370
     0
100
AcDbSpline
210
0.0
220
0.0
230
1.0
 70
     8
 71
     3
 72
     8
 73
     4
 74
     0
 42
0.0000000001
 43
0.0000000001
 40
0.0
 40
0.0
 40
0.0
 40
0.0
 40
1.0
 40
1.0
 40
1.0
 40
1.0
 10
1572.089791730704
 20
-127.0249932067372
 30
0.0
 10
1572.089791730704
 20
-128.1847911813813
 30
0.0
 10
1573.029993756059
 20
-129.1249932067357
 30
0.0
 10
1574.189791730702
 20
-129.1249932067357
 30
0.0
  0
LINE
  5
2EE
330
70
100
AcDbEntity
  8
0
 62
     7
370
     0
100
AcDbLine
 10
1574.189791730702
 20
-129.1249932067261
 30
0.0
 11
1592.48979173053
 21
-129.1249932067261
 31
0.0
  0
SPLINE
  5
2EF
330
70
100
AcDbEntity
  8
0
 62
     7
370
     0
100
AcDbSpline
210
0.0
220
0.0
230
1.0
 70
     8
 71
     3
 72
     8
 73
     4
 74
     0
 42
0.0000000001
 43
0.0000000001
 40
0.0
 40
0.0
 40
0.0
 40
0.0
 40
1.0
 40
1.0
 40
1.0
 40
1.0
 10
1594.989791730555
 20
-110.9249932067338
 30
0.0
 10
1594.989791730555
 20
-109.7651952320891
 30
0.0
 10
1594.0495897052
 20
-108.8249932067334
 30
0.0
 10
1592.889791730555
 20
-108.8249932067334
 30
0.0
  0
LINE
  5
2F0
330
70
100
AcDbEntity
  8
0
 62
     7
370
     0
100
AcDbLine
 10
1592.889791730555
 20
-108.8249932066833
 30
0.0
 11
1584.858010512088
 21
-108.8249932066833
 31
0.0
  0
SPLINE
  5
2F1
330
70
100
AcDbEntity
  8
0
 62
     7
370
     0
100
AcDbSpline
210
0.0
220
0.0
230
1.0
 70
     8
 71
     3
 72
     8
 73
     4
 74
     0
 42
0.0000000001
 43
0.0000000001
 40
0.0
 40
0.0
 40
0.0
 40
0.0
 40
1.0
 40
1.0
 40
1.0
 40
1.0
 10
1584.858010512088
 20
-108.8249932067353
 30
0.0
 10
1584.381761489061
 20
-108.8249932067353
 30
0.0
 10
1583.919656076664
 20
-108.9868745092724
 30
0.0
 10
1583.547519907164
 20
-109.2840744475019
 30
0.0
  0
LINE
  5
2F2
330
70
100
AcDbEntity
  8
0
 62
     7
370
     0
100
AcDbLine
 10
1583.547519907234
 20
-109.2840744474397
 30
0.0
 11
1576.76130981545
 21
-114.7037605333977
 31
0.0
  0
LINE
  5
2F3
330
70
100
AcDbEntity
  8
0
 62
     7
370
     0
100
AcDbLine
 10
1576.76130981545
 20
-114.7037605333977
 30
0.0
 11
1575.450819210581
 21
-113.0628417741241
 31
0.0
  0
LINE
  5
2F4
330
70
100
AcDbEntity
  8
0
 62
     7
370
     0
100
AcDbLine
 10
1575.450819210581
 20
-113.0628417741241
 30
0.0
 11
1582.237029302365
 21
-107.6431556881456
 31
0.0
  0
SPLINE
  5
2F5
330
70
100
AcDbEntity
  8
0
 62
     7
370
     0
100
AcDbSpline
210
0.0
220
0.0
230
1.0
 70
     8
 71
     3
 72
     8
 73
     4
 74
     0
 42
0.0000000001
 43
0.0000000001
 40
0.0
 40
0.0
 40
0.0
 40
0.0
 40
1.0
 40
1.0
 40
1.0
 40
1.0
 10
1584.858010512072
 20
-106.7249932067362
 30
0.0
 10
1583.905512466085
 20
-106.7249932067362
 30
0.0
 10
1582.981301641354
 20
-107.0487558117648
 30
0.0
 10
1582.237029302377
 20
-107.6431556881469
 30
0.0
  0
LINE
  5
2F6
330
70
100
AcDbEntity
  8
0
 62
     7
370
     0
100
AcDbLine
 10
1584.858010512088
 20
-106.724993206715
 30
0.0
 11
1592.889791730555
 21
-106.724993206715
 31
0.0
  0
SPLINE
  5
2F7
330
70
100
AcDbEntity
  8
0
 62
     7
370
     0
100
AcDbSpline
210
0.0
220
0.0
230
1.0
 70
     8
 71
     3
 72
     8
 73
     4
 74
     0
 42
0.0000000001
 43
0.0000000001
 40
0.0
 40
0.0
 40
0.0
 40
0.0
 40
1.0
 40
1.0
 40
1.0
 40
1.0
 10
1597.089791730552
 20
-110.9249932067338
 30
0.0
 10
1597.089791730552
 20
-108.6053972574463
 30
0.0
 10
1595.209387679843
 20
-106.7249932067368
 30
0.0
 10
1592.889791730555
 20
-106.7249932067368
 30
0.0
  0
LINE
  5
2F8
330
70
100
AcDbEntity
  8
0
 62
     7
370
     0
100
AcDbLine
 10
1575.450819210581
 20
-111.6293879196592
 30
0.0
 11
1575.450819210581
 21
-113.0628417741241
 31
0.0
  0
INSERT
  5
2FA
330
70
100
AcDbEntity
  8
0
100
AcDbBlockReference
  2
Block_6
 10
0.0
 20
0.0
 30
0.0
  0
SPLINE
  5
30A
330
70
100
AcDbEntity
  8
0
 62
     7
370
     0
100
AcDbSpline
210
0.0
220
0.0
230
1.0
 70
     8
 71
     3
 72
    32
 73
    28
 74
     0
 42
0.0000000001
 43
0.0000000001
 40
0.0
 40
0.0
 40
0.0
 40
0.0
 40
1.0
 40
1.0
 40
1.0
 40
2.0
 40
2.0
 40
2.0
 40
3.0
 40
3.0
 40
3.0
 40
4.0
 40
4.0
 40
4.0
 40
5.0
 40
5.0
 40
5.0
 40
6.0
 40
6.0
 40
6.0
 40
7.0
 40
7.0
 40
7.0
 40
8.0
 40
8.0
 40
8.0
 40
9.0
 40
9.0
 40
9.0
 40
9.0
 10
1572.090090662163
 20
-125.6707850693339
 30
0.0
 10
1573.073950603557
 20
-125.7518069418606
 30
0.0
 10
1574.057810544948
 20
-125.8328288143983
 30
0.0
 10
1575.079565217903
 20
-125.6707850693217
 30
0.0
 10
1576.212788137338
 20
-125.4910631744952
 30
0.0
 10
1577.392625045718
 20
-125.0123483182473
 30
0.0
 10
1578.069039773656
 20
-124.2367981402501
 30
0.0
 10
1579.111294840485
 20
-123.0417900051349
 30
0.0
 10
1578.958312253861
 20
-121.1420279532999
 30
0.0
 10
1578.069039773656
 20
-119.1279318288612
 30
0.0
 10
1576.683131374787
 20
-115.9890145710779
 30
0.0
 10
1573.508890812948
 20
-112.5723978621092
 30
0.0
 10
1575.557612759463
 20
-111.5723528560222
 30
0.0
 10
1575.980300191437
 20
-111.3660259524611
 30
0.0
 10
1576.625313256986
 20
-111.2625651587114
 30
0.0
 10
1577.105105796038
 20
-111.0212114914721
 30
0.0
 10
1578.744416373128
 20
-110.1965767018074
 30
0.0
 10
1578.454961120939
 20
-107.7621960280988
 30
0.0
 10
1578.244330374926
 20
-105.5253900411597
 30
0.0
 10
1578.074777443673
 20
-103.7248124003737
 30
0.0
 10
1577.956301859401
 20
-102.0522608179829
 30
0.0
 10
1576.869157743883
 20
-101.2216998199265
 30
0.0
 10
1576.318855897443
 20
-100.8012778682396
 30
0.0
 10
1575.520353413686
 20
-100.5965980335991
 30
0.0
 10
1574.719423130613
 20
-100.4413165419598
 30
0.0
 10
1573.797894074877
 20
-100.2626537926689
 30
0.0
 10
1572.873151052079
 20
-100.1493855124652
 30
0.0
 10
1572.090090662163
 20
-100.5445499215607
 30
0.0
  0
INSERT
  5
30C
330
70
100
AcDbEntity
  8
0
100
AcDbBlockReference
  2
Block_7
 10
0.0
 20
0.0
 30
0.0
  0
LINE
  5
313
330
70
100
AcDbEntity
  8
0
 62
     5
370
     0
100
AcDbLine
 10
1622.089791730616
 20
433.7750068918192
 30
0.0
 11
1642.089791730617
 21
433.7750068918192
 31
0.0
  0
LINE
  5
314
330
70
100
AcDbEntity
  8
0
 62
     5
370
     0
100
AcDbLine
 10
1642.089791730617
 20
433.7750068918192
 30
0.0
 11
1642.089791730617
 21
-96.22499300970247
 31
0.0
  0
LINE
  5
315
330
70
100
AcDbEntity
  8
0
 62
     5
370
     0
100
AcDbLine
 10
1642.089791730617
 20
-96.22499300970247
 30
0.0
 11
1622.089791730616
 21
-96.22499300970247
 31
0.0
  0
LINE
  5
316
330
70
100
AcDbEntity
  8
0
 62
     5
370
     0
100
AcDbLine
 10
1622.089791730616
 20
-96.22499300970247
 30
0.0
 11
1622.089791730616
 21
433.7750068918192
 31
0.0
  0
LINE
  5
317
330
70
100
AcDbEntity
  8
0
 62
     7
370
     0
100
AcDbLine
 10
1630.654202669141
 20
82.59120933677404
 30
0.0
 11
1451.216054847382
 21
202.6055915089605
 31
0.0
  0
MTEXT
  5
318
330
70
100
AcDbEntity
  8
0
100
AcDbMText
 10
1362.925421480015
 20
222.3880406141621
 30
0.0
 40
0.2
 41
0.0
 46
0.0
 71
     7
 72
     1
  1
\C7;\FArial|b0|i0|c1;\H25.000000;\W1.000000;SUB PANEL
 73
     1
 44
1.0
  0
LINE
  5
319
330
70
100
AcDbEntity
  8
0
 62
     7
370
     0
100
AcDbLine
 10
1761.692894758535
 20
-97.08876078172238
 30
0.0
 11
1761.692894758535
 21
434.6387747624862
 31
0.0
  0
LINE
  5
31A
330
70
100
AcDbEntity
  8
0
 62
     7
370
     0
100
AcDbLine
 10
1761.692894758532
 20
434.6387747624862
 30
0.0
 11
1746.692894758532
 21
434.6387747624862
 31
0.0
  0
LINE
  5
31B
330
70
100
AcDbEntity
  8
0
 62
     7
370
     0
100
AcDbLine
 10
1746.692894758535
 20
434.6387747624862
 30
0.0
 11
1746.692894758535
 21
-97.08876078172238
 31
0.0
  0
LINE
  5
31C
330
70
100
AcDbEntity
  8
0
 62
     7
370
     0
100
AcDbLine
 10
1741.782002869005
 20
167.2625282614588
 30
0.0
 11
1694.584544082379
 21
167.2625282614588
 31
0.0
  0
LINE
  5
31D
330
70
100
AcDbEntity
  8
0
 62
     7
370
     0
100
AcDbLine
 10
1744.692894758536
 20
177.3875282614769
 30
0.0
 11
1636.692894758535
 21
177.3875282614769
 31
0.0
  0
SPLINE
  5
31E
330
70
100
AcDbEntity
  8
0
 62
     7
370
     0
100
AcDbSpline
210
0.0
220
0.0
230
1.0
 70
     8
 71
     3
 72
     8
 73
     4
 74
     0
 42
0.0000000001
 43
0.0000000001
 40
0.0
 40
0.0
 40
0.0
 40
0.0
 40
1.0
 40
1.0
 40
1.0
 40
1.0
 10
1636.692894758535
 20
177.3875282614686
 30
0.0
 10
1636.140610008704
 20
177.3875282614686
 30
0.0
 10
1635.692894758535
 20
176.9398130112995
 30
0.0
 10
1635.692894758535
 20
176.3875282614685
 30
0.0
  0
LINE
  5
31F
330
70
100
AcDbEntity
  8
0
 62
     7
370
     0
100
AcDbLine
 10
1744.692894758536
 20
156.8875282614694
 30
0.0
 11
1636.692894758535
 21
156.8875282614694
 31
0.0
  0
SPLINE
  5
320
330
70
100
AcDbEntity
  8
0
 62
     7
370
     0
100
AcDbSpline
210
0.0
220
0.0
230
1.0
 70
     8
 71
     3
 72
     8
 73
     4
 74
     0
 42
0.0000000001
 43
0.0000000001
 40
0.0
 40
0.0
 40
0.0
 40
0.0
 40
1.0
 40
1.0
 40
1.0
 40
1.0
 10
1635.692894758535
 20
157.8875282614778
 30
0.0
 10
1635.692894758535
 20
157.3352435116469
 30
0.0
 10
1636.140610008704
 20
156.8875282614778
 30
0.0
 10
1636.692894758535
 20
156.8875282614778
 30
0.0
  0
LINE
  5
321
330
70
100
AcDbEntity
  8
0
 62
     7
370
     0
100
AcDbLine
 10
1635.692894758537
 20
157.8875282614778
 30
0.0
 11
1635.692894758537
 21
176.3875282614685
 31
0.0
  0
LINE
  5
322
330
70
100
AcDbEntity
  8
0
 62
     7
370
     0
100
AcDbLine
 10
1745.692894758537
 20
176.3875282614685
 30
0.0
 11
1637.692894758535
 21
176.3875282614685
 31
0.0
  0
SPLINE
  5
323
330
70
100
AcDbEntity
  8
0
 62
     7
370
     0
100
AcDbSpline
210
0.0
220
0.0
230
1.0
 70
     8
 71
     3
 72
     8
 73
     4
 74
     0
 42
0.0000000001
 43
0.0000000001
 40
0.0
 40
0.0
 40
0.0
 40
0.0
 40
1.0
 40
1.0
 40
1.0
 40
1.0
 10
1637.692894758535
 20
176.3875282614602
 30
0.0
 10
1637.140610008705
 20
176.3875282614602
 30
0.0
 10
1636.692894758535
 20
175.9398130112911
 30
0.0
 10
1636.692894758535
 20
175.3875282614601
 30
0.0
  0
LINE
  5
324
330
70
100
AcDbEntity
  8
0
 62
     7
370
     0
100
AcDbLine
 10
1745.692894758537
 20
157.8875282614778
 30
0.0
 11
1637.692894758535
 21
157.8875282614778
 31
0.0
  0
LINE
  5
325
330
70
100
AcDbEntity
  8
0
 62
     7
370
     0
100
AcDbLine
 10
1636.692894758535
 20
158.8875282614657
 30
0.0
 11
1636.692894758535
 21
175.3875282614601
 31
0.0
  0
SPLINE
  5
326
330
70
100
AcDbEntity
  8
0
 62
     7
370
     0
100
AcDbSpline
210
0.0
220
0.0
230
1.0
 70
     8
 71
     3
 72
     8
 73
     4
 74
     0
 42
0.0000000001
 43
0.0000000001
 40
0.0
 40
0.0
 40
0.0
 40
0.0
 40
1.0
 40
1.0
 40
1.0
 40
1.0
 10
1636.692894758535
 20
158.8875282614657
 30
0.0
 10
1636.692894758535
 20
158.3352435116347
 30
0.0
 10
1637.140610008705
 20
157.8875282614656
 30
0.0
 10
1637.692894758535
 20
157.8875282614656
 30
0.0
  0
LINE
  5
327
330
70
100
AcDbEntity
  8
0
 62
     7
370
     0
100
AcDbLine
 10
1636.692894758535
 20
163.8875282614665
 30
0.0
 11
1637.518452366517
 21
163.8875282614665
 31
0.0
  0
LINE
  5
328
330
70
100
AcDbEntity
  8
0
 62
     7
370
     0
100
AcDbLine
 10
1638.518452366518
 20
164.8875282614748
 30
0.0
 11
1638.518452366518
 21
167.8875282614589
 31
0.0
  0
SPLINE
  5
329
330
70
100
AcDbEntity
  8
0
 62
     7
370
     0
100
AcDbSpline
210
0.0
220
0.0
230
1.0
 70
     8
 71
     3
 72
     8
 73
     4
 74
     0
 42
0.0000000001
 43
0.0000000001
 40
0.0
 40
0.0
 40
0.0
 40
0.0
 40
1.0
 40
1.0
 40
1.0
 40
1.0
 10
1637.518452366517
 20
163.8875282614748
 30
0.0
 10
1638.070737116347
 20
163.8875282614748
 30
0.0
 10
1638.518452366517
 20
164.3352435116439
 30
0.0
 10
1638.518452366517
 20
164.8875282614748
 30
0.0
  0
LINE
  5
32A
330
70
100
AcDbEntity
  8
0
 62
     7
370
     0
100
AcDbLine
 10
1637.518452366517
 20
168.8875282614673
 30
0.0
 11
1636.692894758535
 21
168.8875282614673
 31
0.0
  0
SPLINE
  5
32B
330
70
100
AcDbEntity
  8
0
 62
     7
370
     0
100
AcDbSpline
210
0.0
220
0.0
230
1.0
 70
     8
 71
     3
 72
     8
 73
     4
 74
     0
 42
0.0000000001
 43
0.0000000001
 40
0.0
 40
0.0
 40
0.0
 40
0.0
 40
1.0
 40
1.0
 40
1.0
 40
1.0
 10
1638.518452366517
 20
167.8875282614589
 30
0.0
 10
1638.518452366517
 20
168.4398130112899
 30
0.0
 10
1638.070737116347
 20
168.887528261459
 30
0.0
 10
1637.518452366517
 20
168.887528261459
 30
0.0
  0
LINE
  5
32C
330
70
100
AcDbEntity
  8
0
 62
     7
370
     0
100
AcDbLine
 10
1745.692894758537
 20
157.8875282614778
 30
0.0
 11
1745.692894758537
 21
157.8875282614778
 31
0.0
  0
SPLINE
  5
32D
330
70
100
AcDbEntity
  8
0
 62
     7
370
     0
100
AcDbSpline
210
0.0
220
0.0
230
1.0
 70
     8
 71
     3
 72
     8
 73
     4
 74
     0
 42
0.0000000001
 43
0.0000000001
 40
0.0
 40
0.0
 40
0.0
 40
0.0
 40
1.0
 40
1.0
 40
1.0
 40
1.0
 10
1746.692894758537
 20
156.8875282614694
 30
0.0
 10
1746.692894758537
 20
157.4398130113004
 30
0.0
 10
1746.245179508367
 20
157.8875282614695
 30
0.0
 10
1745.692894758537
 20
157.8875282614695
 30
0.0
  0
SPLINE
  5
32E
330
70
100
AcDbEntity
  8
0
 62
     7
370
     0
100
AcDbSpline
210
0.0
220
0.0
230
1.0
 70
     8
 71
     3
 72
     8
 73
     4
 74
     0
 42
0.0000000001
 43
0.0000000001
 40
0.0
 40
0.0
 40
0.0
 40
0.0
 40
1.0
 40
1.0
 40
1.0
 40
1.0
 10
1744.692894758536
 20
177.3875282614647
 30
0.0
 10
1745.245179508366
 20
177.3875282614647
 30
0.0
 10
1745.692894758536
 20
177.8352435116338
 30
0.0
 10
1745.692894758536
 20
178.3875282614648
 30
0.0
  0
LINE
  5
32F
330
70
100
AcDbEntity
  8
0
 62
     7
370
     0
100
AcDbLine
 10
1745.692894758537
 20
197.3875282614596
 30
0.0
 11
1746.692894758535
 21
197.3875282614596
 31
0.0
  0
SPLINE
  5
330
330
70
100
AcDbEntity
  8
0
 62
     7
370
     0
100
AcDbSpline
210
0.0
220
0.0
230
1.0
 70
     8
 71
     3
 72
     8
 73
     4
 74
     0
 42
0.0000000001
 43
0.0000000001
 40
0.0
 40
0.0
 40
0.0
 40
0.0
 40
1.0
 40
1.0
 40
1.0
 40
1.0
 10
1745.692894758537
 20
176.3875282614769
 30
0.0
 10
1746.245179508367
 20
176.3875282614769
 30
0.0
 10
1746.692894758537
 20
176.8352435116459
 30
0.0
 10
1746.692894758537
 20
177.3875282614769
 30
0.0
  0
LINE
  5
331
330
70
100
AcDbEntity
  8
0
 62
     7
370
     0
100
AcDbLine
 10
1650.692894758536
 20
157.8875282614778
 30
0.0
 11
1650.692894758536
 21
156.8875282614694
 31
0.0
  0
LINE
  5
332
330
70
100
AcDbEntity
  8
0
 62
     7
370
     0
100
AcDbLine
 10
1650.692894758536
 20
176.3875282614685
 30
0.0
 11
1650.692894758536
 21
177.3875282614769
 31
0.0
  0
LINE
  5
333
330
70
100
AcDbEntity
  8
0
 62
     7
370
     0
100
AcDbLine
 10
1645.692894758536
 20
176.3875282614685
 30
0.0
 11
1645.692894758536
 21
176.3875282614685
 31
0.0
  0
LINE
  5
334
330
70
100
AcDbEntity
  8
0
 62
     7
370
     0
100
AcDbLine
 10
1645.692894758536
 20
157.8875282614778
 30
0.0
 11
1645.692894758536
 21
156.8875282614694
 31
0.0
  0
LINE
  5
335
330
70
100
AcDbEntity
  8
0
 62
     7
370
     0
100
AcDbLine
 10
1645.692894758536
 20
176.3875282614685
 30
0.0
 11
1645.692894758536
 21
177.3875282614769
 31
0.0
  0
LINE
  5
336
330
70
100
AcDbEntity
  8
0
 62
     7
370
     0
100
AcDbLine
 10
1745.692894758537
 20
137.1375282614785
 30
0.0
 11
1745.692894758537
 21
197.3875282614596
 31
0.0
  0
LINE
  5
337
330
70
100
AcDbEntity
  8
0
 62
     7
370
     0
100
AcDbLine
 10
1745.692894758537
 20
137.1375282614785
 30
0.0
 11
1746.692894758535
 21
137.1375282614785
 31
0.0
  0
LINE
  5
338
330
70
100
AcDbEntity
  8
0
 62
     7
370
     0
100
AcDbLine
 10
1746.692894758535
 20
197.3875282614596
 30
0.0
 11
1746.692894758535
 21
137.1375282614785
 31
0.0
  0
MTEXT
  5
339
330
70
100
AcDbEntity
  8
0
100
AcDbMText
 10
1570.329815959414
 20
578.8219904830071
 30
0.0
 40
0.2
 41
0.0
 46
0.0
 71
     7
 72
     1
  1
\C7;\FArial|b0|i0|c1;\H23.100000;\W1.000000;VISTA LATERAL
 73
     1
 44
1.0
  0
LINE
  5
33A
330
70
100
AcDbEntity
  8
0
 62
     7
370
     0
100
AcDbLine
 10
1741.782002869005
 20
317.2625282614629
 30
0.0
 11
1694.584544082379
 21
317.2625282614629
 31
0.0
  0
LINE
  5
33B
330
70
100
AcDbEntity
  8
0
 62
     7
370
     0
100
AcDbLine
 10
1744.692894758536
 20
327.3875282614604
 30
0.0
 11
1636.692894758535
 21
327.3875282614604
 31
0.0
  0
SPLINE
  5
33C
330
70
100
AcDbEntity
  8
0
 62
     7
370
     0
100
AcDbSpline
210
0.0
220
0.0
230
1.0
 70
     8
 71
     3
 72
     8
 73
     4
 74
     0
 42
0.0000000001
 43
0.0000000001
 40
0.0
 40
0.0
 40
0.0
 40
0.0
 40
1.0
 40
1.0
 40
1.0
 40
1.0
 10
1636.692894758535
 20
327.3875282614726
 30
0.0
 10
1636.140610008704
 20
327.3875282614726
 30
0.0
 10
1635.692894758535
 20
326.9398130113035
 30
0.0
 10
1635.692894758535
 20
326.3875282614725
 30
0.0
  0
LINE
  5
33D
330
70
100
AcDbEntity
  8
0
 62
     7
370
     0
100
AcDbLine
 10
1744.692894758536
 20
306.8875282614734
 30
0.0
 11
1636.692894758535
 21
306.8875282614734
 31
0.0
  0
SPLINE
  5
33E
330
70
100
AcDbEntity
  8
0
 62
     7
370
     0
100
AcDbSpline
210
0.0
220
0.0
230
1.0
 70
     8
 71
     3
 72
     8
 73
     4
 74
     0
 42
0.0000000001
 43
0.0000000001
 40
0.0
 40
0.0
 40
0.0
 40
0.0
 40
1.0
 40
1.0
 40
1.0
 40
1.0
 10
1635.692894758535
 20
307.8875282614613
 30
0.0
 10
1635.692894758535
 20
307.3352435116304
 30
0.0
 10
1636.140610008704
 20
306.8875282614613
 30
0.0
 10
1636.692894758535
 20
306.8875282614613
 30
0.0
  0
LINE
  5
33F
330
70
100
AcDbEntity
  8
0
 62
     7
370
     0
100
AcDbLine
 10
1635.692894758537
 20
307.8875282614613
 30
0.0
 11
1635.692894758537
 21
326.3875282614725
 31
0.0
  0
LINE
  5
340
330
70
100
AcDbEntity
  8
0
 62
     7
370
     0
100
AcDbLine
 10
1745.692894758537
 20
326.3875282614725
 30
0.0
 11
1637.692894758535
 21
326.3875282614725
 31
0.0
  0
SPLINE
  5
341
330
70
100
AcDbEntity
  8
0
 62
     7
370
     0
100
AcDbSpline
210
0.0
220
0.0
230
1.0
 70
     8
 71
     3
 72
     8
 73
     4
 74
     0
 42
0.0000000001
 43
0.0000000001
 40
0.0
 40
0.0
 40
0.0
 40
0.0
 40
1.0
 40
1.0
 40
1.0
 40
1.0
 10
1637.692894758535
 20
326.3875282614642
 30
0.0
 10
1637.140610008705
 20
326.3875282614642
 30
0.0
 10
1636.692894758535
 20
325.9398130112951
 30
0.0
 10
1636.692894758535
 20
325.3875282614642
 30
0.0
  0
LINE
  5
342
330
70
100
AcDbEntity
  8
0
 62
     7
370
     0
100
AcDbLine
 10
1745.692894758537
 20
307.8875282614613
 30
0.0
 11
1637.692894758535
 21
307.8875282614613
 31
0.0
  0
LINE
  5
343
330
70
100
AcDbEntity
  8
0
 62
     7
370
     0
100
AcDbLine
 10
1636.692894758535
 20
308.8875282614697
 30
0.0
 11
1636.692894758535
 21
325.3875282614642
 31
0.0
  0
SPLINE
  5
344
330
70
100
AcDbEntity
  8
0
 62
     7
370
     0
100
AcDbSpline
210
0.0
220
0.0
230
1.0
 70
     8
 71
     3
 72
     8
 73
     4
 74
     0
 42
0.0000000001
 43
0.0000000001
 40
0.0
 40
0.0
 40
0.0
 40
0.0
 40
1.0
 40
1.0
 40
1.0
 40
1.0
 10
1636.692894758535
 20
308.8875282614697
 30
0.0
 10
1636.692894758535
 20
308.3352435116387
 30
0.0
 10
1637.140610008705
 20
307.8875282614697
 30
0.0
 10
1637.692894758535
 20
307.8875282614697
 30
0.0
  0
LINE
  5
345
330
70
100
AcDbEntity
  8
0
 62
     7
370
     0
100
AcDbLine
 10
1636.692894758535
 20
313.8875282614705
 30
0.0
 11
1637.518452366517
 21
313.8875282614705
 31
0.0
  0
LINE
  5
346
330
70
100
AcDbEntity
  8
0
 62
     7
370
     0
100
AcDbLine
 10
1638.518452366518
 20
314.8875282614789
 30
0.0
 11
1638.518452366518
 21
317.887528261463
 31
0.0
  0
SPLINE
  5
347
330
70
100
AcDbEntity
  8
0
 62
     7
370
     0
100
AcDbSpline
210
0.0
220
0.0
230
1.0
 70
     8
 71
     3
 72
     8
 73
     4
 74
     0
 42
0.0000000001
 43
0.0000000001
 40
0.0
 40
0.0
 40
0.0
 40
0.0
 40
1.0
 40
1.0
 40
1.0
 40
1.0
 10
1637.518452366517
 20
313.8875282614788
 30
0.0
 10
1638.070737116347
 20
313.8875282614788
 30
0.0
 10
1638.518452366517
 20
314.3352435116479
 30
0.0
 10
1638.518452366517
 20
314.8875282614789
 30
0.0
  0
LINE
  5
348
330
70
100
AcDbEntity
  8
0
 62
     7
370
     0
100
AcDbLine
 10
1637.518452366517
 20
318.8875282614713
 30
0.0
 11
1636.692894758535
 21
318.8875282614713
 31
0.0
  0
SPLINE
  5
349
330
70
100
AcDbEntity
  8
0
 62
     7
370
     0
100
AcDbSpline
210
0.0
220
0.0
230
1.0
 70
     8
 71
     3
 72
     8
 73
     4
 74
     0
 42
0.0000000001
 43
0.0000000001
 40
0.0
 40
0.0
 40
0.0
 40
0.0
 40
1.0
 40
1.0
 40
1.0
 40
1.0
 10
1638.518452366517
 20
317.887528261463
 30
0.0
 10
1638.518452366517
 20
318.4398130112939
 30
0.0
 10
1638.070737116347
 20
318.887528261463
 30
0.0
 10
1637.518452366517
 20
318.887528261463
 30
0.0
  0
LINE
  5
34A
330
70
100
AcDbEntity
  8
0
 62
     7
370
     0
100
AcDbLine
 10
1745.692894758537
 20
307.8875282614613
 30
0.0
 11
1745.692894758537
 21
307.8875282614613
 31
0.0
  0
SPLINE
  5
34B
330
70
100
AcDbEntity
  8
0
 62
     7
370
     0
100
AcDbSpline
210
0.0
220
0.0
230
1.0
 70
     8
 71
     3
 72
     8
 73
     4
 74
     0
 42
0.0000000001
 43
0.0000000001
 40
0.0
 40
0.0
 40
0.0
 40
0.0
 40
1.0
 40
1.0
 40
1.0
 40
1.0
 10
1746.692894758537
 20
306.8875282614734
 30
0.0
 10
1746.692894758537
 20
307.4398130113044
 30
0.0
 10
1746.245179508367
 20
307.8875282614735
 30
0.0
 10
1745.692894758537
 20
307.8875282614735
 30
0.0
  0
SPLINE
  5
34C
330
70
100
AcDbEntity
  8
0
 62
     7
370
     0
100
AcDbSpline
210
0.0
220
0.0
230
1.0
 70
     8
 71
     3
 72
     8
 73
     4
 74
     0
 42
0.0000000001
 43
0.0000000001
 40
0.0
 40
0.0
 40
0.0
 40
0.0
 40
1.0
 40
1.0
 40
1.0
 40
1.0
 10
1744.692894758536
 20
327.3875282614687
 30
0.0
 10
1745.245179508366
 20
327.3875282614687
 30
0.0
 10
1745.692894758536
 20
327.8352435116378
 30
0.0
 10
1745.692894758536
 20
328.3875282614688
 30
0.0
  0
LINE
  5
34D
330
70
100
AcDbEntity
  8
0
 62
     7
370
     0
100
AcDbLine
 10
1745.692894758537
 20
347.3875282614637
 30
0.0
 11
1746.692894758535
 21
347.3875282614637
 31
0.0
  0
SPLINE
  5
34E
330
70
100
AcDbEntity
  8
0
 62
     7
370
     0
100
AcDbSpline
210
0.0
220
0.0
230
1.0
 70
     8
 71
     3
 72
     8
 73
     4
 74
     0
 42
0.0000000001
 43
0.0000000001
 40
0.0
 40
0.0
 40
0.0
 40
0.0
 40
1.0
 40
1.0
 40
1.0
 40
1.0
 10
1745.692894758537
 20
326.3875282614604
 30
0.0
 10
1746.245179508367
 20
326.3875282614604
 30
0.0
 10
1746.692894758537
 20
326.8352435116295
 30
0.0
 10
1746.692894758537
 20
327.3875282614604
 30
0.0
  0
LINE
  5
34F
330
70
100
AcDbEntity
  8
0
 62
     7
370
     0
100
AcDbLine
 10
1650.692894758536
 20
307.8875282614613
 30
0.0
 11
1650.692894758536
 21
306.8875282614734
 31
0.0
  0
LINE
  5
350
330
70
100
AcDbEntity
  8
0
 62
     7
370
     0
100
AcDbLine
 10
1650.692894758536
 20
326.3875282614725
 30
0.0
 11
1650.692894758536
 21
327.3875282614604
 31
0.0
  0
LINE
  5
351
330
70
100
AcDbEntity
  8
0
 62
     7
370
     0
100
AcDbLine
 10
1645.692894758536
 20
326.3875282614725
 30
0.0
 11
1645.692894758536
 21
326.3875282614725
 31
0.0
  0
LINE
  5
352
330
70
100
AcDbEntity
  8
0
 62
     7
370
     0
100
AcDbLine
 10
1645.692894758536
 20
307.8875282614613
 30
0.0
 11
1645.692894758536
 21
306.8875282614734
 31
0.0
  0
LINE
  5
353
330
70
100
AcDbEntity
  8
0
 62
     7
370
     0
100
AcDbLine
 10
1645.692894758536
 20
326.3875282614725
 30
0.0
 11
1645.692894758536
 21
327.3875282614604
 31
0.0
  0
LINE
  5
354
330
70
100
AcDbEntity
  8
0
 62
     7
370
     0
100
AcDbLine
 10
1745.692894758537
 20
287.137528261462
 30
0.0
 11
1745.692894758537
 21
347.3875282614637
 31
0.0
  0
LINE
  5
355
330
70
100
AcDbEntity
  8
0
 62
     7
370
     0
100
AcDbLine
 10
1745.692894758537
 20
287.137528261462
 30
0.0
 11
1746.692894758535
 21
287.137528261462
 31
0.0
  0
LINE
  5
356
330
70
100
AcDbEntity
  8
0
 62
     7
370
     0
100
AcDbLine
 10
1746.692894758535
 20
347.3875282614637
 30
0.0
 11
1746.692894758535
 21
287.137528261462
 31
0.0
  0
LINE
  5
357
330
70
100
AcDbEntity
  8
0
 62
     7
370
     0
100
AcDbLine
 10
1741.782002869005
 20
17.26252826147536
 30
0.0
 11
1694.584544082379
 21
17.26252826147536
 31
0.0
  0
LINE
  5
358
330
70
100
AcDbEntity
  8
0
 62
     7
370
     0
100
AcDbLine
 10
1744.692894758536
 20
27.38752826147291
 30
0.0
 11
1636.692894758535
 21
27.38752826147291
 31
0.0
  0
SPLINE
  5
359
330
70
100
AcDbEntity
  8
0
 62
     7
370
     0
100
AcDbSpline
210
0.0
220
0.0
230
1.0
 70
     8
 71
     3
 72
     8
 73
     4
 74
     0
 42
0.0000000001
 43
0.0000000001
 40
0.0
 40
0.0
 40
0.0
 40
0.0
 40
1.0
 40
1.0
 40
1.0
 40
1.0
 10
1636.692894758535
 20
27.38752826146457
 30
0.0
 10
1636.140610008704
 20
27.38752826146457
 30
0.0
 10
1635.692894758535
 20
26.93981301129549
 30
0.0
 10
1635.692894758535
 20
26.38752826146454
 30
0.0
  0
LINE
  5
35A
330
70
100
AcDbEntity
  8
0
 62
     7
370
     0
100
AcDbLine
 10
1744.692894758536
 20
6.887528261465451
 30
0.0
 11
1636.692894758535
 21
6.887528261465451
 31
0.0
  0
SPLINE
  5
35B
330
70
100
AcDbEntity
  8
0
 62
     7
370
     0
100
AcDbSpline
210
0.0
220
0.0
230
1.0
 70
     8
 71
     3
 72
     8
 73
     4
 74
     0
 42
0.0000000001
 43
0.0000000001
 40
0.0
 40
0.0
 40
0.0
 40
0.0
 40
1.0
 40
1.0
 40
1.0
 40
1.0
 10
1635.692894758535
 20
7.887528261473828
 30
0.0
 10
1635.692894758535
 20
7.335243511642874
 30
0.0
 10
1636.140610008704
 20
6.887528261473793
 30
0.0
 10
1636.692894758535
 20
6.887528261473793
 30
0.0
  0
LINE
  5
35C
330
70
100
AcDbEntity
  8
0
 62
     7
370
     0
100
AcDbLine
 10
1635.692894758537
 20
7.887528261473828
 30
0.0
 11
1635.692894758537
 21
26.38752826146454
 31
0.0
  0
LINE
  5
35D
330
70
100
AcDbEntity
  8
0
 62
     7
370
     0
100
AcDbLine
 10
1745.692894758537
 20
26.38752826146454
 30
0.0
 11
1637.692894758535
 21
26.38752826146454
 31
0.0
  0
SPLINE
  5
35E
330
70
100
AcDbEntity
  8
0
 62
     7
370
     0
100
AcDbSpline
210
0.0
220
0.0
230
1.0
 70
     8
 71
     3
 72
     8
 73
     4
 74
     0
 42
0.0000000001
 43
0.0000000001
 40
0.0
 40
0.0
 40
0.0
 40
0.0
 40
1.0
 40
1.0
 40
1.0
 40
1.0
 10
1637.692894758535
 20
26.38752826147673
 30
0.0
 10
1637.140610008705
 20
26.38752826147673
 30
0.0
 10
1636.692894758535
 20
25.93981301130765
 30
0.0
 10
1636.692894758535
 20
25.38752826147669
 30
0.0
  0
LINE
  5
35F
330
70
100
AcDbEntity
  8
0
 62
     7
370
     0
100
AcDbLine
 10
1745.692894758537
 20
7.887528261473828
 30
0.0
 11
1637.692894758535
 21
7.887528261473828
 31
0.0
  0
LINE
  5
360
330
70
100
AcDbEntity
  8
0
 62
     7
370
     0
100
AcDbLine
 10
1636.692894758535
 20
8.887528261461671
 30
0.0
 11
1636.692894758535
 21
25.38752826147669
 31
0.0
  0
SPLINE
  5
361
330
70
100
AcDbEntity
  8
0
 62
     7
370
     0
100
AcDbSpline
210
0.0
220
0.0
230
1.0
 70
     8
 71
     3
 72
     8
 73
     4
 74
     0
 42
0.0000000001
 43
0.0000000001
 40
0.0
 40
0.0
 40
0.0
 40
0.0
 40
1.0
 40
1.0
 40
1.0
 40
1.0
 10
1636.692894758535
 20
8.887528261461671
 30
0.0
 10
1636.692894758535
 20
8.335243511630716
 30
0.0
 10
1637.140610008705
 20
7.887528261461636
 30
0.0
 10
1637.692894758535
 20
7.887528261461636
 30
0.0
  0
LINE
  5
362
330
70
100
AcDbEntity
  8
0
 62
     7
370
     0
100
AcDbLine
 10
1636.692894758535
 20
13.88752826146249
 30
0.0
 11
1637.518452366517
 21
13.88752826146249
 31
0.0
  0
LINE
  5
363
330
70
100
AcDbEntity
  8
0
 62
     7
370
     0
100
AcDbLine
 10
1638.518452366518
 20
14.88752826147087
 30
0.0
 11
1638.518452366518
 21
17.88752826147546
 31
0.0
  0
SPLINE
  5
364
330
70
100
AcDbEntity
  8
0
 62
     7
370
     0
100
AcDbSpline
210
0.0
220
0.0
230
1.0
 70
     8
 71
     3
 72
     8
 73
     4
 74
     0
 42
0.0000000001
 43
0.0000000001
 40
0.0
 40
0.0
 40
0.0
 40
0.0
 40
1.0
 40
1.0
 40
1.0
 40
1.0
 10
1637.518452366517
 20
13.88752826147083
 30
0.0
 10
1638.070737116347
 20
13.88752826147083
 30
0.0
 10
1638.518452366517
 20
14.33524351163991
 30
0.0
 10
1638.518452366517
 20
14.88752826147087
 30
0.0
  0
LINE
  5
365
330
70
100
AcDbEntity
  8
0
 62
     7
370
     0
100
AcDbLine
 10
1637.518452366517
 20
18.88752826146331
 30
0.0
 11
1636.692894758535
 21
18.88752826146331
 31
0.0
  0
SPLINE
  5
366
330
70
100
AcDbEntity
  8
0
 62
     7
370
     0
100
AcDbSpline
210
0.0
220
0.0
230
1.0
 70
     8
 71
     3
 72
     8
 73
     4
 74
     0
 42
0.0000000001
 43
0.0000000001
 40
0.0
 40
0.0
 40
0.0
 40
0.0
 40
1.0
 40
1.0
 40
1.0
 40
1.0
 10
1638.518452366517
 20
17.88752826147546
 30
0.0
 10
1638.518452366517
 20
18.43981301130642
 30
0.0
 10
1638.070737116347
 20
18.8875282614755
 30
0.0
 10
1637.518452366517
 20
18.8875282614755
 30
0.0
  0
LINE
  5
367
330
70
100
AcDbEntity
  8
0
 62
     7
370
     0
100
AcDbLine
 10
1745.692894758537
 20
7.887528261473828
 30
0.0
 11
1745.692894758537
 21
7.887528261473828
 31
0.0
  0
SPLINE
  5
368
330
70
100
AcDbEntity
  8
0
 62
     7
370
     0
100
AcDbSpline
210
0.0
220
0.0
230
1.0
 70
     8
 71
     3
 72
     8
 73
     4
 74
     0
 42
0.0000000001
 43
0.0000000001
 40
0.0
 40
0.0
 40
0.0
 40
0.0
 40
1.0
 40
1.0
 40
1.0
 40
1.0
 10
1746.692894758537
 20
6.887528261465451
 30
0.0
 10
1746.692894758537
 20
7.439813011296407
 30
0.0
 10
1746.245179508367
 20
7.887528261465487
 30
0.0
 10
1745.692894758537
 20
7.887528261465487
 30
0.0
  0
SPLINE
  5
369
330
70
100
AcDbEntity
  8
0
 62
     7
370
     0
100
AcDbSpline
210
0.0
220
0.0
230
1.0
 70
     8
 71
     3
 72
     8
 73
     4
 74
     0
 42
0.0000000001
 43
0.0000000001
 40
0.0
 40
0.0
 40
0.0
 40
0.0
 40
1.0
 40
1.0
 40
1.0
 40
1.0
 10
1744.692894758536
 20
27.38752826146072
 30
0.0
 10
1745.245179508366
 20
27.38752826146072
 30
0.0
 10
1745.692894758536
 20
27.8352435116298
 30
0.0
 10
1745.692894758536
 20
28.38752826146075
 30
0.0
  0
LINE
  5
36A
330
70
100
AcDbEntity
  8
0
 62
     7
370
     0
100
AcDbLine
 10
1745.692894758537
 20
47.38752826147618
 30
0.0
 11
1746.692894758535
 21
47.38752826147618
 31
0.0
  0
SPLINE
  5
36B
330
70
100
AcDbEntity
  8
0
 62
     7
370
     0
100
AcDbSpline
210
0.0
220
0.0
230
1.0
 70
     8
 71
     3
 72
     8
 73
     4
 74
     0
 42
0.0000000001
 43
0.0000000001
 40
0.0
 40
0.0
 40
0.0
 40
0.0
 40
1.0
 40
1.0
 40
1.0
 40
1.0
 10
1745.692894758537
 20
26.38752826147288
 30
0.0
 10
1746.245179508367
 20
26.38752826147288
 30
0.0
 10
1746.692894758537
 20
26.83524351164196
 30
0.0
 10
1746.692894758537
 20
27.38752826147291
 30
0.0
  0
LINE
  5
36C
330
70
100
AcDbEntity
  8
0
 62
     7
370
     0
100
AcDbLine
 10
1650.692894758536
 20
7.887528261473828
 30
0.0
 11
1650.692894758536
 21
6.887528261465451
 31
0.0
  0
LINE
  5
36D
330
70
100
AcDbEntity
  8
0
 62
     7
370
     0
100
AcDbLine
 10
1650.692894758536
 20
26.38752826146454
 30
0.0
 11
1650.692894758536
 21
27.38752826147291
 31
0.0
  0
LINE
  5
36E
330
70
100
AcDbEntity
  8
0
 62
     7
370
     0
100
AcDbLine
 10
1645.692894758536
 20
26.38752826146454
 30
0.0
 11
1645.692894758536
 21
26.38752826146454
 31
0.0
  0
LINE
  5
36F
330
70
100
AcDbEntity
  8
0
 62
     7
370
     0
100
AcDbLine
 10
1645.692894758536
 20
7.887528261473828
 30
0.0
 11
1645.692894758536
 21
6.887528261465451
 31
0.0
  0
LINE
  5
370
330
70
100
AcDbEntity
  8
0
 62
     7
370
     0
100
AcDbLine
 10
1645.692894758536
 20
26.38752826146454
 30
0.0
 11
1645.692894758536
 21
27.38752826147291
 31
0.0
  0
LINE
  5
371
330
70
100
AcDbEntity
  8
0
 62
     7
370
     0
100
AcDbLine
 10
1745.692894758537
 20
-12.86247173852546
 30
0.0
 11
1745.692894758537
 21
47.38752826147618
 31
0.0
  0
LINE
  5
372
330
70
100
AcDbEntity
  8
0
 62
     7
370
     0
100
AcDbLine
 10
1745.692894758537
 20
-12.86247173852546
 30
0.0
 11
1746.692894758535
 21
-12.86247173852546
 31
0.0
  0
LINE
  5
373
330
70
100
AcDbEntity
  8
0
 62
     7
370
     0
100
AcDbLine
 10
1746.692894758535
 20
47.38752826147618
 30
0.0
 11
1746.692894758535
 21
-12.86247173852546
 31
0.0
  0
LINE
  5
374
330
70
100
AcDbEntity
  8
0
 62
     7
370
     0
100
AcDbLine
 10
1746.692894758535
 20
-97.08876078172238
 30
0.0
 11
1761.692894758535
 21
-97.08876078172238
 31
0.0
  0
LINE
  5
376
330
70
100
AcDbEntity
  8
PDF15_Geometry
 62
     7
370
     5
100
AcDbLine
 10
556.2546690354712
 20
328.302011154601
 30
0.0
 11
846.254669035475
 21
328.3000017461757
 31
0.0
  0
LINE
  5
377
330
70
100
AcDbEntity
  8
PDF15_Geometry
 62
     7
370
     5
100
AcDbLine
 10
846.254669035475
 20
328.2989623969811
 30
0.0
 11
846.254669035475
 21
320.5623392581618
 31
0.0
  0
LINE
  5
378
330
70
100
AcDbEntity
  8
PDF15_Geometry
 62
     7
370
     5
100
AcDbLine
 10
846.254669035475
 20
320.5623392581618
 30
0.0
 11
846.254669035475
 21
333.4089737867333
 31
0.0
  0
LINE
  5
379
330
70
100
AcDbEntity
  8
PDF15_Geometry
 62
     7
370
     5
100
AcDbLine
 10
846.254669035475
 20
333.4089737867333
 30
0.0
 11
556.2546690354712
 21
333.4089737867333
 31
0.0
  0
LINE
  5
37A
330
70
100
AcDbEntity
  8
PDF15_Geometry
 62
     7
370
     5
100
AcDbLine
 10
556.2546690354712
 20
299.8870304254067
 30
0.0
 11
846.2546690354711
 21
299.8870304254067
 31
0.0
  0
LINE
  5
37B
330
70
100
AcDbEntity
  8
PDF15_Geometry
 62
     7
370
     5
100
AcDbLine
 10
846.254669035475
 20
299.8870304254067
 30
0.0
 11
846.254669035475
 21
310.3155565431844
 31
0.0
  0
LINE
  5
37C
330
70
100
AcDbEntity
  8
PDF15_Geometry
 62
     7
370
     5
100
AcDbLine
 10
846.254669035475
 20
313.9371766453119
 30
0.0
 11
846.254669035475
 21
304.6969244205822
 31
0.0
  0
LINE
  5
37D
330
70
100
AcDbEntity
  8
PDF15_Geometry
 62
     7
370
     5
100
AcDbLine
 10
846.2546690354711
 20
304.7202358856024
 30
0.0
 11
556.2546690354712
 21
304.7202358855409
 31
0.0
  0
LINE
  5
37E
330
70
100
AcDbEntity
  8
PDF15_Geometry
 62
     7
370
     5
100
AcDbLine
 10
846.254669035475
 20
313.9627172647639
 30
0.0
 11
839.6550470419848
 21
313.9627172647639
 31
0.0
  0
SPLINE
  5
37F
330
70
100
AcDbEntity
  8
PDF15_Geometry
 62
     7
370
     5
100
AcDbSpline
210
0.0
220
0.0
230
1.0
 70
     8
 71
     3
 72
    14
 73
    10
 74
     0
 42
0.0000000001
 43
0.0000000001
 40
0.0
 40
0.0
 40
0.0
 40
0.0
 40
1.0
 40
1.0
 40
1.0
 40
2.0
 40
2.0
 40
2.0
 40
3.0
 40
3.0
 40
3.0
 40
3.0
 10
839.6550470419795
 20
320.5623392581641
 30
0.0
 10
837.8326117511779
 20
320.5623867056494
 30
0.0
 10
836.3551975814916
 20
319.0850494635368
 30
0.0
 10
836.3551501340067
 20
317.2626141727347
 30
0.0
 10
836.3551026865211
 20
315.4401788819327
 30
0.0
 10
837.8324399286341
 20
313.9627647122468
 30
0.0
 10
839.6548752194357
 20
313.9627172647616
 30
0.0
 10
839.6549324936136
 20
313.9627172632706
 30
0.0
 10
839.6549897678017
 20
313.9627172632706
 30
0.0
 10
839.6550470419795
 20
313.9627172647616
 30
0.0
  0
LINE
  5
380
330
70
100
AcDbEntity
  8
PDF15_Geometry
 62
     7
370
     5
100
AcDbLine
 10
839.6550470419848
 20
320.5623392581618
 30
0.0
 11
846.2546690354674
 21
320.5623392581618
 31
0.0
  0
LINE
  5
381
330
70
100
AcDbEntity
  8
PDF15_Geometry
 62
     7
370
     5
100
AcDbLine
 10
556.2546690354712
 20
178.302011154597
 30
0.0
 11
846.254669035475
 21
178.3000017461717
 31
0.0
  0
LINE
  5
382
330
70
100
AcDbEntity
  8
PDF15_Geometry
 62
     7
370
     5
100
AcDbLine
 10
846.254669035475
 20
178.298962396977
 30
0.0
 11
846.254669035475
 21
170.5623392581784
 31
0.0
  0
LINE
  5
383
330
70
100
AcDbEntity
  8
PDF15_Geometry
 62
     7
370
     5
100
AcDbLine
 10
846.254669035475
 20
170.5623392581784
 30
0.0
 11
846.254669035475
 21
183.4089737867499
 31
0.0
  0
LINE
  5
384
330
70
100
AcDbEntity
  8
PDF15_Geometry
 62
     7
370
     5
100
AcDbLine
 10
846.254669035475
 20
183.4089737867499
 30
0.0
 11
556.2546690354751
 21
183.4089737867499
 31
0.0
  0
LINE
  5
385
330
70
100
AcDbEntity
  8
PDF15_Geometry
 62
     7
370
     5
100
AcDbLine
 10
556.2546690354712
 20
149.8870304253821
 30
0.0
 11
846.2546690354711
 21
149.8870304254027
 31
0.0
  0
LINE
  5
386
330
70
100
AcDbEntity
  8
PDF15_Geometry
 62
     7
370
     5
100
AcDbLine
 10
846.254669035475
 20
149.8870304254027
 30
0.0
 11
846.254669035475
 21
160.3155565431804
 31
0.0
  0
LINE
  5
387
330
70
100
AcDbEntity
  8
PDF15_Geometry
 62
     7
370
     5
100
AcDbLine
 10
846.254669035475
 20
163.9371766453284
 30
0.0
 11
846.254669035475
 21
154.6969244205987
 31
0.0
  0
LINE
  5
388
330
70
100
AcDbEntity
  8
PDF15_Geometry
 62
     7
370
     5
100
AcDbLine
 10
846.2546690354711
 20
154.720235885619
 30
0.0
 11
556.2546690354712
 21
154.7202358855574
 31
0.0
  0
LINE
  5
389
330
70
100
AcDbEntity
  8
PDF15_Geometry
 62
     7
370
     5
100
AcDbLine
 10
846.254669035475
 20
163.9627172647598
 30
0.0
 11
839.6550470419848
 21
163.9627172647598
 31
0.0
  0
SPLINE
  5
38A
330
70
100
AcDbEntity
  8
PDF15_Geometry
 62
     7
370
     5
100
AcDbSpline
210
0.0
220
0.0
230
1.0
 70
     8
 71
     3
 72
    14
 73
    10
 74
     0
 42
0.0000000001
 43
0.0000000001
 40
0.0
 40
0.0
 40
0.0
 40
0.0
 40
1.0
 40
1.0
 40
1.0
 40
2.0
 40
2.0
 40
2.0
 40
3.0
 40
3.0
 40
3.0
 40
3.0
 10
839.6550470419795
 20
170.5623392581598
 30
0.0
 10
837.8326117511779
 20
170.5623867056453
 30
0.0
 10
836.3551975814916
 20
169.0850494635324
 30
0.0
 10
836.3551501340067
 20
167.2626141727307
 30
0.0
 10
836.3551026865211
 20
165.4401788819289
 30
0.0
 10
837.8324399286341
 20
163.9627647122428
 30
0.0
 10
839.6548752194357
 20
163.9627172647579
 30
0.0
 10
839.6549324936136
 20
163.9627172632666
 30
0.0
 10
839.6549897678017
 20
163.9627172632666
 30
0.0
 10
839.6550470419795
 20
163.9627172647579
 30
0.0
  0
LINE
  5
38B
330
70
100
AcDbEntity
  8
PDF15_Geometry
 62
     7
370
     5
100
AcDbLine
 10
839.6550470419848
 20
170.5623392581784
 30
0.0
 11
846.2546690354674
 21
170.5623392581784
 31
0.0
  0
LINE
  5
38C
330
70
100
AcDbEntity
  8
PDF15_Geometry
 62
     7
370
     5
100
AcDbLine
 10
556.2546690354751
 20
28.30201115459297
 30
0.0
 11
846.254669035475
 21
28.30000174616772
 31
0.0
  0
LINE
  5
38D
330
70
100
AcDbEntity
  8
PDF15_Geometry
 62
     7
370
     5
100
AcDbLine
 10
846.254669035475
 20
28.29896239699357
 30
0.0
 11
846.254669035475
 21
20.56233925817437
 31
0.0
  0
LINE
  5
38E
330
70
100
AcDbEntity
  8
PDF15_Geometry
 62
     7
370
     5
100
AcDbLine
 10
846.254669035475
 20
20.56233925817437
 30
0.0
 11
846.254669035475
 21
33.40897378674586
 31
0.0
  0
LINE
  5
38F
330
70
100
AcDbEntity
  8
PDF15_Geometry
 62
     7
370
     5
100
AcDbLine
 10
846.254669035475
 20
33.40897378674586
 30
0.0
 11
556.2546690354712
 21
33.40897378674586
 31
0.0
  0
LINE
  5
390
330
70
100
AcDbEntity
  8
PDF15_Geometry
 62
     7
370
     5
100
AcDbLine
 10
556.2546690354751
 20
-0.112969574601339
 30
0.0
 11
846.254669035475
 21
-0.112969574601339
 31
0.0
  0
LINE
  5
391
330
70
100
AcDbEntity
  8
PDF15_Geometry
 62
     7
370
     5
100
AcDbLine
 10
846.254669035475
 20
-0.112969574601339
 30
0.0
 11
846.254669035475
 21
10.31555654319692
 31
0.0
  0
LINE
  5
392
330
70
100
AcDbEntity
  8
PDF15_Geometry
 62
     7
370
     5
100
AcDbLine
 10
846.254669035475
 20
13.93717664532443
 30
0.0
 11
846.254669035475
 21
4.696924420594696
 31
0.0
  0
LINE
  5
393
330
70
100
AcDbEntity
  8
PDF15_Geometry
 62
     7
370
     5
100
AcDbLine
 10
846.254669035475
 20
4.720235885614986
 30
0.0
 11
556.2546690354751
 21
4.720235885553383
 31
0.0
  0
LINE
  5
394
330
70
100
AcDbEntity
  8
PDF15_Geometry
 62
     7
370
     5
100
AcDbLine
 10
846.254669035475
 20
13.96271726477636
 30
0.0
 11
839.6550470419848
 21
13.96271726477636
 31
0.0
  0
SPLINE
  5
395
330
70
100
AcDbEntity
  8
PDF15_Geometry
 62
     7
370
     5
100
AcDbSpline
210
0.0
220
0.0
230
1.0
 70
     8
 71
     3
 72
    14
 73
    10
 74
     0
 42
0.0000000001
 43
0.0000000001
 40
0.0
 40
0.0
 40
0.0
 40
0.0
 40
1.0
 40
1.0
 40
1.0
 40
2.0
 40
2.0
 40
2.0
 40
3.0
 40
3.0
 40
3.0
 40
3.0
 10
839.6550470419795
 20
20.56233925817629
 30
0.0
 10
837.8326117511779
 20
20.56238670566187
 30
0.0
 10
836.3551975814916
 20
19.08504946354898
 30
0.0
 10
836.3551501340067
 20
17.26261417274724
 30
0.0
 10
836.3551026865211
 20
15.44017888194551
 30
0.0
 10
837.8324399286341
 20
13.96276471225937
 30
0.0
 10
839.6548752194357
 20
13.96271726477443
 30
0.0
 10
839.6549324936136
 20
13.96271726328312
 30
0.0
 10
839.6549897678017
 20
13.96271726328312
 30
0.0
 10
839.6550470419795
 20
13.96271726477443
 30
0.0
  0
LINE
  5
396
330
70
100
AcDbEntity
  8
PDF15_Geometry
 62
     7
370
     5
100
AcDbLine
 10
839.6550470419848
 20
20.56233925817437
 30
0.0
 11
846.2546690354674
 21
20.56233925817437
 31
0.0
  0
LINE
  5
397
330
70
100
AcDbEntity
  8
PDF15_Geometry
 62
     2
370
     5
100
AcDbLine
 10
556.2546690354751
 20
4.997041815150948
 30
0.0
 11
556.2546690354751
 21
12.73366495394962
 31
0.0
  0
LINE
  5
398
330
70
100
AcDbEntity
  8
PDF15_Geometry
 62
     2
370
     5
100
AcDbLine
 10
556.2546690354751
 20
12.73366495394962
 30
0.0
 11
556.2546690354751
 21
-0.1129695746218734
 31
0.0
  0
LINE
  5
399
330
70
100
AcDbEntity
  8
PDF15_Geometry
 62
     2
370
     5
100
AcDbLine
 10
556.2546690354751
 20
19.35882756679956
 30
0.0
 11
556.2546690354712
 21
33.40897378674586
 31
0.0
  0
LINE
  5
39A
330
70
100
AcDbEntity
  8
PDF15_Geometry
 62
     2
370
     5
100
AcDbLine
 10
556.2546690354751
 20
19.33328694736816
 30
0.0
 11
562.8542910289643
 21
19.33328694736816
 31
0.0
  0
SPLINE
  5
39B
330
70
100
AcDbEntity
  8
PDF15_Geometry
 62
     2
370
     5
100
AcDbSpline
210
0.0
220
0.0
230
1.0
 70
     8
 71
     3
 72
    14
 73
    10
 74
     0
 42
0.0000000001
 43
0.0000000001
 40
0.0
 40
0.0
 40
0.0
 40
0.0
 40
1.0
 40
1.0
 40
1.0
 40
2.0
 40
2.0
 40
2.0
 40
3.0
 40
3.0
 40
3.0
 40
3.0
 10
562.8542910289617
 20
12.73366495396823
 30
0.0
 10
564.6767263197634
 20
12.73361750648265
 30
0.0
 10
566.1541404894495
 20
14.21095474859555
 30
0.0
 10
566.1541879369345
 20
16.03339003939728
 30
0.0
 10
566.15423538442
 20
17.85582533019901
 30
0.0
 10
564.6768981423072
 20
19.33323949988515
 30
0.0
 10
562.8544628515054
 20
19.33328694737008
 30
0.0
 10
562.8544055773276
 20
19.33328694886139
 30
0.0
 10
562.8543483031395
 20
19.33328694886139
 30
0.0
 10
562.8542910289617
 20
19.33328694737008
 30
0.0
  0
LINE
  5
39C
330
70
100
AcDbEntity
  8
PDF15_Geometry
 62
     2
370
     5
100
AcDbLine
 10
562.8542910289643
 20
12.73366495394962
 30
0.0
 11
556.2546690354751
 21
12.73366495394962
 31
0.0
  0
LINE
  5
39D
330
70
100
AcDbEntity
  8
PDF15_Geometry
 62
     2
370
     5
100
AcDbLine
 10
556.2546690354751
 20
154.9970418151549
 30
0.0
 11
556.2546690354751
 21
162.7336649539536
 31
0.0
  0
LINE
  5
39E
330
70
100
AcDbEntity
  8
PDF15_Geometry
 62
     2
370
     5
100
AcDbLine
 10
556.2546690354751
 20
162.7336649539536
 30
0.0
 11
556.2546690354751
 21
149.8870304253821
 31
0.0
  0
LINE
  5
39F
330
70
100
AcDbEntity
  8
PDF15_Geometry
 62
     2
370
     5
100
AcDbLine
 10
556.2546690354751
 20
169.3588275668036
 30
0.0
 11
556.2546690354712
 21
183.4089737867499
 31
0.0
  0
LINE
  5
3A0
330
70
100
AcDbEntity
  8
PDF15_Geometry
 62
     2
370
     5
100
AcDbLine
 10
556.2546690354751
 20
169.3332869473516
 30
0.0
 11
562.8542910289643
 21
169.3332869473516
 31
0.0
  0
SPLINE
  5
3A1
330
70
100
AcDbEntity
  8
PDF15_Geometry
 62
     2
370
     5
100
AcDbSpline
210
0.0
220
0.0
230
1.0
 70
     8
 71
     3
 72
    14
 73
    10
 74
     0
 42
0.0000000001
 43
0.0000000001
 40
0.0
 40
0.0
 40
0.0
 40
0.0
 40
1.0
 40
1.0
 40
1.0
 40
2.0
 40
2.0
 40
2.0
 40
3.0
 40
3.0
 40
3.0
 40
3.0
 10
562.8542910289617
 20
162.7336649539722
 30
0.0
 10
564.6767263197634
 20
162.7336175064866
 30
0.0
 10
566.1541404894495
 20
164.2109547485995
 30
0.0
 10
566.1541879369345
 20
166.0333900394013
 30
0.0
 10
566.15423538442
 20
167.855825330203
 30
0.0
 10
564.6768981423072
 20
169.3332394998892
 30
0.0
 10
562.8544628515054
 20
169.3332869473741
 30
0.0
 10
562.8544055773276
 20
169.3332869488654
 30
0.0
 10
562.8543483031395
 20
169.3332869488654
 30
0.0
 10
562.8542910289617
 20
169.3332869473741
 30
0.0
  0
LINE
  5
3A2
330
70
100
AcDbEntity
  8
PDF15_Geometry
 62
     2
370
     5
100
AcDbLine
 10
562.8542910289643
 20
162.7336649539536
 30
0.0
 11
556.2546690354751
 21
162.7336649539536
 31
0.0
  0
LINE
  5
3A3
330
70
100
AcDbEntity
  8
PDF15_Geometry
 62
     2
370
     5
100
AcDbLine
 10
556.2546690354751
 20
304.997041815159
 30
0.0
 11
556.2546690354751
 21
312.7336649539782
 31
0.0
  0
LINE
  5
3A4
330
70
100
AcDbEntity
  8
PDF15_Geometry
 62
     2
370
     5
100
AcDbLine
 10
556.2546690354751
 20
312.7336649539782
 30
0.0
 11
556.2546690354751
 21
299.8870304254067
 31
0.0
  0
LINE
  5
3A5
330
70
100
AcDbEntity
  8
PDF15_Geometry
 62
     2
370
     5
100
AcDbLine
 10
556.2546690354751
 20
319.3588275668076
 30
0.0
 11
556.2546690354712
 21
333.4089737867333
 31
0.0
  0
LINE
  5
3A6
330
70
100
AcDbEntity
  8
PDF15_Geometry
 62
     2
370
     5
100
AcDbLine
 10
556.2546690354751
 20
319.3332869473762
 30
0.0
 11
562.8542910289643
 21
319.3332869473762
 31
0.0
  0
SPLINE
  5
3A7
330
70
100
AcDbEntity
  8
PDF15_Geometry
 62
     2
370
     5
100
AcDbSpline
210
0.0
220
0.0
230
1.0
 70
     8
 71
     3
 72
    14
 73
    10
 74
     0
 42
0.0000000001
 43
0.0000000001
 40
0.0
 40
0.0
 40
0.0
 40
0.0
 40
1.0
 40
1.0
 40
1.0
 40
2.0
 40
2.0
 40
2.0
 40
3.0
 40
3.0
 40
3.0
 40
3.0
 10
562.8542910289617
 20
312.733664953976
 30
0.0
 10
564.6767263197634
 20
312.7336175064907
 30
0.0
 10
566.1541404894495
 20
314.2109547486032
 30
0.0
 10
566.1541879369345
 20
316.0333900394053
 30
0.0
 10
566.15423538442
 20
317.8558253302074
 30
0.0
 10
564.6768981423072
 20
319.3332394998932
 30
0.0
 10
562.8544628515054
 20
319.3332869473784
 30
0.0
 10
562.8544055773276
 20
319.3332869488695
 30
0.0
 10
562.8543483031395
 20
319.3332869488695
 30
0.0
 10
562.8542910289617
 20
319.3332869473784
 30
0.0
  0
LINE
  5
3A8
330
70
100
AcDbEntity
  8
PDF15_Geometry
 62
     2
370
     5
100
AcDbLine
 10
562.8542910289643
 20
312.7336649539782
 30
0.0
 11
556.2546690354751
 21
312.7336649539782
 31
0.0
  0
SPLINE
  5
3AA
330
70
100
AcDbEntity
  8
015
 62
     2
370
     0
100
AcDbSpline
210
0.0
220
0.0
230
1.0
 70
     9
 71
     3
 72
    65
 73
    61
 74
     0
 42
0.0000000001
 43
0.0000000001
 40
0.0
 40
0.0
 40
0.0
 40
0.0
 40
1.0
 40
1.0
 40
1.0
 40
2.0
 40
2.0
 40
2.0
 40
3.0
 40
3.0
 40
3.0
 40
4.0
 40
4.0
 40
4.0
 40
5.0
 40
5.0
 40
5.0
 40
6.0
 40
6.0
 40
6.0
 40
7.0
 40
7.0
 40
7.0
 40
8.0
 40
8.0
 40
8.0
 40
9.0
 40
9.0
 40
9.0
 40
10.0
 40
10.0
 40
10.0
 40
11.0
 40
11.0
 40
11.0
 40
12.0
 40
12.0
 40
12.0
 40
13.0
 40
13.0
 40
13.0
 40
14.0
 40
14.0
 40
14.0
 40
15.0
 40
15.0
 40
15.0
 40
16.0
 40
16.0
 40
16.0
 40
17.0
 40
17.0
 40
17.0
 40
18.0
 40
18.0
 40
18.0
 40
19.0
 40
19.0
 40
19.0
 40
20.0
 40
20.0
 40
20.0
 40
20.0
 10
1634.692894758536
 20
156.2609364707584
 30
0.0
 10
1634.692894758536
 20
156.2609364707584
 30
0.0
 10
1634.692894758536
 20
179.2609364707586
 30
0.0
 10
1634.692894758536
 20
179.2609364707586
 30
0.0
 10
1634.692894758545
 20
179.8132212205773
 30
0.0
 10
1634.245179508386
 20
180.260936470749
 30
0.0
 10
1633.69289475856
 20
180.2609364707573
 30
0.0
 10
1633.69289475856
 20
180.2609364707573
 30
0.0
 10
1630.692894758535
 20
180.2609364707541
 30
0.0
 10
1630.692894758535
 20
180.2609364707541
 30
0.0
 10
1629.588325258874
 20
180.2609364707592
 30
0.0
 10
1628.692894758534
 20
181.1563669710949
 30
0.0
 10
1628.692894758527
 20
182.2609364707561
 30
0.0
 10
1628.692894758527
 20
182.2609364707561
 30
0.0
 10
1628.692894758534
 20
185.2609364707504
 30
0.0
 10
1628.692894758534
 20
185.2609364707504
 30
0.0
 10
1628.692894758534
 20
185.2609364707504
 30
0.0
 10
1629.692894758535
 20
185.2609364707549
 30
0.0
 10
1629.692894758535
 20
185.2609364707549
 30
0.0
 10
1629.692894758535
 20
185.2609364707549
 30
0.0
 10
1629.692894758535
 20
182.2609364707549
 30
0.0
 10
1629.692894758535
 20
182.2609364707549
 30
0.0
 10
1629.692894758526
 20
181.7086517209187
 30
0.0
 10
1630.140610008685
 20
181.2609364707471
 30
0.0
 10
1630.692894758511
 20
181.2609364707388
 30
0.0
 10
1630.692894758511
 20
181.2609364707388
 30
0.0
 10
1633.692894758536
 20
181.2609364707625
 30
0.0
 10
1633.692894758536
 20
181.2609364707625
 30
0.0
 10
1634.797464258197
 20
181.2609364707574
 30
0.0
 10
1635.692894758537
 20
180.3655059704224
 30
0.0
 10
1635.692894758544
 20
179.2609364707605
 30
0.0
 10
1635.692894758544
 20
179.2609364707605
 30
0.0
 10
1635.692894758537
 20
156.2609364707456
 30
0.0
 10
1635.692894758537
 20
156.2609364707456
 30
0.0
 10
1635.692894758524
 20
155.1563669710817
 30
0.0
 10
1634.797464258187
 20
154.2609364707532
 30
0.0
 10
1633.69289475853
 20
154.2609364707532
 30
0.0
 10
1633.69289475853
 20
154.2609364707532
 30
0.0
 10
1630.692894758535
 20
154.2609364707622
 30
0.0
 10
1630.692894758535
 20
154.2609364707622
 30
0.0
 10
1630.140610008703
 20
154.2609364707596
 30
0.0
 10
1629.69289475854
 20
153.813221220597
 30
0.0
 10
1629.69289475854
 20
153.2609364707743
 30
0.0
 10
1629.69289475854
 20
153.2609364707743
 30
0.0
 10
1629.692894758535
 20
150.2609364707537
 30
0.0
 10
1629.692894758535
 20
150.2609364707537
 30
0.0
 10
1629.692894758535
 20
150.2609364707537
 30
0.0
 10
1628.692894758535
 20
150.2609364707492
 30
0.0
 10
1628.692894758535
 20
150.2609364707492
 30
0.0
 10
1628.692894758535
 20
150.2609364707492
 30
0.0
 10
1628.692894758534
 20
153.2609364707493
 30
0.0
 10
1628.692894758534
 20
153.2609364707493
 30
0.0
 10
1628.692894758547
 20
154.3655059704099
 30
0.0
 10
1629.588325258884
 20
155.2609364707385
 30
0.0
 10
1630.692894758541
 20
155.2609364707385
 30
0.0
 10
1630.692894758541
 20
155.2609364707385
 30
0.0
 10
1633.692894758536
 20
155.26093647075
 30
0.0
 10
1633.692894758536
 20
155.26093647075
 30
0.0
 10
1634.245179508368
 20
155.2609364707526
 30
0.0
 10
1634.692894758531
 20
155.7086517209153
 30
0.0
 10
1634.692894758536
 20
156.2609364707584
 30
0.0
  0
LWPOLYLINE
  5
3AB
330
70
100
AcDbEntity
  8
015
100
AcDbPolyline
 90
       20
 70
     1
 43
0.0
 10
1633.692894758535
 20
155.26093647075
 10
1630.692894758536
 20
155.26093647075
 10
1628.692894758534
 20
153.2609364707538
 10
1628.692894758534
 20
150.2609364707492
 10
1629.692894758535
 20
150.2609364707492
 10
1629.692894758535
 20
153.2609364707538
 10
1630.692894758536
 20
154.2609364707622
 10
1633.692894758535
 20
154.2609364707622
 10
1635.692894758537
 20
156.2609364707584
 10
1635.692894758537
 20
179.2609364707457
 10
1633.692894758535
 20
181.2609364707625
 10
1630.692894758536
 20
181.2609364707625
 10
1629.692894758535
 20
182.2609364707504
 10
1629.692894758535
 20
185.2609364707549
 10
1628.692894758534
 20
185.2609364707549
 10
1628.692894758534
 20
182.2609364707504
 10
1630.692894758536
 20
180.2609364707541
 10
1633.692894758535
 20
180.2609364707541
 10
1634.692894758536
 20
179.2609364707457
 10
1634.692894758536
 20
156.2609364707584
  0
HATCH
  5
3AC
330
70
100
AcDbEntity
  8
015
 62
     1
440
 33554687
100
AcDbHatch
 10
0.0
 20
0.0
 30
0.0
210
0.0
220
0.0
230
1.0
  2
SOLID
 70
     1
 71
     1
 91
        1
 92
        1
 93
       20
 72
     1
 10
1633.692894758535
 20
155.26093647075
 11
1630.692894758536
 21
155.26093647075
 72
     1
 10
1630.692894758536
 20
155.26093647075
 11
1628.692894758534
 21
153.2609364707538
 72
     1
 10
1628.692894758534
 20
153.2609364707538
 11
1628.692894758534
 21
150.2609364707492
 72
     1
 10
1628.692894758534
 20
150.2609364707492
 11
1629.692894758535
 21
150.2609364707492
 72
     1
 10
1629.692894758535
 20
150.2609364707492
 11
1629.692894758535
 21
153.2609364707538
 72
     1
 10
1629.692894758535
 20
153.2609364707538
 11
1630.692894758536
 21
154.2609364707622
 72
     1
 10
1630.692894758536
 20
154.2609364707622
 11
1633.692894758535
 21
154.2609364707622
 72
     1
 10
1633.692894758535
 20
154.2609364707622
 11
1635.692894758537
 21
156.2609364707584
 72
     1
 10
1635.692894758537
 20
156.2609364707584
 11
1635.692894758537
 21
179.2609364707457
 72
     1
 10
1635.692894758537
 20
179.2609364707457
 11
1633.692894758535
 21
181.2609364707625
 72
     1
 10
1633.692894758535
 20
181.2609364707625
 11
1630.692894758536
 21
181.2609364707625
 72
     1
 10
1630.692894758536
 20
181.2609364707625
 11
1629.692894758535
 21
182.2609364707504
 72
     1
 10
1629.692894758535
 20
182.2609364707504
 11
1629.692894758535
 21
185.2609364707549
 72
     1
 10
1629.692894758535
 20
185.2609364707549
 11
1628.692894758534
 21
185.2609364707549
 72
     1
 10
1628.692894758534
 20
185.2609364707549
 11
1628.692894758534
 21
182.2609364707504
 72
     1
 10
1628.692894758534
 20
182.2609364707504
 11
1630.692894758536
 21
180.2609364707541
 72
     1
 10
1630.692894758536
 20
180.2609364707541
 11
1633.692894758535
 21
180.2609364707541
 72
     1
 10
1633.692894758535
 20
180.2609364707541
 11
1634.692894758536
 21
179.2609364707457
 72
     1
 10
1634.692894758536
 20
179.2609364707457
 11
1634.692894758536
 21
156.2609364707584
 72
     1
 10
1634.692894758536
 20
156.2609364707584
 11
1633.692894758535
 21
155.26093647075
 97
        1
330
3AB
 75
     0
 76
     1
 98
        1
 10
0.0
 20
0.0
450
        0
451
        0
460
0.0
461
0.0
452
        0
462
0.0
453
        0
470

  0
SPLINE
  5
3AD
330
70
100
AcDbEntity
  8
015
 62
     2
370
     0
100
AcDbSpline
210
0.0
220
0.0
230
1.0
 70
     9
 71
     3
 72
    65
 73
    61
 74
     0
 42
0.0000000001
 43
0.0000000001
 40
0.0
 40
0.0
 40
0.0
 40
0.0
 40
1.0
 40
1.0
 40
1.0
 40
2.0
 40
2.0
 40
2.0
 40
3.0
 40
3.0
 40
3.0
 40
4.0
 40
4.0
 40
4.0
 40
5.0
 40
5.0
 40
5.0
 40
6.0
 40
6.0
 40
6.0
 40
7.0
 40
7.0
 40
7.0
 40
8.0
 40
8.0
 40
8.0
 40
9.0
 40
9.0
 40
9.0
 40
10.0
 40
10.0
 40
10.0
 40
11.0
 40
11.0
 40
11.0
 40
12.0
 40
12.0
 40
12.0
 40
13.0
 40
13.0
 40
13.0
 40
14.0
 40
14.0
 40
14.0
 40
15.0
 40
15.0
 40
15.0
 40
16.0
 40
16.0
 40
16.0
 40
17.0
 40
17.0
 40
17.0
 40
18.0
 40
18.0
 40
18.0
 40
19.0
 40
19.0
 40
19.0
 40
20.0
 40
20.0
 40
20.0
 40
20.0
 10
1634.692894758536
 20
306.2609364707624
 30
0.0
 10
1634.692894758536
 20
306.2609364707624
 30
0.0
 10
1634.692894758536
 20
329.2609364707626
 30
0.0
 10
1634.692894758536
 20
329.2609364707626
 30
0.0
 10
1634.692894758545
 20
329.8132212205814
 30
0.0
 10
1634.245179508386
 20
330.2609364707531
 30
0.0
 10
1633.69289475856
 20
330.2609364707614
 30
0.0
 10
1633.69289475856
 20
330.2609364707614
 30
0.0
 10
1630.692894758535
 20
330.2609364707582
 30
0.0
 10
1630.692894758535
 20
330.2609364707582
 30
0.0
 10
1629.588325258874
 20
330.2609364707633
 30
0.0
 10
1628.692894758534
 20
331.1563669710986
 30
0.0
 10
1628.692894758527
 20
332.2609364707605
 30
0.0
 10
1628.692894758527
 20
332.2609364707605
 30
0.0
 10
1628.692894758534
 20
335.2609364707545
 30
0.0
 10
1628.692894758534
 20
335.2609364707545
 30
0.0
 10
1628.692894758534
 20
335.2609364707545
 30
0.0
 10
1629.692894758535
 20
335.260936470759
 30
0.0
 10
1629.692894758535
 20
335.260936470759
 30
0.0
 10
1629.692894758535
 20
335.260936470759
 30
0.0
 10
1629.692894758535
 20
332.2609364707588
 30
0.0
 10
1629.692894758535
 20
332.2609364707588
 30
0.0
 10
1629.692894758526
 20
331.7086517209228
 30
0.0
 10
1630.140610008685
 20
331.2609364707511
 30
0.0
 10
1630.692894758511
 20
331.2609364707428
 30
0.0
 10
1630.692894758511
 20
331.2609364707428
 30
0.0
 10
1633.692894758536
 20
331.260936470746
 30
0.0
 10
1633.692894758536
 20
331.260936470746
 30
0.0
 10
1634.797464258197
 20
331.2609364707409
 30
0.0
 10
1635.692894758537
 20
330.3655059704056
 30
0.0
 10
1635.692894758544
 20
329.2609364707437
 30
0.0
 10
1635.692894758544
 20
329.2609364707437
 30
0.0
 10
1635.692894758537
 20
306.2609364707496
 30
0.0
 10
1635.692894758537
 20
306.2609364707496
 30
0.0
 10
1635.692894758524
 20
305.1563669710858
 30
0.0
 10
1634.797464258187
 20
304.2609364707569
 30
0.0
 10
1633.69289475853
 20
304.2609364707569
 30
0.0
 10
1633.69289475853
 20
304.2609364707569
 30
0.0
 10
1630.692894758535
 20
304.2609364707457
 30
0.0
 10
1630.692894758535
 20
304.2609364707457
 30
0.0
 10
1630.140610008703
 20
304.2609364707637
 30
0.0
 10
1629.69289475854
 20
303.813221220601
 30
0.0
 10
1629.69289475854
 20
303.2609364707784
 30
0.0
 10
1629.69289475854
 20
303.2609364707784
 30
0.0
 10
1629.692894758535
 20
300.2609364707577
 30
0.0
 10
1629.692894758535
 20
300.2609364707577
 30
0.0
 10
1629.692894758535
 20
300.2609364707577
 30
0.0
 10
1628.692894758535
 20
300.2609364707532
 30
0.0
 10
1628.692894758535
 20
300.2609364707532
 30
0.0
 10
1628.692894758535
 20
300.2609364707532
 30
0.0
 10
1628.692894758534
 20
303.2609364707533
 30
0.0
 10
1628.692894758534
 20
303.2609364707533
 30
0.0
 10
1628.692894758547
 20
304.365505970414
 30
0.0
 10
1629.588325258884
 20
305.2609364707428
 30
0.0
 10
1630.692894758541
 20
305.2609364707428
 30
0.0
 10
1630.692894758541
 20
305.2609364707428
 30
0.0
 10
1633.692894758536
 20
305.2609364707541
 30
0.0
 10
1633.692894758536
 20
305.2609364707541
 30
0.0
 10
1634.245179508368
 20
305.2609364707566
 30
0.0
 10
1634.692894758531
 20
305.7086517209193
 30
0.0
 10
1634.692894758536
 20
306.2609364707624
 30
0.0
  0
LWPOLYLINE
  5
3AE
330
70
100
AcDbEntity
  8
015
100
AcDbPolyline
 90
       20
 70
     1
 43
0.0
 10
1633.692894758535
 20
305.2609364707541
 10
1630.692894758536
 20
305.2609364707541
 10
1628.692894758534
 20
303.2609364707578
 10
1628.692894758534
 20
300.2609364707532
 10
1629.692894758535
 20
300.2609364707532
 10
1629.692894758535
 20
303.2609364707578
 10
1630.692894758536
 20
304.2609364707457
 10
1633.692894758535
 20
304.2609364707457
 10
1635.692894758537
 20
306.2609364707624
 10
1635.692894758537
 20
329.2609364707498
 10
1633.692894758535
 20
331.260936470746
 10
1630.692894758536
 20
331.260936470746
 10
1629.692894758535
 20
332.2609364707544
 10
1629.692894758535
 20
335.260936470759
 10
1628.692894758534
 20
335.260936470759
 10
1628.692894758534
 20
332.2609364707544
 10
1630.692894758536
 20
330.2609364707582
 10
1633.692894758535
 20
330.2609364707582
 10
1634.692894758536
 20
329.2609364707498
 10
1634.692894758536
 20
306.2609364707624
  0
HATCH
  5
3AF
330
70
100
AcDbEntity
  8
015
 62
     1
440
 33554687
100
AcDbHatch
 10
0.0
 20
0.0
 30
0.0
210
0.0
220
0.0
230
1.0
  2
SOLID
 70
     1
 71
     1
 91
        1
 92
        1
 93
       20
 72
     1
 10
1633.692894758535
 20
305.2609364707541
 11
1630.692894758536
 21
305.2609364707541
 72
     1
 10
1630.692894758536
 20
305.2609364707541
 11
1628.692894758534
 21
303.2609364707578
 72
     1
 10
1628.692894758534
 20
303.2609364707578
 11
1628.692894758534
 21
300.2609364707532
 72
     1
 10
1628.692894758534
 20
300.2609364707532
 11
1629.692894758535
 21
300.2609364707532
 72
     1
 10
1629.692894758535
 20
300.2609364707532
 11
1629.692894758535
 21
303.2609364707578
 72
     1
 10
1629.692894758535
 20
303.2609364707578
 11
1630.692894758536
 21
304.2609364707457
 72
     1
 10
1630.692894758536
 20
304.2609364707457
 11
1633.692894758535
 21
304.2609364707457
 72
     1
 10
1633.692894758535
 20
304.2609364707457
 11
1635.692894758537
 21
306.2609364707624
 72
     1
 10
1635.692894758537
 20
306.2609364707624
 11
1635.692894758537
 21
329.2609364707498
 72
     1
 10
1635.692894758537
 20
329.2609364707498
 11
1633.692894758535
 21
331.260936470746
 72
     1
 10
1633.692894758535
 20
331.260936470746
 11
1630.692894758536
 21
331.260936470746
 72
     1
 10
1630.692894758536
 20
331.260936470746
 11
1629.692894758535
 21
332.2609364707544
 72
     1
 10
1629.692894758535
 20
332.2609364707544
 11
1629.692894758535
 21
335.260936470759
 72
     1
 10
1629.692894758535
 20
335.260936470759
 11
1628.692894758534
 21
335.260936470759
 72
     1
 10
1628.692894758534
 20
335.260936470759
 11
1628.692894758534
 21
332.2609364707544
 72
     1
 10
1628.692894758534
 20
332.2609364707544
 11
1630.692894758536
 21
330.2609364707582
 72
     1
 10
1630.692894758536
 20
330.2609364707582
 11
1633.692894758535
 21
330.2609364707582
 72
     1
 10
1633.692894758535
 20
330.2609364707582
 11
1634.692894758536
 21
329.2609364707498
 72
     1
 10
1634.692894758536
 20
329.2609364707498
 11
1634.692894758536
 21
306.2609364707624
 72
     1
 10
1634.692894758536
 20
306.2609364707624
 11
1633.692894758535
 21
305.2609364707541
 97
        1
330
3AE
 75
     0
 76
     1
 98
        1
 10
0.0
 20
0.0
450
        0
451
        0
460
0.0
461
0.0
452
        0
462
0.0
453
        0
470

  0
SPLINE
  5
3B0
330
70
100
AcDbEntity
  8
015
 62
     2
370
     0
100
AcDbSpline
210
0.0
220
0.0
230
1.0
 70
     9
 71
     3
 72
    65
 73
    61
 74
     0
 42
0.0000000001
 43
0.0000000001
 40
0.0
 40
0.0
 40
0.0
 40
0.0
 40
1.0
 40
1.0
 40
1.0
 40
2.0
 40
2.0
 40
2.0
 40
3.0
 40
3.0
 40
3.0
 40
4.0
 40
4.0
 40
4.0
 40
5.0
 40
5.0
 40
5.0
 40
6.0
 40
6.0
 40
6.0
 40
7.0
 40
7.0
 40
7.0
 40
8.0
 40
8.0
 40
8.0
 40
9.0
 40
9.0
 40
9.0
 40
10.0
 40
10.0
 40
10.0
 40
11.0
 40
11.0
 40
11.0
 40
12.0
 40
12.0
 40
12.0
 40
13.0
 40
13.0
 40
13.0
 40
14.0
 40
14.0
 40
14.0
 40
15.0
 40
15.0
 40
15.0
 40
16.0
 40
16.0
 40
16.0
 40
17.0
 40
17.0
 40
17.0
 40
18.0
 40
18.0
 40
18.0
 40
19.0
 40
19.0
 40
19.0
 40
20.0
 40
20.0
 40
20.0
 40
20.0
 10
1634.692894758536
 20
6.260936470754421
 30
0.0
 10
1634.692894758536
 20
6.260936470754421
 30
0.0
 10
1634.692894758536
 20
29.26093647075459
 30
0.0
 10
1634.692894758536
 20
29.26093647075459
 30
0.0
 10
1634.692894758545
 20
29.81322122057335
 30
0.0
 10
1634.245179508386
 20
30.260936470745
 30
0.0
 10
1633.69289475856
 20
30.26093647075335
 30
0.0
 10
1633.69289475856
 20
30.26093647075335
 30
0.0
 10
1630.692894758535
 20
30.26093647075013
 30
0.0
 10
1630.692894758535
 20
30.26093647075013
 30
0.0
 10
1629.588325258874
 20
30.26093647075527
 30
0.0
 10
1628.692894758534
 20
31.15636697109022
 30
0.0
 10
1628.692894758527
 20
32.26093647075213
 30
0.0
 10
1628.692894758527
 20
32.26093647075213
 30
0.0
 10
1628.692894758534
 20
35.26093647074646
 30
0.0
 10
1628.692894758534
 20
35.26093647074646
 30
0.0
 10
1628.692894758534
 20
35.26093647074646
 30
0.0
 10
1629.692894758535
 20
35.26093647075096
 30
0.0
 10
1629.692894758535
 20
35.26093647075096
 30
0.0
 10
1629.692894758535
 20
35.26093647075096
 30
0.0
 10
1629.692894758535
 20
32.26093647075085
 30
0.0
 10
1629.692894758535
 20
32.26093647075085
 30
0.0
 10
1629.692894758526
 20
31.7086517209353
 30
0.0
 10
1630.140610008685
 20
31.26093647076365
 30
0.0
 10
1630.692894758511
 20
31.2609364707553
 30
0.0
 10
1630.692894758511
 20
31.2609364707553
 30
0.0
 10
1633.692894758536
 20
31.26093647075852
 30
0.0
 10
1633.692894758536
 20
31.26093647075852
 30
0.0
 10
1634.797464258197
 20
31.26093647075338
 30
0.0
 10
1635.692894758537
 20
30.36550597041843
 30
0.0
 10
1635.692894758544
 20
29.26093647075651
 30
0.0
 10
1635.692894758544
 20
29.26093647075651
 30
0.0
 10
1635.692894758537
 20
6.260936470762121
 30
0.0
 10
1635.692894758537
 20
6.260936470762121
 30
0.0
 10
1635.692894758524
 20
5.156366971098285
 30
0.0
 10
1634.797464258187
 20
4.260936470769751
 30
0.0
 10
1633.69289475853
 20
4.260936470769751
 30
0.0
 10
1633.69289475853
 20
4.260936470769751
 30
0.0
 10
1630.692894758535
 20
4.2609364707582
 30
0.0
 10
1630.692894758535
 20
4.2609364707582
 30
0.0
 10
1630.140610008703
 20
4.260936470755633
 30
0.0
 10
1629.69289475854
 20
3.81322122059297
 30
0.0
 10
1629.69289475854
 20
3.260936470770357
 30
0.0
 10
1629.69289475854
 20
3.260936470770357
 30
0.0
 10
1629.692894758535
 20
0.2609364707497175
 30
0.0
 10
1629.692894758535
 20
0.2609364707497175
 30
0.0
 10
1629.692894758535
 20
0.2609364707497175
 30
0.0
 10
1628.692894758535
 20
0.2609364707452257
 30
0.0
 10
1628.692894758535
 20
0.2609364707452257
 30
0.0
 10
1628.692894758535
 20
0.2609364707452257
 30
0.0
 10
1628.692894758534
 20
3.260936470745331
 30
0.0
 10
1628.692894758534
 20
3.260936470745331
 30
0.0
 10
1628.692894758547
 20
4.365505970405958
 30
0.0
 10
1629.588325258884
 20
5.260936470734493
 30
0.0
 10
1630.692894758541
 20
5.260936470734493
 30
0.0
 10
1630.692894758541
 20
5.260936470734493
 30
0.0
 10
1633.692894758536
 20
5.260936470746043
 30
0.0
 10
1633.692894758536
 20
5.260936470746043
 30
0.0
 10
1634.245179508368
 20
5.26093647074861
 30
0.0
 10
1634.692894758531
 20
5.708651720911273
 30
0.0
 10
1634.692894758536
 20
6.260936470754421
 30
0.0
  0
LWPOLYLINE
  5
3B1
330
70
100
AcDbEntity
  8
015
100
AcDbPolyline
 90
       20
 70
     1
 43
0.0
 10
1633.692894758535
 20
5.260936470746043
 10
1630.692894758536
 20
5.260936470746043
 10
1628.692894758534
 20
3.260936470749823
 10
1628.692894758534
 20
0.2609364707452257
 10
1629.692894758535
 20
0.2609364707452257
 10
1629.692894758535
 20
3.260936470749823
 10
1630.692894758536
 20
4.2609364707582
 10
1633.692894758535
 20
4.2609364707582
 10
1635.692894758537
 20
6.260936470754421
 10
1635.692894758537
 20
29.26093647076229
 10
1633.692894758535
 20
31.26093647075852
 10
1630.692894758536
 20
31.26093647075852
 10
1629.692894758535
 20
32.26093647074636
 10
1629.692894758535
 20
35.26093647075096
 10
1628.692894758534
 20
35.26093647075096
 10
1628.692894758534
 20
32.26093647074636
 10
1630.692894758536
 20
30.26093647075013
 10
1633.692894758535
 20
30.26093647075013
 10
1634.692894758536
 20
29.26093647076229
 10
1634.692894758536
 20
6.260936470754421
  0
HATCH
  5
3B2
330
70
100
AcDbEntity
  8
015
 62
     1
440
 33554687
100
AcDbHatch
 10
0.0
 20
0.0
 30
0.0
210
0.0
220
0.0
230
1.0
  2
SOLID
 70
     1
 71
     1
 91
        1
 92
        1
 93
       20
 72
     1
 10
1633.692894758535
 20
5.260936470746043
 11
1630.692894758536
 21
5.260936470746043
 72
     1
 10
1630.692894758536
 20
5.260936470746043
 11
1628.692894758534
 21
3.260936470749823
 72
     1
 10
1628.692894758534
 20
3.260936470749823
 11
1628.692894758534
 21
0.2609364707452255
 72
     1
 10
1628.692894758534
 20
0.2609364707452257
 11
1629.692894758535
 21
0.2609364707452257
 72
     1
 10
1629.692894758535
 20
0.2609364707452257
 11
1629.692894758535
 21
3.260936470749823
 72
     1
 10
1629.692894758535
 20
3.260936470749823
 11
1630.692894758536
 21
4.2609364707582
 72
     1
 10
1630.692894758536
 20
4.2609364707582
 11
1633.692894758535
 21
4.2609364707582
 72
     1
 10
1633.692894758535
 20
4.2609364707582
 11
1635.692894758537
 21
6.260936470754421
 72
     1
 10
1635.692894758537
 20
6.260936470754421
 11
1635.692894758537
 21
29.2609364707623
 72
     1
 10
1635.692894758537
 20
29.26093647076229
 11
1633.692894758535
 21
31.26093647075852
 72
     1
 10
1633.692894758535
 20
31.26093647075852
 11
1630.692894758536
 21
31.26093647075852
 72
     1
 10
1630.692894758536
 20
31.26093647075852
 11
1629.692894758535
 21
32.26093647074636
 72
     1
 10
1629.692894758535
 20
32.26093647074636
 11
1629.692894758535
 21
35.26093647075096
 72
     1
 10
1629.692894758535
 20
35.26093647075096
 11
1628.692894758534
 21
35.26093647075096
 72
     1
 10
1628.692894758534
 20
35.26093647075096
 11
1628.692894758534
 21
32.26093647074636
 72
     1
 10
1628.692894758534
 20
32.26093647074636
 11
1630.692894758536
 21
30.26093647075013
 72
     1
 10
1630.692894758536
 20
30.26093647075013
 11
1633.692894758535
 21
30.26093647075013
 72
     1
 10
1633.692894758535
 20
30.26093647075013
 11
1634.692894758536
 21
29.26093647076229
 72
     1
 10
1634.692894758536
 20
29.26093647076229
 11
1634.692894758536
 21
6.260936470754419
 72
     1
 10
1634.692894758536
 20
6.260936470754421
 11
1633.692894758535
 21
5.260936470746043
 97
        1
330
3B1
 75
     0
 76
     1
 98
        1
 10
0.0
 20
0.0
450
        0
451
        0
460
0.0
461
0.0
452
        0
462
0.0
453
        0
470

  0
ENDSEC
  0
SECTION
  2
OBJECTS
  0
DICTIONARY
  5
C
330
0
100
AcDbDictionary
281
     1
  3
ACAD_COLOR
350
63
  3
ACAD_DETAILVIEWSTYLE
350
6A
  3
ACAD_GROUP
350
D
  3
ACAD_LAYOUT
350
62
  3
ACAD_MATERIAL
350
10
  3
ACAD_MLEADERSTYLE
350
66
  3
ACAD_MLINESTYLE
350
5F
  3
ACAD_PLOTSETTINGS
350
61
  3
ACAD_PLOTSTYLENAME
350
E
  3
ACAD_SCALELIST
350
42
  3
ACAD_SECTIONVIEWSTYLE
350
68
  3
ACAD_TABLESTYLE
350
64
  3
ACAD_VISUALSTYLE
350
29
  3
ACDB_RECOMPOSE_DATA
350
3BB
  3
AcDbVariableDictionary
350
3B3
  0
DICTIONARY
  5
63
102
{ACAD_REACTORS
330
C
102
}
330
C
100
AcDbDictionary
281
     1
  0
DICTIONARY
  5
6A
102
{ACAD_REACTORS
330
C
102
}
330
C
100
AcDbDictionary
281
     1
  3
Imperial24
350
6B
  0
DICTIONARY
  5
D
102
{ACAD_REACTORS
330
C
102
}
330
C
100
AcDbDictionary
281
     1
  0
DICTIONARY
  5
62
102
{ACAD_REACTORS
330
C
102
}
330
C
100
AcDbDictionary
281
     1
  3
Layout1
350
6F
  3
Layout2
350
77
  3
Model
350
73
  0
DICTIONARY
  5
10
102
{ACAD_REACTORS
330
C
102
}
330
C
100
AcDbDictionary
281
     1
  3
ByBlock
350
19
  3
ByLayer
350
11
  3
Global
350
21
  0
DICTIONARY
  5
66
102
{ACAD_REACTORS
330
C
102
}
330
C
100
AcDbDictionary
281
     1
  3
Standard
350
67
  0
DICTIONARY
  5
5F
102
{ACAD_REACTORS
330
C
102
}
330
C
100
AcDbDictionary
281
     1
  3
Standard
350
60
  0
DICTIONARY
  5
61
102
{ACAD_REACTORS
330
C
102
}
330
C
100
AcDbDictionary
281
     1
  0
ACDBDICTIONARYWDFLT
  5
E
102
{ACAD_REACTORS
330
C
102
}
330
C
100
AcDbDictionary
281
     1
  3
Normal
350
F
100
AcDbDictionaryWithDefault
340
F
  0
DICTIONARY
  5
42
102
{ACAD_REACTORS
330
C
102
}
330
C
100
AcDbDictionary
281
     1
  3
A0
350
43
  3
A1
350
44
  3
A2
350
45
  3
A3
350
46
  3
A4
350
47
  3
A5
350
48
  3
A6
350
49
  3
A7
350
4A
  3
A8
350
4B
  3
A9
350
4C
  3
B0
350
4D
  3
B1
350
4E
  3
B2
350
4F
  3
B3
350
50
  3
B4
350
51
  3
B5
350
52
  3
B6
350
53
  0
DICTIONARY
  5
68
102
{ACAD_REACTORS
330
C
102
}
330
C
100
AcDbDictionary
281
     1
  3
Imperial24
350
69
  0
DICTIONARY
  5
64
102
{ACAD_REACTORS
330
C
102
}
330
C
100
AcDbDictionary
281
     1
  3
Standard
350
65
  0
DICTIONARY
  5
29
102
{ACAD_REACTORS
330
C
102
}
330
C
100
AcDbDictionary
281
     1
  3
2dWireframe
350
2F
  3
Basic
350
2E
  3
Brighten
350
35
  3
ColorChange
350
39
  3
Conceptual
350
32
  3
Dim
350
34
  3
EdgeColorOff
350
41
  3
Facepattern
350
38
  3
Flat
350
2A
  3
FlatWithEdges
350
2B
  3
Gouraud
350
2C
  3
GouraudWithEdges
350
2D
  3
Hidden
350
31
  3
JitterOff
350
3F
  3
Linepattern
350
37
  3
OverhangOff
350
40
  3
Realistic
350
33
  3
Shaded
350
3E
  3
Shaded with edges
350
3D
  3
Shades of Gray
350
3A
  3
Sketchy
350
3B
  3
Thicken
350
36
  3
Wireframe
350
30
  3
X-Ray
350
3C
  0
XRECORD
  5
3BB
102
{ACAD_REACTORS
330
C
102
}
330
C
100
AcDbXrecord
280
     1
 90
        1
330
65
  0
DICTIONARY
  5
3B3
102
{ACAD_REACTORS
330
C
102
}
330
C
100
AcDbDictionary
281
     1
  3
CANNOSCALE
350
3B8
  3
CMLEADERSTYLE
350
3B5
  3
CTABLESTYLE
350
3B4
  3
CVIEWDETAILSTYLE
350
3B6
  3
CVIEWSECTIONSTYLE
350
3B7
  0
ACDBDETAILVIEWSTYLE
  5
6B
102
{ACAD_REACTORS
330
6A
102
}
330
6A
100
AcDbModelDocViewStyle
 70
     0
  3
Imperial24
290
     1
300
Imperial24
 90
        0
100
AcDbDetailViewStyle
 70
     0
 71
     0
 90
        3
 71
     1
340
55
 62
   256
 40
0.24
340
0
 62
   256
 40
0.24
300

 40
0.36
280
     3
 71
     2
340
5D
 90
       25
 62
   256
 71
     3
340
55
 62
   256
 40
0.24
 90
        1
 40
0.75
 90
        1
300
%<\AcVar ViewType \f "%tc1">% %<\AcVar ViewDetailId>%\PSCALE %<\AcVar ViewScale \f "%sn">%
 71
     4
340
5D
 90
       25
 62
   256
340
5D
 90
       25
 62
   256
280
     0
  0
LAYOUT
  5
6F
102
{ACAD_REACTORS
330
62
102
}
330
62
100
AcDbPlotSettings
  1

  2

  4

  6

 40
0.0
 41
0.0
 42
0.0
 43
0.0
 44
0.0
 45
0.0
 46
0.0
 47
0.0
 48
0.0
 49
0.0
140
0.0
141
0.0
142
1.0
143
1.0
 70
   688
 72
     0
 73
     0
 74
     5
  7

 75
    16
147
1.0
 76
     0
 77
     2
 78
   300
148
0.0
149
0.0
100
AcDbLayout
  1
Layout1
 70
     1
 71
     1
 10
0.0
 20
0.0
 11
12.0
 21
9.0
 12
0.0
 22
0.0
 32
0.0
 14
0.0
 24
0.0
 34
0.0
 15
0.0
 25
0.0
 35
0.0
146
0.0
 13
0.0
 23
0.0
 33
0.0
 16
1.0
 26
0.0
 36
0.0
 17
0.0
 27
1.0
 37
0.0
 76
     0
330
6C
  0
LAYOUT
  5
77
102
{ACAD_REACTORS
330
62
102
}
330
62
100
AcDbPlotSettings
  1

  2

  4

  6

 40
0.0
 41
0.0
 42
0.0
 43
0.0
 44
0.0
 45
0.0
 46
0.0
 47
0.0
 48
0.0
 49
0.0
140
0.0
141
0.0
142
1.0
143
1.0
 70
   688
 72
     0
 73
     0
 74
     5
  7

 75
    16
147
1.0
 76
     0
 77
     2
 78
   300
148
0.0
149
0.0
100
AcDbLayout
  1
Layout2
 70
     1
 71
     2
 10
0.0
 20
0.0
 11
12.0
 21
9.0
 12
0.0
 22
0.0
 32
0.0
 14
0.0
 24
0.0
 34
0.0
 15
0.0
 25
0.0
 35
0.0
146
0.0
 13
0.0
 23
0.0
 33
0.0
 16
1.0
 26
0.0
 36
0.0
 17
0.0
 27
1.0
 37
0.0
 76
     0
330
74
  0
LAYOUT
  5
73
102
{ACAD_REACTORS
330
62
102
}
330
62
100
AcDbPlotSettings
  1

  2

  4

  6

 40
0.0
 41
0.0
 42
0.0
 43
0.0
 44
0.0
 45
0.0
 46
0.0
 47
0.0
 48
0.0
 49
0.0
140
0.0
141
0.0
142
1.0
143
1.0
 70
  1712
 72
     0
 73
     0
 74
     0
  7

 75
     0
147
1.0
 76
     0
 77
     2
 78
   300
148
0.0
149
0.0
100
AcDbLayout
  1
Model
 70
     1
 71
     0
 10
0.0
 20
0.0
 11
12.0
 21
9.0
 12
0.0
 22
0.0
 32
0.0
 14
0.0
 24
0.0
 34
0.0
 15
0.0
 25
0.0
 35
0.0
146
0.0
 13
0.0
 23
0.0
 33
0.0
 16
1.0
 26
0.0
 36
0.0
 17
0.0
 27
1.0
 37
0.0
 76
     0
330
70
  0
MATERIAL
  5
19
102
{ACAD_XDICTIONARY
360
1A
102
}
102
{ACAD_REACTORS
330
10
102
}
330
10
100
AcDbMaterial
  1
ByBlock
 72
     0
 43
0.0208333333333333
 43
0.0
 43
0.0
 43
0.0
 43
0.0
 43
0.0208333333333333
 43
0.0
 43
0.0
 43
0.0
 43
0.0
 43
1.0
 43
0.0
 43
0.0
 43
0.0
 43
0.0
 43
1.0
 77
     0
 47
0.0208333333333333
 47
0.0
 47
0.0
 47
0.0
 47
0.0
 47
0.0208333333333333
 47
0.0
 47
0.0
 47
0.0
 47
0.0
 47
1.0
 47
0.0
 47
0.0
 47
0.0
 47
0.0
 47
1.0
171
     0
 49
0.0208333333333333
 49
0.0
 49
0.0
 49
0.0
 49
0.0
 49
0.0208333333333333
 49
0.0
 49
0.0
 49
0.0
 49
0.0
 49
1.0
 49
0.0
 49
0.0
 49
0.0
 49
0.0
 49
1.0
175
     0
142
0.0208333333333333
142
0.0
142
0.0
142
0.0
142
0.0
142
0.0208333333333333
142
0.0
142
0.0
142
0.0
142
0.0
142
1.0
142
0.0
142
0.0
142
0.0
142
0.0
142
1.0
179
     0
144
0.0208333333333333
144
0.0
144
0.0
144
0.0
144
0.0
144
0.0208333333333333
144
0.0
144
0.0
144
0.0
144
0.0
144
1.0
144
0.0
144
0.0
144
0.0
144
0.0
144
1.0
147
0.0208333333333333
147
0.0
147
0.0
147
0.0
147
0.0
147
0.0208333333333333
147
0.0
147
0.0
147
0.0
147
0.0
147
1.0
147
0.0
147
0.0
147
0.0
147
0.0
147
1.0
  0
MATERIAL
  5
11
102
{ACAD_XDICTIONARY
360
12
102
}
102
{ACAD_REACTORS
330
10
102
}
330
10
100
AcDbMaterial
  1
ByLayer
 72
     0
 43
0.0208333333333333
 43
0.0
 43
0.0
 43
0.0
 43
0.0
 43
0.0208333333333333
 43
0.0
 43
0.0
 43
0.0
 43
0.0
 43
1.0
 43
0.0
 43
0.0
 43
0.0
 43
0.0
 43
1.0
 77
     0
 47
0.0208333333333333
 47
0.0
 47
0.0
 47
0.0
 47
0.0
 47
0.0208333333333333
 47
0.0
 47
0.0
 47
0.0
 47
0.0
 47
1.0
 47
0.0
 47
0.0
 47
0.0
 47
0.0
 47
1.0
171
     0
 49
0.0208333333333333
 49
0.0
 49
0.0
 49
0.0
 49
0.0
 49
0.0208333333333333
 49
0.0
 49
0.0
 49
0.0
 49
0.0
 49
1.0
 49
0.0
 49
0.0
 49
0.0
 49
0.0
 49
1.0
175
     0
142
0.0208333333333333
142
0.0
142
0.0
142
0.0
142
0.0
142
0.0208333333333333
142
0.0
142
0.0
142
0.0
142
0.0
142
1.0
142
0.0
142
0.0
142
0.0
142
0.0
142
1.0
179
     0
144
0.0208333333333333
144
0.0
144
0.0
144
0.0
144
0.0
144
0.0208333333333333
144
0.0
144
0.0
144
0.0
144
0.0
144
1.0
144
0.0
144
0.0
144
0.0
144
0.0
144
1.0
147
0.0208333333333333
147
0.0
147
0.0
147
0.0
147
0.0
147
0.0208333333333333
147
0.0
147
0.0
147
0.0
147
0.0
147
1.0
147
0.0
147
0.0
147
0.0
147
0.0
147
1.0
  0
MATERIAL
  5
21
102
{ACAD_XDICTIONARY
360
22
102
}
102
{ACAD_REACTORS
330
10
102
}
330
10
100
AcDbMaterial
  1
Global
 72
     0
 43
0.0208333333333333
 43
0.0
 43
0.0
 43
0.0
 43
0.0
 43
0.0208333333333333
 43
0.0
 43
0.0
 43
0.0
 43
0.0
 43
1.0
 43
0.0
 43
0.0
 43
0.0
 43
0.0
 43
1.0
 77
     0
 47
0.0208333333333333
 47
0.0
 47
0.0
 47
0.0
 47
0.0
 47
0.0208333333333333
 47
0.0
 47
0.0
 47
0.0
 47
0.0
 47
1.0
 47
0.0
 47
0.0
 47
0.0
 47
0.0
 47
1.0
171
     0
 49
0.0208333333333333
 49
0.0
 49
0.0
 49
0.0
 49
0.0
 49
0.0208333333333333
 49
0.0
 49
0.0
 49
0.0
 49
0.0
 49
1.0
 49
0.0
 49
0.0
 49
0.0
 49
0.0
 49
1.0
175
     0
142
0.0208333333333333
142
0.0
142
0.0
142
0.0
142
0.0
142
0.0208333333333333
142
0.0
142
0.0
142
0.0
142
0.0
142
1.0
142
0.0
142
0.0
142
0.0
142
0.0
142
1.0
179
     0
144
0.0208333333333333
144
0.0
144
0.0
144
0.0
144
0.0
144
0.0208333333333333
144
0.0
144
0.0
144
0.0
144
0.0
144
1.0
144
0.0
144
0.0
144
0.0
144
0.0
144
1.0
147
0.0208333333333333
147
0.0
147
0.0
147
0.0
147
0.0
147
0.0208333333333333
147
0.0
147
0.0
147
0.0
147
0.0
147
1.0
147
0.0
147
0.0
147
0.0
147
0.0
147
1.0
  0
MLEADERSTYLE
  5
67
102
{ACAD_REACTORS
330
66
102
}
330
66
100
AcDbMLeaderStyle
179
     2
170
     2
171
     1
172
     0
 90
        2
 40
0.0
 41
0.0
173
     1
 91
-1056964608
340
5B
 92
       -2
290
     1
 42
0.09
291
     1
 43
0.36
  3
Standard
 44
0.18
300

342
55
174
     1
178
     6
175
     1
176
     0
 93
-1056964608
 45
0.18
292
     0
297
     0
 46
0.18
 94
-1056964608
 47
1.0
 49
1.0
140
1.0
293
     1
141
0.0
294
     1
177
     0
142
1.0
295
     1
296
     0
143
0.125
271
     0
272
     9
273
     9
298
     1
  0
MLINESTYLE
  5
60
102
{ACAD_REACTORS
330
5F
102
}
330
5F
100
AcDbMlineStyle
  2
STANDARD
 70
     0
  3

 62
   256
 51
90.0
 52
90.0
 71
     2
 49
0.5
 62
   256
  6
BYLAYER
 49
-0.5
 62
   256
  6
BYLAYER
  0
ACDBPLACEHOLDER
  5
F
102
{ACAD_REACTORS
330
E
102
}
330
E
  0
SCALE
  5
43
102
{ACAD_REACTORS
330
42
102
}
330
42
100
AcDbScale
 70
     0
300
1:1
140
1.0
141
1.0
290
     1
  0
SCALE
  5
44
102
{ACAD_REACTORS
330
42
102
}
330
42
100
AcDbScale
 70
     0
300
1/128" = 1'-0"
140
0.0078125
141
12.0
290
     0
  0
SCALE
  5
45
102
{ACAD_REACTORS
330
42
102
}
330
42
100
AcDbScale
 70
     0
300
1/64" = 1'-0"
140
0.015625
141
12.0
290
     0
  0
SCALE
  5
46
102
{ACAD_REACTORS
330
42
102
}
330
42
100
AcDbScale
 70
     0
300
1/32" = 1'-0"
140
0.03125
141
12.0
290
     0
  0
SCALE
  5
47
102
{ACAD_REACTORS
330
42
102
}
330
42
100
AcDbScale
 70
     0
300
1/16" = 1'-0"
140
0.0625
141
12.0
290
     0
  0
SCALE
  5
48
102
{ACAD_REACTORS
330
42
102
}
330
42
100
AcDbScale
 70
     0
300
3/32" = 1'-0"
140
0.09375
141
12.0
290
     0
  0
SCALE
  5
49
102
{ACAD_REACTORS
330
42
102
}
330
42
100
AcDbScale
 70
     0
300
1/8" = 1'-0"
140
0.125
141
12.0
290
     0
  0
SCALE
  5
4A
102
{ACAD_REACTORS
330
42
102
}
330
42
100
AcDbScale
 70
     0
300
3/16" = 1'-0"
140
0.1875
141
12.0
290
     0
  0
SCALE
  5
4B
102
{ACAD_REACTORS
330
42
102
}
330
42
100
AcDbScale
 70
     0
300
1/4" = 1'-0"
140
0.25
141
12.0
290
     0
  0
SCALE
  5
4C
102
{ACAD_REACTORS
330
42
102
}
330
42
100
AcDbScale
 70
     0
300
3/8" = 1'-0"
140
0.375
141
12.0
290
     0
  0
SCALE
  5
4D
102
{ACAD_REACTORS
330
42
102
}
330
42
100
AcDbScale
 70
     0
300
1/2" = 1'-0"
140
0.5
141
12.0
290
     0
  0
SCALE
  5
4E
102
{ACAD_REACTORS
330
42
102
}
330
42
100
AcDbScale
 70
     0
300
3/4" = 1'-0"
140
0.75
141
12.0
290
     0
  0
SCALE
  5
4F
102
{ACAD_REACTORS
330
42
102
}
330
42
100
AcDbScale
 70
     0
300
1" = 1'-0"
140
1.0
141
12.0
290
     0
  0
SCALE
  5
50
102
{ACAD_REACTORS
330
42
102
}
330
42
100
AcDbScale
 70
     0
300
1-1/2" = 1'-0"
140
1.5
141
12.0
290
     0
  0
SCALE
  5
51
102
{ACAD_REACTORS
330
42
102
}
330
42
100
AcDbScale
 70
     0
300
3" = 1'-0"
140
3.0
141
12.0
290
     0
  0
SCALE
  5
52
102
{ACAD_REACTORS
330
42
102
}
330
42
100
AcDbScale
 70
     0
300
6" = 1'-0"
140
6.0
141
12.0
290
     0
  0
SCALE
  5
53
102
{ACAD_REACTORS
330
42
102
}
330
42
100
AcDbScale
 70
     0
300
1'-0" = 1'-0"
140
12.0
141
12.0
290
     0
  0
ACDBSECTIONVIEWSTYLE
  5
69
102
{ACAD_REACTORS
330
68
102
}
330
68
100
AcDbModelDocViewStyle
 70
     0
  3
Imperial24
290
     1
300
Imperial24
 90
        0
100
AcDbSectionViewStyle
 70
     0
 71
     0
 90
       78
 71
     1
340
55
 62
   256
 40
0.24
340
0
340
0
 62
   256
 40
0.24
300
I, O, Q, S, X, Z
 40
0.48
 90
        3
 40
0.18
 90
        1
 71
     2
340
5D
 90
       25
 62
   256
340
5D
 90
       50
 62
   256
 40
0.24
 40
0.0
 40
0.24
 71
     3
340
55
 62
   256
 40
0.24
 90
        1
 40
0.75
 90
        1
300
%<\AcVar ViewType \f "%tc1">% %<\AcVar ViewSectionStartId>%-%<\AcVar ViewSectionEndId>%\PSCALE %<\AcVar ViewScale \f "%sn">%
 71
     4
 62
   256
 62
   257
300
ANSI31
 40
1.0
 90
        0
290
     0
290
     0
 90
        6
 40
0.0
 40
1.570796326794896
 40
0.2617993877991494
 40
1.308996938995747
 40
-0.2617993877991494
 40
1.832595714594046
  0
TABLESTYLE
  5
65
102
{ACAD_XDICTIONARY
360
3B9
102
}
102
{ACAD_REACTORS
330
64
102
}
330
64
100
AcDbTableStyle
280
     0
  3
Standard
 70
     0
 71
     0
 40
0.06
 41
0.06
280
     0
281
     0
  7
Standard
140
0.18
170
     2
 62
     0
 63
     7
283
     0
 90
      512
 91
        0
  1

274
    -2
284
     1
 64
     0
275
    -2
285
     1
 65
     0
276
    -2
286
     1
 66
     0
277
    -2
287
     1
 67
     0
278
    -2
288
     1
 68
     0
279
    -2
289
     1
 69
     0
  7
Standard
140
0.25
170
     5
 62
     0
 63
     7
283
     0
 90
      512
 91
        0
  1

274
    -2
284
     1
 64
     0
275
    -2
285
     1
 65
     0
276
    -2
286
     1
 66
     0
277
    -2
287
     1
 67
     0
278
    -2
288
     1
 68
     0
279
    -2
289
     1
 69
     0
  7
Standard
140
0.18
170
     5
 62
     0
 63
     7
283
     0
 90
      512
 91
        0
  1

274
    -2
284
     1
 64
     0
275
    -2
285
     1
 65
     0
276
    -2
286
     1
 66
     0
277
    -2
287
     1
 67
     0
278
    -2
288
     1
 68
     0
279
    -2
289
     1
 69
     0
  0
VISUALSTYLE
  5
2F
102
{ACAD_REACTORS
330
29
102
}
330
29
100
AcDbVisualStyle
  2
2dWireframe
 70
     4
177
     3
291
     0
 70
    58
 90
        0
176
     1
 90
        2
176
     1
 90
        0
176
     1
 90
        0
176
     1
 40
0.6
176
     1
 40
30.0
176
     1
 62
     7
420
 16777215
176
     1
 90
        1
176
     1
 90
        4
176
     1
 62
     7
176
     1
 62
   257
176
     1
 90
        1
176
     1
 90
        1
176
     1
 40
1.0
176
     1
 90
        0
176
     1
 62
   257
176
     1
 40
1.0
176
     1
 90
        1
176
     1
 90
        6
176
     1
 90
        2
176
     1
 62
     7
176
     1
 90
        5
176
     1
 90
        0
176
     1
 90
        0
176
     1
290
     0
176
     1
 90
        1
176
     1
 40
0.0
176
     1
 90
        0
176
     1
290
     1
176
     1
290
     1
176
     1
290
     0
176
     1
290
     0
176
     1
290
     0
176
     1
290
     0
176
     1
290
     0
176
     1
290
     0
176
     1
290
     0
176
     1
 90
       50
176
     1
 40
0.0
176
     1
 40
1.0
176
     1
 90
        0
176
     1
 62
    18
420
        0
176
     1
 90
       50
176
     1
 90
        3
176
     1
 62
     5
420
      255
176
     1
290
     0
176
     1
 90
       50
176
     1
 90
       50
176
     1
 90
       50
176
     1
290
     0
176
     1
 90
       50
176
     1
 62
   256
176
     0
 40
1.0
176
     0
 90
        2
176
     1
  1
strokes_ogs.tif
176
     1
290
     0
176
     1
 40
1.0
176
     1
 40
1.0
176
     1
  0
VISUALSTYLE
  5
2E
102
{ACAD_REACTORS
330
29
102
}
330
29
100
AcDbVisualStyle
  2
Basic
 70
     7
177
     3
291
     1
 70
    58
 90
        1
176
     1
 90
        0
176
     1
 90
        1
176
     1
 90
        0
176
     1
 40
0.6
176
     1
 40
30.0
176
     1
 62
     7
420
 16777215
176
     1
 90
        0
176
     1
 90
        4
176
     1
 62
     7
176
     1
 62
   257
176
     1
 90
        1
176
     1
 90
        1
176
     1
 40
1.0
176
     1
 90
        8
176
     1
 62
     7
176
     1
 40
1.0
176
     1
 90
        1
176
     1
 90
        6
176
     1
 90
        2
176
     1
 62
     7
176
     1
 90
        5
176
     1
 90
        0
176
     1
 90
        0
176
     1
290
     0
176
     1
 90
        1
176
     1
 40
0.0
176
     1
 90
        0
176
     1
290
     0
176
     1
290
     1
176
     1
290
     1
176
     1
290
     0
176
     1
290
     0
176
     1
290
     0
176
     1
290
     0
176
     1
290
     0
176
     1
290
     0
176
     1
 90
       50
176
     1
 40
0.0
176
     1
 40
1.0
176
     1
 90
        0
176
     1
 62
    18
420
        0
176
     1
 90
       50
176
     1
 90
        3
176
     1
 62
     5
420
      255
176
     1
290
     0
176
     1
 90
       50
176
     1
 90
       50
176
     1
 90
       50
176
     1
290
     0
176
     1
 90
       50
176
     1
 62
   256
176
     0
 40
1.0
176
     0
 90
        2
176
     1
  1
strokes_ogs.tif
176
     1
290
     0
176
     1
 40
1.0
176
     1
 40
1.0
176
     1
  0
VISUALSTYLE
  5
35
102
{ACAD_REACTORS
330
29
102
}
330
29
100
AcDbVisualStyle
  2
Brighten
 70
    12
177
     3
291
     1
 70
    58
 90
        2
176
     1
 90
        2
176
     1
 90
        0
176
     1
 90
        0
176
     1
 40
0.6
176
     1
 40
30.0
176
     1
 62
     7
420
 16777215
176
     1
 90
        1
176
     1
 90
        4
176
     1
 62
     7
176
     1
 62
   257
176
     1
 90
        1
176
     1
 90
        1
176
     1
 40
1.0
176
     1
 90
        8
176
     1
 62
     7
176
     1
 40
1.0
176
     1
 90
        1
176
     1
 90
        6
176
     1
 90
        2
176
     1
 62
     7
176
     1
 90
        5
176
     1
 90
        0
176
     1
 90
        0
176
     1
290
     0
176
     1
 90
        1
176
     1
 40
50.0
176
     1
 90
        0
176
     1
290
     0
176
     1
290
     1
176
     1
290
     1
176
     1
290
     0
176
     1
290
     0
176
     1
290
     0
176
     1
290
     0
176
     1
290
     0
176
     1
290
     0
176
     1
 90
       50
176
     1
 40
0.0
176
     1
 40
1.0
176
     1
 90
        0
176
     1
 62
    18
420
        0
176
     1
 90
       50
176
     1
 90
        3
176
     1
 62
     5
420
      255
176
     1
290
     0
176
     1
 90
       50
176
     1
 90
       50
176
     1
 90
       50
176
     1
290
     0
176
     1
 90
       50
176
     1
 62
   256
176
     0
 40
1.0
176
     0
 90
        2
176
     1
  1
strokes_ogs.tif
176
     1
290
     0
176
     1
 40
1.0
176
     1
 40
1.0
176
     1
  0
VISUALSTYLE
  5
39
102
{ACAD_REACTORS
330
29
102
}
330
29
100
AcDbVisualStyle
  2
ColorChange
 70
    16
177
     3
291
     1
 70
    58
 90
        2
176
     1
 90
        2
176
     1
 90
        3
176
     1
 90
        0
176
     1
 40
0.6
176
     1
 40
30.0
176
     1
 62
     8
420
  8421504
176
     1
 90
        1
176
     1
 90
        4
176
     1
 62
     7
176
     1
 62
   257
176
     1
 90
        1
176
     1
 90
        1
176
     1
 40
1.0
176
     1
 90
        8
176
     1
 62
     8
420
  8421504
176
     1
 40
1.0
176
     1
 90
        1
176
     1
 90
        6
176
     1
 90
        2
176
     1
 62
     7
176
     1
 90
        5
176
     1
 90
        0
176
     1
 90
        0
176
     1
290
     0
176
     1
 90
        1
176
     1
 40
0.0
176
     1
 90
        0
176
     1
290
     0
176
     1
290
     1
176
     1
290
     1
176
     1
290
     0
176
     1
290
     0
176
     1
290
     0
176
     1
290
     0
176
     1
290
     0
176
     1
290
     0
176
     1
 90
       50
176
     1
 40
0.0
176
     1
 40
1.0
176
     1
 90
        0
176
     1
 62
    18
420
        0
176
     1
 90
       50
176
     1
 90
        3
176
     1
 62
     5
420
      255
176
     1
290
     0
176
     1
 90
       50
176
     1
 90
       50
176
     1
 90
       50
176
     1
290
     0
176
     1
 90
       50
176
     1
 62
   256
176
     0
 40
1.0
176
     0
 90
        2
176
     1
  1
strokes_ogs.tif
176
     1
290
     0
176
     1
 40
1.0
176
     1
 40
1.0
176
     1
  0
VISUALSTYLE
  5
32
102
{ACAD_REACTORS
330
29
102
}
330
29
100
AcDbVisualStyle
  2
Conceptual
 70
     9
177
     3
291
     0
 70
    58
 90
        3
176
     1
 90
        2
176
     1
 90
        0
176
     1
 90
        0
176
     1
 40
0.6
176
     1
 40
30.0
176
     1
 62
     7
420
 16777215
176
     1
 90
        2
176
     1
 90
        2
176
     1
 62
     7
176
     1
 62
   257
176
     1
 90
        1
176
     1
 90
        1
176
     1
 40
179.0
176
     1
 90
        8
176
     1
 62
     7
176
     1
 40
1.0
176
     1
 90
        1
176
     1
 90
        6
176
     1
 90
        2
176
     1
 62
     7
176
     1
 90
        3
176
     1
 90
        0
176
     1
 90
        0
176
     1
290
     0
176
     1
 90
        1
176
     1
 40
0.0
176
     1
 90
        0
176
     1
290
     0
176
     1
290
     1
176
     1
290
     1
176
     1
290
     0
176
     1
290
     0
176
     1
290
     0
176
     1
290
     0
176
     1
290
     0
176
     1
290
     0
176
     1
 90
       50
176
     1
 40
0.0
176
     1
 40
1.0
176
     1
 90
        0
176
     1
 62
    18
420
        0
176
     1
 90
       50
176
     1
 90
        3
176
     1
 62
     5
420
      255
176
     1
290
     0
176
     1
 90
       50
176
     1
 90
       50
176
     1
 90
       50
176
     1
290
     0
176
     1
 90
       50
176
     1
 62
   256
176
     0
 40
1.0
176
     0
 90
        2
176
     1
  1
strokes_ogs.tif
176
     1
290
     0
176
     1
 40
1.0
176
     1
 40
1.0
176
     1
  0
VISUALSTYLE
  5
34
102
{ACAD_REACTORS
330
29
102
}
330
29
100
AcDbVisualStyle
  2
Dim
 70
    11
177
     3
291
     1
 70
    58
 90
        2
176
     1
 90
        2
176
     1
 90
        0
176
     1
 90
        0
176
     1
 40
0.6
176
     1
 40
30.0
176
     1
 62
     7
420
 16777215
176
     1
 90
        1
176
     1
 90
        4
176
     1
 62
     7
176
     1
 62
   257
176
     1
 90
        1
176
     1
 90
        1
176
     1
 40
1.0
176
     1
 90
        8
176
     1
 62
     7
176
     1
 40
1.0
176
     1
 90
        1
176
     1
 90
        6
176
     1
 90
        2
176
     1
 62
     7
176
     1
 90
        5
176
     1
 90
        0
176
     1
 90
        0
176
     1
290
     0
176
     1
 90
        1
176
     1
 40
-50.0
176
     1
 90
        0
176
     1
290
     0
176
     1
290
     1
176
     1
290
     1
176
     1
290
     0
176
     1
290
     0
176
     1
290
     0
176
     1
290
     0
176
     1
290
     0
176
     1
290
     0
176
     1
 90
       50
176
     1
 40
0.0
176
     1
 40
1.0
176
     1
 90
        0
176
     1
 62
    18
420
        0
176
     1
 90
       50
176
     1
 90
        3
176
     1
 62
     5
420
      255
176
     1
290
     0
176
     1
 90
       50
176
     1
 90
       50
176
     1
 90
       50
176
     1
290
     0
176
     1
 90
       50
176
     1
 62
   256
176
     0
 40
1.0
176
     0
 90
        2
176
     1
  1
strokes_ogs.tif
176
     1
290
     0
176
     1
 40
1.0
176
     1
 40
1.0
176
     1
  0
VISUALSTYLE
  5
41
102
{ACAD_REACTORS
330
29
102
}
330
29
100
AcDbVisualStyle
  2
EdgeColorOff
 70
    22
177
     3
291
     1
 70
    58
 90
        2
176
     0
 90
        2
176
     0
 90
        0
176
     0
 90
        0
176
     0
 40
0.6
176
     0
 40
30.0
176
     0
 62
     7
420
 16777215
176
     0
 90
        1
176
     0
 90
        4
176
     0
 62
     7
176
     0
 62
   257
176
     0
 90
        1
176
     0
 90
        1
176
     0
 40
1.0
176
     0
 90
        8
176
     2
 62
     7
176
     0
 40
1.0
176
     0
 90
        1
176
     0
 90
        6
176
     0
 90
        2
176
     0
 62
     7
176
     0
 90
        5
176
     0
 90
        0
176
     0
 90
        0
176
     0
290
     0
176
     0
 90
        1
176
     0
 40
0.0
176
     0
 90
        0
176
     0
290
     0
176
     0
290
     1
176
     0
290
     1
176
     0
290
     0
176
     0
290
     0
176
     0
290
     0
176
     0
290
     0
176
     0
290
     0
176
     0
290
     0
176
     0
 90
       50
176
     0
 40
0.0
176
     0
 40
1.0
176
     0
 90
        0
176
     0
 62
    18
420
        0
176
     0
 90
       50
176
     0
 90
        3
176
     0
 62
     5
420
      255
176
     0
290
     0
176
     0
 90
       50
176
     0
 90
       50
176
     0
 90
       50
176
     0
290
     0
176
     0
 90
       50
176
     0
 62
   256
176
     0
 40
1.0
176
     0
 90
        2
176
     0
  1
strokes_ogs.tif
176
     0
290
     0
176
     0
 40
1.0
176
     0
 40
1.0
176
     0
  0
VISUALSTYLE
  5
38
102
{ACAD_REACTORS
330
29
102
}
330
29
100
AcDbVisualStyle
  2
Facepattern
 70
    15
177
     3
291
     1
 70
    58
 90
        2
176
     1
 90
        2
176
     1
 90
        0
176
     1
 90
        0
176
     1
 40
0.6
176
     1
 40
30.0
176
     1
 62
     7
420
 16777215
176
     1
 90
        1
176
     1
 90
        4
176
     1
 62
     7
176
     1
 62
   257
176
     1
 90
        1
176
     1
 90
        1
176
     1
 40
1.0
176
     1
 90
        8
176
     1
 62
     7
176
     1
 40
1.0
176
     1
 90
        1
176
     1
 90
        6
176
     1
 90
        2
176
     1
 62
     7
176
     1
 90
        5
176
     1
 90
        0
176
     1
 90
        0
176
     1
290
     0
176
     1
 90
        1
176
     1
 40
0.0
176
     1
 90
        0
176
     1
290
     0
176
     1
290
     1
176
     1
290
     1
176
     1
290
     0
176
     1
290
     0
176
     1
290
     0
176
     1
290
     0
176
     1
290
     0
176
     1
290
     0
176
     1
 90
       50
176
     1
 40
0.0
176
     1
 40
1.0
176
     1
 90
        0
176
     1
 62
    18
420
        0
176
     1
 90
       50
176
     1
 90
        3
176
     1
 62
     5
420
      255
176
     1
290
     0
176
     1
 90
       50
176
     1
 90
       50
176
     1
 90
       50
176
     1
290
     0
176
     1
 90
       50
176
     1
 62
   256
176
     0
 40
1.0
176
     0
 90
        2
176
     1
  1
strokes_ogs.tif
176
     1
290
     0
176
     1
 40
1.0
176
     1
 40
1.0
176
     1
  0
VISUALSTYLE
  5
2A
102
{ACAD_REACTORS
330
29
102
}
330
29
100
AcDbVisualStyle
  2
Flat
 70
     0
177
     3
291
     1
 70
    58
 90
        2
176
     1
 90
        1
176
     1
 90
        1
176
     1
 90
        2
176
     1
 40
0.6
176
     1
 40
30.0
176
     1
 62
     7
420
 16777215
176
     1
 90
        0
176
     1
 90
        0
176
     1
 62
     7
176
     1
 62
   257
176
     1
 90
        1
176
     1
 90
        1
176
     1
 40
1.0
176
     1
 90
        8
176
     1
 62
     7
176
     1
 40
1.0
176
     1
 90
        1
176
     1
 90
        6
176
     1
 90
        2
176
     1
 62
     7
176
     1
 90
        5
176
     1
 90
        0
176
     1
 90
        0
176
     1
290
     0
176
     1
 90
       13
176
     1
 40
0.0
176
     1
 90
        0
176
     1
290
     0
176
     1
290
     1
176
     1
290
     1
176
     1
290
     0
176
     1
290
     0
176
     1
290
     0
176
     1
290
     0
176
     1
290
     0
176
     1
290
     0
176
     1
 90
       50
176
     1
 40
0.0
176
     1
 40
1.0
176
     1
 90
        0
176
     1
 62
    18
420
        0
176
     1
 90
       50
176
     1
 90
        3
176
     1
 62
     5
420
      255
176
     1
290
     0
176
     1
 90
       50
176
     1
 90
       50
176
     1
 90
       50
176
     1
290
     0
176
     1
 90
       50
176
     1
 62
   256
176
     0
 40
1.0
176
     0
 90
        2
176
     1
  1
strokes_ogs.tif
176
     1
290
     0
176
     1
 40
1.0
176
     1
 40
1.0
176
     1
  0
VISUALSTYLE
  5
2B
102
{ACAD_REACTORS
330
29
102
}
330
29
100
AcDbVisualStyle
  2
FlatWithEdges
 70
     1
177
     3
291
     1
 70
    58
 90
        2
176
     1
 90
        1
176
     1
 90
        1
176
     1
 90
        2
176
     1
 40
0.6
176
     1
 40
30.0
176
     1
 62
     7
420
 16777215
176
     1
 90
        1
176
     1
 90
        0
176
     1
 62
     7
176
     1
 62
   257
176
     1
 90
        1
176
     1
 90
        1
176
     1
 40
1.0
176
     1
 90
        0
176
     1
 62
   257
176
     1
 40
1.0
176
     1
 90
        1
176
     1
 90
        6
176
     1
 90
        2
176
     1
 62
     7
176
     1
 90
        5
176
     1
 90
        0
176
     1
 90
        0
176
     1
290
     0
176
     1
 90
       13
176
     1
 40
0.0
176
     1
 90
        0
176
     1
290
     0
176
     1
290
     1
176
     1
290
     1
176
     1
290
     0
176
     1
290
     0
176
     1
290
     0
176
     1
290
     0
176
     1
290
     0
176
     1
290
     0
176
     1
 90
       50
176
     1
 40
0.0
176
     1
 40
1.0
176
     1
 90
        0
176
     1
 62
    18
420
        0
176
     1
 90
       50
176
     1
 90
        3
176
     1
 62
     5
420
      255
176
     1
290
     0
176
     1
 90
       50
176
     1
 90
       50
176
     1
 90
       50
176
     1
290
     0
176
     1
 90
       50
176
     1
 62
   256
176
     0
 40
1.0
176
     0
 90
        2
176
     1
  1
strokes_ogs.tif
176
     1
290
     0
176
     1
 40
1.0
176
     1
 40
1.0
176
     1
  0
VISUALSTYLE
  5
2C
102
{ACAD_REACTORS
330
29
102
}
330
29
100
AcDbVisualStyle
  2
Gouraud
 70
     2
177
     3
291
     1
 70
    58
 90
        2
176
     1
 90
        2
176
     1
 90
        1
176
     1
 90
        2
176
     1
 40
0.6
176
     1
 40
30.0
176
     1
 62
     7
420
 16777215
176
     1
 90
        0
176
     1
 90
        0
176
     1
 62
     7
176
     1
 62
   257
176
     1
 90
        1
176
     1
 90
        1
176
     1
 40
1.0
176
     1
 90
        0
176
     1
 62
     7
176
     1
 40
1.0
176
     1
 90
        1
176
     1
 90
        6
176
     1
 90
        2
176
     1
 62
     7
176
     1
 90
        5
176
     1
 90
        0
176
     1
 90
        0
176
     1
290
     0
176
     1
 90
       13
176
     1
 40
0.0
176
     1
 90
        0
176
     1
290
     0
176
     1
290
     1
176
     1
290
     1
176
     1
290
     0
176
     1
290
     0
176
     1
290
     0
176
     1
290
     0
176
     1
290
     0
176
     1
290
     0
176
     1
 90
       50
176
     1
 40
0.0
176
     1
 40
1.0
176
     1
 90
        0
176
     1
 62
    18
420
        0
176
     1
 90
       50
176
     1
 90
        3
176
     1
 62
     5
420
      255
176
     1
290
     0
176
     1
 90
       50
176
     1
 90
       50
176
     1
 90
       50
176
     1
290
     0
176
     1
 90
       50
176
     1
 62
   256
176
     0
 40
1.0
176
     0
 90
        2
176
     1
  1
strokes_ogs.tif
176
     1
290
     0
176
     1
 40
1.0
176
     1
 40
1.0
176
     1
  0
VISUALSTYLE
  5
2D
102
{ACAD_REACTORS
330
29
102
}
330
29
100
AcDbVisualStyle
  2
GouraudWithEdges
 70
     3
177
     3
291
     1
 70
    58
 90
        2
176
     1
 90
        2
176
     1
 90
        1
176
     1
 90
        2
176
     1
 40
0.6
176
     1
 40
30.0
176
     1
 62
     7
420
 16777215
176
     1
 90
        1
176
     1
 90
        0
176
     1
 62
     7
176
     1
 62
   257
176
     1
 90
        1
176
     1
 90
        1
176
     1
 40
1.0
176
     1
 90
        0
176
     1
 62
   257
176
     1
 40
1.0
176
     1
 90
        1
176
     1
 90
        6
176
     1
 90
        2
176
     1
 62
     7
176
     1
 90
        5
176
     1
 90
        0
176
     1
 90
        0
176
     1
290
     0
176
     1
 90
       13
176
     1
 40
0.0
176
     1
 90
        0
176
     1
290
     0
176
     1
290
     1
176
     1
290
     1
176
     1
290
     0
176
     1
290
     0
176
     1
290
     0
176
     1
290
     0
176
     1
290
     0
176
     1
290
     0
176
     1
 90
       50
176
     1
 40
0.0
176
     1
 40
1.0
176
     1
 90
        0
176
     1
 62
    18
420
        0
176
     1
 90
       50
176
     1
 90
        3
176
     1
 62
     5
420
      255
176
     1
290
     0
176
     1
 90
       50
176
     1
 90
       50
176
     1
 90
       50
176
     1
290
     0
176
     1
 90
       50
176
     1
 62
   256
176
     0
 40
1.0
176
     0
 90
        2
176
     1
  1
strokes_ogs.tif
176
     1
290
     0
176
     1
 40
1.0
176
     1
 40
1.0
176
     1
  0
VISUALSTYLE
  5
31
102
{ACAD_REACTORS
330
29
102
}
330
29
100
AcDbVisualStyle
  2
Hidden
 70
     6
177
     3
291
     0
 70
    58
 90
        1
176
     1
 90
        2
176
     1
 90
        2
176
     1
 90
        0
176
     1
 40
0.6
176
     1
 40
30.0
176
     1
 62
     7
420
 16777215
176
     1
 90
        2
176
     1
 90
        2
176
     1
 62
     7
176
     1
 62
   257
176
     1
 90
        2
176
     1
 90
        1
176
     1
 40
40.0
176
     1
 90
        0
176
     1
 62
   257
176
     1
 40
1.0
176
     1
 90
        1
176
     1
 90
        6
176
     1
 90
        2
176
     1
 62
     7
176
     1
 90
        3
176
     1
 90
        0
176
     1
 90
        0
176
     1
290
     0
176
     1
 90
        1
176
     1
 40
0.0
176
     1
 90
        0
176
     1
290
     0
176
     1
290
     1
176
     1
290
     1
176
     1
290
     0
176
     1
290
     0
176
     1
290
     0
176
     1
290
     0
176
     1
290
     0
176
     1
290
     0
176
     1
 90
       50
176
     1
 40
0.0
176
     1
 40
1.0
176
     1
 90
        0
176
     1
 62
    18
420
        0
176
     1
 90
       50
176
     1
 90
        3
176
     1
 62
     5
420
      255
176
     1
290
     0
176
     1
 90
       50
176
     1
 90
       50
176
     1
 90
       50
176
     1
290
     0
176
     1
 90
       50
176
     1
 62
   256
176
     0
 40
1.0
176
     0
 90
        2
176
     1
  1
strokes_ogs.tif
176
     1
290
     0
176
     1
 40
1.0
176
     1
 40
1.0
176
     1
  0
VISUALSTYLE
  5
3F
102
{ACAD_REACTORS
330
29
102
}
330
29
100
AcDbVisualStyle
  2
JitterOff
 70
    20
177
     3
291
     1
 70
    58
 90
        2
176
     0
 90
        2
176
     0
 90
        0
176
     0
 90
        0
176
     0
 40
0.6
176
     0
 40
30.0
176
     0
 62
     7
420
 16777215
176
     0
 90
        1
176
     0
 90
        4
176
     0
 62
     7
176
     0
 62
   257
176
     0
 90
        1
176
     0
 90
        1
176
     0
 40
1.0
176
     0
 90
       10
176
     2
 62
     7
176
     0
 40
1.0
176
     0
 90
        1
176
     0
 90
        6
176
     0
 90
        2
176
     0
 62
     7
176
     0
 90
        5
176
     0
 90
        0
176
     0
 90
        0
176
     0
290
     0
176
     0
 90
        1
176
     0
 40
0.0
176
     0
 90
        0
176
     0
290
     0
176
     0
290
     1
176
     0
290
     1
176
     0
290
     0
176
     0
290
     0
176
     0
290
     0
176
     0
290
     0
176
     0
290
     0
176
     0
290
     0
176
     0
 90
       50
176
     0
 40
0.0
176
     0
 40
1.0
176
     0
 90
        0
176
     0
 62
    18
420
        0
176
     0
 90
       50
176
     0
 90
        3
176
     0
 62
     5
420
      255
176
     0
290
     0
176
     0
 90
       50
176
     0
 90
       50
176
     0
 90
       50
176
     0
290
     0
176
     0
 90
       50
176
     0
 62
   256
176
     0
 40
1.0
176
     0
 90
        2
176
     0
  1
strokes_ogs.tif
176
     0
290
     0
176
     0
 40
1.0
176
     0
 40
1.0
176
     0
  0
VISUALSTYLE
  5
37
102
{ACAD_REACTORS
330
29
102
}
330
29
100
AcDbVisualStyle
  2
Linepattern
 70
    14
177
     3
291
     1
 70
    58
 90
        2
176
     1
 90
        2
176
     1
 90
        0
176
     1
 90
        0
176
     1
 40
0.6
176
     1
 40
30.0
176
     1
 62
     7
420
 16777215
176
     1
 90
        1
176
     1
 90
        4
176
     1
 62
     7
176
     1
 62
   257
176
     1
 90
        7
176
     1
 90
        7
176
     1
 40
1.0
176
     1
 90
        8
176
     1
 62
     7
176
     1
 40
1.0
176
     1
 90
        1
176
     1
 90
        6
176
     1
 90
        2
176
     1
 62
     7
176
     1
 90
        5
176
     1
 90
        0
176
     1
 90
        0
176
     1
290
     0
176
     1
 90
        1
176
     1
 40
0.0
176
     1
 90
        0
176
     1
290
     0
176
     1
290
     1
176
     1
290
     1
176
     1
290
     0
176
     1
290
     0
176
     1
290
     0
176
     1
290
     0
176
     1
290
     0
176
     1
290
     0
176
     1
 90
       50
176
     1
 40
0.0
176
     1
 40
1.0
176
     1
 90
        0
176
     1
 62
    18
420
        0
176
     1
 90
       50
176
     1
 90
        3
176
     1
 62
     5
420
      255
176
     1
290
     0
176
     1
 90
       50
176
     1
 90
       50
176
     1
 90
       50
176
     1
290
     0
176
     1
 90
       50
176
     1
 62
   256
176
     0
 40
1.0
176
     0
 90
        2
176
     1
  1
strokes_ogs.tif
176
     1
290
     0
176
     1
 40
1.0
176
     1
 40
1.0
176
     1
  0
VISUALSTYLE
  5
40
102
{ACAD_REACTORS
330
29
102
}
330
29
100
AcDbVisualStyle
  2
OverhangOff
 70
    21
177
     3
291
     1
 70
    58
 90
        2
176
     0
 90
        2
176
     0
 90
        0
176
     0
 90
        0
176
     0
 40
0.6
176
     0
 40
30.0
176
     0
 62
     7
420
 16777215
176
     0
 90
        1
176
     0
 90
        4
176
     0
 62
     7
176
     0
 62
   257
176
     0
 90
        1
176
     0
 90
        1
176
     0
 40
1.0
176
     0
 90
        9
176
     2
 62
     7
176
     0
 40
1.0
176
     0
 90
        1
176
     0
 90
        6
176
     0
 90
        2
176
     0
 62
     7
176
     0
 90
        5
176
     0
 90
        0
176
     0
 90
        0
176
     0
290
     0
176
     0
 90
        1
176
     0
 40
0.0
176
     0
 90
        0
176
     0
290
     0
176
     0
290
     1
176
     0
290
     1
176
     0
290
     0
176
     0
290
     0
176
     0
290
     0
176
     0
290
     0
176
     0
290
     0
176
     0
290
     0
176
     0
 90
       50
176
     0
 40
0.0
176
     0
 40
1.0
176
     0
 90
        0
176
     0
 62
    18
420
        0
176
     0
 90
       50
176
     0
 90
        3
176
     0
 62
     5
420
      255
176
     0
290
     0
176
     0
 90
       50
176
     0
 90
       50
176
     0
 90
       50
176
     0
290
     0
176
     0
 90
       50
176
     0
 62
   256
176
     0
 40
1.0
176
     0
 90
        2
176
     0
  1
strokes_ogs.tif
176
     0
290
     0
176
     0
 40
1.0
176
     0
 40
1.0
176
     0
  0
VISUALSTYLE
  5
33
102
{ACAD_REACTORS
330
29
102
}
330
29
100
AcDbVisualStyle
  2
Realistic
 70
     8
177
     3
291
     0
 70
    58
 90
        2
176
     1
 90
        3
176
     1
 90
        0
176
     1
 90
        2
176
     1
 40
0.6
176
     1
 40
30.0
176
     1
 62
     7
420
 16777215
176
     1
 90
        0
176
     1
 90
        0
176
     1
 62
     7
176
     1
 62
   257
176
     1
 90
        1
176
     1
 90
        1
176
     1
 40
1.0
176
     1
 90
        8
176
     1
 62
   257
176
     1
 40
1.0
176
     1
 90
        1
176
     1
 90
        6
176
     1
 90
        2
176
     1
 62
     7
176
     1
 90
        3
176
     1
 90
        0
176
     1
 90
        0
176
     1
290
     0
176
     1
 90
       13
176
     1
 40
0.0
176
     1
 90
        0
176
     1
290
     0
176
     1
290
     1
176
     1
290
     1
176
     1
290
     0
176
     1
290
     0
176
     1
290
     0
176
     1
290
     0
176
     1
290
     0
176
     1
290
     0
176
     1
 90
       50
176
     1
 40
0.0
176
     1
 40
1.0
176
     1
 90
        0
176
     1
 62
    18
420
        0
176
     1
 90
       50
176
     1
 90
        3
176
     1
 62
     5
420
      255
176
     1
290
     0
176
     1
 90
       50
176
     1
 90
       50
176
     1
 90
       50
176
     1
290
     0
176
     1
 90
       50
176
     1
 62
   256
176
     0
 40
1.0
176
     0
 90
        2
176
     1
  1
strokes_ogs.tif
176
     1
290
     0
176
     1
 40
1.0
176
     1
 40
1.0
176
     1
  0
VISUALSTYLE
  5
3E
102
{ACAD_REACTORS
330
29
102
}
330
29
100
AcDbVisualStyle
  2
Shaded
 70
    27
177
     3
291
     0
 70
    58
 90
        2
176
     1
 90
        2
176
     1
 90
        1
176
     1
 90
        2
176
     1
 40
0.6
176
     1
 40
30.0
176
     1
 62
     7
420
 16777215
176
     1
 90
        0
176
     1
 90
        4
176
     1
 62
     7
176
     1
 62
   257
176
     1
 90
        1
176
     1
 90
        1
176
     1
 40
1.0
176
     1
 90
        8
176
     1
 62
   257
176
     1
 40
1.0
176
     1
 90
        1
176
     1
 90
        6
176
     1
 90
        2
176
     1
 62
     8
420
  7895160
176
     1
 90
        3
176
     1
 90
        0
176
     1
 90
        0
176
     1
290
     0
176
     1
 90
        5
176
     1
 40
0.0
176
     1
 90
        0
176
     1
290
     0
176
     1
290
     1
176
     1
290
     1
176
     1
290
     0
176
     1
290
     0
176
     1
290
     0
176
     1
290
     0
176
     1
290
     0
176
     1
290
     0
176
     1
 90
       50
176
     1
 40
0.0
176
     1
 40
1.0
176
     1
 90
        0
176
     1
 62
    18
420
        0
176
     1
 90
       50
176
     1
 90
        3
176
     1
 62
     5
420
      255
176
     1
290
     0
176
     1
 90
       50
176
     1
 90
       50
176
     1
 90
       50
176
     1
290
     0
176
     1
 90
       50
176
     1
 62
   256
176
     0
 40
1.0
176
     0
 90
        2
176
     1
  1
strokes_ogs.tif
176
     1
290
     0
176
     1
 40
1.0
176
     1
 40
1.0
176
     1
  0
VISUALSTYLE
  5
3D
102
{ACAD_REACTORS
330
29
102
}
330
29
100
AcDbVisualStyle
  2
Shaded with edges
 70
    26
177
     3
291
     0
 70
    58
 90
        2
176
     1
 90
        2
176
     1
 90
        1
176
     1
 90
        2
176
     1
 40
0.6
176
     1
 40
30.0
176
     1
 62
     7
420
 16777215
176
     1
 90
        1
176
     1
 90
        2
176
     1
 62
     7
176
     1
 62
   257
176
     1
 90
        2
176
     1
 90
        1
176
     1
 40
1.0
176
     1
 90
        8
176
     1
 62
   257
176
     1
 40
1.0
176
     1
 90
        1
176
     1
 90
        6
176
     1
 90
        2
176
     1
 62
     7
176
     1
 90
        3
176
     1
 90
        0
176
     1
 90
        0
176
     1
290
     0
176
     1
 90
        5
176
     1
 40
0.0
176
     1
 90
        0
176
     1
290
     0
176
     1
290
     1
176
     1
290
     1
176
     1
290
     0
176
     1
290
     0
176
     1
290
     0
176
     1
290
     0
176
     1
290
     0
176
     1
290
     0
176
     1
 90
       50
176
     1
 40
0.0
176
     1
 40
1.0
176
     1
 90
        0
176
     1
 62
    18
420
        0
176
     1
 90
       50
176
     1
 90
        3
176
     1
 62
     5
420
      255
176
     1
290
     0
176
     1
 90
       50
176
     1
 90
       50
176
     1
 90
       50
176
     1
290
     0
176
     1
 90
       50
176
     1
 62
   256
176
     0
 40
1.0
176
     0
 90
        2
176
     1
  1
strokes_ogs.tif
176
     1
290
     0
176
     1
 40
1.0
176
     1
 40
1.0
176
     1
  0
VISUALSTYLE
  5
3A
102
{ACAD_REACTORS
330
29
102
}
330
29
100
AcDbVisualStyle
  2
Shades of Gray
 70
    23
177
     3
291
     0
 70
    58
 90
        2
176
     1
 90
        2
176
     1
 90
        3
176
     1
 90
        0
176
     1
 40
0.6
176
     1
 40
30.0
176
     1
 62
     7
420
 16777215
176
     1
 90
        2
176
     1
 90
        2
176
     1
 62
     7
176
     1
 62
     7
176
     1
 90
        1
176
     1
 90
        1
176
     1
 40
40.0
176
     1
 90
        8
176
     1
 62
     7
176
     1
 40
1.0
176
     1
 90
        1
176
     1
 90
        6
176
     1
 90
        2
176
     1
 62
     7
176
     1
 90
        3
176
     1
 90
        0
176
     1
 90
        0
176
     1
290
     0
176
     1
 90
        1
176
     1
 40
0.0
176
     1
 90
        0
176
     1
290
     0
176
     1
290
     1
176
     1
290
     1
176
     1
290
     0
176
     1
290
     0
176
     1
290
     0
176
     1
290
     0
176
     1
290
     0
176
     1
290
     0
176
     1
 90
       50
176
     1
 40
0.0
176
     1
 40
1.0
176
     1
 90
        0
176
     1
 62
    18
420
        0
176
     1
 90
       50
176
     1
 90
        3
176
     1
 62
     5
420
      255
176
     1
290
     0
176
     1
 90
       50
176
     1
 90
       50
176
     1
 90
       50
176
     1
290
     0
176
     1
 90
       50
176
     1
 62
   256
176
     0
 40
1.0
176
     0
 90
        2
176
     1
  1
strokes_ogs.tif
176
     1
290
     0
176
     1
 40
1.0
176
     1
 40
1.0
176
     1
  0
VISUALSTYLE
  5
3B
102
{ACAD_REACTORS
330
29
102
}
330
29
100
AcDbVisualStyle
  2
Sketchy
 70
    24
177
     3
291
     0
 70
    58
 90
        1
176
     1
 90
        2
176
     1
 90
        2
176
     1
 90
        0
176
     1
 40
0.6
176
     1
 40
30.0
176
     1
 62
     7
420
 16777215
176
     1
 90
        2
176
     1
 90
        2
176
     1
 62
     7
176
     1
 62
     7
176
     1
 90
        1
176
     1
 90
        1
176
     1
 40
40.0
176
     1
 90
       11
176
     1
 62
     7
176
     1
 40
1.0
176
     1
 90
        1
176
     1
 90
        6
176
     1
 90
        2
176
     1
 62
     7
176
     1
 90
        6
176
     1
 90
        0
176
     1
 90
        0
176
     1
290
     0
176
     1
 90
        1
176
     1
 40
0.0
176
     1
 90
        0
176
     1
290
     0
176
     1
290
     1
176
     1
290
     1
176
     1
290
     0
176
     1
290
     0
176
     1
290
     0
176
     1
290
     0
176
     1
290
     0
176
     1
290
     0
176
     1
 90
       50
176
     1
 40
0.0
176
     1
 40
1.0
176
     1
 90
        0
176
     1
 62
    18
420
        0
176
     1
 90
       50
176
     1
 90
        3
176
     1
 62
     5
420
      255
176
     1
290
     0
176
     1
 90
       50
176
     1
 90
       50
176
     1
 90
       50
176
     1
290
     0
176
     1
 90
       50
176
     1
 62
   256
176
     0
 40
1.0
176
     0
 90
        2
176
     1
  1
strokes_ogs.tif
176
     1
290
     0
176
     1
 40
1.0
176
     1
 40
1.0
176
     1
  0
VISUALSTYLE
  5
36
102
{ACAD_REACTORS
330
29
102
}
330
29
100
AcDbVisualStyle
  2
Thicken
 70
    13
177
     3
291
     1
 70
    58
 90
        2
176
     1
 90
        2
176
     1
 90
        0
176
     1
 90
        0
176
     1
 40
0.6
176
     1
 40
30.0
176
     1
 62
     7
420
 16777215
176
     1
 90
        1
176
     1
 90
        4
176
     1
 62
     7
176
     1
 62
   257
176
     1
 90
        1
176
     1
 90
        1
176
     1
 40
1.0
176
     1
 90
       12
176
     1
 62
     7
176
     1
 40
1.0
176
     1
 90
        1
176
     1
 90
        6
176
     1
 90
        2
176
     1
 62
     7
176
     1
 90
        5
176
     1
 90
        0
176
     1
 90
        0
176
     1
290
     0
176
     1
 90
        1
176
     1
 40
0.0
176
     1
 90
        0
176
     1
290
     0
176
     1
290
     1
176
     1
290
     1
176
     1
290
     0
176
     1
290
     0
176
     1
290
     0
176
     1
290
     0
176
     1
290
     0
176
     1
290
     0
176
     1
 90
       50
176
     1
 40
0.0
176
     1
 40
1.0
176
     1
 90
        0
176
     1
 62
    18
420
        0
176
     1
 90
       50
176
     1
 90
        3
176
     1
 62
     5
420
      255
176
     1
290
     0
176
     1
 90
       50
176
     1
 90
       50
176
     1
 90
       50
176
     1
290
     0
176
     1
 90
       50
176
     1
 62
   256
176
     0
 40
1.0
176
     0
 90
        2
176
     1
  1
strokes_ogs.tif
176
     1
290
     0
176
     1
 40
1.0
176
     1
 40
1.0
176
     1
  0
VISUALSTYLE
  5
30
102
{ACAD_REACTORS
330
29
102
}
330
29
100
AcDbVisualStyle
  2
Wireframe
 70
     5
177
     3
291
     0
 70
    58
 90
        0
176
     1
 90
        2
176
     1
 90
        0
176
     1
 90
        0
176
     1
 40
0.6
176
     1
 40
30.0
176
     1
 62
     7
420
 16777215
176
     1
 90
        1
176
     1
 90
        4
176
     1
 62
     7
176
     1
 62
   257
176
     1
 90
        1
176
     1
 90
        1
176
     1
 40
1.0
176
     1
 90
        0
176
     1
 62
   257
176
     1
 40
1.0
176
     1
 90
        1
176
     1
 90
        6
176
     1
 90
        2
176
     1
 62
     7
176
     1
 90
        3
176
     1
 90
        0
176
     1
 90
        0
176
     1
290
     0
176
     1
 90
        1
176
     1
 40
0.0
176
     1
 90
        0
176
     1
290
     0
176
     1
290
     1
176
     1
290
     1
176
     1
290
     0
176
     1
290
     0
176
     1
290
     0
176
     1
290
     0
176
     1
290
     0
176
     1
290
     0
176
     1
 90
       50
176
     1
 40
0.0
176
     1
 40
1.0
176
     1
 90
        0
176
     1
 62
    18
420
        0
176
     1
 90
       50
176
     1
 90
        3
176
     1
 62
     5
420
      255
176
     1
290
     0
176
     1
 90
       50
176
     1
 90
       50
176
     1
 90
       50
176
     1
290
     0
176
     1
 90
       50
176
     1
 62
   256
176
     0
 40
1.0
176
     0
 90
        2
176
     1
  1
strokes_ogs.tif
176
     1
290
     0
176
     1
 40
1.0
176
     1
 40
1.0
176
     1
  0
VISUALSTYLE
  5
3C
102
{ACAD_REACTORS
330
29
102
}
330
29
100
AcDbVisualStyle
  2
X-Ray
 70
    25
177
     3
291
     0
 70
    58
 90
        2
176
     1
 90
        2
176
     1
 90
        1
176
     1
 90
        1
176
     1
 40
0.5
176
     1
 40
30.0
176
     1
 62
     7
420
 16777215
176
     1
 90
        1
176
     1
 90
        0
176
     1
 62
     7
176
     1
 62
   257
176
     1
 90
        1
176
     1
 90
        1
176
     1
 40
1.0
176
     1
 90
        8
176
     1
 62
     7
176
     1
 40
1.0
176
     1
 90
        1
176
     1
 90
        6
176
     1
 90
        2
176
     1
 62
     7
176
     1
 90
        3
176
     1
 90
        0
176
     1
 90
        0
176
     1
290
     0
176
     1
 90
       13
176
     1
 40
0.0
176
     1
 90
        0
176
     1
290
     0
176
     1
290
     1
176
     1
290
     1
176
     1
290
     0
176
     1
290
     0
176
     1
290
     0
176
     1
290
     0
176
     1
290
     0
176
     1
290
     0
176
     1
 90
       50
176
     1
 40
0.0
176
     1
 40
1.0
176
     1
 90
        0
176
     1
 62
    18
420
        0
176
     1
 90
       50
176
     1
 90
        3
176
     1
 62
     5
420
      255
176
     1
290
     0
176
     1
 90
       50
176
     1
 90
       50
176
     1
 90
       50
176
     1
290
     0
176
     1
 90
       50
176
     1
 62
   256
176
     0
 40
1.0
176
     0
 90
        2
176
     1
  1
strokes_ogs.tif
176
     1
290
     0
176
     1
 40
1.0
176
     1
 40
1.0
176
     1
  0
DICTIONARYVAR
  5
3B8
102
{ACAD_REACTORS
330
3B3
102
}
330
3B3
100
DictionaryVariables
280
     0
  1
1:1
  0
DICTIONARYVAR
  5
3B5
102
{ACAD_REACTORS
330
3B3
102
}
330
3B3
100
DictionaryVariables
280
     0
  1
STANDARD
  0
DICTIONARYVAR
  5
3B4
102
{ACAD_REACTORS
330
3B3
102
}
330
3B3
100
DictionaryVariables
280
     0
  1
STANDARD
  0
DICTIONARYVAR
  5
3B6
102
{ACAD_REACTORS
330
3B3
102
}
330
3B3
100
DictionaryVariables
280
     0
  1
Imperial24
  0
DICTIONARYVAR
  5
3B7
102
{ACAD_REACTORS
330
3B3
102
}
330
3B3
100
DictionaryVariables
280
     0
  1
Imperial24
  0
DICTIONARY
  5
1A
330
19
100
AcDbDictionary
280
     1
281
     1
  3
BUMPTILE
360
1C
  3
DIFFUSETILE
360
1B
  3
OPACITYTILE
360
1F
  3
REFLECTIONTILE
360
1E
  3
REFRACTIONTILE
360
20
  3
SPECULARTILE
360
1D
  0
DICTIONARY
  5
12
330
11
100
AcDbDictionary
280
     1
281
     1
  3
BUMPTILE
360
14
  3
DIFFUSETILE
360
13
  3
OPACITYTILE
360
17
  3
REFLECTIONTILE
360
16
  3
REFRACTIONTILE
360
18
  3
SPECULARTILE
360
15
  0
DICTIONARY
  5
22
330
21
100
AcDbDictionary
280
     1
281
     1
  3
BUMPTILE
360
24
  3
DIFFUSETILE
360
23
  3
OPACITYTILE
360
27
  3
REFLECTIONTILE
360
26
  3
REFRACTIONTILE
360
28
  3
SPECULARTILE
360
25
  0
DICTIONARY
  5
3B9
330
65
100
AcDbDictionary
280
     1
281
     1
  3
ACAD_ROUNDTRIP_2008_TABLESTYLE_CELLSTYLEMAP
360
3BA
  0
XRECORD
  5
1C
102
{ACAD_REACTORS
330
1A
102
}
330
1A
100
AcDbXrecord
280
     1
270
     1
271
     1
  0
XRECORD
  5
1B
102
{ACAD_REACTORS
330
1A
102
}
330
1A
100
AcDbXrecord
280
     1
270
     1
271
     1
  0
XRECORD
  5
1F
102
{ACAD_REACTORS
330
1A
102
}
330
1A
100
AcDbXrecord
280
     1
270
     1
271
     1
  0
XRECORD
  5
1E
102
{ACAD_REACTORS
330
1A
102
}
330
1A
100
AcDbXrecord
280
     1
270
     1
271
     1
  0
XRECORD
  5
20
102
{ACAD_REACTORS
330
1A
102
}
330
1A
100
AcDbXrecord
280
     1
270
     1
271
     1
  0
XRECORD
  5
1D
102
{ACAD_REACTORS
330
1A
102
}
330
1A
100
AcDbXrecord
280
     1
270
     1
271
     1
  0
XRECORD
  5
14
102
{ACAD_REACTORS
330
12
102
}
330
12
100
AcDbXrecord
280
     1
270
     1
271
     1
  0
XRECORD
  5
13
102
{ACAD_REACTORS
330
12
102
}
330
12
100
AcDbXrecord
280
     1
270
     1
271
     1
  0
XRECORD
  5
17
102
{ACAD_REACTORS
330
12
102
}
330
12
100
AcDbXrecord
280
     1
270
     1
271
     1
  0
XRECORD
  5
16
102
{ACAD_REACTORS
330
12
102
}
330
12
100
AcDbXrecord
280
     1
270
     1
271
     1
  0
XRECORD
  5
18
102
{ACAD_REACTORS
330
12
102
}
330
12
100
AcDbXrecord
280
     1
270
     1
271
     1
  0
XRECORD
  5
15
102
{ACAD_REACTORS
330
12
102
}
330
12
100
AcDbXrecord
280
     1
270
     1
271
     1
  0
XRECORD
  5
24
102
{ACAD_REACTORS
330
22
102
}
330
22
100
AcDbXrecord
280
     1
270
     1
271
     1
  0
XRECORD
  5
23
102
{ACAD_REACTORS
330
22
102
}
330
22
100
AcDbXrecord
280
     1
270
     1
271
     1
  0
XRECORD
  5
27
102
{ACAD_REACTORS
330
22
102
}
330
22
100
AcDbXrecord
280
     1
270
     1
271
     1
  0
XRECORD
  5
26
102
{ACAD_REACTORS
330
22
102
}
330
22
100
AcDbXrecord
280
     1
270
     1
271
     1
  0
XRECORD
  5
28
102
{ACAD_REACTORS
330
22
102
}
330
22
100
AcDbXrecord
280
     1
270
     1
271
     1
  0
XRECORD
  5
25
102
{ACAD_REACTORS
330
22
102
}
330
22
100
AcDbXrecord
280
     1
270
     1
271
     1
  0
CELLSTYLEMAP
  5
3BA
102
{ACAD_REACTORS
330
3B9
102
}
330
3B9
100
AcDbCellStyleMap
 90
        3
300
CELLSTYLE
  1
TABLEFORMAT_BEGIN
 90
        5
170
     1
 91
        0
 92
    32768
 62
   257
 93
        1
300
CONTENTFORMAT
  1
CONTENTFORMAT_BEGIN
 90
        0
 91
        0
 92
      512
 93
        0
300

 40
0.0
140
1.0
 94
        5
 62
     0
340
55
144
0.25
309
CONTENTFORMAT_END
171
     0
 94
        0
309
TABLEFORMAT_END
  1
CELLSTYLE_BEGIN
 90
        1
 91
        1
300
_TITLE
309
CELLSTYLE_END
300
CELLSTYLE
  1
TABLEFORMAT_BEGIN
 90
        5
170
     1
 91
        0
 92
        0
 62
   257
 93
        1
300
CONTENTFORMAT
  1
CONTENTFORMAT_BEGIN
 90
        0
 91
        0
 92
      512
 93
        0
300

 40
0.0
140
1.0
 94
        5
 62
     0
340
55
144
0.18
309
CONTENTFORMAT_END
171
     0
 94
        0
309
TABLEFORMAT_END
  1
CELLSTYLE_BEGIN
 90
        2
 91
        1
300
_HEADER
309
CELLSTYLE_END
300
CELLSTYLE
  1
TABLEFORMAT_BEGIN
 90
        5
170
     1
 91
        0
 92
        0
 62
   257
 93
        1
300
CONTENTFORMAT
  1
CONTENTFORMAT_BEGIN
 90
        0
 91
        0
 92
      512
 93
        0
300

 40
0.0
140
1.0
 94
        2
 62
     0
340
55
144
0.18
309
CONTENTFORMAT_END
171
     0
 94
        0
309
TABLEFORMAT_END
  1
CELLSTYLE_BEGIN
 90
        3
 91
        2
300
_DATA
309
CELLSTYLE_END
  0
ENDSEC
  0
EOF
