  0
SECTION
  2
HEADER
  9
$ACADVER
  1
AC1032
  9
$ACADMAINTVER
 90
      327
  9
$DWGCODEPAGE
  3
ANSI_1252
  9
$REQUIREDVERSIONS
160
                 0
  9
$INSBASE
 10
0.0
 20
0.0
 30
0.0
  9
$EXTMIN
 10
1.000000000000000E+20
 20
1.000000000000000E+20
 30
1.000000000000000E+20
  9
$EXTMAX
 10
-1.000000000000000E+20
 20
-1.000000000000000E+20
 30
-1.000000000000000E+20
  9
$LIMMIN
 10
0.0
 20
0.0
  9
$LIMMAX
 10
12.0
 20
9.0
  9
$ORTHOMODE
 70
     0
  9
$REGENMODE
 70
     1
  9
$FILLMODE
 70
     1
  9
$QTEXTMODE
 70
     0
  9
$MIRRTEXT
 70
     0
  9
$LTSCALE
 40
1.0
  9
$ATTMODE
 70
     1
  9
$TEXTSIZE
 40
0.2
  9
$TRACEWID
 40
0.05
  9
$TEXTSTYLE
  7
Standard
  9
$CLAYER
  8
0
  9
$CELTYPE
  6
ByLayer
  9
$CECOLOR
 62
   256
  9
$CELTSCALE
 40
1.0
  9
$DISPSILH
 70
     0
  9
$DIMSCALE
 40
1.0
  9
$DIMASZ
 40
0.18
  9
$DIMEXO
 40
0.0625
  9
$DIMDLI
 40
0.38
  9
$DIMRND
 40
0.0
  9
$DIMDLE
 40
0.0
  9
$DIMEXE
 40
0.18
  9
$DIMTP
 40
0.0
  9
$DIMTM
 40
0.0
  9
$DIMTXT
 40
0.18
  9
$DIMCEN
 40
0.09
  9
$DIMTSZ
 40
0.0
  9
$DIMTOL
 70
     0
  9
$DIMLIM
 70
     0
  9
$DIMTIH
 70
     1
  9
$DIMTOH
 70
     1
  9
$DIMSE1
 70
     0
  9
$DIMSE2
 70
     0
  9
$DIMTAD
 70
     0
  9
$DIMZIN
 70
     0
  9
$DIMBLK
  1

  9
$DIMASO
 70
     1
  9
$DIMSHO
 70
     1
  9
$DIMPOST
  1

  9
$DIMAPOST
  1

  9
$DIMALT
 70
     0
  9
$DIMALTD
 70
     2
  9
$DIMALTF
 40
25.4
  9
$DIMLFAC
 40
1.0
  9
$DIMTOFL
 70
     0
  9
$DIMTVP
 40
0.0
  9
$DIMTIX
 70
     0
  9
$DIMSOXD
 70
     0
  9
$DIMSAH
 70
     0
  9
$DIMBLK1
  1

  9
$DIMBLK2
  1

  9
$DIMSTYLE
  2
Standard
  9
$DIMCLRD
 70
     0
  9
$DIMCLRE
 70
     0
  9
$DIMCLRT
 70
     0
  9
$DIMTFAC
 40
1.0
  9
$DIMGAP
 40
0.09
  9
$DIMJUST
 70
     0
  9
$DIMSD1
 70
     0
  9
$DIMSD2
 70
     0
  9
$DIMTOLJ
 70
     1
  9
$DIMTZIN
 70
     0
  9
$DIMALTZ
 70
     0
  9
$DIMALTTZ
 70
     0
  9
$DIMUPT
 70
     0
  9
$DIMDEC
 70
     4
  9
$DIMTDEC
 70
     4
  9
$DIMALTU
 70
     2
  9
$DIMALTTD
 70
     2
  9
$DIMTXSTY
  7
Standard
  9
$DIMAUNIT
 70
     0
  9
$DIMADEC
 70
     0
  9
$DIMALTRND
 40
0.0
  9
$DIMAZIN
 70
     0
  9
$DIMDSEP
 70
    46
  9
$DIMATFIT
 70
     3
  9
$DIMFRAC
 70
     0
  9
$DIMLDRBLK
  1

  9
$DIMLUNIT
 70
     2
  9
$DIMLWD
 70
    -2
  9
$DIMLWE
 70
    -2
  9
$DIMTMOVE
 70
     0
  9
$DIMFXL
 40
1.0
  9
$DIMFXLON
 70
     0
  9
$DIMJOGANG
 40
0.7853981633974483
  9
$DIMTFILL
 70
     0
  9
$DIMTFILLCLR
 70
     0
  9
$DIMARCSYM
 70
     0
  9
$DIMLTYPE
  6

  9
$DIMLTEX1
  6

  9
$DIMLTEX2
  6

  9
$DIMTXTDIRECTION
 70
     0
  9
$LUNITS
 70
     2
  9
$LUPREC
 70
     4
  9
$SKETCHINC
 40
0.1
  9
$FILLETRAD
 40
0.0
  9
$AUNITS
 70
     0
  9
$AUPREC
 70
     0
  9
$MENU
  1
.
  9
$ELEVATION
 40
0.0
  9
$PELEVATION
 40
0.0
  9
$THICKNESS
 40
0.0
  9
$LIMCHECK
 70
     0
  9
$CHAMFERA
 40
0.0
  9
$CHAMFERB
 40
0.0
  9
$CHAMFERC
 40
0.0
  9
$CHAMFERD
 40
0.0
  9
$SKPOLY
 70
     0
  9
$TDCREATE
 40
2461251.895081019
  9
$TDUCREATE
 40
2461252.020081019
  9
$TDUPDATE
 40
2461251.895081019
  9
$TDUUPDATE
 40
2461252.020081019
  9
$TDINDWG
 40
0.0000000000
  9
$TDUSRTIMER
 40
0.0000000000
  9
$USRTIMER
 70
     1
  9
$ANGBASE
 50
0.0
  9
$ANGDIR
 70
     0
  9
$PDMODE
 70
     0
  9
$PDSIZE
 40
0.0
  9
$PLINEWID
 40
0.0
  9
$SPLFRAME
 70
     0
  9
$SPLINETYPE
 70
     6
  9
$SPLINESEGS
 70
     8
  9
$HANDSEED
  5
3E2
  9
$SURFTAB1
 70
     6
  9
$SURFTAB2
 70
     6
  9
$SURFTYPE
 70
     6
  9
$SURFU
 70
     6
  9
$SURFV
 70
     6
  9
$UCSBASE
  2

  9
$UCSNAME
  2

  9
$UCSORG
 10
0.0
 20
0.0
 30
0.0
  9
$UCSXDIR
 10
1.0
 20
0.0
 30
0.0
  9
$UCSYDIR
 10
0.0
 20
1.0
 30
0.0
  9
$UCSORTHOREF
  2

  9
$UCSORTHOVIEW
 70
     0
  9
$UCSORGTOP
 10
0.0
 20
0.0
 30
0.0
  9
$UCSORGBOTTOM
 10
0.0
 20
0.0
 30
0.0
  9
$UCSORGLEFT
 10
0.0
 20
0.0
 30
0.0
  9
$UCSORGRIGHT
 10
0.0
 20
0.0
 30
0.0
  9
$UCSORGFRONT
 10
0.0
 20
0.0
 30
0.0
  9
$UCSORGBACK
 10
0.0
 20
0.0
 30
0.0
  9
$PUCSBASE
  2

  9
$PUCSNAME
  2

  9
$PUCSORG
 10
0.0
 20
0.0
 30
0.0
  9
$PUCSXDIR
 10
1.0
 20
0.0
 30
0.0
  9
$PUCSYDIR
 10
0.0
 20
1.0
 30
0.0
  9
$PUCSORTHOREF
  2

  9
$PUCSORTHOVIEW
 70
     0
  9
$PUCSORGTOP
 10
0.0
 20
0.0
 30
0.0
  9
$PUCSORGBOTTOM
 10
0.0
 20
0.0
 30
0.0
  9
$PUCSORGLEFT
 10
0.0
 20
0.0
 30
0.0
  9
$PUCSORGRIGHT
 10
0.0
 20
0.0
 30
0.0
  9
$PUCSORGFRONT
 10
0.0
 20
0.0
 30
0.0
  9
$PUCSORGBACK
 10
0.0
 20
0.0
 30
0.0
  9
$USERI1
 70
     0
  9
$USERI2
 70
     0
  9
$USERI3
 70
     0
  9
$USERI4
 70
     0
  9
$USERI5
 70
     0
  9
$USERR1
 40
0.0
  9
$USERR2
 40
0.0
  9
$USERR3
 40
0.0
  9
$USERR4
 40
0.0
  9
$USERR5
 40
0.0
  9
$WORLDVIEW
 70
     1
  9
$SHADEDGE
 70
     3
  9
$SHADEDIF
 70
    70
  9
$TILEMODE
 70
     1
  9
$MAXACTVP
 70
    64
  9
$PINSBASE
 10
0.0
 20
0.0
 30
0.0
  9
$PLIMCHECK
 70
     0
  9
$PEXTMIN
 10
1.000000000000000E+20
 20
1.000000000000000E+20
 30
1.000000000000000E+20
  9
$PEXTMAX
 10
-1.000000000000000E+20
 20
-1.000000000000000E+20
 30
-1.000000000000000E+20
  9
$PLIMMIN
 10
0.0
 20
0.0
  9
$PLIMMAX
 10
12.0
 20
9.0
  9
$UNITMODE
 70
     0
  9
$VISRETAIN
 70
     1
  9
$PLINEGEN
 70
     0
  9
$PSLTSCALE
 70
     1
  9
$TREEDEPTH
 70
  3020
  9
$CMLSTYLE
  2
Standard
  9
$CMLJUST
 70
     0
  9
$CMLSCALE
 40
1.0
  9
$PROXYGRAPHICS
 70
     1
  9
$MEASUREMENT
 70
     0
  9
$CELWEIGHT
370
    -1
  9
$ENDCAPS
280
     0
  9
$JOINSTYLE
280
     0
  9
$LWDISPLAY
290
     1
  9
$INSUNITS
 70
     4
  9
$HYPERLINKBASE
  1

  9
$STYLESHEET
  1

  9
$XEDIT
290
     1
  9
$CEPSNTYPE
380
     0
  9
$PSTYLEMODE
290
     1
  9
$FINGERPRINTGUID
  2
{1D510785-A9E0-ED4D-BA53-C7C218556F00}
  9
$VERSIONGUID
  2
{5BEEA182-807B-F449-BFDC-721A04CC9FA1}
  9
$EXTNAMES
290
     1
  9
$PSVPSCALE
 40
0.0
  9
$OLESTARTUP
290
     0
  9
$SORTENTS
280
   127
  9
$INDEXCTL
280
     0
  9
$HIDETEXT
280
     1
  9
$XCLIPFRAME
280
     2
  9
$HALOGAP
280
     0
  9
$OBSCOLOR
 70
   257
  9
$OBSLTYPE
280
     0
  9
$INTERSECTIONDISPLAY
280
     0
  9
$INTERSECTIONCOLOR
 70
   257
  9
$DIMASSOC
280
     2
  9
$PROJECTNAME
  1

  9
$CAMERADISPLAY
290
     0
  9
$LENSLENGTH
 40
50.0
  9
$CAMERAHEIGHT
 40
0.0
  9
$STEPSPERSEC
 40
2.0
  9
$STEPSIZE
 40
6.0
  9
$3DDWFPREC
 40
2.0
  9
$PSOLWIDTH
 40
0.25
  9
$PSOLHEIGHT
 40
4.0
  9
$LOFTANG1
 40
1.570796326794896
  9
$LOFTANG2
 40
1.570796326794896
  9
$LOFTMAG1
 40
0.0
  9
$LOFTMAG2
 40
0.0
  9
$LOFTPARAM
 70
     7
  9
$LOFTNORMALS
280
     1
  9
$LATITUDE
 40
37.795
  9
$LONGITUDE
 40
-122.394
  9
$NORTHDIRECTION
 40
0.0
  9
$TIMEZONE
 70
 -8000
  9
$LIGHTGLYPHDISPLAY
280
     1
  9
$TILEMODELIGHTSYNCH
280
     1
  9
$CMATERIAL
347
11
  9
$SOLIDHIST
280
     0
  9
$SHOWHIST
280
     1
  9
$DWFFRAME
280
     2
  9
$DGNFRAME
280
     0
  9
$REALWORLDSCALE
290
     1
  9
$INTERFERECOLOR
 62
     1
  9
$INTERFEREOBJVS
345
33
  9
$INTERFEREVPVS
346
30
  9
$CSHADOW
280
     0
  9
$SHADOWPLANELOCATION
 40
0.0
  0
ENDSEC
  0
SECTION
  2
CLASSES
  0
CLASS
  1
ACDBDICTIONARYWDFLT
  2
AcDbDictionaryWithDefault
  3
ObjectDBX Classes
 90
        0
 91
        1
280
     0
281
     0
  0
CLASS
  1
MATERIAL
  2
AcDbMaterial
  3
ObjectDBX Classes
 90
     1153
 91
        3
280
     0
281
     0
  0
CLASS
  1
VISUALSTYLE
  2
AcDbVisualStyle
  3
ObjectDBX Classes
 90
     4095
 91
       24
280
     0
281
     0
  0
CLASS
  1
SCALE
  2
AcDbScale
  3
ObjectDBX Classes
 90
     1153
 91
       17
280
     0
281
     0
  0
CLASS
  1
TABLESTYLE
  2
AcDbTableStyle
  3
ObjectDBX Classes
 90
     4095
 91
        1
280
     0
281
     0
  0
CLASS
  1
MLEADERSTYLE
  2
AcDbMLeaderStyle
  3
ACDB_MLEADERSTYLE_CLASS
 90
     4095
 91
        1
280
     0
281
     0
  0
CLASS
  1
ACDBSECTIONVIEWSTYLE
  2
AcDbSectionViewStyle
  3
ObjectDBX Classes
 90
     1025
 91
        1
280
     0
281
     0
  0
CLASS
  1
ACDBDETAILVIEWSTYLE
  2
AcDbDetailViewStyle
  3
ObjectDBX Classes
 90
     1025
 91
        1
280
     0
281
     0
  0
CLASS
  1
DICTIONARYVAR
  2
AcDbDictionaryVar
  3
ObjectDBX Classes
 90
        0
 91
        5
280
     0
281
     0
  0
CLASS
  1
CELLSTYLEMAP
  2
AcDbCellStyleMap
  3
ObjectDBX Classes
 90
     1152
 91
        1
280
     0
281
     0
  0
ENDSEC
  0
SECTION
  2
TABLES
  0
TABLE
  2
VPORT
  5
8
330
0
100
AcDbSymbolTable
 70
     1
  0
VPORT
  5
57
330
8
100
AcDbSymbolTableRecord
100
AcDbViewportTableRecord
  2
*Active
 70
     0
 10
0.0
 20
0.0
 11
1.0
 21
1.0
 12
0.0
 22
0.0
 13
0.0
 23
0.0
 14
1.0
 24
1.0
 15
0.0
 25
0.0
 16
0.0
 26
0.0
 36
1.0
 17
279.3328041629711
 27
203.6577711131068
 37
0.0
 40
1123.922281465051
 41
3.0969394366734
 42
50.0
 43
0.0
 44
0.0
 50
0.0
 51
0.0
 71
     0
 72
   100
 73
     1
 74
     1
 75
     0
 76
     0
 77
     0
 78
     0
281
     0
 65
     1
110
0.0
120
0.0
130
0.0
111
1.0
121
0.0
131
0.0
112
0.0
122
1.0
132
0.0
 79
     0
146
0.0
 60
     3
 61
     5
292
     1
282
     1
141
0.0
142
0.0
 63
   250
421
  3355443
  0
ENDTAB
  0
TABLE
  2
LTYPE
  5
5
330
0
100
AcDbSymbolTable
 70
    93
  0
LTYPE
  5
5B
330
5
100
AcDbSymbolTableRecord
100
AcDbLinetypeTableRecord
  2
ByBlock
 70
     0
  3

 72
    65
 73
     0
 40
0.0
  0
LTYPE
  5
5C
330
5
100
AcDbSymbolTableRecord
100
AcDbLinetypeTableRecord
  2
ByLayer
 70
     0
  3

 72
    65
 73
     0
 40
0.0
  0
LTYPE
  5
5D
330
5
100
AcDbSymbolTableRecord
100
AcDbLinetypeTableRecord
  2
Continuous
 70
     0
  3
Solid line
 72
    65
 73
     0
 40
0.0
  0
LTYPE
  5
93
330
5
100
AcDbSymbolTableRecord
100
AcDbLinetypeTableRecord
  2
AI-Linetype-0
 70
     0
  3
Adobe Illustrator Linetype No. 0
 72
    65
 73
     2
 40
1.781250033330652
 49
1.187500022220435
 74
     0
 49
-0.5937500111102177
 74
     0
  0
LTYPE
  5
B4
330
5
100
AcDbSymbolTableRecord
100
AcDbLinetypeTableRecord
  2
AI-Linetype-1
 70
     0
  3
Adobe Illustrator Linetype No. 1
 72
    65
 73
     2
 40
1.781250033330652
 49
1.187500022220435
 74
     0
 49
-0.5937500111102177
 74
     0
  0
LTYPE
  5
C2
330
5
100
AcDbSymbolTableRecord
100
AcDbLinetypeTableRecord
  2
AI-Linetype-2
 70
     0
  3
Adobe Illustrator Linetype No. 2
 72
    65
 73
     2
 40
1.781250033330652
 49
1.187500022220435
 74
     0
 49
-0.5937500111102177
 74
     0
  0
LTYPE
  5
C4
330
5
100
AcDbSymbolTableRecord
100
AcDbLinetypeTableRecord
  2
AI-Linetype-3
 70
     0
  3
Adobe Illustrator Linetype No. 3
 72
    65
 73
     2
 40
1.781250033330652
 49
1.187500022220435
 74
     0
 49
-0.5937500111102177
 74
     0
  0
LTYPE
  5
C6
330
5
100
AcDbSymbolTableRecord
100
AcDbLinetypeTableRecord
  2
AI-Linetype-4
 70
     0
  3
Adobe Illustrator Linetype No. 4
 72
    65
 73
     2
 40
1.781250033330652
 49
1.187500022220435
 74
     0
 49
-0.5937500111102177
 74
     0
  0
LTYPE
  5
C8
330
5
100
AcDbSymbolTableRecord
100
AcDbLinetypeTableRecord
  2
AI-Linetype-5
 70
     0
  3
Adobe Illustrator Linetype No. 5
 72
    65
 73
     2
 40
1.781250033330652
 49
1.187500022220435
 74
     0
 49
-0.5937500111102177
 74
     0
  0
LTYPE
  5
CA
330
5
100
AcDbSymbolTableRecord
100
AcDbLinetypeTableRecord
  2
AI-Linetype-6
 70
     0
  3
Adobe Illustrator Linetype No. 6
 72
    65
 73
     2
 40
1.781250033330652
 49
1.187500022220435
 74
     0
 49
-0.5937500111102177
 74
     0
  0
LTYPE
  5
CC
330
5
100
AcDbSymbolTableRecord
100
AcDbLinetypeTableRecord
  2
AI-Linetype-7
 70
     0
  3
Adobe Illustrator Linetype No. 7
 72
    65
 73
     2
 40
1.781250033330652
 49
1.187500022220435
 74
     0
 49
-0.5937500111102177
 74
     0
  0
LTYPE
  5
DA
330
5
100
AcDbSymbolTableRecord
100
AcDbLinetypeTableRecord
  2
AI-Linetype-8
 70
     0
  3
Adobe Illustrator Linetype No. 8
 72
    65
 73
     2
 40
1.781250033330652
 49
1.187500022220435
 74
     0
 49
-0.5937500111102177
 74
     0
  0
LTYPE
  5
DC
330
5
100
AcDbSymbolTableRecord
100
AcDbLinetypeTableRecord
  2
AI-Linetype-9
 70
     0
  3
Adobe Illustrator Linetype No. 9
 72
    65
 73
     2
 40
1.781250033330652
 49
1.187500022220435
 74
     0
 49
-0.5937500111102177
 74
     0
  0
LTYPE
  5
DE
330
5
100
AcDbSymbolTableRecord
100
AcDbLinetypeTableRecord
  2
AI-Linetype-10
 70
     0
  3
Adobe Illustrator Linetype No. 10
 72
    65
 73
     2
 40
1.781250033330652
 49
1.187500022220435
 74
     0
 49
-0.5937500111102177
 74
     0
  0
LTYPE
  5
E0
330
5
100
AcDbSymbolTableRecord
100
AcDbLinetypeTableRecord
  2
AI-Linetype-11
 70
     0
  3
Adobe Illustrator Linetype No. 11
 72
    65
 73
     2
 40
1.781250033330652
 49
1.187500022220435
 74
     0
 49
-0.5937500111102177
 74
     0
  0
LTYPE
  5
E2
330
5
100
AcDbSymbolTableRecord
100
AcDbLinetypeTableRecord
  2
AI-Linetype-12
 70
     0
  3
Adobe Illustrator Linetype No. 12
 72
    65
 73
     2
 40
1.781250033330652
 49
1.187500022220435
 74
     0
 49
-0.5937500111102177
 74
     0
  0
LTYPE
  5
E4
330
5
100
AcDbSymbolTableRecord
100
AcDbLinetypeTableRecord
  2
AI-Linetype-13
 70
     0
  3
Adobe Illustrator Linetype No. 13
 72
    65
 73
     2
 40
1.781250033330652
 49
1.187500022220435
 74
     0
 49
-0.5937500111102177
 74
     0
  0
LTYPE
  5
177
330
5
100
AcDbSymbolTableRecord
100
AcDbLinetypeTableRecord
  2
AI-Linetype-14
 70
     0
  3
Adobe Illustrator Linetype No. 14
 72
    65
 73
     2
 40
1.781250033330652
 49
1.187500022220435
 74
     0
 49
-0.5937500111102177
 74
     0
  0
LTYPE
  5
179
330
5
100
AcDbSymbolTableRecord
100
AcDbLinetypeTableRecord
  2
AI-Linetype-15
 70
     0
  3
Adobe Illustrator Linetype No. 15
 72
    65
 73
     2
 40
1.781250033330652
 49
1.187500022220435
 74
     0
 49
-0.5937500111102177
 74
     0
  0
LTYPE
  5
17B
330
5
100
AcDbSymbolTableRecord
100
AcDbLinetypeTableRecord
  2
AI-Linetype-16
 70
     0
  3
Adobe Illustrator Linetype No. 16
 72
    65
 73
     2
 40
1.781250033330652
 49
1.187500022220435
 74
     0
 49
-0.5937500111102177
 74
     0
  0
LTYPE
  5
17D
330
5
100
AcDbSymbolTableRecord
100
AcDbLinetypeTableRecord
  2
AI-Linetype-17
 70
     0
  3
Adobe Illustrator Linetype No. 17
 72
    65
 73
     2
 40
1.781250033330652
 49
1.187500022220435
 74
     0
 49
-0.5937500111102177
 74
     0
  0
LTYPE
  5
17F
330
5
100
AcDbSymbolTableRecord
100
AcDbLinetypeTableRecord
  2
AI-Linetype-18
 70
     0
  3
Adobe Illustrator Linetype No. 18
 72
    65
 73
     2
 40
1.781250033330652
 49
1.187500022220435
 74
     0
 49
-0.5937500111102177
 74
     0
  0
LTYPE
  5
181
330
5
100
AcDbSymbolTableRecord
100
AcDbLinetypeTableRecord
  2
AI-Linetype-19
 70
     0
  3
Adobe Illustrator Linetype No. 19
 72
    65
 73
     2
 40
1.781250033330652
 49
1.187500022220435
 74
     0
 49
-0.5937500111102177
 74
     0
  0
LTYPE
  5
183
330
5
100
AcDbSymbolTableRecord
100
AcDbLinetypeTableRecord
  2
AI-Linetype-20
 70
     0
  3
Adobe Illustrator Linetype No. 20
 72
    65
 73
     2
 40
1.781250033330652
 49
1.187500022220435
 74
     0
 49
-0.5937500111102177
 74
     0
  0
LTYPE
  5
185
330
5
100
AcDbSymbolTableRecord
100
AcDbLinetypeTableRecord
  2
AI-Linetype-21
 70
     0
  3
Adobe Illustrator Linetype No. 21
 72
    65
 73
     2
 40
1.781250033330652
 49
1.187500022220435
 74
     0
 49
-0.5937500111102177
 74
     0
  0
LTYPE
  5
187
330
5
100
AcDbSymbolTableRecord
100
AcDbLinetypeTableRecord
  2
AI-Linetype-22
 70
     0
  3
Adobe Illustrator Linetype No. 22
 72
    65
 73
     2
 40
1.781250033330652
 49
1.187500022220435
 74
     0
 49
-0.5937500111102177
 74
     0
  0
LTYPE
  5
189
330
5
100
AcDbSymbolTableRecord
100
AcDbLinetypeTableRecord
  2
AI-Linetype-23
 70
     0
  3
Adobe Illustrator Linetype No. 23
 72
    65
 73
     2
 40
1.781250033330652
 49
1.187500022220435
 74
     0
 49
-0.5937500111102177
 74
     0
  0
LTYPE
  5
18B
330
5
100
AcDbSymbolTableRecord
100
AcDbLinetypeTableRecord
  2
AI-Linetype-24
 70
     0
  3
Adobe Illustrator Linetype No. 24
 72
    65
 73
     2
 40
1.781250033330652
 49
1.187500022220435
 74
     0
 49
-0.5937500111102177
 74
     0
  0
LTYPE
  5
18D
330
5
100
AcDbSymbolTableRecord
100
AcDbLinetypeTableRecord
  2
AI-Linetype-25
 70
     0
  3
Adobe Illustrator Linetype No. 25
 72
    65
 73
     2
 40
1.781250033330652
 49
1.187500022220435
 74
     0
 49
-0.5937500111102177
 74
     0
  0
LTYPE
  5
18F
330
5
100
AcDbSymbolTableRecord
100
AcDbLinetypeTableRecord
  2
AI-Linetype-26
 70
     0
  3
Adobe Illustrator Linetype No. 26
 72
    65
 73
     2
 40
1.781250033330652
 49
1.187500022220435
 74
     0
 49
-0.5937500111102177
 74
     0
  0
LTYPE
  5
191
330
5
100
AcDbSymbolTableRecord
100
AcDbLinetypeTableRecord
  2
AI-Linetype-27
 70
     0
  3
Adobe Illustrator Linetype No. 27
 72
    65
 73
     2
 40
1.781250033330652
 49
1.187500022220435
 74
     0
 49
-0.5937500111102177
 74
     0
  0
LTYPE
  5
193
330
5
100
AcDbSymbolTableRecord
100
AcDbLinetypeTableRecord
  2
AI-Linetype-28
 70
     0
  3
Adobe Illustrator Linetype No. 28
 72
    65
 73
     2
 40
1.781250033330652
 49
1.187500022220435
 74
     0
 49
-0.5937500111102177
 74
     0
  0
LTYPE
  5
195
330
5
100
AcDbSymbolTableRecord
100
AcDbLinetypeTableRecord
  2
AI-Linetype-29
 70
     0
  3
Adobe Illustrator Linetype No. 29
 72
    65
 73
     2
 40
1.781250033330652
 49
1.187500022220435
 74
     0
 49
-0.5937500111102177
 74
     0
  0
LTYPE
  5
19F
330
5
100
AcDbSymbolTableRecord
100
AcDbLinetypeTableRecord
  2
AI-Linetype-30
 70
     0
  3
Adobe Illustrator Linetype No. 30
 72
    65
 73
     2
 40
1.781250033330652
 49
1.187500022220435
 74
     0
 49
-0.5937500111102177
 74
     0
  0
LTYPE
  5
1A1
330
5
100
AcDbSymbolTableRecord
100
AcDbLinetypeTableRecord
  2
AI-Linetype-31
 70
     0
  3
Adobe Illustrator Linetype No. 31
 72
    65
 73
     2
 40
1.781250033330652
 49
1.187500022220435
 74
     0
 49
-0.5937500111102177
 74
     0
  0
LTYPE
  5
1A3
330
5
100
AcDbSymbolTableRecord
100
AcDbLinetypeTableRecord
  2
AI-Linetype-32
 70
     0
  3
Adobe Illustrator Linetype No. 32
 72
    65
 73
     2
 40
1.781250033330652
 49
1.187500022220435
 74
     0
 49
-0.5937500111102177
 74
     0
  0
LTYPE
  5
1A5
330
5
100
AcDbSymbolTableRecord
100
AcDbLinetypeTableRecord
  2
AI-Linetype-33
 70
     0
  3
Adobe Illustrator Linetype No. 33
 72
    65
 73
     2
 40
1.781250033330652
 49
1.187500022220435
 74
     0
 49
-0.5937500111102177
 74
     0
  0
LTYPE
  5
1A7
330
5
100
AcDbSymbolTableRecord
100
AcDbLinetypeTableRecord
  2
AI-Linetype-34
 70
     0
  3
Adobe Illustrator Linetype No. 34
 72
    65
 73
     2
 40
1.781250033330652
 49
1.187500022220435
 74
     0
 49
-0.5937500111102177
 74
     0
  0
LTYPE
  5
1A9
330
5
100
AcDbSymbolTableRecord
100
AcDbLinetypeTableRecord
  2
AI-Linetype-35
 70
     0
  3
Adobe Illustrator Linetype No. 35
 72
    65
 73
     2
 40
1.781250033330652
 49
1.187500022220435
 74
     0
 49
-0.5937500111102177
 74
     0
  0
LTYPE
  5
1AB
330
5
100
AcDbSymbolTableRecord
100
AcDbLinetypeTableRecord
  2
AI-Linetype-36
 70
     0
  3
Adobe Illustrator Linetype No. 36
 72
    65
 73
     2
 40
1.781250033330652
 49
1.187500022220435
 74
     0
 49
-0.5937500111102177
 74
     0
  0
LTYPE
  5
1AD
330
5
100
AcDbSymbolTableRecord
100
AcDbLinetypeTableRecord
  2
AI-Linetype-37
 70
     0
  3
Adobe Illustrator Linetype No. 37
 72
    65
 73
     2
 40
1.781250033330652
 49
1.187500022220435
 74
     0
 49
-0.5937500111102177
 74
     0
  0
LTYPE
  5
1AF
330
5
100
AcDbSymbolTableRecord
100
AcDbLinetypeTableRecord
  2
AI-Linetype-38
 70
     0
  3
Adobe Illustrator Linetype No. 38
 72
    65
 73
     2
 40
1.781250033330652
 49
1.187500022220435
 74
     0
 49
-0.5937500111102177
 74
     0
  0
LTYPE
  5
1B1
330
5
100
AcDbSymbolTableRecord
100
AcDbLinetypeTableRecord
  2
AI-Linetype-39
 70
     0
  3
Adobe Illustrator Linetype No. 39
 72
    65
 73
     2
 40
1.781250033330652
 49
1.187500022220435
 74
     0
 49
-0.5937500111102177
 74
     0
  0
LTYPE
  5
1B3
330
5
100
AcDbSymbolTableRecord
100
AcDbLinetypeTableRecord
  2
AI-Linetype-40
 70
     0
  3
Adobe Illustrator Linetype No. 40
 72
    65
 73
     2
 40
1.781250033330652
 49
1.187500022220435
 74
     0
 49
-0.5937500111102177
 74
     0
  0
LTYPE
  5
1B5
330
5
100
AcDbSymbolTableRecord
100
AcDbLinetypeTableRecord
  2
AI-Linetype-41
 70
     0
  3
Adobe Illustrator Linetype No. 41
 72
    65
 73
     2
 40
1.781250033330652
 49
1.187500022220435
 74
     0
 49
-0.5937500111102177
 74
     0
  0
LTYPE
  5
1B7
330
5
100
AcDbSymbolTableRecord
100
AcDbLinetypeTableRecord
  2
AI-Linetype-42
 70
     0
  3
Adobe Illustrator Linetype No. 42
 72
    65
 73
     2
 40
1.781250033330652
 49
1.187500022220435
 74
     0
 49
-0.5937500111102177
 74
     0
  0
LTYPE
  5
1B9
330
5
100
AcDbSymbolTableRecord
100
AcDbLinetypeTableRecord
  2
AI-Linetype-43
 70
     0
  3
Adobe Illustrator Linetype No. 43
 72
    65
 73
     2
 40
1.781250033330652
 49
1.187500022220435
 74
     0
 49
-0.5937500111102177
 74
     0
  0
LTYPE
  5
1BB
330
5
100
AcDbSymbolTableRecord
100
AcDbLinetypeTableRecord
  2
AI-Linetype-44
 70
     0
  3
Adobe Illustrator Linetype No. 44
 72
    65
 73
     2
 40
1.781250033330652
 49
1.187500022220435
 74
     0
 49
-0.5937500111102177
 74
     0
  0
LTYPE
  5
1BD
330
5
100
AcDbSymbolTableRecord
100
AcDbLinetypeTableRecord
  2
AI-Linetype-45
 70
     0
  3
Adobe Illustrator Linetype No. 45
 72
    65
 73
     2
 40
1.781250033330652
 49
1.187500022220435
 74
     0
 49
-0.5937500111102177
 74
     0
  0
LTYPE
  5
1E9
330
5
100
AcDbSymbolTableRecord
100
AcDbLinetypeTableRecord
  2
AI-Linetype-46
 70
     0
  3
Adobe Illustrator Linetype No. 46
 72
    65
 73
     2
 40
17.81250083795919
 49
11.87500055863946
 74
     0
 49
-5.937500279319729
 74
     0
  0
LTYPE
  5
1EB
330
5
100
AcDbSymbolTableRecord
100
AcDbLinetypeTableRecord
  2
AI-Linetype-47
 70
     0
  3
Adobe Illustrator Linetype No. 47
 72
    65
 73
     2
 40
17.81250083795919
 49
11.87500055863946
 74
     0
 49
-5.937500279319729
 74
     0
  0
LTYPE
  5
1F7
330
5
100
AcDbSymbolTableRecord
100
AcDbLinetypeTableRecord
  2
AI-Linetype-48
 70
     0
  3
Adobe Illustrator Linetype No. 48
 72
    65
 73
     2
 40
17.81250083795919
 49
11.87500055863946
 74
     0
 49
-5.937500279319729
 74
     0
  0
LTYPE
  5
1F9
330
5
100
AcDbSymbolTableRecord
100
AcDbLinetypeTableRecord
  2
AI-Linetype-49
 70
     0
  3
Adobe Illustrator Linetype No. 49
 72
    65
 73
     2
 40
17.81250083795919
 49
11.87500055863946
 74
     0
 49
-5.937500279319729
 74
     0
  0
LTYPE
  5
1FB
330
5
100
AcDbSymbolTableRecord
100
AcDbLinetypeTableRecord
  2
AI-Linetype-50
 70
     0
  3
Adobe Illustrator Linetype No. 50
 72
    65
 73
     2
 40
17.81250083795919
 49
11.87500055863946
 74
     0
 49
-5.937500279319729
 74
     0
  0
LTYPE
  5
1FD
330
5
100
AcDbSymbolTableRecord
100
AcDbLinetypeTableRecord
  2
AI-Linetype-51
 70
     0
  3
Adobe Illustrator Linetype No. 51
 72
    65
 73
     2
 40
17.81250083795919
 49
11.87500055863946
 74
     0
 49
-5.937500279319729
 74
     0
  0
LTYPE
  5
1FF
330
5
100
AcDbSymbolTableRecord
100
AcDbLinetypeTableRecord
  2
AI-Linetype-52
 70
     0
  3
Adobe Illustrator Linetype No. 52
 72
    65
 73
     2
 40
17.81250083795919
 49
11.87500055863946
 74
     0
 49
-5.937500279319729
 74
     0
  0
LTYPE
  5
201
330
5
100
AcDbSymbolTableRecord
100
AcDbLinetypeTableRecord
  2
AI-Linetype-53
 70
     0
  3
Adobe Illustrator Linetype No. 53
 72
    65
 73
     2
 40
17.81250083795919
 49
11.87500055863946
 74
     0
 49
-5.937500279319729
 74
     0
  0
LTYPE
  5
203
330
5
100
AcDbSymbolTableRecord
100
AcDbLinetypeTableRecord
  2
AI-Linetype-54
 70
     0
  3
Adobe Illustrator Linetype No. 54
 72
    65
 73
     2
 40
17.81250083795919
 49
11.87500055863946
 74
     0
 49
-5.937500279319729
 74
     0
  0
LTYPE
  5
205
330
5
100
AcDbSymbolTableRecord
100
AcDbLinetypeTableRecord
  2
AI-Linetype-55
 70
     0
  3
Adobe Illustrator Linetype No. 55
 72
    65
 73
     2
 40
17.81250083795919
 49
11.87500055863946
 74
     0
 49
-5.937500279319729
 74
     0
  0
LTYPE
  5
207
330
5
100
AcDbSymbolTableRecord
100
AcDbLinetypeTableRecord
  2
AI-Linetype-56
 70
     0
  3
Adobe Illustrator Linetype No. 56
 72
    65
 73
     2
 40
17.81250083795919
 49
11.87500055863946
 74
     0
 49
-5.937500279319729
 74
     0
  0
LTYPE
  5
231
330
5
100
AcDbSymbolTableRecord
100
AcDbLinetypeTableRecord
  2
AI-Linetype-57
 70
     0
  3
Adobe Illustrator Linetype No. 57
 72
    65
 73
     2
 40
356.2499925358561
 49
237.4999950239041
 74
     0
 49
-118.749997511952
 74
     0
  0
LTYPE
  5
235
330
5
100
AcDbSymbolTableRecord
100
AcDbLinetypeTableRecord
  2
AI-Linetype-58
 70
     0
  3
Adobe Illustrator Linetype No. 58
 72
    65
 73
     2
 40
356.2499925358561
 49
237.4999950239041
 74
     0
 49
-118.749997511952
 74
     0
  0
LTYPE
  5
24A
330
5
100
AcDbSymbolTableRecord
100
AcDbLinetypeTableRecord
  2
AI-Linetype-59
 70
     0
  3
Adobe Illustrator Linetype No. 59
 72
    65
 73
     2
 40
17.81250083795919
 49
11.87500055863946
 74
     0
 49
-5.937500279319729
 74
     0
  0
LTYPE
  5
24C
330
5
100
AcDbSymbolTableRecord
100
AcDbLinetypeTableRecord
  2
AI-Linetype-60
 70
     0
  3
Adobe Illustrator Linetype No. 60
 72
    65
 73
     2
 40
17.81250083795919
 49
11.87500055863946
 74
     0
 49
-5.937500279319729
 74
     0
  0
LTYPE
  5
258
330
5
100
AcDbSymbolTableRecord
100
AcDbLinetypeTableRecord
  2
AI-Linetype-61
 70
     0
  3
Adobe Illustrator Linetype No. 61
 72
    65
 73
     2
 40
17.81250083795919
 49
11.87500055863946
 74
     0
 49
-5.937500279319729
 74
     0
  0
LTYPE
  5
25A
330
5
100
AcDbSymbolTableRecord
100
AcDbLinetypeTableRecord
  2
AI-Linetype-62
 70
     0
  3
Adobe Illustrator Linetype No. 62
 72
    65
 73
     2
 40
17.81250083795919
 49
11.87500055863946
 74
     0
 49
-5.937500279319729
 74
     0
  0
LTYPE
  5
25C
330
5
100
AcDbSymbolTableRecord
100
AcDbLinetypeTableRecord
  2
AI-Linetype-63
 70
     0
  3
Adobe Illustrator Linetype No. 63
 72
    65
 73
     2
 40
17.81250083795919
 49
11.87500055863946
 74
     0
 49
-5.937500279319729
 74
     0
  0
LTYPE
  5
25E
330
5
100
AcDbSymbolTableRecord
100
AcDbLinetypeTableRecord
  2
AI-Linetype-64
 70
     0
  3
Adobe Illustrator Linetype No. 64
 72
    65
 73
     2
 40
17.81250083795919
 49
11.87500055863946
 74
     0
 49
-5.937500279319729
 74
     0
  0
LTYPE
  5
260
330
5
100
AcDbSymbolTableRecord
100
AcDbLinetypeTableRecord
  2
AI-Linetype-65
 70
     0
  3
Adobe Illustrator Linetype No. 65
 72
    65
 73
     2
 40
17.81250083795919
 49
11.87500055863946
 74
     0
 49
-5.937500279319729
 74
     0
  0
LTYPE
  5
262
330
5
100
AcDbSymbolTableRecord
100
AcDbLinetypeTableRecord
  2
AI-Linetype-66
 70
     0
  3
Adobe Illustrator Linetype No. 66
 72
    65
 73
     2
 40
17.81250083795919
 49
11.87500055863946
 74
     0
 49
-5.937500279319729
 74
     0
  0
LTYPE
  5
264
330
5
100
AcDbSymbolTableRecord
100
AcDbLinetypeTableRecord
  2
AI-Linetype-67
 70
     0
  3
Adobe Illustrator Linetype No. 67
 72
    65
 73
     2
 40
17.81250083795919
 49
11.87500055863946
 74
     0
 49
-5.937500279319729
 74
     0
  0
LTYPE
  5
266
330
5
100
AcDbSymbolTableRecord
100
AcDbLinetypeTableRecord
  2
AI-Linetype-68
 70
     0
  3
Adobe Illustrator Linetype No. 68
 72
    65
 73
     2
 40
17.81250083795919
 49
11.87500055863946
 74
     0
 49
-5.937500279319729
 74
     0
  0
LTYPE
  5
268
330
5
100
AcDbSymbolTableRecord
100
AcDbLinetypeTableRecord
  2
AI-Linetype-69
 70
     0
  3
Adobe Illustrator Linetype No. 69
 72
    65
 73
     2
 40
17.81250083795919
 49
11.87500055863946
 74
     0
 49
-5.937500279319729
 74
     0
  0
LTYPE
  5
285
330
5
100
AcDbSymbolTableRecord
100
AcDbLinetypeTableRecord
  2
AI-Linetype-70
 70
     0
  3
Adobe Illustrator Linetype No. 70
 72
    65
 73
     2
 40
17.81250083795919
 49
11.87500055863946
 74
     0
 49
-5.937500279319729
 74
     0
  0
LTYPE
  5
287
330
5
100
AcDbSymbolTableRecord
100
AcDbLinetypeTableRecord
  2
AI-Linetype-71
 70
     0
  3
Adobe Illustrator Linetype No. 71
 72
    65
 73
     2
 40
17.81250083795919
 49
11.87500055863946
 74
     0
 49
-5.937500279319729
 74
     0
  0
LTYPE
  5
293
330
5
100
AcDbSymbolTableRecord
100
AcDbLinetypeTableRecord
  2
AI-Linetype-72
 70
     0
  3
Adobe Illustrator Linetype No. 72
 72
    65
 73
     2
 40
17.81250083795919
 49
11.87500055863946
 74
     0
 49
-5.937500279319729
 74
     0
  0
LTYPE
  5
295
330
5
100
AcDbSymbolTableRecord
100
AcDbLinetypeTableRecord
  2
AI-Linetype-73
 70
     0
  3
Adobe Illustrator Linetype No. 73
 72
    65
 73
     2
 40
17.81250083795919
 49
11.87500055863946
 74
     0
 49
-5.937500279319729
 74
     0
  0
LTYPE
  5
297
330
5
100
AcDbSymbolTableRecord
100
AcDbLinetypeTableRecord
  2
AI-Linetype-74
 70
     0
  3
Adobe Illustrator Linetype No. 74
 72
    65
 73
     2
 40
17.81250083795919
 49
11.87500055863946
 74
     0
 49
-5.937500279319729
 74
     0
  0
LTYPE
  5
299
330
5
100
AcDbSymbolTableRecord
100
AcDbLinetypeTableRecord
  2
AI-Linetype-75
 70
     0
  3
Adobe Illustrator Linetype No. 75
 72
    65
 73
     2
 40
17.81250083795919
 49
11.87500055863946
 74
     0
 49
-5.937500279319729
 74
     0
  0
LTYPE
  5
29B
330
5
100
AcDbSymbolTableRecord
100
AcDbLinetypeTableRecord
  2
AI-Linetype-76
 70
     0
  3
Adobe Illustrator Linetype No. 76
 72
    65
 73
     2
 40
17.81250083795919
 49
11.87500055863946
 74
     0
 49
-5.937500279319729
 74
     0
  0
LTYPE
  5
29D
330
5
100
AcDbSymbolTableRecord
100
AcDbLinetypeTableRecord
  2
AI-Linetype-77
 70
     0
  3
Adobe Illustrator Linetype No. 77
 72
    65
 73
     2
 40
17.81250083795919
 49
11.87500055863946
 74
     0
 49
-5.937500279319729
 74
     0
  0
LTYPE
  5
29F
330
5
100
AcDbSymbolTableRecord
100
AcDbLinetypeTableRecord
  2
AI-Linetype-78
 70
     0
  3
Adobe Illustrator Linetype No. 78
 72
    65
 73
     2
 40
17.81250083795919
 49
11.87500055863946
 74
     0
 49
-5.937500279319729
 74
     0
  0
LTYPE
  5
2A1
330
5
100
AcDbSymbolTableRecord
100
AcDbLinetypeTableRecord
  2
AI-Linetype-79
 70
     0
  3
Adobe Illustrator Linetype No. 79
 72
    65
 73
     2
 40
17.81250083795919
 49
11.87500055863946
 74
     0
 49
-5.937500279319729
 74
     0
  0
LTYPE
  5
2A3
330
5
100
AcDbSymbolTableRecord
100
AcDbLinetypeTableRecord
  2
AI-Linetype-80
 70
     0
  3
Adobe Illustrator Linetype No. 80
 72
    65
 73
     2
 40
17.81250083795919
 49
11.87500055863946
 74
     0
 49
-5.937500279319729
 74
     0
  0
LTYPE
  5
2BA
330
5
100
AcDbSymbolTableRecord
100
AcDbLinetypeTableRecord
  2
AI-Linetype-81
 70
     0
  3
Adobe Illustrator Linetype No. 81
 72
    65
 73
     2
 40
17.81250083795919
 49
11.87500055863946
 74
     0
 49
-5.937500279319729
 74
     0
  0
LTYPE
  5
2BC
330
5
100
AcDbSymbolTableRecord
100
AcDbLinetypeTableRecord
  2
AI-Linetype-82
 70
     0
  3
Adobe Illustrator Linetype No. 82
 72
    65
 73
     2
 40
17.81250083795919
 49
11.87500055863946
 74
     0
 49
-5.937500279319729
 74
     0
  0
LTYPE
  5
2C8
330
5
100
AcDbSymbolTableRecord
100
AcDbLinetypeTableRecord
  2
AI-Linetype-83
 70
     0
  3
Adobe Illustrator Linetype No. 83
 72
    65
 73
     2
 40
17.81250083795919
 49
11.87500055863946
 74
     0
 49
-5.937500279319729
 74
     0
  0
LTYPE
  5
2CA
330
5
100
AcDbSymbolTableRecord
100
AcDbLinetypeTableRecord
  2
AI-Linetype-84
 70
     0
  3
Adobe Illustrator Linetype No. 84
 72
    65
 73
     2
 40
17.81250083795919
 49
11.87500055863946
 74
     0
 49
-5.937500279319729
 74
     0
  0
LTYPE
  5
2CC
330
5
100
AcDbSymbolTableRecord
100
AcDbLinetypeTableRecord
  2
AI-Linetype-85
 70
     0
  3
Adobe Illustrator Linetype No. 85
 72
    65
 73
     2
 40
17.81250083795919
 49
11.87500055863946
 74
     0
 49
-5.937500279319729
 74
     0
  0
LTYPE
  5
2CE
330
5
100
AcDbSymbolTableRecord
100
AcDbLinetypeTableRecord
  2
AI-Linetype-86
 70
     0
  3
Adobe Illustrator Linetype No. 86
 72
    65
 73
     2
 40
17.81250083795919
 49
11.87500055863946
 74
     0
 49
-5.937500279319729
 74
     0
  0
LTYPE
  5
2D0
330
5
100
AcDbSymbolTableRecord
100
AcDbLinetypeTableRecord
  2
AI-Linetype-87
 70
     0
  3
Adobe Illustrator Linetype No. 87
 72
    65
 73
     2
 40
17.81250083795919
 49
11.87500055863946
 74
     0
 49
-5.937500279319729
 74
     0
  0
LTYPE
  5
2D2
330
5
100
AcDbSymbolTableRecord
100
AcDbLinetypeTableRecord
  2
AI-Linetype-88
 70
     0
  3
Adobe Illustrator Linetype No. 88
 72
    65
 73
     2
 40
17.81250083795919
 49
11.87500055863946
 74
     0
 49
-5.937500279319729
 74
     0
  0
LTYPE
  5
2D4
330
5
100
AcDbSymbolTableRecord
100
AcDbLinetypeTableRecord
  2
AI-Linetype-89
 70
     0
  3
Adobe Illustrator Linetype No. 89
 72
    65
 73
     2
 40
17.81250083795919
 49
11.87500055863946
 74
     0
 49
-5.937500279319729
 74
     0
  0
LTYPE
  5
2D6
330
5
100
AcDbSymbolTableRecord
100
AcDbLinetypeTableRecord
  2
AI-Linetype-90
 70
     0
  3
Adobe Illustrator Linetype No. 90
 72
    65
 73
     2
 40
17.81250083795919
 49
11.87500055863946
 74
     0
 49
-5.937500279319729
 74
     0
  0
LTYPE
  5
2D8
330
5
100
AcDbSymbolTableRecord
100
AcDbLinetypeTableRecord
  2
AI-Linetype-91
 70
     0
  3
Adobe Illustrator Linetype No. 91
 72
    65
 73
     2
 40
17.81250083795919
 49
11.87500055863946
 74
     0
 49
-5.937500279319729
 74
     0
  0
ENDTAB
  0
TABLE
  2
LAYER
  5
2
330
0
100
AcDbSymbolTable
 70
     3
  0
LAYER
  5
54
330
2
100
AcDbSymbolTableRecord
100
AcDbLayerTableRecord
  2
0
 70
     0
 62
     7
  6
Continuous
370
     0
390
F
347
21
348
0
  0
LAYER
  5
387
330
2
100
AcDbSymbolTableRecord
100
AcDbLayerTableRecord
  2
PDF15_Geometry
 70
     0
 62
     7
  6
Continuous
370
     0
390
F
347
21
348
0
  0
LAYER
  5
3CC
330
2
100
AcDbSymbolTableRecord
100
AcDbLayerTableRecord
  2
015
 70
     0
 62
     7
  6
Continuous
370
     0
390
F
347
21
348
0
  0
ENDTAB
  0
TABLE
  2
STYLE
  5
3
330
0
100
AcDbSymbolTable
 70
     2
  0
STYLE
  5
55
330
3
100
AcDbSymbolTableRecord
100
AcDbTextStyleTableRecord
  2
Standard
 70
     0
 40
0.0
 41
1.0
 50
0.0
 71
     0
 42
0.2
  3
txt
  4

  0
STYLE
  5
5A
330
3
100
AcDbSymbolTableRecord
100
AcDbTextStyleTableRecord
  2
Annotative
 70
     0
 40
0.0
 41
1.0
 50
0.0
 71
     0
 42
0.2
  3
txt
  4

1001
AcadAnnotative
1000
AnnotativeData
1002
{
1070
     1
1070
     1
1002
}
  0
ENDTAB
  0
TABLE
  2
VIEW
  5
6
330
0
100
AcDbSymbolTable
 70
     0
  0
ENDTAB
  0
TABLE
  2
UCS
  5
7
330
0
100
AcDbSymbolTable
 70
     0
  0
ENDTAB
  0
TABLE
  2
APPID
  5
9
330
0
100
AcDbSymbolTable
 70
     2
  0
APPID
  5
56
330
9
100
AcDbSymbolTableRecord
100
AcDbRegAppTableRecord
  2
ACAD
 70
     0
  0
APPID
  5
5E
330
9
100
AcDbSymbolTableRecord
100
AcDbRegAppTableRecord
  2
AcadAnnotative
 70
     0
  0
ENDTAB
  0
TABLE
  2
DIMSTYLE
  5
A
330
0
100
AcDbSymbolTable
 70
     2
100
AcDbDimStyleTable
 71
     0
  0
DIMSTYLE
105
58
330
A
100
AcDbSymbolTableRecord
100
AcDbDimStyleTableRecord
  2
Standard
 70
     0
340
55
  0
DIMSTYLE
105
59
330
A
100
AcDbSymbolTableRecord
100
AcDbDimStyleTableRecord
  2
Annotative
 70
     0
340
55
1001
AcadAnnotative
1000
AnnotativeData
1002
{
1070
     1
1070
     1
1002
}
  0
ENDTAB
  0
TABLE
  2
BLOCK_RECORD
  5
1
330
0
100
AcDbSymbolTable
 70
    10
  0
BLOCK_RECORD
  5
70
330
1
100
AcDbSymbolTableRecord
100
AcDbBlockTableRecord
  2
*Model_Space
340
73
 70
     0
280
     1
281
     0
  0
BLOCK_RECORD
  5
6C
330
1
100
AcDbSymbolTableRecord
100
AcDbBlockTableRecord
  2
*Paper_Space
340
6F
 70
     0
280
     1
281
     0
  0
BLOCK_RECORD
  5
74
330
1
100
AcDbSymbolTableRecord
100
AcDbBlockTableRecord
  2
*Paper_Space0
340
77
 70
     0
280
     1
281
     0
  0
BLOCK_RECORD
  5
96
330
1
100
AcDbSymbolTableRecord
100
AcDbBlockTableRecord
  2
Block_0
340
0
102
{BLKREFS
331
97
102
}
 70
     0
280
     1
281
     0
  0
BLOCK_RECORD
  5
9C
330
1
100
AcDbSymbolTableRecord
100
AcDbBlockTableRecord
  2
Block_1
340
0
102
{BLKREFS
331
9D
102
}
 70
     0
280
     1
281
     0
  0
BLOCK_RECORD
  5
A4
330
1
100
AcDbSymbolTableRecord
100
AcDbBlockTableRecord
  2
Block_2
340
0
102
{BLKREFS
331
A5
102
}
 70
     0
280
     1
281
     0
  0
BLOCK_RECORD
  5
B6
330
1
100
AcDbSymbolTableRecord
100
AcDbBlockTableRecord
  2
Block_3
340
0
102
{BLKREFS
331
B7
102
}
 70
     0
280
     1
281
     0
  0
BLOCK_RECORD
  5
F3
330
1
100
AcDbSymbolTableRecord
100
AcDbBlockTableRecord
  2
Block_4
340
0
102
{BLKREFS
331
F4
102
}
 70
     0
280
     1
281
     0
  0
BLOCK_RECORD
  5
161
330
1
100
AcDbSymbolTableRecord
100
AcDbBlockTableRecord
  2
Block_5
340
0
102
{BLKREFS
331
162
102
}
 70
     0
280
     1
281
     0
  0
BLOCK_RECORD
  5
21F
330
1
100
AcDbSymbolTableRecord
100
AcDbBlockTableRecord
  2
Block_6
340
0
102
{BLKREFS
331
220
102
}
 70
     0
280
     1
281
     0
  0
BLOCK_RECORD
  5
2EE
330
1
100
AcDbSymbolTableRecord
100
AcDbBlockTableRecord
  2
Block_7
340
0
102
{BLKREFS
331
2EF
102
}
 70
     0
280
     1
281
     0
  0
BLOCK_RECORD
  5
300
330
1
100
AcDbSymbolTableRecord
100
AcDbBlockTableRecord
  2
Block_8
340
0
102
{BLKREFS
331
301
102
}
 70
     0
280
     1
281
     0
  0
ENDTAB
  0
ENDSEC
  0
SECTION
  2
BLOCKS
  0
BLOCK
  5
71
330
70
100
AcDbEntity
  8
0
100
AcDbBlockBegin
  2
*Model_Space
 70
     0
 10
0.0
 20
0.0
 30
0.0
  3
*Model_Space
  1

  0
ENDBLK
  5
72
330
70
100
AcDbEntity
  8
0
100
AcDbBlockEnd
  0
BLOCK
  5
6D
330
6C
100
AcDbEntity
 67
     1
  8
0
100
AcDbBlockBegin
  2
*Paper_Space
 70
     0
 10
0.0
 20
0.0
 30
0.0
  3
*Paper_Space
  1

  0
ENDBLK
  5
6E
330
6C
100
AcDbEntity
 67
     1
  8
0
100
AcDbBlockEnd
  0
BLOCK
  5
75
330
74
100
AcDbEntity
 67
     1
  8
0
100
AcDbBlockBegin
  2
*Paper_Space0
 70
     0
 10
0.0
 20
0.0
 30
0.0
  3
*Paper_Space0
  1

  0
ENDBLK
  5
76
330
74
100
AcDbEntity
 67
     1
  8
0
100
AcDbBlockEnd
  0
BLOCK
  5
98
330
96
100
AcDbEntity
  8
0
100
AcDbBlockBegin
  2
Block_0
 70
     0
 10
0.0
 20
0.0
 30
0.0
  3
Block_0
  1

  0
MTEXT
  5
9A
330
96
100
AcDbEntity
  8
0
100
AcDbMText
 10
-202.7510609437784
 20
645.3662060289795
 30
0.0
 40
0.2
 41
0.0
 46
0.0
 71
     7
 72
     1
  1
\C7;\FArial|b0|i0|c1;\H23.100000;\W1.000000;VISTA A - VISTA FRONTAL
 73
     1
 44
1.0
  0
MTEXT
  5
9B
330
96
100
AcDbEntity
  8
0
100
AcDbMText
 10
-114.9206446890161
 20
606.4722837839288
 30
0.0
 40
0.2
 41
0.0
 46
0.0
 71
     7
 72
     1
  1
\C7;\FArial|b0|i0|c1;\H23.100000;\W1.000000;(Puerta Abierta)
 73
     1
 44
1.0
  0
ENDBLK
  5
99
330
96
100
AcDbEntity
  8
0
100
AcDbBlockEnd
  0
BLOCK
  5
9E
330
9C
100
AcDbEntity
  8
0
100
AcDbBlockBegin
  2
Block_1
 70
     0
 10
0.0
 20
0.0
 30
0.0
  3
Block_1
  1

  0
LINE
  5
A0
330
9C
100
AcDbEntity
  8
0
 62
     7
370
     0
100
AcDbLine
 10
-1205.188456430772
 20
-203.2440892242509
 30
0.0
 11
-1205.188456430772
 21
-307.069089224247
 31
0.0
  0
LINE
  5
A1
330
9C
100
AcDbEntity
  8
0
 62
     7
370
     0
100
AcDbLine
 10
-605.1884564307729
 20
-203.2440892242304
 30
0.0
 11
-605.1884564307729
 21
-307.069089224247
 31
0.0
  0
LINE
  5
A2
330
9C
100
AcDbEntity
  8
0
 62
     7
370
     0
100
AcDbLine
 10
-1205.188456430772
 20
-305.8190892242468
 30
0.0
 11
-605.1884564307729
 21
-305.8190892242468
 31
0.0
  0
MTEXT
  5
A3
330
9C
100
AcDbEntity
  8
0
100
AcDbMText
 10
-931.9441485300348
 20
-300.4251592944684
 30
0.0
 40
0.2
 41
0.0
 46
0.0
 71
     7
 72
     1
  1
\C7;\FArial|b0|i0|c1;\H23.100000;\W1.000000;600
 73
     1
 44
1.0
  0
ENDBLK
  5
9F
330
9C
100
AcDbEntity
  8
0
100
AcDbBlockEnd
  0
BLOCK
  5
A6
330
A4
100
AcDbEntity
  8
0
100
AcDbBlockBegin
  2
Block_2
 70
     0
 10
0.0
 20
0.0
 30
0.0
  3
Block_2
  1

  0
LINE
  5
A8
330
A4
100
AcDbEntity
  8
0
 62
     7
370
     0
100
AcDbLine
 10
-1202.613456430772
 20
544.180910775728
 30
0.0
 11
-1306.438456430661
 21
544.180910775728
 31
0.0
  0
LINE
  5
A9
330
A4
100
AcDbEntity
  8
0
 62
     7
370
     0
100
AcDbLine
 10
-1202.613456430772
 20
-205.8190892242612
 30
0.0
 11
-1306.438456430661
 21
-205.8190892242612
 31
0.0
  0
LINE
  5
AA
330
A4
100
AcDbEntity
  8
0
 62
     7
370
     0
100
AcDbLine
 10
-1305.18845643066
 20
544.180910775728
 30
0.0
 11
-1305.18845643066
 21
-205.8190892242612
 31
0.0
  0
MTEXT
  5
AB
330
A4
100
AcDbEntity
  8
0
100
AcDbMText
 10
-1310.582363224872
 20
142.2676296302317
 30
0.0
 40
0.2
 41
0.0
 46
0.0
 71
     7
 72
     1
  1
\C7;\FArial|b0|i0|c1;\H23.100000;\W1.000000;750
 11
0.0000000000000001
 21
1.0
 31
0.0
 73
     1
 44
1.0
  0
ENDBLK
  5
A7
330
A4
100
AcDbEntity
  8
0
100
AcDbBlockEnd
  0
BLOCK
  5
B8
330
B6
100
AcDbEntity
  8
0
100
AcDbBlockBegin
  2
Block_3
 70
     0
 10
0.0
 20
0.0
 30
0.0
  3
Block_3
  1

  0
MTEXT
  5
BA
330
B6
100
AcDbEntity
  8
0
100
AcDbMText
 10
565.7035836394985
 20
645.3662060289795
 30
0.0
 40
0.2
 41
0.0
 46
0.0
 71
     7
 72
     1
  1
\C7;\FArial|b0|i0|c1;\H23.100000;\W1.000000;VISTA A - VISTA FRONTAL
 73
     1
 44
1.0
  0
MTEXT
  5
BB
330
B6
100
AcDbEntity
  8
0
100
AcDbMText
 10
611.383611907701
 20
606.4722837839288
 30
0.0
 40
0.2
 41
0.0
 46
0.0
 71
     7
 72
     1
  1
\C7;\FArial|b0|i0|c1;\H23.100000;\W1.000000;(Contrafrente Abierto)
 73
     1
 44
1.0
  0
ENDBLK
  5
B9
330
B6
100
AcDbEntity
  8
0
100
AcDbBlockEnd
  0
BLOCK
  5
F5
330
F3
100
AcDbEntity
  8
0
100
AcDbBlockBegin
  2
Block_4
 70
     0
 10
0.0
 20
0.0
 30
0.0
  3
Block_4
  1

  0
LWPOLYLINE
  5
F7
330
F3
100
AcDbEntity
  8
0
100
AcDbPolyline
 90
        4
 70
     1
 43
0.0
 10
1017.417298569927
 20
-160.3190892242291
 10
1017.417298569927
 20
-141.4330467963162
 10
1010.809072882296
 20
-141.4330467963162
 10
1010.809072882296
 20
-160.3190892242291
  0
SPLINE
  5
F8
330
F3
100
AcDbEntity
  8
0
 62
     7
370
     0
100
AcDbSpline
210
0.0
220
0.0
230
1.0
 70
    24
 71
     3
 72
     8
 73
     4
 74
     0
 42
0.0000000001
 43
0.0000000001
 40
0.0
 40
0.0
 40
0.0
 40
0.0
 40
1.0
 40
1.0
 40
1.0
 40
1.0
 10
1017.417298569935
 20
-145.4703858441078
 30
0.0
 10
1017.417298569935
 20
-145.4703858441078
 30
0.0
 10
1013.379959522144
 20
-141.4330467963162
 30
0.0
 10
1013.379959522144
 20
-141.4330467963162
 30
0.0
  0
SPLINE
  5
F9
330
F3
100
AcDbEntity
  8
0
 62
     7
370
     0
100
AcDbSpline
210
0.0
220
0.0
230
1.0
 70
    24
 71
     3
 72
     8
 73
     4
 74
     0
 42
0.0000000001
 43
0.0000000001
 40
0.0
 40
0.0
 40
0.0
 40
0.0
 40
1.0
 40
1.0
 40
1.0
 40
1.0
 10
1017.417298569927
 20
-149.9605139046334
 30
0.0
 10
1017.417298569927
 20
-149.9605139046334
 30
0.0
 10
1010.809072882298
 20
-143.3522882170084
 30
0.0
 10
1010.809072882298
 20
-143.3522882170084
 30
0.0
  0
SPLINE
  5
FA
330
F3
100
AcDbEntity
  8
0
 62
     7
370
     0
100
AcDbSpline
210
0.0
220
0.0
230
1.0
 70
    24
 71
     3
 72
     8
 73
     4
 74
     0
 42
0.0000000001
 43
0.0000000001
 40
0.0
 40
0.0
 40
0.0
 40
0.0
 40
1.0
 40
1.0
 40
1.0
 40
1.0
 10
1017.417298569935
 20
-154.4506419651794
 30
0.0
 10
1017.417298569935
 20
-154.4506419651794
 30
0.0
 10
1010.809072882296
 20
-147.8424162775339
 30
0.0
 10
1010.809072882296
 20
-147.8424162775339
 30
0.0
  0
SPLINE
  5
FB
330
F3
100
AcDbEntity
  8
0
 62
     7
370
     0
100
AcDbSpline
210
0.0
220
0.0
230
1.0
 70
    24
 71
     3
 72
     8
 73
     4
 74
     0
 42
0.0000000001
 43
0.0000000001
 40
0.0
 40
0.0
 40
0.0
 40
0.0
 40
1.0
 40
1.0
 40
1.0
 40
1.0
 10
1017.417298569927
 20
-158.9407700257049
 30
0.0
 10
1017.417298569927
 20
-158.9407700257049
 30
0.0
 10
1010.809072882298
 20
-152.3325443380799
 30
0.0
 10
1010.809072882298
 20
-152.3325443380799
 30
0.0
  0
SPLINE
  5
FC
330
F3
100
AcDbEntity
  8
0
 62
     7
370
     0
100
AcDbSpline
210
0.0
220
0.0
230
1.0
 70
    24
 71
     3
 72
     8
 73
     4
 74
     0
 42
0.0000000001
 43
0.0000000001
 40
0.0
 40
0.0
 40
0.0
 40
0.0
 40
1.0
 40
1.0
 40
1.0
 40
1.0
 10
1014.305489707918
 20
-160.3190892242291
 30
0.0
 10
1014.305489707918
 20
-160.3190892242291
 30
0.0
 10
1010.809072882302
 20
-156.8226723986157
 30
0.0
 10
1010.809072882302
 20
-156.8226723986157
 30
0.0
  0
ENDBLK
  5
F6
330
F3
100
AcDbEntity
  8
0
100
AcDbBlockEnd
  0
BLOCK
  5
163
330
161
100
AcDbEntity
  8
0
100
AcDbBlockBegin
  2
Block_5
 70
     0
 10
0.0
 20
0.0
 30
0.0
  3
Block_5
  1

  0
LINE
  5
165
330
161
100
AcDbEntity
  8
0
 62
     7
370
     0
100
AcDbLine
 10
971.4209927840386
 20
413.6684748626255
 30
0.0
 11
1186.906892295679
 21
413.6684748626255
 31
0.0
  0
LINE
  5
166
330
161
100
AcDbEntity
  8
0
 62
     7
370
     0
100
AcDbLine
 10
971.4209927840386
 20
263.6684748626318
 30
0.0
 11
1186.906892295679
 21
263.6684748626318
 31
0.0
  0
LINE
  5
167
330
161
100
AcDbEntity
  8
0
 62
     7
370
     0
100
AcDbLine
 10
1186.72689229568
 20
388.6684748626316
 30
0.0
 11
1186.72689229568
 21
351.5227995556775
 31
0.0
  0
LINE
  5
168
330
161
100
AcDbEntity
  8
0
 62
     7
370
     0
100
AcDbLine
 10
1186.72689229568
 20
288.6684748626255
 30
0.0
 11
1186.72689229568
 21
325.8141501695797
 31
0.0
  0
LWPOLYLINE
  5
169
330
161
100
AcDbEntity
  8
0
100
AcDbPolyline
 90
        4
 70
     1
 43
0.0
 10
1182.560225629013
 20
388.6684748626316
 10
1190.893558962345
 20
388.6684748626316
 10
1186.72689229568
 20
413.6684748626255
 10
1186.72689229568
 20
413.6684748626255
  0
HATCH
  5
16A
330
161
100
AcDbEntity
  8
0
 62
     7
440
 33554687
100
AcDbHatch
 10
0.0
 20
0.0
 30
0.0
210
0.0
220
0.0
230
1.0
  2
SOLID
 70
     1
 71
     1
 91
        1
 92
        1
 93
        3
 72
     1
 10
1182.560225629013
 20
388.6684748626316
 11
1190.893558962345
 21
388.6684748626316
 72
     1
 10
1190.893558962345
 20
388.6684748626316
 11
1186.72689229568
 21
413.6684748626255
 72
     1
 10
1186.72689229568
 20
413.6684748626255
 11
1182.560225629013
 21
388.6684748626316
 97
        1
330
169
 75
     2
 76
     1
 98
        1
 10
0.0
 20
0.0
450
        0
451
        0
460
0.0
461
0.0
452
        0
462
0.0
453
        0
470

  0
LWPOLYLINE
  5
16B
330
161
100
AcDbEntity
  8
0
100
AcDbPolyline
 90
        4
 70
     1
 43
0.0
 10
1182.560225629013
 20
288.6684748626255
 10
1190.893558962345
 20
288.6684748626255
 10
1186.72689229568
 20
263.6684748626318
 10
1186.72689229568
 20
263.6684748626318
  0
HATCH
  5
16C
330
161
100
AcDbEntity
  8
0
 62
     7
440
 33554687
100
AcDbHatch
 10
0.0
 20
0.0
 30
0.0
210
0.0
220
0.0
230
1.0
  2
SOLID
 70
     1
 71
     1
 91
        1
 92
        1
 93
        3
 72
     1
 10
1182.560225629013
 20
288.6684748626255
 11
1190.893558962345
 21
288.6684748626255
 72
     1
 10
1190.893558962345
 20
288.6684748626255
 11
1186.72689229568
 21
263.6684748626318
 72
     1
 10
1186.72689229568
 20
263.6684748626318
 11
1182.560225629013
 21
288.6684748626255
 97
        1
330
16B
 75
     2
 76
     1
 98
        1
 10
0.0
 20
0.0
450
        0
451
        0
460
0.0
461
0.0
452
        0
462
0.0
453
        0
470

  0
MTEXT
  5
16D
330
161
100
AcDbEntity
  8
0
100
AcDbMText
 10
1132.250440526399
 20
326.3816498682202
 30
0.0
 40
0.2
 41
0.0
 46
0.0
 71
     7
 72
     1
  1
\C7;\FArial|b0|i0|c1;\H25.000000;\W1.000000;150.00
 73
     1
 44
1.0
  0
ENDBLK
  5
164
330
161
100
AcDbEntity
  8
0
100
AcDbBlockEnd
  0
BLOCK
  5
221
330
21F
100
AcDbEntity
  8
0
100
AcDbBlockBegin
  2
Block_6
 70
     0
 10
0.0
 20
0.0
 30
0.0
  3
Block_6
  1

  0
SPLINE
  5
223
330
21F
100
AcDbEntity
  8
0
100
AcDbSpline
210
0.0
220
0.0
230
1.0
 70
     9
 71
     3
 72
    35
 73
    31
 74
     0
 42
0.0000000001
 43
0.0000000001
 40
0.0
 40
0.0
 40
0.0
 40
0.0
 40
1.0
 40
1.0
 40
1.0
 40
2.0
 40
2.0
 40
2.0
 40
3.0
 40
3.0
 40
3.0
 40
4.0
 40
4.0
 40
4.0
 40
5.0
 40
5.0
 40
5.0
 40
6.0
 40
6.0
 40
6.0
 40
7.0
 40
7.0
 40
7.0
 40
8.0
 40
8.0
 40
8.0
 40
9.0
 40
9.0
 40
9.0
 40
10.0
 40
10.0
 40
10.0
 40
10.0
 10
1590.524059008845
 20
557.1267026383686
 30
0.0
 10
1591.507918950239
 20
557.207724510926
 30
0.0
 10
1592.491778891633
 20
557.288746383463
 30
0.0
 10
1593.513533564588
 20
557.126702638389
 30
0.0
 10
1594.646756484022
 20
556.9469807435625
 30
0.0
 10
1595.826593392395
 20
556.4682658873179
 30
0.0
 10
1596.503008120332
 20
555.6927157093264
 30
0.0
 10
1597.545263187162
 20
554.497707574222
 30
0.0
 10
1597.392280600539
 20
552.5979455223826
 30
0.0
 10
1596.503008120332
 20
550.5838493979568
 30
0.0
 10
1595.117099721458
 20
547.4449321401728
 30
0.0
 10
1591.942859159623
 20
544.0283154312022
 30
0.0
 10
1593.991581106135
 20
543.0282704250823
 30
0.0
 10
1594.41426853811
 20
542.8219435215271
 30
0.0
 10
1595.05928160366
 20
542.7184827277703
 30
0.0
 10
1595.539074142713
 20
542.4771290605247
 30
0.0
 10
1597.178384719785
 20
541.6524942708162
 30
0.0
 10
1596.88892946761
 20
539.2181135971141
 30
0.0
 10
1596.678298721601
 20
536.9813076102142
 30
0.0
 10
1596.508745790348
 20
535.1807299694429
 30
0.0
 10
1596.390270206075
 20
533.5081783870823
 30
0.0
 10
1595.303126090564
 20
532.6776173890111
 30
0.0
 10
1594.752824244127
 20
532.2571954372985
 30
0.0
 10
1593.95432176037
 20
532.0525156026375
 30
0.0
 10
1593.153391477291
 20
531.8972341110046
 30
0.0
 10
1592.231862421557
 20
531.7185713617061
 30
0.0
 10
1591.307119398751
 20
531.60530308151
 30
0.0
 10
1590.524059008845
 20
532.0004674906055
 30
0.0
 10
1590.524059008845
 20
532.0004674906055
 30
0.0
 10
1590.524059008845
 20
557.1267026383686
 30
0.0
 10
1590.524059008845
 20
557.1267026383686
 30
0.0
  0
SPLINE
  5
224
330
21F
100
AcDbEntity
  8
0
 62
     7
370
     0
100
AcDbSpline
210
0.0
220
0.0
230
1.0
 70
    24
 71
     3
 72
     8
 73
     4
 74
     0
 42
0.0000000001
 43
0.0000000001
 40
0.0
 40
0.0
 40
0.0
 40
0.0
 40
1.0
 40
1.0
 40
1.0
 40
1.0
 10
1593.523387040399
 20
531.9733237365384
 30
0.0
 10
1593.523387040399
 20
531.9733237365384
 30
0.0
 10
1596.424002136418
 20
534.8739388325649
 30
0.0
 10
1596.424002136418
 20
534.8739388325649
 30
0.0
  0
SPLINE
  5
225
330
21F
100
AcDbEntity
  8
0
 62
     7
370
     0
100
AcDbSpline
210
0.0
220
0.0
230
1.0
 70
    24
 71
     3
 72
     8
 73
     4
 74
     0
 42
0.0000000001
 43
0.0000000001
 40
0.0
 40
0.0
 40
0.0
 40
0.0
 40
1.0
 40
1.0
 40
1.0
 40
1.0
 10
1590.755513509067
 20
531.8995270415321
 30
0.0
 10
1590.755513509067
 20
531.8995270415321
 30
0.0
 10
1596.764242678613
 20
537.908256211083
 30
0.0
 10
1596.764242678613
 20
537.908256211083
 30
0.0
  0
SPLINE
  5
226
330
21F
100
AcDbEntity
  8
0
 62
     7
370
     0
100
AcDbSpline
210
0.0
220
0.0
230
1.0
 70
    24
 71
     3
 72
     8
 73
     4
 74
     0
 42
0.0000000001
 43
0.0000000001
 40
0.0
 40
0.0
 40
0.0
 40
0.0
 40
1.0
 40
1.0
 40
1.0
 40
1.0
 10
1590.52405900886
 20
534.3621493776403
 30
0.0
 10
1590.52405900886
 20
534.3621493776403
 30
0.0
 10
1596.756083360788
 20
540.594173729561
 30
0.0
 10
1596.756083360788
 20
540.594173729561
 30
0.0
  0
SPLINE
  5
227
330
21F
100
AcDbEntity
  8
0
 62
     7
370
     0
100
AcDbSpline
210
0.0
220
0.0
230
1.0
 70
    24
 71
     3
 72
     8
 73
     4
 74
     0
 42
0.0000000001
 43
0.0000000001
 40
0.0
 40
0.0
 40
0.0
 40
0.0
 40
1.0
 40
1.0
 40
1.0
 40
1.0
 10
1590.524059008852
 20
537.0562262139556
 30
0.0
 10
1590.524059008852
 20
537.0562262139556
 30
0.0
 10
1595.793687380823
 20
542.3258545859134
 30
0.0
 10
1595.793687380823
 20
542.3258545859134
 30
0.0
  0
SPLINE
  5
228
330
21F
100
AcDbEntity
  8
0
 62
     7
370
     0
100
AcDbSpline
210
0.0
220
0.0
230
1.0
 70
    24
 71
     3
 72
     8
 73
     4
 74
     0
 42
0.0000000001
 43
0.0000000001
 40
0.0
 40
0.0
 40
0.0
 40
0.0
 40
1.0
 40
1.0
 40
1.0
 40
1.0
 10
1590.524059008852
 20
539.750303050271
 30
0.0
 10
1590.524059008852
 20
539.750303050271
 30
0.0
 10
1593.868635014306
 20
543.0948790557302
 30
0.0
 10
1593.868635014306
 20
543.0948790557302
 30
0.0
  0
SPLINE
  5
229
330
21F
100
AcDbEntity
  8
0
 62
     7
370
     0
100
AcDbSpline
210
0.0
220
0.0
230
1.0
 70
    24
 71
     3
 72
     8
 73
     4
 74
     0
 42
0.0000000001
 43
0.0000000001
 40
0.0
 40
0.0
 40
0.0
 40
0.0
 40
1.0
 40
1.0
 40
1.0
 40
1.0
 10
1590.524059008845
 20
542.4443798865862
 30
0.0
 10
1590.524059008845
 20
542.4443798865862
 30
0.0
 10
1593.83280757785
 20
545.7531284555964
 30
0.0
 10
1593.83280757785
 20
545.7531284555964
 30
0.0
  0
SPLINE
  5
22A
330
21F
100
AcDbEntity
  8
0
 62
     7
370
     0
100
AcDbSpline
210
0.0
220
0.0
230
1.0
 70
    24
 71
     3
 72
     8
 73
     4
 74
     0
 42
0.0000000001
 43
0.0000000001
 40
0.0
 40
0.0
 40
0.0
 40
0.0
 40
1.0
 40
1.0
 40
1.0
 40
1.0
 10
1590.52405900886
 20
545.138456722922
 30
0.0
 10
1590.52405900886
 20
545.138456722922
 30
0.0
 10
1596.84477133424
 20
551.459169048292
 30
0.0
 10
1596.84477133424
 20
551.459169048292
 30
0.0
  0
SPLINE
  5
22B
330
21F
100
AcDbEntity
  8
0
 62
     7
370
     0
100
AcDbSpline
210
0.0
220
0.0
230
1.0
 70
    24
 71
     3
 72
     8
 73
     4
 74
     0
 42
0.0000000001
 43
0.0000000001
 40
0.0
 40
0.0
 40
0.0
 40
0.0
 40
1.0
 40
1.0
 40
1.0
 40
1.0
 10
1590.524059008845
 20
547.8325335592272
 30
0.0
 10
1590.524059008845
 20
547.8325335592272
 30
0.0
 10
1597.131411534533
 20
554.4398860849055
 30
0.0
 10
1597.131411534533
 20
554.4398860849055
 30
0.0
  0
SPLINE
  5
22C
330
21F
100
AcDbEntity
  8
0
 62
     7
370
     0
100
AcDbSpline
210
0.0
220
0.0
230
1.0
 70
    24
 71
     3
 72
     8
 73
     4
 74
     0
 42
0.0000000001
 43
0.0000000001
 40
0.0
 40
0.0
 40
0.0
 40
0.0
 40
1.0
 40
1.0
 40
1.0
 40
1.0
 10
1590.524059008845
 20
550.5266103955526
 30
0.0
 10
1590.524059008845
 20
550.5266103955526
 30
0.0
 10
1596.085374105585
 20
556.0879254922935
 30
0.0
 10
1596.085374105585
 20
556.0879254922935
 30
0.0
  0
SPLINE
  5
22D
330
21F
100
AcDbEntity
  8
0
 62
     7
370
     0
100
AcDbSpline
210
0.0
220
0.0
230
1.0
 70
    24
 71
     3
 72
     8
 73
     4
 74
     0
 42
0.0000000001
 43
0.0000000001
 40
0.0
 40
0.0
 40
0.0
 40
0.0
 40
1.0
 40
1.0
 40
1.0
 40
1.0
 10
1590.524059008852
 20
553.2206872318782
 30
0.0
 10
1590.524059008852
 20
553.2206872318782
 30
0.0
 10
1594.266833757722
 20
556.9634619807427
 30
0.0
 10
1594.266833757722
 20
556.9634619807427
 30
0.0
  0
SPLINE
  5
22E
330
21F
100
AcDbEntity
  8
0
 62
     7
370
     0
100
AcDbSpline
210
0.0
220
0.0
230
1.0
 70
    24
 71
     3
 72
     8
 73
     4
 74
     0
 42
0.0000000001
 43
0.0000000001
 40
0.0
 40
0.0
 40
0.0
 40
0.0
 40
1.0
 40
1.0
 40
1.0
 40
1.0
 10
1590.524059008852
 20
555.9147640681935
 30
0.0
 10
1590.524059008852
 20
555.9147640681935
 30
0.0
 10
1591.822107848559
 20
557.2128129079057
 30
0.0
 10
1591.822107848559
 20
557.2128129079057
 30
0.0
  0
ENDBLK
  5
222
330
21F
100
AcDbEntity
  8
0
100
AcDbBlockEnd
  0
BLOCK
  5
2F0
330
2EE
100
AcDbEntity
  8
0
100
AcDbBlockBegin
  2
Block_7
 70
     0
 10
0.0
 20
0.0
 30
0.0
  3
Block_7
  1

  0
SPLINE
  5
2F2
330
2EE
100
AcDbEntity
  8
0
100
AcDbSpline
210
0.0
220
0.0
230
1.0
 70
     9
 71
     3
 72
    35
 73
    31
 74
     0
 42
0.0000000001
 43
0.0000000001
 40
0.0
 40
0.0
 40
0.0
 40
0.0
 40
1.0
 40
1.0
 40
1.0
 40
2.0
 40
2.0
 40
2.0
 40
3.0
 40
3.0
 40
3.0
 40
4.0
 40
4.0
 40
4.0
 40
5.0
 40
5.0
 40
5.0
 40
6.0
 40
6.0
 40
6.0
 40
7.0
 40
7.0
 40
7.0
 40
8.0
 40
8.0
 40
8.0
 40
9.0
 40
9.0
 40
9.0
 40
10.0
 40
10.0
 40
10.0
 40
10.0
 10
1590.524059008845
 20
-179.2648384681342
 30
0.0
 10
1591.507918950239
 20
-179.3458603406918
 30
0.0
 10
1592.491778891633
 20
-179.4268822132185
 30
0.0
 10
1593.513533564588
 20
-179.2648384681342
 30
0.0
 10
1594.646756484022
 20
-179.085116573318
 30
0.0
 10
1595.826593392395
 20
-178.6064017170836
 30
0.0
 10
1596.503008120332
 20
-177.8308515391024
 30
0.0
 10
1597.545263187162
 20
-176.6358434039878
 30
0.0
 10
1597.392280600539
 20
-174.7360813521689
 30
0.0
 10
1596.503008120332
 20
-172.7219852277328
 30
0.0
 10
1595.117099721458
 20
-169.5830679699488
 30
0.0
 10
1591.942859159623
 20
-166.1664512609679
 30
0.0
 10
1593.991581106135
 20
-165.1664062548482
 30
0.0
 10
1594.41426853811
 20
-164.9600793512826
 30
0.0
 10
1595.05928160366
 20
-164.8566185575053
 30
0.0
 10
1595.539074142713
 20
-164.6152648902494
 30
0.0
 10
1597.178384719785
 20
-163.7906301005821
 30
0.0
 10
1596.88892946761
 20
-161.3562494268902
 30
0.0
 10
1596.678298721601
 20
-159.1194434399697
 30
0.0
 10
1596.508745790348
 20
-157.3188657991984
 30
0.0
 10
1596.390270206075
 20
-155.6463142168378
 30
0.0
 10
1595.303126090564
 20
-154.8157532187666
 30
0.0
 10
1594.752824244127
 20
-154.3953312670643
 30
0.0
 10
1593.95432176037
 20
-154.1906514324135
 30
0.0
 10
1593.153391477291
 20
-154.0353699407601
 30
0.0
 10
1592.231862421557
 20
-153.8567071914615
 30
0.0
 10
1591.307119398751
 20
-153.7434389112758
 30
0.0
 10
1590.524059008845
 20
-154.1386033203712
 30
0.0
 10
1590.524059008845
 20
-154.1386033203712
 30
0.0
 10
1590.524059008845
 20
-179.2648384681342
 30
0.0
 10
1590.524059008845
 20
-179.2648384681342
 30
0.0
  0
SPLINE
  5
2F3
330
2EE
100
AcDbEntity
  8
0
 62
     7
370
     0
100
AcDbSpline
210
0.0
220
0.0
230
1.0
 70
    24
 71
     3
 72
     8
 73
     4
 74
     0
 42
0.0000000001
 43
0.0000000001
 40
0.0
 40
0.0
 40
0.0
 40
0.0
 40
1.0
 40
1.0
 40
1.0
 40
1.0
 10
1593.523021071213
 20
-179.2633270213258
 30
0.0
 10
1593.523021071213
 20
-179.2633270213258
 30
0.0
 10
1597.226748048483
 20
-175.5596000440606
 30
0.0
 10
1597.226748048483
 20
-175.5596000440606
 30
0.0
  0
SPLINE
  5
2F4
330
2EE
100
AcDbEntity
  8
0
 62
     7
370
     0
100
AcDbSpline
210
0.0
220
0.0
230
1.0
 70
    24
 71
     3
 72
     8
 73
     4
 74
     0
 42
0.0000000001
 43
0.0000000001
 40
0.0
 40
0.0
 40
0.0
 40
0.0
 40
1.0
 40
1.0
 40
1.0
 40
1.0
 10
1590.804544536843
 20
-179.2877267193728
 30
0.0
 10
1590.804544536843
 20
-179.2877267193728
 30
0.0
 10
1596.753414624912
 20
-173.3388566313039
 30
0.0
 10
1596.753414624912
 20
-173.3388566313039
 30
0.0
  0
SPLINE
  5
2F5
330
2EE
100
AcDbEntity
  8
0
 62
     7
370
     0
100
AcDbSpline
210
0.0
220
0.0
230
1.0
 70
    24
 71
     3
 72
     8
 73
     4
 74
     0
 42
0.0000000001
 43
0.0000000001
 40
0.0
 40
0.0
 40
0.0
 40
0.0
 40
1.0
 40
1.0
 40
1.0
 40
1.0
 10
1590.524059008852
 20
-176.8741354110377
 30
0.0
 10
1590.524059008852
 20
-176.8741354110377
 30
0.0
 10
1595.894771898895
 20
-171.5034225209949
 30
0.0
 10
1595.894771898895
 20
-171.5034225209949
 30
0.0
  0
SPLINE
  5
2F6
330
2EE
100
AcDbEntity
  8
0
 62
     7
370
     0
100
AcDbSpline
210
0.0
220
0.0
230
1.0
 70
    24
 71
     3
 72
     8
 73
     4
 74
     0
 42
0.0000000001
 43
0.0000000001
 40
0.0
 40
0.0
 40
0.0
 40
0.0
 40
1.0
 40
1.0
 40
1.0
 40
1.0
 10
1590.524059008845
 20
-174.1800585747429
 30
0.0
 10
1590.524059008845
 20
-174.1800585747429
 30
0.0
 10
1594.905060482658
 20
-169.7990571009343
 30
0.0
 10
1594.905060482658
 20
-169.7990571009343
 30
0.0
  0
SPLINE
  5
2F7
330
2EE
100
AcDbEntity
  8
0
 62
     7
370
     0
100
AcDbSpline
210
0.0
220
0.0
230
1.0
 70
    24
 71
     3
 72
     8
 73
     4
 74
     0
 42
0.0000000001
 43
0.0000000001
 40
0.0
 40
0.0
 40
0.0
 40
0.0
 40
1.0
 40
1.0
 40
1.0
 40
1.0
 10
1590.524059008852
 20
-171.4859817383968
 30
0.0
 10
1590.524059008852
 20
-171.4859817383968
 30
0.0
 10
1593.928241964607
 20
-168.0817987826573
 30
0.0
 10
1593.928241964607
 20
-168.0817987826573
 30
0.0
  0
SPLINE
  5
2F8
330
2EE
100
AcDbEntity
  8
0
 62
     7
370
     0
100
AcDbSpline
210
0.0
220
0.0
230
1.0
 70
    24
 71
     3
 72
     8
 73
     4
 74
     0
 42
0.0000000001
 43
0.0000000001
 40
0.0
 40
0.0
 40
0.0
 40
0.0
 40
1.0
 40
1.0
 40
1.0
 40
1.0
 10
1594.259742881914
 20
-165.056221029022
 30
0.0
 10
1594.259742881914
 20
-165.056221029022
 30
0.0
 10
1596.786696655773
 20
-162.5292672551605
 30
0.0
 10
1596.786696655773
 20
-162.5292672551605
 30
0.0
  0
SPLINE
  5
2F9
330
2EE
100
AcDbEntity
  8
0
 62
     7
370
     0
100
AcDbSpline
210
0.0
220
0.0
230
1.0
 70
    24
 71
     3
 72
     8
 73
     4
 74
     0
 42
0.0000000001
 43
0.0000000001
 40
0.0
 40
0.0
 40
0.0
 40
0.0
 40
1.0
 40
1.0
 40
1.0
 40
1.0
 10
1590.524059008852
 20
-168.7919049020918
 30
0.0
 10
1590.524059008852
 20
-168.7919049020918
 30
0.0
 10
1593.342453370958
 20
-165.9735105399786
 30
0.0
 10
1593.342453370958
 20
-165.9735105399786
 30
0.0
  0
SPLINE
  5
2FA
330
2EE
100
AcDbEntity
  8
0
 62
     7
370
     0
100
AcDbSpline
210
0.0
220
0.0
230
1.0
 70
    24
 71
     3
 72
     8
 73
     4
 74
     0
 42
0.0000000001
 43
0.0000000001
 40
0.0
 40
0.0
 40
0.0
 40
0.0
 40
1.0
 40
1.0
 40
1.0
 40
1.0
 10
1590.524059008852
 20
-166.0978280657559
 30
0.0
 10
1590.524059008852
 20
-166.0978280657559
 30
0.0
 10
1596.748949658585
 20
-159.8729374160179
 30
0.0
 10
1596.748949658585
 20
-159.8729374160179
 30
0.0
  0
SPLINE
  5
2FB
330
2EE
100
AcDbEntity
  8
0
 62
     7
370
     0
100
AcDbSpline
210
0.0
220
0.0
230
1.0
 70
    24
 71
     3
 72
     8
 73
     4
 74
     0
 42
0.0000000001
 43
0.0000000001
 40
0.0
 40
0.0
 40
0.0
 40
0.0
 40
1.0
 40
1.0
 40
1.0
 40
1.0
 10
1590.52405900886
 20
-163.4037512294304
 30
0.0
 10
1590.52405900886
 20
-163.4037512294304
 30
0.0
 10
1596.49476996191
 20
-157.4330402763876
 30
0.0
 10
1596.49476996191
 20
-157.4330402763876
 30
0.0
  0
SPLINE
  5
2FC
330
2EE
100
AcDbEntity
  8
0
 62
     7
370
     0
100
AcDbSpline
210
0.0
220
0.0
230
1.0
 70
    24
 71
     3
 72
     8
 73
     4
 74
     0
 42
0.0000000001
 43
0.0000000001
 40
0.0
 40
0.0
 40
0.0
 40
0.0
 40
1.0
 40
1.0
 40
1.0
 40
1.0
 10
1590.524059008852
 20
-160.709674393115
 30
0.0
 10
1590.524059008852
 20
-160.709674393115
 30
0.0
 10
1595.83822540757
 20
-155.3955079943969
 30
0.0
 10
1595.83822540757
 20
-155.3955079943969
 30
0.0
  0
SPLINE
  5
2FD
330
2EE
100
AcDbEntity
  8
0
 62
     7
370
     0
100
AcDbSpline
210
0.0
220
0.0
230
1.0
 70
    24
 71
     3
 72
     8
 73
     4
 74
     0
 42
0.0000000001
 43
0.0000000001
 40
0.0
 40
0.0
 40
0.0
 40
0.0
 40
1.0
 40
1.0
 40
1.0
 40
1.0
 10
1590.524059008845
 20
-158.01559755681
 30
0.0
 10
1590.524059008845
 20
-158.01559755681
 30
0.0
 10
1594.240227379474
 20
-154.2994291861833
 30
0.0
 10
1594.240227379474
 20
-154.2994291861833
 30
0.0
  0
SPLINE
  5
2FE
330
2EE
100
AcDbEntity
  8
0
 62
     7
370
     0
100
AcDbSpline
210
0.0
220
0.0
230
1.0
 70
    24
 71
     3
 72
     8
 73
     4
 74
     0
 42
0.0000000001
 43
0.0000000001
 40
0.0
 40
0.0
 40
0.0
 40
0.0
 40
1.0
 40
1.0
 40
1.0
 40
1.0
 10
1590.52405900886
 20
-155.3215207204639
 30
0.0
 10
1590.52405900886
 20
-155.3215207204639
 30
0.0
 10
1591.969406609337
 20
-153.8761731199947
 30
0.0
 10
1591.969406609337
 20
-153.8761731199947
 30
0.0
  0
ENDBLK
  5
2F1
330
2EE
100
AcDbEntity
  8
0
100
AcDbBlockEnd
  0
BLOCK
  5
302
330
300
100
AcDbEntity
  8
0
100
AcDbBlockBegin
  2
Block_8
 70
     0
 10
0.0
 20
0.0
 30
0.0
  3
Block_8
  1

  0
LINE
  5
304
330
300
100
AcDbEntity
  8
0
 62
     7
370
     0
100
AcDbLine
 10
1613.423760077369
 20
-181.2440466055377
 30
0.0
 11
1613.423760077369
 21
-268.6702014596398
 31
0.0
  0
LINE
  5
305
330
300
100
AcDbEntity
  8
0
 62
     7
370
     0
100
AcDbLine
 10
1838.423760077373
 20
-181.2440466055171
 30
0.0
 11
1838.423760077373
 21
-268.6702014596398
 31
0.0
  0
LINE
  5
306
330
300
100
AcDbEntity
  8
0
 62
     7
370
     0
100
AcDbLine
 10
1613.423760077369
 20
-267.4202014596397
 30
0.0
 11
1838.423760077373
 21
-267.4202014596397
 31
0.0
  0
MTEXT
  5
307
330
300
100
AcDbEntity
  8
0
100
AcDbMText
 10
1696.976004621329
 20
-251.9938777717455
 30
0.0
 40
0.2
 41
0.0
 46
0.0
 71
     7
 72
     1
  1
\C7;\FArial|b0|i0|c1;\H25.000000;\W1.000000;225
 73
     1
 44
1.0
  0
ENDBLK
  5
303
330
300
100
AcDbEntity
  8
0
100
AcDbBlockEnd
  0
ENDSEC
  0
SECTION
  2
ENTITIES
  0
SPLINE
  5
78
330
70
100
AcDbEntity
  8
0
 62
     7
370
     0
100
AcDbSpline
210
0.0
220
0.0
230
1.0
 70
     8
 71
     3
 72
    11
 73
     7
 74
     0
 42
0.0000000001
 43
0.0000000001
 40
0.0
 40
0.0
 40
0.0
 40
0.0
 40
1.0
 40
1.0
 40
1.0
 40
2.0
 40
2.0
 40
2.0
 40
2.0
 10
-647.4588205493801
 20
-100.8298278419302
 30
0.0
 10
-650.214313523752
 20
-96.56086782289136
 30
0.0
 10
-655.9087577940498
 20
-95.33396036847824
 30
0.0
 10
-660.1777178130893
 20
-98.08945334284992
 30
0.0
 10
-661.2717707611151
 20
-98.7956335831036
 30
0.0
 10
-662.2034500767413
 20
-99.72601885440228
 30
0.0
 10
-662.9111502613309
 20
-100.819089224296
 30
0.0
  0
SPLINE
  5
79
330
70
100
AcDbEntity
  8
0
 62
     7
370
     0
100
AcDbSpline
210
0.0
220
0.0
230
1.0
 70
     8
 71
     3
 72
    11
 73
     7
 74
     0
 42
0.0000000001
 43
0.0000000001
 40
0.0
 40
0.0
 40
0.0
 40
0.0
 40
1.0
 40
1.0
 40
1.0
 40
2.0
 40
2.0
 40
2.0
 40
2.0
 10
-662.9111502613309
 20
-110.8190892241937
 30
0.0
 10
-660.1497265122053
 20
-115.0842152544218
 30
0.0
 10
-654.4535824610546
 20
-116.3032068039267
 30
0.0
 10
-650.1884564308259
 20
-113.5417830548008
 30
0.0
 10
-649.09900417743
 20
-112.8364253925084
 30
0.0
 10
-648.1711202625112
 20
-111.9085414775899
 30
0.0
 10
-647.4657626002184
 20
-110.8190892241937
 30
0.0
  0
SPLINE
  5
7A
330
70
100
AcDbEntity
  8
0
 62
     7
370
     0
100
AcDbSpline
210
0.0
220
0.0
230
1.0
 70
     8
 71
     3
 72
    11
 73
     7
 74
     0
 42
0.0000000001
 43
0.0000000001
 40
0.0
 40
0.0
 40
0.0
 40
0.0
 40
1.0
 40
1.0
 40
1.0
 40
2.0
 40
2.0
 40
2.0
 40
2.0
 10
-668.7991140196114
 20
-110.8190892241892
 30
0.0
 10
-666.0376902704881
 20
-118.3360478456725
 30
0.0
 10
-657.7054150523137
 20
-122.1911705622046
 30
0.0
 10
-650.1884564308303
 20
-119.4297468130813
 30
0.0
 10
-646.1936903576702
 20
-117.9622328274266
 30
0.0
 10
-643.0453128275929
 20
-114.813855297349
 30
0.0
 10
-641.5777988419383
 20
-110.8190892241892
 30
0.0
  0
SPLINE
  5
7B
330
70
100
AcDbEntity
  8
0
 62
     7
370
     0
100
AcDbSpline
210
0.0
220
0.0
230
1.0
 70
     8
 71
     3
 72
    11
 73
     7
 74
     0
 42
0.0000000001
 43
0.0000000001
 40
0.0
 40
0.0
 40
0.0
 40
0.0
 40
1.0
 40
1.0
 40
1.0
 40
2.0
 40
2.0
 40
2.0
 40
2.0
 10
-665.8215415898386
 20
-110.819089224254
 30
0.0
 10
-663.0601178406797
 20
-116.6915800012576
 30
0.0
 10
-656.0609472077684
 20
-119.2135981324677
 30
0.0
 10
-650.1884564307655
 20
-116.4521743833091
 30
0.0
 10
-647.7120988633794
 20
-115.2877157476703
 30
0.0
 10
-645.7198299073492
 20
-113.2954467916401
 30
0.0
 10
-644.5553712717107
 20
-110.819089224254
 30
0.0
  0
SPLINE
  5
7C
330
70
100
AcDbEntity
  8
0
 62
     7
370
     0
100
AcDbSpline
210
0.0
220
0.0
230
1.0
 70
     8
 71
     3
 72
    11
 73
     7
 74
     0
 42
0.0000000001
 43
0.0000000001
 40
0.0
 40
0.0
 40
0.0
 40
0.0
 40
1.0
 40
1.0
 40
1.0
 40
2.0
 40
2.0
 40
2.0
 40
2.0
 10
-644.5736200816061
 20
-100.7804634909353
 30
0.0
 10
-647.3563762342182
 20
-94.91805125333945
 30
0.0
 10
-654.364669926489
 20
-92.42149672246446
 30
0.0
 10
-660.2270821640845
 20
-95.20425287507627
 30
0.0
 10
-662.6859351874844
 20
-96.37141548697112
 30
0.0
 10
-664.6633263604549
 20
-98.35600899092789
 30
0.0
 10
-665.8215415898386
 20
-100.8190892242357
 30
0.0
  0
LINE
  5
7D
330
70
100
AcDbEntity
  8
0
 62
     7
370
     0
100
AcDbLine
 10
-661.7506588049629
 20
-101.6728312610612
 30
0.0
 11
-661.7506588049629
 21
-109.9653471873874
 31
0.0
  0
LINE
  5
7E
330
70
100
AcDbEntity
  8
0
 62
     7
370
     0
100
AcDbLine
 10
-648.6262540565569
 20
-101.6728312610612
 30
0.0
 11
-648.6262540565569
 21
-109.9653471873874
 31
0.0
  0
CIRCLE
  5
7F
330
70
100
AcDbEntity
  8
0
 62
     7
370
     0
100
AcDbCircle
 10
-655.1884564307747
 20
-105.8190892242448
 30
0.0
 40
4.499999999999838
  0
SPLINE
  5
80
330
70
100
AcDbEntity
  8
0
 62
     7
370
     0
100
AcDbSpline
210
0.0
220
0.0
230
1.0
 70
     8
 71
     3
 72
    11
 73
     7
 74
     0
 42
0.0000000001
 43
0.0000000001
 40
0.0
 40
0.0
 40
0.0
 40
0.0
 40
1.0
 40
1.0
 40
1.0
 40
2.0
 40
2.0
 40
2.0
 40
2.0
 10
-641.5777988419379
 20
-100.8190892243005
 30
0.0
 10
-644.3392225910612
 20
-93.30213060281719
 30
0.0
 10
-652.6714978092357
 20
-89.44700788628507
 30
0.0
 10
-660.188456430719
 20
-92.20843163540839
 30
0.0
 10
-664.1832225038792
 20
-93.67594562106308
 30
0.0
 10
-667.3316000339565
 20
-96.8243231511407
 30
0.0
 10
-668.7991140196114
 20
-100.8190892243005
 30
0.0
  0
SPLINE
  5
81
330
70
100
AcDbEntity
  8
0
 62
     7
370
     0
100
AcDbSpline
210
0.0
220
0.0
230
1.0
 70
     9
 71
     3
 72
    59
 73
    55
 74
     0
 42
0.0000000001
 43
0.0000000001
 40
0.0
 40
0.0
 40
0.0
 40
0.0
 40
1.0
 40
1.0
 40
1.0
 40
2.0
 40
2.0
 40
2.0
 40
3.0
 40
3.0
 40
3.0
 40
4.0
 40
4.0
 40
4.0
 40
5.0
 40
5.0
 40
5.0
 40
6.0
 40
6.0
 40
6.0
 40
7.0
 40
7.0
 40
7.0
 40
8.0
 40
8.0
 40
8.0
 40
9.0
 40
9.0
 40
9.0
 40
10.0
 40
10.0
 40
10.0
 40
11.0
 40
11.0
 40
11.0
 40
12.0
 40
12.0
 40
12.0
 40
13.0
 40
13.0
 40
13.0
 40
14.0
 40
14.0
 40
14.0
 40
15.0
 40
15.0
 40
15.0
 40
16.0
 40
16.0
 40
16.0
 40
17.0
 40
17.0
 40
17.0
 40
18.0
 40
18.0
 40
18.0
 40
18.0
 10
-636.4384564307748
 20
-102.8190892242447
 30
0.0
 10
-636.4384564307671
 20
-102.2668044744189
 30
0.0
 10
-636.8861716809256
 20
-101.8190892242473
 30
0.0
 10
-637.4384564307514
 20
-101.8190892242389
 30
0.0
 10
-637.4384564307514
 20
-101.8190892242389
 30
0.0
 10
-647.7009668648008
 20
-101.8190892242421
 30
0.0
 10
-647.7009668648008
 20
-101.8190892242421
 30
0.0
 10
-648.5316429173886
 20
-101.8190892242562
 30
0.0
 10
-649.3251362628414
 20
-101.4746675926758
 30
0.0
 10
-649.8924272255745
 20
-100.8678697120398
 30
0.0
 10
-652.62691025523
 20
-97.94295354735707
 30
0.0
 10
-657.2147597782818
 20
-97.78857698940635
 30
0.0
 10
-660.139675942962
 20
-100.5230600190634
 30
0.0
 10
-660.2584463978793
 20
-100.634097660866
 30
0.0
 10
-660.3734479941753
 20
-100.7490992571633
 30
0.0
 10
-660.4844856359767
 20
-100.8678697120809
 30
0.0
 10
-661.051776598697
 20
-101.4746675926913
 30
0.0
 10
-661.8452699441272
 20
-101.8190892242562
 30
0.0
 10
-662.6759459966901
 20
-101.8190892242434
 30
0.0
 10
-662.6759459966901
 20
-101.8190892242434
 30
0.0
 10
-672.9384564307742
 20
-101.8190892242421
 30
0.0
 10
-672.9384564307742
 20
-101.8190892242421
 30
0.0
 10
-673.4907411806061
 20
-101.8190892242447
 30
0.0
 10
-673.9384564307688
 20
-102.2668044744074
 30
0.0
 10
-673.9384564307688
 20
-102.81908922423
 30
0.0
 10
-673.9384564307688
 20
-102.81908922423
 30
0.0
 10
-673.9384564307751
 20
-108.8190892242405
 30
0.0
 10
-673.9384564307751
 20
-108.8190892242405
 30
0.0
 10
-673.9384564307822
 20
-109.3713739740708
 30
0.0
 10
-673.4907411806237
 20
-109.8190892242424
 30
0.0
 10
-672.9384564307979
 20
-109.8190892242508
 30
0.0
 10
-672.9384564307979
 20
-109.8190892242508
 30
0.0
 10
-662.6759459966904
 20
-109.8190892242476
 30
0.0
 10
-662.6759459966904
 20
-109.8190892242476
 30
0.0
 10
-661.8452699441283
 20
-109.8190892242315
 30
0.0
 10
-661.051776598698
 20
-110.1635108557959
 30
0.0
 10
-660.4844856359769
 20
-110.7703087364075
 30
0.0
 10
-657.7500026063439
 20
-113.6952249011121
 30
0.0
 10
-653.1621530832932
 20
-113.8496014591007
 30
0.0
 10
-650.2372369185899
 20
-111.115118429468
 30
0.0
 10
-650.118466463672
 20
-111.0040807876666
 30
0.0
 10
-650.0034648673747
 20
-110.8890791913706
 30
0.0
 10
-649.8924272255724
 20
-110.7703087364531
 30
0.0
 10
-649.3251362628
 20
-110.1635108558183
 30
0.0
 10
-648.5316429173511
 20
-109.8190892242514
 30
0.0
 10
-647.7009668647681
 20
-109.8190892242514
 30
0.0
 10
-647.7009668647681
 20
-109.8190892242514
 30
0.0
 10
-637.4384564307741
 20
-109.8190892242476
 30
0.0
 10
-637.4384564307741
 20
-109.8190892242476
 30
0.0
 10
-636.8861716809433
 20
-109.819089224245
 30
0.0
 10
-636.4384564307806
 20
-109.3713739740823
 30
0.0
 10
-636.4384564307806
 20
-108.8190892242597
 30
0.0
 10
-636.4384564307806
 20
-108.8190892242597
 30
0.0
 10
-636.4384564307742
 20
-102.819089224239
 30
0.0
 10
-636.4384564307748
 20
-102.8190892242447
 30
0.0
  0
SPLINE
  5
82
330
70
100
AcDbEntity
  8
0
 62
     7
370
     0
100
AcDbSpline
210
0.0
220
0.0
230
1.0
 70
     8
 71
     3
 72
    32
 73
    28
 74
     0
 42
0.0000000001
 43
0.0000000001
 40
0.0
 40
0.0
 40
0.0
 40
0.0
 40
1.0
 40
1.0
 40
1.0
 40
2.0
 40
2.0
 40
2.0
 40
3.0
 40
3.0
 40
3.0
 40
4.0
 40
4.0
 40
4.0
 40
5.0
 40
5.0
 40
5.0
 40
6.0
 40
6.0
 40
6.0
 40
7.0
 40
7.0
 40
7.0
 40
8.0
 40
8.0
 40
8.0
 40
9.0
 40
9.0
 40
9.0
 40
9.0
 10
-635.4384564307745
 20
-108.8190892242443
 30
0.0
 10
-635.4384564307773
 20
-109.9236587239069
 30
0.0
 10
-636.3338869311174
 20
-110.8190892242444
 30
0.0
 10
-637.4384564307799
 20
-110.8190892242444
 30
0.0
 10
-637.4384564307799
 20
-110.8190892242444
 30
0.0
 10
-647.7009668648008
 20
-110.8190892242457
 30
0.0
 10
-647.7009668648008
 20
-110.8190892242457
 30
0.0
 10
-648.2547508998521
 20
-110.8190892242206
 30
0.0
 10
-648.7837464634858
 20
-111.0487036452586
 30
0.0
 10
-649.1619404386474
 20
-111.4532355656666
 30
0.0
 10
-649.2882936172446
 20
-111.5883881522952
 30
0.0
 10
-649.4191575026814
 20
-111.7192520377331
 30
0.0
 10
-649.554310089307
 20
-111.8456052163316
 30
0.0
 10
-652.8826629663425
 20
-114.9572583190331
 30
0.0
 10
-658.1033193201387
 20
-114.7815884427464
 30
0.0
 10
-661.21497242284
 20
-111.4532355657109
 30
0.0
 10
-661.5931663980033
 20
-111.0487036452958
 30
0.0
 10
-662.1221619616336
 20
-110.8190892242437
 30
0.0
 10
-662.6759459966901
 20
-110.8190892242373
 30
0.0
 10
-662.6759459966901
 20
-110.8190892242373
 30
0.0
 10
-672.9384564307742
 20
-110.8190892242457
 30
0.0
 10
-672.9384564307742
 20
-110.8190892242457
 30
0.0
 10
-674.0430259304341
 20
-110.819089224236
 30
0.0
 10
-674.9384564307693
 20
-109.9236587238985
 30
0.0
 10
-674.9384564307693
 20
-108.8190892242392
 30
0.0
 10
-674.9384564307693
 20
-108.8190892242392
 30
0.0
 10
-674.9384564307746
 20
-102.819089224239
 30
0.0
 10
-674.9384564307746
 20
-102.819089224239
 30
0.0
  0
SPLINE
  5
83
330
70
100
AcDbEntity
  8
0
 62
     7
370
     0
100
AcDbSpline
210
0.0
220
0.0
230
1.0
 70
     8
 71
     3
 72
    32
 73
    28
 74
     0
 42
0.0000000001
 43
0.0000000001
 40
0.0
 40
0.0
 40
0.0
 40
0.0
 40
1.0
 40
1.0
 40
1.0
 40
2.0
 40
2.0
 40
2.0
 40
3.0
 40
3.0
 40
3.0
 40
4.0
 40
4.0
 40
4.0
 40
5.0
 40
5.0
 40
5.0
 40
6.0
 40
6.0
 40
6.0
 40
7.0
 40
7.0
 40
7.0
 40
8.0
 40
8.0
 40
8.0
 40
9.0
 40
9.0
 40
9.0
 40
9.0
 10
-674.9384564307749
 20
-102.8190892242351
 30
0.0
 10
-674.938456430772
 20
-101.7145197245726
 30
0.0
 10
-674.0430259304319
 20
-100.819089224235
 30
0.0
 10
-672.9384564307694
 20
-100.819089224235
 30
0.0
 10
-672.9384564307694
 20
-100.819089224235
 30
0.0
 10
-662.6759459966904
 20
-100.819089224244
 30
0.0
 10
-662.6759459966904
 20
-100.819089224244
 30
0.0
 10
-662.1221619616561
 20
-100.8190892242402
 30
0.0
 10
-661.5931663980235
 20
-100.5894748031938
 30
0.0
 10
-661.2149724228576
 20
-100.1849428827827
 30
0.0
 10
-661.0886192442424
 20
-100.0497902961413
 30
0.0
 10
-660.9577553588048
 20
-99.91892641070462
 30
0.0
 10
-660.8226027721781
 20
-99.79257323210674
 30
0.0
 10
-657.4942498951202
 20
-96.68092012942834
 30
0.0
 10
-652.273593541324
 20
-96.856590005751
 30
0.0
 10
-649.1619404386455
 20
-100.1849428828096
 30
0.0
 10
-648.7837464634858
 20
-100.5894748032208
 30
0.0
 10
-648.2547508998521
 20
-100.8190892242588
 30
0.0
 10
-647.7009668648008
 20
-100.8190892242408
 30
0.0
 10
-647.7009668648008
 20
-100.8190892242408
 30
0.0
 10
-637.4384564307741
 20
-100.819089224244
 30
0.0
 10
-637.4384564307741
 20
-100.819089224244
 30
0.0
 10
-636.3338869311152
 20
-100.8190892242434
 30
0.0
 10
-635.43845643078
 20
-101.7145197245809
 30
0.0
 10
-635.43845643078
 20
-102.8190892242403
 30
0.0
 10
-635.43845643078
 20
-102.8190892242403
 30
0.0
 10
-635.4384564307747
 20
-108.8190892242405
 30
0.0
 10
-635.4384564307747
 20
-108.8190892242405
 30
0.0
  0
SPLINE
  5
84
330
70
100
AcDbEntity
  8
0
 62
     7
370
     0
100
AcDbSpline
210
0.0
220
0.0
230
1.0
 70
     8
 71
     3
 72
    11
 73
     7
 74
     0
 42
0.0000000001
 43
0.0000000001
 40
0.0
 40
0.0
 40
0.0
 40
0.0
 40
1.0
 40
1.0
 40
1.0
 40
2.0
 40
2.0
 40
2.0
 40
2.0
 10
-662.9111502613309
 20
439.1809107758039
 30
0.0
 10
-660.1497265122053
 20
434.9157847455754
 30
0.0
 10
-654.4535824610543
 20
433.6967931960709
 30
0.0
 10
-650.1884564308259
 20
436.4582169451964
 30
0.0
 10
-649.0953860609321
 20
437.165917129786
 30
0.0
 10
-648.1650007896331
 20
438.0975964454123
 30
0.0
 10
-647.4588205493801
 20
439.1916493934384
 30
0.0
  0
SPLINE
  5
85
330
70
100
AcDbEntity
  8
0
 62
     7
370
     0
100
AcDbSpline
210
0.0
220
0.0
230
1.0
 70
     8
 71
     3
 72
    11
 73
     7
 74
     0
 42
0.0000000001
 43
0.0000000001
 40
0.0
 40
0.0
 40
0.0
 40
0.0
 40
1.0
 40
1.0
 40
1.0
 40
2.0
 40
2.0
 40
2.0
 40
2.0
 10
-647.4657626002184
 20
449.1809107757015
 30
0.0
 10
-650.227186349344
 20
453.44603680593
 30
0.0
 10
-655.923330400495
 20
454.6650283554345
 30
0.0
 10
-660.1884564307235
 20
451.903604606309
 30
0.0
 10
-661.2779086841194
 20
451.1982469440162
 30
0.0
 10
-662.2057925990382
 20
450.2703630290974
 30
0.0
 10
-662.9111502613309
 20
449.1809107757015
 30
0.0
  0
SPLINE
  5
86
330
70
100
AcDbEntity
  8
0
 62
     7
370
     0
100
AcDbSpline
210
0.0
220
0.0
230
1.0
 70
     8
 71
     3
 72
    11
 73
     7
 74
     0
 42
0.0000000001
 43
0.0000000001
 40
0.0
 40
0.0
 40
0.0
 40
0.0
 40
1.0
 40
1.0
 40
1.0
 40
2.0
 40
2.0
 40
2.0
 40
2.0
 10
-641.5777988419383
 20
449.1809107756971
 30
0.0
 10
-644.3392225910612
 20
456.6978693971804
 30
0.0
 10
-652.6714978092357
 20
460.5529921137125
 30
0.0
 10
-660.188456430719
 20
457.7915683645891
 30
0.0
 10
-664.1832225038792
 20
456.3240543789345
 30
0.0
 10
-667.3316000339565
 20
453.1756768488572
 30
0.0
 10
-668.799114019611
 20
449.1809107756971
 30
0.0
  0
SPLINE
  5
87
330
70
100
AcDbEntity
  8
0
 62
     7
370
     0
100
AcDbSpline
210
0.0
220
0.0
230
1.0
 70
     8
 71
     3
 72
    11
 73
     7
 74
     0
 42
0.0000000001
 43
0.0000000001
 40
0.0
 40
0.0
 40
0.0
 40
0.0
 40
1.0
 40
1.0
 40
1.0
 40
2.0
 40
2.0
 40
2.0
 40
2.0
 10
-644.5553712717107
 20
449.1809107757618
 30
0.0
 10
-647.3167950208696
 20
455.0534015527651
 30
0.0
 10
-654.315965653781
 20
457.5754196839755
 30
0.0
 10
-660.1884564307838
 20
454.8139959348167
 30
0.0
 10
-662.6648139981699
 20
453.6495372991781
 30
0.0
 10
-664.6570829542001
 20
451.6572683431479
 30
0.0
 10
-665.8215415898386
 20
449.1809107757618
 30
0.0
  0
SPLINE
  5
88
330
70
100
AcDbEntity
  8
0
 62
     7
370
     0
100
AcDbSpline
210
0.0
220
0.0
230
1.0
 70
     8
 71
     3
 72
    11
 73
     7
 74
     0
 42
0.0000000001
 43
0.0000000001
 40
0.0
 40
0.0
 40
0.0
 40
0.0
 40
1.0
 40
1.0
 40
1.0
 40
2.0
 40
2.0
 40
2.0
 40
2.0
 10
-665.8215415898386
 20
439.1809107757436
 30
0.0
 10
-663.0601178406797
 20
433.3084199987403
 30
0.0
 10
-656.0609472077684
 20
430.7864018675298
 30
0.0
 10
-650.1884564307655
 20
433.5478256166887
 30
0.0
 10
-647.7253761974577
 20
434.7060408460725
 30
0.0
 10
-645.7407826935009
 20
436.6834320190429
 30
0.0
 10
-644.5736200816061
 20
439.1422850424429
 30
0.0
  0
LINE
  5
89
330
70
100
AcDbEntity
  8
0
 62
     7
370
     0
100
AcDbLine
 10
-661.7506588049629
 20
440.0346528125793
 30
0.0
 11
-661.7506588049629
 21
448.3271687389055
 31
0.0
  0
LINE
  5
8A
330
70
100
AcDbEntity
  8
0
 62
     7
370
     0
100
AcDbLine
 10
-648.6262540565569
 20
440.0346528125793
 30
0.0
 11
-648.6262540565569
 21
448.3271687389055
 31
0.0
  0
CIRCLE
  5
8B
330
70
100
AcDbEntity
  8
0
 62
     7
370
     0
100
AcDbCircle
 10
-655.1884564307747
 20
444.1809107757527
 30
0.0
 40
4.499999999999838
  0
SPLINE
  5
8C
330
70
100
AcDbEntity
  8
0
 62
     7
370
     0
100
AcDbSpline
210
0.0
220
0.0
230
1.0
 70
     8
 71
     3
 72
    11
 73
     7
 74
     0
 42
0.0000000001
 43
0.0000000001
 40
0.0
 40
0.0
 40
0.0
 40
0.0
 40
1.0
 40
1.0
 40
1.0
 40
2.0
 40
2.0
 40
2.0
 40
2.0
 10
-668.799114019611
 20
439.1809107758084
 30
0.0
 10
-666.0376902704881
 20
431.663952154325
 30
0.0
 10
-657.7054150523137
 20
427.8088294377929
 30
0.0
 10
-650.1884564308303
 20
430.5702531869163
 30
0.0
 10
-646.1936903576702
 20
432.0377671725709
 30
0.0
 10
-643.0453128275929
 20
435.1861447026482
 30
0.0
 10
-641.5777988419383
 20
439.1809107758084
 30
0.0
  0
SPLINE
  5
8D
330
70
100
AcDbEntity
  8
0
 62
     7
370
     0
100
AcDbSpline
210
0.0
220
0.0
230
1.0
 70
     9
 71
     3
 72
    59
 73
    55
 74
     0
 42
0.0000000001
 43
0.0000000001
 40
0.0
 40
0.0
 40
0.0
 40
0.0
 40
1.0
 40
1.0
 40
1.0
 40
2.0
 40
2.0
 40
2.0
 40
3.0
 40
3.0
 40
3.0
 40
4.0
 40
4.0
 40
4.0
 40
5.0
 40
5.0
 40
5.0
 40
6.0
 40
6.0
 40
6.0
 40
7.0
 40
7.0
 40
7.0
 40
8.0
 40
8.0
 40
8.0
 40
9.0
 40
9.0
 40
9.0
 40
10.0
 40
10.0
 40
10.0
 40
11.0
 40
11.0
 40
11.0
 40
12.0
 40
12.0
 40
12.0
 40
13.0
 40
13.0
 40
13.0
 40
14.0
 40
14.0
 40
14.0
 40
15.0
 40
15.0
 40
15.0
 40
16.0
 40
16.0
 40
16.0
 40
17.0
 40
17.0
 40
17.0
 40
18.0
 40
18.0
 40
18.0
 40
18.0
 10
-636.4384564307748
 20
441.1809107757378
 30
0.0
 10
-636.4384564307748
 20
440.628626025912
 30
0.0
 10
-636.88617168094
 20
440.1809107757468
 30
0.0
 10
-637.4384564307659
 20
440.1809107757468
 30
0.0
 10
-637.4384564307659
 20
440.1809107757468
 30
0.0
 10
-647.7009668648008
 20
440.1809107757602
 30
0.0
 10
-647.7009668648008
 20
440.1809107757602
 30
0.0
 10
-648.5316429174214
 20
440.1809107757548
 30
0.0
 10
-649.3251362628706
 20
439.836489144166
 30
0.0
 10
-649.8924272255971
 20
439.2296912635239
 30
0.0
 10
-650.0034648673753
 20
439.1109208086276
 30
0.0
 10
-650.1184664636723
 20
438.9959192123315
 30
0.0
 10
-650.2372369185905
 20
438.8848815705301
 30
0.0
 10
-653.1621530832932
 20
436.1503985408975
 30
0.0
 10
-657.7500026063439
 20
436.3047750988861
 30
0.0
 10
-660.4844856359767
 20
439.2296912635887
 30
0.0
 10
-661.0517765986967
 20
439.8364891442094
 30
0.0
 10
-661.8452699441272
 20
440.1809107757744
 30
0.0
 10
-662.6759459966898
 20
440.1809107757615
 30
0.0
 10
-662.6759459966898
 20
440.1809107757615
 30
0.0
 10
-672.9384564307742
 20
440.1809107757602
 30
0.0
 10
-672.9384564307742
 20
440.1809107757602
 30
0.0
 10
-673.4907411806208
 20
440.1809107757602
 30
0.0
 10
-673.9384564307771
 20
440.6286260259297
 30
0.0
 10
-673.9384564307688
 20
441.1809107757522
 30
0.0
 10
-673.9384564307688
 20
441.1809107757522
 30
0.0
 10
-673.9384564307751
 20
447.1809107757582
 30
0.0
 10
-673.9384564307751
 20
447.1809107757582
 30
0.0
 10
-673.9384564307745
 20
447.7331955255934
 30
0.0
 10
-673.4907411806093
 20
448.1809107757587
 30
0.0
 10
-672.9384564307835
 20
448.1809107757587
 30
0.0
 10
-672.9384564307835
 20
448.1809107757587
 30
0.0
 10
-662.6759459966904
 20
448.1809107757554
 30
0.0
 10
-662.6759459966904
 20
448.1809107757554
 30
0.0
 10
-661.8452699441283
 20
448.1809107757497
 30
0.0
 10
-661.051776598698
 20
448.525332407314
 30
0.0
 10
-660.4844856359769
 20
449.1321302879256
 30
0.0
 10
-660.373447994176
 20
449.2509007428348
 30
0.0
 10
-660.2584463978796
 20
449.3659023391321
 30
0.0
 10
-660.1396759429624
 20
449.4769399809345
 30
0.0
 10
-657.2147597782822
 20
452.2114230105919
 30
0.0
 10
-652.6269102552297
 20
452.0570464526414
 30
0.0
 10
-649.8924272255724
 20
449.132130287961
 30
0.0
 10
-649.3251362628289
 20
448.5253324073442
 30
0.0
 10
-648.5316429173839
 20
448.1809107757682
 30
0.0
 10
-647.7009668648008
 20
448.1809107757593
 30
0.0
 10
-647.7009668648008
 20
448.1809107757593
 30
0.0
 10
-637.4384564307741
 20
448.1809107757554
 30
0.0
 10
-637.4384564307741
 20
448.1809107757554
 30
0.0
 10
-636.8861716809285
 20
448.1809107757452
 30
0.0
 10
-636.4384564307722
 20
447.7331955255757
 30
0.0
 10
-636.4384564307806
 20
447.1809107757531
 30
0.0
 10
-636.4384564307806
 20
447.1809107757531
 30
0.0
 10
-636.4384564307742
 20
441.1809107757574
 30
0.0
 10
-636.4384564307748
 20
441.1809107757378
 30
0.0
  0
SPLINE
  5
8E
330
70
100
AcDbEntity
  8
0
 62
     7
370
     0
100
AcDbSpline
210
0.0
220
0.0
230
1.0
 70
     8
 71
     3
 72
    32
 73
    28
 74
     0
 42
0.0000000001
 43
0.0000000001
 40
0.0
 40
0.0
 40
0.0
 40
0.0
 40
1.0
 40
1.0
 40
1.0
 40
2.0
 40
2.0
 40
2.0
 40
3.0
 40
3.0
 40
3.0
 40
4.0
 40
4.0
 40
4.0
 40
5.0
 40
5.0
 40
5.0
 40
6.0
 40
6.0
 40
6.0
 40
7.0
 40
7.0
 40
7.0
 40
8.0
 40
8.0
 40
8.0
 40
9.0
 40
9.0
 40
9.0
 40
9.0
 10
-635.4384564307745
 20
447.1809107757573
 30
0.0
 10
-635.4384564307745
 20
448.2854802754198
 30
0.0
 10
-636.333886931112
 20
449.18091077576
 30
0.0
 10
-637.4384564307745
 20
449.1809107757628
 30
0.0
 10
-637.4384564307745
 20
449.1809107757628
 30
0.0
 10
-647.7009668648008
 20
449.1809107757535
 30
0.0
 10
-647.7009668648008
 20
449.1809107757535
 30
0.0
 10
-648.2547508998521
 20
449.1809107757391
 30
0.0
 10
-648.7837464634858
 20
449.4105251967767
 30
0.0
 10
-649.1619404386474
 20
449.8150571171847
 30
0.0
 10
-652.2735935413245
 20
453.143409994244
 30
0.0
 10
-657.4942498951195
 20
453.3190798705673
 30
0.0
 10
-660.8226027721769
 20
450.2074267678895
 30
0.0
 10
-660.9577553588035
 20
450.0810735892916
 30
0.0
 10
-661.0886192442412
 20
449.950209703855
 30
0.0
 10
-661.21497242284
 20
449.8150571172293
 30
0.0
 10
-661.5931663980225
 20
449.4105251968024
 30
0.0
 10
-662.1221619616554
 20
449.1809107757558
 30
0.0
 10
-662.675945996712
 20
449.1809107757558
 30
0.0
 10
-662.675945996712
 20
449.1809107757558
 30
0.0
 10
-672.9384564307742
 20
449.1809107757535
 30
0.0
 10
-672.9384564307742
 20
449.1809107757535
 30
0.0
 10
-674.0430259304287
 20
449.1809107757574
 30
0.0
 10
-674.9384564307661
 20
448.285480275422
 30
0.0
 10
-674.9384564307693
 20
447.1809107757628
 30
0.0
 10
-674.9384564307693
 20
447.1809107757628
 30
0.0
 10
-674.9384564307746
 20
441.1809107757574
 30
0.0
 10
-674.9384564307746
 20
441.1809107757574
 30
0.0
  0
SPLINE
  5
8F
330
70
100
AcDbEntity
  8
0
 62
     7
370
     0
100
AcDbSpline
210
0.0
220
0.0
230
1.0
 70
     8
 71
     3
 72
    32
 73
    28
 74
     0
 42
0.0000000001
 43
0.0000000001
 40
0.0
 40
0.0
 40
0.0
 40
0.0
 40
1.0
 40
1.0
 40
1.0
 40
2.0
 40
2.0
 40
2.0
 40
3.0
 40
3.0
 40
3.0
 40
4.0
 40
4.0
 40
4.0
 40
5.0
 40
5.0
 40
5.0
 40
6.0
 40
6.0
 40
6.0
 40
7.0
 40
7.0
 40
7.0
 40
8.0
 40
8.0
 40
8.0
 40
9.0
 40
9.0
 40
9.0
 40
9.0
 10
-674.9384564307749
 20
441.1809107757584
 30
0.0
 10
-674.9384564307749
 20
440.0763412760958
 30
0.0
 10
-674.0430259304373
 20
439.1809107757557
 30
0.0
 10
-672.9384564307748
 20
439.1809107757528
 30
0.0
 10
-672.9384564307748
 20
439.1809107757528
 30
0.0
 10
-662.6759459966904
 20
439.1809107757518
 30
0.0
 10
-662.6759459966904
 20
439.1809107757518
 30
0.0
 10
-662.1221619616343
 20
439.1809107757522
 30
0.0
 10
-661.5931663980038
 20
438.9512963546998
 30
0.0
 10
-661.2149724228429
 20
438.5467644342851
 30
0.0
 10
-658.1033193201395
 20
435.2184115572489
 30
0.0
 10
-652.8826629663419
 20
435.0427416809624
 30
0.0
 10
-649.5543100893057
 20
438.1543947836643
 30
0.0
 10
-649.4191575026801
 20
438.2807479622631
 30
0.0
 10
-649.2882936172434
 20
438.4116118477008
 30
0.0
 10
-649.1619404386455
 20
438.5467644343274
 30
0.0
 10
-648.7837464634858
 20
438.9512963547392
 30
0.0
 10
-648.2547508998521
 20
439.180910775777
 30
0.0
 10
-647.7009668648008
 20
439.1809107757589
 30
0.0
 10
-647.7009668648008
 20
439.1809107757589
 30
0.0
 10
-637.4384564307741
 20
439.1809107757518
 30
0.0
 10
-637.4384564307741
 20
439.1809107757518
 30
0.0
 10
-636.3338869311206
 20
439.1809107757583
 30
0.0
 10
-635.4384564307832
 20
440.0763412760936
 30
0.0
 10
-635.43845643078
 20
441.1809107757528
 30
0.0
 10
-635.43845643078
 20
441.1809107757528
 30
0.0
 10
-635.4384564307747
 20
447.1809107757582
 30
0.0
 10
-635.4384564307747
 20
447.1809107757582
 30
0.0
  0
LWPOLYLINE
  5
90
330
70
100
AcDbEntity
  8
0
 62
     7
370
     0
100
AcDbPolyline
 90
        4
 70
     1
 43
0.0
 10
-281.6339421739046
 20
-168.8190892242387
 10
280.3660578260954
 20
-168.8190892242387
 10
280.3660578260947
 20
543.1809107757613
 10
-281.6339421739052
 20
543.1809107757607
  0
LWPOLYLINE
  5
91
330
70
100
AcDbEntity
  8
0
 62
     7
370
     0
100
AcDbPolyline
 90
        4
 70
     1
 43
0.0
 10
-280.0339421738994
 20
-167.2190892242335
 10
278.7660578260889
 20
-167.2190892242335
 10
278.7660578260895
 20
541.5809107757548
 10
-280.0339421738987
 20
541.5809107757556
  0
LWPOLYLINE
  5
92
330
70
100
AcDbEntity
  8
0
  6
AI-Linetype-0
 62
     7
370
     0
100
AcDbPolyline
 90
        4
 70
     1
 43
0.0
 10
-274.7339421738963
 20
-161.9190892242343
 10
273.4660578260862
 20
-161.9190892242343
 10
273.4660578260864
 20
536.2809107757479
 10
-274.733942173896
 20
536.2809107757461
  0
LWPOLYLINE
  5
94
330
70
100
AcDbEntity
  8
0
 62
     7
370
     0
100
AcDbPolyline
 90
        4
 70
     1
 43
0.0
 10
-273.1339421738898
 20
-160.3190892242291
 10
271.8660578260813
 20
-160.3190892242291
 10
271.8660578260813
 20
534.6809107757414
 10
-273.1339421738898
 20
534.6809107757407
  0
MTEXT
  5
95
330
70
100
AcDbEntity
  8
0
100
AcDbMText
 10
-1107.30553764635
 20
619.5748001245117
 30
0.0
 40
0.2
 41
0.0
 46
0.0
 71
     7
 72
     1
  1
\C7;\FArial|b0|i0|c1;\H23.100000;\W1.000000;VISTA A - VISTA FRONTAL
 73
     1
 44
1.0
  0
INSERT
  5
97
330
70
100
AcDbEntity
  8
0
100
AcDbBlockReference
  2
Block_0
 10
0.0
 20
0.0
 30
0.0
  0
INSERT
  5
9D
330
70
100
AcDbEntity
  8
0
100
AcDbBlockReference
  2
Block_1
 10
0.0
 20
0.0
 30
0.0
  0
INSERT
  5
A5
330
70
100
AcDbEntity
  8
0
100
AcDbBlockReference
  2
Block_2
 10
0.0
 20
0.0
 30
0.0
  0
LWPOLYLINE
  5
AC
330
70
100
AcDbEntity
  8
0
 62
     7
370
     0
100
AcDbPolyline
 90
        6
 70
     1
 43
0.0
 10
-609.6884564307759
 20
547.1809107757532
 10
-1200.688456430776
 20
547.1809107757532
 10
-1202.688456430777
 20
545.180910775753
 10
-1202.688456430777
 20
544.180910775757
 10
-607.6884564307769
 20
544.1809107757587
 10
-607.6884564307759
 20
545.1809107757589
  0
LWPOLYLINE
  5
AD
330
70
100
AcDbEntity
  8
0
 62
     7
370
     0
100
AcDbPolyline
 90
        6
 70
     1
 43
0.0
 10
-609.6884564307759
 20
-208.8190892242453
 10
-1200.688456430776
 20
-208.8190892242453
 10
-1202.688456430777
 20
-206.8190892242452
 10
-1202.688456430777
 20
-205.8190892242388
 10
-607.6884564307769
 20
-205.8190892242407
 10
-607.6884564307759
 20
-206.8190892242407
  0
LWPOLYLINE
  5
AE
330
70
100
AcDbEntity
  8
0
 62
     7
370
     0
100
AcDbPolyline
 90
        6
 70
     1
 43
0.0
 10
294.8660578260879
 20
565.1809107757602
 10
-296.1339421739122
 20
565.1809107757602
 10
-298.1339421739118
 20
563.1809107757601
 10
-298.1339421739118
 20
562.1809107757536
 10
296.8660578260882
 20
562.1809107757555
 10
296.866057826088
 20
563.1809107757556
  0
LWPOLYLINE
  5
AF
330
70
100
AcDbEntity
  8
0
 62
     7
370
     0
100
AcDbPolyline
 90
        6
 70
     1
 43
0.0
 10
294.8660578260879
 20
-190.8190892242382
 10
-296.1339421739122
 20
-190.8190892242382
 10
-298.1339421739118
 20
-188.8190892242382
 10
-298.1339421739118
 20
-187.819089224242
 10
296.8660578260882
 20
-187.8190892242439
 10
296.866057826088
 20
-188.8190892242439
  0
LWPOLYLINE
  5
B0
330
70
100
AcDbEntity
  8
0
 62
     7
370
     0
100
AcDbPolyline
 90
        4
 70
     1
 43
0.0
 10
-220.6339421739133
 20
437.16883272775
 10
219.3660578260868
 20
437.16883272775
 10
219.3660578260868
 20
392.1688327277501
 10
-220.6339421739133
 20
392.168832727753
  0
LWPOLYLINE
  5
B1
330
70
100
AcDbEntity
  8
0
 62
     7
370
     0
100
AcDbPolyline
 90
        4
 70
     1
 43
0.0
 10
486.8207006887989
 20
-168.8190892242387
 10
1048.820700688799
 20
-168.8190892242387
 10
1048.820700688799
 20
543.1809107757613
 10
486.8207006887995
 20
543.1809107757607
  0
LWPOLYLINE
  5
B2
330
70
100
AcDbEntity
  8
0
 62
     7
370
     0
100
AcDbPolyline
 90
        4
 70
     1
 43
0.0
 10
488.4207006888053
 20
-167.2190892242335
 10
1047.220700688793
 20
-167.2190892242335
 10
1047.220700688793
 20
541.5809107757548
 10
488.4207006888047
 20
541.5809107757556
  0
LWPOLYLINE
  5
B3
330
70
100
AcDbEntity
  8
0
  6
AI-Linetype-1
 62
     7
370
     0
100
AcDbPolyline
 90
        4
 70
     1
 43
0.0
 10
493.7207006888072
 20
-161.9190892242343
 10
1041.92070068879
 20
-161.9190892242343
 10
1041.92070068879
 20
536.2809107757479
 10
493.7207006888072
 20
536.2809107757461
  0
LWPOLYLINE
  5
B5
330
70
100
AcDbEntity
  8
0
 62
     7
370
     0
100
AcDbPolyline
 90
        4
 70
     1
 43
0.0
 10
495.3207006888136
 20
-160.3190892242291
 10
1040.320700688784
 20
-160.3190892242291
 10
1040.320700688784
 20
534.6809107757414
 10
495.3207006888136
 20
534.6809107757407
  0
INSERT
  5
B7
330
70
100
AcDbEntity
  8
0
100
AcDbBlockReference
  2
Block_3
 10
0.0
 20
0.0
 30
0.0
  0
LWPOLYLINE
  5
BC
330
70
100
AcDbEntity
  8
0
 62
     7
370
     0
100
AcDbPolyline
 90
        6
 70
     1
 43
0.0
 10
1063.320700688791
 20
565.1809107757602
 10
472.3207006887916
 20
565.1809107757602
 10
470.3207006887915
 20
563.1809107757601
 10
470.3207006887915
 20
562.1809107757536
 10
1065.320700688791
 20
562.1809107757555
 10
1065.320700688791
 20
563.1809107757556
  0
LWPOLYLINE
  5
BD
330
70
100
AcDbEntity
  8
0
 62
     7
370
     0
100
AcDbPolyline
 90
        6
 70
     1
 43
0.0
 10
1063.320700688791
 20
-190.8190892242382
 10
472.3207006887916
 20
-190.8190892242382
 10
470.3207006887915
 20
-188.8190892242382
 10
470.3207006887915
 20
-187.819089224242
 10
1065.320700688791
 20
-187.8190892242439
 10
1065.320700688791
 20
-188.8190892242439
  0
LWPOLYLINE
  5
BE
330
70
100
AcDbEntity
  8
0
 62
     7
370
     0
100
AcDbPolyline
 90
        4
 70
     1
 43
0.0
 10
-220.633942173912
 20
289.1809107757581
 10
219.3660578260881
 20
289.1809107757581
 10
219.3660578260881
 20
244.1809107757582
 10
-220.633942173912
 20
244.1809107757611
  0
LWPOLYLINE
  5
BF
330
70
100
AcDbEntity
  8
0
 62
     7
370
     0
100
AcDbPolyline
 90
        4
 70
     1
 43
0.0
 10
-220.633942173912
 20
138.7028541370937
 10
219.3660578260881
 20
138.7028541370937
 10
219.3660578260881
 20
93.70285413709408
 10
-220.633942173912
 20
93.70285413709664
  0
LWPOLYLINE
  5
C0
330
70
100
AcDbEntity
  8
0
 62
     7
370
     0
100
AcDbPolyline
 90
        4
 70
     1
 43
0.0
 10
-246.1339421739113
 20
524.1809107757555
 10
244.8660578260887
 20
524.1809107757555
 10
244.8660578260887
 20
-149.8190892242445
 10
-246.1339421739113
 20
-149.8190892242438
  0
LINE
  5
C1
330
70
100
AcDbEntity
  8
0
  6
AI-Linetype-2
 62
     7
370
     0
100
AcDbLine
 10
230.5736445422502
 20
-91.6190892242527
 30
0.0
 11
252.7660578261117
 21
-91.6190892242527
 31
0.0
  0
LINE
  5
C3
330
70
100
AcDbEntity
  8
0
  6
AI-Linetype-3
 62
     7
370
     0
100
AcDbLine
 10
230.5736445422502
 20
-110.0190892242469
 30
0.0
 11
252.7660578261117
 21
-110.0190892242469
 31
0.0
  0
LINE
  5
C5
330
70
100
AcDbEntity
  8
0
  6
AI-Linetype-4
 62
     7
370
     0
100
AcDbLine
 10
240.7660578261116
 20
-103.3190892242348
 30
0.0
 11
254.6245863873034
 21
-103.3190892242348
 31
0.0
  0
LINE
  5
C7
330
70
100
AcDbEntity
  8
0
  6
AI-Linetype-5
 62
     7
370
     0
100
AcDbLine
 10
240.7660578261116
 20
-98.31908922423465
 30
0.0
 11
254.6245863873034
 21
-98.31908922423465
 31
0.0
  0
SPLINE
  5
C9
330
70
100
AcDbEntity
  8
0
  6
AI-Linetype-6
 62
     7
370
     0
100
AcDbSpline
210
0.0
220
0.0
230
1.0
 70
     9
 71
     3
 72
    11
 73
     7
 74
     0
 42
0.0000000001
 43
0.0000000001
 40
0.0
 40
0.0
 40
0.0
 40
0.0
 40
1.0
 40
1.0
 40
1.0
 40
2.0
 40
2.0
 40
2.0
 40
2.0
 10
252.7660578263062
 20
-110.0190892237951
 30
0.0
 10
255.4327244927069
 20
-104.1756109631747
 30
0.0
 10
255.4327244927069
 20
-97.46256748529475
 30
0.0
 10
252.7660578263062
 20
-91.6190892246743
 30
0.0
 10
252.7660578263062
 20
-91.6190892246743
 30
0.0
 10
252.7660578263062
 20
-110.0190892237951
 30
0.0
 10
252.7660578263062
 20
-110.0190892237951
 30
0.0
  0
LWPOLYLINE
  5
CB
330
70
100
AcDbEntity
  8
0
  6
AI-Linetype-7
 62
     7
370
     0
100
AcDbPolyline
 90
        4
 70
     0
 43
0.0
 10
232.5664366085534
 20
-94.81908922423485
 10
240.7660578261116
 20
-94.81908922423485
 10
240.7660578261116
 20
-106.8190892242346
 10
232.5664366085534
 20
-106.8190892242352
  0
SPLINE
  5
CD
330
70
100
AcDbEntity
  8
0
 62
     7
370
     0
100
AcDbSpline
210
0.0
220
0.0
230
1.0
 70
     8
 71
     3
 72
    11
 73
     7
 74
     0
 42
0.0000000001
 43
0.0000000001
 40
0.0
 40
0.0
 40
0.0
 40
0.0
 40
1.0
 40
1.0
 40
1.0
 40
2.0
 40
2.0
 40
2.0
 40
2.0
 10
211.6433639955321
 20
-105.8190892241832
 30
0.0
 10
214.404787744658
 20
-110.084215254412
 30
0.0
 10
220.1009317958088
 20
-111.3032068039169
 30
0.0
 10
224.3660578260373
 20
-108.541783054791
 30
0.0
 10
225.459128195931
 20
-107.8340828702014
 30
0.0
 10
226.38951346723
 20
-106.9024035545748
 30
0.0
 10
227.0956937074831
 20
-105.808350606549
 30
0.0
  0
SPLINE
  5
CE
330
70
100
AcDbEntity
  8
0
 62
     7
370
     0
100
AcDbSpline
210
0.0
220
0.0
230
1.0
 70
     8
 71
     3
 72
    11
 73
     7
 74
     0
 42
0.0000000001
 43
0.0000000001
 40
0.0
 40
0.0
 40
0.0
 40
0.0
 40
1.0
 40
1.0
 40
1.0
 40
2.0
 40
2.0
 40
2.0
 40
2.0
 10
227.0887516566447
 20
-95.81908922428622
 30
0.0
 10
224.3273279075188
 20
-91.55396319405742
 30
0.0
 10
218.6311838563681
 20
-90.33497164455257
 30
0.0
 10
214.3660578261396
 20
-93.09639539367847
 30
0.0
 10
213.2766055727437
 20
-93.8017530559715
 30
0.0
 10
212.3487216578252
 20
-94.72963697089005
 30
0.0
 10
211.6433639955321
 20
-95.81908922428622
 30
0.0
  0
SPLINE
  5
CF
330
70
100
AcDbEntity
  8
0
 62
     7
370
     0
100
AcDbSpline
210
0.0
220
0.0
230
1.0
 70
     8
 71
     3
 72
    11
 73
     7
 74
     0
 42
0.0000000001
 43
0.0000000001
 40
0.0
 40
0.0
 40
0.0
 40
0.0
 40
1.0
 40
1.0
 40
1.0
 40
2.0
 40
2.0
 40
2.0
 40
2.0
 10
232.9767154149252
 20
-95.81908922429072
 30
0.0
 10
230.2152916658019
 20
-88.30213060280739
 30
0.0
 10
221.8830164476274
 20
-84.44700788627462
 30
0.0
 10
214.3660578261441
 20
-87.20843163539795
 30
0.0
 10
210.3712917529839
 20
-88.67594562105329
 30
0.0
 10
207.2229142229066
 20
-91.82432315113025
 30
0.0
 10
205.7554002372516
 20
-95.81908922429072
 30
0.0
  0
SPLINE
  5
D0
330
70
100
AcDbEntity
  8
0
 62
     7
370
     0
100
AcDbSpline
210
0.0
220
0.0
230
1.0
 70
     8
 71
     3
 72
    11
 73
     7
 74
     0
 42
0.0000000001
 43
0.0000000001
 40
0.0
 40
0.0
 40
0.0
 40
0.0
 40
1.0
 40
1.0
 40
1.0
 40
2.0
 40
2.0
 40
2.0
 40
2.0
 10
229.9991429851524
 20
-95.81908922422526
 30
0.0
 10
227.2377192359934
 20
-89.94659844722233
 30
0.0
 10
220.2385486030822
 20
-87.42458031601151
 30
0.0
 10
214.3660578260789
 20
-90.18600406517078
 30
0.0
 10
211.8897002586928
 20
-91.35046270080961
 30
0.0
 10
209.8974313026633
 20
-93.34273165683915
 30
0.0
 10
208.7329726670244
 20
-95.81908922422526
 30
0.0
  0
SPLINE
  5
D1
330
70
100
AcDbEntity
  8
0
 62
     7
370
     0
100
AcDbSpline
210
0.0
220
0.0
230
1.0
 70
     8
 71
     3
 72
    11
 73
     7
 74
     0
 42
0.0000000001
 43
0.0000000001
 40
0.0
 40
0.0
 40
0.0
 40
0.0
 40
1.0
 40
1.0
 40
1.0
 40
2.0
 40
2.0
 40
2.0
 40
2.0
 10
208.7329726670244
 20
-105.8190892242442
 30
0.0
 10
211.4943964161834
 20
-111.6915800012471
 30
0.0
 10
218.4935670490947
 20
-114.2135981324579
 30
0.0
 10
224.3660578260979
 20
-111.4521743832987
 30
0.0
 10
226.8291380594054
 20
-110.2939591539149
 30
0.0
 10
228.8137315633622
 20
-108.3165679809445
 30
0.0
 10
229.980894175257
 20
-105.8577149575446
 30
0.0
  0
LINE
  5
D2
330
70
100
AcDbEntity
  8
0
 62
     7
370
     0
100
AcDbLine
 10
212.8038554518993
 20
-104.9653471874122
 30
0.0
 11
212.8038554518993
 21
-96.67283126108674
 31
0.0
  0
LINE
  5
D3
330
70
100
AcDbEntity
  8
0
 62
     7
370
     0
100
AcDbLine
 10
225.9282602003064
 20
-104.9653471874122
 30
0.0
 11
225.9282602003064
 21
-96.67283126108674
 31
0.0
  0
CIRCLE
  5
D4
330
70
100
AcDbEntity
  8
0
 62
     7
370
     0
100
AcDbCircle
 10
219.3660578260884
 20
-100.8190892242349
 30
0.0
 40
4.500000000000238
  0
SPLINE
  5
D5
330
70
100
AcDbEntity
  8
0
 62
     7
370
     0
100
AcDbSpline
210
0.0
220
0.0
230
1.0
 70
     8
 71
     3
 72
    11
 73
     7
 74
     0
 42
0.0000000001
 43
0.0000000001
 40
0.0
 40
0.0
 40
0.0
 40
0.0
 40
1.0
 40
1.0
 40
1.0
 40
2.0
 40
2.0
 40
2.0
 40
2.0
 10
205.7554002372516
 20
-105.8190892241787
 30
0.0
 10
208.516823986375
 20
-113.3360478456621
 30
0.0
 10
216.8490992045494
 20
-117.1911705621949
 30
0.0
 10
224.3660578260328
 20
-114.4297468130715
 30
0.0
 10
228.3608238991929
 20
-112.9622328274162
 30
0.0
 10
231.5092014292702
 20
-109.8138552973392
 30
0.0
 10
232.9767154149252
 20
-105.8190892241787
 30
0.0
  0
SPLINE
  5
D6
330
70
100
AcDbEntity
  8
0
 62
     7
370
     0
100
AcDbSpline
210
0.0
220
0.0
230
1.0
 70
     9
 71
     3
 72
    59
 73
    55
 74
     0
 42
0.0000000001
 43
0.0000000001
 40
0.0
 40
0.0
 40
0.0
 40
0.0
 40
1.0
 40
1.0
 40
1.0
 40
2.0
 40
2.0
 40
2.0
 40
3.0
 40
3.0
 40
3.0
 40
4.0
 40
4.0
 40
4.0
 40
5.0
 40
5.0
 40
5.0
 40
6.0
 40
6.0
 40
6.0
 40
7.0
 40
7.0
 40
7.0
 40
8.0
 40
8.0
 40
8.0
 40
9.0
 40
9.0
 40
9.0
 40
10.0
 40
10.0
 40
10.0
 40
11.0
 40
11.0
 40
11.0
 40
12.0
 40
12.0
 40
12.0
 40
13.0
 40
13.0
 40
13.0
 40
14.0
 40
14.0
 40
14.0
 40
15.0
 40
15.0
 40
15.0
 40
16.0
 40
16.0
 40
16.0
 40
17.0
 40
17.0
 40
17.0
 40
18.0
 40
18.0
 40
18.0
 40
18.0
 10
238.1160578260883
 20
-103.8190892242345
 30
0.0
 10
238.1160578260883
 20
-104.3713739740655
 30
0.0
 10
237.6683425759192
 20
-104.8190892242345
 30
0.0
 10
237.1160578260885
 20
-104.8190892242345
 30
0.0
 10
237.1160578260885
 20
-104.8190892242345
 30
0.0
 10
226.8535473920623
 20
-104.8190892242352
 30
0.0
 10
226.8535473920623
 20
-104.8190892242352
 30
0.0
 10
226.0228713394763
 20
-104.8190892242345
 30
0.0
 10
225.2293779940271
 20
-105.1635108558137
 30
0.0
 10
224.6620870312895
 20
-105.7703087364426
 30
0.0
 10
224.5510493894807
 20
-105.8890791913672
 30
0.0
 10
224.4360477931763
 20
-106.004080787671
 30
0.0
 10
224.3172773382508
 20
-106.1151184294787
 30
0.0
 10
221.3923611735478
 20
-108.8496014590999
 30
0.0
 10
216.8045116505066
 20
-108.6952249011017
 30
0.0
 10
214.0700286208855
 20
-105.770308736399
 30
0.0
 10
213.5027376581606
 20
-105.1635108557925
 30
0.0
 10
212.7092443127333
 20
-104.8190892242294
 30
0.0
 10
211.8785682601723
 20
-104.8190892242345
 30
0.0
 10
211.8785682601723
 20
-104.8190892242345
 30
0.0
 10
201.6160578260883
 20
-104.8190892242352
 30
0.0
 10
201.6160578260883
 20
-104.8190892242352
 30
0.0
 10
201.0637730762573
 20
-104.8190892242345
 30
0.0
 10
200.6160578260879
 20
-104.3713739740655
 30
0.0
 10
200.6160578260879
 20
-103.8190892242345
 30
0.0
 10
200.6160578260879
 20
-103.8190892242345
 30
0.0
 10
200.6160578260882
 20
-97.81908922423497
 30
0.0
 10
200.6160578260882
 20
-97.81908922423497
 30
0.0
 10
200.6160578260882
 20
-97.26680447440401
 30
0.0
 10
201.0637730762573
 20
-96.81908922423493
 30
0.0
 10
201.6160578260879
 20
-96.81908922423493
 30
0.0
 10
201.6160578260879
 20
-96.81908922423493
 30
0.0
 10
211.8785682601723
 20
-96.81908922423493
 30
0.0
 10
211.8785682601723
 20
-96.81908922423493
 30
0.0
 10
212.7092443127529
 20
-96.81908922423493
 30
0.0
 10
213.5027376581779
 20
-96.47466759266606
 30
0.0
 10
214.0700286208989
 20
-95.86786971205569
 30
0.0
 10
214.1810662626932
 20
-95.74909925714523
 30
0.0
 10
214.2960678589966
 20
-95.63409766084086
 30
0.0
 10
214.4148383139216
 20
-95.52306001903179
 30
0.0
 10
217.3397544786018
 20
-92.78857698938628
 30
0.0
 10
221.9276040016442
 20
-92.94295354734662
 30
0.0
 10
224.6620870312898
 20
-95.86786971202682
 30
0.0
 10
225.2293779940274
 20
-96.47466759265581
 30
0.0
 10
226.0228713394766
 20
-96.81908922423493
 30
0.0
 10
226.8535473920626
 20
-96.81908922423493
 30
0.0
 10
226.8535473920626
 20
-96.81908922423493
 30
0.0
 10
237.1160578260882
 20
-96.81908922423493
 30
0.0
 10
237.1160578260882
 20
-96.81908922423493
 30
0.0
 10
237.6683425759195
 20
-96.81908922423493
 30
0.0
 10
238.1160578260886
 20
-97.26680447440401
 30
0.0
 10
238.1160578260886
 20
-97.81908922423497
 30
0.0
 10
238.1160578260886
 20
-97.81908922423497
 30
0.0
 10
238.1160578260883
 20
-103.8190892242351
 30
0.0
 10
238.1160578260883
 20
-103.8190892242345
 30
0.0
  0
SPLINE
  5
D7
330
70
100
AcDbEntity
  8
0
 62
     7
370
     0
100
AcDbSpline
210
0.0
220
0.0
230
1.0
 70
     8
 71
     3
 72
    32
 73
    28
 74
     0
 42
0.0000000001
 43
0.0000000001
 40
0.0
 40
0.0
 40
0.0
 40
0.0
 40
1.0
 40
1.0
 40
1.0
 40
2.0
 40
2.0
 40
2.0
 40
3.0
 40
3.0
 40
3.0
 40
4.0
 40
4.0
 40
4.0
 40
5.0
 40
5.0
 40
5.0
 40
6.0
 40
6.0
 40
6.0
 40
7.0
 40
7.0
 40
7.0
 40
8.0
 40
8.0
 40
8.0
 40
9.0
 40
9.0
 40
9.0
 40
9.0
 10
239.116057826088
 20
-97.81908922423497
 30
0.0
 10
239.116057826088
 20
-96.71451972457305
 30
0.0
 10
238.2206273257498
 20
-95.81908922423489
 30
0.0
 10
237.1160578260882
 20
-95.81908922423489
 30
0.0
 10
237.1160578260882
 20
-95.81908922423489
 30
0.0
 10
226.8535473920623
 20
-95.81908922423489
 30
0.0
 10
226.8535473920623
 20
-95.81908922423489
 30
0.0
 10
226.2997633570116
 20
-95.81908922424835
 30
0.0
 10
225.7707677933796
 20
-95.58947480321165
 30
0.0
 10
225.3925738182153
 20
-95.18494288280688
 30
0.0
 10
222.2809207155565
 20
-91.8565900057489
 30
0.0
 10
217.0602643617763
 20
-91.68092012940954
 30
0.0
 10
213.731911484718
 20
-94.79257323206869
 30
0.0
 10
213.5967588980795
 20
-94.91892641067684
 30
0.0
 10
213.4658950126303
 20
-95.04979029612506
 30
0.0
 10
213.3395418340208
 20
-95.18494288276325
 30
0.0
 10
212.9613478588608
 20
-95.58947480318279
 30
0.0
 10
212.4323522952278
 20
-95.81908922423489
 30
0.0
 10
211.8785682601707
 20
-95.81908922423489
 30
0.0
 10
211.8785682601707
 20
-95.81908922423489
 30
0.0
 10
201.6160578260883
 20
-95.81908922423489
 30
0.0
 10
201.6160578260883
 20
-95.81908922423489
 30
0.0
 10
200.511488326427
 20
-95.81908922423489
 30
0.0
 10
199.6160578260888
 20
-96.71451972457305
 30
0.0
 10
199.6160578260885
 20
-97.81908922423497
 30
0.0
 10
199.6160578260885
 20
-97.81908922423497
 30
0.0
 10
199.6160578260882
 20
-103.8190892242351
 30
0.0
 10
199.6160578260882
 20
-103.8190892242351
 30
0.0
  0
SPLINE
  5
D8
330
70
100
AcDbEntity
  8
0
 62
     7
370
     0
100
AcDbSpline
210
0.0
220
0.0
230
1.0
 70
     8
 71
     3
 72
    32
 73
    28
 74
     0
 42
0.0000000001
 43
0.0000000001
 40
0.0
 40
0.0
 40
0.0
 40
0.0
 40
1.0
 40
1.0
 40
1.0
 40
2.0
 40
2.0
 40
2.0
 40
3.0
 40
3.0
 40
3.0
 40
4.0
 40
4.0
 40
4.0
 40
5.0
 40
5.0
 40
5.0
 40
6.0
 40
6.0
 40
6.0
 40
7.0
 40
7.0
 40
7.0
 40
8.0
 40
8.0
 40
8.0
 40
9.0
 40
9.0
 40
9.0
 40
9.0
 10
199.6160578260882
 20
-103.8190892242345
 30
0.0
 10
199.6160578260882
 20
-104.9236587238964
 30
0.0
 10
200.5114883264267
 20
-105.8190892242352
 30
0.0
 10
201.6160578260883
 20
-105.8190892242352
 30
0.0
 10
201.6160578260883
 20
-105.8190892242352
 30
0.0
 10
211.8785682601723
 20
-105.8190892242346
 30
0.0
 10
211.8785682601723
 20
-105.8190892242346
 30
0.0
 10
212.4323522952294
 20
-105.8190892242352
 30
0.0
 10
212.9613478588621
 20
-106.048703645288
 30
0.0
 10
213.3395418340208
 20
-106.4532355657068
 30
0.0
 10
216.4511949367041
 20
-109.7815884427424
 30
0.0
 10
221.6718512904856
 20
-109.9572583190432
 30
0.0
 10
225.0002041675211
 20
-106.8456052163603
 30
0.0
 10
225.135356754159
 20
-106.7192520377509
 30
0.0
 10
225.2662206396072
 20
-106.588388152302
 30
0.0
 10
225.3925738182153
 20
-106.4532355656632
 30
0.0
 10
225.7707677933796
 20
-106.0487036452578
 30
0.0
 10
226.2997633570116
 20
-105.8190892242211
 30
0.0
 10
226.8535473920623
 20
-105.8190892242346
 30
0.0
 10
226.8535473920623
 20
-105.8190892242346
 30
0.0
 10
237.1160578260882
 20
-105.8190892242346
 30
0.0
 10
237.1160578260882
 20
-105.8190892242346
 30
0.0
 10
238.2206273257495
 20
-105.8190892242346
 30
0.0
 10
239.1160578260877
 20
-104.9236587238964
 30
0.0
 10
239.116057826088
 20
-103.8190892242351
 30
0.0
 10
239.116057826088
 20
-103.8190892242351
 30
0.0
 10
239.1160578260883
 20
-97.81908922423497
 30
0.0
 10
239.1160578260883
 20
-97.81908922423497
 30
0.0
  0
LINE
  5
D9
330
70
100
AcDbEntity
  8
0
  6
AI-Linetype-8
 62
     7
370
     0
100
AcDbLine
 10
230.5736445422502
 20
488.880910775744
 30
0.0
 11
252.7660578261117
 21
488.880910775744
 31
0.0
  0
LINE
  5
DB
330
70
100
AcDbEntity
  8
0
  6
AI-Linetype-9
 62
     7
370
     0
100
AcDbLine
 10
230.5736445422502
 20
470.4809107757498
 30
0.0
 11
252.7660578261117
 21
470.4809107757498
 31
0.0
  0
LINE
  5
DD
330
70
100
AcDbEntity
  8
0
  6
AI-Linetype-10
 62
     7
370
     0
100
AcDbLine
 10
240.7660578261116
 20
477.1809107757616
 30
0.0
 11
254.6245863873034
 21
477.1809107757616
 31
0.0
  0
LINE
  5
DF
330
70
100
AcDbEntity
  8
0
  6
AI-Linetype-11
 62
     7
370
     0
100
AcDbLine
 10
240.7660578261116
 20
482.1809107757614
 30
0.0
 11
254.6245863873034
 21
482.1809107757614
 31
0.0
  0
SPLINE
  5
E1
330
70
100
AcDbEntity
  8
0
  6
AI-Linetype-12
 62
     7
370
     0
100
AcDbSpline
210
0.0
220
0.0
230
1.0
 70
     9
 71
     3
 72
    11
 73
     7
 74
     0
 42
0.0000000001
 43
0.0000000001
 40
0.0
 40
0.0
 40
0.0
 40
0.0
 40
1.0
 40
1.0
 40
1.0
 40
2.0
 40
2.0
 40
2.0
 40
2.0
 10
252.7660578263062
 20
470.4809107762012
 30
0.0
 10
255.4327244927069
 20
476.3243890368216
 30
0.0
 10
255.4327244927069
 20
483.0374325147016
 30
0.0
 10
252.7660578263062
 20
488.8809107753221
 30
0.0
 10
252.7660578263062
 20
488.8809107753221
 30
0.0
 10
252.7660578263062
 20
470.4809107762012
 30
0.0
 10
252.7660578263062
 20
470.4809107762012
 30
0.0
  0
LWPOLYLINE
  5
E3
330
70
100
AcDbEntity
  8
0
  6
AI-Linetype-13
 62
     7
370
     0
100
AcDbPolyline
 90
        4
 70
     0
 43
0.0
 10
232.5664366085534
 20
485.6809107757615
 10
240.7660578261116
 20
485.6809107757615
 10
240.7660578261116
 20
473.6809107757614
 10
232.5664366085534
 20
473.6809107757614
  0
SPLINE
  5
E5
330
70
100
AcDbEntity
  8
0
 62
     7
370
     0
100
AcDbSpline
210
0.0
220
0.0
230
1.0
 70
     8
 71
     3
 72
    11
 73
     7
 74
     0
 42
0.0000000001
 43
0.0000000001
 40
0.0
 40
0.0
 40
0.0
 40
0.0
 40
1.0
 40
1.0
 40
1.0
 40
2.0
 40
2.0
 40
2.0
 40
2.0
 10
211.6433639955321
 20
474.6809107758128
 30
0.0
 10
214.404787744658
 20
470.4157847455843
 30
0.0
 10
220.1009317958088
 20
469.1967931960798
 30
0.0
 10
224.3660578260373
 20
471.9582169452054
 30
0.0
 10
225.459128195931
 20
472.6659171297949
 30
0.0
 10
226.38951346723
 20
473.5975964454213
 30
0.0
 10
227.0956937074831
 20
474.6916493934474
 30
0.0
  0
SPLINE
  5
E6
330
70
100
AcDbEntity
  8
0
 62
     7
370
     0
100
AcDbSpline
210
0.0
220
0.0
230
1.0
 70
     8
 71
     3
 72
    11
 73
     7
 74
     0
 42
0.0000000001
 43
0.0000000001
 40
0.0
 40
0.0
 40
0.0
 40
0.0
 40
1.0
 40
1.0
 40
1.0
 40
2.0
 40
2.0
 40
2.0
 40
2.0
 10
227.0887516566447
 20
484.6809107757104
 30
0.0
 10
224.3273279075188
 20
488.9460368059389
 30
0.0
 10
218.6311838563681
 20
490.1650283554435
 30
0.0
 10
214.3660578261396
 20
487.403604606318
 30
0.0
 10
213.2766055727437
 20
486.6982469440249
 30
0.0
 10
212.3487216578252
 20
485.7703630291063
 30
0.0
 10
211.6433639955321
 20
484.6809107757104
 30
0.0
  0
SPLINE
  5
E7
330
70
100
AcDbEntity
  8
0
 62
     7
370
     0
100
AcDbSpline
210
0.0
220
0.0
230
1.0
 70
     8
 71
     3
 72
    11
 73
     7
 74
     0
 42
0.0000000001
 43
0.0000000001
 40
0.0
 40
0.0
 40
0.0
 40
0.0
 40
1.0
 40
1.0
 40
1.0
 40
2.0
 40
2.0
 40
2.0
 40
2.0
 10
232.9767154149252
 20
484.680910775706
 30
0.0
 10
230.2152916658019
 20
492.1978693971893
 30
0.0
 10
221.8830164476274
 20
496.0529921137214
 30
0.0
 10
214.3660578261441
 20
493.2915683645984
 30
0.0
 10
210.3712917529839
 20
491.8240543789434
 30
0.0
 10
207.2229142229066
 20
488.6756768488661
 30
0.0
 10
205.7554002372516
 20
484.680910775706
 30
0.0
  0
SPLINE
  5
E8
330
70
100
AcDbEntity
  8
0
 62
     7
370
     0
100
AcDbSpline
210
0.0
220
0.0
230
1.0
 70
     8
 71
     3
 72
    11
 73
     7
 74
     0
 42
0.0000000001
 43
0.0000000001
 40
0.0
 40
0.0
 40
0.0
 40
0.0
 40
1.0
 40
1.0
 40
1.0
 40
2.0
 40
2.0
 40
2.0
 40
2.0
 10
229.9991429851524
 20
484.6809107757711
 30
0.0
 10
227.2377192359934
 20
490.5534015527741
 30
0.0
 10
220.2385486030822
 20
493.0754196839849
 30
0.0
 10
214.3660578260789
 20
490.3139959348256
 30
0.0
 10
211.8897002586928
 20
489.1495372991868
 30
0.0
 10
209.8974313026633
 20
487.1572683431573
 30
0.0
 10
208.7329726670244
 20
484.6809107757711
 30
0.0
  0
SPLINE
  5
E9
330
70
100
AcDbEntity
  8
0
 62
     7
370
     0
100
AcDbSpline
210
0.0
220
0.0
230
1.0
 70
     8
 71
     3
 72
    11
 73
     7
 74
     0
 42
0.0000000001
 43
0.0000000001
 40
0.0
 40
0.0
 40
0.0
 40
0.0
 40
1.0
 40
1.0
 40
1.0
 40
2.0
 40
2.0
 40
2.0
 40
2.0
 10
208.7329726670244
 20
474.6809107757521
 30
0.0
 10
211.4943964161834
 20
468.8084199987493
 30
0.0
 10
218.4935670490947
 20
466.2864018675384
 30
0.0
 10
224.3660578260979
 20
469.0478256166977
 30
0.0
 10
226.8291380594054
 20
470.2060408460814
 30
0.0
 10
228.8137315633622
 20
472.1834320190518
 30
0.0
 10
229.980894175257
 20
474.6422850424518
 30
0.0
  0
LINE
  5
EA
330
70
100
AcDbEntity
  8
0
 62
     7
370
     0
100
AcDbLine
 10
212.8038554518993
 20
475.5346528125845
 30
0.0
 11
212.8038554518993
 21
483.8271687389096
 31
0.0
  0
LINE
  5
EB
330
70
100
AcDbEntity
  8
0
 62
     7
370
     0
100
AcDbLine
 10
225.9282602003064
 20
475.5346528125845
 30
0.0
 11
225.9282602003064
 21
483.8271687389096
 31
0.0
  0
CIRCLE
  5
EC
330
70
100
AcDbEntity
  8
0
 62
     7
370
     0
100
AcDbCircle
 10
219.3660578260884
 20
479.6809107757616
 30
0.0
 40
4.500000000000158
  0
SPLINE
  5
ED
330
70
100
AcDbEntity
  8
0
 62
     7
370
     0
100
AcDbSpline
210
0.0
220
0.0
230
1.0
 70
     8
 71
     3
 72
    11
 73
     7
 74
     0
 42
0.0000000001
 43
0.0000000001
 40
0.0
 40
0.0
 40
0.0
 40
0.0
 40
1.0
 40
1.0
 40
1.0
 40
2.0
 40
2.0
 40
2.0
 40
2.0
 10
205.7554002372516
 20
474.6809107758173
 30
0.0
 10
208.516823986375
 20
467.1639521543339
 30
0.0
 10
216.8490992045494
 20
463.3088294378018
 30
0.0
 10
224.3660578260328
 20
466.0702531869248
 30
0.0
 10
228.3608238991929
 20
467.5377671725798
 30
0.0
 10
231.5092014292702
 20
470.6861447026572
 30
0.0
 10
232.9767154149252
 20
474.6809107758173
 30
0.0
  0
SPLINE
  5
EE
330
70
100
AcDbEntity
  8
0
 62
     7
370
     0
100
AcDbSpline
210
0.0
220
0.0
230
1.0
 70
     9
 71
     3
 72
    59
 73
    55
 74
     0
 42
0.0000000001
 43
0.0000000001
 40
0.0
 40
0.0
 40
0.0
 40
0.0
 40
1.0
 40
1.0
 40
1.0
 40
2.0
 40
2.0
 40
2.0
 40
3.0
 40
3.0
 40
3.0
 40
4.0
 40
4.0
 40
4.0
 40
5.0
 40
5.0
 40
5.0
 40
6.0
 40
6.0
 40
6.0
 40
7.0
 40
7.0
 40
7.0
 40
8.0
 40
8.0
 40
8.0
 40
9.0
 40
9.0
 40
9.0
 40
10.0
 40
10.0
 40
10.0
 40
11.0
 40
11.0
 40
11.0
 40
12.0
 40
12.0
 40
12.0
 40
13.0
 40
13.0
 40
13.0
 40
14.0
 40
14.0
 40
14.0
 40
15.0
 40
15.0
 40
15.0
 40
16.0
 40
16.0
 40
16.0
 40
17.0
 40
17.0
 40
17.0
 40
18.0
 40
18.0
 40
18.0
 40
18.0
 10
238.1160578260883
 20
476.6809107757615
 30
0.0
 10
238.1160578260883
 20
476.1286260259309
 30
0.0
 10
237.6683425759192
 20
475.6809107757618
 30
0.0
 10
237.1160578260885
 20
475.6809107757618
 30
0.0
 10
237.1160578260885
 20
475.6809107757618
 30
0.0
 10
226.8535473920623
 20
475.6809107757615
 30
0.0
 10
226.8535473920623
 20
475.6809107757615
 30
0.0
 10
226.0228713394763
 20
475.6809107757618
 30
0.0
 10
225.2293779940271
 20
475.3364891441827
 30
0.0
 10
224.6620870312895
 20
474.7296912635538
 30
0.0
 10
224.5510493894807
 20
474.6109208086291
 30
0.0
 10
224.4360477931763
 20
474.4959192123254
 30
0.0
 10
224.3172773382508
 20
474.3848815705177
 30
0.0
 10
221.3923611735481
 20
471.6503985408965
 30
0.0
 10
216.8045116505066
 20
471.8047750988944
 30
0.0
 10
214.0700286208855
 20
474.7296912635973
 30
0.0
 10
213.5027376581606
 20
475.3364891442039
 30
0.0
 10
212.7092443127333
 20
475.6809107757673
 30
0.0
 10
211.8785682601723
 20
475.6809107757618
 30
0.0
 10
211.8785682601723
 20
475.6809107757618
 30
0.0
 10
201.6160578260883
 20
475.6809107757615
 30
0.0
 10
201.6160578260883
 20
475.6809107757615
 30
0.0
 10
201.0637730762573
 20
475.6809107757615
 30
0.0
 10
200.6160578260879
 20
476.1286260259309
 30
0.0
 10
200.6160578260879
 20
476.6809107757615
 30
0.0
 10
200.6160578260879
 20
476.6809107757615
 30
0.0
 10
200.6160578260882
 20
482.6809107757614
 30
0.0
 10
200.6160578260882
 20
482.6809107757614
 30
0.0
 10
200.6160578260882
 20
483.2331955255921
 30
0.0
 10
201.0637730762573
 20
483.6809107757611
 30
0.0
 10
201.6160578260879
 20
483.6809107757611
 30
0.0
 10
201.6160578260879
 20
483.6809107757611
 30
0.0
 10
211.8785682601723
 20
483.6809107757614
 30
0.0
 10
211.8785682601723
 20
483.6809107757614
 30
0.0
 10
212.7092443127529
 20
483.6809107757618
 30
0.0
 10
213.5027376581779
 20
484.0253324073303
 30
0.0
 10
214.0700286208989
 20
484.6321302879403
 30
0.0
 10
214.1810662626932
 20
484.7509007428511
 30
0.0
 10
214.2960678589966
 20
484.8659023391555
 30
0.0
 10
214.4148383139216
 20
484.9769399809646
 30
0.0
 10
217.3397544786018
 20
487.7114230106098
 30
0.0
 10
221.9276040016442
 20
487.5570464526497
 30
0.0
 10
224.6620870312898
 20
484.6321302879696
 30
0.0
 10
225.2293779940274
 20
484.0253324073406
 30
0.0
 10
226.0228713394766
 20
483.6809107757614
 30
0.0
 10
226.8535473920626
 20
483.6809107757614
 30
0.0
 10
226.8535473920626
 20
483.6809107757614
 30
0.0
 10
237.1160578260882
 20
483.6809107757614
 30
0.0
 10
237.1160578260882
 20
483.6809107757614
 30
0.0
 10
237.6683425759195
 20
483.6809107757614
 30
0.0
 10
238.1160578260886
 20
483.2331955255924
 30
0.0
 10
238.1160578260886
 20
482.6809107757614
 30
0.0
 10
238.1160578260886
 20
482.6809107757614
 30
0.0
 10
238.1160578260883
 20
476.6809107757615
 30
0.0
 10
238.1160578260883
 20
476.6809107757615
 30
0.0
  0
SPLINE
  5
EF
330
70
100
AcDbEntity
  8
0
 62
     7
370
     0
100
AcDbSpline
210
0.0
220
0.0
230
1.0
 70
     8
 71
     3
 72
    32
 73
    28
 74
     0
 42
0.0000000001
 43
0.0000000001
 40
0.0
 40
0.0
 40
0.0
 40
0.0
 40
1.0
 40
1.0
 40
1.0
 40
2.0
 40
2.0
 40
2.0
 40
3.0
 40
3.0
 40
3.0
 40
4.0
 40
4.0
 40
4.0
 40
5.0
 40
5.0
 40
5.0
 40
6.0
 40
6.0
 40
6.0
 40
7.0
 40
7.0
 40
7.0
 40
8.0
 40
8.0
 40
8.0
 40
9.0
 40
9.0
 40
9.0
 40
9.0
 10
239.116057826088
 20
482.6809107757614
 30
0.0
 10
239.116057826088
 20
483.7854802754231
 30
0.0
 10
238.2206273257498
 20
484.6809107757615
 30
0.0
 10
237.1160578260882
 20
484.6809107757615
 30
0.0
 10
237.1160578260882
 20
484.6809107757615
 30
0.0
 10
226.8535473920623
 20
484.6809107757615
 30
0.0
 10
226.8535473920623
 20
484.6809107757615
 30
0.0
 10
226.2997633570116
 20
484.6809107757477
 30
0.0
 10
225.7707677933796
 20
484.9105251967848
 30
0.0
 10
225.3925738182153
 20
485.3150571171898
 30
0.0
 10
222.2809207155565
 20
488.6434099942478
 30
0.0
 10
217.0602643617763
 20
488.8190798705869
 30
0.0
 10
213.731911484718
 20
485.7074267679277
 30
0.0
 10
213.5967588980795
 20
485.5810735893196
 30
0.0
 10
213.4658950126303
 20
485.4502097038713
 30
0.0
 10
213.3395418340208
 20
485.3150571172334
 30
0.0
 10
212.9613478588608
 20
484.9105251968136
 30
0.0
 10
212.4323522952278
 20
484.6809107757615
 30
0.0
 10
211.8785682601707
 20
484.6809107757615
 30
0.0
 10
211.8785682601707
 20
484.6809107757615
 30
0.0
 10
201.6160578260883
 20
484.6809107757615
 30
0.0
 10
201.6160578260883
 20
484.6809107757615
 30
0.0
 10
200.511488326427
 20
484.6809107757615
 30
0.0
 10
199.6160578260888
 20
483.7854802754233
 30
0.0
 10
199.6160578260885
 20
482.6809107757617
 30
0.0
 10
199.6160578260885
 20
482.6809107757617
 30
0.0
 10
199.6160578260882
 20
476.6809107757615
 30
0.0
 10
199.6160578260882
 20
476.6809107757615
 30
0.0
  0
SPLINE
  5
F0
330
70
100
AcDbEntity
  8
0
 62
     7
370
     0
100
AcDbSpline
210
0.0
220
0.0
230
1.0
 70
     8
 71
     3
 72
    32
 73
    28
 74
     0
 42
0.0000000001
 43
0.0000000001
 40
0.0
 40
0.0
 40
0.0
 40
0.0
 40
1.0
 40
1.0
 40
1.0
 40
2.0
 40
2.0
 40
2.0
 40
3.0
 40
3.0
 40
3.0
 40
4.0
 40
4.0
 40
4.0
 40
5.0
 40
5.0
 40
5.0
 40
6.0
 40
6.0
 40
6.0
 40
7.0
 40
7.0
 40
7.0
 40
8.0
 40
8.0
 40
8.0
 40
9.0
 40
9.0
 40
9.0
 40
9.0
 10
199.6160578260882
 20
476.6809107757615
 30
0.0
 10
199.6160578260882
 20
475.5763412760999
 30
0.0
 10
200.5114883264267
 20
474.6809107757615
 30
0.0
 10
201.6160578260883
 20
474.6809107757611
 30
0.0
 10
201.6160578260883
 20
474.6809107757611
 30
0.0
 10
211.8785682601723
 20
474.6809107757615
 30
0.0
 10
211.8785682601723
 20
474.6809107757615
 30
0.0
 10
212.4323522952294
 20
474.6809107757611
 30
0.0
 10
212.9613478588621
 20
474.4512963547085
 30
0.0
 10
213.3395418340208
 20
474.0467644342896
 30
0.0
 10
216.4511949367041
 20
470.7184115572539
 30
0.0
 10
221.6718512904856
 20
470.5427416809532
 30
0.0
 10
225.0002041675211
 20
473.654394783636
 30
0.0
 10
225.135356754159
 20
473.7807479622455
 30
0.0
 10
225.2662206396072
 20
473.9116118476947
 30
0.0
 10
225.3925738182153
 20
474.0467644343332
 30
0.0
 10
225.7707677933796
 20
474.4512963547383
 30
0.0
 10
226.2997633570116
 20
474.6809107757753
 30
0.0
 10
226.8535473920623
 20
474.6809107757615
 30
0.0
 10
226.8535473920623
 20
474.6809107757615
 30
0.0
 10
237.1160578260882
 20
474.6809107757615
 30
0.0
 10
237.1160578260882
 20
474.6809107757615
 30
0.0
 10
238.2206273257495
 20
474.6809107757615
 30
0.0
 10
239.1160578260877
 20
475.5763412760999
 30
0.0
 10
239.116057826088
 20
476.6809107757612
 30
0.0
 10
239.116057826088
 20
476.6809107757612
 30
0.0
 10
239.1160578260883
 20
482.6809107757614
 30
0.0
 10
239.1160578260883
 20
482.6809107757614
 30
0.0
  0
LWPOLYLINE
  5
F1
330
70
100
AcDbEntity
  8
0
 62
     7
370
     0
100
AcDbPolyline
 90
        4
 70
     1
 43
0.0
 10
1021.672931930685
 20
-160.3190892242291
 10
1021.672931930685
 20
-80.31908922422889
 10
1027.672931930685
 20
-80.31908922422632
 10
1027.672931930685
 20
-160.3190892242266
  0
LWPOLYLINE
  5
F2
330
70
100
AcDbEntity
  8
0
 62
     7
370
     0
100
AcDbPolyline
 90
        6
 70
     0
 43
0.0
 10
1027.672931930685
 20
-141.4330467963162
 10
1040.320700688784
 20
-141.4330467963162
 10
1040.320700688784
 20
-160.3190892242278
 10
1010.809072882296
 20
-160.3190892242291
 10
1010.809072882296
 20
-141.4330467963174
 10
1021.672931930686
 20
-141.4330467963162
  0
INSERT
  5
F4
330
70
100
AcDbEntity
  8
0
100
AcDbBlockReference
  2
Block_4
 10
0.0
 20
0.0
 30
0.0
  0
LWPOLYLINE
  5
FD
330
70
100
AcDbEntity
  8
0
 62
     7
370
     0
100
AcDbPolyline
 90
        4
 70
     1
 43
0.0
 10
1010.809072882296
 20
-160.3190892242291
 10
1010.809072882296
 20
-141.4330467963174
 10
1017.417298569929
 20
-141.4330467963162
 10
1017.417298569927
 20
-160.3190892242278
  0
LINE
  5
FE
330
70
100
AcDbEntity
  8
0
 62
     7
370
     0
100
AcDbLine
 10
1026.094925035629
 20
-139.0963245898145
 30
0.0
 11
1026.094925035629
 21
-140.2339190737718
 31
0.0
  0
LINE
  5
FF
330
70
100
AcDbEntity
  8
0
 62
     7
370
     0
100
AcDbLine
 10
1025.28235754709
 20
-140.2339190737718
 30
0.0
 11
1025.28235754709
 21
-142.5261787668696
 31
0.0
  0
LINE
  5
100
330
70
100
AcDbEntity
  8
0
 62
     7
370
     0
100
AcDbLine
 10
1025.28235754709
 20
-139.0963245898145
 30
0.0
 11
1025.28235754709
 21
-136.8040648967166
 31
0.0
  0
LINE
  5
101
330
70
100
AcDbEntity
  8
0
 62
     7
370
     0
100
AcDbLine
 10
1024.063506314282
 20
-140.2339190737718
 30
0.0
 11
1024.063506314282
 21
-142.5261787668696
 31
0.0
  0
LINE
  5
102
330
70
100
AcDbEntity
  8
0
 62
     7
370
     0
100
AcDbLine
 10
1024.063506314282
 20
-139.0963245898145
 30
0.0
 11
1024.063506314282
 21
-136.8040648967166
 31
0.0
  0
LINE
  5
103
330
70
100
AcDbEntity
  8
0
 62
     7
370
     0
100
AcDbLine
 10
1023.250938825743
 20
-140.2339190737718
 30
0.0
 11
1023.250938825743
 21
-139.0963245898145
 31
0.0
  0
LINE
  5
104
330
70
100
AcDbEntity
  8
0
 62
     7
370
     0
100
AcDbLine
 10
1026.094925035629
 20
-140.2339190737718
 30
0.0
 11
1025.28235754709
 21
-140.2339190737718
 31
0.0
  0
LINE
  5
105
330
70
100
AcDbEntity
  8
0
 62
     7
370
     0
100
AcDbLine
 10
1024.063506314282
 20
-140.2339190737718
 30
0.0
 11
1023.250938825743
 21
-140.2339190737718
 31
0.0
  0
LINE
  5
106
330
70
100
AcDbEntity
  8
0
 62
     7
370
     0
100
AcDbLine
 10
1023.250938825743
 20
-139.0963245898145
 30
0.0
 11
1024.063506314282
 21
-139.0963245898145
 31
0.0
  0
LINE
  5
107
330
70
100
AcDbEntity
  8
0
 62
     7
370
     0
100
AcDbLine
 10
1025.28235754709
 20
-139.0963245898145
 30
0.0
 11
1026.094925035629
 21
-139.0963245898145
 31
0.0
  0
CIRCLE
  5
108
330
70
100
AcDbEntity
  8
0
 62
     7
370
     0
100
AcDbCircle
 10
1024.672931930686
 20
-139.665121831788
 30
0.0
 40
2.925242958741317
  0
LINE
  5
109
330
70
100
AcDbEntity
  8
0
 62
     7
370
     0
100
AcDbLine
 10
1026.094925035629
 20
-82.85441576703838
 30
0.0
 11
1026.094925035629
 21
-83.9920102509957
 31
0.0
  0
LINE
  5
10A
330
70
100
AcDbEntity
  8
0
 62
     7
370
     0
100
AcDbLine
 10
1025.28235754709
 20
-83.9920102509957
 30
0.0
 11
1025.28235754709
 21
-86.28426994409355
 31
0.0
  0
LINE
  5
10B
330
70
100
AcDbEntity
  8
0
 62
     7
370
     0
100
AcDbLine
 10
1025.28235754709
 20
-82.85441576703838
 30
0.0
 11
1025.28235754709
 21
-80.56215607392001
 31
0.0
  0
LINE
  5
10C
330
70
100
AcDbEntity
  8
0
 62
     7
370
     0
100
AcDbLine
 10
1024.063506314282
 20
-83.9920102509957
 30
0.0
 11
1024.063506314282
 21
-86.28426994409355
 31
0.0
  0
LINE
  5
10D
330
70
100
AcDbEntity
  8
0
 62
     7
370
     0
100
AcDbLine
 10
1024.063506314282
 20
-82.85441576703838
 30
0.0
 11
1024.063506314282
 21
-80.56215607392001
 31
0.0
  0
LINE
  5
10E
330
70
100
AcDbEntity
  8
0
 62
     7
370
     0
100
AcDbLine
 10
1023.250938825743
 20
-83.9920102509957
 30
0.0
 11
1023.250938825743
 21
-82.85441576703838
 31
0.0
  0
LINE
  5
10F
330
70
100
AcDbEntity
  8
0
 62
     7
370
     0
100
AcDbLine
 10
1026.094925035629
 20
-83.9920102509957
 30
0.0
 11
1025.28235754709
 21
-83.9920102509957
 31
0.0
  0
LINE
  5
110
330
70
100
AcDbEntity
  8
0
 62
     7
370
     0
100
AcDbLine
 10
1024.063506314282
 20
-83.9920102509957
 30
0.0
 11
1023.250938825743
 21
-83.9920102509957
 31
0.0
  0
LINE
  5
111
330
70
100
AcDbEntity
  8
0
 62
     7
370
     0
100
AcDbLine
 10
1023.250938825743
 20
-82.85441576703838
 30
0.0
 11
1024.063506314282
 21
-82.85441576703838
 31
0.0
  0
LINE
  5
112
330
70
100
AcDbEntity
  8
0
 62
     7
370
     0
100
AcDbLine
 10
1025.28235754709
 20
-82.85441576703838
 30
0.0
 11
1026.094925035629
 21
-82.85441576703838
 31
0.0
  0
CIRCLE
  5
113
330
70
100
AcDbEntity
  8
0
 62
     7
370
     0
100
AcDbCircle
 10
1024.672931930686
 20
-83.42321300901192
 30
0.0
 40
2.925242958741317
  0
LINE
  5
114
330
70
100
AcDbEntity
  8
0
 62
     7
370
     0
100
AcDbLine
 10
1026.094925035629
 20
-156.6976362410761
 30
0.0
 11
1026.094925035629
 21
-157.8352307250334
 31
0.0
  0
LINE
  5
115
330
70
100
AcDbEntity
  8
0
 62
     7
370
     0
100
AcDbLine
 10
1025.28235754709
 20
-157.8352307250334
 30
0.0
 11
1025.28235754709
 21
-160.1274904181313
 31
0.0
  0
LINE
  5
116
330
70
100
AcDbEntity
  8
0
 62
     7
370
     0
100
AcDbLine
 10
1025.28235754709
 20
-156.6976362410761
 30
0.0
 11
1025.28235754709
 21
-154.4053765479783
 31
0.0
  0
LINE
  5
117
330
70
100
AcDbEntity
  8
0
 62
     7
370
     0
100
AcDbLine
 10
1024.063506314282
 20
-157.8352307250334
 30
0.0
 11
1024.063506314282
 21
-160.1274904181313
 31
0.0
  0
LINE
  5
118
330
70
100
AcDbEntity
  8
0
 62
     7
370
     0
100
AcDbLine
 10
1024.063506314282
 20
-156.6976362410761
 30
0.0
 11
1024.063506314282
 21
-154.4053765479783
 31
0.0
  0
LINE
  5
119
330
70
100
AcDbEntity
  8
0
 62
     7
370
     0
100
AcDbLine
 10
1023.250938825743
 20
-157.8352307250334
 30
0.0
 11
1023.250938825743
 21
-156.6976362410761
 31
0.0
  0
LINE
  5
11A
330
70
100
AcDbEntity
  8
0
 62
     7
370
     0
100
AcDbLine
 10
1026.094925035629
 20
-157.8352307250334
 30
0.0
 11
1025.28235754709
 21
-157.8352307250334
 31
0.0
  0
LINE
  5
11B
330
70
100
AcDbEntity
  8
0
 62
     7
370
     0
100
AcDbLine
 10
1024.063506314282
 20
-157.8352307250334
 30
0.0
 11
1023.250938825743
 21
-157.8352307250334
 31
0.0
  0
LINE
  5
11C
330
70
100
AcDbEntity
  8
0
 62
     7
370
     0
100
AcDbLine
 10
1023.250938825743
 20
-156.6976362410761
 30
0.0
 11
1024.063506314282
 21
-156.6976362410761
 31
0.0
  0
LINE
  5
11D
330
70
100
AcDbEntity
  8
0
 62
     7
370
     0
100
AcDbLine
 10
1025.28235754709
 20
-156.6976362410761
 30
0.0
 11
1026.094925035629
 21
-156.6976362410761
 31
0.0
  0
CIRCLE
  5
11E
330
70
100
AcDbEntity
  8
0
 62
     7
370
     0
100
AcDbCircle
 10
1024.672931930686
 20
-157.2664334830496
 30
0.0
 40
2.925242958741317
  0
LINE
  5
11F
330
70
100
AcDbEntity
  8
0
 62
     7
370
     0
100
AcDbLine
 10
1026.094925035629
 20
-146.2585990583295
 30
0.0
 11
1026.094925035629
 21
-147.3961935422869
 31
0.0
  0
LINE
  5
120
330
70
100
AcDbEntity
  8
0
 62
     7
370
     0
100
AcDbLine
 10
1025.28235754709
 20
-147.3961935422869
 30
0.0
 11
1025.28235754709
 21
-149.6884532353847
 31
0.0
  0
LINE
  5
121
330
70
100
AcDbEntity
  8
0
 62
     7
370
     0
100
AcDbLine
 10
1025.28235754709
 20
-146.2585990583295
 30
0.0
 11
1025.28235754709
 21
-143.9663393652317
 31
0.0
  0
LINE
  5
122
330
70
100
AcDbEntity
  8
0
 62
     7
370
     0
100
AcDbLine
 10
1024.063506314282
 20
-147.3961935422869
 30
0.0
 11
1024.063506314282
 21
-149.6884532353847
 31
0.0
  0
LINE
  5
123
330
70
100
AcDbEntity
  8
0
 62
     7
370
     0
100
AcDbLine
 10
1024.063506314282
 20
-146.2585990583295
 30
0.0
 11
1024.063506314282
 21
-143.9663393652317
 31
0.0
  0
LINE
  5
124
330
70
100
AcDbEntity
  8
0
 62
     7
370
     0
100
AcDbLine
 10
1023.250938825743
 20
-147.3961935422869
 30
0.0
 11
1023.250938825743
 21
-146.2585990583295
 31
0.0
  0
LINE
  5
125
330
70
100
AcDbEntity
  8
0
 62
     7
370
     0
100
AcDbLine
 10
1026.094925035629
 20
-147.3961935422869
 30
0.0
 11
1025.28235754709
 21
-147.3961935422869
 31
0.0
  0
LINE
  5
126
330
70
100
AcDbEntity
  8
0
 62
     7
370
     0
100
AcDbLine
 10
1024.063506314282
 20
-147.3961935422869
 30
0.0
 11
1023.250938825743
 21
-147.3961935422869
 31
0.0
  0
LINE
  5
127
330
70
100
AcDbEntity
  8
0
 62
     7
370
     0
100
AcDbLine
 10
1023.250938825743
 20
-146.2585990583295
 30
0.0
 11
1024.063506314282
 21
-146.2585990583295
 31
0.0
  0
LINE
  5
128
330
70
100
AcDbEntity
  8
0
 62
     7
370
     0
100
AcDbLine
 10
1025.28235754709
 20
-146.2585990583295
 30
0.0
 11
1026.094925035629
 21
-146.2585990583295
 31
0.0
  0
CIRCLE
  5
129
330
70
100
AcDbEntity
  8
0
 62
     7
370
     0
100
AcDbCircle
 10
1024.672931930686
 20
-146.8273963003031
 30
0.0
 40
2.925242958741317
  0
LINE
  5
12A
330
70
100
AcDbEntity
  8
0
 62
     7
370
     0
100
AcDbLine
 10
1026.094925035629
 20
-133.0716446052567
 30
0.0
 11
1026.094925035629
 21
-131.9340501212993
 31
0.0
  0
LINE
  5
12B
330
70
100
AcDbEntity
  8
0
 62
     7
370
     0
100
AcDbLine
 10
1025.28235754709
 20
-131.9340501212993
 30
0.0
 11
1025.28235754709
 21
-129.6417904282015
 31
0.0
  0
LINE
  5
12C
330
70
100
AcDbEntity
  8
0
 62
     7
370
     0
100
AcDbLine
 10
1025.28235754709
 20
-133.0716446052567
 30
0.0
 11
1025.28235754709
 21
-135.3639042983545
 31
0.0
  0
LINE
  5
12D
330
70
100
AcDbEntity
  8
0
 62
     7
370
     0
100
AcDbLine
 10
1024.063506314282
 20
-131.9340501212993
 30
0.0
 11
1024.063506314282
 21
-129.6417904282015
 31
0.0
  0
LINE
  5
12E
330
70
100
AcDbEntity
  8
0
 62
     7
370
     0
100
AcDbLine
 10
1024.063506314282
 20
-133.0716446052567
 30
0.0
 11
1024.063506314282
 21
-135.3639042983545
 31
0.0
  0
LINE
  5
12F
330
70
100
AcDbEntity
  8
0
 62
     7
370
     0
100
AcDbLine
 10
1023.250938825743
 20
-131.9340501212993
 30
0.0
 11
1023.250938825743
 21
-133.0716446052567
 31
0.0
  0
LINE
  5
130
330
70
100
AcDbEntity
  8
0
 62
     7
370
     0
100
AcDbLine
 10
1026.094925035629
 20
-131.9340501212993
 30
0.0
 11
1025.28235754709
 21
-131.9340501212993
 31
0.0
  0
LINE
  5
131
330
70
100
AcDbEntity
  8
0
 62
     7
370
     0
100
AcDbLine
 10
1024.063506314282
 20
-131.9340501212993
 30
0.0
 11
1023.250938825743
 21
-131.9340501212993
 31
0.0
  0
LINE
  5
132
330
70
100
AcDbEntity
  8
0
 62
     7
370
     0
100
AcDbLine
 10
1023.250938825743
 20
-133.0716446052567
 30
0.0
 11
1024.063506314282
 21
-133.0716446052567
 31
0.0
  0
LINE
  5
133
330
70
100
AcDbEntity
  8
0
 62
     7
370
     0
100
AcDbLine
 10
1025.28235754709
 20
-133.0716446052567
 30
0.0
 11
1026.094925035629
 21
-133.0716446052567
 31
0.0
  0
CIRCLE
  5
134
330
70
100
AcDbEntity
  8
0
 62
     7
370
     0
100
AcDbCircle
 10
1024.672931930686
 20
-132.5028473632729
 30
0.0
 40
2.925242958741317
  0
LINE
  5
135
330
70
100
AcDbEntity
  8
0
 62
     7
370
     0
100
AcDbLine
 10
1026.094925035629
 20
-119.7502919822593
 30
0.0
 11
1026.094925035629
 21
-120.8878864662166
 31
0.0
  0
LINE
  5
136
330
70
100
AcDbEntity
  8
0
 62
     7
370
     0
100
AcDbLine
 10
1025.28235754709
 20
-120.8878864662166
 30
0.0
 11
1025.28235754709
 21
-123.1801461593145
 31
0.0
  0
LINE
  5
137
330
70
100
AcDbEntity
  8
0
 62
     7
370
     0
100
AcDbLine
 10
1025.28235754709
 20
-119.7502919822593
 30
0.0
 11
1025.28235754709
 21
-117.4580322891409
 31
0.0
  0
LINE
  5
138
330
70
100
AcDbEntity
  8
0
 62
     7
370
     0
100
AcDbLine
 10
1024.063506314282
 20
-120.8878864662166
 30
0.0
 11
1024.063506314282
 21
-123.1801461593145
 31
0.0
  0
LINE
  5
139
330
70
100
AcDbEntity
  8
0
 62
     7
370
     0
100
AcDbLine
 10
1024.063506314282
 20
-119.7502919822593
 30
0.0
 11
1024.063506314282
 21
-117.4580322891409
 31
0.0
  0
LINE
  5
13A
330
70
100
AcDbEntity
  8
0
 62
     7
370
     0
100
AcDbLine
 10
1023.250938825743
 20
-120.8878864662166
 30
0.0
 11
1023.250938825743
 21
-119.7502919822593
 31
0.0
  0
LINE
  5
13B
330
70
100
AcDbEntity
  8
0
 62
     7
370
     0
100
AcDbLine
 10
1026.094925035629
 20
-120.8878864662166
 30
0.0
 11
1025.28235754709
 21
-120.8878864662166
 31
0.0
  0
LINE
  5
13C
330
70
100
AcDbEntity
  8
0
 62
     7
370
     0
100
AcDbLine
 10
1024.063506314282
 20
-120.8878864662166
 30
0.0
 11
1023.250938825743
 21
-120.8878864662166
 31
0.0
  0
LINE
  5
13D
330
70
100
AcDbEntity
  8
0
 62
     7
370
     0
100
AcDbLine
 10
1023.250938825743
 20
-119.7502919822593
 30
0.0
 11
1024.063506314282
 21
-119.7502919822593
 31
0.0
  0
LINE
  5
13E
330
70
100
AcDbEntity
  8
0
 62
     7
370
     0
100
AcDbLine
 10
1025.28235754709
 20
-119.7502919822593
 30
0.0
 11
1026.094925035629
 21
-119.7502919822593
 31
0.0
  0
CIRCLE
  5
13F
330
70
100
AcDbEntity
  8
0
 62
     7
370
     0
100
AcDbCircle
 10
1024.672931930686
 20
-120.3190892242328
 30
0.0
 40
2.925242958741317
  0
LINE
  5
140
330
70
100
AcDbEntity
  8
0
 62
     7
370
     0
100
AcDbLine
 10
1026.094925035629
 20
-101.5418538586512
 30
0.0
 11
1026.094925035629
 21
-100.4042593747042
 31
0.0
  0
LINE
  5
141
330
70
100
AcDbEntity
  8
0
 62
     7
370
     0
100
AcDbLine
 10
1025.28235754709
 20
-100.4042593747042
 30
0.0
 11
1025.28235754709
 21
-98.11199968159609
 31
0.0
  0
LINE
  5
142
330
70
100
AcDbEntity
  8
0
 62
     7
370
     0
100
AcDbLine
 10
1025.28235754709
 20
-101.5418538586512
 30
0.0
 11
1025.28235754709
 21
-103.8341135517593
 31
0.0
  0
LINE
  5
143
330
70
100
AcDbEntity
  8
0
 62
     7
370
     0
100
AcDbLine
 10
1024.063506314282
 20
-100.4042593747042
 30
0.0
 11
1024.063506314282
 21
-98.11199968159609
 31
0.0
  0
LINE
  5
144
330
70
100
AcDbEntity
  8
0
 62
     7
370
     0
100
AcDbLine
 10
1024.063506314282
 20
-101.5418538586512
 30
0.0
 11
1024.063506314282
 21
-103.8341135517593
 31
0.0
  0
LINE
  5
145
330
70
100
AcDbEntity
  8
0
 62
     7
370
     0
100
AcDbLine
 10
1023.250938825743
 20
-100.4042593747042
 30
0.0
 11
1023.250938825743
 21
-101.5418538586512
 31
0.0
  0
LINE
  5
146
330
70
100
AcDbEntity
  8
0
 62
     7
370
     0
100
AcDbLine
 10
1026.094925035629
 20
-100.4042593747042
 30
0.0
 11
1025.28235754709
 21
-100.4042593747042
 31
0.0
  0
LINE
  5
147
330
70
100
AcDbEntity
  8
0
 62
     7
370
     0
100
AcDbLine
 10
1024.063506314282
 20
-100.4042593747042
 30
0.0
 11
1023.250938825743
 21
-100.4042593747042
 31
0.0
  0
LINE
  5
148
330
70
100
AcDbEntity
  8
0
 62
     7
370
     0
100
AcDbLine
 10
1023.250938825743
 20
-101.5418538586512
 30
0.0
 11
1024.063506314282
 21
-101.5418538586512
 31
0.0
  0
LINE
  5
149
330
70
100
AcDbEntity
  8
0
 62
     7
370
     0
100
AcDbLine
 10
1025.28235754709
 20
-101.5418538586512
 30
0.0
 11
1026.094925035629
 21
-101.5418538586512
 31
0.0
  0
CIRCLE
  5
14A
330
70
100
AcDbEntity
  8
0
 62
     7
370
     0
100
AcDbCircle
 10
1024.672931930686
 20
-100.9730566166674
 30
0.0
 40
2.925242958741317
  0
LINE
  5
14B
330
70
100
AcDbEntity
  8
0
 62
     7
370
     0
100
AcDbLine
 10
1026.094925035629
 20
-94.37957939013616
 30
0.0
 11
1026.094925035629
 21
-93.24198490618911
 31
0.0
  0
LINE
  5
14C
330
70
100
AcDbEntity
  8
0
 62
     7
370
     0
100
AcDbLine
 10
1025.28235754709
 20
-93.24198490618911
 30
0.0
 11
1025.28235754709
 21
-90.94972521308099
 31
0.0
  0
LINE
  5
14D
330
70
100
AcDbEntity
  8
0
 62
     7
370
     0
100
AcDbLine
 10
1025.28235754709
 20
-94.37957939013616
 30
0.0
 11
1025.28235754709
 21
-96.67183908324428
 31
0.0
  0
LINE
  5
14E
330
70
100
AcDbEntity
  8
0
 62
     7
370
     0
100
AcDbLine
 10
1024.063506314282
 20
-93.24198490618911
 30
0.0
 11
1024.063506314282
 21
-90.94972521308099
 31
0.0
  0
LINE
  5
14F
330
70
100
AcDbEntity
  8
0
 62
     7
370
     0
100
AcDbLine
 10
1024.063506314282
 20
-94.37957939013616
 30
0.0
 11
1024.063506314282
 21
-96.67183908324428
 31
0.0
  0
LINE
  5
150
330
70
100
AcDbEntity
  8
0
 62
     7
370
     0
100
AcDbLine
 10
1023.250938825743
 20
-93.24198490618911
 30
0.0
 11
1023.250938825743
 21
-94.37957939013616
 31
0.0
  0
LINE
  5
151
330
70
100
AcDbEntity
  8
0
 62
     7
370
     0
100
AcDbLine
 10
1026.094925035629
 20
-93.24198490618911
 30
0.0
 11
1025.28235754709
 21
-93.24198490618911
 31
0.0
  0
LINE
  5
152
330
70
100
AcDbEntity
  8
0
 62
     7
370
     0
100
AcDbLine
 10
1024.063506314282
 20
-93.24198490618911
 30
0.0
 11
1023.250938825743
 21
-93.24198490618911
 31
0.0
  0
LINE
  5
153
330
70
100
AcDbEntity
  8
0
 62
     7
370
     0
100
AcDbLine
 10
1023.250938825743
 20
-94.37957939013616
 30
0.0
 11
1024.063506314282
 21
-94.37957939013616
 31
0.0
  0
LINE
  5
154
330
70
100
AcDbEntity
  8
0
 62
     7
370
     0
100
AcDbLine
 10
1025.28235754709
 20
-94.37957939013616
 30
0.0
 11
1026.094925035629
 21
-94.37957939013616
 31
0.0
  0
CIRCLE
  5
155
330
70
100
AcDbEntity
  8
0
 62
     7
370
     0
100
AcDbCircle
 10
1024.672931930686
 20
-93.81078214815238
 30
0.0
 40
2.925242958741317
  0
LINE
  5
156
330
70
100
AcDbEntity
  8
0
 62
     7
370
     0
100
AcDbLine
 10
1026.094925035629
 20
-107.5665338432193
 30
0.0
 11
1026.094925035629
 21
-108.7041283271663
 31
0.0
  0
LINE
  5
157
330
70
100
AcDbEntity
  8
0
 62
     7
370
     0
100
AcDbLine
 10
1025.28235754709
 20
-108.7041283271663
 30
0.0
 11
1025.28235754709
 21
-110.9963880202744
 31
0.0
  0
LINE
  5
158
330
70
100
AcDbEntity
  8
0
 62
     7
370
     0
100
AcDbLine
 10
1025.28235754709
 20
-107.5665338432193
 30
0.0
 11
1025.28235754709
 21
-105.2742741501112
 31
0.0
  0
LINE
  5
159
330
70
100
AcDbEntity
  8
0
 62
     7
370
     0
100
AcDbLine
 10
1024.063506314282
 20
-108.7041283271663
 30
0.0
 11
1024.063506314282
 21
-110.9963880202744
 31
0.0
  0
LINE
  5
15A
330
70
100
AcDbEntity
  8
0
 62
     7
370
     0
100
AcDbLine
 10
1024.063506314282
 20
-107.5665338432193
 30
0.0
 11
1024.063506314282
 21
-105.2742741501112
 31
0.0
  0
LINE
  5
15B
330
70
100
AcDbEntity
  8
0
 62
     7
370
     0
100
AcDbLine
 10
1023.250938825743
 20
-108.7041283271663
 30
0.0
 11
1023.250938825743
 21
-107.5665338432193
 31
0.0
  0
LINE
  5
15C
330
70
100
AcDbEntity
  8
0
 62
     7
370
     0
100
AcDbLine
 10
1026.094925035629
 20
-108.7041283271663
 30
0.0
 11
1025.28235754709
 21
-108.7041283271663
 31
0.0
  0
LINE
  5
15D
330
70
100
AcDbEntity
  8
0
 62
     7
370
     0
100
AcDbLine
 10
1024.063506314282
 20
-108.7041283271663
 30
0.0
 11
1023.250938825743
 21
-108.7041283271663
 31
0.0
  0
LINE
  5
15E
330
70
100
AcDbEntity
  8
0
 62
     7
370
     0
100
AcDbLine
 10
1023.250938825743
 20
-107.5665338432193
 30
0.0
 11
1024.063506314282
 21
-107.5665338432193
 31
0.0
  0
LINE
  5
15F
330
70
100
AcDbEntity
  8
0
 62
     7
370
     0
100
AcDbLine
 10
1025.28235754709
 20
-107.5665338432193
 30
0.0
 11
1026.094925035629
 21
-107.5665338432193
 31
0.0
  0
CIRCLE
  5
160
330
70
100
AcDbEntity
  8
0
 62
     7
370
     0
100
AcDbCircle
 10
1024.672931930686
 20
-108.1353310851825
 30
0.0
 40
2.925242958741317
  0
INSERT
  5
162
330
70
100
AcDbEntity
  8
0
100
AcDbBlockReference
  2
Block_5
 10
0.0
 20
0.0
 30
0.0
  0
LINE
  5
16E
330
70
100
AcDbEntity
  8
0
 62
     7
370
     0
100
AcDbLine
 10
471.0207006887964
 20
-187.8190892242439
 30
0.0
 11
1064.620700688794
 21
-187.8190892242439
 31
0.0
  0
SPLINE
  5
16F
330
70
100
AcDbEntity
  8
0
 62
     7
370
     0
100
AcDbSpline
210
0.0
220
0.0
230
1.0
 70
     8
 71
     3
 72
     8
 73
     4
 74
     0
 42
0.0000000001
 43
0.0000000001
 40
0.0
 40
0.0
 40
0.0
 40
0.0
 40
1.0
 40
1.0
 40
1.0
 40
1.0
 10
1064.620700688798
 20
-187.8190892242452
 30
0.0
 10
1066.388011888258
 20
-187.8190892242452
 30
0.0
 10
1067.820700688803
 20
-186.3864004237054
 30
0.0
 10
1067.82070068881
 20
-184.6190892242444
 30
0.0
  0
LINE
  5
170
330
70
100
AcDbEntity
  8
0
 62
     7
370
     0
100
AcDbLine
 10
1067.82070068881
 20
-184.6190892242438
 30
0.0
 11
1067.820700688799
 21
558.9809107757555
 31
0.0
  0
SPLINE
  5
171
330
70
100
AcDbEntity
  8
0
 62
     7
370
     0
100
AcDbSpline
210
0.0
220
0.0
230
1.0
 70
     8
 71
     3
 72
     8
 73
     4
 74
     0
 42
0.0000000001
 43
0.0000000001
 40
0.0
 40
0.0
 40
0.0
 40
0.0
 40
1.0
 40
1.0
 40
1.0
 40
1.0
 10
1067.820700688799
 20
558.9809107757596
 30
0.0
 10
1067.82070068879
 20
560.7482219752145
 30
0.0
 10
1066.388011888249
 20
562.1809107757478
 30
0.0
 10
1064.620700688794
 20
562.180910775746
 30
0.0
  0
LINE
  5
172
330
70
100
AcDbEntity
  8
0
 62
     7
370
     0
100
AcDbLine
 10
1064.620700688794
 20
562.1809107757555
 30
0.0
 11
471.0207006887964
 21
562.1809107757555
 31
0.0
  0
SPLINE
  5
173
330
70
100
AcDbEntity
  8
0
 62
     7
370
     0
100
AcDbSpline
210
0.0
220
0.0
230
1.0
 70
     8
 71
     3
 72
     8
 73
     4
 74
     0
 42
0.0000000001
 43
0.0000000001
 40
0.0
 40
0.0
 40
0.0
 40
0.0
 40
1.0
 40
1.0
 40
1.0
 40
1.0
 10
471.0207006887964
 20
562.1809107757568
 30
0.0
 10
469.2533894893373
 20
562.1809107757568
 30
0.0
 10
467.8207006887924
 20
560.748221975219
 30
0.0
 10
467.8207006887848
 20
558.9809107757596
 30
0.0
  0
LINE
  5
174
330
70
100
AcDbEntity
  8
0
 62
     7
370
     0
100
AcDbLine
 10
467.8207006887988
 20
558.9809107757555
 30
0.0
 11
467.8207006888001
 21
-184.6190892242335
 31
0.0
  0
SPLINE
  5
175
330
70
100
AcDbEntity
  8
0
 62
     7
370
     0
100
AcDbSpline
210
0.0
220
0.0
230
1.0
 70
     8
 71
     3
 72
     8
 73
     4
 74
     0
 42
0.0000000001
 43
0.0000000001
 40
0.0
 40
0.0
 40
0.0
 40
0.0
 40
1.0
 40
1.0
 40
1.0
 40
1.0
 10
467.8207006887995
 20
-184.6190892242482
 30
0.0
 10
467.8207006888071
 20
-186.386400423699
 30
0.0
 10
469.253389489345
 20
-187.8190892242304
 30
0.0
 10
471.0207006887964
 20
-187.8190892242304
 30
0.0
  0
LINE
  5
176
330
70
100
AcDbEntity
  8
0
  6
AI-Linetype-14
 62
     7
370
     0
100
AcDbLine
 10
471.0207006887964
 20
-186.2190892242387
 30
0.0
 11
1064.620700688794
 21
-186.2190892242387
 31
0.0
  0
SPLINE
  5
178
330
70
100
AcDbEntity
  8
0
  6
AI-Linetype-15
 62
     7
370
     0
100
AcDbSpline
210
0.0
220
0.0
230
1.0
 70
     8
 71
     3
 72
     8
 73
     4
 74
     0
 42
0.0000000001
 43
0.0000000001
 40
0.0
 40
0.0
 40
0.0
 40
0.0
 40
1.0
 40
1.0
 40
1.0
 40
1.0
 10
1064.620700688794
 20
-186.2190892242393
 30
0.0
 10
1065.504356288526
 20
-186.2190892242393
 30
0.0
 10
1066.2207006888
 20
-185.5027448239662
 30
0.0
 10
1066.2207006888
 20
-184.6190892242335
 30
0.0
  0
LINE
  5
17A
330
70
100
AcDbEntity
  8
0
  6
AI-Linetype-16
 62
     7
370
     0
100
AcDbLine
 10
1066.2207006888
 20
-184.6190892242335
 30
0.0
 11
1066.2207006888
 21
558.9809107757452
 31
0.0
  0
SPLINE
  5
17C
330
70
100
AcDbEntity
  8
0
  6
AI-Linetype-17
 62
     7
370
     0
100
AcDbSpline
210
0.0
220
0.0
230
1.0
 70
     8
 71
     3
 72
     8
 73
     4
 74
     0
 42
0.0000000001
 43
0.0000000001
 40
0.0
 40
0.0
 40
0.0
 40
0.0
 40
1.0
 40
1.0
 40
1.0
 40
1.0
 10
1066.2207006888
 20
558.9809107757452
 30
0.0
 10
1066.2207006888
 20
559.8645663754776
 30
0.0
 10
1065.504356288526
 20
560.580910775751
 30
0.0
 10
1064.620700688794
 20
560.580910775751
 30
0.0
  0
LINE
  5
17E
330
70
100
AcDbEntity
  8
0
  6
AI-Linetype-18
 62
     7
370
     0
100
AcDbLine
 10
1064.620700688794
 20
560.5809107757504
 30
0.0
 11
471.0207006887964
 21
560.5809107757504
 31
0.0
  0
SPLINE
  5
180
330
70
100
AcDbEntity
  8
0
  6
AI-Linetype-19
 62
     7
370
     0
100
AcDbSpline
210
0.0
220
0.0
230
1.0
 70
     8
 71
     3
 72
     8
 73
     4
 74
     0
 42
0.0000000001
 43
0.0000000001
 40
0.0
 40
0.0
 40
0.0
 40
0.0
 40
1.0
 40
1.0
 40
1.0
 40
1.0
 10
471.0207006888002
 20
560.580910775751
 30
0.0
 10
470.1370450890695
 20
560.580910775751
 30
0.0
 10
469.4207006887963
 20
559.8645663754798
 30
0.0
 10
469.4207006887944
 20
558.9809107757487
 30
0.0
  0
LINE
  5
182
330
70
100
AcDbEntity
  8
0
  6
AI-Linetype-20
 62
     7
370
     0
100
AcDbLine
 10
469.4207006887976
 20
558.9809107757452
 30
0.0
 11
469.4207006887989
 21
-184.6190892242335
 31
0.0
  0
SPLINE
  5
184
330
70
100
AcDbEntity
  8
0
  6
AI-Linetype-21
 62
     7
370
     0
100
AcDbSpline
210
0.0
220
0.0
230
1.0
 70
     8
 71
     3
 72
     8
 73
     4
 74
     0
 42
0.0000000001
 43
0.0000000001
 40
0.0
 40
0.0
 40
0.0
 40
0.0
 40
1.0
 40
1.0
 40
1.0
 40
1.0
 10
469.4207006887983
 20
-184.6190892242335
 30
0.0
 10
469.4207006887983
 20
-185.5027448239624
 30
0.0
 10
470.1370450890675
 20
-186.2190892242336
 30
0.0
 10
471.0207006887964
 20
-186.2190892242355
 30
0.0
  0
LINE
  5
186
330
70
100
AcDbEntity
  8
0
  6
AI-Linetype-22
 62
     7
370
     0
100
AcDbLine
 10
-297.433942173907
 20
-186.2190892242387
 30
0.0
 11
296.1660578260908
 21
-186.2190892242387
 31
0.0
  0
SPLINE
  5
188
330
70
100
AcDbEntity
  8
0
  6
AI-Linetype-23
 62
     7
370
     0
100
AcDbSpline
210
0.0
220
0.0
230
1.0
 70
     8
 71
     3
 72
     8
 73
     4
 74
     0
 42
0.0000000001
 43
0.0000000001
 40
0.0
 40
0.0
 40
0.0
 40
0.0
 40
1.0
 40
1.0
 40
1.0
 40
1.0
 10
296.1660578260908
 20
-186.2190892242393
 30
0.0
 10
297.0497134258232
 20
-186.2190892242393
 30
0.0
 10
297.7660578260966
 20
-185.5027448239662
 30
0.0
 10
297.7660578260966
 20
-184.6190892242335
 30
0.0
  0
LINE
  5
18A
330
70
100
AcDbEntity
  8
0
  6
AI-Linetype-24
 62
     7
370
     0
100
AcDbLine
 10
297.7660578260973
 20
-184.6190892242335
 30
0.0
 11
297.7660578260973
 21
558.9809107757452
 31
0.0
  0
SPLINE
  5
18C
330
70
100
AcDbEntity
  8
0
  6
AI-Linetype-25
 62
     7
370
     0
100
AcDbSpline
210
0.0
220
0.0
230
1.0
 70
     8
 71
     3
 72
     8
 73
     4
 74
     0
 42
0.0000000001
 43
0.0000000001
 40
0.0
 40
0.0
 40
0.0
 40
0.0
 40
1.0
 40
1.0
 40
1.0
 40
1.0
 10
297.7660578260966
 20
558.9809107757452
 30
0.0
 10
297.7660578260966
 20
559.8645663754776
 30
0.0
 10
297.0497134258232
 20
560.580910775751
 30
0.0
 10
296.1660578260908
 20
560.580910775751
 30
0.0
  0
LINE
  5
18E
330
70
100
AcDbEntity
  8
0
  6
AI-Linetype-26
 62
     7
370
     0
100
AcDbLine
 10
296.1660578260908
 20
560.5809107757504
 30
0.0
 11
-297.433942173907
 21
560.5809107757504
 31
0.0
  0
SPLINE
  5
190
330
70
100
AcDbEntity
  8
0
  6
AI-Linetype-27
 62
     7
370
     0
100
AcDbSpline
210
0.0
220
0.0
230
1.0
 70
     8
 71
     3
 72
     8
 73
     4
 74
     0
 42
0.0000000001
 43
0.0000000001
 40
0.0
 40
0.0
 40
0.0
 40
0.0
 40
1.0
 40
1.0
 40
1.0
 40
1.0
 10
-297.4339421739045
 20
560.580910775751
 30
0.0
 10
-298.3175977736356
 20
560.580910775751
 30
0.0
 10
-299.0339421739084
 20
559.8645663754798
 30
0.0
 10
-299.0339421739103
 20
558.9809107757487
 30
0.0
  0
LINE
  5
192
330
70
100
AcDbEntity
  8
0
  6
AI-Linetype-28
 62
     7
370
     0
100
AcDbLine
 10
-299.0339421739058
 20
558.9809107757452
 30
0.0
 11
-299.0339421739045
 21
-184.6190892242335
 31
0.0
  0
SPLINE
  5
194
330
70
100
AcDbEntity
  8
0
  6
AI-Linetype-29
 62
     7
370
     0
100
AcDbSpline
210
0.0
220
0.0
230
1.0
 70
     8
 71
     3
 72
     8
 73
     4
 74
     0
 42
0.0000000001
 43
0.0000000001
 40
0.0
 40
0.0
 40
0.0
 40
0.0
 40
1.0
 40
1.0
 40
1.0
 40
1.0
 10
-299.0339421739068
 20
-184.6190892242335
 30
0.0
 10
-299.0339421739068
 20
-185.5027448239624
 30
0.0
 10
-298.3175977736372
 20
-186.2190892242336
 30
0.0
 10
-297.433942173908
 20
-186.2190892242355
 30
0.0
  0
LINE
  5
196
330
70
100
AcDbEntity
  8
0
 62
     7
370
     0
100
AcDbLine
 10
-297.433942173907
 20
-187.8190892242439
 30
0.0
 11
296.1660578260908
 21
-187.8190892242439
 31
0.0
  0
SPLINE
  5
197
330
70
100
AcDbEntity
  8
0
 62
     7
370
     0
100
AcDbSpline
210
0.0
220
0.0
230
1.0
 70
     8
 71
     3
 72
     8
 73
     4
 74
     0
 42
0.0000000001
 43
0.0000000001
 40
0.0
 40
0.0
 40
0.0
 40
0.0
 40
1.0
 40
1.0
 40
1.0
 40
1.0
 10
296.1660578260946
 20
-187.8190892242452
 30
0.0
 10
297.9333690255553
 20
-187.8190892242452
 30
0.0
 10
299.3660578261002
 20
-186.3864004237054
 30
0.0
 10
299.3660578261063
 20
-184.6190892242444
 30
0.0
  0
LINE
  5
198
330
70
100
AcDbEntity
  8
0
 62
     7
370
     0
100
AcDbLine
 10
299.3660578261063
 20
-184.6190892242438
 30
0.0
 11
299.3660578260948
 21
558.9809107757555
 31
0.0
  0
SPLINE
  5
199
330
70
100
AcDbEntity
  8
0
 62
     7
370
     0
100
AcDbSpline
210
0.0
220
0.0
230
1.0
 70
     8
 71
     3
 72
     8
 73
     4
 74
     0
 42
0.0000000001
 43
0.0000000001
 40
0.0
 40
0.0
 40
0.0
 40
0.0
 40
1.0
 40
1.0
 40
1.0
 40
1.0
 10
299.3660578260954
 20
558.9809107757596
 30
0.0
 10
299.3660578260874
 20
560.7482219752145
 30
0.0
 10
297.9333690255457
 20
562.1809107757478
 30
0.0
 10
296.1660578260911
 20
562.180910775746
 30
0.0
  0
LINE
  5
19A
330
70
100
AcDbEntity
  8
0
 62
     7
370
     0
100
AcDbLine
 10
296.1660578260908
 20
562.1809107757555
 30
0.0
 11
-297.433942173907
 21
562.1809107757555
 31
0.0
  0
SPLINE
  5
19B
330
70
100
AcDbEntity
  8
0
 62
     7
370
     0
100
AcDbSpline
210
0.0
220
0.0
230
1.0
 70
     8
 71
     3
 72
     8
 73
     4
 74
     0
 42
0.0000000001
 43
0.0000000001
 40
0.0
 40
0.0
 40
0.0
 40
0.0
 40
1.0
 40
1.0
 40
1.0
 40
1.0
 10
-297.433942173907
 20
562.1809107757568
 30
0.0
 10
-299.2012533733665
 20
562.1809107757568
 30
0.0
 10
-300.6339421739107
 20
560.748221975219
 30
0.0
 10
-300.6339421739188
 20
558.9809107757596
 30
0.0
  0
LINE
  5
19C
330
70
100
AcDbEntity
  8
0
 62
     7
370
     0
100
AcDbLine
 10
-300.6339421739046
 20
558.9809107757555
 30
0.0
 11
-300.6339421739046
 21
-184.6190892242335
 31
0.0
  0
SPLINE
  5
19D
330
70
100
AcDbEntity
  8
0
 62
     7
370
     0
100
AcDbSpline
210
0.0
220
0.0
230
1.0
 70
     8
 71
     3
 72
     8
 73
     4
 74
     0
 42
0.0000000001
 43
0.0000000001
 40
0.0
 40
0.0
 40
0.0
 40
0.0
 40
1.0
 40
1.0
 40
1.0
 40
1.0
 10
-300.6339421739043
 20
-184.6190892242482
 30
0.0
 10
-300.6339421738962
 20
-186.386400423699
 30
0.0
 10
-299.2012533733584
 20
-187.8190892242304
 30
0.0
 10
-297.433942173907
 20
-187.8190892242304
 30
0.0
  0
LINE
  5
19E
330
70
100
AcDbEntity
  8
0
  6
AI-Linetype-30
 62
     7
370
     0
100
AcDbLine
 10
-1201.988456430776
 20
-204.2190892242355
 30
0.0
 11
-608.3884564307769
 21
-204.2190892242355
 31
0.0
  0
SPLINE
  5
1A0
330
70
100
AcDbEntity
  8
0
  6
AI-Linetype-31
 62
     7
370
     0
100
AcDbSpline
210
0.0
220
0.0
230
1.0
 70
     8
 71
     3
 72
     8
 73
     4
 74
     0
 42
0.0000000001
 43
0.0000000001
 40
0.0
 40
0.0
 40
0.0
 40
0.0
 40
1.0
 40
1.0
 40
1.0
 40
1.0
 10
-608.3884564307769
 20
-204.2190892242361
 30
0.0
 10
-607.5048008310444
 20
-204.2190892242361
 30
0.0
 10
-606.788456430771
 20
-203.5027448239631
 30
0.0
 10
-606.788456430771
 20
-202.6190892242303
 30
0.0
  0
LINE
  5
1A2
330
70
100
AcDbEntity
  8
0
  6
AI-Linetype-32
 62
     7
370
     0
100
AcDbLine
 10
-606.7884564307717
 20
-202.6190892242303
 30
0.0
 11
-606.7884564307717
 21
540.9809107757484
 31
0.0
  0
SPLINE
  5
1A4
330
70
100
AcDbEntity
  8
0
  6
AI-Linetype-33
 62
     7
370
     0
100
AcDbSpline
210
0.0
220
0.0
230
1.0
 70
     8
 71
     3
 72
     8
 73
     4
 74
     0
 42
0.0000000001
 43
0.0000000001
 40
0.0
 40
0.0
 40
0.0
 40
0.0
 40
1.0
 40
1.0
 40
1.0
 40
1.0
 10
-606.788456430771
 20
540.9809107757484
 30
0.0
 10
-606.788456430771
 20
541.8645663754809
 30
0.0
 10
-607.5048008310444
 20
542.5809107757543
 30
0.0
 10
-608.3884564307769
 20
542.5809107757543
 30
0.0
  0
LINE
  5
1A6
330
70
100
AcDbEntity
  8
0
  6
AI-Linetype-34
 62
     7
370
     0
100
AcDbLine
 10
-608.3884564307769
 20
542.5809107757536
 30
0.0
 11
-1201.988456430776
 21
542.5809107757536
 31
0.0
  0
SPLINE
  5
1A8
330
70
100
AcDbEntity
  8
0
  6
AI-Linetype-35
 62
     7
370
     0
100
AcDbSpline
210
0.0
220
0.0
230
1.0
 70
     8
 71
     3
 72
     8
 73
     4
 74
     0
 42
0.0000000001
 43
0.0000000001
 40
0.0
 40
0.0
 40
0.0
 40
0.0
 40
1.0
 40
1.0
 40
1.0
 40
1.0
 10
-1201.988456430772
 20
542.5809107757543
 30
0.0
 10
-1202.872112030503
 20
542.5809107757543
 30
0.0
 10
-1203.588456430776
 20
541.8645663754831
 30
0.0
 10
-1203.588456430778
 20
540.980910775752
 30
0.0
  0
LINE
  5
1AA
330
70
100
AcDbEntity
  8
0
  6
AI-Linetype-36
 62
     7
370
     0
100
AcDbLine
 10
-1203.588456430775
 20
540.9809107757484
 30
0.0
 11
-1203.588456430775
 21
-202.6190892242303
 31
0.0
  0
SPLINE
  5
1AC
330
70
100
AcDbEntity
  8
0
  6
AI-Linetype-37
 62
     7
370
     0
100
AcDbSpline
210
0.0
220
0.0
230
1.0
 70
     8
 71
     3
 72
     8
 73
     4
 74
     0
 42
0.0000000001
 43
0.0000000001
 40
0.0
 40
0.0
 40
0.0
 40
0.0
 40
1.0
 40
1.0
 40
1.0
 40
1.0
 10
-1203.588456430774
 20
-202.6190892242303
 30
0.0
 10
-1203.588456430774
 20
-203.5027448239592
 30
0.0
 10
-1202.872112030505
 20
-204.2190892242304
 30
0.0
 10
-1201.988456430776
 20
-204.2190892242323
 30
0.0
  0
LINE
  5
1AE
330
70
100
AcDbEntity
  8
0
  6
AI-Linetype-38
 62
     7
370
     0
100
AcDbLine
 10
-1199.488456430775
 20
-201.7190892242351
 30
0.0
 11
-610.8884564307772
 21
-201.7190892242351
 31
0.0
  0
SPLINE
  5
1B0
330
70
100
AcDbEntity
  8
0
  6
AI-Linetype-39
 62
     7
370
     0
100
AcDbSpline
210
0.0
220
0.0
230
1.0
 70
     8
 71
     3
 72
     8
 73
     4
 74
     0
 42
0.0000000001
 43
0.0000000001
 40
0.0
 40
0.0
 40
0.0
 40
0.0
 40
1.0
 40
1.0
 40
1.0
 40
1.0
 10
-610.8884564307772
 20
-201.7190892242358
 30
0.0
 10
-610.0048008310449
 20
-201.7190892242358
 30
0.0
 10
-609.2884564307714
 20
-201.0027448239626
 30
0.0
 10
-609.2884564307714
 20
-200.1190892242299
 30
0.0
  0
LINE
  5
1B2
330
70
100
AcDbEntity
  8
0
  6
AI-Linetype-40
 62
     7
370
     0
100
AcDbLine
 10
-609.2884564307707
 20
-200.1190892242299
 30
0.0
 11
-609.2884564307707
 21
538.480910775748
 31
0.0
  0
SPLINE
  5
1B4
330
70
100
AcDbEntity
  8
0
  6
AI-Linetype-41
 62
     7
370
     0
100
AcDbSpline
210
0.0
220
0.0
230
1.0
 70
     8
 71
     3
 72
     8
 73
     4
 74
     0
 42
0.0000000001
 43
0.0000000001
 40
0.0
 40
0.0
 40
0.0
 40
0.0
 40
1.0
 40
1.0
 40
1.0
 40
1.0
 10
-609.2884564307714
 20
538.480910775748
 30
0.0
 10
-609.2884564307714
 20
539.3645663754804
 30
0.0
 10
-610.0048008310449
 20
540.0809107757538
 30
0.0
 10
-610.8884564307772
 20
540.0809107757538
 30
0.0
  0
LINE
  5
1B6
330
70
100
AcDbEntity
  8
0
  6
AI-Linetype-42
 62
     7
370
     0
100
AcDbLine
 10
-610.8884564307772
 20
540.0809107757531
 30
0.0
 11
-1199.488456430775
 21
540.0809107757531
 31
0.0
  0
SPLINE
  5
1B8
330
70
100
AcDbEntity
  8
0
  6
AI-Linetype-43
 62
     7
370
     0
100
AcDbSpline
210
0.0
220
0.0
230
1.0
 70
     8
 71
     3
 72
     8
 73
     4
 74
     0
 42
0.0000000001
 43
0.0000000001
 40
0.0
 40
0.0
 40
0.0
 40
0.0
 40
1.0
 40
1.0
 40
1.0
 40
1.0
 10
-1199.488456430771
 20
540.0809107757538
 30
0.0
 10
-1200.372112030503
 20
540.0809107757538
 30
0.0
 10
-1201.088456430775
 20
539.3645663754827
 30
0.0
 10
-1201.088456430777
 20
538.4809107757515
 30
0.0
  0
LINE
  5
1BA
330
70
100
AcDbEntity
  8
0
  6
AI-Linetype-44
 62
     7
370
     0
100
AcDbLine
 10
-1201.088456430774
 20
538.480910775748
 30
0.0
 11
-1201.088456430772
 21
-200.1190892242299
 31
0.0
  0
SPLINE
  5
1BC
330
70
100
AcDbEntity
  8
0
  6
AI-Linetype-45
 62
     7
370
     0
100
AcDbSpline
210
0.0
220
0.0
230
1.0
 70
     8
 71
     3
 72
     8
 73
     4
 74
     0
 42
0.0000000001
 43
0.0000000001
 40
0.0
 40
0.0
 40
0.0
 40
0.0
 40
1.0
 40
1.0
 40
1.0
 40
1.0
 10
-1201.088456430774
 20
-200.1190892242299
 30
0.0
 10
-1201.088456430774
 20
-201.0027448239588
 30
0.0
 10
-1200.372112030504
 20
-201.71908922423
 30
0.0
 10
-1199.488456430775
 20
-201.7190892242319
 30
0.0
  0
LINE
  5
1BE
330
70
100
AcDbEntity
  8
0
 62
     7
370
     0
100
AcDbLine
 10
-1201.988456430776
 20
-205.8190892242407
 30
0.0
 11
-608.3884564307769
 21
-205.8190892242407
 31
0.0
  0
SPLINE
  5
1BF
330
70
100
AcDbEntity
  8
0
 62
     7
370
     0
100
AcDbSpline
210
0.0
220
0.0
230
1.0
 70
     8
 71
     3
 72
     8
 73
     4
 74
     0
 42
0.0000000001
 43
0.0000000001
 40
0.0
 40
0.0
 40
0.0
 40
0.0
 40
1.0
 40
1.0
 40
1.0
 40
1.0
 10
-608.388456430773
 20
-205.819089224242
 30
0.0
 10
-606.6211452313124
 20
-205.819089224242
 30
0.0
 10
-605.1884564307674
 20
-204.3864004237022
 30
0.0
 10
-605.1884564307613
 20
-202.6190892242412
 30
0.0
  0
LINE
  5
1C0
330
70
100
AcDbEntity
  8
0
 62
     7
370
     0
100
AcDbLine
 10
-605.1884564307613
 20
-202.6190892242508
 30
0.0
 11
-605.1884564307729
 21
540.9809107757587
 31
0.0
  0
SPLINE
  5
1C1
330
70
100
AcDbEntity
  8
0
 62
     7
370
     0
100
AcDbSpline
210
0.0
220
0.0
230
1.0
 70
     8
 71
     3
 72
     8
 73
     4
 74
     0
 42
0.0000000001
 43
0.0000000001
 40
0.0
 40
0.0
 40
0.0
 40
0.0
 40
1.0
 40
1.0
 40
1.0
 40
1.0
 10
-605.1884564307722
 20
540.9809107757629
 30
0.0
 10
-605.1884564307803
 20
542.7482219752177
 30
0.0
 10
-606.6211452313219
 20
544.1809107757511
 30
0.0
 10
-608.3884564307766
 20
544.1809107757491
 30
0.0
  0
LINE
  5
1C2
330
70
100
AcDbEntity
  8
0
 62
     7
370
     0
100
AcDbLine
 10
-608.3884564307769
 20
544.1809107757587
 30
0.0
 11
-1201.988456430776
 21
544.1809107757587
 31
0.0
  0
SPLINE
  5
1C3
330
70
100
AcDbEntity
  8
0
 62
     7
370
     0
100
AcDbSpline
210
0.0
220
0.0
230
1.0
 70
     8
 71
     3
 72
     8
 73
     4
 74
     0
 42
0.0000000001
 43
0.0000000001
 40
0.0
 40
0.0
 40
0.0
 40
0.0
 40
1.0
 40
1.0
 40
1.0
 40
1.0
 10
-1201.988456430776
 20
544.1809107757601
 30
0.0
 10
-1203.755767630235
 20
544.1809107757601
 30
0.0
 10
-1205.18845643078
 20
542.7482219752222
 30
0.0
 10
-1205.188456430788
 20
540.9809107757629
 30
0.0
  0
LINE
  5
1C4
330
70
100
AcDbEntity
  8
0
 62
     7
370
     0
100
AcDbLine
 10
-1205.188456430772
 20
540.9809107757587
 30
0.0
 11
-1205.188456430771
 21
-202.6190892242303
 31
0.0
  0
SPLINE
  5
1C5
330
70
100
AcDbEntity
  8
0
 62
     7
370
     0
100
AcDbSpline
210
0.0
220
0.0
230
1.0
 70
     8
 71
     3
 72
     8
 73
     4
 74
     0
 42
0.0000000001
 43
0.0000000001
 40
0.0
 40
0.0
 40
0.0
 40
0.0
 40
1.0
 40
1.0
 40
1.0
 40
1.0
 10
-1205.188456430773
 20
-202.6190892242451
 30
0.0
 10
-1205.188456430765
 20
-204.3864004236958
 30
0.0
 10
-1203.755767630227
 20
-205.8190892242272
 30
0.0
 10
-1201.988456430776
 20
-205.8190892242272
 30
0.0
  0
LINE
  5
1C6
330
70
100
AcDbEntity
  8
0
 62
     7
370
     0
100
AcDbLine
 10
-1199.488456430775
 20
-203.3190892242403
 30
0.0
 11
-610.8884564307772
 21
-203.3190892242403
 31
0.0
  0
SPLINE
  5
1C7
330
70
100
AcDbEntity
  8
0
 62
     7
370
     0
100
AcDbSpline
210
0.0
220
0.0
230
1.0
 70
     8
 71
     3
 72
     8
 73
     4
 74
     0
 42
0.0000000001
 43
0.0000000001
 40
0.0
 40
0.0
 40
0.0
 40
0.0
 40
1.0
 40
1.0
 40
1.0
 40
1.0
 10
-610.8884564307734
 20
-203.3190892242416
 30
0.0
 10
-609.1211452313127
 20
-203.3190892242416
 30
0.0
 10
-607.6884564307679
 20
-201.8864004237018
 30
0.0
 10
-607.6884564307618
 20
-200.1190892242408
 30
0.0
  0
LINE
  5
1C8
330
70
100
AcDbEntity
  8
0
 62
     7
370
     0
100
AcDbLine
 10
-607.6884564307733
 20
-204.0578386812291
 30
0.0
 11
-607.6884564307733
 21
538.4809107757583
 31
0.0
  0
SPLINE
  5
1C9
330
70
100
AcDbEntity
  8
0
 62
     7
370
     0
100
AcDbSpline
210
0.0
220
0.0
230
1.0
 70
     8
 71
     3
 72
     8
 73
     4
 74
     0
 42
0.0000000001
 43
0.0000000001
 40
0.0
 40
0.0
 40
0.0
 40
0.0
 40
1.0
 40
1.0
 40
1.0
 40
1.0
 10
-607.6884564307727
 20
538.4809107757624
 30
0.0
 10
-607.6884564307808
 20
540.2482219752173
 30
0.0
 10
-609.1211452313224
 20
541.6809107757507
 30
0.0
 10
-610.888456430777
 20
541.6809107757488
 30
0.0
  0
LINE
  5
1CA
330
70
100
AcDbEntity
  8
0
 62
     7
370
     0
100
AcDbLine
 10
-610.8884564307772
 20
541.6809107757584
 30
0.0
 11
-1199.488456430775
 21
541.6809107757584
 31
0.0
  0
SPLINE
  5
1CB
330
70
100
AcDbEntity
  8
0
 62
     7
370
     0
100
AcDbSpline
210
0.0
220
0.0
230
1.0
 70
     8
 71
     3
 72
     8
 73
     4
 74
     0
 42
0.0000000001
 43
0.0000000001
 40
0.0
 40
0.0
 40
0.0
 40
0.0
 40
1.0
 40
1.0
 40
1.0
 40
1.0
 10
-1199.488456430775
 20
541.6809107757597
 30
0.0
 10
-1201.255767630235
 20
541.6809107757597
 30
0.0
 10
-1202.688456430779
 20
540.2482219752219
 30
0.0
 10
-1202.688456430787
 20
538.4809107757624
 30
0.0
  0
LINE
  5
1CC
330
70
100
AcDbEntity
  8
0
 62
     7
370
     0
100
AcDbLine
 10
-1202.688456430773
 20
538.4809107757583
 30
0.0
 11
-1202.688456430773
 21
-200.1190892242299
 31
0.0
  0
SPLINE
  5
1CD
330
70
100
AcDbEntity
  8
0
 62
     7
370
     0
100
AcDbSpline
210
0.0
220
0.0
230
1.0
 70
     8
 71
     3
 72
     8
 73
     4
 74
     0
 42
0.0000000001
 43
0.0000000001
 40
0.0
 40
0.0
 40
0.0
 40
0.0
 40
1.0
 40
1.0
 40
1.0
 40
1.0
 10
-1202.688456430772
 20
-200.1190892242447
 30
0.0
 10
-1202.688456430765
 20
-201.8864004236954
 30
0.0
 10
-1201.255767630226
 20
-203.3190892242268
 30
0.0
 10
-1199.488456430775
 20
-203.3190892242268
 30
0.0
  0
LWPOLYLINE
  5
1CE
330
70
100
AcDbEntity
  8
0
 62
     7
370
     0
100
AcDbPolyline
 90
        4
 70
     1
 43
0.0
 10
-220.633942173912
 20
-11.2971458629
 10
219.3660578260881
 20
-11.2971458629
 10
219.3660578260881
 20
-56.29714586290031
 10
-220.633942173912
 20
-56.29714586290736
  0
LINE
  5
1CF
330
70
100
AcDbEntity
  8
0
 62
     7
370
     0
100
AcDbLine
 10
1617.623760077239
 20
565.1809107757602
 30
0.0
 11
1834.223760077243
 21
565.1809107757602
 31
0.0
  0
LINE
  5
1D0
330
70
100
AcDbEntity
  8
0
 62
     7
370
     0
100
AcDbLine
 10
1838.423760077242
 20
560.9809107757414
 30
0.0
 11
1838.423760077373
 21
-180.6190466055375
 31
0.0
  0
SPLINE
  5
1D1
330
70
100
AcDbEntity
  8
0
 62
     7
370
     5
100
AcDbSpline
210
0.0
220
0.0
230
1.0
 70
     8
 71
     3
 72
     8
 73
     4
 74
     0
 42
0.0000000001
 43
0.0000000001
 40
0.0
 40
0.0
 40
0.0
 40
0.0
 40
1.0
 40
1.0
 40
1.0
 40
1.0
 10
1838.423760077244
 20
560.9809107757414
 30
0.0
 10
1838.423760077244
 20
563.3005067250308
 30
0.0
 10
1836.543356026533
 20
565.1809107757412
 30
0.0
 10
1834.223760077243
 20
565.1809107757412
 30
0.0
  0
SPLINE
  5
1D2
330
70
100
AcDbEntity
  8
0
 62
     7
370
     5
100
AcDbSpline
210
0.0
220
0.0
230
1.0
 70
     8
 71
     3
 72
     8
 73
     4
 74
     0
 42
0.0000000001
 43
0.0000000001
 40
0.0
 40
0.0
 40
0.0
 40
0.0
 40
1.0
 40
1.0
 40
1.0
 40
1.0
 10
1836.323760077246
 20
560.9809107757414
 30
0.0
 10
1836.323760077246
 20
562.1407087503881
 30
0.0
 10
1835.38355805189
 20
563.0809107757447
 30
0.0
 10
1834.223760077243
 20
563.0809107757447
 30
0.0
  0
LINE
  5
1D3
330
70
100
AcDbEntity
  8
0
 62
     7
370
     0
100
AcDbLine
 10
1834.223760077243
 20
565.1809107757602
 30
0.0
 11
1617.623760077239
 21
565.1809107757602
 31
0.0
  0
LINE
  5
1D4
330
70
100
AcDbEntity
  8
0
 62
     7
370
     0
100
AcDbLine
 10
1834.223760077243
 20
563.0809107757507
 30
0.0
 11
1617.623760077239
 21
563.0809107757507
 31
0.0
  0
LINE
  5
1D5
330
70
100
AcDbEntity
  8
0
 62
     7
370
     5
100
AcDbLine
 10
1836.323760077217
 20
-180.6190725843176
 30
0.0
 11
1836.32376007725
 21
560.9809107757414
 31
0.0
  0
LINE
  5
1D6
330
70
100
AcDbEntity
  8
0
 62
     7
370
     0
100
AcDbLine
 10
1587.223760077171
 20
432.4199801355118
 30
0.0
 11
1584.223760077172
 21
432.4199801355118
 31
0.0
  0
LINE
  5
1D7
330
70
100
AcDbEntity
  8
0
 62
     7
370
     0
100
AcDbLine
 10
1584.223760077172
 20
403.4199801355152
 30
0.0
 11
1584.223760077172
 21
432.4199801355118
 31
0.0
  0
LINE
  5
1D8
330
70
100
AcDbEntity
  8
0
 62
     7
370
     0
100
AcDbLine
 10
1584.223760077172
 20
432.4199801355118
 30
0.0
 11
1578.923760077183
 21
429.6918414159995
 31
0.0
  0
LINE
  5
1D9
330
70
100
AcDbEntity
  8
0
 62
     7
370
     0
100
AcDbLine
 10
1584.223760077172
 20
403.4199801355152
 30
0.0
 11
1578.923760077183
 21
406.1699801355075
 31
0.0
  0
LINE
  5
1DA
330
70
100
AcDbEntity
  8
0
 62
     7
370
     0
100
AcDbLine
 10
1587.223760077171
 20
432.4199801355118
 30
0.0
 11
1584.223760077172
 21
432.4199801355118
 31
0.0
  0
LINE
  5
1DB
330
70
100
AcDbEntity
  8
0
 62
     7
370
     0
100
AcDbLine
 10
1587.223760077171
 20
403.4199801355152
 30
0.0
 11
1584.223760077172
 21
403.4199801355152
 31
0.0
  0
LINE
  5
1DC
330
70
100
AcDbEntity
  8
0
 62
     7
370
     0
100
AcDbLine
 10
1578.923760077183
 20
406.1699801355075
 30
0.0
 11
1578.923760077183
 21
429.6918414159995
 31
0.0
  0
LINE
  5
1DD
330
70
100
AcDbEntity
  8
0
 62
     7
370
     0
100
AcDbLine
 10
1587.223760077171
 20
403.4199801355152
 30
0.0
 11
1587.223760077171
 21
432.4199801355118
 31
0.0
  0
LINE
  5
1DE
330
70
100
AcDbEntity
  8
0
 62
     7
370
     0
100
AcDbLine
 10
1584.223760077172
 20
403.4199801355152
 30
0.0
 11
1584.223760077172
 21
432.4199801355118
 31
0.0
  0
LINE
  5
1DF
330
70
100
AcDbEntity
  8
0
 62
     7
370
     0
100
AcDbLine
 10
1587.223760077171
 20
435.4199801355163
 30
0.0
 11
1587.223760077171
 21
400.4199801355107
 31
0.0
  0
LINE
  5
1E0
330
70
100
AcDbEntity
  8
0
 62
     7
370
     0
100
AcDbLine
 10
1587.223760077171
 20
400.4199801355107
 30
0.0
 11
1588.423760077183
 21
400.4199801355107
 31
0.0
  0
LINE
  5
1E1
330
70
100
AcDbEntity
  8
0
 62
     7
370
     0
100
AcDbLine
 10
1588.423760077183
 20
400.4199801355107
 30
0.0
 11
1588.423760077183
 21
435.4199801355163
 31
0.0
  0
LINE
  5
1E2
330
70
100
AcDbEntity
  8
0
 62
     7
370
     0
100
AcDbLine
 10
1588.423760077183
 20
435.4199801355163
 30
0.0
 11
1587.223760077171
 21
435.4199801355163
 31
0.0
  0
LINE
  5
1E3
330
70
100
AcDbEntity
  8
0
 62
     7
370
     0
100
AcDbLine
 10
1588.423760077183
 20
424.9199801355106
 30
0.0
 11
1587.223760077171
 21
424.9199801355106
 31
0.0
  0
LINE
  5
1E4
330
70
100
AcDbEntity
  8
0
 62
     7
370
     0
100
AcDbLine
 10
1588.423760077183
 20
410.9199801355165
 30
0.0
 11
1587.223760077171
 21
410.9199801355165
 31
0.0
  0
LINE
  5
1E5
330
70
100
AcDbEntity
  8
0
 62
     7
370
     0
100
AcDbLine
 10
1573.923760077184
 20
437.6809107757599
 30
0.0
 11
1573.923760077184
 21
398.1809107757575
 31
0.0
  0
LINE
  5
1E6
330
70
100
AcDbEntity
  8
0
 62
     7
370
     0
100
AcDbLine
 10
1573.923760077184
 20
398.1809107757575
 30
0.0
 11
1563.845021968703
 21
398.1809107757575
 31
0.0
  0
LINE
  5
1E7
330
70
100
AcDbEntity
  8
0
 62
     7
370
     0
100
AcDbLine
 10
1573.923760077184
 20
437.6809107757599
 30
0.0
 11
1563.845021968703
 21
437.6809107757599
 31
0.0
  0
LINE
  5
1E8
330
70
100
AcDbEntity
  8
0
  6
AI-Linetype-46
 62
     7
370
     0
100
AcDbLine
 10
1573.923760077184
 20
411.1809107757535
 30
0.0
 11
1565.923760077184
 21
411.1809107757535
 31
0.0
  0
LINE
  5
1EA
330
70
100
AcDbEntity
  8
0
  6
AI-Linetype-47
 62
     7
370
     0
100
AcDbLine
 10
1573.923760077184
 20
424.6809107757536
 30
0.0
 11
1565.923760077184
 21
424.6809107757536
 31
0.0
  0
LINE
  5
1EC
330
70
100
AcDbEntity
  8
0
 62
     7
370
     0
100
AcDbLine
 10
1563.967965039223
 20
422.6945383033547
 30
0.0
 11
1563.967965039223
 21
413.1945383033572
 31
0.0
  0
LINE
  5
1ED
330
70
100
AcDbEntity
  8
0
 62
     7
370
     0
100
AcDbLine
 10
1561.925214036778
 20
435.3168435160504
 30
0.0
 11
1564.180168812442
 21
423.5910786825398
 31
0.0
  0
LINE
  5
1EE
330
70
100
AcDbEntity
  8
0
 62
     7
370
     0
100
AcDbLine
 10
1561.925214036778
 20
400.5722330906719
 30
0.0
 11
1564.180168812442
 21
412.2979979241517
 31
0.0
  0
LINE
  5
1EF
330
70
100
AcDbEntity
  8
0
 62
     7
370
     0
100
AcDbLine
 10
1573.923760077184
 20
410.0809107757525
 30
0.0
 11
1576.731792601956
 21
410.0809107757525
 31
0.0
  0
LINE
  5
1F0
330
70
100
AcDbEntity
  8
0
 62
     7
370
     0
100
AcDbLine
 10
1573.923760077184
 20
425.7699200355586
 30
0.0
 11
1576.731792601956
 21
425.7699200355586
 31
0.0
  0
LINE
  5
1F1
330
70
100
AcDbEntity
  8
0
 62
     7
370
     0
100
AcDbLine
 10
1573.923760077184
 20
410.0809107757525
 30
0.0
 11
1578.923760077183
 21
410.0809107757525
 31
0.0
  0
LINE
  5
1F2
330
70
100
AcDbEntity
  8
0
 62
     7
370
     0
100
AcDbLine
 10
1573.923760077184
 20
425.7699200355586
 30
0.0
 11
1578.923760077183
 21
425.7699200355586
 31
0.0
  0
LINE
  5
1F3
330
70
100
AcDbEntity
  8
0
 62
     7
370
     0
100
AcDbLine
 10
1578.923760077183
 20
425.7699200355586
 30
0.0
 11
1578.923760077183
 21
410.0809107757525
 31
0.0
  0
SPLINE
  5
1F4
330
70
100
AcDbEntity
  8
0
 62
     7
370
     0
100
AcDbSpline
210
0.0
220
0.0
230
1.0
 70
     8
 71
     3
 72
    11
 73
     7
 74
     0
 42
0.0000000001
 43
0.0000000001
 40
0.0
 40
0.0
 40
0.0
 40
0.0
 40
1.0
 40
1.0
 40
1.0
 40
2.0
 40
2.0
 40
2.0
 40
2.0
 10
1561.925214036778
 20
400.5722330906442
 30
0.0
 10
1561.716618965671
 20
399.4875387208367
 30
0.0
 10
1562.426837773652
 20
398.4391204805036
 30
0.0
 10
1563.51153214346
 20
398.2305254093969
 30
0.0
 10
1563.636005576113
 20
398.2065882108106
 30
0.0
 10
1563.762472739835
 20
398.1945383033612
 30
0.0
 10
1563.889226930743
 20
398.1945383033612
 30
0.0
  0
SPLINE
  5
1F5
330
70
100
AcDbEntity
  8
0
 62
     7
370
     0
100
AcDbSpline
210
0.0
220
0.0
230
1.0
 70
     8
 71
     3
 72
    11
 73
     7
 74
     0
 42
0.0000000001
 43
0.0000000001
 40
0.0
 40
0.0
 40
0.0
 40
0.0
 40
1.0
 40
1.0
 40
1.0
 40
2.0
 40
2.0
 40
2.0
 40
2.0
 10
1563.889226930743
 20
437.6945383033611
 30
0.0
 10
1562.784657431081
 20
437.6945383033611
 30
0.0
 10
1561.889226930743
 20
436.7991078030225
 30
0.0
 10
1561.889226930743
 20
435.694538303361
 30
0.0
 10
1561.889226930743
 20
435.5677841124536
 30
0.0
 10
1561.901276838192
 20
435.4413169487312
 30
0.0
 10
1561.925214036778
 20
435.316843516078
 30
0.0
  0
LINE
  5
1F6
330
70
100
AcDbEntity
  8
0
  6
AI-Linetype-48
 62
     7
370
     0
100
AcDbLine
 10
1573.923760077184
 20
435.6809107757533
 30
0.0
 11
1566.26628386022
 21
435.6809107757533
 31
0.0
  0
LINE
  5
1F8
330
70
100
AcDbEntity
  8
0
  6
AI-Linetype-49
 62
     7
370
     0
100
AcDbLine
 10
1564.346475928296
 20
433.3168435160439
 30
0.0
 11
1566.004611546118
 21
424.6945383033612
 31
0.0
  0
LINE
  5
1FA
330
70
100
AcDbEntity
  8
0
  6
AI-Linetype-50
 62
     7
370
     0
100
AcDbLine
 10
1565.967965039224
 20
424.6945383033612
 30
0.0
 11
1565.967965039224
 21
411.194538303361
 31
0.0
  0
LINE
  5
1FC
330
70
100
AcDbEntity
  8
0
  6
AI-Linetype-51
 62
     7
370
     0
100
AcDbLine
 10
1564.346475928296
 20
402.572233090668
 30
0.0
 11
1566.004611546118
 21
411.194538303361
 31
0.0
  0
LINE
  5
1FE
330
70
100
AcDbEntity
  8
0
  6
AI-Linetype-52
 62
     7
370
     0
100
AcDbLine
 10
1573.923760077184
 20
400.1809107757536
 30
0.0
 11
1566.26628386022
 21
400.1809107757536
 31
0.0
  0
SPLINE
  5
200
330
70
100
AcDbEntity
  8
0
  6
AI-Linetype-53
 62
     7
370
     0
100
AcDbSpline
210
0.0
220
0.0
230
1.0
 70
     8
 71
     3
 72
    11
 73
     7
 74
     0
 42
0.0000000001
 43
0.0000000001
 40
0.0
 40
0.0
 40
0.0
 40
0.0
 40
1.0
 40
1.0
 40
1.0
 40
2.0
 40
2.0
 40
2.0
 40
2.0
 10
1566.31048882226
 20
435.6945383033545
 30
0.0
 10
1565.205919322599
 20
435.6945383033545
 30
0.0
 10
1564.31048882226
 20
434.7991078030161
 30
0.0
 10
1564.31048882226
 20
433.6945383033544
 30
0.0
 10
1564.31048882226
 20
433.5677841124471
 30
0.0
 10
1564.32253872971
 20
433.4413169487246
 30
0.0
 10
1564.346475928296
 20
433.3168435160716
 30
0.0
  0
SPLINE
  5
202
330
70
100
AcDbEntity
  8
0
  6
AI-Linetype-54
 62
     7
370
     0
100
AcDbSpline
210
0.0
220
0.0
230
1.0
 70
     8
 71
     3
 72
    11
 73
     7
 74
     0
 42
0.0000000001
 43
0.0000000001
 40
0.0
 40
0.0
 40
0.0
 40
0.0
 40
1.0
 40
1.0
 40
1.0
 40
2.0
 40
2.0
 40
2.0
 40
2.0
 10
1564.346475928296
 20
402.5722330906405
 30
0.0
 10
1564.137880857189
 20
401.4875387208329
 30
0.0
 10
1564.84809966517
 20
400.4391204804997
 30
0.0
 10
1565.932794034977
 20
400.2305254093931
 30
0.0
 10
1566.057267467631
 20
400.2065882108068
 30
0.0
 10
1566.183734631352
 20
400.1945383033574
 30
0.0
 10
1566.31048882226
 20
400.1945383033574
 30
0.0
  0
SPLINE
  5
204
330
70
100
AcDbEntity
  8
0
  6
AI-Linetype-55
 62
     7
370
     0
100
AcDbSpline
210
0.0
220
0.0
230
1.0
 70
     8
 71
     3
 72
     8
 73
     4
 74
     0
 42
0.0000000001
 43
0.0000000001
 40
0.0
 40
0.0
 40
0.0
 40
0.0
 40
1.0
 40
1.0
 40
1.0
 40
1.0
 10
1565.967965039224
 20
424.6945383033548
 30
0.0
 10
1564.863395539562
 20
424.6945383033548
 30
0.0
 10
1563.967965039224
 20
423.7991078030163
 30
0.0
 10
1563.967965039224
 20
422.6945383033547
 30
0.0
  0
SPLINE
  5
206
330
70
100
AcDbEntity
  8
0
  6
AI-Linetype-56
 62
     7
370
     0
100
AcDbSpline
210
0.0
220
0.0
230
1.0
 70
     8
 71
     3
 72
     8
 73
     4
 74
     0
 42
0.0000000001
 43
0.0000000001
 40
0.0
 40
0.0
 40
0.0
 40
0.0
 40
1.0
 40
1.0
 40
1.0
 40
1.0
 10
1563.967965039224
 20
413.1945383033572
 30
0.0
 10
1563.967965039224
 20
412.0899688036957
 30
0.0
 10
1564.863395539562
 20
411.1945383033572
 30
0.0
 10
1565.967965039224
 20
411.1945383033572
 30
0.0
  0
LINE
  5
208
330
70
100
AcDbEntity
  8
0
 62
     7
370
     0
100
AcDbLine
 10
1578.923760077183
 20
421.4309107757572
 30
0.0
 11
1586.923760077183
 21
421.4309107757572
 31
0.0
  0
LINE
  5
209
330
70
100
AcDbEntity
  8
0
 62
     7
370
     0
100
AcDbLine
 10
1578.923760077183
 20
414.4309107757601
 30
0.0
 11
1586.923760077183
 21
414.4309107757601
 31
0.0
  0
LINE
  5
20A
330
70
100
AcDbEntity
  8
0
 62
     7
370
     0
100
AcDbLine
 10
1586.923760077183
 20
414.4309107757601
 30
0.0
 11
1586.923760077183
 21
421.4309107757572
 31
0.0
  0
LINE
  5
20B
330
70
100
AcDbEntity
  8
0
 62
     7
370
     0
100
AcDbLine
 10
1834.223760077243
 20
565.1809107757602
 30
0.0
 11
1617.623760077239
 21
565.1809107757602
 31
0.0
  0
LINE
  5
20C
330
70
100
AcDbEntity
  8
0
 62
     7
370
     0
100
AcDbLine
 10
1834.223760077243
 20
563.0809107757507
 30
0.0
 11
1617.623760077239
 21
563.0809107757816
 31
0.0
  0
SPLINE
  5
20D
330
70
100
AcDbEntity
  8
0
 62
     7
370
     0
100
AcDbSpline
210
0.0
220
0.0
230
1.0
 70
     8
 71
     3
 72
     8
 73
     4
 74
     0
 42
0.0000000001
 43
0.0000000001
 40
0.0
 40
0.0
 40
0.0
 40
0.0
 40
1.0
 40
1.0
 40
1.0
 40
1.0
 10
1617.623760077239
 20
565.1809107757412
 30
0.0
 10
1615.304164127949
 20
565.1809107757412
 30
0.0
 10
1613.423760077239
 20
563.3005067250308
 30
0.0
 10
1613.423760077239
 20
560.9809107757414
 30
0.0
  0
SPLINE
  5
20E
330
70
100
AcDbEntity
  8
0
 62
     7
370
     0
100
AcDbSpline
210
0.0
220
0.0
230
1.0
 70
     8
 71
     3
 72
     8
 73
     4
 74
     0
 42
0.0000000001
 43
0.0000000001
 40
0.0
 40
0.0
 40
0.0
 40
0.0
 40
1.0
 40
1.0
 40
1.0
 40
1.0
 10
1617.623760077239
 20
563.0809107757447
 30
0.0
 10
1616.463962102592
 20
563.0809107757447
 30
0.0
 10
1615.523760077236
 20
562.1407087503881
 30
0.0
 10
1615.523760077236
 20
560.9809107757414
 30
0.0
  0
SPLINE
  5
20F
330
70
100
AcDbEntity
  8
0
 62
     7
370
     0
100
AcDbSpline
210
0.0
220
0.0
230
1.0
 70
     8
 71
     3
 72
     8
 73
     4
 74
     0
 42
0.0000000001
 43
0.0000000001
 40
0.0
 40
0.0
 40
0.0
 40
0.0
 40
1.0
 40
1.0
 40
1.0
 40
1.0
 10
1611.323760077236
 20
540.280910775768
 30
0.0
 10
1612.483558051881
 20
540.280910775768
 30
0.0
 10
1613.423760077237
 20
541.2211128011237
 30
0.0
 10
1613.423760077237
 20
542.3809107757683
 30
0.0
  0
LINE
  5
210
330
70
100
AcDbEntity
  8
0
 62
     7
370
     0
100
AcDbLine
 10
1611.323760077236
 20
540.2809107757384
 30
0.0
 11
1603.291978858769
 21
540.2809107757384
 31
0.0
  0
SPLINE
  5
211
330
70
100
AcDbEntity
  8
0
 62
     7
370
     0
100
AcDbSpline
210
0.0
220
0.0
230
1.0
 70
     8
 71
     3
 72
     8
 73
     4
 74
     0
 42
0.0000000001
 43
0.0000000001
 40
0.0
 40
0.0
 40
0.0
 40
0.0
 40
1.0
 40
1.0
 40
1.0
 40
1.0
 10
1601.981488253845
 20
540.7399920165365
 30
0.0
 10
1602.353624423346
 20
540.442792078307
 30
0.0
 10
1602.815729835742
 20
540.2809107757699
 30
0.0
 10
1603.291978858769
 20
540.2809107757699
 30
0.0
  0
LINE
  5
212
330
70
100
AcDbEntity
  8
0
 62
     7
370
     0
100
AcDbLine
 10
1601.981488253916
 20
540.7399920164846
 30
0.0
 11
1595.195278162132
 21
546.1596781024424
 31
0.0
  0
LINE
  5
213
330
70
100
AcDbEntity
  8
0
 62
     7
370
     0
100
AcDbLine
 10
1595.195278162132
 20
546.1596781024424
 30
0.0
 11
1593.884787557263
 21
544.5187593431588
 31
0.0
  0
LINE
  5
214
330
70
100
AcDbEntity
  8
0
 62
     7
370
     0
100
AcDbLine
 10
1593.884787557263
 20
544.5187593431588
 30
0.0
 11
1600.670997649047
 21
539.0990732571801
 31
0.0
  0
SPLINE
  5
215
330
70
100
AcDbEntity
  8
0
 62
     7
370
     0
100
AcDbSpline
210
0.0
220
0.0
230
1.0
 70
     8
 71
     3
 72
     8
 73
     4
 74
     0
 42
0.0000000001
 43
0.0000000001
 40
0.0
 40
0.0
 40
0.0
 40
0.0
 40
1.0
 40
1.0
 40
1.0
 40
1.0
 10
1600.670997649066
 20
539.099073257178
 30
0.0
 10
1601.415269988042
 20
538.5046733807978
 30
0.0
 10
1602.339480812771
 20
538.1809107757704
 30
0.0
 10
1603.291978858757
 20
538.1809107757704
 30
0.0
  0
LINE
  5
216
330
70
100
AcDbEntity
  8
0
 62
     7
370
     0
100
AcDbLine
 10
1603.291978858769
 20
538.1809107757598
 30
0.0
 11
1611.323760077236
 21
538.1809107757598
 31
0.0
  0
SPLINE
  5
217
330
70
100
AcDbEntity
  8
0
 62
     7
370
     0
100
AcDbSpline
210
0.0
220
0.0
230
1.0
 70
     8
 71
     3
 72
     8
 73
     4
 74
     0
 42
0.0000000001
 43
0.0000000001
 40
0.0
 40
0.0
 40
0.0
 40
0.0
 40
1.0
 40
1.0
 40
1.0
 40
1.0
 10
1611.323760077236
 20
538.1809107757714
 30
0.0
 10
1613.643356026525
 20
538.1809107757714
 30
0.0
 10
1615.523760077233
 20
540.0613148264806
 30
0.0
 10
1615.523760077233
 20
542.3809107757683
 30
0.0
  0
LINE
  5
218
330
70
100
AcDbEntity
  8
0
 62
     7
370
     0
100
AcDbLine
 10
1593.884787557263
 20
543.0853054886938
 30
0.0
 11
1593.884787557263
 21
544.5187593431588
 31
0.0
  0
SPLINE
  5
219
330
70
100
AcDbEntity
  8
0
 62
     7
370
     0
100
AcDbSpline
210
0.0
220
0.0
230
1.0
 70
     8
 71
     3
 72
     8
 73
     4
 74
     0
 42
0.0000000001
 43
0.0000000001
 40
0.0
 40
0.0
 40
0.0
 40
0.0
 40
1.0
 40
1.0
 40
1.0
 40
1.0
 10
1592.623760077237
 20
562.6809107757379
 30
0.0
 10
1590.304164127949
 20
562.6809107757379
 30
0.0
 10
1588.423760077241
 20
560.8005067250287
 30
0.0
 10
1588.423760077241
 20
558.480910775741
 30
0.0
  0
LINE
  5
21A
330
70
100
AcDbEntity
  8
0
 62
     7
370
     0
100
AcDbLine
 10
1592.623760077237
 20
562.6809107757598
 30
0.0
 11
1610.92376007724
 21
562.6809107757598
 31
0.0
  0
LINE
  5
21B
330
70
100
AcDbEntity
  8
0
 62
     7
370
     0
100
AcDbLine
 10
1610.92376007724
 20
562.6809107757598
 30
0.0
 11
1610.92376007724
 21
560.5809107757504
 31
0.0
  0
LINE
  5
21C
330
70
100
AcDbEntity
  8
0
 62
     7
370
     0
100
AcDbLine
 10
1610.92376007724
 20
560.5809107757504
 30
0.0
 11
1592.623760077237
 21
560.5809107757504
 31
0.0
  0
SPLINE
  5
21D
330
70
100
AcDbEntity
  8
0
 62
     7
370
     0
100
AcDbSpline
210
0.0
220
0.0
230
1.0
 70
     8
 71
     3
 72
     8
 73
     4
 74
     0
 42
0.0000000001
 43
0.0000000001
 40
0.0
 40
0.0
 40
0.0
 40
0.0
 40
1.0
 40
1.0
 40
1.0
 40
1.0
 10
1592.623760077237
 20
560.5809107757395
 30
0.0
 10
1591.463962102594
 20
560.5809107757395
 30
0.0
 10
1590.523760077239
 20
559.6407087503851
 30
0.0
 10
1590.523760077239
 20
558.480910775741
 30
0.0
  0
LINE
  5
21E
330
70
100
AcDbEntity
  8
0
 62
     7
370
     0
100
AcDbLine
 10
1610.92376007724
 20
560.5809107757504
 30
0.0
 11
1610.92376007724
 21
540.2809107757384
 31
0.0
  0
INSERT
  5
220
330
70
100
AcDbEntity
  8
0
100
AcDbBlockReference
  2
Block_6
 10
0.0
 20
0.0
 30
0.0
  0
SPLINE
  5
22F
330
70
100
AcDbEntity
  8
0
 62
     7
370
     0
100
AcDbSpline
210
0.0
220
0.0
230
1.0
 70
     8
 71
     3
 72
    32
 73
    28
 74
     0
 42
0.0000000001
 43
0.0000000001
 40
0.0
 40
0.0
 40
0.0
 40
0.0
 40
1.0
 40
1.0
 40
1.0
 40
2.0
 40
2.0
 40
2.0
 40
3.0
 40
3.0
 40
3.0
 40
4.0
 40
4.0
 40
4.0
 40
5.0
 40
5.0
 40
5.0
 40
6.0
 40
6.0
 40
6.0
 40
7.0
 40
7.0
 40
7.0
 40
8.0
 40
8.0
 40
8.0
 40
9.0
 40
9.0
 40
9.0
 40
9.0
 10
1590.524059008845
 20
557.1267026383686
 30
0.0
 10
1591.507918950239
 20
557.2077245109055
 30
0.0
 10
1592.49177889163
 20
557.2887463834527
 30
0.0
 10
1593.513533564584
 20
557.1267026383804
 30
0.0
 10
1594.646756484019
 20
556.9469807435577
 30
0.0
 10
1595.8265933924
 20
556.4682658873073
 30
0.0
 10
1596.503008120339
 20
555.6927157093097
 30
0.0
 10
1597.545263187168
 20
554.4977075741942
 30
0.0
 10
1597.392280600542
 20
552.5979455223656
 30
0.0
 10
1596.503008120337
 20
550.5838493979312
 30
0.0
 10
1595.11709972147
 20
547.4449321401535
 30
0.0
 10
1591.942859159633
 20
544.0283154311848
 30
0.0
 10
1593.991581106146
 20
543.0282704250753
 30
0.0
 10
1594.41426853812
 20
542.8219435215102
 30
0.0
 10
1595.059281603667
 20
542.7184827277543
 30
0.0
 10
1595.53907414272
 20
542.4771290605125
 30
0.0
 10
1597.178384719808
 20
541.6524942708372
 30
0.0
 10
1596.88892946762
 20
539.2181135971489
 30
0.0
 10
1596.678298721609
 20
536.9813076102052
 30
0.0
 10
1596.508745790355
 20
535.1807299694156
 30
0.0
 10
1596.390270206081
 20
533.5081783870062
 30
0.0
 10
1595.303126090564
 20
532.6776173889601
 30
0.0
 10
1594.752824244125
 20
532.2571954372781
 30
0.0
 10
1593.954321760368
 20
532.0525156026503
 30
0.0
 10
1593.153391477296
 20
531.897234111013
 30
0.0
 10
1592.23186242156
 20
531.7185713617247
 30
0.0
 10
1591.307119398761
 20
531.60530308151
 30
0.0
 10
1590.524059008845
 20
532.0004674906055
 30
0.0
  0
LINE
  5
230
330
70
100
AcDbEntity
  8
0
  6
AI-Linetype-57
 62
     7
370
     0
100
AcDbLine
 10
1613.423760077241
 20
542.3809107757683
 30
0.0
 11
1613.423760077241
 21
560.9809107757414
 31
0.0
  0
LINE
  5
232
330
70
100
AcDbEntity
  8
0
 62
     7
370
     0
100
AcDbLine
 10
1613.423760077241
 20
542.3809107757683
 30
0.0
 11
1613.423760077241
 21
560.9809107757414
 31
0.0
  0
LINE
  5
233
330
70
100
AcDbEntity
  8
0
 62
     7
370
     0
100
AcDbLine
 10
1615.523760077232
 20
560.9809107757414
 30
0.0
 11
1615.523760077319
 21
-180.6190466055375
 31
0.0
  0
LINE
  5
234
330
70
100
AcDbEntity
  8
0
  6
AI-Linetype-58
 62
     7
370
     0
100
AcDbLine
 10
1613.423760077346
 20
-180.6190466055375
 30
0.0
 11
1613.423760077241
 21
538.7436040798458
 31
0.0
  0
LINE
  5
236
330
70
100
AcDbEntity
  8
0
 62
     7
370
     0
100
AcDbLine
 10
1588.423760077242
 20
558.480910775741
 30
0.0
 11
1588.42376007735
 21
-180.6190466055375
 31
0.0
  0
LINE
  5
237
330
70
100
AcDbEntity
  8
0
 62
     7
370
     0
100
AcDbLine
 10
1587.223760077171
 20
432.4199801355118
 30
0.0
 11
1584.223760077172
 21
432.4199801355118
 31
0.0
  0
LINE
  5
238
330
70
100
AcDbEntity
  8
0
 62
     7
370
     0
100
AcDbLine
 10
1584.223760077172
 20
403.4199801355152
 30
0.0
 11
1584.223760077172
 21
432.4199801355118
 31
0.0
  0
LINE
  5
239
330
70
100
AcDbEntity
  8
0
 62
     7
370
     0
100
AcDbLine
 10
1584.223760077172
 20
432.4199801355118
 30
0.0
 11
1578.923760077183
 21
429.6918414159995
 31
0.0
  0
LINE
  5
23A
330
70
100
AcDbEntity
  8
0
 62
     7
370
     0
100
AcDbLine
 10
1584.223760077172
 20
403.4199801355152
 30
0.0
 11
1578.923760077183
 21
406.1699801355075
 31
0.0
  0
LINE
  5
23B
330
70
100
AcDbEntity
  8
0
 62
     7
370
     0
100
AcDbLine
 10
1587.223760077171
 20
432.4199801355118
 30
0.0
 11
1584.223760077172
 21
432.4199801355118
 31
0.0
  0
LINE
  5
23C
330
70
100
AcDbEntity
  8
0
 62
     7
370
     0
100
AcDbLine
 10
1587.223760077171
 20
403.4199801355152
 30
0.0
 11
1584.223760077172
 21
403.4199801355152
 31
0.0
  0
LINE
  5
23D
330
70
100
AcDbEntity
  8
0
 62
     7
370
     0
100
AcDbLine
 10
1578.923760077183
 20
406.1699801355075
 30
0.0
 11
1578.923760077183
 21
429.6918414159995
 31
0.0
  0
LINE
  5
23E
330
70
100
AcDbEntity
  8
0
 62
     7
370
     0
100
AcDbLine
 10
1587.223760077171
 20
403.4199801355152
 30
0.0
 11
1587.223760077171
 21
432.4199801355118
 31
0.0
  0
LINE
  5
23F
330
70
100
AcDbEntity
  8
0
 62
     7
370
     0
100
AcDbLine
 10
1584.223760077172
 20
403.4199801355152
 30
0.0
 11
1584.223760077172
 21
432.4199801355118
 31
0.0
  0
LINE
  5
240
330
70
100
AcDbEntity
  8
0
 62
     7
370
     0
100
AcDbLine
 10
1587.223760077171
 20
435.4199801355163
 30
0.0
 11
1587.223760077171
 21
400.4199801355107
 31
0.0
  0
LINE
  5
241
330
70
100
AcDbEntity
  8
0
 62
     7
370
     0
100
AcDbLine
 10
1587.223760077171
 20
400.4199801355107
 30
0.0
 11
1588.423760077183
 21
400.4199801355107
 31
0.0
  0
LINE
  5
242
330
70
100
AcDbEntity
  8
0
 62
     7
370
     0
100
AcDbLine
 10
1588.423760077183
 20
400.4199801355107
 30
0.0
 11
1588.423760077183
 21
435.4199801355163
 31
0.0
  0
LINE
  5
243
330
70
100
AcDbEntity
  8
0
 62
     7
370
     0
100
AcDbLine
 10
1588.423760077183
 20
435.4199801355163
 30
0.0
 11
1587.223760077171
 21
435.4199801355163
 31
0.0
  0
LINE
  5
244
330
70
100
AcDbEntity
  8
0
 62
     7
370
     0
100
AcDbLine
 10
1588.423760077183
 20
424.9199801355106
 30
0.0
 11
1587.223760077171
 21
424.9199801355106
 31
0.0
  0
LINE
  5
245
330
70
100
AcDbEntity
  8
0
 62
     7
370
     0
100
AcDbLine
 10
1588.423760077183
 20
410.9199801355165
 30
0.0
 11
1587.223760077171
 21
410.9199801355165
 31
0.0
  0
LINE
  5
246
330
70
100
AcDbEntity
  8
0
 62
     7
370
     0
100
AcDbLine
 10
1573.923760077184
 20
437.6809107757599
 30
0.0
 11
1573.923760077184
 21
398.1809107757575
 31
0.0
  0
LINE
  5
247
330
70
100
AcDbEntity
  8
0
 62
     7
370
     0
100
AcDbLine
 10
1573.923760077184
 20
398.1809107757575
 30
0.0
 11
1563.845021968703
 21
398.1809107757575
 31
0.0
  0
LINE
  5
248
330
70
100
AcDbEntity
  8
0
 62
     7
370
     0
100
AcDbLine
 10
1573.923760077184
 20
437.6809107757599
 30
0.0
 11
1563.845021968703
 21
437.6809107757599
 31
0.0
  0
LINE
  5
249
330
70
100
AcDbEntity
  8
0
  6
AI-Linetype-59
 62
     7
370
     0
100
AcDbLine
 10
1573.923760077184
 20
411.1809107757535
 30
0.0
 11
1565.923760077184
 21
411.1809107757535
 31
0.0
  0
LINE
  5
24B
330
70
100
AcDbEntity
  8
0
  6
AI-Linetype-60
 62
     7
370
     0
100
AcDbLine
 10
1573.923760077184
 20
424.6809107757536
 30
0.0
 11
1565.923760077184
 21
424.6809107757536
 31
0.0
  0
LINE
  5
24D
330
70
100
AcDbEntity
  8
0
 62
     7
370
     0
100
AcDbLine
 10
1563.967965039223
 20
422.6945383033547
 30
0.0
 11
1563.967965039223
 21
413.1945383033572
 31
0.0
  0
LINE
  5
24E
330
70
100
AcDbEntity
  8
0
 62
     7
370
     0
100
AcDbLine
 10
1561.925214036778
 20
435.3168435160504
 30
0.0
 11
1564.180168812442
 21
423.5910786825398
 31
0.0
  0
LINE
  5
24F
330
70
100
AcDbEntity
  8
0
 62
     7
370
     0
100
AcDbLine
 10
1561.925214036778
 20
400.5722330906719
 30
0.0
 11
1564.180168812442
 21
412.2979979241517
 31
0.0
  0
LINE
  5
250
330
70
100
AcDbEntity
  8
0
 62
     7
370
     0
100
AcDbLine
 10
1573.923760077184
 20
410.0809107757525
 30
0.0
 11
1576.731792601956
 21
410.0809107757525
 31
0.0
  0
LINE
  5
251
330
70
100
AcDbEntity
  8
0
 62
     7
370
     0
100
AcDbLine
 10
1573.923760077184
 20
425.7699200355586
 30
0.0
 11
1576.731792601956
 21
425.7699200355586
 31
0.0
  0
LINE
  5
252
330
70
100
AcDbEntity
  8
0
 62
     7
370
     0
100
AcDbLine
 10
1573.923760077184
 20
410.0809107757525
 30
0.0
 11
1578.923760077183
 21
410.0809107757525
 31
0.0
  0
LINE
  5
253
330
70
100
AcDbEntity
  8
0
 62
     7
370
     0
100
AcDbLine
 10
1573.923760077184
 20
425.7699200355586
 30
0.0
 11
1578.923760077183
 21
425.7699200355586
 31
0.0
  0
LINE
  5
254
330
70
100
AcDbEntity
  8
0
 62
     7
370
     0
100
AcDbLine
 10
1578.923760077183
 20
425.7699200355586
 30
0.0
 11
1578.923760077183
 21
410.0809107757525
 31
0.0
  0
SPLINE
  5
255
330
70
100
AcDbEntity
  8
0
 62
     7
370
     0
100
AcDbSpline
210
0.0
220
0.0
230
1.0
 70
     8
 71
     3
 72
    11
 73
     7
 74
     0
 42
0.0000000001
 43
0.0000000001
 40
0.0
 40
0.0
 40
0.0
 40
0.0
 40
1.0
 40
1.0
 40
1.0
 40
2.0
 40
2.0
 40
2.0
 40
2.0
 10
1561.925214036778
 20
400.5722330906442
 30
0.0
 10
1561.716618965671
 20
399.4875387208367
 30
0.0
 10
1562.426837773652
 20
398.4391204805036
 30
0.0
 10
1563.51153214346
 20
398.2305254093969
 30
0.0
 10
1563.636005576113
 20
398.2065882108106
 30
0.0
 10
1563.762472739835
 20
398.1945383033612
 30
0.0
 10
1563.889226930743
 20
398.1945383033612
 30
0.0
  0
SPLINE
  5
256
330
70
100
AcDbEntity
  8
0
 62
     7
370
     0
100
AcDbSpline
210
0.0
220
0.0
230
1.0
 70
     8
 71
     3
 72
    11
 73
     7
 74
     0
 42
0.0000000001
 43
0.0000000001
 40
0.0
 40
0.0
 40
0.0
 40
0.0
 40
1.0
 40
1.0
 40
1.0
 40
2.0
 40
2.0
 40
2.0
 40
2.0
 10
1563.889226930743
 20
437.6945383033611
 30
0.0
 10
1562.784657431081
 20
437.6945383033611
 30
0.0
 10
1561.889226930743
 20
436.7991078030225
 30
0.0
 10
1561.889226930743
 20
435.694538303361
 30
0.0
 10
1561.889226930743
 20
435.5677841124536
 30
0.0
 10
1561.901276838192
 20
435.4413169487312
 30
0.0
 10
1561.925214036778
 20
435.316843516078
 30
0.0
  0
LINE
  5
257
330
70
100
AcDbEntity
  8
0
  6
AI-Linetype-61
 62
     7
370
     0
100
AcDbLine
 10
1573.923760077184
 20
435.6809107757533
 30
0.0
 11
1566.26628386022
 21
435.6809107757533
 31
0.0
  0
LINE
  5
259
330
70
100
AcDbEntity
  8
0
  6
AI-Linetype-62
 62
     7
370
     0
100
AcDbLine
 10
1564.346475928296
 20
433.3168435160439
 30
0.0
 11
1566.004611546118
 21
424.6945383033612
 31
0.0
  0
LINE
  5
25B
330
70
100
AcDbEntity
  8
0
  6
AI-Linetype-63
 62
     7
370
     0
100
AcDbLine
 10
1565.967965039224
 20
424.6945383033612
 30
0.0
 11
1565.967965039224
 21
411.194538303361
 31
0.0
  0
LINE
  5
25D
330
70
100
AcDbEntity
  8
0
  6
AI-Linetype-64
 62
     7
370
     0
100
AcDbLine
 10
1564.346475928296
 20
402.572233090668
 30
0.0
 11
1566.004611546118
 21
411.194538303361
 31
0.0
  0
LINE
  5
25F
330
70
100
AcDbEntity
  8
0
  6
AI-Linetype-65
 62
     7
370
     0
100
AcDbLine
 10
1573.923760077184
 20
400.1809107757536
 30
0.0
 11
1566.26628386022
 21
400.1809107757536
 31
0.0
  0
SPLINE
  5
261
330
70
100
AcDbEntity
  8
0
  6
AI-Linetype-66
 62
     7
370
     0
100
AcDbSpline
210
0.0
220
0.0
230
1.0
 70
     8
 71
     3
 72
    11
 73
     7
 74
     0
 42
0.0000000001
 43
0.0000000001
 40
0.0
 40
0.0
 40
0.0
 40
0.0
 40
1.0
 40
1.0
 40
1.0
 40
2.0
 40
2.0
 40
2.0
 40
2.0
 10
1566.31048882226
 20
435.6945383033545
 30
0.0
 10
1565.205919322599
 20
435.6945383033545
 30
0.0
 10
1564.31048882226
 20
434.7991078030161
 30
0.0
 10
1564.31048882226
 20
433.6945383033544
 30
0.0
 10
1564.31048882226
 20
433.5677841124471
 30
0.0
 10
1564.32253872971
 20
433.4413169487246
 30
0.0
 10
1564.346475928296
 20
433.3168435160716
 30
0.0
  0
SPLINE
  5
263
330
70
100
AcDbEntity
  8
0
  6
AI-Linetype-67
 62
     7
370
     0
100
AcDbSpline
210
0.0
220
0.0
230
1.0
 70
     8
 71
     3
 72
    11
 73
     7
 74
     0
 42
0.0000000001
 43
0.0000000001
 40
0.0
 40
0.0
 40
0.0
 40
0.0
 40
1.0
 40
1.0
 40
1.0
 40
2.0
 40
2.0
 40
2.0
 40
2.0
 10
1564.346475928296
 20
402.5722330906405
 30
0.0
 10
1564.137880857189
 20
401.4875387208329
 30
0.0
 10
1564.84809966517
 20
400.4391204804997
 30
0.0
 10
1565.932794034977
 20
400.2305254093931
 30
0.0
 10
1566.057267467631
 20
400.2065882108068
 30
0.0
 10
1566.183734631352
 20
400.1945383033574
 30
0.0
 10
1566.31048882226
 20
400.1945383033574
 30
0.0
  0
SPLINE
  5
265
330
70
100
AcDbEntity
  8
0
  6
AI-Linetype-68
 62
     7
370
     0
100
AcDbSpline
210
0.0
220
0.0
230
1.0
 70
     8
 71
     3
 72
     8
 73
     4
 74
     0
 42
0.0000000001
 43
0.0000000001
 40
0.0
 40
0.0
 40
0.0
 40
0.0
 40
1.0
 40
1.0
 40
1.0
 40
1.0
 10
1565.967965039224
 20
424.6945383033548
 30
0.0
 10
1564.863395539562
 20
424.6945383033548
 30
0.0
 10
1563.967965039224
 20
423.7991078030163
 30
0.0
 10
1563.967965039224
 20
422.6945383033547
 30
0.0
  0
SPLINE
  5
267
330
70
100
AcDbEntity
  8
0
  6
AI-Linetype-69
 62
     7
370
     0
100
AcDbSpline
210
0.0
220
0.0
230
1.0
 70
     8
 71
     3
 72
     8
 73
     4
 74
     0
 42
0.0000000001
 43
0.0000000001
 40
0.0
 40
0.0
 40
0.0
 40
0.0
 40
1.0
 40
1.0
 40
1.0
 40
1.0
 10
1563.967965039224
 20
413.1945383033572
 30
0.0
 10
1563.967965039224
 20
412.0899688036957
 30
0.0
 10
1564.863395539562
 20
411.1945383033572
 30
0.0
 10
1565.967965039224
 20
411.1945383033572
 30
0.0
  0
LINE
  5
269
330
70
100
AcDbEntity
  8
0
 62
     7
370
     0
100
AcDbLine
 10
1578.923760077183
 20
421.4309107757572
 30
0.0
 11
1586.923760077183
 21
421.4309107757572
 31
0.0
  0
LINE
  5
26A
330
70
100
AcDbEntity
  8
0
 62
     7
370
     0
100
AcDbLine
 10
1578.923760077183
 20
414.4309107757601
 30
0.0
 11
1586.923760077183
 21
414.4309107757601
 31
0.0
  0
LINE
  5
26B
330
70
100
AcDbEntity
  8
0
 62
     7
370
     0
100
AcDbLine
 10
1586.923760077183
 20
414.4309107757601
 30
0.0
 11
1586.923760077183
 21
421.4309107757572
 31
0.0
  0
SPLINE
  5
26C
330
70
100
AcDbEntity
  8
0
 62
     7
370
     5
100
AcDbSpline
210
0.0
220
0.0
230
1.0
 70
     8
 71
     3
 72
     8
 73
     4
 74
     0
 42
0.0000000001
 43
0.0000000001
 40
0.0
 40
0.0
 40
0.0
 40
0.0
 40
1.0
 40
1.0
 40
1.0
 40
1.0
 10
1834.223760077374
 20
-184.8190466055377
 30
0.0
 10
1836.543356026664
 20
-184.8190466055377
 30
0.0
 10
1838.423760077374
 20
-182.9386425548269
 30
0.0
 10
1838.423760077374
 20
-180.6190466055375
 30
0.0
  0
SPLINE
  5
26D
330
70
100
AcDbEntity
  8
0
 62
     7
370
     5
100
AcDbSpline
210
0.0
220
0.0
230
1.0
 70
     8
 71
     3
 72
     8
 73
     4
 74
     0
 42
0.0000000001
 43
0.0000000001
 40
0.0
 40
0.0
 40
0.0
 40
0.0
 40
1.0
 40
1.0
 40
1.0
 40
1.0
 10
1834.223760077374
 20
-182.7190466055411
 30
0.0
 10
1835.383558052021
 20
-182.7190466055411
 30
0.0
 10
1836.323760077377
 20
-181.7788445801842
 30
0.0
 10
1836.323760077377
 20
-180.6190466055375
 30
0.0
  0
SPLINE
  5
26E
330
70
100
AcDbEntity
  8
0
 62
     7
370
     0
100
AcDbSpline
210
0.0
220
0.0
230
1.0
 70
     8
 71
     3
 72
     8
 73
     4
 74
     0
 42
0.0000000001
 43
0.0000000001
 40
0.0
 40
0.0
 40
0.0
 40
0.0
 40
1.0
 40
1.0
 40
1.0
 40
1.0
 10
1613.42376007737
 20
-180.6190466055375
 30
0.0
 10
1613.42376007737
 20
-182.9386425548269
 30
0.0
 10
1615.304164128081
 20
-184.8190466055377
 30
0.0
 10
1617.62376007737
 20
-184.8190466055377
 30
0.0
  0
SPLINE
  5
26F
330
70
100
AcDbEntity
  8
0
 62
     7
370
     0
100
AcDbSpline
210
0.0
220
0.0
230
1.0
 70
     8
 71
     3
 72
     8
 73
     4
 74
     0
 42
0.0000000001
 43
0.0000000001
 40
0.0
 40
0.0
 40
0.0
 40
0.0
 40
1.0
 40
1.0
 40
1.0
 40
1.0
 10
1615.523760077367
 20
-180.6190466055375
 30
0.0
 10
1615.523760077367
 20
-181.7788445801842
 30
0.0
 10
1616.463962102723
 20
-182.7190466055411
 30
0.0
 10
1617.62376007737
 20
-182.7190466055411
 30
0.0
  0
LINE
  5
270
330
70
100
AcDbEntity
  8
0
 62
     7
370
     0
100
AcDbLine
 10
1590.523760077346
 20
-184.2563533014189
 30
0.0
 11
1590.523760077246
 21
558.480910775741
 31
0.0
  0
LINE
  5
271
330
70
100
AcDbEntity
  8
0
 62
     7
370
     0
100
AcDbLine
 10
1613.423760077346
 20
-180.6190466055375
 30
0.0
 11
1613.423760077241
 21
538.7436040798458
 31
0.0
  0
LINE
  5
272
330
70
100
AcDbEntity
  8
0
 62
     7
370
     0
100
AcDbLine
 10
1587.223760077258
 20
-25.57997724580209
 30
0.0
 11
1584.223760077259
 21
-25.57997724580209
 31
0.0
  0
LINE
  5
273
330
70
100
AcDbEntity
  8
0
 62
     7
370
     0
100
AcDbLine
 10
1584.223760077259
 20
-54.57997724579862
 30
0.0
 11
1584.223760077259
 21
-25.57997724580209
 31
0.0
  0
LINE
  5
274
330
70
100
AcDbEntity
  8
0
 62
     7
370
     0
100
AcDbLine
 10
1584.223760077259
 20
-25.57997724580209
 30
0.0
 11
1578.92376007727
 21
-28.30811596525274
 31
0.0
  0
LINE
  5
275
330
70
100
AcDbEntity
  8
0
 62
     7
370
     0
100
AcDbLine
 10
1584.223760077259
 20
-54.57997724579862
 30
0.0
 11
1578.92376007727
 21
-51.82997724579611
 31
0.0
  0
LINE
  5
276
330
70
100
AcDbEntity
  8
0
 62
     7
370
     0
100
AcDbLine
 10
1587.223760077258
 20
-25.57997724580209
 30
0.0
 11
1584.223760077259
 21
-25.57997724580209
 31
0.0
  0
LINE
  5
277
330
70
100
AcDbEntity
  8
0
 62
     7
370
     0
100
AcDbLine
 10
1587.223760077258
 20
-54.57997724579862
 30
0.0
 11
1584.223760077259
 21
-54.57997724579862
 31
0.0
  0
LINE
  5
278
330
70
100
AcDbEntity
  8
0
 62
     7
370
     0
100
AcDbLine
 10
1578.92376007727
 20
-51.82997724579611
 30
0.0
 11
1578.92376007727
 21
-28.30811596525274
 31
0.0
  0
LINE
  5
279
330
70
100
AcDbEntity
  8
0
 62
     7
370
     0
100
AcDbLine
 10
1587.223760077258
 20
-54.57997724579862
 30
0.0
 11
1587.223760077258
 21
-25.57997724580209
 31
0.0
  0
LINE
  5
27A
330
70
100
AcDbEntity
  8
0
 62
     7
370
     0
100
AcDbLine
 10
1584.223760077259
 20
-54.57997724579862
 30
0.0
 11
1584.223760077259
 21
-25.57997724580209
 31
0.0
  0
LINE
  5
27B
330
70
100
AcDbEntity
  8
0
 62
     7
370
     0
100
AcDbLine
 10
1587.223760077258
 20
-22.5799772457975
 30
0.0
 11
1587.223760077258
 21
-57.57997724580322
 31
0.0
  0
LINE
  5
27C
330
70
100
AcDbEntity
  8
0
 62
     7
370
     0
100
AcDbLine
 10
1587.223760077258
 20
-57.57997724580322
 30
0.0
 11
1588.42376007727
 21
-57.57997724580322
 31
0.0
  0
LINE
  5
27D
330
70
100
AcDbEntity
  8
0
 62
     7
370
     0
100
AcDbLine
 10
1588.42376007727
 20
-57.57997724580322
 30
0.0
 11
1588.42376007727
 21
-22.5799772457975
 31
0.0
  0
LINE
  5
27E
330
70
100
AcDbEntity
  8
0
 62
     7
370
     0
100
AcDbLine
 10
1588.42376007727
 20
-22.5799772457975
 30
0.0
 11
1587.223760077258
 21
-22.5799772457975
 31
0.0
  0
LINE
  5
27F
330
70
100
AcDbEntity
  8
0
 62
     7
370
     0
100
AcDbLine
 10
1588.42376007727
 20
-33.07997724580332
 30
0.0
 11
1587.223760077258
 21
-33.07997724580332
 31
0.0
  0
LINE
  5
280
330
70
100
AcDbEntity
  8
0
 62
     7
370
     0
100
AcDbLine
 10
1588.42376007727
 20
-47.07997724579739
 30
0.0
 11
1587.223760077258
 21
-47.07997724579739
 31
0.0
  0
LINE
  5
281
330
70
100
AcDbEntity
  8
0
 62
     7
370
     0
100
AcDbLine
 10
1573.923760077272
 20
-20.31904660552325
 30
0.0
 11
1573.923760077272
 21
-59.81904660552561
 31
0.0
  0
LINE
  5
282
330
70
100
AcDbEntity
  8
0
 62
     7
370
     0
100
AcDbLine
 10
1573.923760077272
 20
-59.81904660552561
 30
0.0
 11
1563.84502196879
 21
-59.81904660552561
 31
0.0
  0
LINE
  5
283
330
70
100
AcDbEntity
  8
0
 62
     7
370
     0
100
AcDbLine
 10
1573.923760077272
 20
-20.31904660552325
 30
0.0
 11
1563.84502196879
 21
-20.31904660552325
 31
0.0
  0
LINE
  5
284
330
70
100
AcDbEntity
  8
0
  6
AI-Linetype-70
 62
     7
370
     0
100
AcDbLine
 10
1573.923760077272
 20
-46.81904660552964
 30
0.0
 11
1565.923760077271
 21
-46.81904660552964
 31
0.0
  0
LINE
  5
286
330
70
100
AcDbEntity
  8
0
  6
AI-Linetype-71
 62
     7
370
     0
100
AcDbLine
 10
1573.923760077272
 20
-33.31904660552949
 30
0.0
 11
1565.923760077271
 21
-33.31904660552949
 31
0.0
  0
LINE
  5
288
330
70
100
AcDbEntity
  8
0
 62
     7
370
     0
100
AcDbLine
 10
1563.92376007727
 20
-35.31904660552571
 30
0.0
 11
1563.92376007727
 21
-44.81904660552316
 31
0.0
  0
LINE
  5
289
330
70
100
AcDbEntity
  8
0
 62
     7
370
     0
100
AcDbLine
 10
1561.881009074826
 20
-22.69674139280947
 30
0.0
 11
1564.135963850489
 21
-34.42250622632012
 31
0.0
  0
LINE
  5
28A
330
70
100
AcDbEntity
  8
0
 62
     7
370
     0
100
AcDbLine
 10
1561.881009074826
 20
-57.44135181823939
 30
0.0
 11
1564.135963850489
 21
-45.71558698473901
 31
0.0
  0
LINE
  5
28B
330
70
100
AcDbEntity
  8
0
 62
     7
370
     0
100
AcDbLine
 10
1573.923760077272
 20
-47.91904660553064
 30
0.0
 11
1576.731792602044
 21
-47.91904660553064
 31
0.0
  0
LINE
  5
28C
330
70
100
AcDbEntity
  8
0
 62
     7
370
     0
100
AcDbLine
 10
1573.923760077272
 20
-32.2300373457245
 30
0.0
 11
1576.731792602044
 21
-32.2300373457245
 31
0.0
  0
LINE
  5
28D
330
70
100
AcDbEntity
  8
0
 62
     7
370
     0
100
AcDbLine
 10
1573.923760077272
 20
-47.91904660553064
 30
0.0
 11
1578.92376007727
 21
-47.91904660553064
 31
0.0
  0
LINE
  5
28E
330
70
100
AcDbEntity
  8
0
 62
     7
370
     0
100
AcDbLine
 10
1573.923760077272
 20
-32.2300373457245
 30
0.0
 11
1578.92376007727
 21
-32.2300373457245
 31
0.0
  0
LINE
  5
28F
330
70
100
AcDbEntity
  8
0
 62
     7
370
     0
100
AcDbLine
 10
1578.92376007727
 20
-32.2300373457245
 30
0.0
 11
1578.92376007727
 21
-47.91904660553064
 31
0.0
  0
SPLINE
  5
290
330
70
100
AcDbEntity
  8
0
 62
     7
370
     0
100
AcDbSpline
210
0.0
220
0.0
230
1.0
 70
     8
 71
     3
 72
    11
 73
     7
 74
     0
 42
0.0000000001
 43
0.0000000001
 40
0.0
 40
0.0
 40
0.0
 40
0.0
 40
1.0
 40
1.0
 40
1.0
 40
2.0
 40
2.0
 40
2.0
 40
2.0
 10
1561.881009074826
 20
-57.44135181824645
 30
0.0
 10
1561.672414003719
 20
-58.52604618805397
 30
0.0
 10
1562.382632811699
 20
-59.57446442838711
 30
0.0
 10
1563.467327181507
 20
-59.78305949949384
 30
0.0
 10
1563.59180061416
 20
-59.80699669808018
 30
0.0
 10
1563.718267777882
 20
-59.81904660552945
 30
0.0
 10
1563.84502196879
 20
-59.81904660552945
 30
0.0
  0
SPLINE
  5
291
330
70
100
AcDbEntity
  8
0
 62
     7
370
     0
100
AcDbSpline
210
0.0
220
0.0
230
1.0
 70
     8
 71
     3
 72
    11
 73
     7
 74
     0
 42
0.0000000001
 43
0.0000000001
 40
0.0
 40
0.0
 40
0.0
 40
0.0
 40
1.0
 40
1.0
 40
1.0
 40
2.0
 40
2.0
 40
2.0
 40
2.0
 10
1563.84502196879
 20
-20.31904660552967
 30
0.0
 10
1562.740452469128
 20
-20.31904660552967
 30
0.0
 10
1561.84502196879
 20
-21.21447710586847
 30
0.0
 10
1561.84502196879
 20
-22.31904660552974
 30
0.0
 10
1561.84502196879
 20
-22.44580079643741
 30
0.0
 10
1561.857071876239
 20
-22.57226796015952
 30
0.0
 10
1561.881009074826
 20
-22.69674139281268
 30
0.0
  0
LINE
  5
292
330
70
100
AcDbEntity
  8
0
  6
AI-Linetype-72
 62
     7
370
     0
100
AcDbLine
 10
1573.923760077272
 20
-22.31904660552974
 30
0.0
 11
1566.266283860308
 21
-22.31904660552974
 31
0.0
  0
LINE
  5
294
330
70
100
AcDbEntity
  8
0
  6
AI-Linetype-73
 62
     7
370
     0
100
AcDbLine
 10
1564.302270966343
 20
-24.69674139280569
 30
0.0
 11
1565.960406584165
 21
-33.31904660552949
 31
0.0
  0
LINE
  5
296
330
70
100
AcDbEntity
  8
0
  6
AI-Linetype-74
 62
     7
370
     0
100
AcDbLine
 10
1565.923760077271
 20
-33.31904660552949
 30
0.0
 11
1565.923760077271
 21
-46.81904660552964
 31
0.0
  0
LINE
  5
298
330
70
100
AcDbEntity
  8
0
  6
AI-Linetype-75
 62
     7
370
     0
100
AcDbLine
 10
1564.302270966343
 20
-55.44135181824317
 30
0.0
 11
1565.960406584165
 21
-46.81904660552964
 31
0.0
  0
LINE
  5
29A
330
70
100
AcDbEntity
  8
0
  6
AI-Linetype-76
 62
     7
370
     0
100
AcDbLine
 10
1573.923760077272
 20
-57.81904660552939
 30
0.0
 11
1566.266283860308
 21
-57.81904660552939
 31
0.0
  0
SPLINE
  5
29C
330
70
100
AcDbEntity
  8
0
  6
AI-Linetype-77
 62
     7
370
     0
100
AcDbSpline
210
0.0
220
0.0
230
1.0
 70
     8
 71
     3
 72
    11
 73
     7
 74
     0
 42
0.0000000001
 43
0.0000000001
 40
0.0
 40
0.0
 40
0.0
 40
0.0
 40
1.0
 40
1.0
 40
1.0
 40
2.0
 40
2.0
 40
2.0
 40
2.0
 10
1566.266283860308
 20
-22.31904660552589
 30
0.0
 10
1565.161714360646
 20
-22.31904660552589
 30
0.0
 10
1564.266283860308
 20
-23.21447710586469
 30
0.0
 10
1564.266283860308
 20
-24.31904660552596
 30
0.0
 10
1564.266283860308
 20
-24.44580079643363
 30
0.0
 10
1564.278333767757
 20
-24.57226796015575
 30
0.0
 10
1564.302270966343
 20
-24.6967413928089
 30
0.0
  0
SPLINE
  5
29E
330
70
100
AcDbEntity
  8
0
  6
AI-Linetype-78
 62
     7
370
     0
100
AcDbSpline
210
0.0
220
0.0
230
1.0
 70
     8
 71
     3
 72
    11
 73
     7
 74
     0
 42
0.0000000001
 43
0.0000000001
 40
0.0
 40
0.0
 40
0.0
 40
0.0
 40
1.0
 40
1.0
 40
1.0
 40
2.0
 40
2.0
 40
2.0
 40
2.0
 10
1564.302270966343
 20
-55.44135181823996
 30
0.0
 10
1564.093675895236
 20
-56.52604618804748
 30
0.0
 10
1564.803894703217
 20
-57.57446442838062
 30
0.0
 10
1565.888589073025
 20
-57.78305949948736
 30
0.0
 10
1566.013062505678
 20
-57.80699669807368
 30
0.0
 10
1566.1395296694
 20
-57.81904660552297
 30
0.0
 10
1566.266283860308
 20
-57.81904660552297
 30
0.0
  0
SPLINE
  5
2A0
330
70
100
AcDbEntity
  8
0
  6
AI-Linetype-79
 62
     7
370
     0
100
AcDbSpline
210
0.0
220
0.0
230
1.0
 70
     8
 71
     3
 72
     8
 73
     4
 74
     0
 42
0.0000000001
 43
0.0000000001
 40
0.0
 40
0.0
 40
0.0
 40
0.0
 40
1.0
 40
1.0
 40
1.0
 40
1.0
 10
1565.923760077271
 20
-33.31904660552563
 30
0.0
 10
1564.819190577609
 20
-33.31904660552563
 30
0.0
 10
1563.923760077271
 20
-34.21447710586444
 30
0.0
 10
1563.923760077271
 20
-35.31904660552571
 30
0.0
  0
SPLINE
  5
2A2
330
70
100
AcDbEntity
  8
0
  6
AI-Linetype-80
 62
     7
370
     0
100
AcDbSpline
210
0.0
220
0.0
230
1.0
 70
     8
 71
     3
 72
     8
 73
     4
 74
     0
 42
0.0000000001
 43
0.0000000001
 40
0.0
 40
0.0
 40
0.0
 40
0.0
 40
1.0
 40
1.0
 40
1.0
 40
1.0
 10
1563.923760077271
 20
-44.81904660552316
 30
0.0
 10
1563.923760077271
 20
-45.92361610518506
 30
0.0
 10
1564.819190577609
 20
-46.81904660552322
 30
0.0
 10
1565.923760077271
 20
-46.81904660552322
 30
0.0
  0
LINE
  5
2A4
330
70
100
AcDbEntity
  8
0
 62
     7
370
     0
100
AcDbLine
 10
1578.92376007727
 20
-36.56904660552591
 30
0.0
 11
1586.92376007727
 21
-36.56904660552591
 31
0.0
  0
LINE
  5
2A5
330
70
100
AcDbEntity
  8
0
 62
     7
370
     0
100
AcDbLine
 10
1578.92376007727
 20
-43.56904660552294
 30
0.0
 11
1586.92376007727
 21
-43.56904660552294
 31
0.0
  0
LINE
  5
2A6
330
70
100
AcDbEntity
  8
0
 62
     7
370
     0
100
AcDbLine
 10
1586.92376007727
 20
-43.56904660552294
 30
0.0
 11
1586.92376007727
 21
-36.56904660552591
 31
0.0
  0
LINE
  5
2A7
330
70
100
AcDbEntity
  8
0
 62
     7
370
     0
100
AcDbLine
 10
1587.223760077258
 20
-25.57997724580209
 30
0.0
 11
1584.223760077259
 21
-25.57997724580209
 31
0.0
  0
LINE
  5
2A8
330
70
100
AcDbEntity
  8
0
 62
     7
370
     0
100
AcDbLine
 10
1584.223760077259
 20
-54.57997724579862
 30
0.0
 11
1584.223760077259
 21
-25.57997724580209
 31
0.0
  0
LINE
  5
2A9
330
70
100
AcDbEntity
  8
0
 62
     7
370
     0
100
AcDbLine
 10
1584.223760077259
 20
-25.57997724580209
 30
0.0
 11
1578.92376007727
 21
-28.30811596525274
 31
0.0
  0
LINE
  5
2AA
330
70
100
AcDbEntity
  8
0
 62
     7
370
     0
100
AcDbLine
 10
1584.223760077259
 20
-54.57997724579862
 30
0.0
 11
1578.92376007727
 21
-51.82997724579611
 31
0.0
  0
LINE
  5
2AB
330
70
100
AcDbEntity
  8
0
 62
     7
370
     0
100
AcDbLine
 10
1587.223760077258
 20
-25.57997724580209
 30
0.0
 11
1584.223760077259
 21
-25.57997724580209
 31
0.0
  0
LINE
  5
2AC
330
70
100
AcDbEntity
  8
0
 62
     7
370
     0
100
AcDbLine
 10
1587.223760077258
 20
-54.57997724579862
 30
0.0
 11
1584.223760077259
 21
-54.57997724579862
 31
0.0
  0
LINE
  5
2AD
330
70
100
AcDbEntity
  8
0
 62
     7
370
     0
100
AcDbLine
 10
1578.92376007727
 20
-51.82997724579611
 30
0.0
 11
1578.92376007727
 21
-28.30811596525274
 31
0.0
  0
LINE
  5
2AE
330
70
100
AcDbEntity
  8
0
 62
     7
370
     0
100
AcDbLine
 10
1587.223760077258
 20
-54.57997724579862
 30
0.0
 11
1587.223760077258
 21
-25.57997724580209
 31
0.0
  0
LINE
  5
2AF
330
70
100
AcDbEntity
  8
0
 62
     7
370
     0
100
AcDbLine
 10
1584.223760077259
 20
-54.57997724579862
 30
0.0
 11
1584.223760077259
 21
-25.57997724580209
 31
0.0
  0
LINE
  5
2B0
330
70
100
AcDbEntity
  8
0
 62
     7
370
     0
100
AcDbLine
 10
1587.223760077258
 20
-22.5799772457975
 30
0.0
 11
1587.223760077258
 21
-57.57997724580322
 31
0.0
  0
LINE
  5
2B1
330
70
100
AcDbEntity
  8
0
 62
     7
370
     0
100
AcDbLine
 10
1587.223760077258
 20
-57.57997724580322
 30
0.0
 11
1588.42376007727
 21
-57.57997724580322
 31
0.0
  0
LINE
  5
2B2
330
70
100
AcDbEntity
  8
0
 62
     7
370
     0
100
AcDbLine
 10
1588.42376007727
 20
-57.57997724580322
 30
0.0
 11
1588.42376007727
 21
-22.5799772457975
 31
0.0
  0
LINE
  5
2B3
330
70
100
AcDbEntity
  8
0
 62
     7
370
     0
100
AcDbLine
 10
1588.42376007727
 20
-22.5799772457975
 30
0.0
 11
1587.223760077258
 21
-22.5799772457975
 31
0.0
  0
LINE
  5
2B4
330
70
100
AcDbEntity
  8
0
 62
     7
370
     0
100
AcDbLine
 10
1588.42376007727
 20
-33.07997724580332
 30
0.0
 11
1587.223760077258
 21
-33.07997724580332
 31
0.0
  0
LINE
  5
2B5
330
70
100
AcDbEntity
  8
0
 62
     7
370
     0
100
AcDbLine
 10
1588.42376007727
 20
-47.07997724579739
 30
0.0
 11
1587.223760077258
 21
-47.07997724579739
 31
0.0
  0
LINE
  5
2B6
330
70
100
AcDbEntity
  8
0
 62
     7
370
     0
100
AcDbLine
 10
1573.923760077272
 20
-20.31904660552325
 30
0.0
 11
1573.923760077272
 21
-59.81904660552561
 31
0.0
  0
LINE
  5
2B7
330
70
100
AcDbEntity
  8
0
 62
     7
370
     0
100
AcDbLine
 10
1573.923760077272
 20
-59.81904660552561
 30
0.0
 11
1563.84502196879
 21
-59.81904660552561
 31
0.0
  0
LINE
  5
2B8
330
70
100
AcDbEntity
  8
0
 62
     7
370
     0
100
AcDbLine
 10
1573.923760077272
 20
-20.31904660552325
 30
0.0
 11
1563.84502196879
 21
-20.31904660552325
 31
0.0
  0
LINE
  5
2B9
330
70
100
AcDbEntity
  8
0
  6
AI-Linetype-81
 62
     7
370
     0
100
AcDbLine
 10
1573.923760077272
 20
-46.81904660552964
 30
0.0
 11
1565.923760077271
 21
-46.81904660552964
 31
0.0
  0
LINE
  5
2BB
330
70
100
AcDbEntity
  8
0
  6
AI-Linetype-82
 62
     7
370
     0
100
AcDbLine
 10
1573.923760077272
 20
-33.31904660552949
 30
0.0
 11
1565.923760077271
 21
-33.31904660552949
 31
0.0
  0
LINE
  5
2BD
330
70
100
AcDbEntity
  8
0
 62
     7
370
     0
100
AcDbLine
 10
1563.92376007727
 20
-35.31904660552571
 30
0.0
 11
1563.92376007727
 21
-44.81904660552316
 31
0.0
  0
LINE
  5
2BE
330
70
100
AcDbEntity
  8
0
 62
     7
370
     0
100
AcDbLine
 10
1561.881009074826
 20
-22.69674139280947
 30
0.0
 11
1564.135963850489
 21
-34.42250622632012
 31
0.0
  0
LINE
  5
2BF
330
70
100
AcDbEntity
  8
0
 62
     7
370
     0
100
AcDbLine
 10
1561.881009074826
 20
-57.44135181823939
 30
0.0
 11
1564.135963850489
 21
-45.71558698473901
 31
0.0
  0
LINE
  5
2C0
330
70
100
AcDbEntity
  8
0
 62
     7
370
     0
100
AcDbLine
 10
1573.923760077272
 20
-47.91904660553064
 30
0.0
 11
1576.731792602044
 21
-47.91904660553064
 31
0.0
  0
LINE
  5
2C1
330
70
100
AcDbEntity
  8
0
 62
     7
370
     0
100
AcDbLine
 10
1573.923760077272
 20
-32.2300373457245
 30
0.0
 11
1576.731792602044
 21
-32.2300373457245
 31
0.0
  0
LINE
  5
2C2
330
70
100
AcDbEntity
  8
0
 62
     7
370
     0
100
AcDbLine
 10
1573.923760077272
 20
-47.91904660553064
 30
0.0
 11
1578.92376007727
 21
-47.91904660553064
 31
0.0
  0
LINE
  5
2C3
330
70
100
AcDbEntity
  8
0
 62
     7
370
     0
100
AcDbLine
 10
1573.923760077272
 20
-32.2300373457245
 30
0.0
 11
1578.92376007727
 21
-32.2300373457245
 31
0.0
  0
LINE
  5
2C4
330
70
100
AcDbEntity
  8
0
 62
     7
370
     0
100
AcDbLine
 10
1578.92376007727
 20
-32.2300373457245
 30
0.0
 11
1578.92376007727
 21
-47.91904660553064
 31
0.0
  0
SPLINE
  5
2C5
330
70
100
AcDbEntity
  8
0
 62
     7
370
     0
100
AcDbSpline
210
0.0
220
0.0
230
1.0
 70
     8
 71
     3
 72
    11
 73
     7
 74
     0
 42
0.0000000001
 43
0.0000000001
 40
0.0
 40
0.0
 40
0.0
 40
0.0
 40
1.0
 40
1.0
 40
1.0
 40
2.0
 40
2.0
 40
2.0
 40
2.0
 10
1561.881009074826
 20
-57.44135181824645
 30
0.0
 10
1561.672414003719
 20
-58.52604618805397
 30
0.0
 10
1562.382632811699
 20
-59.57446442838711
 30
0.0
 10
1563.467327181507
 20
-59.78305949949384
 30
0.0
 10
1563.59180061416
 20
-59.80699669808018
 30
0.0
 10
1563.718267777882
 20
-59.81904660552945
 30
0.0
 10
1563.84502196879
 20
-59.81904660552945
 30
0.0
  0
SPLINE
  5
2C6
330
70
100
AcDbEntity
  8
0
 62
     7
370
     0
100
AcDbSpline
210
0.0
220
0.0
230
1.0
 70
     8
 71
     3
 72
    11
 73
     7
 74
     0
 42
0.0000000001
 43
0.0000000001
 40
0.0
 40
0.0
 40
0.0
 40
0.0
 40
1.0
 40
1.0
 40
1.0
 40
2.0
 40
2.0
 40
2.0
 40
2.0
 10
1563.84502196879
 20
-20.31904660552967
 30
0.0
 10
1562.740452469128
 20
-20.31904660552967
 30
0.0
 10
1561.84502196879
 20
-21.21447710586847
 30
0.0
 10
1561.84502196879
 20
-22.31904660552974
 30
0.0
 10
1561.84502196879
 20
-22.44580079643741
 30
0.0
 10
1561.857071876239
 20
-22.57226796015952
 30
0.0
 10
1561.881009074826
 20
-22.69674139281268
 30
0.0
  0
LINE
  5
2C7
330
70
100
AcDbEntity
  8
0
  6
AI-Linetype-83
 62
     7
370
     0
100
AcDbLine
 10
1573.923760077272
 20
-22.31904660552974
 30
0.0
 11
1566.266283860308
 21
-22.31904660552974
 31
0.0
  0
LINE
  5
2C9
330
70
100
AcDbEntity
  8
0
  6
AI-Linetype-84
 62
     7
370
     0
100
AcDbLine
 10
1564.302270966343
 20
-24.69674139280569
 30
0.0
 11
1565.960406584165
 21
-33.31904660552949
 31
0.0
  0
LINE
  5
2CB
330
70
100
AcDbEntity
  8
0
  6
AI-Linetype-85
 62
     7
370
     0
100
AcDbLine
 10
1565.923760077271
 20
-33.31904660552949
 30
0.0
 11
1565.923760077271
 21
-46.81904660552964
 31
0.0
  0
LINE
  5
2CD
330
70
100
AcDbEntity
  8
0
  6
AI-Linetype-86
 62
     7
370
     0
100
AcDbLine
 10
1564.302270966343
 20
-55.44135181824317
 30
0.0
 11
1565.960406584165
 21
-46.81904660552964
 31
0.0
  0
LINE
  5
2CF
330
70
100
AcDbEntity
  8
0
  6
AI-Linetype-87
 62
     7
370
     0
100
AcDbLine
 10
1573.923760077272
 20
-57.81904660552939
 30
0.0
 11
1566.266283860308
 21
-57.81904660552939
 31
0.0
  0
SPLINE
  5
2D1
330
70
100
AcDbEntity
  8
0
  6
AI-Linetype-88
 62
     7
370
     0
100
AcDbSpline
210
0.0
220
0.0
230
1.0
 70
     8
 71
     3
 72
    11
 73
     7
 74
     0
 42
0.0000000001
 43
0.0000000001
 40
0.0
 40
0.0
 40
0.0
 40
0.0
 40
1.0
 40
1.0
 40
1.0
 40
2.0
 40
2.0
 40
2.0
 40
2.0
 10
1566.266283860308
 20
-22.31904660552589
 30
0.0
 10
1565.161714360646
 20
-22.31904660552589
 30
0.0
 10
1564.266283860308
 20
-23.21447710586469
 30
0.0
 10
1564.266283860308
 20
-24.31904660552596
 30
0.0
 10
1564.266283860308
 20
-24.44580079643363
 30
0.0
 10
1564.278333767757
 20
-24.57226796015575
 30
0.0
 10
1564.302270966343
 20
-24.6967413928089
 30
0.0
  0
SPLINE
  5
2D3
330
70
100
AcDbEntity
  8
0
  6
AI-Linetype-89
 62
     7
370
     0
100
AcDbSpline
210
0.0
220
0.0
230
1.0
 70
     8
 71
     3
 72
    11
 73
     7
 74
     0
 42
0.0000000001
 43
0.0000000001
 40
0.0
 40
0.0
 40
0.0
 40
0.0
 40
1.0
 40
1.0
 40
1.0
 40
2.0
 40
2.0
 40
2.0
 40
2.0
 10
1564.302270966343
 20
-55.44135181823996
 30
0.0
 10
1564.093675895236
 20
-56.52604618804748
 30
0.0
 10
1564.803894703217
 20
-57.57446442838062
 30
0.0
 10
1565.888589073025
 20
-57.78305949948736
 30
0.0
 10
1566.013062505678
 20
-57.80699669807368
 30
0.0
 10
1566.1395296694
 20
-57.81904660552297
 30
0.0
 10
1566.266283860308
 20
-57.81904660552297
 30
0.0
  0
SPLINE
  5
2D5
330
70
100
AcDbEntity
  8
0
  6
AI-Linetype-90
 62
     7
370
     0
100
AcDbSpline
210
0.0
220
0.0
230
1.0
 70
     8
 71
     3
 72
     8
 73
     4
 74
     0
 42
0.0000000001
 43
0.0000000001
 40
0.0
 40
0.0
 40
0.0
 40
0.0
 40
1.0
 40
1.0
 40
1.0
 40
1.0
 10
1565.923760077271
 20
-33.31904660552563
 30
0.0
 10
1564.819190577609
 20
-33.31904660552563
 30
0.0
 10
1563.923760077271
 20
-34.21447710586444
 30
0.0
 10
1563.923760077271
 20
-35.31904660552571
 30
0.0
  0
SPLINE
  5
2D7
330
70
100
AcDbEntity
  8
0
  6
AI-Linetype-91
 62
     7
370
     0
100
AcDbSpline
210
0.0
220
0.0
230
1.0
 70
     8
 71
     3
 72
     8
 73
     4
 74
     0
 42
0.0000000001
 43
0.0000000001
 40
0.0
 40
0.0
 40
0.0
 40
0.0
 40
1.0
 40
1.0
 40
1.0
 40
1.0
 10
1563.923760077271
 20
-44.81904660552316
 30
0.0
 10
1563.923760077271
 20
-45.92361610518506
 30
0.0
 10
1564.819190577609
 20
-46.81904660552322
 30
0.0
 10
1565.923760077271
 20
-46.81904660552322
 30
0.0
  0
LINE
  5
2D9
330
70
100
AcDbEntity
  8
0
 62
     7
370
     0
100
AcDbLine
 10
1578.92376007727
 20
-36.56904660552591
 30
0.0
 11
1586.92376007727
 21
-36.56904660552591
 31
0.0
  0
LINE
  5
2DA
330
70
100
AcDbEntity
  8
0
 62
     7
370
     0
100
AcDbLine
 10
1578.92376007727
 20
-43.56904660552294
 30
0.0
 11
1586.92376007727
 21
-43.56904660552294
 31
0.0
  0
LINE
  5
2DB
330
70
100
AcDbEntity
  8
0
 62
     7
370
     0
100
AcDbLine
 10
1586.92376007727
 20
-43.56904660552294
 30
0.0
 11
1586.92376007727
 21
-36.56904660552591
 31
0.0
  0
LINE
  5
2DC
330
70
100
AcDbEntity
  8
0
 62
     7
370
     0
100
AcDbLine
 10
1617.62376007737
 20
-184.8190466055563
 30
0.0
 11
1834.223760077374
 21
-184.8190466055563
 31
0.0
  0
LINE
  5
2DD
330
70
100
AcDbEntity
  8
0
 62
     7
370
     0
100
AcDbLine
 10
1834.223760077374
 20
-184.8190466055563
 30
0.0
 11
1617.62376007737
 21
-184.8190466055563
 31
0.0
  0
LINE
  5
2DE
330
70
100
AcDbEntity
  8
0
 62
     7
370
     0
100
AcDbLine
 10
1834.223760077374
 20
-182.7190466055469
 30
0.0
 11
1617.62376007737
 21
-182.7190466055469
 31
0.0
  0
LINE
  5
2DF
330
70
100
AcDbEntity
  8
0
 62
     7
370
     0
100
AcDbLine
 10
1610.923760077227
 20
538.1809107757598
 30
0.0
 11
1610.92376007722
 21
-184.8190466055563
 31
0.0
  0
LINE
  5
2E0
330
70
100
AcDbEntity
  8
0
 62
     7
370
     0
100
AcDbLine
 10
1610.92376007724
 20
-184.8190466055563
 30
0.0
 11
1592.623760077383
 21
-184.8190466055563
 31
0.0
  0
SPLINE
  5
2E1
330
70
100
AcDbEntity
  8
0
 62
     7
370
     0
100
AcDbSpline
210
0.0
220
0.0
230
1.0
 70
     8
 71
     3
 72
     8
 73
     4
 74
     0
 42
0.0000000001
 43
0.0000000001
 40
0.0
 40
0.0
 40
0.0
 40
0.0
 40
1.0
 40
1.0
 40
1.0
 40
1.0
 10
1588.423760077387
 20
-180.6190466055375
 30
0.0
 10
1588.423760077387
 20
-182.938642554825
 30
0.0
 10
1590.304164128095
 20
-184.8190466055345
 30
0.0
 10
1592.623760077383
 20
-184.8190466055345
 30
0.0
  0
SPLINE
  5
2E2
330
70
100
AcDbEntity
  8
0
 62
     7
370
     0
100
AcDbSpline
210
0.0
220
0.0
230
1.0
 70
     8
 71
     3
 72
     8
 73
     4
 74
     0
 42
0.0000000001
 43
0.0000000001
 40
0.0
 40
0.0
 40
0.0
 40
0.0
 40
1.0
 40
1.0
 40
1.0
 40
1.0
 10
1590.523760077385
 20
-180.6190466055375
 30
0.0
 10
1590.523760077385
 20
-181.7788445801816
 30
0.0
 10
1591.46396210274
 20
-182.719046605536
 30
0.0
 10
1592.623760077383
 20
-182.719046605536
 30
0.0
  0
LINE
  5
2E3
330
70
100
AcDbEntity
  8
0
 62
     7
370
     0
100
AcDbLine
 10
1592.623760077383
 20
-182.7190466055469
 30
0.0
 11
1610.923760077212
 21
-182.7190466055469
 31
0.0
  0
SPLINE
  5
2E4
330
70
100
AcDbEntity
  8
0
 62
     7
370
     0
100
AcDbSpline
210
0.0
220
0.0
230
1.0
 70
     8
 71
     3
 72
     8
 73
     4
 74
     0
 42
0.0000000001
 43
0.0000000001
 40
0.0
 40
0.0
 40
0.0
 40
0.0
 40
1.0
 40
1.0
 40
1.0
 40
1.0
 10
1613.423760077237
 20
-164.5190466055341
 30
0.0
 10
1613.423760077237
 20
-163.3592486308894
 30
0.0
 10
1612.483558051881
 20
-162.4190466055337
 30
0.0
 10
1611.323760077236
 20
-162.4190466055337
 30
0.0
  0
LINE
  5
2E5
330
70
100
AcDbEntity
  8
0
 62
     7
370
     0
100
AcDbLine
 10
1611.323760077236
 20
-162.4190466055042
 30
0.0
 11
1603.291978858769
 21
-162.4190466055042
 31
0.0
  0
SPLINE
  5
2E6
330
70
100
AcDbEntity
  8
0
 62
     7
370
     0
100
AcDbSpline
210
0.0
220
0.0
230
1.0
 70
     8
 71
     3
 72
     8
 73
     4
 74
     0
 42
0.0000000001
 43
0.0000000001
 40
0.0
 40
0.0
 40
0.0
 40
0.0
 40
1.0
 40
1.0
 40
1.0
 40
1.0
 10
1603.291978858769
 20
-162.4190466055356
 30
0.0
 10
1602.815729835742
 20
-162.4190466055356
 30
0.0
 10
1602.353624423346
 20
-162.5809279080727
 30
0.0
 10
1601.981488253845
 20
-162.8781278463023
 30
0.0
  0
LINE
  5
2E7
330
70
100
AcDbEntity
  8
0
 62
     7
370
     0
100
AcDbLine
 10
1601.981488253916
 20
-162.8781278462605
 30
0.0
 11
1595.195278162132
 21
-168.2978139322083
 31
0.0
  0
LINE
  5
2E8
330
70
100
AcDbEntity
  8
0
 62
     7
370
     0
100
AcDbLine
 10
1595.195278162132
 20
-168.2978139322083
 30
0.0
 11
1593.884787557263
 21
-166.6568951729244
 31
0.0
  0
LINE
  5
2E9
330
70
100
AcDbEntity
  8
0
 62
     7
370
     0
100
AcDbLine
 10
1593.884787557263
 20
-166.6568951729244
 30
0.0
 11
1600.670997649047
 21
-161.2372090869459
 31
0.0
  0
SPLINE
  5
2EA
330
70
100
AcDbEntity
  8
0
 62
     7
370
     0
100
AcDbSpline
210
0.0
220
0.0
230
1.0
 70
     8
 71
     3
 72
     8
 73
     4
 74
     0
 42
0.0000000001
 43
0.0000000001
 40
0.0
 40
0.0
 40
0.0
 40
0.0
 40
1.0
 40
1.0
 40
1.0
 40
1.0
 10
1603.291978858757
 20
-160.3190466055365
 30
0.0
 10
1602.339480812771
 20
-160.3190466055365
 30
0.0
 10
1601.415269988042
 20
-160.6428092105632
 30
0.0
 10
1600.670997649066
 20
-161.2372090869434
 30
0.0
  0
LINE
  5
2EB
330
70
100
AcDbEntity
  8
0
 62
     7
370
     0
100
AcDbLine
 10
1603.291978858769
 20
-160.3190466055256
 30
0.0
 11
1611.323760077236
 21
-160.3190466055256
 31
0.0
  0
SPLINE
  5
2EC
330
70
100
AcDbEntity
  8
0
 62
     7
370
     0
100
AcDbSpline
210
0.0
220
0.0
230
1.0
 70
     8
 71
     3
 72
     8
 73
     4
 74
     0
 42
0.0000000001
 43
0.0000000001
 40
0.0
 40
0.0
 40
0.0
 40
0.0
 40
1.0
 40
1.0
 40
1.0
 40
1.0
 10
1615.523760077233
 20
-164.5190466055341
 30
0.0
 10
1615.523760077233
 20
-162.1994506562467
 30
0.0
 10
1613.643356026525
 20
-160.3190466055371
 30
0.0
 10
1611.323760077236
 20
-160.3190466055371
 30
0.0
  0
LINE
  5
2ED
330
70
100
AcDbEntity
  8
0
 62
     7
370
     0
100
AcDbLine
 10
1593.884787557263
 20
-165.2234413184596
 30
0.0
 11
1593.884787557263
 21
-166.6568951729244
 31
0.0
  0
INSERT
  5
2EF
330
70
100
AcDbEntity
  8
0
100
AcDbBlockReference
  2
Block_7
 10
0.0
 20
0.0
 30
0.0
  0
SPLINE
  5
2FF
330
70
100
AcDbEntity
  8
0
 62
     7
370
     0
100
AcDbSpline
210
0.0
220
0.0
230
1.0
 70
     8
 71
     3
 72
    32
 73
    28
 74
     0
 42
0.0000000001
 43
0.0000000001
 40
0.0
 40
0.0
 40
0.0
 40
0.0
 40
1.0
 40
1.0
 40
1.0
 40
2.0
 40
2.0
 40
2.0
 40
3.0
 40
3.0
 40
3.0
 40
4.0
 40
4.0
 40
4.0
 40
5.0
 40
5.0
 40
5.0
 40
6.0
 40
6.0
 40
6.0
 40
7.0
 40
7.0
 40
7.0
 40
8.0
 40
8.0
 40
8.0
 40
9.0
 40
9.0
 40
9.0
 40
9.0
 10
1590.524059008845
 20
-179.2648384681342
 30
0.0
 10
1591.507918950239
 20
-179.3458603406815
 30
0.0
 10
1592.49177889163
 20
-179.426882213214
 30
0.0
 10
1593.513533564584
 20
-179.2648384681342
 30
0.0
 10
1594.646756484019
 20
-179.0851165733032
 30
0.0
 10
1595.8265933924
 20
-178.6064017170528
 30
0.0
 10
1596.503008120339
 20
-177.8308515390568
 30
0.0
 10
1597.545263187168
 20
-176.6358434039435
 30
0.0
 10
1597.392280600542
 20
-174.7360813521214
 30
0.0
 10
1596.503008120337
 20
-172.721985227684
 30
0.0
 10
1595.11709972147
 20
-169.5830679699013
 30
0.0
 10
1591.942859159633
 20
-166.1664512609051
 30
0.0
 10
1593.991581106146
 20
-165.1664062548218
 30
0.0
 10
1594.41426853812
 20
-164.9600793512621
 30
0.0
 10
1595.059281603667
 20
-164.8566185575143
 30
0.0
 10
1595.53907414272
 20
-164.6152648902763
 30
0.0
 10
1597.178384719808
 20
-163.7906301006148
 30
0.0
 10
1596.88892946762
 20
-161.3562494268972
 30
0.0
 10
1596.678298721609
 20
-159.1194434399709
 30
0.0
 10
1596.508745790355
 20
-157.3188657991958
 30
0.0
 10
1596.390270206081
 20
-155.6463142168314
 30
0.0
 10
1595.303126090564
 20
-154.8157532187614
 30
0.0
 10
1594.752824244125
 20
-154.3953312670669
 30
0.0
 10
1593.954321760368
 20
-154.190651432409
 30
0.0
 10
1593.153391477296
 20
-154.0353699407646
 30
0.0
 10
1592.23186242156
 20
-153.8567071914686
 30
0.0
 10
1591.307119398761
 20
-153.7434389112758
 30
0.0
 10
1590.524059008845
 20
-154.1386033203712
 30
0.0
  0
INSERT
  5
301
330
70
100
AcDbEntity
  8
0
100
AcDbBlockReference
  2
Block_8
 10
0.0
 20
0.0
 30
0.0
  0
LINE
  5
308
330
70
100
AcDbEntity
  8
0
 62
     5
370
     0
100
AcDbLine
 10
1640.523760077298
 20
530.1809534930024
 30
0.0
 11
1660.523760077299
 21
530.1809534930024
 31
0.0
  0
LINE
  5
309
330
70
100
AcDbEntity
  8
0
 62
     5
370
     0
100
AcDbLine
 10
1660.523760077299
 20
530.1809534930024
 30
0.0
 11
1660.523760077299
 21
-149.8190464085028
 31
0.0
  0
LINE
  5
30A
330
70
100
AcDbEntity
  8
0
 62
     5
370
     0
100
AcDbLine
 10
1660.523760077299
 20
-149.8190464085028
 30
0.0
 11
1640.523760077298
 21
-149.8190464085028
 31
0.0
  0
LINE
  5
30B
330
70
100
AcDbEntity
  8
0
 62
     5
370
     0
100
AcDbLine
 10
1640.523760077298
 20
-149.8190464085028
 30
0.0
 11
1640.523760077298
 21
530.1809534930024
 31
0.0
  0
LINE
  5
30C
330
70
100
AcDbEntity
  8
0
 62
     7
370
     0
100
AcDbLine
 10
1649.088171015822
 20
178.9971559379572
 30
0.0
 11
1469.650023194063
 21
299.0115381101436
 31
0.0
  0
MTEXT
  5
30D
330
70
100
AcDbEntity
  8
0
100
AcDbMText
 10
1381.35943840249
 20
318.7939777848849
 30
0.0
 40
0.2
 41
0.0
 46
0.0
 71
     7
 72
     1
  1
\C7;\FArial|b0|i0|c1;\H25.000000;\W1.000000;SUB PANEL
 73
     1
 44
1.0
  0
LINE
  5
30E
330
70
100
AcDbEntity
  8
0
 62
     7
370
     0
100
AcDbLine
 10
1780.126863105219
 20
-150.6828141805329
 30
0.0
 11
1780.126863105216
 21
531.0447213636591
 31
0.0
  0
LINE
  5
30F
330
70
100
AcDbEntity
  8
0
 62
     7
370
     0
100
AcDbLine
 10
1780.126863105214
 20
531.0447213636591
 30
0.0
 11
1765.126863105214
 21
531.0447213636591
 31
0.0
  0
LINE
  5
310
330
70
100
AcDbEntity
  8
0
 62
     7
370
     0
100
AcDbLine
 10
1765.126863105216
 20
531.0447213636591
 30
0.0
 11
1765.126863105219
 21
-150.6828141805329
 31
0.0
  0
LINE
  5
311
330
70
100
AcDbEntity
  8
0
 62
     7
370
     0
100
AcDbLine
 10
1760.215971215689
 20
264.1347953925994
 30
0.0
 11
1713.018512429063
 21
264.1347953925994
 31
0.0
  0
LINE
  5
312
330
70
100
AcDbEntity
  8
0
 62
     7
370
     0
100
AcDbLine
 10
1763.126863105215
 20
274.259795392597
 30
0.0
 11
1655.126863105216
 21
274.259795392597
 31
0.0
  0
SPLINE
  5
313
330
70
100
AcDbEntity
  8
0
 62
     7
370
     0
100
AcDbSpline
210
0.0
220
0.0
230
1.0
 70
     8
 71
     3
 72
     8
 73
     4
 74
     0
 42
0.0000000001
 43
0.0000000001
 40
0.0
 40
0.0
 40
0.0
 40
0.0
 40
1.0
 40
1.0
 40
1.0
 40
1.0
 10
1655.126863105216
 20
274.2597953925989
 30
0.0
 10
1654.574578355386
 20
274.2597953925989
 30
0.0
 10
1654.126863105216
 20
273.8120801424298
 30
0.0
 10
1654.126863105216
 20
273.2597953925989
 30
0.0
  0
LINE
  5
314
330
70
100
AcDbEntity
  8
0
 62
     7
370
     0
100
AcDbLine
 10
1763.126863105215
 20
253.7597953925998
 30
0.0
 11
1655.126863105216
 21
253.7597953925998
 31
0.0
  0
SPLINE
  5
315
330
70
100
AcDbEntity
  8
0
 62
     7
370
     0
100
AcDbSpline
210
0.0
220
0.0
230
1.0
 70
     8
 71
     3
 72
     8
 73
     4
 74
     0
 42
0.0000000001
 43
0.0000000001
 40
0.0
 40
0.0
 40
0.0
 40
0.0
 40
1.0
 40
1.0
 40
1.0
 40
1.0
 10
1654.126863105216
 20
254.7597953925979
 30
0.0
 10
1654.126863105216
 20
254.2075106427669
 30
0.0
 10
1654.574578355386
 20
253.7597953925978
 30
0.0
 10
1655.126863105216
 20
253.7597953925978
 30
0.0
  0
LINE
  5
316
330
70
100
AcDbEntity
  8
0
 62
     7
370
     0
100
AcDbLine
 10
1654.126863105216
 20
254.7597953925979
 30
0.0
 11
1654.126863105216
 21
273.2597953925989
 31
0.0
  0
LINE
  5
317
330
70
100
AcDbEntity
  8
0
 62
     7
370
     0
100
AcDbLine
 10
1764.126863105216
 20
273.2597953925989
 30
0.0
 11
1656.126863105214
 21
273.2597953925989
 31
0.0
  0
SPLINE
  5
318
330
70
100
AcDbEntity
  8
0
 62
     7
370
     0
100
AcDbSpline
210
0.0
220
0.0
230
1.0
 70
     8
 71
     3
 72
     8
 73
     4
 74
     0
 42
0.0000000001
 43
0.0000000001
 40
0.0
 40
0.0
 40
0.0
 40
0.0
 40
1.0
 40
1.0
 40
1.0
 40
1.0
 10
1656.126863105214
 20
273.2597953926008
 30
0.0
 10
1655.574578355384
 20
273.2597953926008
 30
0.0
 10
1655.126863105214
 20
272.8120801424317
 30
0.0
 10
1655.126863105214
 20
272.2597953926007
 30
0.0
  0
LINE
  5
319
330
70
100
AcDbEntity
  8
0
 62
     7
370
     0
100
AcDbLine
 10
1764.126863105216
 20
254.7597953925979
 30
0.0
 11
1656.126863105214
 21
254.7597953925979
 31
0.0
  0
LINE
  5
31A
330
70
100
AcDbEntity
  8
0
 62
     7
370
     0
100
AcDbLine
 10
1655.126863105216
 20
255.759795392596
 30
0.0
 11
1655.126863105216
 21
272.2597953926007
 31
0.0
  0
SPLINE
  5
31B
330
70
100
AcDbEntity
  8
0
 62
     7
370
     0
100
AcDbSpline
210
0.0
220
0.0
230
1.0
 70
     8
 71
     3
 72
     8
 73
     4
 74
     0
 42
0.0000000001
 43
0.0000000001
 40
0.0
 40
0.0
 40
0.0
 40
0.0
 40
1.0
 40
1.0
 40
1.0
 40
1.0
 10
1655.126863105214
 20
255.759795392596
 30
0.0
 10
1655.126863105214
 20
255.2075106427651
 30
0.0
 10
1655.574578355384
 20
254.759795392596
 30
0.0
 10
1656.126863105214
 20
254.759795392596
 30
0.0
  0
LINE
  5
31C
330
70
100
AcDbEntity
  8
0
 62
     7
370
     0
100
AcDbLine
 10
1655.126863105216
 20
260.7597953925968
 30
0.0
 11
1655.952420713199
 21
260.7597953925968
 31
0.0
  0
LINE
  5
31D
330
70
100
AcDbEntity
  8
0
 62
     7
370
     0
100
AcDbLine
 10
1656.952420713199
 20
261.7597953926051
 30
0.0
 11
1656.952420713199
 21
264.7597953925995
 31
0.0
  0
SPLINE
  5
31E
330
70
100
AcDbEntity
  8
0
 62
     7
370
     0
100
AcDbSpline
210
0.0
220
0.0
230
1.0
 70
     8
 71
     3
 72
     8
 73
     4
 74
     0
 42
0.0000000001
 43
0.0000000001
 40
0.0
 40
0.0
 40
0.0
 40
0.0
 40
1.0
 40
1.0
 40
1.0
 40
1.0
 10
1655.952420713199
 20
260.7597953926052
 30
0.0
 10
1656.504705463029
 20
260.7597953926052
 30
0.0
 10
1656.952420713199
 20
261.2075106427742
 30
0.0
 10
1656.952420713199
 20
261.7597953926051
 30
0.0
  0
LINE
  5
31F
330
70
100
AcDbEntity
  8
0
 62
     7
370
     0
100
AcDbLine
 10
1655.952420713199
 20
265.7597953925976
 30
0.0
 11
1655.126863105216
 21
265.7597953925976
 31
0.0
  0
SPLINE
  5
320
330
70
100
AcDbEntity
  8
0
 62
     7
370
     0
100
AcDbSpline
210
0.0
220
0.0
230
1.0
 70
     8
 71
     3
 72
     8
 73
     4
 74
     0
 42
0.0000000001
 43
0.0000000001
 40
0.0
 40
0.0
 40
0.0
 40
0.0
 40
1.0
 40
1.0
 40
1.0
 40
1.0
 10
1656.952420713199
 20
264.7597953925995
 30
0.0
 10
1656.952420713199
 20
265.3120801424305
 30
0.0
 10
1656.504705463029
 20
265.7597953925995
 30
0.0
 10
1655.952420713199
 20
265.7597953925995
 30
0.0
  0
LINE
  5
321
330
70
100
AcDbEntity
  8
0
 62
     7
370
     0
100
AcDbLine
 10
1764.126863105216
 20
254.7597953925979
 30
0.0
 11
1764.126863105216
 21
254.7597953925979
 31
0.0
  0
SPLINE
  5
322
330
70
100
AcDbEntity
  8
0
 62
     7
370
     0
100
AcDbSpline
210
0.0
220
0.0
230
1.0
 70
     8
 71
     3
 72
     8
 73
     4
 74
     0
 42
0.0000000001
 43
0.0000000001
 40
0.0
 40
0.0
 40
0.0
 40
0.0
 40
1.0
 40
1.0
 40
1.0
 40
1.0
 10
1765.126863105216
 20
253.7597953925998
 30
0.0
 10
1765.126863105216
 20
254.3120801424307
 30
0.0
 10
1764.679147855046
 20
254.7597953925998
 30
0.0
 10
1764.126863105216
 20
254.7597953925998
 30
0.0
  0
SPLINE
  5
323
330
70
100
AcDbEntity
  8
0
 62
     7
370
     0
100
AcDbSpline
210
0.0
220
0.0
230
1.0
 70
     8
 71
     3
 72
     8
 73
     4
 74
     0
 42
0.0000000001
 43
0.0000000001
 40
0.0
 40
0.0
 40
0.0
 40
0.0
 40
1.0
 40
1.0
 40
1.0
 40
1.0
 10
1763.126863105215
 20
274.2597953926053
 30
0.0
 10
1763.679147855045
 20
274.2597953926053
 30
0.0
 10
1764.126863105215
 20
274.7075106427744
 30
0.0
 10
1764.126863105215
 20
275.2597953926053
 30
0.0
  0
LINE
  5
324
330
70
100
AcDbEntity
  8
0
 62
     7
370
     0
100
AcDbLine
 10
1764.126863105216
 20
294.2597953926002
 30
0.0
 11
1765.126863105216
 21
294.2597953926002
 31
0.0
  0
SPLINE
  5
325
330
70
100
AcDbEntity
  8
0
 62
     7
370
     0
100
AcDbSpline
210
0.0
220
0.0
230
1.0
 70
     8
 71
     3
 72
     8
 73
     4
 74
     0
 42
0.0000000001
 43
0.0000000001
 40
0.0
 40
0.0
 40
0.0
 40
0.0
 40
1.0
 40
1.0
 40
1.0
 40
1.0
 10
1764.126863105216
 20
273.2597953925969
 30
0.0
 10
1764.679147855046
 20
273.2597953925969
 30
0.0
 10
1765.126863105216
 20
273.707510642766
 30
0.0
 10
1765.126863105216
 20
274.259795392597
 30
0.0
  0
LINE
  5
326
330
70
100
AcDbEntity
  8
0
 62
     7
370
     0
100
AcDbLine
 10
1669.126863105216
 20
254.7597953925979
 30
0.0
 11
1669.126863105216
 21
253.7597953925998
 31
0.0
  0
LINE
  5
327
330
70
100
AcDbEntity
  8
0
 62
     7
370
     0
100
AcDbLine
 10
1669.126863105216
 20
273.2597953925989
 30
0.0
 11
1669.126863105216
 21
274.259795392597
 31
0.0
  0
LINE
  5
328
330
70
100
AcDbEntity
  8
0
 62
     7
370
     0
100
AcDbLine
 10
1664.126863105215
 20
273.2597953925989
 30
0.0
 11
1664.126863105215
 21
273.2597953925989
 31
0.0
  0
LINE
  5
329
330
70
100
AcDbEntity
  8
0
 62
     7
370
     0
100
AcDbLine
 10
1664.126863105215
 20
254.7597953925979
 30
0.0
 11
1664.126863105215
 21
253.7597953925998
 31
0.0
  0
LINE
  5
32A
330
70
100
AcDbEntity
  8
0
 62
     7
370
     0
100
AcDbLine
 10
1664.126863105215
 20
273.2597953925989
 30
0.0
 11
1664.126863105215
 21
274.259795392597
 31
0.0
  0
LINE
  5
32B
330
70
100
AcDbEntity
  8
0
 62
     7
370
     0
100
AcDbLine
 10
1764.126863105216
 20
234.0097953925986
 30
0.0
 11
1764.126863105216
 21
294.2597953926002
 31
0.0
  0
LINE
  5
32C
330
70
100
AcDbEntity
  8
0
 62
     7
370
     0
100
AcDbLine
 10
1764.126863105216
 20
234.0097953925986
 30
0.0
 11
1765.126863105216
 21
234.0097953925986
 31
0.0
  0
LINE
  5
32D
330
70
100
AcDbEntity
  8
0
 62
     7
370
     0
100
AcDbLine
 10
1765.126863105216
 20
294.2597953926002
 30
0.0
 11
1765.126863105216
 21
234.0097953925986
 31
0.0
  0
MTEXT
  5
32E
330
70
100
AcDbEntity
  8
0
100
AcDbMText
 10
1588.763832881889
 20
675.2279491855766
 30
0.0
 40
0.2
 41
0.0
 46
0.0
 71
     7
 72
     1
  1
\C7;\FArial|b0|i0|c1;\H23.100000;\W1.000000;VISTA LATERAL
 73
     1
 44
1.0
  0
LINE
  5
32F
330
70
100
AcDbEntity
  8
0
 62
     7
370
     0
100
AcDbLine
 10
1760.215971215689
 20
414.1347953926033
 30
0.0
 11
1713.018512429063
 21
414.1347953926033
 31
0.0
  0
LINE
  5
330
330
70
100
AcDbEntity
  8
0
 62
     7
370
     0
100
AcDbLine
 10
1763.126863105215
 20
424.2597953926009
 30
0.0
 11
1655.126863105216
 21
424.2597953926009
 31
0.0
  0
SPLINE
  5
331
330
70
100
AcDbEntity
  8
0
 62
     7
370
     0
100
AcDbSpline
210
0.0
220
0.0
230
1.0
 70
     8
 71
     3
 72
     8
 73
     4
 74
     0
 42
0.0000000001
 43
0.0000000001
 40
0.0
 40
0.0
 40
0.0
 40
0.0
 40
1.0
 40
1.0
 40
1.0
 40
1.0
 10
1655.126863105216
 20
424.2597953926028
 30
0.0
 10
1654.574578355386
 20
424.2597953926028
 30
0.0
 10
1654.126863105216
 20
423.8120801424338
 30
0.0
 10
1654.126863105216
 20
423.2597953926028
 30
0.0
  0
LINE
  5
332
330
70
100
AcDbEntity
  8
0
 62
     7
370
     0
100
AcDbLine
 10
1763.126863105215
 20
403.7597953926037
 30
0.0
 11
1655.126863105216
 21
403.7597953926037
 31
0.0
  0
SPLINE
  5
333
330
70
100
AcDbEntity
  8
0
 62
     7
370
     0
100
AcDbSpline
210
0.0
220
0.0
230
1.0
 70
     8
 71
     3
 72
     8
 73
     4
 74
     0
 42
0.0000000001
 43
0.0000000001
 40
0.0
 40
0.0
 40
0.0
 40
0.0
 40
1.0
 40
1.0
 40
1.0
 40
1.0
 10
1654.126863105216
 20
404.7597953926018
 30
0.0
 10
1654.126863105216
 20
404.2075106427709
 30
0.0
 10
1654.574578355386
 20
403.7597953926018
 30
0.0
 10
1655.126863105216
 20
403.7597953926018
 30
0.0
  0
LINE
  5
334
330
70
100
AcDbEntity
  8
0
 62
     7
370
     0
100
AcDbLine
 10
1654.126863105216
 20
404.7597953926018
 30
0.0
 11
1654.126863105216
 21
423.2597953926028
 31
0.0
  0
LINE
  5
335
330
70
100
AcDbEntity
  8
0
 62
     7
370
     0
100
AcDbLine
 10
1764.126863105216
 20
423.2597953926028
 30
0.0
 11
1656.126863105214
 21
423.2597953926028
 31
0.0
  0
SPLINE
  5
336
330
70
100
AcDbEntity
  8
0
 62
     7
370
     0
100
AcDbSpline
210
0.0
220
0.0
230
1.0
 70
     8
 71
     3
 72
     8
 73
     4
 74
     0
 42
0.0000000001
 43
0.0000000001
 40
0.0
 40
0.0
 40
0.0
 40
0.0
 40
1.0
 40
1.0
 40
1.0
 40
1.0
 10
1656.126863105214
 20
423.2597953926047
 30
0.0
 10
1655.574578355384
 20
423.2597953926047
 30
0.0
 10
1655.126863105214
 20
422.8120801424357
 30
0.0
 10
1655.126863105214
 20
422.2597953926047
 30
0.0
  0
LINE
  5
337
330
70
100
AcDbEntity
  8
0
 62
     7
370
     0
100
AcDbLine
 10
1764.126863105216
 20
404.7597953926018
 30
0.0
 11
1656.126863105214
 21
404.7597953926018
 31
0.0
  0
LINE
  5
338
330
70
100
AcDbEntity
  8
0
 62
     7
370
     0
100
AcDbLine
 10
1655.126863105216
 20
405.7597953925999
 30
0.0
 11
1655.126863105216
 21
422.2597953926047
 31
0.0
  0
SPLINE
  5
339
330
70
100
AcDbEntity
  8
0
 62
     7
370
     0
100
AcDbSpline
210
0.0
220
0.0
230
1.0
 70
     8
 71
     3
 72
     8
 73
     4
 74
     0
 42
0.0000000001
 43
0.0000000001
 40
0.0
 40
0.0
 40
0.0
 40
0.0
 40
1.0
 40
1.0
 40
1.0
 40
1.0
 10
1655.126863105214
 20
405.7597953925999
 30
0.0
 10
1655.126863105214
 20
405.207510642769
 30
0.0
 10
1655.574578355384
 20
404.7597953926
 30
0.0
 10
1656.126863105214
 20
404.7597953926
 30
0.0
  0
LINE
  5
33A
330
70
100
AcDbEntity
  8
0
 62
     7
370
     0
100
AcDbLine
 10
1655.126863105216
 20
410.7597953926008
 30
0.0
 11
1655.952420713199
 21
410.7597953926008
 31
0.0
  0
LINE
  5
33B
330
70
100
AcDbEntity
  8
0
 62
     7
370
     0
100
AcDbLine
 10
1656.952420713199
 20
411.7597953925988
 30
0.0
 11
1656.952420713199
 21
414.7597953926035
 31
0.0
  0
SPLINE
  5
33C
330
70
100
AcDbEntity
  8
0
 62
     7
370
     0
100
AcDbSpline
210
0.0
220
0.0
230
1.0
 70
     8
 71
     3
 72
     8
 73
     4
 74
     0
 42
0.0000000001
 43
0.0000000001
 40
0.0
 40
0.0
 40
0.0
 40
0.0
 40
1.0
 40
1.0
 40
1.0
 40
1.0
 10
1655.952420713199
 20
410.7597953925989
 30
0.0
 10
1656.504705463029
 20
410.7597953925989
 30
0.0
 10
1656.952420713199
 20
411.2075106427679
 30
0.0
 10
1656.952420713199
 20
411.7597953925988
 30
0.0
  0
LINE
  5
33D
330
70
100
AcDbEntity
  8
0
 62
     7
370
     0
100
AcDbLine
 10
1655.952420713199
 20
415.7597953926016
 30
0.0
 11
1655.126863105216
 21
415.7597953926016
 31
0.0
  0
SPLINE
  5
33E
330
70
100
AcDbEntity
  8
0
 62
     7
370
     0
100
AcDbSpline
210
0.0
220
0.0
230
1.0
 70
     8
 71
     3
 72
     8
 73
     4
 74
     0
 42
0.0000000001
 43
0.0000000001
 40
0.0
 40
0.0
 40
0.0
 40
0.0
 40
1.0
 40
1.0
 40
1.0
 40
1.0
 10
1656.952420713199
 20
414.7597953926035
 30
0.0
 10
1656.952420713199
 20
415.3120801424345
 30
0.0
 10
1656.504705463029
 20
415.7597953926035
 30
0.0
 10
1655.952420713199
 20
415.7597953926035
 30
0.0
  0
LINE
  5
33F
330
70
100
AcDbEntity
  8
0
 62
     7
370
     0
100
AcDbLine
 10
1764.126863105216
 20
404.7597953926018
 30
0.0
 11
1764.126863105216
 21
404.7597953926018
 31
0.0
  0
SPLINE
  5
340
330
70
100
AcDbEntity
  8
0
 62
     7
370
     0
100
AcDbSpline
210
0.0
220
0.0
230
1.0
 70
     8
 71
     3
 72
     8
 73
     4
 74
     0
 42
0.0000000001
 43
0.0000000001
 40
0.0
 40
0.0
 40
0.0
 40
0.0
 40
1.0
 40
1.0
 40
1.0
 40
1.0
 10
1765.126863105216
 20
403.7597953926037
 30
0.0
 10
1765.126863105216
 20
404.3120801424347
 30
0.0
 10
1764.679147855046
 20
404.7597953926038
 30
0.0
 10
1764.126863105216
 20
404.7597953926038
 30
0.0
  0
SPLINE
  5
341
330
70
100
AcDbEntity
  8
0
 62
     7
370
     0
100
AcDbSpline
210
0.0
220
0.0
230
1.0
 70
     8
 71
     3
 72
     8
 73
     4
 74
     0
 42
0.0000000001
 43
0.0000000001
 40
0.0
 40
0.0
 40
0.0
 40
0.0
 40
1.0
 40
1.0
 40
1.0
 40
1.0
 10
1763.126863105215
 20
424.259795392599
 30
0.0
 10
1763.679147855045
 20
424.259795392599
 30
0.0
 10
1764.126863105215
 20
424.7075106427681
 30
0.0
 10
1764.126863105215
 20
425.259795392599
 30
0.0
  0
LINE
  5
342
330
70
100
AcDbEntity
  8
0
 62
     7
370
     0
100
AcDbLine
 10
1764.126863105216
 20
444.2597953926042
 30
0.0
 11
1765.126863105216
 21
444.2597953926042
 31
0.0
  0
SPLINE
  5
343
330
70
100
AcDbEntity
  8
0
 62
     7
370
     0
100
AcDbSpline
210
0.0
220
0.0
230
1.0
 70
     8
 71
     3
 72
     8
 73
     4
 74
     0
 42
0.0000000001
 43
0.0000000001
 40
0.0
 40
0.0
 40
0.0
 40
0.0
 40
1.0
 40
1.0
 40
1.0
 40
1.0
 10
1764.126863105216
 20
423.2597953926009
 30
0.0
 10
1764.679147855046
 20
423.2597953926009
 30
0.0
 10
1765.126863105216
 20
423.70751064277
 30
0.0
 10
1765.126863105216
 20
424.2597953926009
 30
0.0
  0
LINE
  5
344
330
70
100
AcDbEntity
  8
0
 62
     7
370
     0
100
AcDbLine
 10
1669.126863105216
 20
404.7597953926018
 30
0.0
 11
1669.126863105216
 21
403.7597953926037
 31
0.0
  0
LINE
  5
345
330
70
100
AcDbEntity
  8
0
 62
     7
370
     0
100
AcDbLine
 10
1669.126863105216
 20
423.2597953926028
 30
0.0
 11
1669.126863105216
 21
424.2597953926009
 31
0.0
  0
LINE
  5
346
330
70
100
AcDbEntity
  8
0
 62
     7
370
     0
100
AcDbLine
 10
1664.126863105215
 20
423.2597953926028
 30
0.0
 11
1664.126863105215
 21
423.2597953926028
 31
0.0
  0
LINE
  5
347
330
70
100
AcDbEntity
  8
0
 62
     7
370
     0
100
AcDbLine
 10
1664.126863105215
 20
404.7597953926018
 30
0.0
 11
1664.126863105215
 21
403.7597953926037
 31
0.0
  0
LINE
  5
348
330
70
100
AcDbEntity
  8
0
 62
     7
370
     0
100
AcDbLine
 10
1664.126863105215
 20
423.2597953926028
 30
0.0
 11
1664.126863105215
 21
424.2597953926009
 31
0.0
  0
LINE
  5
349
330
70
100
AcDbEntity
  8
0
 62
     7
370
     0
100
AcDbLine
 10
1764.126863105216
 20
384.0097953926026
 30
0.0
 11
1764.126863105216
 21
444.2597953926042
 31
0.0
  0
LINE
  5
34A
330
70
100
AcDbEntity
  8
0
 62
     7
370
     0
100
AcDbLine
 10
1764.126863105216
 20
384.0097953926026
 30
0.0
 11
1765.126863105216
 21
384.0097953926026
 31
0.0
  0
LINE
  5
34B
330
70
100
AcDbEntity
  8
0
 62
     7
370
     0
100
AcDbLine
 10
1765.126863105216
 20
444.2597953926042
 30
0.0
 11
1765.126863105216
 21
384.0097953926026
 31
0.0
  0
LINE
  5
34C
330
70
100
AcDbEntity
  8
0
 62
     7
370
     0
100
AcDbLine
 10
1760.215971215689
 20
-35.86520460739835
 30
0.0
 11
1713.018512429063
 21
-35.86520460739835
 31
0.0
  0
LINE
  5
34D
330
70
100
AcDbEntity
  8
0
 62
     7
370
     0
100
AcDbLine
 10
1763.126863105215
 20
-25.7402046074008
 30
0.0
 11
1655.126863105216
 21
-25.7402046074008
 31
0.0
  0
SPLINE
  5
34E
330
70
100
AcDbEntity
  8
0
 62
     7
370
     0
100
AcDbSpline
210
0.0
220
0.0
230
1.0
 70
     8
 71
     3
 72
     8
 73
     4
 74
     0
 42
0.0000000001
 43
0.0000000001
 40
0.0
 40
0.0
 40
0.0
 40
0.0
 40
1.0
 40
1.0
 40
1.0
 40
1.0
 10
1655.126863105216
 20
-25.74020460739887
 30
0.0
 10
1654.574578355386
 20
-25.74020460739887
 30
0.0
 10
1654.126863105216
 20
-26.18791985756795
 30
0.0
 10
1654.126863105216
 20
-26.74020460739891
 30
0.0
  0
LINE
  5
34F
330
70
100
AcDbEntity
  8
0
 62
     7
370
     0
100
AcDbLine
 10
1763.126863105215
 20
-46.24020460739798
 30
0.0
 11
1655.126863105216
 21
-46.24020460739798
 31
0.0
  0
SPLINE
  5
350
330
70
100
AcDbEntity
  8
0
 62
     7
370
     0
100
AcDbSpline
210
0.0
220
0.0
230
1.0
 70
     8
 71
     3
 72
     8
 73
     4
 74
     0
 42
0.0000000001
 43
0.0000000001
 40
0.0
 40
0.0
 40
0.0
 40
0.0
 40
1.0
 40
1.0
 40
1.0
 40
1.0
 10
1654.126863105216
 20
-45.24020460739988
 30
0.0
 10
1654.126863105216
 20
-45.79248935723083
 30
0.0
 10
1654.574578355386
 20
-46.24020460739991
 30
0.0
 10
1655.126863105216
 20
-46.24020460739991
 30
0.0
  0
LINE
  5
351
330
70
100
AcDbEntity
  8
0
 62
     7
370
     0
100
AcDbLine
 10
1654.126863105216
 20
-45.24020460739988
 30
0.0
 11
1654.126863105216
 21
-26.74020460739891
 31
0.0
  0
LINE
  5
352
330
70
100
AcDbEntity
  8
0
 62
     7
370
     0
100
AcDbLine
 10
1764.126863105216
 20
-26.74020460739891
 30
0.0
 11
1656.126863105214
 21
-26.74020460739891
 31
0.0
  0
SPLINE
  5
353
330
70
100
AcDbEntity
  8
0
 62
     7
370
     0
100
AcDbSpline
210
0.0
220
0.0
230
1.0
 70
     8
 71
     3
 72
     8
 73
     4
 74
     0
 42
0.0000000001
 43
0.0000000001
 40
0.0
 40
0.0
 40
0.0
 40
0.0
 40
1.0
 40
1.0
 40
1.0
 40
1.0
 10
1656.126863105214
 20
-26.74020460739698
 30
0.0
 10
1655.574578355384
 20
-26.74020460739698
 30
0.0
 10
1655.126863105214
 20
-27.18791985756606
 30
0.0
 10
1655.126863105214
 20
-27.74020460739702
 30
0.0
  0
LINE
  5
354
330
70
100
AcDbEntity
  8
0
 62
     7
370
     0
100
AcDbLine
 10
1764.126863105216
 20
-45.24020460739988
 30
0.0
 11
1656.126863105214
 21
-45.24020460739988
 31
0.0
  0
LINE
  5
355
330
70
100
AcDbEntity
  8
0
 62
     7
370
     0
100
AcDbLine
 10
1655.126863105216
 20
-44.24020460740177
 30
0.0
 11
1655.126863105216
 21
-27.74020460739702
 31
0.0
  0
SPLINE
  5
356
330
70
100
AcDbEntity
  8
0
 62
     7
370
     0
100
AcDbSpline
210
0.0
220
0.0
230
1.0
 70
     8
 71
     3
 72
     8
 73
     4
 74
     0
 42
0.0000000001
 43
0.0000000001
 40
0.0
 40
0.0
 40
0.0
 40
0.0
 40
1.0
 40
1.0
 40
1.0
 40
1.0
 10
1655.126863105214
 20
-44.24020460740177
 30
0.0
 10
1655.126863105214
 20
-44.79248935723272
 30
0.0
 10
1655.574578355384
 20
-45.24020460740181
 30
0.0
 10
1656.126863105214
 20
-45.24020460740181
 30
0.0
  0
LINE
  5
357
330
70
100
AcDbEntity
  8
0
 62
     7
370
     0
100
AcDbLine
 10
1655.126863105216
 20
-39.24020460740095
 30
0.0
 11
1655.952420713199
 21
-39.24020460740095
 31
0.0
  0
LINE
  5
358
330
70
100
AcDbEntity
  8
0
 62
     7
370
     0
100
AcDbLine
 10
1656.952420713199
 20
-38.24020460740284
 30
0.0
 11
1656.952420713199
 21
-35.24020460739824
 31
0.0
  0
SPLINE
  5
359
330
70
100
AcDbEntity
  8
0
 62
     7
370
     0
100
AcDbSpline
210
0.0
220
0.0
230
1.0
 70
     8
 71
     3
 72
     8
 73
     4
 74
     0
 42
0.0000000001
 43
0.0000000001
 40
0.0
 40
0.0
 40
0.0
 40
0.0
 40
1.0
 40
1.0
 40
1.0
 40
1.0
 10
1655.952420713199
 20
-39.24020460740287
 30
0.0
 10
1656.504705463029
 20
-39.24020460740287
 30
0.0
 10
1656.952420713199
 20
-38.7924893572338
 30
0.0
 10
1656.952420713199
 20
-38.24020460740284
 30
0.0
  0
LINE
  5
35A
330
70
100
AcDbEntity
  8
0
 62
     7
370
     0
100
AcDbLine
 10
1655.952420713199
 20
-34.24020460740013
 30
0.0
 11
1655.126863105216
 21
-34.24020460740013
 31
0.0
  0
SPLINE
  5
35B
330
70
100
AcDbEntity
  8
0
 62
     7
370
     0
100
AcDbSpline
210
0.0
220
0.0
230
1.0
 70
     8
 71
     3
 72
     8
 73
     4
 74
     0
 42
0.0000000001
 43
0.0000000001
 40
0.0
 40
0.0
 40
0.0
 40
0.0
 40
1.0
 40
1.0
 40
1.0
 40
1.0
 10
1656.952420713199
 20
-35.24020460739824
 30
0.0
 10
1656.952420713199
 20
-34.68791985756729
 30
0.0
 10
1656.504705463029
 20
-34.24020460739821
 30
0.0
 10
1655.952420713199
 20
-34.24020460739821
 30
0.0
  0
LINE
  5
35C
330
70
100
AcDbEntity
  8
0
 62
     7
370
     0
100
AcDbLine
 10
1764.126863105216
 20
-45.24020460739988
 30
0.0
 11
1764.126863105216
 21
-45.24020460739988
 31
0.0
  0
SPLINE
  5
35D
330
70
100
AcDbEntity
  8
0
 62
     7
370
     0
100
AcDbSpline
210
0.0
220
0.0
230
1.0
 70
     8
 71
     3
 72
     8
 73
     4
 74
     0
 42
0.0000000001
 43
0.0000000001
 40
0.0
 40
0.0
 40
0.0
 40
0.0
 40
1.0
 40
1.0
 40
1.0
 40
1.0
 10
1765.126863105216
 20
-46.24020460739798
 30
0.0
 10
1765.126863105216
 20
-45.68791985756702
 30
0.0
 10
1764.679147855046
 20
-45.24020460739795
 30
0.0
 10
1764.126863105216
 20
-45.24020460739795
 30
0.0
  0
SPLINE
  5
35E
330
70
100
AcDbEntity
  8
0
 62
     7
370
     0
100
AcDbSpline
210
0.0
220
0.0
230
1.0
 70
     8
 71
     3
 72
     8
 73
     4
 74
     0
 42
0.0000000001
 43
0.0000000001
 40
0.0
 40
0.0
 40
0.0
 40
0.0
 40
1.0
 40
1.0
 40
1.0
 40
1.0
 10
1763.126863105215
 20
-25.74020460740272
 30
0.0
 10
1763.679147855045
 20
-25.74020460740272
 30
0.0
 10
1764.126863105215
 20
-25.29248935723364
 30
0.0
 10
1764.126863105215
 20
-24.74020460740268
 30
0.0
  0
LINE
  5
35F
330
70
100
AcDbEntity
  8
0
 62
     7
370
     0
100
AcDbLine
 10
1764.126863105216
 20
-5.740204607397522
 30
0.0
 11
1765.126863105216
 21
-5.740204607397522
 31
0.0
  0
SPLINE
  5
360
330
70
100
AcDbEntity
  8
0
 62
     7
370
     0
100
AcDbSpline
210
0.0
220
0.0
230
1.0
 70
     8
 71
     3
 72
     8
 73
     4
 74
     0
 42
0.0000000001
 43
0.0000000001
 40
0.0
 40
0.0
 40
0.0
 40
0.0
 40
1.0
 40
1.0
 40
1.0
 40
1.0
 10
1764.126863105216
 20
-26.74020460740083
 30
0.0
 10
1764.679147855046
 20
-26.74020460740083
 30
0.0
 10
1765.126863105216
 20
-26.29248935723175
 30
0.0
 10
1765.126863105216
 20
-25.7402046074008
 30
0.0
  0
LINE
  5
361
330
70
100
AcDbEntity
  8
0
 62
     7
370
     0
100
AcDbLine
 10
1669.126863105216
 20
-45.24020460739988
 30
0.0
 11
1669.126863105216
 21
-46.24020460739798
 31
0.0
  0
LINE
  5
362
330
70
100
AcDbEntity
  8
0
 62
     7
370
     0
100
AcDbLine
 10
1669.126863105216
 20
-26.74020460739891
 30
0.0
 11
1669.126863105216
 21
-25.7402046074008
 31
0.0
  0
LINE
  5
363
330
70
100
AcDbEntity
  8
0
 62
     7
370
     0
100
AcDbLine
 10
1664.126863105215
 20
-26.74020460739891
 30
0.0
 11
1664.126863105215
 21
-26.74020460739891
 31
0.0
  0
LINE
  5
364
330
70
100
AcDbEntity
  8
0
 62
     7
370
     0
100
AcDbLine
 10
1664.126863105215
 20
-45.24020460739988
 30
0.0
 11
1664.126863105215
 21
-46.24020460739798
 31
0.0
  0
LINE
  5
365
330
70
100
AcDbEntity
  8
0
 62
     7
370
     0
100
AcDbLine
 10
1664.126863105215
 20
-26.74020460739891
 30
0.0
 11
1664.126863105215
 21
-25.7402046074008
 31
0.0
  0
LINE
  5
366
330
70
100
AcDbEntity
  8
0
 62
     7
370
     0
100
AcDbLine
 10
1764.126863105216
 20
-65.99020460739916
 30
0.0
 11
1764.126863105216
 21
-5.740204607397522
 31
0.0
  0
LINE
  5
367
330
70
100
AcDbEntity
  8
0
 62
     7
370
     0
100
AcDbLine
 10
1764.126863105216
 20
-65.99020460739916
 30
0.0
 11
1765.126863105216
 21
-65.99020460739916
 31
0.0
  0
LINE
  5
368
330
70
100
AcDbEntity
  8
0
 62
     7
370
     0
100
AcDbLine
 10
1765.126863105216
 20
-5.740204607397522
 30
0.0
 11
1765.126863105216
 21
-65.99020460739916
 31
0.0
  0
LINE
  5
369
330
70
100
AcDbEntity
  8
0
 62
     7
370
     0
100
AcDbLine
 10
1760.215971215689
 20
114.1347953925954
 30
0.0
 11
1713.018512429063
 21
114.1347953925954
 31
0.0
  0
LINE
  5
36A
330
70
100
AcDbEntity
  8
0
 62
     7
370
     0
100
AcDbLine
 10
1763.126863105215
 20
124.2597953926032
 30
0.0
 11
1655.126863105216
 21
124.2597953926032
 31
0.0
  0
SPLINE
  5
36B
330
70
100
AcDbEntity
  8
0
 62
     7
370
     0
100
AcDbSpline
210
0.0
220
0.0
230
1.0
 70
     8
 71
     3
 72
     8
 73
     4
 74
     0
 42
0.0000000001
 43
0.0000000001
 40
0.0
 40
0.0
 40
0.0
 40
0.0
 40
1.0
 40
1.0
 40
1.0
 40
1.0
 10
1655.126863105216
 20
124.2597953926051
 30
0.0
 10
1654.574578355386
 20
124.2597953926051
 30
0.0
 10
1654.126863105216
 20
123.812080142436
 30
0.0
 10
1654.126863105216
 20
123.2597953926051
 30
0.0
  0
LINE
  5
36C
330
70
100
AcDbEntity
  8
0
 62
     7
370
     0
100
AcDbLine
 10
1763.126863105215
 20
103.7597953925957
 30
0.0
 11
1655.126863105216
 21
103.7597953925957
 31
0.0
  0
SPLINE
  5
36D
330
70
100
AcDbEntity
  8
0
 62
     7
370
     0
100
AcDbSpline
210
0.0
220
0.0
230
1.0
 70
     8
 71
     3
 72
     8
 73
     4
 74
     0
 42
0.0000000001
 43
0.0000000001
 40
0.0
 40
0.0
 40
0.0
 40
0.0
 40
1.0
 40
1.0
 40
1.0
 40
1.0
 10
1654.126863105216
 20
104.7597953926041
 30
0.0
 10
1654.126863105216
 20
104.2075106427732
 30
0.0
 10
1654.574578355386
 20
103.7597953926041
 30
0.0
 10
1655.126863105216
 20
103.7597953926041
 30
0.0
  0
LINE
  5
36E
330
70
100
AcDbEntity
  8
0
 62
     7
370
     0
100
AcDbLine
 10
1654.126863105216
 20
104.7597953926041
 30
0.0
 11
1654.126863105216
 21
123.2597953926051
 31
0.0
  0
LINE
  5
36F
330
70
100
AcDbEntity
  8
0
 62
     7
370
     0
100
AcDbLine
 10
1764.126863105216
 20
123.2597953926051
 30
0.0
 11
1656.126863105214
 21
123.2597953926051
 31
0.0
  0
SPLINE
  5
370
330
70
100
AcDbEntity
  8
0
 62
     7
370
     0
100
AcDbSpline
210
0.0
220
0.0
230
1.0
 70
     8
 71
     3
 72
     8
 73
     4
 74
     0
 42
0.0000000001
 43
0.0000000001
 40
0.0
 40
0.0
 40
0.0
 40
0.0
 40
1.0
 40
1.0
 40
1.0
 40
1.0
 10
1656.126863105214
 20
123.2597953925967
 30
0.0
 10
1655.574578355384
 20
123.2597953925967
 30
0.0
 10
1655.126863105214
 20
122.8120801424277
 30
0.0
 10
1655.126863105214
 20
122.2597953925967
 30
0.0
  0
LINE
  5
371
330
70
100
AcDbEntity
  8
0
 62
     7
370
     0
100
AcDbLine
 10
1764.126863105216
 20
104.7597953926041
 30
0.0
 11
1656.126863105214
 21
104.7597953926041
 31
0.0
  0
LINE
  5
372
330
70
100
AcDbEntity
  8
0
 62
     7
370
     0
100
AcDbLine
 10
1655.126863105216
 20
105.7597953926022
 30
0.0
 11
1655.126863105216
 21
122.2597953925967
 31
0.0
  0
SPLINE
  5
373
330
70
100
AcDbEntity
  8
0
 62
     7
370
     0
100
AcDbSpline
210
0.0
220
0.0
230
1.0
 70
     8
 71
     3
 72
     8
 73
     4
 74
     0
 42
0.0000000001
 43
0.0000000001
 40
0.0
 40
0.0
 40
0.0
 40
0.0
 40
1.0
 40
1.0
 40
1.0
 40
1.0
 10
1655.126863105214
 20
105.7597953926022
 30
0.0
 10
1655.126863105214
 20
105.2075106427712
 30
0.0
 10
1655.574578355384
 20
104.7597953926022
 30
0.0
 10
1656.126863105214
 20
104.7597953926022
 30
0.0
  0
LINE
  5
374
330
70
100
AcDbEntity
  8
0
 62
     7
370
     0
100
AcDbLine
 10
1655.126863105216
 20
110.759795392603
 30
0.0
 11
1655.952420713199
 21
110.759795392603
 31
0.0
  0
LINE
  5
375
330
70
100
AcDbEntity
  8
0
 62
     7
370
     0
100
AcDbLine
 10
1656.952420713199
 20
111.7597953926011
 30
0.0
 11
1656.952420713199
 21
114.7597953925955
 31
0.0
  0
SPLINE
  5
376
330
70
100
AcDbEntity
  8
0
 62
     7
370
     0
100
AcDbSpline
210
0.0
220
0.0
230
1.0
 70
     8
 71
     3
 72
     8
 73
     4
 74
     0
 42
0.0000000001
 43
0.0000000001
 40
0.0
 40
0.0
 40
0.0
 40
0.0
 40
1.0
 40
1.0
 40
1.0
 40
1.0
 10
1655.952420713199
 20
110.7597953926011
 30
0.0
 10
1656.504705463029
 20
110.7597953926011
 30
0.0
 10
1656.952420713199
 20
111.2075106427702
 30
0.0
 10
1656.952420713199
 20
111.7597953926011
 30
0.0
  0
LINE
  5
377
330
70
100
AcDbEntity
  8
0
 62
     7
370
     0
100
AcDbLine
 10
1655.952420713199
 20
115.7597953926039
 30
0.0
 11
1655.126863105216
 21
115.7597953926039
 31
0.0
  0
SPLINE
  5
378
330
70
100
AcDbEntity
  8
0
 62
     7
370
     0
100
AcDbSpline
210
0.0
220
0.0
230
1.0
 70
     8
 71
     3
 72
     8
 73
     4
 74
     0
 42
0.0000000001
 43
0.0000000001
 40
0.0
 40
0.0
 40
0.0
 40
0.0
 40
1.0
 40
1.0
 40
1.0
 40
1.0
 10
1656.952420713199
 20
114.7597953925955
 30
0.0
 10
1656.952420713199
 20
115.3120801424264
 30
0.0
 10
1656.504705463029
 20
115.7597953925955
 30
0.0
 10
1655.952420713199
 20
115.7597953925955
 30
0.0
  0
LINE
  5
379
330
70
100
AcDbEntity
  8
0
 62
     7
370
     0
100
AcDbLine
 10
1764.126863105216
 20
104.7597953926041
 30
0.0
 11
1764.126863105216
 21
104.7597953926041
 31
0.0
  0
SPLINE
  5
37A
330
70
100
AcDbEntity
  8
0
 62
     7
370
     0
100
AcDbSpline
210
0.0
220
0.0
230
1.0
 70
     8
 71
     3
 72
     8
 73
     4
 74
     0
 42
0.0000000001
 43
0.0000000001
 40
0.0
 40
0.0
 40
0.0
 40
0.0
 40
1.0
 40
1.0
 40
1.0
 40
1.0
 10
1765.126863105216
 20
103.7597953925957
 30
0.0
 10
1765.126863105216
 20
104.3120801424267
 30
0.0
 10
1764.679147855046
 20
104.7597953925958
 30
0.0
 10
1764.126863105216
 20
104.7597953925958
 30
0.0
  0
SPLINE
  5
37B
330
70
100
AcDbEntity
  8
0
 62
     7
370
     0
100
AcDbSpline
210
0.0
220
0.0
230
1.0
 70
     8
 71
     3
 72
     8
 73
     4
 74
     0
 42
0.0000000001
 43
0.0000000001
 40
0.0
 40
0.0
 40
0.0
 40
0.0
 40
1.0
 40
1.0
 40
1.0
 40
1.0
 10
1763.126863105215
 20
124.2597953926013
 30
0.0
 10
1763.679147855045
 20
124.2597953926013
 30
0.0
 10
1764.126863105215
 20
124.7075106427703
 30
0.0
 10
1764.126863105215
 20
125.2597953926013
 30
0.0
  0
LINE
  5
37C
330
70
100
AcDbEntity
  8
0
 62
     7
370
     0
100
AcDbLine
 10
1764.126863105216
 20
144.2597953925962
 30
0.0
 11
1765.126863105216
 21
144.2597953925962
 31
0.0
  0
SPLINE
  5
37D
330
70
100
AcDbEntity
  8
0
 62
     7
370
     0
100
AcDbSpline
210
0.0
220
0.0
230
1.0
 70
     8
 71
     3
 72
     8
 73
     4
 74
     0
 42
0.0000000001
 43
0.0000000001
 40
0.0
 40
0.0
 40
0.0
 40
0.0
 40
1.0
 40
1.0
 40
1.0
 40
1.0
 10
1764.126863105216
 20
123.2597953926032
 30
0.0
 10
1764.679147855046
 20
123.2597953926032
 30
0.0
 10
1765.126863105216
 20
123.7075106427722
 30
0.0
 10
1765.126863105216
 20
124.2597953926032
 30
0.0
  0
LINE
  5
37E
330
70
100
AcDbEntity
  8
0
 62
     7
370
     0
100
AcDbLine
 10
1669.126863105216
 20
104.7597953926041
 30
0.0
 11
1669.126863105216
 21
103.7597953925957
 31
0.0
  0
LINE
  5
37F
330
70
100
AcDbEntity
  8
0
 62
     7
370
     0
100
AcDbLine
 10
1669.126863105216
 20
123.2597953926051
 30
0.0
 11
1669.126863105216
 21
124.2597953926032
 31
0.0
  0
LINE
  5
380
330
70
100
AcDbEntity
  8
0
 62
     7
370
     0
100
AcDbLine
 10
1664.126863105215
 20
123.2597953926051
 30
0.0
 11
1664.126863105215
 21
123.2597953926051
 31
0.0
  0
LINE
  5
381
330
70
100
AcDbEntity
  8
0
 62
     7
370
     0
100
AcDbLine
 10
1664.126863105215
 20
104.7597953926041
 30
0.0
 11
1664.126863105215
 21
103.7597953925957
 31
0.0
  0
LINE
  5
382
330
70
100
AcDbEntity
  8
0
 62
     7
370
     0
100
AcDbLine
 10
1664.126863105215
 20
123.2597953926051
 30
0.0
 11
1664.126863105215
 21
124.2597953926032
 31
0.0
  0
LINE
  5
383
330
70
100
AcDbEntity
  8
0
 62
     7
370
     0
100
AcDbLine
 10
1764.126863105216
 20
84.00979539260484
 30
0.0
 11
1764.126863105216
 21
144.2597953925962
 31
0.0
  0
LINE
  5
384
330
70
100
AcDbEntity
  8
0
 62
     7
370
     0
100
AcDbLine
 10
1764.126863105216
 20
84.00979539260484
 30
0.0
 11
1765.126863105216
 21
84.00979539260484
 31
0.0
  0
LINE
  5
385
330
70
100
AcDbEntity
  8
0
 62
     7
370
     0
100
AcDbLine
 10
1765.126863105216
 20
144.2597953925962
 30
0.0
 11
1765.126863105216
 21
84.00979539260484
 31
0.0
  0
LINE
  5
386
330
70
100
AcDbEntity
  8
0
 62
     7
370
     0
100
AcDbLine
 10
1765.126863105219
 20
-150.6828141805329
 30
0.0
 11
1780.126863105219
 21
-150.6828141805329
 31
0.0
  0
LINE
  5
388
330
70
100
AcDbEntity
  8
PDF15_Geometry
 62
     7
370
     5
100
AcDbLine
 10
537.8207006887948
 20
424.7079577557841
 30
0.0
 11
977.8207006887976
 21
424.7049089981744
 31
0.0
  0
LINE
  5
389
330
70
100
AcDbEntity
  8
PDF15_Geometry
 62
     7
370
     5
100
AcDbLine
 10
977.8207006887976
 20
424.7049089981744
 30
0.0
 11
977.8207006887976
 21
416.9682858593552
 31
0.0
  0
LINE
  5
38A
330
70
100
AcDbEntity
  8
PDF15_Geometry
 62
     7
370
     5
100
AcDbLine
 10
977.8207006887976
 20
416.9682858593552
 30
0.0
 11
977.8207006887976
 21
429.8149203879267
 31
0.0
  0
LINE
  5
38B
330
70
100
AcDbEntity
  8
PDF15_Geometry
 62
     7
370
     5
100
AcDbLine
 10
977.8207006887976
 20
429.8149203879267
 30
0.0
 11
537.8207006887948
 21
429.8149203879165
 31
0.0
  0
LINE
  5
38C
330
70
100
AcDbEntity
  8
PDF15_Geometry
 62
     7
370
     5
100
AcDbLine
 10
537.8207006887948
 20
396.2929770265898
 30
0.0
 11
977.8207006887976
 21
396.2929770265898
 31
0.0
  0
LINE
  5
38D
330
70
100
AcDbEntity
  8
PDF15_Geometry
 62
     7
370
     5
100
AcDbLine
 10
977.8207006887976
 20
396.2929770265898
 30
0.0
 11
977.8207006887976
 21
406.7215031443778
 31
0.0
  0
LINE
  5
38E
330
70
100
AcDbEntity
  8
PDF15_Geometry
 62
     7
370
     5
100
AcDbLine
 10
977.8207006887976
 20
410.3431232465053
 30
0.0
 11
977.8207006887976
 21
401.1028710217756
 31
0.0
  0
LINE
  5
38F
330
70
100
AcDbEntity
  8
PDF15_Geometry
 62
     7
370
     5
100
AcDbLine
 10
977.8207006887976
 20
401.1261824868369
 30
0.0
 11
537.8207006887948
 21
401.1261824867343
 31
0.0
  0
LINE
  5
390
330
70
100
AcDbEntity
  8
PDF15_Geometry
 62
     7
370
     5
100
AcDbLine
 10
977.8207006887976
 20
410.3686638659572
 30
0.0
 11
971.2210786953072
 21
410.3686638659572
 31
0.0
  0
SPLINE
  5
391
330
70
100
AcDbEntity
  8
PDF15_Geometry
 62
     7
370
     5
100
AcDbSpline
210
0.0
220
0.0
230
1.0
 70
     8
 71
     3
 72
    14
 73
    10
 74
     0
 42
0.0000000001
 43
0.0000000001
 40
0.0
 40
0.0
 40
0.0
 40
0.0
 40
1.0
 40
1.0
 40
1.0
 40
2.0
 40
2.0
 40
2.0
 40
3.0
 40
3.0
 40
3.0
 40
3.0
 10
971.2210786953059
 20
416.9682858593572
 30
0.0
 10
969.3986434045042
 20
416.9683333068427
 30
0.0
 10
967.921229234818
 20
415.4909960647302
 30
0.0
 10
967.9211817873332
 20
413.6685607739281
 30
0.0
 10
967.9211343398476
 20
411.846125483126
 30
0.0
 10
969.3984715819604
 20
410.3687113134403
 30
0.0
 10
971.2209068727622
 20
410.3686638659553
 30
0.0
 10
971.2209641469399
 20
410.368663864464
 30
0.0
 10
971.221021421128
 20
410.368663864464
 30
0.0
 10
971.2210786953059
 20
410.3686638659553
 30
0.0
  0
LINE
  5
392
330
70
100
AcDbEntity
  8
PDF15_Geometry
 62
     7
370
     5
100
AcDbLine
 10
971.2210786953072
 20
416.9682858593552
 30
0.0
 11
977.8207006887937
 21
416.9682858593552
 31
0.0
  0
LINE
  5
393
330
70
100
AcDbEntity
  8
PDF15_Geometry
 62
     7
370
     5
100
AcDbLine
 10
537.8207006887948
 20
274.7079577557904
 30
0.0
 11
977.8207006887976
 21
274.7049089981705
 31
0.0
  0
LINE
  5
394
330
70
100
AcDbEntity
  8
PDF15_Geometry
 62
     7
370
     5
100
AcDbLine
 10
977.8207006887976
 20
274.7049089981705
 30
0.0
 11
977.8207006887976
 21
266.9682858593615
 31
0.0
  0
LINE
  5
395
330
70
100
AcDbEntity
  8
PDF15_Geometry
 62
     7
370
     5
100
AcDbLine
 10
977.8207006887976
 20
266.9682858593615
 30
0.0
 11
977.8207006887976
 21
279.8149203879331
 31
0.0
  0
LINE
  5
396
330
70
100
AcDbEntity
  8
PDF15_Geometry
 62
     7
370
     5
100
AcDbLine
 10
977.8207006887976
 20
279.8149203879331
 30
0.0
 11
537.8207006887975
 21
279.8149203879331
 31
0.0
  0
LINE
  5
397
330
70
100
AcDbEntity
  8
PDF15_Geometry
 62
     7
370
     5
100
AcDbLine
 10
537.8207006887948
 20
246.2929770265755
 30
0.0
 11
977.8207006887976
 21
246.2929770265858
 31
0.0
  0
LINE
  5
398
330
70
100
AcDbEntity
  8
PDF15_Geometry
 62
     7
370
     5
100
AcDbLine
 10
977.8207006887976
 20
246.2929770265858
 30
0.0
 11
977.8207006887976
 21
256.7215031443738
 31
0.0
  0
LINE
  5
399
330
70
100
AcDbEntity
  8
PDF15_Geometry
 62
     7
370
     5
100
AcDbLine
 10
977.8207006887976
 20
260.3431232465116
 30
0.0
 11
977.8207006887976
 21
251.1028710217818
 31
0.0
  0
LINE
  5
39A
330
70
100
AcDbEntity
  8
PDF15_Geometry
 62
     7
370
     5
100
AcDbLine
 10
977.8207006887976
 20
251.1261824868432
 30
0.0
 11
537.8207006887948
 21
251.1261824867406
 31
0.0
  0
LINE
  5
39B
330
70
100
AcDbEntity
  8
PDF15_Geometry
 62
     7
370
     5
100
AcDbLine
 10
977.8207006887976
 20
260.3686638659532
 30
0.0
 11
971.2210786953072
 21
260.3686638659532
 31
0.0
  0
SPLINE
  5
39C
330
70
100
AcDbEntity
  8
PDF15_Geometry
 62
     7
370
     5
100
AcDbSpline
210
0.0
220
0.0
230
1.0
 70
     8
 71
     3
 72
    14
 73
    10
 74
     0
 42
0.0000000001
 43
0.0000000001
 40
0.0
 40
0.0
 40
0.0
 40
0.0
 40
1.0
 40
1.0
 40
1.0
 40
2.0
 40
2.0
 40
2.0
 40
3.0
 40
3.0
 40
3.0
 40
3.0
 10
971.2210786953059
 20
266.9682858593535
 30
0.0
 10
969.3986434045042
 20
266.9683333068388
 30
0.0
 10
967.921229234818
 20
265.4909960647262
 30
0.0
 10
967.9211817873332
 20
263.6685607739241
 30
0.0
 10
967.9211343398476
 20
261.8461254831221
 30
0.0
 10
969.3984715819604
 20
260.3687113134363
 30
0.0
 10
971.2209068727622
 20
260.368663865951
 30
0.0
 10
971.2209641469399
 20
260.36866386446
 30
0.0
 10
971.221021421128
 20
260.36866386446
 30
0.0
 10
971.2210786953059
 20
260.368663865951
 30
0.0
  0
LINE
  5
39D
330
70
100
AcDbEntity
  8
PDF15_Geometry
 62
     7
370
     5
100
AcDbLine
 10
971.2210786953072
 20
266.9682858593615
 30
0.0
 11
977.8207006887937
 21
266.9682858593615
 31
0.0
  0
LINE
  5
39E
330
70
100
AcDbEntity
  8
PDF15_Geometry
 62
     7
370
     5
100
AcDbLine
 10
537.8207006887975
 20
124.7079577557864
 30
0.0
 11
977.8207006887976
 21
124.7049089981767
 31
0.0
  0
LINE
  5
39F
330
70
100
AcDbEntity
  8
PDF15_Geometry
 62
     7
370
     5
100
AcDbLine
 10
977.8207006887976
 20
124.7049089981767
 30
0.0
 11
977.8207006887976
 21
116.9682858593575
 31
0.0
  0
LINE
  5
3A0
330
70
100
AcDbEntity
  8
PDF15_Geometry
 62
     7
370
     5
100
AcDbLine
 10
977.8207006887976
 20
116.9682858593575
 30
0.0
 11
977.8207006887976
 21
129.814920387929
 31
0.0
  0
LINE
  5
3A1
330
70
100
AcDbEntity
  8
PDF15_Geometry
 62
     7
370
     5
100
AcDbLine
 10
977.8207006887976
 20
129.814920387929
 30
0.0
 11
537.8207006887948
 21
129.814920387929
 31
0.0
  0
LINE
  5
3A2
330
70
100
AcDbEntity
  8
PDF15_Geometry
 62
     7
370
     5
100
AcDbLine
 10
537.8207006887975
 20
96.29297702659208
 30
0.0
 11
977.8207006887976
 21
96.29297702659208
 31
0.0
  0
LINE
  5
3A3
330
70
100
AcDbEntity
  8
PDF15_Geometry
 62
     7
370
     5
100
AcDbLine
 10
977.8207006887976
 20
96.29297702659208
 30
0.0
 11
977.8207006887976
 21
106.7215031443801
 31
0.0
  0
LINE
  5
3A4
330
70
100
AcDbEntity
  8
PDF15_Geometry
 62
     7
370
     5
100
AcDbLine
 10
977.8207006887976
 20
110.3431232465076
 30
0.0
 11
977.8207006887976
 21
101.1028710217778
 31
0.0
  0
LINE
  5
3A5
330
70
100
AcDbEntity
  8
PDF15_Geometry
 62
     7
370
     5
100
AcDbLine
 10
977.8207006887976
 20
101.1261824868392
 30
0.0
 11
537.8207006887975
 21
101.1261824867365
 31
0.0
  0
LINE
  5
3A6
330
70
100
AcDbEntity
  8
PDF15_Geometry
 62
     7
370
     5
100
AcDbLine
 10
977.8207006887976
 20
110.3686638659595
 30
0.0
 11
971.2210786953072
 21
110.3686638659595
 31
0.0
  0
SPLINE
  5
3A7
330
70
100
AcDbEntity
  8
PDF15_Geometry
 62
     7
370
     5
100
AcDbSpline
210
0.0
220
0.0
230
1.0
 70
     8
 71
     3
 72
    14
 73
    10
 74
     0
 42
0.0000000001
 43
0.0000000001
 40
0.0
 40
0.0
 40
0.0
 40
0.0
 40
1.0
 40
1.0
 40
1.0
 40
2.0
 40
2.0
 40
2.0
 40
3.0
 40
3.0
 40
3.0
 40
3.0
 10
971.2210786953059
 20
116.9682858593594
 30
0.0
 10
969.3986434045042
 20
116.968333306845
 30
0.0
 10
967.921229234818
 20
115.4909960647321
 30
0.0
 10
967.9211817873332
 20
113.6685607739304
 30
0.0
 10
967.9211343398476
 20
111.8461254831286
 30
0.0
 10
969.3984715819604
 20
110.3687113134425
 30
0.0
 10
971.2209068727622
 20
110.3686638659576
 30
0.0
 10
971.2209641469399
 20
110.3686638644663
 30
0.0
 10
971.221021421128
 20
110.3686638644663
 30
0.0
 10
971.2210786953059
 20
110.3686638659576
 30
0.0
  0
LINE
  5
3A8
330
70
100
AcDbEntity
  8
PDF15_Geometry
 62
     7
370
     5
100
AcDbLine
 10
971.2210786953072
 20
116.9682858593575
 30
0.0
 11
977.8207006887937
 21
116.9682858593575
 31
0.0
  0
LINE
  5
3A9
330
70
100
AcDbEntity
  8
PDF15_Geometry
 62
     2
370
     5
100
AcDbLine
 10
537.8207006887975
 20
101.4029884163443
 30
0.0
 11
537.8207006887975
 21
109.139611555143
 31
0.0
  0
LINE
  5
3AA
330
70
100
AcDbEntity
  8
PDF15_Geometry
 62
     2
370
     5
100
AcDbLine
 10
537.8207006887975
 20
109.139611555143
 30
0.0
 11
537.8207006887975
 21
96.29297702657154
 31
0.0
  0
LINE
  5
3AB
330
70
100
AcDbEntity
  8
PDF15_Geometry
 62
     2
370
     5
100
AcDbLine
 10
537.8207006887975
 20
115.764774167993
 30
0.0
 11
537.8207006887948
 21
129.814920387929
 31
0.0
  0
LINE
  5
3AC
330
70
100
AcDbEntity
  8
PDF15_Geometry
 62
     2
370
     5
100
AcDbLine
 10
537.8207006887975
 20
115.7392335485513
 30
0.0
 11
544.4203226822866
 21
115.7392335485513
 31
0.0
  0
SPLINE
  5
3AD
330
70
100
AcDbEntity
  8
PDF15_Geometry
 62
     2
370
     5
100
AcDbSpline
210
0.0
220
0.0
230
1.0
 70
     8
 71
     3
 72
    14
 73
    10
 74
     0
 42
0.0000000001
 43
0.0000000001
 40
0.0
 40
0.0
 40
0.0
 40
0.0
 40
1.0
 40
1.0
 40
1.0
 40
2.0
 40
2.0
 40
2.0
 40
3.0
 40
3.0
 40
3.0
 40
3.0
 10
544.4203226822879
 20
109.1396115551616
 30
0.0
 10
546.2427579730896
 20
109.1395641076761
 30
0.0
 10
547.7201721427758
 20
110.616901349789
 30
0.0
 10
547.7202195902607
 20
112.4393366405907
 30
0.0
 10
547.7202670377463
 20
114.2617719313924
 30
0.0
 10
546.2429297956333
 20
115.7391861010786
 30
0.0
 10
544.4204945048316
 20
115.7392335485635
 30
0.0
 10
544.4204372306538
 20
115.7392335500548
 30
0.0
 10
544.4203799564657
 20
115.7392335500548
 30
0.0
 10
544.4203226822879
 20
115.7392335485635
 30
0.0
  0
LINE
  5
3AE
330
70
100
AcDbEntity
  8
PDF15_Geometry
 62
     2
370
     5
100
AcDbLine
 10
544.4203226822866
 20
109.139611555143
 30
0.0
 11
537.8207006888013
 21
109.139611555143
 31
0.0
  0
LINE
  5
3AF
330
70
100
AcDbEntity
  8
PDF15_Geometry
 62
     2
370
     5
100
AcDbLine
 10
537.8207006887975
 20
251.4029884163484
 30
0.0
 11
537.8207006887975
 21
259.1396115551471
 31
0.0
  0
LINE
  5
3B0
330
70
100
AcDbEntity
  8
PDF15_Geometry
 62
     2
370
     5
100
AcDbLine
 10
537.8207006887975
 20
259.1396115551471
 30
0.0
 11
537.8207006887975
 21
246.2929770265755
 31
0.0
  0
LINE
  5
3B1
330
70
100
AcDbEntity
  8
PDF15_Geometry
 62
     2
370
     5
100
AcDbLine
 10
537.8207006887975
 20
265.764774167997
 30
0.0
 11
537.8207006887948
 21
279.8149203879331
 31
0.0
  0
LINE
  5
3B2
330
70
100
AcDbEntity
  8
PDF15_Geometry
 62
     2
370
     5
100
AcDbLine
 10
537.8207006887975
 20
265.7392335485451
 30
0.0
 11
544.4203226822866
 21
265.7392335485451
 31
0.0
  0
SPLINE
  5
3B3
330
70
100
AcDbEntity
  8
PDF15_Geometry
 62
     2
370
     5
100
AcDbSpline
210
0.0
220
0.0
230
1.0
 70
     8
 71
     3
 72
    14
 73
    10
 74
     0
 42
0.0000000001
 43
0.0000000001
 40
0.0
 40
0.0
 40
0.0
 40
0.0
 40
1.0
 40
1.0
 40
1.0
 40
2.0
 40
2.0
 40
2.0
 40
3.0
 40
3.0
 40
3.0
 40
3.0
 10
544.4203226822879
 20
259.1396115551551
 30
0.0
 10
546.2427579730896
 20
259.1395641076698
 30
0.0
 10
547.7201721427758
 20
260.6169013497824
 30
0.0
 10
547.7202195902607
 20
262.4393366405844
 30
0.0
 10
547.7202670377463
 20
264.2617719313865
 30
0.0
 10
546.2429297956333
 20
265.7391861010723
 30
0.0
 10
544.4204945048316
 20
265.7392335485576
 30
0.0
 10
544.4204372306538
 20
265.7392335500485
 30
0.0
 10
544.4203799564657
 20
265.7392335500485
 30
0.0
 10
544.4203226822879
 20
265.7392335485576
 30
0.0
  0
LINE
  5
3B4
330
70
100
AcDbEntity
  8
PDF15_Geometry
 62
     2
370
     5
100
AcDbLine
 10
544.4203226822866
 20
259.1396115551471
 30
0.0
 11
537.8207006888013
 21
259.1396115551471
 31
0.0
  0
LINE
  5
3B5
330
70
100
AcDbEntity
  8
PDF15_Geometry
 62
     2
370
     5
100
AcDbLine
 10
537.8207006887975
 20
401.4029884163421
 30
0.0
 11
537.8207006887975
 21
409.1396115551613
 31
0.0
  0
LINE
  5
3B6
330
70
100
AcDbEntity
  8
PDF15_Geometry
 62
     2
370
     5
100
AcDbLine
 10
537.8207006887975
 20
409.1396115551613
 30
0.0
 11
537.8207006887975
 21
396.2929770265898
 31
0.0
  0
LINE
  5
3B7
330
70
100
AcDbEntity
  8
PDF15_Geometry
 62
     2
370
     5
100
AcDbLine
 10
537.8207006887975
 20
415.7647741680009
 30
0.0
 11
537.8207006887948
 21
429.8149203879267
 31
0.0
  0
LINE
  5
3B8
330
70
100
AcDbEntity
  8
PDF15_Geometry
 62
     2
370
     5
100
AcDbLine
 10
537.8207006887975
 20
415.7392335485593
 30
0.0
 11
544.4203226822866
 21
415.7392335485593
 31
0.0
  0
SPLINE
  5
3B9
330
70
100
AcDbEntity
  8
PDF15_Geometry
 62
     2
370
     5
100
AcDbSpline
210
0.0
220
0.0
230
1.0
 70
     8
 71
     3
 72
    14
 73
    10
 74
     0
 42
0.0000000001
 43
0.0000000001
 40
0.0
 40
0.0
 40
0.0
 40
0.0
 40
1.0
 40
1.0
 40
1.0
 40
2.0
 40
2.0
 40
2.0
 40
3.0
 40
3.0
 40
3.0
 40
3.0
 10
544.4203226822879
 20
409.1396115551594
 30
0.0
 10
546.2427579730896
 20
409.1395641076738
 30
0.0
 10
547.7201721427758
 20
410.6169013497864
 30
0.0
 10
547.7202195902607
 20
412.4393366405884
 30
0.0
 10
547.7202670377463
 20
414.2617719313904
 30
0.0
 10
546.2429297956333
 20
415.7391861010763
 30
0.0
 10
544.4204945048316
 20
415.7392335485613
 30
0.0
 10
544.4204372306538
 20
415.7392335500525
 30
0.0
 10
544.4203799564657
 20
415.7392335500525
 30
0.0
 10
544.4203226822879
 20
415.7392335485613
 30
0.0
  0
LINE
  5
3BA
330
70
100
AcDbEntity
  8
PDF15_Geometry
 62
     2
370
     5
100
AcDbLine
 10
544.4203226822866
 20
409.1396115551613
 30
0.0
 11
537.8207006888013
 21
409.1396115551613
 31
0.0
  0
LINE
  5
3BB
330
70
100
AcDbEntity
  8
PDF15_Geometry
 62
     7
370
     5
100
AcDbLine
 10
537.8207006887975
 20
-25.29204224420735
 30
0.0
 11
977.8207006887976
 21
-25.29509100182728
 31
0.0
  0
LINE
  5
3BC
330
70
100
AcDbEntity
  8
PDF15_Geometry
 62
     7
370
     5
100
AcDbLine
 10
977.8207006887976
 20
-25.29509100182728
 30
0.0
 11
977.8207006887976
 21
-33.03171414064649
 31
0.0
  0
LINE
  5
3BD
330
70
100
AcDbEntity
  8
PDF15_Geometry
 62
     7
370
     5
100
AcDbLine
 10
977.8207006887976
 20
-33.03171414064649
 30
0.0
 11
977.8207006887976
 21
-20.18507961207499
 31
0.0
  0
LINE
  5
3BE
330
70
100
AcDbEntity
  8
PDF15_Geometry
 62
     7
370
     5
100
AcDbLine
 10
977.8207006887976
 20
-20.18507961207499
 30
0.0
 11
537.8207006887948
 21
-20.18507961207499
 31
0.0
  0
LINE
  5
3BF
330
70
100
AcDbEntity
  8
PDF15_Geometry
 62
     7
370
     5
100
AcDbLine
 10
537.8207006887975
 20
-53.70702297341193
 30
0.0
 11
977.8207006887976
 21
-53.70702297341193
 31
0.0
  0
LINE
  5
3C0
330
70
100
AcDbEntity
  8
PDF15_Geometry
 62
     7
370
     5
100
AcDbLine
 10
977.8207006887976
 20
-53.70702297341193
 30
0.0
 11
977.8207006887976
 21
-43.27849685562393
 31
0.0
  0
LINE
  5
3C1
330
70
100
AcDbEntity
  8
PDF15_Geometry
 62
     7
370
     5
100
AcDbLine
 10
977.8207006887976
 20
-39.65687675349643
 30
0.0
 11
977.8207006887976
 21
-48.89712897822615
 31
0.0
  0
LINE
  5
3C2
330
70
100
AcDbEntity
  8
PDF15_Geometry
 62
     7
370
     5
100
AcDbLine
 10
977.8207006887976
 20
-48.87381751315452
 30
0.0
 11
537.8207006887975
 21
-48.8738175132572
 31
0.0
  0
LINE
  5
3C3
330
70
100
AcDbEntity
  8
PDF15_Geometry
 62
     7
370
     5
100
AcDbLine
 10
977.8207006887976
 20
-39.6313361340445
 30
0.0
 11
971.2210786953072
 21
-39.6313361340445
 31
0.0
  0
SPLINE
  5
3C4
330
70
100
AcDbEntity
  8
PDF15_Geometry
 62
     7
370
     5
100
AcDbSpline
210
0.0
220
0.0
230
1.0
 70
     8
 71
     3
 72
    14
 73
    10
 74
     0
 42
0.0000000001
 43
0.0000000001
 40
0.0
 40
0.0
 40
0.0
 40
0.0
 40
1.0
 40
1.0
 40
1.0
 40
2.0
 40
2.0
 40
2.0
 40
3.0
 40
3.0
 40
3.0
 40
3.0
 10
971.2210786953059
 20
-33.03171414064456
 30
0.0
 10
969.3986434045042
 20
-33.03166669315898
 30
0.0
 10
967.921229234818
 20
-34.50900393527188
 30
0.0
 10
967.9211817873332
 20
-36.33143922607362
 30
0.0
 10
967.9211343398476
 20
-38.15387451687535
 30
0.0
 10
969.3984715819604
 20
-39.63128868656148
 30
0.0
 10
971.2209068727622
 20
-39.63133613404642
 30
0.0
 10
971.2209641469399
 20
-39.63133613553773
 30
0.0
 10
971.221021421128
 20
-39.63133613553773
 30
0.0
 10
971.2210786953059
 20
-39.63133613404642
 30
0.0
  0
LINE
  5
3C5
330
70
100
AcDbEntity
  8
PDF15_Geometry
 62
     7
370
     5
100
AcDbLine
 10
971.2210786953072
 20
-33.03171414064649
 30
0.0
 11
977.8207006887937
 21
-33.03171414064649
 31
0.0
  0
LINE
  5
3C6
330
70
100
AcDbEntity
  8
PDF15_Geometry
 62
     2
370
     5
100
AcDbLine
 10
537.8207006887975
 20
-48.59701158365964
 30
0.0
 11
537.8207006887975
 21
-40.86038844485069
 31
0.0
  0
LINE
  5
3C7
330
70
100
AcDbEntity
  8
PDF15_Geometry
 62
     2
370
     5
100
AcDbLine
 10
537.8207006887975
 20
-40.86038844485069
 30
0.0
 11
537.8207006887975
 21
-53.70702297342219
 31
0.0
  0
LINE
  5
3C8
330
70
100
AcDbEntity
  8
PDF15_Geometry
 62
     2
370
     5
100
AcDbLine
 10
537.8207006887975
 20
-34.23522583200076
 30
0.0
 11
537.8207006887948
 21
-20.18507961207499
 31
0.0
  0
LINE
  5
3C9
330
70
100
AcDbEntity
  8
PDF15_Geometry
 62
     2
370
     5
100
AcDbLine
 10
537.8207006887975
 20
-34.26076645145269
 30
0.0
 11
544.4203226822866
 21
-34.26076645145269
 31
0.0
  0
SPLINE
  5
3CA
330
70
100
AcDbEntity
  8
PDF15_Geometry
 62
     2
370
     5
100
AcDbSpline
210
0.0
220
0.0
230
1.0
 70
     8
 71
     3
 72
    14
 73
    10
 74
     0
 42
0.0000000001
 43
0.0000000001
 40
0.0
 40
0.0
 40
0.0
 40
0.0
 40
1.0
 40
1.0
 40
1.0
 40
2.0
 40
2.0
 40
2.0
 40
3.0
 40
3.0
 40
3.0
 40
3.0
 10
544.4203226822879
 20
-40.86038844484235
 30
0.0
 10
546.2427579730896
 20
-40.86043589232793
 30
0.0
 10
547.7201721427758
 20
-39.38309865021504
 30
0.0
 10
547.7202195902607
 20
-37.5606633594133
 30
0.0
 10
547.7202670377463
 20
-35.73822806861157
 30
0.0
 10
546.2429297956333
 20
-34.26081389892543
 30
0.0
 10
544.4204945048316
 20
-34.2607664514405
 30
0.0
 10
544.4204372306538
 20
-34.26076644994919
 30
0.0
 10
544.4203799564657
 20
-34.26076644994919
 30
0.0
 10
544.4203226822879
 20
-34.2607664514405
 30
0.0
  0
LINE
  5
3CB
330
70
100
AcDbEntity
  8
PDF15_Geometry
 62
     2
370
     5
100
AcDbLine
 10
544.4203226822866
 20
-40.86038844485069
 30
0.0
 11
537.8207006888013
 21
-40.86038844485069
 31
0.0
  0
SPLINE
  5
3CD
330
70
100
AcDbEntity
  8
015
 62
     2
370
     0
100
AcDbSpline
210
0.0
220
0.0
230
1.0
 70
     9
 71
     3
 72
    65
 73
    61
 74
     0
 42
0.0000000001
 43
0.0000000001
 40
0.0
 40
0.0
 40
0.0
 40
0.0
 40
1.0
 40
1.0
 40
1.0
 40
2.0
 40
2.0
 40
2.0
 40
3.0
 40
3.0
 40
3.0
 40
4.0
 40
4.0
 40
4.0
 40
5.0
 40
5.0
 40
5.0
 40
6.0
 40
6.0
 40
6.0
 40
7.0
 40
7.0
 40
7.0
 40
8.0
 40
8.0
 40
8.0
 40
9.0
 40
9.0
 40
9.0
 40
10.0
 40
10.0
 40
10.0
 40
11.0
 40
11.0
 40
11.0
 40
12.0
 40
12.0
 40
12.0
 40
13.0
 40
13.0
 40
13.0
 40
14.0
 40
14.0
 40
14.0
 40
15.0
 40
15.0
 40
15.0
 40
16.0
 40
16.0
 40
16.0
 40
17.0
 40
17.0
 40
17.0
 40
18.0
 40
18.0
 40
18.0
 40
19.0
 40
19.0
 40
19.0
 40
20.0
 40
20.0
 40
20.0
 40
20.0
 10
1653.126863105215
 20
253.1332036018887
 30
0.0
 10
1653.126863105215
 20
253.1332036018887
 30
0.0
 10
1653.126863105215
 20
276.1332036018889
 30
0.0
 10
1653.126863105215
 20
276.1332036018889
 30
0.0
 10
1653.126863105224
 20
276.6854883517067
 30
0.0
 10
1652.679147855067
 20
277.1332036018777
 30
0.0
 10
1652.126863105241
 20
277.1332036018857
 30
0.0
 10
1652.126863105241
 20
277.1332036018857
 30
0.0
 10
1649.126863105214
 20
277.1332036018845
 30
0.0
 10
1649.126863105214
 20
277.1332036018845
 30
0.0
 10
1648.022293605553
 20
277.1332036018896
 30
0.0
 10
1647.126863105213
 20
278.0286341022248
 30
0.0
 10
1647.126863105206
 20
279.1332036018868
 30
0.0
 10
1647.126863105206
 20
279.1332036018868
 30
0.0
 10
1647.126863105216
 20
282.1332036018808
 30
0.0
 10
1647.126863105216
 20
282.1332036018808
 30
0.0
 10
1647.126863105216
 20
282.1332036018808
 30
0.0
 10
1648.126863105216
 20
282.1332036018853
 30
0.0
 10
1648.126863105216
 20
282.1332036018853
 30
0.0
 10
1648.126863105216
 20
282.1332036018853
 30
0.0
 10
1648.126863105217
 20
279.1332036018852
 30
0.0
 10
1648.126863105217
 20
279.1332036018852
 30
0.0
 10
1648.126863105208
 20
278.58091885206
 30
0.0
 10
1648.574578355365
 20
278.1332036018893
 30
0.0
 10
1649.12686310519
 20
278.1332036018813
 30
0.0
 10
1649.12686310519
 20
278.1332036018813
 30
0.0
 10
1652.126863105215
 20
278.1332036018826
 30
0.0
 10
1652.126863105215
 20
278.1332036018826
 30
0.0
 10
1653.231432604876
 20
278.1332036018774
 30
0.0
 10
1654.126863105216
 20
277.2377731015421
 30
0.0
 10
1654.126863105223
 20
276.1332036018803
 30
0.0
 10
1654.126863105223
 20
276.1332036018803
 30
0.0
 10
1654.126863105216
 20
253.1332036018862
 30
0.0
 10
1654.126863105216
 20
253.1332036018862
 30
0.0
 10
1654.126863105203
 20
252.0286341022223
 30
0.0
 10
1653.231432604866
 20
251.1332036018935
 30
0.0
 10
1652.126863105209
 20
251.1332036018935
 30
0.0
 10
1652.126863105209
 20
251.1332036018935
 30
0.0
 10
1649.126863105214
 20
251.1332036018822
 30
0.0
 10
1649.126863105214
 20
251.1332036018822
 30
0.0
 10
1648.574578355382
 20
251.13320360189
 30
0.0
 10
1648.126863105219
 20
250.6854883517273
 30
0.0
 10
1648.126863105219
 20
250.1332036019047
 30
0.0
 10
1648.126863105219
 20
250.1332036019047
 30
0.0
 10
1648.126863105217
 20
247.133203601884
 30
0.0
 10
1648.126863105217
 20
247.133203601884
 30
0.0
 10
1648.126863105217
 20
247.133203601884
 30
0.0
 10
1647.126863105216
 20
247.1332036018898
 30
0.0
 10
1647.126863105216
 20
247.1332036018898
 30
0.0
 10
1647.126863105216
 20
247.1332036018898
 30
0.0
 10
1647.126863105216
 20
250.1332036018899
 30
0.0
 10
1647.126863105216
 20
250.1332036018899
 30
0.0
 10
1647.126863105226
 20
251.2377731015505
 30
0.0
 10
1648.022293605563
 20
252.1332036018794
 30
0.0
 10
1649.12686310522
 20
252.1332036018794
 30
0.0
 10
1649.12686310522
 20
252.1332036018794
 30
0.0
 10
1652.126863105215
 20
252.1332036018804
 30
0.0
 10
1652.126863105215
 20
252.1332036018804
 30
0.0
 10
1652.67914785505
 20
252.1332036018829
 30
0.0
 10
1653.126863105212
 20
252.5809188520456
 30
0.0
 10
1653.126863105215
 20
253.1332036018887
 30
0.0
  0
LWPOLYLINE
  5
3CE
330
70
100
AcDbEntity
  8
015
100
AcDbPolyline
 90
       20
 70
     1
 43
0.0
 10
1652.126863105217
 20
252.1332036018804
 10
1649.126863105217
 20
252.1332036018804
 10
1647.126863105218
 20
250.1332036018841
 10
1647.126863105218
 20
247.1332036018898
 10
1648.126863105217
 20
247.1332036018898
 10
1648.126863105217
 20
250.1332036018841
 10
1649.126863105217
 20
251.1332036018822
 10
1652.126863105217
 20
251.1332036018822
 10
1654.126863105218
 20
253.1332036018887
 10
1654.126863105218
 20
276.1332036018863
 10
1652.126863105217
 20
278.1332036018826
 10
1649.126863105217
 20
278.1332036018826
 10
1648.126863105217
 20
279.1332036018807
 10
1648.126863105217
 20
282.1332036018853
 10
1647.126863105218
 20
282.1332036018853
 10
1647.126863105218
 20
279.1332036018807
 10
1649.126863105217
 20
277.1332036018845
 10
1652.126863105217
 20
277.1332036018845
 10
1653.126863105217
 20
276.1332036018863
 10
1653.126863105217
 20
253.1332036018887
  0
HATCH
  5
3CF
330
70
100
AcDbEntity
  8
015
 62
     1
440
 33554687
100
AcDbHatch
 10
0.0
 20
0.0
 30
0.0
210
0.0
220
0.0
230
1.0
  2
SOLID
 70
     1
 71
     1
 91
        1
 92
        1
 93
       20
 72
     1
 10
1652.126863105217
 20
252.1332036018804
 11
1649.126863105217
 21
252.1332036018804
 72
     1
 10
1649.126863105217
 20
252.1332036018804
 11
1647.126863105218
 21
250.1332036018841
 72
     1
 10
1647.126863105218
 20
250.1332036018841
 11
1647.126863105218
 21
247.1332036018898
 72
     1
 10
1647.126863105218
 20
247.1332036018898
 11
1648.126863105217
 21
247.1332036018898
 72
     1
 10
1648.126863105217
 20
247.1332036018898
 11
1648.126863105217
 21
250.1332036018841
 72
     1
 10
1648.126863105217
 20
250.1332036018841
 11
1649.126863105217
 21
251.1332036018822
 72
     1
 10
1649.126863105217
 20
251.1332036018822
 11
1652.126863105217
 21
251.1332036018822
 72
     1
 10
1652.126863105217
 20
251.1332036018822
 11
1654.126863105218
 21
253.1332036018887
 72
     1
 10
1654.126863105218
 20
253.1332036018887
 11
1654.126863105218
 21
276.1332036018863
 72
     1
 10
1654.126863105218
 20
276.1332036018863
 11
1652.126863105217
 21
278.1332036018826
 72
     1
 10
1652.126863105217
 20
278.1332036018826
 11
1649.126863105217
 21
278.1332036018826
 72
     1
 10
1649.126863105217
 20
278.1332036018826
 11
1648.126863105217
 21
279.1332036018807
 72
     1
 10
1648.126863105217
 20
279.1332036018807
 11
1648.126863105217
 21
282.1332036018853
 72
     1
 10
1648.126863105217
 20
282.1332036018853
 11
1647.126863105218
 21
282.1332036018853
 72
     1
 10
1647.126863105218
 20
282.1332036018853
 11
1647.126863105218
 21
279.1332036018807
 72
     1
 10
1647.126863105218
 20
279.1332036018807
 11
1649.126863105217
 21
277.1332036018845
 72
     1
 10
1649.126863105217
 20
277.1332036018845
 11
1652.126863105217
 21
277.1332036018845
 72
     1
 10
1652.126863105217
 20
277.1332036018845
 11
1653.126863105217
 21
276.1332036018863
 72
     1
 10
1653.126863105217
 20
276.1332036018863
 11
1653.126863105217
 21
253.1332036018887
 72
     1
 10
1653.126863105217
 20
253.1332036018887
 11
1652.126863105217
 21
252.1332036018804
 97
        1
330
3CE
 75
     0
 76
     1
 98
        1
 10
0.0
 20
0.0
450
        0
451
        0
460
0.0
461
0.0
452
        0
462
0.0
453
        0
470

  0
SPLINE
  5
3D0
330
70
100
AcDbEntity
  8
015
 62
     2
370
     0
100
AcDbSpline
210
0.0
220
0.0
230
1.0
 70
     9
 71
     3
 72
    65
 73
    61
 74
     0
 42
0.0000000001
 43
0.0000000001
 40
0.0
 40
0.0
 40
0.0
 40
0.0
 40
1.0
 40
1.0
 40
1.0
 40
2.0
 40
2.0
 40
2.0
 40
3.0
 40
3.0
 40
3.0
 40
4.0
 40
4.0
 40
4.0
 40
5.0
 40
5.0
 40
5.0
 40
6.0
 40
6.0
 40
6.0
 40
7.0
 40
7.0
 40
7.0
 40
8.0
 40
8.0
 40
8.0
 40
9.0
 40
9.0
 40
9.0
 40
10.0
 40
10.0
 40
10.0
 40
11.0
 40
11.0
 40
11.0
 40
12.0
 40
12.0
 40
12.0
 40
13.0
 40
13.0
 40
13.0
 40
14.0
 40
14.0
 40
14.0
 40
15.0
 40
15.0
 40
15.0
 40
16.0
 40
16.0
 40
16.0
 40
17.0
 40
17.0
 40
17.0
 40
18.0
 40
18.0
 40
18.0
 40
19.0
 40
19.0
 40
19.0
 40
20.0
 40
20.0
 40
20.0
 40
20.0
 10
1653.126863105215
 20
403.1332036018825
 30
0.0
 10
1653.126863105215
 20
403.1332036018825
 30
0.0
 10
1653.126863105215
 20
426.1332036018826
 30
0.0
 10
1653.126863105215
 20
426.1332036018826
 30
0.0
 10
1653.126863105224
 20
426.6854883517106
 30
0.0
 10
1652.679147855067
 20
427.1332036018817
 30
0.0
 10
1652.126863105241
 20
427.1332036018897
 30
0.0
 10
1652.126863105241
 20
427.1332036018897
 30
0.0
 10
1649.126863105214
 20
427.1332036018884
 30
0.0
 10
1649.126863105214
 20
427.1332036018884
 30
0.0
 10
1648.022293605553
 20
427.1332036018833
 30
0.0
 10
1647.126863105213
 20
428.0286341022185
 30
0.0
 10
1647.126863105206
 20
429.1332036018805
 30
0.0
 10
1647.126863105206
 20
429.1332036018805
 30
0.0
 10
1647.126863105216
 20
432.1332036018847
 30
0.0
 10
1647.126863105216
 20
432.1332036018847
 30
0.0
 10
1647.126863105216
 20
432.1332036018847
 30
0.0
 10
1648.126863105216
 20
432.1332036018893
 30
0.0
 10
1648.126863105216
 20
432.1332036018893
 30
0.0
 10
1648.126863105216
 20
432.1332036018893
 30
0.0
 10
1648.126863105217
 20
429.1332036018892
 30
0.0
 10
1648.126863105217
 20
429.1332036018892
 30
0.0
 10
1648.126863105208
 20
428.5809188520643
 30
0.0
 10
1648.574578355365
 20
428.1332036018932
 30
0.0
 10
1649.12686310519
 20
428.1332036018852
 30
0.0
 10
1649.12686310519
 20
428.1332036018852
 30
0.0
 10
1652.126863105215
 20
428.1332036018866
 30
0.0
 10
1652.126863105215
 20
428.1332036018866
 30
0.0
 10
1653.231432604876
 20
428.1332036018814
 30
0.0
 10
1654.126863105216
 20
427.2377731015462
 30
0.0
 10
1654.126863105223
 20
426.1332036018842
 30
0.0
 10
1654.126863105223
 20
426.1332036018842
 30
0.0
 10
1654.126863105216
 20
403.1332036018901
 30
0.0
 10
1654.126863105216
 20
403.1332036018901
 30
0.0
 10
1654.126863105203
 20
402.0286341022263
 30
0.0
 10
1653.231432604866
 20
401.1332036018974
 30
0.0
 10
1652.126863105209
 20
401.1332036018974
 30
0.0
 10
1652.126863105209
 20
401.1332036018974
 30
0.0
 10
1649.126863105214
 20
401.1332036018862
 30
0.0
 10
1649.126863105214
 20
401.1332036018862
 30
0.0
 10
1648.574578355382
 20
401.1332036018837
 30
0.0
 10
1648.126863105219
 20
400.685488351721
 30
0.0
 10
1648.126863105219
 20
400.1332036018983
 30
0.0
 10
1648.126863105219
 20
400.1332036018983
 30
0.0
 10
1648.126863105217
 20
397.133203601888
 30
0.0
 10
1648.126863105217
 20
397.133203601888
 30
0.0
 10
1648.126863105217
 20
397.133203601888
 30
0.0
 10
1647.126863105216
 20
397.1332036018836
 30
0.0
 10
1647.126863105216
 20
397.1332036018836
 30
0.0
 10
1647.126863105216
 20
397.1332036018836
 30
0.0
 10
1647.126863105216
 20
400.1332036018836
 30
0.0
 10
1647.126863105216
 20
400.1332036018836
 30
0.0
 10
1647.126863105226
 20
401.2377731015442
 30
0.0
 10
1648.022293605563
 20
402.1332036018732
 30
0.0
 10
1649.12686310522
 20
402.1332036018732
 30
0.0
 10
1649.12686310522
 20
402.1332036018732
 30
0.0
 10
1652.126863105215
 20
402.1332036018844
 30
0.0
 10
1652.126863105215
 20
402.1332036018844
 30
0.0
 10
1652.67914785505
 20
402.1332036018868
 30
0.0
 10
1653.126863105212
 20
402.5809188520495
 30
0.0
 10
1653.126863105215
 20
403.1332036018825
 30
0.0
  0
LWPOLYLINE
  5
3D1
330
70
100
AcDbEntity
  8
015
100
AcDbPolyline
 90
       20
 70
     1
 43
0.0
 10
1652.126863105217
 20
402.1332036018844
 10
1649.126863105217
 20
402.1332036018844
 10
1647.126863105218
 20
400.1332036018881
 10
1647.126863105218
 20
397.1332036018836
 10
1648.126863105217
 20
397.1332036018836
 10
1648.126863105217
 20
400.1332036018881
 10
1649.126863105217
 20
401.1332036018862
 10
1652.126863105217
 20
401.1332036018862
 10
1654.126863105218
 20
403.1332036018825
 10
1654.126863105218
 20
426.1332036018903
 10
1652.126863105217
 20
428.1332036018866
 10
1649.126863105217
 20
428.1332036018866
 10
1648.126863105217
 20
429.1332036018847
 10
1648.126863105217
 20
432.1332036018893
 10
1647.126863105218
 20
432.1332036018893
 10
1647.126863105218
 20
429.1332036018847
 10
1649.126863105217
 20
427.1332036018884
 10
1652.126863105217
 20
427.1332036018884
 10
1653.126863105217
 20
426.1332036018903
 10
1653.126863105217
 20
403.1332036018825
  0
HATCH
  5
3D2
330
70
100
AcDbEntity
  8
015
 62
     1
440
 33554687
100
AcDbHatch
 10
0.0
 20
0.0
 30
0.0
210
0.0
220
0.0
230
1.0
  2
SOLID
 70
     1
 71
     1
 91
        1
 92
        1
 93
       20
 72
     1
 10
1652.126863105217
 20
402.1332036018844
 11
1649.126863105217
 21
402.1332036018844
 72
     1
 10
1649.126863105217
 20
402.1332036018844
 11
1647.126863105218
 21
400.1332036018881
 72
     1
 10
1647.126863105218
 20
400.1332036018881
 11
1647.126863105218
 21
397.1332036018836
 72
     1
 10
1647.126863105218
 20
397.1332036018836
 11
1648.126863105217
 21
397.1332036018836
 72
     1
 10
1648.126863105217
 20
397.1332036018836
 11
1648.126863105217
 21
400.1332036018881
 72
     1
 10
1648.126863105217
 20
400.1332036018881
 11
1649.126863105217
 21
401.1332036018862
 72
     1
 10
1649.126863105217
 20
401.1332036018862
 11
1652.126863105217
 21
401.1332036018862
 72
     1
 10
1652.126863105217
 20
401.1332036018862
 11
1654.126863105218
 21
403.1332036018825
 72
     1
 10
1654.126863105218
 20
403.1332036018825
 11
1654.126863105218
 21
426.1332036018903
 72
     1
 10
1654.126863105218
 20
426.1332036018903
 11
1652.126863105217
 21
428.1332036018866
 72
     1
 10
1652.126863105217
 20
428.1332036018866
 11
1649.126863105217
 21
428.1332036018866
 72
     1
 10
1649.126863105217
 20
428.1332036018866
 11
1648.126863105217
 21
429.1332036018847
 72
     1
 10
1648.126863105217
 20
429.1332036018847
 11
1648.126863105217
 21
432.1332036018893
 72
     1
 10
1648.126863105217
 20
432.1332036018893
 11
1647.126863105218
 21
432.1332036018893
 72
     1
 10
1647.126863105218
 20
432.1332036018893
 11
1647.126863105218
 21
429.1332036018847
 72
     1
 10
1647.126863105218
 20
429.1332036018847
 11
1649.126863105217
 21
427.1332036018884
 72
     1
 10
1649.126863105217
 20
427.1332036018884
 11
1652.126863105217
 21
427.1332036018884
 72
     1
 10
1652.126863105217
 20
427.1332036018884
 11
1653.126863105217
 21
426.1332036018903
 72
     1
 10
1653.126863105217
 20
426.1332036018903
 11
1653.126863105217
 21
403.1332036018825
 72
     1
 10
1653.126863105217
 20
403.1332036018825
 11
1652.126863105217
 21
402.1332036018844
 97
        1
330
3D1
 75
     0
 76
     1
 98
        1
 10
0.0
 20
0.0
450
        0
451
        0
460
0.0
461
0.0
452
        0
462
0.0
453
        0
470

  0
SPLINE
  5
3D3
330
70
100
AcDbEntity
  8
015
 62
     2
370
     0
100
AcDbSpline
210
0.0
220
0.0
230
1.0
 70
     9
 71
     3
 72
    65
 73
    61
 74
     0
 42
0.0000000001
 43
0.0000000001
 40
0.0
 40
0.0
 40
0.0
 40
0.0
 40
1.0
 40
1.0
 40
1.0
 40
2.0
 40
2.0
 40
2.0
 40
3.0
 40
3.0
 40
3.0
 40
4.0
 40
4.0
 40
4.0
 40
5.0
 40
5.0
 40
5.0
 40
6.0
 40
6.0
 40
6.0
 40
7.0
 40
7.0
 40
7.0
 40
8.0
 40
8.0
 40
8.0
 40
9.0
 40
9.0
 40
9.0
 40
10.0
 40
10.0
 40
10.0
 40
11.0
 40
11.0
 40
11.0
 40
12.0
 40
12.0
 40
12.0
 40
13.0
 40
13.0
 40
13.0
 40
14.0
 40
14.0
 40
14.0
 40
15.0
 40
15.0
 40
15.0
 40
16.0
 40
16.0
 40
16.0
 40
17.0
 40
17.0
 40
17.0
 40
18.0
 40
18.0
 40
18.0
 40
19.0
 40
19.0
 40
19.0
 40
20.0
 40
20.0
 40
20.0
 40
20.0
 10
1653.126863105215
 20
-46.86679639811928
 30
0.0
 10
1653.126863105215
 20
-46.86679639811928
 30
0.0
 10
1653.126863105215
 20
-23.86679639811912
 30
0.0
 10
1653.126863105215
 20
-23.86679639811912
 30
0.0
 10
1653.126863105224
 20
-23.31451164829073
 30
0.0
 10
1652.679147855067
 20
-22.86679639812037
 30
0.0
 10
1652.126863105241
 20
-22.86679639811202
 30
0.0
 10
1652.126863105241
 20
-22.86679639811202
 30
0.0
 10
1649.126863105214
 20
-22.8667963981133
 30
0.0
 10
1649.126863105214
 20
-22.8667963981133
 30
0.0
 10
1648.022293605553
 20
-22.86679639810817
 30
0.0
 10
1647.126863105213
 20
-21.97136589777322
 30
0.0
 10
1647.126863105206
 20
-20.86679639811131
 30
0.0
 10
1647.126863105206
 20
-20.86679639811131
 30
0.0
 10
1647.126863105216
 20
-17.86679639811698
 30
0.0
 10
1647.126863105216
 20
-17.86679639811698
 30
0.0
 10
1647.126863105216
 20
-17.86679639811698
 30
0.0
 10
1648.126863105216
 20
-17.86679639811248
 30
0.0
 10
1648.126863105216
 20
-17.86679639811248
 30
0.0
 10
1648.126863105216
 20
-17.86679639811248
 30
0.0
 10
1648.126863105217
 20
-20.8667963981126
 30
0.0
 10
1648.126863105217
 20
-20.8667963981126
 30
0.0
 10
1648.126863105208
 20
-21.41908114793777
 30
0.0
 10
1648.574578355365
 20
-21.86679639810813
 30
0.0
 10
1649.12686310519
 20
-21.86679639811648
 30
0.0
 10
1649.12686310519
 20
-21.86679639811648
 30
0.0
 10
1652.126863105215
 20
-21.8667963981152
 30
0.0
 10
1652.126863105215
 20
-21.8667963981152
 30
0.0
 10
1653.231432604876
 20
-21.86679639812033
 30
0.0
 10
1654.126863105216
 20
-22.76222689845528
 30
0.0
 10
1654.126863105223
 20
-23.86679639811719
 30
0.0
 10
1654.126863105223
 20
-23.86679639811719
 30
0.0
 10
1654.126863105216
 20
-46.86679639811159
 30
0.0
 10
1654.126863105216
 20
-46.86679639811159
 30
0.0
 10
1654.126863105203
 20
-47.97136589777542
 30
0.0
 10
1653.231432604866
 20
-48.86679639810395
 30
0.0
 10
1652.126863105209
 20
-48.86679639810395
 30
0.0
 10
1652.126863105209
 20
-48.86679639810395
 30
0.0
 10
1649.126863105214
 20
-48.8667963981155
 30
0.0
 10
1649.126863105214
 20
-48.8667963981155
 30
0.0
 10
1648.574578355382
 20
-48.86679639811807
 30
0.0
 10
1648.126863105219
 20
-49.31451164828073
 30
0.0
 10
1648.126863105219
 20
-49.86679639810335
 30
0.0
 10
1648.126863105219
 20
-49.86679639810335
 30
0.0
 10
1648.126863105217
 20
-52.86679639811372
 30
0.0
 10
1648.126863105217
 20
-52.86679639811372
 30
0.0
 10
1648.126863105217
 20
-52.86679639811372
 30
0.0
 10
1647.126863105216
 20
-52.86679639811822
 30
0.0
 10
1647.126863105216
 20
-52.86679639811822
 30
0.0
 10
1647.126863105216
 20
-52.86679639811822
 30
0.0
 10
1647.126863105216
 20
-49.86679639811811
 30
0.0
 10
1647.126863105216
 20
-49.86679639811811
 30
0.0
 10
1647.126863105226
 20
-48.76222689845748
 30
0.0
 10
1648.022293605563
 20
-47.86679639812894
 30
0.0
 10
1649.12686310522
 20
-47.86679639812894
 30
0.0
 10
1649.12686310522
 20
-47.86679639812894
 30
0.0
 10
1652.126863105215
 20
-47.86679639811739
 30
0.0
 10
1652.126863105215
 20
-47.86679639811739
 30
0.0
 10
1652.67914785505
 20
-47.86679639811483
 30
0.0
 10
1653.126863105212
 20
-47.41908114795217
 30
0.0
 10
1653.126863105215
 20
-46.86679639811928
 30
0.0
  0
LWPOLYLINE
  5
3D4
330
70
100
AcDbEntity
  8
015
100
AcDbPolyline
 90
       20
 70
     1
 43
0.0
 10
1652.126863105217
 20
-47.86679639811739
 10
1649.126863105217
 20
-47.86679639811739
 10
1647.126863105218
 20
-49.86679639811362
 10
1647.126863105218
 20
-52.86679639811822
 10
1648.126863105217
 20
-52.86679639811822
 10
1648.126863105217
 20
-49.86679639811362
 10
1649.126863105217
 20
-48.8667963981155
 10
1652.126863105217
 20
-48.8667963981155
 10
1654.126863105218
 20
-46.86679639811928
 10
1654.126863105218
 20
-23.86679639811141
 10
1652.126863105217
 20
-21.8667963981152
 10
1649.126863105217
 20
-21.8667963981152
 10
1648.126863105217
 20
-20.86679639811709
 10
1648.126863105217
 20
-17.86679639811248
 10
1647.126863105218
 20
-17.86679639811248
 10
1647.126863105218
 20
-20.86679639811709
 10
1649.126863105217
 20
-22.8667963981133
 10
1652.126863105217
 20
-22.8667963981133
 10
1653.126863105217
 20
-23.86679639811141
 10
1653.126863105217
 20
-46.86679639811928
  0
HATCH
  5
3D5
330
70
100
AcDbEntity
  8
015
 62
     1
440
 33554687
100
AcDbHatch
 10
0.0
 20
0.0
 30
0.0
210
0.0
220
0.0
230
1.0
  2
SOLID
 70
     1
 71
     1
 91
        1
 92
        1
 93
       20
 72
     1
 10
1652.126863105217
 20
-47.86679639811739
 11
1649.126863105217
 21
-47.86679639811739
 72
     1
 10
1649.126863105217
 20
-47.86679639811739
 11
1647.126863105218
 21
-49.86679639811362
 72
     1
 10
1647.126863105218
 20
-49.86679639811362
 11
1647.126863105218
 21
-52.86679639811822
 72
     1
 10
1647.126863105218
 20
-52.86679639811822
 11
1648.126863105217
 21
-52.86679639811822
 72
     1
 10
1648.126863105217
 20
-52.86679639811822
 11
1648.126863105217
 21
-49.86679639811362
 72
     1
 10
1648.126863105217
 20
-49.86679639811362
 11
1649.126863105217
 21
-48.8667963981155
 72
     1
 10
1649.126863105217
 20
-48.8667963981155
 11
1652.126863105217
 21
-48.8667963981155
 72
     1
 10
1652.126863105217
 20
-48.8667963981155
 11
1654.126863105218
 21
-46.86679639811928
 72
     1
 10
1654.126863105218
 20
-46.86679639811928
 11
1654.126863105218
 21
-23.86679639811141
 72
     1
 10
1654.126863105218
 20
-23.86679639811141
 11
1652.126863105217
 21
-21.8667963981152
 72
     1
 10
1652.126863105217
 20
-21.8667963981152
 11
1649.126863105217
 21
-21.8667963981152
 72
     1
 10
1649.126863105217
 20
-21.8667963981152
 11
1648.126863105217
 21
-20.86679639811709
 72
     1
 10
1648.126863105217
 20
-20.86679639811709
 11
1648.126863105217
 21
-17.86679639811248
 72
     1
 10
1648.126863105217
 20
-17.86679639811248
 11
1647.126863105218
 21
-17.86679639811248
 72
     1
 10
1647.126863105218
 20
-17.86679639811248
 11
1647.126863105218
 21
-20.86679639811709
 72
     1
 10
1647.126863105218
 20
-20.86679639811709
 11
1649.126863105217
 21
-22.8667963981133
 72
     1
 10
1649.126863105217
 20
-22.8667963981133
 11
1652.126863105217
 21
-22.8667963981133
 72
     1
 10
1652.126863105217
 20
-22.8667963981133
 11
1653.126863105217
 21
-23.86679639811141
 72
     1
 10
1653.126863105217
 20
-23.86679639811141
 11
1653.126863105217
 21
-46.86679639811928
 72
     1
 10
1653.126863105217
 20
-46.86679639811928
 11
1652.126863105217
 21
-47.86679639811739
 97
        1
330
3D4
 75
     0
 76
     1
 98
        1
 10
0.0
 20
0.0
450
        0
451
        0
460
0.0
461
0.0
452
        0
462
0.0
453
        0
470

  0
SPLINE
  5
3D6
330
70
100
AcDbEntity
  8
015
 62
     2
370
     0
100
AcDbSpline
210
0.0
220
0.0
230
1.0
 70
     9
 71
     3
 72
    65
 73
    61
 74
     0
 42
0.0000000001
 43
0.0000000001
 40
0.0
 40
0.0
 40
0.0
 40
0.0
 40
1.0
 40
1.0
 40
1.0
 40
2.0
 40
2.0
 40
2.0
 40
3.0
 40
3.0
 40
3.0
 40
4.0
 40
4.0
 40
4.0
 40
5.0
 40
5.0
 40
5.0
 40
6.0
 40
6.0
 40
6.0
 40
7.0
 40
7.0
 40
7.0
 40
8.0
 40
8.0
 40
8.0
 40
9.0
 40
9.0
 40
9.0
 40
10.0
 40
10.0
 40
10.0
 40
11.0
 40
11.0
 40
11.0
 40
12.0
 40
12.0
 40
12.0
 40
13.0
 40
13.0
 40
13.0
 40
14.0
 40
14.0
 40
14.0
 40
15.0
 40
15.0
 40
15.0
 40
16.0
 40
16.0
 40
16.0
 40
17.0
 40
17.0
 40
17.0
 40
18.0
 40
18.0
 40
18.0
 40
19.0
 40
19.0
 40
19.0
 40
20.0
 40
20.0
 40
20.0
 40
20.0
 10
1653.126863105215
 20
103.1332036018847
 30
0.0
 10
1653.126863105215
 20
103.1332036018847
 30
0.0
 10
1653.126863105215
 20
126.1332036018849
 30
0.0
 10
1653.126863105215
 20
126.1332036018849
 30
0.0
 10
1653.126863105224
 20
126.6854883517133
 30
0.0
 10
1652.679147855067
 20
127.1332036018836
 30
0.0
 10
1652.126863105241
 20
127.133203601892
 30
0.0
 10
1652.126863105241
 20
127.133203601892
 30
0.0
 10
1649.126863105214
 20
127.1332036018804
 30
0.0
 10
1649.126863105214
 20
127.1332036018804
 30
0.0
 10
1648.022293605553
 20
127.1332036018856
 30
0.0
 10
1647.126863105213
 20
128.0286341022205
 30
0.0
 10
1647.126863105206
 20
129.1332036018824
 30
0.0
 10
1647.126863105206
 20
129.1332036018824
 30
0.0
 10
1647.126863105216
 20
132.133203601887
 30
0.0
 10
1647.126863105216
 20
132.133203601887
 30
0.0
 10
1647.126863105216
 20
132.133203601887
 30
0.0
 10
1648.126863105216
 20
132.1332036018812
 30
0.0
 10
1648.126863105216
 20
132.1332036018812
 30
0.0
 10
1648.126863105216
 20
132.1332036018812
 30
0.0
 10
1648.126863105217
 20
129.1332036018811
 30
0.0
 10
1648.126863105217
 20
129.1332036018811
 30
0.0
 10
1648.126863105208
 20
128.5809188520559
 30
0.0
 10
1648.574578355365
 20
128.1332036018856
 30
0.0
 10
1649.12686310519
 20
128.1332036018772
 30
0.0
 10
1649.12686310519
 20
128.1332036018772
 30
0.0
 10
1652.126863105215
 20
128.1332036018888
 30
0.0
 10
1652.126863105215
 20
128.1332036018888
 30
0.0
 10
1653.231432604876
 20
128.1332036018836
 30
0.0
 10
1654.126863105216
 20
127.2377731015487
 30
0.0
 10
1654.126863105223
 20
126.1332036018868
 30
0.0
 10
1654.126863105223
 20
126.1332036018868
 30
0.0
 10
1654.126863105216
 20
103.1332036018821
 30
0.0
 10
1654.126863105216
 20
103.1332036018821
 30
0.0
 10
1654.126863105203
 20
102.0286341022183
 30
0.0
 10
1653.231432604866
 20
101.1332036018898
 30
0.0
 10
1652.126863105209
 20
101.1332036018898
 30
0.0
 10
1652.126863105209
 20
101.1332036018898
 30
0.0
 10
1649.126863105214
 20
101.1332036018885
 30
0.0
 10
1649.126863105214
 20
101.1332036018885
 30
0.0
 10
1648.574578355382
 20
101.1332036018859
 30
0.0
 10
1648.126863105219
 20
100.6854883517233
 30
0.0
 10
1648.126863105219
 20
100.1332036019006
 30
0.0
 10
1648.126863105219
 20
100.1332036019006
 30
0.0
 10
1648.126863105217
 20
97.1332036018903
 30
0.0
 10
1648.126863105217
 20
97.1332036018903
 30
0.0
 10
1648.126863105217
 20
97.1332036018903
 30
0.0
 10
1647.126863105216
 20
97.1332036018858
 30
0.0
 10
1647.126863105216
 20
97.1332036018858
 30
0.0
 10
1647.126863105216
 20
97.1332036018858
 30
0.0
 10
1647.126863105216
 20
100.1332036018859
 30
0.0
 10
1647.126863105216
 20
100.1332036018859
 30
0.0
 10
1647.126863105226
 20
101.2377731015465
 30
0.0
 10
1648.022293605563
 20
102.133203601875
 30
0.0
 10
1649.12686310522
 20
102.133203601875
 30
0.0
 10
1649.12686310522
 20
102.133203601875
 30
0.0
 10
1652.126863105215
 20
102.1332036018866
 30
0.0
 10
1652.126863105215
 20
102.1332036018866
 30
0.0
 10
1652.67914785505
 20
102.1332036018891
 30
0.0
 10
1653.126863105212
 20
102.5809188520518
 30
0.0
 10
1653.126863105215
 20
103.1332036018847
 30
0.0
  0
LWPOLYLINE
  5
3D7
330
70
100
AcDbEntity
  8
015
100
AcDbPolyline
 90
       20
 70
     1
 43
0.0
 10
1652.126863105217
 20
102.1332036018866
 10
1649.126863105217
 20
102.1332036018866
 10
1647.126863105218
 20
100.1332036018904
 10
1647.126863105218
 20
97.1332036018858
 10
1648.126863105217
 20
97.1332036018858
 10
1648.126863105217
 20
100.1332036018904
 10
1649.126863105217
 20
101.1332036018885
 10
1652.126863105217
 20
101.1332036018885
 10
1654.126863105218
 20
103.1332036018847
 10
1654.126863105218
 20
126.1332036018823
 10
1652.126863105217
 20
128.1332036018888
 10
1649.126863105217
 20
128.1332036018888
 10
1648.126863105217
 20
129.1332036018869
 10
1648.126863105217
 20
132.1332036018812
 10
1647.126863105218
 20
132.1332036018812
 10
1647.126863105218
 20
129.1332036018869
 10
1649.126863105217
 20
127.1332036018804
 10
1652.126863105217
 20
127.1332036018804
 10
1653.126863105217
 20
126.1332036018823
 10
1653.126863105217
 20
103.1332036018847
  0
HATCH
  5
3D8
330
70
100
AcDbEntity
  8
015
 62
     1
440
 33554687
100
AcDbHatch
 10
0.0
 20
0.0
 30
0.0
210
0.0
220
0.0
230
1.0
  2
SOLID
 70
     1
 71
     1
 91
        1
 92
        1
 93
       20
 72
     1
 10
1652.126863105217
 20
102.1332036018866
 11
1649.126863105217
 21
102.1332036018866
 72
     1
 10
1649.126863105217
 20
102.1332036018866
 11
1647.126863105218
 21
100.1332036018904
 72
     1
 10
1647.126863105218
 20
100.1332036018904
 11
1647.126863105218
 21
97.1332036018858
 72
     1
 10
1647.126863105218
 20
97.1332036018858
 11
1648.126863105217
 21
97.1332036018858
 72
     1
 10
1648.126863105217
 20
97.1332036018858
 11
1648.126863105217
 21
100.1332036018904
 72
     1
 10
1648.126863105217
 20
100.1332036018904
 11
1649.126863105217
 21
101.1332036018885
 72
     1
 10
1649.126863105217
 20
101.1332036018885
 11
1652.126863105217
 21
101.1332036018885
 72
     1
 10
1652.126863105217
 20
101.1332036018885
 11
1654.126863105218
 21
103.1332036018847
 72
     1
 10
1654.126863105218
 20
103.1332036018847
 11
1654.126863105218
 21
126.1332036018823
 72
     1
 10
1654.126863105218
 20
126.1332036018823
 11
1652.126863105217
 21
128.1332036018888
 72
     1
 10
1652.126863105217
 20
128.1332036018888
 11
1649.126863105217
 21
128.1332036018888
 72
     1
 10
1649.126863105217
 20
128.1332036018888
 11
1648.126863105217
 21
129.1332036018869
 72
     1
 10
1648.126863105217
 20
129.1332036018869
 11
1648.126863105217
 21
132.1332036018812
 72
     1
 10
1648.126863105217
 20
132.1332036018812
 11
1647.126863105218
 21
132.1332036018812
 72
     1
 10
1647.126863105218
 20
132.1332036018812
 11
1647.126863105218
 21
129.1332036018869
 72
     1
 10
1647.126863105218
 20
129.1332036018869
 11
1649.126863105217
 21
127.1332036018804
 72
     1
 10
1649.126863105217
 20
127.1332036018804
 11
1652.126863105217
 21
127.1332036018804
 72
     1
 10
1652.126863105217
 20
127.1332036018804
 11
1653.126863105217
 21
126.1332036018823
 72
     1
 10
1653.126863105217
 20
126.1332036018823
 11
1653.126863105217
 21
103.1332036018847
 72
     1
 10
1653.126863105217
 20
103.1332036018847
 11
1652.126863105217
 21
102.1332036018866
 97
        1
330
3D7
 75
     0
 76
     1
 98
        1
 10
0.0
 20
0.0
450
        0
451
        0
460
0.0
461
0.0
452
        0
462
0.0
453
        0
470

  0
ENDSEC
  0
SECTION
  2
OBJECTS
  0
DICTIONARY
  5
C
330
0
100
AcDbDictionary
281
     1
  3
ACAD_COLOR
350
63
  3
ACAD_DETAILVIEWSTYLE
350
6A
  3
ACAD_GROUP
350
D
  3
ACAD_LAYOUT
350
62
  3
ACAD_MATERIAL
350
10
  3
ACAD_MLEADERSTYLE
350
66
  3
ACAD_MLINESTYLE
350
5F
  3
ACAD_PLOTSETTINGS
350
61
  3
ACAD_PLOTSTYLENAME
350
E
  3
ACAD_SCALELIST
350
42
  3
ACAD_SECTIONVIEWSTYLE
350
68
  3
ACAD_TABLESTYLE
350
64
  3
ACAD_VISUALSTYLE
350
29
  3
ACDB_RECOMPOSE_DATA
350
3E1
  3
AcDbVariableDictionary
350
3D9
  0
DICTIONARY
  5
63
102
{ACAD_REACTORS
330
C
102
}
330
C
100
AcDbDictionary
281
     1
  0
DICTIONARY
  5
6A
102
{ACAD_REACTORS
330
C
102
}
330
C
100
AcDbDictionary
281
     1
  3
Imperial24
350
6B
  0
DICTIONARY
  5
D
102
{ACAD_REACTORS
330
C
102
}
330
C
100
AcDbDictionary
281
     1
  0
DICTIONARY
  5
62
102
{ACAD_REACTORS
330
C
102
}
330
C
100
AcDbDictionary
281
     1
  3
Layout1
350
6F
  3
Layout2
350
77
  3
Model
350
73
  0
DICTIONARY
  5
10
102
{ACAD_REACTORS
330
C
102
}
330
C
100
AcDbDictionary
281
     1
  3
ByBlock
350
19
  3
ByLayer
350
11
  3
Global
350
21
  0
DICTIONARY
  5
66
102
{ACAD_REACTORS
330
C
102
}
330
C
100
AcDbDictionary
281
     1
  3
Standard
350
67
  0
DICTIONARY
  5
5F
102
{ACAD_REACTORS
330
C
102
}
330
C
100
AcDbDictionary
281
     1
  3
Standard
350
60
  0
DICTIONARY
  5
61
102
{ACAD_REACTORS
330
C
102
}
330
C
100
AcDbDictionary
281
     1
  0
ACDBDICTIONARYWDFLT
  5
E
102
{ACAD_REACTORS
330
C
102
}
330
C
100
AcDbDictionary
281
     1
  3
Normal
350
F
100
AcDbDictionaryWithDefault
340
F
  0
DICTIONARY
  5
42
102
{ACAD_REACTORS
330
C
102
}
330
C
100
AcDbDictionary
281
     1
  3
A0
350
43
  3
A1
350
44
  3
A2
350
45
  3
A3
350
46
  3
A4
350
47
  3
A5
350
48
  3
A6
350
49
  3
A7
350
4A
  3
A8
350
4B
  3
A9
350
4C
  3
B0
350
4D
  3
B1
350
4E
  3
B2
350
4F
  3
B3
350
50
  3
B4
350
51
  3
B5
350
52
  3
B6
350
53
  0
DICTIONARY
  5
68
102
{ACAD_REACTORS
330
C
102
}
330
C
100
AcDbDictionary
281
     1
  3
Imperial24
350
69
  0
DICTIONARY
  5
64
102
{ACAD_REACTORS
330
C
102
}
330
C
100
AcDbDictionary
281
     1
  3
Standard
350
65
  0
DICTIONARY
  5
29
102
{ACAD_REACTORS
330
C
102
}
330
C
100
AcDbDictionary
281
     1
  3
2dWireframe
350
2F
  3
Basic
350
2E
  3
Brighten
350
35
  3
ColorChange
350
39
  3
Conceptual
350
32
  3
Dim
350
34
  3
EdgeColorOff
350
41
  3
Facepattern
350
38
  3
Flat
350
2A
  3
FlatWithEdges
350
2B
  3
Gouraud
350
2C
  3
GouraudWithEdges
350
2D
  3
Hidden
350
31
  3
JitterOff
350
3F
  3
Linepattern
350
37
  3
OverhangOff
350
40
  3
Realistic
350
33
  3
Shaded
350
3E
  3
Shaded with edges
350
3D
  3
Shades of Gray
350
3A
  3
Sketchy
350
3B
  3
Thicken
350
36
  3
Wireframe
350
30
  3
X-Ray
350
3C
  0
XRECORD
  5
3E1
102
{ACAD_REACTORS
330
C
102
}
330
C
100
AcDbXrecord
280
     1
 90
        1
330
65
  0
DICTIONARY
  5
3D9
102
{ACAD_REACTORS
330
C
102
}
330
C
100
AcDbDictionary
281
     1
  3
CANNOSCALE
350
3DE
  3
CMLEADERSTYLE
350
3DB
  3
CTABLESTYLE
350
3DA
  3
CVIEWDETAILSTYLE
350
3DC
  3
CVIEWSECTIONSTYLE
350
3DD
  0
ACDBDETAILVIEWSTYLE
  5
6B
102
{ACAD_REACTORS
330
6A
102
}
330
6A
100
AcDbModelDocViewStyle
 70
     0
  3
Imperial24
290
     1
300
Imperial24
 90
        0
100
AcDbDetailViewStyle
 70
     0
 71
     0
 90
        3
 71
     1
340
55
 62
   256
 40
0.24
340
0
 62
   256
 40
0.24
300

 40
0.36
280
     3
 71
     2
340
5D
 90
       25
 62
   256
 71
     3
340
55
 62
   256
 40
0.24
 90
        1
 40
0.75
 90
        1
300
%<\AcVar ViewType \f "%tc1">% %<\AcVar ViewDetailId>%\PSCALE %<\AcVar ViewScale \f "%sn">%
 71
     4
340
5D
 90
       25
 62
   256
340
5D
 90
       25
 62
   256
280
     0
  0
LAYOUT
  5
6F
102
{ACAD_REACTORS
330
62
102
}
330
62
100
AcDbPlotSettings
  1

  2

  4

  6

 40
0.0
 41
0.0
 42
0.0
 43
0.0
 44
0.0
 45
0.0
 46
0.0
 47
0.0
 48
0.0
 49
0.0
140
0.0
141
0.0
142
1.0
143
1.0
 70
   688
 72
     0
 73
     0
 74
     5
  7

 75
    16
147
1.0
 76
     0
 77
     2
 78
   300
148
0.0
149
0.0
100
AcDbLayout
  1
Layout1
 70
     1
 71
     1
 10
0.0
 20
0.0
 11
12.0
 21
9.0
 12
0.0
 22
0.0
 32
0.0
 14
0.0
 24
0.0
 34
0.0
 15
0.0
 25
0.0
 35
0.0
146
0.0
 13
0.0
 23
0.0
 33
0.0
 16
1.0
 26
0.0
 36
0.0
 17
0.0
 27
1.0
 37
0.0
 76
     0
330
6C
  0
LAYOUT
  5
77
102
{ACAD_REACTORS
330
62
102
}
330
62
100
AcDbPlotSettings
  1

  2

  4

  6

 40
0.0
 41
0.0
 42
0.0
 43
0.0
 44
0.0
 45
0.0
 46
0.0
 47
0.0
 48
0.0
 49
0.0
140
0.0
141
0.0
142
1.0
143
1.0
 70
   688
 72
     0
 73
     0
 74
     5
  7

 75
    16
147
1.0
 76
     0
 77
     2
 78
   300
148
0.0
149
0.0
100
AcDbLayout
  1
Layout2
 70
     1
 71
     2
 10
0.0
 20
0.0
 11
12.0
 21
9.0
 12
0.0
 22
0.0
 32
0.0
 14
0.0
 24
0.0
 34
0.0
 15
0.0
 25
0.0
 35
0.0
146
0.0
 13
0.0
 23
0.0
 33
0.0
 16
1.0
 26
0.0
 36
0.0
 17
0.0
 27
1.0
 37
0.0
 76
     0
330
74
  0
LAYOUT
  5
73
102
{ACAD_REACTORS
330
62
102
}
330
62
100
AcDbPlotSettings
  1

  2

  4

  6

 40
0.0
 41
0.0
 42
0.0
 43
0.0
 44
0.0
 45
0.0
 46
0.0
 47
0.0
 48
0.0
 49
0.0
140
0.0
141
0.0
142
1.0
143
1.0
 70
  1712
 72
     0
 73
     0
 74
     0
  7

 75
     0
147
1.0
 76
     0
 77
     2
 78
   300
148
0.0
149
0.0
100
AcDbLayout
  1
Model
 70
     1
 71
     0
 10
0.0
 20
0.0
 11
12.0
 21
9.0
 12
0.0
 22
0.0
 32
0.0
 14
0.0
 24
0.0
 34
0.0
 15
0.0
 25
0.0
 35
0.0
146
0.0
 13
0.0
 23
0.0
 33
0.0
 16
1.0
 26
0.0
 36
0.0
 17
0.0
 27
1.0
 37
0.0
 76
     0
330
70
  0
MATERIAL
  5
19
102
{ACAD_XDICTIONARY
360
1A
102
}
102
{ACAD_REACTORS
330
10
102
}
330
10
100
AcDbMaterial
  1
ByBlock
 72
     0
 43
0.0208333333333333
 43
0.0
 43
0.0
 43
0.0
 43
0.0
 43
0.0208333333333333
 43
0.0
 43
0.0
 43
0.0
 43
0.0
 43
1.0
 43
0.0
 43
0.0
 43
0.0
 43
0.0
 43
1.0
 77
     0
 47
0.0208333333333333
 47
0.0
 47
0.0
 47
0.0
 47
0.0
 47
0.0208333333333333
 47
0.0
 47
0.0
 47
0.0
 47
0.0
 47
1.0
 47
0.0
 47
0.0
 47
0.0
 47
0.0
 47
1.0
171
     0
 49
0.0208333333333333
 49
0.0
 49
0.0
 49
0.0
 49
0.0
 49
0.0208333333333333
 49
0.0
 49
0.0
 49
0.0
 49
0.0
 49
1.0
 49
0.0
 49
0.0
 49
0.0
 49
0.0
 49
1.0
175
     0
142
0.0208333333333333
142
0.0
142
0.0
142
0.0
142
0.0
142
0.0208333333333333
142
0.0
142
0.0
142
0.0
142
0.0
142
1.0
142
0.0
142
0.0
142
0.0
142
0.0
142
1.0
179
     0
144
0.0208333333333333
144
0.0
144
0.0
144
0.0
144
0.0
144
0.0208333333333333
144
0.0
144
0.0
144
0.0
144
0.0
144
1.0
144
0.0
144
0.0
144
0.0
144
0.0
144
1.0
147
0.0208333333333333
147
0.0
147
0.0
147
0.0
147
0.0
147
0.0208333333333333
147
0.0
147
0.0
147
0.0
147
0.0
147
1.0
147
0.0
147
0.0
147
0.0
147
0.0
147
1.0
  0
MATERIAL
  5
11
102
{ACAD_XDICTIONARY
360
12
102
}
102
{ACAD_REACTORS
330
10
102
}
330
10
100
AcDbMaterial
  1
ByLayer
 72
     0
 43
0.0208333333333333
 43
0.0
 43
0.0
 43
0.0
 43
0.0
 43
0.0208333333333333
 43
0.0
 43
0.0
 43
0.0
 43
0.0
 43
1.0
 43
0.0
 43
0.0
 43
0.0
 43
0.0
 43
1.0
 77
     0
 47
0.0208333333333333
 47
0.0
 47
0.0
 47
0.0
 47
0.0
 47
0.0208333333333333
 47
0.0
 47
0.0
 47
0.0
 47
0.0
 47
1.0
 47
0.0
 47
0.0
 47
0.0
 47
0.0
 47
1.0
171
     0
 49
0.0208333333333333
 49
0.0
 49
0.0
 49
0.0
 49
0.0
 49
0.0208333333333333
 49
0.0
 49
0.0
 49
0.0
 49
0.0
 49
1.0
 49
0.0
 49
0.0
 49
0.0
 49
0.0
 49
1.0
175
     0
142
0.0208333333333333
142
0.0
142
0.0
142
0.0
142
0.0
142
0.0208333333333333
142
0.0
142
0.0
142
0.0
142
0.0
142
1.0
142
0.0
142
0.0
142
0.0
142
0.0
142
1.0
179
     0
144
0.0208333333333333
144
0.0
144
0.0
144
0.0
144
0.0
144
0.0208333333333333
144
0.0
144
0.0
144
0.0
144
0.0
144
1.0
144
0.0
144
0.0
144
0.0
144
0.0
144
1.0
147
0.0208333333333333
147
0.0
147
0.0
147
0.0
147
0.0
147
0.0208333333333333
147
0.0
147
0.0
147
0.0
147
0.0
147
1.0
147
0.0
147
0.0
147
0.0
147
0.0
147
1.0
  0
MATERIAL
  5
21
102
{ACAD_XDICTIONARY
360
22
102
}
102
{ACAD_REACTORS
330
10
102
}
330
10
100
AcDbMaterial
  1
Global
 72
     0
 43
0.0208333333333333
 43
0.0
 43
0.0
 43
0.0
 43
0.0
 43
0.0208333333333333
 43
0.0
 43
0.0
 43
0.0
 43
0.0
 43
1.0
 43
0.0
 43
0.0
 43
0.0
 43
0.0
 43
1.0
 77
     0
 47
0.0208333333333333
 47
0.0
 47
0.0
 47
0.0
 47
0.0
 47
0.0208333333333333
 47
0.0
 47
0.0
 47
0.0
 47
0.0
 47
1.0
 47
0.0
 47
0.0
 47
0.0
 47
0.0
 47
1.0
171
     0
 49
0.0208333333333333
 49
0.0
 49
0.0
 49
0.0
 49
0.0
 49
0.0208333333333333
 49
0.0
 49
0.0
 49
0.0
 49
0.0
 49
1.0
 49
0.0
 49
0.0
 49
0.0
 49
0.0
 49
1.0
175
     0
142
0.0208333333333333
142
0.0
142
0.0
142
0.0
142
0.0
142
0.0208333333333333
142
0.0
142
0.0
142
0.0
142
0.0
142
1.0
142
0.0
142
0.0
142
0.0
142
0.0
142
1.0
179
     0
144
0.0208333333333333
144
0.0
144
0.0
144
0.0
144
0.0
144
0.0208333333333333
144
0.0
144
0.0
144
0.0
144
0.0
144
1.0
144
0.0
144
0.0
144
0.0
144
0.0
144
1.0
147
0.0208333333333333
147
0.0
147
0.0
147
0.0
147
0.0
147
0.0208333333333333
147
0.0
147
0.0
147
0.0
147
0.0
147
1.0
147
0.0
147
0.0
147
0.0
147
0.0
147
1.0
  0
MLEADERSTYLE
  5
67
102
{ACAD_REACTORS
330
66
102
}
330
66
100
AcDbMLeaderStyle
179
     2
170
     2
171
     1
172
     0
 90
        2
 40
0.0
 41
0.0
173
     1
 91
-1056964608
340
5B
 92
       -2
290
     1
 42
0.09
291
     1
 43
0.36
  3
Standard
 44
0.18
300

342
55
174
     1
178
     6
175
     1
176
     0
 93
-1056964608
 45
0.18
292
     0
297
     0
 46
0.18
 94
-1056964608
 47
1.0
 49
1.0
140
1.0
293
     1
141
0.0
294
     1
177
     0
142
1.0
295
     1
296
     0
143
0.125
271
     0
272
     9
273
     9
298
     1
  0
MLINESTYLE
  5
60
102
{ACAD_REACTORS
330
5F
102
}
330
5F
100
AcDbMlineStyle
  2
STANDARD
 70
     0
  3

 62
   256
 51
90.0
 52
90.0
 71
     2
 49
0.5
 62
   256
  6
BYLAYER
 49
-0.5
 62
   256
  6
BYLAYER
  0
ACDBPLACEHOLDER
  5
F
102
{ACAD_REACTORS
330
E
102
}
330
E
  0
SCALE
  5
43
102
{ACAD_REACTORS
330
42
102
}
330
42
100
AcDbScale
 70
     0
300
1:1
140
1.0
141
1.0
290
     1
  0
SCALE
  5
44
102
{ACAD_REACTORS
330
42
102
}
330
42
100
AcDbScale
 70
     0
300
1/128" = 1'-0"
140
0.0078125
141
12.0
290
     0
  0
SCALE
  5
45
102
{ACAD_REACTORS
330
42
102
}
330
42
100
AcDbScale
 70
     0
300
1/64" = 1'-0"
140
0.015625
141
12.0
290
     0
  0
SCALE
  5
46
102
{ACAD_REACTORS
330
42
102
}
330
42
100
AcDbScale
 70
     0
300
1/32" = 1'-0"
140
0.03125
141
12.0
290
     0
  0
SCALE
  5
47
102
{ACAD_REACTORS
330
42
102
}
330
42
100
AcDbScale
 70
     0
300
1/16" = 1'-0"
140
0.0625
141
12.0
290
     0
  0
SCALE
  5
48
102
{ACAD_REACTORS
330
42
102
}
330
42
100
AcDbScale
 70
     0
300
3/32" = 1'-0"
140
0.09375
141
12.0
290
     0
  0
SCALE
  5
49
102
{ACAD_REACTORS
330
42
102
}
330
42
100
AcDbScale
 70
     0
300
1/8" = 1'-0"
140
0.125
141
12.0
290
     0
  0
SCALE
  5
4A
102
{ACAD_REACTORS
330
42
102
}
330
42
100
AcDbScale
 70
     0
300
3/16" = 1'-0"
140
0.1875
141
12.0
290
     0
  0
SCALE
  5
4B
102
{ACAD_REACTORS
330
42
102
}
330
42
100
AcDbScale
 70
     0
300
1/4" = 1'-0"
140
0.25
141
12.0
290
     0
  0
SCALE
  5
4C
102
{ACAD_REACTORS
330
42
102
}
330
42
100
AcDbScale
 70
     0
300
3/8" = 1'-0"
140
0.375
141
12.0
290
     0
  0
SCALE
  5
4D
102
{ACAD_REACTORS
330
42
102
}
330
42
100
AcDbScale
 70
     0
300
1/2" = 1'-0"
140
0.5
141
12.0
290
     0
  0
SCALE
  5
4E
102
{ACAD_REACTORS
330
42
102
}
330
42
100
AcDbScale
 70
     0
300
3/4" = 1'-0"
140
0.75
141
12.0
290
     0
  0
SCALE
  5
4F
102
{ACAD_REACTORS
330
42
102
}
330
42
100
AcDbScale
 70
     0
300
1" = 1'-0"
140
1.0
141
12.0
290
     0
  0
SCALE
  5
50
102
{ACAD_REACTORS
330
42
102
}
330
42
100
AcDbScale
 70
     0
300
1-1/2" = 1'-0"
140
1.5
141
12.0
290
     0
  0
SCALE
  5
51
102
{ACAD_REACTORS
330
42
102
}
330
42
100
AcDbScale
 70
     0
300
3" = 1'-0"
140
3.0
141
12.0
290
     0
  0
SCALE
  5
52
102
{ACAD_REACTORS
330
42
102
}
330
42
100
AcDbScale
 70
     0
300
6" = 1'-0"
140
6.0
141
12.0
290
     0
  0
SCALE
  5
53
102
{ACAD_REACTORS
330
42
102
}
330
42
100
AcDbScale
 70
     0
300
1'-0" = 1'-0"
140
12.0
141
12.0
290
     0
  0
ACDBSECTIONVIEWSTYLE
  5
69
102
{ACAD_REACTORS
330
68
102
}
330
68
100
AcDbModelDocViewStyle
 70
     0
  3
Imperial24
290
     1
300
Imperial24
 90
        0
100
AcDbSectionViewStyle
 70
     0
 71
     0
 90
       78
 71
     1
340
55
 62
   256
 40
0.24
340
0
340
0
 62
   256
 40
0.24
300
I, O, Q, S, X, Z
 40
0.48
 90
        3
 40
0.18
 90
        1
 71
     2
340
5D
 90
       25
 62
   256
340
5D
 90
       50
 62
   256
 40
0.24
 40
0.0
 40
0.24
 71
     3
340
55
 62
   256
 40
0.24
 90
        1
 40
0.75
 90
        1
300
%<\AcVar ViewType \f "%tc1">% %<\AcVar ViewSectionStartId>%-%<\AcVar ViewSectionEndId>%\PSCALE %<\AcVar ViewScale \f "%sn">%
 71
     4
 62
   256
 62
   257
300
ANSI31
 40
1.0
 90
        0
290
     0
290
     0
 90
        6
 40
0.0
 40
1.570796326794896
 40
0.2617993877991494
 40
1.308996938995747
 40
-0.2617993877991494
 40
1.832595714594046
  0
TABLESTYLE
  5
65
102
{ACAD_XDICTIONARY
360
3DF
102
}
102
{ACAD_REACTORS
330
64
102
}
330
64
100
AcDbTableStyle
280
     0
  3
Standard
 70
     0
 71
     0
 40
0.06
 41
0.06
280
     0
281
     0
  7
Standard
140
0.18
170
     2
 62
     0
 63
     7
283
     0
 90
      512
 91
        0
  1

274
    -2
284
     1
 64
     0
275
    -2
285
     1
 65
     0
276
    -2
286
     1
 66
     0
277
    -2
287
     1
 67
     0
278
    -2
288
     1
 68
     0
279
    -2
289
     1
 69
     0
  7
Standard
140
0.25
170
     5
 62
     0
 63
     7
283
     0
 90
      512
 91
        0
  1

274
    -2
284
     1
 64
     0
275
    -2
285
     1
 65
     0
276
    -2
286
     1
 66
     0
277
    -2
287
     1
 67
     0
278
    -2
288
     1
 68
     0
279
    -2
289
     1
 69
     0
  7
Standard
140
0.18
170
     5
 62
     0
 63
     7
283
     0
 90
      512
 91
        0
  1

274
    -2
284
     1
 64
     0
275
    -2
285
     1
 65
     0
276
    -2
286
     1
 66
     0
277
    -2
287
     1
 67
     0
278
    -2
288
     1
 68
     0
279
    -2
289
     1
 69
     0
  0
VISUALSTYLE
  5
2F
102
{ACAD_REACTORS
330
29
102
}
330
29
100
AcDbVisualStyle
  2
2dWireframe
 70
     4
177
     3
291
     0
 70
    58
 90
        0
176
     1
 90
        2
176
     1
 90
        0
176
     1
 90
        0
176
     1
 40
0.6
176
     1
 40
30.0
176
     1
 62
     7
420
 16777215
176
     1
 90
        1
176
     1
 90
        4
176
     1
 62
     7
176
     1
 62
   257
176
     1
 90
        1
176
     1
 90
        1
176
     1
 40
1.0
176
     1
 90
        0
176
     1
 62
   257
176
     1
 40
1.0
176
     1
 90
        1
176
     1
 90
        6
176
     1
 90
        2
176
     1
 62
     7
176
     1
 90
        5
176
     1
 90
        0
176
     1
 90
        0
176
     1
290
     0
176
     1
 90
        1
176
     1
 40
0.0
176
     1
 90
        0
176
     1
290
     1
176
     1
290
     1
176
     1
290
     0
176
     1
290
     0
176
     1
290
     0
176
     1
290
     0
176
     1
290
     0
176
     1
290
     0
176
     1
290
     0
176
     1
 90
       50
176
     1
 40
0.0
176
     1
 40
1.0
176
     1
 90
        0
176
     1
 62
    18
420
        0
176
     1
 90
       50
176
     1
 90
        3
176
     1
 62
     5
420
      255
176
     1
290
     0
176
     1
 90
       50
176
     1
 90
       50
176
     1
 90
       50
176
     1
290
     0
176
     1
 90
       50
176
     1
 62
   256
176
     0
 40
1.0
176
     0
 90
        2
176
     1
  1
strokes_ogs.tif
176
     1
290
     0
176
     1
 40
1.0
176
     1
 40
1.0
176
     1
  0
VISUALSTYLE
  5
2E
102
{ACAD_REACTORS
330
29
102
}
330
29
100
AcDbVisualStyle
  2
Basic
 70
     7
177
     3
291
     1
 70
    58
 90
        1
176
     1
 90
        0
176
     1
 90
        1
176
     1
 90
        0
176
     1
 40
0.6
176
     1
 40
30.0
176
     1
 62
     7
420
 16777215
176
     1
 90
        0
176
     1
 90
        4
176
     1
 62
     7
176
     1
 62
   257
176
     1
 90
        1
176
     1
 90
        1
176
     1
 40
1.0
176
     1
 90
        8
176
     1
 62
     7
176
     1
 40
1.0
176
     1
 90
        1
176
     1
 90
        6
176
     1
 90
        2
176
     1
 62
     7
176
     1
 90
        5
176
     1
 90
        0
176
     1
 90
        0
176
     1
290
     0
176
     1
 90
        1
176
     1
 40
0.0
176
     1
 90
        0
176
     1
290
     0
176
     1
290
     1
176
     1
290
     1
176
     1
290
     0
176
     1
290
     0
176
     1
290
     0
176
     1
290
     0
176
     1
290
     0
176
     1
290
     0
176
     1
 90
       50
176
     1
 40
0.0
176
     1
 40
1.0
176
     1
 90
        0
176
     1
 62
    18
420
        0
176
     1
 90
       50
176
     1
 90
        3
176
     1
 62
     5
420
      255
176
     1
290
     0
176
     1
 90
       50
176
     1
 90
       50
176
     1
 90
       50
176
     1
290
     0
176
     1
 90
       50
176
     1
 62
   256
176
     0
 40
1.0
176
     0
 90
        2
176
     1
  1
strokes_ogs.tif
176
     1
290
     0
176
     1
 40
1.0
176
     1
 40
1.0
176
     1
  0
VISUALSTYLE
  5
35
102
{ACAD_REACTORS
330
29
102
}
330
29
100
AcDbVisualStyle
  2
Brighten
 70
    12
177
     3
291
     1
 70
    58
 90
        2
176
     1
 90
        2
176
     1
 90
        0
176
     1
 90
        0
176
     1
 40
0.6
176
     1
 40
30.0
176
     1
 62
     7
420
 16777215
176
     1
 90
        1
176
     1
 90
        4
176
     1
 62
     7
176
     1
 62
   257
176
     1
 90
        1
176
     1
 90
        1
176
     1
 40
1.0
176
     1
 90
        8
176
     1
 62
     7
176
     1
 40
1.0
176
     1
 90
        1
176
     1
 90
        6
176
     1
 90
        2
176
     1
 62
     7
176
     1
 90
        5
176
     1
 90
        0
176
     1
 90
        0
176
     1
290
     0
176
     1
 90
        1
176
     1
 40
50.0
176
     1
 90
        0
176
     1
290
     0
176
     1
290
     1
176
     1
290
     1
176
     1
290
     0
176
     1
290
     0
176
     1
290
     0
176
     1
290
     0
176
     1
290
     0
176
     1
290
     0
176
     1
 90
       50
176
     1
 40
0.0
176
     1
 40
1.0
176
     1
 90
        0
176
     1
 62
    18
420
        0
176
     1
 90
       50
176
     1
 90
        3
176
     1
 62
     5
420
      255
176
     1
290
     0
176
     1
 90
       50
176
     1
 90
       50
176
     1
 90
       50
176
     1
290
     0
176
     1
 90
       50
176
     1
 62
   256
176
     0
 40
1.0
176
     0
 90
        2
176
     1
  1
strokes_ogs.tif
176
     1
290
     0
176
     1
 40
1.0
176
     1
 40
1.0
176
     1
  0
VISUALSTYLE
  5
39
102
{ACAD_REACTORS
330
29
102
}
330
29
100
AcDbVisualStyle
  2
ColorChange
 70
    16
177
     3
291
     1
 70
    58
 90
        2
176
     1
 90
        2
176
     1
 90
        3
176
     1
 90
        0
176
     1
 40
0.6
176
     1
 40
30.0
176
     1
 62
     8
420
  8421504
176
     1
 90
        1
176
     1
 90
        4
176
     1
 62
     7
176
     1
 62
   257
176
     1
 90
        1
176
     1
 90
        1
176
     1
 40
1.0
176
     1
 90
        8
176
     1
 62
     8
420
  8421504
176
     1
 40
1.0
176
     1
 90
        1
176
     1
 90
        6
176
     1
 90
        2
176
     1
 62
     7
176
     1
 90
        5
176
     1
 90
        0
176
     1
 90
        0
176
     1
290
     0
176
     1
 90
        1
176
     1
 40
0.0
176
     1
 90
        0
176
     1
290
     0
176
     1
290
     1
176
     1
290
     1
176
     1
290
     0
176
     1
290
     0
176
     1
290
     0
176
     1
290
     0
176
     1
290
     0
176
     1
290
     0
176
     1
 90
       50
176
     1
 40
0.0
176
     1
 40
1.0
176
     1
 90
        0
176
     1
 62
    18
420
        0
176
     1
 90
       50
176
     1
 90
        3
176
     1
 62
     5
420
      255
176
     1
290
     0
176
     1
 90
       50
176
     1
 90
       50
176
     1
 90
       50
176
     1
290
     0
176
     1
 90
       50
176
     1
 62
   256
176
     0
 40
1.0
176
     0
 90
        2
176
     1
  1
strokes_ogs.tif
176
     1
290
     0
176
     1
 40
1.0
176
     1
 40
1.0
176
     1
  0
VISUALSTYLE
  5
32
102
{ACAD_REACTORS
330
29
102
}
330
29
100
AcDbVisualStyle
  2
Conceptual
 70
     9
177
     3
291
     0
 70
    58
 90
        3
176
     1
 90
        2
176
     1
 90
        0
176
     1
 90
        0
176
     1
 40
0.6
176
     1
 40
30.0
176
     1
 62
     7
420
 16777215
176
     1
 90
        2
176
     1
 90
        2
176
     1
 62
     7
176
     1
 62
   257
176
     1
 90
        1
176
     1
 90
        1
176
     1
 40
179.0
176
     1
 90
        8
176
     1
 62
     7
176
     1
 40
1.0
176
     1
 90
        1
176
     1
 90
        6
176
     1
 90
        2
176
     1
 62
     7
176
     1
 90
        3
176
     1
 90
        0
176
     1
 90
        0
176
     1
290
     0
176
     1
 90
        1
176
     1
 40
0.0
176
     1
 90
        0
176
     1
290
     0
176
     1
290
     1
176
     1
290
     1
176
     1
290
     0
176
     1
290
     0
176
     1
290
     0
176
     1
290
     0
176
     1
290
     0
176
     1
290
     0
176
     1
 90
       50
176
     1
 40
0.0
176
     1
 40
1.0
176
     1
 90
        0
176
     1
 62
    18
420
        0
176
     1
 90
       50
176
     1
 90
        3
176
     1
 62
     5
420
      255
176
     1
290
     0
176
     1
 90
       50
176
     1
 90
       50
176
     1
 90
       50
176
     1
290
     0
176
     1
 90
       50
176
     1
 62
   256
176
     0
 40
1.0
176
     0
 90
        2
176
     1
  1
strokes_ogs.tif
176
     1
290
     0
176
     1
 40
1.0
176
     1
 40
1.0
176
     1
  0
VISUALSTYLE
  5
34
102
{ACAD_REACTORS
330
29
102
}
330
29
100
AcDbVisualStyle
  2
Dim
 70
    11
177
     3
291
     1
 70
    58
 90
        2
176
     1
 90
        2
176
     1
 90
        0
176
     1
 90
        0
176
     1
 40
0.6
176
     1
 40
30.0
176
     1
 62
     7
420
 16777215
176
     1
 90
        1
176
     1
 90
        4
176
     1
 62
     7
176
     1
 62
   257
176
     1
 90
        1
176
     1
 90
        1
176
     1
 40
1.0
176
     1
 90
        8
176
     1
 62
     7
176
     1
 40
1.0
176
     1
 90
        1
176
     1
 90
        6
176
     1
 90
        2
176
     1
 62
     7
176
     1
 90
        5
176
     1
 90
        0
176
     1
 90
        0
176
     1
290
     0
176
     1
 90
        1
176
     1
 40
-50.0
176
     1
 90
        0
176
     1
290
     0
176
     1
290
     1
176
     1
290
     1
176
     1
290
     0
176
     1
290
     0
176
     1
290
     0
176
     1
290
     0
176
     1
290
     0
176
     1
290
     0
176
     1
 90
       50
176
     1
 40
0.0
176
     1
 40
1.0
176
     1
 90
        0
176
     1
 62
    18
420
        0
176
     1
 90
       50
176
     1
 90
        3
176
     1
 62
     5
420
      255
176
     1
290
     0
176
     1
 90
       50
176
     1
 90
       50
176
     1
 90
       50
176
     1
290
     0
176
     1
 90
       50
176
     1
 62
   256
176
     0
 40
1.0
176
     0
 90
        2
176
     1
  1
strokes_ogs.tif
176
     1
290
     0
176
     1
 40
1.0
176
     1
 40
1.0
176
     1
  0
VISUALSTYLE
  5
41
102
{ACAD_REACTORS
330
29
102
}
330
29
100
AcDbVisualStyle
  2
EdgeColorOff
 70
    22
177
     3
291
     1
 70
    58
 90
        2
176
     0
 90
        2
176
     0
 90
        0
176
     0
 90
        0
176
     0
 40
0.6
176
     0
 40
30.0
176
     0
 62
     7
420
 16777215
176
     0
 90
        1
176
     0
 90
        4
176
     0
 62
     7
176
     0
 62
   257
176
     0
 90
        1
176
     0
 90
        1
176
     0
 40
1.0
176
     0
 90
        8
176
     2
 62
     7
176
     0
 40
1.0
176
     0
 90
        1
176
     0
 90
        6
176
     0
 90
        2
176
     0
 62
     7
176
     0
 90
        5
176
     0
 90
        0
176
     0
 90
        0
176
     0
290
     0
176
     0
 90
        1
176
     0
 40
0.0
176
     0
 90
        0
176
     0
290
     0
176
     0
290
     1
176
     0
290
     1
176
     0
290
     0
176
     0
290
     0
176
     0
290
     0
176
     0
290
     0
176
     0
290
     0
176
     0
290
     0
176
     0
 90
       50
176
     0
 40
0.0
176
     0
 40
1.0
176
     0
 90
        0
176
     0
 62
    18
420
        0
176
     0
 90
       50
176
     0
 90
        3
176
     0
 62
     5
420
      255
176
     0
290
     0
176
     0
 90
       50
176
     0
 90
       50
176
     0
 90
       50
176
     0
290
     0
176
     0
 90
       50
176
     0
 62
   256
176
     0
 40
1.0
176
     0
 90
        2
176
     0
  1
strokes_ogs.tif
176
     0
290
     0
176
     0
 40
1.0
176
     0
 40
1.0
176
     0
  0
VISUALSTYLE
  5
38
102
{ACAD_REACTORS
330
29
102
}
330
29
100
AcDbVisualStyle
  2
Facepattern
 70
    15
177
     3
291
     1
 70
    58
 90
        2
176
     1
 90
        2
176
     1
 90
        0
176
     1
 90
        0
176
     1
 40
0.6
176
     1
 40
30.0
176
     1
 62
     7
420
 16777215
176
     1
 90
        1
176
     1
 90
        4
176
     1
 62
     7
176
     1
 62
   257
176
     1
 90
        1
176
     1
 90
        1
176
     1
 40
1.0
176
     1
 90
        8
176
     1
 62
     7
176
     1
 40
1.0
176
     1
 90
        1
176
     1
 90
        6
176
     1
 90
        2
176
     1
 62
     7
176
     1
 90
        5
176
     1
 90
        0
176
     1
 90
        0
176
     1
290
     0
176
     1
 90
        1
176
     1
 40
0.0
176
     1
 90
        0
176
     1
290
     0
176
     1
290
     1
176
     1
290
     1
176
     1
290
     0
176
     1
290
     0
176
     1
290
     0
176
     1
290
     0
176
     1
290
     0
176
     1
290
     0
176
     1
 90
       50
176
     1
 40
0.0
176
     1
 40
1.0
176
     1
 90
        0
176
     1
 62
    18
420
        0
176
     1
 90
       50
176
     1
 90
        3
176
     1
 62
     5
420
      255
176
     1
290
     0
176
     1
 90
       50
176
     1
 90
       50
176
     1
 90
       50
176
     1
290
     0
176
     1
 90
       50
176
     1
 62
   256
176
     0
 40
1.0
176
     0
 90
        2
176
     1
  1
strokes_ogs.tif
176
     1
290
     0
176
     1
 40
1.0
176
     1
 40
1.0
176
     1
  0
VISUALSTYLE
  5
2A
102
{ACAD_REACTORS
330
29
102
}
330
29
100
AcDbVisualStyle
  2
Flat
 70
     0
177
     3
291
     1
 70
    58
 90
        2
176
     1
 90
        1
176
     1
 90
        1
176
     1
 90
        2
176
     1
 40
0.6
176
     1
 40
30.0
176
     1
 62
     7
420
 16777215
176
     1
 90
        0
176
     1
 90
        0
176
     1
 62
     7
176
     1
 62
   257
176
     1
 90
        1
176
     1
 90
        1
176
     1
 40
1.0
176
     1
 90
        8
176
     1
 62
     7
176
     1
 40
1.0
176
     1
 90
        1
176
     1
 90
        6
176
     1
 90
        2
176
     1
 62
     7
176
     1
 90
        5
176
     1
 90
        0
176
     1
 90
        0
176
     1
290
     0
176
     1
 90
       13
176
     1
 40
0.0
176
     1
 90
        0
176
     1
290
     0
176
     1
290
     1
176
     1
290
     1
176
     1
290
     0
176
     1
290
     0
176
     1
290
     0
176
     1
290
     0
176
     1
290
     0
176
     1
290
     0
176
     1
 90
       50
176
     1
 40
0.0
176
     1
 40
1.0
176
     1
 90
        0
176
     1
 62
    18
420
        0
176
     1
 90
       50
176
     1
 90
        3
176
     1
 62
     5
420
      255
176
     1
290
     0
176
     1
 90
       50
176
     1
 90
       50
176
     1
 90
       50
176
     1
290
     0
176
     1
 90
       50
176
     1
 62
   256
176
     0
 40
1.0
176
     0
 90
        2
176
     1
  1
strokes_ogs.tif
176
     1
290
     0
176
     1
 40
1.0
176
     1
 40
1.0
176
     1
  0
VISUALSTYLE
  5
2B
102
{ACAD_REACTORS
330
29
102
}
330
29
100
AcDbVisualStyle
  2
FlatWithEdges
 70
     1
177
     3
291
     1
 70
    58
 90
        2
176
     1
 90
        1
176
     1
 90
        1
176
     1
 90
        2
176
     1
 40
0.6
176
     1
 40
30.0
176
     1
 62
     7
420
 16777215
176
     1
 90
        1
176
     1
 90
        0
176
     1
 62
     7
176
     1
 62
   257
176
     1
 90
        1
176
     1
 90
        1
176
     1
 40
1.0
176
     1
 90
        0
176
     1
 62
   257
176
     1
 40
1.0
176
     1
 90
        1
176
     1
 90
        6
176
     1
 90
        2
176
     1
 62
     7
176
     1
 90
        5
176
     1
 90
        0
176
     1
 90
        0
176
     1
290
     0
176
     1
 90
       13
176
     1
 40
0.0
176
     1
 90
        0
176
     1
290
     0
176
     1
290
     1
176
     1
290
     1
176
     1
290
     0
176
     1
290
     0
176
     1
290
     0
176
     1
290
     0
176
     1
290
     0
176
     1
290
     0
176
     1
 90
       50
176
     1
 40
0.0
176
     1
 40
1.0
176
     1
 90
        0
176
     1
 62
    18
420
        0
176
     1
 90
       50
176
     1
 90
        3
176
     1
 62
     5
420
      255
176
     1
290
     0
176
     1
 90
       50
176
     1
 90
       50
176
     1
 90
       50
176
     1
290
     0
176
     1
 90
       50
176
     1
 62
   256
176
     0
 40
1.0
176
     0
 90
        2
176
     1
  1
strokes_ogs.tif
176
     1
290
     0
176
     1
 40
1.0
176
     1
 40
1.0
176
     1
  0
VISUALSTYLE
  5
2C
102
{ACAD_REACTORS
330
29
102
}
330
29
100
AcDbVisualStyle
  2
Gouraud
 70
     2
177
     3
291
     1
 70
    58
 90
        2
176
     1
 90
        2
176
     1
 90
        1
176
     1
 90
        2
176
     1
 40
0.6
176
     1
 40
30.0
176
     1
 62
     7
420
 16777215
176
     1
 90
        0
176
     1
 90
        0
176
     1
 62
     7
176
     1
 62
   257
176
     1
 90
        1
176
     1
 90
        1
176
     1
 40
1.0
176
     1
 90
        0
176
     1
 62
     7
176
     1
 40
1.0
176
     1
 90
        1
176
     1
 90
        6
176
     1
 90
        2
176
     1
 62
     7
176
     1
 90
        5
176
     1
 90
        0
176
     1
 90
        0
176
     1
290
     0
176
     1
 90
       13
176
     1
 40
0.0
176
     1
 90
        0
176
     1
290
     0
176
     1
290
     1
176
     1
290
     1
176
     1
290
     0
176
     1
290
     0
176
     1
290
     0
176
     1
290
     0
176
     1
290
     0
176
     1
290
     0
176
     1
 90
       50
176
     1
 40
0.0
176
     1
 40
1.0
176
     1
 90
        0
176
     1
 62
    18
420
        0
176
     1
 90
       50
176
     1
 90
        3
176
     1
 62
     5
420
      255
176
     1
290
     0
176
     1
 90
       50
176
     1
 90
       50
176
     1
 90
       50
176
     1
290
     0
176
     1
 90
       50
176
     1
 62
   256
176
     0
 40
1.0
176
     0
 90
        2
176
     1
  1
strokes_ogs.tif
176
     1
290
     0
176
     1
 40
1.0
176
     1
 40
1.0
176
     1
  0
VISUALSTYLE
  5
2D
102
{ACAD_REACTORS
330
29
102
}
330
29
100
AcDbVisualStyle
  2
GouraudWithEdges
 70
     3
177
     3
291
     1
 70
    58
 90
        2
176
     1
 90
        2
176
     1
 90
        1
176
     1
 90
        2
176
     1
 40
0.6
176
     1
 40
30.0
176
     1
 62
     7
420
 16777215
176
     1
 90
        1
176
     1
 90
        0
176
     1
 62
     7
176
     1
 62
   257
176
     1
 90
        1
176
     1
 90
        1
176
     1
 40
1.0
176
     1
 90
        0
176
     1
 62
   257
176
     1
 40
1.0
176
     1
 90
        1
176
     1
 90
        6
176
     1
 90
        2
176
     1
 62
     7
176
     1
 90
        5
176
     1
 90
        0
176
     1
 90
        0
176
     1
290
     0
176
     1
 90
       13
176
     1
 40
0.0
176
     1
 90
        0
176
     1
290
     0
176
     1
290
     1
176
     1
290
     1
176
     1
290
     0
176
     1
290
     0
176
     1
290
     0
176
     1
290
     0
176
     1
290
     0
176
     1
290
     0
176
     1
 90
       50
176
     1
 40
0.0
176
     1
 40
1.0
176
     1
 90
        0
176
     1
 62
    18
420
        0
176
     1
 90
       50
176
     1
 90
        3
176
     1
 62
     5
420
      255
176
     1
290
     0
176
     1
 90
       50
176
     1
 90
       50
176
     1
 90
       50
176
     1
290
     0
176
     1
 90
       50
176
     1
 62
   256
176
     0
 40
1.0
176
     0
 90
        2
176
     1
  1
strokes_ogs.tif
176
     1
290
     0
176
     1
 40
1.0
176
     1
 40
1.0
176
     1
  0
VISUALSTYLE
  5
31
102
{ACAD_REACTORS
330
29
102
}
330
29
100
AcDbVisualStyle
  2
Hidden
 70
     6
177
     3
291
     0
 70
    58
 90
        1
176
     1
 90
        2
176
     1
 90
        2
176
     1
 90
        0
176
     1
 40
0.6
176
     1
 40
30.0
176
     1
 62
     7
420
 16777215
176
     1
 90
        2
176
     1
 90
        2
176
     1
 62
     7
176
     1
 62
   257
176
     1
 90
        2
176
     1
 90
        1
176
     1
 40
40.0
176
     1
 90
        0
176
     1
 62
   257
176
     1
 40
1.0
176
     1
 90
        1
176
     1
 90
        6
176
     1
 90
        2
176
     1
 62
     7
176
     1
 90
        3
176
     1
 90
        0
176
     1
 90
        0
176
     1
290
     0
176
     1
 90
        1
176
     1
 40
0.0
176
     1
 90
        0
176
     1
290
     0
176
     1
290
     1
176
     1
290
     1
176
     1
290
     0
176
     1
290
     0
176
     1
290
     0
176
     1
290
     0
176
     1
290
     0
176
     1
290
     0
176
     1
 90
       50
176
     1
 40
0.0
176
     1
 40
1.0
176
     1
 90
        0
176
     1
 62
    18
420
        0
176
     1
 90
       50
176
     1
 90
        3
176
     1
 62
     5
420
      255
176
     1
290
     0
176
     1
 90
       50
176
     1
 90
       50
176
     1
 90
       50
176
     1
290
     0
176
     1
 90
       50
176
     1
 62
   256
176
     0
 40
1.0
176
     0
 90
        2
176
     1
  1
strokes_ogs.tif
176
     1
290
     0
176
     1
 40
1.0
176
     1
 40
1.0
176
     1
  0
VISUALSTYLE
  5
3F
102
{ACAD_REACTORS
330
29
102
}
330
29
100
AcDbVisualStyle
  2
JitterOff
 70
    20
177
     3
291
     1
 70
    58
 90
        2
176
     0
 90
        2
176
     0
 90
        0
176
     0
 90
        0
176
     0
 40
0.6
176
     0
 40
30.0
176
     0
 62
     7
420
 16777215
176
     0
 90
        1
176
     0
 90
        4
176
     0
 62
     7
176
     0
 62
   257
176
     0
 90
        1
176
     0
 90
        1
176
     0
 40
1.0
176
     0
 90
       10
176
     2
 62
     7
176
     0
 40
1.0
176
     0
 90
        1
176
     0
 90
        6
176
     0
 90
        2
176
     0
 62
     7
176
     0
 90
        5
176
     0
 90
        0
176
     0
 90
        0
176
     0
290
     0
176
     0
 90
        1
176
     0
 40
0.0
176
     0
 90
        0
176
     0
290
     0
176
     0
290
     1
176
     0
290
     1
176
     0
290
     0
176
     0
290
     0
176
     0
290
     0
176
     0
290
     0
176
     0
290
     0
176
     0
290
     0
176
     0
 90
       50
176
     0
 40
0.0
176
     0
 40
1.0
176
     0
 90
        0
176
     0
 62
    18
420
        0
176
     0
 90
       50
176
     0
 90
        3
176
     0
 62
     5
420
      255
176
     0
290
     0
176
     0
 90
       50
176
     0
 90
       50
176
     0
 90
       50
176
     0
290
     0
176
     0
 90
       50
176
     0
 62
   256
176
     0
 40
1.0
176
     0
 90
        2
176
     0
  1
strokes_ogs.tif
176
     0
290
     0
176
     0
 40
1.0
176
     0
 40
1.0
176
     0
  0
VISUALSTYLE
  5
37
102
{ACAD_REACTORS
330
29
102
}
330
29
100
AcDbVisualStyle
  2
Linepattern
 70
    14
177
     3
291
     1
 70
    58
 90
        2
176
     1
 90
        2
176
     1
 90
        0
176
     1
 90
        0
176
     1
 40
0.6
176
     1
 40
30.0
176
     1
 62
     7
420
 16777215
176
     1
 90
        1
176
     1
 90
        4
176
     1
 62
     7
176
     1
 62
   257
176
     1
 90
        7
176
     1
 90
        7
176
     1
 40
1.0
176
     1
 90
        8
176
     1
 62
     7
176
     1
 40
1.0
176
     1
 90
        1
176
     1
 90
        6
176
     1
 90
        2
176
     1
 62
     7
176
     1
 90
        5
176
     1
 90
        0
176
     1
 90
        0
176
     1
290
     0
176
     1
 90
        1
176
     1
 40
0.0
176
     1
 90
        0
176
     1
290
     0
176
     1
290
     1
176
     1
290
     1
176
     1
290
     0
176
     1
290
     0
176
     1
290
     0
176
     1
290
     0
176
     1
290
     0
176
     1
290
     0
176
     1
 90
       50
176
     1
 40
0.0
176
     1
 40
1.0
176
     1
 90
        0
176
     1
 62
    18
420
        0
176
     1
 90
       50
176
     1
 90
        3
176
     1
 62
     5
420
      255
176
     1
290
     0
176
     1
 90
       50
176
     1
 90
       50
176
     1
 90
       50
176
     1
290
     0
176
     1
 90
       50
176
     1
 62
   256
176
     0
 40
1.0
176
     0
 90
        2
176
     1
  1
strokes_ogs.tif
176
     1
290
     0
176
     1
 40
1.0
176
     1
 40
1.0
176
     1
  0
VISUALSTYLE
  5
40
102
{ACAD_REACTORS
330
29
102
}
330
29
100
AcDbVisualStyle
  2
OverhangOff
 70
    21
177
     3
291
     1
 70
    58
 90
        2
176
     0
 90
        2
176
     0
 90
        0
176
     0
 90
        0
176
     0
 40
0.6
176
     0
 40
30.0
176
     0
 62
     7
420
 16777215
176
     0
 90
        1
176
     0
 90
        4
176
     0
 62
     7
176
     0
 62
   257
176
     0
 90
        1
176
     0
 90
        1
176
     0
 40
1.0
176
     0
 90
        9
176
     2
 62
     7
176
     0
 40
1.0
176
     0
 90
        1
176
     0
 90
        6
176
     0
 90
        2
176
     0
 62
     7
176
     0
 90
        5
176
     0
 90
        0
176
     0
 90
        0
176
     0
290
     0
176
     0
 90
        1
176
     0
 40
0.0
176
     0
 90
        0
176
     0
290
     0
176
     0
290
     1
176
     0
290
     1
176
     0
290
     0
176
     0
290
     0
176
     0
290
     0
176
     0
290
     0
176
     0
290
     0
176
     0
290
     0
176
     0
 90
       50
176
     0
 40
0.0
176
     0
 40
1.0
176
     0
 90
        0
176
     0
 62
    18
420
        0
176
     0
 90
       50
176
     0
 90
        3
176
     0
 62
     5
420
      255
176
     0
290
     0
176
     0
 90
       50
176
     0
 90
       50
176
     0
 90
       50
176
     0
290
     0
176
     0
 90
       50
176
     0
 62
   256
176
     0
 40
1.0
176
     0
 90
        2
176
     0
  1
strokes_ogs.tif
176
     0
290
     0
176
     0
 40
1.0
176
     0
 40
1.0
176
     0
  0
VISUALSTYLE
  5
33
102
{ACAD_REACTORS
330
29
102
}
330
29
100
AcDbVisualStyle
  2
Realistic
 70
     8
177
     3
291
     0
 70
    58
 90
        2
176
     1
 90
        3
176
     1
 90
        0
176
     1
 90
        2
176
     1
 40
0.6
176
     1
 40
30.0
176
     1
 62
     7
420
 16777215
176
     1
 90
        0
176
     1
 90
        0
176
     1
 62
     7
176
     1
 62
   257
176
     1
 90
        1
176
     1
 90
        1
176
     1
 40
1.0
176
     1
 90
        8
176
     1
 62
   257
176
     1
 40
1.0
176
     1
 90
        1
176
     1
 90
        6
176
     1
 90
        2
176
     1
 62
     7
176
     1
 90
        3
176
     1
 90
        0
176
     1
 90
        0
176
     1
290
     0
176
     1
 90
       13
176
     1
 40
0.0
176
     1
 90
        0
176
     1
290
     0
176
     1
290
     1
176
     1
290
     1
176
     1
290
     0
176
     1
290
     0
176
     1
290
     0
176
     1
290
     0
176
     1
290
     0
176
     1
290
     0
176
     1
 90
       50
176
     1
 40
0.0
176
     1
 40
1.0
176
     1
 90
        0
176
     1
 62
    18
420
        0
176
     1
 90
       50
176
     1
 90
        3
176
     1
 62
     5
420
      255
176
     1
290
     0
176
     1
 90
       50
176
     1
 90
       50
176
     1
 90
       50
176
     1
290
     0
176
     1
 90
       50
176
     1
 62
   256
176
     0
 40
1.0
176
     0
 90
        2
176
     1
  1
strokes_ogs.tif
176
     1
290
     0
176
     1
 40
1.0
176
     1
 40
1.0
176
     1
  0
VISUALSTYLE
  5
3E
102
{ACAD_REACTORS
330
29
102
}
330
29
100
AcDbVisualStyle
  2
Shaded
 70
    27
177
     3
291
     0
 70
    58
 90
        2
176
     1
 90
        2
176
     1
 90
        1
176
     1
 90
        2
176
     1
 40
0.6
176
     1
 40
30.0
176
     1
 62
     7
420
 16777215
176
     1
 90
        0
176
     1
 90
        4
176
     1
 62
     7
176
     1
 62
   257
176
     1
 90
        1
176
     1
 90
        1
176
     1
 40
1.0
176
     1
 90
        8
176
     1
 62
   257
176
     1
 40
1.0
176
     1
 90
        1
176
     1
 90
        6
176
     1
 90
        2
176
     1
 62
     8
420
  7895160
176
     1
 90
        3
176
     1
 90
        0
176
     1
 90
        0
176
     1
290
     0
176
     1
 90
        5
176
     1
 40
0.0
176
     1
 90
        0
176
     1
290
     0
176
     1
290
     1
176
     1
290
     1
176
     1
290
     0
176
     1
290
     0
176
     1
290
     0
176
     1
290
     0
176
     1
290
     0
176
     1
290
     0
176
     1
 90
       50
176
     1
 40
0.0
176
     1
 40
1.0
176
     1
 90
        0
176
     1
 62
    18
420
        0
176
     1
 90
       50
176
     1
 90
        3
176
     1
 62
     5
420
      255
176
     1
290
     0
176
     1
 90
       50
176
     1
 90
       50
176
     1
 90
       50
176
     1
290
     0
176
     1
 90
       50
176
     1
 62
   256
176
     0
 40
1.0
176
     0
 90
        2
176
     1
  1
strokes_ogs.tif
176
     1
290
     0
176
     1
 40
1.0
176
     1
 40
1.0
176
     1
  0
VISUALSTYLE
  5
3D
102
{ACAD_REACTORS
330
29
102
}
330
29
100
AcDbVisualStyle
  2
Shaded with edges
 70
    26
177
     3
291
     0
 70
    58
 90
        2
176
     1
 90
        2
176
     1
 90
        1
176
     1
 90
        2
176
     1
 40
0.6
176
     1
 40
30.0
176
     1
 62
     7
420
 16777215
176
     1
 90
        1
176
     1
 90
        2
176
     1
 62
     7
176
     1
 62
   257
176
     1
 90
        2
176
     1
 90
        1
176
     1
 40
1.0
176
     1
 90
        8
176
     1
 62
   257
176
     1
 40
1.0
176
     1
 90
        1
176
     1
 90
        6
176
     1
 90
        2
176
     1
 62
     7
176
     1
 90
        3
176
     1
 90
        0
176
     1
 90
        0
176
     1
290
     0
176
     1
 90
        5
176
     1
 40
0.0
176
     1
 90
        0
176
     1
290
     0
176
     1
290
     1
176
     1
290
     1
176
     1
290
     0
176
     1
290
     0
176
     1
290
     0
176
     1
290
     0
176
     1
290
     0
176
     1
290
     0
176
     1
 90
       50
176
     1
 40
0.0
176
     1
 40
1.0
176
     1
 90
        0
176
     1
 62
    18
420
        0
176
     1
 90
       50
176
     1
 90
        3
176
     1
 62
     5
420
      255
176
     1
290
     0
176
     1
 90
       50
176
     1
 90
       50
176
     1
 90
       50
176
     1
290
     0
176
     1
 90
       50
176
     1
 62
   256
176
     0
 40
1.0
176
     0
 90
        2
176
     1
  1
strokes_ogs.tif
176
     1
290
     0
176
     1
 40
1.0
176
     1
 40
1.0
176
     1
  0
VISUALSTYLE
  5
3A
102
{ACAD_REACTORS
330
29
102
}
330
29
100
AcDbVisualStyle
  2
Shades of Gray
 70
    23
177
     3
291
     0
 70
    58
 90
        2
176
     1
 90
        2
176
     1
 90
        3
176
     1
 90
        0
176
     1
 40
0.6
176
     1
 40
30.0
176
     1
 62
     7
420
 16777215
176
     1
 90
        2
176
     1
 90
        2
176
     1
 62
     7
176
     1
 62
     7
176
     1
 90
        1
176
     1
 90
        1
176
     1
 40
40.0
176
     1
 90
        8
176
     1
 62
     7
176
     1
 40
1.0
176
     1
 90
        1
176
     1
 90
        6
176
     1
 90
        2
176
     1
 62
     7
176
     1
 90
        3
176
     1
 90
        0
176
     1
 90
        0
176
     1
290
     0
176
     1
 90
        1
176
     1
 40
0.0
176
     1
 90
        0
176
     1
290
     0
176
     1
290
     1
176
     1
290
     1
176
     1
290
     0
176
     1
290
     0
176
     1
290
     0
176
     1
290
     0
176
     1
290
     0
176
     1
290
     0
176
     1
 90
       50
176
     1
 40
0.0
176
     1
 40
1.0
176
     1
 90
        0
176
     1
 62
    18
420
        0
176
     1
 90
       50
176
     1
 90
        3
176
     1
 62
     5
420
      255
176
     1
290
     0
176
     1
 90
       50
176
     1
 90
       50
176
     1
 90
       50
176
     1
290
     0
176
     1
 90
       50
176
     1
 62
   256
176
     0
 40
1.0
176
     0
 90
        2
176
     1
  1
strokes_ogs.tif
176
     1
290
     0
176
     1
 40
1.0
176
     1
 40
1.0
176
     1
  0
VISUALSTYLE
  5
3B
102
{ACAD_REACTORS
330
29
102
}
330
29
100
AcDbVisualStyle
  2
Sketchy
 70
    24
177
     3
291
     0
 70
    58
 90
        1
176
     1
 90
        2
176
     1
 90
        2
176
     1
 90
        0
176
     1
 40
0.6
176
     1
 40
30.0
176
     1
 62
     7
420
 16777215
176
     1
 90
        2
176
     1
 90
        2
176
     1
 62
     7
176
     1
 62
     7
176
     1
 90
        1
176
     1
 90
        1
176
     1
 40
40.0
176
     1
 90
       11
176
     1
 62
     7
176
     1
 40
1.0
176
     1
 90
        1
176
     1
 90
        6
176
     1
 90
        2
176
     1
 62
     7
176
     1
 90
        6
176
     1
 90
        0
176
     1
 90
        0
176
     1
290
     0
176
     1
 90
        1
176
     1
 40
0.0
176
     1
 90
        0
176
     1
290
     0
176
     1
290
     1
176
     1
290
     1
176
     1
290
     0
176
     1
290
     0
176
     1
290
     0
176
     1
290
     0
176
     1
290
     0
176
     1
290
     0
176
     1
 90
       50
176
     1
 40
0.0
176
     1
 40
1.0
176
     1
 90
        0
176
     1
 62
    18
420
        0
176
     1
 90
       50
176
     1
 90
        3
176
     1
 62
     5
420
      255
176
     1
290
     0
176
     1
 90
       50
176
     1
 90
       50
176
     1
 90
       50
176
     1
290
     0
176
     1
 90
       50
176
     1
 62
   256
176
     0
 40
1.0
176
     0
 90
        2
176
     1
  1
strokes_ogs.tif
176
     1
290
     0
176
     1
 40
1.0
176
     1
 40
1.0
176
     1
  0
VISUALSTYLE
  5
36
102
{ACAD_REACTORS
330
29
102
}
330
29
100
AcDbVisualStyle
  2
Thicken
 70
    13
177
     3
291
     1
 70
    58
 90
        2
176
     1
 90
        2
176
     1
 90
        0
176
     1
 90
        0
176
     1
 40
0.6
176
     1
 40
30.0
176
     1
 62
     7
420
 16777215
176
     1
 90
        1
176
     1
 90
        4
176
     1
 62
     7
176
     1
 62
   257
176
     1
 90
        1
176
     1
 90
        1
176
     1
 40
1.0
176
     1
 90
       12
176
     1
 62
     7
176
     1
 40
1.0
176
     1
 90
        1
176
     1
 90
        6
176
     1
 90
        2
176
     1
 62
     7
176
     1
 90
        5
176
     1
 90
        0
176
     1
 90
        0
176
     1
290
     0
176
     1
 90
        1
176
     1
 40
0.0
176
     1
 90
        0
176
     1
290
     0
176
     1
290
     1
176
     1
290
     1
176
     1
290
     0
176
     1
290
     0
176
     1
290
     0
176
     1
290
     0
176
     1
290
     0
176
     1
290
     0
176
     1
 90
       50
176
     1
 40
0.0
176
     1
 40
1.0
176
     1
 90
        0
176
     1
 62
    18
420
        0
176
     1
 90
       50
176
     1
 90
        3
176
     1
 62
     5
420
      255
176
     1
290
     0
176
     1
 90
       50
176
     1
 90
       50
176
     1
 90
       50
176
     1
290
     0
176
     1
 90
       50
176
     1
 62
   256
176
     0
 40
1.0
176
     0
 90
        2
176
     1
  1
strokes_ogs.tif
176
     1
290
     0
176
     1
 40
1.0
176
     1
 40
1.0
176
     1
  0
VISUALSTYLE
  5
30
102
{ACAD_REACTORS
330
29
102
}
330
29
100
AcDbVisualStyle
  2
Wireframe
 70
     5
177
     3
291
     0
 70
    58
 90
        0
176
     1
 90
        2
176
     1
 90
        0
176
     1
 90
        0
176
     1
 40
0.6
176
     1
 40
30.0
176
     1
 62
     7
420
 16777215
176
     1
 90
        1
176
     1
 90
        4
176
     1
 62
     7
176
     1
 62
   257
176
     1
 90
        1
176
     1
 90
        1
176
     1
 40
1.0
176
     1
 90
        0
176
     1
 62
   257
176
     1
 40
1.0
176
     1
 90
        1
176
     1
 90
        6
176
     1
 90
        2
176
     1
 62
     7
176
     1
 90
        3
176
     1
 90
        0
176
     1
 90
        0
176
     1
290
     0
176
     1
 90
        1
176
     1
 40
0.0
176
     1
 90
        0
176
     1
290
     0
176
     1
290
     1
176
     1
290
     1
176
     1
290
     0
176
     1
290
     0
176
     1
290
     0
176
     1
290
     0
176
     1
290
     0
176
     1
290
     0
176
     1
 90
       50
176
     1
 40
0.0
176
     1
 40
1.0
176
     1
 90
        0
176
     1
 62
    18
420
        0
176
     1
 90
       50
176
     1
 90
        3
176
     1
 62
     5
420
      255
176
     1
290
     0
176
     1
 90
       50
176
     1
 90
       50
176
     1
 90
       50
176
     1
290
     0
176
     1
 90
       50
176
     1
 62
   256
176
     0
 40
1.0
176
     0
 90
        2
176
     1
  1
strokes_ogs.tif
176
     1
290
     0
176
     1
 40
1.0
176
     1
 40
1.0
176
     1
  0
VISUALSTYLE
  5
3C
102
{ACAD_REACTORS
330
29
102
}
330
29
100
AcDbVisualStyle
  2
X-Ray
 70
    25
177
     3
291
     0
 70
    58
 90
        2
176
     1
 90
        2
176
     1
 90
        1
176
     1
 90
        1
176
     1
 40
0.5
176
     1
 40
30.0
176
     1
 62
     7
420
 16777215
176
     1
 90
        1
176
     1
 90
        0
176
     1
 62
     7
176
     1
 62
   257
176
     1
 90
        1
176
     1
 90
        1
176
     1
 40
1.0
176
     1
 90
        8
176
     1
 62
     7
176
     1
 40
1.0
176
     1
 90
        1
176
     1
 90
        6
176
     1
 90
        2
176
     1
 62
     7
176
     1
 90
        3
176
     1
 90
        0
176
     1
 90
        0
176
     1
290
     0
176
     1
 90
       13
176
     1
 40
0.0
176
     1
 90
        0
176
     1
290
     0
176
     1
290
     1
176
     1
290
     1
176
     1
290
     0
176
     1
290
     0
176
     1
290
     0
176
     1
290
     0
176
     1
290
     0
176
     1
290
     0
176
     1
 90
       50
176
     1
 40
0.0
176
     1
 40
1.0
176
     1
 90
        0
176
     1
 62
    18
420
        0
176
     1
 90
       50
176
     1
 90
        3
176
     1
 62
     5
420
      255
176
     1
290
     0
176
     1
 90
       50
176
     1
 90
       50
176
     1
 90
       50
176
     1
290
     0
176
     1
 90
       50
176
     1
 62
   256
176
     0
 40
1.0
176
     0
 90
        2
176
     1
  1
strokes_ogs.tif
176
     1
290
     0
176
     1
 40
1.0
176
     1
 40
1.0
176
     1
  0
DICTIONARYVAR
  5
3DE
102
{ACAD_REACTORS
330
3D9
102
}
330
3D9
100
DictionaryVariables
280
     0
  1
1:1
  0
DICTIONARYVAR
  5
3DB
102
{ACAD_REACTORS
330
3D9
102
}
330
3D9
100
DictionaryVariables
280
     0
  1
STANDARD
  0
DICTIONARYVAR
  5
3DA
102
{ACAD_REACTORS
330
3D9
102
}
330
3D9
100
DictionaryVariables
280
     0
  1
STANDARD
  0
DICTIONARYVAR
  5
3DC
102
{ACAD_REACTORS
330
3D9
102
}
330
3D9
100
DictionaryVariables
280
     0
  1
Imperial24
  0
DICTIONARYVAR
  5
3DD
102
{ACAD_REACTORS
330
3D9
102
}
330
3D9
100
DictionaryVariables
280
     0
  1
Imperial24
  0
DICTIONARY
  5
1A
330
19
100
AcDbDictionary
280
     1
281
     1
  3
BUMPTILE
360
1C
  3
DIFFUSETILE
360
1B
  3
OPACITYTILE
360
1F
  3
REFLECTIONTILE
360
1E
  3
REFRACTIONTILE
360
20
  3
SPECULARTILE
360
1D
  0
DICTIONARY
  5
12
330
11
100
AcDbDictionary
280
     1
281
     1
  3
BUMPTILE
360
14
  3
DIFFUSETILE
360
13
  3
OPACITYTILE
360
17
  3
REFLECTIONTILE
360
16
  3
REFRACTIONTILE
360
18
  3
SPECULARTILE
360
15
  0
DICTIONARY
  5
22
330
21
100
AcDbDictionary
280
     1
281
     1
  3
BUMPTILE
360
24
  3
DIFFUSETILE
360
23
  3
OPACITYTILE
360
27
  3
REFLECTIONTILE
360
26
  3
REFRACTIONTILE
360
28
  3
SPECULARTILE
360
25
  0
DICTIONARY
  5
3DF
330
65
100
AcDbDictionary
280
     1
281
     1
  3
ACAD_ROUNDTRIP_2008_TABLESTYLE_CELLSTYLEMAP
360
3E0
  0
XRECORD
  5
1C
102
{ACAD_REACTORS
330
1A
102
}
330
1A
100
AcDbXrecord
280
     1
270
     1
271
     1
  0
XRECORD
  5
1B
102
{ACAD_REACTORS
330
1A
102
}
330
1A
100
AcDbXrecord
280
     1
270
     1
271
     1
  0
XRECORD
  5
1F
102
{ACAD_REACTORS
330
1A
102
}
330
1A
100
AcDbXrecord
280
     1
270
     1
271
     1
  0
XRECORD
  5
1E
102
{ACAD_REACTORS
330
1A
102
}
330
1A
100
AcDbXrecord
280
     1
270
     1
271
     1
  0
XRECORD
  5
20
102
{ACAD_REACTORS
330
1A
102
}
330
1A
100
AcDbXrecord
280
     1
270
     1
271
     1
  0
XRECORD
  5
1D
102
{ACAD_REACTORS
330
1A
102
}
330
1A
100
AcDbXrecord
280
     1
270
     1
271
     1
  0
XRECORD
  5
14
102
{ACAD_REACTORS
330
12
102
}
330
12
100
AcDbXrecord
280
     1
270
     1
271
     1
  0
XRECORD
  5
13
102
{ACAD_REACTORS
330
12
102
}
330
12
100
AcDbXrecord
280
     1
270
     1
271
     1
  0
XRECORD
  5
17
102
{ACAD_REACTORS
330
12
102
}
330
12
100
AcDbXrecord
280
     1
270
     1
271
     1
  0
XRECORD
  5
16
102
{ACAD_REACTORS
330
12
102
}
330
12
100
AcDbXrecord
280
     1
270
     1
271
     1
  0
XRECORD
  5
18
102
{ACAD_REACTORS
330
12
102
}
330
12
100
AcDbXrecord
280
     1
270
     1
271
     1
  0
XRECORD
  5
15
102
{ACAD_REACTORS
330
12
102
}
330
12
100
AcDbXrecord
280
     1
270
     1
271
     1
  0
XRECORD
  5
24
102
{ACAD_REACTORS
330
22
102
}
330
22
100
AcDbXrecord
280
     1
270
     1
271
     1
  0
XRECORD
  5
23
102
{ACAD_REACTORS
330
22
102
}
330
22
100
AcDbXrecord
280
     1
270
     1
271
     1
  0
XRECORD
  5
27
102
{ACAD_REACTORS
330
22
102
}
330
22
100
AcDbXrecord
280
     1
270
     1
271
     1
  0
XRECORD
  5
26
102
{ACAD_REACTORS
330
22
102
}
330
22
100
AcDbXrecord
280
     1
270
     1
271
     1
  0
XRECORD
  5
28
102
{ACAD_REACTORS
330
22
102
}
330
22
100
AcDbXrecord
280
     1
270
     1
271
     1
  0
XRECORD
  5
25
102
{ACAD_REACTORS
330
22
102
}
330
22
100
AcDbXrecord
280
     1
270
     1
271
     1
  0
CELLSTYLEMAP
  5
3E0
102
{ACAD_REACTORS
330
3DF
102
}
330
3DF
100
AcDbCellStyleMap
 90
        3
300
CELLSTYLE
  1
TABLEFORMAT_BEGIN
 90
        5
170
     1
 91
        0
 92
    32768
 62
   257
 93
        1
300
CONTENTFORMAT
  1
CONTENTFORMAT_BEGIN
 90
        0
 91
        0
 92
      512
 93
        0
300

 40
0.0
140
1.0
 94
        5
 62
     0
340
55
144
0.25
309
CONTENTFORMAT_END
171
     0
 94
        0
309
TABLEFORMAT_END
  1
CELLSTYLE_BEGIN
 90
        1
 91
        1
300
_TITLE
309
CELLSTYLE_END
300
CELLSTYLE
  1
TABLEFORMAT_BEGIN
 90
        5
170
     1
 91
        0
 92
        0
 62
   257
 93
        1
300
CONTENTFORMAT
  1
CONTENTFORMAT_BEGIN
 90
        0
 91
        0
 92
      512
 93
        0
300

 40
0.0
140
1.0
 94
        5
 62
     0
340
55
144
0.18
309
CONTENTFORMAT_END
171
     0
 94
        0
309
TABLEFORMAT_END
  1
CELLSTYLE_BEGIN
 90
        2
 91
        1
300
_HEADER
309
CELLSTYLE_END
300
CELLSTYLE
  1
TABLEFORMAT_BEGIN
 90
        5
170
     1
 91
        0
 92
        0
 62
   257
 93
        1
300
CONTENTFORMAT
  1
CONTENTFORMAT_BEGIN
 90
        0
 91
        0
 92
      512
 93
        0
300

 40
0.0
140
1.0
 94
        2
 62
     0
340
55
144
0.18
309
CONTENTFORMAT_END
171
     0
 94
        0
309
TABLEFORMAT_END
  1
CELLSTYLE_BEGIN
 90
        3
 91
        2
300
_DATA
309
CELLSTYLE_END
  0
ENDSEC
  0
EOF
